ISO-10303-21;
HEADER;
/* Generated by software containing ST-Developer
 * from STEP Tools, Inc. (www.steptools.com) 
 */
/* OPTION: using custom schema-name function */

FILE_DESCRIPTION(
/* description */ (''),
/* implementation_level */ '2;1');

FILE_NAME(
/* name */ 'Collet ER32 19mm.stp',
/* time_stamp */ '2022-11-19T11:59:43+02:00',
/* author */ (''),
/* organization */ (''),
/* preprocessor_version */ 'ST-DEVELOPER v18.102',
/* originating_system */ 'SIEMENS PLM Software NX 2027',
/* authorisation */ '');

FILE_SCHEMA (('AUTOMOTIVE_DESIGN { 1 0 10303 214 3 1 1 1 }'));
ENDSEC;

DATA;
#10=SHAPE_REPRESENTATION_RELATIONSHIP('None',
'relationship between Collet ER32 19mm-None and Collet ER32 19mm-None',
#22,#11);
#11=ADVANCED_BREP_SHAPE_REPRESENTATION('Collet ER32 19mm-None',(#68),#5930);
#12=SHAPE_DEFINITION_REPRESENTATION(#13,#22);
#13=PRODUCT_DEFINITION_SHAPE('','',#14);
#14=PRODUCT_DEFINITION(' ','',#16,#15);
#15=PRODUCT_DEFINITION_CONTEXT('part definition',#21,'design');
#16=PRODUCT_DEFINITION_FORMATION_WITH_SPECIFIED_SOURCE(' ',' ',#18,
 .NOT_KNOWN.);
#17=PRODUCT_RELATED_PRODUCT_CATEGORY('part','',(#18));
#18=PRODUCT('Collet ER32 19mm','Collet ER32 19mm',' ',(#19));
#19=PRODUCT_CONTEXT(' ',#21,'mechanical');
#20=APPLICATION_PROTOCOL_DEFINITION('international standard',
'automotive_design',2010,#21);
#21=APPLICATION_CONTEXT(
'core data for automotive mechanical design processes');
#22=SHAPE_REPRESENTATION('Collet ER32 19mm-None',(#2701),#5930);
#23=OVER_RIDING_STYLED_ITEM('',(#31),#700,#29);
#24=OVER_RIDING_STYLED_ITEM('',(#32),#702,#29);
#25=OVER_RIDING_STYLED_ITEM('',(#33),#703,#29);
#26=OVER_RIDING_STYLED_ITEM('',(#34),#704,#29);
#27=OVER_RIDING_STYLED_ITEM('',(#35),#706,#29);
#28=PRESENTATION_LAYER_ASSIGNMENT('1','Layer 1',(#68));
#29=STYLED_ITEM('',(#30),#68);
#30=PRESENTATION_STYLE_ASSIGNMENT((#36));
#31=PRESENTATION_STYLE_ASSIGNMENT((#37));
#32=PRESENTATION_STYLE_ASSIGNMENT((#38));
#33=PRESENTATION_STYLE_ASSIGNMENT((#39));
#34=PRESENTATION_STYLE_ASSIGNMENT((#40));
#35=PRESENTATION_STYLE_ASSIGNMENT((#41));
#36=SURFACE_STYLE_USAGE(.BOTH.,#42);
#37=SURFACE_STYLE_USAGE(.BOTH.,#43);
#38=SURFACE_STYLE_USAGE(.BOTH.,#44);
#39=SURFACE_STYLE_USAGE(.BOTH.,#45);
#40=SURFACE_STYLE_USAGE(.BOTH.,#46);
#41=SURFACE_STYLE_USAGE(.BOTH.,#47);
#42=SURFACE_SIDE_STYLE('',(#48));
#43=SURFACE_SIDE_STYLE('',(#49));
#44=SURFACE_SIDE_STYLE('',(#50));
#45=SURFACE_SIDE_STYLE('',(#51));
#46=SURFACE_SIDE_STYLE('',(#52));
#47=SURFACE_SIDE_STYLE('',(#53));
#48=SURFACE_STYLE_FILL_AREA(#54);
#49=SURFACE_STYLE_FILL_AREA(#55);
#50=SURFACE_STYLE_FILL_AREA(#56);
#51=SURFACE_STYLE_FILL_AREA(#57);
#52=SURFACE_STYLE_FILL_AREA(#58);
#53=SURFACE_STYLE_FILL_AREA(#59);
#54=FILL_AREA_STYLE('',(#60));
#55=FILL_AREA_STYLE('',(#61));
#56=FILL_AREA_STYLE('',(#62));
#57=FILL_AREA_STYLE('',(#63));
#58=FILL_AREA_STYLE('',(#64));
#59=FILL_AREA_STYLE('',(#65));
#60=FILL_AREA_STYLE_COLOUR('',#66);
#61=FILL_AREA_STYLE_COLOUR('',#67);
#62=FILL_AREA_STYLE_COLOUR('',#67);
#63=FILL_AREA_STYLE_COLOUR('',#67);
#64=FILL_AREA_STYLE_COLOUR('',#67);
#65=FILL_AREA_STYLE_COLOUR('',#67);
#66=COLOUR_RGB('light gray',0.8,0.8,0.8);
#67=COLOUR_RGB('iron gray',0.298039215686275,0.298039215686275,0.298039215686275);
#68=MANIFOLD_SOLID_BREP('',#69);
#69=CLOSED_SHELL('',(#700,#701,#702,#703,#704,#705,#706,#707,#708,#709,
#710,#711,#712,#713,#714,#715,#716,#717,#718,#719,#720,#721,#722,#723,#724,
#725,#726,#727,#728,#729,#730,#731,#732,#733,#734,#735,#736,#737,#738,#739,
#740,#741,#742,#743,#744,#745,#746,#747,#748,#749,#750,#751,#752,#753,#754,
#755,#756,#757,#758,#759,#760,#761,#762,#763,#764,#765,#766,#767,#768,#769,
#770,#771,#772,#773,#774,#775,#776,#777,#778,#779,#780,#781,#782,#783,#784,
#785,#786,#787,#788,#789,#790,#791,#792,#793,#794,#795,#796,#797,#798,#799,
#800,#801,#802,#803,#804,#805,#806,#807,#808,#809,#810,#811,#812,#813,#814,
#815,#816,#817,#818,#819,#820,#821,#822,#823,#824,#825,#826,#827,#828,#829,
#830,#831,#832,#833,#834));
#70=CONICAL_SURFACE('',#2780,13.3245735194571,29.9999999999998);
#71=CONICAL_SURFACE('',#2784,16.4683053038446,7.99999999999986);
#72=CONICAL_SURFACE('',#2788,16.4683053038446,7.99999999999986);
#73=CONICAL_SURFACE('',#2792,16.4683053038446,7.99999999999986);
#74=CONICAL_SURFACE('',#2796,16.4683053038446,7.99999999999986);
#75=CONICAL_SURFACE('',#2800,16.4683053038446,7.99999999999986);
#76=CONICAL_SURFACE('',#2804,16.4683053038446,7.99999999999986);
#77=CONICAL_SURFACE('',#2908,13.3245735194571,29.9999999999998);
#78=CONICAL_SURFACE('',#2911,13.3245735194571,29.9999999999998);
#79=CONICAL_SURFACE('',#2913,13.3245735194571,29.9999999999998);
#80=CONICAL_SURFACE('',#2915,13.3245735194571,29.9999999999998);
#81=CONICAL_SURFACE('',#2917,13.3245735194571,29.9999999999998);
#82=ELLIPSE('',#2779,45.9703286608731,26.5409816270907);
#83=ELLIPSE('',#2781,20.4941672263077,14.3477341449047);
#84=ELLIPSE('',#2787,20.4941672263077,14.3477341449047);
#85=ELLIPSE('',#2791,20.4941672263077,14.3477341449047);
#86=ELLIPSE('',#2795,20.4941672263077,14.3477341449047);
#87=ELLIPSE('',#2799,20.4941672263077,14.3477341449047);
#88=ELLIPSE('',#2803,20.4941672263077,14.3477341449047);
#89=ELLIPSE('',#2805,13.4350288425444,9.5);
#90=ELLIPSE('',#2807,13.4350288425444,9.5);
#91=ELLIPSE('',#2809,13.4350288425444,9.5);
#92=ELLIPSE('',#2811,13.4350288425444,9.5);
#93=ELLIPSE('',#2813,13.4350288425444,9.5);
#94=ELLIPSE('',#2814,13.4350288425444,9.5);
#95=ELLIPSE('',#2817,13.4350288425444,9.5);
#96=ELLIPSE('',#2819,13.4350288425444,9.5);
#97=ELLIPSE('',#2821,13.4350288425444,9.5);
#98=ELLIPSE('',#2823,13.4350288425444,9.5);
#99=ELLIPSE('',#2825,13.4350288425444,9.5);
#100=ELLIPSE('',#2827,13.4350288425444,9.5);
#101=ELLIPSE('',#2907,45.970328660873,26.5409816270907);
#102=ELLIPSE('',#2909,45.9703286608731,26.5409816270907);
#103=ELLIPSE('',#2912,45.970328660873,26.5409816270907);
#104=ELLIPSE('',#2914,45.9703286608731,26.5409816270907);
#105=ELLIPSE('',#2916,45.970328660873,26.5409816270907);
#106=CYLINDRICAL_SURFACE('',#2743,14.6);
#107=CYLINDRICAL_SURFACE('',#2745,14.6);
#108=CYLINDRICAL_SURFACE('',#2747,14.6);
#109=CYLINDRICAL_SURFACE('',#2749,14.6);
#110=CYLINDRICAL_SURFACE('',#2751,14.6);
#111=CYLINDRICAL_SURFACE('',#2753,14.6);
#112=CYLINDRICAL_SURFACE('',#2828,9.5);
#113=CYLINDRICAL_SURFACE('',#2873,14.6);
#114=CYLINDRICAL_SURFACE('',#2875,14.6);
#115=CYLINDRICAL_SURFACE('',#2877,14.6);
#116=CYLINDRICAL_SURFACE('',#2879,14.6);
#117=CYLINDRICAL_SURFACE('',#2881,14.6);
#118=CYLINDRICAL_SURFACE('',#2923,14.6);
#119=TOROIDAL_SURFACE('',#2714,16.1535898384862,0.2);
#120=TOROIDAL_SURFACE('',#2717,16.1535898384862,0.2);
#121=TOROIDAL_SURFACE('',#2720,16.1535898384862,0.2);
#122=TOROIDAL_SURFACE('',#2723,16.1535898384862,0.2);
#123=TOROIDAL_SURFACE('',#2726,16.1535898384862,0.2);
#124=TOROIDAL_SURFACE('',#2729,16.1535898384862,0.2);
#125=TOROIDAL_SURFACE('',#2767,16.2702516900963,0.2);
#126=TOROIDAL_SURFACE('',#2769,16.2702516900963,0.2);
#127=TOROIDAL_SURFACE('',#2771,16.2702516900963,0.2);
#128=TOROIDAL_SURFACE('',#2773,16.2702516900963,0.2);
#129=TOROIDAL_SURFACE('',#2775,16.2702516900963,0.2);
#130=TOROIDAL_SURFACE('',#2777,16.2702516900963,0.2);
#131=TOROIDAL_SURFACE('',#2841,11.2883268414199,1.);
#132=TOROIDAL_SURFACE('',#2842,11.2883268414199,1.);
#133=TOROIDAL_SURFACE('',#2843,11.2883268414199,1.);
#134=TOROIDAL_SURFACE('',#2844,11.2883268414199,1.);
#135=TOROIDAL_SURFACE('',#2845,11.2883268414199,1.);
#136=TOROIDAL_SURFACE('',#2846,11.2883268414199,1.);
#137=TOROIDAL_SURFACE('',#2849,16.1535898384862,0.2);
#138=TOROIDAL_SURFACE('',#2852,16.1535898384862,0.2);
#139=TOROIDAL_SURFACE('',#2855,16.1535898384862,0.2);
#140=TOROIDAL_SURFACE('',#2858,16.1535898384862,0.2);
#141=TOROIDAL_SURFACE('',#2861,16.1535898384862,0.2);
#142=TOROIDAL_SURFACE('',#2892,16.2702516900963,0.2);
#143=TOROIDAL_SURFACE('',#2893,16.2702516900963,0.2);
#144=TOROIDAL_SURFACE('',#2894,16.2702516900963,0.2);
#145=TOROIDAL_SURFACE('',#2895,16.2702516900963,0.2);
#146=TOROIDAL_SURFACE('',#2896,16.2702516900963,0.2);
#147=TOROIDAL_SURFACE('',#2919,16.1535898384862,0.2);
#148=TOROIDAL_SURFACE('',#2926,16.2702516900963,0.2);
#149=CIRCLE('',#2709,13.3245735194571);
#150=CIRCLE('',#2710,9.5);
#151=CIRCLE('',#2712,16.3267949192431);
#152=CIRCLE('',#2713,16.1535898384862);
#153=CIRCLE('',#2715,16.3267949192431);
#154=CIRCLE('',#2716,16.1535898384862);
#155=CIRCLE('',#2718,16.3267949192431);
#156=CIRCLE('',#2719,16.1535898384862);
#157=CIRCLE('',#2721,16.3267949192431);
#158=CIRCLE('',#2722,16.1535898384862);
#159=CIRCLE('',#2724,16.1535898384862);
#160=CIRCLE('',#2725,16.3267949192431);
#161=CIRCLE('',#2727,16.3267949192431);
#162=CIRCLE('',#2728,16.1535898384862);
#163=CIRCLE('',#2730,14.6);
#164=CIRCLE('',#2732,14.6);
#165=CIRCLE('',#2734,14.6);
#166=CIRCLE('',#2736,14.6);
#167=CIRCLE('',#2738,14.6);
#168=CIRCLE('',#2740,14.6);
#169=CIRCLE('',#2742,14.6);
#170=CIRCLE('',#2744,14.6);
#171=CIRCLE('',#2746,14.6);
#172=CIRCLE('',#2748,14.6);
#173=CIRCLE('',#2750,14.6);
#174=CIRCLE('',#2752,14.6);
#175=CIRCLE('',#2754,16.2702516900963);
#176=CIRCLE('',#2756,16.2702516900963);
#177=CIRCLE('',#2758,16.2702516900963);
#178=CIRCLE('',#2760,16.2702516900963);
#179=CIRCLE('',#2762,16.2702516900963);
#180=CIRCLE('',#2764,16.2702516900963);
#181=CIRCLE('',#2766,16.4683053038446);
#182=CIRCLE('',#2768,16.4683053038446);
#183=CIRCLE('',#2770,16.4683053038446);
#184=CIRCLE('',#2772,16.4683053038446);
#185=CIRCLE('',#2774,16.4683053038446);
#186=CIRCLE('',#2776,16.4683053038446);
#187=CIRCLE('',#2778,13.3245735194571);
#188=CIRCLE('',#2782,16.4683053038446);
#189=CIRCLE('',#2783,12.2785949101615);
#190=CIRCLE('',#2785,12.2785949101615);
#191=CIRCLE('',#2786,16.4683053038446);
#192=CIRCLE('',#2789,16.4683053038446);
#193=CIRCLE('',#2790,12.2785949101615);
#194=CIRCLE('',#2793,16.4683053038446);
#195=CIRCLE('',#2794,12.2785949101615);
#196=CIRCLE('',#2797,16.4683053038446);
#197=CIRCLE('',#2798,12.2785949101615);
#198=CIRCLE('',#2801,16.4683053038446);
#199=CIRCLE('',#2802,12.2785949101615);
#200=CIRCLE('',#2806,9.5);
#201=CIRCLE('',#2808,9.5);
#202=CIRCLE('',#2810,9.5);
#203=CIRCLE('',#2812,9.5);
#204=CIRCLE('',#2815,9.5);
#205=CIRCLE('',#2816,9.5);
#206=CIRCLE('',#2818,9.5);
#207=CIRCLE('',#2820,9.5);
#208=CIRCLE('',#2822,9.5);
#209=CIRCLE('',#2824,9.5);
#210=CIRCLE('',#2826,9.5);
#211=CIRCLE('',#2829,11.2883268414199);
#212=CIRCLE('',#2831,11.2883268414199);
#213=CIRCLE('',#2833,11.2883268414199);
#214=CIRCLE('',#2835,11.2883268414199);
#215=CIRCLE('',#2837,11.2883268414199);
#216=CIRCLE('',#2839,11.2883268414199);
#217=CIRCLE('',#2847,16.3267949192431);
#218=CIRCLE('',#2848,16.1535898384862);
#219=CIRCLE('',#2850,16.1535898384862);
#220=CIRCLE('',#2851,16.3267949192431);
#221=CIRCLE('',#2853,16.3267949192431);
#222=CIRCLE('',#2854,16.1535898384862);
#223=CIRCLE('',#2856,16.3267949192431);
#224=CIRCLE('',#2857,16.1535898384862);
#225=CIRCLE('',#2859,16.3267949192431);
#226=CIRCLE('',#2860,16.1535898384862);
#227=CIRCLE('',#2862,14.6);
#228=CIRCLE('',#2864,14.6);
#229=CIRCLE('',#2866,14.6);
#230=CIRCLE('',#2868,14.6);
#231=CIRCLE('',#2870,14.6);
#232=CIRCLE('',#2872,14.6);
#233=CIRCLE('',#2874,14.6);
#234=CIRCLE('',#2876,14.6);
#235=CIRCLE('',#2878,14.6);
#236=CIRCLE('',#2880,14.6);
#237=CIRCLE('',#2882,16.2702516900963);
#238=CIRCLE('',#2884,16.2702516900963);
#239=CIRCLE('',#2886,16.2702516900963);
#240=CIRCLE('',#2888,16.2702516900963);
#241=CIRCLE('',#2890,16.2702516900963);
#242=CIRCLE('',#2897,13.3245735194571);
#243=CIRCLE('',#2900,13.3245735194571);
#244=CIRCLE('',#2902,13.3245735194571);
#245=CIRCLE('',#2904,13.3245735194571);
#246=CIRCLE('',#2910,16.3267949192431);
#247=CIRCLE('',#2918,16.1535898384862);
#248=CIRCLE('',#2920,14.6);
#249=CIRCLE('',#2922,14.6);
#250=CIRCLE('',#2924,16.2702516900963);
#251=LINE('',#3740,#410);
#252=LINE('',#3742,#411);
#253=LINE('',#3744,#412);
#254=LINE('',#3746,#413);
#255=LINE('',#3755,#414);
#256=LINE('',#3757,#415);
#257=LINE('',#3760,#416);
#258=LINE('',#3762,#417);
#259=LINE('',#3764,#418);
#260=LINE('',#3778,#419);
#261=LINE('',#3834,#420);
#262=LINE('',#3836,#421);
#263=LINE('',#3838,#422);
#264=LINE('',#3840,#423);
#265=LINE('',#3849,#424);
#266=LINE('',#3851,#425);
#267=LINE('',#3856,#426);
#268=LINE('',#4172,#427);
#269=LINE('',#4174,#428);
#270=LINE('',#4178,#429);
#271=LINE('',#4180,#430);
#272=LINE('',#4184,#431);
#273=LINE('',#4186,#432);
#274=LINE('',#4190,#433);
#275=LINE('',#4192,#434);
#276=LINE('',#4196,#435);
#277=LINE('',#4200,#436);
#278=LINE('',#4202,#437);
#279=LINE('',#4204,#438);
#280=LINE('',#4208,#439);
#281=LINE('',#4210,#440);
#282=LINE('',#4214,#441);
#283=LINE('',#4216,#442);
#284=LINE('',#4220,#443);
#285=LINE('',#4222,#444);
#286=LINE('',#4226,#445);
#287=LINE('',#4228,#446);
#288=LINE('',#4232,#447);
#289=LINE('',#4236,#448);
#290=LINE('',#4238,#449);
#291=LINE('',#4240,#450);
#292=LINE('',#4244,#451);
#293=LINE('',#4246,#452);
#294=LINE('',#4250,#453);
#295=LINE('',#4252,#454);
#296=LINE('',#4256,#455);
#297=LINE('',#4258,#456);
#298=LINE('',#4262,#457);
#299=LINE('',#4264,#458);
#300=LINE('',#4268,#459);
#301=LINE('',#4272,#460);
#302=LINE('',#4274,#461);
#303=LINE('',#4276,#462);
#304=LINE('',#4744,#463);
#305=LINE('',#4748,#464);
#306=LINE('',#4752,#465);
#307=LINE('',#4756,#466);
#308=LINE('',#4760,#467);
#309=LINE('',#4764,#468);
#310=LINE('',#4768,#469);
#311=LINE('',#4772,#470);
#312=LINE('',#4776,#471);
#313=LINE('',#4777,#472);
#314=LINE('',#4781,#473);
#315=LINE('',#4785,#474);
#316=LINE('',#4789,#475);
#317=LINE('',#4793,#476);
#318=LINE('',#4797,#477);
#319=LINE('',#4801,#478);
#320=LINE('',#4805,#479);
#321=LINE('',#4809,#480);
#322=LINE('',#4813,#481);
#323=LINE('',#4817,#482);
#324=LINE('',#4821,#483);
#325=LINE('',#4825,#484);
#326=LINE('',#4829,#485);
#327=LINE('',#4833,#486);
#328=LINE('',#4835,#487);
#329=LINE('',#4839,#488);
#330=LINE('',#4841,#489);
#331=LINE('',#4843,#490);
#332=LINE('',#4850,#491);
#333=LINE('',#4851,#492);
#334=LINE('',#4856,#493);
#335=LINE('',#4857,#494);
#336=LINE('',#4862,#495);
#337=LINE('',#4863,#496);
#338=LINE('',#4868,#497);
#339=LINE('',#4869,#498);
#340=LINE('',#5333,#499);
#341=LINE('',#5337,#500);
#342=LINE('',#5339,#501);
#343=LINE('',#5343,#502);
#344=LINE('',#5345,#503);
#345=LINE('',#5349,#504);
#346=LINE('',#5351,#505);
#347=LINE('',#5355,#506);
#348=LINE('',#5357,#507);
#349=LINE('',#5361,#508);
#350=LINE('',#5363,#509);
#351=LINE('',#5367,#510);
#352=LINE('',#5369,#511);
#353=LINE('',#5373,#512);
#354=LINE('',#5375,#513);
#355=LINE('',#5379,#514);
#356=LINE('',#5381,#515);
#357=LINE('',#5385,#516);
#358=LINE('',#5387,#517);
#359=LINE('',#5391,#518);
#360=LINE('',#5393,#519);
#361=LINE('',#5397,#520);
#362=LINE('',#5399,#521);
#363=LINE('',#5403,#522);
#364=LINE('',#5405,#523);
#365=LINE('',#5409,#524);
#366=LINE('',#5411,#525);
#367=LINE('',#5415,#526);
#368=LINE('',#5417,#527);
#369=LINE('',#5421,#528);
#370=LINE('',#5621,#529);
#371=LINE('',#5623,#530);
#372=LINE('',#5628,#531);
#373=LINE('',#5632,#532);
#374=LINE('',#5634,#533);
#375=LINE('',#5638,#534);
#376=LINE('',#5640,#535);
#377=LINE('',#5644,#536);
#378=LINE('',#5646,#537);
#379=LINE('',#5647,#538);
#380=LINE('',#5812,#539);
#381=LINE('',#5816,#540);
#382=LINE('',#5818,#541);
#383=LINE('',#5822,#542);
#384=LINE('',#5824,#543);
#385=LINE('',#5828,#544);
#386=LINE('',#5869,#545);
#387=LINE('',#5870,#546);
#388=LINE('',#5874,#547);
#389=LINE('',#5875,#548);
#390=LINE('',#5879,#549);
#391=LINE('',#5881,#550);
#392=LINE('',#5884,#551);
#393=LINE('',#5886,#552);
#394=LINE('',#5889,#553);
#395=LINE('',#5891,#554);
#396=LINE('',#5894,#555);
#397=LINE('',#5896,#556);
#398=LINE('',#5899,#557);
#399=LINE('',#5900,#558);
#400=LINE('',#5904,#559);
#401=LINE('',#5906,#560);
#402=LINE('',#5909,#561);
#403=LINE('',#5911,#562);
#404=LINE('',#5914,#563);
#405=LINE('',#5916,#564);
#406=LINE('',#5919,#565);
#407=LINE('',#5921,#566);
#408=LINE('',#5924,#567);
#409=LINE('',#5925,#568);
#410=VECTOR('',#2969,1.);
#411=VECTOR('',#2970,1.);
#412=VECTOR('',#2971,1.);
#413=VECTOR('',#2972,1.);
#414=VECTOR('',#2973,1.);
#415=VECTOR('',#2976,1.);
#416=VECTOR('',#2977,1.);
#417=VECTOR('',#2978,1.);
#418=VECTOR('',#2979,1.);
#419=VECTOR('',#2982,1.);
#420=VECTOR('',#2987,1.);
#421=VECTOR('',#2988,1.);
#422=VECTOR('',#2989,1.);
#423=VECTOR('',#2990,1.);
#424=VECTOR('',#2991,1.);
#425=VECTOR('',#2994,1.);
#426=VECTOR('',#2997,1.);
#427=VECTOR('',#3038,1.);
#428=VECTOR('',#3039,1.);
#429=VECTOR('',#3044,1.);
#430=VECTOR('',#3045,1.);
#431=VECTOR('',#3050,1.);
#432=VECTOR('',#3051,1.);
#433=VECTOR('',#3056,1.);
#434=VECTOR('',#3057,1.);
#435=VECTOR('',#3062,1.);
#436=VECTOR('',#3065,1.);
#437=VECTOR('',#3068,1.);
#438=VECTOR('',#3069,1.);
#439=VECTOR('',#3074,1.);
#440=VECTOR('',#3075,1.);
#441=VECTOR('',#3080,1.);
#442=VECTOR('',#3081,1.);
#443=VECTOR('',#3086,1.);
#444=VECTOR('',#3087,1.);
#445=VECTOR('',#3092,1.);
#446=VECTOR('',#3093,1.);
#447=VECTOR('',#3098,1.);
#448=VECTOR('',#3101,1.);
#449=VECTOR('',#3104,1.);
#450=VECTOR('',#3105,1.);
#451=VECTOR('',#3110,1.);
#452=VECTOR('',#3111,1.);
#453=VECTOR('',#3116,1.);
#454=VECTOR('',#3117,1.);
#455=VECTOR('',#3122,1.);
#456=VECTOR('',#3123,1.);
#457=VECTOR('',#3128,1.);
#458=VECTOR('',#3129,1.);
#459=VECTOR('',#3134,1.);
#460=VECTOR('',#3137,1.);
#461=VECTOR('',#3140,1.);
#462=VECTOR('',#3141,1.);
#463=VECTOR('',#3226,1.);
#464=VECTOR('',#3229,1.);
#465=VECTOR('',#3232,1.);
#466=VECTOR('',#3235,1.);
#467=VECTOR('',#3238,1.);
#468=VECTOR('',#3241,1.);
#469=VECTOR('',#3244,1.);
#470=VECTOR('',#3247,1.);
#471=VECTOR('',#3250,1.);
#472=VECTOR('',#3251,1.);
#473=VECTOR('',#3254,1.);
#474=VECTOR('',#3257,1.);
#475=VECTOR('',#3260,1.);
#476=VECTOR('',#3263,1.);
#477=VECTOR('',#3266,1.);
#478=VECTOR('',#3269,1.);
#479=VECTOR('',#3272,1.);
#480=VECTOR('',#3275,1.);
#481=VECTOR('',#3278,1.);
#482=VECTOR('',#3281,1.);
#483=VECTOR('',#3284,1.);
#484=VECTOR('',#3287,1.);
#485=VECTOR('',#3290,1.);
#486=VECTOR('',#3293,1.);
#487=VECTOR('',#3296,1.);
#488=VECTOR('',#3299,1.);
#489=VECTOR('',#3302,1.);
#490=VECTOR('',#3303,1.);
#491=VECTOR('',#3310,1.);
#492=VECTOR('',#3311,1.);
#493=VECTOR('',#3316,1.);
#494=VECTOR('',#3317,1.);
#495=VECTOR('',#3322,1.);
#496=VECTOR('',#3323,1.);
#497=VECTOR('',#3328,1.);
#498=VECTOR('',#3329,1.);
#499=VECTOR('',#3374,1.);
#500=VECTOR('',#3377,1.);
#501=VECTOR('',#3380,1.);
#502=VECTOR('',#3383,1.);
#503=VECTOR('',#3386,1.);
#504=VECTOR('',#3389,1.);
#505=VECTOR('',#3392,1.);
#506=VECTOR('',#3395,1.);
#507=VECTOR('',#3398,1.);
#508=VECTOR('',#3401,1.);
#509=VECTOR('',#3404,1.);
#510=VECTOR('',#3407,1.);
#511=VECTOR('',#3410,1.);
#512=VECTOR('',#3413,1.);
#513=VECTOR('',#3416,1.);
#514=VECTOR('',#3419,1.);
#515=VECTOR('',#3422,1.);
#516=VECTOR('',#3425,1.);
#517=VECTOR('',#3428,1.);
#518=VECTOR('',#3431,1.);
#519=VECTOR('',#3434,1.);
#520=VECTOR('',#3437,1.);
#521=VECTOR('',#3440,1.);
#522=VECTOR('',#3443,1.);
#523=VECTOR('',#3446,1.);
#524=VECTOR('',#3449,1.);
#525=VECTOR('',#3452,1.);
#526=VECTOR('',#3455,1.);
#527=VECTOR('',#3458,1.);
#528=VECTOR('',#3461,1.);
#529=VECTOR('',#3474,1.);
#530=VECTOR('',#3475,1.);
#531=VECTOR('',#3482,1.);
#532=VECTOR('',#3485,1.);
#533=VECTOR('',#3488,1.);
#534=VECTOR('',#3491,1.);
#535=VECTOR('',#3494,1.);
#536=VECTOR('',#3497,1.);
#537=VECTOR('',#3500,1.);
#538=VECTOR('',#3501,1.);
#539=VECTOR('',#3530,1.);
#540=VECTOR('',#3533,1.);
#541=VECTOR('',#3536,1.);
#542=VECTOR('',#3539,1.);
#543=VECTOR('',#3542,1.);
#544=VECTOR('',#3545,1.);
#545=VECTOR('',#3550,1.);
#546=VECTOR('',#3551,1.);
#547=VECTOR('',#3558,1.);
#548=VECTOR('',#3559,1.);
#549=VECTOR('',#3566,1.);
#550=VECTOR('',#3569,1.);
#551=VECTOR('',#3574,1.);
#552=VECTOR('',#3577,1.);
#553=VECTOR('',#3582,1.);
#554=VECTOR('',#3585,1.);
#555=VECTOR('',#3590,1.);
#556=VECTOR('',#3593,1.);
#557=VECTOR('',#3598,1.);
#558=VECTOR('',#3599,1.);
#559=VECTOR('',#3606,1.);
#560=VECTOR('',#3609,1.);
#561=VECTOR('',#3614,1.);
#562=VECTOR('',#3617,1.);
#563=VECTOR('',#3622,1.);
#564=VECTOR('',#3625,1.);
#565=VECTOR('',#3630,1.);
#566=VECTOR('',#3633,1.);
#567=VECTOR('',#3638,1.);
#568=VECTOR('',#3639,1.);
#569=FACE_OUTER_BOUND('',#931,.T.);
#570=FACE_OUTER_BOUND('',#932,.T.);
#571=FACE_OUTER_BOUND('',#933,.T.);
#572=FACE_OUTER_BOUND('',#936,.T.);
#573=FACE_OUTER_BOUND('',#937,.T.);
#574=FACE_OUTER_BOUND('',#944,.T.);
#575=FACE_OUTER_BOUND('',#945,.T.);
#576=FACE_OUTER_BOUND('',#946,.T.);
#577=FACE_OUTER_BOUND('',#947,.T.);
#578=FACE_OUTER_BOUND('',#948,.T.);
#579=FACE_OUTER_BOUND('',#949,.T.);
#580=FACE_OUTER_BOUND('',#950,.T.);
#581=FACE_OUTER_BOUND('',#951,.T.);
#582=FACE_OUTER_BOUND('',#952,.T.);
#583=FACE_OUTER_BOUND('',#953,.T.);
#584=FACE_OUTER_BOUND('',#954,.T.);
#585=FACE_OUTER_BOUND('',#955,.T.);
#586=FACE_OUTER_BOUND('',#956,.T.);
#587=FACE_OUTER_BOUND('',#957,.T.);
#588=FACE_OUTER_BOUND('',#958,.T.);
#589=FACE_OUTER_BOUND('',#959,.T.);
#590=FACE_OUTER_BOUND('',#960,.T.);
#591=FACE_OUTER_BOUND('',#961,.T.);
#592=FACE_OUTER_BOUND('',#962,.T.);
#593=FACE_OUTER_BOUND('',#963,.T.);
#594=FACE_OUTER_BOUND('',#964,.T.);
#595=FACE_OUTER_BOUND('',#965,.T.);
#596=FACE_OUTER_BOUND('',#966,.T.);
#597=FACE_OUTER_BOUND('',#967,.T.);
#598=FACE_OUTER_BOUND('',#968,.T.);
#599=FACE_OUTER_BOUND('',#969,.T.);
#600=FACE_OUTER_BOUND('',#970,.T.);
#601=FACE_OUTER_BOUND('',#971,.T.);
#602=FACE_OUTER_BOUND('',#972,.T.);
#603=FACE_OUTER_BOUND('',#973,.T.);
#604=FACE_OUTER_BOUND('',#974,.T.);
#605=FACE_OUTER_BOUND('',#975,.T.);
#606=FACE_OUTER_BOUND('',#976,.T.);
#607=FACE_OUTER_BOUND('',#977,.T.);
#608=FACE_OUTER_BOUND('',#978,.T.);
#609=FACE_OUTER_BOUND('',#979,.T.);
#610=FACE_OUTER_BOUND('',#980,.T.);
#611=FACE_OUTER_BOUND('',#983,.T.);
#612=FACE_OUTER_BOUND('',#984,.T.);
#613=FACE_OUTER_BOUND('',#985,.T.);
#614=FACE_OUTER_BOUND('',#986,.T.);
#615=FACE_OUTER_BOUND('',#987,.T.);
#616=FACE_OUTER_BOUND('',#988,.T.);
#617=FACE_OUTER_BOUND('',#989,.T.);
#618=FACE_OUTER_BOUND('',#990,.T.);
#619=FACE_OUTER_BOUND('',#991,.T.);
#620=FACE_OUTER_BOUND('',#992,.T.);
#621=FACE_OUTER_BOUND('',#993,.T.);
#622=FACE_OUTER_BOUND('',#994,.T.);
#623=FACE_OUTER_BOUND('',#995,.T.);
#624=FACE_OUTER_BOUND('',#996,.T.);
#625=FACE_OUTER_BOUND('',#997,.T.);
#626=FACE_OUTER_BOUND('',#998,.T.);
#627=FACE_OUTER_BOUND('',#999,.T.);
#628=FACE_OUTER_BOUND('',#1000,.T.);
#629=FACE_OUTER_BOUND('',#1001,.T.);
#630=FACE_OUTER_BOUND('',#1002,.T.);
#631=FACE_OUTER_BOUND('',#1003,.T.);
#632=FACE_OUTER_BOUND('',#1004,.T.);
#633=FACE_OUTER_BOUND('',#1005,.T.);
#634=FACE_OUTER_BOUND('',#1006,.T.);
#635=FACE_OUTER_BOUND('',#1007,.T.);
#636=FACE_OUTER_BOUND('',#1008,.T.);
#637=FACE_OUTER_BOUND('',#1009,.T.);
#638=FACE_OUTER_BOUND('',#1010,.T.);
#639=FACE_OUTER_BOUND('',#1011,.T.);
#640=FACE_OUTER_BOUND('',#1012,.T.);
#641=FACE_OUTER_BOUND('',#1013,.T.);
#642=FACE_OUTER_BOUND('',#1014,.T.);
#643=FACE_OUTER_BOUND('',#1015,.T.);
#644=FACE_OUTER_BOUND('',#1016,.T.);
#645=FACE_OUTER_BOUND('',#1017,.T.);
#646=FACE_OUTER_BOUND('',#1018,.T.);
#647=FACE_OUTER_BOUND('',#1019,.T.);
#648=FACE_OUTER_BOUND('',#1020,.T.);
#649=FACE_OUTER_BOUND('',#1021,.T.);
#650=FACE_OUTER_BOUND('',#1022,.T.);
#651=FACE_OUTER_BOUND('',#1023,.T.);
#652=FACE_OUTER_BOUND('',#1024,.T.);
#653=FACE_OUTER_BOUND('',#1025,.T.);
#654=FACE_OUTER_BOUND('',#1026,.T.);
#655=FACE_OUTER_BOUND('',#1027,.T.);
#656=FACE_OUTER_BOUND('',#1028,.T.);
#657=FACE_OUTER_BOUND('',#1029,.T.);
#658=FACE_OUTER_BOUND('',#1030,.T.);
#659=FACE_OUTER_BOUND('',#1031,.T.);
#660=FACE_OUTER_BOUND('',#1032,.T.);
#661=FACE_OUTER_BOUND('',#1033,.T.);
#662=FACE_OUTER_BOUND('',#1034,.T.);
#663=FACE_OUTER_BOUND('',#1035,.T.);
#664=FACE_OUTER_BOUND('',#1036,.T.);
#665=FACE_OUTER_BOUND('',#1037,.T.);
#666=FACE_OUTER_BOUND('',#1038,.T.);
#667=FACE_OUTER_BOUND('',#1039,.T.);
#668=FACE_OUTER_BOUND('',#1040,.T.);
#669=FACE_OUTER_BOUND('',#1041,.T.);
#670=FACE_OUTER_BOUND('',#1042,.T.);
#671=FACE_OUTER_BOUND('',#1043,.T.);
#672=FACE_OUTER_BOUND('',#1044,.T.);
#673=FACE_OUTER_BOUND('',#1045,.T.);
#674=FACE_OUTER_BOUND('',#1046,.T.);
#675=FACE_OUTER_BOUND('',#1047,.T.);
#676=FACE_OUTER_BOUND('',#1048,.T.);
#677=FACE_OUTER_BOUND('',#1049,.T.);
#678=FACE_OUTER_BOUND('',#1050,.T.);
#679=FACE_OUTER_BOUND('',#1051,.T.);
#680=FACE_OUTER_BOUND('',#1052,.T.);
#681=FACE_OUTER_BOUND('',#1053,.T.);
#682=FACE_OUTER_BOUND('',#1054,.T.);
#683=FACE_OUTER_BOUND('',#1055,.T.);
#684=FACE_OUTER_BOUND('',#1056,.T.);
#685=FACE_OUTER_BOUND('',#1057,.T.);
#686=FACE_OUTER_BOUND('',#1058,.T.);
#687=FACE_OUTER_BOUND('',#1059,.T.);
#688=FACE_OUTER_BOUND('',#1060,.T.);
#689=FACE_OUTER_BOUND('',#1061,.T.);
#690=FACE_OUTER_BOUND('',#1062,.T.);
#691=FACE_OUTER_BOUND('',#1063,.T.);
#692=FACE_OUTER_BOUND('',#1064,.T.);
#693=FACE_OUTER_BOUND('',#1065,.T.);
#694=FACE_OUTER_BOUND('',#1066,.T.);
#695=FACE_OUTER_BOUND('',#1067,.T.);
#696=FACE_OUTER_BOUND('',#1068,.T.);
#697=FACE_OUTER_BOUND('',#1069,.T.);
#698=FACE_OUTER_BOUND('',#1070,.T.);
#699=FACE_OUTER_BOUND('',#1071,.T.);
#700=ADVANCED_FACE('',(#915,#916,#917),#835,.F.);
#701=ADVANCED_FACE('',(#569),#836,.F.);
#702=ADVANCED_FACE('',(#570),#837,.F.);
#703=ADVANCED_FACE('',(#571),#838,.F.);
#704=ADVANCED_FACE('',(#918,#919),#839,.F.);
#705=ADVANCED_FACE('',(#572),#840,.F.);
#706=ADVANCED_FACE('',(#573),#841,.F.);
#707=ADVANCED_FACE('',(#920,#921,#922,#923,#924,#925),#842,.F.);
#708=ADVANCED_FACE('',(#574),#119,.T.);
#709=ADVANCED_FACE('',(#575),#120,.T.);
#710=ADVANCED_FACE('',(#576),#121,.T.);
#711=ADVANCED_FACE('',(#577),#122,.T.);
#712=ADVANCED_FACE('',(#578),#123,.T.);
#713=ADVANCED_FACE('',(#579),#124,.T.);
#714=ADVANCED_FACE('',(#580),#843,.F.);
#715=ADVANCED_FACE('',(#581),#844,.F.);
#716=ADVANCED_FACE('',(#582),#845,.F.);
#717=ADVANCED_FACE('',(#583),#846,.F.);
#718=ADVANCED_FACE('',(#584),#847,.F.);
#719=ADVANCED_FACE('',(#585),#848,.F.);
#720=ADVANCED_FACE('',(#586),#106,.T.);
#721=ADVANCED_FACE('',(#587),#107,.T.);
#722=ADVANCED_FACE('',(#588),#108,.T.);
#723=ADVANCED_FACE('',(#589),#109,.T.);
#724=ADVANCED_FACE('',(#590),#110,.T.);
#725=ADVANCED_FACE('',(#591),#111,.T.);
#726=ADVANCED_FACE('',(#592),#849,.F.);
#727=ADVANCED_FACE('',(#593),#850,.F.);
#728=ADVANCED_FACE('',(#594),#851,.F.);
#729=ADVANCED_FACE('',(#595),#852,.F.);
#730=ADVANCED_FACE('',(#596),#853,.F.);
#731=ADVANCED_FACE('',(#597),#854,.F.);
#732=ADVANCED_FACE('',(#598),#125,.T.);
#733=ADVANCED_FACE('',(#599),#126,.T.);
#734=ADVANCED_FACE('',(#600),#127,.T.);
#735=ADVANCED_FACE('',(#601),#128,.T.);
#736=ADVANCED_FACE('',(#602),#129,.T.);
#737=ADVANCED_FACE('',(#603),#130,.T.);
#738=ADVANCED_FACE('',(#604),#70,.T.);
#739=ADVANCED_FACE('',(#605),#71,.T.);
#740=ADVANCED_FACE('',(#606),#72,.T.);
#741=ADVANCED_FACE('',(#607),#73,.T.);
#742=ADVANCED_FACE('',(#608),#74,.T.);
#743=ADVANCED_FACE('',(#609),#75,.T.);
#744=ADVANCED_FACE('',(#610),#76,.T.);
#745=ADVANCED_FACE('',(#926,#927),#112,.F.);
#746=ADVANCED_FACE('',(#611),#855,.F.);
#747=ADVANCED_FACE('',(#612),#856,.F.);
#748=ADVANCED_FACE('',(#613),#857,.F.);
#749=ADVANCED_FACE('',(#614),#858,.F.);
#750=ADVANCED_FACE('',(#615),#859,.F.);
#751=ADVANCED_FACE('',(#616),#860,.F.);
#752=ADVANCED_FACE('',(#617),#131,.T.);
#753=ADVANCED_FACE('',(#618),#132,.T.);
#754=ADVANCED_FACE('',(#619),#133,.T.);
#755=ADVANCED_FACE('',(#620),#134,.T.);
#756=ADVANCED_FACE('',(#621),#135,.T.);
#757=ADVANCED_FACE('',(#622),#136,.T.);
#758=ADVANCED_FACE('',(#623),#137,.T.);
#759=ADVANCED_FACE('',(#624),#138,.T.);
#760=ADVANCED_FACE('',(#625),#139,.T.);
#761=ADVANCED_FACE('',(#626),#140,.T.);
#762=ADVANCED_FACE('',(#627),#141,.T.);
#763=ADVANCED_FACE('',(#628),#861,.F.);
#764=ADVANCED_FACE('',(#629),#862,.F.);
#765=ADVANCED_FACE('',(#630),#863,.F.);
#766=ADVANCED_FACE('',(#631),#864,.F.);
#767=ADVANCED_FACE('',(#632),#865,.F.);
#768=ADVANCED_FACE('',(#633),#113,.T.);
#769=ADVANCED_FACE('',(#634),#114,.T.);
#770=ADVANCED_FACE('',(#635),#115,.T.);
#771=ADVANCED_FACE('',(#636),#116,.T.);
#772=ADVANCED_FACE('',(#637),#117,.T.);
#773=ADVANCED_FACE('',(#638),#866,.F.);
#774=ADVANCED_FACE('',(#639),#867,.F.);
#775=ADVANCED_FACE('',(#640),#868,.F.);
#776=ADVANCED_FACE('',(#641),#869,.F.);
#777=ADVANCED_FACE('',(#642),#870,.F.);
#778=ADVANCED_FACE('',(#643),#142,.T.);
#779=ADVANCED_FACE('',(#644),#143,.T.);
#780=ADVANCED_FACE('',(#645),#144,.T.);
#781=ADVANCED_FACE('',(#646),#145,.T.);
#782=ADVANCED_FACE('',(#647),#146,.T.);
#783=ADVANCED_FACE('',(#648),#871,.F.);
#784=ADVANCED_FACE('',(#649),#872,.F.);
#785=ADVANCED_FACE('',(#650),#873,.F.);
#786=ADVANCED_FACE('',(#651),#874,.F.);
#787=ADVANCED_FACE('',(#652),#875,.F.);
#788=ADVANCED_FACE('',(#653),#876,.F.);
#789=ADVANCED_FACE('',(#654),#77,.T.);
#790=ADVANCED_FACE('',(#655),#78,.T.);
#791=ADVANCED_FACE('',(#656),#79,.T.);
#792=ADVANCED_FACE('',(#657),#80,.T.);
#793=ADVANCED_FACE('',(#658),#81,.T.);
#794=ADVANCED_FACE('',(#659),#147,.T.);
#795=ADVANCED_FACE('',(#660),#877,.F.);
#796=ADVANCED_FACE('',(#661),#118,.T.);
#797=ADVANCED_FACE('',(#662),#878,.F.);
#798=ADVANCED_FACE('',(#663),#148,.T.);
#799=ADVANCED_FACE('',(#664),#879,.T.);
#800=ADVANCED_FACE('',(#665),#880,.F.);
#801=ADVANCED_FACE('',(#666),#881,.T.);
#802=ADVANCED_FACE('',(#667),#882,.T.);
#803=ADVANCED_FACE('',(#668),#883,.F.);
#804=ADVANCED_FACE('',(#669),#884,.T.);
#805=ADVANCED_FACE('',(#670),#885,.T.);
#806=ADVANCED_FACE('',(#671),#886,.T.);
#807=ADVANCED_FACE('',(#672),#887,.T.);
#808=ADVANCED_FACE('',(#673),#888,.F.);
#809=ADVANCED_FACE('',(#674),#889,.T.);
#810=ADVANCED_FACE('',(#675),#890,.T.);
#811=ADVANCED_FACE('',(#676),#891,.F.);
#812=ADVANCED_FACE('',(#677),#892,.T.);
#813=ADVANCED_FACE('',(#678),#893,.T.);
#814=ADVANCED_FACE('',(#679),#894,.F.);
#815=ADVANCED_FACE('',(#680),#895,.T.);
#816=ADVANCED_FACE('',(#681),#896,.T.);
#817=ADVANCED_FACE('',(#682),#897,.T.);
#818=ADVANCED_FACE('',(#683),#898,.F.);
#819=ADVANCED_FACE('',(#684),#899,.T.);
#820=ADVANCED_FACE('',(#685),#900,.T.);
#821=ADVANCED_FACE('',(#686),#901,.T.);
#822=ADVANCED_FACE('',(#687),#902,.T.);
#823=ADVANCED_FACE('',(#688),#903,.T.);
#824=ADVANCED_FACE('',(#689),#904,.F.);
#825=ADVANCED_FACE('',(#690),#905,.T.);
#826=ADVANCED_FACE('',(#691),#906,.T.);
#827=ADVANCED_FACE('',(#692),#907,.F.);
#828=ADVANCED_FACE('',(#693),#908,.T.);
#829=ADVANCED_FACE('',(#694),#909,.T.);
#830=ADVANCED_FACE('',(#695),#910,.F.);
#831=ADVANCED_FACE('',(#696),#911,.T.);
#832=ADVANCED_FACE('',(#697),#912,.T.);
#833=ADVANCED_FACE('',(#698),#913,.F.);
#834=ADVANCED_FACE('',(#699),#914,.T.);
#835=PLANE('',#2702);
#836=PLANE('',#2703);
#837=PLANE('',#2704);
#838=PLANE('',#2705);
#839=PLANE('',#2706);
#840=PLANE('',#2707);
#841=PLANE('',#2708);
#842=PLANE('',#2711);
#843=PLANE('',#2731);
#844=PLANE('',#2733);
#845=PLANE('',#2735);
#846=PLANE('',#2737);
#847=PLANE('',#2739);
#848=PLANE('',#2741);
#849=PLANE('',#2755);
#850=PLANE('',#2757);
#851=PLANE('',#2759);
#852=PLANE('',#2761);
#853=PLANE('',#2763);
#854=PLANE('',#2765);
#855=PLANE('',#2830);
#856=PLANE('',#2832);
#857=PLANE('',#2834);
#858=PLANE('',#2836);
#859=PLANE('',#2838);
#860=PLANE('',#2840);
#861=PLANE('',#2863);
#862=PLANE('',#2865);
#863=PLANE('',#2867);
#864=PLANE('',#2869);
#865=PLANE('',#2871);
#866=PLANE('',#2883);
#867=PLANE('',#2885);
#868=PLANE('',#2887);
#869=PLANE('',#2889);
#870=PLANE('',#2891);
#871=PLANE('',#2898);
#872=PLANE('',#2899);
#873=PLANE('',#2901);
#874=PLANE('',#2903);
#875=PLANE('',#2905);
#876=PLANE('',#2906);
#877=PLANE('',#2921);
#878=PLANE('',#2925);
#879=PLANE('',#2927);
#880=PLANE('',#2928);
#881=PLANE('',#2929);
#882=PLANE('',#2930);
#883=PLANE('',#2931);
#884=PLANE('',#2932);
#885=PLANE('',#2933);
#886=PLANE('',#2934);
#887=PLANE('',#2935);
#888=PLANE('',#2936);
#889=PLANE('',#2937);
#890=PLANE('',#2938);
#891=PLANE('',#2939);
#892=PLANE('',#2940);
#893=PLANE('',#2941);
#894=PLANE('',#2942);
#895=PLANE('',#2943);
#896=PLANE('',#2944);
#897=PLANE('',#2945);
#898=PLANE('',#2946);
#899=PLANE('',#2947);
#900=PLANE('',#2948);
#901=PLANE('',#2949);
#902=PLANE('',#2950);
#903=PLANE('',#2951);
#904=PLANE('',#2952);
#905=PLANE('',#2953);
#906=PLANE('',#2954);
#907=PLANE('',#2955);
#908=PLANE('',#2956);
#909=PLANE('',#2957);
#910=PLANE('',#2958);
#911=PLANE('',#2959);
#912=PLANE('',#2960);
#913=PLANE('',#2961);
#914=PLANE('',#2962);
#915=FACE_BOUND('',#928,.T.);
#916=FACE_BOUND('',#929,.T.);
#917=FACE_BOUND('',#930,.T.);
#918=FACE_BOUND('',#934,.T.);
#919=FACE_BOUND('',#935,.T.);
#920=FACE_BOUND('',#938,.T.);
#921=FACE_BOUND('',#939,.T.);
#922=FACE_BOUND('',#940,.T.);
#923=FACE_BOUND('',#941,.T.);
#924=FACE_BOUND('',#942,.T.);
#925=FACE_BOUND('',#943,.T.);
#926=FACE_BOUND('',#981,.T.);
#927=FACE_BOUND('',#982,.T.);
#928=EDGE_LOOP('',(#1072,#1073));
#929=EDGE_LOOP('',(#1074,#1075,#1076));
#930=EDGE_LOOP('',(#1077,#1078));
#931=EDGE_LOOP('',(#1079,#1080));
#932=EDGE_LOOP('',(#1081,#1082,#1083,#1084,#1085,#1086,#1087));
#933=EDGE_LOOP('',(#1088,#1089,#1090,#1091));
#934=EDGE_LOOP('',(#1092,#1093,#1094));
#935=EDGE_LOOP('',(#1095,#1096));
#936=EDGE_LOOP('',(#1097,#1098));
#937=EDGE_LOOP('',(#1099,#1100,#1101,#1102,#1103,#1104,#1105));
#938=EDGE_LOOP('',(#1106,#1107,#1108));
#939=EDGE_LOOP('',(#1109,#1110,#1111,#1112,#1113,#1114,#1115));
#940=EDGE_LOOP('',(#1116,#1117,#1118,#1119));
#941=EDGE_LOOP('',(#1120,#1121,#1122));
#942=EDGE_LOOP('',(#1123,#1124,#1125,#1126,#1127,#1128,#1129));
#943=EDGE_LOOP('',(#1130,#1131,#1132,#1133));
#944=EDGE_LOOP('',(#1134,#1135,#1136,#1137));
#945=EDGE_LOOP('',(#1138,#1139,#1140,#1141));
#946=EDGE_LOOP('',(#1142,#1143,#1144,#1145));
#947=EDGE_LOOP('',(#1146,#1147,#1148,#1149));
#948=EDGE_LOOP('',(#1150,#1151,#1152,#1153));
#949=EDGE_LOOP('',(#1154,#1155,#1156,#1157));
#950=EDGE_LOOP('',(#1158,#1159,#1160,#1161));
#951=EDGE_LOOP('',(#1162,#1163,#1164,#1165));
#952=EDGE_LOOP('',(#1166,#1167,#1168,#1169));
#953=EDGE_LOOP('',(#1170,#1171,#1172,#1173));
#954=EDGE_LOOP('',(#1174,#1175,#1176,#1177));
#955=EDGE_LOOP('',(#1178,#1179,#1180,#1181));
#956=EDGE_LOOP('',(#1182,#1183,#1184,#1185));
#957=EDGE_LOOP('',(#1186,#1187,#1188,#1189));
#958=EDGE_LOOP('',(#1190,#1191,#1192,#1193));
#959=EDGE_LOOP('',(#1194,#1195,#1196,#1197));
#960=EDGE_LOOP('',(#1198,#1199,#1200,#1201));
#961=EDGE_LOOP('',(#1202,#1203,#1204,#1205));
#962=EDGE_LOOP('',(#1206,#1207,#1208,#1209));
#963=EDGE_LOOP('',(#1210,#1211,#1212,#1213));
#964=EDGE_LOOP('',(#1214,#1215,#1216,#1217));
#965=EDGE_LOOP('',(#1218,#1219,#1220,#1221));
#966=EDGE_LOOP('',(#1222,#1223,#1224,#1225));
#967=EDGE_LOOP('',(#1226,#1227,#1228,#1229));
#968=EDGE_LOOP('',(#1230,#1231,#1232,#1233));
#969=EDGE_LOOP('',(#1234,#1235,#1236,#1237));
#970=EDGE_LOOP('',(#1238,#1239,#1240,#1241));
#971=EDGE_LOOP('',(#1242,#1243,#1244,#1245));
#972=EDGE_LOOP('',(#1246,#1247,#1248,#1249));
#973=EDGE_LOOP('',(#1250,#1251,#1252,#1253));
#974=EDGE_LOOP('',(#1254,#1255,#1256,#1257,#1258,#1259,#1260,#1261));
#975=EDGE_LOOP('',(#1262,#1263,#1264,#1265,#1266,#1267,#1268,#1269));
#976=EDGE_LOOP('',(#1270,#1271,#1272,#1273,#1274,#1275,#1276,#1277));
#977=EDGE_LOOP('',(#1278,#1279,#1280,#1281,#1282,#1283,#1284,#1285));
#978=EDGE_LOOP('',(#1286,#1287,#1288,#1289,#1290,#1291,#1292,#1293));
#979=EDGE_LOOP('',(#1294,#1295,#1296,#1297,#1298,#1299,#1300,#1301));
#980=EDGE_LOOP('',(#1302,#1303,#1304,#1305,#1306,#1307,#1308,#1309));
#981=EDGE_LOOP('',(#1310,#1311,#1312,#1313,#1314,#1315,#1316,#1317,#1318,
#1319,#1320,#1321,#1322,#1323,#1324,#1325,#1326,#1327,#1328,#1329,#1330,
#1331,#1332,#1333));
#982=EDGE_LOOP('',(#1334,#1335,#1336,#1337,#1338,#1339,#1340,#1341,#1342,
#1343,#1344,#1345,#1346,#1347,#1348,#1349,#1350,#1351,#1352,#1353,#1354,
#1355,#1356,#1357));
#983=EDGE_LOOP('',(#1358,#1359,#1360,#1361));
#984=EDGE_LOOP('',(#1362,#1363,#1364,#1365));
#985=EDGE_LOOP('',(#1366,#1367,#1368,#1369));
#986=EDGE_LOOP('',(#1370,#1371,#1372,#1373));
#987=EDGE_LOOP('',(#1374,#1375,#1376,#1377));
#988=EDGE_LOOP('',(#1378,#1379,#1380,#1381));
#989=EDGE_LOOP('',(#1382,#1383,#1384,#1385));
#990=EDGE_LOOP('',(#1386,#1387,#1388,#1389));
#991=EDGE_LOOP('',(#1390,#1391,#1392,#1393));
#992=EDGE_LOOP('',(#1394,#1395,#1396,#1397));
#993=EDGE_LOOP('',(#1398,#1399,#1400,#1401));
#994=EDGE_LOOP('',(#1402,#1403,#1404,#1405));
#995=EDGE_LOOP('',(#1406,#1407,#1408,#1409));
#996=EDGE_LOOP('',(#1410,#1411,#1412,#1413));
#997=EDGE_LOOP('',(#1414,#1415,#1416,#1417));
#998=EDGE_LOOP('',(#1418,#1419,#1420,#1421));
#999=EDGE_LOOP('',(#1422,#1423,#1424,#1425));
#1000=EDGE_LOOP('',(#1426,#1427,#1428,#1429));
#1001=EDGE_LOOP('',(#1430,#1431,#1432,#1433));
#1002=EDGE_LOOP('',(#1434,#1435,#1436,#1437));
#1003=EDGE_LOOP('',(#1438,#1439,#1440,#1441));
#1004=EDGE_LOOP('',(#1442,#1443,#1444,#1445));
#1005=EDGE_LOOP('',(#1446,#1447,#1448,#1449));
#1006=EDGE_LOOP('',(#1450,#1451,#1452,#1453));
#1007=EDGE_LOOP('',(#1454,#1455,#1456,#1457));
#1008=EDGE_LOOP('',(#1458,#1459,#1460,#1461));
#1009=EDGE_LOOP('',(#1462,#1463,#1464,#1465));
#1010=EDGE_LOOP('',(#1466,#1467,#1468,#1469));
#1011=EDGE_LOOP('',(#1470,#1471,#1472,#1473));
#1012=EDGE_LOOP('',(#1474,#1475,#1476,#1477));
#1013=EDGE_LOOP('',(#1478,#1479,#1480,#1481));
#1014=EDGE_LOOP('',(#1482,#1483,#1484,#1485));
#1015=EDGE_LOOP('',(#1486,#1487,#1488,#1489));
#1016=EDGE_LOOP('',(#1490,#1491,#1492,#1493));
#1017=EDGE_LOOP('',(#1494,#1495,#1496,#1497));
#1018=EDGE_LOOP('',(#1498,#1499,#1500,#1501));
#1019=EDGE_LOOP('',(#1502,#1503,#1504,#1505));
#1020=EDGE_LOOP('',(#1506,#1507,#1508,#1509));
#1021=EDGE_LOOP('',(#1510,#1511));
#1022=EDGE_LOOP('',(#1512,#1513,#1514,#1515));
#1023=EDGE_LOOP('',(#1516,#1517,#1518,#1519));
#1024=EDGE_LOOP('',(#1520,#1521,#1522,#1523));
#1025=EDGE_LOOP('',(#1524,#1525,#1526,#1527));
#1026=EDGE_LOOP('',(#1528,#1529,#1530,#1531,#1532,#1533,#1534,#1535));
#1027=EDGE_LOOP('',(#1536,#1537,#1538,#1539,#1540,#1541,#1542,#1543));
#1028=EDGE_LOOP('',(#1544,#1545,#1546,#1547,#1548,#1549,#1550,#1551));
#1029=EDGE_LOOP('',(#1552,#1553,#1554,#1555,#1556,#1557,#1558,#1559));
#1030=EDGE_LOOP('',(#1560,#1561,#1562,#1563,#1564,#1565,#1566,#1567));
#1031=EDGE_LOOP('',(#1568,#1569,#1570,#1571));
#1032=EDGE_LOOP('',(#1572,#1573,#1574,#1575));
#1033=EDGE_LOOP('',(#1576,#1577,#1578,#1579));
#1034=EDGE_LOOP('',(#1580,#1581,#1582,#1583));
#1035=EDGE_LOOP('',(#1584,#1585,#1586,#1587));
#1036=EDGE_LOOP('',(#1588,#1589,#1590,#1591));
#1037=EDGE_LOOP('',(#1592,#1593,#1594,#1595,#1596,#1597,#1598,#1599,#1600,
#1601));
#1038=EDGE_LOOP('',(#1602,#1603,#1604,#1605,#1606,#1607,#1608,#1609,#1610,
#1611));
#1039=EDGE_LOOP('',(#1612,#1613,#1614,#1615));
#1040=EDGE_LOOP('',(#1616,#1617,#1618,#1619,#1620,#1621,#1622,#1623,#1624,
#1625,#1626));
#1041=EDGE_LOOP('',(#1627,#1628,#1629,#1630,#1631,#1632,#1633,#1634,#1635,
#1636,#1637));
#1042=EDGE_LOOP('',(#1638,#1639,#1640,#1641,#1642,#1643,#1644,#1645,#1646,
#1647));
#1043=EDGE_LOOP('',(#1648,#1649,#1650,#1651));
#1044=EDGE_LOOP('',(#1652,#1653,#1654,#1655,#1656,#1657,#1658,#1659,#1660,
#1661));
#1045=EDGE_LOOP('',(#1662,#1663,#1664,#1665,#1666,#1667,#1668,#1669,#1670,
#1671));
#1046=EDGE_LOOP('',(#1672,#1673,#1674,#1675,#1676,#1677,#1678,#1679,#1680,
#1681));
#1047=EDGE_LOOP('',(#1682,#1683,#1684,#1685));
#1048=EDGE_LOOP('',(#1686,#1687,#1688,#1689,#1690,#1691,#1692,#1693,#1694,
#1695));
#1049=EDGE_LOOP('',(#1696,#1697,#1698,#1699,#1700,#1701,#1702,#1703,#1704,
#1705));
#1050=EDGE_LOOP('',(#1706,#1707,#1708,#1709));
#1051=EDGE_LOOP('',(#1710,#1711,#1712,#1713,#1714,#1715,#1716,#1717,#1718,
#1719));
#1052=EDGE_LOOP('',(#1720,#1721,#1722,#1723,#1724,#1725,#1726,#1727,#1728,
#1729));
#1053=EDGE_LOOP('',(#1730,#1731,#1732,#1733));
#1054=EDGE_LOOP('',(#1734,#1735,#1736,#1737));
#1055=EDGE_LOOP('',(#1738,#1739,#1740,#1741,#1742,#1743,#1744,#1745,#1746,
#1747));
#1056=EDGE_LOOP('',(#1748,#1749,#1750,#1751,#1752,#1753,#1754,#1755,#1756,
#1757));
#1057=EDGE_LOOP('',(#1758,#1759,#1760,#1761,#1762,#1763,#1764,#1765,#1766,
#1767,#1768));
#1058=EDGE_LOOP('',(#1769,#1770,#1771,#1772,#1773,#1774,#1775,#1776,#1777,
#1778,#1779));
#1059=EDGE_LOOP('',(#1780,#1781,#1782,#1783));
#1060=EDGE_LOOP('',(#1784,#1785,#1786,#1787,#1788,#1789,#1790,#1791,#1792,
#1793,#1794));
#1061=EDGE_LOOP('',(#1795,#1796,#1797,#1798,#1799,#1800,#1801,#1802,#1803,
#1804,#1805));
#1062=EDGE_LOOP('',(#1806,#1807,#1808,#1809));
#1063=EDGE_LOOP('',(#1810,#1811,#1812,#1813,#1814,#1815,#1816,#1817,#1818,
#1819,#1820));
#1064=EDGE_LOOP('',(#1821,#1822,#1823,#1824,#1825,#1826,#1827,#1828,#1829,
#1830,#1831));
#1065=EDGE_LOOP('',(#1832,#1833,#1834,#1835));
#1066=EDGE_LOOP('',(#1836,#1837,#1838,#1839,#1840,#1841,#1842,#1843,#1844,
#1845,#1846));
#1067=EDGE_LOOP('',(#1847,#1848,#1849,#1850,#1851,#1852,#1853,#1854,#1855,
#1856,#1857));
#1068=EDGE_LOOP('',(#1858,#1859,#1860,#1861));
#1069=EDGE_LOOP('',(#1862,#1863,#1864,#1865));
#1070=EDGE_LOOP('',(#1866,#1867,#1868,#1869,#1870,#1871,#1872,#1873,#1874,
#1875,#1876));
#1071=EDGE_LOOP('',(#1877,#1878,#1879,#1880,#1881,#1882,#1883,#1884,#1885,
#1886,#1887));
#1072=ORIENTED_EDGE('',*,*,#2170,.T.);
#1073=ORIENTED_EDGE('',*,*,#2171,.T.);
#1074=ORIENTED_EDGE('',*,*,#2172,.T.);
#1075=ORIENTED_EDGE('',*,*,#2173,.T.);
#1076=ORIENTED_EDGE('',*,*,#2174,.T.);
#1077=ORIENTED_EDGE('',*,*,#2175,.T.);
#1078=ORIENTED_EDGE('',*,*,#2176,.T.);
#1079=ORIENTED_EDGE('',*,*,#2176,.F.);
#1080=ORIENTED_EDGE('',*,*,#2175,.F.);
#1081=ORIENTED_EDGE('',*,*,#2177,.T.);
#1082=ORIENTED_EDGE('',*,*,#2178,.T.);
#1083=ORIENTED_EDGE('',*,*,#2179,.T.);
#1084=ORIENTED_EDGE('',*,*,#2180,.T.);
#1085=ORIENTED_EDGE('',*,*,#2181,.T.);
#1086=ORIENTED_EDGE('',*,*,#2182,.T.);
#1087=ORIENTED_EDGE('',*,*,#2183,.T.);
#1088=ORIENTED_EDGE('',*,*,#2184,.T.);
#1089=ORIENTED_EDGE('',*,*,#2185,.T.);
#1090=ORIENTED_EDGE('',*,*,#2186,.T.);
#1091=ORIENTED_EDGE('',*,*,#2187,.T.);
#1092=ORIENTED_EDGE('',*,*,#2188,.T.);
#1093=ORIENTED_EDGE('',*,*,#2189,.T.);
#1094=ORIENTED_EDGE('',*,*,#2190,.T.);
#1095=ORIENTED_EDGE('',*,*,#2191,.T.);
#1096=ORIENTED_EDGE('',*,*,#2192,.T.);
#1097=ORIENTED_EDGE('',*,*,#2192,.F.);
#1098=ORIENTED_EDGE('',*,*,#2191,.F.);
#1099=ORIENTED_EDGE('',*,*,#2193,.T.);
#1100=ORIENTED_EDGE('',*,*,#2194,.T.);
#1101=ORIENTED_EDGE('',*,*,#2195,.T.);
#1102=ORIENTED_EDGE('',*,*,#2196,.T.);
#1103=ORIENTED_EDGE('',*,*,#2197,.T.);
#1104=ORIENTED_EDGE('',*,*,#2198,.T.);
#1105=ORIENTED_EDGE('',*,*,#2199,.T.);
#1106=ORIENTED_EDGE('',*,*,#2173,.F.);
#1107=ORIENTED_EDGE('',*,*,#2172,.F.);
#1108=ORIENTED_EDGE('',*,*,#2174,.F.);
#1109=ORIENTED_EDGE('',*,*,#2178,.F.);
#1110=ORIENTED_EDGE('',*,*,#2177,.F.);
#1111=ORIENTED_EDGE('',*,*,#2183,.F.);
#1112=ORIENTED_EDGE('',*,*,#2182,.F.);
#1113=ORIENTED_EDGE('',*,*,#2181,.F.);
#1114=ORIENTED_EDGE('',*,*,#2180,.F.);
#1115=ORIENTED_EDGE('',*,*,#2179,.F.);
#1116=ORIENTED_EDGE('',*,*,#2185,.F.);
#1117=ORIENTED_EDGE('',*,*,#2184,.F.);
#1118=ORIENTED_EDGE('',*,*,#2187,.F.);
#1119=ORIENTED_EDGE('',*,*,#2186,.F.);
#1120=ORIENTED_EDGE('',*,*,#2189,.F.);
#1121=ORIENTED_EDGE('',*,*,#2188,.F.);
#1122=ORIENTED_EDGE('',*,*,#2190,.F.);
#1123=ORIENTED_EDGE('',*,*,#2194,.F.);
#1124=ORIENTED_EDGE('',*,*,#2193,.F.);
#1125=ORIENTED_EDGE('',*,*,#2199,.F.);
#1126=ORIENTED_EDGE('',*,*,#2198,.F.);
#1127=ORIENTED_EDGE('',*,*,#2197,.F.);
#1128=ORIENTED_EDGE('',*,*,#2196,.F.);
#1129=ORIENTED_EDGE('',*,*,#2195,.F.);
#1130=ORIENTED_EDGE('',*,*,#2200,.F.);
#1131=ORIENTED_EDGE('',*,*,#2201,.F.);
#1132=ORIENTED_EDGE('',*,*,#2202,.F.);
#1133=ORIENTED_EDGE('',*,*,#2203,.T.);
#1134=ORIENTED_EDGE('',*,*,#2204,.F.);
#1135=ORIENTED_EDGE('',*,*,#2205,.T.);
#1136=ORIENTED_EDGE('',*,*,#2206,.T.);
#1137=ORIENTED_EDGE('',*,*,#2207,.F.);
#1138=ORIENTED_EDGE('',*,*,#2208,.F.);
#1139=ORIENTED_EDGE('',*,*,#2209,.T.);
#1140=ORIENTED_EDGE('',*,*,#2210,.T.);
#1141=ORIENTED_EDGE('',*,*,#2211,.F.);
#1142=ORIENTED_EDGE('',*,*,#2212,.F.);
#1143=ORIENTED_EDGE('',*,*,#2213,.T.);
#1144=ORIENTED_EDGE('',*,*,#2214,.T.);
#1145=ORIENTED_EDGE('',*,*,#2215,.F.);
#1146=ORIENTED_EDGE('',*,*,#2216,.F.);
#1147=ORIENTED_EDGE('',*,*,#2217,.T.);
#1148=ORIENTED_EDGE('',*,*,#2218,.T.);
#1149=ORIENTED_EDGE('',*,*,#2219,.F.);
#1150=ORIENTED_EDGE('',*,*,#2220,.T.);
#1151=ORIENTED_EDGE('',*,*,#2221,.F.);
#1152=ORIENTED_EDGE('',*,*,#2222,.F.);
#1153=ORIENTED_EDGE('',*,*,#2223,.T.);
#1154=ORIENTED_EDGE('',*,*,#2224,.F.);
#1155=ORIENTED_EDGE('',*,*,#2225,.T.);
#1156=ORIENTED_EDGE('',*,*,#2226,.T.);
#1157=ORIENTED_EDGE('',*,*,#2227,.F.);
#1158=ORIENTED_EDGE('',*,*,#2228,.F.);
#1159=ORIENTED_EDGE('',*,*,#2207,.T.);
#1160=ORIENTED_EDGE('',*,*,#2229,.F.);
#1161=ORIENTED_EDGE('',*,*,#2230,.F.);
#1162=ORIENTED_EDGE('',*,*,#2231,.F.);
#1163=ORIENTED_EDGE('',*,*,#2211,.T.);
#1164=ORIENTED_EDGE('',*,*,#2232,.T.);
#1165=ORIENTED_EDGE('',*,*,#2233,.F.);
#1166=ORIENTED_EDGE('',*,*,#2234,.F.);
#1167=ORIENTED_EDGE('',*,*,#2215,.T.);
#1168=ORIENTED_EDGE('',*,*,#2235,.T.);
#1169=ORIENTED_EDGE('',*,*,#2236,.F.);
#1170=ORIENTED_EDGE('',*,*,#2237,.F.);
#1171=ORIENTED_EDGE('',*,*,#2219,.T.);
#1172=ORIENTED_EDGE('',*,*,#2238,.T.);
#1173=ORIENTED_EDGE('',*,*,#2239,.F.);
#1174=ORIENTED_EDGE('',*,*,#2240,.T.);
#1175=ORIENTED_EDGE('',*,*,#2241,.F.);
#1176=ORIENTED_EDGE('',*,*,#2242,.F.);
#1177=ORIENTED_EDGE('',*,*,#2221,.T.);
#1178=ORIENTED_EDGE('',*,*,#2243,.F.);
#1179=ORIENTED_EDGE('',*,*,#2227,.T.);
#1180=ORIENTED_EDGE('',*,*,#2244,.T.);
#1181=ORIENTED_EDGE('',*,*,#2245,.F.);
#1182=ORIENTED_EDGE('',*,*,#2246,.F.);
#1183=ORIENTED_EDGE('',*,*,#2230,.T.);
#1184=ORIENTED_EDGE('',*,*,#2247,.F.);
#1185=ORIENTED_EDGE('',*,*,#2248,.F.);
#1186=ORIENTED_EDGE('',*,*,#2249,.F.);
#1187=ORIENTED_EDGE('',*,*,#2233,.T.);
#1188=ORIENTED_EDGE('',*,*,#2250,.T.);
#1189=ORIENTED_EDGE('',*,*,#2251,.F.);
#1190=ORIENTED_EDGE('',*,*,#2252,.F.);
#1191=ORIENTED_EDGE('',*,*,#2236,.T.);
#1192=ORIENTED_EDGE('',*,*,#2253,.T.);
#1193=ORIENTED_EDGE('',*,*,#2254,.F.);
#1194=ORIENTED_EDGE('',*,*,#2255,.F.);
#1195=ORIENTED_EDGE('',*,*,#2239,.T.);
#1196=ORIENTED_EDGE('',*,*,#2256,.T.);
#1197=ORIENTED_EDGE('',*,*,#2257,.F.);
#1198=ORIENTED_EDGE('',*,*,#2258,.T.);
#1199=ORIENTED_EDGE('',*,*,#2259,.F.);
#1200=ORIENTED_EDGE('',*,*,#2260,.F.);
#1201=ORIENTED_EDGE('',*,*,#2241,.T.);
#1202=ORIENTED_EDGE('',*,*,#2261,.F.);
#1203=ORIENTED_EDGE('',*,*,#2245,.T.);
#1204=ORIENTED_EDGE('',*,*,#2262,.T.);
#1205=ORIENTED_EDGE('',*,*,#2263,.F.);
#1206=ORIENTED_EDGE('',*,*,#2264,.F.);
#1207=ORIENTED_EDGE('',*,*,#2248,.T.);
#1208=ORIENTED_EDGE('',*,*,#2265,.F.);
#1209=ORIENTED_EDGE('',*,*,#2266,.F.);
#1210=ORIENTED_EDGE('',*,*,#2267,.F.);
#1211=ORIENTED_EDGE('',*,*,#2251,.T.);
#1212=ORIENTED_EDGE('',*,*,#2268,.T.);
#1213=ORIENTED_EDGE('',*,*,#2269,.F.);
#1214=ORIENTED_EDGE('',*,*,#2270,.F.);
#1215=ORIENTED_EDGE('',*,*,#2254,.T.);
#1216=ORIENTED_EDGE('',*,*,#2271,.T.);
#1217=ORIENTED_EDGE('',*,*,#2272,.F.);
#1218=ORIENTED_EDGE('',*,*,#2273,.F.);
#1219=ORIENTED_EDGE('',*,*,#2257,.T.);
#1220=ORIENTED_EDGE('',*,*,#2274,.T.);
#1221=ORIENTED_EDGE('',*,*,#2275,.F.);
#1222=ORIENTED_EDGE('',*,*,#2276,.T.);
#1223=ORIENTED_EDGE('',*,*,#2277,.F.);
#1224=ORIENTED_EDGE('',*,*,#2278,.F.);
#1225=ORIENTED_EDGE('',*,*,#2259,.T.);
#1226=ORIENTED_EDGE('',*,*,#2279,.F.);
#1227=ORIENTED_EDGE('',*,*,#2263,.T.);
#1228=ORIENTED_EDGE('',*,*,#2280,.T.);
#1229=ORIENTED_EDGE('',*,*,#2281,.F.);
#1230=ORIENTED_EDGE('',*,*,#2282,.F.);
#1231=ORIENTED_EDGE('',*,*,#2266,.T.);
#1232=ORIENTED_EDGE('',*,*,#2283,.T.);
#1233=ORIENTED_EDGE('',*,*,#2284,.F.);
#1234=ORIENTED_EDGE('',*,*,#2285,.F.);
#1235=ORIENTED_EDGE('',*,*,#2269,.T.);
#1236=ORIENTED_EDGE('',*,*,#2286,.T.);
#1237=ORIENTED_EDGE('',*,*,#2287,.F.);
#1238=ORIENTED_EDGE('',*,*,#2288,.F.);
#1239=ORIENTED_EDGE('',*,*,#2272,.T.);
#1240=ORIENTED_EDGE('',*,*,#2289,.T.);
#1241=ORIENTED_EDGE('',*,*,#2290,.F.);
#1242=ORIENTED_EDGE('',*,*,#2291,.F.);
#1243=ORIENTED_EDGE('',*,*,#2275,.T.);
#1244=ORIENTED_EDGE('',*,*,#2292,.T.);
#1245=ORIENTED_EDGE('',*,*,#2293,.F.);
#1246=ORIENTED_EDGE('',*,*,#2294,.T.);
#1247=ORIENTED_EDGE('',*,*,#2295,.F.);
#1248=ORIENTED_EDGE('',*,*,#2296,.F.);
#1249=ORIENTED_EDGE('',*,*,#2277,.T.);
#1250=ORIENTED_EDGE('',*,*,#2297,.F.);
#1251=ORIENTED_EDGE('',*,*,#2281,.T.);
#1252=ORIENTED_EDGE('',*,*,#2298,.T.);
#1253=ORIENTED_EDGE('',*,*,#2299,.F.);
#1254=ORIENTED_EDGE('',*,*,#2300,.T.);
#1255=ORIENTED_EDGE('',*,*,#2223,.F.);
#1256=ORIENTED_EDGE('',*,*,#2301,.F.);
#1257=ORIENTED_EDGE('',*,*,#2302,.T.);
#1258=ORIENTED_EDGE('',*,*,#2303,.T.);
#1259=ORIENTED_EDGE('',*,*,#2225,.F.);
#1260=ORIENTED_EDGE('',*,*,#2304,.F.);
#1261=ORIENTED_EDGE('',*,*,#2305,.F.);
#1262=ORIENTED_EDGE('',*,*,#2306,.F.);
#1263=ORIENTED_EDGE('',*,*,#2284,.T.);
#1264=ORIENTED_EDGE('',*,*,#2307,.F.);
#1265=ORIENTED_EDGE('',*,*,#2308,.F.);
#1266=ORIENTED_EDGE('',*,*,#2309,.T.);
#1267=ORIENTED_EDGE('',*,*,#2310,.T.);
#1268=ORIENTED_EDGE('',*,*,#2311,.T.);
#1269=ORIENTED_EDGE('',*,*,#2312,.T.);
#1270=ORIENTED_EDGE('',*,*,#2313,.T.);
#1271=ORIENTED_EDGE('',*,*,#2314,.T.);
#1272=ORIENTED_EDGE('',*,*,#2315,.F.);
#1273=ORIENTED_EDGE('',*,*,#2316,.T.);
#1274=ORIENTED_EDGE('',*,*,#2317,.F.);
#1275=ORIENTED_EDGE('',*,*,#2318,.F.);
#1276=ORIENTED_EDGE('',*,*,#2319,.F.);
#1277=ORIENTED_EDGE('',*,*,#2295,.T.);
#1278=ORIENTED_EDGE('',*,*,#2320,.T.);
#1279=ORIENTED_EDGE('',*,*,#2321,.T.);
#1280=ORIENTED_EDGE('',*,*,#2322,.T.);
#1281=ORIENTED_EDGE('',*,*,#2323,.F.);
#1282=ORIENTED_EDGE('',*,*,#2287,.T.);
#1283=ORIENTED_EDGE('',*,*,#2324,.T.);
#1284=ORIENTED_EDGE('',*,*,#2325,.F.);
#1285=ORIENTED_EDGE('',*,*,#2326,.F.);
#1286=ORIENTED_EDGE('',*,*,#2327,.T.);
#1287=ORIENTED_EDGE('',*,*,#2328,.T.);
#1288=ORIENTED_EDGE('',*,*,#2329,.T.);
#1289=ORIENTED_EDGE('',*,*,#2330,.F.);
#1290=ORIENTED_EDGE('',*,*,#2290,.T.);
#1291=ORIENTED_EDGE('',*,*,#2331,.T.);
#1292=ORIENTED_EDGE('',*,*,#2332,.F.);
#1293=ORIENTED_EDGE('',*,*,#2333,.F.);
#1294=ORIENTED_EDGE('',*,*,#2334,.T.);
#1295=ORIENTED_EDGE('',*,*,#2335,.T.);
#1296=ORIENTED_EDGE('',*,*,#2336,.T.);
#1297=ORIENTED_EDGE('',*,*,#2337,.F.);
#1298=ORIENTED_EDGE('',*,*,#2293,.T.);
#1299=ORIENTED_EDGE('',*,*,#2338,.T.);
#1300=ORIENTED_EDGE('',*,*,#2339,.F.);
#1301=ORIENTED_EDGE('',*,*,#2340,.F.);
#1302=ORIENTED_EDGE('',*,*,#2341,.T.);
#1303=ORIENTED_EDGE('',*,*,#2342,.T.);
#1304=ORIENTED_EDGE('',*,*,#2343,.T.);
#1305=ORIENTED_EDGE('',*,*,#2344,.F.);
#1306=ORIENTED_EDGE('',*,*,#2299,.T.);
#1307=ORIENTED_EDGE('',*,*,#2345,.T.);
#1308=ORIENTED_EDGE('',*,*,#2346,.F.);
#1309=ORIENTED_EDGE('',*,*,#2347,.F.);
#1310=ORIENTED_EDGE('',*,*,#2348,.F.);
#1311=ORIENTED_EDGE('',*,*,#2349,.T.);
#1312=ORIENTED_EDGE('',*,*,#2350,.F.);
#1313=ORIENTED_EDGE('',*,*,#2351,.F.);
#1314=ORIENTED_EDGE('',*,*,#2352,.F.);
#1315=ORIENTED_EDGE('',*,*,#2353,.T.);
#1316=ORIENTED_EDGE('',*,*,#2354,.F.);
#1317=ORIENTED_EDGE('',*,*,#2355,.F.);
#1318=ORIENTED_EDGE('',*,*,#2356,.F.);
#1319=ORIENTED_EDGE('',*,*,#2357,.T.);
#1320=ORIENTED_EDGE('',*,*,#2358,.F.);
#1321=ORIENTED_EDGE('',*,*,#2359,.F.);
#1322=ORIENTED_EDGE('',*,*,#2360,.F.);
#1323=ORIENTED_EDGE('',*,*,#2361,.T.);
#1324=ORIENTED_EDGE('',*,*,#2362,.F.);
#1325=ORIENTED_EDGE('',*,*,#2363,.F.);
#1326=ORIENTED_EDGE('',*,*,#2364,.F.);
#1327=ORIENTED_EDGE('',*,*,#2365,.F.);
#1328=ORIENTED_EDGE('',*,*,#2203,.F.);
#1329=ORIENTED_EDGE('',*,*,#2366,.F.);
#1330=ORIENTED_EDGE('',*,*,#2367,.F.);
#1331=ORIENTED_EDGE('',*,*,#2368,.T.);
#1332=ORIENTED_EDGE('',*,*,#2369,.F.);
#1333=ORIENTED_EDGE('',*,*,#2370,.F.);
#1334=ORIENTED_EDGE('',*,*,#2371,.F.);
#1335=ORIENTED_EDGE('',*,*,#2372,.T.);
#1336=ORIENTED_EDGE('',*,*,#2373,.F.);
#1337=ORIENTED_EDGE('',*,*,#2374,.F.);
#1338=ORIENTED_EDGE('',*,*,#2375,.F.);
#1339=ORIENTED_EDGE('',*,*,#2376,.T.);
#1340=ORIENTED_EDGE('',*,*,#2377,.F.);
#1341=ORIENTED_EDGE('',*,*,#2378,.F.);
#1342=ORIENTED_EDGE('',*,*,#2379,.F.);
#1343=ORIENTED_EDGE('',*,*,#2380,.T.);
#1344=ORIENTED_EDGE('',*,*,#2381,.F.);
#1345=ORIENTED_EDGE('',*,*,#2382,.F.);
#1346=ORIENTED_EDGE('',*,*,#2383,.F.);
#1347=ORIENTED_EDGE('',*,*,#2384,.T.);
#1348=ORIENTED_EDGE('',*,*,#2385,.F.);
#1349=ORIENTED_EDGE('',*,*,#2386,.F.);
#1350=ORIENTED_EDGE('',*,*,#2387,.F.);
#1351=ORIENTED_EDGE('',*,*,#2388,.T.);
#1352=ORIENTED_EDGE('',*,*,#2389,.F.);
#1353=ORIENTED_EDGE('',*,*,#2390,.F.);
#1354=ORIENTED_EDGE('',*,*,#2391,.F.);
#1355=ORIENTED_EDGE('',*,*,#2392,.T.);
#1356=ORIENTED_EDGE('',*,*,#2393,.F.);
#1357=ORIENTED_EDGE('',*,*,#2394,.F.);
#1358=ORIENTED_EDGE('',*,*,#2395,.F.);
#1359=ORIENTED_EDGE('',*,*,#2396,.T.);
#1360=ORIENTED_EDGE('',*,*,#2397,.T.);
#1361=ORIENTED_EDGE('',*,*,#2375,.T.);
#1362=ORIENTED_EDGE('',*,*,#2398,.T.);
#1363=ORIENTED_EDGE('',*,*,#2379,.T.);
#1364=ORIENTED_EDGE('',*,*,#2399,.F.);
#1365=ORIENTED_EDGE('',*,*,#2400,.T.);
#1366=ORIENTED_EDGE('',*,*,#2401,.T.);
#1367=ORIENTED_EDGE('',*,*,#2402,.T.);
#1368=ORIENTED_EDGE('',*,*,#2371,.T.);
#1369=ORIENTED_EDGE('',*,*,#2403,.F.);
#1370=ORIENTED_EDGE('',*,*,#2404,.T.);
#1371=ORIENTED_EDGE('',*,*,#2405,.T.);
#1372=ORIENTED_EDGE('',*,*,#2391,.T.);
#1373=ORIENTED_EDGE('',*,*,#2406,.F.);
#1374=ORIENTED_EDGE('',*,*,#2407,.T.);
#1375=ORIENTED_EDGE('',*,*,#2408,.T.);
#1376=ORIENTED_EDGE('',*,*,#2387,.T.);
#1377=ORIENTED_EDGE('',*,*,#2409,.F.);
#1378=ORIENTED_EDGE('',*,*,#2410,.T.);
#1379=ORIENTED_EDGE('',*,*,#2411,.T.);
#1380=ORIENTED_EDGE('',*,*,#2383,.T.);
#1381=ORIENTED_EDGE('',*,*,#2412,.F.);
#1382=ORIENTED_EDGE('',*,*,#2396,.F.);
#1383=ORIENTED_EDGE('',*,*,#2413,.T.);
#1384=ORIENTED_EDGE('',*,*,#2312,.F.);
#1385=ORIENTED_EDGE('',*,*,#2414,.F.);
#1386=ORIENTED_EDGE('',*,*,#2314,.F.);
#1387=ORIENTED_EDGE('',*,*,#2415,.F.);
#1388=ORIENTED_EDGE('',*,*,#2400,.F.);
#1389=ORIENTED_EDGE('',*,*,#2416,.T.);
#1390=ORIENTED_EDGE('',*,*,#2417,.F.);
#1391=ORIENTED_EDGE('',*,*,#2401,.F.);
#1392=ORIENTED_EDGE('',*,*,#2418,.T.);
#1393=ORIENTED_EDGE('',*,*,#2322,.F.);
#1394=ORIENTED_EDGE('',*,*,#2419,.F.);
#1395=ORIENTED_EDGE('',*,*,#2404,.F.);
#1396=ORIENTED_EDGE('',*,*,#2420,.T.);
#1397=ORIENTED_EDGE('',*,*,#2329,.F.);
#1398=ORIENTED_EDGE('',*,*,#2421,.F.);
#1399=ORIENTED_EDGE('',*,*,#2407,.F.);
#1400=ORIENTED_EDGE('',*,*,#2422,.T.);
#1401=ORIENTED_EDGE('',*,*,#2336,.F.);
#1402=ORIENTED_EDGE('',*,*,#2423,.F.);
#1403=ORIENTED_EDGE('',*,*,#2410,.F.);
#1404=ORIENTED_EDGE('',*,*,#2424,.T.);
#1405=ORIENTED_EDGE('',*,*,#2343,.F.);
#1406=ORIENTED_EDGE('',*,*,#2425,.T.);
#1407=ORIENTED_EDGE('',*,*,#2426,.T.);
#1408=ORIENTED_EDGE('',*,*,#2427,.F.);
#1409=ORIENTED_EDGE('',*,*,#2428,.F.);
#1410=ORIENTED_EDGE('',*,*,#2429,.F.);
#1411=ORIENTED_EDGE('',*,*,#2430,.F.);
#1412=ORIENTED_EDGE('',*,*,#2431,.F.);
#1413=ORIENTED_EDGE('',*,*,#2432,.T.);
#1414=ORIENTED_EDGE('',*,*,#2433,.T.);
#1415=ORIENTED_EDGE('',*,*,#2434,.T.);
#1416=ORIENTED_EDGE('',*,*,#2435,.F.);
#1417=ORIENTED_EDGE('',*,*,#2436,.F.);
#1418=ORIENTED_EDGE('',*,*,#2437,.T.);
#1419=ORIENTED_EDGE('',*,*,#2438,.T.);
#1420=ORIENTED_EDGE('',*,*,#2439,.F.);
#1421=ORIENTED_EDGE('',*,*,#2440,.F.);
#1422=ORIENTED_EDGE('',*,*,#2441,.T.);
#1423=ORIENTED_EDGE('',*,*,#2442,.T.);
#1424=ORIENTED_EDGE('',*,*,#2443,.F.);
#1425=ORIENTED_EDGE('',*,*,#2444,.F.);
#1426=ORIENTED_EDGE('',*,*,#2427,.T.);
#1427=ORIENTED_EDGE('',*,*,#2445,.T.);
#1428=ORIENTED_EDGE('',*,*,#2446,.F.);
#1429=ORIENTED_EDGE('',*,*,#2447,.F.);
#1430=ORIENTED_EDGE('',*,*,#2448,.F.);
#1431=ORIENTED_EDGE('',*,*,#2449,.F.);
#1432=ORIENTED_EDGE('',*,*,#2450,.F.);
#1433=ORIENTED_EDGE('',*,*,#2430,.T.);
#1434=ORIENTED_EDGE('',*,*,#2435,.T.);
#1435=ORIENTED_EDGE('',*,*,#2451,.T.);
#1436=ORIENTED_EDGE('',*,*,#2452,.F.);
#1437=ORIENTED_EDGE('',*,*,#2453,.F.);
#1438=ORIENTED_EDGE('',*,*,#2439,.T.);
#1439=ORIENTED_EDGE('',*,*,#2454,.T.);
#1440=ORIENTED_EDGE('',*,*,#2455,.F.);
#1441=ORIENTED_EDGE('',*,*,#2456,.F.);
#1442=ORIENTED_EDGE('',*,*,#2443,.T.);
#1443=ORIENTED_EDGE('',*,*,#2457,.T.);
#1444=ORIENTED_EDGE('',*,*,#2458,.F.);
#1445=ORIENTED_EDGE('',*,*,#2459,.F.);
#1446=ORIENTED_EDGE('',*,*,#2446,.T.);
#1447=ORIENTED_EDGE('',*,*,#2460,.T.);
#1448=ORIENTED_EDGE('',*,*,#2461,.F.);
#1449=ORIENTED_EDGE('',*,*,#2462,.F.);
#1450=ORIENTED_EDGE('',*,*,#2463,.F.);
#1451=ORIENTED_EDGE('',*,*,#2464,.F.);
#1452=ORIENTED_EDGE('',*,*,#2465,.F.);
#1453=ORIENTED_EDGE('',*,*,#2449,.T.);
#1454=ORIENTED_EDGE('',*,*,#2452,.T.);
#1455=ORIENTED_EDGE('',*,*,#2466,.T.);
#1456=ORIENTED_EDGE('',*,*,#2467,.F.);
#1457=ORIENTED_EDGE('',*,*,#2468,.F.);
#1458=ORIENTED_EDGE('',*,*,#2455,.T.);
#1459=ORIENTED_EDGE('',*,*,#2469,.T.);
#1460=ORIENTED_EDGE('',*,*,#2470,.F.);
#1461=ORIENTED_EDGE('',*,*,#2471,.F.);
#1462=ORIENTED_EDGE('',*,*,#2458,.T.);
#1463=ORIENTED_EDGE('',*,*,#2472,.T.);
#1464=ORIENTED_EDGE('',*,*,#2473,.F.);
#1465=ORIENTED_EDGE('',*,*,#2474,.F.);
#1466=ORIENTED_EDGE('',*,*,#2461,.T.);
#1467=ORIENTED_EDGE('',*,*,#2475,.T.);
#1468=ORIENTED_EDGE('',*,*,#2476,.F.);
#1469=ORIENTED_EDGE('',*,*,#2477,.F.);
#1470=ORIENTED_EDGE('',*,*,#2478,.F.);
#1471=ORIENTED_EDGE('',*,*,#2479,.F.);
#1472=ORIENTED_EDGE('',*,*,#2480,.F.);
#1473=ORIENTED_EDGE('',*,*,#2464,.T.);
#1474=ORIENTED_EDGE('',*,*,#2467,.T.);
#1475=ORIENTED_EDGE('',*,*,#2481,.T.);
#1476=ORIENTED_EDGE('',*,*,#2482,.F.);
#1477=ORIENTED_EDGE('',*,*,#2483,.F.);
#1478=ORIENTED_EDGE('',*,*,#2470,.T.);
#1479=ORIENTED_EDGE('',*,*,#2484,.T.);
#1480=ORIENTED_EDGE('',*,*,#2485,.F.);
#1481=ORIENTED_EDGE('',*,*,#2486,.F.);
#1482=ORIENTED_EDGE('',*,*,#2473,.T.);
#1483=ORIENTED_EDGE('',*,*,#2487,.T.);
#1484=ORIENTED_EDGE('',*,*,#2488,.F.);
#1485=ORIENTED_EDGE('',*,*,#2489,.F.);
#1486=ORIENTED_EDGE('',*,*,#2476,.T.);
#1487=ORIENTED_EDGE('',*,*,#2490,.T.);
#1488=ORIENTED_EDGE('',*,*,#2320,.F.);
#1489=ORIENTED_EDGE('',*,*,#2491,.F.);
#1490=ORIENTED_EDGE('',*,*,#2492,.F.);
#1491=ORIENTED_EDGE('',*,*,#2316,.F.);
#1492=ORIENTED_EDGE('',*,*,#2493,.F.);
#1493=ORIENTED_EDGE('',*,*,#2479,.T.);
#1494=ORIENTED_EDGE('',*,*,#2482,.T.);
#1495=ORIENTED_EDGE('',*,*,#2494,.T.);
#1496=ORIENTED_EDGE('',*,*,#2327,.F.);
#1497=ORIENTED_EDGE('',*,*,#2495,.F.);
#1498=ORIENTED_EDGE('',*,*,#2485,.T.);
#1499=ORIENTED_EDGE('',*,*,#2496,.T.);
#1500=ORIENTED_EDGE('',*,*,#2334,.F.);
#1501=ORIENTED_EDGE('',*,*,#2497,.F.);
#1502=ORIENTED_EDGE('',*,*,#2488,.T.);
#1503=ORIENTED_EDGE('',*,*,#2498,.T.);
#1504=ORIENTED_EDGE('',*,*,#2341,.F.);
#1505=ORIENTED_EDGE('',*,*,#2499,.F.);
#1506=ORIENTED_EDGE('',*,*,#2500,.F.);
#1507=ORIENTED_EDGE('',*,*,#2369,.T.);
#1508=ORIENTED_EDGE('',*,*,#2501,.T.);
#1509=ORIENTED_EDGE('',*,*,#2502,.F.);
#1510=ORIENTED_EDGE('',*,*,#2171,.F.);
#1511=ORIENTED_EDGE('',*,*,#2170,.F.);
#1512=ORIENTED_EDGE('',*,*,#2350,.T.);
#1513=ORIENTED_EDGE('',*,*,#2503,.T.);
#1514=ORIENTED_EDGE('',*,*,#2504,.F.);
#1515=ORIENTED_EDGE('',*,*,#2505,.F.);
#1516=ORIENTED_EDGE('',*,*,#2354,.T.);
#1517=ORIENTED_EDGE('',*,*,#2506,.T.);
#1518=ORIENTED_EDGE('',*,*,#2507,.F.);
#1519=ORIENTED_EDGE('',*,*,#2508,.F.);
#1520=ORIENTED_EDGE('',*,*,#2358,.T.);
#1521=ORIENTED_EDGE('',*,*,#2509,.T.);
#1522=ORIENTED_EDGE('',*,*,#2510,.F.);
#1523=ORIENTED_EDGE('',*,*,#2511,.F.);
#1524=ORIENTED_EDGE('',*,*,#2362,.T.);
#1525=ORIENTED_EDGE('',*,*,#2512,.T.);
#1526=ORIENTED_EDGE('',*,*,#2302,.F.);
#1527=ORIENTED_EDGE('',*,*,#2513,.F.);
#1528=ORIENTED_EDGE('',*,*,#2514,.F.);
#1529=ORIENTED_EDGE('',*,*,#2515,.T.);
#1530=ORIENTED_EDGE('',*,*,#2425,.F.);
#1531=ORIENTED_EDGE('',*,*,#2516,.F.);
#1532=ORIENTED_EDGE('',*,*,#2502,.T.);
#1533=ORIENTED_EDGE('',*,*,#2517,.T.);
#1534=ORIENTED_EDGE('',*,*,#2205,.F.);
#1535=ORIENTED_EDGE('',*,*,#2518,.F.);
#1536=ORIENTED_EDGE('',*,*,#2519,.F.);
#1537=ORIENTED_EDGE('',*,*,#2432,.F.);
#1538=ORIENTED_EDGE('',*,*,#2520,.F.);
#1539=ORIENTED_EDGE('',*,*,#2521,.F.);
#1540=ORIENTED_EDGE('',*,*,#2522,.T.);
#1541=ORIENTED_EDGE('',*,*,#2523,.F.);
#1542=ORIENTED_EDGE('',*,*,#2524,.F.);
#1543=ORIENTED_EDGE('',*,*,#2201,.T.);
#1544=ORIENTED_EDGE('',*,*,#2525,.F.);
#1545=ORIENTED_EDGE('',*,*,#2526,.T.);
#1546=ORIENTED_EDGE('',*,*,#2433,.F.);
#1547=ORIENTED_EDGE('',*,*,#2527,.F.);
#1548=ORIENTED_EDGE('',*,*,#2504,.T.);
#1549=ORIENTED_EDGE('',*,*,#2528,.T.);
#1550=ORIENTED_EDGE('',*,*,#2209,.F.);
#1551=ORIENTED_EDGE('',*,*,#2529,.F.);
#1552=ORIENTED_EDGE('',*,*,#2530,.F.);
#1553=ORIENTED_EDGE('',*,*,#2531,.T.);
#1554=ORIENTED_EDGE('',*,*,#2437,.F.);
#1555=ORIENTED_EDGE('',*,*,#2532,.F.);
#1556=ORIENTED_EDGE('',*,*,#2507,.T.);
#1557=ORIENTED_EDGE('',*,*,#2533,.T.);
#1558=ORIENTED_EDGE('',*,*,#2213,.F.);
#1559=ORIENTED_EDGE('',*,*,#2534,.F.);
#1560=ORIENTED_EDGE('',*,*,#2535,.F.);
#1561=ORIENTED_EDGE('',*,*,#2536,.T.);
#1562=ORIENTED_EDGE('',*,*,#2441,.F.);
#1563=ORIENTED_EDGE('',*,*,#2537,.F.);
#1564=ORIENTED_EDGE('',*,*,#2510,.T.);
#1565=ORIENTED_EDGE('',*,*,#2538,.T.);
#1566=ORIENTED_EDGE('',*,*,#2217,.F.);
#1567=ORIENTED_EDGE('',*,*,#2539,.F.);
#1568=ORIENTED_EDGE('',*,*,#2523,.T.);
#1569=ORIENTED_EDGE('',*,*,#2540,.T.);
#1570=ORIENTED_EDGE('',*,*,#2541,.F.);
#1571=ORIENTED_EDGE('',*,*,#2542,.F.);
#1572=ORIENTED_EDGE('',*,*,#2541,.T.);
#1573=ORIENTED_EDGE('',*,*,#2543,.T.);
#1574=ORIENTED_EDGE('',*,*,#2544,.F.);
#1575=ORIENTED_EDGE('',*,*,#2545,.T.);
#1576=ORIENTED_EDGE('',*,*,#2544,.T.);
#1577=ORIENTED_EDGE('',*,*,#2546,.T.);
#1578=ORIENTED_EDGE('',*,*,#2547,.F.);
#1579=ORIENTED_EDGE('',*,*,#2548,.T.);
#1580=ORIENTED_EDGE('',*,*,#2547,.T.);
#1581=ORIENTED_EDGE('',*,*,#2549,.T.);
#1582=ORIENTED_EDGE('',*,*,#2550,.F.);
#1583=ORIENTED_EDGE('',*,*,#2551,.T.);
#1584=ORIENTED_EDGE('',*,*,#2550,.T.);
#1585=ORIENTED_EDGE('',*,*,#2552,.T.);
#1586=ORIENTED_EDGE('',*,*,#2310,.F.);
#1587=ORIENTED_EDGE('',*,*,#2553,.F.);
#1588=ORIENTED_EDGE('',*,*,#2308,.T.);
#1589=ORIENTED_EDGE('',*,*,#2554,.F.);
#1590=ORIENTED_EDGE('',*,*,#2367,.T.);
#1591=ORIENTED_EDGE('',*,*,#2555,.T.);
#1592=ORIENTED_EDGE('',*,*,#2501,.F.);
#1593=ORIENTED_EDGE('',*,*,#2368,.F.);
#1594=ORIENTED_EDGE('',*,*,#2554,.T.);
#1595=ORIENTED_EDGE('',*,*,#2307,.T.);
#1596=ORIENTED_EDGE('',*,*,#2283,.F.);
#1597=ORIENTED_EDGE('',*,*,#2265,.T.);
#1598=ORIENTED_EDGE('',*,*,#2247,.T.);
#1599=ORIENTED_EDGE('',*,*,#2229,.T.);
#1600=ORIENTED_EDGE('',*,*,#2206,.F.);
#1601=ORIENTED_EDGE('',*,*,#2517,.F.);
#1602=ORIENTED_EDGE('',*,*,#2524,.T.);
#1603=ORIENTED_EDGE('',*,*,#2542,.T.);
#1604=ORIENTED_EDGE('',*,*,#2545,.F.);
#1605=ORIENTED_EDGE('',*,*,#2548,.F.);
#1606=ORIENTED_EDGE('',*,*,#2551,.F.);
#1607=ORIENTED_EDGE('',*,*,#2553,.T.);
#1608=ORIENTED_EDGE('',*,*,#2309,.F.);
#1609=ORIENTED_EDGE('',*,*,#2555,.F.);
#1610=ORIENTED_EDGE('',*,*,#2366,.T.);
#1611=ORIENTED_EDGE('',*,*,#2202,.T.);
#1612=ORIENTED_EDGE('',*,*,#2521,.T.);
#1613=ORIENTED_EDGE('',*,*,#2556,.T.);
#1614=ORIENTED_EDGE('',*,*,#2377,.T.);
#1615=ORIENTED_EDGE('',*,*,#2557,.F.);
#1616=ORIENTED_EDGE('',*,*,#2557,.T.);
#1617=ORIENTED_EDGE('',*,*,#2376,.F.);
#1618=ORIENTED_EDGE('',*,*,#2397,.F.);
#1619=ORIENTED_EDGE('',*,*,#2414,.T.);
#1620=ORIENTED_EDGE('',*,*,#2311,.F.);
#1621=ORIENTED_EDGE('',*,*,#2552,.F.);
#1622=ORIENTED_EDGE('',*,*,#2549,.F.);
#1623=ORIENTED_EDGE('',*,*,#2546,.F.);
#1624=ORIENTED_EDGE('',*,*,#2543,.F.);
#1625=ORIENTED_EDGE('',*,*,#2540,.F.);
#1626=ORIENTED_EDGE('',*,*,#2522,.F.);
#1627=ORIENTED_EDGE('',*,*,#2520,.T.);
#1628=ORIENTED_EDGE('',*,*,#2431,.T.);
#1629=ORIENTED_EDGE('',*,*,#2450,.T.);
#1630=ORIENTED_EDGE('',*,*,#2465,.T.);
#1631=ORIENTED_EDGE('',*,*,#2480,.T.);
#1632=ORIENTED_EDGE('',*,*,#2493,.T.);
#1633=ORIENTED_EDGE('',*,*,#2315,.T.);
#1634=ORIENTED_EDGE('',*,*,#2416,.F.);
#1635=ORIENTED_EDGE('',*,*,#2399,.T.);
#1636=ORIENTED_EDGE('',*,*,#2378,.T.);
#1637=ORIENTED_EDGE('',*,*,#2556,.F.);
#1638=ORIENTED_EDGE('',*,*,#2301,.T.);
#1639=ORIENTED_EDGE('',*,*,#2222,.T.);
#1640=ORIENTED_EDGE('',*,*,#2242,.T.);
#1641=ORIENTED_EDGE('',*,*,#2260,.T.);
#1642=ORIENTED_EDGE('',*,*,#2278,.T.);
#1643=ORIENTED_EDGE('',*,*,#2296,.T.);
#1644=ORIENTED_EDGE('',*,*,#2319,.T.);
#1645=ORIENTED_EDGE('',*,*,#2558,.T.);
#1646=ORIENTED_EDGE('',*,*,#2363,.T.);
#1647=ORIENTED_EDGE('',*,*,#2513,.T.);
#1648=ORIENTED_EDGE('',*,*,#2318,.T.);
#1649=ORIENTED_EDGE('',*,*,#2559,.T.);
#1650=ORIENTED_EDGE('',*,*,#2364,.T.);
#1651=ORIENTED_EDGE('',*,*,#2558,.F.);
#1652=ORIENTED_EDGE('',*,*,#2519,.T.);
#1653=ORIENTED_EDGE('',*,*,#2200,.T.);
#1654=ORIENTED_EDGE('',*,*,#2365,.T.);
#1655=ORIENTED_EDGE('',*,*,#2559,.F.);
#1656=ORIENTED_EDGE('',*,*,#2317,.T.);
#1657=ORIENTED_EDGE('',*,*,#2492,.T.);
#1658=ORIENTED_EDGE('',*,*,#2478,.T.);
#1659=ORIENTED_EDGE('',*,*,#2463,.T.);
#1660=ORIENTED_EDGE('',*,*,#2448,.T.);
#1661=ORIENTED_EDGE('',*,*,#2429,.T.);
#1662=ORIENTED_EDGE('',*,*,#2512,.F.);
#1663=ORIENTED_EDGE('',*,*,#2361,.F.);
#1664=ORIENTED_EDGE('',*,*,#2560,.F.);
#1665=ORIENTED_EDGE('',*,*,#2345,.F.);
#1666=ORIENTED_EDGE('',*,*,#2298,.F.);
#1667=ORIENTED_EDGE('',*,*,#2280,.F.);
#1668=ORIENTED_EDGE('',*,*,#2262,.F.);
#1669=ORIENTED_EDGE('',*,*,#2244,.F.);
#1670=ORIENTED_EDGE('',*,*,#2226,.F.);
#1671=ORIENTED_EDGE('',*,*,#2303,.F.);
#1672=ORIENTED_EDGE('',*,*,#2537,.T.);
#1673=ORIENTED_EDGE('',*,*,#2444,.T.);
#1674=ORIENTED_EDGE('',*,*,#2459,.T.);
#1675=ORIENTED_EDGE('',*,*,#2474,.T.);
#1676=ORIENTED_EDGE('',*,*,#2489,.T.);
#1677=ORIENTED_EDGE('',*,*,#2499,.T.);
#1678=ORIENTED_EDGE('',*,*,#2347,.T.);
#1679=ORIENTED_EDGE('',*,*,#2561,.T.);
#1680=ORIENTED_EDGE('',*,*,#2359,.T.);
#1681=ORIENTED_EDGE('',*,*,#2511,.T.);
#1682=ORIENTED_EDGE('',*,*,#2346,.T.);
#1683=ORIENTED_EDGE('',*,*,#2560,.T.);
#1684=ORIENTED_EDGE('',*,*,#2360,.T.);
#1685=ORIENTED_EDGE('',*,*,#2561,.F.);
#1686=ORIENTED_EDGE('',*,*,#2509,.F.);
#1687=ORIENTED_EDGE('',*,*,#2357,.F.);
#1688=ORIENTED_EDGE('',*,*,#2562,.F.);
#1689=ORIENTED_EDGE('',*,*,#2338,.F.);
#1690=ORIENTED_EDGE('',*,*,#2292,.F.);
#1691=ORIENTED_EDGE('',*,*,#2274,.F.);
#1692=ORIENTED_EDGE('',*,*,#2256,.F.);
#1693=ORIENTED_EDGE('',*,*,#2238,.F.);
#1694=ORIENTED_EDGE('',*,*,#2218,.F.);
#1695=ORIENTED_EDGE('',*,*,#2538,.F.);
#1696=ORIENTED_EDGE('',*,*,#2532,.T.);
#1697=ORIENTED_EDGE('',*,*,#2440,.T.);
#1698=ORIENTED_EDGE('',*,*,#2456,.T.);
#1699=ORIENTED_EDGE('',*,*,#2471,.T.);
#1700=ORIENTED_EDGE('',*,*,#2486,.T.);
#1701=ORIENTED_EDGE('',*,*,#2497,.T.);
#1702=ORIENTED_EDGE('',*,*,#2340,.T.);
#1703=ORIENTED_EDGE('',*,*,#2563,.T.);
#1704=ORIENTED_EDGE('',*,*,#2355,.T.);
#1705=ORIENTED_EDGE('',*,*,#2508,.T.);
#1706=ORIENTED_EDGE('',*,*,#2339,.T.);
#1707=ORIENTED_EDGE('',*,*,#2562,.T.);
#1708=ORIENTED_EDGE('',*,*,#2356,.T.);
#1709=ORIENTED_EDGE('',*,*,#2563,.F.);
#1710=ORIENTED_EDGE('',*,*,#2506,.F.);
#1711=ORIENTED_EDGE('',*,*,#2353,.F.);
#1712=ORIENTED_EDGE('',*,*,#2564,.F.);
#1713=ORIENTED_EDGE('',*,*,#2331,.F.);
#1714=ORIENTED_EDGE('',*,*,#2289,.F.);
#1715=ORIENTED_EDGE('',*,*,#2271,.F.);
#1716=ORIENTED_EDGE('',*,*,#2253,.F.);
#1717=ORIENTED_EDGE('',*,*,#2235,.F.);
#1718=ORIENTED_EDGE('',*,*,#2214,.F.);
#1719=ORIENTED_EDGE('',*,*,#2533,.F.);
#1720=ORIENTED_EDGE('',*,*,#2527,.T.);
#1721=ORIENTED_EDGE('',*,*,#2436,.T.);
#1722=ORIENTED_EDGE('',*,*,#2453,.T.);
#1723=ORIENTED_EDGE('',*,*,#2468,.T.);
#1724=ORIENTED_EDGE('',*,*,#2483,.T.);
#1725=ORIENTED_EDGE('',*,*,#2495,.T.);
#1726=ORIENTED_EDGE('',*,*,#2333,.T.);
#1727=ORIENTED_EDGE('',*,*,#2565,.T.);
#1728=ORIENTED_EDGE('',*,*,#2351,.T.);
#1729=ORIENTED_EDGE('',*,*,#2505,.T.);
#1730=ORIENTED_EDGE('',*,*,#2332,.T.);
#1731=ORIENTED_EDGE('',*,*,#2564,.T.);
#1732=ORIENTED_EDGE('',*,*,#2352,.T.);
#1733=ORIENTED_EDGE('',*,*,#2565,.F.);
#1734=ORIENTED_EDGE('',*,*,#2325,.T.);
#1735=ORIENTED_EDGE('',*,*,#2566,.T.);
#1736=ORIENTED_EDGE('',*,*,#2348,.T.);
#1737=ORIENTED_EDGE('',*,*,#2567,.F.);
#1738=ORIENTED_EDGE('',*,*,#2503,.F.);
#1739=ORIENTED_EDGE('',*,*,#2349,.F.);
#1740=ORIENTED_EDGE('',*,*,#2566,.F.);
#1741=ORIENTED_EDGE('',*,*,#2324,.F.);
#1742=ORIENTED_EDGE('',*,*,#2286,.F.);
#1743=ORIENTED_EDGE('',*,*,#2268,.F.);
#1744=ORIENTED_EDGE('',*,*,#2250,.F.);
#1745=ORIENTED_EDGE('',*,*,#2232,.F.);
#1746=ORIENTED_EDGE('',*,*,#2210,.F.);
#1747=ORIENTED_EDGE('',*,*,#2528,.F.);
#1748=ORIENTED_EDGE('',*,*,#2516,.T.);
#1749=ORIENTED_EDGE('',*,*,#2428,.T.);
#1750=ORIENTED_EDGE('',*,*,#2447,.T.);
#1751=ORIENTED_EDGE('',*,*,#2462,.T.);
#1752=ORIENTED_EDGE('',*,*,#2477,.T.);
#1753=ORIENTED_EDGE('',*,*,#2491,.T.);
#1754=ORIENTED_EDGE('',*,*,#2326,.T.);
#1755=ORIENTED_EDGE('',*,*,#2567,.T.);
#1756=ORIENTED_EDGE('',*,*,#2370,.T.);
#1757=ORIENTED_EDGE('',*,*,#2500,.T.);
#1758=ORIENTED_EDGE('',*,*,#2382,.T.);
#1759=ORIENTED_EDGE('',*,*,#2568,.T.);
#1760=ORIENTED_EDGE('',*,*,#2304,.T.);
#1761=ORIENTED_EDGE('',*,*,#2224,.T.);
#1762=ORIENTED_EDGE('',*,*,#2243,.T.);
#1763=ORIENTED_EDGE('',*,*,#2261,.T.);
#1764=ORIENTED_EDGE('',*,*,#2279,.T.);
#1765=ORIENTED_EDGE('',*,*,#2297,.T.);
#1766=ORIENTED_EDGE('',*,*,#2344,.T.);
#1767=ORIENTED_EDGE('',*,*,#2424,.F.);
#1768=ORIENTED_EDGE('',*,*,#2412,.T.);
#1769=ORIENTED_EDGE('',*,*,#2380,.F.);
#1770=ORIENTED_EDGE('',*,*,#2398,.F.);
#1771=ORIENTED_EDGE('',*,*,#2415,.T.);
#1772=ORIENTED_EDGE('',*,*,#2313,.F.);
#1773=ORIENTED_EDGE('',*,*,#2294,.F.);
#1774=ORIENTED_EDGE('',*,*,#2276,.F.);
#1775=ORIENTED_EDGE('',*,*,#2258,.F.);
#1776=ORIENTED_EDGE('',*,*,#2240,.F.);
#1777=ORIENTED_EDGE('',*,*,#2220,.F.);
#1778=ORIENTED_EDGE('',*,*,#2300,.F.);
#1779=ORIENTED_EDGE('',*,*,#2569,.F.);
#1780=ORIENTED_EDGE('',*,*,#2305,.T.);
#1781=ORIENTED_EDGE('',*,*,#2568,.F.);
#1782=ORIENTED_EDGE('',*,*,#2381,.T.);
#1783=ORIENTED_EDGE('',*,*,#2569,.T.);
#1784=ORIENTED_EDGE('',*,*,#2386,.T.);
#1785=ORIENTED_EDGE('',*,*,#2570,.T.);
#1786=ORIENTED_EDGE('',*,*,#2539,.T.);
#1787=ORIENTED_EDGE('',*,*,#2216,.T.);
#1788=ORIENTED_EDGE('',*,*,#2237,.T.);
#1789=ORIENTED_EDGE('',*,*,#2255,.T.);
#1790=ORIENTED_EDGE('',*,*,#2273,.T.);
#1791=ORIENTED_EDGE('',*,*,#2291,.T.);
#1792=ORIENTED_EDGE('',*,*,#2337,.T.);
#1793=ORIENTED_EDGE('',*,*,#2422,.F.);
#1794=ORIENTED_EDGE('',*,*,#2409,.T.);
#1795=ORIENTED_EDGE('',*,*,#2411,.F.);
#1796=ORIENTED_EDGE('',*,*,#2423,.T.);
#1797=ORIENTED_EDGE('',*,*,#2342,.F.);
#1798=ORIENTED_EDGE('',*,*,#2498,.F.);
#1799=ORIENTED_EDGE('',*,*,#2487,.F.);
#1800=ORIENTED_EDGE('',*,*,#2472,.F.);
#1801=ORIENTED_EDGE('',*,*,#2457,.F.);
#1802=ORIENTED_EDGE('',*,*,#2442,.F.);
#1803=ORIENTED_EDGE('',*,*,#2536,.F.);
#1804=ORIENTED_EDGE('',*,*,#2571,.F.);
#1805=ORIENTED_EDGE('',*,*,#2384,.F.);
#1806=ORIENTED_EDGE('',*,*,#2535,.T.);
#1807=ORIENTED_EDGE('',*,*,#2570,.F.);
#1808=ORIENTED_EDGE('',*,*,#2385,.T.);
#1809=ORIENTED_EDGE('',*,*,#2571,.T.);
#1810=ORIENTED_EDGE('',*,*,#2390,.T.);
#1811=ORIENTED_EDGE('',*,*,#2572,.T.);
#1812=ORIENTED_EDGE('',*,*,#2534,.T.);
#1813=ORIENTED_EDGE('',*,*,#2212,.T.);
#1814=ORIENTED_EDGE('',*,*,#2234,.T.);
#1815=ORIENTED_EDGE('',*,*,#2252,.T.);
#1816=ORIENTED_EDGE('',*,*,#2270,.T.);
#1817=ORIENTED_EDGE('',*,*,#2288,.T.);
#1818=ORIENTED_EDGE('',*,*,#2330,.T.);
#1819=ORIENTED_EDGE('',*,*,#2420,.F.);
#1820=ORIENTED_EDGE('',*,*,#2406,.T.);
#1821=ORIENTED_EDGE('',*,*,#2408,.F.);
#1822=ORIENTED_EDGE('',*,*,#2421,.T.);
#1823=ORIENTED_EDGE('',*,*,#2335,.F.);
#1824=ORIENTED_EDGE('',*,*,#2496,.F.);
#1825=ORIENTED_EDGE('',*,*,#2484,.F.);
#1826=ORIENTED_EDGE('',*,*,#2469,.F.);
#1827=ORIENTED_EDGE('',*,*,#2454,.F.);
#1828=ORIENTED_EDGE('',*,*,#2438,.F.);
#1829=ORIENTED_EDGE('',*,*,#2531,.F.);
#1830=ORIENTED_EDGE('',*,*,#2573,.F.);
#1831=ORIENTED_EDGE('',*,*,#2388,.F.);
#1832=ORIENTED_EDGE('',*,*,#2530,.T.);
#1833=ORIENTED_EDGE('',*,*,#2572,.F.);
#1834=ORIENTED_EDGE('',*,*,#2389,.T.);
#1835=ORIENTED_EDGE('',*,*,#2573,.T.);
#1836=ORIENTED_EDGE('',*,*,#2394,.T.);
#1837=ORIENTED_EDGE('',*,*,#2574,.T.);
#1838=ORIENTED_EDGE('',*,*,#2529,.T.);
#1839=ORIENTED_EDGE('',*,*,#2208,.T.);
#1840=ORIENTED_EDGE('',*,*,#2231,.T.);
#1841=ORIENTED_EDGE('',*,*,#2249,.T.);
#1842=ORIENTED_EDGE('',*,*,#2267,.T.);
#1843=ORIENTED_EDGE('',*,*,#2285,.T.);
#1844=ORIENTED_EDGE('',*,*,#2323,.T.);
#1845=ORIENTED_EDGE('',*,*,#2418,.F.);
#1846=ORIENTED_EDGE('',*,*,#2403,.T.);
#1847=ORIENTED_EDGE('',*,*,#2405,.F.);
#1848=ORIENTED_EDGE('',*,*,#2419,.T.);
#1849=ORIENTED_EDGE('',*,*,#2328,.F.);
#1850=ORIENTED_EDGE('',*,*,#2494,.F.);
#1851=ORIENTED_EDGE('',*,*,#2481,.F.);
#1852=ORIENTED_EDGE('',*,*,#2466,.F.);
#1853=ORIENTED_EDGE('',*,*,#2451,.F.);
#1854=ORIENTED_EDGE('',*,*,#2434,.F.);
#1855=ORIENTED_EDGE('',*,*,#2526,.F.);
#1856=ORIENTED_EDGE('',*,*,#2575,.F.);
#1857=ORIENTED_EDGE('',*,*,#2392,.F.);
#1858=ORIENTED_EDGE('',*,*,#2525,.T.);
#1859=ORIENTED_EDGE('',*,*,#2574,.F.);
#1860=ORIENTED_EDGE('',*,*,#2393,.T.);
#1861=ORIENTED_EDGE('',*,*,#2575,.T.);
#1862=ORIENTED_EDGE('',*,*,#2514,.T.);
#1863=ORIENTED_EDGE('',*,*,#2576,.F.);
#1864=ORIENTED_EDGE('',*,*,#2373,.T.);
#1865=ORIENTED_EDGE('',*,*,#2577,.T.);
#1866=ORIENTED_EDGE('',*,*,#2402,.F.);
#1867=ORIENTED_EDGE('',*,*,#2417,.T.);
#1868=ORIENTED_EDGE('',*,*,#2321,.F.);
#1869=ORIENTED_EDGE('',*,*,#2490,.F.);
#1870=ORIENTED_EDGE('',*,*,#2475,.F.);
#1871=ORIENTED_EDGE('',*,*,#2460,.F.);
#1872=ORIENTED_EDGE('',*,*,#2445,.F.);
#1873=ORIENTED_EDGE('',*,*,#2426,.F.);
#1874=ORIENTED_EDGE('',*,*,#2515,.F.);
#1875=ORIENTED_EDGE('',*,*,#2577,.F.);
#1876=ORIENTED_EDGE('',*,*,#2372,.F.);
#1877=ORIENTED_EDGE('',*,*,#2374,.T.);
#1878=ORIENTED_EDGE('',*,*,#2576,.T.);
#1879=ORIENTED_EDGE('',*,*,#2518,.T.);
#1880=ORIENTED_EDGE('',*,*,#2204,.T.);
#1881=ORIENTED_EDGE('',*,*,#2228,.T.);
#1882=ORIENTED_EDGE('',*,*,#2246,.T.);
#1883=ORIENTED_EDGE('',*,*,#2264,.T.);
#1884=ORIENTED_EDGE('',*,*,#2282,.T.);
#1885=ORIENTED_EDGE('',*,*,#2306,.T.);
#1886=ORIENTED_EDGE('',*,*,#2413,.F.);
#1887=ORIENTED_EDGE('',*,*,#2395,.T.);
#1888=VERTEX_POINT('',#3657);
#1889=VERTEX_POINT('',#3658);
#1890=VERTEX_POINT('',#3685);
#1891=VERTEX_POINT('',#3686);
#1892=VERTEX_POINT('',#3691);
#1893=VERTEX_POINT('',#3720);
#1894=VERTEX_POINT('',#3721);
#1895=VERTEX_POINT('',#3738);
#1896=VERTEX_POINT('',#3739);
#1897=VERTEX_POINT('',#3741);
#1898=VERTEX_POINT('',#3743);
#1899=VERTEX_POINT('',#3745);
#1900=VERTEX_POINT('',#3747);
#1901=VERTEX_POINT('',#3754);
#1902=VERTEX_POINT('',#3758);
#1903=VERTEX_POINT('',#3759);
#1904=VERTEX_POINT('',#3761);
#1905=VERTEX_POINT('',#3763);
#1906=VERTEX_POINT('',#3776);
#1907=VERTEX_POINT('',#3777);
#1908=VERTEX_POINT('',#3779);
#1909=VERTEX_POINT('',#3814);
#1910=VERTEX_POINT('',#3815);
#1911=VERTEX_POINT('',#3832);
#1912=VERTEX_POINT('',#3833);
#1913=VERTEX_POINT('',#3835);
#1914=VERTEX_POINT('',#3837);
#1915=VERTEX_POINT('',#3839);
#1916=VERTEX_POINT('',#3841);
#1917=VERTEX_POINT('',#3848);
#1918=VERTEX_POINT('',#3852);
#1919=VERTEX_POINT('',#3853);
#1920=VERTEX_POINT('',#3855);
#1921=VERTEX_POINT('',#3857);
#1922=VERTEX_POINT('',#3882);
#1923=VERTEX_POINT('',#3883);
#1924=VERTEX_POINT('',#3885);
#1925=VERTEX_POINT('',#3908);
#1926=VERTEX_POINT('',#3936);
#1927=VERTEX_POINT('',#3937);
#1928=VERTEX_POINT('',#3939);
#1929=VERTEX_POINT('',#3962);
#1930=VERTEX_POINT('',#3987);
#1931=VERTEX_POINT('',#3988);
#1932=VERTEX_POINT('',#3990);
#1933=VERTEX_POINT('',#4013);
#1934=VERTEX_POINT('',#4038);
#1935=VERTEX_POINT('',#4039);
#1936=VERTEX_POINT('',#4041);
#1937=VERTEX_POINT('',#4067);
#1938=VERTEX_POINT('',#4092);
#1939=VERTEX_POINT('',#4093);
#1940=VERTEX_POINT('',#4095);
#1941=VERTEX_POINT('',#4118);
#1942=VERTEX_POINT('',#4143);
#1943=VERTEX_POINT('',#4144);
#1944=VERTEX_POINT('',#4146);
#1945=VERTEX_POINT('',#4169);
#1946=VERTEX_POINT('',#4173);
#1947=VERTEX_POINT('',#4175);
#1948=VERTEX_POINT('',#4179);
#1949=VERTEX_POINT('',#4181);
#1950=VERTEX_POINT('',#4185);
#1951=VERTEX_POINT('',#4187);
#1952=VERTEX_POINT('',#4191);
#1953=VERTEX_POINT('',#4193);
#1954=VERTEX_POINT('',#4197);
#1955=VERTEX_POINT('',#4199);
#1956=VERTEX_POINT('',#4203);
#1957=VERTEX_POINT('',#4205);
#1958=VERTEX_POINT('',#4209);
#1959=VERTEX_POINT('',#4211);
#1960=VERTEX_POINT('',#4215);
#1961=VERTEX_POINT('',#4217);
#1962=VERTEX_POINT('',#4221);
#1963=VERTEX_POINT('',#4223);
#1964=VERTEX_POINT('',#4227);
#1965=VERTEX_POINT('',#4229);
#1966=VERTEX_POINT('',#4233);
#1967=VERTEX_POINT('',#4235);
#1968=VERTEX_POINT('',#4239);
#1969=VERTEX_POINT('',#4241);
#1970=VERTEX_POINT('',#4245);
#1971=VERTEX_POINT('',#4247);
#1972=VERTEX_POINT('',#4251);
#1973=VERTEX_POINT('',#4253);
#1974=VERTEX_POINT('',#4257);
#1975=VERTEX_POINT('',#4259);
#1976=VERTEX_POINT('',#4263);
#1977=VERTEX_POINT('',#4265);
#1978=VERTEX_POINT('',#4269);
#1979=VERTEX_POINT('',#4271);
#1980=VERTEX_POINT('',#4275);
#1981=VERTEX_POINT('',#4277);
#1982=VERTEX_POINT('',#4299);
#1983=VERTEX_POINT('',#4319);
#1984=VERTEX_POINT('',#4344);
#1985=VERTEX_POINT('',#4364);
#1986=VERTEX_POINT('',#4386);
#1987=VERTEX_POINT('',#4406);
#1988=VERTEX_POINT('',#4428);
#1989=VERTEX_POINT('',#4448);
#1990=VERTEX_POINT('',#4470);
#1991=VERTEX_POINT('',#4472);
#1992=VERTEX_POINT('',#4512);
#1993=VERTEX_POINT('',#4532);
#1994=VERTEX_POINT('',#4539);
#1995=VERTEX_POINT('',#4544);
#1996=VERTEX_POINT('',#4546);
#1997=VERTEX_POINT('',#4558);
#1998=VERTEX_POINT('',#4565);
#1999=VERTEX_POINT('',#4573);
#2000=VERTEX_POINT('',#4575);
#2001=VERTEX_POINT('',#4583);
#2002=VERTEX_POINT('',#4585);
#2003=VERTEX_POINT('',#4590);
#2004=VERTEX_POINT('',#4597);
#2005=VERTEX_POINT('',#4599);
#2006=VERTEX_POINT('',#4604);
#2007=VERTEX_POINT('',#4606);
#2008=VERTEX_POINT('',#4614);
#2009=VERTEX_POINT('',#4616);
#2010=VERTEX_POINT('',#4623);
#2011=VERTEX_POINT('',#4624);
#2012=VERTEX_POINT('',#4629);
#2013=VERTEX_POINT('',#4631);
#2014=VERTEX_POINT('',#4643);
#2015=VERTEX_POINT('',#4645);
#2016=VERTEX_POINT('',#4652);
#2017=VERTEX_POINT('',#4653);
#2018=VERTEX_POINT('',#4661);
#2019=VERTEX_POINT('',#4663);
#2020=VERTEX_POINT('',#4672);
#2021=VERTEX_POINT('',#4674);
#2022=VERTEX_POINT('',#4681);
#2023=VERTEX_POINT('',#4682);
#2024=VERTEX_POINT('',#4687);
#2025=VERTEX_POINT('',#4689);
#2026=VERTEX_POINT('',#4701);
#2027=VERTEX_POINT('',#4703);
#2028=VERTEX_POINT('',#4713);
#2029=VERTEX_POINT('',#4714);
#2030=VERTEX_POINT('',#4719);
#2031=VERTEX_POINT('',#4721);
#2032=VERTEX_POINT('',#4733);
#2033=VERTEX_POINT('',#4735);
#2034=VERTEX_POINT('',#4742);
#2035=VERTEX_POINT('',#4743);
#2036=VERTEX_POINT('',#4745);
#2037=VERTEX_POINT('',#4747);
#2038=VERTEX_POINT('',#4749);
#2039=VERTEX_POINT('',#4751);
#2040=VERTEX_POINT('',#4753);
#2041=VERTEX_POINT('',#4755);
#2042=VERTEX_POINT('',#4757);
#2043=VERTEX_POINT('',#4759);
#2044=VERTEX_POINT('',#4761);
#2045=VERTEX_POINT('',#4763);
#2046=VERTEX_POINT('',#4765);
#2047=VERTEX_POINT('',#4767);
#2048=VERTEX_POINT('',#4769);
#2049=VERTEX_POINT('',#4771);
#2050=VERTEX_POINT('',#4773);
#2051=VERTEX_POINT('',#4775);
#2052=VERTEX_POINT('',#4778);
#2053=VERTEX_POINT('',#4780);
#2054=VERTEX_POINT('',#4782);
#2055=VERTEX_POINT('',#4784);
#2056=VERTEX_POINT('',#4787);
#2057=VERTEX_POINT('',#4788);
#2058=VERTEX_POINT('',#4790);
#2059=VERTEX_POINT('',#4792);
#2060=VERTEX_POINT('',#4794);
#2061=VERTEX_POINT('',#4796);
#2062=VERTEX_POINT('',#4798);
#2063=VERTEX_POINT('',#4800);
#2064=VERTEX_POINT('',#4802);
#2065=VERTEX_POINT('',#4804);
#2066=VERTEX_POINT('',#4806);
#2067=VERTEX_POINT('',#4808);
#2068=VERTEX_POINT('',#4810);
#2069=VERTEX_POINT('',#4812);
#2070=VERTEX_POINT('',#4814);
#2071=VERTEX_POINT('',#4816);
#2072=VERTEX_POINT('',#4818);
#2073=VERTEX_POINT('',#4820);
#2074=VERTEX_POINT('',#4822);
#2075=VERTEX_POINT('',#4824);
#2076=VERTEX_POINT('',#4826);
#2077=VERTEX_POINT('',#4828);
#2078=VERTEX_POINT('',#4830);
#2079=VERTEX_POINT('',#4832);
#2080=VERTEX_POINT('',#4836);
#2081=VERTEX_POINT('',#4838);
#2082=VERTEX_POINT('',#4842);
#2083=VERTEX_POINT('',#4844);
#2084=VERTEX_POINT('',#4848);
#2085=VERTEX_POINT('',#4849);
#2086=VERTEX_POINT('',#4854);
#2087=VERTEX_POINT('',#4855);
#2088=VERTEX_POINT('',#4860);
#2089=VERTEX_POINT('',#4861);
#2090=VERTEX_POINT('',#4866);
#2091=VERTEX_POINT('',#4867);
#2092=VERTEX_POINT('',#5073);
#2093=VERTEX_POINT('',#5074);
#2094=VERTEX_POINT('',#5097);
#2095=VERTEX_POINT('',#5099);
#2096=VERTEX_POINT('',#5145);
#2097=VERTEX_POINT('',#5146);
#2098=VERTEX_POINT('',#5148);
#2099=VERTEX_POINT('',#5171);
#2100=VERTEX_POINT('',#5175);
#2101=VERTEX_POINT('',#5176);
#2102=VERTEX_POINT('',#5202);
#2103=VERTEX_POINT('',#5204);
#2104=VERTEX_POINT('',#5229);
#2105=VERTEX_POINT('',#5230);
#2106=VERTEX_POINT('',#5253);
#2107=VERTEX_POINT('',#5255);
#2108=VERTEX_POINT('',#5283);
#2109=VERTEX_POINT('',#5284);
#2110=VERTEX_POINT('',#5307);
#2111=VERTEX_POINT('',#5309);
#2112=VERTEX_POINT('',#5334);
#2113=VERTEX_POINT('',#5336);
#2114=VERTEX_POINT('',#5340);
#2115=VERTEX_POINT('',#5342);
#2116=VERTEX_POINT('',#5346);
#2117=VERTEX_POINT('',#5348);
#2118=VERTEX_POINT('',#5352);
#2119=VERTEX_POINT('',#5354);
#2120=VERTEX_POINT('',#5358);
#2121=VERTEX_POINT('',#5360);
#2122=VERTEX_POINT('',#5364);
#2123=VERTEX_POINT('',#5366);
#2124=VERTEX_POINT('',#5370);
#2125=VERTEX_POINT('',#5372);
#2126=VERTEX_POINT('',#5376);
#2127=VERTEX_POINT('',#5378);
#2128=VERTEX_POINT('',#5382);
#2129=VERTEX_POINT('',#5384);
#2130=VERTEX_POINT('',#5388);
#2131=VERTEX_POINT('',#5390);
#2132=VERTEX_POINT('',#5394);
#2133=VERTEX_POINT('',#5396);
#2134=VERTEX_POINT('',#5400);
#2135=VERTEX_POINT('',#5402);
#2136=VERTEX_POINT('',#5406);
#2137=VERTEX_POINT('',#5408);
#2138=VERTEX_POINT('',#5412);
#2139=VERTEX_POINT('',#5414);
#2140=VERTEX_POINT('',#5418);
#2141=VERTEX_POINT('',#5420);
#2142=VERTEX_POINT('',#5622);
#2143=VERTEX_POINT('',#5624);
#2144=VERTEX_POINT('',#5629);
#2145=VERTEX_POINT('',#5631);
#2146=VERTEX_POINT('',#5635);
#2147=VERTEX_POINT('',#5637);
#2148=VERTEX_POINT('',#5641);
#2149=VERTEX_POINT('',#5643);
#2150=VERTEX_POINT('',#5650);
#2151=VERTEX_POINT('',#5651);
#2152=VERTEX_POINT('',#5680);
#2153=VERTEX_POINT('',#5682);
#2154=VERTEX_POINT('',#5687);
#2155=VERTEX_POINT('',#5689);
#2156=VERTEX_POINT('',#5699);
#2157=VERTEX_POINT('',#5700);
#2158=VERTEX_POINT('',#5725);
#2159=VERTEX_POINT('',#5726);
#2160=VERTEX_POINT('',#5745);
#2161=VERTEX_POINT('',#5746);
#2162=VERTEX_POINT('',#5786);
#2163=VERTEX_POINT('',#5788);
#2164=VERTEX_POINT('',#5813);
#2165=VERTEX_POINT('',#5815);
#2166=VERTEX_POINT('',#5819);
#2167=VERTEX_POINT('',#5821);
#2168=VERTEX_POINT('',#5825);
#2169=VERTEX_POINT('',#5827);
#2170=EDGE_CURVE('',#1888,#1889,#2578,.T.);
#2171=EDGE_CURVE('',#1889,#1888,#2579,.T.);
#2172=EDGE_CURVE('',#1890,#1891,#2580,.T.);
#2173=EDGE_CURVE('',#1891,#1892,#2581,.T.);
#2174=EDGE_CURVE('',#1892,#1890,#2582,.T.);
#2175=EDGE_CURVE('',#1893,#1894,#2583,.T.);
#2176=EDGE_CURVE('',#1894,#1893,#2584,.T.);
#2177=EDGE_CURVE('',#1895,#1896,#2585,.T.);
#2178=EDGE_CURVE('',#1896,#1897,#251,.T.);
#2179=EDGE_CURVE('',#1897,#1898,#252,.T.);
#2180=EDGE_CURVE('',#1898,#1899,#253,.T.);
#2181=EDGE_CURVE('',#1899,#1900,#254,.T.);
#2182=EDGE_CURVE('',#1900,#1901,#2586,.T.);
#2183=EDGE_CURVE('',#1901,#1895,#255,.T.);
#2184=EDGE_CURVE('',#1902,#1903,#256,.T.);
#2185=EDGE_CURVE('',#1903,#1904,#257,.T.);
#2186=EDGE_CURVE('',#1904,#1905,#258,.T.);
#2187=EDGE_CURVE('',#1905,#1902,#259,.T.);
#2188=EDGE_CURVE('',#1906,#1907,#2587,.T.);
#2189=EDGE_CURVE('',#1907,#1908,#260,.T.);
#2190=EDGE_CURVE('',#1908,#1906,#2588,.T.);
#2191=EDGE_CURVE('',#1909,#1910,#2589,.T.);
#2192=EDGE_CURVE('',#1910,#1909,#2590,.T.);
#2193=EDGE_CURVE('',#1911,#1912,#2591,.T.);
#2194=EDGE_CURVE('',#1912,#1913,#261,.T.);
#2195=EDGE_CURVE('',#1913,#1914,#262,.T.);
#2196=EDGE_CURVE('',#1914,#1915,#263,.T.);
#2197=EDGE_CURVE('',#1915,#1916,#264,.T.);
#2198=EDGE_CURVE('',#1916,#1917,#2592,.T.);
#2199=EDGE_CURVE('',#1917,#1911,#265,.T.);
#2200=EDGE_CURVE('',#1918,#1919,#266,.T.);
#2201=EDGE_CURVE('',#1920,#1918,#149,.T.);
#2202=EDGE_CURVE('',#1921,#1920,#267,.T.);
#2203=EDGE_CURVE('',#1921,#1919,#150,.T.);
#2204=EDGE_CURVE('',#1922,#1923,#2593,.T.);
#2205=EDGE_CURVE('',#1922,#1924,#151,.T.);
#2206=EDGE_CURVE('',#1924,#1925,#2594,.T.);
#2207=EDGE_CURVE('',#1923,#1925,#152,.T.);
#2208=EDGE_CURVE('',#1926,#1927,#2595,.T.);
#2209=EDGE_CURVE('',#1926,#1928,#153,.T.);
#2210=EDGE_CURVE('',#1928,#1929,#2596,.T.);
#2211=EDGE_CURVE('',#1927,#1929,#154,.T.);
#2212=EDGE_CURVE('',#1930,#1931,#2597,.T.);
#2213=EDGE_CURVE('',#1930,#1932,#155,.T.);
#2214=EDGE_CURVE('',#1932,#1933,#2598,.T.);
#2215=EDGE_CURVE('',#1931,#1933,#156,.T.);
#2216=EDGE_CURVE('',#1934,#1935,#2599,.T.);
#2217=EDGE_CURVE('',#1934,#1936,#157,.T.);
#2218=EDGE_CURVE('',#1936,#1937,#2600,.T.);
#2219=EDGE_CURVE('',#1935,#1937,#158,.T.);
#2220=EDGE_CURVE('',#1938,#1939,#2601,.T.);
#2221=EDGE_CURVE('',#1940,#1939,#159,.T.);
#2222=EDGE_CURVE('',#1941,#1940,#2602,.T.);
#2223=EDGE_CURVE('',#1941,#1938,#160,.T.);
#2224=EDGE_CURVE('',#1942,#1943,#2603,.T.);
#2225=EDGE_CURVE('',#1942,#1944,#161,.T.);
#2226=EDGE_CURVE('',#1944,#1945,#2604,.T.);
#2227=EDGE_CURVE('',#1943,#1945,#162,.T.);
#2228=EDGE_CURVE('',#1923,#1946,#268,.T.);
#2229=EDGE_CURVE('',#1947,#1925,#269,.T.);
#2230=EDGE_CURVE('',#1946,#1947,#163,.T.);
#2231=EDGE_CURVE('',#1927,#1948,#270,.T.);
#2232=EDGE_CURVE('',#1929,#1949,#271,.T.);
#2233=EDGE_CURVE('',#1948,#1949,#164,.T.);
#2234=EDGE_CURVE('',#1931,#1950,#272,.T.);
#2235=EDGE_CURVE('',#1933,#1951,#273,.T.);
#2236=EDGE_CURVE('',#1950,#1951,#165,.T.);
#2237=EDGE_CURVE('',#1935,#1952,#274,.T.);
#2238=EDGE_CURVE('',#1937,#1953,#275,.T.);
#2239=EDGE_CURVE('',#1952,#1953,#166,.T.);
#2240=EDGE_CURVE('',#1939,#1954,#276,.T.);
#2241=EDGE_CURVE('',#1955,#1954,#167,.T.);
#2242=EDGE_CURVE('',#1940,#1955,#277,.T.);
#2243=EDGE_CURVE('',#1943,#1956,#278,.T.);
#2244=EDGE_CURVE('',#1945,#1957,#279,.T.);
#2245=EDGE_CURVE('',#1956,#1957,#168,.T.);
#2246=EDGE_CURVE('',#1946,#1958,#280,.T.);
#2247=EDGE_CURVE('',#1959,#1947,#281,.T.);
#2248=EDGE_CURVE('',#1958,#1959,#169,.T.);
#2249=EDGE_CURVE('',#1948,#1960,#282,.T.);
#2250=EDGE_CURVE('',#1949,#1961,#283,.T.);
#2251=EDGE_CURVE('',#1960,#1961,#170,.T.);
#2252=EDGE_CURVE('',#1950,#1962,#284,.T.);
#2253=EDGE_CURVE('',#1951,#1963,#285,.T.);
#2254=EDGE_CURVE('',#1962,#1963,#171,.T.);
#2255=EDGE_CURVE('',#1952,#1964,#286,.T.);
#2256=EDGE_CURVE('',#1953,#1965,#287,.T.);
#2257=EDGE_CURVE('',#1964,#1965,#172,.T.);
#2258=EDGE_CURVE('',#1954,#1966,#288,.T.);
#2259=EDGE_CURVE('',#1967,#1966,#173,.T.);
#2260=EDGE_CURVE('',#1955,#1967,#289,.T.);
#2261=EDGE_CURVE('',#1956,#1968,#290,.T.);
#2262=EDGE_CURVE('',#1957,#1969,#291,.T.);
#2263=EDGE_CURVE('',#1968,#1969,#174,.T.);
#2264=EDGE_CURVE('',#1958,#1970,#292,.T.);
#2265=EDGE_CURVE('',#1971,#1959,#293,.T.);
#2266=EDGE_CURVE('',#1970,#1971,#175,.T.);
#2267=EDGE_CURVE('',#1960,#1972,#294,.T.);
#2268=EDGE_CURVE('',#1961,#1973,#295,.T.);
#2269=EDGE_CURVE('',#1972,#1973,#176,.T.);
#2270=EDGE_CURVE('',#1962,#1974,#296,.T.);
#2271=EDGE_CURVE('',#1963,#1975,#297,.T.);
#2272=EDGE_CURVE('',#1974,#1975,#177,.T.);
#2273=EDGE_CURVE('',#1964,#1976,#298,.T.);
#2274=EDGE_CURVE('',#1965,#1977,#299,.T.);
#2275=EDGE_CURVE('',#1976,#1977,#178,.T.);
#2276=EDGE_CURVE('',#1966,#1978,#300,.T.);
#2277=EDGE_CURVE('',#1979,#1978,#179,.T.);
#2278=EDGE_CURVE('',#1967,#1979,#301,.T.);
#2279=EDGE_CURVE('',#1968,#1980,#302,.T.);
#2280=EDGE_CURVE('',#1969,#1981,#303,.T.);
#2281=EDGE_CURVE('',#1980,#1981,#180,.T.);
#2282=EDGE_CURVE('',#1970,#1982,#2605,.T.);
#2283=EDGE_CURVE('',#1971,#1983,#2606,.T.);
#2284=EDGE_CURVE('',#1982,#1983,#181,.T.);
#2285=EDGE_CURVE('',#1972,#1984,#2607,.T.);
#2286=EDGE_CURVE('',#1973,#1985,#2608,.T.);
#2287=EDGE_CURVE('',#1984,#1985,#182,.T.);
#2288=EDGE_CURVE('',#1974,#1986,#2609,.T.);
#2289=EDGE_CURVE('',#1975,#1987,#2610,.T.);
#2290=EDGE_CURVE('',#1986,#1987,#183,.T.);
#2291=EDGE_CURVE('',#1976,#1988,#2611,.T.);
#2292=EDGE_CURVE('',#1977,#1989,#2612,.T.);
#2293=EDGE_CURVE('',#1988,#1989,#184,.T.);
#2294=EDGE_CURVE('',#1978,#1990,#2613,.T.);
#2295=EDGE_CURVE('',#1991,#1990,#185,.T.);
#2296=EDGE_CURVE('',#1979,#1991,#2614,.T.);
#2297=EDGE_CURVE('',#1980,#1992,#2615,.T.);
#2298=EDGE_CURVE('',#1981,#1993,#2616,.T.);
#2299=EDGE_CURVE('',#1992,#1993,#186,.T.);
#2300=EDGE_CURVE('',#1994,#1938,#2617,.T.);
#2301=EDGE_CURVE('',#1995,#1941,#2618,.T.);
#2302=EDGE_CURVE('',#1995,#1996,#187,.T.);
#2303=EDGE_CURVE('',#1996,#1944,#2619,.T.);
#2304=EDGE_CURVE('',#1997,#1942,#2620,.T.);
#2305=EDGE_CURVE('',#1994,#1997,#82,.T.);
#2306=EDGE_CURVE('',#1982,#1998,#2621,.T.);
#2307=EDGE_CURVE('',#1999,#1983,#2622,.T.);
#2308=EDGE_CURVE('',#2000,#1999,#83,.T.);
#2309=EDGE_CURVE('',#2000,#2001,#2623,.T.);
#2310=EDGE_CURVE('',#2001,#2002,#188,.T.);
#2311=EDGE_CURVE('',#2002,#2003,#2624,.T.);
#2312=EDGE_CURVE('',#2003,#1998,#189,.T.);
#2313=EDGE_CURVE('',#1990,#2004,#2625,.T.);
#2314=EDGE_CURVE('',#2004,#2005,#190,.T.);
#2315=EDGE_CURVE('',#2006,#2005,#2626,.T.);
#2316=EDGE_CURVE('',#2006,#2007,#191,.T.);
#2317=EDGE_CURVE('',#2008,#2007,#2627,.T.);
#2318=EDGE_CURVE('',#2009,#2008,#84,.T.);
#2319=EDGE_CURVE('',#1991,#2009,#2628,.T.);
#2320=EDGE_CURVE('',#2010,#2011,#192,.T.);
#2321=EDGE_CURVE('',#2011,#2012,#2629,.T.);
#2322=EDGE_CURVE('',#2012,#2013,#193,.T.);
#2323=EDGE_CURVE('',#1984,#2013,#2630,.T.);
#2324=EDGE_CURVE('',#1985,#2014,#2631,.T.);
#2325=EDGE_CURVE('',#2015,#2014,#85,.T.);
#2326=EDGE_CURVE('',#2010,#2015,#2632,.T.);
#2327=EDGE_CURVE('',#2016,#2017,#194,.T.);
#2328=EDGE_CURVE('',#2017,#2018,#2633,.T.);
#2329=EDGE_CURVE('',#2018,#2019,#195,.T.);
#2330=EDGE_CURVE('',#1986,#2019,#2634,.T.);
#2331=EDGE_CURVE('',#1987,#2020,#2635,.T.);
#2332=EDGE_CURVE('',#2021,#2020,#86,.T.);
#2333=EDGE_CURVE('',#2016,#2021,#2636,.T.);
#2334=EDGE_CURVE('',#2022,#2023,#196,.T.);
#2335=EDGE_CURVE('',#2023,#2024,#2637,.T.);
#2336=EDGE_CURVE('',#2024,#2025,#197,.T.);
#2337=EDGE_CURVE('',#1988,#2025,#2638,.T.);
#2338=EDGE_CURVE('',#1989,#2026,#2639,.T.);
#2339=EDGE_CURVE('',#2027,#2026,#87,.T.);
#2340=EDGE_CURVE('',#2022,#2027,#2640,.T.);
#2341=EDGE_CURVE('',#2028,#2029,#198,.T.);
#2342=EDGE_CURVE('',#2029,#2030,#2641,.T.);
#2343=EDGE_CURVE('',#2030,#2031,#199,.T.);
#2344=EDGE_CURVE('',#1992,#2031,#2642,.T.);
#2345=EDGE_CURVE('',#1993,#2032,#2643,.T.);
#2346=EDGE_CURVE('',#2033,#2032,#88,.T.);
#2347=EDGE_CURVE('',#2028,#2033,#2644,.T.);
#2348=EDGE_CURVE('',#2034,#2035,#89,.T.);
#2349=EDGE_CURVE('',#2034,#2036,#304,.T.);
#2350=EDGE_CURVE('',#2037,#2036,#200,.T.);
#2351=EDGE_CURVE('',#2038,#2037,#305,.T.);
#2352=EDGE_CURVE('',#2039,#2038,#90,.T.);
#2353=EDGE_CURVE('',#2039,#2040,#306,.T.);
#2354=EDGE_CURVE('',#2041,#2040,#201,.T.);
#2355=EDGE_CURVE('',#2042,#2041,#307,.T.);
#2356=EDGE_CURVE('',#2043,#2042,#91,.T.);
#2357=EDGE_CURVE('',#2043,#2044,#308,.T.);
#2358=EDGE_CURVE('',#2045,#2044,#202,.T.);
#2359=EDGE_CURVE('',#2046,#2045,#309,.T.);
#2360=EDGE_CURVE('',#2047,#2046,#92,.T.);
#2361=EDGE_CURVE('',#2047,#2048,#310,.T.);
#2362=EDGE_CURVE('',#2049,#2048,#203,.T.);
#2363=EDGE_CURVE('',#2050,#2049,#311,.T.);
#2364=EDGE_CURVE('',#2051,#2050,#93,.T.);
#2365=EDGE_CURVE('',#1919,#2051,#312,.T.);
#2366=EDGE_CURVE('',#2052,#1921,#313,.T.);
#2367=EDGE_CURVE('',#2053,#2052,#94,.T.);
#2368=EDGE_CURVE('',#2053,#2054,#314,.T.);
#2369=EDGE_CURVE('',#2055,#2054,#204,.T.);
#2370=EDGE_CURVE('',#2035,#2055,#315,.T.);
#2371=EDGE_CURVE('',#2056,#2057,#205,.T.);
#2372=EDGE_CURVE('',#2056,#2058,#316,.T.);
#2373=EDGE_CURVE('',#2059,#2058,#95,.T.);
#2374=EDGE_CURVE('',#2060,#2059,#317,.T.);
#2375=EDGE_CURVE('',#2061,#2060,#206,.T.);
#2376=EDGE_CURVE('',#2061,#2062,#318,.T.);
#2377=EDGE_CURVE('',#2063,#2062,#96,.T.);
#2378=EDGE_CURVE('',#2064,#2063,#319,.T.);
#2379=EDGE_CURVE('',#2065,#2064,#207,.T.);
#2380=EDGE_CURVE('',#2065,#2066,#320,.T.);
#2381=EDGE_CURVE('',#2067,#2066,#97,.T.);
#2382=EDGE_CURVE('',#2068,#2067,#321,.T.);
#2383=EDGE_CURVE('',#2069,#2068,#208,.T.);
#2384=EDGE_CURVE('',#2069,#2070,#322,.T.);
#2385=EDGE_CURVE('',#2071,#2070,#98,.T.);
#2386=EDGE_CURVE('',#2072,#2071,#323,.T.);
#2387=EDGE_CURVE('',#2073,#2072,#209,.T.);
#2388=EDGE_CURVE('',#2073,#2074,#324,.T.);
#2389=EDGE_CURVE('',#2075,#2074,#99,.T.);
#2390=EDGE_CURVE('',#2076,#2075,#325,.T.);
#2391=EDGE_CURVE('',#2077,#2076,#210,.T.);
#2392=EDGE_CURVE('',#2077,#2078,#326,.T.);
#2393=EDGE_CURVE('',#2079,#2078,#100,.T.);
#2394=EDGE_CURVE('',#2057,#2079,#327,.T.);
#2395=EDGE_CURVE('',#2080,#2060,#328,.T.);
#2396=EDGE_CURVE('',#2080,#2081,#211,.T.);
#2397=EDGE_CURVE('',#2081,#2061,#329,.T.);
#2398=EDGE_CURVE('',#2082,#2065,#330,.T.);
#2399=EDGE_CURVE('',#2083,#2064,#331,.T.);
#2400=EDGE_CURVE('',#2083,#2082,#212,.T.);
#2401=EDGE_CURVE('',#2084,#2085,#213,.T.);
#2402=EDGE_CURVE('',#2085,#2056,#332,.T.);
#2403=EDGE_CURVE('',#2084,#2057,#333,.T.);
#2404=EDGE_CURVE('',#2086,#2087,#214,.T.);
#2405=EDGE_CURVE('',#2087,#2077,#334,.T.);
#2406=EDGE_CURVE('',#2086,#2076,#335,.T.);
#2407=EDGE_CURVE('',#2088,#2089,#215,.T.);
#2408=EDGE_CURVE('',#2089,#2073,#336,.T.);
#2409=EDGE_CURVE('',#2088,#2072,#337,.T.);
#2410=EDGE_CURVE('',#2090,#2091,#216,.T.);
#2411=EDGE_CURVE('',#2091,#2069,#338,.T.);
#2412=EDGE_CURVE('',#2090,#2068,#339,.T.);
#2413=EDGE_CURVE('',#2080,#1998,#2645,.T.);
#2414=EDGE_CURVE('',#2081,#2003,#2646,.T.);
#2415=EDGE_CURVE('',#2082,#2004,#2647,.T.);
#2416=EDGE_CURVE('',#2083,#2005,#2648,.T.);
#2417=EDGE_CURVE('',#2085,#2012,#2649,.T.);
#2418=EDGE_CURVE('',#2084,#2013,#2650,.T.);
#2419=EDGE_CURVE('',#2087,#2018,#2651,.T.);
#2420=EDGE_CURVE('',#2086,#2019,#2652,.T.);
#2421=EDGE_CURVE('',#2089,#2024,#2653,.T.);
#2422=EDGE_CURVE('',#2088,#2025,#2654,.T.);
#2423=EDGE_CURVE('',#2091,#2030,#2655,.T.);
#2424=EDGE_CURVE('',#2090,#2031,#2656,.T.);
#2425=EDGE_CURVE('',#2092,#2093,#217,.T.);
#2426=EDGE_CURVE('',#2093,#2094,#2657,.T.);
#2427=EDGE_CURVE('',#2095,#2094,#218,.T.);
#2428=EDGE_CURVE('',#2092,#2095,#2658,.T.);
#2429=EDGE_CURVE('',#2096,#2097,#2659,.T.);
#2430=EDGE_CURVE('',#2098,#2096,#219,.T.);
#2431=EDGE_CURVE('',#2099,#2098,#2660,.T.);
#2432=EDGE_CURVE('',#2099,#2097,#220,.T.);
#2433=EDGE_CURVE('',#2100,#2101,#221,.T.);
#2434=EDGE_CURVE('',#2101,#2102,#2661,.T.);
#2435=EDGE_CURVE('',#2103,#2102,#222,.T.);
#2436=EDGE_CURVE('',#2100,#2103,#2662,.T.);
#2437=EDGE_CURVE('',#2104,#2105,#223,.T.);
#2438=EDGE_CURVE('',#2105,#2106,#2663,.T.);
#2439=EDGE_CURVE('',#2107,#2106,#224,.T.);
#2440=EDGE_CURVE('',#2104,#2107,#2664,.T.);
#2441=EDGE_CURVE('',#2108,#2109,#225,.T.);
#2442=EDGE_CURVE('',#2109,#2110,#2665,.T.);
#2443=EDGE_CURVE('',#2111,#2110,#226,.T.);
#2444=EDGE_CURVE('',#2108,#2111,#2666,.T.);
#2445=EDGE_CURVE('',#2094,#2112,#340,.T.);
#2446=EDGE_CURVE('',#2113,#2112,#227,.T.);
#2447=EDGE_CURVE('',#2095,#2113,#341,.T.);
#2448=EDGE_CURVE('',#2114,#2096,#342,.T.);
#2449=EDGE_CURVE('',#2115,#2114,#228,.T.);
#2450=EDGE_CURVE('',#2098,#2115,#343,.T.);
#2451=EDGE_CURVE('',#2102,#2116,#344,.T.);
#2452=EDGE_CURVE('',#2117,#2116,#229,.T.);
#2453=EDGE_CURVE('',#2103,#2117,#345,.T.);
#2454=EDGE_CURVE('',#2106,#2118,#346,.T.);
#2455=EDGE_CURVE('',#2119,#2118,#230,.T.);
#2456=EDGE_CURVE('',#2107,#2119,#347,.T.);
#2457=EDGE_CURVE('',#2110,#2120,#348,.T.);
#2458=EDGE_CURVE('',#2121,#2120,#231,.T.);
#2459=EDGE_CURVE('',#2111,#2121,#349,.T.);
#2460=EDGE_CURVE('',#2112,#2122,#350,.T.);
#2461=EDGE_CURVE('',#2123,#2122,#232,.T.);
#2462=EDGE_CURVE('',#2113,#2123,#351,.T.);
#2463=EDGE_CURVE('',#2124,#2114,#352,.T.);
#2464=EDGE_CURVE('',#2125,#2124,#233,.T.);
#2465=EDGE_CURVE('',#2115,#2125,#353,.T.);
#2466=EDGE_CURVE('',#2116,#2126,#354,.T.);
#2467=EDGE_CURVE('',#2127,#2126,#234,.T.);
#2468=EDGE_CURVE('',#2117,#2127,#355,.T.);
#2469=EDGE_CURVE('',#2118,#2128,#356,.T.);
#2470=EDGE_CURVE('',#2129,#2128,#235,.T.);
#2471=EDGE_CURVE('',#2119,#2129,#357,.T.);
#2472=EDGE_CURVE('',#2120,#2130,#358,.T.);
#2473=EDGE_CURVE('',#2131,#2130,#236,.T.);
#2474=EDGE_CURVE('',#2121,#2131,#359,.T.);
#2475=EDGE_CURVE('',#2122,#2132,#360,.T.);
#2476=EDGE_CURVE('',#2133,#2132,#237,.T.);
#2477=EDGE_CURVE('',#2123,#2133,#361,.T.);
#2478=EDGE_CURVE('',#2134,#2124,#362,.T.);
#2479=EDGE_CURVE('',#2135,#2134,#238,.T.);
#2480=EDGE_CURVE('',#2125,#2135,#363,.T.);
#2481=EDGE_CURVE('',#2126,#2136,#364,.T.);
#2482=EDGE_CURVE('',#2137,#2136,#239,.T.);
#2483=EDGE_CURVE('',#2127,#2137,#365,.T.);
#2484=EDGE_CURVE('',#2128,#2138,#366,.T.);
#2485=EDGE_CURVE('',#2139,#2138,#240,.T.);
#2486=EDGE_CURVE('',#2129,#2139,#367,.T.);
#2487=EDGE_CURVE('',#2130,#2140,#368,.T.);
#2488=EDGE_CURVE('',#2141,#2140,#241,.T.);
#2489=EDGE_CURVE('',#2131,#2141,#369,.T.);
#2490=EDGE_CURVE('',#2132,#2011,#2667,.T.);
#2491=EDGE_CURVE('',#2133,#2010,#2668,.T.);
#2492=EDGE_CURVE('',#2007,#2134,#2669,.T.);
#2493=EDGE_CURVE('',#2135,#2006,#2670,.T.);
#2494=EDGE_CURVE('',#2136,#2017,#2671,.T.);
#2495=EDGE_CURVE('',#2137,#2016,#2672,.T.);
#2496=EDGE_CURVE('',#2138,#2023,#2673,.T.);
#2497=EDGE_CURVE('',#2139,#2022,#2674,.T.);
#2498=EDGE_CURVE('',#2140,#2029,#2675,.T.);
#2499=EDGE_CURVE('',#2141,#2028,#2676,.T.);
#2500=EDGE_CURVE('',#2055,#2142,#370,.T.);
#2501=EDGE_CURVE('',#2054,#2143,#371,.T.);
#2502=EDGE_CURVE('',#2142,#2143,#242,.T.);
#2503=EDGE_CURVE('',#2036,#2144,#372,.T.);
#2504=EDGE_CURVE('',#2145,#2144,#243,.T.);
#2505=EDGE_CURVE('',#2037,#2145,#373,.T.);
#2506=EDGE_CURVE('',#2040,#2146,#374,.T.);
#2507=EDGE_CURVE('',#2147,#2146,#244,.T.);
#2508=EDGE_CURVE('',#2041,#2147,#375,.T.);
#2509=EDGE_CURVE('',#2044,#2148,#376,.T.);
#2510=EDGE_CURVE('',#2149,#2148,#245,.T.);
#2511=EDGE_CURVE('',#2045,#2149,#377,.T.);
#2512=EDGE_CURVE('',#2048,#1996,#378,.T.);
#2513=EDGE_CURVE('',#2049,#1995,#379,.T.);
#2514=EDGE_CURVE('',#2150,#2151,#101,.T.);
#2515=EDGE_CURVE('',#2150,#2093,#2677,.T.);
#2516=EDGE_CURVE('',#2142,#2092,#2678,.T.);
#2517=EDGE_CURVE('',#2143,#1924,#2679,.T.);
#2518=EDGE_CURVE('',#2151,#1922,#2680,.T.);
#2519=EDGE_CURVE('',#2097,#1918,#2681,.T.);
#2520=EDGE_CURVE('',#2152,#2099,#2682,.T.);
#2521=EDGE_CURVE('',#2153,#2152,#102,.T.);
#2522=EDGE_CURVE('',#2153,#2154,#2683,.T.);
#2523=EDGE_CURVE('',#2155,#2154,#246,.T.);
#2524=EDGE_CURVE('',#1920,#2155,#2684,.T.);
#2525=EDGE_CURVE('',#2156,#2157,#103,.T.);
#2526=EDGE_CURVE('',#2156,#2101,#2685,.T.);
#2527=EDGE_CURVE('',#2145,#2100,#2686,.T.);
#2528=EDGE_CURVE('',#2144,#1928,#2687,.T.);
#2529=EDGE_CURVE('',#2157,#1926,#2688,.T.);
#2530=EDGE_CURVE('',#2158,#2159,#104,.T.);
#2531=EDGE_CURVE('',#2158,#2105,#2689,.T.);
#2532=EDGE_CURVE('',#2147,#2104,#2690,.T.);
#2533=EDGE_CURVE('',#2146,#1932,#2691,.T.);
#2534=EDGE_CURVE('',#2159,#1930,#2692,.T.);
#2535=EDGE_CURVE('',#2160,#2161,#105,.T.);
#2536=EDGE_CURVE('',#2160,#2109,#2693,.T.);
#2537=EDGE_CURVE('',#2149,#2108,#2694,.T.);
#2538=EDGE_CURVE('',#2148,#1936,#2695,.T.);
#2539=EDGE_CURVE('',#2161,#1934,#2696,.T.);
#2540=EDGE_CURVE('',#2154,#2162,#2697,.T.);
#2541=EDGE_CURVE('',#2163,#2162,#247,.T.);
#2542=EDGE_CURVE('',#2155,#2163,#2698,.T.);
#2543=EDGE_CURVE('',#2162,#2164,#380,.T.);
#2544=EDGE_CURVE('',#2165,#2164,#248,.T.);
#2545=EDGE_CURVE('',#2165,#2163,#381,.T.);
#2546=EDGE_CURVE('',#2164,#2166,#382,.T.);
#2547=EDGE_CURVE('',#2167,#2166,#249,.T.);
#2548=EDGE_CURVE('',#2167,#2165,#383,.T.);
#2549=EDGE_CURVE('',#2166,#2168,#384,.T.);
#2550=EDGE_CURVE('',#2169,#2168,#250,.T.);
#2551=EDGE_CURVE('',#2169,#2167,#385,.T.);
#2552=EDGE_CURVE('',#2168,#2002,#2699,.T.);
#2553=EDGE_CURVE('',#2169,#2001,#2700,.T.);
#2554=EDGE_CURVE('',#2053,#1999,#386,.T.);
#2555=EDGE_CURVE('',#2052,#2000,#387,.T.);
#2556=EDGE_CURVE('',#2152,#2063,#388,.T.);
#2557=EDGE_CURVE('',#2153,#2062,#389,.T.);
#2558=EDGE_CURVE('',#2009,#2050,#390,.T.);
#2559=EDGE_CURVE('',#2008,#2051,#391,.T.);
#2560=EDGE_CURVE('',#2032,#2047,#392,.T.);
#2561=EDGE_CURVE('',#2033,#2046,#393,.T.);
#2562=EDGE_CURVE('',#2026,#2043,#394,.T.);
#2563=EDGE_CURVE('',#2027,#2042,#395,.T.);
#2564=EDGE_CURVE('',#2020,#2039,#396,.T.);
#2565=EDGE_CURVE('',#2021,#2038,#397,.T.);
#2566=EDGE_CURVE('',#2014,#2034,#398,.T.);
#2567=EDGE_CURVE('',#2015,#2035,#399,.T.);
#2568=EDGE_CURVE('',#2067,#1997,#400,.T.);
#2569=EDGE_CURVE('',#2066,#1994,#401,.T.);
#2570=EDGE_CURVE('',#2071,#2161,#402,.T.);
#2571=EDGE_CURVE('',#2070,#2160,#403,.T.);
#2572=EDGE_CURVE('',#2075,#2159,#404,.T.);
#2573=EDGE_CURVE('',#2074,#2158,#405,.T.);
#2574=EDGE_CURVE('',#2079,#2157,#406,.T.);
#2575=EDGE_CURVE('',#2078,#2156,#407,.T.);
#2576=EDGE_CURVE('',#2059,#2151,#408,.T.);
#2577=EDGE_CURVE('',#2058,#2150,#409,.T.);
#2578=B_SPLINE_CURVE_WITH_KNOTS('',3,(#3647,#3648,#3649,#3650,#3651,#3652,
#3653,#3654,#3655,#3656),.UNSPECIFIED.,.F.,.F.,(4,2,2,2,4),(0.,0.239647712137392,
0.49289245758755,0.749134077958504,1.),.UNSPECIFIED.);
#2579=B_SPLINE_CURVE_WITH_KNOTS('',3,(#3659,#3660,#3661,#3662,#3663,#3664,
#3665,#3666,#3667,#3668),.UNSPECIFIED.,.F.,.F.,(4,2,2,2,4),(0.,0.263909891158734,
0.510225789573554,0.759439522087364,1.),.UNSPECIFIED.);
#2580=B_SPLINE_CURVE_WITH_KNOTS('',3,(#3669,#3670,#3671,#3672,#3673,#3674,
#3675,#3676,#3677,#3678,#3679,#3680,#3681,#3682,#3683,#3684),
 .UNSPECIFIED.,.F.,.F.,(4,2,2,2,2,2,2,4),(0.,0.106020822490726,0.212041644981455,
0.383080761927828,0.5541525558887,0.726603961091189,0.899026516947285,1.),
 .UNSPECIFIED.);
#2581=B_SPLINE_CURVE_WITH_KNOTS('',3,(#3687,#3688,#3689,#3690),
 .UNSPECIFIED.,.F.,.F.,(4,4),(0.,1.),.UNSPECIFIED.);
#2582=B_SPLINE_CURVE_WITH_KNOTS('',3,(#3692,#3693,#3694,#3695,#3696,#3697,
#3698,#3699,#3700,#3701,#3702,#3703,#3704,#3705,#3706,#3707,#3708,#3709),
 .UNSPECIFIED.,.F.,.F.,(4,2,2,2,2,2,2,2,4),(0.,0.0940399192220055,0.18807983844401,
0.358416295902734,0.502769766813295,0.65766590694766,0.812219802018797,
0.905979644181067,1.),.UNSPECIFIED.);
#2583=B_SPLINE_CURVE_WITH_KNOTS('',3,(#3710,#3711,#3712,#3713,#3714,#3715,
#3716,#3717,#3718,#3719),.UNSPECIFIED.,.F.,.F.,(4,2,2,2,4),(0.,0.32763418036072,
0.563021843920849,0.797529182813765,1.),.UNSPECIFIED.);
#2584=B_SPLINE_CURVE_WITH_KNOTS('',3,(#3722,#3723,#3724,#3725,#3726,#3727,
#3728,#3729,#3730,#3731),.UNSPECIFIED.,.F.,.F.,(4,2,2,2,4),(0.,0.222698878879963,
0.478254969397953,0.734960192122283,1.),.UNSPECIFIED.);
#2585=B_SPLINE_CURVE_WITH_KNOTS('',3,(#3734,#3735,#3736,#3737),
 .UNSPECIFIED.,.F.,.F.,(4,4),(0.,1.),.UNSPECIFIED.);
#2586=B_SPLINE_CURVE_WITH_KNOTS('',3,(#3748,#3749,#3750,#3751,#3752,#3753),
 .UNSPECIFIED.,.F.,.F.,(4,2,4),(0.,0.500150828684187,1.),.UNSPECIFIED.);
#2587=B_SPLINE_CURVE_WITH_KNOTS('',3,(#3766,#3767,#3768,#3769,#3770,#3771,
#3772,#3773,#3774,#3775),.UNSPECIFIED.,.F.,.F.,(4,2,2,2,4),(0.,0.277206489292451,
0.556590514628287,0.778295257314144,1.),.UNSPECIFIED.);
#2588=B_SPLINE_CURVE_WITH_KNOTS('',3,(#3780,#3781,#3782,#3783,#3784,#3785,
#3786,#3787,#3788,#3789,#3790,#3791,#3792,#3793,#3794,#3795,#3796,#3797,
#3798,#3799,#3800,#3801,#3802,#3803),.UNSPECIFIED.,.F.,.F.,(4,2,2,2,2,2,
2,2,2,2,2,4),(0.,0.0737731598507837,0.147515358598769,0.249935079082083,
0.352386108245165,0.452974391423464,0.553723788403566,0.646586237640277,
0.739639864387108,0.828708827016318,0.917977323258237,1.),.UNSPECIFIED.);
#2589=B_SPLINE_CURVE_WITH_KNOTS('',3,(#3804,#3805,#3806,#3807,#3808,#3809,
#3810,#3811,#3812,#3813),.UNSPECIFIED.,.F.,.F.,(4,2,2,2,4),(0.,0.266039637218676,
0.50789385287202,0.749748068525361,1.),.UNSPECIFIED.);
#2590=B_SPLINE_CURVE_WITH_KNOTS('',3,(#3816,#3817,#3818,#3819,#3820,#3821,
#3822,#3823,#3824,#3825),.UNSPECIFIED.,.F.,.F.,(4,2,2,2,4),(0.,0.250366424187942,
0.497752295706979,0.742708193590243,1.),.UNSPECIFIED.);
#2591=B_SPLINE_CURVE_WITH_KNOTS('',3,(#3828,#3829,#3830,#3831),
 .UNSPECIFIED.,.F.,.F.,(4,4),(0.,1.),.UNSPECIFIED.);
#2592=B_SPLINE_CURVE_WITH_KNOTS('',3,(#3842,#3843,#3844,#3845,#3846,#3847),
 .UNSPECIFIED.,.F.,.F.,(4,2,4),(0.,0.500150828684185,1.),.UNSPECIFIED.);
#2593=B_SPLINE_CURVE_WITH_KNOTS('',3,(#3860,#3861,#3862,#3863,#3864,#3865,
#3866,#3867,#3868,#3869,#3870,#3871,#3872,#3873,#3874,#3875,#3876,#3877,
#3878,#3879,#3880,#3881),.UNSPECIFIED.,.F.,.F.,(4,3,3,3,3,3,3,4),(0.,0.160472256265554,
0.321492454908535,0.482492819023636,0.643512745880279,0.804592855707253,
0.965748311461439,1.),.UNSPECIFIED.);
#2594=B_SPLINE_CURVE_WITH_KNOTS('',3,(#3886,#3887,#3888,#3889,#3890,#3891,
#3892,#3893,#3894,#3895,#3896,#3897,#3898,#3899,#3900,#3901,#3902,#3903,
#3904,#3905,#3906,#3907),.UNSPECIFIED.,.F.,.F.,(4,3,3,3,3,3,3,4),(0.,0.13110003671799,
0.292105240749928,0.453072968375767,0.614051321031028,0.775083910915291,
0.936191448438253,1.),.UNSPECIFIED.);
#2595=B_SPLINE_CURVE_WITH_KNOTS('',3,(#3911,#3912,#3913,#3914,#3915,#3916,
#3917,#3918,#3919,#3920,#3921,#3922,#3923,#3924,#3925,#3926,#3927,#3928,
#3929,#3930,#3931,#3932,#3933,#3934,#3935),.UNSPECIFIED.,.F.,.F.,(4,3,3,
3,3,3,3,3,4),(0.,0.0126907969394681,0.173865294030946,0.334976020081459,
0.49606130517722,0.595899796483984,0.757141169030675,0.918379181778963,
1.),.UNSPECIFIED.);
#2596=B_SPLINE_CURVE_WITH_KNOTS('',3,(#3940,#3941,#3942,#3943,#3944,#3945,
#3946,#3947,#3948,#3949,#3950,#3951,#3952,#3953,#3954,#3955,#3956,#3957,
#3958,#3959,#3960,#3961),.UNSPECIFIED.,.F.,.F.,(4,3,3,3,3,3,3,4),(0.,0.160472256265548,
0.321492454908531,0.482492819023637,0.643512745880279,0.804592855707252,
0.965748311461439,1.),.UNSPECIFIED.);
#2597=B_SPLINE_CURVE_WITH_KNOTS('',3,(#3965,#3966,#3967,#3968,#3969,#3970,
#3971,#3972,#3973,#3974,#3975,#3976,#3977,#3978,#3979,#3980,#3981,#3982,
#3983,#3984,#3985,#3986),.UNSPECIFIED.,.F.,.F.,(4,3,3,3,3,3,3,4),(0.,0.160472256287298,
0.321492454930311,0.482492819045451,0.643512745902126,0.804592855729148,
0.965748311483381,1.),.UNSPECIFIED.);
#2598=B_SPLINE_CURVE_WITH_KNOTS('',3,(#3991,#3992,#3993,#3994,#3995,#3996,
#3997,#3998,#3999,#4000,#4001,#4002,#4003,#4004,#4005,#4006,#4007,#4008,
#4009,#4010,#4011,#4012),.UNSPECIFIED.,.F.,.F.,(4,3,3,3,3,3,3,4),(0.,0.160472256275827,
0.321492454918826,0.482492819033943,0.643512745890605,0.804592855717606,
0.965748311471808,1.),.UNSPECIFIED.);
#2599=B_SPLINE_CURVE_WITH_KNOTS('',3,(#4016,#4017,#4018,#4019,#4020,#4021,
#4022,#4023,#4024,#4025,#4026,#4027,#4028,#4029,#4030,#4031,#4032,#4033,
#4034,#4035,#4036,#4037),.UNSPECIFIED.,.F.,.F.,(4,3,3,3,3,3,3,4),(0.,0.160472256265754,
0.321492454908736,0.482492819023839,0.643512745880479,0.804592855707453,
0.965748311461638,1.),.UNSPECIFIED.);
#2600=B_SPLINE_CURVE_WITH_KNOTS('',3,(#4042,#4043,#4044,#4045,#4046,#4047,
#4048,#4049,#4050,#4051,#4052,#4053,#4054,#4055,#4056,#4057,#4058,#4059,
#4060,#4061,#4062,#4063,#4064,#4065,#4066),.UNSPECIFIED.,.F.,.F.,(4,3,3,
3,3,3,3,3,4),(0.,0.0026899005740458,0.163850295714816,0.32494530864751,
0.486011969663358,0.585837216078755,0.747055439389918,0.908270237141547,
1.),.UNSPECIFIED.);
#2601=B_SPLINE_CURVE_WITH_KNOTS('',3,(#4070,#4071,#4072,#4073,#4074,#4075,
#4076,#4077,#4078,#4079,#4080,#4081,#4082,#4083,#4084,#4085,#4086,#4087,
#4088,#4089,#4090,#4091),.UNSPECIFIED.,.F.,.F.,(4,3,3,3,3,3,3,4),(0.,0.0851827834702807,
0.246142818144183,0.407150109204611,0.568230827796481,0.729379751970244,
0.890561821773756,1.),.UNSPECIFIED.);
#2602=B_SPLINE_CURVE_WITH_KNOTS('',3,(#4096,#4097,#4098,#4099,#4100,#4101,
#4102,#4103,#4104,#4105,#4106,#4107,#4108,#4109,#4110,#4111,#4112,#4113,
#4114,#4115,#4116,#4117),.UNSPECIFIED.,.F.,.F.,(4,3,3,3,3,3,3,4),(0.,0.160472256265551,
0.321492454908535,0.482492819023636,0.643512745880272,0.804592855707246,
0.965748311461439,1.),.UNSPECIFIED.);
#2603=B_SPLINE_CURVE_WITH_KNOTS('',3,(#4121,#4122,#4123,#4124,#4125,#4126,
#4127,#4128,#4129,#4130,#4131,#4132,#4133,#4134,#4135,#4136,#4137,#4138,
#4139,#4140,#4141,#4142),.UNSPECIFIED.,.F.,.F.,(4,3,3,3,3,3,3,4),(0.,0.145888323870957,
0.30690288372417,0.467884016944067,0.628880294628562,0.789933901930413,
0.951062795890442,1.),.UNSPECIFIED.);
#2604=B_SPLINE_CURVE_WITH_KNOTS('',3,(#4147,#4148,#4149,#4150,#4151,#4152,
#4153,#4154,#4155,#4156,#4157,#4158,#4159,#4160,#4161,#4162,#4163,#4164,
#4165,#4166,#4167,#4168),.UNSPECIFIED.,.F.,.F.,(4,3,3,3,3,3,3,4),(0.,0.160472256265546,
0.321492454908531,0.482492819023636,0.643512745880272,0.804592855707254,
0.965748311461448,1.),.UNSPECIFIED.);
#2605=B_SPLINE_CURVE_WITH_KNOTS('',3,(#4280,#4281,#4282,#4283,#4284,#4285,
#4286,#4287,#4288,#4289,#4290,#4291,#4292,#4293,#4294,#4295,#4296,#4297,
#4298),.UNSPECIFIED.,.F.,.F.,(4,3,3,3,3,3,4),(0.,0.182825277031659,0.38023606422396,
0.57759375771843,0.774863825957318,0.972049814542299,1.),.UNSPECIFIED.);
#2606=B_SPLINE_CURVE_WITH_KNOTS('',3,(#4300,#4301,#4302,#4303,#4304,#4305,
#4306,#4307,#4308,#4309,#4310,#4311,#4312,#4313,#4314,#4315,#4316,#4317,
#4318),.UNSPECIFIED.,.F.,.F.,(4,3,3,3,3,3,4),(0.,0.137753807521348,0.335130242902544,
0.532465636337544,0.729718214792429,0.926882414866768,1.),.UNSPECIFIED.);
#2607=B_SPLINE_CURVE_WITH_KNOTS('',3,(#4322,#4323,#4324,#4325,#4326,#4327,
#4328,#4329,#4330,#4331,#4332,#4333,#4334,#4335,#4336,#4337,#4338,#4339,
#4340,#4341,#4342,#4343),.UNSPECIFIED.,.F.,.F.,(4,3,3,3,3,3,3,4),(0.,0.0837488518315394,
0.281297439978083,0.478820663365946,0.676269287841125,0.798754944319614,
0.996031906382423,1.),.UNSPECIFIED.);
#2608=B_SPLINE_CURVE_WITH_KNOTS('',3,(#4345,#4346,#4347,#4348,#4349,#4350,
#4351,#4352,#4353,#4354,#4355,#4356,#4357,#4358,#4359,#4360,#4361,#4362,
#4363),.UNSPECIFIED.,.F.,.F.,(4,3,3,3,3,3,4),(0.,0.18282527703179,0.380236064224105,
0.577593757718566,0.774863825957456,0.97204981454243,1.),.UNSPECIFIED.);
#2609=B_SPLINE_CURVE_WITH_KNOTS('',3,(#4367,#4368,#4369,#4370,#4371,#4372,
#4373,#4374,#4375,#4376,#4377,#4378,#4379,#4380,#4381,#4382,#4383,#4384,
#4385),.UNSPECIFIED.,.F.,.F.,(4,3,3,3,3,3,4),(0.,0.182825277031438,0.380236064223758,
0.577593757718228,0.774863825957102,0.972049814542088,1.),.UNSPECIFIED.);
#2610=B_SPLINE_CURVE_WITH_KNOTS('',3,(#4387,#4388,#4389,#4390,#4391,#4392,
#4393,#4394,#4395,#4396,#4397,#4398,#4399,#4400,#4401,#4402,#4403,#4404,
#4405),.UNSPECIFIED.,.F.,.F.,(4,3,3,3,3,3,4),(0.,0.182825277031439,0.380236064223752,
0.577593757718219,0.774863825957112,0.972049814542098,1.),.UNSPECIFIED.);
#2611=B_SPLINE_CURVE_WITH_KNOTS('',3,(#4409,#4410,#4411,#4412,#4413,#4414,
#4415,#4416,#4417,#4418,#4419,#4420,#4421,#4422,#4423,#4424,#4425,#4426,
#4427),.UNSPECIFIED.,.F.,.F.,(4,3,3,3,3,3,4),(0.,0.182825277047845,0.380236064240142,
0.577593757734598,0.774863825973464,0.972049814558435,1.),.UNSPECIFIED.);
#2612=B_SPLINE_CURVE_WITH_KNOTS('',3,(#4429,#4430,#4431,#4432,#4433,#4434,
#4435,#4436,#4437,#4438,#4439,#4440,#4441,#4442,#4443,#4444,#4445,#4446,
#4447),.UNSPECIFIED.,.F.,.F.,(4,3,3,3,3,3,4),(0.,0.0886680616444381,0.286203658783383,
0.483712416607912,0.681145717141457,0.803619644989986,1.),.UNSPECIFIED.);
#2613=B_SPLINE_CURVE_WITH_KNOTS('',3,(#4451,#4452,#4453,#4454,#4455,#4456,
#4457,#4458,#4459,#4460,#4461,#4462,#4463,#4464,#4465,#4466,#4467,#4468,
#4469),.UNSPECIFIED.,.F.,.F.,(4,3,3,3,3,3,4),(0.,0.0585622226809015,0.255849052222224,
0.453044990417415,0.650171454904667,0.847279233690944,1.),.UNSPECIFIED.);
#2614=B_SPLINE_CURVE_WITH_KNOTS('',3,(#4473,#4474,#4475,#4476,#4477,#4478,
#4479,#4480,#4481,#4482,#4483,#4484,#4485,#4486,#4487,#4488,#4489,#4490,
#4491),.UNSPECIFIED.,.F.,.F.,(4,3,3,3,3,3,4),(0.,0.182825277031788,0.3802360642241,
0.577593757718577,0.774863825957458,0.972049814542442,1.),.UNSPECIFIED.);
#2615=B_SPLINE_CURVE_WITH_KNOTS('',3,(#4493,#4494,#4495,#4496,#4497,#4498,
#4499,#4500,#4501,#4502,#4503,#4504,#4505,#4506,#4507,#4508,#4509,#4510,
#4511),.UNSPECIFIED.,.F.,.F.,(4,3,3,3,3,3,4),(0.,0.13258318466637,0.329958716752583,
0.527294654752195,0.724548453488655,0.921713509243062,1.),.UNSPECIFIED.);
#2616=B_SPLINE_CURVE_WITH_KNOTS('',3,(#4513,#4514,#4515,#4516,#4517,#4518,
#4519,#4520,#4521,#4522,#4523,#4524,#4525,#4526,#4527,#4528,#4529,#4530,
#4531),.UNSPECIFIED.,.F.,.F.,(4,3,3,3,3,3,4),(0.,0.182825277031565,0.380236064223872,
0.577593757718336,0.774863825957217,0.972049814542209,1.),.UNSPECIFIED.);
#2617=B_SPLINE_CURVE_WITH_KNOTS('',3,(#4535,#4536,#4537,#4538),
 .UNSPECIFIED.,.F.,.F.,(4,4),(0.,1.),.UNSPECIFIED.);
#2618=B_SPLINE_CURVE_WITH_KNOTS('',3,(#4540,#4541,#4542,#4543),
 .UNSPECIFIED.,.F.,.F.,(4,4),(0.,1.),.UNSPECIFIED.);
#2619=B_SPLINE_CURVE_WITH_KNOTS('',3,(#4547,#4548,#4549,#4550),
 .UNSPECIFIED.,.F.,.F.,(4,4),(0.,1.),.UNSPECIFIED.);
#2620=B_SPLINE_CURVE_WITH_KNOTS('',3,(#4551,#4552,#4553,#4554,#4555,#4556,
#4557),.UNSPECIFIED.,.F.,.F.,(4,3,4),(0.,0.70342280523314,1.),
 .UNSPECIFIED.);
#2621=B_SPLINE_CURVE_WITH_KNOTS('',3,(#4561,#4562,#4563,#4564),
 .UNSPECIFIED.,.F.,.F.,(4,4),(0.,1.),.UNSPECIFIED.);
#2622=B_SPLINE_CURVE_WITH_KNOTS('',3,(#4566,#4567,#4568,#4569,#4570,#4571,
#4572),.UNSPECIFIED.,.F.,.F.,(4,3,4),(0.,0.898592507415999,1.),
 .UNSPECIFIED.);
#2623=B_SPLINE_CURVE_WITH_KNOTS('',3,(#4576,#4577,#4578,#4579,#4580,#4581,
#4582),.UNSPECIFIED.,.F.,.F.,(4,3,4),(0.,0.898592507415999,1.),
 .UNSPECIFIED.);
#2624=B_SPLINE_CURVE_WITH_KNOTS('',3,(#4586,#4587,#4588,#4589),
 .UNSPECIFIED.,.F.,.F.,(4,4),(0.,1.),.UNSPECIFIED.);
#2625=B_SPLINE_CURVE_WITH_KNOTS('',3,(#4593,#4594,#4595,#4596),
 .UNSPECIFIED.,.F.,.F.,(4,4),(0.,1.),.UNSPECIFIED.);
#2626=B_SPLINE_CURVE_WITH_KNOTS('',3,(#4600,#4601,#4602,#4603),
 .UNSPECIFIED.,.F.,.F.,(4,4),(0.,1.),.UNSPECIFIED.);
#2627=B_SPLINE_CURVE_WITH_KNOTS('',3,(#4607,#4608,#4609,#4610,#4611,#4612,
#4613),.UNSPECIFIED.,.F.,.F.,(4,3,4),(0.,0.703495715158366,1.),
 .UNSPECIFIED.);
#2628=B_SPLINE_CURVE_WITH_KNOTS('',3,(#4617,#4618,#4619,#4620),
 .UNSPECIFIED.,.F.,.F.,(4,4),(0.,1.),.UNSPECIFIED.);
#2629=B_SPLINE_CURVE_WITH_KNOTS('',3,(#4625,#4626,#4627,#4628),
 .UNSPECIFIED.,.F.,.F.,(4,4),(0.,1.),.UNSPECIFIED.);
#2630=B_SPLINE_CURVE_WITH_KNOTS('',3,(#4632,#4633,#4634,#4635,#4636,#4637,
#4638),.UNSPECIFIED.,.F.,.F.,(4,3,4),(0.,0.107508288160118,1.),
 .UNSPECIFIED.);
#2631=B_SPLINE_CURVE_WITH_KNOTS('',3,(#4639,#4640,#4641,#4642),
 .UNSPECIFIED.,.F.,.F.,(4,4),(0.,1.),.UNSPECIFIED.);
#2632=B_SPLINE_CURVE_WITH_KNOTS('',3,(#4646,#4647,#4648,#4649),
 .UNSPECIFIED.,.F.,.F.,(4,4),(0.,1.),.UNSPECIFIED.);
#2633=B_SPLINE_CURVE_WITH_KNOTS('',3,(#4654,#4655,#4656,#4657,#4658,#4659,
#4660),.UNSPECIFIED.,.F.,.F.,(4,3,4),(0.,0.107508288160119,1.),
 .UNSPECIFIED.);
#2634=B_SPLINE_CURVE_WITH_KNOTS('',3,(#4664,#4665,#4666,#4667),
 .UNSPECIFIED.,.F.,.F.,(4,4),(0.,1.),.UNSPECIFIED.);
#2635=B_SPLINE_CURVE_WITH_KNOTS('',3,(#4668,#4669,#4670,#4671),
 .UNSPECIFIED.,.F.,.F.,(4,4),(0.,1.),.UNSPECIFIED.);
#2636=B_SPLINE_CURVE_WITH_KNOTS('',3,(#4675,#4676,#4677,#4678),
 .UNSPECIFIED.,.F.,.F.,(4,4),(0.,1.),.UNSPECIFIED.);
#2637=B_SPLINE_CURVE_WITH_KNOTS('',3,(#4683,#4684,#4685,#4686),
 .UNSPECIFIED.,.F.,.F.,(4,4),(0.,1.),.UNSPECIFIED.);
#2638=B_SPLINE_CURVE_WITH_KNOTS('',3,(#4690,#4691,#4692,#4693),
 .UNSPECIFIED.,.F.,.F.,(4,4),(0.,1.),.UNSPECIFIED.);
#2639=B_SPLINE_CURVE_WITH_KNOTS('',3,(#4694,#4695,#4696,#4697,#4698,#4699,
#4700),.UNSPECIFIED.,.F.,.F.,(4,3,4),(0.,0.112265873357657,1.),
 .UNSPECIFIED.);
#2640=B_SPLINE_CURVE_WITH_KNOTS('',3,(#4704,#4705,#4706,#4707,#4708,#4709,
#4710),.UNSPECIFIED.,.F.,.F.,(4,3,4),(0.,0.112265873357656,1.),
 .UNSPECIFIED.);
#2641=B_SPLINE_CURVE_WITH_KNOTS('',3,(#4715,#4716,#4717,#4718),
 .UNSPECIFIED.,.F.,.F.,(4,4),(0.,1.),.UNSPECIFIED.);
#2642=B_SPLINE_CURVE_WITH_KNOTS('',3,(#4722,#4723,#4724,#4725,#4726,#4727,
#4728),.UNSPECIFIED.,.F.,.F.,(4,3,4),(0.,0.107508288160118,1.),
 .UNSPECIFIED.);
#2643=B_SPLINE_CURVE_WITH_KNOTS('',3,(#4729,#4730,#4731,#4732),
 .UNSPECIFIED.,.F.,.F.,(4,4),(0.,1.),.UNSPECIFIED.);
#2644=B_SPLINE_CURVE_WITH_KNOTS('',3,(#4736,#4737,#4738,#4739),
 .UNSPECIFIED.,.F.,.F.,(4,4),(0.,1.),.UNSPECIFIED.);
#2645=B_SPLINE_CURVE_WITH_KNOTS('',3,(#4871,#4872,#4873,#4874,#4875,#4876,
#4877,#4878,#4879,#4880,#4881,#4882,#4883,#4884,#4885,#4886),
 .UNSPECIFIED.,.F.,.F.,(4,3,3,3,3,4),(0.,0.178642977269988,0.41484909308749,
0.650922049915445,0.886792090841032,1.),.UNSPECIFIED.);
#2646=B_SPLINE_CURVE_WITH_KNOTS('',3,(#4887,#4888,#4889,#4890,#4891,#4892,
#4893,#4894,#4895,#4896,#4897,#4898,#4899,#4900,#4901,#4902),
 .UNSPECIFIED.,.F.,.F.,(4,3,3,3,3,4),(0.,0.178642977269653,0.414849093087226,
0.650922049915254,0.886792090840916,1.),.UNSPECIFIED.);
#2647=B_SPLINE_CURVE_WITH_KNOTS('',3,(#4904,#4905,#4906,#4907,#4908,#4909,
#4910,#4911,#4912,#4913,#4914,#4915,#4916,#4917,#4918,#4919),
 .UNSPECIFIED.,.F.,.F.,(4,3,3,3,3,4),(0.,0.162602359486122,0.398269153484681,
0.633747963076305,0.869120234668841,1.),.UNSPECIFIED.);
#2648=B_SPLINE_CURVE_WITH_KNOTS('',3,(#4920,#4921,#4922,#4923,#4924,#4925,
#4926,#4927,#4928,#4929,#4930,#4931,#4932,#4933,#4934,#4935),
 .UNSPECIFIED.,.F.,.F.,(4,3,3,3,3,4),(0.,0.178642977269737,0.414849093087307,
0.650922049915338,0.886792090840997,1.),.UNSPECIFIED.);
#2649=B_SPLINE_CURVE_WITH_KNOTS('',3,(#4937,#4938,#4939,#4940,#4941,#4942,
#4943,#4944,#4945,#4946,#4947,#4948,#4949,#4950,#4951,#4952),
 .UNSPECIFIED.,.F.,.F.,(4,3,3,3,3,4),(0.,0.178642977269623,0.414849093087117,
0.650922049915078,0.886792090840665,1.),.UNSPECIFIED.);
#2650=B_SPLINE_CURVE_WITH_KNOTS('',3,(#4953,#4954,#4955,#4956,#4957,#4958,
#4959,#4960,#4961,#4962,#4963,#4964,#4965,#4966,#4967,#4968),
 .UNSPECIFIED.,.F.,.F.,(4,3,3,3,3,4),(0.,0.208389367640784,0.444552362978118,
0.591287380818488,0.826930218372961,1.),.UNSPECIFIED.);
#2651=B_SPLINE_CURVE_WITH_KNOTS('',3,(#4970,#4971,#4972,#4973,#4974,#4975,
#4976,#4977,#4978,#4979,#4980,#4981,#4982,#4983,#4984,#4985),
 .UNSPECIFIED.,.F.,.F.,(4,3,3,3,3,4),(0.,0.208389367640746,0.444552362978048,
0.591287380818408,0.826930218372847,1.),.UNSPECIFIED.);
#2652=B_SPLINE_CURVE_WITH_KNOTS('',3,(#4986,#4987,#4988,#4989,#4990,#4991,
#4992,#4993,#4994,#4995,#4996,#4997,#4998,#4999,#5000,#5001),
 .UNSPECIFIED.,.F.,.F.,(4,3,3,3,3,4),(0.,0.178642977269736,0.414849093087309,
0.650922049915334,0.886792090840991,1.),.UNSPECIFIED.);
#2653=B_SPLINE_CURVE_WITH_KNOTS('',3,(#5003,#5004,#5005,#5006,#5007,#5008,
#5009,#5010,#5011,#5012,#5013,#5014,#5015,#5016,#5017,#5018),
 .UNSPECIFIED.,.F.,.F.,(4,3,3,3,3,4),(0.,0.178642977269739,0.414849093087312,
0.650922049915338,0.886792090841006,1.),.UNSPECIFIED.);
#2654=B_SPLINE_CURVE_WITH_KNOTS('',3,(#5019,#5020,#5021,#5022,#5023,#5024,
#5025,#5026,#5027,#5028,#5029,#5030,#5031,#5032,#5033,#5034),
 .UNSPECIFIED.,.F.,.F.,(4,3,3,3,3,4),(0.,0.178642977269738,0.41484909308731,
0.650922049915341,0.886792090841002,1.),.UNSPECIFIED.);
#2655=B_SPLINE_CURVE_WITH_KNOTS('',3,(#5036,#5037,#5038,#5039,#5040,#5041,
#5042,#5043,#5044,#5045,#5046,#5047,#5048,#5049,#5050,#5051),
 .UNSPECIFIED.,.F.,.F.,(4,3,3,3,3,4),(0.,0.178642977269737,0.414849093087307,
0.650922049915334,0.886792090840996,1.),.UNSPECIFIED.);
#2656=B_SPLINE_CURVE_WITH_KNOTS('',3,(#5052,#5053,#5054,#5055,#5056,#5057,
#5058,#5059,#5060,#5061,#5062,#5063,#5064,#5065,#5066,#5067,#5068,#5069,
#5070),.UNSPECIFIED.,.F.,.F.,(4,3,3,3,3,3,4),(0.,0.0499806907593978,0.286121076286613,
0.522197689803343,0.758099023598845,0.993793727453781,1.),.UNSPECIFIED.);
#2657=B_SPLINE_CURVE_WITH_KNOTS('',3,(#5075,#5076,#5077,#5078,#5079,#5080,
#5081,#5082,#5083,#5084,#5085,#5086,#5087,#5088,#5089,#5090,#5091,#5092,
#5093,#5094,#5095,#5096),.UNSPECIFIED.,.F.,.F.,(4,3,3,3,3,3,3,4),(0.,0.160472256265624,
0.321492454908612,0.482492819023714,0.643512745880347,0.804592855707328,
0.965748311461515,1.),.UNSPECIFIED.);
#2658=B_SPLINE_CURVE_WITH_KNOTS('',3,(#5100,#5101,#5102,#5103,#5104,#5105,
#5106,#5107,#5108,#5109,#5110,#5111,#5112,#5113,#5114,#5115,#5116,#5117,
#5118,#5119,#5120,#5121),.UNSPECIFIED.,.F.,.F.,(4,3,3,3,3,3,3,4),(0.,0.160472256289958,
0.321492454932975,0.482492819048116,0.643512745904796,0.804592855731828,
0.965748311486057,1.),.UNSPECIFIED.);
#2659=B_SPLINE_CURVE_WITH_KNOTS('',3,(#5123,#5124,#5125,#5126,#5127,#5128,
#5129,#5130,#5131,#5132,#5133,#5134,#5135,#5136,#5137,#5138,#5139,#5140,
#5141,#5142,#5143,#5144),.UNSPECIFIED.,.F.,.F.,(4,3,3,3,3,3,3,4),(0.,0.126983713458369,
0.288248656784981,0.449475551455131,0.610632050242183,0.771716507437977,
0.932758018957404,1.),.UNSPECIFIED.);
#2660=B_SPLINE_CURVE_WITH_KNOTS('',3,(#5149,#5150,#5151,#5152,#5153,#5154,
#5155,#5156,#5157,#5158,#5159,#5160,#5161,#5162,#5163,#5164,#5165,#5166,
#5167,#5168,#5169,#5170),.UNSPECIFIED.,.F.,.F.,(4,3,3,3,3,3,3,4),(0.,0.160472256267741,
0.321492454910727,0.48249281902584,0.643512745882479,0.804592855709461,
0.965748311463653,1.),.UNSPECIFIED.);
#2661=B_SPLINE_CURVE_WITH_KNOTS('',3,(#5177,#5178,#5179,#5180,#5181,#5182,
#5183,#5184,#5185,#5186,#5187,#5188,#5189,#5190,#5191,#5192,#5193,#5194,
#5195,#5196,#5197,#5198,#5199,#5200,#5201),.UNSPECIFIED.,.F.,.F.,(4,3,3,
3,3,3,3,3,4),(0.,0.0126907969395049,0.173865294030983,0.33497602008149,
0.496061305177253,0.595899796483987,0.757141169030687,0.918379181778965,
1.),.UNSPECIFIED.);
#2662=B_SPLINE_CURVE_WITH_KNOTS('',3,(#5205,#5206,#5207,#5208,#5209,#5210,
#5211,#5212,#5213,#5214,#5215,#5216,#5217,#5218,#5219,#5220,#5221,#5222,
#5223,#5224,#5225,#5226),.UNSPECIFIED.,.F.,.F.,(4,3,3,3,3,3,3,4),(0.,0.160472256265552,
0.321492454908535,0.482492819023644,0.643512745880284,0.804592855707265,
0.965748311461452,1.),.UNSPECIFIED.);
#2663=B_SPLINE_CURVE_WITH_KNOTS('',3,(#5231,#5232,#5233,#5234,#5235,#5236,
#5237,#5238,#5239,#5240,#5241,#5242,#5243,#5244,#5245,#5246,#5247,#5248,
#5249,#5250,#5251,#5252),.UNSPECIFIED.,.F.,.F.,(4,3,3,3,3,3,3,4),(0.,0.160472256265759,
0.321492454908745,0.482492819023851,0.643512745880486,0.804592855707465,
0.965748311461658,1.),.UNSPECIFIED.);
#2664=B_SPLINE_CURVE_WITH_KNOTS('',3,(#5256,#5257,#5258,#5259,#5260,#5261,
#5262,#5263,#5264,#5265,#5266,#5267,#5268,#5269,#5270,#5271,#5272,#5273,
#5274,#5275,#5276,#5277,#5278,#5279,#5280),.UNSPECIFIED.,.F.,.F.,(4,3,3,
3,3,3,3,3,4),(0.,0.00268990057404219,0.163850295714813,0.32494530864751,
0.486011969663358,0.58583721607875,0.747055439389922,0.908270237141553,
1.),.UNSPECIFIED.);
#2665=B_SPLINE_CURVE_WITH_KNOTS('',3,(#5285,#5286,#5287,#5288,#5289,#5290,
#5291,#5292,#5293,#5294,#5295,#5296,#5297,#5298,#5299,#5300,#5301,#5302,
#5303,#5304,#5305,#5306),.UNSPECIFIED.,.F.,.F.,(4,3,3,3,3,3,3,4),(0.,0.160472256287298,
0.321492454930314,0.482492819045453,0.643512745902129,0.804592855729146,
0.965748311483383,1.),.UNSPECIFIED.);
#2666=B_SPLINE_CURVE_WITH_KNOTS('',3,(#5310,#5311,#5312,#5313,#5314,#5315,
#5316,#5317,#5318,#5319,#5320,#5321,#5322,#5323,#5324,#5325,#5326,#5327,
#5328,#5329,#5330,#5331),.UNSPECIFIED.,.F.,.F.,(4,3,3,3,3,3,3,4),(0.,0.160472256275825,
0.321492454918822,0.482492819033942,0.643512745890601,0.804592855717604,
0.965748311471804,1.),.UNSPECIFIED.);
#2667=B_SPLINE_CURVE_WITH_KNOTS('',3,(#5423,#5424,#5425,#5426,#5427,#5428,
#5429,#5430,#5431,#5432,#5433,#5434,#5435,#5436,#5437,#5438,#5439,#5440,
#5441),.UNSPECIFIED.,.F.,.F.,(4,3,3,3,3,3,4),(0.,0.18282527703145,0.380236064223771,
0.577593757718226,0.774863825957107,0.972049814542093,1.),.UNSPECIFIED.);
#2668=B_SPLINE_CURVE_WITH_KNOTS('',3,(#5442,#5443,#5444,#5445,#5446,#5447,
#5448,#5449,#5450,#5451,#5452,#5453,#5454,#5455,#5456,#5457,#5458,#5459,
#5460),.UNSPECIFIED.,.F.,.F.,(4,3,3,3,3,3,4),(0.,0.182825277031443,0.380236064223763,
0.577593757718224,0.774863825957105,0.972049814542098,1.),.UNSPECIFIED.);
#2669=B_SPLINE_CURVE_WITH_KNOTS('',3,(#5462,#5463,#5464,#5465,#5466,#5467,
#5468,#5469,#5470,#5471,#5472,#5473,#5474,#5475,#5476,#5477,#5478,#5479,
#5480),.UNSPECIFIED.,.F.,.F.,(4,3,3,3,3,3,4),(0.,0.196555212622201,0.39369382888501,
0.590856942442098,0.788097441653771,0.985428329362627,1.),.UNSPECIFIED.);
#2670=B_SPLINE_CURVE_WITH_KNOTS('',3,(#5481,#5482,#5483,#5484,#5485,#5486,
#5487,#5488,#5489,#5490,#5491,#5492,#5493,#5494,#5495,#5496,#5497,#5498,
#5499),.UNSPECIFIED.,.F.,.F.,(4,3,3,3,3,3,4),(0.,0.182825277046852,0.380236064239151,
0.577593757733602,0.774863825972474,0.972049814557445,1.),.UNSPECIFIED.);
#2671=B_SPLINE_CURVE_WITH_KNOTS('',3,(#5501,#5502,#5503,#5504,#5505,#5506,
#5507,#5508,#5509,#5510,#5511,#5512,#5513,#5514,#5515,#5516,#5517,#5518,
#5519,#5520,#5521,#5522),.UNSPECIFIED.,.F.,.F.,(4,3,3,3,3,3,3,4),(0.,0.0837488518315595,
0.28129743997808,0.47882066336596,0.676269287841128,0.798754944319613,0.996031906382431,
1.),.UNSPECIFIED.);
#2672=B_SPLINE_CURVE_WITH_KNOTS('',3,(#5523,#5524,#5525,#5526,#5527,#5528,
#5529,#5530,#5531,#5532,#5533,#5534,#5535,#5536,#5537,#5538,#5539,#5540,
#5541),.UNSPECIFIED.,.F.,.F.,(4,3,3,3,3,3,4),(0.,0.18282527703143,0.380236064223749,
0.577593757718213,0.774863825957103,0.972049814542094,1.),.UNSPECIFIED.);
#2673=B_SPLINE_CURVE_WITH_KNOTS('',3,(#5543,#5544,#5545,#5546,#5547,#5548,
#5549,#5550,#5551,#5552,#5553,#5554,#5555,#5556,#5557,#5558,#5559,#5560,
#5561),.UNSPECIFIED.,.F.,.F.,(4,3,3,3,3,3,4),(0.,0.182825277047847,0.380236064240144,
0.577593757734596,0.774863825973461,0.972049814558436,1.),.UNSPECIFIED.);
#2674=B_SPLINE_CURVE_WITH_KNOTS('',3,(#5562,#5563,#5564,#5565,#5566,#5567,
#5568,#5569,#5570,#5571,#5572,#5573,#5574,#5575,#5576,#5577,#5578,#5579,
#5580),.UNSPECIFIED.,.F.,.F.,(4,3,3,3,3,3,4),(0.,0.0886680616444289,0.286203658783372,
0.4837124166079,0.681145717141451,0.803619644989982,1.),.UNSPECIFIED.);
#2675=B_SPLINE_CURVE_WITH_KNOTS('',3,(#5582,#5583,#5584,#5585,#5586,#5587,
#5588,#5589,#5590,#5591,#5592,#5593,#5594,#5595,#5596,#5597,#5598,#5599,
#5600),.UNSPECIFIED.,.F.,.F.,(4,3,3,3,3,3,4),(0.,0.18282527703143,0.380236064223747,
0.577593757718203,0.774863825957092,0.972049814542087,1.),.UNSPECIFIED.);
#2676=B_SPLINE_CURVE_WITH_KNOTS('',3,(#5601,#5602,#5603,#5604,#5605,#5606,
#5607,#5608,#5609,#5610,#5611,#5612,#5613,#5614,#5615,#5616,#5617,#5618,
#5619),.UNSPECIFIED.,.F.,.F.,(4,3,3,3,3,3,4),(0.,0.182825277031408,0.38023606422372,
0.577593757718197,0.774863825957094,0.972049814542069,1.),.UNSPECIFIED.);
#2677=B_SPLINE_CURVE_WITH_KNOTS('',3,(#5652,#5653,#5654,#5655),
 .UNSPECIFIED.,.F.,.F.,(4,4),(0.,1.),.UNSPECIFIED.);
#2678=B_SPLINE_CURVE_WITH_KNOTS('',3,(#5656,#5657,#5658,#5659),
 .UNSPECIFIED.,.F.,.F.,(4,4),(0.,1.),.UNSPECIFIED.);
#2679=B_SPLINE_CURVE_WITH_KNOTS('',3,(#5660,#5661,#5662,#5663,#5664,#5665,
#5666),.UNSPECIFIED.,.F.,.F.,(4,3,4),(0.,0.512548515721888,1.),
 .UNSPECIFIED.);
#2680=B_SPLINE_CURVE_WITH_KNOTS('',3,(#5667,#5668,#5669,#5670),
 .UNSPECIFIED.,.F.,.F.,(4,4),(0.,1.),.UNSPECIFIED.);
#2681=B_SPLINE_CURVE_WITH_KNOTS('',3,(#5672,#5673,#5674,#5675),
 .UNSPECIFIED.,.F.,.F.,(4,4),(0.,1.),.UNSPECIFIED.);
#2682=B_SPLINE_CURVE_WITH_KNOTS('',3,(#5676,#5677,#5678,#5679),
 .UNSPECIFIED.,.F.,.F.,(4,4),(0.,1.),.UNSPECIFIED.);
#2683=B_SPLINE_CURVE_WITH_KNOTS('',3,(#5683,#5684,#5685,#5686),
 .UNSPECIFIED.,.F.,.F.,(4,4),(0.,1.),.UNSPECIFIED.);
#2684=B_SPLINE_CURVE_WITH_KNOTS('',3,(#5690,#5691,#5692,#5693,#5694,#5695,
#5696),.UNSPECIFIED.,.F.,.F.,(4,3,4),(0.,0.512548515721888,1.),
 .UNSPECIFIED.);
#2685=B_SPLINE_CURVE_WITH_KNOTS('',3,(#5701,#5702,#5703,#5704,#5705,#5706,
#5707),.UNSPECIFIED.,.F.,.F.,(4,3,4),(0.,0.703422805233143,1.),
 .UNSPECIFIED.);
#2686=B_SPLINE_CURVE_WITH_KNOTS('',3,(#5708,#5709,#5710,#5711),
 .UNSPECIFIED.,.F.,.F.,(4,4),(0.,1.),.UNSPECIFIED.);
#2687=B_SPLINE_CURVE_WITH_KNOTS('',3,(#5712,#5713,#5714,#5715),
 .UNSPECIFIED.,.F.,.F.,(4,4),(0.,1.),.UNSPECIFIED.);
#2688=B_SPLINE_CURVE_WITH_KNOTS('',3,(#5716,#5717,#5718,#5719,#5720,#5721,
#5722),.UNSPECIFIED.,.F.,.F.,(4,3,4),(0.,0.703422805233143,1.),
 .UNSPECIFIED.);
#2689=B_SPLINE_CURVE_WITH_KNOTS('',3,(#5727,#5728,#5729,#5730),
 .UNSPECIFIED.,.F.,.F.,(4,4),(0.,1.),.UNSPECIFIED.);
#2690=B_SPLINE_CURVE_WITH_KNOTS('',3,(#5731,#5732,#5733,#5734),
 .UNSPECIFIED.,.F.,.F.,(4,4),(0.,1.),.UNSPECIFIED.);
#2691=B_SPLINE_CURVE_WITH_KNOTS('',3,(#5735,#5736,#5737,#5738),
 .UNSPECIFIED.,.F.,.F.,(4,4),(0.,1.),.UNSPECIFIED.);
#2692=B_SPLINE_CURVE_WITH_KNOTS('',3,(#5739,#5740,#5741,#5742),
 .UNSPECIFIED.,.F.,.F.,(4,4),(0.,1.),.UNSPECIFIED.);
#2693=B_SPLINE_CURVE_WITH_KNOTS('',3,(#5747,#5748,#5749,#5750),
 .UNSPECIFIED.,.F.,.F.,(4,4),(0.,1.),.UNSPECIFIED.);
#2694=B_SPLINE_CURVE_WITH_KNOTS('',3,(#5751,#5752,#5753,#5754),
 .UNSPECIFIED.,.F.,.F.,(4,4),(0.,1.),.UNSPECIFIED.);
#2695=B_SPLINE_CURVE_WITH_KNOTS('',3,(#5755,#5756,#5757,#5758),
 .UNSPECIFIED.,.F.,.F.,(4,4),(0.,1.),.UNSPECIFIED.);
#2696=B_SPLINE_CURVE_WITH_KNOTS('',3,(#5759,#5760,#5761,#5762),
 .UNSPECIFIED.,.F.,.F.,(4,4),(0.,1.),.UNSPECIFIED.);
#2697=B_SPLINE_CURVE_WITH_KNOTS('',3,(#5764,#5765,#5766,#5767,#5768,#5769,
#5770,#5771,#5772,#5773,#5774,#5775,#5776,#5777,#5778,#5779,#5780,#5781,
#5782,#5783,#5784,#5785),.UNSPECIFIED.,.F.,.F.,(4,3,3,3,3,3,3,4),(0.,0.160472256265625,
0.321492454908609,0.482492819023718,0.643512745880353,0.804592855707333,
0.965748311461519,1.),.UNSPECIFIED.);
#2698=B_SPLINE_CURVE_WITH_KNOTS('',3,(#5789,#5790,#5791,#5792,#5793,#5794,
#5795,#5796,#5797,#5798,#5799,#5800,#5801,#5802,#5803,#5804,#5805,#5806,
#5807,#5808,#5809,#5810),.UNSPECIFIED.,.F.,.F.,(4,3,3,3,3,3,3,4),(0.,0.13110003671799,
0.292105240749928,0.453072968375767,0.614051321031028,0.775083910915291,
0.936191448438253,1.),.UNSPECIFIED.);
#2699=B_SPLINE_CURVE_WITH_KNOTS('',3,(#5830,#5831,#5832,#5833,#5834,#5835,
#5836,#5837,#5838,#5839,#5840,#5841,#5842,#5843,#5844,#5845,#5846,#5847,
#5848),.UNSPECIFIED.,.F.,.F.,(4,3,3,3,3,3,4),(0.,0.182825277031451,0.380236064223759,
0.577593757718226,0.774863825957112,0.972049814542087,1.),.UNSPECIFIED.);
#2700=B_SPLINE_CURVE_WITH_KNOTS('',3,(#5849,#5850,#5851,#5852,#5853,#5854,
#5855,#5856,#5857,#5858,#5859,#5860,#5861,#5862,#5863,#5864,#5865,#5866,
#5867),.UNSPECIFIED.,.F.,.F.,(4,3,3,3,3,3,4),(0.,0.137753807521348,0.335130242902544,
0.532465636337544,0.729718214792429,0.926882414866768,1.),.UNSPECIFIED.);
#2701=AXIS2_PLACEMENT_3D('',#3646,#2963,#2964);
#2702=AXIS2_PLACEMENT_3D('',#3732,#2965,#2966);
#2703=AXIS2_PLACEMENT_3D('',#3733,#2967,#2968);
#2704=AXIS2_PLACEMENT_3D('',#3756,#2974,#2975);
#2705=AXIS2_PLACEMENT_3D('',#3765,#2980,#2981);
#2706=AXIS2_PLACEMENT_3D('',#3826,#2983,#2984);
#2707=AXIS2_PLACEMENT_3D('',#3827,#2985,#2986);
#2708=AXIS2_PLACEMENT_3D('',#3850,#2992,#2993);
#2709=AXIS2_PLACEMENT_3D('',#3854,#2995,#2996);
#2710=AXIS2_PLACEMENT_3D('',#3858,#2998,#2999);
#2711=AXIS2_PLACEMENT_3D('',#3859,#3000,#3001);
#2712=AXIS2_PLACEMENT_3D('',#3884,#3002,#3003);
#2713=AXIS2_PLACEMENT_3D('',#3909,#3004,#3005);
#2714=AXIS2_PLACEMENT_3D('',#3910,#3006,#3007);
#2715=AXIS2_PLACEMENT_3D('',#3938,#3008,#3009);
#2716=AXIS2_PLACEMENT_3D('',#3963,#3010,#3011);
#2717=AXIS2_PLACEMENT_3D('',#3964,#3012,#3013);
#2718=AXIS2_PLACEMENT_3D('',#3989,#3014,#3015);
#2719=AXIS2_PLACEMENT_3D('',#4014,#3016,#3017);
#2720=AXIS2_PLACEMENT_3D('',#4015,#3018,#3019);
#2721=AXIS2_PLACEMENT_3D('',#4040,#3020,#3021);
#2722=AXIS2_PLACEMENT_3D('',#4068,#3022,#3023);
#2723=AXIS2_PLACEMENT_3D('',#4069,#3024,#3025);
#2724=AXIS2_PLACEMENT_3D('',#4094,#3026,#3027);
#2725=AXIS2_PLACEMENT_3D('',#4119,#3028,#3029);
#2726=AXIS2_PLACEMENT_3D('',#4120,#3030,#3031);
#2727=AXIS2_PLACEMENT_3D('',#4145,#3032,#3033);
#2728=AXIS2_PLACEMENT_3D('',#4170,#3034,#3035);
#2729=AXIS2_PLACEMENT_3D('',#4171,#3036,#3037);
#2730=AXIS2_PLACEMENT_3D('',#4176,#3040,#3041);
#2731=AXIS2_PLACEMENT_3D('',#4177,#3042,#3043);
#2732=AXIS2_PLACEMENT_3D('',#4182,#3046,#3047);
#2733=AXIS2_PLACEMENT_3D('',#4183,#3048,#3049);
#2734=AXIS2_PLACEMENT_3D('',#4188,#3052,#3053);
#2735=AXIS2_PLACEMENT_3D('',#4189,#3054,#3055);
#2736=AXIS2_PLACEMENT_3D('',#4194,#3058,#3059);
#2737=AXIS2_PLACEMENT_3D('',#4195,#3060,#3061);
#2738=AXIS2_PLACEMENT_3D('',#4198,#3063,#3064);
#2739=AXIS2_PLACEMENT_3D('',#4201,#3066,#3067);
#2740=AXIS2_PLACEMENT_3D('',#4206,#3070,#3071);
#2741=AXIS2_PLACEMENT_3D('',#4207,#3072,#3073);
#2742=AXIS2_PLACEMENT_3D('',#4212,#3076,#3077);
#2743=AXIS2_PLACEMENT_3D('',#4213,#3078,#3079);
#2744=AXIS2_PLACEMENT_3D('',#4218,#3082,#3083);
#2745=AXIS2_PLACEMENT_3D('',#4219,#3084,#3085);
#2746=AXIS2_PLACEMENT_3D('',#4224,#3088,#3089);
#2747=AXIS2_PLACEMENT_3D('',#4225,#3090,#3091);
#2748=AXIS2_PLACEMENT_3D('',#4230,#3094,#3095);
#2749=AXIS2_PLACEMENT_3D('',#4231,#3096,#3097);
#2750=AXIS2_PLACEMENT_3D('',#4234,#3099,#3100);
#2751=AXIS2_PLACEMENT_3D('',#4237,#3102,#3103);
#2752=AXIS2_PLACEMENT_3D('',#4242,#3106,#3107);
#2753=AXIS2_PLACEMENT_3D('',#4243,#3108,#3109);
#2754=AXIS2_PLACEMENT_3D('',#4248,#3112,#3113);
#2755=AXIS2_PLACEMENT_3D('',#4249,#3114,#3115);
#2756=AXIS2_PLACEMENT_3D('',#4254,#3118,#3119);
#2757=AXIS2_PLACEMENT_3D('',#4255,#3120,#3121);
#2758=AXIS2_PLACEMENT_3D('',#4260,#3124,#3125);
#2759=AXIS2_PLACEMENT_3D('',#4261,#3126,#3127);
#2760=AXIS2_PLACEMENT_3D('',#4266,#3130,#3131);
#2761=AXIS2_PLACEMENT_3D('',#4267,#3132,#3133);
#2762=AXIS2_PLACEMENT_3D('',#4270,#3135,#3136);
#2763=AXIS2_PLACEMENT_3D('',#4273,#3138,#3139);
#2764=AXIS2_PLACEMENT_3D('',#4278,#3142,#3143);
#2765=AXIS2_PLACEMENT_3D('',#4279,#3144,#3145);
#2766=AXIS2_PLACEMENT_3D('',#4320,#3146,#3147);
#2767=AXIS2_PLACEMENT_3D('',#4321,#3148,#3149);
#2768=AXIS2_PLACEMENT_3D('',#4365,#3150,#3151);
#2769=AXIS2_PLACEMENT_3D('',#4366,#3152,#3153);
#2770=AXIS2_PLACEMENT_3D('',#4407,#3154,#3155);
#2771=AXIS2_PLACEMENT_3D('',#4408,#3156,#3157);
#2772=AXIS2_PLACEMENT_3D('',#4449,#3158,#3159);
#2773=AXIS2_PLACEMENT_3D('',#4450,#3160,#3161);
#2774=AXIS2_PLACEMENT_3D('',#4471,#3162,#3163);
#2775=AXIS2_PLACEMENT_3D('',#4492,#3164,#3165);
#2776=AXIS2_PLACEMENT_3D('',#4533,#3166,#3167);
#2777=AXIS2_PLACEMENT_3D('',#4534,#3168,#3169);
#2778=AXIS2_PLACEMENT_3D('',#4545,#3170,#3171);
#2779=AXIS2_PLACEMENT_3D('',#4559,#3172,#3173);
#2780=AXIS2_PLACEMENT_3D('',#4560,#3174,#3175);
#2781=AXIS2_PLACEMENT_3D('',#4574,#3176,#3177);
#2782=AXIS2_PLACEMENT_3D('',#4584,#3178,#3179);
#2783=AXIS2_PLACEMENT_3D('',#4591,#3180,#3181);
#2784=AXIS2_PLACEMENT_3D('',#4592,#3182,#3183);
#2785=AXIS2_PLACEMENT_3D('',#4598,#3184,#3185);
#2786=AXIS2_PLACEMENT_3D('',#4605,#3186,#3187);
#2787=AXIS2_PLACEMENT_3D('',#4615,#3188,#3189);
#2788=AXIS2_PLACEMENT_3D('',#4621,#3190,#3191);
#2789=AXIS2_PLACEMENT_3D('',#4622,#3192,#3193);
#2790=AXIS2_PLACEMENT_3D('',#4630,#3194,#3195);
#2791=AXIS2_PLACEMENT_3D('',#4644,#3196,#3197);
#2792=AXIS2_PLACEMENT_3D('',#4650,#3198,#3199);
#2793=AXIS2_PLACEMENT_3D('',#4651,#3200,#3201);
#2794=AXIS2_PLACEMENT_3D('',#4662,#3202,#3203);
#2795=AXIS2_PLACEMENT_3D('',#4673,#3204,#3205);
#2796=AXIS2_PLACEMENT_3D('',#4679,#3206,#3207);
#2797=AXIS2_PLACEMENT_3D('',#4680,#3208,#3209);
#2798=AXIS2_PLACEMENT_3D('',#4688,#3210,#3211);
#2799=AXIS2_PLACEMENT_3D('',#4702,#3212,#3213);
#2800=AXIS2_PLACEMENT_3D('',#4711,#3214,#3215);
#2801=AXIS2_PLACEMENT_3D('',#4712,#3216,#3217);
#2802=AXIS2_PLACEMENT_3D('',#4720,#3218,#3219);
#2803=AXIS2_PLACEMENT_3D('',#4734,#3220,#3221);
#2804=AXIS2_PLACEMENT_3D('',#4740,#3222,#3223);
#2805=AXIS2_PLACEMENT_3D('',#4741,#3224,#3225);
#2806=AXIS2_PLACEMENT_3D('',#4746,#3227,#3228);
#2807=AXIS2_PLACEMENT_3D('',#4750,#3230,#3231);
#2808=AXIS2_PLACEMENT_3D('',#4754,#3233,#3234);
#2809=AXIS2_PLACEMENT_3D('',#4758,#3236,#3237);
#2810=AXIS2_PLACEMENT_3D('',#4762,#3239,#3240);
#2811=AXIS2_PLACEMENT_3D('',#4766,#3242,#3243);
#2812=AXIS2_PLACEMENT_3D('',#4770,#3245,#3246);
#2813=AXIS2_PLACEMENT_3D('',#4774,#3248,#3249);
#2814=AXIS2_PLACEMENT_3D('',#4779,#3252,#3253);
#2815=AXIS2_PLACEMENT_3D('',#4783,#3255,#3256);
#2816=AXIS2_PLACEMENT_3D('',#4786,#3258,#3259);
#2817=AXIS2_PLACEMENT_3D('',#4791,#3261,#3262);
#2818=AXIS2_PLACEMENT_3D('',#4795,#3264,#3265);
#2819=AXIS2_PLACEMENT_3D('',#4799,#3267,#3268);
#2820=AXIS2_PLACEMENT_3D('',#4803,#3270,#3271);
#2821=AXIS2_PLACEMENT_3D('',#4807,#3273,#3274);
#2822=AXIS2_PLACEMENT_3D('',#4811,#3276,#3277);
#2823=AXIS2_PLACEMENT_3D('',#4815,#3279,#3280);
#2824=AXIS2_PLACEMENT_3D('',#4819,#3282,#3283);
#2825=AXIS2_PLACEMENT_3D('',#4823,#3285,#3286);
#2826=AXIS2_PLACEMENT_3D('',#4827,#3288,#3289);
#2827=AXIS2_PLACEMENT_3D('',#4831,#3291,#3292);
#2828=AXIS2_PLACEMENT_3D('',#4834,#3294,#3295);
#2829=AXIS2_PLACEMENT_3D('',#4837,#3297,#3298);
#2830=AXIS2_PLACEMENT_3D('',#4840,#3300,#3301);
#2831=AXIS2_PLACEMENT_3D('',#4845,#3304,#3305);
#2832=AXIS2_PLACEMENT_3D('',#4846,#3306,#3307);
#2833=AXIS2_PLACEMENT_3D('',#4847,#3308,#3309);
#2834=AXIS2_PLACEMENT_3D('',#4852,#3312,#3313);
#2835=AXIS2_PLACEMENT_3D('',#4853,#3314,#3315);
#2836=AXIS2_PLACEMENT_3D('',#4858,#3318,#3319);
#2837=AXIS2_PLACEMENT_3D('',#4859,#3320,#3321);
#2838=AXIS2_PLACEMENT_3D('',#4864,#3324,#3325);
#2839=AXIS2_PLACEMENT_3D('',#4865,#3326,#3327);
#2840=AXIS2_PLACEMENT_3D('',#4870,#3330,#3331);
#2841=AXIS2_PLACEMENT_3D('',#4903,#3332,#3333);
#2842=AXIS2_PLACEMENT_3D('',#4936,#3334,#3335);
#2843=AXIS2_PLACEMENT_3D('',#4969,#3336,#3337);
#2844=AXIS2_PLACEMENT_3D('',#5002,#3338,#3339);
#2845=AXIS2_PLACEMENT_3D('',#5035,#3340,#3341);
#2846=AXIS2_PLACEMENT_3D('',#5071,#3342,#3343);
#2847=AXIS2_PLACEMENT_3D('',#5072,#3344,#3345);
#2848=AXIS2_PLACEMENT_3D('',#5098,#3346,#3347);
#2849=AXIS2_PLACEMENT_3D('',#5122,#3348,#3349);
#2850=AXIS2_PLACEMENT_3D('',#5147,#3350,#3351);
#2851=AXIS2_PLACEMENT_3D('',#5172,#3352,#3353);
#2852=AXIS2_PLACEMENT_3D('',#5173,#3354,#3355);
#2853=AXIS2_PLACEMENT_3D('',#5174,#3356,#3357);
#2854=AXIS2_PLACEMENT_3D('',#5203,#3358,#3359);
#2855=AXIS2_PLACEMENT_3D('',#5227,#3360,#3361);
#2856=AXIS2_PLACEMENT_3D('',#5228,#3362,#3363);
#2857=AXIS2_PLACEMENT_3D('',#5254,#3364,#3365);
#2858=AXIS2_PLACEMENT_3D('',#5281,#3366,#3367);
#2859=AXIS2_PLACEMENT_3D('',#5282,#3368,#3369);
#2860=AXIS2_PLACEMENT_3D('',#5308,#3370,#3371);
#2861=AXIS2_PLACEMENT_3D('',#5332,#3372,#3373);
#2862=AXIS2_PLACEMENT_3D('',#5335,#3375,#3376);
#2863=AXIS2_PLACEMENT_3D('',#5338,#3378,#3379);
#2864=AXIS2_PLACEMENT_3D('',#5341,#3381,#3382);
#2865=AXIS2_PLACEMENT_3D('',#5344,#3384,#3385);
#2866=AXIS2_PLACEMENT_3D('',#5347,#3387,#3388);
#2867=AXIS2_PLACEMENT_3D('',#5350,#3390,#3391);
#2868=AXIS2_PLACEMENT_3D('',#5353,#3393,#3394);
#2869=AXIS2_PLACEMENT_3D('',#5356,#3396,#3397);
#2870=AXIS2_PLACEMENT_3D('',#5359,#3399,#3400);
#2871=AXIS2_PLACEMENT_3D('',#5362,#3402,#3403);
#2872=AXIS2_PLACEMENT_3D('',#5365,#3405,#3406);
#2873=AXIS2_PLACEMENT_3D('',#5368,#3408,#3409);
#2874=AXIS2_PLACEMENT_3D('',#5371,#3411,#3412);
#2875=AXIS2_PLACEMENT_3D('',#5374,#3414,#3415);
#2876=AXIS2_PLACEMENT_3D('',#5377,#3417,#3418);
#2877=AXIS2_PLACEMENT_3D('',#5380,#3420,#3421);
#2878=AXIS2_PLACEMENT_3D('',#5383,#3423,#3424);
#2879=AXIS2_PLACEMENT_3D('',#5386,#3426,#3427);
#2880=AXIS2_PLACEMENT_3D('',#5389,#3429,#3430);
#2881=AXIS2_PLACEMENT_3D('',#5392,#3432,#3433);
#2882=AXIS2_PLACEMENT_3D('',#5395,#3435,#3436);
#2883=AXIS2_PLACEMENT_3D('',#5398,#3438,#3439);
#2884=AXIS2_PLACEMENT_3D('',#5401,#3441,#3442);
#2885=AXIS2_PLACEMENT_3D('',#5404,#3444,#3445);
#2886=AXIS2_PLACEMENT_3D('',#5407,#3447,#3448);
#2887=AXIS2_PLACEMENT_3D('',#5410,#3450,#3451);
#2888=AXIS2_PLACEMENT_3D('',#5413,#3453,#3454);
#2889=AXIS2_PLACEMENT_3D('',#5416,#3456,#3457);
#2890=AXIS2_PLACEMENT_3D('',#5419,#3459,#3460);
#2891=AXIS2_PLACEMENT_3D('',#5422,#3462,#3463);
#2892=AXIS2_PLACEMENT_3D('',#5461,#3464,#3465);
#2893=AXIS2_PLACEMENT_3D('',#5500,#3466,#3467);
#2894=AXIS2_PLACEMENT_3D('',#5542,#3468,#3469);
#2895=AXIS2_PLACEMENT_3D('',#5581,#3470,#3471);
#2896=AXIS2_PLACEMENT_3D('',#5620,#3472,#3473);
#2897=AXIS2_PLACEMENT_3D('',#5625,#3476,#3477);
#2898=AXIS2_PLACEMENT_3D('',#5626,#3478,#3479);
#2899=AXIS2_PLACEMENT_3D('',#5627,#3480,#3481);
#2900=AXIS2_PLACEMENT_3D('',#5630,#3483,#3484);
#2901=AXIS2_PLACEMENT_3D('',#5633,#3486,#3487);
#2902=AXIS2_PLACEMENT_3D('',#5636,#3489,#3490);
#2903=AXIS2_PLACEMENT_3D('',#5639,#3492,#3493);
#2904=AXIS2_PLACEMENT_3D('',#5642,#3495,#3496);
#2905=AXIS2_PLACEMENT_3D('',#5645,#3498,#3499);
#2906=AXIS2_PLACEMENT_3D('',#5648,#3502,#3503);
#2907=AXIS2_PLACEMENT_3D('',#5649,#3504,#3505);
#2908=AXIS2_PLACEMENT_3D('',#5671,#3506,#3507);
#2909=AXIS2_PLACEMENT_3D('',#5681,#3508,#3509);
#2910=AXIS2_PLACEMENT_3D('',#5688,#3510,#3511);
#2911=AXIS2_PLACEMENT_3D('',#5697,#3512,#3513);
#2912=AXIS2_PLACEMENT_3D('',#5698,#3514,#3515);
#2913=AXIS2_PLACEMENT_3D('',#5723,#3516,#3517);
#2914=AXIS2_PLACEMENT_3D('',#5724,#3518,#3519);
#2915=AXIS2_PLACEMENT_3D('',#5743,#3520,#3521);
#2916=AXIS2_PLACEMENT_3D('',#5744,#3522,#3523);
#2917=AXIS2_PLACEMENT_3D('',#5763,#3524,#3525);
#2918=AXIS2_PLACEMENT_3D('',#5787,#3526,#3527);
#2919=AXIS2_PLACEMENT_3D('',#5811,#3528,#3529);
#2920=AXIS2_PLACEMENT_3D('',#5814,#3531,#3532);
#2921=AXIS2_PLACEMENT_3D('',#5817,#3534,#3535);
#2922=AXIS2_PLACEMENT_3D('',#5820,#3537,#3538);
#2923=AXIS2_PLACEMENT_3D('',#5823,#3540,#3541);
#2924=AXIS2_PLACEMENT_3D('',#5826,#3543,#3544);
#2925=AXIS2_PLACEMENT_3D('',#5829,#3546,#3547);
#2926=AXIS2_PLACEMENT_3D('',#5868,#3548,#3549);
#2927=AXIS2_PLACEMENT_3D('',#5871,#3552,#3553);
#2928=AXIS2_PLACEMENT_3D('',#5872,#3554,#3555);
#2929=AXIS2_PLACEMENT_3D('',#5873,#3556,#3557);
#2930=AXIS2_PLACEMENT_3D('',#5876,#3560,#3561);
#2931=AXIS2_PLACEMENT_3D('',#5877,#3562,#3563);
#2932=AXIS2_PLACEMENT_3D('',#5878,#3564,#3565);
#2933=AXIS2_PLACEMENT_3D('',#5880,#3567,#3568);
#2934=AXIS2_PLACEMENT_3D('',#5882,#3570,#3571);
#2935=AXIS2_PLACEMENT_3D('',#5883,#3572,#3573);
#2936=AXIS2_PLACEMENT_3D('',#5885,#3575,#3576);
#2937=AXIS2_PLACEMENT_3D('',#5887,#3578,#3579);
#2938=AXIS2_PLACEMENT_3D('',#5888,#3580,#3581);
#2939=AXIS2_PLACEMENT_3D('',#5890,#3583,#3584);
#2940=AXIS2_PLACEMENT_3D('',#5892,#3586,#3587);
#2941=AXIS2_PLACEMENT_3D('',#5893,#3588,#3589);
#2942=AXIS2_PLACEMENT_3D('',#5895,#3591,#3592);
#2943=AXIS2_PLACEMENT_3D('',#5897,#3594,#3595);
#2944=AXIS2_PLACEMENT_3D('',#5898,#3596,#3597);
#2945=AXIS2_PLACEMENT_3D('',#5901,#3600,#3601);
#2946=AXIS2_PLACEMENT_3D('',#5902,#3602,#3603);
#2947=AXIS2_PLACEMENT_3D('',#5903,#3604,#3605);
#2948=AXIS2_PLACEMENT_3D('',#5905,#3607,#3608);
#2949=AXIS2_PLACEMENT_3D('',#5907,#3610,#3611);
#2950=AXIS2_PLACEMENT_3D('',#5908,#3612,#3613);
#2951=AXIS2_PLACEMENT_3D('',#5910,#3615,#3616);
#2952=AXIS2_PLACEMENT_3D('',#5912,#3618,#3619);
#2953=AXIS2_PLACEMENT_3D('',#5913,#3620,#3621);
#2954=AXIS2_PLACEMENT_3D('',#5915,#3623,#3624);
#2955=AXIS2_PLACEMENT_3D('',#5917,#3626,#3627);
#2956=AXIS2_PLACEMENT_3D('',#5918,#3628,#3629);
#2957=AXIS2_PLACEMENT_3D('',#5920,#3631,#3632);
#2958=AXIS2_PLACEMENT_3D('',#5922,#3634,#3635);
#2959=AXIS2_PLACEMENT_3D('',#5923,#3636,#3637);
#2960=AXIS2_PLACEMENT_3D('',#5926,#3640,#3641);
#2961=AXIS2_PLACEMENT_3D('',#5927,#3642,#3643);
#2962=AXIS2_PLACEMENT_3D('',#5928,#3644,#3645);
#2963=DIRECTION('',(0.,0.,1.));
#2964=DIRECTION('',(1.,0.,0.));
#2965=DIRECTION('',(-1.,0.,0.));
#2966=DIRECTION('',(0.,0.,1.));
#2967=DIRECTION('',(-1.,0.,0.));
#2968=DIRECTION('',(0.,0.,1.));
#2969=DIRECTION('',(0.,-0.579320936016881,-0.815099535696423));
#2970=DIRECTION('',(0.,0.815099535696418,-0.579320936016889));
#2971=DIRECTION('',(0.,0.579320936016881,0.815099535696424));
#2972=DIRECTION('',(0.,-0.815099535696424,0.57932093601688));
#2973=DIRECTION('',(0.,-0.579320936016892,-0.815099535696416));
#2974=DIRECTION('',(-1.,0.,0.));
#2975=DIRECTION('',(0.,0.,1.));
#2976=DIRECTION('',(0.,0.496725715424254,0.867907577819357));
#2977=DIRECTION('',(0.,-0.867907577819366,0.496725715424237));
#2978=DIRECTION('',(0.,-0.496725715424247,-0.867907577819361));
#2979=DIRECTION('',(0.,0.867907577819356,-0.496725715424255));
#2980=DIRECTION('',(-1.,0.,0.));
#2981=DIRECTION('',(0.,0.,1.));
#2982=DIRECTION('',(0.,-0.951768019350903,0.306818573982832));
#2983=DIRECTION('',(-1.,0.,0.));
#2984=DIRECTION('',(0.,0.,1.));
#2985=DIRECTION('',(-1.,0.,0.));
#2986=DIRECTION('',(0.,0.,1.));
#2987=DIRECTION('',(0.,-0.294637749434125,-0.955609018693521));
#2988=DIRECTION('',(0.,0.955609018693523,-0.294637749434118));
#2989=DIRECTION('',(0.,0.294637749434124,0.955609018693521));
#2990=DIRECTION('',(0.,-0.955609018693527,0.294637749434104));
#2991=DIRECTION('',(0.,-0.294637749434135,-0.955609018693518));
#2992=DIRECTION('',(-1.,0.,0.));
#2993=DIRECTION('',(0.,0.,1.));
#2994=DIRECTION('',(5.0532154980743E-16,-0.866025403784439,-0.499999999999999));
#2995=DIRECTION('',(-1.,0.,0.));
#2996=DIRECTION('',(0.,0.,1.));
#2997=DIRECTION('',(5.0532154980743E-16,0.,1.));
#2998=DIRECTION('',(-1.,0.,0.));
#2999=DIRECTION('',(0.,0.,1.));
#3000=DIRECTION('',(-1.,0.,0.));
#3001=DIRECTION('',(0.,0.,1.));
#3002=DIRECTION('',(-1.,0.,0.));
#3003=DIRECTION('',(0.,0.,1.));
#3004=DIRECTION('',(-1.,0.,0.));
#3005=DIRECTION('',(0.,0.,1.));
#3006=DIRECTION('',(-1.,0.,0.));
#3007=DIRECTION('',(0.,0.,1.));
#3008=DIRECTION('',(-1.,0.,0.));
#3009=DIRECTION('',(0.,0.,1.));
#3010=DIRECTION('',(-1.,0.,0.));
#3011=DIRECTION('',(0.,0.,1.));
#3012=DIRECTION('',(-1.,0.,0.));
#3013=DIRECTION('',(0.,0.,1.));
#3014=DIRECTION('',(-1.,0.,0.));
#3015=DIRECTION('',(0.,0.,1.));
#3016=DIRECTION('',(-1.,0.,0.));
#3017=DIRECTION('',(0.,0.,1.));
#3018=DIRECTION('',(-1.,0.,0.));
#3019=DIRECTION('',(0.,0.,1.));
#3020=DIRECTION('',(-1.,0.,0.));
#3021=DIRECTION('',(0.,0.,1.));
#3022=DIRECTION('',(-1.,0.,0.));
#3023=DIRECTION('',(0.,0.,1.));
#3024=DIRECTION('',(-1.,0.,0.));
#3025=DIRECTION('',(0.,0.,1.));
#3026=DIRECTION('',(-1.,0.,0.));
#3027=DIRECTION('',(0.,0.,1.));
#3028=DIRECTION('',(-1.,0.,0.));
#3029=DIRECTION('',(0.,0.,1.));
#3030=DIRECTION('',(-1.,0.,0.));
#3031=DIRECTION('',(0.,0.,1.));
#3032=DIRECTION('',(-1.,0.,0.));
#3033=DIRECTION('',(0.,0.,1.));
#3034=DIRECTION('',(-1.,0.,0.));
#3035=DIRECTION('',(0.,0.,1.));
#3036=DIRECTION('',(-1.,0.,0.));
#3037=DIRECTION('',(0.,0.,1.));
#3038=DIRECTION('',(0.,0.5,-0.866025403784439));
#3039=DIRECTION('',(0.,0.,1.));
#3040=DIRECTION('',(-1.,0.,0.));
#3041=DIRECTION('',(0.,0.,1.));
#3042=DIRECTION('',(1.,0.,0.));
#3043=DIRECTION('',(0.,0.,-1.));
#3044=DIRECTION('',(0.,1.,-8.88178419700125E-16));
#3045=DIRECTION('',(0.,0.866025403784438,-0.500000000000001));
#3046=DIRECTION('',(-1.,0.,0.));
#3047=DIRECTION('',(0.,0.,1.));
#3048=DIRECTION('',(1.,0.,0.));
#3049=DIRECTION('',(0.,0.,-1.));
#3050=DIRECTION('',(0.,0.500000000000001,0.866025403784438));
#3051=DIRECTION('',(0.,0.86602540378444,0.499999999999999));
#3052=DIRECTION('',(-1.,0.,0.));
#3053=DIRECTION('',(0.,0.,1.));
#3054=DIRECTION('',(1.,0.,0.));
#3055=DIRECTION('',(0.,0.,-1.));
#3056=DIRECTION('',(0.,-0.499999999999998,0.86602540378444));
#3057=DIRECTION('',(0.,2.34291072916505E-15,1.));
#3058=DIRECTION('',(-1.,0.,0.));
#3059=DIRECTION('',(0.,0.,1.));
#3060=DIRECTION('',(1.,0.,0.));
#3061=DIRECTION('',(0.,0.,-1.));
#3062=DIRECTION('',(0.,-1.,8.88178419700125E-16));
#3063=DIRECTION('',(-1.,0.,0.));
#3064=DIRECTION('',(0.,0.,1.));
#3065=DIRECTION('',(0.,-0.866025403784441,-0.499999999999996));
#3066=DIRECTION('',(1.,0.,0.));
#3067=DIRECTION('',(0.,0.,-1.));
#3068=DIRECTION('',(0.,-1.,3.66373598126302E-15));
#3069=DIRECTION('',(0.,-0.866025403784437,0.500000000000003));
#3070=DIRECTION('',(-1.,0.,0.));
#3071=DIRECTION('',(0.,0.,1.));
#3072=DIRECTION('',(1.,0.,0.));
#3073=DIRECTION('',(0.,0.,-1.));
#3074=DIRECTION('',(-1.,0.,0.));
#3075=DIRECTION('',(1.,0.,0.));
#3076=DIRECTION('',(-1.,0.,0.));
#3077=DIRECTION('',(0.,0.,1.));
#3078=DIRECTION('',(-1.,0.,0.));
#3079=DIRECTION('',(0.,0.,1.));
#3080=DIRECTION('',(-1.,0.,0.));
#3081=DIRECTION('',(-1.,0.,0.));
#3082=DIRECTION('',(-1.,0.,0.));
#3083=DIRECTION('',(0.,0.,1.));
#3084=DIRECTION('',(-1.,0.,0.));
#3085=DIRECTION('',(0.,0.,1.));
#3086=DIRECTION('',(-1.,0.,0.));
#3087=DIRECTION('',(-1.,0.,0.));
#3088=DIRECTION('',(-1.,0.,0.));
#3089=DIRECTION('',(0.,0.,1.));
#3090=DIRECTION('',(-1.,0.,0.));
#3091=DIRECTION('',(0.,0.,1.));
#3092=DIRECTION('',(-1.,0.,0.));
#3093=DIRECTION('',(-1.,0.,0.));
#3094=DIRECTION('',(-1.,0.,0.));
#3095=DIRECTION('',(0.,0.,1.));
#3096=DIRECTION('',(-1.,0.,0.));
#3097=DIRECTION('',(0.,0.,1.));
#3098=DIRECTION('',(-1.,0.,0.));
#3099=DIRECTION('',(-1.,0.,0.));
#3100=DIRECTION('',(0.,0.,1.));
#3101=DIRECTION('',(-1.,0.,0.));
#3102=DIRECTION('',(-1.,0.,0.));
#3103=DIRECTION('',(0.,0.,1.));
#3104=DIRECTION('',(-1.,0.,0.));
#3105=DIRECTION('',(-1.,0.,0.));
#3106=DIRECTION('',(-1.,0.,0.));
#3107=DIRECTION('',(0.,0.,1.));
#3108=DIRECTION('',(-1.,0.,0.));
#3109=DIRECTION('',(0.,0.,1.));
#3110=DIRECTION('',(0.,-0.5,0.866025403784439));
#3111=DIRECTION('',(0.,0.,-1.));
#3112=DIRECTION('',(-1.,0.,0.));
#3113=DIRECTION('',(0.,0.,1.));
#3114=DIRECTION('',(-1.,0.,0.));
#3115=DIRECTION('',(0.,0.,1.));
#3116=DIRECTION('',(0.,-1.,8.88178419700125E-16));
#3117=DIRECTION('',(0.,-0.866025403784438,0.500000000000001));
#3118=DIRECTION('',(-1.,0.,0.));
#3119=DIRECTION('',(0.,0.,1.));
#3120=DIRECTION('',(-1.,0.,0.));
#3121=DIRECTION('',(0.,0.,1.));
#3122=DIRECTION('',(0.,-0.500000000000001,-0.866025403784438));
#3123=DIRECTION('',(0.,-0.86602540378444,-0.499999999999999));
#3124=DIRECTION('',(-1.,0.,0.));
#3125=DIRECTION('',(0.,0.,1.));
#3126=DIRECTION('',(-1.,0.,0.));
#3127=DIRECTION('',(0.,0.,1.));
#3128=DIRECTION('',(0.,0.499999999999998,-0.86602540378444));
#3129=DIRECTION('',(0.,-2.34291072916505E-15,-1.));
#3130=DIRECTION('',(-1.,0.,0.));
#3131=DIRECTION('',(0.,0.,1.));
#3132=DIRECTION('',(-1.,0.,0.));
#3133=DIRECTION('',(0.,0.,1.));
#3134=DIRECTION('',(0.,1.,-8.88178419700125E-16));
#3135=DIRECTION('',(-1.,0.,0.));
#3136=DIRECTION('',(0.,0.,1.));
#3137=DIRECTION('',(0.,0.866025403784441,0.499999999999996));
#3138=DIRECTION('',(-1.,0.,0.));
#3139=DIRECTION('',(0.,0.,1.));
#3140=DIRECTION('',(0.,1.,-3.66373598126302E-15));
#3141=DIRECTION('',(0.,0.866025403784437,-0.500000000000003));
#3142=DIRECTION('',(-1.,0.,0.));
#3143=DIRECTION('',(0.,0.,1.));
#3144=DIRECTION('',(-1.,0.,0.));
#3145=DIRECTION('',(0.,0.,1.));
#3146=DIRECTION('',(-1.,0.,0.));
#3147=DIRECTION('',(0.,0.,1.));
#3148=DIRECTION('',(-1.,0.,0.));
#3149=DIRECTION('',(0.,0.,1.));
#3150=DIRECTION('',(-1.,0.,0.));
#3151=DIRECTION('',(0.,0.,1.));
#3152=DIRECTION('',(-1.,0.,0.));
#3153=DIRECTION('',(0.,0.,1.));
#3154=DIRECTION('',(-1.,0.,0.));
#3155=DIRECTION('',(0.,0.,1.));
#3156=DIRECTION('',(-1.,0.,0.));
#3157=DIRECTION('',(0.,0.,1.));
#3158=DIRECTION('',(-1.,0.,0.));
#3159=DIRECTION('',(0.,0.,1.));
#3160=DIRECTION('',(-1.,0.,0.));
#3161=DIRECTION('',(0.,0.,1.));
#3162=DIRECTION('',(-1.,0.,0.));
#3163=DIRECTION('',(0.,0.,1.));
#3164=DIRECTION('',(-1.,0.,0.));
#3165=DIRECTION('',(0.,0.,1.));
#3166=DIRECTION('',(-1.,0.,0.));
#3167=DIRECTION('',(0.,0.,1.));
#3168=DIRECTION('',(-1.,0.,0.));
#3169=DIRECTION('',(0.,0.,1.));
#3170=DIRECTION('',(-1.,0.,0.));
#3171=DIRECTION('',(0.,0.,1.));
#3172=DIRECTION('',(-0.707106781186547,0.707106781186548,-2.88657986402541E-15));
#3173=DIRECTION('',(-0.707106781186548,-0.707106781186547,2.8865798640254E-15));
#3174=DIRECTION('',(-1.,0.,0.));
#3175=DIRECTION('',(-1.1399155092663E-17,0.,1.));
#3176=DIRECTION('',(0.707106781186547,0.,0.707106781186548));
#3177=DIRECTION('',(0.707106781186548,0.,-0.707106781186547));
#3178=DIRECTION('',(-1.,0.,0.));
#3179=DIRECTION('',(0.,0.,1.));
#3180=DIRECTION('',(1.,0.,0.));
#3181=DIRECTION('',(0.,0.,1.));
#3182=DIRECTION('',(1.,0.,0.));
#3183=DIRECTION('',(-1.98873916297757E-16,0.,-1.));
#3184=DIRECTION('',(1.,0.,0.));
#3185=DIRECTION('',(0.,0.,1.));
#3186=DIRECTION('',(-1.,0.,0.));
#3187=DIRECTION('',(0.,0.,1.));
#3188=DIRECTION('',(0.707106781186547,0.612372435695797,0.353553390593271));
#3189=DIRECTION('',(0.707106781186548,-0.612372435695796,-0.353553390593271));
#3190=DIRECTION('',(1.,0.,0.));
#3191=DIRECTION('',(-1.98873916297757E-16,0.,-1.));
#3192=DIRECTION('',(-1.,0.,0.));
#3193=DIRECTION('',(0.,0.,1.));
#3194=DIRECTION('',(1.,0.,0.));
#3195=DIRECTION('',(0.,0.,1.));
#3196=DIRECTION('',(0.707106781186547,-0.612372435695795,0.353553390593274));
#3197=DIRECTION('',(0.707106781186548,0.612372435695794,-0.353553390593274));
#3198=DIRECTION('',(1.,0.,0.));
#3199=DIRECTION('',(-1.98873916297757E-16,0.,-1.));
#3200=DIRECTION('',(-1.,0.,0.));
#3201=DIRECTION('',(0.,0.,1.));
#3202=DIRECTION('',(1.,0.,0.));
#3203=DIRECTION('',(0.,0.,1.));
#3204=DIRECTION('',(0.707106781186547,-0.612372435695795,-0.353553390593273));
#3205=DIRECTION('',(0.707106781186548,0.612372435695795,0.353553390593273));
#3206=DIRECTION('',(1.,0.,0.));
#3207=DIRECTION('',(-1.98873916297757E-16,0.,-1.));
#3208=DIRECTION('',(-1.,0.,0.));
#3209=DIRECTION('',(0.,0.,1.));
#3210=DIRECTION('',(1.,0.,0.));
#3211=DIRECTION('',(0.,0.,1.));
#3212=DIRECTION('',(0.707106781186547,-1.65668806430733E-15,-0.707106781186548));
#3213=DIRECTION('',(0.707106781186548,1.65668806430732E-15,0.707106781186547));
#3214=DIRECTION('',(1.,0.,0.));
#3215=DIRECTION('',(-1.98873916297757E-16,0.,-1.));
#3216=DIRECTION('',(-1.,0.,0.));
#3217=DIRECTION('',(0.,0.,1.));
#3218=DIRECTION('',(1.,0.,0.));
#3219=DIRECTION('',(0.,0.,1.));
#3220=DIRECTION('',(0.707106781186547,0.612372435695794,-0.353553390593276));
#3221=DIRECTION('',(0.707106781186548,-0.612372435695793,0.353553390593275));
#3222=DIRECTION('',(1.,0.,0.));
#3223=DIRECTION('',(-1.98873916297757E-16,0.,-1.));
#3224=DIRECTION('',(-0.707106781186547,0.612372435695795,-0.353553390593274));
#3225=DIRECTION('',(0.707106781186548,0.612372435695794,-0.353553390593274));
#3226=DIRECTION('',(1.,0.,0.));
#3227=DIRECTION('',(-1.,0.,0.));
#3228=DIRECTION('',(0.,0.,1.));
#3229=DIRECTION('',(1.,0.,0.));
#3230=DIRECTION('',(-0.707106781186547,0.612372435695796,0.353553390593273));
#3231=DIRECTION('',(0.707106781186548,0.612372435695795,0.353553390593273));
#3232=DIRECTION('',(1.,0.,0.));
#3233=DIRECTION('',(-1.,0.,0.));
#3234=DIRECTION('',(0.,0.,1.));
#3235=DIRECTION('',(1.,0.,0.));
#3236=DIRECTION('',(-0.707106781186547,1.65668806430733E-15,0.707106781186548));
#3237=DIRECTION('',(0.707106781186548,1.65668806430732E-15,0.707106781186547));
#3238=DIRECTION('',(1.,0.,0.));
#3239=DIRECTION('',(-1.,0.,0.));
#3240=DIRECTION('',(0.,0.,1.));
#3241=DIRECTION('',(1.,0.,0.));
#3242=DIRECTION('',(-0.707106781186547,-0.612372435695794,0.353553390593276));
#3243=DIRECTION('',(0.707106781186548,-0.612372435695793,0.353553390593276));
#3244=DIRECTION('',(1.,0.,0.));
#3245=DIRECTION('',(-1.,0.,0.));
#3246=DIRECTION('',(0.,0.,1.));
#3247=DIRECTION('',(1.,0.,0.));
#3248=DIRECTION('',(-0.707106781186547,-0.612372435695797,-0.353553390593271));
#3249=DIRECTION('',(0.707106781186548,-0.612372435695796,-0.353553390593271));
#3250=DIRECTION('',(-1.,0.,0.));
#3251=DIRECTION('',(1.,0.,0.));
#3252=DIRECTION('',(-0.707106781186547,0.,-0.707106781186548));
#3253=DIRECTION('',(0.707106781186548,0.,-0.707106781186547));
#3254=DIRECTION('',(1.,0.,0.));
#3255=DIRECTION('',(-1.,0.,0.));
#3256=DIRECTION('',(0.,0.,1.));
#3257=DIRECTION('',(1.,0.,0.));
#3258=DIRECTION('',(1.,0.,0.));
#3259=DIRECTION('',(0.,0.,-1.));
#3260=DIRECTION('',(1.,0.,0.));
#3261=DIRECTION('',(0.707106781186547,0.353553390593274,-0.612372435695795));
#3262=DIRECTION('',(0.707106781186548,-0.353553390593273,0.612372435695794));
#3263=DIRECTION('',(1.,0.,0.));
#3264=DIRECTION('',(1.,0.,0.));
#3265=DIRECTION('',(0.,0.,-1.));
#3266=DIRECTION('',(1.,0.,0.));
#3267=DIRECTION('',(0.707106781186547,-0.353553390593274,-0.612372435695795));
#3268=DIRECTION('',(0.707106781186548,0.353553390593273,0.612372435695794));
#3269=DIRECTION('',(1.,0.,0.));
#3270=DIRECTION('',(1.,0.,0.));
#3271=DIRECTION('',(0.,0.,-1.));
#3272=DIRECTION('',(1.,0.,0.));
#3273=DIRECTION('',(0.707106781186547,-0.707106781186548,2.88657986402541E-15));
#3274=DIRECTION('',(0.707106781186548,0.707106781186547,-2.8865798640254E-15));
#3275=DIRECTION('',(1.,0.,0.));
#3276=DIRECTION('',(1.,0.,0.));
#3277=DIRECTION('',(0.,0.,-1.));
#3278=DIRECTION('',(1.,0.,0.));
#3279=DIRECTION('',(0.707106781186547,-0.353553390593272,0.612372435695796));
#3280=DIRECTION('',(0.707106781186548,0.353553390593272,-0.612372435695795));
#3281=DIRECTION('',(1.,0.,0.));
#3282=DIRECTION('',(1.,0.,0.));
#3283=DIRECTION('',(0.,0.,-1.));
#3284=DIRECTION('',(1.,0.,0.));
#3285=DIRECTION('',(0.707106781186547,0.353553390593275,0.612372435695794));
#3286=DIRECTION('',(0.707106781186548,-0.353553390593275,-0.612372435695793));
#3287=DIRECTION('',(1.,0.,0.));
#3288=DIRECTION('',(1.,0.,0.));
#3289=DIRECTION('',(0.,0.,-1.));
#3290=DIRECTION('',(1.,0.,0.));
#3291=DIRECTION('',(0.707106781186547,0.707106781186548,-8.32667268468868E-16));
#3292=DIRECTION('',(0.707106781186548,-0.707106781186547,8.32667268468866E-16));
#3293=DIRECTION('',(1.,0.,0.));
#3294=DIRECTION('',(1.,0.,0.));
#3295=DIRECTION('',(0.,0.,-1.));
#3296=DIRECTION('',(-1.37100669901828E-15,0.5,-0.866025403784439));
#3297=DIRECTION('',(-1.,0.,0.));
#3298=DIRECTION('',(0.,0.,-1.));
#3299=DIRECTION('',(-1.37100669901828E-15,-0.5,-0.866025403784439));
#3300=DIRECTION('',(1.,0.,0.));
#3301=DIRECTION('',(0.,0.,-1.));
#3302=DIRECTION('',(1.37100669901828E-15,-1.,1.22124532708767E-15));
#3303=DIRECTION('',(-1.37100669901828E-15,-0.5,-0.866025403784439));
#3304=DIRECTION('',(-1.,0.,0.));
#3305=DIRECTION('',(0.,0.,-1.));
#3306=DIRECTION('',(1.,0.,0.));
#3307=DIRECTION('',(0.,0.,-1.));
#3308=DIRECTION('',(-1.,0.,0.));
#3309=DIRECTION('',(0.,0.,-1.));
#3310=DIRECTION('',(-1.37100669901828E-15,0.5,-0.866025403784439));
#3311=DIRECTION('',(-1.37100669901828E-15,1.,-1.22124532708767E-15));
#3312=DIRECTION('',(1.,0.,0.));
#3313=DIRECTION('',(0.,0.,-1.));
#3314=DIRECTION('',(-1.,0.,0.));
#3315=DIRECTION('',(0.,0.,-1.));
#3316=DIRECTION('',(-1.37100669901828E-15,1.,-1.22124532708767E-15));
#3317=DIRECTION('',(-1.37100669901828E-15,0.500000000000002,0.866025403784438));
#3318=DIRECTION('',(1.,0.,0.));
#3319=DIRECTION('',(0.,0.,-1.));
#3320=DIRECTION('',(-1.,0.,0.));
#3321=DIRECTION('',(0.,0.,-1.));
#3322=DIRECTION('',(-1.37100669901828E-15,0.500000000000002,0.866025403784438));
#3323=DIRECTION('',(-1.37100669901828E-15,-0.499999999999998,0.86602540378444));
#3324=DIRECTION('',(1.,0.,0.));
#3325=DIRECTION('',(0.,0.,-1.));
#3326=DIRECTION('',(-1.,0.,0.));
#3327=DIRECTION('',(0.,0.,-1.));
#3328=DIRECTION('',(-1.37100669901828E-15,-0.499999999999998,0.86602540378444));
#3329=DIRECTION('',(-1.37100669901828E-15,-1.,3.99680288865056E-15));
#3330=DIRECTION('',(1.,0.,0.));
#3331=DIRECTION('',(0.,0.,-1.));
#3332=DIRECTION('',(1.,0.,0.));
#3333=DIRECTION('',(0.,0.,-1.));
#3334=DIRECTION('',(1.,0.,0.));
#3335=DIRECTION('',(0.,0.,-1.));
#3336=DIRECTION('',(1.,0.,0.));
#3337=DIRECTION('',(0.,0.,-1.));
#3338=DIRECTION('',(1.,0.,0.));
#3339=DIRECTION('',(0.,0.,-1.));
#3340=DIRECTION('',(1.,0.,0.));
#3341=DIRECTION('',(0.,0.,-1.));
#3342=DIRECTION('',(1.,0.,0.));
#3343=DIRECTION('',(0.,0.,-1.));
#3344=DIRECTION('',(-1.,0.,0.));
#3345=DIRECTION('',(0.,0.,1.));
#3346=DIRECTION('',(-1.,0.,0.));
#3347=DIRECTION('',(0.,0.,1.));
#3348=DIRECTION('',(-1.,0.,0.));
#3349=DIRECTION('',(0.,0.,1.));
#3350=DIRECTION('',(-1.,0.,0.));
#3351=DIRECTION('',(0.,0.,1.));
#3352=DIRECTION('',(-1.,0.,0.));
#3353=DIRECTION('',(0.,0.,1.));
#3354=DIRECTION('',(-1.,0.,0.));
#3355=DIRECTION('',(0.,0.,1.));
#3356=DIRECTION('',(-1.,0.,0.));
#3357=DIRECTION('',(0.,0.,1.));
#3358=DIRECTION('',(-1.,0.,0.));
#3359=DIRECTION('',(0.,0.,1.));
#3360=DIRECTION('',(-1.,0.,0.));
#3361=DIRECTION('',(0.,0.,1.));
#3362=DIRECTION('',(-1.,0.,0.));
#3363=DIRECTION('',(0.,0.,1.));
#3364=DIRECTION('',(-1.,0.,0.));
#3365=DIRECTION('',(0.,0.,1.));
#3366=DIRECTION('',(-1.,0.,0.));
#3367=DIRECTION('',(0.,0.,1.));
#3368=DIRECTION('',(-1.,0.,0.));
#3369=DIRECTION('',(0.,0.,1.));
#3370=DIRECTION('',(-1.,0.,0.));
#3371=DIRECTION('',(0.,0.,1.));
#3372=DIRECTION('',(-1.,0.,0.));
#3373=DIRECTION('',(0.,0.,1.));
#3374=DIRECTION('',(0.,0.5,-0.866025403784439));
#3375=DIRECTION('',(-1.,0.,0.));
#3376=DIRECTION('',(0.,0.,1.));
#3377=DIRECTION('',(0.,0.866025403784438,-0.500000000000001));
#3378=DIRECTION('',(1.,0.,0.));
#3379=DIRECTION('',(0.,0.,-1.));
#3380=DIRECTION('',(0.,0.86602540378444,0.499999999999999));
#3381=DIRECTION('',(-1.,0.,0.));
#3382=DIRECTION('',(0.,0.,1.));
#3383=DIRECTION('',(0.,-0.499999999999999,-0.866025403784439));
#3384=DIRECTION('',(1.,0.,0.));
#3385=DIRECTION('',(0.,0.,-1.));
#3386=DIRECTION('',(0.,1.,-8.88178419700125E-16));
#3387=DIRECTION('',(-1.,0.,0.));
#3388=DIRECTION('',(0.,0.,1.));
#3389=DIRECTION('',(0.,0.86602540378444,0.499999999999999));
#3390=DIRECTION('',(1.,0.,0.));
#3391=DIRECTION('',(0.,0.,-1.));
#3392=DIRECTION('',(0.,0.500000000000001,0.866025403784438));
#3393=DIRECTION('',(-1.,0.,0.));
#3394=DIRECTION('',(0.,0.,1.));
#3395=DIRECTION('',(0.,2.34291072916505E-15,1.));
#3396=DIRECTION('',(1.,0.,0.));
#3397=DIRECTION('',(0.,0.,-1.));
#3398=DIRECTION('',(0.,-0.499999999999998,0.86602540378444));
#3399=DIRECTION('',(-1.,0.,0.));
#3400=DIRECTION('',(0.,0.,1.));
#3401=DIRECTION('',(0.,-0.866025403784437,0.500000000000003));
#3402=DIRECTION('',(1.,0.,0.));
#3403=DIRECTION('',(0.,0.,-1.));
#3404=DIRECTION('',(-1.,0.,0.));
#3405=DIRECTION('',(-1.,0.,0.));
#3406=DIRECTION('',(0.,0.,1.));
#3407=DIRECTION('',(-1.,0.,0.));
#3408=DIRECTION('',(-1.,0.,0.));
#3409=DIRECTION('',(0.,0.,1.));
#3410=DIRECTION('',(1.,0.,0.));
#3411=DIRECTION('',(-1.,0.,0.));
#3412=DIRECTION('',(0.,0.,1.));
#3413=DIRECTION('',(-1.,0.,0.));
#3414=DIRECTION('',(-1.,0.,0.));
#3415=DIRECTION('',(0.,0.,1.));
#3416=DIRECTION('',(-1.,0.,0.));
#3417=DIRECTION('',(-1.,0.,0.));
#3418=DIRECTION('',(0.,0.,1.));
#3419=DIRECTION('',(-1.,0.,0.));
#3420=DIRECTION('',(-1.,0.,0.));
#3421=DIRECTION('',(0.,0.,1.));
#3422=DIRECTION('',(-1.,0.,0.));
#3423=DIRECTION('',(-1.,0.,0.));
#3424=DIRECTION('',(0.,0.,1.));
#3425=DIRECTION('',(-1.,0.,0.));
#3426=DIRECTION('',(-1.,0.,0.));
#3427=DIRECTION('',(0.,0.,1.));
#3428=DIRECTION('',(-1.,0.,0.));
#3429=DIRECTION('',(-1.,0.,0.));
#3430=DIRECTION('',(0.,0.,1.));
#3431=DIRECTION('',(-1.,0.,0.));
#3432=DIRECTION('',(-1.,0.,0.));
#3433=DIRECTION('',(0.,0.,1.));
#3434=DIRECTION('',(0.,-0.5,0.866025403784439));
#3435=DIRECTION('',(-1.,0.,0.));
#3436=DIRECTION('',(0.,0.,1.));
#3437=DIRECTION('',(0.,-0.866025403784438,0.500000000000001));
#3438=DIRECTION('',(-1.,0.,0.));
#3439=DIRECTION('',(0.,0.,1.));
#3440=DIRECTION('',(0.,-0.86602540378444,-0.499999999999999));
#3441=DIRECTION('',(-1.,0.,0.));
#3442=DIRECTION('',(0.,0.,1.));
#3443=DIRECTION('',(0.,0.499999999999999,0.866025403784439));
#3444=DIRECTION('',(-1.,0.,0.));
#3445=DIRECTION('',(0.,0.,1.));
#3446=DIRECTION('',(0.,-1.,8.88178419700125E-16));
#3447=DIRECTION('',(-1.,0.,0.));
#3448=DIRECTION('',(0.,0.,1.));
#3449=DIRECTION('',(0.,-0.86602540378444,-0.499999999999999));
#3450=DIRECTION('',(-1.,0.,0.));
#3451=DIRECTION('',(0.,0.,1.));
#3452=DIRECTION('',(0.,-0.500000000000001,-0.866025403784438));
#3453=DIRECTION('',(-1.,0.,0.));
#3454=DIRECTION('',(0.,0.,1.));
#3455=DIRECTION('',(0.,-2.34291072916505E-15,-1.));
#3456=DIRECTION('',(-1.,0.,0.));
#3457=DIRECTION('',(0.,0.,1.));
#3458=DIRECTION('',(0.,0.499999999999998,-0.86602540378444));
#3459=DIRECTION('',(-1.,0.,0.));
#3460=DIRECTION('',(0.,0.,1.));
#3461=DIRECTION('',(0.,0.866025403784437,-0.500000000000003));
#3462=DIRECTION('',(-1.,0.,0.));
#3463=DIRECTION('',(0.,0.,1.));
#3464=DIRECTION('',(-1.,0.,0.));
#3465=DIRECTION('',(0.,0.,1.));
#3466=DIRECTION('',(-1.,0.,0.));
#3467=DIRECTION('',(0.,0.,1.));
#3468=DIRECTION('',(-1.,0.,0.));
#3469=DIRECTION('',(0.,0.,1.));
#3470=DIRECTION('',(-1.,0.,0.));
#3471=DIRECTION('',(0.,0.,1.));
#3472=DIRECTION('',(-1.,0.,0.));
#3473=DIRECTION('',(0.,0.,1.));
#3474=DIRECTION('',(5.0532154980743E-16,-0.866025403784438,0.500000000000001));
#3475=DIRECTION('',(5.0532154980743E-16,0.,1.));
#3476=DIRECTION('',(-1.,0.,0.));
#3477=DIRECTION('',(0.,0.,1.));
#3478=DIRECTION('',(-1.,0.,0.));
#3479=DIRECTION('',(0.,0.,1.));
#3480=DIRECTION('',(-1.,0.,0.));
#3481=DIRECTION('',(0.,0.,1.));
#3482=DIRECTION('',(5.0532154980743E-16,-0.866025403784438,0.500000000000001));
#3483=DIRECTION('',(-1.,0.,0.));
#3484=DIRECTION('',(0.,0.,1.));
#3485=DIRECTION('',(5.0532154980743E-16,-0.866025403784439,-0.499999999999999));
#3486=DIRECTION('',(-1.,0.,0.));
#3487=DIRECTION('',(0.,0.,1.));
#3488=DIRECTION('',(5.0532154980743E-16,-0.866025403784439,-0.499999999999999));
#3489=DIRECTION('',(-1.,0.,0.));
#3490=DIRECTION('',(0.,0.,1.));
#3491=DIRECTION('',(5.0532154980743E-16,-2.34291072916505E-15,-1.));
#3492=DIRECTION('',(-1.,0.,0.));
#3493=DIRECTION('',(0.,0.,1.));
#3494=DIRECTION('',(5.0532154980743E-16,-2.34291072916505E-15,-1.));
#3495=DIRECTION('',(-1.,0.,0.));
#3496=DIRECTION('',(0.,0.,1.));
#3497=DIRECTION('',(5.0532154980743E-16,0.866025403784437,-0.500000000000003));
#3498=DIRECTION('',(-1.,0.,0.));
#3499=DIRECTION('',(0.,0.,1.));
#3500=DIRECTION('',(5.0532154980743E-16,0.866025403784437,-0.500000000000003));
#3501=DIRECTION('',(5.0532154980743E-16,0.866025403784441,0.499999999999996));
#3502=DIRECTION('',(-1.,0.,0.));
#3503=DIRECTION('',(0.,0.,1.));
#3504=DIRECTION('',(-0.707106781186547,-0.353553390593274,0.612372435695795));
#3505=DIRECTION('',(-0.707106781186548,0.353553390593273,-0.612372435695794));
#3506=DIRECTION('',(-1.,0.,0.));
#3507=DIRECTION('',(-1.1399155092663E-17,0.,1.));
#3508=DIRECTION('',(-0.707106781186547,0.353553390593274,0.612372435695795));
#3509=DIRECTION('',(-0.707106781186548,-0.353553390593273,-0.612372435695794));
#3510=DIRECTION('',(-1.,0.,0.));
#3511=DIRECTION('',(0.,0.,1.));
#3512=DIRECTION('',(-1.,0.,0.));
#3513=DIRECTION('',(-1.1399155092663E-17,0.,1.));
#3514=DIRECTION('',(-0.707106781186547,-0.707106781186548,8.32667268468868E-16));
#3515=DIRECTION('',(-0.707106781186548,0.707106781186547,-8.32667268468866E-16));
#3516=DIRECTION('',(-1.,0.,0.));
#3517=DIRECTION('',(-1.1399155092663E-17,0.,1.));
#3518=DIRECTION('',(-0.707106781186547,-0.353553390593275,-0.612372435695794));
#3519=DIRECTION('',(-0.707106781186548,0.353553390593275,0.612372435695793));
#3520=DIRECTION('',(-1.,0.,0.));
#3521=DIRECTION('',(-1.1399155092663E-17,0.,1.));
#3522=DIRECTION('',(-0.707106781186547,0.353553390593272,-0.612372435695796));
#3523=DIRECTION('',(-0.707106781186548,-0.353553390593272,0.612372435695795));
#3524=DIRECTION('',(-1.,0.,0.));
#3525=DIRECTION('',(-1.1399155092663E-17,0.,1.));
#3526=DIRECTION('',(-1.,0.,0.));
#3527=DIRECTION('',(0.,0.,1.));
#3528=DIRECTION('',(-1.,0.,0.));
#3529=DIRECTION('',(0.,0.,1.));
#3530=DIRECTION('',(0.,-0.499999999999999,-0.866025403784439));
#3531=DIRECTION('',(-1.,0.,0.));
#3532=DIRECTION('',(0.,0.,1.));
#3533=DIRECTION('',(0.,0.,1.));
#3534=DIRECTION('',(1.,0.,0.));
#3535=DIRECTION('',(0.,0.,-1.));
#3536=DIRECTION('',(-1.,0.,0.));
#3537=DIRECTION('',(-1.,0.,0.));
#3538=DIRECTION('',(0.,0.,1.));
#3539=DIRECTION('',(1.,0.,0.));
#3540=DIRECTION('',(-1.,0.,0.));
#3541=DIRECTION('',(0.,0.,1.));
#3542=DIRECTION('',(0.,0.499999999999999,0.866025403784439));
#3543=DIRECTION('',(-1.,0.,0.));
#3544=DIRECTION('',(0.,0.,1.));
#3545=DIRECTION('',(0.,0.,-1.));
#3546=DIRECTION('',(-1.,0.,0.));
#3547=DIRECTION('',(0.,0.,1.));
#3548=DIRECTION('',(-1.,0.,0.));
#3549=DIRECTION('',(0.,0.,1.));
#3550=DIRECTION('',(-0.707106781186548,0.,0.707106781186547));
#3551=DIRECTION('',(-0.707106781186548,0.,0.707106781186547));
#3552=DIRECTION('',(0.707106781186547,0.,0.707106781186548));
#3553=DIRECTION('',(0.707106781186548,0.,-0.707106781186547));
#3554=DIRECTION('',(0.,-1.,0.));
#3555=DIRECTION('',(0.,0.,-1.));
#3556=DIRECTION('',(0.,-1.,0.));
#3557=DIRECTION('',(0.,0.,-1.));
#3558=DIRECTION('',(-0.707106781186548,-0.353553390593273,-0.612372435695794));
#3559=DIRECTION('',(-0.707106781186548,-0.353553390593273,-0.612372435695794));
#3560=DIRECTION('',(-0.707106781186547,0.353553390593274,0.612372435695795));
#3561=DIRECTION('',(0.654653670707978,0.,0.755928946018454));
#3562=DIRECTION('',(-1.61778115328528E-32,-0.866025403784439,0.499999999999999));
#3563=DIRECTION('',(0.,-0.499999999999999,-0.866025403784439));
#3564=DIRECTION('',(-1.61778115328528E-32,-0.866025403784439,0.499999999999999));
#3565=DIRECTION('',(0.,-0.499999999999999,-0.866025403784439));
#3566=DIRECTION('',(0.707106781186548,-0.612372435695796,-0.353553390593271));
#3567=DIRECTION('',(0.,-0.499999999999996,0.866025403784441));
#3568=DIRECTION('',(0.,-0.866025403784441,-0.499999999999996));
#3569=DIRECTION('',(0.707106781186548,-0.612372435695796,-0.353553390593271));
#3570=DIRECTION('',(0.707106781186547,0.612372435695796,0.353553390593271));
#3571=DIRECTION('',(0.707106781186548,-0.612372435695796,-0.353553390593271));
#3572=DIRECTION('',(0.,0.499999999999999,-0.866025403784439));
#3573=DIRECTION('',(0.,0.866025403784439,0.499999999999999));
#3574=DIRECTION('',(0.707106781186548,-0.612372435695793,0.353553390593275));
#3575=DIRECTION('',(0.,0.500000000000003,0.866025403784437));
#3576=DIRECTION('',(0.,-0.866025403784437,0.500000000000003));
#3577=DIRECTION('',(0.707106781186548,-0.612372435695793,0.353553390593275));
#3578=DIRECTION('',(0.,0.500000000000003,0.866025403784437));
#3579=DIRECTION('',(0.,-0.866025403784437,0.500000000000003));
#3580=DIRECTION('',(0.707106781186547,0.612372435695794,-0.353553390593276));
#3581=DIRECTION('',(0.707106781186548,-0.612372435695793,0.353553390593275));
#3582=DIRECTION('',(0.707106781186548,1.65668806430732E-15,0.707106781186547));
#3583=DIRECTION('',(0.,1.,-2.34291072916505E-15));
#3584=DIRECTION('',(0.,2.34296089474118E-15,1.));
#3585=DIRECTION('',(0.707106781186548,1.65668806430732E-15,0.707106781186547));
#3586=DIRECTION('',(0.,1.,-2.34291072916505E-15));
#3587=DIRECTION('',(0.,2.34296089474118E-15,1.));
#3588=DIRECTION('',(0.707106781186547,-1.65668806430733E-15,-0.707106781186548));
#3589=DIRECTION('',(0.707106781186548,1.65666091955785E-15,0.707106781186547));
#3590=DIRECTION('',(0.707106781186548,0.612372435695795,0.353553390593273));
#3591=DIRECTION('',(0.,0.499999999999999,-0.866025403784439));
#3592=DIRECTION('',(0.,0.866025403784439,0.499999999999999));
#3593=DIRECTION('',(0.707106781186548,0.612372435695795,0.353553390593273));
#3594=DIRECTION('',(0.,0.499999999999999,-0.866025403784439));
#3595=DIRECTION('',(0.,0.866025403784439,0.499999999999999));
#3596=DIRECTION('',(0.707106781186547,-0.612372435695795,-0.353553390593273));
#3597=DIRECTION('',(0.707106781186548,0.612372435695795,0.353553390593273));
#3598=DIRECTION('',(0.707106781186548,0.612372435695794,-0.353553390593274));
#3599=DIRECTION('',(0.707106781186548,0.612372435695794,-0.353553390593274));
#3600=DIRECTION('',(0.707106781186547,-0.612372435695795,0.353553390593274));
#3601=DIRECTION('',(0.707106781186548,0.612372435695794,-0.353553390593274));
#3602=DIRECTION('',(0.,-0.500000000000001,-0.866025403784438));
#3603=DIRECTION('',(0.,0.866025403784438,-0.500000000000001));
#3604=DIRECTION('',(0.,-0.500000000000001,-0.866025403784438));
#3605=DIRECTION('',(0.,0.866025403784438,-0.500000000000001));
#3606=DIRECTION('',(0.707106781186548,0.707106781186547,-2.88657986402541E-15));
#3607=DIRECTION('',(-1.61778115328528E-32,3.66373598126302E-15,1.));
#3608=DIRECTION('',(0.,-1.,3.66373598126302E-15));
#3609=DIRECTION('',(0.707106781186548,0.707106781186547,-2.88657986402541E-15));
#3610=DIRECTION('',(-1.61778115328528E-32,-8.88178419700125E-16,-1.));
#3611=DIRECTION('',(0.,1.,-8.88178419700125E-16));
#3612=DIRECTION('',(-0.707106781186547,0.707106781186548,-2.88657986402541E-15));
#3613=DIRECTION('',(0.654653670707978,0.654653670707978,0.377964473009224));
#3614=DIRECTION('',(0.707106781186548,0.353553390593272,-0.612372435695795));
#3615=DIRECTION('',(-1.61778115328528E-32,0.86602540378444,0.499999999999998));
#3616=DIRECTION('',(0.,-0.499999999999998,0.86602540378444));
#3617=DIRECTION('',(0.707106781186548,0.353553390593272,-0.612372435695795));
#3618=DIRECTION('',(-1.61778115328528E-32,0.86602540378444,0.499999999999998));
#3619=DIRECTION('',(0.,-0.499999999999998,0.86602540378444));
#3620=DIRECTION('',(-0.707106781186547,0.353553390593272,-0.612372435695796));
#3621=DIRECTION('',(0.654653670707978,0.654653670707976,-0.377964473009229));
#3622=DIRECTION('',(0.707106781186548,-0.353553390593275,-0.612372435695793));
#3623=DIRECTION('',(-1.61778115328528E-32,0.866025403784438,-0.500000000000001));
#3624=DIRECTION('',(0.,0.500000000000001,0.866025403784438));
#3625=DIRECTION('',(0.707106781186548,-0.353553390593275,-0.612372435695793));
#3626=DIRECTION('',(-1.61778115328528E-32,0.866025403784438,-0.500000000000001));
#3627=DIRECTION('',(0.,0.500000000000001,0.866025403784438));
#3628=DIRECTION('',(-0.707106781186547,-0.353553390593275,-0.612372435695794));
#3629=DIRECTION('',(0.654653670707978,-1.7710984588637E-15,-0.755928946018454));
#3630=DIRECTION('',(0.707106781186548,-0.707106781186547,8.88178419700125E-16));
#3631=DIRECTION('',(-1.61778115328528E-32,-8.88178419700125E-16,-1.));
#3632=DIRECTION('',(0.,1.,-8.88178419700125E-16));
#3633=DIRECTION('',(0.707106781186548,-0.707106781186547,8.88178419700125E-16));
#3634=DIRECTION('',(-1.61778115328528E-32,-8.88178419700125E-16,-1.));
#3635=DIRECTION('',(0.,1.,-8.88178419700125E-16));
#3636=DIRECTION('',(-0.707106781186547,-0.707106781186548,8.32667268468867E-16));
#3637=DIRECTION('',(0.654653670707978,-0.654653670707977,-0.377964473009226));
#3638=DIRECTION('',(0.707106781186548,-0.353553390593273,0.612372435695794));
#3639=DIRECTION('',(0.707106781186548,-0.353553390593273,0.612372435695794));
#3640=DIRECTION('',(-0.707106781186547,-0.353553390593274,0.612372435695795));
#3641=DIRECTION('',(0.654653670707978,-0.654653670707976,0.377964473009227));
#3642=DIRECTION('',(-1.61778115328528E-32,-0.866025403784439,-0.5));
#3643=DIRECTION('',(0.,0.5,-0.866025403784439));
#3644=DIRECTION('',(-1.61778115328528E-32,-0.866025403784439,-0.5));
#3645=DIRECTION('',(0.,0.5,-0.866025403784439));
#3646=CARTESIAN_POINT('',(0.,0.,0.));
#3647=CARTESIAN_POINT('',(0.,8.20629251609897,8.79657695324263));
#3648=CARTESIAN_POINT('',(0.,8.20807651264213,8.75075474654013));
#3649=CARTESIAN_POINT('',(0.,8.19125782259557,8.70790056612349));
#3650=CARTESIAN_POINT('',(0.,8.11617530453071,8.62576517287316));
#3651=CARTESIAN_POINT('',(0.,8.0737046958295,8.60376071517143));
#3652=CARTESIAN_POINT('',(0.,7.9815180266638,8.60017161043485));
#3653=CARTESIAN_POINT('',(0.,7.93863965101991,8.61752922260109));
#3654=CARTESIAN_POINT('',(0.,7.85848683622735,8.69079940402301));
#3655=CARTESIAN_POINT('',(0.,7.83735637526678,8.73195116629143));
#3656=CARTESIAN_POINT('',(0.,7.83519048609681,8.77721342594517));
#3657=CARTESIAN_POINT('',(0.,8.20629251609897,8.79657695324263));
#3658=CARTESIAN_POINT('',(0.,7.83519048609681,8.77721342594517));
#3659=CARTESIAN_POINT('',(0.,7.83519048609681,8.77721342594517));
#3660=CARTESIAN_POINT('',(0.,7.83301166647636,8.82274590321454));
#3661=CARTESIAN_POINT('',(0.,7.85086597746174,8.86673298560705));
#3662=CARTESIAN_POINT('',(0.,7.9259484955266,8.94886837885738));
#3663=CARTESIAN_POINT('',(0.,7.96738348328899,8.96973993458324));
#3664=CARTESIAN_POINT('',(0.,8.06008783789208,8.97389869891674));
#3665=CARTESIAN_POINT('',(0.,8.10324956406195,8.95627897290681));
#3666=CARTESIAN_POINT('',(0.,8.18340237885452,8.88300879148489));
#3667=CARTESIAN_POINT('',(0.,8.20396638882714,8.84237483968588));
#3668=CARTESIAN_POINT('',(0.,8.20629251609897,8.79657695324263));
#3669=CARTESIAN_POINT('',(0.,8.00549312833371,8.41084470881487));
#3670=CARTESIAN_POINT('',(0.,8.07334258040499,8.38781382572757));
#3671=CARTESIAN_POINT('',(0.,8.13869011095688,8.38422668809472));
#3672=CARTESIAN_POINT('',(0.,8.26494778000982,8.41542209326851));
#3673=CARTESIAN_POINT('',(0.,8.32048525174266,8.44887717202521));
#3674=CARTESIAN_POINT('',(0.,8.4429474277588,8.58284283067143));
#3675=CARTESIAN_POINT('',(0.,8.47591245820977,8.67748418839819));
#3676=CARTESIAN_POINT('',(0.,8.45869016033887,8.89184794845987));
#3677=CARTESIAN_POINT('',(0.,8.40117672964733,8.99327428258611));
#3678=CARTESIAN_POINT('',(0.,8.18960728565424,9.1866764929118));
#3679=CARTESIAN_POINT('',(0.,8.08315912060077,9.23459368381512));
#3680=CARTESIAN_POINT('',(0.,7.86923702485395,9.23260149851801));
#3681=CARTESIAN_POINT('',(0.,7.77821719341905,9.1904934165274));
#3682=CARTESIAN_POINT('',(0.,7.65834406974998,9.05936001282083));
#3683=CARTESIAN_POINT('',(0.,7.63015786963561,9.00350177994099));
#3684=CARTESIAN_POINT('',(0.,7.61805826454165,8.94021687364959));
#3685=CARTESIAN_POINT('',(0.,8.00549312833371,8.41084470881487));
#3686=CARTESIAN_POINT('',(0.,7.61805826454165,8.94021687364959));
#3687=CARTESIAN_POINT('',(0.,7.61805826454165,8.94021687364959));
#3688=CARTESIAN_POINT('',(0.,7.6059586594477,8.87693196735819));
#3689=CARTESIAN_POINT('',(0.,7.61689606780988,8.80870507394032));
#3690=CARTESIAN_POINT('',(0.,7.65061158439349,8.73525296790201));
#3691=CARTESIAN_POINT('',(0.,7.65061158439349,8.73525296790201));
#3692=CARTESIAN_POINT('',(0.,7.65061158439349,8.73525296790201));
#3693=CARTESIAN_POINT('',(0.,7.56174772022521,8.76657590352486));
#3694=CARTESIAN_POINT('',(0.,7.47980440180064,8.77077660007196));
#3695=CARTESIAN_POINT('',(0.,7.32867459498157,8.72488487449611));
#3696=CARTESIAN_POINT('',(0.,7.26343602826829,8.68366110610602));
#3697=CARTESIAN_POINT('',(0.,7.10912850838326,8.51485871170189));
#3698=CARTESIAN_POINT('',(0.,7.07059069665726,8.39307787966506));
#3699=CARTESIAN_POINT('',(0.,7.11134708821009,8.14451280096258));
#3700=CARTESIAN_POINT('',(0.,7.17083395491101,8.04149298733483));
#3701=CARTESIAN_POINT('',(0.,7.3798543694584,7.85042092412149));
#3702=CARTESIAN_POINT('',(0.,7.49551875689931,7.80291717762559));
#3703=CARTESIAN_POINT('',(0.,7.74312025927904,7.81131159841585));
#3704=CARTESIAN_POINT('',(0.,7.85154104128039,7.86479075543985));
#3705=CARTESIAN_POINT('',(0.,8.00170607741011,8.02906154194052));
#3706=CARTESIAN_POINT('',(0.,8.03553093455235,8.09848166065435));
#3707=CARTESIAN_POINT('',(0.,8.05859476951404,8.25128573834585));
#3708=CARTESIAN_POINT('',(0.,8.04442830510501,8.33002165490848));
#3709=CARTESIAN_POINT('',(0.,8.00549312833371,8.41084470881487));
#3710=CARTESIAN_POINT('',(0.,7.35673346586295,8.27499794809239));
#3711=CARTESIAN_POINT('',(0.,7.35648566549373,8.33501283477744));
#3712=CARTESIAN_POINT('',(0.,7.38315845710123,8.39433411674551));
#3713=CARTESIAN_POINT('',(0.,7.4748109101873,8.49459594160971));
#3714=CARTESIAN_POINT('',(0.,7.52302607457058,8.52174709872135));
#3715=CARTESIAN_POINT('',(0.,7.63903344864652,8.54647066259963));
#3716=CARTESIAN_POINT('',(0.,7.69408047959656,8.52914907515362));
#3717=CARTESIAN_POINT('',(0.,7.79066037303919,8.44086239011873));
#3718=CARTESIAN_POINT('',(0.,7.81352312483997,8.39136840220402));
#3719=CARTESIAN_POINT('',(0.,7.81369796443142,8.332979907705));
#3720=CARTESIAN_POINT('',(0.,7.35673346586295,8.27499794809239));
#3721=CARTESIAN_POINT('',(0.,7.81369796443142,8.332979907705));
#3722=CARTESIAN_POINT('',(0.,7.81369796443142,8.332979907705));
#3723=CARTESIAN_POINT('',(0.,7.81387195999475,8.27487328031819));
#3724=CARTESIAN_POINT('',(0.,7.79080036544199,8.2197774188821));
#3725=CARTESIAN_POINT('',(0.,7.68905060820237,8.10846979975321));
#3726=CARTESIAN_POINT('',(0.,7.63318127045705,8.07635788768857));
#3727=CARTESIAN_POINT('',(0.,7.5182349046837,8.06575690474197));
#3728=CARTESIAN_POINT('',(0.,7.4674579767057,8.08331883305366));
#3729=CARTESIAN_POINT('',(0.,7.37880839709413,8.16435617151677));
#3730=CARTESIAN_POINT('',(0.,7.35643913550351,8.21495874114809));
#3731=CARTESIAN_POINT('',(0.,7.35673346586295,8.27499794809239));
#3732=CARTESIAN_POINT('',(3.36659707068755E-15,0.,0.));
#3733=CARTESIAN_POINT('',(3.36659707068755E-15,0.,0.));
#3734=CARTESIAN_POINT('',(0.,6.41834776136909,9.75023413729169));
#3735=CARTESIAN_POINT('',(0.,6.56182212110552,9.70569643781229));
#3736=CARTESIAN_POINT('',(0.,6.70477416574767,9.69354278101448));
#3737=CARTESIAN_POINT('',(0.,6.8473848458709,9.71270300536968));
#3738=CARTESIAN_POINT('',(3.36659707068755E-15,6.41834776136909,9.75023413729169));
#3739=CARTESIAN_POINT('',(0.,6.8473848458709,9.71270300536968));
#3740=CARTESIAN_POINT('',(3.36659707068755E-15,6.53349337938747,9.27106043268996));
#3741=CARTESIAN_POINT('',(3.36659707068755E-15,6.21960191290403,8.82941786001024));
#3742=CARTESIAN_POINT('',(3.36659707068755E-15,6.33673728363247,8.74616548451587));
#3743=CARTESIAN_POINT('',(3.36659707068755E-15,6.45387265436091,8.6629131090215));
#3744=CARTESIAN_POINT('',(3.36659707068755E-15,6.89014177827999,9.27673998500163));
#3745=CARTESIAN_POINT('',(3.36659707068755E-15,7.32641090219907,9.89056686098177));
#3746=CARTESIAN_POINT('',(3.36659707068755E-15,7.23132638230202,9.9581468934258));
#3747=CARTESIAN_POINT('',(3.36659707068755E-15,7.13624186240497,10.0257269258698));
#3748=CARTESIAN_POINT('',(0.,7.13624186240497,10.0257269258698));
#3749=CARTESIAN_POINT('',(0.,7.05674767848087,9.970181488443));
#3750=CARTESIAN_POINT('',(0.,6.96118025609719,9.9397124109273));
#3751=CARTESIAN_POINT('',(0.,6.73822984394655,9.9306254344521));
#3752=CARTESIAN_POINT('',(0.,6.64504549175783,9.93936965191135));
#3753=CARTESIAN_POINT('',(0.,6.56951362341494,9.96292319495615));
#3754=CARTESIAN_POINT('',(0.,6.56951362341494,9.96292319495615));
#3755=CARTESIAN_POINT('',(3.36659707068755E-15,6.49393069239202,9.85657866612392));
#3756=CARTESIAN_POINT('',(3.36659707068755E-15,0.,0.));
#3757=CARTESIAN_POINT('',(3.36659707068755E-15,5.92440531696092,9.67975486500687));
#3758=CARTESIAN_POINT('',(3.36659707068755E-15,5.8530224388234,9.55503061792577));
#3759=CARTESIAN_POINT('',(3.36659707068755E-15,5.99578819509845,9.80447911208797));
#3760=CARTESIAN_POINT('',(3.36659707068755E-15,5.75066924756389,9.94476695804049));
#3761=CARTESIAN_POINT('',(3.36659707068755E-15,5.50555030002933,10.085054803993));
#3762=CARTESIAN_POINT('',(3.36659707068755E-15,5.43416742189181,9.9603305569119));
#3763=CARTESIAN_POINT('',(3.36659707068755E-15,5.36278454375429,9.83560630983079));
#3764=CARTESIAN_POINT('',(3.36659707068755E-15,5.60790349128885,9.69531846387828));
#3765=CARTESIAN_POINT('',(3.36659707068755E-15,0.,0.));
#3766=CARTESIAN_POINT('',(0.,4.85235023573064,10.3532546185281));
#3767=CARTESIAN_POINT('',(0.,4.77112407314645,10.2012769898103));
#3768=CARTESIAN_POINT('',(0.,4.70062750977058,10.1088346042788));
#3769=CARTESIAN_POINT('',(0.,4.57992113407342,10.0430772232479));
#3770=CARTESIAN_POINT('',(0.,4.52286953899089,10.0388617731662));
#3771=CARTESIAN_POINT('',(0.,4.42554026092981,10.0825306695468));
#3772=CARTESIAN_POINT('',(0.,4.39688490488562,10.1105285323363));
#3773=CARTESIAN_POINT('',(0.,4.36667480264419,10.1838058414794));
#3774=CARTESIAN_POINT('',(0.,4.37452613707502,10.2275264329822));
#3775=CARTESIAN_POINT('',(0.,4.38463822916903,10.2838361789976));
#3776=CARTESIAN_POINT('',(0.,4.85235023573064,10.3532546185281));
#3777=CARTESIAN_POINT('',(0.,4.38463822916903,10.2838361789976));
#3778=CARTESIAN_POINT('',(3.36659707068755E-15,4.25144175739793,10.3267743222189));
#3779=CARTESIAN_POINT('',(0.,4.11824528562682,10.3697124654402));
#3780=CARTESIAN_POINT('',(0.,4.11824528562682,10.3697124654402));
#3781=CARTESIAN_POINT('',(0.,4.0859061824251,10.2479529776706));
#3782=CARTESIAN_POINT('',(0.,4.09009791201109,10.1438704200055));
#3783=CARTESIAN_POINT('',(0.,4.17152594632285,9.97109542757833));
#3784=CARTESIAN_POINT('',(0.,4.24478819107437,9.90370826808353));
#3785=CARTESIAN_POINT('',(0.,4.50071517763068,9.7888810621331));
#3786=CARTESIAN_POINT('',(0.,4.64632052496596,9.79000428760915));
#3787=CARTESIAN_POINT('',(0.,4.93119593017639,9.92803829101244));
#3788=CARTESIAN_POINT('',(0.,5.05842079518672,10.0879366682213));
#3789=CARTESIAN_POINT('',(0.,5.28100650083893,10.5840359020794));
#3790=CARTESIAN_POINT('',(0.,5.31571263559456,10.780438441587));
#3791=CARTESIAN_POINT('',(0.,5.2342425106153,11.0754370083313));
#3792=CARTESIAN_POINT('',(0.,5.14420697236067,11.1799759086887));
#3793=CARTESIAN_POINT('',(0.,4.87777682630137,11.2995155854716));
#3794=CARTESIAN_POINT('',(0.,4.75373826558059,11.3042775504672));
#3795=CARTESIAN_POINT('',(0.,4.51259877546522,11.2078559258656));
#3796=CARTESIAN_POINT('',(0.,4.42107493333467,11.1149642811471));
#3797=CARTESIAN_POINT('',(0.,4.2990219387745,10.8429324500195));
#3798=CARTESIAN_POINT('',(0.,4.28969528467822,10.7171566826976));
#3799=CARTESIAN_POINT('',(0.,4.37147671830304,10.4808836744633));
#3800=CARTESIAN_POINT('',(0.,4.44547032477798,10.3978586711262));
#3801=CARTESIAN_POINT('',(0.,4.65238256698698,10.3050229957272));
#3802=CARTESIAN_POINT('',(0.,4.75177929378496,10.3062701204006));
#3803=CARTESIAN_POINT('',(0.,4.85235023573064,10.3532546185281));
#3804=CARTESIAN_POINT('',(0.,4.99901934943177,10.8997322908178));
#3805=CARTESIAN_POINT('',(0.,5.01695016311785,10.8354149777064));
#3806=CARTESIAN_POINT('',(0.,5.00718165933456,10.7611486712505));
#3807=CARTESIAN_POINT('',(0.,4.934609608515,10.5994000149044));
#3808=CARTESIAN_POINT('',(0.,4.89122169369286,10.5486294626974));
#3809=CARTESIAN_POINT('',(0.,4.78608606264656,10.4999077579687));
#3810=CARTESIAN_POINT('',(0.,4.73476962473618,10.4989587206039));
#3811=CARTESIAN_POINT('',(0.,4.6321887669236,10.5449838524007));
#3812=CARTESIAN_POINT('',(0.,4.59769346163159,10.5852753612251));
#3813=CARTESIAN_POINT('',(0.,4.5815687538793,10.6421389423506));
#3814=CARTESIAN_POINT('',(0.,4.99901934943177,10.8997322908178));
#3815=CARTESIAN_POINT('',(0.,4.5815687538793,10.6421389423506));
#3816=CARTESIAN_POINT('',(0.,4.5815687538793,10.6421389423506));
#3817=CARTESIAN_POINT('',(0.,4.56529655684789,10.6995226425826));
#3818=CARTESIAN_POINT('',(0.,4.57680599413304,10.7721333128098));
#3819=CARTESIAN_POINT('',(0.,4.65550425703478,10.9475360765098));
#3820=CARTESIAN_POINT('',(0.,4.69972684423959,11.0029791396013));
#3821=CARTESIAN_POINT('',(0.,4.79821823354305,11.0508628229059));
#3822=CARTESIAN_POINT('',(0.,4.84709879557228,11.0520974527931));
#3823=CARTESIAN_POINT('',(0.,4.94687881085073,11.0073289798849));
#3824=CARTESIAN_POINT('',(0.,4.98116777320439,10.9637653814431));
#3825=CARTESIAN_POINT('',(0.,4.99901934943177,10.8997322908178));
#3826=CARTESIAN_POINT('',(3.36659707068755E-15,0.,0.));
#3827=CARTESIAN_POINT('',(3.36659707068755E-15,0.,0.));
#3828=CARTESIAN_POINT('',(0.,3.03873909984132,11.2706840254252));
#3829=CARTESIAN_POINT('',(0.,3.18894338241421,11.2733620981386));
#3830=CARTESIAN_POINT('',(0.,3.3285010479598,11.3066285441225));
#3831=CARTESIAN_POINT('',(0.,3.45791936529562,11.3695238493568));
#3832=CARTESIAN_POINT('',(3.36659707068755E-15,3.03873909984132,11.2706840254252));
#3833=CARTESIAN_POINT('',(0.,3.45791936529562,11.3695238493568));
#3834=CARTESIAN_POINT('',(3.36659707068755E-15,3.29827680881021,10.8517495076856));
#3835=CARTESIAN_POINT('',(3.36659707068755E-15,3.1386342523248,10.3339751660143));
#3836=CARTESIAN_POINT('',(3.36659707068755E-15,3.27596179549468,10.2916337089295));
#3837=CARTESIAN_POINT('',(3.36659707068755E-15,3.41328933866457,10.2492922518447));
#3838=CARTESIAN_POINT('',(3.36659707068755E-15,3.63517214114518,10.96893258154));
#3839=CARTESIAN_POINT('',(3.36659707068755E-15,3.85705494362579,11.6885729112353));
#3840=CARTESIAN_POINT('',(3.36659707068755E-15,3.74557944796853,11.7229435466259));
#3841=CARTESIAN_POINT('',(3.36659707068755E-15,3.63410395231126,11.7573141820166));
#3842=CARTESIAN_POINT('',(0.,3.63410395231126,11.7573141820166));
#3843=CARTESIAN_POINT('',(0.,3.57602622746312,11.6796508137329));
#3844=CARTESIAN_POINT('',(0.,3.49482518925644,11.620762034667));
#3845=CARTESIAN_POINT('',(0.,3.28595834613195,11.5422502440696));
#3846=CARTESIAN_POINT('',(0.,3.19472906655004,11.5213456182951));
#3847=CARTESIAN_POINT('',(0.,3.11562078426772,11.5200371078165));
#3848=CARTESIAN_POINT('',(0.,3.11562078426772,11.5200371078165));
#3849=CARTESIAN_POINT('',(3.36659707068755E-15,3.07717994205452,11.3953605666209));
#3850=CARTESIAN_POINT('',(3.36659707068755E-15,0.,0.));
#3851=CARTESIAN_POINT('',(-4.54660459486509E-15,-0.249999999999999,0.43301270189222));
#3852=CARTESIAN_POINT('',(-1.12750565623145E-14,11.2812919747339,7.090607227609));
#3853=CARTESIAN_POINT('',(-9.34050573933819E-15,7.9658383625775,5.17642919214478));
#3854=CARTESIAN_POINT('',(6.7331941413751E-15,0.,0.));
#3855=CARTESIAN_POINT('',(2.18184737258426E-15,0.5,13.3151890514336));
#3856=CARTESIAN_POINT('',(-4.54660459486509E-15,0.5,0.));
#3857=CARTESIAN_POINT('',(2.47296549608006E-16,0.5,9.48683298050514));
#3858=CARTESIAN_POINT('',(0.,0.,0.));
#3859=CARTESIAN_POINT('',(3.36659707068755E-15,0.,0.));
#3860=CARTESIAN_POINT('',(-5.19999999999999,-7.72655579673291,14.3827872074572));
#3861=CARTESIAN_POINT('',(-5.21931104705836,-7.7321330317887,14.3924472619396));
#3862=CARTESIAN_POINT('',(-5.24080523988241,-7.73612595595771,14.3993632094711));
#3863=CARTESIAN_POINT('',(-5.26271502067057,-7.7382056342847,14.4029653179969));
#3864=CARTESIAN_POINT('',(-5.28469953445397,-7.74029240627419,14.4065797131065));
#3865=CARTESIAN_POINT('',(-5.30770795130501,-7.7405099201453,14.4069564581826));
#3866=CARTESIAN_POINT('',(-5.32983450750439,-7.73884012776355,14.4040642929393));
#3867=CARTESIAN_POINT('',(-5.35195847130935,-7.73717053101822,14.4011724665482));
#3868=CARTESIAN_POINT('',(-5.3738108599919,-7.7335680740272,14.3949328280077));
#3869=CARTESIAN_POINT('',(-5.3935828612155,-7.72833147314436,14.3858627692197));
#3870=CARTESIAN_POINT('',(-5.41335733919976,-7.72309421629316,14.3767915742611));
#3871=CARTESIAN_POINT('',(-5.43159608809746,-7.71607809837247,14.3646393015506));
#3872=CARTESIAN_POINT('',(-5.44679089015737,-7.70786433846589,14.3504126520712));
#3873=CARTESIAN_POINT('',(-5.46199134481653,-7.69964752296879,14.3361807101538));
#3874=CARTESIAN_POINT('',(-5.47456466174671,-7.69000573534553,14.3194806441145));
#3875=CARTESIAN_POINT('',(-5.48347192828591,-7.67973711016615,14.30169486358));
#3876=CARTESIAN_POINT('',(-5.49238330262848,-7.66946374935964,14.2839008806986));
#3877=CARTESIAN_POINT('',(-5.49787097147312,-7.65827976705389,14.2645296551141));
#3878=CARTESIAN_POINT('',(-5.4994816277153,-7.6471107681262,14.2451843815017));
#3879=CARTESIAN_POINT('',(-5.49982698602899,-7.64471590165232,14.2410363510916));
#3880=CARTESIAN_POINT('',(-5.49999999999999,-7.64231326498838,14.2368748623175));
#3881=CARTESIAN_POINT('',(-5.49999999999999,-7.63991218116666,14.232716063145));
#3882=CARTESIAN_POINT('',(-5.19999999999999,-7.72655579673291,14.3827872074572));
#3883=CARTESIAN_POINT('',(-5.49999999999999,-7.63991218116666,14.232716063145));
#3884=CARTESIAN_POINT('',(-5.19999999999999,0.,0.));
#3885=CARTESIAN_POINT('',(-5.19999999999999,-0.5,16.3191369972503));
#3886=CARTESIAN_POINT('',(-5.19999999999999,-0.5,16.3191369972503));
#3887=CARTESIAN_POINT('',(-5.21578742756432,-0.5,16.328256150053));
#3888=CARTESIAN_POINT('',(-5.23299102819998,-0.5,16.3352597839449));
#3889=CARTESIAN_POINT('',(-5.25065887568084,-0.5,16.3397596708692));
#3890=CARTESIAN_POINT('',(-5.27234630018932,-0.5,16.3452833181653));
#3891=CARTESIAN_POINT('',(-5.29528681848736,-0.5,16.3471380628154));
#3892=CARTESIAN_POINT('',(-5.31757990482519,-0.5,16.3451699767409));
#3893=CARTESIAN_POINT('',(-5.33986798206002,-0.5,16.3432023328817));
#3894=CARTESIAN_POINT('',(-5.36212358048659,-0.5,16.337359397209));
#3895=CARTESIAN_POINT('',(-5.38250420179777,-0.5,16.3281257476514));
#3896=CARTESIAN_POINT('',(-5.40288626327041,-0.5,16.3188914456139));
#3897=CARTESIAN_POINT('',(-5.42195502793132,-0.5,16.3060115110351));
#3898=CARTESIAN_POINT('',(-5.4381333634744,-0.5,16.2905531080436));
#3899=CARTESIAN_POINT('',(-5.45431713812917,-0.5,16.2750895079796));
#3900=CARTESIAN_POINT('',(-5.46805471648126,-0.5,16.256619576694));
#3901=CARTESIAN_POINT('',(-5.47821085795314,-0.5,16.2366723894383));
#3902=CARTESIAN_POINT('',(-5.48837166687007,-0.5,16.216716035079));
#3903=CARTESIAN_POINT('',(-5.49522791662791,-0.5,16.1947309693537));
#3904=CARTESIAN_POINT('',(-5.49821324174692,-0.5,16.1725366919135));
#3905=CARTESIAN_POINT('',(-5.49940175901019,-0.5,16.1637007089529));
#3906=CARTESIAN_POINT('',(-5.49999999999999,-0.5,16.1547653237652));
#3907=CARTESIAN_POINT('',(-5.49999999999999,-0.5,16.1458497661178));
#3908=CARTESIAN_POINT('',(-5.49999999999999,-0.5,16.1458497661178));
#3909=CARTESIAN_POINT('',(-5.49999999999999,0.,0.));
#3910=CARTESIAN_POINT('',(-5.29999999999999,0.,0.));
#3911=CARTESIAN_POINT('',(-5.2,-16.3191369972503,0.500000000000019));
#3912=CARTESIAN_POINT('',(-5.20154497559707,-16.3200294079035,0.500000000000019));
#3913=CARTESIAN_POINT('',(-5.2031020348605,-16.3209012182745,0.500000000000019));
#3914=CARTESIAN_POINT('',(-5.2046703416111,-16.3217519593078,0.500000000000019));
#3915=CARTESIAN_POINT('',(-5.22434812689919,-16.3324263375065,0.500000000000019));
#3916=CARTESIAN_POINT('',(-5.24614102851274,-16.3398497343583,0.500000000000019));
#3917=CARTESIAN_POINT('',(-5.26824330843355,-16.3434059691755,0.500000000000019));
#3918=CARTESIAN_POINT('',(-5.2903370299755,-16.3469608269581,0.500000000000019));
#3919=CARTESIAN_POINT('',(-5.3133493719285,-16.3467496003057,0.500000000000019));
#3920=CARTESIAN_POINT('',(-5.33537412300552,-16.3427898167986,0.500000000000019));
#3921=CARTESIAN_POINT('',(-5.35739556038973,-16.3388306290533,0.500000000000019));
#3922=CARTESIAN_POINT('',(-5.37903695759691,-16.331014941863,0.500000000000019));
#3923=CARTESIAN_POINT('',(-5.39850710879229,-16.3199907827342,0.500000000000019));
#3924=CARTESIAN_POINT('',(-5.4106805482703,-16.3130980815629,0.500000000000019));
#3925=CARTESIAN_POINT('',(-5.4221891536367,-16.3048762597155,0.500000000000019));
#3926=CARTESIAN_POINT('',(-5.43265620321988,-16.2955949434734,0.500000000000019));
#3927=CARTESIAN_POINT('',(-5.44941314254338,-16.2807362718033,0.500000000000019));
#3928=CARTESIAN_POINT('',(-5.46383485646714,-16.2627786342164,0.500000000000019));
#3929=CARTESIAN_POINT('',(-5.47472811848212,-16.2432104973106,0.500000000000019));
#3930=CARTESIAN_POINT('',(-5.48562124279577,-16.2236426077649,0.500000000000019));
#3931=CARTESIAN_POINT('',(-5.4932865834919,-16.2019246995782,0.500000000000019));
#3932=CARTESIAN_POINT('',(-5.49709078780659,-16.1798545729787,0.500000000000019));
#3933=CARTESIAN_POINT('',(-5.49902321864764,-16.1686435575394,0.500000000000019));
#3934=CARTESIAN_POINT('',(-5.49999999999999,-16.1572261080666,0.500000000000018));
#3935=CARTESIAN_POINT('',(-5.49999999999999,-16.1458497661178,0.500000000000018));
#3936=CARTESIAN_POINT('',(-5.2,-16.3191369972503,0.500000000000019));
#3937=CARTESIAN_POINT('',(-5.49999999999999,-16.1458497661178,0.500000000000018));
#3938=CARTESIAN_POINT('',(-5.19999999999999,0.,0.));
#3939=CARTESIAN_POINT('',(-5.2,-14.3827872074572,7.72655579673293));
#3940=CARTESIAN_POINT('',(-5.2,-14.3827872074572,7.72655579673293));
#3941=CARTESIAN_POINT('',(-5.21931104705836,-14.3924472619396,7.73213303178872));
#3942=CARTESIAN_POINT('',(-5.2408052398824,-14.3993632094711,7.73612595595773));
#3943=CARTESIAN_POINT('',(-5.26271502067056,-14.4029653179969,7.73820563428472));
#3944=CARTESIAN_POINT('',(-5.28469953445397,-14.4065797131065,7.74029240627421));
#3945=CARTESIAN_POINT('',(-5.30770795130501,-14.4069564581826,7.74050992014532));
#3946=CARTESIAN_POINT('',(-5.32983450750439,-14.4040642929393,7.73884012776356));
#3947=CARTESIAN_POINT('',(-5.35195847130935,-14.4011724665482,7.73717053101824));
#3948=CARTESIAN_POINT('',(-5.3738108599919,-14.3949328280077,7.73356807402722));
#3949=CARTESIAN_POINT('',(-5.3935828612155,-14.3858627692197,7.72833147314437));
#3950=CARTESIAN_POINT('',(-5.41335733919976,-14.3767915742611,7.72309421629317));
#3951=CARTESIAN_POINT('',(-5.43159608809746,-14.3646393015506,7.71607809837249));
#3952=CARTESIAN_POINT('',(-5.44679089015737,-14.3504126520712,7.70786433846591));
#3953=CARTESIAN_POINT('',(-5.46199134481653,-14.3361807101538,7.6996475229688));
#3954=CARTESIAN_POINT('',(-5.47456466174671,-14.3194806441145,7.69000573534555));
#3955=CARTESIAN_POINT('',(-5.48347192828591,-14.30169486358,7.67973711016617));
#3956=CARTESIAN_POINT('',(-5.49238330262849,-14.2839008806986,7.66946374935966));
#3957=CARTESIAN_POINT('',(-5.49787097147312,-14.2645296551141,7.6582797670539));
#3958=CARTESIAN_POINT('',(-5.4994816277153,-14.2451843815017,7.64711076812622));
#3959=CARTESIAN_POINT('',(-5.49982698602899,-14.2410363510915,7.64471590165234));
#3960=CARTESIAN_POINT('',(-5.49999999999999,-14.2368748623175,7.6423132649884));
#3961=CARTESIAN_POINT('',(-5.49999999999999,-14.232716063145,7.63991218116668));
#3962=CARTESIAN_POINT('',(-5.49999999999999,-14.232716063145,7.63991218116668));
#3963=CARTESIAN_POINT('',(-5.49999999999999,0.,0.));
#3964=CARTESIAN_POINT('',(-5.29999999999999,0.,0.));
#3965=CARTESIAN_POINT('',(-5.2,-8.59258120051738,-13.8827872074572));
#3966=CARTESIAN_POINT('',(-5.21931104706097,-8.59815843557393,-13.8924472619409));
#3967=CARTESIAN_POINT('',(-5.24080523988827,-8.60215135974326,-13.899363209473));
#3968=CARTESIAN_POINT('',(-5.26271502067959,-8.60423103807003,-13.9029653179983));
#3969=CARTESIAN_POINT('',(-5.28469953446318,-8.60631781005902,-13.9065797131071));
#3970=CARTESIAN_POINT('',(-5.30770795131424,-8.6065353239296,-13.9069564581823));
#3971=CARTESIAN_POINT('',(-5.32983450751347,-8.60486553154734,-13.9040642929381));
#3972=CARTESIAN_POINT('',(-5.35195847131827,-8.6031959348015,-13.9011724665462));
#3973=CARTESIAN_POINT('',(-5.37381086000049,-8.59959347780998,-13.8949328280048));
#3974=CARTESIAN_POINT('',(-5.39358286122361,-8.59435687692668,-13.8858627692159));
#3975=CARTESIAN_POINT('',(-5.41335733920739,-8.58911962007502,-13.8767915742566));
#3976=CARTESIAN_POINT('',(-5.43159608810445,-8.58210350215392,-13.8646393015453));
#3977=CARTESIAN_POINT('',(-5.4467908901636,-8.57388974224699,-13.8504126520653));
#3978=CARTESIAN_POINT('',(-5.46199134482201,-8.56567292674954,-13.8361807101473));
#3979=CARTESIAN_POINT('',(-5.47456466175131,-8.556031139126,-13.8194806441076));
#3980=CARTESIAN_POINT('',(-5.48347192828957,-8.54576251394641,-13.8016948635727));
#3981=CARTESIAN_POINT('',(-5.4923833026312,-8.53548915313969,-13.7839008806909));
#3982=CARTESIAN_POINT('',(-5.4978709714748,-8.52430517083381,-13.7645296551062));
#3983=CARTESIAN_POINT('',(-5.49948162771596,-8.51313617190609,-13.7451843814937));
#3984=CARTESIAN_POINT('',(-5.49982698602921,-8.51074130543373,-13.7410363510862));
#3985=CARTESIAN_POINT('',(-5.49999999999999,-8.50833866877133,-13.7368748623148));
#3986=CARTESIAN_POINT('',(-5.49999999999999,-8.50593758495114,-13.732716063145));
#3987=CARTESIAN_POINT('',(-5.2,-8.59258120051738,-13.8827872074572));
#3988=CARTESIAN_POINT('',(-5.49999999999999,-8.50593758495114,-13.732716063145));
#3989=CARTESIAN_POINT('',(-5.19999999999999,0.,0.));
#3990=CARTESIAN_POINT('',(-5.2,-13.8827872074573,-8.59258120051733));
#3991=CARTESIAN_POINT('',(-5.2,-13.8827872074573,-8.59258120051733));
#3992=CARTESIAN_POINT('',(-5.21931104705959,-13.8924472619403,-8.59815843557348));
#3993=CARTESIAN_POINT('',(-5.24080523988518,-13.899363209472,-8.60215135974264));
#3994=CARTESIAN_POINT('',(-5.26271502067483,-13.9029653179976,-8.60423103806953));
#3995=CARTESIAN_POINT('',(-5.28469953445832,-13.9065797131068,-8.60631781005878));
#3996=CARTESIAN_POINT('',(-5.30770795130937,-13.9069564581825,-8.60653532392964));
#3997=CARTESIAN_POINT('',(-5.32983450750868,-13.9040642929387,-8.60486553154765));
#3998=CARTESIAN_POINT('',(-5.35195847131356,-13.9011724665473,-8.60319593480208));
#3999=CARTESIAN_POINT('',(-5.37381085999596,-13.8949328280063,-8.59959347781082));
#4000=CARTESIAN_POINT('',(-5.39358286121933,-13.8858627692179,-8.59435687692776));
#4001=CARTESIAN_POINT('',(-5.41335733920336,-13.876791574259,-8.58911962007635));
#4002=CARTESIAN_POINT('',(-5.43159608810076,-13.8646393015481,-8.58210350215546));
#4003=CARTESIAN_POINT('',(-5.44679089016031,-13.8504126520685,-8.57388974224872));
#4004=CARTESIAN_POINT('',(-5.46199134481912,-13.8361807101508,-8.56567292675145));
#4005=CARTESIAN_POINT('',(-5.47456466174889,-13.8194806441113,-8.55603113912806));
#4006=CARTESIAN_POINT('',(-5.48347192828764,-13.8016948635765,-8.54576251394858));
#4007=CARTESIAN_POINT('',(-5.49238330262977,-13.783900880695,-8.53548915314197));
#4008=CARTESIAN_POINT('',(-5.49787097147391,-13.7645296551104,-8.52430517083616));
#4009=CARTESIAN_POINT('',(-5.49948162771561,-13.7451843814979,-8.51313617190846));
#4010=CARTESIAN_POINT('',(-5.4998269860291,-13.7410363510891,-8.5107413054353));
#4011=CARTESIAN_POINT('',(-5.49999999999999,-13.7368748623162,-8.50833866877209));
#4012=CARTESIAN_POINT('',(-5.49999999999999,-13.732716063145,-8.50593758495109));
#4013=CARTESIAN_POINT('',(-5.49999999999999,-13.732716063145,-8.50593758495109));
#4014=CARTESIAN_POINT('',(-5.49999999999999,0.,0.));
#4015=CARTESIAN_POINT('',(-5.29999999999999,0.,0.));
#4016=CARTESIAN_POINT('',(-5.2,7.72655579673288,-14.3827872074573));
#4017=CARTESIAN_POINT('',(-5.21931104705838,7.73213303178868,-14.3924472619397));
#4018=CARTESIAN_POINT('',(-5.24080523988246,7.73612595595769,-14.3993632094712));
#4019=CARTESIAN_POINT('',(-5.26271502067065,7.73820563428468,-14.4029653179969));
#4020=CARTESIAN_POINT('',(-5.28469953445406,7.74029240627417,-14.4065797131065));
#4021=CARTESIAN_POINT('',(-5.30770795130509,7.74050992014527,-14.4069564581826));
#4022=CARTESIAN_POINT('',(-5.32983450750448,7.73884012776351,-14.4040642929393));
#4023=CARTESIAN_POINT('',(-5.35195847130943,7.73717053101818,-14.4011724665482));
#4024=CARTESIAN_POINT('',(-5.37381085999198,7.73356807402715,-14.3949328280077));
#4025=CARTESIAN_POINT('',(-5.39358286121557,7.7283314731443,-14.3858627692196));
#4026=CARTESIAN_POINT('',(-5.41335733919983,7.7230942162931,-14.3767915742611));
#4027=CARTESIAN_POINT('',(-5.43159608809752,7.71607809837241,-14.3646393015505));
#4028=CARTESIAN_POINT('',(-5.44679089015742,7.70786433846583,-14.3504126520712));
#4029=CARTESIAN_POINT('',(-5.46199134481658,7.69964752296872,-14.3361807101538));
#4030=CARTESIAN_POINT('',(-5.47456466174675,7.69000573534546,-14.3194806441145));
#4031=CARTESIAN_POINT('',(-5.48347192828595,7.67973711016608,-14.3016948635799));
#4032=CARTESIAN_POINT('',(-5.49238330262851,7.66946374935957,-14.2839008806986));
#4033=CARTESIAN_POINT('',(-5.49787097147313,7.65827976705381,-14.264529655114));
#4034=CARTESIAN_POINT('',(-5.4994816277153,7.64711076812613,-14.2451843815016));
#4035=CARTESIAN_POINT('',(-5.49982698602899,7.64471590165226,-14.2410363510915));
#4036=CARTESIAN_POINT('',(-5.49999999999999,7.64231326498834,-14.2368748623175));
#4037=CARTESIAN_POINT('',(-5.49999999999999,7.63991218116663,-14.2327160631451));
#4038=CARTESIAN_POINT('',(-5.2,7.72655579673288,-14.3827872074573));
#4039=CARTESIAN_POINT('',(-5.49999999999999,7.63991218116663,-14.2327160631451));
#4040=CARTESIAN_POINT('',(-5.19999999999999,0.,0.));
#4041=CARTESIAN_POINT('',(-5.19999999999976,0.499999999999962,-16.3191369972501));
#4042=CARTESIAN_POINT('',(-5.19999999999976,0.499999999999962,-16.3191369972501));
#4043=CARTESIAN_POINT('',(-5.20032806619126,0.499999999999962,-16.3193264952363));
#4044=CARTESIAN_POINT('',(-5.20065667222909,0.499999999999962,-16.3195150616783));
#4045=CARTESIAN_POINT('',(-5.20098581015557,0.499999999999962,-16.3197026920013));
#4046=CARTESIAN_POINT('',(-5.22043474073674,0.499999999999962,-16.3307898649861));
#4047=CARTESIAN_POINT('',(-5.24206693476769,0.499999999999962,-16.3386712713327));
#4048=CARTESIAN_POINT('',(-5.26408997501136,0.499999999999962,-16.3426927143538));
#4049=CARTESIAN_POINT('',(-5.28610426528741,0.499999999999962,-16.3467125596166));
#4050=CARTESIAN_POINT('',(-5.30911639791356,0.499999999999962,-16.346986415511));
#4051=CARTESIAN_POINT('',(-5.33122011013426,0.499999999999962,-16.3434915566641));
#4052=CARTESIAN_POINT('',(-5.35332010069607,0.499999999999962,-16.3399972862556));
#4053=CARTESIAN_POINT('',(-5.37512140881411,0.499999999999962,-16.3326393131649));
#4054=CARTESIAN_POINT('',(-5.39481948574887,0.499999999999962,-16.3220277499627));
#4055=CARTESIAN_POINT('',(-5.40713522867336,0.499999999999962,-16.3153931284787));
#4056=CARTESIAN_POINT('',(-5.4188142893432,0.499999999999962,-16.3074156837143));
#4057=CARTESIAN_POINT('',(-5.42947434356012,0.499999999999962,-16.2983570430817));
#4058=CARTESIAN_POINT('',(-5.44654008378605,0.499999999999962,-16.2838550147909));
#4059=CARTESIAN_POINT('',(-5.46133644302512,0.499999999999962,-16.2662055931248));
#4060=CARTESIAN_POINT('',(-5.47263914496826,0.499999999999962,-16.2468717563925));
#4061=CARTESIAN_POINT('',(-5.48394170153333,0.499999999999962,-16.2275381683366));
#4062=CARTESIAN_POINT('',(-5.49206255946385,0.499999999999962,-16.2059871217903));
#4063=CARTESIAN_POINT('',(-5.49633071824503,0.499999999999962,-16.1840026219634));
#4064=CARTESIAN_POINT('',(-5.49876569481952,0.499999999999962,-16.1714605060711));
#4065=CARTESIAN_POINT('',(-5.49999999999999,0.499999999999962,-16.1586260637808));
#4066=CARTESIAN_POINT('',(-5.49999999999999,0.499999999999962,-16.1458497661178));
#4067=CARTESIAN_POINT('',(-5.49999999999999,0.499999999999962,-16.1458497661178));
#4068=CARTESIAN_POINT('',(-5.49999999999999,0.,0.));
#4069=CARTESIAN_POINT('',(-5.29999999999999,0.,0.));
#4070=CARTESIAN_POINT('',(-5.19999999996152,16.3191369972973,0.49999999999999));
#4071=CARTESIAN_POINT('',(-5.21028625929931,16.3250785587263,0.49999999999999));
#4072=CARTESIAN_POINT('',(-5.22114674783867,16.330119742555,0.49999999999999));
#4073=CARTESIAN_POINT('',(-5.23232435449981,16.3341409852371,0.49999999999999));
#4074=CARTESIAN_POINT('',(-5.25337869858853,16.3417154714093,0.49999999999999));
#4075=CARTESIAN_POINT('',(-5.27603107661836,16.3457596702952,0.49999999999999));
#4076=CARTESIAN_POINT('',(-5.29840575883129,16.3459381125819,0.49999999999999));
#4077=CARTESIAN_POINT('',(-5.32078682173588,16.3461166057558,0.49999999999999));
#4078=CARTESIAN_POINT('',(-5.34350748839322,16.3424319968716,0.49999999999999));
#4079=CARTESIAN_POINT('',(-5.36468527947406,16.3351901047508,0.49999999999999));
#4080=CARTESIAN_POINT('',(-5.38587256859929,16.3279449647081,0.49999999999999));
#4081=CARTESIAN_POINT('',(-5.40610046247133,16.316939384507,0.49999999999999));
#4082=CARTESIAN_POINT('',(-5.42369305599046,16.3030868061194,0.49999999999999));
#4083=CARTESIAN_POINT('',(-5.44129303825046,16.2892284097657,0.49999999999999));
#4084=CARTESIAN_POINT('',(-5.45674151226871,16.2721380841576,0.49999999999999));
#4085=CARTESIAN_POINT('',(-5.468759363348,16.2532334344521,0.49999999999999));
#4086=CARTESIAN_POINT('',(-5.48077971367491,16.2343248533117,0.49999999999999));
#4087=CARTESIAN_POINT('',(-5.48969994562393,16.2130793317825,0.49999999999999));
#4088=CARTESIAN_POINT('',(-5.49478221341736,16.191257466216,0.49999999999999));
#4089=CARTESIAN_POINT('',(-5.4982380434568,16.1764190787861,0.49999999999999));
#4090=CARTESIAN_POINT('',(-5.49999999999999,16.1610852675136,0.49999999999999));
#4091=CARTESIAN_POINT('',(-5.49999999999999,16.1458497661178,0.49999999999999));
#4092=CARTESIAN_POINT('',(-5.19999999996152,16.3191369972973,0.49999999999999));
#4093=CARTESIAN_POINT('',(-5.49999999999999,16.1458497661178,0.49999999999999));
#4094=CARTESIAN_POINT('',(-5.49999999999999,0.,0.));
#4095=CARTESIAN_POINT('',(-5.49999999999999,14.2327160631451,7.63991218116661));
#4096=CARTESIAN_POINT('',(-5.19999999999999,14.3827872074573,7.72655579673286));
#4097=CARTESIAN_POINT('',(-5.21931104705835,14.3924472619397,7.73213303178864));
#4098=CARTESIAN_POINT('',(-5.2408052398824,14.3993632094712,7.73612595595766));
#4099=CARTESIAN_POINT('',(-5.26271502067057,14.4029653179969,7.73820563428464));
#4100=CARTESIAN_POINT('',(-5.28469953445397,14.4065797131065,7.74029240627414));
#4101=CARTESIAN_POINT('',(-5.30770795130501,14.4069564581826,7.74050992014525));
#4102=CARTESIAN_POINT('',(-5.32983450750439,14.4040642929393,7.73884012776349));
#4103=CARTESIAN_POINT('',(-5.35195847130935,14.4011724665483,7.73717053101816));
#4104=CARTESIAN_POINT('',(-5.3738108599919,14.3949328280077,7.73356807402714));
#4105=CARTESIAN_POINT('',(-5.3935828612155,14.3858627692197,7.7283314731443));
#4106=CARTESIAN_POINT('',(-5.41335733919976,14.3767915742611,7.7230942162931));
#4107=CARTESIAN_POINT('',(-5.43159608809746,14.3646393015506,7.71607809837241));
#4108=CARTESIAN_POINT('',(-5.44679089015737,14.3504126520712,7.70786433846583));
#4109=CARTESIAN_POINT('',(-5.46199134481653,14.3361807101538,7.69964752296873));
#4110=CARTESIAN_POINT('',(-5.47456466174671,14.3194806441146,7.69000573534548));
#4111=CARTESIAN_POINT('',(-5.48347192828591,14.30169486358,7.6797371101661));
#4112=CARTESIAN_POINT('',(-5.49238330262849,14.2839008806986,7.66946374935958));
#4113=CARTESIAN_POINT('',(-5.49787097147312,14.2645296551141,7.65827976705383));
#4114=CARTESIAN_POINT('',(-5.4994816277153,14.2451843815017,7.64711076812615));
#4115=CARTESIAN_POINT('',(-5.49982698602899,14.2410363510916,7.64471590165226));
#4116=CARTESIAN_POINT('',(-5.49999999999999,14.2368748623175,7.64231326498833));
#4117=CARTESIAN_POINT('',(-5.49999999999999,14.2327160631451,7.63991218116661));
#4118=CARTESIAN_POINT('',(-5.19999999999999,14.3827872074573,7.72655579673286));
#4119=CARTESIAN_POINT('',(-5.19999999999999,0.,0.));
#4120=CARTESIAN_POINT('',(-5.29999999999999,0.,0.));
#4121=CARTESIAN_POINT('',(-5.2,16.3191369972503,-0.500000000000064));
#4122=CARTESIAN_POINT('',(-5.21756021027117,16.3292801469216,-0.500000000000064));
#4123=CARTESIAN_POINT('',(-5.23689897223657,16.3368052960659,-0.500000000000065));
#4124=CARTESIAN_POINT('',(-5.25669665740532,16.3411980323408,-0.500000000000065));
#4125=CARTESIAN_POINT('',(-5.27854441226739,16.3460456407602,-0.500000000000065));
#4126=CARTESIAN_POINT('',(-5.30153069523858,16.3471873776058,-0.500000000000065));
#4127=CARTESIAN_POINT('',(-5.32375127196651,16.3445284925427,-0.500000000000065));
#4128=CARTESIAN_POINT('',(-5.34596741094891,16.3418701384944,-0.500000000000065));
#4129=CARTESIAN_POINT('',(-5.36803080778021,16.3353394631411,-0.500000000000065));
#4130=CARTESIAN_POINT('',(-5.38811502905143,16.3254780365983,-0.500000000000065));
#4131=CARTESIAN_POINT('',(-5.40820122437523,16.3156156407884,-0.500000000000065));
#4132=CARTESIAN_POINT('',(-5.42686163531378,16.3021500915468,-0.500000000000064));
#4133=CARTESIAN_POINT('',(-5.44255304137982,16.2861969768237,-0.500000000000064));
#4134=CARTESIAN_POINT('',(-5.45825001553014,16.2702382011493,-0.500000000000064));
#4135=CARTESIAN_POINT('',(-5.47140863653942,16.25135031157,-0.500000000000064));
#4136=CARTESIAN_POINT('',(-5.48094157089087,16.231096899977,-0.500000000000064));
#4137=CARTESIAN_POINT('',(-5.49047890216598,16.2108341468002,-0.500000000000064));
#4138=CARTESIAN_POINT('',(-5.49665018472663,16.1886460486907,-0.500000000000064));
#4139=CARTESIAN_POINT('',(-5.49894563944765,16.1663689137363,-0.500000000000064));
#4140=CARTESIAN_POINT('',(-5.49964762254275,16.159556245204,-0.500000000000064));
#4141=CARTESIAN_POINT('',(-5.49999999999999,16.152698505622,-0.500000000000063));
#4142=CARTESIAN_POINT('',(-5.49999999999999,16.1458497661178,-0.500000000000063));
#4143=CARTESIAN_POINT('',(-5.2,16.3191369972503,-0.500000000000064));
#4144=CARTESIAN_POINT('',(-5.49999999999999,16.1458497661178,-0.500000000000063));
#4145=CARTESIAN_POINT('',(-5.19999999999999,0.,0.));
#4146=CARTESIAN_POINT('',(-5.2,14.3827872074572,-7.72655579673296));
#4147=CARTESIAN_POINT('',(-5.2,14.3827872074572,-7.72655579673296));
#4148=CARTESIAN_POINT('',(-5.21931104705836,14.3924472619396,-7.73213303178875));
#4149=CARTESIAN_POINT('',(-5.2408052398824,14.3993632094711,-7.73612595595776));
#4150=CARTESIAN_POINT('',(-5.26271502067056,14.4029653179968,-7.73820563428475));
#4151=CARTESIAN_POINT('',(-5.28469953445397,14.4065797131065,-7.74029240627425));
#4152=CARTESIAN_POINT('',(-5.30770795130501,14.4069564581826,-7.74050992014535));
#4153=CARTESIAN_POINT('',(-5.32983450750439,14.4040642929393,-7.7388401277636));
#4154=CARTESIAN_POINT('',(-5.35195847130935,14.4011724665482,-7.73717053101827));
#4155=CARTESIAN_POINT('',(-5.3738108599919,14.3949328280077,-7.73356807402725));
#4156=CARTESIAN_POINT('',(-5.3935828612155,14.3858627692196,-7.7283314731444));
#4157=CARTESIAN_POINT('',(-5.41335733919975,14.3767915742611,-7.72309421629321));
#4158=CARTESIAN_POINT('',(-5.43159608809746,14.3646393015506,-7.71607809837252));
#4159=CARTESIAN_POINT('',(-5.44679089015737,14.3504126520712,-7.70786433846594));
#4160=CARTESIAN_POINT('',(-5.46199134481653,14.3361807101538,-7.69964752296884));
#4161=CARTESIAN_POINT('',(-5.47456466174671,14.3194806441145,-7.69000573534558));
#4162=CARTESIAN_POINT('',(-5.48347192828591,14.3016948635799,-7.6797371101662));
#4163=CARTESIAN_POINT('',(-5.49238330262849,14.2839008806986,-7.66946374935969));
#4164=CARTESIAN_POINT('',(-5.49787097147312,14.2645296551141,-7.65827976705393));
#4165=CARTESIAN_POINT('',(-5.4994816277153,14.2451843815016,-7.64711076812625));
#4166=CARTESIAN_POINT('',(-5.49982698602899,14.2410363510915,-7.64471590165237));
#4167=CARTESIAN_POINT('',(-5.49999999999999,14.2368748623175,-7.64231326498844));
#4168=CARTESIAN_POINT('',(-5.49999999999999,14.232716063145,-7.63991218116671));
#4169=CARTESIAN_POINT('',(-5.49999999999999,14.232716063145,-7.63991218116671));
#4170=CARTESIAN_POINT('',(-5.49999999999999,0.,0.));
#4171=CARTESIAN_POINT('',(-5.29999999999999,0.,0.));
#4172=CARTESIAN_POINT('',(-5.49999999999999,-6.56169687932939,12.3651923788647));
#4173=CARTESIAN_POINT('',(-5.49999999999999,-6.86270522028652,12.8865541189044));
#4174=CARTESIAN_POINT('',(-5.49999999999999,-0.5,16.1535898384862));
#4175=CARTESIAN_POINT('',(-5.49999999999999,-0.5,14.5914358443575));
#4176=CARTESIAN_POINT('',(-5.49999999999999,0.,0.));
#4177=CARTESIAN_POINT('',(-5.49999999999999,0.,16.1535898384862));
#4178=CARTESIAN_POINT('',(-5.49999999999999,-1.39031806853806E-14,0.500000000000004));
#4179=CARTESIAN_POINT('',(-5.49999999999999,-14.5914358443575,0.500000000000018));
#4180=CARTESIAN_POINT('',(-5.49999999999999,-7.24470958122163,3.60538475772935));
#4181=CARTESIAN_POINT('',(-5.49999999999999,-12.8865541189044,6.86270522028653));
#4182=CARTESIAN_POINT('',(-5.49999999999999,0.,0.));
#4183=CARTESIAN_POINT('',(-5.49999999999999,0.,16.1535898384862));
#4184=CARTESIAN_POINT('',(-5.49999999999999,6.56169687932941,12.3651923788647));
#4185=CARTESIAN_POINT('',(-5.49999999999999,-7.72873062407099,-12.3865541189044));
#4186=CARTESIAN_POINT('',(-5.49999999999999,7.24470958122161,3.60538475772931));
#4187=CARTESIAN_POINT('',(-5.49999999999999,-12.3865541189044,-7.72873062407094));
#4188=CARTESIAN_POINT('',(-5.49999999999999,0.,0.));
#4189=CARTESIAN_POINT('',(-5.49999999999999,0.,16.1535898384862));
#4190=CARTESIAN_POINT('',(-5.49999999999999,-7.42772228311382,11.8651923788647));
#4191=CARTESIAN_POINT('',(-5.49999999999999,6.86270522028649,-12.8865541189044));
#4192=CARTESIAN_POINT('',(-5.49999999999999,0.500000000000038,16.1535898384862));
#4193=CARTESIAN_POINT('',(-5.49999999999999,0.499999999999966,-14.5914358443575));
#4194=CARTESIAN_POINT('',(-5.49999999999999,0.,0.));
#4195=CARTESIAN_POINT('',(-5.49999999999999,0.,16.1535898384862));
#4196=CARTESIAN_POINT('',(-5.49999999999999,-1.39031806853806E-14,0.500000000000004));
#4197=CARTESIAN_POINT('',(-5.49999999999999,14.5914358443575,0.499999999999992));
#4198=CARTESIAN_POINT('',(-5.49999999999999,0.,0.));
#4199=CARTESIAN_POINT('',(-5.49999999999999,12.8865541189045,6.86270522028647));
#4200=CARTESIAN_POINT('',(-5.49999999999999,7.24470958122158,3.60538475772927));
#4201=CARTESIAN_POINT('',(-5.49999999999999,0.,16.1535898384862));
#4202=CARTESIAN_POINT('',(-5.49999999999999,-6.10143563084582E-14,-0.500000000000004));
#4203=CARTESIAN_POINT('',(-5.49999999999999,14.5914358443575,-0.500000000000058));
#4204=CARTESIAN_POINT('',(-5.49999999999999,-6.74470958122164,4.47141016151382));
#4205=CARTESIAN_POINT('',(-5.49999999999999,12.8865541189044,-6.86270522028656));
#4206=CARTESIAN_POINT('',(-5.49999999999999,0.,0.));
#4207=CARTESIAN_POINT('',(-5.49999999999999,0.,16.1535898384862));
#4208=CARTESIAN_POINT('',(8.08890576642647E-33,-6.86270522028652,12.8865541189044));
#4209=CARTESIAN_POINT('',(-9.1,-6.86270522028652,12.8865541189044));
#4210=CARTESIAN_POINT('',(0.,-0.5,14.5914358443575));
#4211=CARTESIAN_POINT('',(-9.1,-0.5,14.5914358443575));
#4212=CARTESIAN_POINT('',(-9.1,0.,0.));
#4213=CARTESIAN_POINT('',(0.,0.,0.));
#4214=CARTESIAN_POINT('',(8.08890576642646E-33,-14.5914358443575,0.500000000000018));
#4215=CARTESIAN_POINT('',(-9.1,-14.5914358443575,0.500000000000017));
#4216=CARTESIAN_POINT('',(0.,-12.8865541189044,6.86270522028653));
#4217=CARTESIAN_POINT('',(-9.1,-12.8865541189044,6.86270522028653));
#4218=CARTESIAN_POINT('',(-9.1,0.,0.));
#4219=CARTESIAN_POINT('',(0.,0.,0.));
#4220=CARTESIAN_POINT('',(8.08890576642646E-33,-7.72873062407099,-12.3865541189044));
#4221=CARTESIAN_POINT('',(-9.1,-7.72873062407099,-12.3865541189044));
#4222=CARTESIAN_POINT('',(0.,-12.3865541189044,-7.72873062407094));
#4223=CARTESIAN_POINT('',(-9.1,-12.3865541189044,-7.72873062407095));
#4224=CARTESIAN_POINT('',(-9.1,0.,0.));
#4225=CARTESIAN_POINT('',(0.,0.,0.));
#4226=CARTESIAN_POINT('',(8.08890576642647E-33,6.86270522028649,-12.8865541189044));
#4227=CARTESIAN_POINT('',(-9.1,6.86270522028649,-12.8865541189044));
#4228=CARTESIAN_POINT('',(0.,0.499999999999966,-14.5914358443575));
#4229=CARTESIAN_POINT('',(-9.1,0.499999999999966,-14.5914358443575));
#4230=CARTESIAN_POINT('',(-9.1,0.,0.));
#4231=CARTESIAN_POINT('',(0.,0.,0.));
#4232=CARTESIAN_POINT('',(8.08890576642646E-33,14.5914358443575,0.499999999999992));
#4233=CARTESIAN_POINT('',(-9.1,14.5914358443575,0.499999999999991));
#4234=CARTESIAN_POINT('',(-9.1,0.,0.));
#4235=CARTESIAN_POINT('',(-9.1,12.8865541189045,6.86270522028647));
#4236=CARTESIAN_POINT('',(0.,12.8865541189045,6.86270522028647));
#4237=CARTESIAN_POINT('',(0.,0.,0.));
#4238=CARTESIAN_POINT('',(8.08890576642647E-33,14.5914358443575,-0.500000000000058));
#4239=CARTESIAN_POINT('',(-9.1,14.5914358443575,-0.500000000000057));
#4240=CARTESIAN_POINT('',(0.,12.8865541189044,-6.86270522028656));
#4241=CARTESIAN_POINT('',(-9.1,12.8865541189044,-6.86270522028657));
#4242=CARTESIAN_POINT('',(-9.1,0.,0.));
#4243=CARTESIAN_POINT('',(0.,0.,0.));
#4244=CARTESIAN_POINT('',(-9.1,-5.88897274573419,11.2));
#4245=CARTESIAN_POINT('',(-9.1,-7.69827086927724,14.3337962760156));
#4246=CARTESIAN_POINT('',(-9.1,-0.5,14.6));
#4247=CARTESIAN_POINT('',(-9.09999999999925,-0.5,16.2625671423388));
#4248=CARTESIAN_POINT('',(-9.1,0.,0.));
#4249=CARTESIAN_POINT('',(-9.1,0.,14.6));
#4250=CARTESIAN_POINT('',(-9.1,-1.25233157177718E-14,0.500000000000004));
#4251=CARTESIAN_POINT('',(-9.09999999997859,-16.262567142342,0.500000000000019));
#4252=CARTESIAN_POINT('',(-9.1,-6.57198544762642,3.21698729810779));
#4253=CARTESIAN_POINT('',(-9.1,-14.3337962760156,7.69827086927725));
#4254=CARTESIAN_POINT('',(-9.1,0.,0.));
#4255=CARTESIAN_POINT('',(-9.1,0.,14.6));
#4256=CARTESIAN_POINT('',(-9.1,5.8889727457342,11.2));
#4257=CARTESIAN_POINT('',(-9.1,-8.56429627306171,-13.8337962760156));
#4258=CARTESIAN_POINT('',(-9.1,6.5719854476264,3.21698729810776));
#4259=CARTESIAN_POINT('',(-9.1,-13.8337962760156,-8.56429627306166));
#4260=CARTESIAN_POINT('',(-9.1,0.,0.));
#4261=CARTESIAN_POINT('',(-9.1,0.,14.6));
#4262=CARTESIAN_POINT('',(-9.1,-6.75499814951862,10.7));
#4263=CARTESIAN_POINT('',(-9.1,7.6982708692772,-14.3337962760156));
#4264=CARTESIAN_POINT('',(-9.1,0.500000000000034,14.6));
#4265=CARTESIAN_POINT('',(-9.09999999996245,0.499999999999962,-16.2625671423447));
#4266=CARTESIAN_POINT('',(-9.1,0.,0.));
#4267=CARTESIAN_POINT('',(-9.1,0.,14.6));
#4268=CARTESIAN_POINT('',(-9.1,-1.25233157177718E-14,0.500000000000004));
#4269=CARTESIAN_POINT('',(-9.09999999999937,16.262567142339,0.49999999999999));
#4270=CARTESIAN_POINT('',(-9.1,0.,0.));
#4271=CARTESIAN_POINT('',(-9.1,14.3337962760156,7.69827086927718));
#4272=CARTESIAN_POINT('',(-9.1,6.57198544762638,3.21698729810773));
#4273=CARTESIAN_POINT('',(-9.1,0.,14.6));
#4274=CARTESIAN_POINT('',(-9.1,-5.53224133170716E-14,-0.500000000000004));
#4275=CARTESIAN_POINT('',(-9.09999999999829,16.2625671423387,-0.500000000000064));
#4276=CARTESIAN_POINT('',(-9.1,-6.07198544762643,4.08301270189226));
#4277=CARTESIAN_POINT('',(-9.1,14.3337962760156,-7.69827086927729));
#4278=CARTESIAN_POINT('',(-9.1,0.,0.));
#4279=CARTESIAN_POINT('',(-9.1,0.,14.6));
#4280=CARTESIAN_POINT('',(-9.1,-7.69827086927724,14.3337962760156));
#4281=CARTESIAN_POINT('',(-9.1,-7.70864657953538,14.3517675333473));
#4282=CARTESIAN_POINT('',(-9.10330503982448,-7.71914544326478,14.3699520987484));
#4283=CARTESIAN_POINT('',(-9.10968008736145,-7.72901940172056,14.3870542964656));
#4284=CARTESIAN_POINT('',(-9.11656314212706,-7.73968018446931,14.4055193138349));
#4285=CARTESIAN_POINT('',(-9.12722281512526,-7.74989387580132,14.4232099461548));
#4286=CARTESIAN_POINT('',(-9.14077713866053,-7.75881388016892,14.4386598469232));
#4287=CARTESIAN_POINT('',(-9.15432780541159,-7.76773147803272,14.4541055795048));
#4288=CARTESIAN_POINT('',(-9.17114565410743,-7.77560215399763,14.4677379901659));
#4289=CARTESIAN_POINT('',(-9.18983790543517,-7.78177294236584,14.4784261091424));
#4290=CARTESIAN_POINT('',(-9.20852194380597,-7.78794101942773,14.4891095319986));
#4291=CARTESIAN_POINT('',(-9.22959441633049,-7.79258088313159,14.4971460116739));
#4292=CARTESIAN_POINT('',(-9.2513093403782,-7.79530742223865,14.5018685159361));
#4293=CARTESIAN_POINT('',(-9.27301518271729,-7.79803282104084,14.5065890451324));
#4294=CARTESIAN_POINT('',(-9.29596178417628,-7.79892168302325,14.5081285992469));
#4295=CARTESIAN_POINT('',(-9.31824813482815,-7.7979002427661,14.5063594128246));
#4296=CARTESIAN_POINT('',(-9.32145165142116,-7.79775341743504,14.5061051038913));
#4297=CARTESIAN_POINT('',(-9.32464900856846,-7.79756786363202,14.505783715277));
#4298=CARTESIAN_POINT('',(-9.32783462019201,-7.7973439061266,14.5053958094989));
#4299=CARTESIAN_POINT('',(-9.32783462019201,-7.7973439061266,14.5053958094989));
#4300=CARTESIAN_POINT('',(-9.09999999999925,-0.5,16.2625671423388));
#4301=CARTESIAN_POINT('',(-9.09999999999924,-0.5,16.2782250434297));
#4302=CARTESIAN_POINT('',(-9.10186239080334,-0.5,16.2939896034441));
#4303=CARTESIAN_POINT('',(-9.10551119883007,-0.5,16.309216424076));
#4304=CARTESIAN_POINT('',(-9.11073243135261,-0.5,16.3310051206902));
#4305=CARTESIAN_POINT('',(-9.11978782917095,-0.5,16.3521930199715));
#4306=CARTESIAN_POINT('',(-9.13192833902142,-0.5,16.3710242862532));
#4307=CARTESIAN_POINT('',(-9.14406629842266,-0.5,16.3898515965075));
#4308=CARTESIAN_POINT('',(-9.15962317779192,-0.5,16.4068427715463));
#4309=CARTESIAN_POINT('',(-9.17731086324966,-0.5,16.4205884418823));
#4310=CARTESIAN_POINT('',(-9.19499118731001,-0.5,16.4343283914393));
#4311=CARTESIAN_POINT('',(-9.21528855590353,-0.5,16.4452046444312));
#4312=CARTESIAN_POINT('',(-9.23652130882938,-0.5,16.4523145161527));
#4313=CARTESIAN_POINT('',(-9.25774470762951,-0.5,16.4594212556079));
#4314=CARTESIAN_POINT('',(-9.28048825764076,-0.5,16.4629609884193));
#4315=CARTESIAN_POINT('',(-9.30286760804962,-0.5,16.462639931428));
#4316=CARTESIAN_POINT('',(-9.3112138307295,-0.5,16.4625201954619));
#4317=CARTESIAN_POINT('',(-9.31956884576537,-0.5,16.46187543067));
#4318=CARTESIAN_POINT('',(-9.32783462019201,-0.5,16.4607132160377));
#4319=CARTESIAN_POINT('',(-9.32783462019201,-0.5,16.4607132160377));
#4320=CARTESIAN_POINT('',(-9.32783462019201,0.,0.));
#4321=CARTESIAN_POINT('',(-9.3,0.,0.));
#4322=CARTESIAN_POINT('',(-9.09999999997859,-16.262567142342,0.500000000000019));
#4323=CARTESIAN_POINT('',(-9.09999999997874,-16.2721108314562,0.500000000000019));
#4324=CARTESIAN_POINT('',(-9.10068596118652,-16.2816788298865,0.500000000000019));
#4325=CARTESIAN_POINT('',(-9.10204742293099,-16.2911249096991,0.500000000000019));
#4326=CARTESIAN_POINT('',(-9.10524372104712,-16.3133014322731,0.500000000000019));
#4327=CARTESIAN_POINT('',(-9.11231298576782,-16.3352321038131,0.500000000000019));
#4328=CARTESIAN_POINT('',(-9.12267062227631,-16.3551000136448,0.500000000000019));
#4329=CARTESIAN_POINT('',(-9.13302689120932,-16.3749653002075,0.500000000000019));
#4330=CARTESIAN_POINT('',(-9.14695658833298,-16.3933165067028,0.500000000000019));
#4331=CARTESIAN_POINT('',(-9.16330661440356,-16.4086318115945,0.500000000000019));
#4332=CARTESIAN_POINT('',(-9.17965049839053,-16.4239413631079,0.500000000000019));
#4333=CARTESIAN_POINT('',(-9.19886405102305,-16.4366397237871,0.500000000000019));
#4334=CARTESIAN_POINT('',(-9.21935558855708,-16.4456730952957,0.500000000000019));
#4335=CARTESIAN_POINT('',(-9.23217910118913,-16.4513261388245,0.500000000000019));
#4336=CARTESIAN_POINT('',(-9.24567382447026,-16.4556470549789,0.500000000000019));
#4337=CARTESIAN_POINT('',(-9.25939596659432,-16.4584934900985,0.500000000000019));
#4338=CARTESIAN_POINT('',(-9.28130478508266,-16.4630381180298,0.500000000000019));
#4339=CARTESIAN_POINT('',(-9.30430040221757,-16.4638628147277,0.500000000000019));
#4340=CARTESIAN_POINT('',(-9.32647847146534,-16.4608991657893,0.500000000000019));
#4341=CARTESIAN_POINT('',(-9.32693073059674,-16.4608387305333,0.500000000000019));
#4342=CARTESIAN_POINT('',(-9.32738278547058,-16.4607767465549,0.500000000000019));
#4343=CARTESIAN_POINT('',(-9.32783462019201,-16.4607132160377,0.500000000000019));
#4344=CARTESIAN_POINT('',(-9.32783462019201,-16.4607132160377,0.500000000000019));
#4345=CARTESIAN_POINT('',(-9.1,-14.3337962760156,7.69827086927725));
#4346=CARTESIAN_POINT('',(-9.1,-14.3517675333473,7.70864657953541));
#4347=CARTESIAN_POINT('',(-9.10330503982448,-14.3699520987484,7.71914544326482));
#4348=CARTESIAN_POINT('',(-9.10968008736146,-14.3870542964657,7.7290194017206));
#4349=CARTESIAN_POINT('',(-9.11656314212708,-14.4055193138349,7.73968018446935));
#4350=CARTESIAN_POINT('',(-9.12722281512529,-14.4232099461548,7.74989387580135));
#4351=CARTESIAN_POINT('',(-9.14077713866056,-14.4386598469232,7.75881388016895));
#4352=CARTESIAN_POINT('',(-9.15432780541162,-14.4541055795048,7.76773147803276));
#4353=CARTESIAN_POINT('',(-9.17114565410746,-14.4677379901659,7.77560215399766));
#4354=CARTESIAN_POINT('',(-9.18983790543521,-14.4784261091424,7.78177294236587));
#4355=CARTESIAN_POINT('',(-9.20852194380601,-14.4891095319986,7.78794101942776));
#4356=CARTESIAN_POINT('',(-9.22959441633053,-14.4971460116739,7.79258088313161));
#4357=CARTESIAN_POINT('',(-9.25130934037824,-14.5018685159361,7.79530742223867));
#4358=CARTESIAN_POINT('',(-9.27301518271734,-14.5065890451324,7.79803282104086));
#4359=CARTESIAN_POINT('',(-9.29596178417633,-14.5081285992469,7.79892168302327));
#4360=CARTESIAN_POINT('',(-9.3182481348282,-14.5063594128246,7.79790024276612));
#4361=CARTESIAN_POINT('',(-9.32145165142119,-14.5061051038913,7.79775341743506));
#4362=CARTESIAN_POINT('',(-9.32464900856848,-14.505783715277,7.79756786363204));
#4363=CARTESIAN_POINT('',(-9.32783462019201,-14.5053958094988,7.79734390612662));
#4364=CARTESIAN_POINT('',(-9.32783462019201,-14.5053958094988,7.79734390612662));
#4365=CARTESIAN_POINT('',(-9.32783462019201,0.,0.));
#4366=CARTESIAN_POINT('',(-9.3,0.,0.));
#4367=CARTESIAN_POINT('',(-9.1,-8.56429627306171,-13.8337962760156));
#4368=CARTESIAN_POINT('',(-9.1,-8.57467198331984,-13.8517675333473));
#4369=CARTESIAN_POINT('',(-9.10330503982447,-8.58517084704923,-13.8699520987483));
#4370=CARTESIAN_POINT('',(-9.10968008736142,-8.595044805505,-13.8870542964655));
#4371=CARTESIAN_POINT('',(-9.11656314212703,-8.60570558825375,-13.9055193138348));
#4372=CARTESIAN_POINT('',(-9.12722281512523,-8.61591927958576,-13.9232099461547));
#4373=CARTESIAN_POINT('',(-9.14077713866049,-8.62483928395336,-13.9386598469231));
#4374=CARTESIAN_POINT('',(-9.15432780541154,-8.63375688181717,-13.9541055795047));
#4375=CARTESIAN_POINT('',(-9.17114565410737,-8.64162755778208,-13.9677379901658));
#4376=CARTESIAN_POINT('',(-9.18983790543511,-8.64779834615029,-13.9784261091423));
#4377=CARTESIAN_POINT('',(-9.20852194380591,-8.65396642321218,-13.9891095319985));
#4378=CARTESIAN_POINT('',(-9.22959441633042,-8.65860628691605,-13.9971460116738));
#4379=CARTESIAN_POINT('',(-9.25130934037812,-8.66133282602311,-14.0018685159361));
#4380=CARTESIAN_POINT('',(-9.27301518271722,-8.66405822482531,-14.0065890451324));
#4381=CARTESIAN_POINT('',(-9.29596178417621,-8.66494708680773,-14.0081285992468));
#4382=CARTESIAN_POINT('',(-9.31824813482808,-8.66392564655057,-14.0063594128246));
#4383=CARTESIAN_POINT('',(-9.32145165142111,-8.66377882121951,-14.0061051038913));
#4384=CARTESIAN_POINT('',(-9.32464900856844,-8.6635932674165,-14.005783715277));
#4385=CARTESIAN_POINT('',(-9.32783462019201,-8.66336930991107,-14.0053958094988));
#4386=CARTESIAN_POINT('',(-9.32783462019201,-8.66336930991107,-14.0053958094988));
#4387=CARTESIAN_POINT('',(-9.1,-13.8337962760156,-8.56429627306166));
#4388=CARTESIAN_POINT('',(-9.1,-13.8517675333473,-8.5746719833198));
#4389=CARTESIAN_POINT('',(-9.10330503982447,-13.8699520987484,-8.58517084704918));
#4390=CARTESIAN_POINT('',(-9.10968008736142,-13.8870542964656,-8.59504480550495));
#4391=CARTESIAN_POINT('',(-9.11656314212704,-13.9055193138349,-8.6057055882537));
#4392=CARTESIAN_POINT('',(-9.12722281512523,-13.9232099461547,-8.61591927958571));
#4393=CARTESIAN_POINT('',(-9.14077713866049,-13.9386598469232,-8.62483928395331));
#4394=CARTESIAN_POINT('',(-9.15432780541154,-13.9541055795047,-8.63375688181712));
#4395=CARTESIAN_POINT('',(-9.17114565410737,-13.9677379901659,-8.64162755778203));
#4396=CARTESIAN_POINT('',(-9.18983790543511,-13.9784261091424,-8.64779834615024));
#4397=CARTESIAN_POINT('',(-9.20852194380591,-13.9891095319986,-8.65396642321213));
#4398=CARTESIAN_POINT('',(-9.22959441633042,-13.9971460116739,-8.658606286916));
#4399=CARTESIAN_POINT('',(-9.25130934037813,-14.0018685159361,-8.66133282602307));
#4400=CARTESIAN_POINT('',(-9.27301518271722,-14.0065890451324,-8.66405822482526));
#4401=CARTESIAN_POINT('',(-9.29596178417621,-14.0081285992469,-8.66494708680768));
#4402=CARTESIAN_POINT('',(-9.31824813482808,-14.0063594128246,-8.66392564655052));
#4403=CARTESIAN_POINT('',(-9.32145165142111,-14.0061051038914,-8.66377882121946));
#4404=CARTESIAN_POINT('',(-9.32464900856844,-14.005783715277,-8.66359326741645));
#4405=CARTESIAN_POINT('',(-9.32783462019201,-14.0053958094989,-8.66336930991102));
#4406=CARTESIAN_POINT('',(-9.32783462019201,-14.0053958094989,-8.66336930991102));
#4407=CARTESIAN_POINT('',(-9.32783462019201,0.,0.));
#4408=CARTESIAN_POINT('',(-9.3,0.,0.));
#4409=CARTESIAN_POINT('',(-9.1,7.6982708692772,-14.3337962760156));
#4410=CARTESIAN_POINT('',(-9.1,7.70864657953627,-14.3517675333489));
#4411=CARTESIAN_POINT('',(-9.10330503982508,7.71914544326662,-14.3699520987517));
#4412=CARTESIAN_POINT('',(-9.10968008736316,7.72901940172318,-14.3870542964702));
#4413=CARTESIAN_POINT('',(-9.11656314212937,7.73968018447183,-14.4055193138394));
#4414=CARTESIAN_POINT('',(-9.12722281512814,7.74989387580369,-14.423209946159));
#4415=CARTESIAN_POINT('',(-9.1407771386639,7.7588138801711,-14.4386598469271));
#4416=CARTESIAN_POINT('',(-9.15432780541546,7.76773147803472,-14.4541055795083));
#4417=CARTESIAN_POINT('',(-9.17114565411173,7.77560215399939,-14.467737990169));
#4418=CARTESIAN_POINT('',(-9.18983790543982,7.78177294236734,-14.4784261091451));
#4419=CARTESIAN_POINT('',(-9.20852194381096,7.78794101942897,-14.4891095320008));
#4420=CARTESIAN_POINT('',(-9.22959441633573,7.79258088313254,-14.4971460116756));
#4421=CARTESIAN_POINT('',(-9.2513093403836,7.7953074222393,-14.5018685159373));
#4422=CARTESIAN_POINT('',(-9.27301518272284,7.79803282104119,-14.5065890451331));
#4423=CARTESIAN_POINT('',(-9.29596178418188,7.79892168302328,-14.508128599247));
#4424=CARTESIAN_POINT('',(-9.31824813483369,7.79790024276581,-14.5063594128242));
#4425=CARTESIAN_POINT('',(-9.32145165142485,7.79775341743479,-14.506105103891));
#4426=CARTESIAN_POINT('',(-9.3246490085703,7.79756786363186,-14.5057837152768));
#4427=CARTESIAN_POINT('',(-9.32783462019201,7.79734390612657,-14.5053958094989));
#4428=CARTESIAN_POINT('',(-9.32783462019201,7.79734390612657,-14.5053958094989));
#4429=CARTESIAN_POINT('',(-9.09999999996245,0.499999999999962,-16.2625671423447));
#4430=CARTESIAN_POINT('',(-9.09999999996275,0.499999999999962,-16.272668044929));
#4431=CARTESIAN_POINT('',(-9.1007688706829,0.499999999999962,-16.2827977549809));
#4432=CARTESIAN_POINT('',(-9.10229348368064,0.499999999999962,-16.2927829334081));
#4433=CARTESIAN_POINT('',(-9.10567536020764,0.499999999999962,-16.3149319250481));
#4434=CARTESIAN_POINT('',(-9.11292803055196,0.499999999999962,-16.3368026484673));
#4435=CARTESIAN_POINT('',(-9.12345171749764,0.499999999999962,-16.3565831169295));
#4436=CARTESIAN_POINT('',(-9.13397393769032,0.499999999999962,-16.3763608284623));
#4437=CARTESIAN_POINT('',(-9.14805676836213,0.499999999999962,-16.3945945896853));
#4438=CARTESIAN_POINT('',(-9.1645344066777,0.499999999999962,-16.4097722847277));
#4439=CARTESIAN_POINT('',(-9.18100578516853,0.499999999999962,-16.4249442137914));
#4440=CARTESIAN_POINT('',(-9.20032482634372,0.499999999999962,-16.4374810299473));
#4441=CARTESIAN_POINT('',(-9.22089108810085,0.499999999999962,-16.4463423288498));
#4442=CARTESIAN_POINT('',(-9.23376113193908,0.499999999999962,-16.4518875906328));
#4443=CARTESIAN_POINT('',(-9.24729116863563,0.499999999999961,-16.4560952153196));
#4444=CARTESIAN_POINT('',(-9.26103626110472,0.499999999999961,-16.4588265867069));
#4445=CARTESIAN_POINT('',(-9.28288407207656,0.499999999999961,-16.4631680988428));
#4446=CARTESIAN_POINT('',(-9.305776597242,0.499999999999961,-16.463814698816));
#4447=CARTESIAN_POINT('',(-9.32783462019201,0.499999999999961,-16.4607132160377));
#4448=CARTESIAN_POINT('',(-9.32783462019201,0.499999999999961,-16.4607132160377));
#4449=CARTESIAN_POINT('',(-9.32783462019201,0.,0.));
#4450=CARTESIAN_POINT('',(-9.3,0.,0.));
#4451=CARTESIAN_POINT('',(-9.09999999999937,16.262567142339,0.49999999999999));
#4452=CARTESIAN_POINT('',(-9.09999999999937,16.2692617081238,0.49999999999999));
#4453=CARTESIAN_POINT('',(-9.1003366563764,16.2759646807148,0.49999999999999));
#4454=CARTESIAN_POINT('',(-9.10100743850287,16.2826255562118,0.49999999999999));
#4455=CARTESIAN_POINT('',(-9.10325137351972,16.3049078609732,0.49999999999999));
#4456=CARTESIAN_POINT('',(-9.10937135594739,16.3271100890006,0.49999999999999));
#4457=CARTESIAN_POINT('',(-9.11886182636216,16.3473947462851,0.49999999999999));
#4458=CARTESIAN_POINT('',(-9.12834798293953,16.3676701832981,0.49999999999999));
#4459=CARTESIAN_POINT('',(-9.1414630187175,16.3865884568977,0.49999999999999));
#4460=CARTESIAN_POINT('',(-9.15712317309853,16.402583458537,0.49999999999999));
#4461=CARTESIAN_POINT('',(-9.17277783007318,16.4185728452238,0.49999999999999));
#4462=CARTESIAN_POINT('',(-9.19140726295707,16.4320814896001,0.49999999999999));
#4463=CARTESIAN_POINT('',(-9.21147079422794,16.4419902475724,0.49999999999999));
#4464=CARTESIAN_POINT('',(-9.23153234101875,16.4518980254714,0.49999999999999));
#4465=CARTESIAN_POINT('',(-9.25358075109938,16.4584796039002,0.49999999999999));
#4466=CARTESIAN_POINT('',(-9.27579083396602,16.4611892056407,0.49999999999999));
#4467=CARTESIAN_POINT('',(-9.29301180580809,16.4632901422088,0.49999999999999));
#4468=CARTESIAN_POINT('',(-9.31065495532349,16.4631287740796,0.49999999999999));
#4469=CARTESIAN_POINT('',(-9.32783462019201,16.4607132160377,0.49999999999999));
#4470=CARTESIAN_POINT('',(-9.32783462019201,16.4607132160377,0.49999999999999));
#4471=CARTESIAN_POINT('',(-9.32783462019201,0.,0.));
#4472=CARTESIAN_POINT('',(-9.32783462019201,14.5053958094989,7.79734390612654));
#4473=CARTESIAN_POINT('',(-9.1,14.3337962760156,7.69827086927718));
#4474=CARTESIAN_POINT('',(-9.1,14.3517675333474,7.70864657953534));
#4475=CARTESIAN_POINT('',(-9.10330503982448,14.3699520987485,7.71914544326474));
#4476=CARTESIAN_POINT('',(-9.10968008736146,14.3870542964657,7.72901940172053));
#4477=CARTESIAN_POINT('',(-9.11656314212708,14.405519313835,7.73968018446927));
#4478=CARTESIAN_POINT('',(-9.12722281512529,14.4232099461548,7.74989387580128));
#4479=CARTESIAN_POINT('',(-9.14077713866056,14.4386598469233,7.75881388016888));
#4480=CARTESIAN_POINT('',(-9.15432780541162,14.4541055795048,7.76773147803268));
#4481=CARTESIAN_POINT('',(-9.17114565410746,14.467737990166,7.77560215399759));
#4482=CARTESIAN_POINT('',(-9.18983790543521,14.4784261091425,7.7817729423658));
#4483=CARTESIAN_POINT('',(-9.20852194380601,14.4891095319986,7.78794101942768));
#4484=CARTESIAN_POINT('',(-9.22959441633053,14.4971460116739,7.79258088313154));
#4485=CARTESIAN_POINT('',(-9.25130934037824,14.5018685159362,7.7953074222386));
#4486=CARTESIAN_POINT('',(-9.27301518271734,14.5065890451325,7.79803282104079));
#4487=CARTESIAN_POINT('',(-9.29596178417633,14.5081285992469,7.7989216830232));
#4488=CARTESIAN_POINT('',(-9.3182481348282,14.5063594128246,7.79790024276604));
#4489=CARTESIAN_POINT('',(-9.32145165142119,14.5061051038914,7.79775341743498));
#4490=CARTESIAN_POINT('',(-9.32464900856848,14.505783715277,7.79756786363196));
#4491=CARTESIAN_POINT('',(-9.32783462019201,14.5053958094989,7.79734390612654));
#4492=CARTESIAN_POINT('',(-9.3,0.,0.));
#4493=CARTESIAN_POINT('',(-9.09999999999829,16.2625671423387,-0.500000000000064));
#4494=CARTESIAN_POINT('',(-9.09999999999827,16.2776409546847,-0.500000000000064));
#4495=CARTESIAN_POINT('',(-9.10172431028468,16.2928100022488,-0.500000000000064));
#4496=CARTESIAN_POINT('',(-9.10510769249086,16.3074992004396,-0.500000000000064));
#4497=CARTESIAN_POINT('',(-9.11013672229201,16.32933309651,-0.500000000000065));
#4498=CARTESIAN_POINT('',(-9.119005048578,16.3506000037494,-0.500000000000065));
#4499=CARTESIAN_POINT('',(-9.13097911257019,16.3695375841087,-0.500000000000065));
#4500=CARTESIAN_POINT('',(-9.14295074714622,16.3884713222251,-0.500000000000065));
#4501=CARTESIAN_POINT('',(-9.15835737260214,16.4055991223088,-0.500000000000065));
#4502=CARTESIAN_POINT('',(-9.17592334472969,16.4195003127863,-0.500000000000065));
#4503=CARTESIAN_POINT('',(-9.19348206389684,16.4333957634857,-0.500000000000065));
#4504=CARTESIAN_POINT('',(-9.21368300590845,16.4444506677984,-0.500000000000065));
#4505=CARTESIAN_POINT('',(-9.23485251455203,16.4517475214161,-0.500000000000065));
#4506=CARTESIAN_POINT('',(-9.25601265641833,16.4590411464278,-0.500000000000065));
#4507=CARTESIAN_POINT('',(-9.27872435982663,16.4627812583664,-0.500000000000065));
#4508=CARTESIAN_POINT('',(-9.30110589772865,16.4626574409469,-0.500000000000065));
#4509=CARTESIAN_POINT('',(-9.31003887431035,16.4626080226221,-0.500000000000065));
#4510=CARTESIAN_POINT('',(-9.31898852240631,16.4619570274164,-0.500000000000065));
#4511=CARTESIAN_POINT('',(-9.32783462019201,16.4607132160376,-0.500000000000065));
#4512=CARTESIAN_POINT('',(-9.32783462019201,16.4607132160376,-0.500000000000065));
#4513=CARTESIAN_POINT('',(-9.1,14.3337962760156,-7.69827086927729));
#4514=CARTESIAN_POINT('',(-9.1,14.3517675333473,-7.70864657953543));
#4515=CARTESIAN_POINT('',(-9.10330503982447,14.3699520987484,-7.71914544326482));
#4516=CARTESIAN_POINT('',(-9.10968008736144,14.3870542964656,-7.7290194017206));
#4517=CARTESIAN_POINT('',(-9.11656314212705,14.4055193138349,-7.73968018446935));
#4518=CARTESIAN_POINT('',(-9.12722281512525,14.4232099461547,-7.74989387580136));
#4519=CARTESIAN_POINT('',(-9.14077713866051,14.4386598469232,-7.75881388016896));
#4520=CARTESIAN_POINT('',(-9.15432780541157,14.4541055795047,-7.76773147803276));
#4521=CARTESIAN_POINT('',(-9.17114565410741,14.4677379901659,-7.77560215399767));
#4522=CARTESIAN_POINT('',(-9.18983790543514,14.4784261091424,-7.78177294236588));
#4523=CARTESIAN_POINT('',(-9.20852194380594,14.4891095319986,-7.78794101942777));
#4524=CARTESIAN_POINT('',(-9.22959441633045,14.4971460116738,-7.79258088313164));
#4525=CARTESIAN_POINT('',(-9.25130934037816,14.5018685159361,-7.7953074222387));
#4526=CARTESIAN_POINT('',(-9.27301518271726,14.5065890451324,-7.79803282104089));
#4527=CARTESIAN_POINT('',(-9.29596178417625,14.5081285992468,-7.7989216830233));
#4528=CARTESIAN_POINT('',(-9.31824813482812,14.5063594128246,-7.79790024276615));
#4529=CARTESIAN_POINT('',(-9.32145165142114,14.5061051038913,-7.79775341743509));
#4530=CARTESIAN_POINT('',(-9.32464900856845,14.505783715277,-7.79756786363208));
#4531=CARTESIAN_POINT('',(-9.32783462019201,14.5053958094988,-7.79734390612665));
#4532=CARTESIAN_POINT('',(-9.32783462019201,14.5053958094988,-7.79734390612665));
#4533=CARTESIAN_POINT('',(-9.32783462019201,0.,0.));
#4534=CARTESIAN_POINT('',(-9.3,0.,0.));
#4535=CARTESIAN_POINT('',(-0.722923499196662,13.7328543516438,0.499999999999944));
#4536=CARTESIAN_POINT('',(-2.21524315306646,14.595016386748,0.499999999999943));
#4537=CARTESIAN_POINT('',(-3.7076081966944,15.4570998579337,0.499999999999991));
#4538=CARTESIAN_POINT('',(-5.19999999996152,16.3191369972973,0.49999999999999));
#4539=CARTESIAN_POINT('',(-0.722923499196662,13.7328543516438,0.499999999999944));
#4540=CARTESIAN_POINT('',(2.18184737258426E-15,11.7812919747339,6.22458182382453));
#4541=CARTESIAN_POINT('',(-1.73327711090626,12.648541332015,6.72528847370526));
#4542=CARTESIAN_POINT('',(-3.46662079473875,13.5156909018637,7.22593751128511));
#4543=CARTESIAN_POINT('',(-5.19999999999999,14.3827872074573,7.72655579673286));
#4544=CARTESIAN_POINT('',(2.18184737258426E-15,11.7812919747339,6.22458182382453));
#4545=CARTESIAN_POINT('',(6.7331941413751E-15,0.,0.));
#4546=CARTESIAN_POINT('',(2.18184737258426E-15,11.7812919747339,-6.22458182382462));
#4547=CARTESIAN_POINT('',(2.18184737258426E-15,11.7812919747339,-6.22458182382462));
#4548=CARTESIAN_POINT('',(-1.73327711090626,12.6485413320149,-6.72528847370535));
#4549=CARTESIAN_POINT('',(-3.46662079473875,13.5156909018637,-7.22593751128521));
#4550=CARTESIAN_POINT('',(-5.2,14.3827872074572,-7.72655579673296));
#4551=CARTESIAN_POINT('',(-0.72292349919667,13.7328543516438,-0.500000000000056));
#4552=CARTESIAN_POINT('',(-1.77265517551857,14.3393187884178,-0.500000000000058));
#4553=CARTESIAN_POINT('',(-2.82240957417873,14.9457438957516,-0.50000000000006));
#4554=CARTESIAN_POINT('',(-3.87217955525555,15.5521420258404,-0.500000000000062));
#4555=CARTESIAN_POINT('',(-4.31478368311169,15.8078116680855,-0.500000000000063));
#4556=CARTESIAN_POINT('',(-4.75739062433266,16.0634764400022,-0.500000000000063));
#4557=CARTESIAN_POINT('',(-5.2,16.3191369972503,-0.500000000000064));
#4558=CARTESIAN_POINT('',(-0.72292349919667,13.7328543516438,-0.500000000000056));
#4559=CARTESIAN_POINT('',(-33.2230859387037,-18.7673080878632,7.66126631362275E-14));
#4560=CARTESIAN_POINT('',(6.7331941413751E-15,0.,0.));
#4561=CARTESIAN_POINT('',(-9.32783462019201,-7.7973439061266,14.5053958094989));
#4562=CARTESIAN_POINT('',(-19.2649777855808,-7.09873464130058,13.2953690681819));
#4563=CARTESIAN_POINT('',(-29.2021009866885,-6.40005436150344,12.0852193253268));
#4564=CARTESIAN_POINT('',(-39.1391731009639,-5.7011924823155,10.8747550431002));
#4565=CARTESIAN_POINT('',(-39.1391731009639,-5.7011924823155,10.8747550431002));
#4566=CARTESIAN_POINT('',(-37.8758378615419,-0.5,12.4461058461188));
#4567=CARTESIAN_POINT('',(-29.3248631885594,-0.5,13.6488363263374));
#4568=CARTESIAN_POINT('',(-20.7738517276957,-0.5,14.8513052610809));
#4569=CARTESIAN_POINT('',(-12.2228237377383,-0.5,16.0536566161347));
#4570=CARTESIAN_POINT('',(-11.2578275894039,-0.5,16.1893437438033));
#4571=CARTESIAN_POINT('',(-10.2928312113423,-0.5,16.3250292376783));
#4572=CARTESIAN_POINT('',(-9.32783462019201,-0.5,16.4607132160377));
#4573=CARTESIAN_POINT('',(-37.8758378615419,-0.5,12.4461058461188));
#4574=CARTESIAN_POINT('',(-23.3930754275153,0.,-2.03665658790774));
#4575=CARTESIAN_POINT('',(-37.8758378615419,0.5,12.4461058461188));
#4576=CARTESIAN_POINT('',(-37.8758378615419,0.5,12.4461058461188));
#4577=CARTESIAN_POINT('',(-29.3248631885594,0.5,13.6488363263374));
#4578=CARTESIAN_POINT('',(-20.7738517276957,0.5,14.8513052610809));
#4579=CARTESIAN_POINT('',(-12.2228237377383,0.5,16.0536566161347));
#4580=CARTESIAN_POINT('',(-11.2578275894039,0.5,16.1893437438033));
#4581=CARTESIAN_POINT('',(-10.2928312113423,0.5,16.3250292376783));
#4582=CARTESIAN_POINT('',(-9.32783462019201,0.5,16.4607132160377));
#4583=CARTESIAN_POINT('',(-9.32783462019201,0.5,16.4607132160377));
#4584=CARTESIAN_POINT('',(-9.32783462019201,0.,0.));
#4585=CARTESIAN_POINT('',(-9.32783462019201,7.7973439061266,14.5053958094989));
#4586=CARTESIAN_POINT('',(-9.32783462019201,7.7973439061266,14.5053958094989));
#4587=CARTESIAN_POINT('',(-19.2649777855808,7.09873464130058,13.2953690681818));
#4588=CARTESIAN_POINT('',(-29.2021009866885,6.40005436150343,12.0852193253267));
#4589=CARTESIAN_POINT('',(-39.1391731009639,5.7011924823155,10.8747550431002));
#4590=CARTESIAN_POINT('',(-39.1391731009639,5.7011924823155,10.8747550431002));
#4591=CARTESIAN_POINT('',(-39.1391731009639,0.,0.));
#4592=CARTESIAN_POINT('',(-9.32783462019201,0.,0.));
#4593=CARTESIAN_POINT('',(-9.32783462019201,16.4607132160377,0.49999999999999));
#4594=CARTESIAN_POINT('',(-19.2649777855808,15.0634946863856,0.499999999999991));
#4595=CARTESIAN_POINT('',(-29.2021009866885,13.6661341267913,0.499999999999992));
#4596=CARTESIAN_POINT('',(-39.1391731009639,12.2684103684154,0.499999999999994));
#4597=CARTESIAN_POINT('',(-39.1391731009639,12.2684103684154,0.499999999999994));
#4598=CARTESIAN_POINT('',(-39.1391731009639,0.,0.));
#4599=CARTESIAN_POINT('',(-39.1391731009639,6.56721788609994,10.3747550431002));
#4600=CARTESIAN_POINT('',(-9.32783462019201,8.66336930991104,14.0053958094989));
#4601=CARTESIAN_POINT('',(-19.2649777855808,7.96476004508502,12.7953690681818));
#4602=CARTESIAN_POINT('',(-29.2021009866885,7.26607976528787,11.5852193253268));
#4603=CARTESIAN_POINT('',(-39.1391731009639,6.56721788609994,10.3747550431002));
#4604=CARTESIAN_POINT('',(-9.32783462019201,8.66336930991104,14.0053958094989));
#4605=CARTESIAN_POINT('',(-9.32783462019201,0.,0.));
#4606=CARTESIAN_POINT('',(-9.32783462019201,14.0053958094989,8.66336930991102));
#4607=CARTESIAN_POINT('',(-37.8758378615419,10.5286438409289,6.65606562495157));
#4608=CARTESIAN_POINT('',(-31.1813973961243,11.344094358081,7.12686620054013));
#4609=CARTESIAN_POINT('',(-24.4869339959049,12.159403665418,7.597585248604));
#4610=CARTESIAN_POINT('',(-17.7924584054976,12.9746378843815,8.06826094437516));
#4611=CARTESIAN_POINT('',(-14.9709192619783,13.3182369055263,8.26663793172641));
#4612=CARTESIAN_POINT('',(-12.1493778469775,13.6618219372733,8.46500684229508));
#4613=CARTESIAN_POINT('',(-9.32783462019201,14.0053958094989,8.66336930991102));
#4614=CARTESIAN_POINT('',(-37.8758378615419,10.5286438409289,6.65606562495157));
#4615=CARTESIAN_POINT('',(-23.3930754275153,-1.76379634391304,-1.01832829395386));
#4616=CARTESIAN_POINT('',(-37.8758378615419,11.0286438409289,5.79004022116713));
#4617=CARTESIAN_POINT('',(-9.32783462019201,14.5053958094989,7.79734390612654));
#4618=CARTESIAN_POINT('',(-18.8438631249907,13.3466473875131,7.12834019276999));
#4619=CARTESIAN_POINT('',(-28.359873057316,12.1877845429626,6.45927041751491));
#4620=CARTESIAN_POINT('',(-37.8758378615419,11.0286438409289,5.79004022116713));
#4621=CARTESIAN_POINT('',(-9.32783462019201,0.,0.));
#4622=CARTESIAN_POINT('',(-9.32783462019201,0.,0.));
#4623=CARTESIAN_POINT('',(-9.32783462019201,-14.0053958094988,8.66336930991106));
#4624=CARTESIAN_POINT('',(-9.32783462019201,-8.66336930991104,14.0053958094989));
#4625=CARTESIAN_POINT('',(-9.32783462019201,-8.66336930991104,14.0053958094989));
#4626=CARTESIAN_POINT('',(-19.2649777855808,-7.96476004508502,12.7953690681818));
#4627=CARTESIAN_POINT('',(-29.2021009866885,-7.26607976528787,11.5852193253268));
#4628=CARTESIAN_POINT('',(-39.1391731009639,-6.56721788609994,10.3747550431002));
#4629=CARTESIAN_POINT('',(-39.1391731009639,-6.56721788609994,10.3747550431002));
#4630=CARTESIAN_POINT('',(-39.1391731009639,0.,0.));
#4631=CARTESIAN_POINT('',(-39.1391731009639,-12.2684103684154,0.500000000000016));
#4632=CARTESIAN_POINT('',(-9.32783462019201,-16.4607132160377,0.500000000000019));
#4633=CARTESIAN_POINT('',(-10.3961598723784,-16.3105006435501,0.500000000000019));
#4634=CARTESIAN_POINT('',(-11.4644848634385,-16.1602862138957,0.500000000000019));
#4635=CARTESIAN_POINT('',(-12.5328095706731,-16.0100697657131,0.500000000000019));
#4636=CARTESIAN_POINT('',(-21.4016229601366,-14.7630316340126,0.500000000000018));
#4637=CARTESIAN_POINT('',(-30.2704186000538,-13.5158672380619,0.500000000000017));
#4638=CARTESIAN_POINT('',(-39.1391731009639,-12.2684103684154,0.500000000000016));
#4639=CARTESIAN_POINT('',(-9.32783462019201,-14.5053958094988,7.79734390612662));
#4640=CARTESIAN_POINT('',(-18.8438631249907,-13.346647387513,7.12834019277006));
#4641=CARTESIAN_POINT('',(-28.359873057316,-12.1877845429625,6.45927041751497));
#4642=CARTESIAN_POINT('',(-37.8758378615419,-11.0286438409289,5.79004022116719));
#4643=CARTESIAN_POINT('',(-37.8758378615419,-11.0286438409289,5.79004022116719));
#4644=CARTESIAN_POINT('',(-23.3930754275153,1.76379634391303,-1.01832829395387));
#4645=CARTESIAN_POINT('',(-37.8758378615419,-10.5286438409289,6.65606562495162));
#4646=CARTESIAN_POINT('',(-9.32783462019201,-14.0053958094988,8.66336930991106));
#4647=CARTESIAN_POINT('',(-18.8438631249907,-12.846647387513,7.99436559655449));
#4648=CARTESIAN_POINT('',(-28.359873057316,-11.6877845429625,7.32529582129941));
#4649=CARTESIAN_POINT('',(-37.8758378615419,-10.5286438409289,6.65606562495162));
#4650=CARTESIAN_POINT('',(-9.32783462019201,0.,0.));
#4651=CARTESIAN_POINT('',(-9.32783462019201,0.,0.));
#4652=CARTESIAN_POINT('',(-9.32783462019201,-14.5053958094989,-7.79734390612658));
#4653=CARTESIAN_POINT('',(-9.32783462019201,-16.4607132160377,-0.499999999999981));
#4654=CARTESIAN_POINT('',(-9.32783462019201,-16.4607132160377,-0.499999999999981));
#4655=CARTESIAN_POINT('',(-10.3961598723784,-16.3105006435501,-0.499999999999981));
#4656=CARTESIAN_POINT('',(-11.4644848634385,-16.1602862138957,-0.499999999999981));
#4657=CARTESIAN_POINT('',(-12.5328095706731,-16.0100697657131,-0.499999999999981));
#4658=CARTESIAN_POINT('',(-21.4016229601365,-14.7630316340126,-0.499999999999982));
#4659=CARTESIAN_POINT('',(-30.2704186000538,-13.515867238063,-0.499999999999983));
#4660=CARTESIAN_POINT('',(-39.1391731009639,-12.2684103684165,-0.499999999999984));
#4661=CARTESIAN_POINT('',(-39.1391731009639,-12.2684103684165,-0.499999999999984));
#4662=CARTESIAN_POINT('',(-39.1391731009639,0.,0.));
#4663=CARTESIAN_POINT('',(-39.1391731009639,-6.56721788609996,-10.3747550431002));
#4664=CARTESIAN_POINT('',(-9.32783462019201,-8.66336930991107,-14.0053958094988));
#4665=CARTESIAN_POINT('',(-19.2649777855808,-7.96476004508505,-12.7953690681818));
#4666=CARTESIAN_POINT('',(-29.2021009866885,-7.2660797652879,-11.5852193253267));
#4667=CARTESIAN_POINT('',(-39.1391731009639,-6.56721788609996,-10.3747550431002));
#4668=CARTESIAN_POINT('',(-9.32783462019201,-14.0053958094989,-8.66336930991102));
#4669=CARTESIAN_POINT('',(-18.8438631249907,-12.8466473875131,-7.99436559655447));
#4670=CARTESIAN_POINT('',(-28.359873057316,-11.6877845429626,-7.32529582129938));
#4671=CARTESIAN_POINT('',(-37.8758378615419,-10.5286438409289,-6.6560656249516));
#4672=CARTESIAN_POINT('',(-37.8758378615419,-10.5286438409289,-6.6560656249516));
#4673=CARTESIAN_POINT('',(-23.3930754275153,1.76379634391304,1.01832829395387));
#4674=CARTESIAN_POINT('',(-37.8758378615419,-11.0286438409289,-5.79004022116716));
#4675=CARTESIAN_POINT('',(-9.32783462019201,-14.5053958094989,-7.79734390612658));
#4676=CARTESIAN_POINT('',(-18.8438631249907,-13.3466473875131,-7.12834019277003));
#4677=CARTESIAN_POINT('',(-28.359873057316,-12.1877845429626,-6.45927041751495));
#4678=CARTESIAN_POINT('',(-37.8758378615419,-11.0286438409289,-5.79004022116716));
#4679=CARTESIAN_POINT('',(-9.32783462019201,0.,0.));
#4680=CARTESIAN_POINT('',(-9.32783462019201,0.,0.));
#4681=CARTESIAN_POINT('',(-9.32783462019201,-0.500000000000039,-16.4607132160377));
#4682=CARTESIAN_POINT('',(-9.32783462019201,-7.79734390612663,-14.5053958094988));
#4683=CARTESIAN_POINT('',(-9.32783462019201,-7.79734390612663,-14.5053958094988));
#4684=CARTESIAN_POINT('',(-19.2649777855808,-7.09873464130061,-13.2953690681818));
#4685=CARTESIAN_POINT('',(-29.2021009866885,-6.40005436150346,-12.0852193253267));
#4686=CARTESIAN_POINT('',(-39.1391731009639,-5.70119248231553,-10.8747550431002));
#4687=CARTESIAN_POINT('',(-39.1391731009639,-5.70119248231553,-10.8747550431002));
#4688=CARTESIAN_POINT('',(-39.1391731009639,0.,0.));
#4689=CARTESIAN_POINT('',(-39.1391731009639,5.70119248231547,-10.8747550431002));
#4690=CARTESIAN_POINT('',(-9.32783462019201,7.79734390612657,-14.5053958094989));
#4691=CARTESIAN_POINT('',(-19.2649777855808,7.09873464130055,-13.2953690681819));
#4692=CARTESIAN_POINT('',(-29.2021009866885,6.40005436150341,-12.0852193253268));
#4693=CARTESIAN_POINT('',(-39.1391731009639,5.70119248231547,-10.8747550431002));
#4694=CARTESIAN_POINT('',(-9.32783462019201,0.499999999999961,-16.4607132160377));
#4695=CARTESIAN_POINT('',(-10.3961598723784,0.499999999999962,-16.3105006435501));
#4696=CARTESIAN_POINT('',(-11.4644848634385,0.499999999999962,-16.1602862138957));
#4697=CARTESIAN_POINT('',(-12.5328095706731,0.499999999999962,-16.0100697657131));
#4698=CARTESIAN_POINT('',(-20.9805085143297,0.499999999999965,-14.8222442646848));
#4699=CARTESIAN_POINT('',(-29.4281911578914,0.499999999999968,-13.6343028137348));
#4700=CARTESIAN_POINT('',(-37.8758378615419,0.499999999999971,-12.4461058461188));
#4701=CARTESIAN_POINT('',(-37.8758378615419,0.499999999999971,-12.4461058461188));
#4702=CARTESIAN_POINT('',(-23.3930754275153,4.77170457143371E-15,2.03665658790774));
#4703=CARTESIAN_POINT('',(-37.8758378615419,-0.500000000000029,-12.4461058461188));
#4704=CARTESIAN_POINT('',(-9.32783462019201,-0.500000000000039,-16.4607132160377));
#4705=CARTESIAN_POINT('',(-10.3961598723784,-0.500000000000038,-16.3105006435501));
#4706=CARTESIAN_POINT('',(-11.4644848634385,-0.500000000000038,-16.1602862138957));
#4707=CARTESIAN_POINT('',(-12.5328095706731,-0.500000000000038,-16.0100697657131));
#4708=CARTESIAN_POINT('',(-20.9805085143297,-0.500000000000035,-14.8222442646848));
#4709=CARTESIAN_POINT('',(-29.4281911578914,-0.500000000000032,-13.6343028137348));
#4710=CARTESIAN_POINT('',(-37.8758378615419,-0.500000000000029,-12.4461058461188));
#4711=CARTESIAN_POINT('',(-9.32783462019201,0.,0.));
#4712=CARTESIAN_POINT('',(-9.32783462019201,0.,0.));
#4713=CARTESIAN_POINT('',(-9.32783462019201,14.0053958094988,-8.66336930991109));
#4714=CARTESIAN_POINT('',(-9.32783462019201,8.66336930991101,-14.0053958094989));
#4715=CARTESIAN_POINT('',(-9.32783462019201,8.66336930991101,-14.0053958094989));
#4716=CARTESIAN_POINT('',(-19.2649777855808,7.96476004508499,-12.7953690681819));
#4717=CARTESIAN_POINT('',(-29.2021009866885,7.26607976528785,-11.5852193253268));
#4718=CARTESIAN_POINT('',(-39.1391731009639,6.56721788609991,-10.3747550431002));
#4719=CARTESIAN_POINT('',(-39.1391731009639,6.56721788609991,-10.3747550431002));
#4720=CARTESIAN_POINT('',(-39.1391731009639,0.,0.));
#4721=CARTESIAN_POINT('',(-39.1391731009639,12.2684103684154,-0.50000000000005));
#4722=CARTESIAN_POINT('',(-9.32783462019201,16.4607132160376,-0.500000000000065));
#4723=CARTESIAN_POINT('',(-10.3961598723784,16.3105006435501,-0.500000000000064));
#4724=CARTESIAN_POINT('',(-11.4644848634385,16.1602862138957,-0.500000000000064));
#4725=CARTESIAN_POINT('',(-12.5328095706731,16.0100697657131,-0.500000000000063));
#4726=CARTESIAN_POINT('',(-21.4016229601366,14.7630316340126,-0.500000000000059));
#4727=CARTESIAN_POINT('',(-30.2704186000538,13.5158672380619,-0.500000000000054));
#4728=CARTESIAN_POINT('',(-39.1391731009639,12.2684103684154,-0.50000000000005));
#4729=CARTESIAN_POINT('',(-9.32783462019201,14.5053958094988,-7.79734390612665));
#4730=CARTESIAN_POINT('',(-18.8438631249907,13.346647387513,-7.12834019277009));
#4731=CARTESIAN_POINT('',(-28.359873057316,12.1877845429625,-6.459270417515));
#4732=CARTESIAN_POINT('',(-37.8758378615419,11.0286438409289,-5.79004022116721));
#4733=CARTESIAN_POINT('',(-37.8758378615419,11.0286438409289,-5.79004022116721));
#4734=CARTESIAN_POINT('',(-23.3930754275153,-1.76379634391303,1.01832829395387));
#4735=CARTESIAN_POINT('',(-37.8758378615419,10.5286438409289,-6.65606562495165));
#4736=CARTESIAN_POINT('',(-9.32783462019201,14.0053958094988,-8.66336930991109));
#4737=CARTESIAN_POINT('',(-18.8438631249907,12.846647387513,-7.99436559655453));
#4738=CARTESIAN_POINT('',(-28.359873057316,11.6877845429625,-7.32529582129944));
#4739=CARTESIAN_POINT('',(-37.8758378615419,10.5286438409289,-6.65606562495165));
#4740=CARTESIAN_POINT('',(-9.32783462019201,0.,0.));
#4741=CARTESIAN_POINT('',(-25.4297320154231,0.,0.));
#4742=CARTESIAN_POINT('',(-34.9165649959282,-8.46583836257749,4.31040378836036));
#4743=CARTESIAN_POINT('',(-34.9165649959282,-7.96583836257749,5.17642919214479));
#4744=CARTESIAN_POINT('',(-40.0000000000038,-8.46583836257749,4.31040378836036));
#4745=CARTESIAN_POINT('',(-2.14499275943413E-15,-8.46583836257749,4.31040378836036));
#4746=CARTESIAN_POINT('',(0.,0.,0.));
#4747=CARTESIAN_POINT('',(2.47296549608006E-16,-8.4658383625775,-4.31040378836034));
#4748=CARTESIAN_POINT('',(-40.0000000000038,-8.4658383625775,-4.31040378836034));
#4749=CARTESIAN_POINT('',(-34.9165649959282,-8.46583836257749,-4.31040378836034));
#4750=CARTESIAN_POINT('',(-25.4297320154231,0.,0.));
#4751=CARTESIAN_POINT('',(-34.9165649959282,-7.9658383625775,-5.17642919214478));
#4752=CARTESIAN_POINT('',(-40.0000000000038,-7.9658383625775,-5.17642919214478));
#4753=CARTESIAN_POINT('',(2.47296549608006E-16,-7.9658383625775,-5.17642919214478));
#4754=CARTESIAN_POINT('',(0.,0.,0.));
#4755=CARTESIAN_POINT('',(2.47296549608006E-16,-0.500000000000022,-9.48683298050514));
#4756=CARTESIAN_POINT('',(-40.0000000000038,-0.500000000000022,-9.48683298050514));
#4757=CARTESIAN_POINT('',(-34.9165649959282,-0.500000000000022,-9.48683298050514));
#4758=CARTESIAN_POINT('',(-25.4297320154231,0.,0.));
#4759=CARTESIAN_POINT('',(-34.9165649959282,0.499999999999978,-9.48683298050514));
#4760=CARTESIAN_POINT('',(-40.0000000000038,0.499999999999978,-9.48683298050514));
#4761=CARTESIAN_POINT('',(2.47296549608006E-16,0.499999999999978,-9.48683298050514));
#4762=CARTESIAN_POINT('',(0.,0.,0.));
#4763=CARTESIAN_POINT('',(2.47296549608005E-16,7.96583836257747,-5.17642919214481));
#4764=CARTESIAN_POINT('',(-40.0000000000038,7.96583836257747,-5.17642919214481));
#4765=CARTESIAN_POINT('',(-34.9165649959282,7.96583836257747,-5.17642919214481));
#4766=CARTESIAN_POINT('',(-25.4297320154231,0.,0.));
#4767=CARTESIAN_POINT('',(-34.9165649959282,8.46583836257748,-4.31040378836038));
#4768=CARTESIAN_POINT('',(-40.0000000000038,8.46583836257748,-4.31040378836038));
#4769=CARTESIAN_POINT('',(2.47296549608005E-16,8.46583836257748,-4.31040378836037));
#4770=CARTESIAN_POINT('',(0.,0.,0.));
#4771=CARTESIAN_POINT('',(2.47296549608006E-16,8.46583836257751,4.31040378836031));
#4772=CARTESIAN_POINT('',(-40.0000000000038,8.46583836257751,4.31040378836031));
#4773=CARTESIAN_POINT('',(-34.9165649959282,8.46583836257751,4.31040378836031));
#4774=CARTESIAN_POINT('',(-25.4297320154231,0.,0.));
#4775=CARTESIAN_POINT('',(-34.9165649959282,7.96583836257752,5.17642919214476));
#4776=CARTESIAN_POINT('',(-40.0000000000038,7.9658383625775,5.17642919214478));
#4777=CARTESIAN_POINT('',(-40.0000000000038,0.5,9.48683298050514));
#4778=CARTESIAN_POINT('',(-34.9165649959282,0.5,9.48683298050514));
#4779=CARTESIAN_POINT('',(-25.4297320154231,0.,0.));
#4780=CARTESIAN_POINT('',(-34.9165649959282,-0.5,9.48683298050514));
#4781=CARTESIAN_POINT('',(-40.0000000000038,-0.5,9.48683298050514));
#4782=CARTESIAN_POINT('',(2.47296549608006E-16,-0.5,9.48683298050514));
#4783=CARTESIAN_POINT('',(0.,0.,0.));
#4784=CARTESIAN_POINT('',(-2.14499275943413E-15,-7.96583836257749,5.17642919214479));
#4785=CARTESIAN_POINT('',(-40.0000000000038,-7.96583836257749,5.17642919214479));
#4786=CARTESIAN_POINT('',(-40.0000000000038,0.,0.));
#4787=CARTESIAN_POINT('',(-40.0000000000038,-5.17642919214479,7.96583836257749));
#4788=CARTESIAN_POINT('',(-40.0000000000038,-9.48683298050514,0.500000000000012));
#4789=CARTESIAN_POINT('',(-40.0000000000038,-5.17642919214478,7.96583836257749));
#4790=CARTESIAN_POINT('',(-4.96894487033532,-5.17642919214478,7.96583836257749));
#4791=CARTESIAN_POINT('',(-14.4557778508405,0.,0.));
#4792=CARTESIAN_POINT('',(-4.96894487033532,-4.31040378836035,8.46583836257749));
#4793=CARTESIAN_POINT('',(-40.0000000000038,-4.31040378836034,8.46583836257749));
#4794=CARTESIAN_POINT('',(-40.0000000000038,-4.31040378836035,8.46583836257749));
#4795=CARTESIAN_POINT('',(-40.0000000000038,0.,0.));
#4796=CARTESIAN_POINT('',(-40.0000000000038,4.31040378836035,8.46583836257749));
#4797=CARTESIAN_POINT('',(-40.0000000000038,4.31040378836035,8.46583836257749));
#4798=CARTESIAN_POINT('',(-4.96894487033532,4.31040378836035,8.46583836257749));
#4799=CARTESIAN_POINT('',(-14.4557778508405,0.,0.));
#4800=CARTESIAN_POINT('',(-4.96894487033531,5.17642919214479,7.96583836257749));
#4801=CARTESIAN_POINT('',(-40.0000000000038,5.17642919214479,7.96583836257749));
#4802=CARTESIAN_POINT('',(-40.0000000000038,5.17642919214479,7.96583836257749));
#4803=CARTESIAN_POINT('',(-40.0000000000038,0.,0.));
#4804=CARTESIAN_POINT('',(-40.0000000000038,9.48683298050513,0.499999999999988));
#4805=CARTESIAN_POINT('',(-40.0000000000038,9.48683298050514,0.499999999999996));
#4806=CARTESIAN_POINT('',(-4.96894487033532,9.48683298050514,0.499999999999962));
#4807=CARTESIAN_POINT('',(-14.4557778508405,0.,0.));
#4808=CARTESIAN_POINT('',(-4.96894487033531,9.48683298050514,-0.500000000000039));
#4809=CARTESIAN_POINT('',(-40.0000000000038,9.48683298050514,-0.50000000000004));
#4810=CARTESIAN_POINT('',(-40.0000000000038,9.48683298050514,-0.500000000000039));
#4811=CARTESIAN_POINT('',(-40.0000000000038,0.,0.));
#4812=CARTESIAN_POINT('',(-40.0000000000038,5.17642919214477,-7.96583836257751));
#4813=CARTESIAN_POINT('',(-40.0000000000038,5.17642919214477,-7.96583836257751));
#4814=CARTESIAN_POINT('',(-4.96894487033532,5.17642919214477,-7.96583836257751));
#4815=CARTESIAN_POINT('',(-14.4557778508405,0.,0.));
#4816=CARTESIAN_POINT('',(-4.96894487033531,4.31040378836033,-8.46583836257751));
#4817=CARTESIAN_POINT('',(-40.0000000000038,4.31040378836033,-8.46583836257751));
#4818=CARTESIAN_POINT('',(-40.0000000000038,4.31040378836033,-8.46583836257751));
#4819=CARTESIAN_POINT('',(-40.0000000000038,0.,0.));
#4820=CARTESIAN_POINT('',(-40.0000000000038,-4.31040378836037,-8.46583836257748));
#4821=CARTESIAN_POINT('',(-40.0000000000038,-4.31040378836037,-8.46583836257748));
#4822=CARTESIAN_POINT('',(-4.96894487033532,-4.31040378836037,-8.46583836257748));
#4823=CARTESIAN_POINT('',(-14.4557778508405,0.,0.));
#4824=CARTESIAN_POINT('',(-4.96894487033532,-5.1764291921448,-7.96583836257748));
#4825=CARTESIAN_POINT('',(-40.0000000000038,-5.17642919214481,-7.96583836257748));
#4826=CARTESIAN_POINT('',(-40.0000000000038,-5.1764291921448,-7.96583836257748));
#4827=CARTESIAN_POINT('',(-40.0000000000038,0.,0.));
#4828=CARTESIAN_POINT('',(-40.0000000000038,-9.48683298050514,-0.499999999999989));
#4829=CARTESIAN_POINT('',(-40.0000000000038,-9.48683298050514,-0.499999999999987));
#4830=CARTESIAN_POINT('',(-4.96894487033532,-9.48683298050514,-0.499999999999988));
#4831=CARTESIAN_POINT('',(-14.4557778508405,0.,0.));
#4832=CARTESIAN_POINT('',(-4.96894487033532,-9.48683298050514,0.500000000000012));
#4833=CARTESIAN_POINT('',(-40.0000000000038,-9.48683298050514,0.500000000000013));
#4834=CARTESIAN_POINT('',(-40.0000000000038,0.,0.));
#4835=CARTESIAN_POINT('',(-40.0000000000038,-9.68932135945977,17.7823968854467));
#4836=CARTESIAN_POINT('',(-40.0000000000038,-5.20561130753422,10.0163832691043));
#4837=CARTESIAN_POINT('',(-40.0000000000038,0.,0.));
#4838=CARTESIAN_POINT('',(-40.0000000000038,5.20561130753444,10.0163832691047));
#4839=CARTESIAN_POINT('',(-40.0000000000038,9.68932135945977,17.7823968854467));
#4840=CARTESIAN_POINT('',(-40.0000000000038,0.,12.1576135792361));
#4841=CARTESIAN_POINT('',(-40.0000000000038,-20.244668122704,0.500000000000025));
#4842=CARTESIAN_POINT('',(-40.0000000000038,11.2772480188533,0.499999999999986));
#4843=CARTESIAN_POINT('',(-40.0000000000038,10.5553467632442,17.2823968854467));
#4844=CARTESIAN_POINT('',(-40.0000000000038,6.07163671131888,9.51638326910471));
#4845=CARTESIAN_POINT('',(-40.0000000000038,0.,0.));
#4846=CARTESIAN_POINT('',(-40.0000000000038,0.,12.1576135792361));
#4847=CARTESIAN_POINT('',(-40.0000000000038,0.,0.));
#4848=CARTESIAN_POINT('',(-40.0000000000038,-11.2772480188531,0.500000000000014));
#4849=CARTESIAN_POINT('',(-40.0000000000038,-6.07163671131866,9.51638326910433));
#4850=CARTESIAN_POINT('',(-40.0000000000038,-10.5553467632442,17.2823968854467));
#4851=CARTESIAN_POINT('',(-40.0000000000038,-20.244668122704,0.500000000000025));
#4852=CARTESIAN_POINT('',(-40.0000000000038,0.,12.1576135792361));
#4853=CARTESIAN_POINT('',(-40.0000000000038,0.,0.));
#4854=CARTESIAN_POINT('',(-40.0000000000038,-6.0716367113189,-9.5163832691047));
#4855=CARTESIAN_POINT('',(-40.0000000000038,-11.2772480188531,-0.499999999999987));
#4856=CARTESIAN_POINT('',(-40.0000000000038,-20.244668122704,-0.499999999999976));
#4857=CARTESIAN_POINT('',(-40.0000000000038,-10.5553467632443,-17.2823968854467));
#4858=CARTESIAN_POINT('',(-40.0000000000038,0.,12.1576135792361));
#4859=CARTESIAN_POINT('',(-40.0000000000038,0.,0.));
#4860=CARTESIAN_POINT('',(-40.0000000000038,5.20561130753442,-10.0163832691047));
#4861=CARTESIAN_POINT('',(-40.0000000000038,-5.20561130753446,-10.0163832691047));
#4862=CARTESIAN_POINT('',(-40.0000000000038,-9.68932135945981,-17.7823968854467));
#4863=CARTESIAN_POINT('',(-40.0000000000038,9.68932135945973,-17.7823968854467));
#4864=CARTESIAN_POINT('',(-40.0000000000038,0.,12.1576135792361));
#4865=CARTESIAN_POINT('',(-40.0000000000038,0.,0.));
#4866=CARTESIAN_POINT('',(-40.0000000000038,11.2772480188511,-0.500000000000046));
#4867=CARTESIAN_POINT('',(-40.0000000000038,6.07163671131885,-9.51638326910473));
#4868=CARTESIAN_POINT('',(-40.0000000000038,10.5553467632442,-17.2823968854467));
#4869=CARTESIAN_POINT('',(-40.0000000000038,20.244668122704,-0.500000000000082));
#4870=CARTESIAN_POINT('',(-40.0000000000038,0.,12.1576135792361));
#4871=CARTESIAN_POINT('',(-40.0000000000038,-5.20561130753422,10.0163832691043));
#4872=CARTESIAN_POINT('',(-40.0000000000038,-5.2480519685373,10.0898926502685));
#4873=CARTESIAN_POINT('',(-39.9890392965555,-5.29083128604159,10.163988601699));
#4874=CARTESIAN_POINT('',(-39.9676394385533,-5.33190099782229,10.2351234291554));
#4875=CARTESIAN_POINT('',(-39.9393684304537,-5.38615753327612,10.3290985052041));
#4876=CARTESIAN_POINT('',(-39.8919672120725,-5.4387226416408,10.4201439435971));
#4877=CARTESIAN_POINT('',(-39.8293527663087,-5.48523545610753,10.5007065014565));
#4878=CARTESIAN_POINT('',(-39.7667736417208,-5.53172203242292,10.5812236135047));
#4879=CARTESIAN_POINT('',(-39.6872692582928,-5.57344646702313,10.6534924541493));
#4880=CARTESIAN_POINT('',(-39.597423182131,-5.6069421254829,10.7115086364346));
#4881=CARTESIAN_POINT('',(-39.5076534932456,-5.64040930588072,10.7694754932697));
#4882=CARTESIAN_POINT('',(-39.4050805215586,-5.66658545495053,10.8148139134051));
#4883=CARTESIAN_POINT('',(-39.2982064399679,-5.68329425788366,10.843754409019));
#4884=CARTESIAN_POINT('',(-39.2463451570602,-5.69140230375472,10.8577979564177));
#4885=CARTESIAN_POINT('',(-39.1929808390443,-5.69740825125455,10.868200562635));
#4886=CARTESIAN_POINT('',(-39.1391731009639,-5.7011924823155,10.8747550431002));
#4887=CARTESIAN_POINT('',(-40.0000000000038,5.20561130753444,10.0163832691047));
#4888=CARTESIAN_POINT('',(-40.0000000000038,5.24805196853743,10.0898926502687));
#4889=CARTESIAN_POINT('',(-39.9890392965555,5.29083128604162,10.1639886016991));
#4890=CARTESIAN_POINT('',(-39.9676394385533,5.33190099782224,10.2351234291553));
#4891=CARTESIAN_POINT('',(-39.9393684304537,5.38615753327606,10.329098505204));
#4892=CARTESIAN_POINT('',(-39.8919672120726,5.43872264164074,10.420143943597));
#4893=CARTESIAN_POINT('',(-39.8293527663087,5.48523545610748,10.5007065014564));
#4894=CARTESIAN_POINT('',(-39.7667736417209,5.53172203242287,10.5812236135046));
#4895=CARTESIAN_POINT('',(-39.6872692582929,5.57344646702309,10.6534924541493));
#4896=CARTESIAN_POINT('',(-39.5974231821311,5.60694212548287,10.7115086364346));
#4897=CARTESIAN_POINT('',(-39.5076534932457,5.64040930588069,10.7694754932697));
#4898=CARTESIAN_POINT('',(-39.4050805215587,5.6665854549505,10.8148139134051));
#4899=CARTESIAN_POINT('',(-39.298206439968,5.68329425788365,10.8437544090189));
#4900=CARTESIAN_POINT('',(-39.2463451570602,5.69140230375471,10.8577979564177));
#4901=CARTESIAN_POINT('',(-39.1929808390444,5.69740825125455,10.868200562635));
#4902=CARTESIAN_POINT('',(-39.1391731009639,5.7011924823155,10.8747550431002));
#4903=CARTESIAN_POINT('',(-39.0000000000038,0.,0.));
#4904=CARTESIAN_POINT('',(-40.0000000000038,11.2772480188533,0.499999999999986));
#4905=CARTESIAN_POINT('',(-40.0000000000038,11.3546146628241,0.499999999999986));
#4906=CARTESIAN_POINT('',(-39.9909187705445,11.4324952284772,0.499999999999995));
#4907=CARTESIAN_POINT('',(-39.9731159040022,11.5077857029224,0.499999999999994));
#4908=CARTESIAN_POINT('',(-39.9473486109934,11.6167586995573,0.499999999999994));
#4909=CARTESIAN_POINT('',(-39.9024360104677,11.7227900498361,0.499999999999994));
#4910=CARTESIAN_POINT('',(-39.8420784141767,11.8171088070086,0.499999999999994));
#4911=CARTESIAN_POINT('',(-39.7817685779306,11.9113529311878,0.499999999999994));
#4912=CARTESIAN_POINT('',(-39.7043771486615,11.9964966465513,0.499999999999994));
#4913=CARTESIAN_POINT('',(-39.6162909134952,12.0654897365282,0.499999999999994));
#4914=CARTESIAN_POINT('',(-39.5282447435636,12.1344514456164,0.499999999999994));
#4915=CARTESIAN_POINT('',(-39.4270881760105,12.189175233684,0.499999999999994));
#4916=CARTESIAN_POINT('',(-39.3211844090625,12.2251229388433,0.499999999999994));
#4917=CARTESIAN_POINT('',(-39.2621310206182,12.2451678707435,0.499999999999994));
#4918=CARTESIAN_POINT('',(-39.2009278633913,12.2597240976865,0.499999999999994));
#4919=CARTESIAN_POINT('',(-39.1391731009639,12.2684103684154,0.499999999999994));
#4920=CARTESIAN_POINT('',(-40.0000000000038,6.07163671131888,9.51638326910471));
#4921=CARTESIAN_POINT('',(-40.0000000000038,6.11407737232189,9.58989265026873));
#4922=CARTESIAN_POINT('',(-39.9890392965555,6.1568566898261,9.66398860169915));
#4923=CARTESIAN_POINT('',(-39.9676394385533,6.19792640160673,9.73512342915542));
#4924=CARTESIAN_POINT('',(-39.9393684304537,6.25218293706056,9.8290985052041));
#4925=CARTESIAN_POINT('',(-39.8919672120725,6.30474804542524,9.92014394359709));
#4926=CARTESIAN_POINT('',(-39.8293527663087,6.35126085989197,10.0007065014565));
#4927=CARTESIAN_POINT('',(-39.7667736417208,6.39774743620736,10.0812236135047));
#4928=CARTESIAN_POINT('',(-39.6872692582929,6.43947187080757,10.1534924541493));
#4929=CARTESIAN_POINT('',(-39.597423182131,6.47296752926734,10.2115086364346));
#4930=CARTESIAN_POINT('',(-39.5076534932456,6.50643470966516,10.2694754932697));
#4931=CARTESIAN_POINT('',(-39.4050805215586,6.53261085873497,10.3148139134051));
#4932=CARTESIAN_POINT('',(-39.2982064399679,6.54931966166811,10.343754409019));
#4933=CARTESIAN_POINT('',(-39.2463451570602,6.55742770753916,10.3577979564177));
#4934=CARTESIAN_POINT('',(-39.1929808390443,6.56343365503899,10.368200562635));
#4935=CARTESIAN_POINT('',(-39.1391731009639,6.56721788609994,10.3747550431002));
#4936=CARTESIAN_POINT('',(-39.0000000000038,0.,0.));
#4937=CARTESIAN_POINT('',(-40.0000000000038,-6.07163671131866,9.51638326910433));
#4938=CARTESIAN_POINT('',(-40.0000000000038,-6.11407737232165,9.58989265026833));
#4939=CARTESIAN_POINT('',(-39.9890392965555,-6.15685668982585,9.66398860169873));
#4940=CARTESIAN_POINT('',(-39.9676394385534,-6.19792640160648,9.73512342915498));
#4941=CARTESIAN_POINT('',(-39.9393684304539,-6.25218293706031,9.82909850520368));
#4942=CARTESIAN_POINT('',(-39.8919672120727,-6.304748045425,9.92014394359668));
#4943=CARTESIAN_POINT('',(-39.829352766309,-6.35126085989175,10.0007065014561));
#4944=CARTESIAN_POINT('',(-39.7667736417211,-6.39774743620715,10.0812236135043));
#4945=CARTESIAN_POINT('',(-39.6872692582932,-6.43947187080739,10.153492454149));
#4946=CARTESIAN_POINT('',(-39.5974231821314,-6.47296752926718,10.2115086364344));
#4947=CARTESIAN_POINT('',(-39.5076534932461,-6.50643470966503,10.2694754932695));
#4948=CARTESIAN_POINT('',(-39.4050805215591,-6.53261085873486,10.3148139134049));
#4949=CARTESIAN_POINT('',(-39.2982064399684,-6.54931966166802,10.3437544090188));
#4950=CARTESIAN_POINT('',(-39.2463451570605,-6.55742770753912,10.3577979564177));
#4951=CARTESIAN_POINT('',(-39.1929808390445,-6.56343365503897,10.368200562635));
#4952=CARTESIAN_POINT('',(-39.1391731009639,-6.56721788609994,10.3747550431002));
#4953=CARTESIAN_POINT('',(-40.0000000000038,-11.2772480188531,0.500000000000014));
#4954=CARTESIAN_POINT('',(-40.0000000000038,-11.376212264194,0.500000000000014));
#4955=CARTESIAN_POINT('',(-39.9850146958707,-11.4762453075057,0.500000000000015));
#4956=CARTESIAN_POINT('',(-39.956009778395,-11.5708636810815,0.500000000000015));
#4957=CARTESIAN_POINT('',(-39.9231460551543,-11.6780700554934,0.500000000000015));
#4958=CARTESIAN_POINT('',(-39.8713134643288,-11.7810823524188,0.500000000000015));
#4959=CARTESIAN_POINT('',(-39.8047965735504,-11.8713526922928,0.500000000000015));
#4960=CARTESIAN_POINT('',(-39.7631050213264,-11.9279324654165,0.500000000000015));
#4961=CARTESIAN_POINT('',(-39.7151573447047,-11.9803831761086,0.500000000000015));
#4962=CARTESIAN_POINT('',(-39.6625344230011,-12.0269694870266,0.500000000000015));
#4963=CARTESIAN_POINT('',(-39.5787589531289,-12.1011346979353,0.500000000000015));
#4964=CARTESIAN_POINT('',(-39.4810296589668,-12.1618667647309,0.500000000000015));
#4965=CARTESIAN_POINT('',(-39.3774299728634,-12.2041268274467,0.500000000000015));
#4966=CARTESIAN_POINT('',(-39.3012642186819,-12.2351961257194,0.500000000000015));
#4967=CARTESIAN_POINT('',(-39.2206301333026,-12.2569528255822,0.500000000000016));
#4968=CARTESIAN_POINT('',(-39.1391731009639,-12.2684103684154,0.500000000000016));
#4969=CARTESIAN_POINT('',(-39.0000000000038,0.,0.));
#4970=CARTESIAN_POINT('',(-40.0000000000038,-11.2772480188531,-0.499999999999987));
#4971=CARTESIAN_POINT('',(-40.0000000000038,-11.376212264194,-0.499999999999987));
#4972=CARTESIAN_POINT('',(-39.9850146958707,-11.4762453075057,-0.499999999999985));
#4973=CARTESIAN_POINT('',(-39.956009778395,-11.5708636810815,-0.499999999999985));
#4974=CARTESIAN_POINT('',(-39.9231460551543,-11.6780700554934,-0.499999999999985));
#4975=CARTESIAN_POINT('',(-39.8713134643288,-11.7810823524188,-0.499999999999985));
#4976=CARTESIAN_POINT('',(-39.8047965735504,-11.8713526922928,-0.499999999999985));
#4977=CARTESIAN_POINT('',(-39.7631050213264,-11.9279324654165,-0.499999999999985));
#4978=CARTESIAN_POINT('',(-39.7151573447047,-11.9803831761086,-0.499999999999985));
#4979=CARTESIAN_POINT('',(-39.6625344230012,-12.0269694870266,-0.499999999999985));
#4980=CARTESIAN_POINT('',(-39.5787589531289,-12.1011346979353,-0.499999999999985));
#4981=CARTESIAN_POINT('',(-39.4810296589668,-12.1618667647309,-0.499999999999985));
#4982=CARTESIAN_POINT('',(-39.3774299728635,-12.2041268274467,-0.499999999999985));
#4983=CARTESIAN_POINT('',(-39.3012642186818,-12.2351961257195,-0.499999999999985));
#4984=CARTESIAN_POINT('',(-39.2206301333027,-12.2569528255832,-0.499999999999984));
#4985=CARTESIAN_POINT('',(-39.1391731009639,-12.2684103684165,-0.499999999999984));
#4986=CARTESIAN_POINT('',(-40.0000000000038,-6.0716367113189,-9.5163832691047));
#4987=CARTESIAN_POINT('',(-40.0000000000038,-6.11407737232191,-9.58989265026872));
#4988=CARTESIAN_POINT('',(-39.9890392965555,-6.15685668982613,-9.66398860169914));
#4989=CARTESIAN_POINT('',(-39.9676394385533,-6.19792640160676,-9.7351234291554));
#4990=CARTESIAN_POINT('',(-39.9393684304537,-6.25218293706058,-9.82909850520409));
#4991=CARTESIAN_POINT('',(-39.8919672120725,-6.30474804542526,-9.92014394359708));
#4992=CARTESIAN_POINT('',(-39.8293527663087,-6.35126085989199,-10.0007065014565));
#4993=CARTESIAN_POINT('',(-39.7667736417208,-6.39774743620738,-10.0812236135047));
#4994=CARTESIAN_POINT('',(-39.6872692582928,-6.4394718708076,-10.1534924541493));
#4995=CARTESIAN_POINT('',(-39.597423182131,-6.47296752926736,-10.2115086364346));
#4996=CARTESIAN_POINT('',(-39.5076534932456,-6.50643470966519,-10.2694754932697));
#4997=CARTESIAN_POINT('',(-39.4050805215586,-6.53261085873499,-10.3148139134051));
#4998=CARTESIAN_POINT('',(-39.2982064399679,-6.54931966166813,-10.343754409019));
#4999=CARTESIAN_POINT('',(-39.2463451570602,-6.55742770753919,-10.3577979564177));
#5000=CARTESIAN_POINT('',(-39.1929808390443,-6.56343365503901,-10.368200562635));
#5001=CARTESIAN_POINT('',(-39.1391731009639,-6.56721788609996,-10.3747550431002));
#5002=CARTESIAN_POINT('',(-39.0000000000038,0.,0.));
#5003=CARTESIAN_POINT('',(-40.0000000000038,-5.20561130753446,-10.0163832691047));
#5004=CARTESIAN_POINT('',(-40.0000000000038,-5.24805196853747,-10.0898926502687));
#5005=CARTESIAN_POINT('',(-39.9890392965555,-5.29083128604169,-10.1639886016991));
#5006=CARTESIAN_POINT('',(-39.9676394385533,-5.33190099782232,-10.2351234291554));
#5007=CARTESIAN_POINT('',(-39.9393684304537,-5.38615753327615,-10.3290985052041));
#5008=CARTESIAN_POINT('',(-39.8919672120725,-5.43872264164082,-10.4201439435971));
#5009=CARTESIAN_POINT('',(-39.8293527663087,-5.48523545610756,-10.5007065014565));
#5010=CARTESIAN_POINT('',(-39.7667736417208,-5.53172203242294,-10.5812236135047));
#5011=CARTESIAN_POINT('',(-39.6872692582928,-5.57344646702316,-10.6534924541493));
#5012=CARTESIAN_POINT('',(-39.597423182131,-5.60694212548293,-10.7115086364346));
#5013=CARTESIAN_POINT('',(-39.5076534932456,-5.64040930588075,-10.7694754932697));
#5014=CARTESIAN_POINT('',(-39.4050805215586,-5.66658545495055,-10.8148139134051));
#5015=CARTESIAN_POINT('',(-39.2982064399679,-5.68329425788369,-10.843754409019));
#5016=CARTESIAN_POINT('',(-39.2463451570601,-5.69140230375475,-10.8577979564177));
#5017=CARTESIAN_POINT('',(-39.1929808390443,-5.69740825125458,-10.868200562635));
#5018=CARTESIAN_POINT('',(-39.1391731009639,-5.70119248231553,-10.8747550431002));
#5019=CARTESIAN_POINT('',(-40.0000000000038,5.20561130753442,-10.0163832691047));
#5020=CARTESIAN_POINT('',(-40.0000000000038,5.24805196853742,-10.0898926502687));
#5021=CARTESIAN_POINT('',(-39.9890392965555,5.29083128604164,-10.1639886016992));
#5022=CARTESIAN_POINT('',(-39.9676394385533,5.33190099782227,-10.2351234291554));
#5023=CARTESIAN_POINT('',(-39.9393684304537,5.38615753327609,-10.3290985052041));
#5024=CARTESIAN_POINT('',(-39.8919672120725,5.43872264164077,-10.4201439435971));
#5025=CARTESIAN_POINT('',(-39.8293527663087,5.4852354561075,-10.5007065014565));
#5026=CARTESIAN_POINT('',(-39.7667736417208,5.53172203242289,-10.5812236135047));
#5027=CARTESIAN_POINT('',(-39.6872692582928,5.57344646702311,-10.6534924541493));
#5028=CARTESIAN_POINT('',(-39.597423182131,5.60694212548287,-10.7115086364346));
#5029=CARTESIAN_POINT('',(-39.5076534932456,5.6404093058807,-10.7694754932697));
#5030=CARTESIAN_POINT('',(-39.4050805215586,5.6665854549505,-10.8148139134051));
#5031=CARTESIAN_POINT('',(-39.2982064399679,5.68329425788364,-10.843754409019));
#5032=CARTESIAN_POINT('',(-39.2463451570602,5.6914023037547,-10.8577979564178));
#5033=CARTESIAN_POINT('',(-39.1929808390443,5.69740825125452,-10.8682005626351));
#5034=CARTESIAN_POINT('',(-39.1391731009639,5.70119248231547,-10.8747550431002));
#5035=CARTESIAN_POINT('',(-39.0000000000038,0.,0.));
#5036=CARTESIAN_POINT('',(-40.0000000000038,6.07163671131885,-9.51638326910473));
#5037=CARTESIAN_POINT('',(-40.0000000000038,6.11407737232186,-9.58989265026875));
#5038=CARTESIAN_POINT('',(-39.9890392965555,6.15685668982608,-9.66398860169917));
#5039=CARTESIAN_POINT('',(-39.9676394385533,6.19792640160671,-9.73512342915543));
#5040=CARTESIAN_POINT('',(-39.9393684304537,6.25218293706053,-9.82909850520412));
#5041=CARTESIAN_POINT('',(-39.8919672120725,6.30474804542521,-9.9201439435971));
#5042=CARTESIAN_POINT('',(-39.8293527663087,6.35126085989194,-10.0007065014565));
#5043=CARTESIAN_POINT('',(-39.7667736417208,6.39774743620733,-10.0812236135047));
#5044=CARTESIAN_POINT('',(-39.6872692582928,6.43947187080755,-10.1534924541494));
#5045=CARTESIAN_POINT('',(-39.597423182131,6.47296752926731,-10.2115086364346));
#5046=CARTESIAN_POINT('',(-39.5076534932456,6.50643470966514,-10.2694754932697));
#5047=CARTESIAN_POINT('',(-39.4050805215586,6.53261085873494,-10.3148139134051));
#5048=CARTESIAN_POINT('',(-39.2982064399679,6.54931966166808,-10.343754409019));
#5049=CARTESIAN_POINT('',(-39.2463451570602,6.55742770753914,-10.3577979564178));
#5050=CARTESIAN_POINT('',(-39.1929808390443,6.56343365503896,-10.3682005626351));
#5051=CARTESIAN_POINT('',(-39.1391731009639,6.56721788609991,-10.3747550431002));
#5052=CARTESIAN_POINT('',(-40.0000000000038,11.2772480188511,-0.500000000000046));
#5053=CARTESIAN_POINT('',(-40.0000000000038,11.3011951487994,-0.500000000000046));
#5054=CARTESIAN_POINT('',(-39.999140388311,11.3251576543131,-0.500000000000046));
#5055=CARTESIAN_POINT('',(-39.9974244318354,11.3490432258184,-0.500000000000046));
#5056=CARTESIAN_POINT('',(-39.9893886461764,11.4608988210469,-0.500000000000047));
#5057=CARTESIAN_POINT('',(-39.9619291542293,11.572911339106,-0.500000000000047));
#5058=CARTESIAN_POINT('',(-39.9173111007916,11.6757970880828,-0.500000000000048));
#5059=CARTESIAN_POINT('',(-39.8727053929385,11.7786543691049,-0.500000000000048));
#5060=CARTESIAN_POINT('',(-39.8097177140198,11.8752292695112,-0.500000000000048));
#5061=CARTESIAN_POINT('',(-39.7335587224236,11.9575037943131,-0.500000000000049));
#5062=CARTESIAN_POINT('',(-39.6574559319656,12.0397176050503,-0.500000000000049));
#5063=CARTESIAN_POINT('',(-39.5660988727793,12.109921679818,-0.500000000000049));
#5064=CARTESIAN_POINT('',(-39.4670570611127,12.1622806803169,-0.500000000000049));
#5065=CARTESIAN_POINT('',(-39.3681007822388,12.2145944634327,-0.500000000000049));
#5066=CARTESIAN_POINT('',(-39.2587409614327,12.2505377434404,-0.50000000000005));
#5067=CARTESIAN_POINT('',(-39.1480430193349,12.2671221532209,-0.50000000000005));
#5068=CARTESIAN_POINT('',(-39.1450883354905,12.2675648144549,-0.50000000000005));
#5069=CARTESIAN_POINT('',(-39.1421316365637,12.2679942281832,-0.50000000000005));
#5070=CARTESIAN_POINT('',(-39.1391731009639,12.2684103684154,-0.50000000000005));
#5071=CARTESIAN_POINT('',(-39.0000000000038,0.,0.));
#5072=CARTESIAN_POINT('',(-5.19999999999999,0.,0.));
#5073=CARTESIAN_POINT('',(-5.2,-13.8827872074572,8.59258120051737));
#5074=CARTESIAN_POINT('',(-5.2,-8.59258120051735,13.8827872074572));
#5075=CARTESIAN_POINT('',(-5.2,-8.59258120051735,13.8827872074572));
#5076=CARTESIAN_POINT('',(-5.21931104705836,-8.59815843557314,13.8924472619396));
#5077=CARTESIAN_POINT('',(-5.24080523988242,-8.60215135974216,13.8993632094711));
#5078=CARTESIAN_POINT('',(-5.2627150206706,-8.60423103806914,13.9029653179969));
#5079=CARTESIAN_POINT('',(-5.284699534454,-8.60631781005864,13.9065797131065));
#5080=CARTESIAN_POINT('',(-5.30770795130504,-8.60653532392974,13.9069564581826));
#5081=CARTESIAN_POINT('',(-5.32983450750443,-8.60486553154799,13.9040642929393));
#5082=CARTESIAN_POINT('',(-5.35195847130938,-8.60319593480266,13.9011724665482));
#5083=CARTESIAN_POINT('',(-5.37381085999193,-8.59959347781163,13.8949328280077));
#5084=CARTESIAN_POINT('',(-5.39358286121553,-8.59435687692879,13.8858627692197));
#5085=CARTESIAN_POINT('',(-5.41335733919978,-8.58911962007759,13.8767915742611));
#5086=CARTESIAN_POINT('',(-5.43159608809748,-8.5821035021569,13.8646393015506));
#5087=CARTESIAN_POINT('',(-5.44679089015739,-8.57388974225032,13.8504126520712));
#5088=CARTESIAN_POINT('',(-5.46199134481655,-8.56567292675322,13.8361807101538));
#5089=CARTESIAN_POINT('',(-5.47456466174673,-8.55603113912996,13.8194806441145));
#5090=CARTESIAN_POINT('',(-5.48347192828593,-8.54576251395058,13.8016948635799));
#5091=CARTESIAN_POINT('',(-5.49238330262849,-8.53548915314406,13.7839008806986));
#5092=CARTESIAN_POINT('',(-5.49787097147312,-8.52430517083831,13.7645296551141));
#5093=CARTESIAN_POINT('',(-5.4994816277153,-8.51313617191063,13.7451843815016));
#5094=CARTESIAN_POINT('',(-5.49982698602899,-8.51074130543675,13.7410363510915));
#5095=CARTESIAN_POINT('',(-5.49999999999999,-8.50833866877282,13.7368748623175));
#5096=CARTESIAN_POINT('',(-5.49999999999999,-8.5059375849511,13.732716063145));
#5097=CARTESIAN_POINT('',(-5.49999999999999,-8.5059375849511,13.732716063145));
#5098=CARTESIAN_POINT('',(-5.49999999999999,0.,0.));
#5099=CARTESIAN_POINT('',(-5.49999999999999,-13.732716063145,8.50593758495112));
#5100=CARTESIAN_POINT('',(-5.2,-13.8827872074572,8.59258120051737));
#5101=CARTESIAN_POINT('',(-5.21931104706129,-13.8924472619411,8.598158435574));
#5102=CARTESIAN_POINT('',(-5.24080523988899,-13.8993632094732,8.60215135974338));
#5103=CARTESIAN_POINT('',(-5.26271502068069,-13.9029653179985,8.60423103807012));
#5104=CARTESIAN_POINT('',(-5.28469953446431,-13.9065797131072,8.60631781005904));
#5105=CARTESIAN_POINT('',(-5.30770795131537,-13.9069564581822,8.60653532392956));
#5106=CARTESIAN_POINT('',(-5.32983450751458,-13.904064292938,8.60486553154724));
#5107=CARTESIAN_POINT('',(-5.35195847131936,-13.9011724665459,8.60319593480134));
#5108=CARTESIAN_POINT('',(-5.37381086000154,-13.8949328280044,8.59959347780975));
#5109=CARTESIAN_POINT('',(-5.3935828612246,-13.8858627692155,8.5943568769264));
#5110=CARTESIAN_POINT('',(-5.41335733920832,-13.876791574256,8.58911962007469));
#5111=CARTESIAN_POINT('',(-5.4315960881053,-13.8646393015447,8.58210350215353));
#5112=CARTESIAN_POINT('',(-5.44679089016436,-13.8504126520646,8.57388974224656));
#5113=CARTESIAN_POINT('',(-5.46199134482268,-13.8361807101466,8.56567292674907));
#5114=CARTESIAN_POINT('',(-5.47456466175187,-13.8194806441067,8.55603113912549));
#5115=CARTESIAN_POINT('',(-5.48347192829002,-13.8016948635718,8.54576251394588));
#5116=CARTESIAN_POINT('',(-5.49238330263153,-13.78390088069,8.53548915313913));
#5117=CARTESIAN_POINT('',(-5.49787097147501,-13.7645296551052,8.52430517083324));
#5118=CARTESIAN_POINT('',(-5.49948162771604,-13.7451843814927,8.51313617190552));
#5119=CARTESIAN_POINT('',(-5.49982698602924,-13.7410363510856,8.51074130543334));
#5120=CARTESIAN_POINT('',(-5.49999999999999,-13.7368748623145,8.50833866877112));
#5121=CARTESIAN_POINT('',(-5.49999999999999,-13.732716063145,8.50593758495112));
#5122=CARTESIAN_POINT('',(-5.29999999999999,0.,0.));
#5123=CARTESIAN_POINT('',(-5.49999999999999,13.732716063145,8.50593758495109));
#5124=CARTESIAN_POINT('',(-5.49999999999999,13.7480051447502,8.51476474033148));
#5125=CARTESIAN_POINT('',(-5.49762366797719,13.7634262447912,8.52366811659134));
#5126=CARTESIAN_POINT('',(-5.49299389927825,13.7781802255311,8.53218633134317));
#5127=CARTESIAN_POINT('',(-5.48711810161085,13.7969050066711,8.54299708877488));
#5128=CARTESIAN_POINT('',(-5.47742789588256,13.8150096105623,8.55344978670502));
#5129=CARTESIAN_POINT('',(-5.46472490937426,13.8309935643204,8.56267812670996));
#5130=CARTESIAN_POINT('',(-5.45202494102184,13.8469737203838,8.57190427411487));
#5131=CARTESIAN_POINT('',(-5.43596300300625,13.8612751834878,8.58016122768774));
#5132=CARTESIAN_POINT('',(-5.41786912677345,13.8727115735249,8.58676403055421));
#5133=CARTESIAN_POINT('',(-5.39978307855389,13.8841430157989,8.59336397682834));
#5134=CARTESIAN_POINT('',(-5.37916764811108,13.893027272569,8.59849330486611));
#5135=CARTESIAN_POINT('',(-5.35773090680582,13.898626943923,8.60172627662972));
#5136=CARTESIAN_POINT('',(-5.33630358066473,13.9042241558629,8.60495782844992));
#5137=CARTESIAN_POINT('',(-5.31346446656231,13.9066940801105,8.60638383987914));
#5138=CARTESIAN_POINT('',(-5.2911057888764,13.9058317230088,8.60588595777436));
#5139=CARTESIAN_POINT('',(-5.26875288692218,13.9049695886727,8.60538820428332));
#5140=CARTESIAN_POINT('',(-5.24626369370381,13.9007531813686,8.60295386039132));
#5141=CARTESIAN_POINT('',(-5.22550025737488,13.8935322237586,8.59878483857137));
#5142=CARTESIAN_POINT('',(-5.21672829414591,13.8904815738744,8.59702354503951));
#5143=CARTESIAN_POINT('',(-5.20818542880279,13.8868818424068,8.59494523910766));
#5144=CARTESIAN_POINT('',(-5.2,13.8827872074573,8.59258120051734));
#5145=CARTESIAN_POINT('',(-5.49999999999999,13.732716063145,8.50593758495109));
#5146=CARTESIAN_POINT('',(-5.2,13.8827872074573,8.59258120051734));
#5147=CARTESIAN_POINT('',(-5.49999999999999,0.,0.));
#5148=CARTESIAN_POINT('',(-5.49999999999999,8.50593758495111,13.732716063145));
#5149=CARTESIAN_POINT('',(-5.2,8.59258120051735,13.8827872074572));
#5150=CARTESIAN_POINT('',(-5.21931104705862,8.59815843557321,13.8924472619398));
#5151=CARTESIAN_POINT('',(-5.240805239883,8.60215135974226,13.8993632094713));
#5152=CARTESIAN_POINT('',(-5.26271502067147,8.60423103806922,13.902965317997));
#5153=CARTESIAN_POINT('',(-5.2846995344549,8.60631781005867,13.9065797131065));
#5154=CARTESIAN_POINT('',(-5.30770795130594,8.60653532392973,13.9069564581826));
#5155=CARTESIAN_POINT('',(-5.32983450750531,8.60486553154792,13.9040642929392));
#5156=CARTESIAN_POINT('',(-5.35195847131025,8.60319593480254,13.901172466548));
#5157=CARTESIAN_POINT('',(-5.37381085999276,8.59959347781147,13.8949328280074));
#5158=CARTESIAN_POINT('',(-5.39358286121632,8.59435687692858,13.8858627692193));
#5159=CARTESIAN_POINT('',(-5.41335733920052,8.58911962007733,13.8767915742606));
#5160=CARTESIAN_POINT('',(-5.43159608809816,8.5821035021566,13.86463930155));
#5161=CARTESIAN_POINT('',(-5.44679089015799,8.57388974224999,13.8504126520706));
#5162=CARTESIAN_POINT('',(-5.46199134481708,8.56567292675285,13.8361807101532));
#5163=CARTESIAN_POINT('',(-5.47456466174718,8.55603113912957,13.8194806441138));
#5164=CARTESIAN_POINT('',(-5.48347192828628,8.54576251395017,13.8016948635792));
#5165=CARTESIAN_POINT('',(-5.49238330262876,8.53548915314363,13.7839008806978));
#5166=CARTESIAN_POINT('',(-5.49787097147329,8.52430517083787,13.7645296551133));
#5167=CARTESIAN_POINT('',(-5.49948162771536,8.51313617191018,13.7451843815009));
#5168=CARTESIAN_POINT('',(-5.49982698602901,8.51074130543645,13.741036351091));
#5169=CARTESIAN_POINT('',(-5.49999999999999,8.50833866877267,13.7368748623172));
#5170=CARTESIAN_POINT('',(-5.49999999999999,8.50593758495111,13.732716063145));
#5171=CARTESIAN_POINT('',(-5.2,8.59258120051735,13.8827872074572));
#5172=CARTESIAN_POINT('',(-5.19999999999999,0.,0.));
#5173=CARTESIAN_POINT('',(-5.29999999999999,0.,0.));
#5174=CARTESIAN_POINT('',(-5.19999999999999,0.,0.));
#5175=CARTESIAN_POINT('',(-5.2,-14.3827872074573,-7.7265557967329));
#5176=CARTESIAN_POINT('',(-5.2,-16.3191369972503,-0.499999999999981));
#5177=CARTESIAN_POINT('',(-5.2,-16.3191369972503,-0.499999999999981));
#5178=CARTESIAN_POINT('',(-5.20154497559708,-16.3200294079035,-0.499999999999981));
#5179=CARTESIAN_POINT('',(-5.2031020348605,-16.3209012182746,-0.499999999999981));
#5180=CARTESIAN_POINT('',(-5.20467034161112,-16.3217519593078,-0.499999999999981));
#5181=CARTESIAN_POINT('',(-5.2243481268992,-16.3324263375065,-0.499999999999981));
#5182=CARTESIAN_POINT('',(-5.24614102851275,-16.3398497343583,-0.499999999999981));
#5183=CARTESIAN_POINT('',(-5.26824330843357,-16.3434059691755,-0.499999999999981));
#5184=CARTESIAN_POINT('',(-5.29033702997551,-16.3469608269581,-0.499999999999981));
#5185=CARTESIAN_POINT('',(-5.31334937192852,-16.3467496003057,-0.499999999999981));
#5186=CARTESIAN_POINT('',(-5.33537412300553,-16.3427898167986,-0.499999999999981));
#5187=CARTESIAN_POINT('',(-5.35739556038974,-16.3388306290533,-0.499999999999981));
#5188=CARTESIAN_POINT('',(-5.37903695759692,-16.331014941863,-0.499999999999981));
#5189=CARTESIAN_POINT('',(-5.3985071087923,-16.3199907827342,-0.499999999999981));
#5190=CARTESIAN_POINT('',(-5.41068054827031,-16.3130980815629,-0.499999999999981));
#5191=CARTESIAN_POINT('',(-5.4221891536367,-16.3048762597155,-0.499999999999981));
#5192=CARTESIAN_POINT('',(-5.43265620321988,-16.2955949434734,-0.499999999999981));
#5193=CARTESIAN_POINT('',(-5.44941314254338,-16.2807362718033,-0.499999999999981));
#5194=CARTESIAN_POINT('',(-5.46383485646714,-16.2627786342164,-0.499999999999981));
#5195=CARTESIAN_POINT('',(-5.47472811848212,-16.2432104973106,-0.499999999999981));
#5196=CARTESIAN_POINT('',(-5.48562124279577,-16.2236426077649,-0.499999999999981));
#5197=CARTESIAN_POINT('',(-5.4932865834919,-16.2019246995782,-0.499999999999981));
#5198=CARTESIAN_POINT('',(-5.49709078780659,-16.1798545729787,-0.499999999999981));
#5199=CARTESIAN_POINT('',(-5.49902321864764,-16.1686435575394,-0.499999999999981));
#5200=CARTESIAN_POINT('',(-5.49999999999999,-16.1572261080666,-0.499999999999983));
#5201=CARTESIAN_POINT('',(-5.49999999999999,-16.1458497661178,-0.499999999999983));
#5202=CARTESIAN_POINT('',(-5.49999999999999,-16.1458497661178,-0.499999999999983));
#5203=CARTESIAN_POINT('',(-5.49999999999999,0.,0.));
#5204=CARTESIAN_POINT('',(-5.49999999999999,-14.232716063145,-7.63991218116665));
#5205=CARTESIAN_POINT('',(-5.2,-14.3827872074573,-7.7265557967329));
#5206=CARTESIAN_POINT('',(-5.21931104705836,-14.3924472619396,-7.73213303178868));
#5207=CARTESIAN_POINT('',(-5.24080523988241,-14.3993632094711,-7.7361259559577));
#5208=CARTESIAN_POINT('',(-5.26271502067057,-14.4029653179969,-7.73820563428468));
#5209=CARTESIAN_POINT('',(-5.28469953445397,-14.4065797131065,-7.74029240627418));
#5210=CARTESIAN_POINT('',(-5.30770795130501,-14.4069564581826,-7.74050992014529));
#5211=CARTESIAN_POINT('',(-5.32983450750439,-14.4040642929393,-7.73884012776353));
#5212=CARTESIAN_POINT('',(-5.35195847130935,-14.4011724665483,-7.73717053101821));
#5213=CARTESIAN_POINT('',(-5.3738108599919,-14.3949328280077,-7.73356807402718));
#5214=CARTESIAN_POINT('',(-5.3935828612155,-14.3858627692197,-7.72833147314434));
#5215=CARTESIAN_POINT('',(-5.41335733919976,-14.3767915742611,-7.72309421629314));
#5216=CARTESIAN_POINT('',(-5.43159608809746,-14.3646393015506,-7.71607809837245));
#5217=CARTESIAN_POINT('',(-5.44679089015737,-14.3504126520712,-7.70786433846587));
#5218=CARTESIAN_POINT('',(-5.46199134481653,-14.3361807101538,-7.69964752296877));
#5219=CARTESIAN_POINT('',(-5.47456466174671,-14.3194806441145,-7.69000573534552));
#5220=CARTESIAN_POINT('',(-5.48347192828592,-14.30169486358,-7.67973711016614));
#5221=CARTESIAN_POINT('',(-5.49238330262849,-14.2839008806986,-7.66946374935962));
#5222=CARTESIAN_POINT('',(-5.49787097147312,-14.2645296551141,-7.65827976705387));
#5223=CARTESIAN_POINT('',(-5.4994816277153,-14.2451843815017,-7.64711076812619));
#5224=CARTESIAN_POINT('',(-5.49982698602899,-14.2410363510916,-7.6447159016523));
#5225=CARTESIAN_POINT('',(-5.49999999999999,-14.2368748623175,-7.64231326498837));
#5226=CARTESIAN_POINT('',(-5.49999999999999,-14.232716063145,-7.63991218116665));
#5227=CARTESIAN_POINT('',(-5.29999999999999,0.,0.));
#5228=CARTESIAN_POINT('',(-5.19999999999999,0.,0.));
#5229=CARTESIAN_POINT('',(-5.19999999999976,-0.500000000000038,-16.3191369972501));
#5230=CARTESIAN_POINT('',(-5.2,-7.72655579673295,-14.3827872074572));
#5231=CARTESIAN_POINT('',(-5.2,-7.72655579673295,-14.3827872074572));
#5232=CARTESIAN_POINT('',(-5.21931104705838,-7.73213303178874,-14.3924472619396));
#5233=CARTESIAN_POINT('',(-5.24080523988246,-7.73612595595776,-14.3993632094711));
#5234=CARTESIAN_POINT('',(-5.26271502067065,-7.73820563428474,-14.4029653179969));
#5235=CARTESIAN_POINT('',(-5.28469953445406,-7.74029240627423,-14.4065797131065));
#5236=CARTESIAN_POINT('',(-5.3077079513051,-7.74050992014534,-14.4069564581826));
#5237=CARTESIAN_POINT('',(-5.32983450750448,-7.73884012776358,-14.4040642929393));
#5238=CARTESIAN_POINT('',(-5.35195847130943,-7.73717053101825,-14.4011724665482));
#5239=CARTESIAN_POINT('',(-5.37381085999198,-7.73356807402722,-14.3949328280077));
#5240=CARTESIAN_POINT('',(-5.39358286121558,-7.72833147314437,-14.3858627692196));
#5241=CARTESIAN_POINT('',(-5.41335733919983,-7.72309421629316,-14.376791574261));
#5242=CARTESIAN_POINT('',(-5.43159608809752,-7.71607809837247,-14.3646393015505));
#5243=CARTESIAN_POINT('',(-5.44679089015742,-7.70786433846589,-14.3504126520711));
#5244=CARTESIAN_POINT('',(-5.46199134481658,-7.69964752296879,-14.3361807101537));
#5245=CARTESIAN_POINT('',(-5.47456466174676,-7.69000573534553,-14.3194806441145));
#5246=CARTESIAN_POINT('',(-5.48347192828595,-7.67973711016614,-14.3016948635799));
#5247=CARTESIAN_POINT('',(-5.49238330262851,-7.66946374935963,-14.2839008806985));
#5248=CARTESIAN_POINT('',(-5.49787097147314,-7.65827976705387,-14.264529655114));
#5249=CARTESIAN_POINT('',(-5.4994816277153,-7.64711076812619,-14.2451843815016));
#5250=CARTESIAN_POINT('',(-5.49982698602899,-7.64471590165232,-14.2410363510915));
#5251=CARTESIAN_POINT('',(-5.49999999999999,-7.6423132649884,-14.2368748623174));
#5252=CARTESIAN_POINT('',(-5.49999999999999,-7.6399121811667,-14.232716063145));
#5253=CARTESIAN_POINT('',(-5.49999999999999,-7.6399121811667,-14.232716063145));
#5254=CARTESIAN_POINT('',(-5.49999999999999,0.,0.));
#5255=CARTESIAN_POINT('',(-5.49999999999999,-0.500000000000038,-16.1458497661178));
#5256=CARTESIAN_POINT('',(-5.19999999999976,-0.500000000000038,-16.3191369972501));
#5257=CARTESIAN_POINT('',(-5.20032806619125,-0.500000000000038,-16.3193264952363));
#5258=CARTESIAN_POINT('',(-5.20065667222909,-0.500000000000038,-16.3195150616783));
#5259=CARTESIAN_POINT('',(-5.20098581015557,-0.500000000000038,-16.3197026920013));
#5260=CARTESIAN_POINT('',(-5.22043474073674,-0.500000000000038,-16.3307898649861));
#5261=CARTESIAN_POINT('',(-5.24206693476769,-0.500000000000038,-16.3386712713327));
#5262=CARTESIAN_POINT('',(-5.26408997501136,-0.500000000000038,-16.3426927143538));
#5263=CARTESIAN_POINT('',(-5.28610426528741,-0.500000000000038,-16.3467125596166));
#5264=CARTESIAN_POINT('',(-5.30911639791356,-0.500000000000038,-16.346986415511));
#5265=CARTESIAN_POINT('',(-5.33122011013426,-0.500000000000038,-16.3434915566641));
#5266=CARTESIAN_POINT('',(-5.35332010069607,-0.500000000000038,-16.3399972862556));
#5267=CARTESIAN_POINT('',(-5.37512140881411,-0.500000000000038,-16.3326393131649));
#5268=CARTESIAN_POINT('',(-5.39481948574887,-0.500000000000038,-16.3220277499627));
#5269=CARTESIAN_POINT('',(-5.40713522867336,-0.500000000000038,-16.3153931284787));
#5270=CARTESIAN_POINT('',(-5.4188142893432,-0.500000000000038,-16.3074156837143));
#5271=CARTESIAN_POINT('',(-5.42947434356012,-0.500000000000038,-16.2983570430817));
#5272=CARTESIAN_POINT('',(-5.44654008378605,-0.500000000000038,-16.2838550147909));
#5273=CARTESIAN_POINT('',(-5.46133644302512,-0.500000000000038,-16.2662055931248));
#5274=CARTESIAN_POINT('',(-5.47263914496826,-0.500000000000038,-16.2468717563925));
#5275=CARTESIAN_POINT('',(-5.48394170153333,-0.500000000000038,-16.2275381683366));
#5276=CARTESIAN_POINT('',(-5.49206255946385,-0.500000000000038,-16.2059871217903));
#5277=CARTESIAN_POINT('',(-5.49633071824503,-0.500000000000038,-16.1840026219634));
#5278=CARTESIAN_POINT('',(-5.49876569481952,-0.500000000000038,-16.1714605060711));
#5279=CARTESIAN_POINT('',(-5.49999999999999,-0.500000000000038,-16.1586260637808));
#5280=CARTESIAN_POINT('',(-5.49999999999999,-0.500000000000038,-16.1458497661178));
#5281=CARTESIAN_POINT('',(-5.29999999999999,0.,0.));
#5282=CARTESIAN_POINT('',(-5.19999999999999,0.,0.));
#5283=CARTESIAN_POINT('',(-5.2,13.8827872074572,-8.5925812005174));
#5284=CARTESIAN_POINT('',(-5.2,8.59258120051732,-13.8827872074573));
#5285=CARTESIAN_POINT('',(-5.2,8.59258120051732,-13.8827872074573));
#5286=CARTESIAN_POINT('',(-5.21931104706097,8.59815843557386,-13.8924472619409));
#5287=CARTESIAN_POINT('',(-5.24080523988827,8.6021513597432,-13.899363209473));
#5288=CARTESIAN_POINT('',(-5.26271502067959,8.60423103806996,-13.9029653179984));
#5289=CARTESIAN_POINT('',(-5.28469953446318,8.60631781005895,-13.9065797131071));
#5290=CARTESIAN_POINT('',(-5.30770795131424,8.60653532392953,-13.9069564581823));
#5291=CARTESIAN_POINT('',(-5.32983450751347,8.60486553154727,-13.9040642929381));
#5292=CARTESIAN_POINT('',(-5.35195847131827,8.60319593480144,-13.9011724665462));
#5293=CARTESIAN_POINT('',(-5.37381086000049,8.59959347780991,-13.8949328280048));
#5294=CARTESIAN_POINT('',(-5.39358286122361,8.59435687692661,-13.885862769216));
#5295=CARTESIAN_POINT('',(-5.41335733920739,8.58911962007496,-13.8767915742566));
#5296=CARTESIAN_POINT('',(-5.43159608810445,8.58210350215386,-13.8646393015454));
#5297=CARTESIAN_POINT('',(-5.4467908901636,8.57388974224693,-13.8504126520654));
#5298=CARTESIAN_POINT('',(-5.46199134482201,8.56567292674948,-13.8361807101474));
#5299=CARTESIAN_POINT('',(-5.47456466175131,8.55603113912593,-13.8194806441076));
#5300=CARTESIAN_POINT('',(-5.48347192828957,8.54576251394634,-13.8016948635727));
#5301=CARTESIAN_POINT('',(-5.4923833026312,8.53548915313963,-13.783900880691));
#5302=CARTESIAN_POINT('',(-5.4978709714748,8.52430517083375,-13.7645296551062));
#5303=CARTESIAN_POINT('',(-5.49948162771596,8.51313617190603,-13.7451843814937));
#5304=CARTESIAN_POINT('',(-5.49982698602921,8.51074130543366,-13.7410363510863));
#5305=CARTESIAN_POINT('',(-5.49999999999999,8.50833866877126,-13.7368748623149));
#5306=CARTESIAN_POINT('',(-5.49999999999999,8.50593758495107,-13.7327160631451));
#5307=CARTESIAN_POINT('',(-5.49999999999999,8.50593758495107,-13.7327160631451));
#5308=CARTESIAN_POINT('',(-5.49999999999999,0.,0.));
#5309=CARTESIAN_POINT('',(-5.49999999999999,13.732716063145,-8.50593758495115));
#5310=CARTESIAN_POINT('',(-5.2,13.8827872074572,-8.5925812005174));
#5311=CARTESIAN_POINT('',(-5.21931104705959,13.8924472619402,-8.59815843557354));
#5312=CARTESIAN_POINT('',(-5.24080523988518,13.899363209472,-8.60215135974271));
#5313=CARTESIAN_POINT('',(-5.26271502067483,13.9029653179975,-8.60423103806959));
#5314=CARTESIAN_POINT('',(-5.28469953445832,13.9065797131067,-8.60631781005885));
#5315=CARTESIAN_POINT('',(-5.30770795130937,13.9069564581824,-8.60653532392971));
#5316=CARTESIAN_POINT('',(-5.32983450750868,13.9040642929387,-8.60486553154771));
#5317=CARTESIAN_POINT('',(-5.35195847131356,13.9011724665472,-8.60319593480214));
#5318=CARTESIAN_POINT('',(-5.37381085999596,13.8949328280063,-8.59959347781089));
#5319=CARTESIAN_POINT('',(-5.39358286121933,13.8858627692179,-8.59435687692783));
#5320=CARTESIAN_POINT('',(-5.41335733920336,13.8767915742589,-8.58911962007641));
#5321=CARTESIAN_POINT('',(-5.43159608810076,13.8646393015481,-8.58210350215553));
#5322=CARTESIAN_POINT('',(-5.44679089016031,13.8504126520684,-8.57388974224878));
#5323=CARTESIAN_POINT('',(-5.46199134481912,13.8361807101507,-8.56567292675152));
#5324=CARTESIAN_POINT('',(-5.47456466174889,13.8194806441112,-8.55603113912813));
#5325=CARTESIAN_POINT('',(-5.48347192828764,13.8016948635765,-8.54576251394865));
#5326=CARTESIAN_POINT('',(-5.49238330262977,13.783900880695,-8.53548915314204));
#5327=CARTESIAN_POINT('',(-5.49787097147391,13.7645296551103,-8.52430517083623));
#5328=CARTESIAN_POINT('',(-5.49948162771561,13.7451843814979,-8.51313617190853));
#5329=CARTESIAN_POINT('',(-5.4998269860291,13.741036351089,-8.51074130543536));
#5330=CARTESIAN_POINT('',(-5.49999999999999,13.7368748623162,-8.50833866877215));
#5331=CARTESIAN_POINT('',(-5.49999999999999,13.732716063145,-8.50593758495115));
#5332=CARTESIAN_POINT('',(-5.29999999999999,0.,0.));
#5333=CARTESIAN_POINT('',(-5.49999999999999,-7.42772228311383,11.8651923788647));
#5334=CARTESIAN_POINT('',(-5.49999999999999,-7.72873062407096,12.3865541189044));
#5335=CARTESIAN_POINT('',(-5.49999999999999,0.,0.));
#5336=CARTESIAN_POINT('',(-5.49999999999999,-12.3865541189044,7.72873062407097));
#5337=CARTESIAN_POINT('',(-5.49999999999999,-6.74470958122163,4.47141016151379));
#5338=CARTESIAN_POINT('',(-5.49999999999999,0.,16.1535898384862));
#5339=CARTESIAN_POINT('',(-5.49999999999999,6.74470958122161,4.47141016151375));
#5340=CARTESIAN_POINT('',(-5.49999999999999,12.3865541189044,7.72873062407094));
#5341=CARTESIAN_POINT('',(-5.49999999999999,0.,0.));
#5342=CARTESIAN_POINT('',(-5.49999999999999,7.72873062407096,12.3865541189044));
#5343=CARTESIAN_POINT('',(-5.49999999999999,7.42772228311384,11.8651923788647));
#5344=CARTESIAN_POINT('',(-5.49999999999999,0.,16.1535898384862));
#5345=CARTESIAN_POINT('',(-5.49999999999999,-1.47913591050808E-14,-0.499999999999997));
#5346=CARTESIAN_POINT('',(-5.49999999999999,-14.5914358443575,-0.499999999999982));
#5347=CARTESIAN_POINT('',(-5.49999999999999,0.,0.));
#5348=CARTESIAN_POINT('',(-5.49999999999999,-12.8865541189044,-6.8627052202865));
#5349=CARTESIAN_POINT('',(-5.49999999999999,6.74470958122161,4.47141016151375));
#5350=CARTESIAN_POINT('',(-5.49999999999999,0.,16.1535898384862));
#5351=CARTESIAN_POINT('',(-5.49999999999999,7.42772228311385,11.8651923788646));
#5352=CARTESIAN_POINT('',(-5.49999999999999,-6.86270522028655,-12.8865541189044));
#5353=CARTESIAN_POINT('',(-5.49999999999999,0.,0.));
#5354=CARTESIAN_POINT('',(-5.49999999999999,-0.500000000000034,-14.5914358443575));
#5355=CARTESIAN_POINT('',(-5.49999999999999,-0.499999999999962,16.1535898384862));
#5356=CARTESIAN_POINT('',(-5.49999999999999,0.,16.1535898384862));
#5357=CARTESIAN_POINT('',(-5.49999999999999,-6.56169687932938,12.3651923788647));
#5358=CARTESIAN_POINT('',(-5.49999999999999,7.72873062407093,-12.3865541189044));
#5359=CARTESIAN_POINT('',(-5.49999999999999,0.,0.));
#5360=CARTESIAN_POINT('',(-5.49999999999999,12.3865541189044,-7.728730624071));
#5361=CARTESIAN_POINT('',(-5.49999999999999,-7.24470958122165,3.60538475772938));
#5362=CARTESIAN_POINT('',(-5.49999999999999,0.,16.1535898384862));
#5363=CARTESIAN_POINT('',(-8.08890576642632E-33,-7.72873062407096,12.3865541189044));
#5364=CARTESIAN_POINT('',(-9.1,-7.72873062407096,12.3865541189044));
#5365=CARTESIAN_POINT('',(-9.1,0.,0.));
#5366=CARTESIAN_POINT('',(-9.1,-12.3865541189044,7.72873062407097));
#5367=CARTESIAN_POINT('',(0.,-12.3865541189044,7.72873062407097));
#5368=CARTESIAN_POINT('',(0.,0.,0.));
#5369=CARTESIAN_POINT('',(0.,12.3865541189044,7.72873062407094));
#5370=CARTESIAN_POINT('',(-9.1,12.3865541189044,7.72873062407095));
#5371=CARTESIAN_POINT('',(-9.1,0.,0.));
#5372=CARTESIAN_POINT('',(-9.1,7.72873062407096,12.3865541189044));
#5373=CARTESIAN_POINT('',(8.08890576642647E-33,7.72873062407096,12.3865541189044));
#5374=CARTESIAN_POINT('',(0.,0.,0.));
#5375=CARTESIAN_POINT('',(-8.08890576642632E-33,-14.5914358443575,-0.499999999999982));
#5376=CARTESIAN_POINT('',(-9.1,-14.5914358443575,-0.499999999999982));
#5377=CARTESIAN_POINT('',(-9.1,0.,0.));
#5378=CARTESIAN_POINT('',(-9.1,-12.8865541189044,-6.86270522028651));
#5379=CARTESIAN_POINT('',(0.,-12.8865541189044,-6.8627052202865));
#5380=CARTESIAN_POINT('',(0.,0.,0.));
#5381=CARTESIAN_POINT('',(-8.08890576642632E-33,-6.86270522028655,-12.8865541189044));
#5382=CARTESIAN_POINT('',(-9.1,-6.86270522028655,-12.8865541189044));
#5383=CARTESIAN_POINT('',(-9.1,0.,0.));
#5384=CARTESIAN_POINT('',(-9.1,-0.500000000000034,-14.5914358443575));
#5385=CARTESIAN_POINT('',(0.,-0.500000000000034,-14.5914358443575));
#5386=CARTESIAN_POINT('',(0.,0.,0.));
#5387=CARTESIAN_POINT('',(-8.08890576642632E-33,7.72873062407093,-12.3865541189044));
#5388=CARTESIAN_POINT('',(-9.1,7.72873062407093,-12.3865541189044));
#5389=CARTESIAN_POINT('',(-9.1,0.,0.));
#5390=CARTESIAN_POINT('',(-9.1,12.3865541189044,-7.728730624071));
#5391=CARTESIAN_POINT('',(0.,12.3865541189044,-7.728730624071));
#5392=CARTESIAN_POINT('',(0.,0.,0.));
#5393=CARTESIAN_POINT('',(-9.1,-6.75499814951863,10.7));
#5394=CARTESIAN_POINT('',(-9.1,-8.56429627306168,13.8337962760156));
#5395=CARTESIAN_POINT('',(-9.1,0.,0.));
#5396=CARTESIAN_POINT('',(-9.1,-13.8337962760156,8.56429627306169));
#5397=CARTESIAN_POINT('',(-9.1,-6.07198544762642,4.08301270189223));
#5398=CARTESIAN_POINT('',(-9.1,0.,14.6));
#5399=CARTESIAN_POINT('',(-9.1,6.0719854476264,4.0830127018922));
#5400=CARTESIAN_POINT('',(-9.1,13.8337962760156,8.56429627306166));
#5401=CARTESIAN_POINT('',(-9.1,0.,0.));
#5402=CARTESIAN_POINT('',(-9.1,8.56429627306168,13.8337962760156));
#5403=CARTESIAN_POINT('',(-9.1,6.75499814951863,10.7));
#5404=CARTESIAN_POINT('',(-9.1,0.,14.6));
#5405=CARTESIAN_POINT('',(-9.1,-1.34114941374719E-14,-0.499999999999995));
#5406=CARTESIAN_POINT('',(-9.09999999997859,-16.262567142342,-0.499999999999981));
#5407=CARTESIAN_POINT('',(-9.1,0.,0.));
#5408=CARTESIAN_POINT('',(-9.1,-14.3337962760156,-7.69827086927722));
#5409=CARTESIAN_POINT('',(-9.1,6.0719854476264,4.0830127018922));
#5410=CARTESIAN_POINT('',(-9.1,0.,14.6));
#5411=CARTESIAN_POINT('',(-9.1,6.75499814951864,10.7));
#5412=CARTESIAN_POINT('',(-9.1,-7.69827086927727,-14.3337962760156));
#5413=CARTESIAN_POINT('',(-9.1,0.,0.));
#5414=CARTESIAN_POINT('',(-9.09999999996245,-0.500000000000038,-16.2625671423447));
#5415=CARTESIAN_POINT('',(-9.1,-0.499999999999966,14.6));
#5416=CARTESIAN_POINT('',(-9.1,0.,14.6));
#5417=CARTESIAN_POINT('',(-9.1,-5.88897274573418,11.2));
#5418=CARTESIAN_POINT('',(-9.1,8.56429627306164,-13.8337962760156));
#5419=CARTESIAN_POINT('',(-9.1,0.,0.));
#5420=CARTESIAN_POINT('',(-9.1,13.8337962760156,-8.56429627306172));
#5421=CARTESIAN_POINT('',(-9.1,-6.57198544762643,3.21698729810783));
#5422=CARTESIAN_POINT('',(-9.1,0.,14.6));
#5423=CARTESIAN_POINT('',(-9.1,-8.56429627306168,13.8337962760156));
#5424=CARTESIAN_POINT('',(-9.1,-8.57467198331981,13.8517675333473));
#5425=CARTESIAN_POINT('',(-9.10330503982447,-8.5851708470492,13.8699520987484));
#5426=CARTESIAN_POINT('',(-9.10968008736142,-8.59504480550497,13.8870542964656));
#5427=CARTESIAN_POINT('',(-9.11656314212704,-8.60570558825372,13.9055193138349));
#5428=CARTESIAN_POINT('',(-9.12722281512523,-8.61591927958573,13.9232099461547));
#5429=CARTESIAN_POINT('',(-9.14077713866049,-8.62483928395333,13.9386598469232));
#5430=CARTESIAN_POINT('',(-9.15432780541154,-8.63375688181714,13.9541055795047));
#5431=CARTESIAN_POINT('',(-9.17114565410737,-8.64162755778204,13.9677379901659));
#5432=CARTESIAN_POINT('',(-9.18983790543511,-8.64779834615026,13.9784261091424));
#5433=CARTESIAN_POINT('',(-9.20852194380591,-8.65396642321215,13.9891095319986));
#5434=CARTESIAN_POINT('',(-9.22959441633042,-8.65860628691602,13.9971460116739));
#5435=CARTESIAN_POINT('',(-9.25130934037812,-8.66133282602308,14.0018685159361));
#5436=CARTESIAN_POINT('',(-9.27301518271722,-8.66405822482528,14.0065890451324));
#5437=CARTESIAN_POINT('',(-9.29596178417621,-8.66494708680769,14.0081285992469));
#5438=CARTESIAN_POINT('',(-9.31824813482808,-8.66392564655054,14.0063594128246));
#5439=CARTESIAN_POINT('',(-9.32145165142111,-8.66377882121948,14.0061051038914));
#5440=CARTESIAN_POINT('',(-9.32464900856844,-8.66359326741646,14.005783715277));
#5441=CARTESIAN_POINT('',(-9.32783462019201,-8.66336930991104,14.0053958094989));
#5442=CARTESIAN_POINT('',(-9.1,-13.8337962760156,8.56429627306169));
#5443=CARTESIAN_POINT('',(-9.1,-13.8517675333473,8.57467198331983));
#5444=CARTESIAN_POINT('',(-9.10330503982447,-13.8699520987483,8.58517084704921));
#5445=CARTESIAN_POINT('',(-9.10968008736142,-13.8870542964656,8.59504480550498));
#5446=CARTESIAN_POINT('',(-9.11656314212703,-13.9055193138349,8.60570558825373));
#5447=CARTESIAN_POINT('',(-9.12722281512523,-13.9232099461547,8.61591927958574));
#5448=CARTESIAN_POINT('',(-9.14077713866049,-13.9386598469231,8.62483928395335));
#5449=CARTESIAN_POINT('',(-9.15432780541154,-13.9541055795047,8.63375688181715));
#5450=CARTESIAN_POINT('',(-9.17114565410737,-13.9677379901659,8.64162755778206));
#5451=CARTESIAN_POINT('',(-9.18983790543511,-13.9784261091424,8.64779834615027));
#5452=CARTESIAN_POINT('',(-9.20852194380591,-13.9891095319986,8.65396642321217));
#5453=CARTESIAN_POINT('',(-9.22959441633042,-13.9971460116738,8.65860628691603));
#5454=CARTESIAN_POINT('',(-9.25130934037812,-14.0018685159361,8.6613328260231));
#5455=CARTESIAN_POINT('',(-9.27301518271722,-14.0065890451324,8.6640582248253));
#5456=CARTESIAN_POINT('',(-9.29596178417621,-14.0081285992469,8.66494708680771));
#5457=CARTESIAN_POINT('',(-9.31824813482808,-14.0063594128246,8.66392564655056));
#5458=CARTESIAN_POINT('',(-9.32145165142111,-14.0061051038913,8.6637788212195));
#5459=CARTESIAN_POINT('',(-9.32464900856844,-14.005783715277,8.66359326741648));
#5460=CARTESIAN_POINT('',(-9.32783462019201,-14.0053958094988,8.66336930991106));
#5461=CARTESIAN_POINT('',(-9.3,0.,0.));
#5462=CARTESIAN_POINT('',(-9.32783462019201,14.0053958094989,8.66336930991102));
#5463=CARTESIAN_POINT('',(-9.30574276971626,14.0080858914868,8.66492242947091));
#5464=CARTESIAN_POINT('',(-9.28281336701382,14.0075198504349,8.66459562551722));
#5465=CARTESIAN_POINT('',(-9.26093431463002,14.0037443724156,8.66241585226645));
#5466=CARTESIAN_POINT('',(-9.23899024890064,13.999957675608,8.66022960184523));
#5467=CARTESIAN_POINT('',(-9.21749865733341,13.9928376984864,8.65611888113746));
#5468=CARTESIAN_POINT('',(-9.19823838719359,13.9829747839136,8.65042452475388));
#5469=CARTESIAN_POINT('',(-9.17897564646132,13.9731106041851,8.64472943793226));
#5470=CARTESIAN_POINT('',(-9.16141372029822,13.9602309794233,8.63729338310896));
#5471=CARTESIAN_POINT('',(-9.14700470168457,13.9454027271982,8.62873228769522));
#5472=CARTESIAN_POINT('',(-9.13259006337161,13.9305686917675,8.62016785334612));
#5473=CARTESIAN_POINT('',(-9.12093337388138,13.9133756935288,8.61024147118484));
#5474=CARTESIAN_POINT('',(-9.11299776722073,13.8952468610891,8.5997747848957));
#5475=CARTESIAN_POINT('',(-9.10505857927602,13.8771098472335,8.58930337506386));
#5476=CARTESIAN_POINT('',(-9.10062490875611,13.8575361396738,8.57800248973521));
#5477=CARTESIAN_POINT('',(-9.10006300992001,13.838145742494,8.56680743870379));
#5478=CARTESIAN_POINT('',(-9.10002100659986,13.8366962626083,8.56597058110159));
#5479=CARTESIAN_POINT('',(-9.1,13.8352462122722,8.56513339414972));
#5480=CARTESIAN_POINT('',(-9.1,13.8337962760156,8.56429627306166));
#5481=CARTESIAN_POINT('',(-9.1,8.56429627306168,13.8337962760156));
#5482=CARTESIAN_POINT('',(-9.1,8.57467198332068,13.8517675333488));
#5483=CARTESIAN_POINT('',(-9.10330503982504,8.58517084705098,13.8699520987514));
#5484=CARTESIAN_POINT('',(-9.10968008736305,8.59504480550749,13.8870542964699));
#5485=CARTESIAN_POINT('',(-9.11656314212923,8.60570558825615,13.9055193138391));
#5486=CARTESIAN_POINT('',(-9.12722281512796,8.61591927958801,13.9232099461587));
#5487=CARTESIAN_POINT('',(-9.14077713866369,8.62483928395544,13.9386598469268));
#5488=CARTESIAN_POINT('',(-9.15432780541522,8.63375688181907,13.9541055795081));
#5489=CARTESIAN_POINT('',(-9.17114565411147,8.64162755778375,13.9677379901688));
#5490=CARTESIAN_POINT('',(-9.18983790543953,8.64779834615172,13.9784261091449));
#5491=CARTESIAN_POINT('',(-9.20852194381066,8.65396642321336,13.9891095320007));
#5492=CARTESIAN_POINT('',(-9.22959441633541,8.65860628691695,13.9971460116755));
#5493=CARTESIAN_POINT('',(-9.25130934038327,8.66133282602373,14.0018685159372));
#5494=CARTESIAN_POINT('',(-9.27301518272251,8.66405822482563,14.006589045133));
#5495=CARTESIAN_POINT('',(-9.29596178418154,8.66494708680775,14.008128599247));
#5496=CARTESIAN_POINT('',(-9.31824813483336,8.6639256465503,14.0063594128242));
#5497=CARTESIAN_POINT('',(-9.32145165142462,8.66377882121928,14.006105103891));
#5498=CARTESIAN_POINT('',(-9.32464900857019,8.66359326741634,14.0057837152768));
#5499=CARTESIAN_POINT('',(-9.32783462019201,8.66336930991104,14.0053958094989));
#5500=CARTESIAN_POINT('',(-9.3,0.,0.));
#5501=CARTESIAN_POINT('',(-9.09999999997859,-16.262567142342,-0.499999999999981));
#5502=CARTESIAN_POINT('',(-9.09999999997874,-16.2721108314562,-0.499999999999981));
#5503=CARTESIAN_POINT('',(-9.10068596118652,-16.2816788298865,-0.499999999999981));
#5504=CARTESIAN_POINT('',(-9.10204742293099,-16.2911249096991,-0.499999999999981));
#5505=CARTESIAN_POINT('',(-9.10524372104712,-16.3133014322731,-0.499999999999981));
#5506=CARTESIAN_POINT('',(-9.11231298576782,-16.3352321038131,-0.499999999999981));
#5507=CARTESIAN_POINT('',(-9.12267062227631,-16.3551000136448,-0.499999999999981));
#5508=CARTESIAN_POINT('',(-9.13302689120932,-16.3749653002075,-0.499999999999981));
#5509=CARTESIAN_POINT('',(-9.14695658833298,-16.3933165067028,-0.499999999999981));
#5510=CARTESIAN_POINT('',(-9.16330661440357,-16.4086318115945,-0.499999999999981));
#5511=CARTESIAN_POINT('',(-9.17965049839053,-16.4239413631079,-0.499999999999981));
#5512=CARTESIAN_POINT('',(-9.19886405102305,-16.4366397237871,-0.499999999999981));
#5513=CARTESIAN_POINT('',(-9.21935558855708,-16.4456730952957,-0.499999999999981));
#5514=CARTESIAN_POINT('',(-9.23217910118913,-16.4513261388245,-0.499999999999981));
#5515=CARTESIAN_POINT('',(-9.24567382447027,-16.4556470549789,-0.499999999999981));
#5516=CARTESIAN_POINT('',(-9.25939596659432,-16.4584934900985,-0.499999999999981));
#5517=CARTESIAN_POINT('',(-9.28130478508266,-16.4630381180298,-0.499999999999981));
#5518=CARTESIAN_POINT('',(-9.30430040221757,-16.4638628147277,-0.499999999999981));
#5519=CARTESIAN_POINT('',(-9.32647847146535,-16.4608991657893,-0.499999999999981));
#5520=CARTESIAN_POINT('',(-9.32693073059674,-16.4608387305333,-0.499999999999981));
#5521=CARTESIAN_POINT('',(-9.32738278547058,-16.4607767465549,-0.499999999999981));
#5522=CARTESIAN_POINT('',(-9.32783462019201,-16.4607132160377,-0.499999999999981));
#5523=CARTESIAN_POINT('',(-9.1,-14.3337962760156,-7.69827086927722));
#5524=CARTESIAN_POINT('',(-9.1,-14.3517675333473,-7.70864657953536));
#5525=CARTESIAN_POINT('',(-9.10330503982447,-14.3699520987484,-7.71914544326474));
#5526=CARTESIAN_POINT('',(-9.10968008736142,-14.3870542964656,-7.72901940172051));
#5527=CARTESIAN_POINT('',(-9.11656314212703,-14.4055193138349,-7.73968018446926));
#5528=CARTESIAN_POINT('',(-9.12722281512523,-14.4232099461547,-7.74989387580127));
#5529=CARTESIAN_POINT('',(-9.14077713866048,-14.4386598469232,-7.75881388016887));
#5530=CARTESIAN_POINT('',(-9.15432780541154,-14.4541055795047,-7.76773147803268));
#5531=CARTESIAN_POINT('',(-9.17114565410737,-14.4677379901659,-7.77560215399759));
#5532=CARTESIAN_POINT('',(-9.18983790543511,-14.4784261091424,-7.7817729423658));
#5533=CARTESIAN_POINT('',(-9.2085219438059,-14.4891095319986,-7.78794101942769));
#5534=CARTESIAN_POINT('',(-9.22959441633042,-14.4971460116739,-7.79258088313156));
#5535=CARTESIAN_POINT('',(-9.25130934037812,-14.5018685159361,-7.79530742223863));
#5536=CARTESIAN_POINT('',(-9.27301518271722,-14.5065890451324,-7.79803282104082));
#5537=CARTESIAN_POINT('',(-9.29596178417621,-14.5081285992469,-7.79892168302324));
#5538=CARTESIAN_POINT('',(-9.31824813482808,-14.5063594128246,-7.79790024276608));
#5539=CARTESIAN_POINT('',(-9.32145165142111,-14.5061051038914,-7.79775341743503));
#5540=CARTESIAN_POINT('',(-9.32464900856844,-14.505783715277,-7.79756786363201));
#5541=CARTESIAN_POINT('',(-9.32783462019201,-14.5053958094989,-7.79734390612658));
#5542=CARTESIAN_POINT('',(-9.3,0.,0.));
#5543=CARTESIAN_POINT('',(-9.1,-7.69827086927727,-14.3337962760156));
#5544=CARTESIAN_POINT('',(-9.1,-7.70864657953634,-14.3517675333489));
#5545=CARTESIAN_POINT('',(-9.10330503982508,-7.71914544326669,-14.3699520987516));
#5546=CARTESIAN_POINT('',(-9.10968008736316,-7.72901940172325,-14.3870542964702));
#5547=CARTESIAN_POINT('',(-9.11656314212937,-7.7396801844719,-14.4055193138393));
#5548=CARTESIAN_POINT('',(-9.12722281512814,-7.74989387580376,-14.4232099461589));
#5549=CARTESIAN_POINT('',(-9.1407771386639,-7.75881388017117,-14.438659846927));
#5550=CARTESIAN_POINT('',(-9.15432780541546,-7.76773147803479,-14.4541055795083));
#5551=CARTESIAN_POINT('',(-9.17114565411173,-7.77560215399946,-14.467737990169));
#5552=CARTESIAN_POINT('',(-9.18983790543982,-7.78177294236741,-14.478426109145));
#5553=CARTESIAN_POINT('',(-9.20852194381096,-7.78794101942904,-14.4891095320008));
#5554=CARTESIAN_POINT('',(-9.22959441633573,-7.7925808831326,-14.4971460116756));
#5555=CARTESIAN_POINT('',(-9.2513093403836,-7.79530742223937,-14.5018685159373));
#5556=CARTESIAN_POINT('',(-9.27301518272285,-7.79803282104125,-14.5065890451331));
#5557=CARTESIAN_POINT('',(-9.29596178418188,-7.79892168302334,-14.5081285992469));
#5558=CARTESIAN_POINT('',(-9.31824813483369,-7.79790024276588,-14.5063594128241));
#5559=CARTESIAN_POINT('',(-9.32145165142485,-7.79775341743486,-14.506105103891));
#5560=CARTESIAN_POINT('',(-9.3246490085703,-7.79756786363193,-14.5057837152767));
#5561=CARTESIAN_POINT('',(-9.32783462019201,-7.79734390612663,-14.5053958094988));
#5562=CARTESIAN_POINT('',(-9.09999999996245,-0.500000000000038,-16.2625671423447));
#5563=CARTESIAN_POINT('',(-9.09999999996275,-0.500000000000038,-16.272668044929));
#5564=CARTESIAN_POINT('',(-9.1007688706829,-0.500000000000038,-16.2827977549809));
#5565=CARTESIAN_POINT('',(-9.10229348368064,-0.500000000000038,-16.2927829334081));
#5566=CARTESIAN_POINT('',(-9.10567536020764,-0.500000000000038,-16.3149319250481));
#5567=CARTESIAN_POINT('',(-9.11292803055196,-0.500000000000038,-16.3368026484673));
#5568=CARTESIAN_POINT('',(-9.12345171749764,-0.500000000000038,-16.3565831169295));
#5569=CARTESIAN_POINT('',(-9.13397393769032,-0.500000000000038,-16.3763608284623));
#5570=CARTESIAN_POINT('',(-9.14805676836213,-0.500000000000039,-16.3945945896853));
#5571=CARTESIAN_POINT('',(-9.1645344066777,-0.500000000000039,-16.4097722847277));
#5572=CARTESIAN_POINT('',(-9.18100578516853,-0.500000000000039,-16.4249442137914));
#5573=CARTESIAN_POINT('',(-9.20032482634372,-0.500000000000039,-16.4374810299473));
#5574=CARTESIAN_POINT('',(-9.22089108810085,-0.500000000000039,-16.4463423288498));
#5575=CARTESIAN_POINT('',(-9.23376113193908,-0.500000000000039,-16.4518875906328));
#5576=CARTESIAN_POINT('',(-9.24729116863563,-0.500000000000039,-16.4560952153196));
#5577=CARTESIAN_POINT('',(-9.26103626110472,-0.500000000000039,-16.4588265867069));
#5578=CARTESIAN_POINT('',(-9.28288407207656,-0.500000000000039,-16.4631680988428));
#5579=CARTESIAN_POINT('',(-9.305776597242,-0.500000000000039,-16.463814698816));
#5580=CARTESIAN_POINT('',(-9.32783462019201,-0.500000000000039,-16.4607132160377));
#5581=CARTESIAN_POINT('',(-9.3,0.,0.));
#5582=CARTESIAN_POINT('',(-9.1,8.56429627306164,-13.8337962760156));
#5583=CARTESIAN_POINT('',(-9.1,8.57467198331978,-13.8517675333473));
#5584=CARTESIAN_POINT('',(-9.10330503982447,8.58517084704916,-13.8699520987484));
#5585=CARTESIAN_POINT('',(-9.10968008736142,8.59504480550493,-13.8870542964656));
#5586=CARTESIAN_POINT('',(-9.11656314212703,8.60570558825368,-13.9055193138349));
#5587=CARTESIAN_POINT('',(-9.12722281512523,8.61591927958569,-13.9232099461547));
#5588=CARTESIAN_POINT('',(-9.14077713866048,8.6248392839533,-13.9386598469232));
#5589=CARTESIAN_POINT('',(-9.15432780541154,8.6337568818171,-13.9541055795048));
#5590=CARTESIAN_POINT('',(-9.17114565410737,8.64162755778201,-13.9677379901659));
#5591=CARTESIAN_POINT('',(-9.18983790543511,8.64779834615022,-13.9784261091424));
#5592=CARTESIAN_POINT('',(-9.2085219438059,8.65396642321212,-13.9891095319986));
#5593=CARTESIAN_POINT('',(-9.22959441633041,8.65860628691598,-13.9971460116739));
#5594=CARTESIAN_POINT('',(-9.25130934037812,8.66133282602305,-14.0018685159361));
#5595=CARTESIAN_POINT('',(-9.27301518271722,8.66405822482524,-14.0065890451324));
#5596=CARTESIAN_POINT('',(-9.29596178417621,8.66494708680766,-14.0081285992469));
#5597=CARTESIAN_POINT('',(-9.31824813482808,8.66392564655051,-14.0063594128246));
#5598=CARTESIAN_POINT('',(-9.32145165142111,8.66377882121945,-14.0061051038914));
#5599=CARTESIAN_POINT('',(-9.32464900856844,8.66359326741643,-14.005783715277));
#5600=CARTESIAN_POINT('',(-9.32783462019201,8.66336930991101,-14.0053958094989));
#5601=CARTESIAN_POINT('',(-9.1,13.8337962760156,-8.56429627306172));
#5602=CARTESIAN_POINT('',(-9.1,13.8517675333473,-8.57467198331986));
#5603=CARTESIAN_POINT('',(-9.10330503982447,13.8699520987483,-8.58517084704924));
#5604=CARTESIAN_POINT('',(-9.10968008736142,13.8870542964655,-8.59504480550501));
#5605=CARTESIAN_POINT('',(-9.11656314212703,13.9055193138348,-8.60570558825376));
#5606=CARTESIAN_POINT('',(-9.12722281512522,13.9232099461547,-8.61591927958577));
#5607=CARTESIAN_POINT('',(-9.14077713866048,13.9386598469231,-8.62483928395337));
#5608=CARTESIAN_POINT('',(-9.15432780541153,13.9541055795047,-8.63375688181718));
#5609=CARTESIAN_POINT('',(-9.17114565410737,13.9677379901658,-8.64162755778209));
#5610=CARTESIAN_POINT('',(-9.1898379054351,13.9784261091423,-8.6477983461503));
#5611=CARTESIAN_POINT('',(-9.2085219438059,13.9891095319985,-8.6539664232122));
#5612=CARTESIAN_POINT('',(-9.22959441633041,13.9971460116738,-8.65860628691606));
#5613=CARTESIAN_POINT('',(-9.25130934037812,14.0018685159361,-8.66133282602313));
#5614=CARTESIAN_POINT('',(-9.27301518271721,14.0065890451324,-8.66405822482533));
#5615=CARTESIAN_POINT('',(-9.2959617841762,14.0081285992468,-8.66494708680774));
#5616=CARTESIAN_POINT('',(-9.31824813482807,14.0063594128246,-8.66392564655059));
#5617=CARTESIAN_POINT('',(-9.3214516514211,14.0061051038913,-8.66377882121953));
#5618=CARTESIAN_POINT('',(-9.32464900856844,14.005783715277,-8.66359326741651));
#5619=CARTESIAN_POINT('',(-9.32783462019201,14.0053958094988,-8.66336930991109));
#5620=CARTESIAN_POINT('',(-9.3,0.,0.));
#5621=CARTESIAN_POINT('',(-4.54660459486509E-15,0.25,0.433012701892219));
#5622=CARTESIAN_POINT('',(2.18184737258426E-15,-11.2812919747339,7.09060722760903));
#5623=CARTESIAN_POINT('',(-4.54660459486509E-15,-0.5,0.));
#5624=CARTESIAN_POINT('',(2.18184737258426E-15,-0.5,13.3151890514336));
#5625=CARTESIAN_POINT('',(6.7331941413751E-15,0.,0.));
#5626=CARTESIAN_POINT('',(3.36659707068755E-15,0.,0.));
#5627=CARTESIAN_POINT('',(3.36659707068755E-15,0.,0.));
#5628=CARTESIAN_POINT('',(-4.54660459486509E-15,-0.25,-0.433012701892219));
#5629=CARTESIAN_POINT('',(2.18184737258426E-15,-11.7812919747339,6.22458182382459));
#5630=CARTESIAN_POINT('',(6.7331941413751E-15,0.,0.));
#5631=CARTESIAN_POINT('',(2.18184737258426E-15,-11.7812919747339,-6.22458182382456));
#5632=CARTESIAN_POINT('',(-4.54660459486509E-15,-0.249999999999999,0.43301270189222));
#5633=CARTESIAN_POINT('',(3.36659707068755E-15,0.,0.));
#5634=CARTESIAN_POINT('',(-4.54660459486509E-15,0.249999999999999,-0.43301270189222));
#5635=CARTESIAN_POINT('',(2.18184737258426E-15,-11.2812919747339,-7.090607227609));
#5636=CARTESIAN_POINT('',(6.7331941413751E-15,0.,0.));
#5637=CARTESIAN_POINT('',(2.18184737258426E-15,-0.500000000000031,-13.3151890514336));
#5638=CARTESIAN_POINT('',(-4.54660459486509E-15,-0.5,1.17145536458252E-15));
#5639=CARTESIAN_POINT('',(3.36659707068755E-15,0.,0.));
#5640=CARTESIAN_POINT('',(-4.54660459486509E-15,0.5,-1.17145536458252E-15));
#5641=CARTESIAN_POINT('',(2.18184737258426E-15,0.499999999999969,-13.3151890514336));
#5642=CARTESIAN_POINT('',(6.7331941413751E-15,0.,0.));
#5643=CARTESIAN_POINT('',(2.18184737258426E-15,11.2812919747339,-7.09060722760905));
#5644=CARTESIAN_POINT('',(-4.54660459486509E-15,-0.250000000000001,-0.433012701892219));
#5645=CARTESIAN_POINT('',(3.36659707068755E-15,0.,0.));
#5646=CARTESIAN_POINT('',(-4.54660459486509E-15,0.250000000000001,0.433012701892219));
#5647=CARTESIAN_POINT('',(-4.54660459486509E-15,0.249999999999998,-0.43301270189222));
#5648=CARTESIAN_POINT('',(3.36659707068755E-15,0.,0.));
#5649=CARTESIAN_POINT('',(-33.2230859387037,9.3836540439316,-16.2529655647387));
#5650=CARTESIAN_POINT('',(-0.72292349919667,-7.2994398777141,11.6430007349952));
#5651=CARTESIAN_POINT('',(-0.72292349919667,-6.43341447392966,12.1430007349952));
#5652=CARTESIAN_POINT('',(-0.72292349919667,-7.2994398777141,11.6430007349952));
#5653=CARTESIAN_POINT('',(-2.2152431530693,-7.730520895267,12.3896549595753));
#5654=CARTESIAN_POINT('',(-3.70760819673005,-8.16156263083474,13.1362411457613));
#5655=CARTESIAN_POINT('',(-5.2,-8.59258120051735,13.8827872074572));
#5656=CARTESIAN_POINT('',(2.18184737258426E-15,-11.2812919747339,7.09060722760903));
#5657=CARTESIAN_POINT('',(-1.73327711090625,-12.1485413320149,7.59131387748976));
#5658=CARTESIAN_POINT('',(-3.46662079473875,-13.0156909018637,8.09196291506962));
#5659=CARTESIAN_POINT('',(-5.2,-13.8827872074572,8.59258120051737));
#5660=CARTESIAN_POINT('',(2.18184737258426E-15,-0.5,13.3151890514336));
#5661=CARTESIAN_POINT('',(-0.888388607061724,-0.5,13.8284619498468));
#5662=CARTESIAN_POINT('',(-1.7767951220288,-0.5,14.3417038533147));
#5663=CARTESIAN_POINT('',(-2.66521449865766,-0.5,14.8549234911239));
#5664=CARTESIAN_POINT('',(-3.51013226598055,-0.5,15.3430132400997));
#5665=CARTESIAN_POINT('',(-4.35506172956192,-0.5,15.8310827423336));
#5666=CARTESIAN_POINT('',(-5.19999999999999,-0.5,16.3191369972503));
#5667=CARTESIAN_POINT('',(-0.72292349919667,-6.43341447392966,12.1430007349952));
#5668=CARTESIAN_POINT('',(-2.2152431530693,-6.86449549148257,12.8896549595753));
#5669=CARTESIAN_POINT('',(-3.70760819673005,-7.2955372270503,13.6362411457613));
#5670=CARTESIAN_POINT('',(-5.19999999999999,-7.72655579673291,14.3827872074572));
#5671=CARTESIAN_POINT('',(6.7331941413751E-15,0.,0.));
#5672=CARTESIAN_POINT('',(-5.2,13.8827872074573,8.59258120051734));
#5673=CARTESIAN_POINT('',(-3.46662079473876,13.0156909018637,8.09196291506959));
#5674=CARTESIAN_POINT('',(-1.73327711090626,12.148541332015,7.59131387748973));
#5675=CARTESIAN_POINT('',(-1.12750565623145E-14,11.2812919747339,7.090607227609));
#5676=CARTESIAN_POINT('',(-0.72292349919667,7.29943987771411,11.6430007349952));
#5677=CARTESIAN_POINT('',(-2.2152431530693,7.73052089526701,12.3896549595753));
#5678=CARTESIAN_POINT('',(-3.70760819673005,8.16156263083474,13.1362411457613));
#5679=CARTESIAN_POINT('',(-5.2,8.59258120051735,13.8827872074572));
#5680=CARTESIAN_POINT('',(-0.72292349919667,7.29943987771411,11.6430007349952));
#5681=CARTESIAN_POINT('',(-33.2230859387037,-9.3836540439316,-16.2529655647387));
#5682=CARTESIAN_POINT('',(-0.72292349919667,6.43341447392967,12.1430007349952));
#5683=CARTESIAN_POINT('',(-0.72292349919667,6.43341447392967,12.1430007349952));
#5684=CARTESIAN_POINT('',(-2.2152431530693,6.86449549148257,12.8896549595753));
#5685=CARTESIAN_POINT('',(-3.70760819673005,7.2955372270503,13.6362411457613));
#5686=CARTESIAN_POINT('',(-5.2,7.72655579673291,14.3827872074572));
#5687=CARTESIAN_POINT('',(-5.2,7.72655579673291,14.3827872074572));
#5688=CARTESIAN_POINT('',(-5.19999999999999,0.,0.));
#5689=CARTESIAN_POINT('',(-5.19999999999999,0.5,16.3191369972503));
#5690=CARTESIAN_POINT('',(2.18184737258426E-15,0.5,13.3151890514336));
#5691=CARTESIAN_POINT('',(-0.888388607061724,0.5,13.8284619498468));
#5692=CARTESIAN_POINT('',(-1.7767951220288,0.5,14.3417038533147));
#5693=CARTESIAN_POINT('',(-2.66521449865766,0.5,14.8549234911239));
#5694=CARTESIAN_POINT('',(-3.51013226598055,0.5,15.3430132400997));
#5695=CARTESIAN_POINT('',(-4.35506172956192,0.5,15.8310827423336));
#5696=CARTESIAN_POINT('',(-5.19999999999999,0.5,16.3191369972503));
#5697=CARTESIAN_POINT('',(6.7331941413751E-15,0.,0.));
#5698=CARTESIAN_POINT('',(-33.2230859387037,18.7673080878632,-2.20998066739118E-14));
#5699=CARTESIAN_POINT('',(-0.722923499196669,-13.7328543516438,-0.499999999999983));
#5700=CARTESIAN_POINT('',(-0.722923499196669,-13.7328543516438,0.500000000000017));
#5701=CARTESIAN_POINT('',(-0.722923499196669,-13.7328543516438,-0.499999999999983));
#5702=CARTESIAN_POINT('',(-1.77265517551858,-14.3393187884178,-0.499999999999982));
#5703=CARTESIAN_POINT('',(-2.82240957417874,-14.9457438957516,-0.499999999999982));
#5704=CARTESIAN_POINT('',(-3.87217955525556,-15.5521420258404,-0.499999999999982));
#5705=CARTESIAN_POINT('',(-4.3147836831117,-15.8078116680856,-0.499999999999981));
#5706=CARTESIAN_POINT('',(-4.75739062433267,-16.0634764400022,-0.499999999999981));
#5707=CARTESIAN_POINT('',(-5.2,-16.3191369972503,-0.499999999999981));
#5708=CARTESIAN_POINT('',(2.18184737258426E-15,-11.7812919747339,-6.22458182382456));
#5709=CARTESIAN_POINT('',(-1.73327711090626,-12.648541332015,-6.72528847370529));
#5710=CARTESIAN_POINT('',(-3.46662079473875,-13.5156909018637,-7.22593751128514));
#5711=CARTESIAN_POINT('',(-5.2,-14.3827872074573,-7.7265557967329));
#5712=CARTESIAN_POINT('',(2.18184737258426E-15,-11.7812919747339,6.22458182382459));
#5713=CARTESIAN_POINT('',(-1.73327711090625,-12.6485413320149,6.72528847370533));
#5714=CARTESIAN_POINT('',(-3.46662079473875,-13.5156909018637,7.22593751128518));
#5715=CARTESIAN_POINT('',(-5.2,-14.3827872074572,7.72655579673293));
#5716=CARTESIAN_POINT('',(-0.722923499196669,-13.7328543516438,0.500000000000017));
#5717=CARTESIAN_POINT('',(-1.77265517551858,-14.3393187884178,0.500000000000017));
#5718=CARTESIAN_POINT('',(-2.82240957417874,-14.9457438957516,0.500000000000018));
#5719=CARTESIAN_POINT('',(-3.87217955525556,-15.5521420258404,0.500000000000018));
#5720=CARTESIAN_POINT('',(-4.3147836831117,-15.8078116680856,0.500000000000019));
#5721=CARTESIAN_POINT('',(-4.75739062433267,-16.0634764400022,0.500000000000019));
#5722=CARTESIAN_POINT('',(-5.2,-16.3191369972503,0.500000000000019));
#5723=CARTESIAN_POINT('',(6.7331941413751E-15,0.,0.));
#5724=CARTESIAN_POINT('',(-33.2230859387037,9.38365404393164,16.2529655647387));
#5725=CARTESIAN_POINT('',(-0.72292349919667,-6.43341447392969,-12.1430007349952));
#5726=CARTESIAN_POINT('',(-0.72292349919667,-7.29943987771413,-11.6430007349952));
#5727=CARTESIAN_POINT('',(-0.72292349919667,-6.43341447392969,-12.1430007349952));
#5728=CARTESIAN_POINT('',(-2.2152431530693,-6.8644954914826,-12.8896549595753));
#5729=CARTESIAN_POINT('',(-3.70760819673005,-7.29553722705033,-13.6362411457613));
#5730=CARTESIAN_POINT('',(-5.2,-7.72655579673295,-14.3827872074572));
#5731=CARTESIAN_POINT('',(2.18184737258426E-15,-0.500000000000031,-13.3151890514336));
#5732=CARTESIAN_POINT('',(-1.73327711090618,-0.500000000000034,-14.316602351195));
#5733=CARTESIAN_POINT('',(-3.46662079473859,-0.500000000000036,-15.3179004263547));
#5734=CARTESIAN_POINT('',(-5.19999999999976,-0.500000000000038,-16.3191369972501));
#5735=CARTESIAN_POINT('',(2.18184737258426E-15,-11.2812919747339,-7.090607227609));
#5736=CARTESIAN_POINT('',(-1.73327711090626,-12.148541332015,-7.59131387748973));
#5737=CARTESIAN_POINT('',(-3.46662079473875,-13.0156909018637,-8.09196291506958));
#5738=CARTESIAN_POINT('',(-5.2,-13.8827872074573,-8.59258120051733));
#5739=CARTESIAN_POINT('',(-0.72292349919667,-7.29943987771413,-11.6430007349952));
#5740=CARTESIAN_POINT('',(-2.2152431530693,-7.73052089526703,-12.3896549595753));
#5741=CARTESIAN_POINT('',(-3.70760819673005,-8.16156263083477,-13.1362411457613));
#5742=CARTESIAN_POINT('',(-5.2,-8.59258120051738,-13.8827872074572));
#5743=CARTESIAN_POINT('',(6.7331941413751E-15,0.,0.));
#5744=CARTESIAN_POINT('',(-33.2230859387037,-9.38365404393156,16.2529655647387));
#5745=CARTESIAN_POINT('',(-0.722923499196669,7.29943987771408,-11.6430007349952));
#5746=CARTESIAN_POINT('',(-0.722923499196669,6.43341447392964,-12.1430007349952));
#5747=CARTESIAN_POINT('',(-0.722923499196669,7.29943987771408,-11.6430007349952));
#5748=CARTESIAN_POINT('',(-2.2152431530693,7.73052089526698,-12.3896549595753));
#5749=CARTESIAN_POINT('',(-3.70760819673005,8.16156263083471,-13.1362411457613));
#5750=CARTESIAN_POINT('',(-5.2,8.59258120051732,-13.8827872074573));
#5751=CARTESIAN_POINT('',(2.18184737258426E-15,11.2812919747339,-7.09060722760905));
#5752=CARTESIAN_POINT('',(-1.73327711090626,12.1485413320149,-7.59131387748979));
#5753=CARTESIAN_POINT('',(-3.46662079473875,13.0156909018637,-8.09196291506964));
#5754=CARTESIAN_POINT('',(-5.2,13.8827872074572,-8.5925812005174));
#5755=CARTESIAN_POINT('',(2.18184737258426E-15,0.499999999999969,-13.3151890514336));
#5756=CARTESIAN_POINT('',(-1.73327711090618,0.499999999999966,-14.316602351195));
#5757=CARTESIAN_POINT('',(-3.46662079473859,0.499999999999964,-15.3179004263547));
#5758=CARTESIAN_POINT('',(-5.19999999999976,0.499999999999962,-16.3191369972501));
#5759=CARTESIAN_POINT('',(-0.722923499196669,6.43341447392964,-12.1430007349952));
#5760=CARTESIAN_POINT('',(-2.2152431530693,6.86449549148254,-12.8896549595753));
#5761=CARTESIAN_POINT('',(-3.70760819673005,7.29553722705027,-13.6362411457613));
#5762=CARTESIAN_POINT('',(-5.2,7.72655579673288,-14.3827872074573));
#5763=CARTESIAN_POINT('',(6.7331941413751E-15,0.,0.));
#5764=CARTESIAN_POINT('',(-5.2,7.72655579673291,14.3827872074572));
#5765=CARTESIAN_POINT('',(-5.21931104705836,7.7321330317887,14.3924472619396));
#5766=CARTESIAN_POINT('',(-5.24080523988242,7.73612595595772,14.3993632094711));
#5767=CARTESIAN_POINT('',(-5.2627150206706,7.7382056342847,14.4029653179969));
#5768=CARTESIAN_POINT('',(-5.284699534454,7.7402924062742,14.4065797131065));
#5769=CARTESIAN_POINT('',(-5.30770795130504,7.74050992014531,14.4069564581826));
#5770=CARTESIAN_POINT('',(-5.32983450750443,7.73884012776355,14.4040642929393));
#5771=CARTESIAN_POINT('',(-5.35195847130938,7.73717053101822,14.4011724665482));
#5772=CARTESIAN_POINT('',(-5.37381085999193,7.7335680740272,14.3949328280077));
#5773=CARTESIAN_POINT('',(-5.39358286121553,7.72833147314435,14.3858627692196));
#5774=CARTESIAN_POINT('',(-5.41335733919978,7.72309421629315,14.3767915742611));
#5775=CARTESIAN_POINT('',(-5.43159608809748,7.71607809837246,14.3646393015506));
#5776=CARTESIAN_POINT('',(-5.44679089015739,7.70786433846588,14.3504126520712));
#5777=CARTESIAN_POINT('',(-5.46199134481655,7.69964752296878,14.3361807101538));
#5778=CARTESIAN_POINT('',(-5.47456466174673,7.69000573534552,14.3194806441145));
#5779=CARTESIAN_POINT('',(-5.48347192828593,7.67973711016614,14.3016948635799));
#5780=CARTESIAN_POINT('',(-5.49238330262849,7.66946374935962,14.2839008806986));
#5781=CARTESIAN_POINT('',(-5.49787097147312,7.65827976705387,14.2645296551141));
#5782=CARTESIAN_POINT('',(-5.4994816277153,7.64711076812619,14.2451843815016));
#5783=CARTESIAN_POINT('',(-5.49982698602899,7.64471590165231,14.2410363510915));
#5784=CARTESIAN_POINT('',(-5.49999999999999,7.64231326498838,14.2368748623175));
#5785=CARTESIAN_POINT('',(-5.49999999999999,7.63991218116667,14.232716063145));
#5786=CARTESIAN_POINT('',(-5.49999999999999,7.63991218116667,14.232716063145));
#5787=CARTESIAN_POINT('',(-5.49999999999999,0.,0.));
#5788=CARTESIAN_POINT('',(-5.49999999999999,0.5,16.1458497661178));
#5789=CARTESIAN_POINT('',(-5.19999999999999,0.5,16.3191369972503));
#5790=CARTESIAN_POINT('',(-5.21578742756432,0.5,16.328256150053));
#5791=CARTESIAN_POINT('',(-5.23299102819998,0.5,16.3352597839449));
#5792=CARTESIAN_POINT('',(-5.25065887568084,0.5,16.3397596708692));
#5793=CARTESIAN_POINT('',(-5.27234630018932,0.5,16.3452833181653));
#5794=CARTESIAN_POINT('',(-5.29528681848736,0.5,16.3471380628154));
#5795=CARTESIAN_POINT('',(-5.31757990482519,0.5,16.3451699767409));
#5796=CARTESIAN_POINT('',(-5.33986798206002,0.5,16.3432023328817));
#5797=CARTESIAN_POINT('',(-5.36212358048659,0.5,16.337359397209));
#5798=CARTESIAN_POINT('',(-5.38250420179777,0.5,16.3281257476514));
#5799=CARTESIAN_POINT('',(-5.40288626327041,0.5,16.3188914456139));
#5800=CARTESIAN_POINT('',(-5.42195502793132,0.5,16.3060115110351));
#5801=CARTESIAN_POINT('',(-5.4381333634744,0.5,16.2905531080436));
#5802=CARTESIAN_POINT('',(-5.45431713812917,0.5,16.2750895079796));
#5803=CARTESIAN_POINT('',(-5.46805471648126,0.5,16.256619576694));
#5804=CARTESIAN_POINT('',(-5.47821085795314,0.5,16.2366723894383));
#5805=CARTESIAN_POINT('',(-5.48837166687007,0.5,16.216716035079));
#5806=CARTESIAN_POINT('',(-5.49522791662791,0.5,16.1947309693537));
#5807=CARTESIAN_POINT('',(-5.49821324174692,0.5,16.1725366919135));
#5808=CARTESIAN_POINT('',(-5.49940175901019,0.5,16.1637007089529));
#5809=CARTESIAN_POINT('',(-5.49999999999999,0.5,16.1547653237652));
#5810=CARTESIAN_POINT('',(-5.49999999999999,0.5,16.1458497661178));
#5811=CARTESIAN_POINT('',(-5.29999999999999,0.,0.));
#5812=CARTESIAN_POINT('',(-5.49999999999999,6.5616968793294,12.3651923788647));
#5813=CARTESIAN_POINT('',(-5.49999999999999,6.86270522028652,12.8865541189044));
#5814=CARTESIAN_POINT('',(-5.49999999999999,0.,0.));
#5815=CARTESIAN_POINT('',(-5.49999999999999,0.5,14.5914358443575));
#5816=CARTESIAN_POINT('',(-5.49999999999999,0.5,16.1535898384862));
#5817=CARTESIAN_POINT('',(-5.49999999999999,0.,16.1535898384862));
#5818=CARTESIAN_POINT('',(-8.08890576642632E-33,6.86270522028652,12.8865541189044));
#5819=CARTESIAN_POINT('',(-9.1,6.86270522028652,12.8865541189044));
#5820=CARTESIAN_POINT('',(-9.1,0.,0.));
#5821=CARTESIAN_POINT('',(-9.1,0.5,14.5914358443575));
#5822=CARTESIAN_POINT('',(0.,0.5,14.5914358443575));
#5823=CARTESIAN_POINT('',(0.,0.,0.));
#5824=CARTESIAN_POINT('',(-9.1,5.88897274573419,11.2));
#5825=CARTESIAN_POINT('',(-9.1,7.69827086927724,14.3337962760156));
#5826=CARTESIAN_POINT('',(-9.1,0.,0.));
#5827=CARTESIAN_POINT('',(-9.09999999999925,0.5,16.2625671423388));
#5828=CARTESIAN_POINT('',(-9.1,0.5,14.6));
#5829=CARTESIAN_POINT('',(-9.1,0.,14.6));
#5830=CARTESIAN_POINT('',(-9.1,7.69827086927724,14.3337962760156));
#5831=CARTESIAN_POINT('',(-9.1,7.70864657953537,14.3517675333473));
#5832=CARTESIAN_POINT('',(-9.10330503982447,7.71914544326476,14.3699520987484));
#5833=CARTESIAN_POINT('',(-9.10968008736142,7.72901940172053,14.3870542964656));
#5834=CARTESIAN_POINT('',(-9.11656314212704,7.73968018446928,14.4055193138349));
#5835=CARTESIAN_POINT('',(-9.12722281512523,7.74989387580129,14.4232099461547));
#5836=CARTESIAN_POINT('',(-9.14077713866049,7.75881388016889,14.4386598469232));
#5837=CARTESIAN_POINT('',(-9.15432780541154,7.7677314780327,14.4541055795047));
#5838=CARTESIAN_POINT('',(-9.17114565410737,7.7756021539976,14.4677379901659));
#5839=CARTESIAN_POINT('',(-9.18983790543511,7.78177294236582,14.4784261091424));
#5840=CARTESIAN_POINT('',(-9.20852194380591,7.78794101942771,14.4891095319986));
#5841=CARTESIAN_POINT('',(-9.22959441633042,7.79258088313158,14.4971460116739));
#5842=CARTESIAN_POINT('',(-9.25130934037813,7.79530742223865,14.5018685159361));
#5843=CARTESIAN_POINT('',(-9.27301518271722,7.79803282104084,14.5065890451324));
#5844=CARTESIAN_POINT('',(-9.29596178417621,7.79892168302325,14.5081285992469));
#5845=CARTESIAN_POINT('',(-9.31824813482808,7.7979002427661,14.5063594128246));
#5846=CARTESIAN_POINT('',(-9.32145165142111,7.79775341743504,14.5061051038914));
#5847=CARTESIAN_POINT('',(-9.32464900856844,7.79756786363202,14.505783715277));
#5848=CARTESIAN_POINT('',(-9.32783462019201,7.7973439061266,14.5053958094989));
#5849=CARTESIAN_POINT('',(-9.09999999999925,0.5,16.2625671423388));
#5850=CARTESIAN_POINT('',(-9.09999999999924,0.5,16.2782250434297));
#5851=CARTESIAN_POINT('',(-9.10186239080334,0.5,16.2939896034441));
#5852=CARTESIAN_POINT('',(-9.10551119883007,0.5,16.309216424076));
#5853=CARTESIAN_POINT('',(-9.11073243135261,0.5,16.3310051206902));
#5854=CARTESIAN_POINT('',(-9.11978782917095,0.5,16.3521930199715));
#5855=CARTESIAN_POINT('',(-9.13192833902142,0.5,16.3710242862532));
#5856=CARTESIAN_POINT('',(-9.14406629842266,0.5,16.3898515965075));
#5857=CARTESIAN_POINT('',(-9.15962317779192,0.5,16.4068427715463));
#5858=CARTESIAN_POINT('',(-9.17731086324966,0.5,16.4205884418823));
#5859=CARTESIAN_POINT('',(-9.19499118731001,0.5,16.4343283914393));
#5860=CARTESIAN_POINT('',(-9.21528855590353,0.5,16.4452046444312));
#5861=CARTESIAN_POINT('',(-9.23652130882938,0.5,16.4523145161527));
#5862=CARTESIAN_POINT('',(-9.25774470762951,0.5,16.4594212556079));
#5863=CARTESIAN_POINT('',(-9.28048825764076,0.5,16.4629609884193));
#5864=CARTESIAN_POINT('',(-9.30286760804962,0.5,16.462639931428));
#5865=CARTESIAN_POINT('',(-9.3112138307295,0.5,16.4625201954619));
#5866=CARTESIAN_POINT('',(-9.31956884576537,0.5,16.46187543067));
#5867=CARTESIAN_POINT('',(-9.32783462019201,0.5,16.4607132160377));
#5868=CARTESIAN_POINT('',(-9.3,0.,0.));
#5869=CARTESIAN_POINT('',(-40.0000000000038,-0.5,14.5702679845807));
#5870=CARTESIAN_POINT('',(-40.0000000000038,0.5,14.5702679845807));
#5871=CARTESIAN_POINT('',(-40.0000000000038,-0.5,14.5702679845807));
#5872=CARTESIAN_POINT('',(0.,-0.5,0.));
#5873=CARTESIAN_POINT('',(0.,0.5,0.));
#5874=CARTESIAN_POINT('',(-14.4557778508405,0.433012701892221,-0.249999999999996));
#5875=CARTESIAN_POINT('',(-14.4557778508405,-0.433012701892218,0.250000000000003));
#5876=CARTESIAN_POINT('',(-14.4557778508405,-0.433012701892218,0.250000000000003));
#5877=CARTESIAN_POINT('',(7.47924208315418E-47,-0.433012701892215,0.249999999999998));
#5878=CARTESIAN_POINT('',(7.47924208315418E-47,0.433012701892223,-0.250000000000002));
#5879=CARTESIAN_POINT('',(-40.0000000000038,12.868222214594,6.85212129039807));
#5880=CARTESIAN_POINT('',(0.,0.249999999999998,-0.43301270189222));
#5881=CARTESIAN_POINT('',(-40.0000000000038,12.368222214594,7.71814669418251));
#5882=CARTESIAN_POINT('',(-40.0000000000038,12.368222214594,7.71814669418251));
#5883=CARTESIAN_POINT('',(0.,-0.249999999999999,0.43301270189222));
#5884=CARTESIAN_POINT('',(-40.0000000000038,12.8682222145939,-6.85212129039816));
#5885=CARTESIAN_POINT('',(0.,0.250000000000001,0.433012701892219));
#5886=CARTESIAN_POINT('',(-40.0000000000038,12.3682222145939,-7.7181466941826));
#5887=CARTESIAN_POINT('',(0.,-0.250000000000001,-0.433012701892219));
#5888=CARTESIAN_POINT('',(-40.0000000000038,12.8682222145939,-6.85212129039816));
#5889=CARTESIAN_POINT('',(-40.0000000000038,0.499999999999966,-14.5702679845807));
#5890=CARTESIAN_POINT('',(0.,0.5,-1.17145536458252E-15));
#5891=CARTESIAN_POINT('',(-40.0000000000038,-0.500000000000034,-14.5702679845807));
#5892=CARTESIAN_POINT('',(0.,-0.5,1.17145536458252E-15));
#5893=CARTESIAN_POINT('',(-40.0000000000038,0.499999999999966,-14.5702679845807));
#5894=CARTESIAN_POINT('',(-40.0000000000038,-12.368222214594,-7.71814669418254));
#5895=CARTESIAN_POINT('',(0.,0.249999999999999,-0.43301270189222));
#5896=CARTESIAN_POINT('',(-40.0000000000038,-12.868222214594,-6.85212129039811));
#5897=CARTESIAN_POINT('',(0.,-0.249999999999999,0.43301270189222));
#5898=CARTESIAN_POINT('',(-40.0000000000038,-12.368222214594,-7.71814669418254));
#5899=CARTESIAN_POINT('',(-40.0000000000038,-12.868222214594,6.85212129039814));
#5900=CARTESIAN_POINT('',(-40.0000000000038,-12.368222214594,7.71814669418257));
#5901=CARTESIAN_POINT('',(-40.0000000000038,-12.868222214594,6.85212129039814));
#5902=CARTESIAN_POINT('',(0.,-0.25,-0.433012701892219));
#5903=CARTESIAN_POINT('',(0.,0.25,0.433012701892219));
#5904=CARTESIAN_POINT('',(-14.4557778508405,2.00577401909818E-15,-0.5));
#5905=CARTESIAN_POINT('',(7.47924208315418E-47,-2.00577401909818E-15,-0.500000000000005));
#5906=CARTESIAN_POINT('',(-14.4557778508405,5.99021700298241E-15,0.5));
#5907=CARTESIAN_POINT('',(7.47924208315418E-47,6.23416249179165E-16,0.500000000000005));
#5908=CARTESIAN_POINT('',(-14.4557778508405,5.99021700298241E-15,0.5));
#5909=CARTESIAN_POINT('',(-14.4557778508405,-0.433012701892218,-0.250000000000002));
#5910=CARTESIAN_POINT('',(7.47924208315418E-47,-0.433012701892224,-0.250000000000001));
#5911=CARTESIAN_POINT('',(-14.4557778508405,0.433012701892222,0.249999999999995));
#5912=CARTESIAN_POINT('',(7.47924208315418E-47,0.433012701892216,0.249999999999996));
#5913=CARTESIAN_POINT('',(-14.4557778508405,0.433012701892222,0.249999999999995));
#5914=CARTESIAN_POINT('',(-14.4557778508405,-0.433012701892221,0.249999999999997));
#5915=CARTESIAN_POINT('',(7.47924208315418E-47,-0.433012701892223,0.250000000000003));
#5916=CARTESIAN_POINT('',(-14.4557778508405,0.433012701892217,-0.250000000000004));
#5917=CARTESIAN_POINT('',(7.47924208315418E-47,0.433012701892215,-0.249999999999999));
#5918=CARTESIAN_POINT('',(-14.4557778508405,0.433012701892217,-0.250000000000004));
#5919=CARTESIAN_POINT('',(-14.4557778508405,-3.3881317890172E-15,0.5));
#5920=CARTESIAN_POINT('',(7.47924208315418E-47,6.23416249179165E-16,0.500000000000005));
#5921=CARTESIAN_POINT('',(-14.4557778508405,-4.60785923306339E-15,-0.5));
#5922=CARTESIAN_POINT('',(7.47924208315418E-47,-5.96311194867027E-16,-0.499999999999995));
#5923=CARTESIAN_POINT('',(-14.4557778508405,-4.60785923306339E-15,-0.5));
#5924=CARTESIAN_POINT('',(-14.4557778508405,0.433012701892217,0.250000000000003));
#5925=CARTESIAN_POINT('',(-14.4557778508405,-0.433012701892222,-0.249999999999996));
#5926=CARTESIAN_POINT('',(-14.4557778508405,-0.433012701892222,-0.249999999999996));
#5927=CARTESIAN_POINT('',(7.47924208315418E-47,-0.433012701892215,-0.249999999999998));
#5928=CARTESIAN_POINT('',(7.47924208315418E-47,0.433012701892223,0.250000000000002));
#5929=MECHANICAL_DESIGN_GEOMETRIC_PRESENTATION_REPRESENTATION('',(#29,#23,
#24,#25,#26,#27),#5930);
#5930=(
GEOMETRIC_REPRESENTATION_CONTEXT(3)
GLOBAL_UNCERTAINTY_ASSIGNED_CONTEXT((#5931))
GLOBAL_UNIT_ASSIGNED_CONTEXT((#5937,#5933,#5932))
REPRESENTATION_CONTEXT('Collet ER32 19mm','TOP_LEVEL_ASSEMBLY_PART')
);
#5931=UNCERTAINTY_MEASURE_WITH_UNIT(LENGTH_MEASURE(0.0508),#5937,
'DISTANCE_ACCURACY_VALUE','Maximum Tolerance applied to model');
#5932=(
NAMED_UNIT(*)
SI_UNIT($,.STERADIAN.)
SOLID_ANGLE_UNIT()
);
#5933=(
CONVERSION_BASED_UNIT('DEGREE',#5935)
NAMED_UNIT(#5934)
PLANE_ANGLE_UNIT()
);
#5934=DIMENSIONAL_EXPONENTS(0.,0.,0.,0.,0.,0.,0.);
#5935=PLANE_ANGLE_MEASURE_WITH_UNIT(PLANE_ANGLE_MEASURE(0.0174532925),#5936);
#5936=(
NAMED_UNIT(*)
PLANE_ANGLE_UNIT()
SI_UNIT($,.RADIAN.)
);
#5937=(
LENGTH_UNIT()
NAMED_UNIT(*)
SI_UNIT(.MILLI.,.METRE.)
);
ENDSEC;
END-ISO-10303-21;
