ISO-10303-21;
HEADER;
/* Generated by software containing ST-Developer
 * from STEP Tools, Inc. (www.steptools.com) 
 */
/* OPTION: using custom schema-name function */

FILE_DESCRIPTION(
/* description */ (''),
/* implementation_level */ '2;1');

FILE_NAME(
/* name */ 'Collet ER32 14mm.stp',
/* time_stamp */ '2022-11-19T12:00:02+02:00',
/* author */ (''),
/* organization */ (''),
/* preprocessor_version */ 'ST-DEVELOPER v18.102',
/* originating_system */ 'SIEMENS PLM Software NX 2027',
/* authorisation */ '');

FILE_SCHEMA (('AUTOMOTIVE_DESIGN { 1 0 10303 214 3 1 1 1 }'));
ENDSEC;

DATA;
#10=SHAPE_REPRESENTATION_RELATIONSHIP('None',
'relationship between Collet ER32 14mm-None and Collet ER32 14mm-None',
#22,#11);
#11=ADVANCED_BREP_SHAPE_REPRESENTATION('Collet ER32 14mm-None',(#68),#6507);
#12=SHAPE_DEFINITION_REPRESENTATION(#13,#22);
#13=PRODUCT_DEFINITION_SHAPE('','',#14);
#14=PRODUCT_DEFINITION(' ','',#16,#15);
#15=PRODUCT_DEFINITION_CONTEXT('part definition',#21,'design');
#16=PRODUCT_DEFINITION_FORMATION_WITH_SPECIFIED_SOURCE(' ',' ',#18,
 .NOT_KNOWN.);
#17=PRODUCT_RELATED_PRODUCT_CATEGORY('part','',(#18));
#18=PRODUCT('Collet ER32 14mm','Collet ER32 14mm',' ',(#19));
#19=PRODUCT_CONTEXT(' ',#21,'mechanical');
#20=APPLICATION_PROTOCOL_DEFINITION('international standard',
'automotive_design',2010,#21);
#21=APPLICATION_CONTEXT(
'core data for automotive mechanical design processes');
#22=SHAPE_REPRESENTATION('Collet ER32 14mm-None',(#2989),#6507);
#23=OVER_RIDING_STYLED_ITEM('',(#31),#540,#29);
#24=OVER_RIDING_STYLED_ITEM('',(#32),#541,#29);
#25=OVER_RIDING_STYLED_ITEM('',(#33),#542,#29);
#26=OVER_RIDING_STYLED_ITEM('',(#34),#544,#29);
#27=OVER_RIDING_STYLED_ITEM('',(#35),#545,#29);
#28=PRESENTATION_LAYER_ASSIGNMENT('1','Layer 1',(#68));
#29=STYLED_ITEM('',(#30),#68);
#30=PRESENTATION_STYLE_ASSIGNMENT((#36));
#31=PRESENTATION_STYLE_ASSIGNMENT((#37));
#32=PRESENTATION_STYLE_ASSIGNMENT((#38));
#33=PRESENTATION_STYLE_ASSIGNMENT((#39));
#34=PRESENTATION_STYLE_ASSIGNMENT((#40));
#35=PRESENTATION_STYLE_ASSIGNMENT((#41));
#36=SURFACE_STYLE_USAGE(.BOTH.,#42);
#37=SURFACE_STYLE_USAGE(.BOTH.,#43);
#38=SURFACE_STYLE_USAGE(.BOTH.,#44);
#39=SURFACE_STYLE_USAGE(.BOTH.,#45);
#40=SURFACE_STYLE_USAGE(.BOTH.,#46);
#41=SURFACE_STYLE_USAGE(.BOTH.,#47);
#42=SURFACE_SIDE_STYLE('',(#48));
#43=SURFACE_SIDE_STYLE('',(#49));
#44=SURFACE_SIDE_STYLE('',(#50));
#45=SURFACE_SIDE_STYLE('',(#51));
#46=SURFACE_SIDE_STYLE('',(#52));
#47=SURFACE_SIDE_STYLE('',(#53));
#48=SURFACE_STYLE_FILL_AREA(#54);
#49=SURFACE_STYLE_FILL_AREA(#55);
#50=SURFACE_STYLE_FILL_AREA(#56);
#51=SURFACE_STYLE_FILL_AREA(#57);
#52=SURFACE_STYLE_FILL_AREA(#58);
#53=SURFACE_STYLE_FILL_AREA(#59);
#54=FILL_AREA_STYLE('',(#60));
#55=FILL_AREA_STYLE('',(#61));
#56=FILL_AREA_STYLE('',(#62));
#57=FILL_AREA_STYLE('',(#63));
#58=FILL_AREA_STYLE('',(#64));
#59=FILL_AREA_STYLE('',(#65));
#60=FILL_AREA_STYLE_COLOUR('',#66);
#61=FILL_AREA_STYLE_COLOUR('',#67);
#62=FILL_AREA_STYLE_COLOUR('',#67);
#63=FILL_AREA_STYLE_COLOUR('',#67);
#64=FILL_AREA_STYLE_COLOUR('',#67);
#65=FILL_AREA_STYLE_COLOUR('',#67);
#66=COLOUR_RGB('light gray',0.8,0.8,0.8);
#67=COLOUR_RGB('iron gray',0.298039215686275,0.298039215686275,0.298039215686275);
#68=MANIFOLD_SOLID_BREP('',#69);
#69=CLOSED_SHELL('',(#540,#541,#542,#543,#544,#545,#546,#547,#548,#549,
#550,#551,#552,#553,#554,#555,#556,#557,#558,#559,#560,#561,#562,#563,#564,
#565,#566,#567,#568,#569,#570,#571,#572,#573,#574,#575,#576,#577,#578,#579,
#580,#581,#582,#583,#584,#585,#586,#587,#588,#589,#590,#591,#592,#593,#594,
#595,#596,#597,#598,#599,#600,#601,#602,#603,#604,#605,#606,#607,#608,#609,
#610,#611,#612,#613,#614,#615,#616,#617,#618,#619,#620,#621,#622,#623,#624,
#625,#626,#627,#628,#629,#630,#631,#632,#633,#634,#635,#636,#637,#638,#639,
#640,#641,#642,#643,#644,#645,#646,#647,#648,#649,#650,#651,#652,#653,#654,
#655,#656,#657,#658,#659,#660,#661,#662,#663,#664,#665,#666,#667,#668,#669,
#670,#671,#672,#673,#674,#675,#676,#677,#678,#679,#680,#681,#682,#683,#684));
#70=ELLIPSE('',#3107,9.89949493661167,7.);
#71=ELLIPSE('',#3109,9.89949493661167,7.);
#72=ELLIPSE('',#3111,9.89949493661167,7.);
#73=ELLIPSE('',#3113,9.89949493661167,7.);
#74=ELLIPSE('',#3115,9.89949493661167,7.);
#75=ELLIPSE('',#3117,9.89949493661167,7.);
#76=ELLIPSE('',#3119,9.89949493661167,7.);
#77=ELLIPSE('',#3121,9.89949493661167,7.);
#78=ELLIPSE('',#3123,9.89949493661167,7.);
#79=ELLIPSE('',#3125,9.89949493661167,7.);
#80=ELLIPSE('',#3127,9.89949493661167,7.);
#81=ELLIPSE('',#3129,9.89949493661167,7.);
#82=CYLINDRICAL_SURFACE('',#3042,14.6);
#83=CYLINDRICAL_SURFACE('',#3044,14.6);
#84=CYLINDRICAL_SURFACE('',#3046,14.6);
#85=CYLINDRICAL_SURFACE('',#3048,14.6);
#86=CYLINDRICAL_SURFACE('',#3050,14.6);
#87=CYLINDRICAL_SURFACE('',#3052,14.6);
#88=CYLINDRICAL_SURFACE('',#3130,7.);
#89=CYLINDRICAL_SURFACE('',#3178,14.6);
#90=CYLINDRICAL_SURFACE('',#3180,14.6);
#91=CYLINDRICAL_SURFACE('',#3182,14.6);
#92=CYLINDRICAL_SURFACE('',#3184,14.6);
#93=CYLINDRICAL_SURFACE('',#3186,14.6);
#94=CYLINDRICAL_SURFACE('',#3219,14.6);
#95=TOROIDAL_SURFACE('',#3018,16.1535898384862,0.2);
#96=TOROIDAL_SURFACE('',#3020,16.1535898384862,0.2);
#97=TOROIDAL_SURFACE('',#3022,16.1535898384862,0.2);
#98=TOROIDAL_SURFACE('',#3024,16.1535898384862,0.2);
#99=TOROIDAL_SURFACE('',#3026,16.1535898384862,0.2);
#100=TOROIDAL_SURFACE('',#3028,16.1535898384862,0.2);
#101=TOROIDAL_SURFACE('',#3066,16.2702516900963,0.2);
#102=TOROIDAL_SURFACE('',#3068,16.2702516900963,0.2);
#103=TOROIDAL_SURFACE('',#3070,16.2702516900963,0.2);
#104=TOROIDAL_SURFACE('',#3072,16.2702516900963,0.2);
#105=TOROIDAL_SURFACE('',#3074,16.2702516900963,0.2);
#106=TOROIDAL_SURFACE('',#3076,16.2702516900963,0.2);
#107=TOROIDAL_SURFACE('',#3091,11.2883268414199,1.);
#108=TOROIDAL_SURFACE('',#3094,11.2883268414199,1.);
#109=TOROIDAL_SURFACE('',#3097,11.2883268414199,1.);
#110=TOROIDAL_SURFACE('',#3100,11.2883268414199,1.);
#111=TOROIDAL_SURFACE('',#3103,11.2883268414199,1.);
#112=TOROIDAL_SURFACE('',#3106,11.2883268414199,1.);
#113=TOROIDAL_SURFACE('',#3158,16.1535898384862,0.2);
#114=TOROIDAL_SURFACE('',#3160,16.1535898384862,0.2);
#115=TOROIDAL_SURFACE('',#3162,16.1535898384862,0.2);
#116=TOROIDAL_SURFACE('',#3164,16.1535898384862,0.2);
#117=TOROIDAL_SURFACE('',#3166,16.1535898384862,0.2);
#118=TOROIDAL_SURFACE('',#3198,16.2702516900963,0.2);
#119=TOROIDAL_SURFACE('',#3200,16.2702516900963,0.2);
#120=TOROIDAL_SURFACE('',#3202,16.2702516900963,0.2);
#121=TOROIDAL_SURFACE('',#3204,16.2702516900963,0.2);
#122=TOROIDAL_SURFACE('',#3206,16.2702516900963,0.2);
#123=TOROIDAL_SURFACE('',#3215,16.1535898384862,0.2);
#124=TOROIDAL_SURFACE('',#3223,16.2702516900963,0.2);
#125=CONICAL_SURFACE('',#3001,13.3245735194571,29.9999999999998);
#126=CONICAL_SURFACE('',#3004,13.3245735194571,29.9999999999998);
#127=CONICAL_SURFACE('',#3007,13.3245735194571,29.9999999999998);
#128=CONICAL_SURFACE('',#3010,13.3245735194571,29.9999999999998);
#129=CONICAL_SURFACE('',#3013,13.3245735194571,29.9999999999998);
#130=CONICAL_SURFACE('',#3016,13.3245735194571,29.9999999999998);
#131=CONICAL_SURFACE('',#3078,16.4683053038446,7.99999999999986);
#132=CONICAL_SURFACE('',#3080,16.4683053038446,7.99999999999986);
#133=CONICAL_SURFACE('',#3082,16.4683053038446,7.99999999999986);
#134=CONICAL_SURFACE('',#3084,16.4683053038446,7.99999999999986);
#135=CONICAL_SURFACE('',#3086,16.4683053038446,7.99999999999986);
#136=CONICAL_SURFACE('',#3088,16.4683053038446,7.99999999999986);
#137=CONICAL_SURFACE('',#3148,13.3245735194571,29.9999999999998);
#138=CONICAL_SURFACE('',#3150,13.3245735194571,29.9999999999998);
#139=CONICAL_SURFACE('',#3152,13.3245735194571,29.9999999999998);
#140=CONICAL_SURFACE('',#3154,13.3245735194571,29.9999999999998);
#141=CONICAL_SURFACE('',#3156,13.3245735194571,29.9999999999998);
#142=CONICAL_SURFACE('',#3207,16.4683053038446,7.99999999999986);
#143=CONICAL_SURFACE('',#3208,16.4683053038446,7.99999999999986);
#144=CONICAL_SURFACE('',#3209,16.4683053038446,7.99999999999986);
#145=CONICAL_SURFACE('',#3210,16.4683053038446,7.99999999999986);
#146=CONICAL_SURFACE('',#3211,16.4683053038446,7.99999999999986);
#147=CONICAL_SURFACE('',#3213,13.3245735194571,29.9999999999998);
#148=CONICAL_SURFACE('',#3224,16.4683053038446,7.99999999999986);
#149=CIRCLE('',#2996,13.3245735194571);
#150=CIRCLE('',#2997,7.);
#151=CIRCLE('',#2998,13.3245735194571);
#152=CIRCLE('',#3000,16.3267949192431);
#153=CIRCLE('',#3002,13.3245735194571);
#154=CIRCLE('',#3003,16.3267949192431);
#155=CIRCLE('',#3005,13.3245735194571);
#156=CIRCLE('',#3006,16.3267949192431);
#157=CIRCLE('',#3008,13.3245735194571);
#158=CIRCLE('',#3009,16.3267949192431);
#159=CIRCLE('',#3011,16.3267949192431);
#160=CIRCLE('',#3012,13.3245735194571);
#161=CIRCLE('',#3014,13.3245735194571);
#162=CIRCLE('',#3015,16.3267949192431);
#163=CIRCLE('',#3017,16.1535898384862);
#164=CIRCLE('',#3019,16.1535898384862);
#165=CIRCLE('',#3021,16.1535898384862);
#166=CIRCLE('',#3023,16.1535898384862);
#167=CIRCLE('',#3025,16.1535898384862);
#168=CIRCLE('',#3027,16.1535898384862);
#169=CIRCLE('',#3029,14.6);
#170=CIRCLE('',#3031,14.6);
#171=CIRCLE('',#3033,14.6);
#172=CIRCLE('',#3035,14.6);
#173=CIRCLE('',#3037,14.6);
#174=CIRCLE('',#3039,14.6);
#175=CIRCLE('',#3041,14.6);
#176=CIRCLE('',#3043,14.6);
#177=CIRCLE('',#3045,14.6);
#178=CIRCLE('',#3047,14.6);
#179=CIRCLE('',#3049,14.6);
#180=CIRCLE('',#3051,14.6);
#181=CIRCLE('',#3053,16.2702516900963);
#182=CIRCLE('',#3055,16.2702516900963);
#183=CIRCLE('',#3057,16.2702516900963);
#184=CIRCLE('',#3059,16.2702516900963);
#185=CIRCLE('',#3061,16.2702516900963);
#186=CIRCLE('',#3063,16.2702516900963);
#187=CIRCLE('',#3065,16.4683053038446);
#188=CIRCLE('',#3067,16.4683053038446);
#189=CIRCLE('',#3069,16.4683053038446);
#190=CIRCLE('',#3071,16.4683053038446);
#191=CIRCLE('',#3073,16.4683053038446);
#192=CIRCLE('',#3075,16.4683053038446);
#193=CIRCLE('',#3077,12.2785949101615);
#194=CIRCLE('',#3079,12.2785949101615);
#195=CIRCLE('',#3081,12.2785949101615);
#196=CIRCLE('',#3083,12.2785949101615);
#197=CIRCLE('',#3085,12.2785949101615);
#198=CIRCLE('',#3087,12.2785949101615);
#199=CIRCLE('',#3089,11.2883268414199);
#200=CIRCLE('',#3090,12.2785949101615);
#201=CIRCLE('',#3092,11.2883268414199);
#202=CIRCLE('',#3093,12.2785949101615);
#203=CIRCLE('',#3095,11.2883268414199);
#204=CIRCLE('',#3096,12.2785949101615);
#205=CIRCLE('',#3098,11.2883268414199);
#206=CIRCLE('',#3099,12.2785949101615);
#207=CIRCLE('',#3101,11.2883268414199);
#208=CIRCLE('',#3102,12.2785949101615);
#209=CIRCLE('',#3104,11.2883268414199);
#210=CIRCLE('',#3105,12.2785949101615);
#211=CIRCLE('',#3108,7.);
#212=CIRCLE('',#3110,7.);
#213=CIRCLE('',#3112,7.);
#214=CIRCLE('',#3114,7.);
#215=CIRCLE('',#3116,7.);
#216=CIRCLE('',#3118,7.);
#217=CIRCLE('',#3120,7.);
#218=CIRCLE('',#3122,7.);
#219=CIRCLE('',#3124,7.);
#220=CIRCLE('',#3126,7.);
#221=CIRCLE('',#3128,7.);
#222=CIRCLE('',#3137,13.3245735194571);
#223=CIRCLE('',#3138,13.3245735194571);
#224=CIRCLE('',#3140,13.3245735194571);
#225=CIRCLE('',#3142,13.3245735194571);
#226=CIRCLE('',#3144,13.3245735194571);
#227=CIRCLE('',#3147,16.3267949192431);
#228=CIRCLE('',#3149,16.3267949192431);
#229=CIRCLE('',#3151,16.3267949192431);
#230=CIRCLE('',#3153,16.3267949192431);
#231=CIRCLE('',#3155,16.3267949192431);
#232=CIRCLE('',#3157,16.1535898384862);
#233=CIRCLE('',#3159,16.1535898384862);
#234=CIRCLE('',#3161,16.1535898384862);
#235=CIRCLE('',#3163,16.1535898384862);
#236=CIRCLE('',#3165,16.1535898384862);
#237=CIRCLE('',#3167,14.6);
#238=CIRCLE('',#3169,14.6);
#239=CIRCLE('',#3171,14.6);
#240=CIRCLE('',#3173,14.6);
#241=CIRCLE('',#3175,14.6);
#242=CIRCLE('',#3177,14.6);
#243=CIRCLE('',#3179,14.6);
#244=CIRCLE('',#3181,14.6);
#245=CIRCLE('',#3183,14.6);
#246=CIRCLE('',#3185,14.6);
#247=CIRCLE('',#3187,16.2702516900963);
#248=CIRCLE('',#3189,16.2702516900963);
#249=CIRCLE('',#3191,16.2702516900963);
#250=CIRCLE('',#3193,16.2702516900963);
#251=CIRCLE('',#3195,16.2702516900963);
#252=CIRCLE('',#3197,16.4683053038446);
#253=CIRCLE('',#3199,16.4683053038446);
#254=CIRCLE('',#3201,16.4683053038446);
#255=CIRCLE('',#3203,16.4683053038446);
#256=CIRCLE('',#3205,16.4683053038446);
#257=CIRCLE('',#3212,16.3267949192431);
#258=CIRCLE('',#3214,16.1535898384862);
#259=CIRCLE('',#3216,14.6);
#260=CIRCLE('',#3218,14.6);
#261=CIRCLE('',#3220,16.2702516900963);
#262=CIRCLE('',#3222,16.4683053038446);
#263=FACE_OUTER_BOUND('',#775,.T.);
#264=FACE_OUTER_BOUND('',#776,.T.);
#265=FACE_OUTER_BOUND('',#777,.T.);
#266=FACE_OUTER_BOUND('',#778,.T.);
#267=FACE_OUTER_BOUND('',#779,.T.);
#268=FACE_OUTER_BOUND('',#780,.T.);
#269=FACE_OUTER_BOUND('',#781,.T.);
#270=FACE_OUTER_BOUND('',#782,.T.);
#271=FACE_OUTER_BOUND('',#783,.T.);
#272=FACE_OUTER_BOUND('',#784,.T.);
#273=FACE_OUTER_BOUND('',#785,.T.);
#274=FACE_OUTER_BOUND('',#786,.T.);
#275=FACE_OUTER_BOUND('',#787,.T.);
#276=FACE_OUTER_BOUND('',#788,.T.);
#277=FACE_OUTER_BOUND('',#789,.T.);
#278=FACE_OUTER_BOUND('',#790,.T.);
#279=FACE_OUTER_BOUND('',#791,.T.);
#280=FACE_OUTER_BOUND('',#792,.T.);
#281=FACE_OUTER_BOUND('',#793,.T.);
#282=FACE_OUTER_BOUND('',#794,.T.);
#283=FACE_OUTER_BOUND('',#795,.T.);
#284=FACE_OUTER_BOUND('',#796,.T.);
#285=FACE_OUTER_BOUND('',#797,.T.);
#286=FACE_OUTER_BOUND('',#798,.T.);
#287=FACE_OUTER_BOUND('',#799,.T.);
#288=FACE_OUTER_BOUND('',#800,.T.);
#289=FACE_OUTER_BOUND('',#801,.T.);
#290=FACE_OUTER_BOUND('',#802,.T.);
#291=FACE_OUTER_BOUND('',#803,.T.);
#292=FACE_OUTER_BOUND('',#804,.T.);
#293=FACE_OUTER_BOUND('',#805,.T.);
#294=FACE_OUTER_BOUND('',#806,.T.);
#295=FACE_OUTER_BOUND('',#807,.T.);
#296=FACE_OUTER_BOUND('',#808,.T.);
#297=FACE_OUTER_BOUND('',#809,.T.);
#298=FACE_OUTER_BOUND('',#810,.T.);
#299=FACE_OUTER_BOUND('',#811,.T.);
#300=FACE_OUTER_BOUND('',#812,.T.);
#301=FACE_OUTER_BOUND('',#813,.T.);
#302=FACE_OUTER_BOUND('',#814,.T.);
#303=FACE_OUTER_BOUND('',#815,.T.);
#304=FACE_OUTER_BOUND('',#816,.T.);
#305=FACE_OUTER_BOUND('',#817,.T.);
#306=FACE_OUTER_BOUND('',#818,.T.);
#307=FACE_OUTER_BOUND('',#819,.T.);
#308=FACE_OUTER_BOUND('',#820,.T.);
#309=FACE_OUTER_BOUND('',#821,.T.);
#310=FACE_OUTER_BOUND('',#822,.T.);
#311=FACE_OUTER_BOUND('',#823,.T.);
#312=FACE_OUTER_BOUND('',#824,.T.);
#313=FACE_OUTER_BOUND('',#825,.T.);
#314=FACE_OUTER_BOUND('',#826,.T.);
#315=FACE_OUTER_BOUND('',#827,.T.);
#316=FACE_OUTER_BOUND('',#828,.T.);
#317=FACE_OUTER_BOUND('',#831,.T.);
#318=FACE_OUTER_BOUND('',#832,.T.);
#319=FACE_OUTER_BOUND('',#833,.T.);
#320=FACE_OUTER_BOUND('',#834,.T.);
#321=FACE_OUTER_BOUND('',#835,.T.);
#322=FACE_OUTER_BOUND('',#836,.T.);
#323=FACE_OUTER_BOUND('',#843,.T.);
#324=FACE_OUTER_BOUND('',#844,.T.);
#325=FACE_OUTER_BOUND('',#845,.T.);
#326=FACE_OUTER_BOUND('',#846,.T.);
#327=FACE_OUTER_BOUND('',#847,.T.);
#328=FACE_OUTER_BOUND('',#848,.T.);
#329=FACE_OUTER_BOUND('',#849,.T.);
#330=FACE_OUTER_BOUND('',#850,.T.);
#331=FACE_OUTER_BOUND('',#851,.T.);
#332=FACE_OUTER_BOUND('',#852,.T.);
#333=FACE_OUTER_BOUND('',#853,.T.);
#334=FACE_OUTER_BOUND('',#854,.T.);
#335=FACE_OUTER_BOUND('',#855,.T.);
#336=FACE_OUTER_BOUND('',#856,.T.);
#337=FACE_OUTER_BOUND('',#857,.T.);
#338=FACE_OUTER_BOUND('',#858,.T.);
#339=FACE_OUTER_BOUND('',#859,.T.);
#340=FACE_OUTER_BOUND('',#860,.T.);
#341=FACE_OUTER_BOUND('',#861,.T.);
#342=FACE_OUTER_BOUND('',#862,.T.);
#343=FACE_OUTER_BOUND('',#863,.T.);
#344=FACE_OUTER_BOUND('',#864,.T.);
#345=FACE_OUTER_BOUND('',#865,.T.);
#346=FACE_OUTER_BOUND('',#866,.T.);
#347=FACE_OUTER_BOUND('',#867,.T.);
#348=FACE_OUTER_BOUND('',#868,.T.);
#349=FACE_OUTER_BOUND('',#869,.T.);
#350=FACE_OUTER_BOUND('',#870,.T.);
#351=FACE_OUTER_BOUND('',#871,.T.);
#352=FACE_OUTER_BOUND('',#872,.T.);
#353=FACE_OUTER_BOUND('',#873,.T.);
#354=FACE_OUTER_BOUND('',#874,.T.);
#355=FACE_OUTER_BOUND('',#875,.T.);
#356=FACE_OUTER_BOUND('',#876,.T.);
#357=FACE_OUTER_BOUND('',#877,.T.);
#358=FACE_OUTER_BOUND('',#878,.T.);
#359=FACE_OUTER_BOUND('',#879,.T.);
#360=FACE_OUTER_BOUND('',#880,.T.);
#361=FACE_OUTER_BOUND('',#881,.T.);
#362=FACE_OUTER_BOUND('',#882,.T.);
#363=FACE_OUTER_BOUND('',#883,.T.);
#364=FACE_OUTER_BOUND('',#884,.T.);
#365=FACE_OUTER_BOUND('',#885,.T.);
#366=FACE_OUTER_BOUND('',#886,.T.);
#367=FACE_OUTER_BOUND('',#887,.T.);
#368=FACE_OUTER_BOUND('',#888,.T.);
#369=FACE_OUTER_BOUND('',#889,.T.);
#370=FACE_OUTER_BOUND('',#890,.T.);
#371=FACE_OUTER_BOUND('',#891,.T.);
#372=FACE_OUTER_BOUND('',#892,.T.);
#373=FACE_OUTER_BOUND('',#893,.T.);
#374=FACE_OUTER_BOUND('',#894,.T.);
#375=FACE_OUTER_BOUND('',#895,.T.);
#376=FACE_OUTER_BOUND('',#896,.T.);
#377=FACE_OUTER_BOUND('',#897,.T.);
#378=FACE_OUTER_BOUND('',#898,.T.);
#379=FACE_OUTER_BOUND('',#899,.T.);
#380=FACE_OUTER_BOUND('',#900,.T.);
#381=FACE_OUTER_BOUND('',#901,.T.);
#382=FACE_OUTER_BOUND('',#902,.T.);
#383=FACE_OUTER_BOUND('',#903,.T.);
#384=FACE_OUTER_BOUND('',#904,.T.);
#385=FACE_OUTER_BOUND('',#905,.T.);
#386=FACE_OUTER_BOUND('',#906,.T.);
#387=FACE_OUTER_BOUND('',#907,.T.);
#388=FACE_OUTER_BOUND('',#908,.T.);
#389=FACE_OUTER_BOUND('',#909,.T.);
#390=FACE_OUTER_BOUND('',#910,.T.);
#391=FACE_OUTER_BOUND('',#911,.T.);
#392=FACE_OUTER_BOUND('',#912,.T.);
#393=FACE_OUTER_BOUND('',#913,.T.);
#394=FACE_OUTER_BOUND('',#914,.T.);
#395=FACE_OUTER_BOUND('',#915,.T.);
#396=FACE_OUTER_BOUND('',#916,.T.);
#397=FACE_OUTER_BOUND('',#917,.T.);
#398=FACE_OUTER_BOUND('',#918,.T.);
#399=FACE_OUTER_BOUND('',#919,.T.);
#400=FACE_OUTER_BOUND('',#920,.T.);
#401=FACE_OUTER_BOUND('',#921,.T.);
#402=FACE_OUTER_BOUND('',#922,.T.);
#403=FACE_OUTER_BOUND('',#923,.T.);
#404=FACE_OUTER_BOUND('',#924,.T.);
#405=B_SPLINE_CURVE_WITH_KNOTS('',3,(#4037,#4038,#4039,#4040,#4041,#4042),
 .UNSPECIFIED.,.F.,.F.,(4,2,4),(0.,0.500150828684185,1.),.UNSPECIFIED.);
#406=B_SPLINE_CURVE_WITH_KNOTS('',3,(#4046,#4047,#4048,#4049),
 .UNSPECIFIED.,.F.,.F.,(4,4),(0.,1.),.UNSPECIFIED.);
#407=B_SPLINE_CURVE_WITH_KNOTS('',3,(#4061,#4062,#4063,#4064),
 .UNSPECIFIED.,.F.,.F.,(4,4),(0.,1.),.UNSPECIFIED.);
#408=B_SPLINE_CURVE_WITH_KNOTS('',3,(#4075,#4076,#4077,#4078,#4079,#4080),
 .UNSPECIFIED.,.F.,.F.,(4,2,4),(0.,0.500150828684185,1.),.UNSPECIFIED.);
#409=B_SPLINE_CURVE_WITH_KNOTS('',3,(#4087,#4088,#4089,#4090),
 .UNSPECIFIED.,.F.,.F.,(4,4),(0.,1.),.UNSPECIFIED.);
#410=B_SPLINE_CURVE_WITH_KNOTS('',3,(#4092,#4093,#4094,#4095,#4096,#4097,
#4098,#4099,#4100,#4101,#4102,#4103,#4104,#4105),.UNSPECIFIED.,.F.,.F.,
(4,2,2,2,2,2,4),(0.,0.165332316558348,0.329917243938887,0.50321036853533,
0.677318505068423,0.839070580299164,1.),.UNSPECIFIED.);
#411=B_SPLINE_CURVE_WITH_KNOTS('',3,(#4109,#4110,#4111,#4112,#4113,#4114,
#4115,#4116,#4117,#4118,#4119,#4120,#4121,#4122),.UNSPECIFIED.,.F.,.F.,
(4,2,2,2,2,2,4),(0.,0.179513192188852,0.359408508556364,0.548959223259987,
0.738118941567501,0.868821137599224,1.),.UNSPECIFIED.);
#412=B_SPLINE_CURVE_WITH_KNOTS('',3,(#4124,#4125,#4126,#4127,#4128,#4129,
#4130,#4131,#4132,#4133,#4134,#4135,#4136,#4137),.UNSPECIFIED.,.F.,.F.,
(4,2,2,2,2,2,4),(0.,0.245685785325754,0.419026776721767,0.630296280134759,
0.753728191096152,0.877160102057548,1.),.UNSPECIFIED.);
#413=B_SPLINE_CURVE_WITH_KNOTS('',3,(#4141,#4142,#4143,#4144,#4145,#4146,
#4147,#4148,#4149,#4150,#4151,#4152,#4153,#4154),.UNSPECIFIED.,.F.,.F.,
(4,2,2,2,2,2,4),(0.,0.154431079443261,0.309732064635792,0.467459627721962,
0.626201484879104,0.812602908056055,1.),.UNSPECIFIED.);
#414=B_SPLINE_CURVE_WITH_KNOTS('',3,(#4173,#4174,#4175,#4176),
 .UNSPECIFIED.,.F.,.F.,(4,4),(0.,1.),.UNSPECIFIED.);
#415=B_SPLINE_CURVE_WITH_KNOTS('',3,(#4178,#4179,#4180,#4181,#4182,#4183,
#4184),.UNSPECIFIED.,.F.,.F.,(4,3,4),(0.,0.512548515721888,1.),
 .UNSPECIFIED.);
#416=B_SPLINE_CURVE_WITH_KNOTS('',3,(#4188,#4189,#4190,#4191,#4192,#4193,
#4194),.UNSPECIFIED.,.F.,.F.,(4,3,4),(0.,0.7446551956006,1.),
 .UNSPECIFIED.);
#417=B_SPLINE_CURVE_WITH_KNOTS('',3,(#4199,#4200,#4201,#4202),
 .UNSPECIFIED.,.F.,.F.,(4,4),(0.,1.),.UNSPECIFIED.);
#418=B_SPLINE_CURVE_WITH_KNOTS('',3,(#4206,#4207,#4208,#4209),
 .UNSPECIFIED.,.F.,.F.,(4,4),(0.,1.),.UNSPECIFIED.);
#419=B_SPLINE_CURVE_WITH_KNOTS('',3,(#4214,#4215,#4216,#4217),
 .UNSPECIFIED.,.F.,.F.,(4,4),(0.,1.),.UNSPECIFIED.);
#420=B_SPLINE_CURVE_WITH_KNOTS('',3,(#4221,#4222,#4223,#4224),
 .UNSPECIFIED.,.F.,.F.,(4,4),(0.,1.),.UNSPECIFIED.);
#421=B_SPLINE_CURVE_WITH_KNOTS('',3,(#4229,#4230,#4231,#4232),
 .UNSPECIFIED.,.F.,.F.,(4,4),(0.,1.),.UNSPECIFIED.);
#422=B_SPLINE_CURVE_WITH_KNOTS('',3,(#4236,#4237,#4238,#4239),
 .UNSPECIFIED.,.F.,.F.,(4,4),(0.,1.),.UNSPECIFIED.);
#423=B_SPLINE_CURVE_WITH_KNOTS('',3,(#4244,#4245,#4246,#4247),
 .UNSPECIFIED.,.F.,.F.,(4,4),(0.,1.),.UNSPECIFIED.);
#424=B_SPLINE_CURVE_WITH_KNOTS('',3,(#4251,#4252,#4253,#4254,#4255,#4256,
#4257),.UNSPECIFIED.,.F.,.F.,(4,3,4),(0.,0.744655195600598,1.),
 .UNSPECIFIED.);
#425=B_SPLINE_CURVE_WITH_KNOTS('',3,(#4262,#4263,#4264,#4265),
 .UNSPECIFIED.,.F.,.F.,(4,4),(0.,1.),.UNSPECIFIED.);
#426=B_SPLINE_CURVE_WITH_KNOTS('',3,(#4269,#4270,#4271,#4272,#4273,#4274,
#4275,#4276,#4277,#4278,#4279,#4280,#4281,#4282,#4283,#4284,#4285,#4286,
#4287,#4288,#4289,#4290),.UNSPECIFIED.,.F.,.F.,(4,3,3,3,3,3,3,4),(0.,0.160472256265546,
0.32149245490853,0.482492819023637,0.643512745880282,0.804592855707262,
0.965748311461452,1.),.UNSPECIFIED.);
#427=B_SPLINE_CURVE_WITH_KNOTS('',3,(#4292,#4293,#4294,#4295,#4296,#4297,
#4298,#4299,#4300,#4301,#4302,#4303,#4304,#4305,#4306,#4307,#4308,#4309,
#4310,#4311,#4312,#4313),.UNSPECIFIED.,.F.,.F.,(4,3,3,3,3,3,3,4),(0.,0.13110003671799,
0.292105240749928,0.453072968375767,0.614051321031028,0.775083910915291,
0.936191448438253,1.),.UNSPECIFIED.);
#428=B_SPLINE_CURVE_WITH_KNOTS('',3,(#4317,#4318,#4319,#4320,#4321,#4322,
#4323,#4324,#4325,#4326,#4327,#4328,#4329,#4330,#4331,#4332,#4333,#4334,
#4335,#4336,#4337,#4338,#4339,#4340,#4341),.UNSPECIFIED.,.F.,.F.,(4,3,3,
3,3,3,3,3,4),(0.,0.0126907969394681,0.173865294030946,0.334976020081459,
0.49606130517722,0.595899796483984,0.757141169030675,0.918379181778963,
1.),.UNSPECIFIED.);
#429=B_SPLINE_CURVE_WITH_KNOTS('',3,(#4343,#4344,#4345,#4346,#4347,#4348,
#4349,#4350,#4351,#4352,#4353,#4354,#4355,#4356,#4357,#4358,#4359,#4360,
#4361,#4362,#4363,#4364),.UNSPECIFIED.,.F.,.F.,(4,3,3,3,3,3,3,4),(0.,0.160472256265548,
0.321492454908531,0.482492819023637,0.643512745880279,0.804592855707252,
0.965748311461439,1.),.UNSPECIFIED.);
#430=B_SPLINE_CURVE_WITH_KNOTS('',3,(#4368,#4369,#4370,#4371,#4372,#4373,
#4374,#4375,#4376,#4377,#4378,#4379,#4380,#4381,#4382,#4383,#4384,#4385,
#4386,#4387,#4388,#4389),.UNSPECIFIED.,.F.,.F.,(4,3,3,3,3,3,3,4),(0.,0.160472256287297,
0.321492454930313,0.482492819045451,0.643512745902131,0.804592855729151,
0.965748311483386,1.),.UNSPECIFIED.);
#431=B_SPLINE_CURVE_WITH_KNOTS('',3,(#4391,#4392,#4393,#4394,#4395,#4396,
#4397,#4398,#4399,#4400,#4401,#4402,#4403,#4404,#4405,#4406,#4407,#4408,
#4409,#4410,#4411,#4412),.UNSPECIFIED.,.F.,.F.,(4,3,3,3,3,3,3,4),(0.,0.160472256275827,
0.321492454918826,0.482492819033943,0.643512745890605,0.804592855717606,
0.965748311471808,1.),.UNSPECIFIED.);
#432=B_SPLINE_CURVE_WITH_KNOTS('',3,(#4416,#4417,#4418,#4419,#4420,#4421,
#4422,#4423,#4424,#4425,#4426,#4427,#4428,#4429,#4430,#4431,#4432,#4433,
#4434,#4435,#4436,#4437),.UNSPECIFIED.,.F.,.F.,(4,3,3,3,3,3,3,4),(0.,0.160472256265757,
0.321492454908736,0.482492819023842,0.64351274588048,0.804592855707457,
0.96574831146165,1.),.UNSPECIFIED.);
#433=B_SPLINE_CURVE_WITH_KNOTS('',3,(#4439,#4440,#4441,#4442,#4443,#4444,
#4445,#4446,#4447,#4448,#4449,#4450,#4451,#4452,#4453,#4454,#4455,#4456,
#4457,#4458,#4459,#4460,#4461,#4462,#4463),.UNSPECIFIED.,.F.,.F.,(4,3,3,
3,3,3,3,3,4),(0.,0.0026899005740458,0.163850295714816,0.32494530864751,
0.486011969663358,0.585837216078755,0.747055439389918,0.908270237141547,
1.),.UNSPECIFIED.);
#434=B_SPLINE_CURVE_WITH_KNOTS('',3,(#4467,#4468,#4469,#4470,#4471,#4472,
#4473,#4474,#4475,#4476,#4477,#4478,#4479,#4480,#4481,#4482,#4483,#4484,
#4485,#4486,#4487,#4488),.UNSPECIFIED.,.F.,.F.,(4,3,3,3,3,3,3,4),(0.,0.0851827834702807,
0.246142818144183,0.407150109204611,0.568230827796481,0.729379751970244,
0.890561821773756,1.),.UNSPECIFIED.);
#435=B_SPLINE_CURVE_WITH_KNOTS('',3,(#4492,#4493,#4494,#4495,#4496,#4497,
#4498,#4499,#4500,#4501,#4502,#4503,#4504,#4505,#4506,#4507,#4508,#4509,
#4510,#4511,#4512,#4513),.UNSPECIFIED.,.F.,.F.,(4,3,3,3,3,3,3,4),(0.,0.160472256265551,
0.321492454908535,0.482492819023636,0.643512745880272,0.804592855707246,
0.965748311461439,1.),.UNSPECIFIED.);
#436=B_SPLINE_CURVE_WITH_KNOTS('',3,(#4515,#4516,#4517,#4518,#4519,#4520,
#4521,#4522,#4523,#4524,#4525,#4526,#4527,#4528,#4529,#4530,#4531,#4532,
#4533,#4534,#4535,#4536),.UNSPECIFIED.,.F.,.F.,(4,3,3,3,3,3,3,4),(0.,0.145888323870957,
0.30690288372417,0.467884016944067,0.628880294628562,0.789933901930413,
0.951062795890442,1.),.UNSPECIFIED.);
#437=B_SPLINE_CURVE_WITH_KNOTS('',3,(#4538,#4539,#4540,#4541,#4542,#4543,
#4544,#4545,#4546,#4547,#4548,#4549,#4550,#4551,#4552,#4553,#4554,#4555,
#4556,#4557,#4558,#4559),.UNSPECIFIED.,.F.,.F.,(4,3,3,3,3,3,3,4),(0.,0.160472256265546,
0.321492454908531,0.482492819023636,0.643512745880272,0.804592855707254,
0.965748311461448,1.),.UNSPECIFIED.);
#438=B_SPLINE_CURVE_WITH_KNOTS('',3,(#4671,#4672,#4673,#4674,#4675,#4676,
#4677,#4678,#4679,#4680,#4681,#4682,#4683,#4684,#4685,#4686,#4687,#4688,
#4689),.UNSPECIFIED.,.F.,.F.,(4,3,3,3,3,3,4),(0.,0.182825277031638,0.380236064223956,
0.577593757718424,0.77486382595731,0.972049814542298,1.),.UNSPECIFIED.);
#439=B_SPLINE_CURVE_WITH_KNOTS('',3,(#4691,#4692,#4693,#4694,#4695,#4696,
#4697,#4698,#4699,#4700,#4701,#4702,#4703,#4704,#4705,#4706,#4707,#4708,
#4709),.UNSPECIFIED.,.F.,.F.,(4,3,3,3,3,3,4),(0.,0.137753807521348,0.335130242902544,
0.532465636337544,0.729718214792429,0.926882414866768,1.),.UNSPECIFIED.);
#440=B_SPLINE_CURVE_WITH_KNOTS('',3,(#4713,#4714,#4715,#4716,#4717,#4718,
#4719,#4720,#4721,#4722,#4723,#4724,#4725,#4726,#4727,#4728,#4729,#4730,
#4731,#4732,#4733,#4734),.UNSPECIFIED.,.F.,.F.,(4,3,3,3,3,3,3,4),(0.,0.0837488518315394,
0.281297439978083,0.478820663365946,0.676269287841125,0.798754944319614,
0.996031906382423,1.),.UNSPECIFIED.);
#441=B_SPLINE_CURVE_WITH_KNOTS('',3,(#4736,#4737,#4738,#4739,#4740,#4741,
#4742,#4743,#4744,#4745,#4746,#4747,#4748,#4749,#4750,#4751,#4752,#4753,
#4754),.UNSPECIFIED.,.F.,.F.,(4,3,3,3,3,3,4),(0.,0.18282527703179,0.380236064224105,
0.577593757718566,0.774863825957456,0.97204981454243,1.),.UNSPECIFIED.);
#442=B_SPLINE_CURVE_WITH_KNOTS('',3,(#4758,#4759,#4760,#4761,#4762,#4763,
#4764,#4765,#4766,#4767,#4768,#4769,#4770,#4771,#4772,#4773,#4774,#4775,
#4776),.UNSPECIFIED.,.F.,.F.,(4,3,3,3,3,3,4),(0.,0.182825277031429,0.380236064223746,
0.577593757718215,0.774863825957105,0.972049814542088,1.),.UNSPECIFIED.);
#443=B_SPLINE_CURVE_WITH_KNOTS('',3,(#4778,#4779,#4780,#4781,#4782,#4783,
#4784,#4785,#4786,#4787,#4788,#4789,#4790,#4791,#4792,#4793,#4794,#4795,
#4796),.UNSPECIFIED.,.F.,.F.,(4,3,3,3,3,3,4),(0.,0.182825277031439,0.380236064223752,
0.577593757718219,0.774863825957112,0.972049814542098,1.),.UNSPECIFIED.);
#444=B_SPLINE_CURVE_WITH_KNOTS('',3,(#4800,#4801,#4802,#4803,#4804,#4805,
#4806,#4807,#4808,#4809,#4810,#4811,#4812,#4813,#4814,#4815,#4816,#4817,
#4818),.UNSPECIFIED.,.F.,.F.,(4,3,3,3,3,3,4),(0.,0.182825277047854,0.380236064240149,
0.577593757734595,0.774863825973466,0.972049814558436,1.),.UNSPECIFIED.);
#445=B_SPLINE_CURVE_WITH_KNOTS('',3,(#4820,#4821,#4822,#4823,#4824,#4825,
#4826,#4827,#4828,#4829,#4830,#4831,#4832,#4833,#4834,#4835,#4836,#4837,
#4838),.UNSPECIFIED.,.F.,.F.,(4,3,3,3,3,3,4),(0.,0.0886680616444381,0.286203658783383,
0.483712416607912,0.681145717141457,0.803619644989986,1.),.UNSPECIFIED.);
#446=B_SPLINE_CURVE_WITH_KNOTS('',3,(#4842,#4843,#4844,#4845,#4846,#4847,
#4848,#4849,#4850,#4851,#4852,#4853,#4854,#4855,#4856,#4857,#4858,#4859,
#4860),.UNSPECIFIED.,.F.,.F.,(4,3,3,3,3,3,4),(0.,0.0585622226809015,0.255849052222224,
0.453044990417415,0.650171454904667,0.847279233690944,1.),.UNSPECIFIED.);
#447=B_SPLINE_CURVE_WITH_KNOTS('',3,(#4864,#4865,#4866,#4867,#4868,#4869,
#4870,#4871,#4872,#4873,#4874,#4875,#4876,#4877,#4878,#4879,#4880,#4881,
#4882),.UNSPECIFIED.,.F.,.F.,(4,3,3,3,3,3,4),(0.,0.182825277031788,0.3802360642241,
0.577593757718577,0.774863825957458,0.972049814542442,1.),.UNSPECIFIED.);
#448=B_SPLINE_CURVE_WITH_KNOTS('',3,(#4884,#4885,#4886,#4887,#4888,#4889,
#4890,#4891,#4892,#4893,#4894,#4895,#4896,#4897,#4898,#4899,#4900,#4901,
#4902),.UNSPECIFIED.,.F.,.F.,(4,3,3,3,3,3,4),(0.,0.13258318466637,0.329958716752583,
0.527294654752195,0.724548453488655,0.921713509243062,1.),.UNSPECIFIED.);
#449=B_SPLINE_CURVE_WITH_KNOTS('',3,(#4904,#4905,#4906,#4907,#4908,#4909,
#4910,#4911,#4912,#4913,#4914,#4915,#4916,#4917,#4918,#4919,#4920,#4921,
#4922),.UNSPECIFIED.,.F.,.F.,(4,3,3,3,3,3,4),(0.,0.182825277031565,0.380236064223872,
0.577593757718336,0.774863825957217,0.972049814542209,1.),.UNSPECIFIED.);
#450=B_SPLINE_CURVE_WITH_KNOTS('',3,(#4926,#4927,#4928,#4929),
 .UNSPECIFIED.,.F.,.F.,(4,4),(0.,1.),.UNSPECIFIED.);
#451=B_SPLINE_CURVE_WITH_KNOTS('',3,(#4931,#4932,#4933,#4934,#4935,#4936,
#4937),.UNSPECIFIED.,.F.,.F.,(4,3,4),(0.,0.902889937892588,1.),
 .UNSPECIFIED.);
#452=B_SPLINE_CURVE_WITH_KNOTS('',3,(#4941,#4942,#4943,#4944,#4945,#4946,
#4947),.UNSPECIFIED.,.F.,.F.,(4,3,4),(0.,0.191557730457827,1.),
 .UNSPECIFIED.);
#453=B_SPLINE_CURVE_WITH_KNOTS('',3,(#4949,#4950,#4951,#4952),
 .UNSPECIFIED.,.F.,.F.,(4,4),(0.,1.),.UNSPECIFIED.);
#454=B_SPLINE_CURVE_WITH_KNOTS('',3,(#4956,#4957,#4958,#4959),
 .UNSPECIFIED.,.F.,.F.,(4,4),(0.,1.),.UNSPECIFIED.);
#455=B_SPLINE_CURVE_WITH_KNOTS('',3,(#4961,#4962,#4963,#4964),
 .UNSPECIFIED.,.F.,.F.,(4,4),(0.,1.),.UNSPECIFIED.);
#456=B_SPLINE_CURVE_WITH_KNOTS('',3,(#4968,#4969,#4970,#4971),
 .UNSPECIFIED.,.F.,.F.,(4,4),(0.,1.),.UNSPECIFIED.);
#457=B_SPLINE_CURVE_WITH_KNOTS('',3,(#4973,#4974,#4975,#4976,#4977,#4978,
#4979),.UNSPECIFIED.,.F.,.F.,(4,3,4),(0.,0.107508288160119,1.),
 .UNSPECIFIED.);
#458=B_SPLINE_CURVE_WITH_KNOTS('',3,(#4983,#4984,#4985,#4986),
 .UNSPECIFIED.,.F.,.F.,(4,4),(0.,1.),.UNSPECIFIED.);
#459=B_SPLINE_CURVE_WITH_KNOTS('',3,(#4990,#4991,#4992,#4993),
 .UNSPECIFIED.,.F.,.F.,(4,4),(0.,1.),.UNSPECIFIED.);
#460=B_SPLINE_CURVE_WITH_KNOTS('',3,(#4995,#4996,#4997,#4998,#4999,#5000,
#5001),.UNSPECIFIED.,.F.,.F.,(4,3,4),(0.,0.191557730457827,1.),
 .UNSPECIFIED.);
#461=B_SPLINE_CURVE_WITH_KNOTS('',3,(#5003,#5004,#5005,#5006),
 .UNSPECIFIED.,.F.,.F.,(4,4),(0.,1.),.UNSPECIFIED.);
#462=B_SPLINE_CURVE_WITH_KNOTS('',3,(#5013,#5014,#5015,#5016,#5017,#5018,
#5019,#5020,#5021,#5022,#5023,#5024,#5025,#5026,#5027,#5028),
 .UNSPECIFIED.,.F.,.F.,(4,3,3,3,3,4),(0.,0.178642977269991,0.414849093087491,
0.650922049915445,0.886792090841036,1.),.UNSPECIFIED.);
#463=B_SPLINE_CURVE_WITH_KNOTS('',3,(#5029,#5030,#5031,#5032,#5033,#5034,
#5035,#5036,#5037,#5038,#5039,#5040,#5041,#5042,#5043,#5044),
 .UNSPECIFIED.,.F.,.F.,(4,3,3,3,3,4),(0.,0.159273321307129,0.418546427317217,
0.677647034846409,0.936520337786949,1.),.UNSPECIFIED.);
#464=B_SPLINE_CURVE_WITH_KNOTS('',3,(#5046,#5047,#5048,#5049,#5050,#5051,
#5052),.UNSPECIFIED.,.F.,.F.,(4,3,4),(0.,0.499999999999999,1.),
 .UNSPECIFIED.);
#465=B_SPLINE_CURVE_WITH_KNOTS('',3,(#5054,#5055,#5056,#5057,#5058,#5059,
#5060,#5061,#5062,#5063,#5064,#5065,#5066,#5067,#5068,#5069),
 .UNSPECIFIED.,.F.,.F.,(4,3,3,3,3,4),(0.,0.159273321307129,0.418546427317217,
0.677647034846409,0.936520337786949,1.),.UNSPECIFIED.);
#466=B_SPLINE_CURVE_WITH_KNOTS('',3,(#5073,#5074,#5075,#5076,#5077,#5078,
#5079,#5080,#5081,#5082,#5083,#5084,#5085,#5086,#5087,#5088),
 .UNSPECIFIED.,.F.,.F.,(4,3,3,3,3,4),(0.,0.178642977269653,0.414849093087226,
0.650922049915254,0.886792090840916,1.),.UNSPECIFIED.);
#467=B_SPLINE_CURVE_WITH_KNOTS('',3,(#5090,#5091,#5092,#5093,#5094,#5095,
#5096,#5097,#5098,#5099,#5100,#5101,#5102,#5103,#5104,#5105),
 .UNSPECIFIED.,.F.,.F.,(4,3,3,3,3,4),(0.,0.162602359486366,0.398269153484856,
0.633747963076412,0.869120234668879,1.),.UNSPECIFIED.);
#468=B_SPLINE_CURVE_WITH_KNOTS('',3,(#5109,#5110,#5111,#5112,#5113,#5114,
#5115,#5116,#5117,#5118,#5119,#5120,#5121,#5122,#5123,#5124),
 .UNSPECIFIED.,.F.,.F.,(4,3,3,3,3,4),(0.,0.178642977269738,0.414849093087311,
0.650922049915338,0.886792090840997,1.),.UNSPECIFIED.);
#469=B_SPLINE_CURVE_WITH_KNOTS('',3,(#5128,#5129,#5130,#5131,#5132,#5133,
#5134,#5135,#5136,#5137,#5138,#5139,#5140),.UNSPECIFIED.,.F.,.F.,(4,3,3,
3,4),(0.,0.258458036741415,0.517061620277766,0.775786428004235,1.),
 .UNSPECIFIED.);
#470=B_SPLINE_CURVE_WITH_KNOTS('',3,(#5142,#5143,#5144,#5145),
 .UNSPECIFIED.,.F.,.F.,(4,4),(0.,1.),.UNSPECIFIED.);
#471=B_SPLINE_CURVE_WITH_KNOTS('',3,(#5147,#5148,#5149,#5150,#5151,#5152,
#5153,#5154,#5155,#5156,#5157,#5158,#5159,#5160,#5161,#5162),
 .UNSPECIFIED.,.F.,.F.,(4,3,3,3,3,4),(0.,0.0974874882767437,0.357032325626873,
0.616430847001383,0.875606403044558,1.),.UNSPECIFIED.);
#472=B_SPLINE_CURVE_WITH_KNOTS('',3,(#5164,#5165,#5166,#5167,#5168,#5169,
#5170,#5171,#5172,#5173,#5174,#5175,#5176,#5177,#5178,#5179),
 .UNSPECIFIED.,.F.,.F.,(4,3,3,3,3,4),(0.,0.178642977269623,0.414849093087117,
0.650922049915078,0.886792090840666,1.),.UNSPECIFIED.);
#473=B_SPLINE_CURVE_WITH_KNOTS('',3,(#5184,#5185,#5186,#5187,#5188,#5189,
#5190,#5191,#5192,#5193,#5194,#5195,#5196,#5197,#5198,#5199),
 .UNSPECIFIED.,.F.,.F.,(4,3,3,3,3,4),(0.,0.208389367640902,0.444552362978164,
0.591287380818489,0.826930218372889,1.),.UNSPECIFIED.);
#474=B_SPLINE_CURVE_WITH_KNOTS('',3,(#5200,#5201,#5202,#5203,#5204,#5205,
#5206,#5207,#5208,#5209,#5210,#5211,#5212,#5213,#5214,#5215),
 .UNSPECIFIED.,.F.,.F.,(4,3,3,3,3,4),(0.,0.0974874882767455,0.357032325626869,
0.616430847001383,0.875606403044558,1.),.UNSPECIFIED.);
#475=B_SPLINE_CURVE_WITH_KNOTS('',3,(#5217,#5218,#5219,#5220),
 .UNSPECIFIED.,.F.,.F.,(4,4),(0.,1.),.UNSPECIFIED.);
#476=B_SPLINE_CURVE_WITH_KNOTS('',3,(#5222,#5223,#5224,#5225,#5226,#5227,
#5228,#5229,#5230,#5231,#5232,#5233,#5234,#5235,#5236,#5237),
 .UNSPECIFIED.,.F.,.F.,(4,3,3,3,3,4),(0.,0.0974874882767454,0.357032325626873,
0.616430847001382,0.875606403044563,1.),.UNSPECIFIED.);
#477=B_SPLINE_CURVE_WITH_KNOTS('',3,(#5241,#5242,#5243,#5244,#5245,#5246,
#5247,#5248,#5249,#5250,#5251,#5252,#5253,#5254,#5255,#5256),
 .UNSPECIFIED.,.F.,.F.,(4,3,3,3,3,4),(0.,0.208389367640887,0.444552362978147,
0.591287380818481,0.826930218372878,1.),.UNSPECIFIED.);
#478=B_SPLINE_CURVE_WITH_KNOTS('',3,(#5261,#5262,#5263,#5264,#5265,#5266,
#5267,#5268,#5269,#5270,#5271,#5272,#5273,#5274,#5275,#5276),
 .UNSPECIFIED.,.F.,.F.,(4,3,3,3,3,4),(0.,0.17864297726999,0.414849093087488,
0.650922049915441,0.886792090841026,1.),.UNSPECIFIED.);
#479=B_SPLINE_CURVE_WITH_KNOTS('',3,(#5277,#5278,#5279,#5280,#5281,#5282,
#5283,#5284,#5285,#5286,#5287,#5288,#5289,#5290,#5291,#5292),
 .UNSPECIFIED.,.F.,.F.,(4,3,3,3,3,4),(0.,0.0974874882755507,0.357032325625682,
0.616430847000194,0.875606403043372,1.),.UNSPECIFIED.);
#480=B_SPLINE_CURVE_WITH_KNOTS('',3,(#5294,#5295,#5296,#5297),
 .UNSPECIFIED.,.F.,.F.,(4,4),(0.,1.),.UNSPECIFIED.);
#481=B_SPLINE_CURVE_WITH_KNOTS('',3,(#5299,#5300,#5301,#5302,#5303,#5304,
#5305,#5306,#5307,#5308,#5309,#5310,#5311,#5312,#5313,#5314),
 .UNSPECIFIED.,.F.,.F.,(4,3,3,3,3,4),(0.,0.0974874882767347,0.357032325626865,
0.616430847001375,0.875606403044558,1.),.UNSPECIFIED.);
#482=B_SPLINE_CURVE_WITH_KNOTS('',3,(#5318,#5319,#5320,#5321,#5322,#5323,
#5324,#5325,#5326,#5327,#5328,#5329,#5330,#5331,#5332,#5333),
 .UNSPECIFIED.,.F.,.F.,(4,3,3,3,3,4),(0.,0.178642977269989,0.41484909308749,
0.650922049915444,0.886792090841036,1.),.UNSPECIFIED.);
#483=B_SPLINE_CURVE_WITH_KNOTS('',3,(#5338,#5339,#5340,#5341,#5342,#5343,
#5344,#5345,#5346,#5347,#5348,#5349,#5350,#5351,#5352,#5353),
 .UNSPECIFIED.,.F.,.F.,(4,3,3,3,3,4),(0.,0.178642977269991,0.41484909308749,
0.650922049915445,0.886792090841036,1.),.UNSPECIFIED.);
#484=B_SPLINE_CURVE_WITH_KNOTS('',3,(#5354,#5355,#5356,#5357,#5358,#5359,
#5360,#5361,#5362,#5363,#5364,#5365,#5366,#5367,#5368,#5369),
 .UNSPECIFIED.,.F.,.F.,(4,3,3,3,3,4),(0.,0.130343836603199,0.389790332223451,
0.550992073881078,0.809867128942905,1.),.UNSPECIFIED.);
#485=B_SPLINE_CURVE_WITH_KNOTS('',3,(#5371,#5372,#5373,#5374,#5375,#5376,
#5377),.UNSPECIFIED.,.F.,.F.,(4,3,4),(0.,0.499999999999989,1.),
 .UNSPECIFIED.);
#486=B_SPLINE_CURVE_WITH_KNOTS('',3,(#5379,#5380,#5381,#5382,#5383,#5384,
#5385,#5386,#5387,#5388,#5389,#5390,#5391,#5392,#5393,#5394),
 .UNSPECIFIED.,.F.,.F.,(4,3,3,3,3,4),(0.,0.13034383660321,0.389790332223454,
0.550992073881078,0.809867128942911,1.),.UNSPECIFIED.);
#487=B_SPLINE_CURVE_WITH_KNOTS('',3,(#5398,#5399,#5400,#5401,#5402,#5403,
#5404,#5405,#5406,#5407,#5408,#5409,#5410,#5411,#5412,#5413),
 .UNSPECIFIED.,.F.,.F.,(4,3,3,3,3,4),(0.,0.178642977269986,0.414849093087487,
0.65092204991544,0.88679209084103,1.),.UNSPECIFIED.);
#488=B_SPLINE_CURVE_WITH_KNOTS('',3,(#5418,#5419,#5420,#5421,#5422,#5423,
#5424,#5425,#5426,#5427,#5428,#5429,#5430,#5431,#5432,#5433,#5434,#5435,
#5436),.UNSPECIFIED.,.F.,.F.,(4,3,3,3,3,3,4),(0.,0.0499806907582077,0.286121076285719,
0.522197689802745,0.758099023598542,0.993793727453773,1.),.UNSPECIFIED.);
#489=B_SPLINE_CURVE_WITH_KNOTS('',3,(#5437,#5438,#5439,#5440,#5441,#5442,
#5443,#5444,#5445,#5446,#5447,#5448,#5449,#5450,#5451,#5452),
 .UNSPECIFIED.,.F.,.F.,(4,3,3,3,3,4),(0.,0.097487488276736,0.357032325626866,
0.61643084700137,0.875606403044548,1.),.UNSPECIFIED.);
#490=B_SPLINE_CURVE_WITH_KNOTS('',3,(#5454,#5455,#5456,#5457),
 .UNSPECIFIED.,.F.,.F.,(4,4),(0.,1.),.UNSPECIFIED.);
#491=B_SPLINE_CURVE_WITH_KNOTS('',3,(#5459,#5460,#5461,#5462,#5463,#5464,
#5465,#5466,#5467,#5468,#5469,#5470,#5471,#5472,#5473,#5474),
 .UNSPECIFIED.,.F.,.F.,(4,3,3,3,3,4),(0.,0.0974874882767487,0.357032325626876,
0.616430847001382,0.875606403044569,1.),.UNSPECIFIED.);
#492=B_SPLINE_CURVE_WITH_KNOTS('',3,(#5645,#5646,#5647,#5648),
 .UNSPECIFIED.,.F.,.F.,(4,4),(0.,1.),.UNSPECIFIED.);
#493=B_SPLINE_CURVE_WITH_KNOTS('',3,(#5652,#5653,#5654,#5655),
 .UNSPECIFIED.,.F.,.F.,(4,4),(0.,1.),.UNSPECIFIED.);
#494=B_SPLINE_CURVE_WITH_KNOTS('',3,(#5657,#5658,#5659,#5660),
 .UNSPECIFIED.,.F.,.F.,(4,4),(0.,1.),.UNSPECIFIED.);
#495=B_SPLINE_CURVE_WITH_KNOTS('',3,(#5664,#5665,#5666,#5667),
 .UNSPECIFIED.,.F.,.F.,(4,4),(0.,1.),.UNSPECIFIED.);
#496=B_SPLINE_CURVE_WITH_KNOTS('',3,(#5669,#5670,#5671,#5672,#5673,#5674,
#5675),.UNSPECIFIED.,.F.,.F.,(4,3,4),(0.,0.7446551956006,1.),
 .UNSPECIFIED.);
#497=B_SPLINE_CURVE_WITH_KNOTS('',3,(#5679,#5680,#5681,#5682),
 .UNSPECIFIED.,.F.,.F.,(4,4),(0.,1.),.UNSPECIFIED.);
#498=B_SPLINE_CURVE_WITH_KNOTS('',3,(#5684,#5685,#5686,#5687),
 .UNSPECIFIED.,.F.,.F.,(4,4),(0.,1.),.UNSPECIFIED.);
#499=B_SPLINE_CURVE_WITH_KNOTS('',3,(#5691,#5692,#5693,#5694),
 .UNSPECIFIED.,.F.,.F.,(4,4),(0.,1.),.UNSPECIFIED.);
#500=B_SPLINE_CURVE_WITH_KNOTS('',3,(#5696,#5697,#5698,#5699),
 .UNSPECIFIED.,.F.,.F.,(4,4),(0.,1.),.UNSPECIFIED.);
#501=B_SPLINE_CURVE_WITH_KNOTS('',3,(#5703,#5704,#5705,#5706),
 .UNSPECIFIED.,.F.,.F.,(4,4),(0.,1.),.UNSPECIFIED.);
#502=B_SPLINE_CURVE_WITH_KNOTS('',3,(#5708,#5709,#5710,#5711,#5712,#5713,
#5714,#5715,#5716,#5717,#5718,#5719,#5720,#5721,#5722,#5723,#5724,#5725,
#5726,#5727,#5728,#5729),.UNSPECIFIED.,.F.,.F.,(4,3,3,3,3,3,3,4),(0.,0.160472256265623,
0.321492454908608,0.482492819023715,0.643512745880349,0.804592855707332,
0.96574831146152,1.),.UNSPECIFIED.);
#503=B_SPLINE_CURVE_WITH_KNOTS('',3,(#5733,#5734,#5735,#5736,#5737,#5738,
#5739,#5740,#5741,#5742,#5743,#5744,#5745,#5746,#5747,#5748,#5749,#5750,
#5751,#5752,#5753,#5754),.UNSPECIFIED.,.F.,.F.,(4,3,3,3,3,3,3,4),(0.,0.160472256289958,
0.321492454932975,0.482492819048116,0.643512745904796,0.804592855731828,
0.965748311486057,1.),.UNSPECIFIED.);
#504=B_SPLINE_CURVE_WITH_KNOTS('',3,(#5756,#5757,#5758,#5759,#5760,#5761,
#5762,#5763,#5764,#5765,#5766,#5767,#5768,#5769,#5770,#5771,#5772,#5773,
#5774,#5775,#5776,#5777),.UNSPECIFIED.,.F.,.F.,(4,3,3,3,3,3,3,4),(0.,0.126983713458369,
0.288248656784981,0.449475551455131,0.610632050242183,0.771716507437977,
0.932758018957404,1.),.UNSPECIFIED.);
#505=B_SPLINE_CURVE_WITH_KNOTS('',3,(#5781,#5782,#5783,#5784,#5785,#5786,
#5787,#5788,#5789,#5790,#5791,#5792,#5793,#5794,#5795,#5796,#5797,#5798,
#5799,#5800,#5801,#5802),.UNSPECIFIED.,.F.,.F.,(4,3,3,3,3,3,3,4),(0.,0.160472256267736,
0.321492454910721,0.482492819025828,0.64351274588247,0.80459285570945,0.965748311463642,
1.),.UNSPECIFIED.);
#506=B_SPLINE_CURVE_WITH_KNOTS('',3,(#5804,#5805,#5806,#5807,#5808,#5809,
#5810,#5811,#5812,#5813,#5814,#5815,#5816,#5817,#5818,#5819,#5820,#5821,
#5822,#5823,#5824,#5825,#5826,#5827,#5828),.UNSPECIFIED.,.F.,.F.,(4,3,3,
3,3,3,3,3,4),(0.,0.0126907969395049,0.173865294030983,0.33497602008149,
0.496061305177253,0.595899796483987,0.757141169030687,0.918379181778965,
1.),.UNSPECIFIED.);
#507=B_SPLINE_CURVE_WITH_KNOTS('',3,(#5832,#5833,#5834,#5835,#5836,#5837,
#5838,#5839,#5840,#5841,#5842,#5843,#5844,#5845,#5846,#5847,#5848,#5849,
#5850,#5851,#5852,#5853),.UNSPECIFIED.,.F.,.F.,(4,3,3,3,3,3,3,4),(0.,0.160472256265552,
0.321492454908535,0.482492819023644,0.643512745880284,0.804592855707265,
0.965748311461452,1.),.UNSPECIFIED.);
#508=B_SPLINE_CURVE_WITH_KNOTS('',3,(#5855,#5856,#5857,#5858,#5859,#5860,
#5861,#5862,#5863,#5864,#5865,#5866,#5867,#5868,#5869,#5870,#5871,#5872,
#5873,#5874,#5875,#5876),.UNSPECIFIED.,.F.,.F.,(4,3,3,3,3,3,3,4),(0.,0.160472256265757,
0.321492454908747,0.482492819023856,0.643512745880493,0.804592855707471,
0.965748311461659,1.),.UNSPECIFIED.);
#509=B_SPLINE_CURVE_WITH_KNOTS('',3,(#5880,#5881,#5882,#5883,#5884,#5885,
#5886,#5887,#5888,#5889,#5890,#5891,#5892,#5893,#5894,#5895,#5896,#5897,
#5898,#5899,#5900,#5901,#5902,#5903,#5904),.UNSPECIFIED.,.F.,.F.,(4,3,3,
3,3,3,3,3,4),(0.,0.00268990057404219,0.163850295714813,0.32494530864751,
0.486011969663358,0.58583721607875,0.747055439389922,0.908270237141553,
1.),.UNSPECIFIED.);
#510=B_SPLINE_CURVE_WITH_KNOTS('',3,(#5906,#5907,#5908,#5909,#5910,#5911,
#5912,#5913,#5914,#5915,#5916,#5917,#5918,#5919,#5920,#5921,#5922,#5923,
#5924,#5925,#5926,#5927),.UNSPECIFIED.,.F.,.F.,(4,3,3,3,3,3,3,4),(0.,0.160472256287292,
0.321492454930301,0.482492819045438,0.643512745902117,0.804592855729136,
0.965748311483359,1.),.UNSPECIFIED.);
#511=B_SPLINE_CURVE_WITH_KNOTS('',3,(#5931,#5932,#5933,#5934,#5935,#5936,
#5937,#5938,#5939,#5940,#5941,#5942,#5943,#5944,#5945,#5946,#5947,#5948,
#5949,#5950,#5951,#5952),.UNSPECIFIED.,.F.,.F.,(4,3,3,3,3,3,3,4),(0.,0.160472256275825,
0.321492454918822,0.482492819033942,0.643512745890601,0.804592855717604,
0.965748311471804,1.),.UNSPECIFIED.);
#512=B_SPLINE_CURVE_WITH_KNOTS('',3,(#6044,#6045,#6046,#6047,#6048,#6049,
#6050,#6051,#6052,#6053,#6054,#6055,#6056,#6057,#6058,#6059,#6060,#6061,
#6062),.UNSPECIFIED.,.F.,.F.,(4,3,3,3,3,3,4),(0.,0.182825277031445,0.38023606422376,
0.577593757718226,0.774863825957113,0.972049814542103,1.),.UNSPECIFIED.);
#513=B_SPLINE_CURVE_WITH_KNOTS('',3,(#6066,#6067,#6068,#6069,#6070,#6071,
#6072,#6073,#6074,#6075,#6076,#6077,#6078,#6079,#6080,#6081,#6082,#6083,
#6084),.UNSPECIFIED.,.F.,.F.,(4,3,3,3,3,3,4),(0.,0.182825277031443,0.380236064223763,
0.577593757718224,0.774863825957105,0.972049814542098,1.),.UNSPECIFIED.);
#514=B_SPLINE_CURVE_WITH_KNOTS('',3,(#6086,#6087,#6088,#6089,#6090,#6091,
#6092,#6093,#6094,#6095,#6096,#6097,#6098,#6099,#6100,#6101,#6102,#6103,
#6104),.UNSPECIFIED.,.F.,.F.,(4,3,3,3,3,3,4),(0.,0.196555212622201,0.39369382888501,
0.590856942442098,0.788097441653771,0.985428329362627,1.),.UNSPECIFIED.);
#515=B_SPLINE_CURVE_WITH_KNOTS('',3,(#6108,#6109,#6110,#6111,#6112,#6113,
#6114,#6115,#6116,#6117,#6118,#6119,#6120,#6121,#6122,#6123,#6124,#6125,
#6126),.UNSPECIFIED.,.F.,.F.,(4,3,3,3,3,3,4),(0.,0.182825277046866,0.380236064239157,
0.577593757733614,0.774863825972464,0.97204981455744,1.),.UNSPECIFIED.);
#516=B_SPLINE_CURVE_WITH_KNOTS('',3,(#6128,#6129,#6130,#6131,#6132,#6133,
#6134,#6135,#6136,#6137,#6138,#6139,#6140,#6141,#6142,#6143,#6144,#6145,
#6146,#6147,#6148,#6149),.UNSPECIFIED.,.F.,.F.,(4,3,3,3,3,3,3,4),(0.,0.0837488518315595,
0.28129743997808,0.47882066336596,0.676269287841128,0.798754944319613,0.996031906382431,
1.),.UNSPECIFIED.);
#517=B_SPLINE_CURVE_WITH_KNOTS('',3,(#6153,#6154,#6155,#6156,#6157,#6158,
#6159,#6160,#6161,#6162,#6163,#6164,#6165,#6166,#6167,#6168,#6169,#6170,
#6171),.UNSPECIFIED.,.F.,.F.,(4,3,3,3,3,3,4),(0.,0.18282527703143,0.380236064223749,
0.577593757718213,0.774863825957103,0.972049814542094,1.),.UNSPECIFIED.);
#518=B_SPLINE_CURVE_WITH_KNOTS('',3,(#6173,#6174,#6175,#6176,#6177,#6178,
#6179,#6180,#6181,#6182,#6183,#6184,#6185,#6186,#6187,#6188,#6189,#6190,
#6191),.UNSPECIFIED.,.F.,.F.,(4,3,3,3,3,3,4),(0.,0.18282527704786,0.380236064240153,
0.57759375773461,0.774863825973478,0.972049814558451,1.),.UNSPECIFIED.);
#519=B_SPLINE_CURVE_WITH_KNOTS('',3,(#6195,#6196,#6197,#6198,#6199,#6200,
#6201,#6202,#6203,#6204,#6205,#6206,#6207,#6208,#6209,#6210,#6211,#6212,
#6213),.UNSPECIFIED.,.F.,.F.,(4,3,3,3,3,3,4),(0.,0.0886680616444289,0.286203658783372,
0.4837124166079,0.681145717141451,0.803619644989982,1.),.UNSPECIFIED.);
#520=B_SPLINE_CURVE_WITH_KNOTS('',3,(#6215,#6216,#6217,#6218,#6219,#6220,
#6221,#6222,#6223,#6224,#6225,#6226,#6227,#6228,#6229,#6230,#6231,#6232,
#6233),.UNSPECIFIED.,.F.,.F.,(4,3,3,3,3,3,4),(0.,0.182825277031427,0.380236064223748,
0.577593757718218,0.774863825957103,0.972049814542083,1.),.UNSPECIFIED.);
#521=B_SPLINE_CURVE_WITH_KNOTS('',3,(#6237,#6238,#6239,#6240,#6241,#6242,
#6243,#6244,#6245,#6246,#6247,#6248,#6249,#6250,#6251,#6252,#6253,#6254,
#6255),.UNSPECIFIED.,.F.,.F.,(4,3,3,3,3,3,4),(0.,0.182825277031408,0.38023606422372,
0.577593757718197,0.774863825957094,0.972049814542069,1.),.UNSPECIFIED.);
#522=B_SPLINE_CURVE_WITH_KNOTS('',3,(#6257,#6258,#6259,#6260),
 .UNSPECIFIED.,.F.,.F.,(4,4),(0.,1.),.UNSPECIFIED.);
#523=B_SPLINE_CURVE_WITH_KNOTS('',3,(#6261,#6262,#6263,#6264),
 .UNSPECIFIED.,.F.,.F.,(4,4),(0.,1.),.UNSPECIFIED.);
#524=B_SPLINE_CURVE_WITH_KNOTS('',3,(#6266,#6267,#6268,#6269,#6270,#6271,
#6272),.UNSPECIFIED.,.F.,.F.,(4,3,4),(0.,0.716060926227274,1.),
 .UNSPECIFIED.);
#525=B_SPLINE_CURVE_WITH_KNOTS('',3,(#6273,#6274,#6275,#6276),
 .UNSPECIFIED.,.F.,.F.,(4,4),(0.,1.),.UNSPECIFIED.);
#526=B_SPLINE_CURVE_WITH_KNOTS('',3,(#6278,#6279,#6280,#6281,#6282,#6283,
#6284),.UNSPECIFIED.,.F.,.F.,(4,3,4),(0.,0.191557730457827,1.),
 .UNSPECIFIED.);
#527=B_SPLINE_CURVE_WITH_KNOTS('',3,(#6285,#6286,#6287,#6288),
 .UNSPECIFIED.,.F.,.F.,(4,4),(0.,1.),.UNSPECIFIED.);
#528=B_SPLINE_CURVE_WITH_KNOTS('',3,(#6290,#6291,#6292,#6293),
 .UNSPECIFIED.,.F.,.F.,(4,4),(0.,1.),.UNSPECIFIED.);
#529=B_SPLINE_CURVE_WITH_KNOTS('',3,(#6294,#6295,#6296,#6297,#6298,#6299,
#6300),.UNSPECIFIED.,.F.,.F.,(4,3,4),(0.,0.107508288160119,1.),
 .UNSPECIFIED.);
#530=B_SPLINE_CURVE_WITH_KNOTS('',3,(#6302,#6303,#6304,#6305),
 .UNSPECIFIED.,.F.,.F.,(4,4),(0.,1.),.UNSPECIFIED.);
#531=B_SPLINE_CURVE_WITH_KNOTS('',3,(#6306,#6307,#6308,#6309),
 .UNSPECIFIED.,.F.,.F.,(4,4),(0.,1.),.UNSPECIFIED.);
#532=B_SPLINE_CURVE_WITH_KNOTS('',3,(#6311,#6312,#6313,#6314),
 .UNSPECIFIED.,.F.,.F.,(4,4),(0.,1.),.UNSPECIFIED.);
#533=B_SPLINE_CURVE_WITH_KNOTS('',3,(#6318,#6319,#6320,#6321,#6322,#6323,
#6324),.UNSPECIFIED.,.F.,.F.,(4,3,4),(0.,0.512548515721888,1.),
 .UNSPECIFIED.);
#534=B_SPLINE_CURVE_WITH_KNOTS('',3,(#6326,#6327,#6328,#6329,#6330,#6331,
#6332,#6333,#6334,#6335,#6336,#6337,#6338,#6339,#6340,#6341,#6342,#6343,
#6344,#6345,#6346,#6347),.UNSPECIFIED.,.F.,.F.,(4,3,3,3,3,3,3,4),(0.,0.160472256265625,
0.32149245490861,0.482492819023715,0.643512745880354,0.804592855707332,
0.965748311461519,1.),.UNSPECIFIED.);
#535=B_SPLINE_CURVE_WITH_KNOTS('',3,(#6351,#6352,#6353,#6354,#6355,#6356,
#6357,#6358,#6359,#6360,#6361,#6362,#6363,#6364,#6365,#6366,#6367,#6368,
#6369,#6370,#6371,#6372),.UNSPECIFIED.,.F.,.F.,(4,3,3,3,3,3,3,4),(0.,0.13110003671799,
0.292105240749928,0.453072968375767,0.614051321031028,0.775083910915291,
0.936191448438253,1.),.UNSPECIFIED.);
#536=B_SPLINE_CURVE_WITH_KNOTS('',3,(#6392,#6393,#6394,#6395,#6396,#6397,
#6398,#6399,#6400,#6401,#6402,#6403,#6404,#6405,#6406,#6407,#6408,#6409,
#6410),.UNSPECIFIED.,.F.,.F.,(4,3,3,3,3,3,4),(0.,0.182825277031446,0.380236064223756,
0.57759375771823,0.774863825957112,0.972049814542093,1.),.UNSPECIFIED.);
#537=B_SPLINE_CURVE_WITH_KNOTS('',3,(#6414,#6415,#6416,#6417,#6418,#6419,
#6420,#6421,#6422,#6423,#6424,#6425,#6426,#6427,#6428,#6429,#6430,#6431,
#6432),.UNSPECIFIED.,.F.,.F.,(4,3,3,3,3,3,4),(0.,0.137753807521348,0.335130242902544,
0.532465636337544,0.729718214792429,0.926882414866768,1.),.UNSPECIFIED.);
#538=B_SPLINE_CURVE_WITH_KNOTS('',3,(#6434,#6435,#6436,#6437),
 .UNSPECIFIED.,.F.,.F.,(4,4),(0.,1.),.UNSPECIFIED.);
#539=B_SPLINE_CURVE_WITH_KNOTS('',3,(#6438,#6439,#6440,#6441,#6442,#6443,
#6444),.UNSPECIFIED.,.F.,.F.,(4,3,4),(0.,0.902889937892588,1.),
 .UNSPECIFIED.);
#540=ADVANCED_FACE('',(#763,#764),#685,.F.);
#541=ADVANCED_FACE('',(#263),#686,.F.);
#542=ADVANCED_FACE('',(#264),#687,.F.);
#543=ADVANCED_FACE('',(#265),#688,.F.);
#544=ADVANCED_FACE('',(#266),#689,.F.);
#545=ADVANCED_FACE('',(#267),#690,.F.);
#546=ADVANCED_FACE('',(#268),#691,.F.);
#547=ADVANCED_FACE('',(#269),#125,.T.);
#548=ADVANCED_FACE('',(#270),#126,.T.);
#549=ADVANCED_FACE('',(#271),#127,.T.);
#550=ADVANCED_FACE('',(#272),#128,.T.);
#551=ADVANCED_FACE('',(#273),#129,.T.);
#552=ADVANCED_FACE('',(#274),#130,.T.);
#553=ADVANCED_FACE('',(#275),#95,.T.);
#554=ADVANCED_FACE('',(#276),#96,.T.);
#555=ADVANCED_FACE('',(#277),#97,.T.);
#556=ADVANCED_FACE('',(#278),#98,.T.);
#557=ADVANCED_FACE('',(#279),#99,.T.);
#558=ADVANCED_FACE('',(#280),#100,.T.);
#559=ADVANCED_FACE('',(#281),#692,.F.);
#560=ADVANCED_FACE('',(#282),#693,.F.);
#561=ADVANCED_FACE('',(#283),#694,.F.);
#562=ADVANCED_FACE('',(#284),#695,.F.);
#563=ADVANCED_FACE('',(#285),#696,.F.);
#564=ADVANCED_FACE('',(#286),#697,.F.);
#565=ADVANCED_FACE('',(#287),#82,.T.);
#566=ADVANCED_FACE('',(#288),#83,.T.);
#567=ADVANCED_FACE('',(#289),#84,.T.);
#568=ADVANCED_FACE('',(#290),#85,.T.);
#569=ADVANCED_FACE('',(#291),#86,.T.);
#570=ADVANCED_FACE('',(#292),#87,.T.);
#571=ADVANCED_FACE('',(#293),#698,.F.);
#572=ADVANCED_FACE('',(#294),#699,.F.);
#573=ADVANCED_FACE('',(#295),#700,.F.);
#574=ADVANCED_FACE('',(#296),#701,.F.);
#575=ADVANCED_FACE('',(#297),#702,.F.);
#576=ADVANCED_FACE('',(#298),#703,.F.);
#577=ADVANCED_FACE('',(#299),#101,.T.);
#578=ADVANCED_FACE('',(#300),#102,.T.);
#579=ADVANCED_FACE('',(#301),#103,.T.);
#580=ADVANCED_FACE('',(#302),#104,.T.);
#581=ADVANCED_FACE('',(#303),#105,.T.);
#582=ADVANCED_FACE('',(#304),#106,.T.);
#583=ADVANCED_FACE('',(#305),#131,.T.);
#584=ADVANCED_FACE('',(#306),#132,.T.);
#585=ADVANCED_FACE('',(#307),#133,.T.);
#586=ADVANCED_FACE('',(#308),#134,.T.);
#587=ADVANCED_FACE('',(#309),#135,.T.);
#588=ADVANCED_FACE('',(#310),#136,.T.);
#589=ADVANCED_FACE('',(#311),#107,.T.);
#590=ADVANCED_FACE('',(#312),#108,.T.);
#591=ADVANCED_FACE('',(#313),#109,.T.);
#592=ADVANCED_FACE('',(#314),#110,.T.);
#593=ADVANCED_FACE('',(#315),#111,.T.);
#594=ADVANCED_FACE('',(#316),#112,.T.);
#595=ADVANCED_FACE('',(#765,#766),#88,.F.);
#596=ADVANCED_FACE('',(#317),#704,.F.);
#597=ADVANCED_FACE('',(#318),#705,.F.);
#598=ADVANCED_FACE('',(#319),#706,.F.);
#599=ADVANCED_FACE('',(#320),#707,.F.);
#600=ADVANCED_FACE('',(#321),#708,.F.);
#601=ADVANCED_FACE('',(#322),#709,.F.);
#602=ADVANCED_FACE('',(#767,#768,#769,#770,#771,#772),#710,.F.);
#603=ADVANCED_FACE('',(#323),#711,.F.);
#604=ADVANCED_FACE('',(#324),#712,.F.);
#605=ADVANCED_FACE('',(#325),#713,.F.);
#606=ADVANCED_FACE('',(#326),#714,.F.);
#607=ADVANCED_FACE('',(#327),#137,.T.);
#608=ADVANCED_FACE('',(#328),#138,.T.);
#609=ADVANCED_FACE('',(#329),#139,.T.);
#610=ADVANCED_FACE('',(#330),#140,.T.);
#611=ADVANCED_FACE('',(#331),#141,.T.);
#612=ADVANCED_FACE('',(#332),#113,.T.);
#613=ADVANCED_FACE('',(#333),#114,.T.);
#614=ADVANCED_FACE('',(#334),#115,.T.);
#615=ADVANCED_FACE('',(#335),#116,.T.);
#616=ADVANCED_FACE('',(#336),#117,.T.);
#617=ADVANCED_FACE('',(#337),#715,.F.);
#618=ADVANCED_FACE('',(#338),#716,.F.);
#619=ADVANCED_FACE('',(#339),#717,.F.);
#620=ADVANCED_FACE('',(#340),#718,.F.);
#621=ADVANCED_FACE('',(#341),#719,.F.);
#622=ADVANCED_FACE('',(#342),#89,.T.);
#623=ADVANCED_FACE('',(#343),#90,.T.);
#624=ADVANCED_FACE('',(#344),#91,.T.);
#625=ADVANCED_FACE('',(#345),#92,.T.);
#626=ADVANCED_FACE('',(#346),#93,.T.);
#627=ADVANCED_FACE('',(#347),#720,.F.);
#628=ADVANCED_FACE('',(#348),#721,.F.);
#629=ADVANCED_FACE('',(#349),#722,.F.);
#630=ADVANCED_FACE('',(#350),#723,.F.);
#631=ADVANCED_FACE('',(#351),#724,.F.);
#632=ADVANCED_FACE('',(#352),#118,.T.);
#633=ADVANCED_FACE('',(#353),#119,.T.);
#634=ADVANCED_FACE('',(#354),#120,.T.);
#635=ADVANCED_FACE('',(#355),#121,.T.);
#636=ADVANCED_FACE('',(#356),#122,.T.);
#637=ADVANCED_FACE('',(#357),#142,.T.);
#638=ADVANCED_FACE('',(#358),#143,.T.);
#639=ADVANCED_FACE('',(#359),#144,.T.);
#640=ADVANCED_FACE('',(#360),#145,.T.);
#641=ADVANCED_FACE('',(#361),#146,.T.);
#642=ADVANCED_FACE('',(#362),#147,.T.);
#643=ADVANCED_FACE('',(#363),#123,.T.);
#644=ADVANCED_FACE('',(#364),#725,.F.);
#645=ADVANCED_FACE('',(#365),#94,.T.);
#646=ADVANCED_FACE('',(#366),#726,.F.);
#647=ADVANCED_FACE('',(#367),#124,.T.);
#648=ADVANCED_FACE('',(#368),#148,.T.);
#649=ADVANCED_FACE('',(#369),#727,.T.);
#650=ADVANCED_FACE('',(#370),#728,.F.);
#651=ADVANCED_FACE('',(#371),#729,.T.);
#652=ADVANCED_FACE('',(#372),#730,.T.);
#653=ADVANCED_FACE('',(#373),#731,.F.);
#654=ADVANCED_FACE('',(#374),#732,.T.);
#655=ADVANCED_FACE('',(#375),#733,.T.);
#656=ADVANCED_FACE('',(#376),#734,.T.);
#657=ADVANCED_FACE('',(#377),#735,.T.);
#658=ADVANCED_FACE('',(#378),#736,.T.);
#659=ADVANCED_FACE('',(#379),#737,.F.);
#660=ADVANCED_FACE('',(#380),#738,.T.);
#661=ADVANCED_FACE('',(#381),#739,.T.);
#662=ADVANCED_FACE('',(#382),#740,.F.);
#663=ADVANCED_FACE('',(#383),#741,.T.);
#664=ADVANCED_FACE('',(#384),#742,.T.);
#665=ADVANCED_FACE('',(#385),#743,.F.);
#666=ADVANCED_FACE('',(#386),#744,.T.);
#667=ADVANCED_FACE('',(#387),#745,.T.);
#668=ADVANCED_FACE('',(#388),#746,.F.);
#669=ADVANCED_FACE('',(#389),#747,.T.);
#670=ADVANCED_FACE('',(#390),#748,.T.);
#671=ADVANCED_FACE('',(#391),#749,.T.);
#672=ADVANCED_FACE('',(#392),#750,.T.);
#673=ADVANCED_FACE('',(#393),#751,.F.);
#674=ADVANCED_FACE('',(#394),#752,.T.);
#675=ADVANCED_FACE('',(#395),#753,.T.);
#676=ADVANCED_FACE('',(#396),#754,.F.);
#677=ADVANCED_FACE('',(#397),#755,.T.);
#678=ADVANCED_FACE('',(#398),#756,.T.);
#679=ADVANCED_FACE('',(#399),#757,.F.);
#680=ADVANCED_FACE('',(#400),#758,.T.);
#681=ADVANCED_FACE('',(#401),#759,.T.);
#682=ADVANCED_FACE('',(#402),#760,.T.);
#683=ADVANCED_FACE('',(#403),#761,.F.);
#684=ADVANCED_FACE('',(#404),#762,.T.);
#685=PLANE('',#2990);
#686=PLANE('',#2991);
#687=PLANE('',#2992);
#688=PLANE('',#2993);
#689=PLANE('',#2994);
#690=PLANE('',#2995);
#691=PLANE('',#2999);
#692=PLANE('',#3030);
#693=PLANE('',#3032);
#694=PLANE('',#3034);
#695=PLANE('',#3036);
#696=PLANE('',#3038);
#697=PLANE('',#3040);
#698=PLANE('',#3054);
#699=PLANE('',#3056);
#700=PLANE('',#3058);
#701=PLANE('',#3060);
#702=PLANE('',#3062);
#703=PLANE('',#3064);
#704=PLANE('',#3131);
#705=PLANE('',#3132);
#706=PLANE('',#3133);
#707=PLANE('',#3134);
#708=PLANE('',#3135);
#709=PLANE('',#3136);
#710=PLANE('',#3139);
#711=PLANE('',#3141);
#712=PLANE('',#3143);
#713=PLANE('',#3145);
#714=PLANE('',#3146);
#715=PLANE('',#3168);
#716=PLANE('',#3170);
#717=PLANE('',#3172);
#718=PLANE('',#3174);
#719=PLANE('',#3176);
#720=PLANE('',#3188);
#721=PLANE('',#3190);
#722=PLANE('',#3192);
#723=PLANE('',#3194);
#724=PLANE('',#3196);
#725=PLANE('',#3217);
#726=PLANE('',#3221);
#727=PLANE('',#3225);
#728=PLANE('',#3226);
#729=PLANE('',#3227);
#730=PLANE('',#3228);
#731=PLANE('',#3229);
#732=PLANE('',#3230);
#733=PLANE('',#3231);
#734=PLANE('',#3232);
#735=PLANE('',#3233);
#736=PLANE('',#3234);
#737=PLANE('',#3235);
#738=PLANE('',#3236);
#739=PLANE('',#3237);
#740=PLANE('',#3238);
#741=PLANE('',#3239);
#742=PLANE('',#3240);
#743=PLANE('',#3241);
#744=PLANE('',#3242);
#745=PLANE('',#3243);
#746=PLANE('',#3244);
#747=PLANE('',#3245);
#748=PLANE('',#3246);
#749=PLANE('',#3247);
#750=PLANE('',#3248);
#751=PLANE('',#3249);
#752=PLANE('',#3250);
#753=PLANE('',#3251);
#754=PLANE('',#3252);
#755=PLANE('',#3253);
#756=PLANE('',#3254);
#757=PLANE('',#3255);
#758=PLANE('',#3256);
#759=PLANE('',#3257);
#760=PLANE('',#3258);
#761=PLANE('',#3259);
#762=PLANE('',#3260);
#763=FACE_BOUND('',#773,.T.);
#764=FACE_BOUND('',#774,.T.);
#765=FACE_BOUND('',#829,.T.);
#766=FACE_BOUND('',#830,.T.);
#767=FACE_BOUND('',#837,.T.);
#768=FACE_BOUND('',#838,.T.);
#769=FACE_BOUND('',#839,.T.);
#770=FACE_BOUND('',#840,.T.);
#771=FACE_BOUND('',#841,.T.);
#772=FACE_BOUND('',#842,.T.);
#773=EDGE_LOOP('',(#925,#926,#927,#928,#929,#930,#931,#932,#933,#934,#935));
#774=EDGE_LOOP('',(#936,#937,#938));
#775=EDGE_LOOP('',(#939,#940,#941,#942,#943,#944,#945));
#776=EDGE_LOOP('',(#946,#947,#948,#949));
#777=EDGE_LOOP('',(#950,#951,#952));
#778=EDGE_LOOP('',(#953,#954,#955,#956,#957,#958,#959));
#779=EDGE_LOOP('',(#960,#961,#962,#963,#964,#965,#966,#967));
#780=EDGE_LOOP('',(#968,#969,#970,#971,#972,#973,#974,#975));
#781=EDGE_LOOP('',(#976,#977,#978,#979));
#782=EDGE_LOOP('',(#980,#981,#982,#983));
#783=EDGE_LOOP('',(#984,#985,#986,#987));
#784=EDGE_LOOP('',(#988,#989,#990,#991));
#785=EDGE_LOOP('',(#992,#993,#994,#995));
#786=EDGE_LOOP('',(#996,#997,#998,#999));
#787=EDGE_LOOP('',(#1000,#1001,#1002,#1003));
#788=EDGE_LOOP('',(#1004,#1005,#1006,#1007));
#789=EDGE_LOOP('',(#1008,#1009,#1010,#1011));
#790=EDGE_LOOP('',(#1012,#1013,#1014,#1015));
#791=EDGE_LOOP('',(#1016,#1017,#1018,#1019));
#792=EDGE_LOOP('',(#1020,#1021,#1022,#1023));
#793=EDGE_LOOP('',(#1024,#1025,#1026,#1027));
#794=EDGE_LOOP('',(#1028,#1029,#1030,#1031));
#795=EDGE_LOOP('',(#1032,#1033,#1034,#1035));
#796=EDGE_LOOP('',(#1036,#1037,#1038,#1039));
#797=EDGE_LOOP('',(#1040,#1041,#1042,#1043));
#798=EDGE_LOOP('',(#1044,#1045,#1046,#1047));
#799=EDGE_LOOP('',(#1048,#1049,#1050,#1051));
#800=EDGE_LOOP('',(#1052,#1053,#1054,#1055));
#801=EDGE_LOOP('',(#1056,#1057,#1058,#1059));
#802=EDGE_LOOP('',(#1060,#1061,#1062,#1063));
#803=EDGE_LOOP('',(#1064,#1065,#1066,#1067));
#804=EDGE_LOOP('',(#1068,#1069,#1070,#1071));
#805=EDGE_LOOP('',(#1072,#1073,#1074,#1075));
#806=EDGE_LOOP('',(#1076,#1077,#1078,#1079));
#807=EDGE_LOOP('',(#1080,#1081,#1082,#1083));
#808=EDGE_LOOP('',(#1084,#1085,#1086,#1087));
#809=EDGE_LOOP('',(#1088,#1089,#1090,#1091));
#810=EDGE_LOOP('',(#1092,#1093,#1094,#1095));
#811=EDGE_LOOP('',(#1096,#1097,#1098,#1099));
#812=EDGE_LOOP('',(#1100,#1101,#1102,#1103));
#813=EDGE_LOOP('',(#1104,#1105,#1106,#1107));
#814=EDGE_LOOP('',(#1108,#1109,#1110,#1111));
#815=EDGE_LOOP('',(#1112,#1113,#1114,#1115));
#816=EDGE_LOOP('',(#1116,#1117,#1118,#1119));
#817=EDGE_LOOP('',(#1120,#1121,#1122,#1123));
#818=EDGE_LOOP('',(#1124,#1125,#1126,#1127));
#819=EDGE_LOOP('',(#1128,#1129,#1130,#1131));
#820=EDGE_LOOP('',(#1132,#1133,#1134,#1135));
#821=EDGE_LOOP('',(#1136,#1137,#1138,#1139));
#822=EDGE_LOOP('',(#1140,#1141,#1142,#1143));
#823=EDGE_LOOP('',(#1144,#1145,#1146,#1147,#1148,#1149,#1150,#1151));
#824=EDGE_LOOP('',(#1152,#1153,#1154,#1155,#1156,#1157,#1158,#1159));
#825=EDGE_LOOP('',(#1160,#1161,#1162,#1163,#1164,#1165,#1166,#1167));
#826=EDGE_LOOP('',(#1168,#1169,#1170,#1171,#1172,#1173,#1174,#1175));
#827=EDGE_LOOP('',(#1176,#1177,#1178,#1179,#1180,#1181,#1182,#1183));
#828=EDGE_LOOP('',(#1184,#1185,#1186,#1187,#1188,#1189,#1190,#1191));
#829=EDGE_LOOP('',(#1192,#1193,#1194,#1195,#1196,#1197,#1198,#1199,#1200,
#1201,#1202,#1203,#1204,#1205,#1206,#1207,#1208,#1209,#1210,#1211,#1212,
#1213,#1214,#1215));
#830=EDGE_LOOP('',(#1216,#1217,#1218,#1219,#1220,#1221,#1222,#1223,#1224,
#1225,#1226,#1227,#1228,#1229,#1230,#1231,#1232,#1233,#1234,#1235,#1236,
#1237,#1238,#1239));
#831=EDGE_LOOP('',(#1240,#1241,#1242,#1243));
#832=EDGE_LOOP('',(#1244,#1245,#1246,#1247));
#833=EDGE_LOOP('',(#1248,#1249,#1250,#1251));
#834=EDGE_LOOP('',(#1252,#1253,#1254,#1255));
#835=EDGE_LOOP('',(#1256,#1257,#1258,#1259));
#836=EDGE_LOOP('',(#1260,#1261,#1262,#1263));
#837=EDGE_LOOP('',(#1264,#1265,#1266,#1267,#1268,#1269,#1270));
#838=EDGE_LOOP('',(#1271,#1272,#1273,#1274));
#839=EDGE_LOOP('',(#1275,#1276,#1277,#1278,#1279,#1280,#1281,#1282,#1283,
#1284,#1285));
#840=EDGE_LOOP('',(#1286,#1287,#1288,#1289,#1290,#1291,#1292));
#841=EDGE_LOOP('',(#1293,#1294,#1295,#1296,#1297,#1298,#1299,#1300));
#842=EDGE_LOOP('',(#1301,#1302,#1303,#1304,#1305,#1306,#1307,#1308));
#843=EDGE_LOOP('',(#1309,#1310,#1311,#1312,#1313,#1314,#1315,#1316));
#844=EDGE_LOOP('',(#1317,#1318,#1319,#1320,#1321,#1322,#1323,#1324));
#845=EDGE_LOOP('',(#1325,#1326,#1327,#1328,#1329,#1330,#1331,#1332));
#846=EDGE_LOOP('',(#1333,#1334,#1335,#1336,#1337,#1338,#1339,#1340));
#847=EDGE_LOOP('',(#1341,#1342,#1343,#1344));
#848=EDGE_LOOP('',(#1345,#1346,#1347,#1348));
#849=EDGE_LOOP('',(#1349,#1350,#1351,#1352));
#850=EDGE_LOOP('',(#1353,#1354,#1355,#1356));
#851=EDGE_LOOP('',(#1357,#1358,#1359,#1360));
#852=EDGE_LOOP('',(#1361,#1362,#1363,#1364));
#853=EDGE_LOOP('',(#1365,#1366,#1367,#1368));
#854=EDGE_LOOP('',(#1369,#1370,#1371,#1372));
#855=EDGE_LOOP('',(#1373,#1374,#1375,#1376));
#856=EDGE_LOOP('',(#1377,#1378,#1379,#1380));
#857=EDGE_LOOP('',(#1381,#1382,#1383,#1384));
#858=EDGE_LOOP('',(#1385,#1386,#1387,#1388));
#859=EDGE_LOOP('',(#1389,#1390,#1391,#1392));
#860=EDGE_LOOP('',(#1393,#1394,#1395,#1396));
#861=EDGE_LOOP('',(#1397,#1398,#1399,#1400));
#862=EDGE_LOOP('',(#1401,#1402,#1403,#1404));
#863=EDGE_LOOP('',(#1405,#1406,#1407,#1408));
#864=EDGE_LOOP('',(#1409,#1410,#1411,#1412));
#865=EDGE_LOOP('',(#1413,#1414,#1415,#1416));
#866=EDGE_LOOP('',(#1417,#1418,#1419,#1420));
#867=EDGE_LOOP('',(#1421,#1422,#1423,#1424));
#868=EDGE_LOOP('',(#1425,#1426,#1427,#1428));
#869=EDGE_LOOP('',(#1429,#1430,#1431,#1432));
#870=EDGE_LOOP('',(#1433,#1434,#1435,#1436));
#871=EDGE_LOOP('',(#1437,#1438,#1439,#1440));
#872=EDGE_LOOP('',(#1441,#1442,#1443,#1444));
#873=EDGE_LOOP('',(#1445,#1446,#1447,#1448));
#874=EDGE_LOOP('',(#1449,#1450,#1451,#1452));
#875=EDGE_LOOP('',(#1453,#1454,#1455,#1456));
#876=EDGE_LOOP('',(#1457,#1458,#1459,#1460));
#877=EDGE_LOOP('',(#1461,#1462,#1463,#1464));
#878=EDGE_LOOP('',(#1465,#1466,#1467,#1468));
#879=EDGE_LOOP('',(#1469,#1470,#1471,#1472));
#880=EDGE_LOOP('',(#1473,#1474,#1475,#1476));
#881=EDGE_LOOP('',(#1477,#1478,#1479,#1480));
#882=EDGE_LOOP('',(#1481,#1482,#1483,#1484));
#883=EDGE_LOOP('',(#1485,#1486,#1487,#1488));
#884=EDGE_LOOP('',(#1489,#1490,#1491,#1492));
#885=EDGE_LOOP('',(#1493,#1494,#1495,#1496));
#886=EDGE_LOOP('',(#1497,#1498,#1499,#1500));
#887=EDGE_LOOP('',(#1501,#1502,#1503,#1504));
#888=EDGE_LOOP('',(#1505,#1506,#1507,#1508));
#889=EDGE_LOOP('',(#1509,#1510,#1511,#1512));
#890=EDGE_LOOP('',(#1513,#1514,#1515,#1516,#1517,#1518,#1519,#1520,#1521,
#1522,#1523));
#891=EDGE_LOOP('',(#1524,#1525,#1526,#1527,#1528,#1529,#1530,#1531,#1532,
#1533,#1534));
#892=EDGE_LOOP('',(#1535,#1536,#1537,#1538));
#893=EDGE_LOOP('',(#1539,#1540,#1541,#1542,#1543,#1544,#1545,#1546,#1547,
#1548,#1549,#1550));
#894=EDGE_LOOP('',(#1551,#1552,#1553,#1554,#1555,#1556,#1557,#1558,#1559,
#1560,#1561,#1562));
#895=EDGE_LOOP('',(#1563,#1564,#1565,#1566,#1567,#1568,#1569,#1570,#1571,
#1572,#1573));
#896=EDGE_LOOP('',(#1574,#1575,#1576,#1577));
#897=EDGE_LOOP('',(#1578,#1579,#1580,#1581,#1582,#1583,#1584,#1585,#1586,
#1587,#1588));
#898=EDGE_LOOP('',(#1589,#1590,#1591,#1592,#1593,#1594,#1595,#1596,#1597,
#1598,#1599));
#899=EDGE_LOOP('',(#1600,#1601,#1602,#1603,#1604,#1605,#1606,#1607,#1608,
#1609,#1610));
#900=EDGE_LOOP('',(#1611,#1612,#1613,#1614));
#901=EDGE_LOOP('',(#1615,#1616,#1617,#1618,#1619,#1620,#1621,#1622,#1623,
#1624,#1625));
#902=EDGE_LOOP('',(#1626,#1627,#1628,#1629,#1630,#1631,#1632,#1633,#1634,
#1635,#1636));
#903=EDGE_LOOP('',(#1637,#1638,#1639,#1640));
#904=EDGE_LOOP('',(#1641,#1642,#1643,#1644,#1645,#1646,#1647,#1648,#1649,
#1650,#1651));
#905=EDGE_LOOP('',(#1652,#1653,#1654,#1655,#1656,#1657,#1658,#1659,#1660,
#1661,#1662));
#906=EDGE_LOOP('',(#1663,#1664,#1665,#1666));
#907=EDGE_LOOP('',(#1667,#1668,#1669,#1670));
#908=EDGE_LOOP('',(#1671,#1672,#1673,#1674,#1675,#1676,#1677,#1678,#1679,
#1680,#1681));
#909=EDGE_LOOP('',(#1682,#1683,#1684,#1685,#1686,#1687,#1688,#1689,#1690,
#1691,#1692));
#910=EDGE_LOOP('',(#1693,#1694,#1695,#1696,#1697,#1698,#1699,#1700,#1701,
#1702,#1703,#1704));
#911=EDGE_LOOP('',(#1705,#1706,#1707,#1708,#1709,#1710,#1711,#1712,#1713,
#1714,#1715,#1716));
#912=EDGE_LOOP('',(#1717,#1718,#1719,#1720));
#913=EDGE_LOOP('',(#1721,#1722,#1723,#1724,#1725,#1726,#1727,#1728,#1729,
#1730,#1731,#1732));
#914=EDGE_LOOP('',(#1733,#1734,#1735,#1736,#1737,#1738,#1739,#1740,#1741,
#1742,#1743,#1744));
#915=EDGE_LOOP('',(#1745,#1746,#1747,#1748));
#916=EDGE_LOOP('',(#1749,#1750,#1751,#1752,#1753,#1754,#1755,#1756,#1757,
#1758,#1759,#1760));
#917=EDGE_LOOP('',(#1761,#1762,#1763,#1764,#1765,#1766,#1767,#1768,#1769,
#1770,#1771,#1772));
#918=EDGE_LOOP('',(#1773,#1774,#1775,#1776));
#919=EDGE_LOOP('',(#1777,#1778,#1779,#1780,#1781,#1782,#1783,#1784,#1785,
#1786,#1787,#1788));
#920=EDGE_LOOP('',(#1789,#1790,#1791,#1792,#1793,#1794,#1795,#1796,#1797,
#1798,#1799,#1800));
#921=EDGE_LOOP('',(#1801,#1802,#1803,#1804));
#922=EDGE_LOOP('',(#1805,#1806,#1807,#1808));
#923=EDGE_LOOP('',(#1809,#1810,#1811,#1812,#1813,#1814,#1815,#1816,#1817,
#1818,#1819,#1820));
#924=EDGE_LOOP('',(#1821,#1822,#1823,#1824,#1825,#1826,#1827,#1828,#1829,
#1830,#1831,#1832));
#925=ORIENTED_EDGE('',*,*,#2149,.T.);
#926=ORIENTED_EDGE('',*,*,#2150,.T.);
#927=ORIENTED_EDGE('',*,*,#2151,.T.);
#928=ORIENTED_EDGE('',*,*,#2152,.T.);
#929=ORIENTED_EDGE('',*,*,#2153,.T.);
#930=ORIENTED_EDGE('',*,*,#2154,.T.);
#931=ORIENTED_EDGE('',*,*,#2155,.T.);
#932=ORIENTED_EDGE('',*,*,#2156,.T.);
#933=ORIENTED_EDGE('',*,*,#2157,.T.);
#934=ORIENTED_EDGE('',*,*,#2158,.T.);
#935=ORIENTED_EDGE('',*,*,#2159,.T.);
#936=ORIENTED_EDGE('',*,*,#2160,.T.);
#937=ORIENTED_EDGE('',*,*,#2161,.T.);
#938=ORIENTED_EDGE('',*,*,#2162,.T.);
#939=ORIENTED_EDGE('',*,*,#2163,.T.);
#940=ORIENTED_EDGE('',*,*,#2164,.T.);
#941=ORIENTED_EDGE('',*,*,#2165,.T.);
#942=ORIENTED_EDGE('',*,*,#2166,.T.);
#943=ORIENTED_EDGE('',*,*,#2167,.T.);
#944=ORIENTED_EDGE('',*,*,#2168,.T.);
#945=ORIENTED_EDGE('',*,*,#2169,.T.);
#946=ORIENTED_EDGE('',*,*,#2170,.T.);
#947=ORIENTED_EDGE('',*,*,#2171,.T.);
#948=ORIENTED_EDGE('',*,*,#2172,.T.);
#949=ORIENTED_EDGE('',*,*,#2173,.T.);
#950=ORIENTED_EDGE('',*,*,#2161,.F.);
#951=ORIENTED_EDGE('',*,*,#2160,.F.);
#952=ORIENTED_EDGE('',*,*,#2162,.F.);
#953=ORIENTED_EDGE('',*,*,#2174,.T.);
#954=ORIENTED_EDGE('',*,*,#2175,.T.);
#955=ORIENTED_EDGE('',*,*,#2176,.T.);
#956=ORIENTED_EDGE('',*,*,#2177,.T.);
#957=ORIENTED_EDGE('',*,*,#2178,.T.);
#958=ORIENTED_EDGE('',*,*,#2179,.T.);
#959=ORIENTED_EDGE('',*,*,#2180,.T.);
#960=ORIENTED_EDGE('',*,*,#2181,.T.);
#961=ORIENTED_EDGE('',*,*,#2182,.T.);
#962=ORIENTED_EDGE('',*,*,#2183,.T.);
#963=ORIENTED_EDGE('',*,*,#2184,.T.);
#964=ORIENTED_EDGE('',*,*,#2185,.T.);
#965=ORIENTED_EDGE('',*,*,#2186,.T.);
#966=ORIENTED_EDGE('',*,*,#2187,.T.);
#967=ORIENTED_EDGE('',*,*,#2188,.T.);
#968=ORIENTED_EDGE('',*,*,#2189,.F.);
#969=ORIENTED_EDGE('',*,*,#2190,.F.);
#970=ORIENTED_EDGE('',*,*,#2191,.T.);
#971=ORIENTED_EDGE('',*,*,#2192,.F.);
#972=ORIENTED_EDGE('',*,*,#2193,.F.);
#973=ORIENTED_EDGE('',*,*,#2194,.T.);
#974=ORIENTED_EDGE('',*,*,#2195,.T.);
#975=ORIENTED_EDGE('',*,*,#2196,.F.);
#976=ORIENTED_EDGE('',*,*,#2197,.F.);
#977=ORIENTED_EDGE('',*,*,#2196,.T.);
#978=ORIENTED_EDGE('',*,*,#2198,.T.);
#979=ORIENTED_EDGE('',*,*,#2199,.F.);
#980=ORIENTED_EDGE('',*,*,#2200,.F.);
#981=ORIENTED_EDGE('',*,*,#2201,.T.);
#982=ORIENTED_EDGE('',*,*,#2202,.T.);
#983=ORIENTED_EDGE('',*,*,#2203,.F.);
#984=ORIENTED_EDGE('',*,*,#2204,.F.);
#985=ORIENTED_EDGE('',*,*,#2205,.T.);
#986=ORIENTED_EDGE('',*,*,#2206,.T.);
#987=ORIENTED_EDGE('',*,*,#2207,.F.);
#988=ORIENTED_EDGE('',*,*,#2208,.F.);
#989=ORIENTED_EDGE('',*,*,#2209,.T.);
#990=ORIENTED_EDGE('',*,*,#2210,.T.);
#991=ORIENTED_EDGE('',*,*,#2211,.F.);
#992=ORIENTED_EDGE('',*,*,#2212,.T.);
#993=ORIENTED_EDGE('',*,*,#2213,.F.);
#994=ORIENTED_EDGE('',*,*,#2214,.F.);
#995=ORIENTED_EDGE('',*,*,#2215,.T.);
#996=ORIENTED_EDGE('',*,*,#2216,.F.);
#997=ORIENTED_EDGE('',*,*,#2217,.T.);
#998=ORIENTED_EDGE('',*,*,#2218,.T.);
#999=ORIENTED_EDGE('',*,*,#2219,.F.);
#1000=ORIENTED_EDGE('',*,*,#2220,.F.);
#1001=ORIENTED_EDGE('',*,*,#2199,.T.);
#1002=ORIENTED_EDGE('',*,*,#2221,.T.);
#1003=ORIENTED_EDGE('',*,*,#2222,.F.);
#1004=ORIENTED_EDGE('',*,*,#2223,.F.);
#1005=ORIENTED_EDGE('',*,*,#2203,.T.);
#1006=ORIENTED_EDGE('',*,*,#2224,.T.);
#1007=ORIENTED_EDGE('',*,*,#2225,.F.);
#1008=ORIENTED_EDGE('',*,*,#2226,.F.);
#1009=ORIENTED_EDGE('',*,*,#2207,.T.);
#1010=ORIENTED_EDGE('',*,*,#2227,.T.);
#1011=ORIENTED_EDGE('',*,*,#2228,.F.);
#1012=ORIENTED_EDGE('',*,*,#2229,.F.);
#1013=ORIENTED_EDGE('',*,*,#2211,.T.);
#1014=ORIENTED_EDGE('',*,*,#2230,.T.);
#1015=ORIENTED_EDGE('',*,*,#2231,.F.);
#1016=ORIENTED_EDGE('',*,*,#2232,.T.);
#1017=ORIENTED_EDGE('',*,*,#2233,.F.);
#1018=ORIENTED_EDGE('',*,*,#2234,.F.);
#1019=ORIENTED_EDGE('',*,*,#2213,.T.);
#1020=ORIENTED_EDGE('',*,*,#2235,.F.);
#1021=ORIENTED_EDGE('',*,*,#2219,.T.);
#1022=ORIENTED_EDGE('',*,*,#2236,.T.);
#1023=ORIENTED_EDGE('',*,*,#2237,.F.);
#1024=ORIENTED_EDGE('',*,*,#2238,.F.);
#1025=ORIENTED_EDGE('',*,*,#2222,.T.);
#1026=ORIENTED_EDGE('',*,*,#2239,.F.);
#1027=ORIENTED_EDGE('',*,*,#2240,.F.);
#1028=ORIENTED_EDGE('',*,*,#2241,.F.);
#1029=ORIENTED_EDGE('',*,*,#2225,.T.);
#1030=ORIENTED_EDGE('',*,*,#2242,.T.);
#1031=ORIENTED_EDGE('',*,*,#2243,.F.);
#1032=ORIENTED_EDGE('',*,*,#2244,.F.);
#1033=ORIENTED_EDGE('',*,*,#2228,.T.);
#1034=ORIENTED_EDGE('',*,*,#2245,.T.);
#1035=ORIENTED_EDGE('',*,*,#2246,.F.);
#1036=ORIENTED_EDGE('',*,*,#2247,.F.);
#1037=ORIENTED_EDGE('',*,*,#2231,.T.);
#1038=ORIENTED_EDGE('',*,*,#2248,.T.);
#1039=ORIENTED_EDGE('',*,*,#2249,.F.);
#1040=ORIENTED_EDGE('',*,*,#2250,.T.);
#1041=ORIENTED_EDGE('',*,*,#2251,.F.);
#1042=ORIENTED_EDGE('',*,*,#2252,.F.);
#1043=ORIENTED_EDGE('',*,*,#2233,.T.);
#1044=ORIENTED_EDGE('',*,*,#2253,.F.);
#1045=ORIENTED_EDGE('',*,*,#2237,.T.);
#1046=ORIENTED_EDGE('',*,*,#2254,.T.);
#1047=ORIENTED_EDGE('',*,*,#2255,.F.);
#1048=ORIENTED_EDGE('',*,*,#2256,.F.);
#1049=ORIENTED_EDGE('',*,*,#2240,.T.);
#1050=ORIENTED_EDGE('',*,*,#2257,.F.);
#1051=ORIENTED_EDGE('',*,*,#2258,.F.);
#1052=ORIENTED_EDGE('',*,*,#2259,.F.);
#1053=ORIENTED_EDGE('',*,*,#2243,.T.);
#1054=ORIENTED_EDGE('',*,*,#2260,.T.);
#1055=ORIENTED_EDGE('',*,*,#2261,.F.);
#1056=ORIENTED_EDGE('',*,*,#2262,.F.);
#1057=ORIENTED_EDGE('',*,*,#2246,.T.);
#1058=ORIENTED_EDGE('',*,*,#2263,.T.);
#1059=ORIENTED_EDGE('',*,*,#2264,.F.);
#1060=ORIENTED_EDGE('',*,*,#2265,.F.);
#1061=ORIENTED_EDGE('',*,*,#2249,.T.);
#1062=ORIENTED_EDGE('',*,*,#2266,.T.);
#1063=ORIENTED_EDGE('',*,*,#2267,.F.);
#1064=ORIENTED_EDGE('',*,*,#2268,.T.);
#1065=ORIENTED_EDGE('',*,*,#2269,.F.);
#1066=ORIENTED_EDGE('',*,*,#2270,.F.);
#1067=ORIENTED_EDGE('',*,*,#2251,.T.);
#1068=ORIENTED_EDGE('',*,*,#2271,.F.);
#1069=ORIENTED_EDGE('',*,*,#2255,.T.);
#1070=ORIENTED_EDGE('',*,*,#2272,.T.);
#1071=ORIENTED_EDGE('',*,*,#2273,.F.);
#1072=ORIENTED_EDGE('',*,*,#2274,.F.);
#1073=ORIENTED_EDGE('',*,*,#2258,.T.);
#1074=ORIENTED_EDGE('',*,*,#2275,.F.);
#1075=ORIENTED_EDGE('',*,*,#2276,.F.);
#1076=ORIENTED_EDGE('',*,*,#2277,.F.);
#1077=ORIENTED_EDGE('',*,*,#2261,.T.);
#1078=ORIENTED_EDGE('',*,*,#2278,.T.);
#1079=ORIENTED_EDGE('',*,*,#2279,.F.);
#1080=ORIENTED_EDGE('',*,*,#2280,.F.);
#1081=ORIENTED_EDGE('',*,*,#2264,.T.);
#1082=ORIENTED_EDGE('',*,*,#2281,.T.);
#1083=ORIENTED_EDGE('',*,*,#2282,.F.);
#1084=ORIENTED_EDGE('',*,*,#2283,.F.);
#1085=ORIENTED_EDGE('',*,*,#2267,.T.);
#1086=ORIENTED_EDGE('',*,*,#2284,.T.);
#1087=ORIENTED_EDGE('',*,*,#2285,.F.);
#1088=ORIENTED_EDGE('',*,*,#2286,.T.);
#1089=ORIENTED_EDGE('',*,*,#2287,.F.);
#1090=ORIENTED_EDGE('',*,*,#2288,.F.);
#1091=ORIENTED_EDGE('',*,*,#2269,.T.);
#1092=ORIENTED_EDGE('',*,*,#2289,.F.);
#1093=ORIENTED_EDGE('',*,*,#2273,.T.);
#1094=ORIENTED_EDGE('',*,*,#2290,.T.);
#1095=ORIENTED_EDGE('',*,*,#2291,.F.);
#1096=ORIENTED_EDGE('',*,*,#2292,.F.);
#1097=ORIENTED_EDGE('',*,*,#2276,.T.);
#1098=ORIENTED_EDGE('',*,*,#2293,.T.);
#1099=ORIENTED_EDGE('',*,*,#2294,.F.);
#1100=ORIENTED_EDGE('',*,*,#2295,.F.);
#1101=ORIENTED_EDGE('',*,*,#2279,.T.);
#1102=ORIENTED_EDGE('',*,*,#2296,.T.);
#1103=ORIENTED_EDGE('',*,*,#2297,.F.);
#1104=ORIENTED_EDGE('',*,*,#2298,.F.);
#1105=ORIENTED_EDGE('',*,*,#2282,.T.);
#1106=ORIENTED_EDGE('',*,*,#2299,.T.);
#1107=ORIENTED_EDGE('',*,*,#2300,.F.);
#1108=ORIENTED_EDGE('',*,*,#2301,.F.);
#1109=ORIENTED_EDGE('',*,*,#2285,.T.);
#1110=ORIENTED_EDGE('',*,*,#2302,.T.);
#1111=ORIENTED_EDGE('',*,*,#2303,.F.);
#1112=ORIENTED_EDGE('',*,*,#2304,.T.);
#1113=ORIENTED_EDGE('',*,*,#2305,.F.);
#1114=ORIENTED_EDGE('',*,*,#2306,.F.);
#1115=ORIENTED_EDGE('',*,*,#2287,.T.);
#1116=ORIENTED_EDGE('',*,*,#2307,.F.);
#1117=ORIENTED_EDGE('',*,*,#2291,.T.);
#1118=ORIENTED_EDGE('',*,*,#2308,.T.);
#1119=ORIENTED_EDGE('',*,*,#2309,.F.);
#1120=ORIENTED_EDGE('',*,*,#2310,.F.);
#1121=ORIENTED_EDGE('',*,*,#2294,.T.);
#1122=ORIENTED_EDGE('',*,*,#2311,.F.);
#1123=ORIENTED_EDGE('',*,*,#2312,.T.);
#1124=ORIENTED_EDGE('',*,*,#2313,.F.);
#1125=ORIENTED_EDGE('',*,*,#2297,.T.);
#1126=ORIENTED_EDGE('',*,*,#2314,.T.);
#1127=ORIENTED_EDGE('',*,*,#2315,.T.);
#1128=ORIENTED_EDGE('',*,*,#2316,.F.);
#1129=ORIENTED_EDGE('',*,*,#2300,.T.);
#1130=ORIENTED_EDGE('',*,*,#2317,.T.);
#1131=ORIENTED_EDGE('',*,*,#2318,.T.);
#1132=ORIENTED_EDGE('',*,*,#2319,.F.);
#1133=ORIENTED_EDGE('',*,*,#2303,.T.);
#1134=ORIENTED_EDGE('',*,*,#2320,.T.);
#1135=ORIENTED_EDGE('',*,*,#2321,.T.);
#1136=ORIENTED_EDGE('',*,*,#2322,.T.);
#1137=ORIENTED_EDGE('',*,*,#2323,.T.);
#1138=ORIENTED_EDGE('',*,*,#2324,.F.);
#1139=ORIENTED_EDGE('',*,*,#2305,.T.);
#1140=ORIENTED_EDGE('',*,*,#2325,.F.);
#1141=ORIENTED_EDGE('',*,*,#2309,.T.);
#1142=ORIENTED_EDGE('',*,*,#2326,.T.);
#1143=ORIENTED_EDGE('',*,*,#2327,.T.);
#1144=ORIENTED_EDGE('',*,*,#2328,.F.);
#1145=ORIENTED_EDGE('',*,*,#2329,.T.);
#1146=ORIENTED_EDGE('',*,*,#2312,.F.);
#1147=ORIENTED_EDGE('',*,*,#2330,.F.);
#1148=ORIENTED_EDGE('',*,*,#2331,.T.);
#1149=ORIENTED_EDGE('',*,*,#2332,.T.);
#1150=ORIENTED_EDGE('',*,*,#2333,.F.);
#1151=ORIENTED_EDGE('',*,*,#2334,.F.);
#1152=ORIENTED_EDGE('',*,*,#2323,.F.);
#1153=ORIENTED_EDGE('',*,*,#2335,.F.);
#1154=ORIENTED_EDGE('',*,*,#2336,.F.);
#1155=ORIENTED_EDGE('',*,*,#2337,.T.);
#1156=ORIENTED_EDGE('',*,*,#2338,.F.);
#1157=ORIENTED_EDGE('',*,*,#2339,.T.);
#1158=ORIENTED_EDGE('',*,*,#2340,.T.);
#1159=ORIENTED_EDGE('',*,*,#2341,.T.);
#1160=ORIENTED_EDGE('',*,*,#2342,.F.);
#1161=ORIENTED_EDGE('',*,*,#2343,.F.);
#1162=ORIENTED_EDGE('',*,*,#2344,.T.);
#1163=ORIENTED_EDGE('',*,*,#2315,.F.);
#1164=ORIENTED_EDGE('',*,*,#2345,.F.);
#1165=ORIENTED_EDGE('',*,*,#2346,.T.);
#1166=ORIENTED_EDGE('',*,*,#2347,.T.);
#1167=ORIENTED_EDGE('',*,*,#2348,.F.);
#1168=ORIENTED_EDGE('',*,*,#2349,.F.);
#1169=ORIENTED_EDGE('',*,*,#2350,.F.);
#1170=ORIENTED_EDGE('',*,*,#2351,.T.);
#1171=ORIENTED_EDGE('',*,*,#2318,.F.);
#1172=ORIENTED_EDGE('',*,*,#2352,.F.);
#1173=ORIENTED_EDGE('',*,*,#2353,.T.);
#1174=ORIENTED_EDGE('',*,*,#2354,.T.);
#1175=ORIENTED_EDGE('',*,*,#2355,.F.);
#1176=ORIENTED_EDGE('',*,*,#2356,.F.);
#1177=ORIENTED_EDGE('',*,*,#2357,.F.);
#1178=ORIENTED_EDGE('',*,*,#2358,.T.);
#1179=ORIENTED_EDGE('',*,*,#2321,.F.);
#1180=ORIENTED_EDGE('',*,*,#2359,.F.);
#1181=ORIENTED_EDGE('',*,*,#2360,.T.);
#1182=ORIENTED_EDGE('',*,*,#2361,.T.);
#1183=ORIENTED_EDGE('',*,*,#2362,.F.);
#1184=ORIENTED_EDGE('',*,*,#2363,.F.);
#1185=ORIENTED_EDGE('',*,*,#2364,.F.);
#1186=ORIENTED_EDGE('',*,*,#2365,.T.);
#1187=ORIENTED_EDGE('',*,*,#2327,.F.);
#1188=ORIENTED_EDGE('',*,*,#2366,.F.);
#1189=ORIENTED_EDGE('',*,*,#2367,.T.);
#1190=ORIENTED_EDGE('',*,*,#2368,.T.);
#1191=ORIENTED_EDGE('',*,*,#2369,.F.);
#1192=ORIENTED_EDGE('',*,*,#2370,.F.);
#1193=ORIENTED_EDGE('',*,*,#2371,.T.);
#1194=ORIENTED_EDGE('',*,*,#2372,.F.);
#1195=ORIENTED_EDGE('',*,*,#2373,.F.);
#1196=ORIENTED_EDGE('',*,*,#2374,.F.);
#1197=ORIENTED_EDGE('',*,*,#2375,.T.);
#1198=ORIENTED_EDGE('',*,*,#2376,.F.);
#1199=ORIENTED_EDGE('',*,*,#2377,.F.);
#1200=ORIENTED_EDGE('',*,*,#2378,.F.);
#1201=ORIENTED_EDGE('',*,*,#2379,.T.);
#1202=ORIENTED_EDGE('',*,*,#2380,.F.);
#1203=ORIENTED_EDGE('',*,*,#2381,.F.);
#1204=ORIENTED_EDGE('',*,*,#2382,.F.);
#1205=ORIENTED_EDGE('',*,*,#2383,.T.);
#1206=ORIENTED_EDGE('',*,*,#2384,.F.);
#1207=ORIENTED_EDGE('',*,*,#2385,.F.);
#1208=ORIENTED_EDGE('',*,*,#2386,.F.);
#1209=ORIENTED_EDGE('',*,*,#2387,.F.);
#1210=ORIENTED_EDGE('',*,*,#2388,.F.);
#1211=ORIENTED_EDGE('',*,*,#2389,.F.);
#1212=ORIENTED_EDGE('',*,*,#2390,.F.);
#1213=ORIENTED_EDGE('',*,*,#2391,.T.);
#1214=ORIENTED_EDGE('',*,*,#2194,.F.);
#1215=ORIENTED_EDGE('',*,*,#2392,.F.);
#1216=ORIENTED_EDGE('',*,*,#2393,.F.);
#1217=ORIENTED_EDGE('',*,*,#2394,.T.);
#1218=ORIENTED_EDGE('',*,*,#2395,.F.);
#1219=ORIENTED_EDGE('',*,*,#2396,.F.);
#1220=ORIENTED_EDGE('',*,*,#2397,.F.);
#1221=ORIENTED_EDGE('',*,*,#2398,.T.);
#1222=ORIENTED_EDGE('',*,*,#2399,.F.);
#1223=ORIENTED_EDGE('',*,*,#2400,.F.);
#1224=ORIENTED_EDGE('',*,*,#2401,.F.);
#1225=ORIENTED_EDGE('',*,*,#2402,.T.);
#1226=ORIENTED_EDGE('',*,*,#2403,.F.);
#1227=ORIENTED_EDGE('',*,*,#2404,.F.);
#1228=ORIENTED_EDGE('',*,*,#2405,.F.);
#1229=ORIENTED_EDGE('',*,*,#2406,.T.);
#1230=ORIENTED_EDGE('',*,*,#2407,.F.);
#1231=ORIENTED_EDGE('',*,*,#2408,.F.);
#1232=ORIENTED_EDGE('',*,*,#2409,.F.);
#1233=ORIENTED_EDGE('',*,*,#2410,.T.);
#1234=ORIENTED_EDGE('',*,*,#2411,.F.);
#1235=ORIENTED_EDGE('',*,*,#2412,.F.);
#1236=ORIENTED_EDGE('',*,*,#2413,.F.);
#1237=ORIENTED_EDGE('',*,*,#2414,.T.);
#1238=ORIENTED_EDGE('',*,*,#2415,.F.);
#1239=ORIENTED_EDGE('',*,*,#2416,.F.);
#1240=ORIENTED_EDGE('',*,*,#2417,.F.);
#1241=ORIENTED_EDGE('',*,*,#2328,.T.);
#1242=ORIENTED_EDGE('',*,*,#2418,.T.);
#1243=ORIENTED_EDGE('',*,*,#2397,.T.);
#1244=ORIENTED_EDGE('',*,*,#2419,.T.);
#1245=ORIENTED_EDGE('',*,*,#2401,.T.);
#1246=ORIENTED_EDGE('',*,*,#2420,.F.);
#1247=ORIENTED_EDGE('',*,*,#2336,.T.);
#1248=ORIENTED_EDGE('',*,*,#2343,.T.);
#1249=ORIENTED_EDGE('',*,*,#2421,.T.);
#1250=ORIENTED_EDGE('',*,*,#2393,.T.);
#1251=ORIENTED_EDGE('',*,*,#2422,.F.);
#1252=ORIENTED_EDGE('',*,*,#2350,.T.);
#1253=ORIENTED_EDGE('',*,*,#2423,.T.);
#1254=ORIENTED_EDGE('',*,*,#2413,.T.);
#1255=ORIENTED_EDGE('',*,*,#2424,.F.);
#1256=ORIENTED_EDGE('',*,*,#2357,.T.);
#1257=ORIENTED_EDGE('',*,*,#2425,.T.);
#1258=ORIENTED_EDGE('',*,*,#2409,.T.);
#1259=ORIENTED_EDGE('',*,*,#2426,.F.);
#1260=ORIENTED_EDGE('',*,*,#2364,.T.);
#1261=ORIENTED_EDGE('',*,*,#2427,.T.);
#1262=ORIENTED_EDGE('',*,*,#2405,.T.);
#1263=ORIENTED_EDGE('',*,*,#2428,.F.);
#1264=ORIENTED_EDGE('',*,*,#2164,.F.);
#1265=ORIENTED_EDGE('',*,*,#2163,.F.);
#1266=ORIENTED_EDGE('',*,*,#2169,.F.);
#1267=ORIENTED_EDGE('',*,*,#2168,.F.);
#1268=ORIENTED_EDGE('',*,*,#2167,.F.);
#1269=ORIENTED_EDGE('',*,*,#2166,.F.);
#1270=ORIENTED_EDGE('',*,*,#2165,.F.);
#1271=ORIENTED_EDGE('',*,*,#2171,.F.);
#1272=ORIENTED_EDGE('',*,*,#2170,.F.);
#1273=ORIENTED_EDGE('',*,*,#2173,.F.);
#1274=ORIENTED_EDGE('',*,*,#2172,.F.);
#1275=ORIENTED_EDGE('',*,*,#2150,.F.);
#1276=ORIENTED_EDGE('',*,*,#2149,.F.);
#1277=ORIENTED_EDGE('',*,*,#2159,.F.);
#1278=ORIENTED_EDGE('',*,*,#2158,.F.);
#1279=ORIENTED_EDGE('',*,*,#2157,.F.);
#1280=ORIENTED_EDGE('',*,*,#2156,.F.);
#1281=ORIENTED_EDGE('',*,*,#2155,.F.);
#1282=ORIENTED_EDGE('',*,*,#2154,.F.);
#1283=ORIENTED_EDGE('',*,*,#2153,.F.);
#1284=ORIENTED_EDGE('',*,*,#2152,.F.);
#1285=ORIENTED_EDGE('',*,*,#2151,.F.);
#1286=ORIENTED_EDGE('',*,*,#2175,.F.);
#1287=ORIENTED_EDGE('',*,*,#2174,.F.);
#1288=ORIENTED_EDGE('',*,*,#2180,.F.);
#1289=ORIENTED_EDGE('',*,*,#2179,.F.);
#1290=ORIENTED_EDGE('',*,*,#2178,.F.);
#1291=ORIENTED_EDGE('',*,*,#2177,.F.);
#1292=ORIENTED_EDGE('',*,*,#2176,.F.);
#1293=ORIENTED_EDGE('',*,*,#2182,.F.);
#1294=ORIENTED_EDGE('',*,*,#2181,.F.);
#1295=ORIENTED_EDGE('',*,*,#2188,.F.);
#1296=ORIENTED_EDGE('',*,*,#2187,.F.);
#1297=ORIENTED_EDGE('',*,*,#2186,.F.);
#1298=ORIENTED_EDGE('',*,*,#2185,.F.);
#1299=ORIENTED_EDGE('',*,*,#2184,.F.);
#1300=ORIENTED_EDGE('',*,*,#2183,.F.);
#1301=ORIENTED_EDGE('',*,*,#2429,.F.);
#1302=ORIENTED_EDGE('',*,*,#2430,.F.);
#1303=ORIENTED_EDGE('',*,*,#2431,.F.);
#1304=ORIENTED_EDGE('',*,*,#2432,.F.);
#1305=ORIENTED_EDGE('',*,*,#2433,.T.);
#1306=ORIENTED_EDGE('',*,*,#2434,.F.);
#1307=ORIENTED_EDGE('',*,*,#2435,.F.);
#1308=ORIENTED_EDGE('',*,*,#2388,.T.);
#1309=ORIENTED_EDGE('',*,*,#2436,.F.);
#1310=ORIENTED_EDGE('',*,*,#2437,.T.);
#1311=ORIENTED_EDGE('',*,*,#2438,.F.);
#1312=ORIENTED_EDGE('',*,*,#2439,.F.);
#1313=ORIENTED_EDGE('',*,*,#2372,.T.);
#1314=ORIENTED_EDGE('',*,*,#2440,.T.);
#1315=ORIENTED_EDGE('',*,*,#2201,.F.);
#1316=ORIENTED_EDGE('',*,*,#2441,.F.);
#1317=ORIENTED_EDGE('',*,*,#2442,.F.);
#1318=ORIENTED_EDGE('',*,*,#2443,.T.);
#1319=ORIENTED_EDGE('',*,*,#2444,.F.);
#1320=ORIENTED_EDGE('',*,*,#2445,.F.);
#1321=ORIENTED_EDGE('',*,*,#2376,.T.);
#1322=ORIENTED_EDGE('',*,*,#2446,.T.);
#1323=ORIENTED_EDGE('',*,*,#2205,.F.);
#1324=ORIENTED_EDGE('',*,*,#2447,.F.);
#1325=ORIENTED_EDGE('',*,*,#2448,.F.);
#1326=ORIENTED_EDGE('',*,*,#2449,.T.);
#1327=ORIENTED_EDGE('',*,*,#2450,.F.);
#1328=ORIENTED_EDGE('',*,*,#2451,.F.);
#1329=ORIENTED_EDGE('',*,*,#2380,.T.);
#1330=ORIENTED_EDGE('',*,*,#2452,.T.);
#1331=ORIENTED_EDGE('',*,*,#2209,.F.);
#1332=ORIENTED_EDGE('',*,*,#2453,.F.);
#1333=ORIENTED_EDGE('',*,*,#2454,.F.);
#1334=ORIENTED_EDGE('',*,*,#2455,.T.);
#1335=ORIENTED_EDGE('',*,*,#2215,.F.);
#1336=ORIENTED_EDGE('',*,*,#2456,.F.);
#1337=ORIENTED_EDGE('',*,*,#2384,.T.);
#1338=ORIENTED_EDGE('',*,*,#2457,.T.);
#1339=ORIENTED_EDGE('',*,*,#2217,.F.);
#1340=ORIENTED_EDGE('',*,*,#2458,.F.);
#1341=ORIENTED_EDGE('',*,*,#2192,.T.);
#1342=ORIENTED_EDGE('',*,*,#2459,.T.);
#1343=ORIENTED_EDGE('',*,*,#2460,.F.);
#1344=ORIENTED_EDGE('',*,*,#2461,.F.);
#1345=ORIENTED_EDGE('',*,*,#2462,.F.);
#1346=ORIENTED_EDGE('',*,*,#2463,.F.);
#1347=ORIENTED_EDGE('',*,*,#2464,.F.);
#1348=ORIENTED_EDGE('',*,*,#2430,.T.);
#1349=ORIENTED_EDGE('',*,*,#2438,.T.);
#1350=ORIENTED_EDGE('',*,*,#2465,.T.);
#1351=ORIENTED_EDGE('',*,*,#2466,.F.);
#1352=ORIENTED_EDGE('',*,*,#2467,.F.);
#1353=ORIENTED_EDGE('',*,*,#2444,.T.);
#1354=ORIENTED_EDGE('',*,*,#2468,.T.);
#1355=ORIENTED_EDGE('',*,*,#2469,.F.);
#1356=ORIENTED_EDGE('',*,*,#2470,.F.);
#1357=ORIENTED_EDGE('',*,*,#2450,.T.);
#1358=ORIENTED_EDGE('',*,*,#2471,.T.);
#1359=ORIENTED_EDGE('',*,*,#2472,.F.);
#1360=ORIENTED_EDGE('',*,*,#2473,.F.);
#1361=ORIENTED_EDGE('',*,*,#2460,.T.);
#1362=ORIENTED_EDGE('',*,*,#2474,.T.);
#1363=ORIENTED_EDGE('',*,*,#2475,.F.);
#1364=ORIENTED_EDGE('',*,*,#2476,.F.);
#1365=ORIENTED_EDGE('',*,*,#2477,.F.);
#1366=ORIENTED_EDGE('',*,*,#2478,.F.);
#1367=ORIENTED_EDGE('',*,*,#2479,.F.);
#1368=ORIENTED_EDGE('',*,*,#2463,.T.);
#1369=ORIENTED_EDGE('',*,*,#2466,.T.);
#1370=ORIENTED_EDGE('',*,*,#2480,.T.);
#1371=ORIENTED_EDGE('',*,*,#2481,.F.);
#1372=ORIENTED_EDGE('',*,*,#2482,.F.);
#1373=ORIENTED_EDGE('',*,*,#2469,.T.);
#1374=ORIENTED_EDGE('',*,*,#2483,.T.);
#1375=ORIENTED_EDGE('',*,*,#2484,.F.);
#1376=ORIENTED_EDGE('',*,*,#2485,.F.);
#1377=ORIENTED_EDGE('',*,*,#2472,.T.);
#1378=ORIENTED_EDGE('',*,*,#2486,.T.);
#1379=ORIENTED_EDGE('',*,*,#2487,.F.);
#1380=ORIENTED_EDGE('',*,*,#2488,.F.);
#1381=ORIENTED_EDGE('',*,*,#2475,.T.);
#1382=ORIENTED_EDGE('',*,*,#2489,.T.);
#1383=ORIENTED_EDGE('',*,*,#2490,.F.);
#1384=ORIENTED_EDGE('',*,*,#2491,.F.);
#1385=ORIENTED_EDGE('',*,*,#2492,.F.);
#1386=ORIENTED_EDGE('',*,*,#2493,.F.);
#1387=ORIENTED_EDGE('',*,*,#2494,.F.);
#1388=ORIENTED_EDGE('',*,*,#2478,.T.);
#1389=ORIENTED_EDGE('',*,*,#2481,.T.);
#1390=ORIENTED_EDGE('',*,*,#2495,.T.);
#1391=ORIENTED_EDGE('',*,*,#2496,.F.);
#1392=ORIENTED_EDGE('',*,*,#2497,.F.);
#1393=ORIENTED_EDGE('',*,*,#2484,.T.);
#1394=ORIENTED_EDGE('',*,*,#2498,.T.);
#1395=ORIENTED_EDGE('',*,*,#2499,.F.);
#1396=ORIENTED_EDGE('',*,*,#2500,.F.);
#1397=ORIENTED_EDGE('',*,*,#2487,.T.);
#1398=ORIENTED_EDGE('',*,*,#2501,.T.);
#1399=ORIENTED_EDGE('',*,*,#2502,.F.);
#1400=ORIENTED_EDGE('',*,*,#2503,.F.);
#1401=ORIENTED_EDGE('',*,*,#2490,.T.);
#1402=ORIENTED_EDGE('',*,*,#2504,.T.);
#1403=ORIENTED_EDGE('',*,*,#2505,.F.);
#1404=ORIENTED_EDGE('',*,*,#2506,.F.);
#1405=ORIENTED_EDGE('',*,*,#2507,.F.);
#1406=ORIENTED_EDGE('',*,*,#2508,.F.);
#1407=ORIENTED_EDGE('',*,*,#2509,.F.);
#1408=ORIENTED_EDGE('',*,*,#2493,.T.);
#1409=ORIENTED_EDGE('',*,*,#2496,.T.);
#1410=ORIENTED_EDGE('',*,*,#2510,.T.);
#1411=ORIENTED_EDGE('',*,*,#2511,.F.);
#1412=ORIENTED_EDGE('',*,*,#2512,.F.);
#1413=ORIENTED_EDGE('',*,*,#2499,.T.);
#1414=ORIENTED_EDGE('',*,*,#2513,.T.);
#1415=ORIENTED_EDGE('',*,*,#2514,.F.);
#1416=ORIENTED_EDGE('',*,*,#2515,.F.);
#1417=ORIENTED_EDGE('',*,*,#2502,.T.);
#1418=ORIENTED_EDGE('',*,*,#2516,.T.);
#1419=ORIENTED_EDGE('',*,*,#2517,.F.);
#1420=ORIENTED_EDGE('',*,*,#2518,.F.);
#1421=ORIENTED_EDGE('',*,*,#2505,.T.);
#1422=ORIENTED_EDGE('',*,*,#2519,.T.);
#1423=ORIENTED_EDGE('',*,*,#2520,.F.);
#1424=ORIENTED_EDGE('',*,*,#2521,.F.);
#1425=ORIENTED_EDGE('',*,*,#2522,.F.);
#1426=ORIENTED_EDGE('',*,*,#2523,.F.);
#1427=ORIENTED_EDGE('',*,*,#2524,.F.);
#1428=ORIENTED_EDGE('',*,*,#2508,.T.);
#1429=ORIENTED_EDGE('',*,*,#2511,.T.);
#1430=ORIENTED_EDGE('',*,*,#2525,.T.);
#1431=ORIENTED_EDGE('',*,*,#2526,.F.);
#1432=ORIENTED_EDGE('',*,*,#2527,.F.);
#1433=ORIENTED_EDGE('',*,*,#2514,.T.);
#1434=ORIENTED_EDGE('',*,*,#2528,.T.);
#1435=ORIENTED_EDGE('',*,*,#2529,.F.);
#1436=ORIENTED_EDGE('',*,*,#2530,.F.);
#1437=ORIENTED_EDGE('',*,*,#2517,.T.);
#1438=ORIENTED_EDGE('',*,*,#2531,.T.);
#1439=ORIENTED_EDGE('',*,*,#2532,.F.);
#1440=ORIENTED_EDGE('',*,*,#2533,.F.);
#1441=ORIENTED_EDGE('',*,*,#2520,.T.);
#1442=ORIENTED_EDGE('',*,*,#2534,.T.);
#1443=ORIENTED_EDGE('',*,*,#2535,.F.);
#1444=ORIENTED_EDGE('',*,*,#2536,.F.);
#1445=ORIENTED_EDGE('',*,*,#2537,.F.);
#1446=ORIENTED_EDGE('',*,*,#2538,.F.);
#1447=ORIENTED_EDGE('',*,*,#2539,.F.);
#1448=ORIENTED_EDGE('',*,*,#2523,.T.);
#1449=ORIENTED_EDGE('',*,*,#2526,.T.);
#1450=ORIENTED_EDGE('',*,*,#2540,.T.);
#1451=ORIENTED_EDGE('',*,*,#2541,.F.);
#1452=ORIENTED_EDGE('',*,*,#2542,.F.);
#1453=ORIENTED_EDGE('',*,*,#2529,.T.);
#1454=ORIENTED_EDGE('',*,*,#2543,.T.);
#1455=ORIENTED_EDGE('',*,*,#2544,.F.);
#1456=ORIENTED_EDGE('',*,*,#2545,.F.);
#1457=ORIENTED_EDGE('',*,*,#2532,.T.);
#1458=ORIENTED_EDGE('',*,*,#2546,.T.);
#1459=ORIENTED_EDGE('',*,*,#2547,.F.);
#1460=ORIENTED_EDGE('',*,*,#2548,.F.);
#1461=ORIENTED_EDGE('',*,*,#2535,.T.);
#1462=ORIENTED_EDGE('',*,*,#2549,.T.);
#1463=ORIENTED_EDGE('',*,*,#2348,.T.);
#1464=ORIENTED_EDGE('',*,*,#2550,.F.);
#1465=ORIENTED_EDGE('',*,*,#2551,.F.);
#1466=ORIENTED_EDGE('',*,*,#2338,.T.);
#1467=ORIENTED_EDGE('',*,*,#2552,.F.);
#1468=ORIENTED_EDGE('',*,*,#2538,.T.);
#1469=ORIENTED_EDGE('',*,*,#2541,.T.);
#1470=ORIENTED_EDGE('',*,*,#2553,.T.);
#1471=ORIENTED_EDGE('',*,*,#2355,.T.);
#1472=ORIENTED_EDGE('',*,*,#2554,.F.);
#1473=ORIENTED_EDGE('',*,*,#2544,.T.);
#1474=ORIENTED_EDGE('',*,*,#2555,.T.);
#1475=ORIENTED_EDGE('',*,*,#2362,.T.);
#1476=ORIENTED_EDGE('',*,*,#2556,.F.);
#1477=ORIENTED_EDGE('',*,*,#2547,.T.);
#1478=ORIENTED_EDGE('',*,*,#2557,.T.);
#1479=ORIENTED_EDGE('',*,*,#2369,.T.);
#1480=ORIENTED_EDGE('',*,*,#2558,.F.);
#1481=ORIENTED_EDGE('',*,*,#2434,.T.);
#1482=ORIENTED_EDGE('',*,*,#2559,.T.);
#1483=ORIENTED_EDGE('',*,*,#2560,.F.);
#1484=ORIENTED_EDGE('',*,*,#2561,.F.);
#1485=ORIENTED_EDGE('',*,*,#2560,.T.);
#1486=ORIENTED_EDGE('',*,*,#2562,.T.);
#1487=ORIENTED_EDGE('',*,*,#2563,.F.);
#1488=ORIENTED_EDGE('',*,*,#2564,.F.);
#1489=ORIENTED_EDGE('',*,*,#2563,.T.);
#1490=ORIENTED_EDGE('',*,*,#2565,.T.);
#1491=ORIENTED_EDGE('',*,*,#2566,.F.);
#1492=ORIENTED_EDGE('',*,*,#2567,.T.);
#1493=ORIENTED_EDGE('',*,*,#2566,.T.);
#1494=ORIENTED_EDGE('',*,*,#2568,.T.);
#1495=ORIENTED_EDGE('',*,*,#2569,.F.);
#1496=ORIENTED_EDGE('',*,*,#2570,.T.);
#1497=ORIENTED_EDGE('',*,*,#2569,.T.);
#1498=ORIENTED_EDGE('',*,*,#2571,.T.);
#1499=ORIENTED_EDGE('',*,*,#2572,.F.);
#1500=ORIENTED_EDGE('',*,*,#2573,.T.);
#1501=ORIENTED_EDGE('',*,*,#2572,.T.);
#1502=ORIENTED_EDGE('',*,*,#2574,.T.);
#1503=ORIENTED_EDGE('',*,*,#2575,.F.);
#1504=ORIENTED_EDGE('',*,*,#2576,.F.);
#1505=ORIENTED_EDGE('',*,*,#2575,.T.);
#1506=ORIENTED_EDGE('',*,*,#2577,.T.);
#1507=ORIENTED_EDGE('',*,*,#2333,.T.);
#1508=ORIENTED_EDGE('',*,*,#2578,.T.);
#1509=ORIENTED_EDGE('',*,*,#2579,.F.);
#1510=ORIENTED_EDGE('',*,*,#2390,.T.);
#1511=ORIENTED_EDGE('',*,*,#2580,.T.);
#1512=ORIENTED_EDGE('',*,*,#2331,.F.);
#1513=ORIENTED_EDGE('',*,*,#2195,.F.);
#1514=ORIENTED_EDGE('',*,*,#2391,.F.);
#1515=ORIENTED_EDGE('',*,*,#2579,.T.);
#1516=ORIENTED_EDGE('',*,*,#2330,.T.);
#1517=ORIENTED_EDGE('',*,*,#2311,.T.);
#1518=ORIENTED_EDGE('',*,*,#2293,.F.);
#1519=ORIENTED_EDGE('',*,*,#2275,.T.);
#1520=ORIENTED_EDGE('',*,*,#2257,.T.);
#1521=ORIENTED_EDGE('',*,*,#2239,.T.);
#1522=ORIENTED_EDGE('',*,*,#2221,.F.);
#1523=ORIENTED_EDGE('',*,*,#2198,.F.);
#1524=ORIENTED_EDGE('',*,*,#2561,.T.);
#1525=ORIENTED_EDGE('',*,*,#2564,.T.);
#1526=ORIENTED_EDGE('',*,*,#2567,.F.);
#1527=ORIENTED_EDGE('',*,*,#2570,.F.);
#1528=ORIENTED_EDGE('',*,*,#2573,.F.);
#1529=ORIENTED_EDGE('',*,*,#2576,.T.);
#1530=ORIENTED_EDGE('',*,*,#2578,.F.);
#1531=ORIENTED_EDGE('',*,*,#2332,.F.);
#1532=ORIENTED_EDGE('',*,*,#2580,.F.);
#1533=ORIENTED_EDGE('',*,*,#2389,.T.);
#1534=ORIENTED_EDGE('',*,*,#2435,.T.);
#1535=ORIENTED_EDGE('',*,*,#2399,.T.);
#1536=ORIENTED_EDGE('',*,*,#2581,.F.);
#1537=ORIENTED_EDGE('',*,*,#2432,.T.);
#1538=ORIENTED_EDGE('',*,*,#2582,.T.);
#1539=ORIENTED_EDGE('',*,*,#2433,.F.);
#1540=ORIENTED_EDGE('',*,*,#2581,.T.);
#1541=ORIENTED_EDGE('',*,*,#2398,.F.);
#1542=ORIENTED_EDGE('',*,*,#2418,.F.);
#1543=ORIENTED_EDGE('',*,*,#2334,.T.);
#1544=ORIENTED_EDGE('',*,*,#2577,.F.);
#1545=ORIENTED_EDGE('',*,*,#2574,.F.);
#1546=ORIENTED_EDGE('',*,*,#2571,.F.);
#1547=ORIENTED_EDGE('',*,*,#2568,.F.);
#1548=ORIENTED_EDGE('',*,*,#2565,.F.);
#1549=ORIENTED_EDGE('',*,*,#2562,.F.);
#1550=ORIENTED_EDGE('',*,*,#2559,.F.);
#1551=ORIENTED_EDGE('',*,*,#2464,.T.);
#1552=ORIENTED_EDGE('',*,*,#2479,.T.);
#1553=ORIENTED_EDGE('',*,*,#2494,.T.);
#1554=ORIENTED_EDGE('',*,*,#2509,.T.);
#1555=ORIENTED_EDGE('',*,*,#2524,.T.);
#1556=ORIENTED_EDGE('',*,*,#2539,.T.);
#1557=ORIENTED_EDGE('',*,*,#2552,.T.);
#1558=ORIENTED_EDGE('',*,*,#2337,.F.);
#1559=ORIENTED_EDGE('',*,*,#2420,.T.);
#1560=ORIENTED_EDGE('',*,*,#2400,.T.);
#1561=ORIENTED_EDGE('',*,*,#2582,.F.);
#1562=ORIENTED_EDGE('',*,*,#2431,.T.);
#1563=ORIENTED_EDGE('',*,*,#2214,.T.);
#1564=ORIENTED_EDGE('',*,*,#2234,.T.);
#1565=ORIENTED_EDGE('',*,*,#2252,.T.);
#1566=ORIENTED_EDGE('',*,*,#2270,.T.);
#1567=ORIENTED_EDGE('',*,*,#2288,.T.);
#1568=ORIENTED_EDGE('',*,*,#2306,.T.);
#1569=ORIENTED_EDGE('',*,*,#2324,.T.);
#1570=ORIENTED_EDGE('',*,*,#2341,.F.);
#1571=ORIENTED_EDGE('',*,*,#2583,.T.);
#1572=ORIENTED_EDGE('',*,*,#2385,.T.);
#1573=ORIENTED_EDGE('',*,*,#2456,.T.);
#1574=ORIENTED_EDGE('',*,*,#2584,.T.);
#1575=ORIENTED_EDGE('',*,*,#2386,.T.);
#1576=ORIENTED_EDGE('',*,*,#2583,.F.);
#1577=ORIENTED_EDGE('',*,*,#2340,.F.);
#1578=ORIENTED_EDGE('',*,*,#2462,.T.);
#1579=ORIENTED_EDGE('',*,*,#2429,.T.);
#1580=ORIENTED_EDGE('',*,*,#2387,.T.);
#1581=ORIENTED_EDGE('',*,*,#2584,.F.);
#1582=ORIENTED_EDGE('',*,*,#2339,.F.);
#1583=ORIENTED_EDGE('',*,*,#2551,.T.);
#1584=ORIENTED_EDGE('',*,*,#2537,.T.);
#1585=ORIENTED_EDGE('',*,*,#2522,.T.);
#1586=ORIENTED_EDGE('',*,*,#2507,.T.);
#1587=ORIENTED_EDGE('',*,*,#2492,.T.);
#1588=ORIENTED_EDGE('',*,*,#2477,.T.);
#1589=ORIENTED_EDGE('',*,*,#2473,.T.);
#1590=ORIENTED_EDGE('',*,*,#2488,.T.);
#1591=ORIENTED_EDGE('',*,*,#2503,.T.);
#1592=ORIENTED_EDGE('',*,*,#2518,.T.);
#1593=ORIENTED_EDGE('',*,*,#2533,.T.);
#1594=ORIENTED_EDGE('',*,*,#2548,.T.);
#1595=ORIENTED_EDGE('',*,*,#2558,.T.);
#1596=ORIENTED_EDGE('',*,*,#2368,.F.);
#1597=ORIENTED_EDGE('',*,*,#2585,.T.);
#1598=ORIENTED_EDGE('',*,*,#2381,.T.);
#1599=ORIENTED_EDGE('',*,*,#2451,.T.);
#1600=ORIENTED_EDGE('',*,*,#2457,.F.);
#1601=ORIENTED_EDGE('',*,*,#2383,.F.);
#1602=ORIENTED_EDGE('',*,*,#2586,.F.);
#1603=ORIENTED_EDGE('',*,*,#2366,.T.);
#1604=ORIENTED_EDGE('',*,*,#2326,.F.);
#1605=ORIENTED_EDGE('',*,*,#2308,.F.);
#1606=ORIENTED_EDGE('',*,*,#2290,.F.);
#1607=ORIENTED_EDGE('',*,*,#2272,.F.);
#1608=ORIENTED_EDGE('',*,*,#2254,.F.);
#1609=ORIENTED_EDGE('',*,*,#2236,.F.);
#1610=ORIENTED_EDGE('',*,*,#2218,.F.);
#1611=ORIENTED_EDGE('',*,*,#2586,.T.);
#1612=ORIENTED_EDGE('',*,*,#2382,.T.);
#1613=ORIENTED_EDGE('',*,*,#2585,.F.);
#1614=ORIENTED_EDGE('',*,*,#2367,.F.);
#1615=ORIENTED_EDGE('',*,*,#2470,.T.);
#1616=ORIENTED_EDGE('',*,*,#2485,.T.);
#1617=ORIENTED_EDGE('',*,*,#2500,.T.);
#1618=ORIENTED_EDGE('',*,*,#2515,.T.);
#1619=ORIENTED_EDGE('',*,*,#2530,.T.);
#1620=ORIENTED_EDGE('',*,*,#2545,.T.);
#1621=ORIENTED_EDGE('',*,*,#2556,.T.);
#1622=ORIENTED_EDGE('',*,*,#2361,.F.);
#1623=ORIENTED_EDGE('',*,*,#2587,.T.);
#1624=ORIENTED_EDGE('',*,*,#2377,.T.);
#1625=ORIENTED_EDGE('',*,*,#2445,.T.);
#1626=ORIENTED_EDGE('',*,*,#2452,.F.);
#1627=ORIENTED_EDGE('',*,*,#2379,.F.);
#1628=ORIENTED_EDGE('',*,*,#2588,.F.);
#1629=ORIENTED_EDGE('',*,*,#2359,.T.);
#1630=ORIENTED_EDGE('',*,*,#2320,.F.);
#1631=ORIENTED_EDGE('',*,*,#2302,.F.);
#1632=ORIENTED_EDGE('',*,*,#2284,.F.);
#1633=ORIENTED_EDGE('',*,*,#2266,.F.);
#1634=ORIENTED_EDGE('',*,*,#2248,.F.);
#1635=ORIENTED_EDGE('',*,*,#2230,.F.);
#1636=ORIENTED_EDGE('',*,*,#2210,.F.);
#1637=ORIENTED_EDGE('',*,*,#2588,.T.);
#1638=ORIENTED_EDGE('',*,*,#2378,.T.);
#1639=ORIENTED_EDGE('',*,*,#2587,.F.);
#1640=ORIENTED_EDGE('',*,*,#2360,.F.);
#1641=ORIENTED_EDGE('',*,*,#2467,.T.);
#1642=ORIENTED_EDGE('',*,*,#2482,.T.);
#1643=ORIENTED_EDGE('',*,*,#2497,.T.);
#1644=ORIENTED_EDGE('',*,*,#2512,.T.);
#1645=ORIENTED_EDGE('',*,*,#2527,.T.);
#1646=ORIENTED_EDGE('',*,*,#2542,.T.);
#1647=ORIENTED_EDGE('',*,*,#2554,.T.);
#1648=ORIENTED_EDGE('',*,*,#2354,.F.);
#1649=ORIENTED_EDGE('',*,*,#2589,.T.);
#1650=ORIENTED_EDGE('',*,*,#2373,.T.);
#1651=ORIENTED_EDGE('',*,*,#2439,.T.);
#1652=ORIENTED_EDGE('',*,*,#2446,.F.);
#1653=ORIENTED_EDGE('',*,*,#2375,.F.);
#1654=ORIENTED_EDGE('',*,*,#2590,.F.);
#1655=ORIENTED_EDGE('',*,*,#2352,.T.);
#1656=ORIENTED_EDGE('',*,*,#2317,.F.);
#1657=ORIENTED_EDGE('',*,*,#2299,.F.);
#1658=ORIENTED_EDGE('',*,*,#2281,.F.);
#1659=ORIENTED_EDGE('',*,*,#2263,.F.);
#1660=ORIENTED_EDGE('',*,*,#2245,.F.);
#1661=ORIENTED_EDGE('',*,*,#2227,.F.);
#1662=ORIENTED_EDGE('',*,*,#2206,.F.);
#1663=ORIENTED_EDGE('',*,*,#2590,.T.);
#1664=ORIENTED_EDGE('',*,*,#2374,.T.);
#1665=ORIENTED_EDGE('',*,*,#2589,.F.);
#1666=ORIENTED_EDGE('',*,*,#2353,.F.);
#1667=ORIENTED_EDGE('',*,*,#2591,.T.);
#1668=ORIENTED_EDGE('',*,*,#2370,.T.);
#1669=ORIENTED_EDGE('',*,*,#2592,.F.);
#1670=ORIENTED_EDGE('',*,*,#2346,.F.);
#1671=ORIENTED_EDGE('',*,*,#2440,.F.);
#1672=ORIENTED_EDGE('',*,*,#2371,.F.);
#1673=ORIENTED_EDGE('',*,*,#2591,.F.);
#1674=ORIENTED_EDGE('',*,*,#2345,.T.);
#1675=ORIENTED_EDGE('',*,*,#2314,.F.);
#1676=ORIENTED_EDGE('',*,*,#2296,.F.);
#1677=ORIENTED_EDGE('',*,*,#2278,.F.);
#1678=ORIENTED_EDGE('',*,*,#2260,.F.);
#1679=ORIENTED_EDGE('',*,*,#2242,.F.);
#1680=ORIENTED_EDGE('',*,*,#2224,.F.);
#1681=ORIENTED_EDGE('',*,*,#2202,.F.);
#1682=ORIENTED_EDGE('',*,*,#2461,.T.);
#1683=ORIENTED_EDGE('',*,*,#2476,.T.);
#1684=ORIENTED_EDGE('',*,*,#2491,.T.);
#1685=ORIENTED_EDGE('',*,*,#2506,.T.);
#1686=ORIENTED_EDGE('',*,*,#2521,.T.);
#1687=ORIENTED_EDGE('',*,*,#2536,.T.);
#1688=ORIENTED_EDGE('',*,*,#2550,.T.);
#1689=ORIENTED_EDGE('',*,*,#2347,.F.);
#1690=ORIENTED_EDGE('',*,*,#2592,.T.);
#1691=ORIENTED_EDGE('',*,*,#2392,.T.);
#1692=ORIENTED_EDGE('',*,*,#2193,.T.);
#1693=ORIENTED_EDGE('',*,*,#2212,.F.);
#1694=ORIENTED_EDGE('',*,*,#2455,.F.);
#1695=ORIENTED_EDGE('',*,*,#2593,.F.);
#1696=ORIENTED_EDGE('',*,*,#2402,.F.);
#1697=ORIENTED_EDGE('',*,*,#2419,.F.);
#1698=ORIENTED_EDGE('',*,*,#2335,.T.);
#1699=ORIENTED_EDGE('',*,*,#2322,.F.);
#1700=ORIENTED_EDGE('',*,*,#2304,.F.);
#1701=ORIENTED_EDGE('',*,*,#2286,.F.);
#1702=ORIENTED_EDGE('',*,*,#2268,.F.);
#1703=ORIENTED_EDGE('',*,*,#2250,.F.);
#1704=ORIENTED_EDGE('',*,*,#2232,.F.);
#1705=ORIENTED_EDGE('',*,*,#2216,.T.);
#1706=ORIENTED_EDGE('',*,*,#2235,.T.);
#1707=ORIENTED_EDGE('',*,*,#2253,.T.);
#1708=ORIENTED_EDGE('',*,*,#2271,.T.);
#1709=ORIENTED_EDGE('',*,*,#2289,.T.);
#1710=ORIENTED_EDGE('',*,*,#2307,.T.);
#1711=ORIENTED_EDGE('',*,*,#2325,.T.);
#1712=ORIENTED_EDGE('',*,*,#2365,.F.);
#1713=ORIENTED_EDGE('',*,*,#2428,.T.);
#1714=ORIENTED_EDGE('',*,*,#2404,.T.);
#1715=ORIENTED_EDGE('',*,*,#2594,.T.);
#1716=ORIENTED_EDGE('',*,*,#2458,.T.);
#1717=ORIENTED_EDGE('',*,*,#2403,.T.);
#1718=ORIENTED_EDGE('',*,*,#2593,.T.);
#1719=ORIENTED_EDGE('',*,*,#2454,.T.);
#1720=ORIENTED_EDGE('',*,*,#2594,.F.);
#1721=ORIENTED_EDGE('',*,*,#2449,.F.);
#1722=ORIENTED_EDGE('',*,*,#2595,.F.);
#1723=ORIENTED_EDGE('',*,*,#2406,.F.);
#1724=ORIENTED_EDGE('',*,*,#2427,.F.);
#1725=ORIENTED_EDGE('',*,*,#2363,.T.);
#1726=ORIENTED_EDGE('',*,*,#2557,.F.);
#1727=ORIENTED_EDGE('',*,*,#2546,.F.);
#1728=ORIENTED_EDGE('',*,*,#2531,.F.);
#1729=ORIENTED_EDGE('',*,*,#2516,.F.);
#1730=ORIENTED_EDGE('',*,*,#2501,.F.);
#1731=ORIENTED_EDGE('',*,*,#2486,.F.);
#1732=ORIENTED_EDGE('',*,*,#2471,.F.);
#1733=ORIENTED_EDGE('',*,*,#2208,.T.);
#1734=ORIENTED_EDGE('',*,*,#2229,.T.);
#1735=ORIENTED_EDGE('',*,*,#2247,.T.);
#1736=ORIENTED_EDGE('',*,*,#2265,.T.);
#1737=ORIENTED_EDGE('',*,*,#2283,.T.);
#1738=ORIENTED_EDGE('',*,*,#2301,.T.);
#1739=ORIENTED_EDGE('',*,*,#2319,.T.);
#1740=ORIENTED_EDGE('',*,*,#2358,.F.);
#1741=ORIENTED_EDGE('',*,*,#2426,.T.);
#1742=ORIENTED_EDGE('',*,*,#2408,.T.);
#1743=ORIENTED_EDGE('',*,*,#2596,.T.);
#1744=ORIENTED_EDGE('',*,*,#2453,.T.);
#1745=ORIENTED_EDGE('',*,*,#2407,.T.);
#1746=ORIENTED_EDGE('',*,*,#2595,.T.);
#1747=ORIENTED_EDGE('',*,*,#2448,.T.);
#1748=ORIENTED_EDGE('',*,*,#2596,.F.);
#1749=ORIENTED_EDGE('',*,*,#2443,.F.);
#1750=ORIENTED_EDGE('',*,*,#2597,.F.);
#1751=ORIENTED_EDGE('',*,*,#2410,.F.);
#1752=ORIENTED_EDGE('',*,*,#2425,.F.);
#1753=ORIENTED_EDGE('',*,*,#2356,.T.);
#1754=ORIENTED_EDGE('',*,*,#2555,.F.);
#1755=ORIENTED_EDGE('',*,*,#2543,.F.);
#1756=ORIENTED_EDGE('',*,*,#2528,.F.);
#1757=ORIENTED_EDGE('',*,*,#2513,.F.);
#1758=ORIENTED_EDGE('',*,*,#2498,.F.);
#1759=ORIENTED_EDGE('',*,*,#2483,.F.);
#1760=ORIENTED_EDGE('',*,*,#2468,.F.);
#1761=ORIENTED_EDGE('',*,*,#2204,.T.);
#1762=ORIENTED_EDGE('',*,*,#2226,.T.);
#1763=ORIENTED_EDGE('',*,*,#2244,.T.);
#1764=ORIENTED_EDGE('',*,*,#2262,.T.);
#1765=ORIENTED_EDGE('',*,*,#2280,.T.);
#1766=ORIENTED_EDGE('',*,*,#2298,.T.);
#1767=ORIENTED_EDGE('',*,*,#2316,.T.);
#1768=ORIENTED_EDGE('',*,*,#2351,.F.);
#1769=ORIENTED_EDGE('',*,*,#2424,.T.);
#1770=ORIENTED_EDGE('',*,*,#2412,.T.);
#1771=ORIENTED_EDGE('',*,*,#2598,.T.);
#1772=ORIENTED_EDGE('',*,*,#2447,.T.);
#1773=ORIENTED_EDGE('',*,*,#2411,.T.);
#1774=ORIENTED_EDGE('',*,*,#2597,.T.);
#1775=ORIENTED_EDGE('',*,*,#2442,.T.);
#1776=ORIENTED_EDGE('',*,*,#2598,.F.);
#1777=ORIENTED_EDGE('',*,*,#2437,.F.);
#1778=ORIENTED_EDGE('',*,*,#2599,.F.);
#1779=ORIENTED_EDGE('',*,*,#2414,.F.);
#1780=ORIENTED_EDGE('',*,*,#2423,.F.);
#1781=ORIENTED_EDGE('',*,*,#2349,.T.);
#1782=ORIENTED_EDGE('',*,*,#2553,.F.);
#1783=ORIENTED_EDGE('',*,*,#2540,.F.);
#1784=ORIENTED_EDGE('',*,*,#2525,.F.);
#1785=ORIENTED_EDGE('',*,*,#2510,.F.);
#1786=ORIENTED_EDGE('',*,*,#2495,.F.);
#1787=ORIENTED_EDGE('',*,*,#2480,.F.);
#1788=ORIENTED_EDGE('',*,*,#2465,.F.);
#1789=ORIENTED_EDGE('',*,*,#2200,.T.);
#1790=ORIENTED_EDGE('',*,*,#2223,.T.);
#1791=ORIENTED_EDGE('',*,*,#2241,.T.);
#1792=ORIENTED_EDGE('',*,*,#2259,.T.);
#1793=ORIENTED_EDGE('',*,*,#2277,.T.);
#1794=ORIENTED_EDGE('',*,*,#2295,.T.);
#1795=ORIENTED_EDGE('',*,*,#2313,.T.);
#1796=ORIENTED_EDGE('',*,*,#2344,.F.);
#1797=ORIENTED_EDGE('',*,*,#2422,.T.);
#1798=ORIENTED_EDGE('',*,*,#2416,.T.);
#1799=ORIENTED_EDGE('',*,*,#2600,.T.);
#1800=ORIENTED_EDGE('',*,*,#2441,.T.);
#1801=ORIENTED_EDGE('',*,*,#2415,.T.);
#1802=ORIENTED_EDGE('',*,*,#2599,.T.);
#1803=ORIENTED_EDGE('',*,*,#2436,.T.);
#1804=ORIENTED_EDGE('',*,*,#2600,.F.);
#1805=ORIENTED_EDGE('',*,*,#2395,.T.);
#1806=ORIENTED_EDGE('',*,*,#2601,.T.);
#1807=ORIENTED_EDGE('',*,*,#2190,.T.);
#1808=ORIENTED_EDGE('',*,*,#2602,.F.);
#1809=ORIENTED_EDGE('',*,*,#2191,.F.);
#1810=ORIENTED_EDGE('',*,*,#2601,.F.);
#1811=ORIENTED_EDGE('',*,*,#2394,.F.);
#1812=ORIENTED_EDGE('',*,*,#2421,.F.);
#1813=ORIENTED_EDGE('',*,*,#2342,.T.);
#1814=ORIENTED_EDGE('',*,*,#2549,.F.);
#1815=ORIENTED_EDGE('',*,*,#2534,.F.);
#1816=ORIENTED_EDGE('',*,*,#2519,.F.);
#1817=ORIENTED_EDGE('',*,*,#2504,.F.);
#1818=ORIENTED_EDGE('',*,*,#2489,.F.);
#1819=ORIENTED_EDGE('',*,*,#2474,.F.);
#1820=ORIENTED_EDGE('',*,*,#2459,.F.);
#1821=ORIENTED_EDGE('',*,*,#2197,.T.);
#1822=ORIENTED_EDGE('',*,*,#2220,.T.);
#1823=ORIENTED_EDGE('',*,*,#2238,.T.);
#1824=ORIENTED_EDGE('',*,*,#2256,.T.);
#1825=ORIENTED_EDGE('',*,*,#2274,.T.);
#1826=ORIENTED_EDGE('',*,*,#2292,.T.);
#1827=ORIENTED_EDGE('',*,*,#2310,.T.);
#1828=ORIENTED_EDGE('',*,*,#2329,.F.);
#1829=ORIENTED_EDGE('',*,*,#2417,.T.);
#1830=ORIENTED_EDGE('',*,*,#2396,.T.);
#1831=ORIENTED_EDGE('',*,*,#2602,.T.);
#1832=ORIENTED_EDGE('',*,*,#2189,.T.);
#1833=VERTEX_POINT('',#4000);
#1834=VERTEX_POINT('',#4001);
#1835=VERTEX_POINT('',#4003);
#1836=VERTEX_POINT('',#4005);
#1837=VERTEX_POINT('',#4007);
#1838=VERTEX_POINT('',#4009);
#1839=VERTEX_POINT('',#4011);
#1840=VERTEX_POINT('',#4013);
#1841=VERTEX_POINT('',#4015);
#1842=VERTEX_POINT('',#4017);
#1843=VERTEX_POINT('',#4019);
#1844=VERTEX_POINT('',#4022);
#1845=VERTEX_POINT('',#4023);
#1846=VERTEX_POINT('',#4025);
#1847=VERTEX_POINT('',#4029);
#1848=VERTEX_POINT('',#4030);
#1849=VERTEX_POINT('',#4032);
#1850=VERTEX_POINT('',#4034);
#1851=VERTEX_POINT('',#4036);
#1852=VERTEX_POINT('',#4043);
#1853=VERTEX_POINT('',#4045);
#1854=VERTEX_POINT('',#4052);
#1855=VERTEX_POINT('',#4053);
#1856=VERTEX_POINT('',#4055);
#1857=VERTEX_POINT('',#4057);
#1858=VERTEX_POINT('',#4065);
#1859=VERTEX_POINT('',#4066);
#1860=VERTEX_POINT('',#4068);
#1861=VERTEX_POINT('',#4070);
#1862=VERTEX_POINT('',#4072);
#1863=VERTEX_POINT('',#4074);
#1864=VERTEX_POINT('',#4081);
#1865=VERTEX_POINT('',#4085);
#1866=VERTEX_POINT('',#4086);
#1867=VERTEX_POINT('',#4091);
#1868=VERTEX_POINT('',#4106);
#1869=VERTEX_POINT('',#4108);
#1870=VERTEX_POINT('',#4123);
#1871=VERTEX_POINT('',#4138);
#1872=VERTEX_POINT('',#4140);
#1873=VERTEX_POINT('',#4157);
#1874=VERTEX_POINT('',#4158);
#1875=VERTEX_POINT('',#4160);
#1876=VERTEX_POINT('',#4162);
#1877=VERTEX_POINT('',#4164);
#1878=VERTEX_POINT('',#4166);
#1879=VERTEX_POINT('',#4168);
#1880=VERTEX_POINT('',#4170);
#1881=VERTEX_POINT('',#4177);
#1882=VERTEX_POINT('',#4185);
#1883=VERTEX_POINT('',#4195);
#1884=VERTEX_POINT('',#4196);
#1885=VERTEX_POINT('',#4198);
#1886=VERTEX_POINT('',#4203);
#1887=VERTEX_POINT('',#4210);
#1888=VERTEX_POINT('',#4211);
#1889=VERTEX_POINT('',#4213);
#1890=VERTEX_POINT('',#4218);
#1891=VERTEX_POINT('',#4225);
#1892=VERTEX_POINT('',#4226);
#1893=VERTEX_POINT('',#4228);
#1894=VERTEX_POINT('',#4233);
#1895=VERTEX_POINT('',#4240);
#1896=VERTEX_POINT('',#4241);
#1897=VERTEX_POINT('',#4243);
#1898=VERTEX_POINT('',#4248);
#1899=VERTEX_POINT('',#4258);
#1900=VERTEX_POINT('',#4259);
#1901=VERTEX_POINT('',#4261);
#1902=VERTEX_POINT('',#4266);
#1903=VERTEX_POINT('',#4291);
#1904=VERTEX_POINT('',#4314);
#1905=VERTEX_POINT('',#4342);
#1906=VERTEX_POINT('',#4365);
#1907=VERTEX_POINT('',#4390);
#1908=VERTEX_POINT('',#4413);
#1909=VERTEX_POINT('',#4438);
#1910=VERTEX_POINT('',#4464);
#1911=VERTEX_POINT('',#4489);
#1912=VERTEX_POINT('',#4491);
#1913=VERTEX_POINT('',#4537);
#1914=VERTEX_POINT('',#4560);
#1915=VERTEX_POINT('',#4564);
#1916=VERTEX_POINT('',#4566);
#1917=VERTEX_POINT('',#4570);
#1918=VERTEX_POINT('',#4572);
#1919=VERTEX_POINT('',#4576);
#1920=VERTEX_POINT('',#4578);
#1921=VERTEX_POINT('',#4582);
#1922=VERTEX_POINT('',#4584);
#1923=VERTEX_POINT('',#4588);
#1924=VERTEX_POINT('',#4590);
#1925=VERTEX_POINT('',#4594);
#1926=VERTEX_POINT('',#4596);
#1927=VERTEX_POINT('',#4600);
#1928=VERTEX_POINT('',#4602);
#1929=VERTEX_POINT('',#4606);
#1930=VERTEX_POINT('',#4608);
#1931=VERTEX_POINT('',#4612);
#1932=VERTEX_POINT('',#4614);
#1933=VERTEX_POINT('',#4618);
#1934=VERTEX_POINT('',#4620);
#1935=VERTEX_POINT('',#4624);
#1936=VERTEX_POINT('',#4626);
#1937=VERTEX_POINT('',#4630);
#1938=VERTEX_POINT('',#4632);
#1939=VERTEX_POINT('',#4636);
#1940=VERTEX_POINT('',#4638);
#1941=VERTEX_POINT('',#4642);
#1942=VERTEX_POINT('',#4644);
#1943=VERTEX_POINT('',#4648);
#1944=VERTEX_POINT('',#4650);
#1945=VERTEX_POINT('',#4654);
#1946=VERTEX_POINT('',#4656);
#1947=VERTEX_POINT('',#4660);
#1948=VERTEX_POINT('',#4662);
#1949=VERTEX_POINT('',#4666);
#1950=VERTEX_POINT('',#4668);
#1951=VERTEX_POINT('',#4690);
#1952=VERTEX_POINT('',#4710);
#1953=VERTEX_POINT('',#4735);
#1954=VERTEX_POINT('',#4755);
#1955=VERTEX_POINT('',#4777);
#1956=VERTEX_POINT('',#4797);
#1957=VERTEX_POINT('',#4819);
#1958=VERTEX_POINT('',#4839);
#1959=VERTEX_POINT('',#4861);
#1960=VERTEX_POINT('',#4863);
#1961=VERTEX_POINT('',#4903);
#1962=VERTEX_POINT('',#4923);
#1963=VERTEX_POINT('',#4930);
#1964=VERTEX_POINT('',#4938);
#1965=VERTEX_POINT('',#4948);
#1966=VERTEX_POINT('',#4953);
#1967=VERTEX_POINT('',#4960);
#1968=VERTEX_POINT('',#4965);
#1969=VERTEX_POINT('',#4972);
#1970=VERTEX_POINT('',#4980);
#1971=VERTEX_POINT('',#4987);
#1972=VERTEX_POINT('',#4989);
#1973=VERTEX_POINT('',#5002);
#1974=VERTEX_POINT('',#5007);
#1975=VERTEX_POINT('',#5011);
#1976=VERTEX_POINT('',#5012);
#1977=VERTEX_POINT('',#5045);
#1978=VERTEX_POINT('',#5053);
#1979=VERTEX_POINT('',#5070);
#1980=VERTEX_POINT('',#5072);
#1981=VERTEX_POINT('',#5106);
#1982=VERTEX_POINT('',#5108);
#1983=VERTEX_POINT('',#5125);
#1984=VERTEX_POINT('',#5127);
#1985=VERTEX_POINT('',#5141);
#1986=VERTEX_POINT('',#5146);
#1987=VERTEX_POINT('',#5180);
#1988=VERTEX_POINT('',#5181);
#1989=VERTEX_POINT('',#5183);
#1990=VERTEX_POINT('',#5216);
#1991=VERTEX_POINT('',#5221);
#1992=VERTEX_POINT('',#5238);
#1993=VERTEX_POINT('',#5257);
#1994=VERTEX_POINT('',#5258);
#1995=VERTEX_POINT('',#5260);
#1996=VERTEX_POINT('',#5293);
#1997=VERTEX_POINT('',#5298);
#1998=VERTEX_POINT('',#5315);
#1999=VERTEX_POINT('',#5334);
#2000=VERTEX_POINT('',#5335);
#2001=VERTEX_POINT('',#5337);
#2002=VERTEX_POINT('',#5370);
#2003=VERTEX_POINT('',#5378);
#2004=VERTEX_POINT('',#5395);
#2005=VERTEX_POINT('',#5414);
#2006=VERTEX_POINT('',#5415);
#2007=VERTEX_POINT('',#5417);
#2008=VERTEX_POINT('',#5453);
#2009=VERTEX_POINT('',#5458);
#2010=VERTEX_POINT('',#5475);
#2011=VERTEX_POINT('',#5479);
#2012=VERTEX_POINT('',#5480);
#2013=VERTEX_POINT('',#5482);
#2014=VERTEX_POINT('',#5484);
#2015=VERTEX_POINT('',#5486);
#2016=VERTEX_POINT('',#5488);
#2017=VERTEX_POINT('',#5490);
#2018=VERTEX_POINT('',#5492);
#2019=VERTEX_POINT('',#5494);
#2020=VERTEX_POINT('',#5496);
#2021=VERTEX_POINT('',#5498);
#2022=VERTEX_POINT('',#5500);
#2023=VERTEX_POINT('',#5502);
#2024=VERTEX_POINT('',#5504);
#2025=VERTEX_POINT('',#5506);
#2026=VERTEX_POINT('',#5508);
#2027=VERTEX_POINT('',#5510);
#2028=VERTEX_POINT('',#5512);
#2029=VERTEX_POINT('',#5514);
#2030=VERTEX_POINT('',#5516);
#2031=VERTEX_POINT('',#5518);
#2032=VERTEX_POINT('',#5520);
#2033=VERTEX_POINT('',#5524);
#2034=VERTEX_POINT('',#5525);
#2035=VERTEX_POINT('',#5527);
#2036=VERTEX_POINT('',#5529);
#2037=VERTEX_POINT('',#5531);
#2038=VERTEX_POINT('',#5533);
#2039=VERTEX_POINT('',#5535);
#2040=VERTEX_POINT('',#5537);
#2041=VERTEX_POINT('',#5539);
#2042=VERTEX_POINT('',#5541);
#2043=VERTEX_POINT('',#5543);
#2044=VERTEX_POINT('',#5545);
#2045=VERTEX_POINT('',#5547);
#2046=VERTEX_POINT('',#5549);
#2047=VERTEX_POINT('',#5551);
#2048=VERTEX_POINT('',#5553);
#2049=VERTEX_POINT('',#5555);
#2050=VERTEX_POINT('',#5557);
#2051=VERTEX_POINT('',#5559);
#2052=VERTEX_POINT('',#5561);
#2053=VERTEX_POINT('',#5563);
#2054=VERTEX_POINT('',#5565);
#2055=VERTEX_POINT('',#5567);
#2056=VERTEX_POINT('',#5569);
#2057=VERTEX_POINT('',#5591);
#2058=VERTEX_POINT('',#5593);
#2059=VERTEX_POINT('',#5595);
#2060=VERTEX_POINT('',#5597);
#2061=VERTEX_POINT('',#5599);
#2062=VERTEX_POINT('',#5601);
#2063=VERTEX_POINT('',#5605);
#2064=VERTEX_POINT('',#5606);
#2065=VERTEX_POINT('',#5608);
#2066=VERTEX_POINT('',#5610);
#2067=VERTEX_POINT('',#5616);
#2068=VERTEX_POINT('',#5617);
#2069=VERTEX_POINT('',#5619);
#2070=VERTEX_POINT('',#5621);
#2071=VERTEX_POINT('',#5627);
#2072=VERTEX_POINT('',#5628);
#2073=VERTEX_POINT('',#5630);
#2074=VERTEX_POINT('',#5632);
#2075=VERTEX_POINT('',#5638);
#2076=VERTEX_POINT('',#5639);
#2077=VERTEX_POINT('',#5649);
#2078=VERTEX_POINT('',#5651);
#2079=VERTEX_POINT('',#5661);
#2080=VERTEX_POINT('',#5663);
#2081=VERTEX_POINT('',#5676);
#2082=VERTEX_POINT('',#5678);
#2083=VERTEX_POINT('',#5688);
#2084=VERTEX_POINT('',#5690);
#2085=VERTEX_POINT('',#5700);
#2086=VERTEX_POINT('',#5702);
#2087=VERTEX_POINT('',#5730);
#2088=VERTEX_POINT('',#5732);
#2089=VERTEX_POINT('',#5778);
#2090=VERTEX_POINT('',#5780);
#2091=VERTEX_POINT('',#5829);
#2092=VERTEX_POINT('',#5831);
#2093=VERTEX_POINT('',#5877);
#2094=VERTEX_POINT('',#5879);
#2095=VERTEX_POINT('',#5928);
#2096=VERTEX_POINT('',#5930);
#2097=VERTEX_POINT('',#5955);
#2098=VERTEX_POINT('',#5957);
#2099=VERTEX_POINT('',#5961);
#2100=VERTEX_POINT('',#5963);
#2101=VERTEX_POINT('',#5967);
#2102=VERTEX_POINT('',#5969);
#2103=VERTEX_POINT('',#5973);
#2104=VERTEX_POINT('',#5975);
#2105=VERTEX_POINT('',#5979);
#2106=VERTEX_POINT('',#5981);
#2107=VERTEX_POINT('',#5985);
#2108=VERTEX_POINT('',#5987);
#2109=VERTEX_POINT('',#5991);
#2110=VERTEX_POINT('',#5993);
#2111=VERTEX_POINT('',#5997);
#2112=VERTEX_POINT('',#5999);
#2113=VERTEX_POINT('',#6003);
#2114=VERTEX_POINT('',#6005);
#2115=VERTEX_POINT('',#6009);
#2116=VERTEX_POINT('',#6011);
#2117=VERTEX_POINT('',#6015);
#2118=VERTEX_POINT('',#6017);
#2119=VERTEX_POINT('',#6021);
#2120=VERTEX_POINT('',#6023);
#2121=VERTEX_POINT('',#6027);
#2122=VERTEX_POINT('',#6029);
#2123=VERTEX_POINT('',#6033);
#2124=VERTEX_POINT('',#6035);
#2125=VERTEX_POINT('',#6039);
#2126=VERTEX_POINT('',#6041);
#2127=VERTEX_POINT('',#6063);
#2128=VERTEX_POINT('',#6065);
#2129=VERTEX_POINT('',#6105);
#2130=VERTEX_POINT('',#6107);
#2131=VERTEX_POINT('',#6150);
#2132=VERTEX_POINT('',#6152);
#2133=VERTEX_POINT('',#6192);
#2134=VERTEX_POINT('',#6194);
#2135=VERTEX_POINT('',#6234);
#2136=VERTEX_POINT('',#6236);
#2137=VERTEX_POINT('',#6315);
#2138=VERTEX_POINT('',#6317);
#2139=VERTEX_POINT('',#6348);
#2140=VERTEX_POINT('',#6350);
#2141=VERTEX_POINT('',#6375);
#2142=VERTEX_POINT('',#6377);
#2143=VERTEX_POINT('',#6381);
#2144=VERTEX_POINT('',#6383);
#2145=VERTEX_POINT('',#6387);
#2146=VERTEX_POINT('',#6389);
#2147=VERTEX_POINT('',#6411);
#2148=VERTEX_POINT('',#6413);
#2149=EDGE_CURVE('',#1833,#1834,#2603,.T.);
#2150=EDGE_CURVE('',#1834,#1835,#2604,.T.);
#2151=EDGE_CURVE('',#1835,#1836,#2605,.T.);
#2152=EDGE_CURVE('',#1836,#1837,#2606,.T.);
#2153=EDGE_CURVE('',#1837,#1838,#2607,.T.);
#2154=EDGE_CURVE('',#1838,#1839,#2608,.T.);
#2155=EDGE_CURVE('',#1839,#1840,#2609,.T.);
#2156=EDGE_CURVE('',#1840,#1841,#2610,.T.);
#2157=EDGE_CURVE('',#1841,#1842,#2611,.T.);
#2158=EDGE_CURVE('',#1842,#1843,#2612,.T.);
#2159=EDGE_CURVE('',#1843,#1833,#2613,.T.);
#2160=EDGE_CURVE('',#1844,#1845,#2614,.T.);
#2161=EDGE_CURVE('',#1845,#1846,#2615,.T.);
#2162=EDGE_CURVE('',#1846,#1844,#2616,.T.);
#2163=EDGE_CURVE('',#1847,#1848,#2617,.T.);
#2164=EDGE_CURVE('',#1848,#1849,#2618,.T.);
#2165=EDGE_CURVE('',#1849,#1850,#2619,.T.);
#2166=EDGE_CURVE('',#1850,#1851,#2620,.T.);
#2167=EDGE_CURVE('',#1851,#1852,#405,.T.);
#2168=EDGE_CURVE('',#1852,#1853,#2621,.T.);
#2169=EDGE_CURVE('',#1853,#1847,#406,.T.);
#2170=EDGE_CURVE('',#1854,#1855,#2622,.T.);
#2171=EDGE_CURVE('',#1855,#1856,#2623,.T.);
#2172=EDGE_CURVE('',#1856,#1857,#2624,.T.);
#2173=EDGE_CURVE('',#1857,#1854,#2625,.T.);
#2174=EDGE_CURVE('',#1858,#1859,#407,.T.);
#2175=EDGE_CURVE('',#1859,#1860,#2626,.T.);
#2176=EDGE_CURVE('',#1860,#1861,#2627,.T.);
#2177=EDGE_CURVE('',#1861,#1862,#2628,.T.);
#2178=EDGE_CURVE('',#1862,#1863,#2629,.T.);
#2179=EDGE_CURVE('',#1863,#1864,#408,.T.);
#2180=EDGE_CURVE('',#1864,#1858,#2630,.T.);
#2181=EDGE_CURVE('',#1865,#1866,#2631,.T.);
#2182=EDGE_CURVE('',#1866,#1867,#409,.T.);
#2183=EDGE_CURVE('',#1867,#1868,#410,.T.);
#2184=EDGE_CURVE('',#1868,#1869,#2632,.T.);
#2185=EDGE_CURVE('',#1869,#1870,#411,.T.);
#2186=EDGE_CURVE('',#1870,#1871,#412,.T.);
#2187=EDGE_CURVE('',#1871,#1872,#2633,.T.);
#2188=EDGE_CURVE('',#1872,#1865,#413,.T.);
#2189=EDGE_CURVE('',#1873,#1874,#2634,.T.);
#2190=EDGE_CURVE('',#1875,#1873,#2635,.T.);
#2191=EDGE_CURVE('',#1875,#1876,#2636,.T.);
#2192=EDGE_CURVE('',#1877,#1876,#149,.T.);
#2193=EDGE_CURVE('',#1878,#1877,#2637,.T.);
#2194=EDGE_CURVE('',#1878,#1879,#150,.T.);
#2195=EDGE_CURVE('',#1879,#1880,#2638,.T.);
#2196=EDGE_CURVE('',#1874,#1880,#151,.T.);
#2197=EDGE_CURVE('',#1874,#1881,#414,.T.);
#2198=EDGE_CURVE('',#1880,#1882,#415,.T.);
#2199=EDGE_CURVE('',#1881,#1882,#152,.T.);
#2200=EDGE_CURVE('',#1883,#1884,#416,.T.);
#2201=EDGE_CURVE('',#1883,#1885,#153,.T.);
#2202=EDGE_CURVE('',#1885,#1886,#417,.T.);
#2203=EDGE_CURVE('',#1884,#1886,#154,.T.);
#2204=EDGE_CURVE('',#1887,#1888,#418,.T.);
#2205=EDGE_CURVE('',#1887,#1889,#155,.T.);
#2206=EDGE_CURVE('',#1889,#1890,#419,.T.);
#2207=EDGE_CURVE('',#1888,#1890,#156,.T.);
#2208=EDGE_CURVE('',#1891,#1892,#420,.T.);
#2209=EDGE_CURVE('',#1891,#1893,#157,.T.);
#2210=EDGE_CURVE('',#1893,#1894,#421,.T.);
#2211=EDGE_CURVE('',#1892,#1894,#158,.T.);
#2212=EDGE_CURVE('',#1895,#1896,#422,.T.);
#2213=EDGE_CURVE('',#1897,#1896,#159,.T.);
#2214=EDGE_CURVE('',#1898,#1897,#423,.T.);
#2215=EDGE_CURVE('',#1898,#1895,#160,.T.);
#2216=EDGE_CURVE('',#1899,#1900,#424,.T.);
#2217=EDGE_CURVE('',#1899,#1901,#161,.T.);
#2218=EDGE_CURVE('',#1901,#1902,#425,.T.);
#2219=EDGE_CURVE('',#1900,#1902,#162,.T.);
#2220=EDGE_CURVE('',#1881,#1903,#426,.T.);
#2221=EDGE_CURVE('',#1882,#1904,#427,.T.);
#2222=EDGE_CURVE('',#1903,#1904,#163,.T.);
#2223=EDGE_CURVE('',#1884,#1905,#428,.T.);
#2224=EDGE_CURVE('',#1886,#1906,#429,.T.);
#2225=EDGE_CURVE('',#1905,#1906,#164,.T.);
#2226=EDGE_CURVE('',#1888,#1907,#430,.T.);
#2227=EDGE_CURVE('',#1890,#1908,#431,.T.);
#2228=EDGE_CURVE('',#1907,#1908,#165,.T.);
#2229=EDGE_CURVE('',#1892,#1909,#432,.T.);
#2230=EDGE_CURVE('',#1894,#1910,#433,.T.);
#2231=EDGE_CURVE('',#1909,#1910,#166,.T.);
#2232=EDGE_CURVE('',#1896,#1911,#434,.T.);
#2233=EDGE_CURVE('',#1912,#1911,#167,.T.);
#2234=EDGE_CURVE('',#1897,#1912,#435,.T.);
#2235=EDGE_CURVE('',#1900,#1913,#436,.T.);
#2236=EDGE_CURVE('',#1902,#1914,#437,.T.);
#2237=EDGE_CURVE('',#1913,#1914,#168,.T.);
#2238=EDGE_CURVE('',#1903,#1915,#2639,.T.);
#2239=EDGE_CURVE('',#1916,#1904,#2640,.T.);
#2240=EDGE_CURVE('',#1915,#1916,#169,.T.);
#2241=EDGE_CURVE('',#1905,#1917,#2641,.T.);
#2242=EDGE_CURVE('',#1906,#1918,#2642,.T.);
#2243=EDGE_CURVE('',#1917,#1918,#170,.T.);
#2244=EDGE_CURVE('',#1907,#1919,#2643,.T.);
#2245=EDGE_CURVE('',#1908,#1920,#2644,.T.);
#2246=EDGE_CURVE('',#1919,#1920,#171,.T.);
#2247=EDGE_CURVE('',#1909,#1921,#2645,.T.);
#2248=EDGE_CURVE('',#1910,#1922,#2646,.T.);
#2249=EDGE_CURVE('',#1921,#1922,#172,.T.);
#2250=EDGE_CURVE('',#1911,#1923,#2647,.T.);
#2251=EDGE_CURVE('',#1924,#1923,#173,.T.);
#2252=EDGE_CURVE('',#1912,#1924,#2648,.T.);
#2253=EDGE_CURVE('',#1913,#1925,#2649,.T.);
#2254=EDGE_CURVE('',#1914,#1926,#2650,.T.);
#2255=EDGE_CURVE('',#1925,#1926,#174,.T.);
#2256=EDGE_CURVE('',#1915,#1927,#2651,.T.);
#2257=EDGE_CURVE('',#1928,#1916,#2652,.T.);
#2258=EDGE_CURVE('',#1927,#1928,#175,.T.);
#2259=EDGE_CURVE('',#1917,#1929,#2653,.T.);
#2260=EDGE_CURVE('',#1918,#1930,#2654,.T.);
#2261=EDGE_CURVE('',#1929,#1930,#176,.T.);
#2262=EDGE_CURVE('',#1919,#1931,#2655,.T.);
#2263=EDGE_CURVE('',#1920,#1932,#2656,.T.);
#2264=EDGE_CURVE('',#1931,#1932,#177,.T.);
#2265=EDGE_CURVE('',#1921,#1933,#2657,.T.);
#2266=EDGE_CURVE('',#1922,#1934,#2658,.T.);
#2267=EDGE_CURVE('',#1933,#1934,#178,.T.);
#2268=EDGE_CURVE('',#1923,#1935,#2659,.T.);
#2269=EDGE_CURVE('',#1936,#1935,#179,.T.);
#2270=EDGE_CURVE('',#1924,#1936,#2660,.T.);
#2271=EDGE_CURVE('',#1925,#1937,#2661,.T.);
#2272=EDGE_CURVE('',#1926,#1938,#2662,.T.);
#2273=EDGE_CURVE('',#1937,#1938,#180,.T.);
#2274=EDGE_CURVE('',#1927,#1939,#2663,.T.);
#2275=EDGE_CURVE('',#1940,#1928,#2664,.T.);
#2276=EDGE_CURVE('',#1939,#1940,#181,.T.);
#2277=EDGE_CURVE('',#1929,#1941,#2665,.T.);
#2278=EDGE_CURVE('',#1930,#1942,#2666,.T.);
#2279=EDGE_CURVE('',#1941,#1942,#182,.T.);
#2280=EDGE_CURVE('',#1931,#1943,#2667,.T.);
#2281=EDGE_CURVE('',#1932,#1944,#2668,.T.);
#2282=EDGE_CURVE('',#1943,#1944,#183,.T.);
#2283=EDGE_CURVE('',#1933,#1945,#2669,.T.);
#2284=EDGE_CURVE('',#1934,#1946,#2670,.T.);
#2285=EDGE_CURVE('',#1945,#1946,#184,.T.);
#2286=EDGE_CURVE('',#1935,#1947,#2671,.T.);
#2287=EDGE_CURVE('',#1948,#1947,#185,.T.);
#2288=EDGE_CURVE('',#1936,#1948,#2672,.T.);
#2289=EDGE_CURVE('',#1937,#1949,#2673,.T.);
#2290=EDGE_CURVE('',#1938,#1950,#2674,.T.);
#2291=EDGE_CURVE('',#1949,#1950,#186,.T.);
#2292=EDGE_CURVE('',#1939,#1951,#438,.T.);
#2293=EDGE_CURVE('',#1940,#1952,#439,.T.);
#2294=EDGE_CURVE('',#1951,#1952,#187,.T.);
#2295=EDGE_CURVE('',#1941,#1953,#440,.T.);
#2296=EDGE_CURVE('',#1942,#1954,#441,.T.);
#2297=EDGE_CURVE('',#1953,#1954,#188,.T.);
#2298=EDGE_CURVE('',#1943,#1955,#442,.T.);
#2299=EDGE_CURVE('',#1944,#1956,#443,.T.);
#2300=EDGE_CURVE('',#1955,#1956,#189,.T.);
#2301=EDGE_CURVE('',#1945,#1957,#444,.T.);
#2302=EDGE_CURVE('',#1946,#1958,#445,.T.);
#2303=EDGE_CURVE('',#1957,#1958,#190,.T.);
#2304=EDGE_CURVE('',#1947,#1959,#446,.T.);
#2305=EDGE_CURVE('',#1960,#1959,#191,.T.);
#2306=EDGE_CURVE('',#1948,#1960,#447,.T.);
#2307=EDGE_CURVE('',#1949,#1961,#448,.T.);
#2308=EDGE_CURVE('',#1950,#1962,#449,.T.);
#2309=EDGE_CURVE('',#1961,#1962,#192,.T.);
#2310=EDGE_CURVE('',#1951,#1963,#450,.T.);
#2311=EDGE_CURVE('',#1964,#1952,#451,.T.);
#2312=EDGE_CURVE('',#1964,#1963,#193,.T.);
#2313=EDGE_CURVE('',#1953,#1965,#452,.T.);
#2314=EDGE_CURVE('',#1954,#1966,#453,.T.);
#2315=EDGE_CURVE('',#1966,#1965,#194,.T.);
#2316=EDGE_CURVE('',#1955,#1967,#454,.T.);
#2317=EDGE_CURVE('',#1956,#1968,#455,.T.);
#2318=EDGE_CURVE('',#1968,#1967,#195,.T.);
#2319=EDGE_CURVE('',#1957,#1969,#456,.T.);
#2320=EDGE_CURVE('',#1958,#1970,#457,.T.);
#2321=EDGE_CURVE('',#1970,#1969,#196,.T.);
#2322=EDGE_CURVE('',#1959,#1971,#458,.T.);
#2323=EDGE_CURVE('',#1971,#1972,#197,.T.);
#2324=EDGE_CURVE('',#1960,#1972,#459,.T.);
#2325=EDGE_CURVE('',#1961,#1973,#460,.T.);
#2326=EDGE_CURVE('',#1962,#1974,#461,.T.);
#2327=EDGE_CURVE('',#1974,#1973,#198,.T.);
#2328=EDGE_CURVE('',#1975,#1976,#199,.T.);
#2329=EDGE_CURVE('',#1975,#1963,#462,.T.);
#2330=EDGE_CURVE('',#1977,#1964,#463,.T.);
#2331=EDGE_CURVE('',#1977,#1978,#464,.T.);
#2332=EDGE_CURVE('',#1978,#1979,#465,.T.);
#2333=EDGE_CURVE('',#1980,#1979,#200,.T.);
#2334=EDGE_CURVE('',#1976,#1980,#466,.T.);
#2335=EDGE_CURVE('',#1981,#1971,#467,.T.);
#2336=EDGE_CURVE('',#1982,#1981,#201,.T.);
#2337=EDGE_CURVE('',#1982,#1983,#468,.T.);
#2338=EDGE_CURVE('',#1984,#1983,#202,.T.);
#2339=EDGE_CURVE('',#1984,#1985,#469,.T.);
#2340=EDGE_CURVE('',#1985,#1986,#470,.T.);
#2341=EDGE_CURVE('',#1986,#1972,#471,.T.);
#2342=EDGE_CURVE('',#1987,#1988,#472,.T.);
#2343=EDGE_CURVE('',#1989,#1987,#203,.T.);
#2344=EDGE_CURVE('',#1989,#1965,#473,.T.);
#2345=EDGE_CURVE('',#1990,#1966,#474,.T.);
#2346=EDGE_CURVE('',#1990,#1991,#475,.T.);
#2347=EDGE_CURVE('',#1991,#1992,#476,.T.);
#2348=EDGE_CURVE('',#1988,#1992,#204,.T.);
#2349=EDGE_CURVE('',#1993,#1994,#477,.T.);
#2350=EDGE_CURVE('',#1995,#1993,#205,.T.);
#2351=EDGE_CURVE('',#1995,#1967,#478,.T.);
#2352=EDGE_CURVE('',#1996,#1968,#479,.T.);
#2353=EDGE_CURVE('',#1996,#1997,#480,.T.);
#2354=EDGE_CURVE('',#1997,#1998,#481,.T.);
#2355=EDGE_CURVE('',#1994,#1998,#206,.T.);
#2356=EDGE_CURVE('',#1999,#2000,#482,.T.);
#2357=EDGE_CURVE('',#2001,#1999,#207,.T.);
#2358=EDGE_CURVE('',#2001,#1969,#483,.T.);
#2359=EDGE_CURVE('',#2002,#1970,#484,.T.);
#2360=EDGE_CURVE('',#2002,#2003,#485,.T.);
#2361=EDGE_CURVE('',#2003,#2004,#486,.T.);
#2362=EDGE_CURVE('',#2000,#2004,#208,.T.);
#2363=EDGE_CURVE('',#2005,#2006,#487,.T.);
#2364=EDGE_CURVE('',#2007,#2005,#209,.T.);
#2365=EDGE_CURVE('',#2007,#1973,#488,.T.);
#2366=EDGE_CURVE('',#2008,#1974,#489,.T.);
#2367=EDGE_CURVE('',#2008,#2009,#490,.T.);
#2368=EDGE_CURVE('',#2009,#2010,#491,.T.);
#2369=EDGE_CURVE('',#2006,#2010,#210,.T.);
#2370=EDGE_CURVE('',#2011,#2012,#70,.T.);
#2371=EDGE_CURVE('',#2011,#2013,#2675,.T.);
#2372=EDGE_CURVE('',#2014,#2013,#211,.T.);
#2373=EDGE_CURVE('',#2015,#2014,#2676,.T.);
#2374=EDGE_CURVE('',#2016,#2015,#71,.T.);
#2375=EDGE_CURVE('',#2016,#2017,#2677,.T.);
#2376=EDGE_CURVE('',#2018,#2017,#212,.T.);
#2377=EDGE_CURVE('',#2019,#2018,#2678,.T.);
#2378=EDGE_CURVE('',#2020,#2019,#72,.T.);
#2379=EDGE_CURVE('',#2020,#2021,#2679,.T.);
#2380=EDGE_CURVE('',#2022,#2021,#213,.T.);
#2381=EDGE_CURVE('',#2023,#2022,#2680,.T.);
#2382=EDGE_CURVE('',#2024,#2023,#73,.T.);
#2383=EDGE_CURVE('',#2024,#2025,#2681,.T.);
#2384=EDGE_CURVE('',#2026,#2025,#214,.T.);
#2385=EDGE_CURVE('',#2027,#2026,#2682,.T.);
#2386=EDGE_CURVE('',#2028,#2027,#74,.T.);
#2387=EDGE_CURVE('',#2029,#2028,#2683,.T.);
#2388=EDGE_CURVE('',#2030,#2029,#215,.T.);
#2389=EDGE_CURVE('',#2031,#2030,#2684,.T.);
#2390=EDGE_CURVE('',#2032,#2031,#75,.T.);
#2391=EDGE_CURVE('',#2032,#1879,#2685,.T.);
#2392=EDGE_CURVE('',#2012,#1878,#2686,.T.);
#2393=EDGE_CURVE('',#2033,#2034,#216,.T.);
#2394=EDGE_CURVE('',#2033,#2035,#2687,.T.);
#2395=EDGE_CURVE('',#2036,#2035,#76,.T.);
#2396=EDGE_CURVE('',#2037,#2036,#2688,.T.);
#2397=EDGE_CURVE('',#2038,#2037,#217,.T.);
#2398=EDGE_CURVE('',#2038,#2039,#2689,.T.);
#2399=EDGE_CURVE('',#2040,#2039,#77,.T.);
#2400=EDGE_CURVE('',#2041,#2040,#2690,.T.);
#2401=EDGE_CURVE('',#2042,#2041,#218,.T.);
#2402=EDGE_CURVE('',#2042,#2043,#2691,.T.);
#2403=EDGE_CURVE('',#2044,#2043,#78,.T.);
#2404=EDGE_CURVE('',#2045,#2044,#2692,.T.);
#2405=EDGE_CURVE('',#2046,#2045,#219,.T.);
#2406=EDGE_CURVE('',#2046,#2047,#2693,.T.);
#2407=EDGE_CURVE('',#2048,#2047,#79,.T.);
#2408=EDGE_CURVE('',#2049,#2048,#2694,.T.);
#2409=EDGE_CURVE('',#2050,#2049,#220,.T.);
#2410=EDGE_CURVE('',#2050,#2051,#2695,.T.);
#2411=EDGE_CURVE('',#2052,#2051,#80,.T.);
#2412=EDGE_CURVE('',#2053,#2052,#2696,.T.);
#2413=EDGE_CURVE('',#2054,#2053,#221,.T.);
#2414=EDGE_CURVE('',#2054,#2055,#2697,.T.);
#2415=EDGE_CURVE('',#2056,#2055,#81,.T.);
#2416=EDGE_CURVE('',#2034,#2056,#2698,.T.);
#2417=EDGE_CURVE('',#1975,#2037,#2699,.T.);
#2418=EDGE_CURVE('',#1976,#2038,#2700,.T.);
#2419=EDGE_CURVE('',#1981,#2042,#2701,.T.);
#2420=EDGE_CURVE('',#1982,#2041,#2702,.T.);
#2421=EDGE_CURVE('',#1987,#2033,#2703,.T.);
#2422=EDGE_CURVE('',#1989,#2034,#2704,.T.);
#2423=EDGE_CURVE('',#1993,#2054,#2705,.T.);
#2424=EDGE_CURVE('',#1995,#2053,#2706,.T.);
#2425=EDGE_CURVE('',#1999,#2050,#2707,.T.);
#2426=EDGE_CURVE('',#2001,#2049,#2708,.T.);
#2427=EDGE_CURVE('',#2005,#2046,#2709,.T.);
#2428=EDGE_CURVE('',#2007,#2045,#2710,.T.);
#2429=EDGE_CURVE('',#2057,#2029,#2711,.T.);
#2430=EDGE_CURVE('',#2058,#2057,#222,.T.);
#2431=EDGE_CURVE('',#2059,#2058,#2712,.T.);
#2432=EDGE_CURVE('',#2060,#2059,#2713,.T.);
#2433=EDGE_CURVE('',#2060,#2061,#2714,.T.);
#2434=EDGE_CURVE('',#2062,#2061,#223,.T.);
#2435=EDGE_CURVE('',#2030,#2062,#2715,.T.);
#2436=EDGE_CURVE('',#2063,#2064,#2716,.T.);
#2437=EDGE_CURVE('',#2063,#2065,#2717,.T.);
#2438=EDGE_CURVE('',#2066,#2065,#224,.T.);
#2439=EDGE_CURVE('',#2014,#2066,#2718,.T.);
#2440=EDGE_CURVE('',#2013,#1885,#2719,.T.);
#2441=EDGE_CURVE('',#2064,#1883,#2720,.T.);
#2442=EDGE_CURVE('',#2067,#2068,#2721,.T.);
#2443=EDGE_CURVE('',#2067,#2069,#2722,.T.);
#2444=EDGE_CURVE('',#2070,#2069,#225,.T.);
#2445=EDGE_CURVE('',#2018,#2070,#2723,.T.);
#2446=EDGE_CURVE('',#2017,#1889,#2724,.T.);
#2447=EDGE_CURVE('',#2068,#1887,#2725,.T.);
#2448=EDGE_CURVE('',#2071,#2072,#2726,.T.);
#2449=EDGE_CURVE('',#2071,#2073,#2727,.T.);
#2450=EDGE_CURVE('',#2074,#2073,#226,.T.);
#2451=EDGE_CURVE('',#2022,#2074,#2728,.T.);
#2452=EDGE_CURVE('',#2021,#1893,#2729,.T.);
#2453=EDGE_CURVE('',#2072,#1891,#2730,.T.);
#2454=EDGE_CURVE('',#2075,#2076,#2731,.T.);
#2455=EDGE_CURVE('',#2075,#1895,#2732,.T.);
#2456=EDGE_CURVE('',#2026,#1898,#2733,.T.);
#2457=EDGE_CURVE('',#2025,#1901,#2734,.T.);
#2458=EDGE_CURVE('',#2076,#1899,#2735,.T.);
#2459=EDGE_CURVE('',#1876,#2077,#492,.T.);
#2460=EDGE_CURVE('',#2078,#2077,#227,.T.);
#2461=EDGE_CURVE('',#1877,#2078,#493,.T.);
#2462=EDGE_CURVE('',#2079,#2057,#494,.T.);
#2463=EDGE_CURVE('',#2080,#2079,#228,.T.);
#2464=EDGE_CURVE('',#2058,#2080,#495,.T.);
#2465=EDGE_CURVE('',#2065,#2081,#496,.T.);
#2466=EDGE_CURVE('',#2082,#2081,#229,.T.);
#2467=EDGE_CURVE('',#2066,#2082,#497,.T.);
#2468=EDGE_CURVE('',#2069,#2083,#498,.T.);
#2469=EDGE_CURVE('',#2084,#2083,#230,.T.);
#2470=EDGE_CURVE('',#2070,#2084,#499,.T.);
#2471=EDGE_CURVE('',#2073,#2085,#500,.T.);
#2472=EDGE_CURVE('',#2086,#2085,#231,.T.);
#2473=EDGE_CURVE('',#2074,#2086,#501,.T.);
#2474=EDGE_CURVE('',#2077,#2087,#502,.T.);
#2475=EDGE_CURVE('',#2088,#2087,#232,.T.);
#2476=EDGE_CURVE('',#2078,#2088,#503,.T.);
#2477=EDGE_CURVE('',#2089,#2079,#504,.T.);
#2478=EDGE_CURVE('',#2090,#2089,#233,.T.);
#2479=EDGE_CURVE('',#2080,#2090,#505,.T.);
#2480=EDGE_CURVE('',#2081,#2091,#506,.T.);
#2481=EDGE_CURVE('',#2092,#2091,#234,.T.);
#2482=EDGE_CURVE('',#2082,#2092,#507,.T.);
#2483=EDGE_CURVE('',#2083,#2093,#508,.T.);
#2484=EDGE_CURVE('',#2094,#2093,#235,.T.);
#2485=EDGE_CURVE('',#2084,#2094,#509,.T.);
#2486=EDGE_CURVE('',#2085,#2095,#510,.T.);
#2487=EDGE_CURVE('',#2096,#2095,#236,.T.);
#2488=EDGE_CURVE('',#2086,#2096,#511,.T.);
#2489=EDGE_CURVE('',#2087,#2097,#2736,.T.);
#2490=EDGE_CURVE('',#2098,#2097,#237,.T.);
#2491=EDGE_CURVE('',#2088,#2098,#2737,.T.);
#2492=EDGE_CURVE('',#2099,#2089,#2738,.T.);
#2493=EDGE_CURVE('',#2100,#2099,#238,.T.);
#2494=EDGE_CURVE('',#2090,#2100,#2739,.T.);
#2495=EDGE_CURVE('',#2091,#2101,#2740,.T.);
#2496=EDGE_CURVE('',#2102,#2101,#239,.T.);
#2497=EDGE_CURVE('',#2092,#2102,#2741,.T.);
#2498=EDGE_CURVE('',#2093,#2103,#2742,.T.);
#2499=EDGE_CURVE('',#2104,#2103,#240,.T.);
#2500=EDGE_CURVE('',#2094,#2104,#2743,.T.);
#2501=EDGE_CURVE('',#2095,#2105,#2744,.T.);
#2502=EDGE_CURVE('',#2106,#2105,#241,.T.);
#2503=EDGE_CURVE('',#2096,#2106,#2745,.T.);
#2504=EDGE_CURVE('',#2097,#2107,#2746,.T.);
#2505=EDGE_CURVE('',#2108,#2107,#242,.T.);
#2506=EDGE_CURVE('',#2098,#2108,#2747,.T.);
#2507=EDGE_CURVE('',#2109,#2099,#2748,.T.);
#2508=EDGE_CURVE('',#2110,#2109,#243,.T.);
#2509=EDGE_CURVE('',#2100,#2110,#2749,.T.);
#2510=EDGE_CURVE('',#2101,#2111,#2750,.T.);
#2511=EDGE_CURVE('',#2112,#2111,#244,.T.);
#2512=EDGE_CURVE('',#2102,#2112,#2751,.T.);
#2513=EDGE_CURVE('',#2103,#2113,#2752,.T.);
#2514=EDGE_CURVE('',#2114,#2113,#245,.T.);
#2515=EDGE_CURVE('',#2104,#2114,#2753,.T.);
#2516=EDGE_CURVE('',#2105,#2115,#2754,.T.);
#2517=EDGE_CURVE('',#2116,#2115,#246,.T.);
#2518=EDGE_CURVE('',#2106,#2116,#2755,.T.);
#2519=EDGE_CURVE('',#2107,#2117,#2756,.T.);
#2520=EDGE_CURVE('',#2118,#2117,#247,.T.);
#2521=EDGE_CURVE('',#2108,#2118,#2757,.T.);
#2522=EDGE_CURVE('',#2119,#2109,#2758,.T.);
#2523=EDGE_CURVE('',#2120,#2119,#248,.T.);
#2524=EDGE_CURVE('',#2110,#2120,#2759,.T.);
#2525=EDGE_CURVE('',#2111,#2121,#2760,.T.);
#2526=EDGE_CURVE('',#2122,#2121,#249,.T.);
#2527=EDGE_CURVE('',#2112,#2122,#2761,.T.);
#2528=EDGE_CURVE('',#2113,#2123,#2762,.T.);
#2529=EDGE_CURVE('',#2124,#2123,#250,.T.);
#2530=EDGE_CURVE('',#2114,#2124,#2763,.T.);
#2531=EDGE_CURVE('',#2115,#2125,#2764,.T.);
#2532=EDGE_CURVE('',#2126,#2125,#251,.T.);
#2533=EDGE_CURVE('',#2116,#2126,#2765,.T.);
#2534=EDGE_CURVE('',#2117,#2127,#512,.T.);
#2535=EDGE_CURVE('',#2128,#2127,#252,.T.);
#2536=EDGE_CURVE('',#2118,#2128,#513,.T.);
#2537=EDGE_CURVE('',#2129,#2119,#514,.T.);
#2538=EDGE_CURVE('',#2130,#2129,#253,.T.);
#2539=EDGE_CURVE('',#2120,#2130,#515,.T.);
#2540=EDGE_CURVE('',#2121,#2131,#516,.T.);
#2541=EDGE_CURVE('',#2132,#2131,#254,.T.);
#2542=EDGE_CURVE('',#2122,#2132,#517,.T.);
#2543=EDGE_CURVE('',#2123,#2133,#518,.T.);
#2544=EDGE_CURVE('',#2134,#2133,#255,.T.);
#2545=EDGE_CURVE('',#2124,#2134,#519,.T.);
#2546=EDGE_CURVE('',#2125,#2135,#520,.T.);
#2547=EDGE_CURVE('',#2136,#2135,#256,.T.);
#2548=EDGE_CURVE('',#2126,#2136,#521,.T.);
#2549=EDGE_CURVE('',#2127,#1988,#522,.T.);
#2550=EDGE_CURVE('',#2128,#1992,#523,.T.);
#2551=EDGE_CURVE('',#1984,#2129,#524,.T.);
#2552=EDGE_CURVE('',#2130,#1983,#525,.T.);
#2553=EDGE_CURVE('',#2131,#1994,#526,.T.);
#2554=EDGE_CURVE('',#2132,#1998,#527,.T.);
#2555=EDGE_CURVE('',#2133,#2000,#528,.T.);
#2556=EDGE_CURVE('',#2134,#2004,#529,.T.);
#2557=EDGE_CURVE('',#2135,#2006,#530,.T.);
#2558=EDGE_CURVE('',#2136,#2010,#531,.T.);
#2559=EDGE_CURVE('',#2061,#2137,#532,.T.);
#2560=EDGE_CURVE('',#2138,#2137,#257,.T.);
#2561=EDGE_CURVE('',#2062,#2138,#533,.T.);
#2562=EDGE_CURVE('',#2137,#2139,#534,.T.);
#2563=EDGE_CURVE('',#2140,#2139,#258,.T.);
#2564=EDGE_CURVE('',#2138,#2140,#535,.T.);
#2565=EDGE_CURVE('',#2139,#2141,#2766,.T.);
#2566=EDGE_CURVE('',#2142,#2141,#259,.T.);
#2567=EDGE_CURVE('',#2142,#2140,#2767,.T.);
#2568=EDGE_CURVE('',#2141,#2143,#2768,.T.);
#2569=EDGE_CURVE('',#2144,#2143,#260,.T.);
#2570=EDGE_CURVE('',#2144,#2142,#2769,.T.);
#2571=EDGE_CURVE('',#2143,#2145,#2770,.T.);
#2572=EDGE_CURVE('',#2146,#2145,#261,.T.);
#2573=EDGE_CURVE('',#2146,#2144,#2771,.T.);
#2574=EDGE_CURVE('',#2145,#2147,#536,.T.);
#2575=EDGE_CURVE('',#2148,#2147,#262,.T.);
#2576=EDGE_CURVE('',#2146,#2148,#537,.T.);
#2577=EDGE_CURVE('',#2147,#1980,#538,.T.);
#2578=EDGE_CURVE('',#1979,#2148,#539,.T.);
#2579=EDGE_CURVE('',#2032,#1977,#2772,.T.);
#2580=EDGE_CURVE('',#2031,#1978,#2773,.T.);
#2581=EDGE_CURVE('',#2060,#2039,#2774,.T.);
#2582=EDGE_CURVE('',#2059,#2040,#2775,.T.);
#2583=EDGE_CURVE('',#1986,#2027,#2776,.T.);
#2584=EDGE_CURVE('',#1985,#2028,#2777,.T.);
#2585=EDGE_CURVE('',#2009,#2023,#2778,.T.);
#2586=EDGE_CURVE('',#2008,#2024,#2779,.T.);
#2587=EDGE_CURVE('',#2003,#2019,#2780,.T.);
#2588=EDGE_CURVE('',#2002,#2020,#2781,.T.);
#2589=EDGE_CURVE('',#1997,#2015,#2782,.T.);
#2590=EDGE_CURVE('',#1996,#2016,#2783,.T.);
#2591=EDGE_CURVE('',#1990,#2011,#2784,.T.);
#2592=EDGE_CURVE('',#1991,#2012,#2785,.T.);
#2593=EDGE_CURVE('',#2043,#2075,#2786,.T.);
#2594=EDGE_CURVE('',#2044,#2076,#2787,.T.);
#2595=EDGE_CURVE('',#2047,#2071,#2788,.T.);
#2596=EDGE_CURVE('',#2048,#2072,#2789,.T.);
#2597=EDGE_CURVE('',#2051,#2067,#2790,.T.);
#2598=EDGE_CURVE('',#2052,#2068,#2791,.T.);
#2599=EDGE_CURVE('',#2055,#2063,#2792,.T.);
#2600=EDGE_CURVE('',#2056,#2064,#2793,.T.);
#2601=EDGE_CURVE('',#2035,#1875,#2794,.T.);
#2602=EDGE_CURVE('',#2036,#1873,#2795,.T.);
#2603=LINE('',#3999,#2796);
#2604=LINE('',#4002,#2797);
#2605=LINE('',#4004,#2798);
#2606=LINE('',#4006,#2799);
#2607=LINE('',#4008,#2800);
#2608=LINE('',#4010,#2801);
#2609=LINE('',#4012,#2802);
#2610=LINE('',#4014,#2803);
#2611=LINE('',#4016,#2804);
#2612=LINE('',#4018,#2805);
#2613=LINE('',#4020,#2806);
#2614=LINE('',#4021,#2807);
#2615=LINE('',#4024,#2808);
#2616=LINE('',#4026,#2809);
#2617=LINE('',#4028,#2810);
#2618=LINE('',#4031,#2811);
#2619=LINE('',#4033,#2812);
#2620=LINE('',#4035,#2813);
#2621=LINE('',#4044,#2814);
#2622=LINE('',#4051,#2815);
#2623=LINE('',#4054,#2816);
#2624=LINE('',#4056,#2817);
#2625=LINE('',#4058,#2818);
#2626=LINE('',#4067,#2819);
#2627=LINE('',#4069,#2820);
#2628=LINE('',#4071,#2821);
#2629=LINE('',#4073,#2822);
#2630=LINE('',#4082,#2823);
#2631=LINE('',#4084,#2824);
#2632=LINE('',#4107,#2825);
#2633=LINE('',#4139,#2826);
#2634=LINE('',#4156,#2827);
#2635=LINE('',#4159,#2828);
#2636=LINE('',#4161,#2829);
#2637=LINE('',#4165,#2830);
#2638=LINE('',#4169,#2831);
#2639=LINE('',#4563,#2832);
#2640=LINE('',#4565,#2833);
#2641=LINE('',#4569,#2834);
#2642=LINE('',#4571,#2835);
#2643=LINE('',#4575,#2836);
#2644=LINE('',#4577,#2837);
#2645=LINE('',#4581,#2838);
#2646=LINE('',#4583,#2839);
#2647=LINE('',#4587,#2840);
#2648=LINE('',#4591,#2841);
#2649=LINE('',#4593,#2842);
#2650=LINE('',#4595,#2843);
#2651=LINE('',#4599,#2844);
#2652=LINE('',#4601,#2845);
#2653=LINE('',#4605,#2846);
#2654=LINE('',#4607,#2847);
#2655=LINE('',#4611,#2848);
#2656=LINE('',#4613,#2849);
#2657=LINE('',#4617,#2850);
#2658=LINE('',#4619,#2851);
#2659=LINE('',#4623,#2852);
#2660=LINE('',#4627,#2853);
#2661=LINE('',#4629,#2854);
#2662=LINE('',#4631,#2855);
#2663=LINE('',#4635,#2856);
#2664=LINE('',#4637,#2857);
#2665=LINE('',#4641,#2858);
#2666=LINE('',#4643,#2859);
#2667=LINE('',#4647,#2860);
#2668=LINE('',#4649,#2861);
#2669=LINE('',#4653,#2862);
#2670=LINE('',#4655,#2863);
#2671=LINE('',#4659,#2864);
#2672=LINE('',#4663,#2865);
#2673=LINE('',#4665,#2866);
#2674=LINE('',#4667,#2867);
#2675=LINE('',#5481,#2868);
#2676=LINE('',#5485,#2869);
#2677=LINE('',#5489,#2870);
#2678=LINE('',#5493,#2871);
#2679=LINE('',#5497,#2872);
#2680=LINE('',#5501,#2873);
#2681=LINE('',#5505,#2874);
#2682=LINE('',#5509,#2875);
#2683=LINE('',#5513,#2876);
#2684=LINE('',#5517,#2877);
#2685=LINE('',#5521,#2878);
#2686=LINE('',#5522,#2879);
#2687=LINE('',#5526,#2880);
#2688=LINE('',#5530,#2881);
#2689=LINE('',#5534,#2882);
#2690=LINE('',#5538,#2883);
#2691=LINE('',#5542,#2884);
#2692=LINE('',#5546,#2885);
#2693=LINE('',#5550,#2886);
#2694=LINE('',#5554,#2887);
#2695=LINE('',#5558,#2888);
#2696=LINE('',#5562,#2889);
#2697=LINE('',#5566,#2890);
#2698=LINE('',#5570,#2891);
#2699=LINE('',#5572,#2892);
#2700=LINE('',#5573,#2893);
#2701=LINE('',#5575,#2894);
#2702=LINE('',#5576,#2895);
#2703=LINE('',#5578,#2896);
#2704=LINE('',#5579,#2897);
#2705=LINE('',#5581,#2898);
#2706=LINE('',#5582,#2899);
#2707=LINE('',#5584,#2900);
#2708=LINE('',#5585,#2901);
#2709=LINE('',#5587,#2902);
#2710=LINE('',#5588,#2903);
#2711=LINE('',#5590,#2904);
#2712=LINE('',#5594,#2905);
#2713=LINE('',#5596,#2906);
#2714=LINE('',#5598,#2907);
#2715=LINE('',#5602,#2908);
#2716=LINE('',#5604,#2909);
#2717=LINE('',#5607,#2910);
#2718=LINE('',#5611,#2911);
#2719=LINE('',#5612,#2912);
#2720=LINE('',#5613,#2913);
#2721=LINE('',#5615,#2914);
#2722=LINE('',#5618,#2915);
#2723=LINE('',#5622,#2916);
#2724=LINE('',#5623,#2917);
#2725=LINE('',#5624,#2918);
#2726=LINE('',#5626,#2919);
#2727=LINE('',#5629,#2920);
#2728=LINE('',#5633,#2921);
#2729=LINE('',#5634,#2922);
#2730=LINE('',#5635,#2923);
#2731=LINE('',#5637,#2924);
#2732=LINE('',#5640,#2925);
#2733=LINE('',#5641,#2926);
#2734=LINE('',#5642,#2927);
#2735=LINE('',#5643,#2928);
#2736=LINE('',#5954,#2929);
#2737=LINE('',#5958,#2930);
#2738=LINE('',#5960,#2931);
#2739=LINE('',#5964,#2932);
#2740=LINE('',#5966,#2933);
#2741=LINE('',#5970,#2934);
#2742=LINE('',#5972,#2935);
#2743=LINE('',#5976,#2936);
#2744=LINE('',#5978,#2937);
#2745=LINE('',#5982,#2938);
#2746=LINE('',#5984,#2939);
#2747=LINE('',#5988,#2940);
#2748=LINE('',#5990,#2941);
#2749=LINE('',#5994,#2942);
#2750=LINE('',#5996,#2943);
#2751=LINE('',#6000,#2944);
#2752=LINE('',#6002,#2945);
#2753=LINE('',#6006,#2946);
#2754=LINE('',#6008,#2947);
#2755=LINE('',#6012,#2948);
#2756=LINE('',#6014,#2949);
#2757=LINE('',#6018,#2950);
#2758=LINE('',#6020,#2951);
#2759=LINE('',#6024,#2952);
#2760=LINE('',#6026,#2953);
#2761=LINE('',#6030,#2954);
#2762=LINE('',#6032,#2955);
#2763=LINE('',#6036,#2956);
#2764=LINE('',#6038,#2957);
#2765=LINE('',#6042,#2958);
#2766=LINE('',#6374,#2959);
#2767=LINE('',#6378,#2960);
#2768=LINE('',#6380,#2961);
#2769=LINE('',#6384,#2962);
#2770=LINE('',#6386,#2963);
#2771=LINE('',#6390,#2964);
#2772=LINE('',#6446,#2965);
#2773=LINE('',#6447,#2966);
#2774=LINE('',#6451,#2967);
#2775=LINE('',#6452,#2968);
#2776=LINE('',#6456,#2969);
#2777=LINE('',#6458,#2970);
#2778=LINE('',#6461,#2971);
#2779=LINE('',#6463,#2972);
#2780=LINE('',#6466,#2973);
#2781=LINE('',#6468,#2974);
#2782=LINE('',#6471,#2975);
#2783=LINE('',#6473,#2976);
#2784=LINE('',#6476,#2977);
#2785=LINE('',#6477,#2978);
#2786=LINE('',#6481,#2979);
#2787=LINE('',#6483,#2980);
#2788=LINE('',#6486,#2981);
#2789=LINE('',#6488,#2982);
#2790=LINE('',#6491,#2983);
#2791=LINE('',#6493,#2984);
#2792=LINE('',#6496,#2985);
#2793=LINE('',#6498,#2986);
#2794=LINE('',#6501,#2987);
#2795=LINE('',#6502,#2988);
#2796=VECTOR('',#3263,1.);
#2797=VECTOR('',#3264,1.);
#2798=VECTOR('',#3265,1.);
#2799=VECTOR('',#3266,1.);
#2800=VECTOR('',#3267,1.);
#2801=VECTOR('',#3268,1.);
#2802=VECTOR('',#3269,1.);
#2803=VECTOR('',#3270,1.);
#2804=VECTOR('',#3271,1.);
#2805=VECTOR('',#3272,1.);
#2806=VECTOR('',#3273,1.);
#2807=VECTOR('',#3274,1.);
#2808=VECTOR('',#3275,1.);
#2809=VECTOR('',#3276,1.);
#2810=VECTOR('',#3279,1.);
#2811=VECTOR('',#3280,1.);
#2812=VECTOR('',#3281,1.);
#2813=VECTOR('',#3282,1.);
#2814=VECTOR('',#3283,1.);
#2815=VECTOR('',#3286,1.);
#2816=VECTOR('',#3287,1.);
#2817=VECTOR('',#3288,1.);
#2818=VECTOR('',#3289,1.);
#2819=VECTOR('',#3294,1.);
#2820=VECTOR('',#3295,1.);
#2821=VECTOR('',#3296,1.);
#2822=VECTOR('',#3297,1.);
#2823=VECTOR('',#3298,1.);
#2824=VECTOR('',#3301,1.);
#2825=VECTOR('',#3302,1.);
#2826=VECTOR('',#3303,1.);
#2827=VECTOR('',#3306,1.);
#2828=VECTOR('',#3307,1.);
#2829=VECTOR('',#3308,1.);
#2830=VECTOR('',#3311,1.);
#2831=VECTOR('',#3314,1.);
#2832=VECTOR('',#3377,1.);
#2833=VECTOR('',#3378,1.);
#2834=VECTOR('',#3383,1.);
#2835=VECTOR('',#3384,1.);
#2836=VECTOR('',#3389,1.);
#2837=VECTOR('',#3390,1.);
#2838=VECTOR('',#3395,1.);
#2839=VECTOR('',#3396,1.);
#2840=VECTOR('',#3401,1.);
#2841=VECTOR('',#3404,1.);
#2842=VECTOR('',#3407,1.);
#2843=VECTOR('',#3408,1.);
#2844=VECTOR('',#3413,1.);
#2845=VECTOR('',#3414,1.);
#2846=VECTOR('',#3419,1.);
#2847=VECTOR('',#3420,1.);
#2848=VECTOR('',#3425,1.);
#2849=VECTOR('',#3426,1.);
#2850=VECTOR('',#3431,1.);
#2851=VECTOR('',#3432,1.);
#2852=VECTOR('',#3437,1.);
#2853=VECTOR('',#3440,1.);
#2854=VECTOR('',#3443,1.);
#2855=VECTOR('',#3444,1.);
#2856=VECTOR('',#3449,1.);
#2857=VECTOR('',#3450,1.);
#2858=VECTOR('',#3455,1.);
#2859=VECTOR('',#3456,1.);
#2860=VECTOR('',#3461,1.);
#2861=VECTOR('',#3462,1.);
#2862=VECTOR('',#3467,1.);
#2863=VECTOR('',#3468,1.);
#2864=VECTOR('',#3473,1.);
#2865=VECTOR('',#3476,1.);
#2866=VECTOR('',#3479,1.);
#2867=VECTOR('',#3480,1.);
#2868=VECTOR('',#3571,1.);
#2869=VECTOR('',#3574,1.);
#2870=VECTOR('',#3577,1.);
#2871=VECTOR('',#3580,1.);
#2872=VECTOR('',#3583,1.);
#2873=VECTOR('',#3586,1.);
#2874=VECTOR('',#3589,1.);
#2875=VECTOR('',#3592,1.);
#2876=VECTOR('',#3595,1.);
#2877=VECTOR('',#3598,1.);
#2878=VECTOR('',#3601,1.);
#2879=VECTOR('',#3602,1.);
#2880=VECTOR('',#3605,1.);
#2881=VECTOR('',#3608,1.);
#2882=VECTOR('',#3611,1.);
#2883=VECTOR('',#3614,1.);
#2884=VECTOR('',#3617,1.);
#2885=VECTOR('',#3620,1.);
#2886=VECTOR('',#3623,1.);
#2887=VECTOR('',#3626,1.);
#2888=VECTOR('',#3629,1.);
#2889=VECTOR('',#3632,1.);
#2890=VECTOR('',#3635,1.);
#2891=VECTOR('',#3638,1.);
#2892=VECTOR('',#3641,1.);
#2893=VECTOR('',#3642,1.);
#2894=VECTOR('',#3645,1.);
#2895=VECTOR('',#3646,1.);
#2896=VECTOR('',#3649,1.);
#2897=VECTOR('',#3650,1.);
#2898=VECTOR('',#3653,1.);
#2899=VECTOR('',#3654,1.);
#2900=VECTOR('',#3657,1.);
#2901=VECTOR('',#3658,1.);
#2902=VECTOR('',#3661,1.);
#2903=VECTOR('',#3662,1.);
#2904=VECTOR('',#3665,1.);
#2905=VECTOR('',#3668,1.);
#2906=VECTOR('',#3669,1.);
#2907=VECTOR('',#3670,1.);
#2908=VECTOR('',#3673,1.);
#2909=VECTOR('',#3676,1.);
#2910=VECTOR('',#3677,1.);
#2911=VECTOR('',#3680,1.);
#2912=VECTOR('',#3681,1.);
#2913=VECTOR('',#3682,1.);
#2914=VECTOR('',#3685,1.);
#2915=VECTOR('',#3686,1.);
#2916=VECTOR('',#3689,1.);
#2917=VECTOR('',#3690,1.);
#2918=VECTOR('',#3691,1.);
#2919=VECTOR('',#3694,1.);
#2920=VECTOR('',#3695,1.);
#2921=VECTOR('',#3698,1.);
#2922=VECTOR('',#3699,1.);
#2923=VECTOR('',#3700,1.);
#2924=VECTOR('',#3703,1.);
#2925=VECTOR('',#3704,1.);
#2926=VECTOR('',#3705,1.);
#2927=VECTOR('',#3706,1.);
#2928=VECTOR('',#3707,1.);
#2929=VECTOR('',#3750,1.);
#2930=VECTOR('',#3753,1.);
#2931=VECTOR('',#3756,1.);
#2932=VECTOR('',#3759,1.);
#2933=VECTOR('',#3762,1.);
#2934=VECTOR('',#3765,1.);
#2935=VECTOR('',#3768,1.);
#2936=VECTOR('',#3771,1.);
#2937=VECTOR('',#3774,1.);
#2938=VECTOR('',#3777,1.);
#2939=VECTOR('',#3780,1.);
#2940=VECTOR('',#3783,1.);
#2941=VECTOR('',#3786,1.);
#2942=VECTOR('',#3789,1.);
#2943=VECTOR('',#3792,1.);
#2944=VECTOR('',#3795,1.);
#2945=VECTOR('',#3798,1.);
#2946=VECTOR('',#3801,1.);
#2947=VECTOR('',#3804,1.);
#2948=VECTOR('',#3807,1.);
#2949=VECTOR('',#3810,1.);
#2950=VECTOR('',#3813,1.);
#2951=VECTOR('',#3816,1.);
#2952=VECTOR('',#3819,1.);
#2953=VECTOR('',#3822,1.);
#2954=VECTOR('',#3825,1.);
#2955=VECTOR('',#3828,1.);
#2956=VECTOR('',#3831,1.);
#2957=VECTOR('',#3834,1.);
#2958=VECTOR('',#3837,1.);
#2959=VECTOR('',#3878,1.);
#2960=VECTOR('',#3881,1.);
#2961=VECTOR('',#3884,1.);
#2962=VECTOR('',#3887,1.);
#2963=VECTOR('',#3890,1.);
#2964=VECTOR('',#3893,1.);
#2965=VECTOR('',#3902,1.);
#2966=VECTOR('',#3903,1.);
#2967=VECTOR('',#3910,1.);
#2968=VECTOR('',#3911,1.);
#2969=VECTOR('',#3918,1.);
#2970=VECTOR('',#3921,1.);
#2971=VECTOR('',#3926,1.);
#2972=VECTOR('',#3929,1.);
#2973=VECTOR('',#3934,1.);
#2974=VECTOR('',#3937,1.);
#2975=VECTOR('',#3942,1.);
#2976=VECTOR('',#3945,1.);
#2977=VECTOR('',#3950,1.);
#2978=VECTOR('',#3951,1.);
#2979=VECTOR('',#3958,1.);
#2980=VECTOR('',#3961,1.);
#2981=VECTOR('',#3966,1.);
#2982=VECTOR('',#3969,1.);
#2983=VECTOR('',#3974,1.);
#2984=VECTOR('',#3977,1.);
#2985=VECTOR('',#3982,1.);
#2986=VECTOR('',#3985,1.);
#2987=VECTOR('',#3990,1.);
#2988=VECTOR('',#3991,1.);
#2989=AXIS2_PLACEMENT_3D('',#3998,#3261,#3262);
#2990=AXIS2_PLACEMENT_3D('',#4027,#3277,#3278);
#2991=AXIS2_PLACEMENT_3D('',#4050,#3284,#3285);
#2992=AXIS2_PLACEMENT_3D('',#4059,#3290,#3291);
#2993=AXIS2_PLACEMENT_3D('',#4060,#3292,#3293);
#2994=AXIS2_PLACEMENT_3D('',#4083,#3299,#3300);
#2995=AXIS2_PLACEMENT_3D('',#4155,#3304,#3305);
#2996=AXIS2_PLACEMENT_3D('',#4163,#3309,#3310);
#2997=AXIS2_PLACEMENT_3D('',#4167,#3312,#3313);
#2998=AXIS2_PLACEMENT_3D('',#4171,#3315,#3316);
#2999=AXIS2_PLACEMENT_3D('',#4172,#3317,#3318);
#3000=AXIS2_PLACEMENT_3D('',#4186,#3319,#3320);
#3001=AXIS2_PLACEMENT_3D('',#4187,#3321,#3322);
#3002=AXIS2_PLACEMENT_3D('',#4197,#3323,#3324);
#3003=AXIS2_PLACEMENT_3D('',#4204,#3325,#3326);
#3004=AXIS2_PLACEMENT_3D('',#4205,#3327,#3328);
#3005=AXIS2_PLACEMENT_3D('',#4212,#3329,#3330);
#3006=AXIS2_PLACEMENT_3D('',#4219,#3331,#3332);
#3007=AXIS2_PLACEMENT_3D('',#4220,#3333,#3334);
#3008=AXIS2_PLACEMENT_3D('',#4227,#3335,#3336);
#3009=AXIS2_PLACEMENT_3D('',#4234,#3337,#3338);
#3010=AXIS2_PLACEMENT_3D('',#4235,#3339,#3340);
#3011=AXIS2_PLACEMENT_3D('',#4242,#3341,#3342);
#3012=AXIS2_PLACEMENT_3D('',#4249,#3343,#3344);
#3013=AXIS2_PLACEMENT_3D('',#4250,#3345,#3346);
#3014=AXIS2_PLACEMENT_3D('',#4260,#3347,#3348);
#3015=AXIS2_PLACEMENT_3D('',#4267,#3349,#3350);
#3016=AXIS2_PLACEMENT_3D('',#4268,#3351,#3352);
#3017=AXIS2_PLACEMENT_3D('',#4315,#3353,#3354);
#3018=AXIS2_PLACEMENT_3D('',#4316,#3355,#3356);
#3019=AXIS2_PLACEMENT_3D('',#4366,#3357,#3358);
#3020=AXIS2_PLACEMENT_3D('',#4367,#3359,#3360);
#3021=AXIS2_PLACEMENT_3D('',#4414,#3361,#3362);
#3022=AXIS2_PLACEMENT_3D('',#4415,#3363,#3364);
#3023=AXIS2_PLACEMENT_3D('',#4465,#3365,#3366);
#3024=AXIS2_PLACEMENT_3D('',#4466,#3367,#3368);
#3025=AXIS2_PLACEMENT_3D('',#4490,#3369,#3370);
#3026=AXIS2_PLACEMENT_3D('',#4514,#3371,#3372);
#3027=AXIS2_PLACEMENT_3D('',#4561,#3373,#3374);
#3028=AXIS2_PLACEMENT_3D('',#4562,#3375,#3376);
#3029=AXIS2_PLACEMENT_3D('',#4567,#3379,#3380);
#3030=AXIS2_PLACEMENT_3D('',#4568,#3381,#3382);
#3031=AXIS2_PLACEMENT_3D('',#4573,#3385,#3386);
#3032=AXIS2_PLACEMENT_3D('',#4574,#3387,#3388);
#3033=AXIS2_PLACEMENT_3D('',#4579,#3391,#3392);
#3034=AXIS2_PLACEMENT_3D('',#4580,#3393,#3394);
#3035=AXIS2_PLACEMENT_3D('',#4585,#3397,#3398);
#3036=AXIS2_PLACEMENT_3D('',#4586,#3399,#3400);
#3037=AXIS2_PLACEMENT_3D('',#4589,#3402,#3403);
#3038=AXIS2_PLACEMENT_3D('',#4592,#3405,#3406);
#3039=AXIS2_PLACEMENT_3D('',#4597,#3409,#3410);
#3040=AXIS2_PLACEMENT_3D('',#4598,#3411,#3412);
#3041=AXIS2_PLACEMENT_3D('',#4603,#3415,#3416);
#3042=AXIS2_PLACEMENT_3D('',#4604,#3417,#3418);
#3043=AXIS2_PLACEMENT_3D('',#4609,#3421,#3422);
#3044=AXIS2_PLACEMENT_3D('',#4610,#3423,#3424);
#3045=AXIS2_PLACEMENT_3D('',#4615,#3427,#3428);
#3046=AXIS2_PLACEMENT_3D('',#4616,#3429,#3430);
#3047=AXIS2_PLACEMENT_3D('',#4621,#3433,#3434);
#3048=AXIS2_PLACEMENT_3D('',#4622,#3435,#3436);
#3049=AXIS2_PLACEMENT_3D('',#4625,#3438,#3439);
#3050=AXIS2_PLACEMENT_3D('',#4628,#3441,#3442);
#3051=AXIS2_PLACEMENT_3D('',#4633,#3445,#3446);
#3052=AXIS2_PLACEMENT_3D('',#4634,#3447,#3448);
#3053=AXIS2_PLACEMENT_3D('',#4639,#3451,#3452);
#3054=AXIS2_PLACEMENT_3D('',#4640,#3453,#3454);
#3055=AXIS2_PLACEMENT_3D('',#4645,#3457,#3458);
#3056=AXIS2_PLACEMENT_3D('',#4646,#3459,#3460);
#3057=AXIS2_PLACEMENT_3D('',#4651,#3463,#3464);
#3058=AXIS2_PLACEMENT_3D('',#4652,#3465,#3466);
#3059=AXIS2_PLACEMENT_3D('',#4657,#3469,#3470);
#3060=AXIS2_PLACEMENT_3D('',#4658,#3471,#3472);
#3061=AXIS2_PLACEMENT_3D('',#4661,#3474,#3475);
#3062=AXIS2_PLACEMENT_3D('',#4664,#3477,#3478);
#3063=AXIS2_PLACEMENT_3D('',#4669,#3481,#3482);
#3064=AXIS2_PLACEMENT_3D('',#4670,#3483,#3484);
#3065=AXIS2_PLACEMENT_3D('',#4711,#3485,#3486);
#3066=AXIS2_PLACEMENT_3D('',#4712,#3487,#3488);
#3067=AXIS2_PLACEMENT_3D('',#4756,#3489,#3490);
#3068=AXIS2_PLACEMENT_3D('',#4757,#3491,#3492);
#3069=AXIS2_PLACEMENT_3D('',#4798,#3493,#3494);
#3070=AXIS2_PLACEMENT_3D('',#4799,#3495,#3496);
#3071=AXIS2_PLACEMENT_3D('',#4840,#3497,#3498);
#3072=AXIS2_PLACEMENT_3D('',#4841,#3499,#3500);
#3073=AXIS2_PLACEMENT_3D('',#4862,#3501,#3502);
#3074=AXIS2_PLACEMENT_3D('',#4883,#3503,#3504);
#3075=AXIS2_PLACEMENT_3D('',#4924,#3505,#3506);
#3076=AXIS2_PLACEMENT_3D('',#4925,#3507,#3508);
#3077=AXIS2_PLACEMENT_3D('',#4939,#3509,#3510);
#3078=AXIS2_PLACEMENT_3D('',#4940,#3511,#3512);
#3079=AXIS2_PLACEMENT_3D('',#4954,#3513,#3514);
#3080=AXIS2_PLACEMENT_3D('',#4955,#3515,#3516);
#3081=AXIS2_PLACEMENT_3D('',#4966,#3517,#3518);
#3082=AXIS2_PLACEMENT_3D('',#4967,#3519,#3520);
#3083=AXIS2_PLACEMENT_3D('',#4981,#3521,#3522);
#3084=AXIS2_PLACEMENT_3D('',#4982,#3523,#3524);
#3085=AXIS2_PLACEMENT_3D('',#4988,#3525,#3526);
#3086=AXIS2_PLACEMENT_3D('',#4994,#3527,#3528);
#3087=AXIS2_PLACEMENT_3D('',#5008,#3529,#3530);
#3088=AXIS2_PLACEMENT_3D('',#5009,#3531,#3532);
#3089=AXIS2_PLACEMENT_3D('',#5010,#3533,#3534);
#3090=AXIS2_PLACEMENT_3D('',#5071,#3535,#3536);
#3091=AXIS2_PLACEMENT_3D('',#5089,#3537,#3538);
#3092=AXIS2_PLACEMENT_3D('',#5107,#3539,#3540);
#3093=AXIS2_PLACEMENT_3D('',#5126,#3541,#3542);
#3094=AXIS2_PLACEMENT_3D('',#5163,#3543,#3544);
#3095=AXIS2_PLACEMENT_3D('',#5182,#3545,#3546);
#3096=AXIS2_PLACEMENT_3D('',#5239,#3547,#3548);
#3097=AXIS2_PLACEMENT_3D('',#5240,#3549,#3550);
#3098=AXIS2_PLACEMENT_3D('',#5259,#3551,#3552);
#3099=AXIS2_PLACEMENT_3D('',#5316,#3553,#3554);
#3100=AXIS2_PLACEMENT_3D('',#5317,#3555,#3556);
#3101=AXIS2_PLACEMENT_3D('',#5336,#3557,#3558);
#3102=AXIS2_PLACEMENT_3D('',#5396,#3559,#3560);
#3103=AXIS2_PLACEMENT_3D('',#5397,#3561,#3562);
#3104=AXIS2_PLACEMENT_3D('',#5416,#3563,#3564);
#3105=AXIS2_PLACEMENT_3D('',#5476,#3565,#3566);
#3106=AXIS2_PLACEMENT_3D('',#5477,#3567,#3568);
#3107=AXIS2_PLACEMENT_3D('',#5478,#3569,#3570);
#3108=AXIS2_PLACEMENT_3D('',#5483,#3572,#3573);
#3109=AXIS2_PLACEMENT_3D('',#5487,#3575,#3576);
#3110=AXIS2_PLACEMENT_3D('',#5491,#3578,#3579);
#3111=AXIS2_PLACEMENT_3D('',#5495,#3581,#3582);
#3112=AXIS2_PLACEMENT_3D('',#5499,#3584,#3585);
#3113=AXIS2_PLACEMENT_3D('',#5503,#3587,#3588);
#3114=AXIS2_PLACEMENT_3D('',#5507,#3590,#3591);
#3115=AXIS2_PLACEMENT_3D('',#5511,#3593,#3594);
#3116=AXIS2_PLACEMENT_3D('',#5515,#3596,#3597);
#3117=AXIS2_PLACEMENT_3D('',#5519,#3599,#3600);
#3118=AXIS2_PLACEMENT_3D('',#5523,#3603,#3604);
#3119=AXIS2_PLACEMENT_3D('',#5528,#3606,#3607);
#3120=AXIS2_PLACEMENT_3D('',#5532,#3609,#3610);
#3121=AXIS2_PLACEMENT_3D('',#5536,#3612,#3613);
#3122=AXIS2_PLACEMENT_3D('',#5540,#3615,#3616);
#3123=AXIS2_PLACEMENT_3D('',#5544,#3618,#3619);
#3124=AXIS2_PLACEMENT_3D('',#5548,#3621,#3622);
#3125=AXIS2_PLACEMENT_3D('',#5552,#3624,#3625);
#3126=AXIS2_PLACEMENT_3D('',#5556,#3627,#3628);
#3127=AXIS2_PLACEMENT_3D('',#5560,#3630,#3631);
#3128=AXIS2_PLACEMENT_3D('',#5564,#3633,#3634);
#3129=AXIS2_PLACEMENT_3D('',#5568,#3636,#3637);
#3130=AXIS2_PLACEMENT_3D('',#5571,#3639,#3640);
#3131=AXIS2_PLACEMENT_3D('',#5574,#3643,#3644);
#3132=AXIS2_PLACEMENT_3D('',#5577,#3647,#3648);
#3133=AXIS2_PLACEMENT_3D('',#5580,#3651,#3652);
#3134=AXIS2_PLACEMENT_3D('',#5583,#3655,#3656);
#3135=AXIS2_PLACEMENT_3D('',#5586,#3659,#3660);
#3136=AXIS2_PLACEMENT_3D('',#5589,#3663,#3664);
#3137=AXIS2_PLACEMENT_3D('',#5592,#3666,#3667);
#3138=AXIS2_PLACEMENT_3D('',#5600,#3671,#3672);
#3139=AXIS2_PLACEMENT_3D('',#5603,#3674,#3675);
#3140=AXIS2_PLACEMENT_3D('',#5609,#3678,#3679);
#3141=AXIS2_PLACEMENT_3D('',#5614,#3683,#3684);
#3142=AXIS2_PLACEMENT_3D('',#5620,#3687,#3688);
#3143=AXIS2_PLACEMENT_3D('',#5625,#3692,#3693);
#3144=AXIS2_PLACEMENT_3D('',#5631,#3696,#3697);
#3145=AXIS2_PLACEMENT_3D('',#5636,#3701,#3702);
#3146=AXIS2_PLACEMENT_3D('',#5644,#3708,#3709);
#3147=AXIS2_PLACEMENT_3D('',#5650,#3710,#3711);
#3148=AXIS2_PLACEMENT_3D('',#5656,#3712,#3713);
#3149=AXIS2_PLACEMENT_3D('',#5662,#3714,#3715);
#3150=AXIS2_PLACEMENT_3D('',#5668,#3716,#3717);
#3151=AXIS2_PLACEMENT_3D('',#5677,#3718,#3719);
#3152=AXIS2_PLACEMENT_3D('',#5683,#3720,#3721);
#3153=AXIS2_PLACEMENT_3D('',#5689,#3722,#3723);
#3154=AXIS2_PLACEMENT_3D('',#5695,#3724,#3725);
#3155=AXIS2_PLACEMENT_3D('',#5701,#3726,#3727);
#3156=AXIS2_PLACEMENT_3D('',#5707,#3728,#3729);
#3157=AXIS2_PLACEMENT_3D('',#5731,#3730,#3731);
#3158=AXIS2_PLACEMENT_3D('',#5755,#3732,#3733);
#3159=AXIS2_PLACEMENT_3D('',#5779,#3734,#3735);
#3160=AXIS2_PLACEMENT_3D('',#5803,#3736,#3737);
#3161=AXIS2_PLACEMENT_3D('',#5830,#3738,#3739);
#3162=AXIS2_PLACEMENT_3D('',#5854,#3740,#3741);
#3163=AXIS2_PLACEMENT_3D('',#5878,#3742,#3743);
#3164=AXIS2_PLACEMENT_3D('',#5905,#3744,#3745);
#3165=AXIS2_PLACEMENT_3D('',#5929,#3746,#3747);
#3166=AXIS2_PLACEMENT_3D('',#5953,#3748,#3749);
#3167=AXIS2_PLACEMENT_3D('',#5956,#3751,#3752);
#3168=AXIS2_PLACEMENT_3D('',#5959,#3754,#3755);
#3169=AXIS2_PLACEMENT_3D('',#5962,#3757,#3758);
#3170=AXIS2_PLACEMENT_3D('',#5965,#3760,#3761);
#3171=AXIS2_PLACEMENT_3D('',#5968,#3763,#3764);
#3172=AXIS2_PLACEMENT_3D('',#5971,#3766,#3767);
#3173=AXIS2_PLACEMENT_3D('',#5974,#3769,#3770);
#3174=AXIS2_PLACEMENT_3D('',#5977,#3772,#3773);
#3175=AXIS2_PLACEMENT_3D('',#5980,#3775,#3776);
#3176=AXIS2_PLACEMENT_3D('',#5983,#3778,#3779);
#3177=AXIS2_PLACEMENT_3D('',#5986,#3781,#3782);
#3178=AXIS2_PLACEMENT_3D('',#5989,#3784,#3785);
#3179=AXIS2_PLACEMENT_3D('',#5992,#3787,#3788);
#3180=AXIS2_PLACEMENT_3D('',#5995,#3790,#3791);
#3181=AXIS2_PLACEMENT_3D('',#5998,#3793,#3794);
#3182=AXIS2_PLACEMENT_3D('',#6001,#3796,#3797);
#3183=AXIS2_PLACEMENT_3D('',#6004,#3799,#3800);
#3184=AXIS2_PLACEMENT_3D('',#6007,#3802,#3803);
#3185=AXIS2_PLACEMENT_3D('',#6010,#3805,#3806);
#3186=AXIS2_PLACEMENT_3D('',#6013,#3808,#3809);
#3187=AXIS2_PLACEMENT_3D('',#6016,#3811,#3812);
#3188=AXIS2_PLACEMENT_3D('',#6019,#3814,#3815);
#3189=AXIS2_PLACEMENT_3D('',#6022,#3817,#3818);
#3190=AXIS2_PLACEMENT_3D('',#6025,#3820,#3821);
#3191=AXIS2_PLACEMENT_3D('',#6028,#3823,#3824);
#3192=AXIS2_PLACEMENT_3D('',#6031,#3826,#3827);
#3193=AXIS2_PLACEMENT_3D('',#6034,#3829,#3830);
#3194=AXIS2_PLACEMENT_3D('',#6037,#3832,#3833);
#3195=AXIS2_PLACEMENT_3D('',#6040,#3835,#3836);
#3196=AXIS2_PLACEMENT_3D('',#6043,#3838,#3839);
#3197=AXIS2_PLACEMENT_3D('',#6064,#3840,#3841);
#3198=AXIS2_PLACEMENT_3D('',#6085,#3842,#3843);
#3199=AXIS2_PLACEMENT_3D('',#6106,#3844,#3845);
#3200=AXIS2_PLACEMENT_3D('',#6127,#3846,#3847);
#3201=AXIS2_PLACEMENT_3D('',#6151,#3848,#3849);
#3202=AXIS2_PLACEMENT_3D('',#6172,#3850,#3851);
#3203=AXIS2_PLACEMENT_3D('',#6193,#3852,#3853);
#3204=AXIS2_PLACEMENT_3D('',#6214,#3854,#3855);
#3205=AXIS2_PLACEMENT_3D('',#6235,#3856,#3857);
#3206=AXIS2_PLACEMENT_3D('',#6256,#3858,#3859);
#3207=AXIS2_PLACEMENT_3D('',#6265,#3860,#3861);
#3208=AXIS2_PLACEMENT_3D('',#6277,#3862,#3863);
#3209=AXIS2_PLACEMENT_3D('',#6289,#3864,#3865);
#3210=AXIS2_PLACEMENT_3D('',#6301,#3866,#3867);
#3211=AXIS2_PLACEMENT_3D('',#6310,#3868,#3869);
#3212=AXIS2_PLACEMENT_3D('',#6316,#3870,#3871);
#3213=AXIS2_PLACEMENT_3D('',#6325,#3872,#3873);
#3214=AXIS2_PLACEMENT_3D('',#6349,#3874,#3875);
#3215=AXIS2_PLACEMENT_3D('',#6373,#3876,#3877);
#3216=AXIS2_PLACEMENT_3D('',#6376,#3879,#3880);
#3217=AXIS2_PLACEMENT_3D('',#6379,#3882,#3883);
#3218=AXIS2_PLACEMENT_3D('',#6382,#3885,#3886);
#3219=AXIS2_PLACEMENT_3D('',#6385,#3888,#3889);
#3220=AXIS2_PLACEMENT_3D('',#6388,#3891,#3892);
#3221=AXIS2_PLACEMENT_3D('',#6391,#3894,#3895);
#3222=AXIS2_PLACEMENT_3D('',#6412,#3896,#3897);
#3223=AXIS2_PLACEMENT_3D('',#6433,#3898,#3899);
#3224=AXIS2_PLACEMENT_3D('',#6445,#3900,#3901);
#3225=AXIS2_PLACEMENT_3D('',#6448,#3904,#3905);
#3226=AXIS2_PLACEMENT_3D('',#6449,#3906,#3907);
#3227=AXIS2_PLACEMENT_3D('',#6450,#3908,#3909);
#3228=AXIS2_PLACEMENT_3D('',#6453,#3912,#3913);
#3229=AXIS2_PLACEMENT_3D('',#6454,#3914,#3915);
#3230=AXIS2_PLACEMENT_3D('',#6455,#3916,#3917);
#3231=AXIS2_PLACEMENT_3D('',#6457,#3919,#3920);
#3232=AXIS2_PLACEMENT_3D('',#6459,#3922,#3923);
#3233=AXIS2_PLACEMENT_3D('',#6460,#3924,#3925);
#3234=AXIS2_PLACEMENT_3D('',#6462,#3927,#3928);
#3235=AXIS2_PLACEMENT_3D('',#6464,#3930,#3931);
#3236=AXIS2_PLACEMENT_3D('',#6465,#3932,#3933);
#3237=AXIS2_PLACEMENT_3D('',#6467,#3935,#3936);
#3238=AXIS2_PLACEMENT_3D('',#6469,#3938,#3939);
#3239=AXIS2_PLACEMENT_3D('',#6470,#3940,#3941);
#3240=AXIS2_PLACEMENT_3D('',#6472,#3943,#3944);
#3241=AXIS2_PLACEMENT_3D('',#6474,#3946,#3947);
#3242=AXIS2_PLACEMENT_3D('',#6475,#3948,#3949);
#3243=AXIS2_PLACEMENT_3D('',#6478,#3952,#3953);
#3244=AXIS2_PLACEMENT_3D('',#6479,#3954,#3955);
#3245=AXIS2_PLACEMENT_3D('',#6480,#3956,#3957);
#3246=AXIS2_PLACEMENT_3D('',#6482,#3959,#3960);
#3247=AXIS2_PLACEMENT_3D('',#6484,#3962,#3963);
#3248=AXIS2_PLACEMENT_3D('',#6485,#3964,#3965);
#3249=AXIS2_PLACEMENT_3D('',#6487,#3967,#3968);
#3250=AXIS2_PLACEMENT_3D('',#6489,#3970,#3971);
#3251=AXIS2_PLACEMENT_3D('',#6490,#3972,#3973);
#3252=AXIS2_PLACEMENT_3D('',#6492,#3975,#3976);
#3253=AXIS2_PLACEMENT_3D('',#6494,#3978,#3979);
#3254=AXIS2_PLACEMENT_3D('',#6495,#3980,#3981);
#3255=AXIS2_PLACEMENT_3D('',#6497,#3983,#3984);
#3256=AXIS2_PLACEMENT_3D('',#6499,#3986,#3987);
#3257=AXIS2_PLACEMENT_3D('',#6500,#3988,#3989);
#3258=AXIS2_PLACEMENT_3D('',#6503,#3992,#3993);
#3259=AXIS2_PLACEMENT_3D('',#6504,#3994,#3995);
#3260=AXIS2_PLACEMENT_3D('',#6505,#3996,#3997);
#3261=DIRECTION('',(0.,0.,1.));
#3262=DIRECTION('',(1.,0.,0.));
#3263=DIRECTION('',(0.,0.926771277987013,-0.37562614165992));
#3264=DIRECTION('',(0.,-0.37562614165991,-0.926771277987018));
#3265=DIRECTION('',(0.,0.926771277987021,-0.375626141659902));
#3266=DIRECTION('',(0.,0.375626141659907,0.926771277987019));
#3267=DIRECTION('',(0.,0.926771277987008,-0.375626141659933));
#3268=DIRECTION('',(0.,0.375626141659907,0.926771277987018));
#3269=DIRECTION('',(0.,-0.92677127798702,0.375626141659904));
#3270=DIRECTION('',(0.,0.375626141659911,0.926771277987017));
#3271=DIRECTION('',(0.,-0.926771277987023,0.375626141659897));
#3272=DIRECTION('',(0.,-0.833004201228958,-0.55326666331427));
#3273=DIRECTION('',(0.,-0.375626141659913,-0.926771277987016));
#3274=DIRECTION('',(0.,-0.926771277987014,0.375626141659918));
#3275=DIRECTION('',(0.,0.828747235225699,0.559623105407345));
#3276=DIRECTION('',(0.,-0.375626141659912,-0.926771277987016));
#3277=DIRECTION('',(-1.,0.,0.));
#3278=DIRECTION('',(0.,0.,1.));
#3279=DIRECTION('',(0.,-0.606197882258901,-0.795313854742154));
#3280=DIRECTION('',(0.,0.795313854742163,-0.606197882258889));
#3281=DIRECTION('',(0.,0.6061978822589,0.795313854742155));
#3282=DIRECTION('',(0.,-0.795313854742145,0.606197882258912));
#3283=DIRECTION('',(0.,-0.606197882258906,-0.79531385474215));
#3284=DIRECTION('',(-1.,0.,0.));
#3285=DIRECTION('',(0.,0.,1.));
#3286=DIRECTION('',(0.,-0.868726155346109,0.495292708423583));
#3287=DIRECTION('',(0.,-0.495292708423592,-0.868726155346104));
#3288=DIRECTION('',(0.,0.868726155346106,-0.495292708423587));
#3289=DIRECTION('',(0.,0.495292708423591,0.868726155346104));
#3290=DIRECTION('',(-1.,0.,0.));
#3291=DIRECTION('',(0.,0.,1.));
#3292=DIRECTION('',(-1.,0.,0.));
#3293=DIRECTION('',(0.,0.,1.));
#3294=DIRECTION('',(0.,-0.216851790298917,-0.976204538528763));
#3295=DIRECTION('',(0.,0.976204538528763,-0.216851790298916));
#3296=DIRECTION('',(0.,0.216851790298916,0.976204538528763));
#3297=DIRECTION('',(0.,-0.97620453852876,0.216851790298929));
#3298=DIRECTION('',(0.,-0.216851790298914,-0.976204538528763));
#3299=DIRECTION('',(-1.,0.,0.));
#3300=DIRECTION('',(0.,0.,1.));
#3301=DIRECTION('',(0.,-0.815151213977775,-0.579248218254109));
#3302=DIRECTION('',(0.,-0.766687008922069,0.642021051329419));
#3303=DIRECTION('',(0.,0.551286708741652,-0.834315866302923));
#3304=DIRECTION('',(-1.,0.,0.));
#3305=DIRECTION('',(0.,0.,1.));
#3306=DIRECTION('',(5.05321549807431E-16,-0.5,0.866025403784439));
#3307=DIRECTION('',(0.,0.866025403784439,0.5));
#3308=DIRECTION('',(5.05321549807431E-16,-0.5,0.866025403784439));
#3309=DIRECTION('',(-1.,0.,0.));
#3310=DIRECTION('',(0.,0.,1.));
#3311=DIRECTION('',(5.0532154980743E-16,-0.866025403784438,0.500000000000001));
#3312=DIRECTION('',(-1.,0.,0.));
#3313=DIRECTION('',(0.,0.,1.));
#3314=DIRECTION('',(5.0532154980743E-16,0.,1.));
#3315=DIRECTION('',(-1.,0.,0.));
#3316=DIRECTION('',(0.,0.,1.));
#3317=DIRECTION('',(-1.,0.,0.));
#3318=DIRECTION('',(0.,0.,1.));
#3319=DIRECTION('',(-1.,0.,0.));
#3320=DIRECTION('',(0.,0.,1.));
#3321=DIRECTION('',(-1.,0.,0.));
#3322=DIRECTION('',(-1.1399155092663E-17,0.,1.));
#3323=DIRECTION('',(-1.,0.,0.));
#3324=DIRECTION('',(0.,0.,1.));
#3325=DIRECTION('',(-1.,0.,0.));
#3326=DIRECTION('',(0.,0.,1.));
#3327=DIRECTION('',(-1.,0.,0.));
#3328=DIRECTION('',(-1.1399155092663E-17,0.,1.));
#3329=DIRECTION('',(-1.,0.,0.));
#3330=DIRECTION('',(0.,0.,1.));
#3331=DIRECTION('',(-1.,0.,0.));
#3332=DIRECTION('',(0.,0.,1.));
#3333=DIRECTION('',(-1.,0.,0.));
#3334=DIRECTION('',(-1.1399155092663E-17,0.,1.));
#3335=DIRECTION('',(-1.,0.,0.));
#3336=DIRECTION('',(0.,0.,1.));
#3337=DIRECTION('',(-1.,0.,0.));
#3338=DIRECTION('',(0.,0.,1.));
#3339=DIRECTION('',(-1.,0.,0.));
#3340=DIRECTION('',(-1.1399155092663E-17,0.,1.));
#3341=DIRECTION('',(-1.,0.,0.));
#3342=DIRECTION('',(0.,0.,1.));
#3343=DIRECTION('',(-1.,0.,0.));
#3344=DIRECTION('',(0.,0.,1.));
#3345=DIRECTION('',(-1.,0.,0.));
#3346=DIRECTION('',(-1.1399155092663E-17,0.,1.));
#3347=DIRECTION('',(-1.,0.,0.));
#3348=DIRECTION('',(0.,0.,1.));
#3349=DIRECTION('',(-1.,0.,0.));
#3350=DIRECTION('',(0.,0.,1.));
#3351=DIRECTION('',(-1.,0.,0.));
#3352=DIRECTION('',(-1.1399155092663E-17,0.,1.));
#3353=DIRECTION('',(-1.,0.,0.));
#3354=DIRECTION('',(0.,0.,1.));
#3355=DIRECTION('',(-1.,0.,0.));
#3356=DIRECTION('',(0.,0.,1.));
#3357=DIRECTION('',(-1.,0.,0.));
#3358=DIRECTION('',(0.,0.,1.));
#3359=DIRECTION('',(-1.,0.,0.));
#3360=DIRECTION('',(0.,0.,1.));
#3361=DIRECTION('',(-1.,0.,0.));
#3362=DIRECTION('',(0.,0.,1.));
#3363=DIRECTION('',(-1.,0.,0.));
#3364=DIRECTION('',(0.,0.,1.));
#3365=DIRECTION('',(-1.,0.,0.));
#3366=DIRECTION('',(0.,0.,1.));
#3367=DIRECTION('',(-1.,0.,0.));
#3368=DIRECTION('',(0.,0.,1.));
#3369=DIRECTION('',(-1.,0.,0.));
#3370=DIRECTION('',(0.,0.,1.));
#3371=DIRECTION('',(-1.,0.,0.));
#3372=DIRECTION('',(0.,0.,1.));
#3373=DIRECTION('',(-1.,0.,0.));
#3374=DIRECTION('',(0.,0.,1.));
#3375=DIRECTION('',(-1.,0.,0.));
#3376=DIRECTION('',(0.,0.,1.));
#3377=DIRECTION('',(0.,0.5,-0.866025403784439));
#3378=DIRECTION('',(0.,0.,1.));
#3379=DIRECTION('',(-1.,0.,0.));
#3380=DIRECTION('',(0.,0.,1.));
#3381=DIRECTION('',(1.,0.,0.));
#3382=DIRECTION('',(0.,0.,-1.));
#3383=DIRECTION('',(0.,1.,-8.32667268468867E-16));
#3384=DIRECTION('',(0.,0.866025403784438,-0.500000000000001));
#3385=DIRECTION('',(-1.,0.,0.));
#3386=DIRECTION('',(0.,0.,1.));
#3387=DIRECTION('',(1.,0.,0.));
#3388=DIRECTION('',(0.,0.,-1.));
#3389=DIRECTION('',(0.,0.500000000000001,0.866025403784438));
#3390=DIRECTION('',(0.,0.86602540378444,0.499999999999999));
#3391=DIRECTION('',(-1.,0.,0.));
#3392=DIRECTION('',(0.,0.,1.));
#3393=DIRECTION('',(1.,0.,0.));
#3394=DIRECTION('',(0.,0.,-1.));
#3395=DIRECTION('',(0.,-0.499999999999998,0.86602540378444));
#3396=DIRECTION('',(0.,2.34291072916505E-15,1.));
#3397=DIRECTION('',(-1.,0.,0.));
#3398=DIRECTION('',(0.,0.,1.));
#3399=DIRECTION('',(1.,0.,0.));
#3400=DIRECTION('',(0.,0.,-1.));
#3401=DIRECTION('',(0.,-1.,8.32667268468867E-16));
#3402=DIRECTION('',(-1.,0.,0.));
#3403=DIRECTION('',(0.,0.,1.));
#3404=DIRECTION('',(0.,-0.866025403784441,-0.499999999999996));
#3405=DIRECTION('',(1.,0.,0.));
#3406=DIRECTION('',(0.,0.,-1.));
#3407=DIRECTION('',(0.,-1.,3.60822483003176E-15));
#3408=DIRECTION('',(0.,-0.866025403784437,0.500000000000003));
#3409=DIRECTION('',(-1.,0.,0.));
#3410=DIRECTION('',(0.,0.,1.));
#3411=DIRECTION('',(1.,0.,0.));
#3412=DIRECTION('',(0.,0.,-1.));
#3413=DIRECTION('',(-1.,0.,0.));
#3414=DIRECTION('',(1.,0.,0.));
#3415=DIRECTION('',(-1.,0.,0.));
#3416=DIRECTION('',(0.,0.,1.));
#3417=DIRECTION('',(-1.,0.,0.));
#3418=DIRECTION('',(0.,0.,1.));
#3419=DIRECTION('',(-1.,0.,0.));
#3420=DIRECTION('',(-1.,0.,0.));
#3421=DIRECTION('',(-1.,0.,0.));
#3422=DIRECTION('',(0.,0.,1.));
#3423=DIRECTION('',(-1.,0.,0.));
#3424=DIRECTION('',(0.,0.,1.));
#3425=DIRECTION('',(-1.,0.,0.));
#3426=DIRECTION('',(-1.,0.,0.));
#3427=DIRECTION('',(-1.,0.,0.));
#3428=DIRECTION('',(0.,0.,1.));
#3429=DIRECTION('',(-1.,0.,0.));
#3430=DIRECTION('',(0.,0.,1.));
#3431=DIRECTION('',(-1.,0.,0.));
#3432=DIRECTION('',(-1.,0.,0.));
#3433=DIRECTION('',(-1.,0.,0.));
#3434=DIRECTION('',(0.,0.,1.));
#3435=DIRECTION('',(-1.,0.,0.));
#3436=DIRECTION('',(0.,0.,1.));
#3437=DIRECTION('',(-1.,0.,0.));
#3438=DIRECTION('',(-1.,0.,0.));
#3439=DIRECTION('',(0.,0.,1.));
#3440=DIRECTION('',(-1.,0.,0.));
#3441=DIRECTION('',(-1.,0.,0.));
#3442=DIRECTION('',(0.,0.,1.));
#3443=DIRECTION('',(-1.,0.,0.));
#3444=DIRECTION('',(-1.,0.,0.));
#3445=DIRECTION('',(-1.,0.,0.));
#3446=DIRECTION('',(0.,0.,1.));
#3447=DIRECTION('',(-1.,0.,0.));
#3448=DIRECTION('',(0.,0.,1.));
#3449=DIRECTION('',(0.,-0.5,0.866025403784439));
#3450=DIRECTION('',(0.,0.,-1.));
#3451=DIRECTION('',(-1.,0.,0.));
#3452=DIRECTION('',(0.,0.,1.));
#3453=DIRECTION('',(-1.,0.,0.));
#3454=DIRECTION('',(0.,0.,1.));
#3455=DIRECTION('',(0.,-1.,8.32667268468867E-16));
#3456=DIRECTION('',(0.,-0.866025403784438,0.500000000000001));
#3457=DIRECTION('',(-1.,0.,0.));
#3458=DIRECTION('',(0.,0.,1.));
#3459=DIRECTION('',(-1.,0.,0.));
#3460=DIRECTION('',(0.,0.,1.));
#3461=DIRECTION('',(0.,-0.500000000000001,-0.866025403784438));
#3462=DIRECTION('',(0.,-0.86602540378444,-0.499999999999999));
#3463=DIRECTION('',(-1.,0.,0.));
#3464=DIRECTION('',(0.,0.,1.));
#3465=DIRECTION('',(-1.,0.,0.));
#3466=DIRECTION('',(0.,0.,1.));
#3467=DIRECTION('',(0.,0.499999999999998,-0.86602540378444));
#3468=DIRECTION('',(0.,-2.34291072916505E-15,-1.));
#3469=DIRECTION('',(-1.,0.,0.));
#3470=DIRECTION('',(0.,0.,1.));
#3471=DIRECTION('',(-1.,0.,0.));
#3472=DIRECTION('',(0.,0.,1.));
#3473=DIRECTION('',(0.,1.,-8.32667268468867E-16));
#3474=DIRECTION('',(-1.,0.,0.));
#3475=DIRECTION('',(0.,0.,1.));
#3476=DIRECTION('',(0.,0.866025403784441,0.499999999999996));
#3477=DIRECTION('',(-1.,0.,0.));
#3478=DIRECTION('',(0.,0.,1.));
#3479=DIRECTION('',(0.,1.,-3.60822483003176E-15));
#3480=DIRECTION('',(0.,0.866025403784437,-0.500000000000003));
#3481=DIRECTION('',(-1.,0.,0.));
#3482=DIRECTION('',(0.,0.,1.));
#3483=DIRECTION('',(-1.,0.,0.));
#3484=DIRECTION('',(0.,0.,1.));
#3485=DIRECTION('',(-1.,0.,0.));
#3486=DIRECTION('',(0.,0.,1.));
#3487=DIRECTION('',(-1.,0.,0.));
#3488=DIRECTION('',(0.,0.,1.));
#3489=DIRECTION('',(-1.,0.,0.));
#3490=DIRECTION('',(0.,0.,1.));
#3491=DIRECTION('',(-1.,0.,0.));
#3492=DIRECTION('',(0.,0.,1.));
#3493=DIRECTION('',(-1.,0.,0.));
#3494=DIRECTION('',(0.,0.,1.));
#3495=DIRECTION('',(-1.,0.,0.));
#3496=DIRECTION('',(0.,0.,1.));
#3497=DIRECTION('',(-1.,0.,0.));
#3498=DIRECTION('',(0.,0.,1.));
#3499=DIRECTION('',(-1.,0.,0.));
#3500=DIRECTION('',(0.,0.,1.));
#3501=DIRECTION('',(-1.,0.,0.));
#3502=DIRECTION('',(0.,0.,1.));
#3503=DIRECTION('',(-1.,0.,0.));
#3504=DIRECTION('',(0.,0.,1.));
#3505=DIRECTION('',(-1.,0.,0.));
#3506=DIRECTION('',(0.,0.,1.));
#3507=DIRECTION('',(-1.,0.,0.));
#3508=DIRECTION('',(0.,0.,1.));
#3509=DIRECTION('',(1.,0.,0.));
#3510=DIRECTION('',(0.,0.,1.));
#3511=DIRECTION('',(1.,0.,0.));
#3512=DIRECTION('',(-1.98873916297757E-16,0.,-1.));
#3513=DIRECTION('',(1.,0.,0.));
#3514=DIRECTION('',(0.,0.,1.));
#3515=DIRECTION('',(1.,0.,0.));
#3516=DIRECTION('',(-1.98873916297757E-16,0.,-1.));
#3517=DIRECTION('',(1.,0.,0.));
#3518=DIRECTION('',(0.,0.,1.));
#3519=DIRECTION('',(1.,0.,0.));
#3520=DIRECTION('',(-1.98873916297757E-16,0.,-1.));
#3521=DIRECTION('',(1.,0.,0.));
#3522=DIRECTION('',(0.,0.,1.));
#3523=DIRECTION('',(1.,0.,0.));
#3524=DIRECTION('',(-1.98873916297757E-16,0.,-1.));
#3525=DIRECTION('',(1.,0.,0.));
#3526=DIRECTION('',(0.,0.,1.));
#3527=DIRECTION('',(1.,0.,0.));
#3528=DIRECTION('',(-1.98873916297757E-16,0.,-1.));
#3529=DIRECTION('',(1.,0.,0.));
#3530=DIRECTION('',(0.,0.,1.));
#3531=DIRECTION('',(1.,0.,0.));
#3532=DIRECTION('',(-1.98873916297757E-16,0.,-1.));
#3533=DIRECTION('',(-1.,0.,0.));
#3534=DIRECTION('',(0.,0.,-1.));
#3535=DIRECTION('',(1.,0.,0.));
#3536=DIRECTION('',(0.,0.,1.));
#3537=DIRECTION('',(1.,0.,0.));
#3538=DIRECTION('',(0.,0.,-1.));
#3539=DIRECTION('',(-1.,0.,0.));
#3540=DIRECTION('',(0.,0.,-1.));
#3541=DIRECTION('',(1.,0.,0.));
#3542=DIRECTION('',(0.,0.,1.));
#3543=DIRECTION('',(1.,0.,0.));
#3544=DIRECTION('',(0.,0.,-1.));
#3545=DIRECTION('',(-1.,0.,0.));
#3546=DIRECTION('',(0.,0.,-1.));
#3547=DIRECTION('',(1.,0.,0.));
#3548=DIRECTION('',(0.,0.,1.));
#3549=DIRECTION('',(1.,0.,0.));
#3550=DIRECTION('',(0.,0.,-1.));
#3551=DIRECTION('',(-1.,0.,0.));
#3552=DIRECTION('',(0.,0.,-1.));
#3553=DIRECTION('',(1.,0.,0.));
#3554=DIRECTION('',(0.,0.,1.));
#3555=DIRECTION('',(1.,0.,0.));
#3556=DIRECTION('',(0.,0.,-1.));
#3557=DIRECTION('',(-1.,0.,0.));
#3558=DIRECTION('',(0.,0.,-1.));
#3559=DIRECTION('',(1.,0.,0.));
#3560=DIRECTION('',(0.,0.,1.));
#3561=DIRECTION('',(1.,0.,0.));
#3562=DIRECTION('',(0.,0.,-1.));
#3563=DIRECTION('',(-1.,0.,0.));
#3564=DIRECTION('',(0.,0.,-1.));
#3565=DIRECTION('',(1.,0.,0.));
#3566=DIRECTION('',(0.,0.,1.));
#3567=DIRECTION('',(1.,0.,0.));
#3568=DIRECTION('',(0.,0.,-1.));
#3569=DIRECTION('',(-0.707106781186547,0.612372435695795,-0.353553390593275));
#3570=DIRECTION('',(0.707106781186548,0.612372435695794,-0.353553390593274));
#3571=DIRECTION('',(1.,0.,0.));
#3572=DIRECTION('',(-1.,0.,0.));
#3573=DIRECTION('',(0.,0.,1.));
#3574=DIRECTION('',(1.,0.,0.));
#3575=DIRECTION('',(-0.707106781186547,0.612372435695796,0.353553390593273));
#3576=DIRECTION('',(0.707106781186548,0.612372435695795,0.353553390593273));
#3577=DIRECTION('',(1.,0.,0.));
#3578=DIRECTION('',(-1.,0.,0.));
#3579=DIRECTION('',(0.,0.,1.));
#3580=DIRECTION('',(1.,0.,0.));
#3581=DIRECTION('',(-0.707106781186547,1.65668806430733E-15,0.707106781186548));
#3582=DIRECTION('',(0.707106781186548,1.65668806430732E-15,0.707106781186547));
#3583=DIRECTION('',(1.,0.,0.));
#3584=DIRECTION('',(-1.,0.,0.));
#3585=DIRECTION('',(0.,0.,1.));
#3586=DIRECTION('',(1.,0.,0.));
#3587=DIRECTION('',(-0.707106781186547,-0.612372435695794,0.353553390593276));
#3588=DIRECTION('',(0.707106781186548,-0.612372435695793,0.353553390593275));
#3589=DIRECTION('',(1.,0.,0.));
#3590=DIRECTION('',(-1.,0.,0.));
#3591=DIRECTION('',(0.,0.,1.));
#3592=DIRECTION('',(1.,0.,0.));
#3593=DIRECTION('',(-0.707106781186547,-0.612372435695797,-0.353553390593271));
#3594=DIRECTION('',(0.707106781186548,-0.612372435695796,-0.353553390593271));
#3595=DIRECTION('',(-1.,0.,0.));
#3596=DIRECTION('',(-1.,0.,0.));
#3597=DIRECTION('',(0.,0.,1.));
#3598=DIRECTION('',(1.,0.,0.));
#3599=DIRECTION('',(-0.707106781186547,0.,-0.707106781186548));
#3600=DIRECTION('',(0.707106781186548,0.,-0.707106781186547));
#3601=DIRECTION('',(1.,0.,0.));
#3602=DIRECTION('',(1.,0.,0.));
#3603=DIRECTION('',(1.,0.,0.));
#3604=DIRECTION('',(0.,0.,-1.));
#3605=DIRECTION('',(1.,0.,0.));
#3606=DIRECTION('',(0.707106781186547,0.353553390593274,-0.612372435695795));
#3607=DIRECTION('',(0.707106781186548,-0.353553390593273,0.612372435695794));
#3608=DIRECTION('',(1.,0.,0.));
#3609=DIRECTION('',(1.,0.,0.));
#3610=DIRECTION('',(0.,0.,-1.));
#3611=DIRECTION('',(1.,0.,0.));
#3612=DIRECTION('',(0.707106781186547,-0.353553390593274,-0.612372435695795));
#3613=DIRECTION('',(0.707106781186548,0.353553390593273,0.612372435695794));
#3614=DIRECTION('',(1.,0.,0.));
#3615=DIRECTION('',(1.,0.,0.));
#3616=DIRECTION('',(0.,0.,-1.));
#3617=DIRECTION('',(1.,0.,0.));
#3618=DIRECTION('',(0.707106781186547,-0.707106781186548,2.83106871279415E-15));
#3619=DIRECTION('',(0.707106781186548,0.707106781186547,-2.83106871279415E-15));
#3620=DIRECTION('',(1.,0.,0.));
#3621=DIRECTION('',(1.,0.,0.));
#3622=DIRECTION('',(0.,0.,-1.));
#3623=DIRECTION('',(1.,0.,0.));
#3624=DIRECTION('',(0.707106781186547,-0.353553390593272,0.612372435695796));
#3625=DIRECTION('',(0.707106781186548,0.353553390593272,-0.612372435695795));
#3626=DIRECTION('',(1.,0.,0.));
#3627=DIRECTION('',(1.,0.,0.));
#3628=DIRECTION('',(0.,0.,-1.));
#3629=DIRECTION('',(1.,0.,0.));
#3630=DIRECTION('',(0.707106781186547,0.353553390593275,0.612372435695795));
#3631=DIRECTION('',(0.707106781186548,-0.353553390593275,-0.612372435695793));
#3632=DIRECTION('',(1.,0.,0.));
#3633=DIRECTION('',(1.,0.,0.));
#3634=DIRECTION('',(0.,0.,-1.));
#3635=DIRECTION('',(1.,0.,0.));
#3636=DIRECTION('',(0.707106781186547,0.707106781186548,-7.7715611723761E-16));
#3637=DIRECTION('',(0.707106781186548,-0.707106781186547,7.77156117237609E-16));
#3638=DIRECTION('',(1.,0.,0.));
#3639=DIRECTION('',(1.,0.,0.));
#3640=DIRECTION('',(0.,0.,-1.));
#3641=DIRECTION('',(-1.37100669901828E-15,0.5,-0.866025403784439));
#3642=DIRECTION('',(-1.37100669901828E-15,-0.5,-0.866025403784439));
#3643=DIRECTION('',(1.,0.,0.));
#3644=DIRECTION('',(0.,0.,-1.));
#3645=DIRECTION('',(1.37100669901828E-15,-1.,1.22124532708767E-15));
#3646=DIRECTION('',(-1.37100669901828E-15,-0.5,-0.866025403784439));
#3647=DIRECTION('',(1.,0.,0.));
#3648=DIRECTION('',(0.,0.,-1.));
#3649=DIRECTION('',(-1.37100669901828E-15,0.5,-0.866025403784439));
#3650=DIRECTION('',(-1.37100669901828E-15,1.,-1.22124532708767E-15));
#3651=DIRECTION('',(1.,0.,0.));
#3652=DIRECTION('',(0.,0.,-1.));
#3653=DIRECTION('',(-1.37100669901828E-15,1.,-1.22124532708767E-15));
#3654=DIRECTION('',(-1.37100669901828E-15,0.500000000000002,0.866025403784438));
#3655=DIRECTION('',(1.,0.,0.));
#3656=DIRECTION('',(0.,0.,-1.));
#3657=DIRECTION('',(-1.37100669901828E-15,0.500000000000002,0.866025403784438));
#3658=DIRECTION('',(-1.37100669901828E-15,-0.499999999999998,0.86602540378444));
#3659=DIRECTION('',(1.,0.,0.));
#3660=DIRECTION('',(0.,0.,-1.));
#3661=DIRECTION('',(-1.37100669901828E-15,-0.499999999999998,0.86602540378444));
#3662=DIRECTION('',(-1.37100669901828E-15,-1.,3.99680288865056E-15));
#3663=DIRECTION('',(1.,0.,0.));
#3664=DIRECTION('',(0.,0.,-1.));
#3665=DIRECTION('',(5.0532154980743E-16,-0.866025403784439,-0.499999999999999));
#3666=DIRECTION('',(-1.,0.,0.));
#3667=DIRECTION('',(0.,0.,1.));
#3668=DIRECTION('',(5.05321549807431E-16,0.499999999999999,0.866025403784439));
#3669=DIRECTION('',(0.,0.866025403784439,-0.5));
#3670=DIRECTION('',(5.05321549807431E-16,0.499999999999999,0.866025403784439));
#3671=DIRECTION('',(-1.,0.,0.));
#3672=DIRECTION('',(0.,0.,1.));
#3673=DIRECTION('',(5.0532154980743E-16,0.,1.));
#3674=DIRECTION('',(-1.,0.,0.));
#3675=DIRECTION('',(0.,0.,1.));
#3676=DIRECTION('',(0.,1.22124532708767E-15,1.));
#3677=DIRECTION('',(5.05321549807431E-16,-1.,8.32667268468867E-16));
#3678=DIRECTION('',(-1.,0.,0.));
#3679=DIRECTION('',(0.,0.,1.));
#3680=DIRECTION('',(5.0532154980743E-16,-0.866025403784439,-0.499999999999999));
#3681=DIRECTION('',(5.0532154980743E-16,-0.866025403784438,0.500000000000001));
#3682=DIRECTION('',(5.05321549807431E-16,-1.,8.32667268468867E-16));
#3683=DIRECTION('',(-1.,0.,0.));
#3684=DIRECTION('',(0.,0.,1.));
#3685=DIRECTION('',(0.,-0.866025403784438,0.500000000000002));
#3686=DIRECTION('',(5.05321549807431E-16,-0.500000000000001,-0.866025403784438));
#3687=DIRECTION('',(-1.,0.,0.));
#3688=DIRECTION('',(0.,0.,1.));
#3689=DIRECTION('',(5.0532154980743E-16,-2.34291072916505E-15,-1.));
#3690=DIRECTION('',(5.0532154980743E-16,-0.866025403784439,-0.499999999999999));
#3691=DIRECTION('',(5.05321549807431E-16,-0.500000000000001,-0.866025403784438));
#3692=DIRECTION('',(-1.,0.,0.));
#3693=DIRECTION('',(0.,0.,1.));
#3694=DIRECTION('',(0.,-0.86602540378444,-0.499999999999998));
#3695=DIRECTION('',(5.05321549807431E-16,0.499999999999998,-0.86602540378444));
#3696=DIRECTION('',(-1.,0.,0.));
#3697=DIRECTION('',(0.,0.,1.));
#3698=DIRECTION('',(5.0532154980743E-16,0.866025403784437,-0.500000000000003));
#3699=DIRECTION('',(5.0532154980743E-16,-2.34291072916505E-15,-1.));
#3700=DIRECTION('',(5.05321549807431E-16,0.499999999999998,-0.86602540378444));
#3701=DIRECTION('',(-1.,0.,0.));
#3702=DIRECTION('',(0.,0.,1.));
#3703=DIRECTION('',(0.,-3.99680288865056E-15,-1.));
#3704=DIRECTION('',(5.05321549807431E-16,1.,-3.60822483003176E-15));
#3705=DIRECTION('',(5.0532154980743E-16,0.866025403784441,0.499999999999996));
#3706=DIRECTION('',(5.0532154980743E-16,0.866025403784437,-0.500000000000003));
#3707=DIRECTION('',(5.05321549807431E-16,1.,-3.60822483003176E-15));
#3708=DIRECTION('',(-1.,0.,0.));
#3709=DIRECTION('',(0.,0.,1.));
#3710=DIRECTION('',(-1.,0.,0.));
#3711=DIRECTION('',(0.,0.,1.));
#3712=DIRECTION('',(-1.,0.,0.));
#3713=DIRECTION('',(-1.1399155092663E-17,0.,1.));
#3714=DIRECTION('',(-1.,0.,0.));
#3715=DIRECTION('',(0.,0.,1.));
#3716=DIRECTION('',(-1.,0.,0.));
#3717=DIRECTION('',(-1.1399155092663E-17,0.,1.));
#3718=DIRECTION('',(-1.,0.,0.));
#3719=DIRECTION('',(0.,0.,1.));
#3720=DIRECTION('',(-1.,0.,0.));
#3721=DIRECTION('',(-1.1399155092663E-17,0.,1.));
#3722=DIRECTION('',(-1.,0.,0.));
#3723=DIRECTION('',(0.,0.,1.));
#3724=DIRECTION('',(-1.,0.,0.));
#3725=DIRECTION('',(-1.1399155092663E-17,0.,1.));
#3726=DIRECTION('',(-1.,0.,0.));
#3727=DIRECTION('',(0.,0.,1.));
#3728=DIRECTION('',(-1.,0.,0.));
#3729=DIRECTION('',(-1.1399155092663E-17,0.,1.));
#3730=DIRECTION('',(-1.,0.,0.));
#3731=DIRECTION('',(0.,0.,1.));
#3732=DIRECTION('',(-1.,0.,0.));
#3733=DIRECTION('',(0.,0.,1.));
#3734=DIRECTION('',(-1.,0.,0.));
#3735=DIRECTION('',(0.,0.,1.));
#3736=DIRECTION('',(-1.,0.,0.));
#3737=DIRECTION('',(0.,0.,1.));
#3738=DIRECTION('',(-1.,0.,0.));
#3739=DIRECTION('',(0.,0.,1.));
#3740=DIRECTION('',(-1.,0.,0.));
#3741=DIRECTION('',(0.,0.,1.));
#3742=DIRECTION('',(-1.,0.,0.));
#3743=DIRECTION('',(0.,0.,1.));
#3744=DIRECTION('',(-1.,0.,0.));
#3745=DIRECTION('',(0.,0.,1.));
#3746=DIRECTION('',(-1.,0.,0.));
#3747=DIRECTION('',(0.,0.,1.));
#3748=DIRECTION('',(-1.,0.,0.));
#3749=DIRECTION('',(0.,0.,1.));
#3750=DIRECTION('',(0.,0.5,-0.866025403784439));
#3751=DIRECTION('',(-1.,0.,0.));
#3752=DIRECTION('',(0.,0.,1.));
#3753=DIRECTION('',(0.,0.866025403784438,-0.500000000000001));
#3754=DIRECTION('',(1.,0.,0.));
#3755=DIRECTION('',(0.,0.,-1.));
#3756=DIRECTION('',(0.,0.86602540378444,0.499999999999999));
#3757=DIRECTION('',(-1.,0.,0.));
#3758=DIRECTION('',(0.,0.,1.));
#3759=DIRECTION('',(0.,-0.499999999999999,-0.866025403784439));
#3760=DIRECTION('',(1.,0.,0.));
#3761=DIRECTION('',(0.,0.,-1.));
#3762=DIRECTION('',(0.,1.,-8.32667268468867E-16));
#3763=DIRECTION('',(-1.,0.,0.));
#3764=DIRECTION('',(0.,0.,1.));
#3765=DIRECTION('',(0.,0.86602540378444,0.499999999999999));
#3766=DIRECTION('',(1.,0.,0.));
#3767=DIRECTION('',(0.,0.,-1.));
#3768=DIRECTION('',(0.,0.500000000000001,0.866025403784438));
#3769=DIRECTION('',(-1.,0.,0.));
#3770=DIRECTION('',(0.,0.,1.));
#3771=DIRECTION('',(0.,2.34291072916505E-15,1.));
#3772=DIRECTION('',(1.,0.,0.));
#3773=DIRECTION('',(0.,0.,-1.));
#3774=DIRECTION('',(0.,-0.499999999999998,0.86602540378444));
#3775=DIRECTION('',(-1.,0.,0.));
#3776=DIRECTION('',(0.,0.,1.));
#3777=DIRECTION('',(0.,-0.866025403784437,0.500000000000003));
#3778=DIRECTION('',(1.,0.,0.));
#3779=DIRECTION('',(0.,0.,-1.));
#3780=DIRECTION('',(-1.,0.,0.));
#3781=DIRECTION('',(-1.,0.,0.));
#3782=DIRECTION('',(0.,0.,1.));
#3783=DIRECTION('',(-1.,0.,0.));
#3784=DIRECTION('',(-1.,0.,0.));
#3785=DIRECTION('',(0.,0.,1.));
#3786=DIRECTION('',(1.,0.,0.));
#3787=DIRECTION('',(-1.,0.,0.));
#3788=DIRECTION('',(0.,0.,1.));
#3789=DIRECTION('',(-1.,0.,0.));
#3790=DIRECTION('',(-1.,0.,0.));
#3791=DIRECTION('',(0.,0.,1.));
#3792=DIRECTION('',(-1.,0.,0.));
#3793=DIRECTION('',(-1.,0.,0.));
#3794=DIRECTION('',(0.,0.,1.));
#3795=DIRECTION('',(-1.,0.,0.));
#3796=DIRECTION('',(-1.,0.,0.));
#3797=DIRECTION('',(0.,0.,1.));
#3798=DIRECTION('',(-1.,0.,0.));
#3799=DIRECTION('',(-1.,0.,0.));
#3800=DIRECTION('',(0.,0.,1.));
#3801=DIRECTION('',(-1.,0.,0.));
#3802=DIRECTION('',(-1.,0.,0.));
#3803=DIRECTION('',(0.,0.,1.));
#3804=DIRECTION('',(-1.,0.,0.));
#3805=DIRECTION('',(-1.,0.,0.));
#3806=DIRECTION('',(0.,0.,1.));
#3807=DIRECTION('',(-1.,0.,0.));
#3808=DIRECTION('',(-1.,0.,0.));
#3809=DIRECTION('',(0.,0.,1.));
#3810=DIRECTION('',(0.,-0.5,0.866025403784439));
#3811=DIRECTION('',(-1.,0.,0.));
#3812=DIRECTION('',(0.,0.,1.));
#3813=DIRECTION('',(0.,-0.866025403784438,0.500000000000001));
#3814=DIRECTION('',(-1.,0.,0.));
#3815=DIRECTION('',(0.,0.,1.));
#3816=DIRECTION('',(0.,-0.86602540378444,-0.499999999999999));
#3817=DIRECTION('',(-1.,0.,0.));
#3818=DIRECTION('',(0.,0.,1.));
#3819=DIRECTION('',(0.,0.499999999999999,0.866025403784439));
#3820=DIRECTION('',(-1.,0.,0.));
#3821=DIRECTION('',(0.,0.,1.));
#3822=DIRECTION('',(0.,-1.,8.32667268468867E-16));
#3823=DIRECTION('',(-1.,0.,0.));
#3824=DIRECTION('',(0.,0.,1.));
#3825=DIRECTION('',(0.,-0.86602540378444,-0.499999999999999));
#3826=DIRECTION('',(-1.,0.,0.));
#3827=DIRECTION('',(0.,0.,1.));
#3828=DIRECTION('',(0.,-0.500000000000001,-0.866025403784438));
#3829=DIRECTION('',(-1.,0.,0.));
#3830=DIRECTION('',(0.,0.,1.));
#3831=DIRECTION('',(0.,-2.34291072916505E-15,-1.));
#3832=DIRECTION('',(-1.,0.,0.));
#3833=DIRECTION('',(0.,0.,1.));
#3834=DIRECTION('',(0.,0.499999999999998,-0.86602540378444));
#3835=DIRECTION('',(-1.,0.,0.));
#3836=DIRECTION('',(0.,0.,1.));
#3837=DIRECTION('',(0.,0.866025403784437,-0.500000000000003));
#3838=DIRECTION('',(-1.,0.,0.));
#3839=DIRECTION('',(0.,0.,1.));
#3840=DIRECTION('',(-1.,0.,0.));
#3841=DIRECTION('',(0.,0.,1.));
#3842=DIRECTION('',(-1.,0.,0.));
#3843=DIRECTION('',(0.,0.,1.));
#3844=DIRECTION('',(-1.,0.,0.));
#3845=DIRECTION('',(0.,0.,1.));
#3846=DIRECTION('',(-1.,0.,0.));
#3847=DIRECTION('',(0.,0.,1.));
#3848=DIRECTION('',(-1.,0.,0.));
#3849=DIRECTION('',(0.,0.,1.));
#3850=DIRECTION('',(-1.,0.,0.));
#3851=DIRECTION('',(0.,0.,1.));
#3852=DIRECTION('',(-1.,0.,0.));
#3853=DIRECTION('',(0.,0.,1.));
#3854=DIRECTION('',(-1.,0.,0.));
#3855=DIRECTION('',(0.,0.,1.));
#3856=DIRECTION('',(-1.,0.,0.));
#3857=DIRECTION('',(0.,0.,1.));
#3858=DIRECTION('',(-1.,0.,0.));
#3859=DIRECTION('',(0.,0.,1.));
#3860=DIRECTION('',(1.,0.,0.));
#3861=DIRECTION('',(-1.98873916297757E-16,0.,-1.));
#3862=DIRECTION('',(1.,0.,0.));
#3863=DIRECTION('',(-1.98873916297757E-16,0.,-1.));
#3864=DIRECTION('',(1.,0.,0.));
#3865=DIRECTION('',(-1.98873916297757E-16,0.,-1.));
#3866=DIRECTION('',(1.,0.,0.));
#3867=DIRECTION('',(-1.98873916297757E-16,0.,-1.));
#3868=DIRECTION('',(1.,0.,0.));
#3869=DIRECTION('',(-1.98873916297757E-16,0.,-1.));
#3870=DIRECTION('',(-1.,0.,0.));
#3871=DIRECTION('',(0.,0.,1.));
#3872=DIRECTION('',(-1.,0.,0.));
#3873=DIRECTION('',(-1.1399155092663E-17,0.,1.));
#3874=DIRECTION('',(-1.,0.,0.));
#3875=DIRECTION('',(0.,0.,1.));
#3876=DIRECTION('',(-1.,0.,0.));
#3877=DIRECTION('',(0.,0.,1.));
#3878=DIRECTION('',(0.,-0.499999999999999,-0.866025403784439));
#3879=DIRECTION('',(-1.,0.,0.));
#3880=DIRECTION('',(0.,0.,1.));
#3881=DIRECTION('',(0.,0.,1.));
#3882=DIRECTION('',(1.,0.,0.));
#3883=DIRECTION('',(0.,0.,-1.));
#3884=DIRECTION('',(-1.,0.,0.));
#3885=DIRECTION('',(-1.,0.,0.));
#3886=DIRECTION('',(0.,0.,1.));
#3887=DIRECTION('',(1.,0.,0.));
#3888=DIRECTION('',(-1.,0.,0.));
#3889=DIRECTION('',(0.,0.,1.));
#3890=DIRECTION('',(0.,0.499999999999999,0.866025403784439));
#3891=DIRECTION('',(-1.,0.,0.));
#3892=DIRECTION('',(0.,0.,1.));
#3893=DIRECTION('',(0.,0.,-1.));
#3894=DIRECTION('',(-1.,0.,0.));
#3895=DIRECTION('',(0.,0.,1.));
#3896=DIRECTION('',(-1.,0.,0.));
#3897=DIRECTION('',(0.,0.,1.));
#3898=DIRECTION('',(-1.,0.,0.));
#3899=DIRECTION('',(0.,0.,1.));
#3900=DIRECTION('',(1.,0.,0.));
#3901=DIRECTION('',(-1.98873916297757E-16,0.,-1.));
#3902=DIRECTION('',(-0.707106781186548,0.,0.707106781186547));
#3903=DIRECTION('',(-0.707106781186548,0.,0.707106781186547));
#3904=DIRECTION('',(0.707106781186547,0.,0.707106781186548));
#3905=DIRECTION('',(0.707106781186548,0.,-0.707106781186547));
#3906=DIRECTION('',(0.,-1.,0.));
#3907=DIRECTION('',(0.,0.,-1.));
#3908=DIRECTION('',(0.,-1.,0.));
#3909=DIRECTION('',(0.,0.,-1.));
#3910=DIRECTION('',(-0.707106781186548,-0.353553390593273,-0.612372435695794));
#3911=DIRECTION('',(-0.707106781186548,-0.353553390593273,-0.612372435695794));
#3912=DIRECTION('',(-0.707106781186547,0.353553390593274,0.612372435695795));
#3913=DIRECTION('',(0.654653670707978,0.,0.755928946018454));
#3914=DIRECTION('',(-7.70371977754894E-34,-0.866025403784439,0.499999999999999));
#3915=DIRECTION('',(0.,-0.499999999999999,-0.866025403784439));
#3916=DIRECTION('',(-7.70371977754894E-34,-0.866025403784439,0.499999999999999));
#3917=DIRECTION('',(0.,-0.499999999999999,-0.866025403784439));
#3918=DIRECTION('',(0.707106781186548,-0.612372435695795,-0.353553390593271));
#3919=DIRECTION('',(0.,-0.499999999999996,0.866025403784441));
#3920=DIRECTION('',(0.,-0.866025403784441,-0.499999999999996));
#3921=DIRECTION('',(0.707106781186548,-0.612372435695795,-0.353553390593271));
#3922=DIRECTION('',(0.707106781186547,0.612372435695797,0.353553390593271));
#3923=DIRECTION('',(0.707106781186548,-0.612372435695796,-0.353553390593271));
#3924=DIRECTION('',(0.,0.499999999999999,-0.866025403784439));
#3925=DIRECTION('',(0.,0.866025403784439,0.499999999999999));
#3926=DIRECTION('',(0.707106781186548,-0.612372435695793,0.353553390593275));
#3927=DIRECTION('',(0.,0.500000000000003,0.866025403784437));
#3928=DIRECTION('',(0.,-0.866025403784437,0.500000000000003));
#3929=DIRECTION('',(0.707106781186548,-0.612372435695793,0.353553390593275));
#3930=DIRECTION('',(0.,0.500000000000003,0.866025403784437));
#3931=DIRECTION('',(0.,-0.866025403784437,0.500000000000003));
#3932=DIRECTION('',(0.707106781186547,0.612372435695794,-0.353553390593276));
#3933=DIRECTION('',(0.707106781186548,-0.612372435695793,0.353553390593275));
#3934=DIRECTION('',(0.707106781186548,1.65668806430732E-15,0.707106781186547));
#3935=DIRECTION('',(0.,1.,-2.34291072916505E-15));
#3936=DIRECTION('',(0.,2.34296089474118E-15,1.));
#3937=DIRECTION('',(0.707106781186548,1.65668806430732E-15,0.707106781186547));
#3938=DIRECTION('',(0.,1.,-2.34291072916505E-15));
#3939=DIRECTION('',(0.,2.34296089474118E-15,1.));
#3940=DIRECTION('',(0.707106781186547,-1.65668806430733E-15,-0.707106781186548));
#3941=DIRECTION('',(0.707106781186548,1.65666091955785E-15,0.707106781186547));
#3942=DIRECTION('',(0.707106781186548,0.612372435695794,0.353553390593272));
#3943=DIRECTION('',(0.,0.499999999999999,-0.866025403784439));
#3944=DIRECTION('',(0.,0.866025403784439,0.499999999999999));
#3945=DIRECTION('',(0.707106781186548,0.612372435695794,0.353553390593272));
#3946=DIRECTION('',(0.,0.499999999999999,-0.866025403784439));
#3947=DIRECTION('',(0.,0.866025403784439,0.499999999999999));
#3948=DIRECTION('',(0.707106781186547,-0.612372435695796,-0.353553390593273));
#3949=DIRECTION('',(0.707106781186548,0.612372435695795,0.353553390593273));
#3950=DIRECTION('',(0.707106781186548,0.612372435695794,-0.353553390593274));
#3951=DIRECTION('',(0.707106781186548,0.612372435695794,-0.353553390593274));
#3952=DIRECTION('',(0.707106781186547,-0.612372435695795,0.353553390593275));
#3953=DIRECTION('',(0.707106781186548,0.612372435695794,-0.353553390593274));
#3954=DIRECTION('',(0.,-0.500000000000001,-0.866025403784438));
#3955=DIRECTION('',(0.,0.866025403784438,-0.500000000000001));
#3956=DIRECTION('',(0.,-0.500000000000001,-0.866025403784438));
#3957=DIRECTION('',(0.,0.866025403784438,-0.500000000000001));
#3958=DIRECTION('',(0.707106781186548,0.707106781186547,-2.94209101525666E-15));
#3959=DIRECTION('',(-7.70371977754894E-34,-8.32667268468867E-16,-1.));
#3960=DIRECTION('',(0.,1.,-8.32667268468867E-16));
#3961=DIRECTION('',(0.707106781186548,0.707106781186547,-2.94209101525666E-15));
#3962=DIRECTION('',(-7.70371977754894E-34,3.60822483003176E-15,1.));
#3963=DIRECTION('',(0.,-1.,3.60822483003176E-15));
#3964=DIRECTION('',(-0.707106781186547,0.707106781186548,-2.83106871279415E-15));
#3965=DIRECTION('',(0.654653670707978,0.654653670707978,0.377964473009224));
#3966=DIRECTION('',(0.707106781186548,0.353553390593272,-0.612372435695795));
#3967=DIRECTION('',(-7.70371977754894E-34,0.86602540378444,0.499999999999998));
#3968=DIRECTION('',(0.,-0.499999999999998,0.86602540378444));
#3969=DIRECTION('',(0.707106781186548,0.353553390593272,-0.612372435695795));
#3970=DIRECTION('',(-7.70371977754894E-34,0.86602540378444,0.499999999999998));
#3971=DIRECTION('',(0.,-0.499999999999998,0.86602540378444));
#3972=DIRECTION('',(-0.707106781186547,0.353553390593272,-0.612372435695796));
#3973=DIRECTION('',(0.654653670707978,0.654653670707976,-0.377964473009229));
#3974=DIRECTION('',(0.707106781186548,-0.353553390593275,-0.612372435695793));
#3975=DIRECTION('',(-7.70371977754894E-34,0.866025403784438,-0.500000000000001));
#3976=DIRECTION('',(0.,0.500000000000001,0.866025403784438));
#3977=DIRECTION('',(0.707106781186548,-0.353553390593275,-0.612372435695793));
#3978=DIRECTION('',(-7.70371977754894E-34,0.866025403784438,-0.500000000000001));
#3979=DIRECTION('',(0.,0.500000000000001,0.866025403784438));
#3980=DIRECTION('',(-0.707106781186547,-0.353553390593275,-0.612372435695794));
#3981=DIRECTION('',(0.654653670707978,-1.7710984588637E-15,-0.755928946018454));
#3982=DIRECTION('',(0.707106781186548,-0.707106781186547,8.88178419700125E-16));
#3983=DIRECTION('',(-7.70371977754894E-34,-8.32667268468867E-16,-1.));
#3984=DIRECTION('',(0.,1.,-8.32667268468867E-16));
#3985=DIRECTION('',(0.707106781186548,-0.707106781186547,8.88178419700125E-16));
#3986=DIRECTION('',(-7.70371977754894E-34,-8.32667268468867E-16,-1.));
#3987=DIRECTION('',(0.,1.,-8.32667268468867E-16));
#3988=DIRECTION('',(-0.707106781186547,-0.707106781186548,7.7715611723761E-16));
#3989=DIRECTION('',(0.654653670707978,-0.654653670707977,-0.377964473009226));
#3990=DIRECTION('',(0.707106781186548,-0.353553390593273,0.612372435695794));
#3991=DIRECTION('',(0.707106781186548,-0.353553390593273,0.612372435695794));
#3992=DIRECTION('',(-0.707106781186547,-0.353553390593274,0.612372435695795));
#3993=DIRECTION('',(0.654653670707978,-0.654653670707976,0.377964473009227));
#3994=DIRECTION('',(-7.70371977754894E-34,-0.866025403784439,-0.5));
#3995=DIRECTION('',(0.,0.5,-0.866025403784439));
#3996=DIRECTION('',(-7.70371977754894E-34,-0.866025403784439,-0.5));
#3997=DIRECTION('',(0.,0.5,-0.866025403784439));
#3998=CARTESIAN_POINT('',(0.,0.,0.));
#3999=CARTESIAN_POINT('',(3.36659707068755E-15,3.27447123400649,8.70982797089727));
#4000=CARTESIAN_POINT('',(3.36659707068755E-15,2.98996738811638,8.82513914255035));
#4001=CARTESIAN_POINT('',(3.36659707068755E-15,3.55897507989659,8.59451679924418));
#4002=CARTESIAN_POINT('',(3.36659707068755E-15,3.50225639733973,8.45457647004699));
#4003=CARTESIAN_POINT('',(3.36659707068755E-15,3.44553771478287,8.3146361408498));
#4004=CARTESIAN_POINT('',(3.36659707068755E-15,3.57463133485551,8.26231369671221));
#4005=CARTESIAN_POINT('',(3.36659707068755E-15,3.70372495492814,8.20999125257463));
#4006=CARTESIAN_POINT('',(3.36659707068755E-15,3.760443637485,8.34993158177182));
#4007=CARTESIAN_POINT('',(3.36659707068755E-15,3.81716232004186,8.48987191096901));
#4008=CARTESIAN_POINT('',(3.36659707068755E-15,3.9034025483273,8.45491821206167));
#4009=CARTESIAN_POINT('',(3.36659707068755E-15,3.98964277661274,8.41996451315433));
#4010=CARTESIAN_POINT('',(3.36659707068755E-15,4.03706449595507,8.53696671977664));
#4011=CARTESIAN_POINT('',(3.36659707068755E-15,4.0844862152974,8.65396892639895));
#4012=CARTESIAN_POINT('',(3.36659707068755E-15,3.99824598701196,8.68892262530629));
#4013=CARTESIAN_POINT('',(3.36659707068755E-15,3.91200575872652,8.72387632421363));
#4014=CARTESIAN_POINT('',(3.36659707068755E-15,4.0907380747888,9.16485728534329));
#4015=CARTESIAN_POINT('',(3.36659707068755E-15,4.26947039085107,9.60583824647295));
#4016=CARTESIAN_POINT('',(3.36659707068755E-15,4.15744700153184,9.65124202031135));
#4017=CARTESIAN_POINT('',(3.36659707068755E-15,4.04542361221261,9.69664579414975));
#4018=CARTESIAN_POINT('',(3.36659707068755E-15,3.56497308054226,9.37753904516499));
#4019=CARTESIAN_POINT('',(3.36659707068755E-15,3.08452254887191,9.05843229618023));
#4020=CARTESIAN_POINT('',(3.36659707068755E-15,3.03724496849414,8.94178571936529));
#4021=CARTESIAN_POINT('',(3.36659707068755E-15,3.49414073507543,8.89323960757909));
#4022=CARTESIAN_POINT('',(3.36659707068755E-15,3.65381851858125,8.8285212124888));
#4023=CARTESIAN_POINT('',(3.36659707068755E-15,3.33446295156961,8.95795800266938));
#4024=CARTESIAN_POINT('',(3.36659707068755E-15,3.59042556340575,9.13080031889733));
#4025=CARTESIAN_POINT('',(3.36659707068755E-15,3.84638817524189,9.30364263512527));
#4026=CARTESIAN_POINT('',(3.36659707068755E-15,3.75010334691157,9.06608192380704));
#4027=CARTESIAN_POINT('',(3.36659707068755E-15,0.,0.));
#4028=CARTESIAN_POINT('',(3.36659707068755E-15,5.74807054814385,7.61631188068538));
#4029=CARTESIAN_POINT('',(0.,6.07652465779448,8.04723404603301));
#4030=CARTESIAN_POINT('',(3.36659707068755E-15,5.4196164384932,7.18538971533775));
#4031=CARTESIAN_POINT('',(3.36659707068755E-15,5.53390847172457,7.09827493908834));
#4032=CARTESIAN_POINT('',(3.36659707068755E-15,5.64820050495594,7.01116016283893));
#4033=CARTESIAN_POINT('',(3.36659707068755E-15,6.10470984644983,7.61008703925162));
#4034=CARTESIAN_POINT('',(3.36659707068755E-15,6.56121918794373,8.20901391566432));
#4035=CARTESIAN_POINT('',(3.36659707068755E-15,6.46844274441279,8.27972924805369));
#4036=CARTESIAN_POINT('',(3.36659707068755E-15,6.37566630088186,8.35044458044307));
#4037=CARTESIAN_POINT('',(0.,6.37566630088186,8.35044458044306));
#4038=CARTESIAN_POINT('',(0.,6.29436285743186,8.29758277022179));
#4039=CARTESIAN_POINT('',(0.,6.19783191630115,8.27031971261379));
#4040=CARTESIAN_POINT('',(0.,5.97470244088951,8.26867757311575));
#4041=CARTESIAN_POINT('',(0.,5.88186177652688,8.28052644953972));
#4042=CARTESIAN_POINT('',(0.,5.80715794690523,8.30658734678425));
#4043=CARTESIAN_POINT('',(0.,5.80715794690523,8.30658734678425));
#4044=CARTESIAN_POINT('',(3.36659707068755E-15,5.72806843041711,8.20282421915097));
#4045=CARTESIAN_POINT('',(3.36659707068755E-15,5.648978913929,8.09906109151769));
#4046=CARTESIAN_POINT('',(0.,5.648978913929,8.09906109151768));
#4047=CARTESIAN_POINT('',(0.,5.79088716243232,8.04976050751087));
#4048=CARTESIAN_POINT('',(0.,5.93335403075779,8.03284336027896));
#4049=CARTESIAN_POINT('',(0.,6.07652465779448,8.04723404603301));
#4050=CARTESIAN_POINT('',(3.36659707068755E-15,0.,0.));
#4051=CARTESIAN_POINT('',(3.36659707068755E-15,4.84272243231031,8.39053681553845));
#4052=CARTESIAN_POINT('',(3.36659707068755E-15,5.08807256674421,8.25065368683555));
#4053=CARTESIAN_POINT('',(3.36659707068755E-15,4.59737229787642,8.53041994424135));
#4054=CARTESIAN_POINT('',(3.36659707068755E-15,4.52619535263289,8.40557806197846));
#4055=CARTESIAN_POINT('',(3.36659707068755E-15,4.45501840738936,8.28073617971555));
#4056=CARTESIAN_POINT('',(3.36659707068755E-15,4.70036854182326,8.14085305101265));
#4057=CARTESIAN_POINT('',(3.36659707068755E-15,4.94571867625715,8.00096992230975));
#4058=CARTESIAN_POINT('',(3.36659707068755E-15,5.01689562150068,8.12581180457265));
#4059=CARTESIAN_POINT('',(3.36659707068755E-15,0.,0.));
#4060=CARTESIAN_POINT('',(3.36659707068755E-15,0.,0.));
#4061=CARTESIAN_POINT('',(0.,1.73239190233063,9.72134618408836));
#4062=CARTESIAN_POINT('',(0.,1.88189459102947,9.73609218858157));
#4063=CARTESIAN_POINT('',(0.,2.01832578886641,9.78047153848342));
#4064=CARTESIAN_POINT('',(0.,2.14226826848015,9.85356861113172));
#4065=CARTESIAN_POINT('',(3.36659707068755E-15,1.73239190233063,9.72134618408836));
#4066=CARTESIAN_POINT('',(0.,2.14226826848015,9.85356861113172));
#4067=CARTESIAN_POINT('',(3.36659707068755E-15,2.02477221019079,9.32463506991813));
#4068=CARTESIAN_POINT('',(3.36659707068755E-15,1.90727615190143,8.79570152870454));
#4069=CARTESIAN_POINT('',(3.36659707068755E-15,2.0475634119471,8.76453844525598));
#4070=CARTESIAN_POINT('',(3.36659707068755E-15,2.18785067199277,8.73337536180742));
#4071=CARTESIAN_POINT('',(3.36659707068755E-15,2.35115521476392,9.46852555630577));
#4072=CARTESIAN_POINT('',(3.36659707068755E-15,2.51445975753507,10.2036757508041));
#4073=CARTESIAN_POINT('',(3.36659707068755E-15,2.40058171466756,10.2289723525888));
#4074=CARTESIAN_POINT('',(3.36659707068755E-15,2.28670367180005,10.2542689543735));
#4075=CARTESIAN_POINT('',(0.,2.28670367180005,10.2542689543735));
#4076=CARTESIAN_POINT('',(0.,2.23505819525895,10.1721874969696));
#4077=CARTESIAN_POINT('',(0.,2.15885476597212,10.1069607059199));
#4078=CARTESIAN_POINT('',(0.,1.95697655233067,10.0119099496023));
#4079=CARTESIAN_POINT('',(0.,1.86772337644193,9.98373805890295));
#4080=CARTESIAN_POINT('',(0.,1.78897640632268,9.97607338523938));
#4081=CARTESIAN_POINT('',(0.,1.78897640632268,9.97607338523938));
#4082=CARTESIAN_POINT('',(3.36659707068755E-15,1.76068415432665,9.84870978466387));
#4083=CARTESIAN_POINT('',(3.36659707068755E-15,0.,0.));
#4084=CARTESIAN_POINT('',(3.36659707068755E-15,7.0644116609869,6.78393943965034));
#4085=CARTESIAN_POINT('',(0.,7.16069409819599,6.85235794807699));
#4086=CARTESIAN_POINT('',(3.36659707068755E-15,6.96812922377781,6.7155209312237));
#4087=CARTESIAN_POINT('',(0.,6.96812922377781,6.7155209312237));
#4088=CARTESIAN_POINT('',(0.,7.01338983440997,6.68799383615554));
#4089=CARTESIAN_POINT('',(0.,7.04860741665249,6.66052033627259));
#4090=CARTESIAN_POINT('',(0.,7.0740795008747,6.63390524129415));
#4091=CARTESIAN_POINT('',(0.,7.0740795008747,6.63390524129415));
#4092=CARTESIAN_POINT('',(0.,7.0740795008747,6.63390524129415));
#4093=CARTESIAN_POINT('',(0.,7.11211252760676,6.59276660610867));
#4094=CARTESIAN_POINT('',(0.,7.12899134367436,6.5438968130812));
#4095=CARTESIAN_POINT('',(0.,7.12094849768585,6.42930976299451));
#4096=CARTESIAN_POINT('',(0.,7.09233502859954,6.37595122050367));
#4097=CARTESIAN_POINT('',(0.,6.98370508106399,6.27413310872576));
#4098=CARTESIAN_POINT('',(0.,6.92556103045872,6.24750972098987));
#4099=CARTESIAN_POINT('',(0.,6.80412963543793,6.24545363633746));
#4100=CARTESIAN_POINT('',(0.,6.75378172928356,6.26637244085129));
#4101=CARTESIAN_POINT('',(0.,6.67531880293924,6.35008469423564));
#4102=CARTESIAN_POINT('',(0.,6.6567425860444,6.3968375884745));
#4103=CARTESIAN_POINT('',(0.,6.65808086211978,6.50511016077841));
#4104=CARTESIAN_POINT('',(0.,6.68904409491775,6.5540122609614));
#4105=CARTESIAN_POINT('',(0.,6.72731273146068,6.61445222568663));
#4106=CARTESIAN_POINT('',(0.,6.72731273146068,6.61445222568663));
#4107=CARTESIAN_POINT('',(3.36659707068755E-15,6.61973620499948,6.70453643712266));
#4108=CARTESIAN_POINT('',(3.36659707068755E-15,6.51215967853828,6.79462064855868));
#4109=CARTESIAN_POINT('',(0.,6.51215967853828,6.79462064855868));
#4110=CARTESIAN_POINT('',(0.,6.43002007933304,6.69764617231826));
#4111=CARTESIAN_POINT('',(0.,6.39097337584222,6.59004653146716));
#4112=CARTESIAN_POINT('',(0.,6.39959976752204,6.35278471490238));
#4113=CARTESIAN_POINT('',(0.,6.4476416839449,6.24397552869799));
#4114=CARTESIAN_POINT('',(0.,6.63841943462155,6.04043436411463));
#4115=CARTESIAN_POINT('',(0.,6.75417065762802,5.98483500301678));
#4116=CARTESIAN_POINT('',(0.,7.02113623415346,5.97131219246074));
#4117=CARTESIAN_POINT('',(0.,7.13596652198971,6.01292747114789));
#4118=CARTESIAN_POINT('',(0.,7.29835149510986,6.16512980318704));
#4119=CARTESIAN_POINT('',(0.,7.33678187617622,6.2369140220009));
#4120=CARTESIAN_POINT('',(0.,7.36000752312854,6.39989127363592));
#4121=CARTESIAN_POINT('',(0.,7.34322966186175,6.47805111466643));
#4122=CARTESIAN_POINT('',(0.,7.29788682795313,6.55336136624711));
#4123=CARTESIAN_POINT('',(0.,7.29788682795313,6.55336136624711));
#4124=CARTESIAN_POINT('',(0.,7.29788682795313,6.55336136624711));
#4125=CARTESIAN_POINT('',(0.,7.45368819692608,6.50216673374361));
#4126=CARTESIAN_POINT('',(0.,7.57945567293498,6.52117166770929));
#4127=CARTESIAN_POINT('',(0.,7.74324051651306,6.67468608881774));
#4128=CARTESIAN_POINT('',(0.,7.77985245551215,6.75738837085145));
#4129=CARTESIAN_POINT('',(0.,7.79257192188124,6.98286255208204));
#4130=CARTESIAN_POINT('',(0.,7.74846589163277,7.09612552570214));
#4131=CARTESIAN_POINT('',(0.,7.59547630615204,7.25935042109705));
#4132=CARTESIAN_POINT('',(0.,7.53310586878577,7.30344865640198));
#4133=CARTESIAN_POINT('',(0.,7.39695350235299,7.35780800624549));
#4134=CARTESIAN_POINT('',(0.,7.33044997331572,7.36647613127113));
#4135=CARTESIAN_POINT('',(0.,7.20034104438538,7.34631291627284));
#4136=CARTESIAN_POINT('',(0.,7.12823664578612,7.31736800558252));
#4137=CARTESIAN_POINT('',(0.,7.04956670510641,7.26887615790757));
#4138=CARTESIAN_POINT('',(0.,7.04956670510641,7.26887615790757));
#4139=CARTESIAN_POINT('',(3.36659707068755E-15,7.12371358839165,7.15666245824667));
#4140=CARTESIAN_POINT('',(3.36659707068755E-15,7.19786047167688,7.04444875858577));
#4141=CARTESIAN_POINT('',(0.,7.19786047167688,7.04444875858577));
#4142=CARTESIAN_POINT('',(0.,7.25098439761538,7.0837227229242));
#4143=CARTESIAN_POINT('',(0.,7.30181400928395,7.10243846368882));
#4144=CARTESIAN_POINT('',(0.,7.39915800199054,7.09874311941872));
#4145=CARTESIAN_POINT('',(0.,7.44006942363572,7.0795027318058));
#4146=CARTESIAN_POINT('',(0.,7.50777321961175,7.00726941617649));
#4147=CARTESIAN_POINT('',(0.,7.52414568268138,6.96791781591094));
#4148=CARTESIAN_POINT('',(0.,7.52139809726171,6.88303261903585));
#4149=CARTESIAN_POINT('',(0.,7.50250633629399,6.84455184454237));
#4150=CARTESIAN_POINT('',(0.,7.42215377200867,6.76923793196438));
#4151=CARTESIAN_POINT('',(0.,7.37326642270348,6.75181672399134));
#4152=CARTESIAN_POINT('',(0.,7.26527100302858,6.76238968069568));
#4153=CARTESIAN_POINT('',(0.,7.21230262613789,6.79449109250722));
#4154=CARTESIAN_POINT('',(0.,7.16069409819599,6.85235794807699));
#4155=CARTESIAN_POINT('',(3.36659707068755E-15,0.,0.));
#4156=CARTESIAN_POINT('',(9.86756174500181E-16,-5.54335192657801,10.6013671810679));
#4157=CARTESIAN_POINT('',(1.73472347597681E-15,-5.54335192657801,10.6013671810679));
#4158=CARTESIAN_POINT('',(1.67523646940377E-15,-6.22458182382458,11.7812919747339));
#4159=CARTESIAN_POINT('',(1.73472347597681E-15,-6.40937733036245,10.1013671810679));
#4160=CARTESIAN_POINT('',(1.73472347597681E-15,-6.40937733036245,10.1013671810679));
#4161=CARTESIAN_POINT('',(9.86756174500181E-16,-6.40937733036245,10.1013671810679));
#4162=CARTESIAN_POINT('',(1.67523646940377E-15,-7.09060722760902,11.2812919747339));
#4163=CARTESIAN_POINT('',(6.7331941413751E-15,0.,0.));
#4164=CARTESIAN_POINT('',(2.18184737258426E-15,-11.2812919747339,7.09060722760903));
#4165=CARTESIAN_POINT('',(-4.54660459486509E-15,0.25,0.433012701892219));
#4166=CARTESIAN_POINT('',(-3.41067819350708E-15,-5.79669331122391,3.92407271283446));
#4167=CARTESIAN_POINT('',(0.,0.,0.));
#4168=CARTESIAN_POINT('',(-1.01838888446494E-15,-0.5,6.98212002188447));
#4169=CARTESIAN_POINT('',(-4.54660459486509E-15,-0.5,0.));
#4170=CARTESIAN_POINT('',(2.18184737258426E-15,-0.5,13.3151890514336));
#4171=CARTESIAN_POINT('',(6.7331941413751E-15,0.,0.));
#4172=CARTESIAN_POINT('',(3.36659707068755E-15,0.,0.));
#4173=CARTESIAN_POINT('',(1.67523646940377E-15,-6.22458182382458,11.7812919747339));
#4174=CARTESIAN_POINT('',(-1.73327711090626,-6.72528847370531,12.648541332015));
#4175=CARTESIAN_POINT('',(-3.46662079473876,-7.22593751128516,13.5156909018637));
#4176=CARTESIAN_POINT('',(-5.2,-7.72655579673291,14.3827872074572));
#4177=CARTESIAN_POINT('',(-5.2,-7.72655579673291,14.3827872074572));
#4178=CARTESIAN_POINT('',(2.18184737258426E-15,-0.5,13.3151890514336));
#4179=CARTESIAN_POINT('',(-0.888388607061724,-0.5,13.8284619498468));
#4180=CARTESIAN_POINT('',(-1.7767951220288,-0.5,14.3417038533147));
#4181=CARTESIAN_POINT('',(-2.66521449865766,-0.5,14.8549234911239));
#4182=CARTESIAN_POINT('',(-3.51013226598055,-0.5,15.3430132400997));
#4183=CARTESIAN_POINT('',(-4.35506172956192,-0.5,15.8310827423336));
#4184=CARTESIAN_POINT('',(-5.19999999999999,-0.5,16.3191369972503));
#4185=CARTESIAN_POINT('',(-5.19999999999999,-0.5,16.3191369972503));
#4186=CARTESIAN_POINT('',(-5.19999999999999,0.,0.));
#4187=CARTESIAN_POINT('',(6.7331941413751E-15,0.,0.));
#4188=CARTESIAN_POINT('',(1.67523646940376E-15,-13.3151890514336,0.500000000000017));
#4189=CARTESIAN_POINT('',(-1.29069380488293,-14.0608966673691,0.500000000000018));
#4190=CARTESIAN_POINT('',(-2.5814250293316,-14.8065395176404,0.500000000000018));
#4191=CARTESIAN_POINT('',(-3.87217955525556,-15.5521420258404,0.500000000000019));
#4192=CARTESIAN_POINT('',(-4.3147836831117,-15.8078116680856,0.500000000000019));
#4193=CARTESIAN_POINT('',(-4.75739062433267,-16.0634764400022,0.500000000000019));
#4194=CARTESIAN_POINT('',(-5.2,-16.3191369972503,0.50000000000002));
#4195=CARTESIAN_POINT('',(1.67523646940376E-15,-13.3151890514336,0.500000000000017));
#4196=CARTESIAN_POINT('',(-5.2,-16.3191369972503,0.50000000000002));
#4197=CARTESIAN_POINT('',(6.7331941413751E-15,0.,0.));
#4198=CARTESIAN_POINT('',(2.18184737258426E-15,-11.7812919747339,6.22458182382459));
#4199=CARTESIAN_POINT('',(2.18184737258426E-15,-11.7812919747339,6.22458182382459));
#4200=CARTESIAN_POINT('',(-1.73327711090625,-12.6485413320149,6.72528847370533));
#4201=CARTESIAN_POINT('',(-3.46662079473875,-13.5156909018637,7.22593751128518));
#4202=CARTESIAN_POINT('',(-5.2,-14.3827872074572,7.72655579673293));
#4203=CARTESIAN_POINT('',(-5.2,-14.3827872074572,7.72655579673293));
#4204=CARTESIAN_POINT('',(-5.19999999999999,0.,0.));
#4205=CARTESIAN_POINT('',(6.7331941413751E-15,0.,0.));
#4206=CARTESIAN_POINT('',(1.67523646940376E-15,-7.09060722760904,-11.2812919747339));
#4207=CARTESIAN_POINT('',(-1.73327711090626,-7.59131387748978,-12.1485413320149));
#4208=CARTESIAN_POINT('',(-3.46662079473875,-8.09196291506963,-13.0156909018637));
#4209=CARTESIAN_POINT('',(-5.2,-8.59258120051739,-13.8827872074572));
#4210=CARTESIAN_POINT('',(1.67523646940376E-15,-7.09060722760904,-11.2812919747339));
#4211=CARTESIAN_POINT('',(-5.2,-8.59258120051739,-13.8827872074572));
#4212=CARTESIAN_POINT('',(6.7331941413751E-15,0.,0.));
#4213=CARTESIAN_POINT('',(2.18184737258426E-15,-11.2812919747339,-7.090607227609));
#4214=CARTESIAN_POINT('',(2.18184737258426E-15,-11.2812919747339,-7.090607227609));
#4215=CARTESIAN_POINT('',(-1.73327711090626,-12.148541332015,-7.59131387748973));
#4216=CARTESIAN_POINT('',(-3.46662079473875,-13.0156909018637,-8.09196291506958));
#4217=CARTESIAN_POINT('',(-5.2,-13.8827872074573,-8.59258120051733));
#4218=CARTESIAN_POINT('',(-5.2,-13.8827872074573,-8.59258120051733));
#4219=CARTESIAN_POINT('',(-5.19999999999999,0.,0.));
#4220=CARTESIAN_POINT('',(6.7331941413751E-15,0.,0.));
#4221=CARTESIAN_POINT('',(1.67523646940376E-15,6.22458182382455,-11.7812919747339));
#4222=CARTESIAN_POINT('',(-1.73327711090626,6.72528847370528,-12.648541332015));
#4223=CARTESIAN_POINT('',(-3.46662079473875,7.22593751128513,-13.5156909018637));
#4224=CARTESIAN_POINT('',(-5.2,7.72655579673288,-14.3827872074573));
#4225=CARTESIAN_POINT('',(1.67523646940376E-15,6.22458182382455,-11.7812919747339));
#4226=CARTESIAN_POINT('',(-5.2,7.72655579673288,-14.3827872074573));
#4227=CARTESIAN_POINT('',(6.7331941413751E-15,0.,0.));
#4228=CARTESIAN_POINT('',(2.18184737258426E-15,0.499999999999969,-13.3151890514336));
#4229=CARTESIAN_POINT('',(2.18184737258426E-15,0.499999999999969,-13.3151890514336));
#4230=CARTESIAN_POINT('',(-1.73327711090618,0.499999999999966,-14.316602351195));
#4231=CARTESIAN_POINT('',(-3.46662079473859,0.499999999999964,-15.3179004263547));
#4232=CARTESIAN_POINT('',(-5.19999999999976,0.499999999999962,-16.3191369972501));
#4233=CARTESIAN_POINT('',(-5.19999999999976,0.499999999999962,-16.3191369972501));
#4234=CARTESIAN_POINT('',(-5.19999999999999,0.,0.));
#4235=CARTESIAN_POINT('',(6.7331941413751E-15,0.,0.));
#4236=CARTESIAN_POINT('',(1.67523646940377E-15,13.3151890514336,0.499999999999946));
#4237=CARTESIAN_POINT('',(-1.73327711090343,14.3166023511934,0.499999999999945));
#4238=CARTESIAN_POINT('',(-3.4666207947031,15.3179004264034,0.499999999999993));
#4239=CARTESIAN_POINT('',(-5.19999999996152,16.3191369972973,0.499999999999992));
#4240=CARTESIAN_POINT('',(1.67523646940377E-15,13.3151890514336,0.499999999999946));
#4241=CARTESIAN_POINT('',(-5.19999999996152,16.3191369972973,0.499999999999992));
#4242=CARTESIAN_POINT('',(-5.19999999999999,0.,0.));
#4243=CARTESIAN_POINT('',(-5.19999999999999,14.3827872074573,7.72655579673286));
#4244=CARTESIAN_POINT('',(2.18184737258426E-15,11.7812919747339,6.22458182382453));
#4245=CARTESIAN_POINT('',(-1.73327711090626,12.648541332015,6.72528847370526));
#4246=CARTESIAN_POINT('',(-3.46662079473875,13.5156909018637,7.22593751128511));
#4247=CARTESIAN_POINT('',(-5.19999999999999,14.3827872074573,7.72655579673286));
#4248=CARTESIAN_POINT('',(2.18184737258426E-15,11.7812919747339,6.22458182382453));
#4249=CARTESIAN_POINT('',(6.7331941413751E-15,0.,0.));
#4250=CARTESIAN_POINT('',(6.7331941413751E-15,0.,0.));
#4251=CARTESIAN_POINT('',(1.67523646940376E-15,13.3151890514336,-0.500000000000055));
#4252=CARTESIAN_POINT('',(-1.29069380488293,14.0608966673691,-0.500000000000058));
#4253=CARTESIAN_POINT('',(-2.58142502933159,14.8065395176404,-0.500000000000059));
#4254=CARTESIAN_POINT('',(-3.87217955525555,15.5521420258404,-0.500000000000062));
#4255=CARTESIAN_POINT('',(-4.31478368311169,15.8078116680855,-0.500000000000063));
#4256=CARTESIAN_POINT('',(-4.75739062433266,16.0634764400022,-0.500000000000064));
#4257=CARTESIAN_POINT('',(-5.2,16.3191369972503,-0.500000000000065));
#4258=CARTESIAN_POINT('',(1.67523646940376E-15,13.3151890514336,-0.500000000000055));
#4259=CARTESIAN_POINT('',(-5.2,16.3191369972503,-0.500000000000065));
#4260=CARTESIAN_POINT('',(6.7331941413751E-15,0.,0.));
#4261=CARTESIAN_POINT('',(2.18184737258426E-15,11.7812919747339,-6.22458182382462));
#4262=CARTESIAN_POINT('',(2.18184737258426E-15,11.7812919747339,-6.22458182382462));
#4263=CARTESIAN_POINT('',(-1.73327711090626,12.6485413320149,-6.72528847370535));
#4264=CARTESIAN_POINT('',(-3.46662079473875,13.5156909018637,-7.22593751128521));
#4265=CARTESIAN_POINT('',(-5.2,14.3827872074572,-7.72655579673296));
#4266=CARTESIAN_POINT('',(-5.2,14.3827872074572,-7.72655579673296));
#4267=CARTESIAN_POINT('',(-5.19999999999999,0.,0.));
#4268=CARTESIAN_POINT('',(6.7331941413751E-15,0.,0.));
#4269=CARTESIAN_POINT('',(-5.2,-7.72655579673291,14.3827872074572));
#4270=CARTESIAN_POINT('',(-5.21931104705836,-7.7321330317887,14.3924472619396));
#4271=CARTESIAN_POINT('',(-5.24080523988241,-7.73612595595771,14.3993632094711));
#4272=CARTESIAN_POINT('',(-5.26271502067057,-7.7382056342847,14.4029653179969));
#4273=CARTESIAN_POINT('',(-5.28469953445397,-7.74029240627419,14.4065797131065));
#4274=CARTESIAN_POINT('',(-5.30770795130501,-7.74050992014531,14.4069564581826));
#4275=CARTESIAN_POINT('',(-5.32983450750439,-7.73884012776355,14.4040642929393));
#4276=CARTESIAN_POINT('',(-5.35195847130935,-7.73717053101822,14.4011724665482));
#4277=CARTESIAN_POINT('',(-5.3738108599919,-7.7335680740272,14.3949328280077));
#4278=CARTESIAN_POINT('',(-5.3935828612155,-7.72833147314436,14.3858627692197));
#4279=CARTESIAN_POINT('',(-5.41335733919976,-7.72309421629316,14.3767915742611));
#4280=CARTESIAN_POINT('',(-5.43159608809746,-7.71607809837247,14.3646393015506));
#4281=CARTESIAN_POINT('',(-5.44679089015737,-7.70786433846589,14.3504126520712));
#4282=CARTESIAN_POINT('',(-5.46199134481653,-7.69964752296879,14.3361807101538));
#4283=CARTESIAN_POINT('',(-5.47456466174671,-7.69000573534553,14.3194806441145));
#4284=CARTESIAN_POINT('',(-5.48347192828592,-7.67973711016615,14.30169486358));
#4285=CARTESIAN_POINT('',(-5.49238330262849,-7.66946374935964,14.2839008806986));
#4286=CARTESIAN_POINT('',(-5.49787097147312,-7.65827976705388,14.2645296551141));
#4287=CARTESIAN_POINT('',(-5.4994816277153,-7.6471107681262,14.2451843815017));
#4288=CARTESIAN_POINT('',(-5.49982698602899,-7.64471590165232,14.2410363510916));
#4289=CARTESIAN_POINT('',(-5.49999999999999,-7.64231326498839,14.2368748623175));
#4290=CARTESIAN_POINT('',(-5.49999999999999,-7.63991218116666,14.232716063145));
#4291=CARTESIAN_POINT('',(-5.49999999999999,-7.63991218116666,14.232716063145));
#4292=CARTESIAN_POINT('',(-5.19999999999999,-0.5,16.3191369972503));
#4293=CARTESIAN_POINT('',(-5.21578742756432,-0.5,16.328256150053));
#4294=CARTESIAN_POINT('',(-5.23299102819998,-0.5,16.3352597839449));
#4295=CARTESIAN_POINT('',(-5.25065887568084,-0.5,16.3397596708692));
#4296=CARTESIAN_POINT('',(-5.27234630018932,-0.5,16.3452833181653));
#4297=CARTESIAN_POINT('',(-5.29528681848736,-0.5,16.3471380628154));
#4298=CARTESIAN_POINT('',(-5.31757990482519,-0.5,16.3451699767409));
#4299=CARTESIAN_POINT('',(-5.33986798206002,-0.5,16.3432023328817));
#4300=CARTESIAN_POINT('',(-5.36212358048659,-0.5,16.337359397209));
#4301=CARTESIAN_POINT('',(-5.38250420179777,-0.5,16.3281257476514));
#4302=CARTESIAN_POINT('',(-5.40288626327041,-0.5,16.3188914456139));
#4303=CARTESIAN_POINT('',(-5.42195502793132,-0.5,16.3060115110351));
#4304=CARTESIAN_POINT('',(-5.4381333634744,-0.5,16.2905531080436));
#4305=CARTESIAN_POINT('',(-5.45431713812917,-0.5,16.2750895079796));
#4306=CARTESIAN_POINT('',(-5.46805471648126,-0.5,16.256619576694));
#4307=CARTESIAN_POINT('',(-5.47821085795314,-0.5,16.2366723894383));
#4308=CARTESIAN_POINT('',(-5.48837166687007,-0.5,16.216716035079));
#4309=CARTESIAN_POINT('',(-5.49522791662791,-0.5,16.1947309693537));
#4310=CARTESIAN_POINT('',(-5.49821324174692,-0.5,16.1725366919135));
#4311=CARTESIAN_POINT('',(-5.49940175901019,-0.5,16.1637007089529));
#4312=CARTESIAN_POINT('',(-5.49999999999999,-0.5,16.1547653237652));
#4313=CARTESIAN_POINT('',(-5.49999999999999,-0.5,16.1458497661178));
#4314=CARTESIAN_POINT('',(-5.49999999999999,-0.5,16.1458497661178));
#4315=CARTESIAN_POINT('',(-5.49999999999999,0.,0.));
#4316=CARTESIAN_POINT('',(-5.29999999999999,0.,0.));
#4317=CARTESIAN_POINT('',(-5.2,-16.3191369972503,0.50000000000002));
#4318=CARTESIAN_POINT('',(-5.20154497559707,-16.3200294079035,0.50000000000002));
#4319=CARTESIAN_POINT('',(-5.2031020348605,-16.3209012182745,0.50000000000002));
#4320=CARTESIAN_POINT('',(-5.2046703416111,-16.3217519593078,0.50000000000002));
#4321=CARTESIAN_POINT('',(-5.22434812689919,-16.3324263375065,0.50000000000002));
#4322=CARTESIAN_POINT('',(-5.24614102851274,-16.3398497343583,0.50000000000002));
#4323=CARTESIAN_POINT('',(-5.26824330843355,-16.3434059691755,0.50000000000002));
#4324=CARTESIAN_POINT('',(-5.2903370299755,-16.3469608269581,0.50000000000002));
#4325=CARTESIAN_POINT('',(-5.3133493719285,-16.3467496003057,0.50000000000002));
#4326=CARTESIAN_POINT('',(-5.33537412300552,-16.3427898167986,0.50000000000002));
#4327=CARTESIAN_POINT('',(-5.35739556038973,-16.3388306290533,0.50000000000002));
#4328=CARTESIAN_POINT('',(-5.37903695759691,-16.331014941863,0.50000000000002));
#4329=CARTESIAN_POINT('',(-5.39850710879229,-16.3199907827342,0.50000000000002));
#4330=CARTESIAN_POINT('',(-5.4106805482703,-16.3130980815629,0.50000000000002));
#4331=CARTESIAN_POINT('',(-5.4221891536367,-16.3048762597155,0.50000000000002));
#4332=CARTESIAN_POINT('',(-5.43265620321988,-16.2955949434734,0.50000000000002));
#4333=CARTESIAN_POINT('',(-5.44941314254338,-16.2807362718033,0.50000000000002));
#4334=CARTESIAN_POINT('',(-5.46383485646714,-16.2627786342164,0.50000000000002));
#4335=CARTESIAN_POINT('',(-5.47472811848212,-16.2432104973106,0.50000000000002));
#4336=CARTESIAN_POINT('',(-5.48562124279577,-16.2236426077649,0.50000000000002));
#4337=CARTESIAN_POINT('',(-5.4932865834919,-16.2019246995782,0.500000000000019));
#4338=CARTESIAN_POINT('',(-5.49709078780659,-16.1798545729787,0.500000000000019));
#4339=CARTESIAN_POINT('',(-5.49902321864764,-16.1686435575394,0.500000000000019));
#4340=CARTESIAN_POINT('',(-5.49999999999999,-16.1572261080666,0.500000000000021));
#4341=CARTESIAN_POINT('',(-5.49999999999999,-16.1458497661178,0.500000000000021));
#4342=CARTESIAN_POINT('',(-5.49999999999999,-16.1458497661178,0.500000000000021));
#4343=CARTESIAN_POINT('',(-5.2,-14.3827872074572,7.72655579673293));
#4344=CARTESIAN_POINT('',(-5.21931104705836,-14.3924472619396,7.73213303178872));
#4345=CARTESIAN_POINT('',(-5.2408052398824,-14.3993632094711,7.73612595595773));
#4346=CARTESIAN_POINT('',(-5.26271502067056,-14.4029653179969,7.73820563428472));
#4347=CARTESIAN_POINT('',(-5.28469953445397,-14.4065797131065,7.74029240627421));
#4348=CARTESIAN_POINT('',(-5.30770795130501,-14.4069564581826,7.74050992014532));
#4349=CARTESIAN_POINT('',(-5.32983450750439,-14.4040642929393,7.73884012776356));
#4350=CARTESIAN_POINT('',(-5.35195847130935,-14.4011724665482,7.73717053101824));
#4351=CARTESIAN_POINT('',(-5.3738108599919,-14.3949328280077,7.73356807402722));
#4352=CARTESIAN_POINT('',(-5.3935828612155,-14.3858627692197,7.72833147314437));
#4353=CARTESIAN_POINT('',(-5.41335733919976,-14.3767915742611,7.72309421629317));
#4354=CARTESIAN_POINT('',(-5.43159608809746,-14.3646393015506,7.71607809837249));
#4355=CARTESIAN_POINT('',(-5.44679089015737,-14.3504126520712,7.70786433846591));
#4356=CARTESIAN_POINT('',(-5.46199134481653,-14.3361807101538,7.6996475229688));
#4357=CARTESIAN_POINT('',(-5.47456466174671,-14.3194806441145,7.69000573534555));
#4358=CARTESIAN_POINT('',(-5.48347192828591,-14.30169486358,7.67973711016617));
#4359=CARTESIAN_POINT('',(-5.49238330262849,-14.2839008806986,7.66946374935966));
#4360=CARTESIAN_POINT('',(-5.49787097147312,-14.2645296551141,7.6582797670539));
#4361=CARTESIAN_POINT('',(-5.4994816277153,-14.2451843815017,7.64711076812622));
#4362=CARTESIAN_POINT('',(-5.49982698602899,-14.2410363510915,7.64471590165234));
#4363=CARTESIAN_POINT('',(-5.49999999999999,-14.2368748623175,7.6423132649884));
#4364=CARTESIAN_POINT('',(-5.49999999999999,-14.232716063145,7.63991218116668));
#4365=CARTESIAN_POINT('',(-5.49999999999999,-14.232716063145,7.63991218116668));
#4366=CARTESIAN_POINT('',(-5.49999999999999,0.,0.));
#4367=CARTESIAN_POINT('',(-5.29999999999999,0.,0.));
#4368=CARTESIAN_POINT('',(-5.2,-8.59258120051739,-13.8827872074572));
#4369=CARTESIAN_POINT('',(-5.21931104706097,-8.59815843557393,-13.8924472619409));
#4370=CARTESIAN_POINT('',(-5.24080523988827,-8.60215135974326,-13.899363209473));
#4371=CARTESIAN_POINT('',(-5.26271502067959,-8.60423103807003,-13.9029653179983));
#4372=CARTESIAN_POINT('',(-5.28469953446318,-8.60631781005902,-13.9065797131071));
#4373=CARTESIAN_POINT('',(-5.30770795131424,-8.6065353239296,-13.9069564581823));
#4374=CARTESIAN_POINT('',(-5.32983450751347,-8.60486553154734,-13.9040642929381));
#4375=CARTESIAN_POINT('',(-5.35195847131827,-8.6031959348015,-13.9011724665462));
#4376=CARTESIAN_POINT('',(-5.37381086000049,-8.59959347780998,-13.8949328280048));
#4377=CARTESIAN_POINT('',(-5.39358286122361,-8.59435687692668,-13.8858627692159));
#4378=CARTESIAN_POINT('',(-5.41335733920739,-8.58911962007502,-13.8767915742566));
#4379=CARTESIAN_POINT('',(-5.43159608810445,-8.58210350215392,-13.8646393015453));
#4380=CARTESIAN_POINT('',(-5.4467908901636,-8.57388974224699,-13.8504126520653));
#4381=CARTESIAN_POINT('',(-5.46199134482201,-8.56567292674954,-13.8361807101473));
#4382=CARTESIAN_POINT('',(-5.47456466175131,-8.556031139126,-13.8194806441076));
#4383=CARTESIAN_POINT('',(-5.48347192828957,-8.54576251394641,-13.8016948635727));
#4384=CARTESIAN_POINT('',(-5.4923833026312,-8.53548915313969,-13.7839008806909));
#4385=CARTESIAN_POINT('',(-5.4978709714748,-8.52430517083381,-13.7645296551062));
#4386=CARTESIAN_POINT('',(-5.49948162771596,-8.51313617190609,-13.7451843814937));
#4387=CARTESIAN_POINT('',(-5.49982698602921,-8.51074130543373,-13.7410363510862));
#4388=CARTESIAN_POINT('',(-5.49999999999999,-8.50833866877133,-13.7368748623148));
#4389=CARTESIAN_POINT('',(-5.49999999999999,-8.50593758495114,-13.732716063145));
#4390=CARTESIAN_POINT('',(-5.49999999999999,-8.50593758495114,-13.732716063145));
#4391=CARTESIAN_POINT('',(-5.2,-13.8827872074573,-8.59258120051733));
#4392=CARTESIAN_POINT('',(-5.21931104705959,-13.8924472619403,-8.59815843557348));
#4393=CARTESIAN_POINT('',(-5.24080523988518,-13.899363209472,-8.60215135974264));
#4394=CARTESIAN_POINT('',(-5.26271502067483,-13.9029653179976,-8.60423103806953));
#4395=CARTESIAN_POINT('',(-5.28469953445832,-13.9065797131068,-8.60631781005878));
#4396=CARTESIAN_POINT('',(-5.30770795130937,-13.9069564581825,-8.60653532392964));
#4397=CARTESIAN_POINT('',(-5.32983450750868,-13.9040642929387,-8.60486553154765));
#4398=CARTESIAN_POINT('',(-5.35195847131356,-13.9011724665473,-8.60319593480208));
#4399=CARTESIAN_POINT('',(-5.37381085999596,-13.8949328280063,-8.59959347781082));
#4400=CARTESIAN_POINT('',(-5.39358286121933,-13.8858627692179,-8.59435687692776));
#4401=CARTESIAN_POINT('',(-5.41335733920336,-13.876791574259,-8.58911962007635));
#4402=CARTESIAN_POINT('',(-5.43159608810076,-13.8646393015481,-8.58210350215546));
#4403=CARTESIAN_POINT('',(-5.44679089016031,-13.8504126520685,-8.57388974224872));
#4404=CARTESIAN_POINT('',(-5.46199134481912,-13.8361807101508,-8.56567292675145));
#4405=CARTESIAN_POINT('',(-5.47456466174889,-13.8194806441113,-8.55603113912806));
#4406=CARTESIAN_POINT('',(-5.48347192828764,-13.8016948635765,-8.54576251394858));
#4407=CARTESIAN_POINT('',(-5.49238330262977,-13.783900880695,-8.53548915314197));
#4408=CARTESIAN_POINT('',(-5.49787097147391,-13.7645296551104,-8.52430517083616));
#4409=CARTESIAN_POINT('',(-5.49948162771561,-13.7451843814979,-8.51313617190846));
#4410=CARTESIAN_POINT('',(-5.4998269860291,-13.7410363510891,-8.5107413054353));
#4411=CARTESIAN_POINT('',(-5.49999999999999,-13.7368748623162,-8.50833866877209));
#4412=CARTESIAN_POINT('',(-5.49999999999999,-13.732716063145,-8.50593758495109));
#4413=CARTESIAN_POINT('',(-5.49999999999999,-13.732716063145,-8.50593758495109));
#4414=CARTESIAN_POINT('',(-5.49999999999999,0.,0.));
#4415=CARTESIAN_POINT('',(-5.29999999999999,0.,0.));
#4416=CARTESIAN_POINT('',(-5.2,7.72655579673288,-14.3827872074573));
#4417=CARTESIAN_POINT('',(-5.21931104705838,7.73213303178867,-14.3924472619397));
#4418=CARTESIAN_POINT('',(-5.24080523988246,7.73612595595769,-14.3993632094712));
#4419=CARTESIAN_POINT('',(-5.26271502067065,7.73820563428467,-14.4029653179969));
#4420=CARTESIAN_POINT('',(-5.28469953445406,7.74029240627416,-14.4065797131065));
#4421=CARTESIAN_POINT('',(-5.3077079513051,7.74050992014527,-14.4069564581826));
#4422=CARTESIAN_POINT('',(-5.32983450750448,7.73884012776351,-14.4040642929393));
#4423=CARTESIAN_POINT('',(-5.35195847130943,7.73717053101818,-14.4011724665482));
#4424=CARTESIAN_POINT('',(-5.37381085999198,7.73356807402715,-14.3949328280077));
#4425=CARTESIAN_POINT('',(-5.39358286121557,7.7283314731443,-14.3858627692196));
#4426=CARTESIAN_POINT('',(-5.41335733919983,7.7230942162931,-14.3767915742611));
#4427=CARTESIAN_POINT('',(-5.43159608809752,7.71607809837241,-14.3646393015505));
#4428=CARTESIAN_POINT('',(-5.44679089015742,7.70786433846583,-14.3504126520712));
#4429=CARTESIAN_POINT('',(-5.46199134481658,7.69964752296872,-14.3361807101538));
#4430=CARTESIAN_POINT('',(-5.47456466174676,7.69000573534546,-14.3194806441145));
#4431=CARTESIAN_POINT('',(-5.48347192828595,7.67973711016608,-14.3016948635799));
#4432=CARTESIAN_POINT('',(-5.49238330262851,7.66946374935956,-14.2839008806985));
#4433=CARTESIAN_POINT('',(-5.49787097147313,7.65827976705381,-14.264529655114));
#4434=CARTESIAN_POINT('',(-5.4994816277153,7.64711076812613,-14.2451843815016));
#4435=CARTESIAN_POINT('',(-5.49982698602899,7.64471590165226,-14.2410363510915));
#4436=CARTESIAN_POINT('',(-5.49999999999999,7.64231326498834,-14.2368748623175));
#4437=CARTESIAN_POINT('',(-5.49999999999999,7.63991218116663,-14.2327160631451));
#4438=CARTESIAN_POINT('',(-5.49999999999999,7.63991218116663,-14.2327160631451));
#4439=CARTESIAN_POINT('',(-5.19999999999976,0.499999999999962,-16.3191369972501));
#4440=CARTESIAN_POINT('',(-5.20032806619126,0.499999999999962,-16.3193264952363));
#4441=CARTESIAN_POINT('',(-5.20065667222909,0.499999999999962,-16.3195150616783));
#4442=CARTESIAN_POINT('',(-5.20098581015557,0.499999999999962,-16.3197026920013));
#4443=CARTESIAN_POINT('',(-5.22043474073674,0.499999999999962,-16.3307898649861));
#4444=CARTESIAN_POINT('',(-5.24206693476769,0.499999999999962,-16.3386712713327));
#4445=CARTESIAN_POINT('',(-5.26408997501136,0.499999999999962,-16.3426927143538));
#4446=CARTESIAN_POINT('',(-5.28610426528741,0.499999999999962,-16.3467125596166));
#4447=CARTESIAN_POINT('',(-5.30911639791356,0.499999999999962,-16.346986415511));
#4448=CARTESIAN_POINT('',(-5.33122011013426,0.499999999999962,-16.3434915566641));
#4449=CARTESIAN_POINT('',(-5.35332010069607,0.499999999999962,-16.3399972862556));
#4450=CARTESIAN_POINT('',(-5.37512140881411,0.499999999999962,-16.3326393131649));
#4451=CARTESIAN_POINT('',(-5.39481948574887,0.499999999999962,-16.3220277499627));
#4452=CARTESIAN_POINT('',(-5.40713522867336,0.499999999999962,-16.3153931284787));
#4453=CARTESIAN_POINT('',(-5.4188142893432,0.499999999999962,-16.3074156837143));
#4454=CARTESIAN_POINT('',(-5.42947434356012,0.499999999999962,-16.2983570430817));
#4455=CARTESIAN_POINT('',(-5.44654008378605,0.499999999999962,-16.2838550147909));
#4456=CARTESIAN_POINT('',(-5.46133644302512,0.499999999999962,-16.2662055931248));
#4457=CARTESIAN_POINT('',(-5.47263914496826,0.499999999999962,-16.2468717563925));
#4458=CARTESIAN_POINT('',(-5.48394170153333,0.499999999999962,-16.2275381683366));
#4459=CARTESIAN_POINT('',(-5.49206255946385,0.499999999999962,-16.2059871217903));
#4460=CARTESIAN_POINT('',(-5.49633071824503,0.499999999999962,-16.1840026219634));
#4461=CARTESIAN_POINT('',(-5.49876569481952,0.499999999999962,-16.1714605060711));
#4462=CARTESIAN_POINT('',(-5.49999999999999,0.499999999999962,-16.1586260637808));
#4463=CARTESIAN_POINT('',(-5.49999999999999,0.499999999999962,-16.1458497661178));
#4464=CARTESIAN_POINT('',(-5.49999999999999,0.499999999999962,-16.1458497661178));
#4465=CARTESIAN_POINT('',(-5.49999999999999,0.,0.));
#4466=CARTESIAN_POINT('',(-5.29999999999999,0.,0.));
#4467=CARTESIAN_POINT('',(-5.19999999996152,16.3191369972973,0.499999999999992));
#4468=CARTESIAN_POINT('',(-5.21028625929931,16.3250785587263,0.499999999999992));
#4469=CARTESIAN_POINT('',(-5.22114674783867,16.330119742555,0.499999999999992));
#4470=CARTESIAN_POINT('',(-5.23232435449981,16.3341409852371,0.499999999999992));
#4471=CARTESIAN_POINT('',(-5.25337869858853,16.3417154714093,0.499999999999992));
#4472=CARTESIAN_POINT('',(-5.27603107661836,16.3457596702952,0.499999999999992));
#4473=CARTESIAN_POINT('',(-5.29840575883129,16.3459381125819,0.499999999999992));
#4474=CARTESIAN_POINT('',(-5.32078682173588,16.3461166057558,0.499999999999992));
#4475=CARTESIAN_POINT('',(-5.34350748839322,16.3424319968716,0.499999999999992));
#4476=CARTESIAN_POINT('',(-5.36468527947406,16.3351901047508,0.499999999999992));
#4477=CARTESIAN_POINT('',(-5.38587256859929,16.3279449647081,0.499999999999992));
#4478=CARTESIAN_POINT('',(-5.40610046247133,16.316939384507,0.499999999999992));
#4479=CARTESIAN_POINT('',(-5.42369305599046,16.3030868061194,0.499999999999992));
#4480=CARTESIAN_POINT('',(-5.44129303825046,16.2892284097657,0.499999999999992));
#4481=CARTESIAN_POINT('',(-5.45674151226871,16.2721380841576,0.499999999999992));
#4482=CARTESIAN_POINT('',(-5.468759363348,16.2532334344521,0.499999999999992));
#4483=CARTESIAN_POINT('',(-5.48077971367491,16.2343248533117,0.499999999999992));
#4484=CARTESIAN_POINT('',(-5.48969994562393,16.2130793317825,0.499999999999993));
#4485=CARTESIAN_POINT('',(-5.49478221341736,16.191257466216,0.499999999999993));
#4486=CARTESIAN_POINT('',(-5.4982380434568,16.1764190787861,0.499999999999993));
#4487=CARTESIAN_POINT('',(-5.49999999999999,16.1610852675136,0.499999999999994));
#4488=CARTESIAN_POINT('',(-5.49999999999999,16.1458497661178,0.499999999999994));
#4489=CARTESIAN_POINT('',(-5.49999999999999,16.1458497661178,0.499999999999994));
#4490=CARTESIAN_POINT('',(-5.49999999999999,0.,0.));
#4491=CARTESIAN_POINT('',(-5.49999999999999,14.2327160631451,7.63991218116661));
#4492=CARTESIAN_POINT('',(-5.19999999999999,14.3827872074573,7.72655579673286));
#4493=CARTESIAN_POINT('',(-5.21931104705835,14.3924472619397,7.73213303178864));
#4494=CARTESIAN_POINT('',(-5.2408052398824,14.3993632094712,7.73612595595766));
#4495=CARTESIAN_POINT('',(-5.26271502067057,14.4029653179969,7.73820563428464));
#4496=CARTESIAN_POINT('',(-5.28469953445397,14.4065797131065,7.74029240627414));
#4497=CARTESIAN_POINT('',(-5.30770795130501,14.4069564581826,7.74050992014525));
#4498=CARTESIAN_POINT('',(-5.32983450750439,14.4040642929393,7.73884012776349));
#4499=CARTESIAN_POINT('',(-5.35195847130935,14.4011724665483,7.73717053101816));
#4500=CARTESIAN_POINT('',(-5.3738108599919,14.3949328280077,7.73356807402714));
#4501=CARTESIAN_POINT('',(-5.3935828612155,14.3858627692197,7.7283314731443));
#4502=CARTESIAN_POINT('',(-5.41335733919976,14.3767915742611,7.7230942162931));
#4503=CARTESIAN_POINT('',(-5.43159608809746,14.3646393015506,7.71607809837241));
#4504=CARTESIAN_POINT('',(-5.44679089015737,14.3504126520712,7.70786433846583));
#4505=CARTESIAN_POINT('',(-5.46199134481653,14.3361807101538,7.69964752296873));
#4506=CARTESIAN_POINT('',(-5.47456466174671,14.3194806441146,7.69000573534548));
#4507=CARTESIAN_POINT('',(-5.48347192828591,14.30169486358,7.6797371101661));
#4508=CARTESIAN_POINT('',(-5.49238330262849,14.2839008806986,7.66946374935958));
#4509=CARTESIAN_POINT('',(-5.49787097147312,14.2645296551141,7.65827976705383));
#4510=CARTESIAN_POINT('',(-5.4994816277153,14.2451843815017,7.64711076812615));
#4511=CARTESIAN_POINT('',(-5.49982698602899,14.2410363510916,7.64471590165226));
#4512=CARTESIAN_POINT('',(-5.49999999999999,14.2368748623175,7.64231326498833));
#4513=CARTESIAN_POINT('',(-5.49999999999999,14.2327160631451,7.63991218116661));
#4514=CARTESIAN_POINT('',(-5.29999999999999,0.,0.));
#4515=CARTESIAN_POINT('',(-5.2,16.3191369972503,-0.500000000000065));
#4516=CARTESIAN_POINT('',(-5.21756021027117,16.3292801469216,-0.500000000000065));
#4517=CARTESIAN_POINT('',(-5.23689897223657,16.3368052960659,-0.500000000000065));
#4518=CARTESIAN_POINT('',(-5.25669665740532,16.3411980323408,-0.500000000000065));
#4519=CARTESIAN_POINT('',(-5.27854441226739,16.3460456407602,-0.500000000000065));
#4520=CARTESIAN_POINT('',(-5.30153069523858,16.3471873776058,-0.500000000000065));
#4521=CARTESIAN_POINT('',(-5.32375127196651,16.3445284925427,-0.500000000000065));
#4522=CARTESIAN_POINT('',(-5.34596741094891,16.3418701384944,-0.500000000000065));
#4523=CARTESIAN_POINT('',(-5.36803080778021,16.3353394631411,-0.500000000000065));
#4524=CARTESIAN_POINT('',(-5.38811502905143,16.3254780365983,-0.500000000000065));
#4525=CARTESIAN_POINT('',(-5.40820122437523,16.3156156407884,-0.500000000000065));
#4526=CARTESIAN_POINT('',(-5.42686163531378,16.3021500915468,-0.500000000000065));
#4527=CARTESIAN_POINT('',(-5.44255304137982,16.2861969768237,-0.500000000000065));
#4528=CARTESIAN_POINT('',(-5.45825001553014,16.2702382011493,-0.500000000000065));
#4529=CARTESIAN_POINT('',(-5.47140863653942,16.25135031157,-0.500000000000065));
#4530=CARTESIAN_POINT('',(-5.48094157089087,16.231096899977,-0.500000000000065));
#4531=CARTESIAN_POINT('',(-5.49047890216598,16.2108341468002,-0.500000000000064));
#4532=CARTESIAN_POINT('',(-5.49665018472663,16.1886460486907,-0.500000000000064));
#4533=CARTESIAN_POINT('',(-5.49894563944765,16.1663689137363,-0.500000000000064));
#4534=CARTESIAN_POINT('',(-5.49964762254275,16.159556245204,-0.500000000000064));
#4535=CARTESIAN_POINT('',(-5.49999999999999,16.152698505622,-0.500000000000066));
#4536=CARTESIAN_POINT('',(-5.49999999999999,16.1458497661178,-0.500000000000066));
#4537=CARTESIAN_POINT('',(-5.49999999999999,16.1458497661178,-0.500000000000066));
#4538=CARTESIAN_POINT('',(-5.2,14.3827872074572,-7.72655579673296));
#4539=CARTESIAN_POINT('',(-5.21931104705836,14.3924472619396,-7.73213303178875));
#4540=CARTESIAN_POINT('',(-5.2408052398824,14.3993632094711,-7.73612595595776));
#4541=CARTESIAN_POINT('',(-5.26271502067056,14.4029653179968,-7.73820563428475));
#4542=CARTESIAN_POINT('',(-5.28469953445397,14.4065797131065,-7.74029240627425));
#4543=CARTESIAN_POINT('',(-5.30770795130501,14.4069564581826,-7.74050992014535));
#4544=CARTESIAN_POINT('',(-5.32983450750439,14.4040642929393,-7.7388401277636));
#4545=CARTESIAN_POINT('',(-5.35195847130935,14.4011724665482,-7.73717053101827));
#4546=CARTESIAN_POINT('',(-5.3738108599919,14.3949328280077,-7.73356807402725));
#4547=CARTESIAN_POINT('',(-5.3935828612155,14.3858627692196,-7.7283314731444));
#4548=CARTESIAN_POINT('',(-5.41335733919975,14.3767915742611,-7.72309421629321));
#4549=CARTESIAN_POINT('',(-5.43159608809746,14.3646393015506,-7.71607809837252));
#4550=CARTESIAN_POINT('',(-5.44679089015737,14.3504126520712,-7.70786433846594));
#4551=CARTESIAN_POINT('',(-5.46199134481653,14.3361807101538,-7.69964752296884));
#4552=CARTESIAN_POINT('',(-5.47456466174671,14.3194806441145,-7.69000573534558));
#4553=CARTESIAN_POINT('',(-5.48347192828591,14.3016948635799,-7.6797371101662));
#4554=CARTESIAN_POINT('',(-5.49238330262849,14.2839008806986,-7.66946374935969));
#4555=CARTESIAN_POINT('',(-5.49787097147312,14.2645296551141,-7.65827976705393));
#4556=CARTESIAN_POINT('',(-5.4994816277153,14.2451843815016,-7.64711076812625));
#4557=CARTESIAN_POINT('',(-5.49982698602899,14.2410363510915,-7.64471590165237));
#4558=CARTESIAN_POINT('',(-5.49999999999999,14.2368748623175,-7.64231326498844));
#4559=CARTESIAN_POINT('',(-5.49999999999999,14.232716063145,-7.63991218116671));
#4560=CARTESIAN_POINT('',(-5.49999999999999,14.232716063145,-7.63991218116671));
#4561=CARTESIAN_POINT('',(-5.49999999999999,0.,0.));
#4562=CARTESIAN_POINT('',(-5.29999999999999,0.,0.));
#4563=CARTESIAN_POINT('',(-5.49999999999999,-6.5616968793294,12.3651923788647));
#4564=CARTESIAN_POINT('',(-5.49999999999999,-6.86270522028652,12.8865541189044));
#4565=CARTESIAN_POINT('',(-5.49999999999999,-0.5,16.1535898384862));
#4566=CARTESIAN_POINT('',(-5.49999999999999,-0.5,14.5914358443575));
#4567=CARTESIAN_POINT('',(-5.49999999999999,0.,0.));
#4568=CARTESIAN_POINT('',(-5.49999999999999,0.,16.1535898384862));
#4569=CARTESIAN_POINT('',(-5.49999999999999,-1.30342318925443E-14,0.500000000000007));
#4570=CARTESIAN_POINT('',(-5.49999999999999,-14.5914358443575,0.500000000000018));
#4571=CARTESIAN_POINT('',(-5.49999999999999,-7.24470958122163,3.60538475772935));
#4572=CARTESIAN_POINT('',(-5.49999999999999,-12.8865541189044,6.86270522028653));
#4573=CARTESIAN_POINT('',(-5.49999999999999,0.,0.));
#4574=CARTESIAN_POINT('',(-5.49999999999999,0.,16.1535898384862));
#4575=CARTESIAN_POINT('',(-5.49999999999999,6.56169687932941,12.3651923788647));
#4576=CARTESIAN_POINT('',(-5.49999999999999,-7.72873062407099,-12.3865541189044));
#4577=CARTESIAN_POINT('',(-5.49999999999999,7.24470958122161,3.60538475772931));
#4578=CARTESIAN_POINT('',(-5.49999999999999,-12.3865541189044,-7.72873062407094));
#4579=CARTESIAN_POINT('',(-5.49999999999999,0.,0.));
#4580=CARTESIAN_POINT('',(-5.49999999999999,0.,16.1535898384862));
#4581=CARTESIAN_POINT('',(-5.49999999999999,-7.42772228311383,11.8651923788647));
#4582=CARTESIAN_POINT('',(-5.49999999999999,6.86270522028649,-12.8865541189044));
#4583=CARTESIAN_POINT('',(-5.49999999999999,0.500000000000038,16.1535898384862));
#4584=CARTESIAN_POINT('',(-5.49999999999999,0.499999999999966,-14.5914358443575));
#4585=CARTESIAN_POINT('',(-5.49999999999999,0.,0.));
#4586=CARTESIAN_POINT('',(-5.49999999999999,0.,16.1535898384862));
#4587=CARTESIAN_POINT('',(-5.49999999999999,-1.30342318925443E-14,0.500000000000007));
#4588=CARTESIAN_POINT('',(-5.49999999999999,14.5914358443575,0.499999999999994));
#4589=CARTESIAN_POINT('',(-5.49999999999999,0.,0.));
#4590=CARTESIAN_POINT('',(-5.49999999999999,12.8865541189045,6.86270522028647));
#4591=CARTESIAN_POINT('',(-5.49999999999999,7.24470958122158,3.60538475772927));
#4592=CARTESIAN_POINT('',(-5.49999999999999,0.,16.1535898384862));
#4593=CARTESIAN_POINT('',(-5.49999999999999,-6.00898963643906E-14,-0.500000000000007));
#4594=CARTESIAN_POINT('',(-5.49999999999999,14.5914358443575,-0.500000000000059));
#4595=CARTESIAN_POINT('',(-5.49999999999999,-6.74470958122164,4.47141016151382));
#4596=CARTESIAN_POINT('',(-5.49999999999999,12.8865541189044,-6.86270522028656));
#4597=CARTESIAN_POINT('',(-5.49999999999999,0.,0.));
#4598=CARTESIAN_POINT('',(-5.49999999999999,0.,16.1535898384862));
#4599=CARTESIAN_POINT('',(3.85185988877452E-34,-6.86270522028652,12.8865541189044));
#4600=CARTESIAN_POINT('',(-9.1,-6.86270522028652,12.8865541189044));
#4601=CARTESIAN_POINT('',(0.,-0.5,14.5914358443575));
#4602=CARTESIAN_POINT('',(-9.1,-0.5,14.5914358443575));
#4603=CARTESIAN_POINT('',(-9.1,0.,0.));
#4604=CARTESIAN_POINT('',(0.,0.,0.));
#4605=CARTESIAN_POINT('',(3.85185988877452E-34,-14.5914358443575,0.500000000000018));
#4606=CARTESIAN_POINT('',(-9.1,-14.5914358443575,0.500000000000018));
#4607=CARTESIAN_POINT('',(0.,-12.8865541189044,6.86270522028653));
#4608=CARTESIAN_POINT('',(-9.1,-12.8865541189044,6.86270522028653));
#4609=CARTESIAN_POINT('',(-9.1,0.,0.));
#4610=CARTESIAN_POINT('',(0.,0.,0.));
#4611=CARTESIAN_POINT('',(3.85185988877452E-34,-7.72873062407099,-12.3865541189044));
#4612=CARTESIAN_POINT('',(-9.1,-7.72873062407099,-12.3865541189044));
#4613=CARTESIAN_POINT('',(0.,-12.3865541189044,-7.72873062407094));
#4614=CARTESIAN_POINT('',(-9.1,-12.3865541189044,-7.72873062407095));
#4615=CARTESIAN_POINT('',(-9.1,0.,0.));
#4616=CARTESIAN_POINT('',(0.,0.,0.));
#4617=CARTESIAN_POINT('',(3.85185988877452E-34,6.86270522028649,-12.8865541189044));
#4618=CARTESIAN_POINT('',(-9.1,6.86270522028649,-12.8865541189044));
#4619=CARTESIAN_POINT('',(0.,0.499999999999966,-14.5914358443575));
#4620=CARTESIAN_POINT('',(-9.1,0.499999999999966,-14.5914358443575));
#4621=CARTESIAN_POINT('',(-9.1,0.,0.));
#4622=CARTESIAN_POINT('',(0.,0.,0.));
#4623=CARTESIAN_POINT('',(3.85185988877452E-34,14.5914358443575,0.499999999999994));
#4624=CARTESIAN_POINT('',(-9.1,14.5914358443575,0.499999999999994));
#4625=CARTESIAN_POINT('',(-9.1,0.,0.));
#4626=CARTESIAN_POINT('',(-9.1,12.8865541189045,6.86270522028647));
#4627=CARTESIAN_POINT('',(0.,12.8865541189045,6.86270522028647));
#4628=CARTESIAN_POINT('',(0.,0.,0.));
#4629=CARTESIAN_POINT('',(3.85185988877452E-34,14.5914358443575,-0.500000000000059));
#4630=CARTESIAN_POINT('',(-9.1,14.5914358443575,-0.500000000000058));
#4631=CARTESIAN_POINT('',(0.,12.8865541189044,-6.86270522028656));
#4632=CARTESIAN_POINT('',(-9.1,12.8865541189044,-6.86270522028657));
#4633=CARTESIAN_POINT('',(-9.1,0.,0.));
#4634=CARTESIAN_POINT('',(0.,0.,0.));
#4635=CARTESIAN_POINT('',(-9.1,-5.88897274573419,11.2));
#4636=CARTESIAN_POINT('',(-9.1,-7.69827086927724,14.3337962760156));
#4637=CARTESIAN_POINT('',(-9.1,-0.5,14.6));
#4638=CARTESIAN_POINT('',(-9.09999999999925,-0.5,16.2625671423388));
#4639=CARTESIAN_POINT('',(-9.1,0.,0.));
#4640=CARTESIAN_POINT('',(-9.1,0.,14.6));
#4641=CARTESIAN_POINT('',(-9.1,-1.1740608485411E-14,0.500000000000006));
#4642=CARTESIAN_POINT('',(-9.09999999997859,-16.262567142342,0.50000000000002));
#4643=CARTESIAN_POINT('',(-9.1,-6.57198544762642,3.21698729810779));
#4644=CARTESIAN_POINT('',(-9.1,-14.3337962760156,7.69827086927725));
#4645=CARTESIAN_POINT('',(-9.1,0.,0.));
#4646=CARTESIAN_POINT('',(-9.1,0.,14.6));
#4647=CARTESIAN_POINT('',(-9.1,5.8889727457342,11.2));
#4648=CARTESIAN_POINT('',(-9.1,-8.56429627306171,-13.8337962760156));
#4649=CARTESIAN_POINT('',(-9.1,6.5719854476264,3.21698729810776));
#4650=CARTESIAN_POINT('',(-9.1,-13.8337962760156,-8.56429627306166));
#4651=CARTESIAN_POINT('',(-9.1,0.,0.));
#4652=CARTESIAN_POINT('',(-9.1,0.,14.6));
#4653=CARTESIAN_POINT('',(-9.1,-6.75499814951862,10.7));
#4654=CARTESIAN_POINT('',(-9.1,7.6982708692772,-14.3337962760156));
#4655=CARTESIAN_POINT('',(-9.1,0.500000000000034,14.6));
#4656=CARTESIAN_POINT('',(-9.09999999996245,0.499999999999962,-16.2625671423447));
#4657=CARTESIAN_POINT('',(-9.1,0.,0.));
#4658=CARTESIAN_POINT('',(-9.1,0.,14.6));
#4659=CARTESIAN_POINT('',(-9.1,-1.1740608485411E-14,0.500000000000006));
#4660=CARTESIAN_POINT('',(-9.09999999999937,16.262567142339,0.499999999999992));
#4661=CARTESIAN_POINT('',(-9.1,0.,0.));
#4662=CARTESIAN_POINT('',(-9.1,14.3337962760156,7.69827086927718));
#4663=CARTESIAN_POINT('',(-9.1,6.57198544762638,3.21698729810773));
#4664=CARTESIAN_POINT('',(-9.1,0.,14.6));
#4665=CARTESIAN_POINT('',(-9.1,-5.44841949334797E-14,-0.500000000000006));
#4666=CARTESIAN_POINT('',(-9.09999999999829,16.2625671423387,-0.500000000000065));
#4667=CARTESIAN_POINT('',(-9.1,-6.07198544762643,4.08301270189226));
#4668=CARTESIAN_POINT('',(-9.1,14.3337962760156,-7.69827086927729));
#4669=CARTESIAN_POINT('',(-9.1,0.,0.));
#4670=CARTESIAN_POINT('',(-9.1,0.,14.6));
#4671=CARTESIAN_POINT('',(-9.1,-7.69827086927724,14.3337962760156));
#4672=CARTESIAN_POINT('',(-9.1,-7.70864657953539,14.3517675333473));
#4673=CARTESIAN_POINT('',(-9.10330503982448,-7.71914544326478,14.3699520987484));
#4674=CARTESIAN_POINT('',(-9.10968008736144,-7.72901940172056,14.3870542964656));
#4675=CARTESIAN_POINT('',(-9.11656314212706,-7.73968018446931,14.4055193138349));
#4676=CARTESIAN_POINT('',(-9.12722281512526,-7.74989387580132,14.4232099461548));
#4677=CARTESIAN_POINT('',(-9.14077713866053,-7.75881388016892,14.4386598469232));
#4678=CARTESIAN_POINT('',(-9.15432780541159,-7.76773147803272,14.4541055795048));
#4679=CARTESIAN_POINT('',(-9.17114565410743,-7.77560215399763,14.4677379901659));
#4680=CARTESIAN_POINT('',(-9.18983790543517,-7.78177294236584,14.4784261091424));
#4681=CARTESIAN_POINT('',(-9.20852194380597,-7.78794101942773,14.4891095319986));
#4682=CARTESIAN_POINT('',(-9.22959441633048,-7.79258088313159,14.4971460116739));
#4683=CARTESIAN_POINT('',(-9.25130934037819,-7.79530742223865,14.5018685159361));
#4684=CARTESIAN_POINT('',(-9.27301518271729,-7.79803282104084,14.5065890451324));
#4685=CARTESIAN_POINT('',(-9.29596178417628,-7.79892168302326,14.5081285992469));
#4686=CARTESIAN_POINT('',(-9.31824813482815,-7.7979002427661,14.5063594128246));
#4687=CARTESIAN_POINT('',(-9.32145165142116,-7.79775341743504,14.5061051038913));
#4688=CARTESIAN_POINT('',(-9.32464900856846,-7.79756786363203,14.505783715277));
#4689=CARTESIAN_POINT('',(-9.32783462019201,-7.7973439061266,14.5053958094989));
#4690=CARTESIAN_POINT('',(-9.32783462019201,-7.7973439061266,14.5053958094989));
#4691=CARTESIAN_POINT('',(-9.09999999999925,-0.5,16.2625671423388));
#4692=CARTESIAN_POINT('',(-9.09999999999924,-0.5,16.2782250434297));
#4693=CARTESIAN_POINT('',(-9.10186239080334,-0.5,16.2939896034441));
#4694=CARTESIAN_POINT('',(-9.10551119883007,-0.5,16.309216424076));
#4695=CARTESIAN_POINT('',(-9.11073243135261,-0.5,16.3310051206902));
#4696=CARTESIAN_POINT('',(-9.11978782917095,-0.5,16.3521930199715));
#4697=CARTESIAN_POINT('',(-9.13192833902142,-0.5,16.3710242862532));
#4698=CARTESIAN_POINT('',(-9.14406629842266,-0.5,16.3898515965075));
#4699=CARTESIAN_POINT('',(-9.15962317779192,-0.5,16.4068427715463));
#4700=CARTESIAN_POINT('',(-9.17731086324966,-0.5,16.4205884418823));
#4701=CARTESIAN_POINT('',(-9.19499118731001,-0.5,16.4343283914393));
#4702=CARTESIAN_POINT('',(-9.21528855590353,-0.5,16.4452046444312));
#4703=CARTESIAN_POINT('',(-9.23652130882938,-0.5,16.4523145161527));
#4704=CARTESIAN_POINT('',(-9.25774470762951,-0.5,16.4594212556079));
#4705=CARTESIAN_POINT('',(-9.28048825764076,-0.5,16.4629609884193));
#4706=CARTESIAN_POINT('',(-9.30286760804962,-0.5,16.462639931428));
#4707=CARTESIAN_POINT('',(-9.3112138307295,-0.5,16.4625201954619));
#4708=CARTESIAN_POINT('',(-9.31956884576537,-0.5,16.46187543067));
#4709=CARTESIAN_POINT('',(-9.32783462019201,-0.5,16.4607132160377));
#4710=CARTESIAN_POINT('',(-9.32783462019201,-0.5,16.4607132160377));
#4711=CARTESIAN_POINT('',(-9.32783462019201,0.,0.));
#4712=CARTESIAN_POINT('',(-9.3,0.,0.));
#4713=CARTESIAN_POINT('',(-9.09999999997859,-16.262567142342,0.50000000000002));
#4714=CARTESIAN_POINT('',(-9.09999999997874,-16.2721108314562,0.50000000000002));
#4715=CARTESIAN_POINT('',(-9.10068596118652,-16.2816788298865,0.50000000000002));
#4716=CARTESIAN_POINT('',(-9.10204742293099,-16.2911249096991,0.50000000000002));
#4717=CARTESIAN_POINT('',(-9.10524372104712,-16.3133014322731,0.50000000000002));
#4718=CARTESIAN_POINT('',(-9.11231298576782,-16.3352321038131,0.50000000000002));
#4719=CARTESIAN_POINT('',(-9.12267062227631,-16.3551000136448,0.50000000000002));
#4720=CARTESIAN_POINT('',(-9.13302689120932,-16.3749653002075,0.50000000000002));
#4721=CARTESIAN_POINT('',(-9.14695658833298,-16.3933165067028,0.50000000000002));
#4722=CARTESIAN_POINT('',(-9.16330661440356,-16.4086318115945,0.50000000000002));
#4723=CARTESIAN_POINT('',(-9.17965049839053,-16.4239413631079,0.50000000000002));
#4724=CARTESIAN_POINT('',(-9.19886405102305,-16.4366397237871,0.50000000000002));
#4725=CARTESIAN_POINT('',(-9.21935558855708,-16.4456730952957,0.50000000000002));
#4726=CARTESIAN_POINT('',(-9.23217910118913,-16.4513261388245,0.50000000000002));
#4727=CARTESIAN_POINT('',(-9.24567382447026,-16.4556470549789,0.50000000000002));
#4728=CARTESIAN_POINT('',(-9.25939596659432,-16.4584934900985,0.50000000000002));
#4729=CARTESIAN_POINT('',(-9.28130478508266,-16.4630381180298,0.50000000000002));
#4730=CARTESIAN_POINT('',(-9.30430040221757,-16.4638628147277,0.50000000000002));
#4731=CARTESIAN_POINT('',(-9.32647847146534,-16.4608991657893,0.50000000000002));
#4732=CARTESIAN_POINT('',(-9.32693073059674,-16.4608387305333,0.50000000000002));
#4733=CARTESIAN_POINT('',(-9.32738278547058,-16.4607767465549,0.50000000000002));
#4734=CARTESIAN_POINT('',(-9.32783462019201,-16.4607132160377,0.50000000000002));
#4735=CARTESIAN_POINT('',(-9.32783462019201,-16.4607132160377,0.50000000000002));
#4736=CARTESIAN_POINT('',(-9.1,-14.3337962760156,7.69827086927725));
#4737=CARTESIAN_POINT('',(-9.1,-14.3517675333473,7.70864657953541));
#4738=CARTESIAN_POINT('',(-9.10330503982448,-14.3699520987484,7.71914544326482));
#4739=CARTESIAN_POINT('',(-9.10968008736146,-14.3870542964657,7.7290194017206));
#4740=CARTESIAN_POINT('',(-9.11656314212708,-14.4055193138349,7.73968018446935));
#4741=CARTESIAN_POINT('',(-9.12722281512529,-14.4232099461548,7.74989387580135));
#4742=CARTESIAN_POINT('',(-9.14077713866056,-14.4386598469232,7.75881388016895));
#4743=CARTESIAN_POINT('',(-9.15432780541162,-14.4541055795048,7.76773147803276));
#4744=CARTESIAN_POINT('',(-9.17114565410746,-14.4677379901659,7.77560215399766));
#4745=CARTESIAN_POINT('',(-9.18983790543521,-14.4784261091424,7.78177294236587));
#4746=CARTESIAN_POINT('',(-9.20852194380601,-14.4891095319986,7.78794101942776));
#4747=CARTESIAN_POINT('',(-9.22959441633053,-14.4971460116739,7.79258088313161));
#4748=CARTESIAN_POINT('',(-9.25130934037824,-14.5018685159361,7.79530742223867));
#4749=CARTESIAN_POINT('',(-9.27301518271734,-14.5065890451324,7.79803282104086));
#4750=CARTESIAN_POINT('',(-9.29596178417633,-14.5081285992469,7.79892168302327));
#4751=CARTESIAN_POINT('',(-9.3182481348282,-14.5063594128246,7.79790024276612));
#4752=CARTESIAN_POINT('',(-9.32145165142119,-14.5061051038913,7.79775341743506));
#4753=CARTESIAN_POINT('',(-9.32464900856848,-14.505783715277,7.79756786363204));
#4754=CARTESIAN_POINT('',(-9.32783462019201,-14.5053958094988,7.79734390612662));
#4755=CARTESIAN_POINT('',(-9.32783462019201,-14.5053958094988,7.79734390612662));
#4756=CARTESIAN_POINT('',(-9.32783462019201,0.,0.));
#4757=CARTESIAN_POINT('',(-9.3,0.,0.));
#4758=CARTESIAN_POINT('',(-9.1,-8.56429627306171,-13.8337962760156));
#4759=CARTESIAN_POINT('',(-9.1,-8.57467198331985,-13.8517675333473));
#4760=CARTESIAN_POINT('',(-9.10330503982447,-8.58517084704923,-13.8699520987483));
#4761=CARTESIAN_POINT('',(-9.10968008736142,-8.595044805505,-13.8870542964655));
#4762=CARTESIAN_POINT('',(-9.11656314212703,-8.60570558825375,-13.9055193138348));
#4763=CARTESIAN_POINT('',(-9.12722281512523,-8.61591927958576,-13.9232099461547));
#4764=CARTESIAN_POINT('',(-9.14077713866048,-8.62483928395336,-13.9386598469231));
#4765=CARTESIAN_POINT('',(-9.15432780541154,-8.63375688181717,-13.9541055795047));
#4766=CARTESIAN_POINT('',(-9.17114565410737,-8.64162755778207,-13.9677379901658));
#4767=CARTESIAN_POINT('',(-9.18983790543511,-8.64779834615029,-13.9784261091423));
#4768=CARTESIAN_POINT('',(-9.20852194380591,-8.65396642321218,-13.9891095319985));
#4769=CARTESIAN_POINT('',(-9.22959441633042,-8.65860628691605,-13.9971460116738));
#4770=CARTESIAN_POINT('',(-9.25130934037813,-8.66133282602311,-14.0018685159361));
#4771=CARTESIAN_POINT('',(-9.27301518271722,-8.66405822482531,-14.0065890451324));
#4772=CARTESIAN_POINT('',(-9.29596178417621,-8.66494708680772,-14.0081285992468));
#4773=CARTESIAN_POINT('',(-9.31824813482808,-8.66392564655057,-14.0063594128246));
#4774=CARTESIAN_POINT('',(-9.32145165142111,-8.66377882121951,-14.0061051038913));
#4775=CARTESIAN_POINT('',(-9.32464900856844,-8.6635932674165,-14.005783715277));
#4776=CARTESIAN_POINT('',(-9.32783462019201,-8.66336930991107,-14.0053958094988));
#4777=CARTESIAN_POINT('',(-9.32783462019201,-8.66336930991107,-14.0053958094988));
#4778=CARTESIAN_POINT('',(-9.1,-13.8337962760156,-8.56429627306166));
#4779=CARTESIAN_POINT('',(-9.1,-13.8517675333473,-8.5746719833198));
#4780=CARTESIAN_POINT('',(-9.10330503982447,-13.8699520987484,-8.58517084704918));
#4781=CARTESIAN_POINT('',(-9.10968008736142,-13.8870542964656,-8.59504480550495));
#4782=CARTESIAN_POINT('',(-9.11656314212704,-13.9055193138349,-8.6057055882537));
#4783=CARTESIAN_POINT('',(-9.12722281512523,-13.9232099461547,-8.61591927958571));
#4784=CARTESIAN_POINT('',(-9.14077713866049,-13.9386598469232,-8.62483928395331));
#4785=CARTESIAN_POINT('',(-9.15432780541154,-13.9541055795047,-8.63375688181712));
#4786=CARTESIAN_POINT('',(-9.17114565410737,-13.9677379901659,-8.64162755778203));
#4787=CARTESIAN_POINT('',(-9.18983790543511,-13.9784261091424,-8.64779834615024));
#4788=CARTESIAN_POINT('',(-9.20852194380591,-13.9891095319986,-8.65396642321213));
#4789=CARTESIAN_POINT('',(-9.22959441633042,-13.9971460116739,-8.658606286916));
#4790=CARTESIAN_POINT('',(-9.25130934037813,-14.0018685159361,-8.66133282602307));
#4791=CARTESIAN_POINT('',(-9.27301518271722,-14.0065890451324,-8.66405822482526));
#4792=CARTESIAN_POINT('',(-9.29596178417621,-14.0081285992469,-8.66494708680768));
#4793=CARTESIAN_POINT('',(-9.31824813482808,-14.0063594128246,-8.66392564655052));
#4794=CARTESIAN_POINT('',(-9.32145165142111,-14.0061051038914,-8.66377882121946));
#4795=CARTESIAN_POINT('',(-9.32464900856844,-14.005783715277,-8.66359326741645));
#4796=CARTESIAN_POINT('',(-9.32783462019201,-14.0053958094989,-8.66336930991102));
#4797=CARTESIAN_POINT('',(-9.32783462019201,-14.0053958094989,-8.66336930991102));
#4798=CARTESIAN_POINT('',(-9.32783462019201,0.,0.));
#4799=CARTESIAN_POINT('',(-9.3,0.,0.));
#4800=CARTESIAN_POINT('',(-9.1,7.6982708692772,-14.3337962760156));
#4801=CARTESIAN_POINT('',(-9.1,7.70864657953627,-14.3517675333489));
#4802=CARTESIAN_POINT('',(-9.10330503982508,7.71914544326662,-14.3699520987517));
#4803=CARTESIAN_POINT('',(-9.10968008736316,7.72901940172318,-14.3870542964702));
#4804=CARTESIAN_POINT('',(-9.11656314212937,7.73968018447183,-14.4055193138394));
#4805=CARTESIAN_POINT('',(-9.12722281512814,7.74989387580369,-14.423209946159));
#4806=CARTESIAN_POINT('',(-9.1407771386639,7.7588138801711,-14.4386598469271));
#4807=CARTESIAN_POINT('',(-9.15432780541546,7.76773147803472,-14.4541055795083));
#4808=CARTESIAN_POINT('',(-9.17114565411173,7.77560215399939,-14.467737990169));
#4809=CARTESIAN_POINT('',(-9.18983790543982,7.78177294236734,-14.4784261091451));
#4810=CARTESIAN_POINT('',(-9.20852194381096,7.78794101942897,-14.4891095320008));
#4811=CARTESIAN_POINT('',(-9.22959441633573,7.79258088313254,-14.4971460116756));
#4812=CARTESIAN_POINT('',(-9.2513093403836,7.7953074222393,-14.5018685159373));
#4813=CARTESIAN_POINT('',(-9.27301518272284,7.79803282104119,-14.5065890451331));
#4814=CARTESIAN_POINT('',(-9.29596178418188,7.79892168302328,-14.508128599247));
#4815=CARTESIAN_POINT('',(-9.31824813483369,7.79790024276581,-14.5063594128242));
#4816=CARTESIAN_POINT('',(-9.32145165142485,7.79775341743479,-14.506105103891));
#4817=CARTESIAN_POINT('',(-9.3246490085703,7.79756786363186,-14.5057837152768));
#4818=CARTESIAN_POINT('',(-9.32783462019201,7.79734390612657,-14.5053958094989));
#4819=CARTESIAN_POINT('',(-9.32783462019201,7.79734390612657,-14.5053958094989));
#4820=CARTESIAN_POINT('',(-9.09999999996245,0.499999999999962,-16.2625671423447));
#4821=CARTESIAN_POINT('',(-9.09999999996275,0.499999999999962,-16.272668044929));
#4822=CARTESIAN_POINT('',(-9.1007688706829,0.499999999999962,-16.2827977549809));
#4823=CARTESIAN_POINT('',(-9.10229348368064,0.499999999999962,-16.2927829334081));
#4824=CARTESIAN_POINT('',(-9.10567536020764,0.499999999999962,-16.3149319250481));
#4825=CARTESIAN_POINT('',(-9.11292803055196,0.499999999999962,-16.3368026484673));
#4826=CARTESIAN_POINT('',(-9.12345171749764,0.499999999999962,-16.3565831169295));
#4827=CARTESIAN_POINT('',(-9.13397393769032,0.499999999999962,-16.3763608284623));
#4828=CARTESIAN_POINT('',(-9.14805676836213,0.499999999999962,-16.3945945896853));
#4829=CARTESIAN_POINT('',(-9.1645344066777,0.499999999999962,-16.4097722847277));
#4830=CARTESIAN_POINT('',(-9.18100578516853,0.499999999999962,-16.4249442137914));
#4831=CARTESIAN_POINT('',(-9.20032482634372,0.499999999999962,-16.4374810299473));
#4832=CARTESIAN_POINT('',(-9.22089108810085,0.499999999999962,-16.4463423288498));
#4833=CARTESIAN_POINT('',(-9.23376113193908,0.499999999999962,-16.4518875906328));
#4834=CARTESIAN_POINT('',(-9.24729116863563,0.499999999999961,-16.4560952153196));
#4835=CARTESIAN_POINT('',(-9.26103626110472,0.499999999999961,-16.4588265867069));
#4836=CARTESIAN_POINT('',(-9.28288407207656,0.499999999999961,-16.4631680988428));
#4837=CARTESIAN_POINT('',(-9.305776597242,0.499999999999961,-16.463814698816));
#4838=CARTESIAN_POINT('',(-9.32783462019201,0.499999999999961,-16.4607132160377));
#4839=CARTESIAN_POINT('',(-9.32783462019201,0.499999999999961,-16.4607132160377));
#4840=CARTESIAN_POINT('',(-9.32783462019201,0.,0.));
#4841=CARTESIAN_POINT('',(-9.3,0.,0.));
#4842=CARTESIAN_POINT('',(-9.09999999999937,16.262567142339,0.499999999999992));
#4843=CARTESIAN_POINT('',(-9.09999999999937,16.2692617081238,0.499999999999992));
#4844=CARTESIAN_POINT('',(-9.1003366563764,16.2759646807148,0.499999999999992));
#4845=CARTESIAN_POINT('',(-9.10100743850287,16.2826255562118,0.499999999999992));
#4846=CARTESIAN_POINT('',(-9.10325137351972,16.3049078609732,0.499999999999992));
#4847=CARTESIAN_POINT('',(-9.10937135594739,16.3271100890006,0.499999999999992));
#4848=CARTESIAN_POINT('',(-9.11886182636216,16.3473947462851,0.499999999999992));
#4849=CARTESIAN_POINT('',(-9.12834798293953,16.3676701832981,0.499999999999992));
#4850=CARTESIAN_POINT('',(-9.1414630187175,16.3865884568977,0.499999999999992));
#4851=CARTESIAN_POINT('',(-9.15712317309853,16.402583458537,0.499999999999992));
#4852=CARTESIAN_POINT('',(-9.17277783007318,16.4185728452238,0.499999999999992));
#4853=CARTESIAN_POINT('',(-9.19140726295707,16.4320814896001,0.499999999999992));
#4854=CARTESIAN_POINT('',(-9.21147079422794,16.4419902475724,0.499999999999992));
#4855=CARTESIAN_POINT('',(-9.23153234101875,16.4518980254714,0.499999999999992));
#4856=CARTESIAN_POINT('',(-9.25358075109938,16.4584796039002,0.499999999999992));
#4857=CARTESIAN_POINT('',(-9.27579083396602,16.4611892056407,0.499999999999992));
#4858=CARTESIAN_POINT('',(-9.29301180580809,16.4632901422088,0.499999999999992));
#4859=CARTESIAN_POINT('',(-9.31065495532349,16.4631287740796,0.499999999999992));
#4860=CARTESIAN_POINT('',(-9.32783462019201,16.4607132160377,0.499999999999992));
#4861=CARTESIAN_POINT('',(-9.32783462019201,16.4607132160377,0.499999999999992));
#4862=CARTESIAN_POINT('',(-9.32783462019201,0.,0.));
#4863=CARTESIAN_POINT('',(-9.32783462019201,14.5053958094989,7.79734390612654));
#4864=CARTESIAN_POINT('',(-9.1,14.3337962760156,7.69827086927718));
#4865=CARTESIAN_POINT('',(-9.1,14.3517675333474,7.70864657953534));
#4866=CARTESIAN_POINT('',(-9.10330503982448,14.3699520987485,7.71914544326474));
#4867=CARTESIAN_POINT('',(-9.10968008736146,14.3870542964657,7.72901940172053));
#4868=CARTESIAN_POINT('',(-9.11656314212708,14.405519313835,7.73968018446927));
#4869=CARTESIAN_POINT('',(-9.12722281512529,14.4232099461548,7.74989387580128));
#4870=CARTESIAN_POINT('',(-9.14077713866056,14.4386598469233,7.75881388016888));
#4871=CARTESIAN_POINT('',(-9.15432780541162,14.4541055795048,7.76773147803268));
#4872=CARTESIAN_POINT('',(-9.17114565410746,14.467737990166,7.77560215399759));
#4873=CARTESIAN_POINT('',(-9.18983790543521,14.4784261091425,7.7817729423658));
#4874=CARTESIAN_POINT('',(-9.20852194380601,14.4891095319986,7.78794101942768));
#4875=CARTESIAN_POINT('',(-9.22959441633053,14.4971460116739,7.79258088313154));
#4876=CARTESIAN_POINT('',(-9.25130934037824,14.5018685159362,7.7953074222386));
#4877=CARTESIAN_POINT('',(-9.27301518271734,14.5065890451325,7.79803282104079));
#4878=CARTESIAN_POINT('',(-9.29596178417633,14.5081285992469,7.7989216830232));
#4879=CARTESIAN_POINT('',(-9.3182481348282,14.5063594128246,7.79790024276604));
#4880=CARTESIAN_POINT('',(-9.32145165142119,14.5061051038914,7.79775341743498));
#4881=CARTESIAN_POINT('',(-9.32464900856848,14.505783715277,7.79756786363196));
#4882=CARTESIAN_POINT('',(-9.32783462019201,14.5053958094989,7.79734390612654));
#4883=CARTESIAN_POINT('',(-9.3,0.,0.));
#4884=CARTESIAN_POINT('',(-9.09999999999829,16.2625671423387,-0.500000000000065));
#4885=CARTESIAN_POINT('',(-9.09999999999827,16.2776409546847,-0.500000000000065));
#4886=CARTESIAN_POINT('',(-9.10172431028468,16.2928100022488,-0.500000000000065));
#4887=CARTESIAN_POINT('',(-9.10510769249086,16.3074992004396,-0.500000000000065));
#4888=CARTESIAN_POINT('',(-9.11013672229201,16.32933309651,-0.500000000000065));
#4889=CARTESIAN_POINT('',(-9.119005048578,16.3506000037494,-0.500000000000065));
#4890=CARTESIAN_POINT('',(-9.13097911257019,16.3695375841087,-0.500000000000065));
#4891=CARTESIAN_POINT('',(-9.14295074714622,16.3884713222251,-0.500000000000065));
#4892=CARTESIAN_POINT('',(-9.15835737260214,16.4055991223088,-0.500000000000065));
#4893=CARTESIAN_POINT('',(-9.17592334472969,16.4195003127863,-0.500000000000065));
#4894=CARTESIAN_POINT('',(-9.19348206389684,16.4333957634857,-0.500000000000065));
#4895=CARTESIAN_POINT('',(-9.21368300590845,16.4444506677984,-0.500000000000065));
#4896=CARTESIAN_POINT('',(-9.23485251455203,16.4517475214161,-0.500000000000065));
#4897=CARTESIAN_POINT('',(-9.25601265641833,16.4590411464278,-0.500000000000065));
#4898=CARTESIAN_POINT('',(-9.27872435982663,16.4627812583664,-0.500000000000065));
#4899=CARTESIAN_POINT('',(-9.30110589772865,16.4626574409469,-0.500000000000065));
#4900=CARTESIAN_POINT('',(-9.31003887431035,16.4626080226221,-0.500000000000065));
#4901=CARTESIAN_POINT('',(-9.31898852240631,16.4619570274164,-0.500000000000065));
#4902=CARTESIAN_POINT('',(-9.32783462019201,16.4607132160376,-0.500000000000065));
#4903=CARTESIAN_POINT('',(-9.32783462019201,16.4607132160376,-0.500000000000065));
#4904=CARTESIAN_POINT('',(-9.1,14.3337962760156,-7.69827086927729));
#4905=CARTESIAN_POINT('',(-9.1,14.3517675333473,-7.70864657953543));
#4906=CARTESIAN_POINT('',(-9.10330503982447,14.3699520987484,-7.71914544326482));
#4907=CARTESIAN_POINT('',(-9.10968008736144,14.3870542964656,-7.7290194017206));
#4908=CARTESIAN_POINT('',(-9.11656314212705,14.4055193138349,-7.73968018446935));
#4909=CARTESIAN_POINT('',(-9.12722281512525,14.4232099461547,-7.74989387580136));
#4910=CARTESIAN_POINT('',(-9.14077713866051,14.4386598469232,-7.75881388016896));
#4911=CARTESIAN_POINT('',(-9.15432780541157,14.4541055795047,-7.76773147803276));
#4912=CARTESIAN_POINT('',(-9.17114565410741,14.4677379901659,-7.77560215399767));
#4913=CARTESIAN_POINT('',(-9.18983790543514,14.4784261091424,-7.78177294236588));
#4914=CARTESIAN_POINT('',(-9.20852194380594,14.4891095319986,-7.78794101942777));
#4915=CARTESIAN_POINT('',(-9.22959441633045,14.4971460116738,-7.79258088313164));
#4916=CARTESIAN_POINT('',(-9.25130934037816,14.5018685159361,-7.7953074222387));
#4917=CARTESIAN_POINT('',(-9.27301518271726,14.5065890451324,-7.79803282104089));
#4918=CARTESIAN_POINT('',(-9.29596178417625,14.5081285992468,-7.7989216830233));
#4919=CARTESIAN_POINT('',(-9.31824813482812,14.5063594128246,-7.79790024276615));
#4920=CARTESIAN_POINT('',(-9.32145165142114,14.5061051038913,-7.79775341743509));
#4921=CARTESIAN_POINT('',(-9.32464900856845,14.505783715277,-7.79756786363208));
#4922=CARTESIAN_POINT('',(-9.32783462019201,14.5053958094988,-7.79734390612665));
#4923=CARTESIAN_POINT('',(-9.32783462019201,14.5053958094988,-7.79734390612665));
#4924=CARTESIAN_POINT('',(-9.32783462019201,0.,0.));
#4925=CARTESIAN_POINT('',(-9.3,0.,0.));
#4926=CARTESIAN_POINT('',(-9.32783462019201,-7.7973439061266,14.5053958094989));
#4927=CARTESIAN_POINT('',(-19.2649777855808,-7.09873464130058,13.2953690681818));
#4928=CARTESIAN_POINT('',(-29.2021009866885,-6.40005436150343,12.0852193253268));
#4929=CARTESIAN_POINT('',(-39.1391731009639,-5.7011924823155,10.8747550431002));
#4930=CARTESIAN_POINT('',(-39.1391731009639,-5.7011924823155,10.8747550431002));
#4931=CARTESIAN_POINT('',(-39.139173100964,-0.5,12.2684103684159));
#4932=CARTESIAN_POINT('',(-30.167090677845,-0.5,13.53040108567));
#4933=CARTESIAN_POINT('',(-21.1949661950699,-0.5,14.7920927838121));
#4934=CARTESIAN_POINT('',(-12.2228237377383,-0.5,16.0536566161347));
#4935=CARTESIAN_POINT('',(-11.2578275894039,-0.5,16.1893437438033));
#4936=CARTESIAN_POINT('',(-10.2928312113423,-0.5,16.3250292376783));
#4937=CARTESIAN_POINT('',(-9.32783462019201,-0.5,16.4607132160377));
#4938=CARTESIAN_POINT('',(-39.139173100964,-0.5,12.2684103684159));
#4939=CARTESIAN_POINT('',(-39.1391731009639,0.,0.));
#4940=CARTESIAN_POINT('',(-9.32783462019201,0.,0.));
#4941=CARTESIAN_POINT('',(-9.32783462019201,-16.4607132160377,0.50000000000002));
#4942=CARTESIAN_POINT('',(-11.2313712138995,-16.1930652053033,0.500000000000019));
#4943=CARTESIAN_POINT('',(-13.1349069801163,-15.9254113092919,0.500000000000019));
#4944=CARTESIAN_POINT('',(-15.0384417845881,-15.657750573662,0.500000000000019));
#4945=CARTESIAN_POINT('',(-23.0720408054546,-14.5281263510685,0.500000000000018));
#4946=CARTESIAN_POINT('',(-31.1056239696052,-13.3983893356466,0.500000000000017));
#4947=CARTESIAN_POINT('',(-39.1391731009639,-12.2684103684165,0.500000000000016));
#4948=CARTESIAN_POINT('',(-39.1391731009639,-12.2684103684165,0.500000000000016));
#4949=CARTESIAN_POINT('',(-9.32783462019201,-14.5053958094988,7.79734390612662));
#4950=CARTESIAN_POINT('',(-19.2649777855808,-13.2953690681818,7.0987346413006));
#4951=CARTESIAN_POINT('',(-29.2021009866885,-12.0852193253267,6.40005436150345));
#4952=CARTESIAN_POINT('',(-39.1391731009639,-10.8747550431002,5.70119248231551));
#4953=CARTESIAN_POINT('',(-39.1391731009639,-10.8747550431002,5.70119248231551));
#4954=CARTESIAN_POINT('',(-39.1391731009639,0.,0.));
#4955=CARTESIAN_POINT('',(-9.32783462019201,0.,0.));
#4956=CARTESIAN_POINT('',(-9.32783462019201,-8.66336930991107,-14.0053958094988));
#4957=CARTESIAN_POINT('',(-19.2649777855808,-7.96476004508505,-12.7953690681818));
#4958=CARTESIAN_POINT('',(-29.2021009866885,-7.2660797652879,-11.5852193253267));
#4959=CARTESIAN_POINT('',(-39.1391731009639,-6.56721788609996,-10.3747550431002));
#4960=CARTESIAN_POINT('',(-39.1391731009639,-6.56721788609996,-10.3747550431002));
#4961=CARTESIAN_POINT('',(-9.32783462019201,-14.0053958094989,-8.66336930991102));
#4962=CARTESIAN_POINT('',(-19.2649777855808,-12.7953690681819,-7.96476004508501));
#4963=CARTESIAN_POINT('',(-29.2021009866885,-11.5852193253268,-7.26607976528786));
#4964=CARTESIAN_POINT('',(-39.1391731009639,-10.3747550431002,-6.56721788609992));
#4965=CARTESIAN_POINT('',(-39.1391731009639,-10.3747550431002,-6.56721788609992));
#4966=CARTESIAN_POINT('',(-39.1391731009639,0.,0.));
#4967=CARTESIAN_POINT('',(-9.32783462019201,0.,0.));
#4968=CARTESIAN_POINT('',(-9.32783462019201,7.79734390612657,-14.5053958094989));
#4969=CARTESIAN_POINT('',(-19.2649777855808,7.09873464130055,-13.2953690681819));
#4970=CARTESIAN_POINT('',(-29.2021009866885,6.40005436150341,-12.0852193253268));
#4971=CARTESIAN_POINT('',(-39.1391731009639,5.70119248231547,-10.8747550431002));
#4972=CARTESIAN_POINT('',(-39.1391731009639,5.70119248231547,-10.8747550431002));
#4973=CARTESIAN_POINT('',(-9.32783462019201,0.499999999999961,-16.4607132160377));
#4974=CARTESIAN_POINT('',(-10.3961598723784,0.499999999999962,-16.3105006435501));
#4975=CARTESIAN_POINT('',(-11.4644848634385,0.499999999999962,-16.1602862138957));
#4976=CARTESIAN_POINT('',(-12.5328095706731,0.499999999999962,-16.0100697657131));
#4977=CARTESIAN_POINT('',(-21.4016229601365,0.499999999999965,-14.7630316340126));
#4978=CARTESIAN_POINT('',(-30.2704186000538,0.499999999999968,-13.515867238063));
#4979=CARTESIAN_POINT('',(-39.1391731009639,0.499999999999971,-12.2684103684165));
#4980=CARTESIAN_POINT('',(-39.1391731009639,0.499999999999971,-12.2684103684165));
#4981=CARTESIAN_POINT('',(-39.1391731009639,0.,0.));
#4982=CARTESIAN_POINT('',(-9.32783462019201,0.,0.));
#4983=CARTESIAN_POINT('',(-9.32783462019201,16.4607132160377,0.499999999999992));
#4984=CARTESIAN_POINT('',(-19.2649777855808,15.0634946863856,0.499999999999994));
#4985=CARTESIAN_POINT('',(-29.2021009866885,13.6661341267913,0.499999999999995));
#4986=CARTESIAN_POINT('',(-39.1391731009639,12.2684103684154,0.499999999999996));
#4987=CARTESIAN_POINT('',(-39.1391731009639,12.2684103684154,0.499999999999996));
#4988=CARTESIAN_POINT('',(-39.1391731009639,0.,0.));
#4989=CARTESIAN_POINT('',(-39.1391731009639,10.8747550431002,5.70119248231545));
#4990=CARTESIAN_POINT('',(-9.32783462019201,14.5053958094989,7.79734390612654));
#4991=CARTESIAN_POINT('',(-19.2649777855808,13.2953690681819,7.09873464130053));
#4992=CARTESIAN_POINT('',(-29.2021009866885,12.0852193253268,6.40005436150339));
#4993=CARTESIAN_POINT('',(-39.1391731009639,10.8747550431002,5.70119248231545));
#4994=CARTESIAN_POINT('',(-9.32783462019201,0.,0.));
#4995=CARTESIAN_POINT('',(-9.32783462019201,16.4607132160376,-0.500000000000065));
#4996=CARTESIAN_POINT('',(-11.2313712138995,16.1930652053033,-0.500000000000064));
#4997=CARTESIAN_POINT('',(-13.1349069801163,15.9254113092919,-0.500000000000063));
#4998=CARTESIAN_POINT('',(-15.0384417845881,15.657750573662,-0.500000000000063));
#4999=CARTESIAN_POINT('',(-23.0720408054546,14.5281263510685,-0.500000000000058));
#5000=CARTESIAN_POINT('',(-31.1056239696051,13.3983893356456,-0.500000000000054));
#5001=CARTESIAN_POINT('',(-39.1391731009639,12.2684103684154,-0.50000000000005));
#5002=CARTESIAN_POINT('',(-39.1391731009639,12.2684103684154,-0.50000000000005));
#5003=CARTESIAN_POINT('',(-9.32783462019201,14.5053958094988,-7.79734390612665));
#5004=CARTESIAN_POINT('',(-19.2649777855808,13.2953690681818,-7.09873464130063));
#5005=CARTESIAN_POINT('',(-29.2021009866885,12.0852193253267,-6.40005436150348));
#5006=CARTESIAN_POINT('',(-39.1391731009639,10.8747550431002,-5.70119248231554));
#5007=CARTESIAN_POINT('',(-39.1391731009639,10.8747550431002,-5.70119248231554));
#5008=CARTESIAN_POINT('',(-39.1391731009639,0.,0.));
#5009=CARTESIAN_POINT('',(-9.32783462019201,0.,0.));
#5010=CARTESIAN_POINT('',(-40.0000000000038,0.,0.));
#5011=CARTESIAN_POINT('',(-40.0000000000038,-5.20561130753422,10.0163832691043));
#5012=CARTESIAN_POINT('',(-40.0000000000038,5.20561130753444,10.0163832691047));
#5013=CARTESIAN_POINT('',(-40.0000000000038,-5.20561130753422,10.0163832691043));
#5014=CARTESIAN_POINT('',(-40.0000000000038,-5.2480519685373,10.0898926502685));
#5015=CARTESIAN_POINT('',(-39.9890392965555,-5.29083128604159,10.163988601699));
#5016=CARTESIAN_POINT('',(-39.9676394385533,-5.33190099782229,10.2351234291554));
#5017=CARTESIAN_POINT('',(-39.9393684304537,-5.38615753327612,10.3290985052041));
#5018=CARTESIAN_POINT('',(-39.8919672120725,-5.4387226416408,10.4201439435971));
#5019=CARTESIAN_POINT('',(-39.8293527663087,-5.48523545610753,10.5007065014565));
#5020=CARTESIAN_POINT('',(-39.7667736417208,-5.53172203242292,10.5812236135047));
#5021=CARTESIAN_POINT('',(-39.6872692582928,-5.57344646702313,10.6534924541493));
#5022=CARTESIAN_POINT('',(-39.597423182131,-5.6069421254829,10.7115086364346));
#5023=CARTESIAN_POINT('',(-39.5076534932456,-5.64040930588072,10.7694754932697));
#5024=CARTESIAN_POINT('',(-39.4050805215586,-5.66658545495053,10.8148139134051));
#5025=CARTESIAN_POINT('',(-39.2982064399679,-5.68329425788366,10.843754409019));
#5026=CARTESIAN_POINT('',(-39.2463451570602,-5.69140230375472,10.8577979564177));
#5027=CARTESIAN_POINT('',(-39.1929808390443,-5.69740825125455,10.868200562635));
#5028=CARTESIAN_POINT('',(-39.1391731009639,-5.7011924823155,10.8747550431002));
#5029=CARTESIAN_POINT('',(-39.9918110342888,-0.5,11.4050861054054));
#5030=CARTESIAN_POINT('',(-39.9830037055405,-0.5,11.4735484071099));
#5031=CARTESIAN_POINT('',(-39.966998533509,-0.5,11.5414536624706));
#5032=CARTESIAN_POINT('',(-39.9443020745717,-0.5,11.6066420551956));
#5033=CARTESIAN_POINT('',(-39.9074344057089,-0.5,11.7125327619054));
#5034=CARTESIAN_POINT('',(-39.8517690496093,-0.5,11.8135196591627));
#5035=CARTESIAN_POINT('',(-39.7819086478916,-0.5,11.9012213754897));
#5036=CARTESIAN_POINT('',(-39.7120945682905,-0.5,11.9888649397157));
#5037=CARTESIAN_POINT('',(-39.6261753823583,-0.5,12.0656604321907));
#5038=CARTESIAN_POINT('',(-39.5312682362821,-0.5,12.1252258053906));
#5039=CARTESIAN_POINT('',(-39.4364433044373,-0.5,12.184739579511));
#5040=CARTESIAN_POINT('',(-39.3300275967191,-0.5,12.2286956511855));
#5041=CARTESIAN_POINT('',(-39.2208424086142,-0.5,12.2534393717613));
#5042=CARTESIAN_POINT('',(-39.1938501382725,-0.5,12.2595564028956));
#5043=CARTESIAN_POINT('',(-39.166580030345,-0.5,12.2645553781432));
#5044=CARTESIAN_POINT('',(-39.139173100964,-0.5,12.2684103684159));
#5045=CARTESIAN_POINT('',(-39.9918110342888,-0.5,11.4050861054054));
#5046=CARTESIAN_POINT('',(-39.9918110342888,-0.5,11.4050861054054));
#5047=CARTESIAN_POINT('',(-39.992643846804,-0.333336524211106,11.4059189179206));
#5048=CARTESIAN_POINT('',(-39.9930176491105,-0.166667637276726,11.406292720227));
#5049=CARTESIAN_POINT('',(-39.9930176491105,-6.73550675751091E-16,11.406292720227));
#5050=CARTESIAN_POINT('',(-39.9930176491105,0.166667637276725,11.406292720227));
#5051=CARTESIAN_POINT('',(-39.992643846804,0.333336524211106,11.4059189179206));
#5052=CARTESIAN_POINT('',(-39.9918110342888,0.5,11.4050861054054));
#5053=CARTESIAN_POINT('',(-39.9918110342888,0.5,11.4050861054054));
#5054=CARTESIAN_POINT('',(-39.9918110342888,0.5,11.4050861054054));
#5055=CARTESIAN_POINT('',(-39.9830037055405,0.5,11.4735484071099));
#5056=CARTESIAN_POINT('',(-39.966998533509,0.5,11.5414536624706));
#5057=CARTESIAN_POINT('',(-39.9443020745717,0.5,11.6066420551956));
#5058=CARTESIAN_POINT('',(-39.9074344057089,0.5,11.7125327619054));
#5059=CARTESIAN_POINT('',(-39.8517690496093,0.5,11.8135196591627));
#5060=CARTESIAN_POINT('',(-39.7819086478916,0.5,11.9012213754897));
#5061=CARTESIAN_POINT('',(-39.7120945682905,0.5,11.9888649397157));
#5062=CARTESIAN_POINT('',(-39.6261753823583,0.5,12.0656604321907));
#5063=CARTESIAN_POINT('',(-39.5312682362821,0.5,12.1252258053906));
#5064=CARTESIAN_POINT('',(-39.4364433044373,0.5,12.184739579511));
#5065=CARTESIAN_POINT('',(-39.3300275967191,0.5,12.2286956511855));
#5066=CARTESIAN_POINT('',(-39.2208424086142,0.5,12.2534393717613));
#5067=CARTESIAN_POINT('',(-39.1938501382725,0.5,12.2595564028956));
#5068=CARTESIAN_POINT('',(-39.166580030345,0.5,12.2645553781432));
#5069=CARTESIAN_POINT('',(-39.139173100964,0.5,12.2684103684159));
#5070=CARTESIAN_POINT('',(-39.139173100964,0.5,12.2684103684159));
#5071=CARTESIAN_POINT('',(-39.1391731009639,0.,0.));
#5072=CARTESIAN_POINT('',(-39.1391731009639,5.7011924823155,10.8747550431002));
#5073=CARTESIAN_POINT('',(-40.0000000000038,5.20561130753444,10.0163832691047));
#5074=CARTESIAN_POINT('',(-40.0000000000038,5.24805196853743,10.0898926502687));
#5075=CARTESIAN_POINT('',(-39.9890392965555,5.29083128604162,10.1639886016991));
#5076=CARTESIAN_POINT('',(-39.9676394385533,5.33190099782224,10.2351234291553));
#5077=CARTESIAN_POINT('',(-39.9393684304537,5.38615753327606,10.329098505204));
#5078=CARTESIAN_POINT('',(-39.8919672120726,5.43872264164074,10.420143943597));
#5079=CARTESIAN_POINT('',(-39.8293527663087,5.48523545610748,10.5007065014564));
#5080=CARTESIAN_POINT('',(-39.7667736417209,5.53172203242287,10.5812236135046));
#5081=CARTESIAN_POINT('',(-39.6872692582929,5.57344646702309,10.6534924541493));
#5082=CARTESIAN_POINT('',(-39.5974231821311,5.60694212548287,10.7115086364346));
#5083=CARTESIAN_POINT('',(-39.5076534932457,5.64040930588069,10.7694754932697));
#5084=CARTESIAN_POINT('',(-39.4050805215587,5.6665854549505,10.8148139134051));
#5085=CARTESIAN_POINT('',(-39.298206439968,5.68329425788365,10.8437544090189));
#5086=CARTESIAN_POINT('',(-39.2463451570602,5.69140230375471,10.8577979564177));
#5087=CARTESIAN_POINT('',(-39.1929808390444,5.69740825125455,10.868200562635));
#5088=CARTESIAN_POINT('',(-39.1391731009639,5.7011924823155,10.8747550431002));
#5089=CARTESIAN_POINT('',(-39.0000000000038,0.,0.));
#5090=CARTESIAN_POINT('',(-40.0000000000038,11.2772480188529,0.499999999999986));
#5091=CARTESIAN_POINT('',(-40.0000000000038,11.3546146628238,0.499999999999986));
#5092=CARTESIAN_POINT('',(-39.9909187705446,11.432495228477,0.499999999999997));
#5093=CARTESIAN_POINT('',(-39.9731159040022,11.5077857029224,0.499999999999996));
#5094=CARTESIAN_POINT('',(-39.9473486109934,11.6167586995573,0.499999999999996));
#5095=CARTESIAN_POINT('',(-39.9024360104677,11.7227900498361,0.499999999999996));
#5096=CARTESIAN_POINT('',(-39.8420784141767,11.8171088070086,0.499999999999996));
#5097=CARTESIAN_POINT('',(-39.7817685779306,11.9113529311878,0.499999999999996));
#5098=CARTESIAN_POINT('',(-39.7043771486615,11.9964966465513,0.499999999999996));
#5099=CARTESIAN_POINT('',(-39.6162909134952,12.0654897365282,0.499999999999996));
#5100=CARTESIAN_POINT('',(-39.5282447435636,12.1344514456164,0.499999999999996));
#5101=CARTESIAN_POINT('',(-39.4270881760105,12.189175233684,0.499999999999996));
#5102=CARTESIAN_POINT('',(-39.3211844090625,12.2251229388433,0.499999999999996));
#5103=CARTESIAN_POINT('',(-39.2621310206182,12.2451678707435,0.499999999999996));
#5104=CARTESIAN_POINT('',(-39.2009278633913,12.2597240976865,0.499999999999996));
#5105=CARTESIAN_POINT('',(-39.1391731009639,12.2684103684154,0.499999999999996));
#5106=CARTESIAN_POINT('',(-40.0000000000038,11.2772480188529,0.499999999999986));
#5107=CARTESIAN_POINT('',(-40.0000000000038,0.,0.));
#5108=CARTESIAN_POINT('',(-40.0000000000038,6.07163671131888,9.51638326910471));
#5109=CARTESIAN_POINT('',(-40.0000000000038,6.07163671131888,9.51638326910471));
#5110=CARTESIAN_POINT('',(-40.0000000000038,6.11407737232189,9.58989265026873));
#5111=CARTESIAN_POINT('',(-39.9890392965555,6.1568566898261,9.66398860169915));
#5112=CARTESIAN_POINT('',(-39.9676394385533,6.19792640160673,9.73512342915542));
#5113=CARTESIAN_POINT('',(-39.9393684304537,6.25218293706056,9.8290985052041));
#5114=CARTESIAN_POINT('',(-39.8919672120725,6.30474804542524,9.92014394359709));
#5115=CARTESIAN_POINT('',(-39.8293527663087,6.35126085989197,10.0007065014565));
#5116=CARTESIAN_POINT('',(-39.7667736417208,6.39774743620736,10.0812236135047));
#5117=CARTESIAN_POINT('',(-39.6872692582928,6.43947187080757,10.1534924541493));
#5118=CARTESIAN_POINT('',(-39.597423182131,6.47296752926734,10.2115086364346));
#5119=CARTESIAN_POINT('',(-39.5076534932456,6.50643470966516,10.2694754932697));
#5120=CARTESIAN_POINT('',(-39.4050805215586,6.53261085873497,10.3148139134051));
#5121=CARTESIAN_POINT('',(-39.2982064399679,6.54931966166811,10.343754409019));
#5122=CARTESIAN_POINT('',(-39.2463451570602,6.55742770753916,10.3577979564177));
#5123=CARTESIAN_POINT('',(-39.1929808390443,6.56343365503899,10.368200562635));
#5124=CARTESIAN_POINT('',(-39.1391731009639,6.56721788609994,10.3747550431002));
#5125=CARTESIAN_POINT('',(-39.1391731009639,6.56721788609994,10.3747550431002));
#5126=CARTESIAN_POINT('',(-39.1391731009639,0.,0.));
#5127=CARTESIAN_POINT('',(-39.1391731009639,10.3747550431002,6.56721788609992));
#5128=CARTESIAN_POINT('',(-39.1391731009639,10.3747550431002,6.56721788609992));
#5129=CARTESIAN_POINT('',(-39.2498916254879,10.3612680906281,6.55943119045961));
#5130=CARTESIAN_POINT('',(-39.3594469043078,10.3310446766551,6.54198169426649));
#5131=CARTESIAN_POINT('',(-39.458776793757,10.286592213978,6.5163170529737));
#5132=CARTESIAN_POINT('',(-39.5581639161352,10.2421141382185,6.49063762396093));
#5133=CARTESIAN_POINT('',(-39.6500532414012,10.1821654301511,6.45602622122064));
#5134=CARTESIAN_POINT('',(-39.7268514909614,10.1117156541216,6.41535202406565));
#5135=CARTESIAN_POINT('',(-39.8036859820764,10.0412326324199,6.37465863251288));
#5136=CARTESIAN_POINT('',(-39.8675329337222,9.95829768323379,6.32677611727506));
#5137=CARTESIAN_POINT('',(-39.9131273613464,9.86977439960684,6.27566717564349));
#5138=CARTESIAN_POINT('',(-39.9526497854128,9.79304013760261,6.23136462881928));
#5139=CARTESIAN_POINT('',(-39.9794319132558,9.71042935522026,6.18366927137283));
#5140=CARTESIAN_POINT('',(-39.9918110342888,9.62709429963,6.13555575459486));
#5141=CARTESIAN_POINT('',(-39.9918110342888,9.62709429963,6.13555575459486));
#5142=CARTESIAN_POINT('',(-39.9918110342888,9.62709429963,6.13555575459486));
#5143=CARTESIAN_POINT('',(-39.9934766496192,9.79519927002212,5.84772063553162));
#5144=CARTESIAN_POINT('',(-39.9934766496192,9.96187425961597,5.55903108520404));
#5145=CARTESIAN_POINT('',(-39.9918110342888,10.12709429963,5.26953035081041));
#5146=CARTESIAN_POINT('',(-39.9918110342888,10.12709429963,5.26953035081041));
#5147=CARTESIAN_POINT('',(-39.9918110342888,10.12709429963,5.26953035081041));
#5148=CARTESIAN_POINT('',(-39.9864069565109,10.1634740329594,5.2905341996412));
#5149=CARTESIAN_POINT('',(-39.9783174874737,10.1996287465532,5.31140813326706));
#5150=CARTESIAN_POINT('',(-39.9676394385533,10.2351234291554,5.33190099782225));
#5151=CARTESIAN_POINT('',(-39.9393684304537,10.3290985052041,5.38615753327608));
#5152=CARTESIAN_POINT('',(-39.8919672120725,10.4201439435971,5.43872264164076));
#5153=CARTESIAN_POINT('',(-39.8293527663087,10.5007065014565,5.48523545610749));
#5154=CARTESIAN_POINT('',(-39.7667736417208,10.5812236135047,5.53172203242287));
#5155=CARTESIAN_POINT('',(-39.6872692582928,10.6534924541494,5.57344646702309));
#5156=CARTESIAN_POINT('',(-39.597423182131,10.7115086364346,5.60694212548286));
#5157=CARTESIAN_POINT('',(-39.5076534932456,10.7694754932698,5.64040930588068));
#5158=CARTESIAN_POINT('',(-39.4050805215586,10.8148139134051,5.66658545495048));
#5159=CARTESIAN_POINT('',(-39.2982064399679,10.843754409019,5.68329425788362));
#5160=CARTESIAN_POINT('',(-39.2463451570602,10.8577979564178,5.69140230375468));
#5161=CARTESIAN_POINT('',(-39.1929808390443,10.8682005626351,5.6974082512545));
#5162=CARTESIAN_POINT('',(-39.1391731009639,10.8747550431002,5.70119248231545));
#5163=CARTESIAN_POINT('',(-39.0000000000038,0.,0.));
#5164=CARTESIAN_POINT('',(-40.0000000000038,-6.07163671131866,9.51638326910433));
#5165=CARTESIAN_POINT('',(-40.0000000000038,-6.11407737232165,9.58989265026833));
#5166=CARTESIAN_POINT('',(-39.9890392965555,-6.15685668982585,9.66398860169873));
#5167=CARTESIAN_POINT('',(-39.9676394385534,-6.19792640160648,9.73512342915498));
#5168=CARTESIAN_POINT('',(-39.9393684304539,-6.25218293706031,9.82909850520367));
#5169=CARTESIAN_POINT('',(-39.8919672120727,-6.304748045425,9.92014394359668));
#5170=CARTESIAN_POINT('',(-39.829352766309,-6.35126085989175,10.0007065014561));
#5171=CARTESIAN_POINT('',(-39.7667736417211,-6.39774743620715,10.0812236135043));
#5172=CARTESIAN_POINT('',(-39.6872692582932,-6.43947187080739,10.153492454149));
#5173=CARTESIAN_POINT('',(-39.5974231821314,-6.47296752926718,10.2115086364344));
#5174=CARTESIAN_POINT('',(-39.5076534932461,-6.50643470966503,10.2694754932695));
#5175=CARTESIAN_POINT('',(-39.4050805215591,-6.53261085873486,10.3148139134049));
#5176=CARTESIAN_POINT('',(-39.2982064399684,-6.54931966166803,10.3437544090188));
#5177=CARTESIAN_POINT('',(-39.2463451570605,-6.55742770753912,10.3577979564177));
#5178=CARTESIAN_POINT('',(-39.1929808390445,-6.56343365503897,10.368200562635));
#5179=CARTESIAN_POINT('',(-39.1391731009639,-6.56721788609994,10.3747550431002));
#5180=CARTESIAN_POINT('',(-40.0000000000038,-6.07163671131866,9.51638326910433));
#5181=CARTESIAN_POINT('',(-39.1391731009639,-6.56721788609994,10.3747550431002));
#5182=CARTESIAN_POINT('',(-40.0000000000038,0.,0.));
#5183=CARTESIAN_POINT('',(-40.0000000000038,-11.2772480188529,0.500000000000015));
#5184=CARTESIAN_POINT('',(-40.0000000000038,-11.2772480188529,0.500000000000015));
#5185=CARTESIAN_POINT('',(-40.0000000000038,-11.3762122641938,0.500000000000015));
#5186=CARTESIAN_POINT('',(-39.9850146958707,-11.4762453075057,0.500000000000016));
#5187=CARTESIAN_POINT('',(-39.956009778395,-11.5708636810815,0.500000000000016));
#5188=CARTESIAN_POINT('',(-39.9231460551543,-11.6780700554934,0.500000000000016));
#5189=CARTESIAN_POINT('',(-39.8713134643288,-11.7810823524188,0.500000000000016));
#5190=CARTESIAN_POINT('',(-39.8047965735504,-11.8713526922928,0.500000000000016));
#5191=CARTESIAN_POINT('',(-39.7631050213264,-11.9279324654165,0.500000000000016));
#5192=CARTESIAN_POINT('',(-39.7151573447047,-11.9803831761086,0.500000000000016));
#5193=CARTESIAN_POINT('',(-39.6625344230011,-12.0269694870266,0.500000000000016));
#5194=CARTESIAN_POINT('',(-39.5787589531289,-12.1011346979353,0.500000000000016));
#5195=CARTESIAN_POINT('',(-39.4810296589668,-12.1618667647309,0.500000000000016));
#5196=CARTESIAN_POINT('',(-39.3774299728634,-12.2041268274467,0.500000000000016));
#5197=CARTESIAN_POINT('',(-39.3012642186818,-12.2351961257195,0.500000000000016));
#5198=CARTESIAN_POINT('',(-39.2206301333027,-12.2569528255832,0.500000000000016));
#5199=CARTESIAN_POINT('',(-39.1391731009639,-12.2684103684165,0.500000000000016));
#5200=CARTESIAN_POINT('',(-39.9918110342888,-10.12709429963,5.26953035081047));
#5201=CARTESIAN_POINT('',(-39.9864069565109,-10.1634740329594,5.29053419964126));
#5202=CARTESIAN_POINT('',(-39.9783174874737,-10.1996287465532,5.31140813326711));
#5203=CARTESIAN_POINT('',(-39.9676394385533,-10.2351234291554,5.33190099782231));
#5204=CARTESIAN_POINT('',(-39.9393684304537,-10.3290985052041,5.38615753327613));
#5205=CARTESIAN_POINT('',(-39.8919672120725,-10.4201439435971,5.43872264164081));
#5206=CARTESIAN_POINT('',(-39.8293527663087,-10.5007065014565,5.48523545610754));
#5207=CARTESIAN_POINT('',(-39.7667736417208,-10.5812236135047,5.53172203242293));
#5208=CARTESIAN_POINT('',(-39.6872692582929,-10.6534924541493,5.57344646702315));
#5209=CARTESIAN_POINT('',(-39.597423182131,-10.7115086364346,5.60694212548291));
#5210=CARTESIAN_POINT('',(-39.5076534932456,-10.7694754932697,5.64040930588074));
#5211=CARTESIAN_POINT('',(-39.4050805215586,-10.8148139134051,5.66658545495054));
#5212=CARTESIAN_POINT('',(-39.2982064399679,-10.843754409019,5.68329425788368));
#5213=CARTESIAN_POINT('',(-39.2463451570602,-10.8577979564177,5.69140230375474));
#5214=CARTESIAN_POINT('',(-39.1929808390443,-10.868200562635,5.69740825125456));
#5215=CARTESIAN_POINT('',(-39.1391731009639,-10.8747550431002,5.70119248231551));
#5216=CARTESIAN_POINT('',(-39.9918110342888,-10.12709429963,5.26953035081047));
#5217=CARTESIAN_POINT('',(-39.9918110342888,-10.12709429963,5.26953035081047));
#5218=CARTESIAN_POINT('',(-39.9934766496192,-9.96187425961595,5.55903108520409));
#5219=CARTESIAN_POINT('',(-39.9934766496192,-9.79519927002208,5.84772063553167));
#5220=CARTESIAN_POINT('',(-39.9918110342888,-9.62709429962996,6.1355557545949));
#5221=CARTESIAN_POINT('',(-39.9918110342888,-9.62709429962996,6.1355557545949));
#5222=CARTESIAN_POINT('',(-39.9918110342888,-9.62709429962996,6.1355557545949));
#5223=CARTESIAN_POINT('',(-39.9864069565109,-9.66347403295938,6.15655960342569));
#5224=CARTESIAN_POINT('',(-39.9783174874737,-9.69962874655318,6.17743353705155));
#5225=CARTESIAN_POINT('',(-39.9676394385533,-9.73512342915541,6.19792640160675));
#5226=CARTESIAN_POINT('',(-39.9393684304537,-9.8290985052041,6.25218293706057));
#5227=CARTESIAN_POINT('',(-39.8919672120725,-9.92014394359708,6.30474804542525));
#5228=CARTESIAN_POINT('',(-39.8293527663087,-10.0007065014565,6.35126085989198));
#5229=CARTESIAN_POINT('',(-39.7667736417208,-10.0812236135047,6.39774743620737));
#5230=CARTESIAN_POINT('',(-39.6872692582928,-10.1534924541493,6.43947187080758));
#5231=CARTESIAN_POINT('',(-39.597423182131,-10.2115086364346,6.47296752926735));
#5232=CARTESIAN_POINT('',(-39.5076534932456,-10.2694754932697,6.50643470966517));
#5233=CARTESIAN_POINT('',(-39.4050805215586,-10.3148139134051,6.53261085873498));
#5234=CARTESIAN_POINT('',(-39.2982064399679,-10.343754409019,6.54931966166812));
#5235=CARTESIAN_POINT('',(-39.2463451570602,-10.3577979564177,6.55742770753917));
#5236=CARTESIAN_POINT('',(-39.1929808390443,-10.368200562635,6.563433655039));
#5237=CARTESIAN_POINT('',(-39.1391731009639,-10.3747550431002,6.56721788609995));
#5238=CARTESIAN_POINT('',(-39.1391731009639,-10.3747550431002,6.56721788609995));
#5239=CARTESIAN_POINT('',(-39.1391731009639,0.,0.));
#5240=CARTESIAN_POINT('',(-39.0000000000038,0.,0.));
#5241=CARTESIAN_POINT('',(-40.0000000000038,-11.2772480188529,-0.499999999999987));
#5242=CARTESIAN_POINT('',(-40.0000000000038,-11.3762122641938,-0.499999999999987));
#5243=CARTESIAN_POINT('',(-39.9850146958707,-11.4762453075056,-0.499999999999984));
#5244=CARTESIAN_POINT('',(-39.956009778395,-11.5708636810815,-0.499999999999984));
#5245=CARTESIAN_POINT('',(-39.9231460551543,-11.6780700554934,-0.499999999999984));
#5246=CARTESIAN_POINT('',(-39.8713134643288,-11.7810823524188,-0.499999999999984));
#5247=CARTESIAN_POINT('',(-39.8047965735504,-11.8713526922928,-0.499999999999984));
#5248=CARTESIAN_POINT('',(-39.7631050213264,-11.9279324654165,-0.499999999999984));
#5249=CARTESIAN_POINT('',(-39.7151573447047,-11.9803831761086,-0.499999999999984));
#5250=CARTESIAN_POINT('',(-39.6625344230012,-12.0269694870266,-0.499999999999984));
#5251=CARTESIAN_POINT('',(-39.5787589531289,-12.1011346979353,-0.499999999999984));
#5252=CARTESIAN_POINT('',(-39.4810296589668,-12.1618667647309,-0.499999999999984));
#5253=CARTESIAN_POINT('',(-39.3774299728635,-12.2041268274467,-0.499999999999984));
#5254=CARTESIAN_POINT('',(-39.3012642186818,-12.2351961257195,-0.499999999999984));
#5255=CARTESIAN_POINT('',(-39.2206301333027,-12.2569528255832,-0.499999999999984));
#5256=CARTESIAN_POINT('',(-39.1391731009639,-12.2684103684165,-0.499999999999984));
#5257=CARTESIAN_POINT('',(-40.0000000000038,-11.2772480188529,-0.499999999999987));
#5258=CARTESIAN_POINT('',(-39.1391731009639,-12.2684103684165,-0.499999999999984));
#5259=CARTESIAN_POINT('',(-40.0000000000038,0.,0.));
#5260=CARTESIAN_POINT('',(-40.0000000000038,-6.07163671131868,-9.51638326910432));
#5261=CARTESIAN_POINT('',(-40.0000000000038,-6.07163671131868,-9.51638326910432));
#5262=CARTESIAN_POINT('',(-40.0000000000038,-6.11407737232176,-9.58989265026846));
#5263=CARTESIAN_POINT('',(-39.9890392965555,-6.15685668982606,-9.66398860169902));
#5264=CARTESIAN_POINT('',(-39.9676394385533,-6.19792640160676,-9.7351234291554));
#5265=CARTESIAN_POINT('',(-39.9393684304537,-6.25218293706058,-9.82909850520409));
#5266=CARTESIAN_POINT('',(-39.8919672120725,-6.30474804542526,-9.92014394359708));
#5267=CARTESIAN_POINT('',(-39.8293527663087,-6.35126085989199,-10.0007065014565));
#5268=CARTESIAN_POINT('',(-39.7667736417208,-6.39774743620738,-10.0812236135047));
#5269=CARTESIAN_POINT('',(-39.6872692582928,-6.4394718708076,-10.1534924541493));
#5270=CARTESIAN_POINT('',(-39.597423182131,-6.47296752926736,-10.2115086364346));
#5271=CARTESIAN_POINT('',(-39.5076534932456,-6.50643470966519,-10.2694754932697));
#5272=CARTESIAN_POINT('',(-39.4050805215586,-6.53261085873499,-10.3148139134051));
#5273=CARTESIAN_POINT('',(-39.2982064399679,-6.54931966166813,-10.343754409019));
#5274=CARTESIAN_POINT('',(-39.2463451570602,-6.55742770753919,-10.3577979564177));
#5275=CARTESIAN_POINT('',(-39.1929808390443,-6.56343365503901,-10.368200562635));
#5276=CARTESIAN_POINT('',(-39.1391731009639,-6.56721788609996,-10.3747550431002));
#5277=CARTESIAN_POINT('',(-39.9918110342888,-9.62709429962997,-6.13555575459488));
#5278=CARTESIAN_POINT('',(-39.986406956511,-9.66347403295895,-6.15655960342541));
#5279=CARTESIAN_POINT('',(-39.9783174874739,-9.69962874655232,-6.17743353705102));
#5280=CARTESIAN_POINT('',(-39.9676394385537,-9.73512342915413,-6.19792640160597));
#5281=CARTESIAN_POINT('',(-39.9393684304542,-9.82909850520285,-6.25218293705982));
#5282=CARTESIAN_POINT('',(-39.8919672120732,-9.9201439435959,-6.30474804542453));
#5283=CARTESIAN_POINT('',(-39.8293527663095,-10.0007065014554,-6.35126085989131));
#5284=CARTESIAN_POINT('',(-39.7667736417218,-10.0812236135037,-6.39774743620675));
#5285=CARTESIAN_POINT('',(-39.687269258294,-10.1534924541484,-6.43947187080703));
#5286=CARTESIAN_POINT('',(-39.5974231821323,-10.2115086364338,-6.47296752926686));
#5287=CARTESIAN_POINT('',(-39.507653493247,-10.2694754932691,-6.50643470966476));
#5288=CARTESIAN_POINT('',(-39.4050805215601,-10.3148139134046,-6.53261085873464));
#5289=CARTESIAN_POINT('',(-39.2982064399694,-10.3437544090186,-6.54931966166786));
#5290=CARTESIAN_POINT('',(-39.2463451570612,-10.3577979564176,-6.55742770753903));
#5291=CARTESIAN_POINT('',(-39.1929808390448,-10.368200562635,-6.56343365503894));
#5292=CARTESIAN_POINT('',(-39.1391731009639,-10.3747550431002,-6.56721788609992));
#5293=CARTESIAN_POINT('',(-39.9918110342888,-9.62709429962997,-6.13555575459488));
#5294=CARTESIAN_POINT('',(-39.9918110342888,-9.62709429962997,-6.13555575459488));
#5295=CARTESIAN_POINT('',(-39.9934766496192,-9.7951992700221,-5.84772063553165));
#5296=CARTESIAN_POINT('',(-39.9934766496192,-9.96187425961596,-5.55903108520407));
#5297=CARTESIAN_POINT('',(-39.9918110342888,-10.12709429963,-5.26953035081045));
#5298=CARTESIAN_POINT('',(-39.9918110342888,-10.12709429963,-5.26953035081045));
#5299=CARTESIAN_POINT('',(-39.9918110342888,-10.12709429963,-5.26953035081045));
#5300=CARTESIAN_POINT('',(-39.9864069565109,-10.1634740329594,-5.29053419964123));
#5301=CARTESIAN_POINT('',(-39.9783174874737,-10.1996287465532,-5.31140813326708));
#5302=CARTESIAN_POINT('',(-39.9676394385533,-10.2351234291554,-5.33190099782228));
#5303=CARTESIAN_POINT('',(-39.9393684304537,-10.3290985052041,-5.3861575332761));
#5304=CARTESIAN_POINT('',(-39.8919672120725,-10.4201439435971,-5.43872264164078));
#5305=CARTESIAN_POINT('',(-39.8293527663087,-10.5007065014565,-5.48523545610751));
#5306=CARTESIAN_POINT('',(-39.7667736417208,-10.5812236135047,-5.5317220324229));
#5307=CARTESIAN_POINT('',(-39.6872692582929,-10.6534924541493,-5.57344646702312));
#5308=CARTESIAN_POINT('',(-39.597423182131,-10.7115086364346,-5.60694212548288));
#5309=CARTESIAN_POINT('',(-39.5076534932456,-10.7694754932697,-5.64040930588071));
#5310=CARTESIAN_POINT('',(-39.4050805215586,-10.8148139134051,-5.66658545495051));
#5311=CARTESIAN_POINT('',(-39.2982064399679,-10.843754409019,-5.68329425788365));
#5312=CARTESIAN_POINT('',(-39.2463451570602,-10.8577979564178,-5.69140230375471));
#5313=CARTESIAN_POINT('',(-39.1929808390443,-10.868200562635,-5.69740825125453));
#5314=CARTESIAN_POINT('',(-39.1391731009639,-10.8747550431002,-5.70119248231549));
#5315=CARTESIAN_POINT('',(-39.1391731009639,-10.8747550431002,-5.70119248231549));
#5316=CARTESIAN_POINT('',(-39.1391731009639,0.,0.));
#5317=CARTESIAN_POINT('',(-39.0000000000038,0.,0.));
#5318=CARTESIAN_POINT('',(-40.0000000000038,-5.20561130753425,-10.0163832691043));
#5319=CARTESIAN_POINT('',(-40.0000000000038,-5.24805196853733,-10.0898926502685));
#5320=CARTESIAN_POINT('',(-39.9890392965555,-5.29083128604162,-10.163988601699));
#5321=CARTESIAN_POINT('',(-39.9676394385533,-5.33190099782232,-10.2351234291554));
#5322=CARTESIAN_POINT('',(-39.9393684304537,-5.38615753327614,-10.3290985052041));
#5323=CARTESIAN_POINT('',(-39.8919672120725,-5.43872264164082,-10.4201439435971));
#5324=CARTESIAN_POINT('',(-39.8293527663087,-5.48523545610756,-10.5007065014565));
#5325=CARTESIAN_POINT('',(-39.7667736417208,-5.53172203242294,-10.5812236135047));
#5326=CARTESIAN_POINT('',(-39.6872692582928,-5.57344646702316,-10.6534924541493));
#5327=CARTESIAN_POINT('',(-39.597423182131,-5.60694212548293,-10.7115086364346));
#5328=CARTESIAN_POINT('',(-39.5076534932456,-5.64040930588075,-10.7694754932697));
#5329=CARTESIAN_POINT('',(-39.4050805215586,-5.66658545495055,-10.8148139134051));
#5330=CARTESIAN_POINT('',(-39.2982064399679,-5.68329425788369,-10.843754409019));
#5331=CARTESIAN_POINT('',(-39.2463451570602,-5.69140230375475,-10.8577979564177));
#5332=CARTESIAN_POINT('',(-39.1929808390443,-5.69740825125458,-10.868200562635));
#5333=CARTESIAN_POINT('',(-39.1391731009639,-5.70119248231553,-10.8747550431002));
#5334=CARTESIAN_POINT('',(-40.0000000000038,-5.20561130753425,-10.0163832691043));
#5335=CARTESIAN_POINT('',(-39.1391731009639,-5.70119248231553,-10.8747550431002));
#5336=CARTESIAN_POINT('',(-40.0000000000038,0.,0.));
#5337=CARTESIAN_POINT('',(-40.0000000000038,5.20561130753419,-10.0163832691043));
#5338=CARTESIAN_POINT('',(-40.0000000000038,5.20561130753419,-10.0163832691043));
#5339=CARTESIAN_POINT('',(-40.0000000000038,5.24805196853728,-10.0898926502685));
#5340=CARTESIAN_POINT('',(-39.9890392965555,5.29083128604157,-10.163988601699));
#5341=CARTESIAN_POINT('',(-39.9676394385533,5.33190099782227,-10.2351234291554));
#5342=CARTESIAN_POINT('',(-39.9393684304537,5.38615753327609,-10.3290985052041));
#5343=CARTESIAN_POINT('',(-39.8919672120725,5.43872264164077,-10.4201439435971));
#5344=CARTESIAN_POINT('',(-39.8293527663087,5.4852354561075,-10.5007065014565));
#5345=CARTESIAN_POINT('',(-39.7667736417208,5.53172203242289,-10.5812236135047));
#5346=CARTESIAN_POINT('',(-39.6872692582928,5.57344646702311,-10.6534924541493));
#5347=CARTESIAN_POINT('',(-39.597423182131,5.60694212548287,-10.7115086364346));
#5348=CARTESIAN_POINT('',(-39.5076534932456,5.6404093058807,-10.7694754932697));
#5349=CARTESIAN_POINT('',(-39.4050805215586,5.6665854549505,-10.8148139134051));
#5350=CARTESIAN_POINT('',(-39.2982064399679,5.68329425788364,-10.843754409019));
#5351=CARTESIAN_POINT('',(-39.2463451570602,5.6914023037547,-10.8577979564178));
#5352=CARTESIAN_POINT('',(-39.1929808390443,5.69740825125452,-10.868200562635));
#5353=CARTESIAN_POINT('',(-39.1391731009639,5.70119248231547,-10.8747550431002));
#5354=CARTESIAN_POINT('',(-39.9918110342888,0.499999999999973,-11.4050861054054));
#5355=CARTESIAN_POINT('',(-39.9845977785093,0.499999999999973,-11.4611571466439));
#5356=CARTESIAN_POINT('',(-39.9725787749594,0.499999999999973,-11.5168131392029));
#5357=CARTESIAN_POINT('',(-39.956009778395,0.499999999999973,-11.5708636810815));
#5358=CARTESIAN_POINT('',(-39.9231460551543,0.499999999999973,-11.6780700554934));
#5359=CARTESIAN_POINT('',(-39.8713134643288,0.499999999999972,-11.7810823524188));
#5360=CARTESIAN_POINT('',(-39.8047965735504,0.499999999999972,-11.8713526922928));
#5361=CARTESIAN_POINT('',(-39.7631050213264,0.499999999999972,-11.9279324654165));
#5362=CARTESIAN_POINT('',(-39.7151573447047,0.499999999999972,-11.9803831761086));
#5363=CARTESIAN_POINT('',(-39.6625344230011,0.499999999999972,-12.0269694870266));
#5364=CARTESIAN_POINT('',(-39.5787589531289,0.499999999999972,-12.1011346979353));
#5365=CARTESIAN_POINT('',(-39.4810296589668,0.499999999999972,-12.1618667647309));
#5366=CARTESIAN_POINT('',(-39.3774299728635,0.499999999999971,-12.2041268274467));
#5367=CARTESIAN_POINT('',(-39.3012642186818,0.499999999999971,-12.2351961257195));
#5368=CARTESIAN_POINT('',(-39.2206301333027,0.499999999999971,-12.2569528255832));
#5369=CARTESIAN_POINT('',(-39.1391731009639,0.499999999999971,-12.2684103684165));
#5370=CARTESIAN_POINT('',(-39.9918110342888,0.499999999999973,-11.4050861054054));
#5371=CARTESIAN_POINT('',(-39.9918110342888,0.499999999999973,-11.4050861054054));
#5372=CARTESIAN_POINT('',(-39.992643846804,0.333336524211083,-11.4059189179205));
#5373=CARTESIAN_POINT('',(-39.9930176491105,0.166667637276706,-11.406292720227));
#5374=CARTESIAN_POINT('',(-39.9930176491105,-1.55769993699627E-14,-11.406292720227));
#5375=CARTESIAN_POINT('',(-39.9930176491105,-0.166667637276745,-11.406292720227));
#5376=CARTESIAN_POINT('',(-39.992643846804,-0.333336524211129,-11.4059189179205));
#5377=CARTESIAN_POINT('',(-39.9918110342888,-0.500000000000027,-11.4050861054054));
#5378=CARTESIAN_POINT('',(-39.9918110342888,-0.500000000000027,-11.4050861054054));
#5379=CARTESIAN_POINT('',(-39.9918110342888,-0.500000000000027,-11.4050861054054));
#5380=CARTESIAN_POINT('',(-39.9845977785093,-0.500000000000027,-11.4611571466439));
#5381=CARTESIAN_POINT('',(-39.9725787749594,-0.500000000000027,-11.5168131392029));
#5382=CARTESIAN_POINT('',(-39.956009778395,-0.500000000000027,-11.5708636810815));
#5383=CARTESIAN_POINT('',(-39.9231460551543,-0.500000000000027,-11.6780700554934));
#5384=CARTESIAN_POINT('',(-39.8713134643288,-0.500000000000028,-11.7810823524188));
#5385=CARTESIAN_POINT('',(-39.8047965735504,-0.500000000000028,-11.8713526922928));
#5386=CARTESIAN_POINT('',(-39.7631050213264,-0.500000000000028,-11.9279324654165));
#5387=CARTESIAN_POINT('',(-39.7151573447047,-0.500000000000028,-11.9803831761086));
#5388=CARTESIAN_POINT('',(-39.6625344230011,-0.500000000000028,-12.0269694870266));
#5389=CARTESIAN_POINT('',(-39.5787589531289,-0.500000000000028,-12.1011346979353));
#5390=CARTESIAN_POINT('',(-39.4810296589668,-0.500000000000029,-12.1618667647309));
#5391=CARTESIAN_POINT('',(-39.3774299728634,-0.500000000000029,-12.2041268274467));
#5392=CARTESIAN_POINT('',(-39.3012642186818,-0.500000000000029,-12.2351961257195));
#5393=CARTESIAN_POINT('',(-39.2206301333027,-0.500000000000029,-12.2569528255832));
#5394=CARTESIAN_POINT('',(-39.1391731009639,-0.500000000000029,-12.2684103684165));
#5395=CARTESIAN_POINT('',(-39.1391731009639,-0.500000000000029,-12.2684103684165));
#5396=CARTESIAN_POINT('',(-39.1391731009639,0.,0.));
#5397=CARTESIAN_POINT('',(-39.0000000000038,0.,0.));
#5398=CARTESIAN_POINT('',(-40.0000000000038,6.07163671131864,-9.51638326910435));
#5399=CARTESIAN_POINT('',(-40.0000000000038,6.11407737232172,-9.58989265026849));
#5400=CARTESIAN_POINT('',(-39.9890392965555,6.15685668982601,-9.66398860169904));
#5401=CARTESIAN_POINT('',(-39.9676394385533,6.19792640160671,-9.73512342915543));
#5402=CARTESIAN_POINT('',(-39.9393684304537,6.25218293706053,-9.82909850520412));
#5403=CARTESIAN_POINT('',(-39.8919672120725,6.30474804542521,-9.92014394359711));
#5404=CARTESIAN_POINT('',(-39.8293527663087,6.35126085989194,-10.0007065014565));
#5405=CARTESIAN_POINT('',(-39.7667736417208,6.39774743620733,-10.0812236135047));
#5406=CARTESIAN_POINT('',(-39.6872692582928,6.43947187080755,-10.1534924541494));
#5407=CARTESIAN_POINT('',(-39.597423182131,6.47296752926731,-10.2115086364346));
#5408=CARTESIAN_POINT('',(-39.5076534932456,6.50643470966514,-10.2694754932697));
#5409=CARTESIAN_POINT('',(-39.4050805215586,6.53261085873494,-10.3148139134051));
#5410=CARTESIAN_POINT('',(-39.2982064399679,6.54931966166808,-10.343754409019));
#5411=CARTESIAN_POINT('',(-39.2463451570602,6.55742770753914,-10.3577979564178));
#5412=CARTESIAN_POINT('',(-39.1929808390443,6.56343365503896,-10.3682005626351));
#5413=CARTESIAN_POINT('',(-39.1391731009639,6.56721788609991,-10.3747550431002));
#5414=CARTESIAN_POINT('',(-40.0000000000038,6.07163671131864,-9.51638326910435));
#5415=CARTESIAN_POINT('',(-39.1391731009639,6.56721788609991,-10.3747550431002));
#5416=CARTESIAN_POINT('',(-40.0000000000038,0.,0.));
#5417=CARTESIAN_POINT('',(-40.0000000000038,11.2772480188529,-0.500000000000046));
#5418=CARTESIAN_POINT('',(-40.0000000000038,11.2772480188529,-0.500000000000046));
#5419=CARTESIAN_POINT('',(-40.0000000000038,11.3011951488006,-0.500000000000046));
#5420=CARTESIAN_POINT('',(-39.999140388311,11.3251576543137,-0.500000000000047));
#5421=CARTESIAN_POINT('',(-39.9974244318354,11.3490432258184,-0.500000000000047));
#5422=CARTESIAN_POINT('',(-39.9893886461764,11.4608988210469,-0.500000000000047));
#5423=CARTESIAN_POINT('',(-39.9619291542293,11.572911339106,-0.500000000000048));
#5424=CARTESIAN_POINT('',(-39.9173111007916,11.6757970880828,-0.500000000000048));
#5425=CARTESIAN_POINT('',(-39.8727053929385,11.7786543691049,-0.500000000000049));
#5426=CARTESIAN_POINT('',(-39.8097177140198,11.8752292695112,-0.500000000000049));
#5427=CARTESIAN_POINT('',(-39.7335587224236,11.9575037943131,-0.500000000000049));
#5428=CARTESIAN_POINT('',(-39.6574559319656,12.0397176050503,-0.500000000000049));
#5429=CARTESIAN_POINT('',(-39.5660988727793,12.109921679818,-0.50000000000005));
#5430=CARTESIAN_POINT('',(-39.4670570611127,12.1622806803169,-0.50000000000005));
#5431=CARTESIAN_POINT('',(-39.3681007822388,12.2145944634327,-0.50000000000005));
#5432=CARTESIAN_POINT('',(-39.2587409614327,12.2505377434404,-0.50000000000005));
#5433=CARTESIAN_POINT('',(-39.1480430193349,12.2671221532209,-0.50000000000005));
#5434=CARTESIAN_POINT('',(-39.1450883354905,12.2675648144549,-0.50000000000005));
#5435=CARTESIAN_POINT('',(-39.1421316365637,12.2679942281832,-0.50000000000005));
#5436=CARTESIAN_POINT('',(-39.1391731009639,12.2684103684154,-0.50000000000005));
#5437=CARTESIAN_POINT('',(-39.9918110342888,10.1270942996299,-5.26953035081049));
#5438=CARTESIAN_POINT('',(-39.9864069565109,10.1634740329594,-5.29053419964128));
#5439=CARTESIAN_POINT('',(-39.9783174874737,10.1996287465532,-5.31140813326713));
#5440=CARTESIAN_POINT('',(-39.9676394385533,10.2351234291554,-5.33190099782232));
#5441=CARTESIAN_POINT('',(-39.9393684304537,10.3290985052041,-5.38615753327615));
#5442=CARTESIAN_POINT('',(-39.8919672120725,10.4201439435971,-5.43872264164083));
#5443=CARTESIAN_POINT('',(-39.8293527663087,10.5007065014565,-5.48523545610756));
#5444=CARTESIAN_POINT('',(-39.7667736417208,10.5812236135046,-5.53172203242295));
#5445=CARTESIAN_POINT('',(-39.6872692582929,10.6534924541493,-5.57344646702317));
#5446=CARTESIAN_POINT('',(-39.597423182131,10.7115086364346,-5.60694212548293));
#5447=CARTESIAN_POINT('',(-39.5076534932457,10.7694754932697,-5.64040930588076));
#5448=CARTESIAN_POINT('',(-39.4050805215586,10.8148139134051,-5.66658545495056));
#5449=CARTESIAN_POINT('',(-39.2982064399679,10.843754409019,-5.6832942578837));
#5450=CARTESIAN_POINT('',(-39.2463451570602,10.8577979564177,-5.69140230375476));
#5451=CARTESIAN_POINT('',(-39.1929808390443,10.868200562635,-5.69740825125459));
#5452=CARTESIAN_POINT('',(-39.1391731009639,10.8747550431002,-5.70119248231554));
#5453=CARTESIAN_POINT('',(-39.9918110342888,10.1270942996299,-5.26953035081049));
#5454=CARTESIAN_POINT('',(-39.9918110342888,10.1270942996299,-5.26953035081049));
#5455=CARTESIAN_POINT('',(-39.9934766496192,9.96187425961593,-5.55903108520412));
#5456=CARTESIAN_POINT('',(-39.9934766496192,9.79519927002207,-5.84772063553169));
#5457=CARTESIAN_POINT('',(-39.9918110342888,9.62709429962995,-6.13555575459493));
#5458=CARTESIAN_POINT('',(-39.9918110342888,9.62709429962995,-6.13555575459493));
#5459=CARTESIAN_POINT('',(-39.9918110342888,9.62709429962995,-6.13555575459493));
#5460=CARTESIAN_POINT('',(-39.9864069565109,9.66347403295937,-6.15655960342572));
#5461=CARTESIAN_POINT('',(-39.9783174874737,9.69962874655317,-6.17743353705157));
#5462=CARTESIAN_POINT('',(-39.9676394385533,9.7351234291554,-6.19792640160677));
#5463=CARTESIAN_POINT('',(-39.9393684304537,9.82909850520408,-6.25218293706059));
#5464=CARTESIAN_POINT('',(-39.8919672120725,9.92014394359707,-6.30474804542527));
#5465=CARTESIAN_POINT('',(-39.8293527663087,10.0007065014565,-6.351260859892));
#5466=CARTESIAN_POINT('',(-39.7667736417208,10.0812236135047,-6.39774743620739));
#5467=CARTESIAN_POINT('',(-39.6872692582928,10.1534924541493,-6.43947187080761));
#5468=CARTESIAN_POINT('',(-39.597423182131,10.2115086364346,-6.47296752926738));
#5469=CARTESIAN_POINT('',(-39.5076534932456,10.2694754932697,-6.5064347096652));
#5470=CARTESIAN_POINT('',(-39.4050805215586,10.3148139134051,-6.532610858735));
#5471=CARTESIAN_POINT('',(-39.2982064399679,10.343754409019,-6.54931966166814));
#5472=CARTESIAN_POINT('',(-39.2463451570601,10.3577979564177,-6.5574277075392));
#5473=CARTESIAN_POINT('',(-39.1929808390443,10.368200562635,-6.56343365503902));
#5474=CARTESIAN_POINT('',(-39.1391731009639,10.3747550431002,-6.56721788609997));
#5475=CARTESIAN_POINT('',(-39.1391731009639,10.3747550431002,-6.56721788609997));
#5476=CARTESIAN_POINT('',(-39.1391731009639,0.,0.));
#5477=CARTESIAN_POINT('',(-39.0000000000038,0.,0.));
#5478=CARTESIAN_POINT('',(-28.5867249288834,0.,0.));
#5479=CARTESIAN_POINT('',(-35.5688449507679,-6.29669331122391,3.05804730905002));
#5480=CARTESIAN_POINT('',(-35.5688449507679,-5.79669331122391,3.92407271283446));
#5481=CARTESIAN_POINT('',(-40.0000000000038,-6.29669331122391,3.05804730905002));
#5482=CARTESIAN_POINT('',(-3.41067819350708E-15,-6.29669331122391,3.05804730905002));
#5483=CARTESIAN_POINT('',(0.,0.,0.));
#5484=CARTESIAN_POINT('',(-1.01838888446494E-15,-6.29669331122392,-3.05804730905001));
#5485=CARTESIAN_POINT('',(-40.0000000000038,-6.29669331122392,-3.05804730905001));
#5486=CARTESIAN_POINT('',(-35.5688449507679,-6.29669331122392,-3.05804730905001));
#5487=CARTESIAN_POINT('',(-28.5867249288834,0.,0.));
#5488=CARTESIAN_POINT('',(-35.5688449507679,-5.79669331122392,-3.92407271283445));
#5489=CARTESIAN_POINT('',(-40.0000000000038,-5.79669331122392,-3.92407271283445));
#5490=CARTESIAN_POINT('',(-1.01838888446494E-15,-5.79669331122392,-3.92407271283445));
#5491=CARTESIAN_POINT('',(0.,0.,0.));
#5492=CARTESIAN_POINT('',(-1.01838888446494E-15,-0.500000000000016,-6.98212002188447));
#5493=CARTESIAN_POINT('',(-40.0000000000038,-0.500000000000016,-6.98212002188447));
#5494=CARTESIAN_POINT('',(-35.5688449507679,-0.500000000000016,-6.98212002188447));
#5495=CARTESIAN_POINT('',(-28.5867249288834,0.,0.));
#5496=CARTESIAN_POINT('',(-35.5688449507679,0.499999999999984,-6.98212002188447));
#5497=CARTESIAN_POINT('',(-40.0000000000038,0.499999999999984,-6.98212002188447));
#5498=CARTESIAN_POINT('',(-1.01838888446494E-15,0.499999999999984,-6.98212002188447));
#5499=CARTESIAN_POINT('',(0.,0.,0.));
#5500=CARTESIAN_POINT('',(-1.01838888446494E-15,5.7966933112239,-3.92407271283447));
#5501=CARTESIAN_POINT('',(-40.0000000000038,5.7966933112239,-3.92407271283447));
#5502=CARTESIAN_POINT('',(-35.5688449507679,5.7966933112239,-3.92407271283447));
#5503=CARTESIAN_POINT('',(-28.5867249288834,0.,0.));
#5504=CARTESIAN_POINT('',(-35.5688449507679,6.2966933112239,-3.05804730905004));
#5505=CARTESIAN_POINT('',(-40.0000000000038,6.2966933112239,-3.05804730905004));
#5506=CARTESIAN_POINT('',(-1.01838888446494E-15,6.2966933112239,-3.05804730905004));
#5507=CARTESIAN_POINT('',(0.,0.,0.));
#5508=CARTESIAN_POINT('',(-1.01838888446494E-15,6.29669331122393,3.05804730904999));
#5509=CARTESIAN_POINT('',(-40.0000000000038,6.29669331122393,3.05804730904999));
#5510=CARTESIAN_POINT('',(-35.5688449507679,6.29669331122393,3.05804730904999));
#5511=CARTESIAN_POINT('',(-28.5867249288834,0.,0.));
#5512=CARTESIAN_POINT('',(-35.5688449507679,5.79669331122393,3.92407271283443));
#5513=CARTESIAN_POINT('',(-40.0000000000038,5.79669331122392,3.92407271283445));
#5514=CARTESIAN_POINT('',(-8.07482030526524E-15,5.79669331122392,3.92407271283445));
#5515=CARTESIAN_POINT('',(0.,0.,0.));
#5516=CARTESIAN_POINT('',(-1.01838888446494E-15,0.5,6.98212002188447));
#5517=CARTESIAN_POINT('',(-40.0000000000038,0.5,6.98212002188447));
#5518=CARTESIAN_POINT('',(-35.5688449507679,0.5,6.98212002188447));
#5519=CARTESIAN_POINT('',(-28.5867249288834,0.,0.));
#5520=CARTESIAN_POINT('',(-35.5688449507679,-0.5,6.98212002188447));
#5521=CARTESIAN_POINT('',(-40.0000000000038,-0.5,6.98212002188447));
#5522=CARTESIAN_POINT('',(-40.0000000000038,-5.79669331122391,3.92407271283446));
#5523=CARTESIAN_POINT('',(-40.0000000000038,0.,0.));
#5524=CARTESIAN_POINT('',(-40.0000000000038,-3.92407271283445,5.79669331122392));
#5525=CARTESIAN_POINT('',(-40.0000000000038,-6.98212002188447,0.500000000000009));
#5526=CARTESIAN_POINT('',(-40.0000000000038,-3.92407271283445,5.79669331122392));
#5527=CARTESIAN_POINT('',(-4.970609235056,-3.92407271283445,5.79669331122392));
#5528=CARTESIAN_POINT('',(-11.9527292569405,0.,0.));
#5529=CARTESIAN_POINT('',(-4.970609235056,-3.05804730905001,6.29669331122392));
#5530=CARTESIAN_POINT('',(-40.0000000000038,-3.05804730905001,6.29669331122391));
#5531=CARTESIAN_POINT('',(-40.0000000000038,-3.05804730905001,6.29669331122392));
#5532=CARTESIAN_POINT('',(-40.0000000000038,0.,0.));
#5533=CARTESIAN_POINT('',(-40.0000000000038,3.05804730905001,6.29669331122391));
#5534=CARTESIAN_POINT('',(-40.0000000000038,3.05804730905002,6.29669331122391));
#5535=CARTESIAN_POINT('',(-4.970609235056,3.05804730905002,6.29669331122391));
#5536=CARTESIAN_POINT('',(-11.9527292569405,0.,0.));
#5537=CARTESIAN_POINT('',(-4.970609235056,3.92407271283445,5.79669331122391));
#5538=CARTESIAN_POINT('',(-40.0000000000038,3.92407271283446,5.79669331122391));
#5539=CARTESIAN_POINT('',(-40.0000000000038,3.92407271283446,5.79669331122391));
#5540=CARTESIAN_POINT('',(-40.0000000000038,0.,0.));
#5541=CARTESIAN_POINT('',(-40.0000000000038,6.98212002188446,0.499999999999991));
#5542=CARTESIAN_POINT('',(-40.0000000000038,6.98212002188447,0.5));
#5543=CARTESIAN_POINT('',(-4.970609235056,6.98212002188447,0.499999999999971));
#5544=CARTESIAN_POINT('',(-11.9527292569405,0.,0.));
#5545=CARTESIAN_POINT('',(-4.970609235056,6.98212002188447,-0.50000000000003));
#5546=CARTESIAN_POINT('',(-40.0000000000038,6.98212002188447,-0.500000000000031));
#5547=CARTESIAN_POINT('',(-40.0000000000038,6.98212002188447,-0.500000000000029));
#5548=CARTESIAN_POINT('',(-40.0000000000038,0.,0.));
#5549=CARTESIAN_POINT('',(-40.0000000000038,3.92407271283444,-5.79669331122393));
#5550=CARTESIAN_POINT('',(-40.0000000000038,3.92407271283444,-5.79669331122393));
#5551=CARTESIAN_POINT('',(-4.970609235056,3.92407271283444,-5.79669331122393));
#5552=CARTESIAN_POINT('',(-11.9527292569405,0.,0.));
#5553=CARTESIAN_POINT('',(-4.970609235056,3.05804730905,-6.29669331122392));
#5554=CARTESIAN_POINT('',(-40.0000000000038,3.05804730905,-6.29669331122392));
#5555=CARTESIAN_POINT('',(-40.0000000000038,3.05804730905,-6.29669331122392));
#5556=CARTESIAN_POINT('',(-40.0000000000038,0.,0.));
#5557=CARTESIAN_POINT('',(-40.0000000000038,-3.05804730905003,-6.29669331122391));
#5558=CARTESIAN_POINT('',(-40.0000000000038,-3.05804730905003,-6.2966933112239));
#5559=CARTESIAN_POINT('',(-4.970609235056,-3.05804730905003,-6.2966933112239));
#5560=CARTESIAN_POINT('',(-11.9527292569405,0.,0.));
#5561=CARTESIAN_POINT('',(-4.970609235056,-3.92407271283447,-5.7966933112239));
#5562=CARTESIAN_POINT('',(-40.0000000000038,-3.92407271283447,-5.7966933112239));
#5563=CARTESIAN_POINT('',(-40.0000000000038,-3.92407271283447,-5.79669331122391));
#5564=CARTESIAN_POINT('',(-40.0000000000038,0.,0.));
#5565=CARTESIAN_POINT('',(-40.0000000000038,-6.98212002188447,-0.499999999999992));
#5566=CARTESIAN_POINT('',(-40.0000000000038,-6.98212002188447,-0.499999999999988));
#5567=CARTESIAN_POINT('',(-4.970609235056,-6.98212002188447,-0.49999999999999));
#5568=CARTESIAN_POINT('',(-11.9527292569405,0.,0.));
#5569=CARTESIAN_POINT('',(-4.970609235056,-6.98212002188447,0.50000000000001));
#5570=CARTESIAN_POINT('',(-40.0000000000038,-6.98212002188447,0.500000000000012));
#5571=CARTESIAN_POINT('',(-40.0000000000038,0.,0.));
#5572=CARTESIAN_POINT('',(-40.0000000000038,-9.68932135945977,17.7823968854467));
#5573=CARTESIAN_POINT('',(-40.0000000000038,9.68932135945977,17.7823968854467));
#5574=CARTESIAN_POINT('',(-40.0000000000038,0.,12.1576135792361));
#5575=CARTESIAN_POINT('',(-40.0000000000038,-20.244668122704,0.500000000000025));
#5576=CARTESIAN_POINT('',(-40.0000000000038,10.5553467632442,17.2823968854467));
#5577=CARTESIAN_POINT('',(-40.0000000000038,0.,12.1576135792361));
#5578=CARTESIAN_POINT('',(-40.0000000000038,-10.5553467632442,17.2823968854467));
#5579=CARTESIAN_POINT('',(-40.0000000000038,-20.244668122704,0.500000000000025));
#5580=CARTESIAN_POINT('',(-40.0000000000038,0.,12.1576135792361));
#5581=CARTESIAN_POINT('',(-40.0000000000038,-20.244668122704,-0.499999999999976));
#5582=CARTESIAN_POINT('',(-40.0000000000038,-10.5553467632443,-17.2823968854467));
#5583=CARTESIAN_POINT('',(-40.0000000000038,0.,12.1576135792361));
#5584=CARTESIAN_POINT('',(-40.0000000000038,-9.68932135945981,-17.7823968854467));
#5585=CARTESIAN_POINT('',(-40.0000000000038,9.68932135945973,-17.7823968854467));
#5586=CARTESIAN_POINT('',(-40.0000000000038,0.,12.1576135792361));
#5587=CARTESIAN_POINT('',(-40.0000000000038,10.5553467632442,-17.2823968854467));
#5588=CARTESIAN_POINT('',(-40.0000000000038,20.244668122704,-0.500000000000082));
#5589=CARTESIAN_POINT('',(-40.0000000000038,0.,12.1576135792361));
#5590=CARTESIAN_POINT('',(-4.54660459486509E-15,-0.249999999999999,0.43301270189222));
#5591=CARTESIAN_POINT('',(-1.12750565623145E-14,11.2812919747339,7.090607227609));
#5592=CARTESIAN_POINT('',(6.7331941413751E-15,0.,0.));
#5593=CARTESIAN_POINT('',(1.67523646940376E-15,7.09060722760901,11.2812919747339));
#5594=CARTESIAN_POINT('',(9.86756174500181E-16,6.40937733036245,10.1013671810679));
#5595=CARTESIAN_POINT('',(1.73472347597681E-15,6.40937733036245,10.1013671810679));
#5596=CARTESIAN_POINT('',(1.73472347597681E-15,5.54335192657801,10.6013671810679));
#5597=CARTESIAN_POINT('',(1.73472347597681E-15,5.54335192657801,10.6013671810679));
#5598=CARTESIAN_POINT('',(9.86756174500181E-16,5.54335192657801,10.6013671810679));
#5599=CARTESIAN_POINT('',(1.67523646940376E-15,6.22458182382458,11.7812919747339));
#5600=CARTESIAN_POINT('',(6.7331941413751E-15,0.,0.));
#5601=CARTESIAN_POINT('',(2.18184737258426E-15,0.5,13.3151890514336));
#5602=CARTESIAN_POINT('',(-4.54660459486509E-15,0.5,0.));
#5603=CARTESIAN_POINT('',(3.36659707068755E-15,0.,0.));
#5604=CARTESIAN_POINT('',(1.73472347597681E-15,-11.9527292569405,-0.499999999999984));
#5605=CARTESIAN_POINT('',(1.73472347597681E-15,-11.9527292569405,-0.499999999999984));
#5606=CARTESIAN_POINT('',(1.73472347597681E-15,-11.9527292569405,0.500000000000016));
#5607=CARTESIAN_POINT('',(9.86756174500181E-16,-11.9527292569405,-0.499999999999984));
#5608=CARTESIAN_POINT('',(1.67523646940377E-15,-13.3151890514336,-0.499999999999983));
#5609=CARTESIAN_POINT('',(6.7331941413751E-15,0.,0.));
#5610=CARTESIAN_POINT('',(2.18184737258426E-15,-11.7812919747339,-6.22458182382456));
#5611=CARTESIAN_POINT('',(-4.54660459486509E-15,-0.249999999999999,0.43301270189222));
#5612=CARTESIAN_POINT('',(-4.54660459486509E-15,-0.25,-0.433012701892219));
#5613=CARTESIAN_POINT('',(9.86756174500181E-16,-11.9527292569405,0.500000000000016));
#5614=CARTESIAN_POINT('',(3.36659707068755E-15,0.,0.));
#5615=CARTESIAN_POINT('',(1.73472347597681E-15,-5.54335192657804,-10.6013671810679));
#5616=CARTESIAN_POINT('',(1.73472347597681E-15,-5.54335192657804,-10.6013671810679));
#5617=CARTESIAN_POINT('',(1.73472347597681E-15,-6.40937733036247,-10.1013671810679));
#5618=CARTESIAN_POINT('',(9.86756174500181E-16,-5.54335192657804,-10.6013671810679));
#5619=CARTESIAN_POINT('',(1.67523646940377E-15,-6.22458182382461,-11.7812919747339));
#5620=CARTESIAN_POINT('',(6.7331941413751E-15,0.,0.));
#5621=CARTESIAN_POINT('',(2.18184737258426E-15,-0.500000000000031,-13.3151890514336));
#5622=CARTESIAN_POINT('',(-4.54660459486509E-15,-0.5,1.17145536458252E-15));
#5623=CARTESIAN_POINT('',(-4.54660459486509E-15,0.249999999999999,-0.43301270189222));
#5624=CARTESIAN_POINT('',(9.86756174500181E-16,-6.40937733036247,-10.1013671810679));
#5625=CARTESIAN_POINT('',(3.36659707068755E-15,0.,0.));
#5626=CARTESIAN_POINT('',(1.73472347597681E-15,6.40937733036242,-10.101367181068));
#5627=CARTESIAN_POINT('',(1.73472347597681E-15,6.40937733036242,-10.101367181068));
#5628=CARTESIAN_POINT('',(1.73472347597681E-15,5.54335192657798,-10.601367181068));
#5629=CARTESIAN_POINT('',(9.86756174500181E-16,6.40937733036242,-10.101367181068));
#5630=CARTESIAN_POINT('',(1.67523646940377E-15,7.09060722760899,-11.2812919747339));
#5631=CARTESIAN_POINT('',(6.7331941413751E-15,0.,0.));
#5632=CARTESIAN_POINT('',(2.18184737258426E-15,11.2812919747339,-7.09060722760905));
#5633=CARTESIAN_POINT('',(-4.54660459486509E-15,-0.250000000000001,-0.433012701892219));
#5634=CARTESIAN_POINT('',(-4.54660459486509E-15,0.5,-1.17145536458252E-15));
#5635=CARTESIAN_POINT('',(9.86756174500181E-16,5.54335192657798,-10.601367181068));
#5636=CARTESIAN_POINT('',(3.36659707068755E-15,0.,0.));
#5637=CARTESIAN_POINT('',(1.73472347597681E-15,11.9527292569405,0.499999999999951));
#5638=CARTESIAN_POINT('',(1.73472347597681E-15,11.9527292569405,0.499999999999951));
#5639=CARTESIAN_POINT('',(1.73472347597681E-15,11.9527292569405,-0.50000000000005));
#5640=CARTESIAN_POINT('',(9.86756174500181E-16,11.9527292569405,0.499999999999951));
#5641=CARTESIAN_POINT('',(-4.54660459486509E-15,0.249999999999998,-0.43301270189222));
#5642=CARTESIAN_POINT('',(-4.54660459486509E-15,0.250000000000001,0.433012701892219));
#5643=CARTESIAN_POINT('',(9.86756174500181E-16,11.9527292569405,-0.50000000000005));
#5644=CARTESIAN_POINT('',(3.36659707068755E-15,0.,0.));
#5645=CARTESIAN_POINT('',(1.67523646940377E-15,-7.09060722760902,11.2812919747339));
#5646=CARTESIAN_POINT('',(-1.73327711090625,-7.59131387748975,12.148541332015));
#5647=CARTESIAN_POINT('',(-3.46662079473875,-8.0919629150696,13.0156909018637));
#5648=CARTESIAN_POINT('',(-5.2,-8.59258120051735,13.8827872074572));
#5649=CARTESIAN_POINT('',(-5.2,-8.59258120051735,13.8827872074572));
#5650=CARTESIAN_POINT('',(-5.19999999999999,0.,0.));
#5651=CARTESIAN_POINT('',(-5.2,-13.8827872074572,8.59258120051737));
#5652=CARTESIAN_POINT('',(2.18184737258426E-15,-11.2812919747339,7.09060722760903));
#5653=CARTESIAN_POINT('',(-1.73327711090625,-12.1485413320149,7.59131387748976));
#5654=CARTESIAN_POINT('',(-3.46662079473875,-13.0156909018637,8.09196291506962));
#5655=CARTESIAN_POINT('',(-5.2,-13.8827872074572,8.59258120051737));
#5656=CARTESIAN_POINT('',(6.7331941413751E-15,0.,0.));
#5657=CARTESIAN_POINT('',(-5.2,13.8827872074573,8.59258120051734));
#5658=CARTESIAN_POINT('',(-3.46662079473876,13.0156909018637,8.09196291506959));
#5659=CARTESIAN_POINT('',(-1.73327711090626,12.148541332015,7.59131387748973));
#5660=CARTESIAN_POINT('',(-1.12750565623145E-14,11.2812919747339,7.090607227609));
#5661=CARTESIAN_POINT('',(-5.2,13.8827872074573,8.59258120051734));
#5662=CARTESIAN_POINT('',(-5.19999999999999,0.,0.));
#5663=CARTESIAN_POINT('',(-5.2,8.59258120051735,13.8827872074572));
#5664=CARTESIAN_POINT('',(1.67523646940376E-15,7.09060722760901,11.2812919747339));
#5665=CARTESIAN_POINT('',(-1.73327711090626,7.59131387748975,12.148541332015));
#5666=CARTESIAN_POINT('',(-3.46662079473875,8.0919629150696,13.0156909018637));
#5667=CARTESIAN_POINT('',(-5.2,8.59258120051735,13.8827872074572));
#5668=CARTESIAN_POINT('',(6.7331941413751E-15,0.,0.));
#5669=CARTESIAN_POINT('',(1.67523646940377E-15,-13.3151890514336,-0.499999999999983));
#5670=CARTESIAN_POINT('',(-1.29069380488293,-14.0608966673691,-0.499999999999982));
#5671=CARTESIAN_POINT('',(-2.5814250293316,-14.8065395176404,-0.499999999999982));
#5672=CARTESIAN_POINT('',(-3.87217955525556,-15.5521420258404,-0.499999999999981));
#5673=CARTESIAN_POINT('',(-4.3147836831117,-15.8078116680856,-0.499999999999981));
#5674=CARTESIAN_POINT('',(-4.75739062433267,-16.0634764400022,-0.499999999999981));
#5675=CARTESIAN_POINT('',(-5.2,-16.3191369972503,-0.49999999999998));
#5676=CARTESIAN_POINT('',(-5.2,-16.3191369972503,-0.49999999999998));
#5677=CARTESIAN_POINT('',(-5.19999999999999,0.,0.));
#5678=CARTESIAN_POINT('',(-5.2,-14.3827872074573,-7.7265557967329));
#5679=CARTESIAN_POINT('',(2.18184737258426E-15,-11.7812919747339,-6.22458182382456));
#5680=CARTESIAN_POINT('',(-1.73327711090626,-12.648541332015,-6.72528847370529));
#5681=CARTESIAN_POINT('',(-3.46662079473875,-13.5156909018637,-7.22593751128514));
#5682=CARTESIAN_POINT('',(-5.2,-14.3827872074573,-7.7265557967329));
#5683=CARTESIAN_POINT('',(6.7331941413751E-15,0.,0.));
#5684=CARTESIAN_POINT('',(1.67523646940377E-15,-6.22458182382461,-11.7812919747339));
#5685=CARTESIAN_POINT('',(-1.73327711090626,-6.72528847370534,-12.6485413320149));
#5686=CARTESIAN_POINT('',(-3.46662079473875,-7.22593751128519,-13.5156909018637));
#5687=CARTESIAN_POINT('',(-5.2,-7.72655579673295,-14.3827872074572));
#5688=CARTESIAN_POINT('',(-5.2,-7.72655579673295,-14.3827872074572));
#5689=CARTESIAN_POINT('',(-5.19999999999999,0.,0.));
#5690=CARTESIAN_POINT('',(-5.19999999999976,-0.500000000000038,-16.3191369972501));
#5691=CARTESIAN_POINT('',(2.18184737258426E-15,-0.500000000000031,-13.3151890514336));
#5692=CARTESIAN_POINT('',(-1.73327711090618,-0.500000000000034,-14.316602351195));
#5693=CARTESIAN_POINT('',(-3.46662079473859,-0.500000000000036,-15.3179004263547));
#5694=CARTESIAN_POINT('',(-5.19999999999976,-0.500000000000038,-16.3191369972501));
#5695=CARTESIAN_POINT('',(6.7331941413751E-15,0.,0.));
#5696=CARTESIAN_POINT('',(1.67523646940377E-15,7.09060722760899,-11.2812919747339));
#5697=CARTESIAN_POINT('',(-1.73327711090625,7.59131387748972,-12.148541332015));
#5698=CARTESIAN_POINT('',(-3.46662079473875,8.09196291506957,-13.0156909018637));
#5699=CARTESIAN_POINT('',(-5.19999999999999,8.59258120051732,-13.8827872074573));
#5700=CARTESIAN_POINT('',(-5.19999999999999,8.59258120051732,-13.8827872074573));
#5701=CARTESIAN_POINT('',(-5.19999999999999,0.,0.));
#5702=CARTESIAN_POINT('',(-5.2,13.8827872074572,-8.5925812005174));
#5703=CARTESIAN_POINT('',(2.18184737258426E-15,11.2812919747339,-7.09060722760905));
#5704=CARTESIAN_POINT('',(-1.73327711090626,12.1485413320149,-7.59131387748979));
#5705=CARTESIAN_POINT('',(-3.46662079473875,13.0156909018637,-8.09196291506964));
#5706=CARTESIAN_POINT('',(-5.2,13.8827872074572,-8.5925812005174));
#5707=CARTESIAN_POINT('',(6.7331941413751E-15,0.,0.));
#5708=CARTESIAN_POINT('',(-5.2,-8.59258120051735,13.8827872074572));
#5709=CARTESIAN_POINT('',(-5.21931104705836,-8.59815843557314,13.8924472619396));
#5710=CARTESIAN_POINT('',(-5.24080523988242,-8.60215135974216,13.8993632094711));
#5711=CARTESIAN_POINT('',(-5.2627150206706,-8.60423103806914,13.9029653179969));
#5712=CARTESIAN_POINT('',(-5.284699534454,-8.60631781005864,13.9065797131065));
#5713=CARTESIAN_POINT('',(-5.30770795130504,-8.60653532392974,13.9069564581826));
#5714=CARTESIAN_POINT('',(-5.32983450750443,-8.60486553154799,13.9040642929393));
#5715=CARTESIAN_POINT('',(-5.35195847130938,-8.60319593480266,13.9011724665482));
#5716=CARTESIAN_POINT('',(-5.37381085999193,-8.59959347781163,13.8949328280077));
#5717=CARTESIAN_POINT('',(-5.39358286121553,-8.59435687692879,13.8858627692197));
#5718=CARTESIAN_POINT('',(-5.41335733919978,-8.58911962007759,13.8767915742611));
#5719=CARTESIAN_POINT('',(-5.43159608809748,-8.5821035021569,13.8646393015506));
#5720=CARTESIAN_POINT('',(-5.44679089015739,-8.57388974225032,13.8504126520712));
#5721=CARTESIAN_POINT('',(-5.46199134481655,-8.56567292675322,13.8361807101538));
#5722=CARTESIAN_POINT('',(-5.47456466174673,-8.55603113912996,13.8194806441145));
#5723=CARTESIAN_POINT('',(-5.48347192828593,-8.54576251395058,13.8016948635799));
#5724=CARTESIAN_POINT('',(-5.49238330262849,-8.53548915314406,13.7839008806986));
#5725=CARTESIAN_POINT('',(-5.49787097147312,-8.52430517083831,13.7645296551141));
#5726=CARTESIAN_POINT('',(-5.4994816277153,-8.51313617191063,13.7451843815016));
#5727=CARTESIAN_POINT('',(-5.49982698602899,-8.51074130543675,13.7410363510915));
#5728=CARTESIAN_POINT('',(-5.49999999999999,-8.50833866877282,13.7368748623175));
#5729=CARTESIAN_POINT('',(-5.49999999999999,-8.5059375849511,13.732716063145));
#5730=CARTESIAN_POINT('',(-5.49999999999999,-8.5059375849511,13.732716063145));
#5731=CARTESIAN_POINT('',(-5.49999999999999,0.,0.));
#5732=CARTESIAN_POINT('',(-5.49999999999999,-13.732716063145,8.50593758495112));
#5733=CARTESIAN_POINT('',(-5.2,-13.8827872074572,8.59258120051737));
#5734=CARTESIAN_POINT('',(-5.21931104706129,-13.8924472619411,8.598158435574));
#5735=CARTESIAN_POINT('',(-5.24080523988899,-13.8993632094732,8.60215135974338));
#5736=CARTESIAN_POINT('',(-5.26271502068069,-13.9029653179985,8.60423103807012));
#5737=CARTESIAN_POINT('',(-5.28469953446431,-13.9065797131072,8.60631781005904));
#5738=CARTESIAN_POINT('',(-5.30770795131537,-13.9069564581822,8.60653532392956));
#5739=CARTESIAN_POINT('',(-5.32983450751458,-13.904064292938,8.60486553154724));
#5740=CARTESIAN_POINT('',(-5.35195847131936,-13.9011724665459,8.60319593480134));
#5741=CARTESIAN_POINT('',(-5.37381086000154,-13.8949328280044,8.59959347780975));
#5742=CARTESIAN_POINT('',(-5.3935828612246,-13.8858627692155,8.5943568769264));
#5743=CARTESIAN_POINT('',(-5.41335733920832,-13.876791574256,8.58911962007469));
#5744=CARTESIAN_POINT('',(-5.4315960881053,-13.8646393015447,8.58210350215353));
#5745=CARTESIAN_POINT('',(-5.44679089016436,-13.8504126520646,8.57388974224656));
#5746=CARTESIAN_POINT('',(-5.46199134482268,-13.8361807101466,8.56567292674907));
#5747=CARTESIAN_POINT('',(-5.47456466175187,-13.8194806441067,8.55603113912549));
#5748=CARTESIAN_POINT('',(-5.48347192829002,-13.8016948635718,8.54576251394588));
#5749=CARTESIAN_POINT('',(-5.49238330263153,-13.78390088069,8.53548915313913));
#5750=CARTESIAN_POINT('',(-5.49787097147501,-13.7645296551052,8.52430517083324));
#5751=CARTESIAN_POINT('',(-5.49948162771604,-13.7451843814927,8.51313617190552));
#5752=CARTESIAN_POINT('',(-5.49982698602924,-13.7410363510856,8.51074130543334));
#5753=CARTESIAN_POINT('',(-5.49999999999999,-13.7368748623145,8.50833866877112));
#5754=CARTESIAN_POINT('',(-5.49999999999999,-13.732716063145,8.50593758495112));
#5755=CARTESIAN_POINT('',(-5.29999999999999,0.,0.));
#5756=CARTESIAN_POINT('',(-5.49999999999999,13.732716063145,8.50593758495109));
#5757=CARTESIAN_POINT('',(-5.49999999999999,13.7480051447502,8.51476474033148));
#5758=CARTESIAN_POINT('',(-5.49762366797719,13.7634262447912,8.52366811659134));
#5759=CARTESIAN_POINT('',(-5.49299389927825,13.7781802255311,8.53218633134317));
#5760=CARTESIAN_POINT('',(-5.48711810161085,13.7969050066711,8.54299708877488));
#5761=CARTESIAN_POINT('',(-5.47742789588256,13.8150096105623,8.55344978670502));
#5762=CARTESIAN_POINT('',(-5.46472490937426,13.8309935643204,8.56267812670996));
#5763=CARTESIAN_POINT('',(-5.45202494102184,13.8469737203838,8.57190427411487));
#5764=CARTESIAN_POINT('',(-5.43596300300625,13.8612751834878,8.58016122768774));
#5765=CARTESIAN_POINT('',(-5.41786912677345,13.8727115735249,8.58676403055421));
#5766=CARTESIAN_POINT('',(-5.39978307855389,13.8841430157989,8.59336397682834));
#5767=CARTESIAN_POINT('',(-5.37916764811108,13.893027272569,8.59849330486611));
#5768=CARTESIAN_POINT('',(-5.35773090680582,13.898626943923,8.60172627662972));
#5769=CARTESIAN_POINT('',(-5.33630358066473,13.9042241558629,8.60495782844992));
#5770=CARTESIAN_POINT('',(-5.31346446656231,13.9066940801105,8.60638383987914));
#5771=CARTESIAN_POINT('',(-5.2911057888764,13.9058317230088,8.60588595777436));
#5772=CARTESIAN_POINT('',(-5.26875288692218,13.9049695886727,8.60538820428332));
#5773=CARTESIAN_POINT('',(-5.24626369370381,13.9007531813686,8.60295386039132));
#5774=CARTESIAN_POINT('',(-5.22550025737488,13.8935322237586,8.59878483857137));
#5775=CARTESIAN_POINT('',(-5.21672829414591,13.8904815738744,8.59702354503951));
#5776=CARTESIAN_POINT('',(-5.20818542880279,13.8868818424068,8.59494523910766));
#5777=CARTESIAN_POINT('',(-5.2,13.8827872074573,8.59258120051734));
#5778=CARTESIAN_POINT('',(-5.49999999999999,13.732716063145,8.50593758495109));
#5779=CARTESIAN_POINT('',(-5.49999999999999,0.,0.));
#5780=CARTESIAN_POINT('',(-5.49999999999999,8.5059375849511,13.732716063145));
#5781=CARTESIAN_POINT('',(-5.2,8.59258120051735,13.8827872074572));
#5782=CARTESIAN_POINT('',(-5.21931104705862,8.59815843557321,13.8924472619398));
#5783=CARTESIAN_POINT('',(-5.24080523988299,8.60215135974226,13.8993632094713));
#5784=CARTESIAN_POINT('',(-5.26271502067147,8.60423103806922,13.902965317997));
#5785=CARTESIAN_POINT('',(-5.2846995344549,8.60631781005867,13.9065797131065));
#5786=CARTESIAN_POINT('',(-5.30770795130594,8.60653532392973,13.9069564581826));
#5787=CARTESIAN_POINT('',(-5.32983450750531,8.60486553154792,13.9040642929392));
#5788=CARTESIAN_POINT('',(-5.35195847131024,8.60319593480254,13.901172466548));
#5789=CARTESIAN_POINT('',(-5.37381085999276,8.59959347781147,13.8949328280074));
#5790=CARTESIAN_POINT('',(-5.39358286121631,8.59435687692858,13.8858627692193));
#5791=CARTESIAN_POINT('',(-5.41335733920052,8.58911962007733,13.8767915742606));
#5792=CARTESIAN_POINT('',(-5.43159608809816,8.5821035021566,13.8646393015501));
#5793=CARTESIAN_POINT('',(-5.44679089015799,8.57388974224999,13.8504126520706));
#5794=CARTESIAN_POINT('',(-5.46199134481708,8.56567292675285,13.8361807101532));
#5795=CARTESIAN_POINT('',(-5.47456466174717,8.55603113912957,13.8194806441138));
#5796=CARTESIAN_POINT('',(-5.48347192828628,8.54576251395017,13.8016948635792));
#5797=CARTESIAN_POINT('',(-5.49238330262876,8.53548915314363,13.7839008806978));
#5798=CARTESIAN_POINT('',(-5.49787097147329,8.52430517083787,13.7645296551133));
#5799=CARTESIAN_POINT('',(-5.49948162771536,8.51313617191018,13.7451843815009));
#5800=CARTESIAN_POINT('',(-5.49982698602901,8.51074130543645,13.741036351091));
#5801=CARTESIAN_POINT('',(-5.49999999999999,8.50833866877267,13.7368748623172));
#5802=CARTESIAN_POINT('',(-5.49999999999999,8.5059375849511,13.732716063145));
#5803=CARTESIAN_POINT('',(-5.29999999999999,0.,0.));
#5804=CARTESIAN_POINT('',(-5.2,-16.3191369972503,-0.49999999999998));
#5805=CARTESIAN_POINT('',(-5.20154497559708,-16.3200294079035,-0.49999999999998));
#5806=CARTESIAN_POINT('',(-5.2031020348605,-16.3209012182746,-0.49999999999998));
#5807=CARTESIAN_POINT('',(-5.20467034161112,-16.3217519593078,-0.49999999999998));
#5808=CARTESIAN_POINT('',(-5.2243481268992,-16.3324263375065,-0.49999999999998));
#5809=CARTESIAN_POINT('',(-5.24614102851275,-16.3398497343583,-0.49999999999998));
#5810=CARTESIAN_POINT('',(-5.26824330843357,-16.3434059691755,-0.49999999999998));
#5811=CARTESIAN_POINT('',(-5.29033702997551,-16.3469608269581,-0.49999999999998));
#5812=CARTESIAN_POINT('',(-5.31334937192852,-16.3467496003057,-0.49999999999998));
#5813=CARTESIAN_POINT('',(-5.33537412300553,-16.3427898167986,-0.49999999999998));
#5814=CARTESIAN_POINT('',(-5.35739556038974,-16.3388306290533,-0.49999999999998));
#5815=CARTESIAN_POINT('',(-5.37903695759692,-16.331014941863,-0.49999999999998));
#5816=CARTESIAN_POINT('',(-5.3985071087923,-16.3199907827342,-0.49999999999998));
#5817=CARTESIAN_POINT('',(-5.41068054827031,-16.3130980815629,-0.49999999999998));
#5818=CARTESIAN_POINT('',(-5.4221891536367,-16.3048762597155,-0.49999999999998));
#5819=CARTESIAN_POINT('',(-5.43265620321988,-16.2955949434734,-0.49999999999998));
#5820=CARTESIAN_POINT('',(-5.44941314254338,-16.2807362718033,-0.49999999999998));
#5821=CARTESIAN_POINT('',(-5.46383485646714,-16.2627786342164,-0.49999999999998));
#5822=CARTESIAN_POINT('',(-5.47472811848212,-16.2432104973106,-0.49999999999998));
#5823=CARTESIAN_POINT('',(-5.48562124279577,-16.2236426077649,-0.49999999999998));
#5824=CARTESIAN_POINT('',(-5.4932865834919,-16.2019246995782,-0.499999999999981));
#5825=CARTESIAN_POINT('',(-5.49709078780659,-16.1798545729787,-0.499999999999981));
#5826=CARTESIAN_POINT('',(-5.49902321864764,-16.1686435575394,-0.499999999999981));
#5827=CARTESIAN_POINT('',(-5.49999999999999,-16.1572261080666,-0.49999999999998));
#5828=CARTESIAN_POINT('',(-5.49999999999999,-16.1458497661178,-0.49999999999998));
#5829=CARTESIAN_POINT('',(-5.49999999999999,-16.1458497661178,-0.49999999999998));
#5830=CARTESIAN_POINT('',(-5.49999999999999,0.,0.));
#5831=CARTESIAN_POINT('',(-5.49999999999999,-14.232716063145,-7.63991218116665));
#5832=CARTESIAN_POINT('',(-5.2,-14.3827872074573,-7.7265557967329));
#5833=CARTESIAN_POINT('',(-5.21931104705836,-14.3924472619396,-7.73213303178868));
#5834=CARTESIAN_POINT('',(-5.24080523988241,-14.3993632094711,-7.7361259559577));
#5835=CARTESIAN_POINT('',(-5.26271502067057,-14.4029653179969,-7.73820563428468));
#5836=CARTESIAN_POINT('',(-5.28469953445397,-14.4065797131065,-7.74029240627418));
#5837=CARTESIAN_POINT('',(-5.30770795130501,-14.4069564581826,-7.74050992014529));
#5838=CARTESIAN_POINT('',(-5.32983450750439,-14.4040642929393,-7.73884012776353));
#5839=CARTESIAN_POINT('',(-5.35195847130935,-14.4011724665483,-7.73717053101821));
#5840=CARTESIAN_POINT('',(-5.3738108599919,-14.3949328280077,-7.73356807402718));
#5841=CARTESIAN_POINT('',(-5.3935828612155,-14.3858627692197,-7.72833147314434));
#5842=CARTESIAN_POINT('',(-5.41335733919976,-14.3767915742611,-7.72309421629314));
#5843=CARTESIAN_POINT('',(-5.43159608809746,-14.3646393015506,-7.71607809837245));
#5844=CARTESIAN_POINT('',(-5.44679089015737,-14.3504126520712,-7.70786433846587));
#5845=CARTESIAN_POINT('',(-5.46199134481653,-14.3361807101538,-7.69964752296877));
#5846=CARTESIAN_POINT('',(-5.47456466174671,-14.3194806441145,-7.69000573534552));
#5847=CARTESIAN_POINT('',(-5.48347192828592,-14.30169486358,-7.67973711016614));
#5848=CARTESIAN_POINT('',(-5.49238330262849,-14.2839008806986,-7.66946374935962));
#5849=CARTESIAN_POINT('',(-5.49787097147312,-14.2645296551141,-7.65827976705387));
#5850=CARTESIAN_POINT('',(-5.4994816277153,-14.2451843815017,-7.64711076812619));
#5851=CARTESIAN_POINT('',(-5.49982698602899,-14.2410363510916,-7.6447159016523));
#5852=CARTESIAN_POINT('',(-5.49999999999999,-14.2368748623175,-7.64231326498837));
#5853=CARTESIAN_POINT('',(-5.49999999999999,-14.232716063145,-7.63991218116665));
#5854=CARTESIAN_POINT('',(-5.29999999999999,0.,0.));
#5855=CARTESIAN_POINT('',(-5.2,-7.72655579673295,-14.3827872074572));
#5856=CARTESIAN_POINT('',(-5.21931104705838,-7.73213303178874,-14.3924472619396));
#5857=CARTESIAN_POINT('',(-5.24080523988246,-7.73612595595776,-14.3993632094711));
#5858=CARTESIAN_POINT('',(-5.26271502067065,-7.73820563428474,-14.4029653179969));
#5859=CARTESIAN_POINT('',(-5.28469953445406,-7.74029240627423,-14.4065797131065));
#5860=CARTESIAN_POINT('',(-5.3077079513051,-7.74050992014534,-14.4069564581826));
#5861=CARTESIAN_POINT('',(-5.32983450750448,-7.73884012776357,-14.4040642929393));
#5862=CARTESIAN_POINT('',(-5.35195847130944,-7.73717053101824,-14.4011724665482));
#5863=CARTESIAN_POINT('',(-5.37381085999198,-7.73356807402722,-14.3949328280077));
#5864=CARTESIAN_POINT('',(-5.39358286121558,-7.72833147314437,-14.3858627692196));
#5865=CARTESIAN_POINT('',(-5.41335733919983,-7.72309421629316,-14.376791574261));
#5866=CARTESIAN_POINT('',(-5.43159608809753,-7.71607809837247,-14.3646393015505));
#5867=CARTESIAN_POINT('',(-5.44679089015743,-7.70786433846589,-14.3504126520711));
#5868=CARTESIAN_POINT('',(-5.46199134481658,-7.69964752296879,-14.3361807101537));
#5869=CARTESIAN_POINT('',(-5.47456466174676,-7.69000573534553,-14.3194806441145));
#5870=CARTESIAN_POINT('',(-5.48347192828595,-7.67973711016614,-14.3016948635799));
#5871=CARTESIAN_POINT('',(-5.49238330262851,-7.66946374935963,-14.2839008806985));
#5872=CARTESIAN_POINT('',(-5.49787097147313,-7.65827976705387,-14.264529655114));
#5873=CARTESIAN_POINT('',(-5.4994816277153,-7.64711076812619,-14.2451843815016));
#5874=CARTESIAN_POINT('',(-5.49982698602899,-7.64471590165232,-14.2410363510915));
#5875=CARTESIAN_POINT('',(-5.49999999999999,-7.6423132649884,-14.2368748623174));
#5876=CARTESIAN_POINT('',(-5.49999999999999,-7.6399121811667,-14.232716063145));
#5877=CARTESIAN_POINT('',(-5.49999999999999,-7.6399121811667,-14.232716063145));
#5878=CARTESIAN_POINT('',(-5.49999999999999,0.,0.));
#5879=CARTESIAN_POINT('',(-5.49999999999999,-0.500000000000038,-16.1458497661178));
#5880=CARTESIAN_POINT('',(-5.19999999999976,-0.500000000000038,-16.3191369972501));
#5881=CARTESIAN_POINT('',(-5.20032806619125,-0.500000000000038,-16.3193264952363));
#5882=CARTESIAN_POINT('',(-5.20065667222909,-0.500000000000038,-16.3195150616783));
#5883=CARTESIAN_POINT('',(-5.20098581015557,-0.500000000000038,-16.3197026920013));
#5884=CARTESIAN_POINT('',(-5.22043474073674,-0.500000000000038,-16.3307898649861));
#5885=CARTESIAN_POINT('',(-5.24206693476769,-0.500000000000038,-16.3386712713327));
#5886=CARTESIAN_POINT('',(-5.26408997501136,-0.500000000000038,-16.3426927143538));
#5887=CARTESIAN_POINT('',(-5.28610426528741,-0.500000000000038,-16.3467125596166));
#5888=CARTESIAN_POINT('',(-5.30911639791356,-0.500000000000038,-16.346986415511));
#5889=CARTESIAN_POINT('',(-5.33122011013426,-0.500000000000038,-16.3434915566641));
#5890=CARTESIAN_POINT('',(-5.35332010069607,-0.500000000000038,-16.3399972862556));
#5891=CARTESIAN_POINT('',(-5.37512140881411,-0.500000000000038,-16.3326393131649));
#5892=CARTESIAN_POINT('',(-5.39481948574887,-0.500000000000038,-16.3220277499627));
#5893=CARTESIAN_POINT('',(-5.40713522867336,-0.500000000000038,-16.3153931284787));
#5894=CARTESIAN_POINT('',(-5.4188142893432,-0.500000000000038,-16.3074156837143));
#5895=CARTESIAN_POINT('',(-5.42947434356012,-0.500000000000038,-16.2983570430817));
#5896=CARTESIAN_POINT('',(-5.44654008378605,-0.500000000000038,-16.2838550147909));
#5897=CARTESIAN_POINT('',(-5.46133644302512,-0.500000000000038,-16.2662055931248));
#5898=CARTESIAN_POINT('',(-5.47263914496826,-0.500000000000038,-16.2468717563925));
#5899=CARTESIAN_POINT('',(-5.48394170153333,-0.500000000000038,-16.2275381683366));
#5900=CARTESIAN_POINT('',(-5.49206255946385,-0.500000000000038,-16.2059871217903));
#5901=CARTESIAN_POINT('',(-5.49633071824503,-0.500000000000038,-16.1840026219634));
#5902=CARTESIAN_POINT('',(-5.49876569481952,-0.500000000000038,-16.1714605060711));
#5903=CARTESIAN_POINT('',(-5.49999999999999,-0.500000000000038,-16.1586260637808));
#5904=CARTESIAN_POINT('',(-5.49999999999999,-0.500000000000038,-16.1458497661178));
#5905=CARTESIAN_POINT('',(-5.29999999999999,0.,0.));
#5906=CARTESIAN_POINT('',(-5.19999999999999,8.59258120051732,-13.8827872074573));
#5907=CARTESIAN_POINT('',(-5.21931104706097,8.59815843557386,-13.892447261941));
#5908=CARTESIAN_POINT('',(-5.24080523988827,8.6021513597432,-13.899363209473));
#5909=CARTESIAN_POINT('',(-5.26271502067958,8.60423103806996,-13.9029653179984));
#5910=CARTESIAN_POINT('',(-5.28469953446318,8.60631781005895,-13.9065797131071));
#5911=CARTESIAN_POINT('',(-5.30770795131424,8.60653532392953,-13.9069564581823));
#5912=CARTESIAN_POINT('',(-5.32983450751347,8.60486553154727,-13.9040642929381));
#5913=CARTESIAN_POINT('',(-5.35195847131827,8.60319593480144,-13.9011724665462));
#5914=CARTESIAN_POINT('',(-5.37381086000049,8.59959347780991,-13.8949328280048));
#5915=CARTESIAN_POINT('',(-5.39358286122361,8.59435687692661,-13.885862769216));
#5916=CARTESIAN_POINT('',(-5.41335733920739,8.58911962007496,-13.8767915742566));
#5917=CARTESIAN_POINT('',(-5.43159608810444,8.58210350215386,-13.8646393015454));
#5918=CARTESIAN_POINT('',(-5.4467908901636,8.57388974224693,-13.8504126520654));
#5919=CARTESIAN_POINT('',(-5.46199134482201,8.56567292674948,-13.8361807101474));
#5920=CARTESIAN_POINT('',(-5.47456466175131,8.55603113912593,-13.8194806441076));
#5921=CARTESIAN_POINT('',(-5.48347192828957,8.54576251394634,-13.8016948635727));
#5922=CARTESIAN_POINT('',(-5.4923833026312,8.53548915313963,-13.783900880691));
#5923=CARTESIAN_POINT('',(-5.4978709714748,8.52430517083375,-13.7645296551062));
#5924=CARTESIAN_POINT('',(-5.49948162771596,8.51313617190603,-13.7451843814937));
#5925=CARTESIAN_POINT('',(-5.49982698602921,8.51074130543367,-13.7410363510863));
#5926=CARTESIAN_POINT('',(-5.49999999999999,8.50833866877126,-13.7368748623149));
#5927=CARTESIAN_POINT('',(-5.49999999999999,8.50593758495107,-13.7327160631451));
#5928=CARTESIAN_POINT('',(-5.49999999999999,8.50593758495107,-13.7327160631451));
#5929=CARTESIAN_POINT('',(-5.49999999999999,0.,0.));
#5930=CARTESIAN_POINT('',(-5.49999999999999,13.732716063145,-8.50593758495115));
#5931=CARTESIAN_POINT('',(-5.2,13.8827872074572,-8.5925812005174));
#5932=CARTESIAN_POINT('',(-5.21931104705959,13.8924472619402,-8.59815843557354));
#5933=CARTESIAN_POINT('',(-5.24080523988518,13.899363209472,-8.60215135974271));
#5934=CARTESIAN_POINT('',(-5.26271502067483,13.9029653179975,-8.60423103806959));
#5935=CARTESIAN_POINT('',(-5.28469953445832,13.9065797131067,-8.60631781005885));
#5936=CARTESIAN_POINT('',(-5.30770795130937,13.9069564581824,-8.60653532392971));
#5937=CARTESIAN_POINT('',(-5.32983450750868,13.9040642929387,-8.60486553154771));
#5938=CARTESIAN_POINT('',(-5.35195847131356,13.9011724665472,-8.60319593480214));
#5939=CARTESIAN_POINT('',(-5.37381085999596,13.8949328280063,-8.59959347781089));
#5940=CARTESIAN_POINT('',(-5.39358286121933,13.8858627692179,-8.59435687692783));
#5941=CARTESIAN_POINT('',(-5.41335733920336,13.8767915742589,-8.58911962007641));
#5942=CARTESIAN_POINT('',(-5.43159608810076,13.8646393015481,-8.58210350215553));
#5943=CARTESIAN_POINT('',(-5.44679089016031,13.8504126520684,-8.57388974224878));
#5944=CARTESIAN_POINT('',(-5.46199134481912,13.8361807101507,-8.56567292675152));
#5945=CARTESIAN_POINT('',(-5.47456466174889,13.8194806441112,-8.55603113912813));
#5946=CARTESIAN_POINT('',(-5.48347192828764,13.8016948635765,-8.54576251394865));
#5947=CARTESIAN_POINT('',(-5.49238330262977,13.783900880695,-8.53548915314204));
#5948=CARTESIAN_POINT('',(-5.49787097147391,13.7645296551103,-8.52430517083623));
#5949=CARTESIAN_POINT('',(-5.49948162771561,13.7451843814979,-8.51313617190853));
#5950=CARTESIAN_POINT('',(-5.4998269860291,13.741036351089,-8.51074130543536));
#5951=CARTESIAN_POINT('',(-5.49999999999999,13.7368748623162,-8.50833866877215));
#5952=CARTESIAN_POINT('',(-5.49999999999999,13.732716063145,-8.50593758495115));
#5953=CARTESIAN_POINT('',(-5.29999999999999,0.,0.));
#5954=CARTESIAN_POINT('',(-5.49999999999999,-7.42772228311383,11.8651923788647));
#5955=CARTESIAN_POINT('',(-5.49999999999999,-7.72873062407096,12.3865541189044));
#5956=CARTESIAN_POINT('',(-5.49999999999999,0.,0.));
#5957=CARTESIAN_POINT('',(-5.49999999999999,-12.3865541189044,7.72873062407097));
#5958=CARTESIAN_POINT('',(-5.49999999999999,-6.74470958122163,4.47141016151379));
#5959=CARTESIAN_POINT('',(-5.49999999999999,0.,16.1535898384862));
#5960=CARTESIAN_POINT('',(-5.49999999999999,6.74470958122161,4.47141016151375));
#5961=CARTESIAN_POINT('',(-5.49999999999999,12.3865541189044,7.72873062407094));
#5962=CARTESIAN_POINT('',(-5.49999999999999,0.,0.));
#5963=CARTESIAN_POINT('',(-5.49999999999999,7.72873062407096,12.3865541189044));
#5964=CARTESIAN_POINT('',(-5.49999999999999,7.42772228311384,11.8651923788647));
#5965=CARTESIAN_POINT('',(-5.49999999999999,0.,16.1535898384862));
#5966=CARTESIAN_POINT('',(-5.49999999999999,-1.38668991610132E-14,-0.499999999999994));
#5967=CARTESIAN_POINT('',(-5.49999999999999,-14.5914358443575,-0.499999999999982));
#5968=CARTESIAN_POINT('',(-5.49999999999999,0.,0.));
#5969=CARTESIAN_POINT('',(-5.49999999999999,-12.8865541189044,-6.8627052202865));
#5970=CARTESIAN_POINT('',(-5.49999999999999,6.74470958122161,4.47141016151375));
#5971=CARTESIAN_POINT('',(-5.49999999999999,0.,16.1535898384862));
#5972=CARTESIAN_POINT('',(-5.49999999999999,7.42772228311385,11.8651923788647));
#5973=CARTESIAN_POINT('',(-5.49999999999999,-6.86270522028655,-12.8865541189044));
#5974=CARTESIAN_POINT('',(-5.49999999999999,0.,0.));
#5975=CARTESIAN_POINT('',(-5.49999999999999,-0.500000000000034,-14.5914358443575));
#5976=CARTESIAN_POINT('',(-5.49999999999999,-0.499999999999962,16.1535898384862));
#5977=CARTESIAN_POINT('',(-5.49999999999999,0.,16.1535898384862));
#5978=CARTESIAN_POINT('',(-5.49999999999999,-6.56169687932939,12.3651923788647));
#5979=CARTESIAN_POINT('',(-5.49999999999999,7.72873062407093,-12.3865541189044));
#5980=CARTESIAN_POINT('',(-5.49999999999999,0.,0.));
#5981=CARTESIAN_POINT('',(-5.49999999999999,12.3865541189044,-7.728730624071));
#5982=CARTESIAN_POINT('',(-5.49999999999999,-7.24470958122165,3.60538475772938));
#5983=CARTESIAN_POINT('',(-5.49999999999999,0.,16.1535898384862));
#5984=CARTESIAN_POINT('',(-3.85185988877443E-34,-7.72873062407096,12.3865541189044));
#5985=CARTESIAN_POINT('',(-9.1,-7.72873062407096,12.3865541189044));
#5986=CARTESIAN_POINT('',(-9.1,0.,0.));
#5987=CARTESIAN_POINT('',(-9.1,-12.3865541189044,7.72873062407097));
#5988=CARTESIAN_POINT('',(0.,-12.3865541189044,7.72873062407097));
#5989=CARTESIAN_POINT('',(0.,0.,0.));
#5990=CARTESIAN_POINT('',(0.,12.3865541189044,7.72873062407094));
#5991=CARTESIAN_POINT('',(-9.1,12.3865541189044,7.72873062407095));
#5992=CARTESIAN_POINT('',(-9.1,0.,0.));
#5993=CARTESIAN_POINT('',(-9.1,7.72873062407096,12.3865541189044));
#5994=CARTESIAN_POINT('',(3.85185988877452E-34,7.72873062407096,12.3865541189044));
#5995=CARTESIAN_POINT('',(0.,0.,0.));
#5996=CARTESIAN_POINT('',(-3.85185988877443E-34,-14.5914358443575,-0.499999999999982));
#5997=CARTESIAN_POINT('',(-9.1,-14.5914358443575,-0.499999999999981));
#5998=CARTESIAN_POINT('',(-9.1,0.,0.));
#5999=CARTESIAN_POINT('',(-9.1,-12.8865541189044,-6.86270522028651));
#6000=CARTESIAN_POINT('',(0.,-12.8865541189044,-6.8627052202865));
#6001=CARTESIAN_POINT('',(0.,0.,0.));
#6002=CARTESIAN_POINT('',(-3.85185988877443E-34,-6.86270522028655,-12.8865541189044));
#6003=CARTESIAN_POINT('',(-9.1,-6.86270522028655,-12.8865541189044));
#6004=CARTESIAN_POINT('',(-9.1,0.,0.));
#6005=CARTESIAN_POINT('',(-9.1,-0.500000000000034,-14.5914358443575));
#6006=CARTESIAN_POINT('',(0.,-0.500000000000034,-14.5914358443575));
#6007=CARTESIAN_POINT('',(0.,0.,0.));
#6008=CARTESIAN_POINT('',(-3.85185988877443E-34,7.72873062407093,-12.3865541189044));
#6009=CARTESIAN_POINT('',(-9.1,7.72873062407093,-12.3865541189044));
#6010=CARTESIAN_POINT('',(-9.1,0.,0.));
#6011=CARTESIAN_POINT('',(-9.1,12.3865541189044,-7.728730624071));
#6012=CARTESIAN_POINT('',(0.,12.3865541189044,-7.728730624071));
#6013=CARTESIAN_POINT('',(0.,0.,0.));
#6014=CARTESIAN_POINT('',(-9.1,-6.75499814951863,10.7));
#6015=CARTESIAN_POINT('',(-9.1,-8.56429627306168,13.8337962760156));
#6016=CARTESIAN_POINT('',(-9.1,0.,0.));
#6017=CARTESIAN_POINT('',(-9.1,-13.8337962760156,8.56429627306169));
#6018=CARTESIAN_POINT('',(-9.1,-6.07198544762642,4.08301270189223));
#6019=CARTESIAN_POINT('',(-9.1,0.,14.6));
#6020=CARTESIAN_POINT('',(-9.1,6.0719854476264,4.0830127018922));
#6021=CARTESIAN_POINT('',(-9.1,13.8337962760156,8.56429627306166));
#6022=CARTESIAN_POINT('',(-9.1,0.,0.));
#6023=CARTESIAN_POINT('',(-9.1,8.56429627306168,13.8337962760156));
#6024=CARTESIAN_POINT('',(-9.1,6.75499814951863,10.7));
#6025=CARTESIAN_POINT('',(-9.1,0.,14.6));
#6026=CARTESIAN_POINT('',(-9.1,-1.25732757538799E-14,-0.499999999999994));
#6027=CARTESIAN_POINT('',(-9.09999999997859,-16.262567142342,-0.49999999999998));
#6028=CARTESIAN_POINT('',(-9.1,0.,0.));
#6029=CARTESIAN_POINT('',(-9.1,-14.3337962760156,-7.69827086927722));
#6030=CARTESIAN_POINT('',(-9.1,6.0719854476264,4.0830127018922));
#6031=CARTESIAN_POINT('',(-9.1,0.,14.6));
#6032=CARTESIAN_POINT('',(-9.1,6.75499814951864,10.7));
#6033=CARTESIAN_POINT('',(-9.1,-7.69827086927727,-14.3337962760156));
#6034=CARTESIAN_POINT('',(-9.1,0.,0.));
#6035=CARTESIAN_POINT('',(-9.09999999996245,-0.500000000000038,-16.2625671423447));
#6036=CARTESIAN_POINT('',(-9.1,-0.499999999999966,14.6));
#6037=CARTESIAN_POINT('',(-9.1,0.,14.6));
#6038=CARTESIAN_POINT('',(-9.1,-5.88897274573418,11.2));
#6039=CARTESIAN_POINT('',(-9.1,8.56429627306164,-13.8337962760156));
#6040=CARTESIAN_POINT('',(-9.1,0.,0.));
#6041=CARTESIAN_POINT('',(-9.1,13.8337962760156,-8.56429627306172));
#6042=CARTESIAN_POINT('',(-9.1,-6.57198544762643,3.21698729810783));
#6043=CARTESIAN_POINT('',(-9.1,0.,14.6));
#6044=CARTESIAN_POINT('',(-9.1,-8.56429627306168,13.8337962760156));
#6045=CARTESIAN_POINT('',(-9.1,-8.57467198331981,13.8517675333473));
#6046=CARTESIAN_POINT('',(-9.10330503982447,-8.5851708470492,13.8699520987484));
#6047=CARTESIAN_POINT('',(-9.10968008736142,-8.59504480550497,13.8870542964656));
#6048=CARTESIAN_POINT('',(-9.11656314212703,-8.60570558825372,13.9055193138349));
#6049=CARTESIAN_POINT('',(-9.12722281512523,-8.61591927958573,13.9232099461547));
#6050=CARTESIAN_POINT('',(-9.14077713866049,-8.62483928395333,13.9386598469232));
#6051=CARTESIAN_POINT('',(-9.15432780541154,-8.63375688181714,13.9541055795047));
#6052=CARTESIAN_POINT('',(-9.17114565410737,-8.64162755778205,13.9677379901659));
#6053=CARTESIAN_POINT('',(-9.18983790543511,-8.64779834615026,13.9784261091424));
#6054=CARTESIAN_POINT('',(-9.20852194380591,-8.65396642321215,13.9891095319986));
#6055=CARTESIAN_POINT('',(-9.22959441633042,-8.65860628691602,13.9971460116739));
#6056=CARTESIAN_POINT('',(-9.25130934037813,-8.66133282602308,14.0018685159361));
#6057=CARTESIAN_POINT('',(-9.27301518271722,-8.66405822482528,14.0065890451324));
#6058=CARTESIAN_POINT('',(-9.29596178417621,-8.66494708680769,14.0081285992469));
#6059=CARTESIAN_POINT('',(-9.31824813482808,-8.66392564655054,14.0063594128246));
#6060=CARTESIAN_POINT('',(-9.32145165142111,-8.66377882121948,14.0061051038914));
#6061=CARTESIAN_POINT('',(-9.32464900856844,-8.66359326741646,14.005783715277));
#6062=CARTESIAN_POINT('',(-9.32783462019201,-8.66336930991104,14.0053958094989));
#6063=CARTESIAN_POINT('',(-9.32783462019201,-8.66336930991104,14.0053958094989));
#6064=CARTESIAN_POINT('',(-9.32783462019201,0.,0.));
#6065=CARTESIAN_POINT('',(-9.32783462019201,-14.0053958094988,8.66336930991106));
#6066=CARTESIAN_POINT('',(-9.1,-13.8337962760156,8.56429627306169));
#6067=CARTESIAN_POINT('',(-9.1,-13.8517675333473,8.57467198331983));
#6068=CARTESIAN_POINT('',(-9.10330503982447,-13.8699520987483,8.58517084704921));
#6069=CARTESIAN_POINT('',(-9.10968008736142,-13.8870542964656,8.59504480550498));
#6070=CARTESIAN_POINT('',(-9.11656314212703,-13.9055193138349,8.60570558825373));
#6071=CARTESIAN_POINT('',(-9.12722281512523,-13.9232099461547,8.61591927958574));
#6072=CARTESIAN_POINT('',(-9.14077713866049,-13.9386598469231,8.62483928395335));
#6073=CARTESIAN_POINT('',(-9.15432780541154,-13.9541055795047,8.63375688181715));
#6074=CARTESIAN_POINT('',(-9.17114565410737,-13.9677379901659,8.64162755778206));
#6075=CARTESIAN_POINT('',(-9.18983790543511,-13.9784261091424,8.64779834615027));
#6076=CARTESIAN_POINT('',(-9.20852194380591,-13.9891095319986,8.65396642321217));
#6077=CARTESIAN_POINT('',(-9.22959441633042,-13.9971460116738,8.65860628691603));
#6078=CARTESIAN_POINT('',(-9.25130934037812,-14.0018685159361,8.6613328260231));
#6079=CARTESIAN_POINT('',(-9.27301518271722,-14.0065890451324,8.6640582248253));
#6080=CARTESIAN_POINT('',(-9.29596178417621,-14.0081285992469,8.66494708680771));
#6081=CARTESIAN_POINT('',(-9.31824813482808,-14.0063594128246,8.66392564655056));
#6082=CARTESIAN_POINT('',(-9.32145165142111,-14.0061051038913,8.6637788212195));
#6083=CARTESIAN_POINT('',(-9.32464900856844,-14.005783715277,8.66359326741648));
#6084=CARTESIAN_POINT('',(-9.32783462019201,-14.0053958094988,8.66336930991106));
#6085=CARTESIAN_POINT('',(-9.3,0.,0.));
#6086=CARTESIAN_POINT('',(-9.32783462019201,14.0053958094989,8.66336930991102));
#6087=CARTESIAN_POINT('',(-9.30574276971626,14.0080858914868,8.66492242947091));
#6088=CARTESIAN_POINT('',(-9.28281336701382,14.0075198504349,8.66459562551722));
#6089=CARTESIAN_POINT('',(-9.26093431463002,14.0037443724156,8.66241585226645));
#6090=CARTESIAN_POINT('',(-9.23899024890064,13.999957675608,8.66022960184523));
#6091=CARTESIAN_POINT('',(-9.21749865733341,13.9928376984864,8.65611888113746));
#6092=CARTESIAN_POINT('',(-9.19823838719359,13.9829747839136,8.65042452475388));
#6093=CARTESIAN_POINT('',(-9.17897564646132,13.9731106041851,8.64472943793226));
#6094=CARTESIAN_POINT('',(-9.16141372029822,13.9602309794233,8.63729338310896));
#6095=CARTESIAN_POINT('',(-9.14700470168457,13.9454027271982,8.62873228769522));
#6096=CARTESIAN_POINT('',(-9.13259006337161,13.9305686917675,8.62016785334612));
#6097=CARTESIAN_POINT('',(-9.12093337388138,13.9133756935288,8.61024147118484));
#6098=CARTESIAN_POINT('',(-9.11299776722073,13.8952468610891,8.5997747848957));
#6099=CARTESIAN_POINT('',(-9.10505857927602,13.8771098472335,8.58930337506386));
#6100=CARTESIAN_POINT('',(-9.10062490875611,13.8575361396738,8.57800248973521));
#6101=CARTESIAN_POINT('',(-9.10006300992001,13.838145742494,8.56680743870379));
#6102=CARTESIAN_POINT('',(-9.10002100659986,13.8366962626083,8.56597058110159));
#6103=CARTESIAN_POINT('',(-9.1,13.8352462122722,8.56513339414972));
#6104=CARTESIAN_POINT('',(-9.1,13.8337962760156,8.56429627306166));
#6105=CARTESIAN_POINT('',(-9.32783462019201,14.0053958094989,8.66336930991102));
#6106=CARTESIAN_POINT('',(-9.32783462019201,0.,0.));
#6107=CARTESIAN_POINT('',(-9.32783462019201,8.66336930991104,14.0053958094989));
#6108=CARTESIAN_POINT('',(-9.1,8.56429627306168,13.8337962760156));
#6109=CARTESIAN_POINT('',(-9.1,8.57467198332069,13.8517675333488));
#6110=CARTESIAN_POINT('',(-9.10330503982504,8.58517084705098,13.8699520987514));
#6111=CARTESIAN_POINT('',(-9.10968008736305,8.59504480550749,13.8870542964699));
#6112=CARTESIAN_POINT('',(-9.11656314212923,8.60570558825615,13.9055193138391));
#6113=CARTESIAN_POINT('',(-9.12722281512796,8.61591927958801,13.9232099461587));
#6114=CARTESIAN_POINT('',(-9.14077713866369,8.62483928395544,13.9386598469268));
#6115=CARTESIAN_POINT('',(-9.15432780541522,8.63375688181907,13.9541055795081));
#6116=CARTESIAN_POINT('',(-9.17114565411147,8.64162755778375,13.9677379901688));
#6117=CARTESIAN_POINT('',(-9.18983790543954,8.64779834615172,13.9784261091449));
#6118=CARTESIAN_POINT('',(-9.20852194381066,8.65396642321337,13.9891095320007));
#6119=CARTESIAN_POINT('',(-9.22959441633541,8.65860628691695,13.9971460116755));
#6120=CARTESIAN_POINT('',(-9.25130934038326,8.66133282602373,14.0018685159372));
#6121=CARTESIAN_POINT('',(-9.2730151827225,8.66405822482563,14.006589045133));
#6122=CARTESIAN_POINT('',(-9.29596178418154,8.66494708680775,14.008128599247));
#6123=CARTESIAN_POINT('',(-9.31824813483335,8.6639256465503,14.0063594128242));
#6124=CARTESIAN_POINT('',(-9.32145165142462,8.66377882121928,14.006105103891));
#6125=CARTESIAN_POINT('',(-9.32464900857019,8.66359326741634,14.0057837152768));
#6126=CARTESIAN_POINT('',(-9.32783462019201,8.66336930991104,14.0053958094989));
#6127=CARTESIAN_POINT('',(-9.3,0.,0.));
#6128=CARTESIAN_POINT('',(-9.09999999997859,-16.262567142342,-0.49999999999998));
#6129=CARTESIAN_POINT('',(-9.09999999997874,-16.2721108314562,-0.49999999999998));
#6130=CARTESIAN_POINT('',(-9.10068596118652,-16.2816788298865,-0.49999999999998));
#6131=CARTESIAN_POINT('',(-9.10204742293099,-16.2911249096991,-0.49999999999998));
#6132=CARTESIAN_POINT('',(-9.10524372104712,-16.3133014322731,-0.49999999999998));
#6133=CARTESIAN_POINT('',(-9.11231298576782,-16.3352321038131,-0.49999999999998));
#6134=CARTESIAN_POINT('',(-9.12267062227631,-16.3551000136448,-0.49999999999998));
#6135=CARTESIAN_POINT('',(-9.13302689120932,-16.3749653002075,-0.49999999999998));
#6136=CARTESIAN_POINT('',(-9.14695658833298,-16.3933165067028,-0.49999999999998));
#6137=CARTESIAN_POINT('',(-9.16330661440357,-16.4086318115945,-0.49999999999998));
#6138=CARTESIAN_POINT('',(-9.17965049839053,-16.4239413631079,-0.49999999999998));
#6139=CARTESIAN_POINT('',(-9.19886405102305,-16.4366397237871,-0.49999999999998));
#6140=CARTESIAN_POINT('',(-9.21935558855708,-16.4456730952957,-0.49999999999998));
#6141=CARTESIAN_POINT('',(-9.23217910118913,-16.4513261388245,-0.49999999999998));
#6142=CARTESIAN_POINT('',(-9.24567382447027,-16.4556470549789,-0.49999999999998));
#6143=CARTESIAN_POINT('',(-9.25939596659432,-16.4584934900985,-0.49999999999998));
#6144=CARTESIAN_POINT('',(-9.28130478508266,-16.4630381180298,-0.49999999999998));
#6145=CARTESIAN_POINT('',(-9.30430040221757,-16.4638628147277,-0.49999999999998));
#6146=CARTESIAN_POINT('',(-9.32647847146535,-16.4608991657893,-0.49999999999998));
#6147=CARTESIAN_POINT('',(-9.32693073059674,-16.4608387305333,-0.49999999999998));
#6148=CARTESIAN_POINT('',(-9.32738278547058,-16.4607767465549,-0.49999999999998));
#6149=CARTESIAN_POINT('',(-9.32783462019201,-16.4607132160377,-0.49999999999998));
#6150=CARTESIAN_POINT('',(-9.32783462019201,-16.4607132160377,-0.49999999999998));
#6151=CARTESIAN_POINT('',(-9.32783462019201,0.,0.));
#6152=CARTESIAN_POINT('',(-9.32783462019201,-14.5053958094989,-7.79734390612658));
#6153=CARTESIAN_POINT('',(-9.1,-14.3337962760156,-7.69827086927722));
#6154=CARTESIAN_POINT('',(-9.1,-14.3517675333473,-7.70864657953536));
#6155=CARTESIAN_POINT('',(-9.10330503982447,-14.3699520987484,-7.71914544326474));
#6156=CARTESIAN_POINT('',(-9.10968008736142,-14.3870542964656,-7.72901940172051));
#6157=CARTESIAN_POINT('',(-9.11656314212703,-14.4055193138349,-7.73968018446926));
#6158=CARTESIAN_POINT('',(-9.12722281512523,-14.4232099461547,-7.74989387580127));
#6159=CARTESIAN_POINT('',(-9.14077713866048,-14.4386598469232,-7.75881388016887));
#6160=CARTESIAN_POINT('',(-9.15432780541154,-14.4541055795047,-7.76773147803268));
#6161=CARTESIAN_POINT('',(-9.17114565410737,-14.4677379901659,-7.77560215399759));
#6162=CARTESIAN_POINT('',(-9.18983790543511,-14.4784261091424,-7.7817729423658));
#6163=CARTESIAN_POINT('',(-9.2085219438059,-14.4891095319986,-7.78794101942769));
#6164=CARTESIAN_POINT('',(-9.22959441633042,-14.4971460116739,-7.79258088313156));
#6165=CARTESIAN_POINT('',(-9.25130934037812,-14.5018685159361,-7.79530742223863));
#6166=CARTESIAN_POINT('',(-9.27301518271722,-14.5065890451324,-7.79803282104082));
#6167=CARTESIAN_POINT('',(-9.29596178417621,-14.5081285992469,-7.79892168302324));
#6168=CARTESIAN_POINT('',(-9.31824813482808,-14.5063594128246,-7.79790024276608));
#6169=CARTESIAN_POINT('',(-9.32145165142111,-14.5061051038914,-7.79775341743503));
#6170=CARTESIAN_POINT('',(-9.32464900856844,-14.505783715277,-7.79756786363201));
#6171=CARTESIAN_POINT('',(-9.32783462019201,-14.5053958094989,-7.79734390612658));
#6172=CARTESIAN_POINT('',(-9.3,0.,0.));
#6173=CARTESIAN_POINT('',(-9.1,-7.69827086927727,-14.3337962760156));
#6174=CARTESIAN_POINT('',(-9.1,-7.70864657953634,-14.3517675333489));
#6175=CARTESIAN_POINT('',(-9.10330503982508,-7.71914544326669,-14.3699520987516));
#6176=CARTESIAN_POINT('',(-9.10968008736316,-7.72901940172325,-14.3870542964702));
#6177=CARTESIAN_POINT('',(-9.11656314212937,-7.7396801844719,-14.4055193138393));
#6178=CARTESIAN_POINT('',(-9.12722281512814,-7.74989387580376,-14.4232099461589));
#6179=CARTESIAN_POINT('',(-9.1407771386639,-7.75881388017117,-14.438659846927));
#6180=CARTESIAN_POINT('',(-9.15432780541546,-7.76773147803479,-14.4541055795083));
#6181=CARTESIAN_POINT('',(-9.17114565411174,-7.77560215399946,-14.467737990169));
#6182=CARTESIAN_POINT('',(-9.18983790543982,-7.78177294236741,-14.478426109145));
#6183=CARTESIAN_POINT('',(-9.20852194381097,-7.78794101942904,-14.4891095320008));
#6184=CARTESIAN_POINT('',(-9.22959441633574,-7.7925808831326,-14.4971460116756));
#6185=CARTESIAN_POINT('',(-9.2513093403836,-7.79530742223936,-14.5018685159373));
#6186=CARTESIAN_POINT('',(-9.27301518272285,-7.79803282104125,-14.5065890451331));
#6187=CARTESIAN_POINT('',(-9.29596178418189,-7.79892168302334,-14.5081285992469));
#6188=CARTESIAN_POINT('',(-9.3182481348337,-7.79790024276588,-14.5063594128241));
#6189=CARTESIAN_POINT('',(-9.32145165142485,-7.79775341743486,-14.506105103891));
#6190=CARTESIAN_POINT('',(-9.3246490085703,-7.79756786363193,-14.5057837152767));
#6191=CARTESIAN_POINT('',(-9.32783462019201,-7.79734390612663,-14.5053958094988));
#6192=CARTESIAN_POINT('',(-9.32783462019201,-7.79734390612663,-14.5053958094988));
#6193=CARTESIAN_POINT('',(-9.32783462019201,0.,0.));
#6194=CARTESIAN_POINT('',(-9.32783462019201,-0.500000000000039,-16.4607132160377));
#6195=CARTESIAN_POINT('',(-9.09999999996245,-0.500000000000038,-16.2625671423447));
#6196=CARTESIAN_POINT('',(-9.09999999996275,-0.500000000000038,-16.272668044929));
#6197=CARTESIAN_POINT('',(-9.1007688706829,-0.500000000000038,-16.2827977549809));
#6198=CARTESIAN_POINT('',(-9.10229348368064,-0.500000000000038,-16.2927829334081));
#6199=CARTESIAN_POINT('',(-9.10567536020764,-0.500000000000038,-16.3149319250481));
#6200=CARTESIAN_POINT('',(-9.11292803055196,-0.500000000000038,-16.3368026484673));
#6201=CARTESIAN_POINT('',(-9.12345171749764,-0.500000000000038,-16.3565831169295));
#6202=CARTESIAN_POINT('',(-9.13397393769032,-0.500000000000038,-16.3763608284623));
#6203=CARTESIAN_POINT('',(-9.14805676836213,-0.500000000000039,-16.3945945896853));
#6204=CARTESIAN_POINT('',(-9.1645344066777,-0.500000000000039,-16.4097722847277));
#6205=CARTESIAN_POINT('',(-9.18100578516853,-0.500000000000039,-16.4249442137914));
#6206=CARTESIAN_POINT('',(-9.20032482634372,-0.500000000000039,-16.4374810299473));
#6207=CARTESIAN_POINT('',(-9.22089108810085,-0.500000000000039,-16.4463423288498));
#6208=CARTESIAN_POINT('',(-9.23376113193908,-0.500000000000039,-16.4518875906328));
#6209=CARTESIAN_POINT('',(-9.24729116863563,-0.500000000000039,-16.4560952153196));
#6210=CARTESIAN_POINT('',(-9.26103626110472,-0.500000000000039,-16.4588265867069));
#6211=CARTESIAN_POINT('',(-9.28288407207656,-0.500000000000039,-16.4631680988428));
#6212=CARTESIAN_POINT('',(-9.305776597242,-0.500000000000039,-16.463814698816));
#6213=CARTESIAN_POINT('',(-9.32783462019201,-0.500000000000039,-16.4607132160377));
#6214=CARTESIAN_POINT('',(-9.3,0.,0.));
#6215=CARTESIAN_POINT('',(-9.1,8.56429627306164,-13.8337962760156));
#6216=CARTESIAN_POINT('',(-9.1,8.57467198331978,-13.8517675333473));
#6217=CARTESIAN_POINT('',(-9.10330503982447,8.58517084704916,-13.8699520987484));
#6218=CARTESIAN_POINT('',(-9.10968008736142,8.59504480550493,-13.8870542964656));
#6219=CARTESIAN_POINT('',(-9.11656314212703,8.60570558825368,-13.9055193138349));
#6220=CARTESIAN_POINT('',(-9.12722281512523,8.61591927958569,-13.9232099461547));
#6221=CARTESIAN_POINT('',(-9.14077713866048,8.62483928395329,-13.9386598469232));
#6222=CARTESIAN_POINT('',(-9.15432780541154,8.6337568818171,-13.9541055795048));
#6223=CARTESIAN_POINT('',(-9.17114565410737,8.64162755778201,-13.9677379901659));
#6224=CARTESIAN_POINT('',(-9.18983790543511,8.64779834615022,-13.9784261091424));
#6225=CARTESIAN_POINT('',(-9.20852194380591,8.65396642321212,-13.9891095319986));
#6226=CARTESIAN_POINT('',(-9.22959441633042,8.65860628691598,-13.9971460116739));
#6227=CARTESIAN_POINT('',(-9.25130934037812,8.66133282602305,-14.0018685159361));
#6228=CARTESIAN_POINT('',(-9.27301518271722,8.66405822482524,-14.0065890451324));
#6229=CARTESIAN_POINT('',(-9.29596178417621,8.66494708680766,-14.0081285992469));
#6230=CARTESIAN_POINT('',(-9.31824813482807,8.66392564655051,-14.0063594128246));
#6231=CARTESIAN_POINT('',(-9.32145165142111,8.66377882121945,-14.0061051038914));
#6232=CARTESIAN_POINT('',(-9.32464900856844,8.66359326741643,-14.005783715277));
#6233=CARTESIAN_POINT('',(-9.32783462019201,8.663369309911,-14.0053958094989));
#6234=CARTESIAN_POINT('',(-9.32783462019201,8.663369309911,-14.0053958094989));
#6235=CARTESIAN_POINT('',(-9.32783462019201,0.,0.));
#6236=CARTESIAN_POINT('',(-9.32783462019201,14.0053958094988,-8.66336930991109));
#6237=CARTESIAN_POINT('',(-9.1,13.8337962760156,-8.56429627306172));
#6238=CARTESIAN_POINT('',(-9.1,13.8517675333473,-8.57467198331986));
#6239=CARTESIAN_POINT('',(-9.10330503982447,13.8699520987483,-8.58517084704924));
#6240=CARTESIAN_POINT('',(-9.10968008736142,13.8870542964655,-8.59504480550501));
#6241=CARTESIAN_POINT('',(-9.11656314212703,13.9055193138348,-8.60570558825376));
#6242=CARTESIAN_POINT('',(-9.12722281512522,13.9232099461547,-8.61591927958577));
#6243=CARTESIAN_POINT('',(-9.14077713866048,13.9386598469231,-8.62483928395337));
#6244=CARTESIAN_POINT('',(-9.15432780541153,13.9541055795047,-8.63375688181718));
#6245=CARTESIAN_POINT('',(-9.17114565410737,13.9677379901658,-8.64162755778209));
#6246=CARTESIAN_POINT('',(-9.1898379054351,13.9784261091423,-8.6477983461503));
#6247=CARTESIAN_POINT('',(-9.2085219438059,13.9891095319985,-8.6539664232122));
#6248=CARTESIAN_POINT('',(-9.22959441633041,13.9971460116738,-8.65860628691606));
#6249=CARTESIAN_POINT('',(-9.25130934037812,14.0018685159361,-8.66133282602313));
#6250=CARTESIAN_POINT('',(-9.27301518271721,14.0065890451324,-8.66405822482533));
#6251=CARTESIAN_POINT('',(-9.2959617841762,14.0081285992468,-8.66494708680774));
#6252=CARTESIAN_POINT('',(-9.31824813482807,14.0063594128246,-8.66392564655059));
#6253=CARTESIAN_POINT('',(-9.3214516514211,14.0061051038913,-8.66377882121953));
#6254=CARTESIAN_POINT('',(-9.32464900856844,14.005783715277,-8.66359326741651));
#6255=CARTESIAN_POINT('',(-9.32783462019201,14.0053958094988,-8.66336930991109));
#6256=CARTESIAN_POINT('',(-9.3,0.,0.));
#6257=CARTESIAN_POINT('',(-9.32783462019201,-8.66336930991104,14.0053958094989));
#6258=CARTESIAN_POINT('',(-19.2649777855808,-7.96476004508502,12.7953690681818));
#6259=CARTESIAN_POINT('',(-29.2021009866885,-7.26607976528787,11.5852193253268));
#6260=CARTESIAN_POINT('',(-39.1391731009639,-6.56721788609994,10.3747550431002));
#6261=CARTESIAN_POINT('',(-9.32783462019201,-14.0053958094988,8.66336930991106));
#6262=CARTESIAN_POINT('',(-19.2649777855808,-12.7953690681818,7.96476004508504));
#6263=CARTESIAN_POINT('',(-29.2021009866885,-11.5852193253267,7.26607976528789));
#6264=CARTESIAN_POINT('',(-39.1391731009639,-10.3747550431002,6.56721788609995));
#6265=CARTESIAN_POINT('',(-9.32783462019201,0.,0.));
#6266=CARTESIAN_POINT('',(-39.1391731009639,10.3747550431002,6.56721788609992));
#6267=CARTESIAN_POINT('',(-32.0236240387333,11.241521218208,7.06764557062288));
#6268=CARTESIAN_POINT('',(-24.9080480471375,12.1081215926081,7.56797753006263));
#6269=CARTESIAN_POINT('',(-17.7924584054976,12.9746378843815,8.06826094437516));
#6270=CARTESIAN_POINT('',(-14.9709192619783,13.3182369055263,8.26663793172641));
#6271=CARTESIAN_POINT('',(-12.1493778469775,13.6618219372733,8.46500684229508));
#6272=CARTESIAN_POINT('',(-9.32783462019201,14.0053958094989,8.66336930991102));
#6273=CARTESIAN_POINT('',(-9.32783462019201,8.66336930991104,14.0053958094989));
#6274=CARTESIAN_POINT('',(-19.2649777855808,7.96476004508502,12.7953690681818));
#6275=CARTESIAN_POINT('',(-29.2021009866885,7.26607976528787,11.5852193253268));
#6276=CARTESIAN_POINT('',(-39.1391731009639,6.56721788609994,10.3747550431002));
#6277=CARTESIAN_POINT('',(-9.32783462019201,0.,0.));
#6278=CARTESIAN_POINT('',(-9.32783462019201,-16.4607132160377,-0.49999999999998));
#6279=CARTESIAN_POINT('',(-11.2313712138995,-16.1930652053033,-0.499999999999981));
#6280=CARTESIAN_POINT('',(-13.1349069801163,-15.9254113092919,-0.499999999999981));
#6281=CARTESIAN_POINT('',(-15.0384417845881,-15.657750573662,-0.499999999999981));
#6282=CARTESIAN_POINT('',(-23.0720408054546,-14.5281263510685,-0.499999999999982));
#6283=CARTESIAN_POINT('',(-31.1056239696052,-13.3983893356466,-0.499999999999983));
#6284=CARTESIAN_POINT('',(-39.1391731009639,-12.2684103684165,-0.499999999999984));
#6285=CARTESIAN_POINT('',(-9.32783462019201,-14.5053958094989,-7.79734390612658));
#6286=CARTESIAN_POINT('',(-19.2649777855808,-13.2953690681819,-7.09873464130057));
#6287=CARTESIAN_POINT('',(-29.2021009866885,-12.0852193253268,-6.40005436150342));
#6288=CARTESIAN_POINT('',(-39.1391731009639,-10.8747550431002,-5.70119248231549));
#6289=CARTESIAN_POINT('',(-9.32783462019201,0.,0.));
#6290=CARTESIAN_POINT('',(-9.32783462019201,-7.79734390612663,-14.5053958094988));
#6291=CARTESIAN_POINT('',(-19.2649777855808,-7.09873464130061,-13.2953690681818));
#6292=CARTESIAN_POINT('',(-29.2021009866885,-6.40005436150346,-12.0852193253267));
#6293=CARTESIAN_POINT('',(-39.1391731009639,-5.70119248231553,-10.8747550431002));
#6294=CARTESIAN_POINT('',(-9.32783462019201,-0.500000000000039,-16.4607132160377));
#6295=CARTESIAN_POINT('',(-10.3961598723784,-0.500000000000038,-16.3105006435501));
#6296=CARTESIAN_POINT('',(-11.4644848634385,-0.500000000000038,-16.1602862138957));
#6297=CARTESIAN_POINT('',(-12.5328095706731,-0.500000000000038,-16.0100697657131));
#6298=CARTESIAN_POINT('',(-21.4016229601365,-0.500000000000035,-14.7630316340126));
#6299=CARTESIAN_POINT('',(-30.2704186000538,-0.500000000000032,-13.515867238063));
#6300=CARTESIAN_POINT('',(-39.1391731009639,-0.500000000000029,-12.2684103684165));
#6301=CARTESIAN_POINT('',(-9.32783462019201,0.,0.));
#6302=CARTESIAN_POINT('',(-9.32783462019201,8.663369309911,-14.0053958094989));
#6303=CARTESIAN_POINT('',(-19.2649777855808,7.96476004508499,-12.7953690681819));
#6304=CARTESIAN_POINT('',(-29.2021009866885,7.26607976528785,-11.5852193253268));
#6305=CARTESIAN_POINT('',(-39.1391731009639,6.56721788609991,-10.3747550431002));
#6306=CARTESIAN_POINT('',(-9.32783462019201,14.0053958094988,-8.66336930991109));
#6307=CARTESIAN_POINT('',(-19.2649777855808,12.7953690681818,-7.96476004508507));
#6308=CARTESIAN_POINT('',(-29.2021009866885,11.5852193253267,-7.26607976528791));
#6309=CARTESIAN_POINT('',(-39.1391731009639,10.3747550431002,-6.56721788609997));
#6310=CARTESIAN_POINT('',(-9.32783462019201,0.,0.));
#6311=CARTESIAN_POINT('',(1.67523646940376E-15,6.22458182382458,11.7812919747339));
#6312=CARTESIAN_POINT('',(-1.73327711090626,6.72528847370531,12.6485413320149));
#6313=CARTESIAN_POINT('',(-3.46662079473875,7.22593751128516,13.5156909018637));
#6314=CARTESIAN_POINT('',(-5.2,7.72655579673291,14.3827872074572));
#6315=CARTESIAN_POINT('',(-5.2,7.72655579673291,14.3827872074572));
#6316=CARTESIAN_POINT('',(-5.19999999999999,0.,0.));
#6317=CARTESIAN_POINT('',(-5.19999999999999,0.5,16.3191369972503));
#6318=CARTESIAN_POINT('',(2.18184737258426E-15,0.5,13.3151890514336));
#6319=CARTESIAN_POINT('',(-0.888388607061724,0.5,13.8284619498468));
#6320=CARTESIAN_POINT('',(-1.7767951220288,0.5,14.3417038533147));
#6321=CARTESIAN_POINT('',(-2.66521449865766,0.5,14.8549234911239));
#6322=CARTESIAN_POINT('',(-3.51013226598055,0.5,15.3430132400997));
#6323=CARTESIAN_POINT('',(-4.35506172956192,0.5,15.8310827423336));
#6324=CARTESIAN_POINT('',(-5.19999999999999,0.5,16.3191369972503));
#6325=CARTESIAN_POINT('',(6.7331941413751E-15,0.,0.));
#6326=CARTESIAN_POINT('',(-5.2,7.72655579673291,14.3827872074572));
#6327=CARTESIAN_POINT('',(-5.21931104705836,7.7321330317887,14.3924472619396));
#6328=CARTESIAN_POINT('',(-5.24080523988242,7.73612595595772,14.3993632094711));
#6329=CARTESIAN_POINT('',(-5.2627150206706,7.7382056342847,14.4029653179969));
#6330=CARTESIAN_POINT('',(-5.284699534454,7.7402924062742,14.4065797131065));
#6331=CARTESIAN_POINT('',(-5.30770795130504,7.74050992014531,14.4069564581826));
#6332=CARTESIAN_POINT('',(-5.32983450750443,7.73884012776355,14.4040642929393));
#6333=CARTESIAN_POINT('',(-5.35195847130938,7.73717053101822,14.4011724665482));
#6334=CARTESIAN_POINT('',(-5.37381085999193,7.7335680740272,14.3949328280077));
#6335=CARTESIAN_POINT('',(-5.39358286121553,7.72833147314435,14.3858627692196));
#6336=CARTESIAN_POINT('',(-5.41335733919978,7.72309421629315,14.3767915742611));
#6337=CARTESIAN_POINT('',(-5.43159608809748,7.71607809837246,14.3646393015506));
#6338=CARTESIAN_POINT('',(-5.44679089015739,7.70786433846588,14.3504126520712));
#6339=CARTESIAN_POINT('',(-5.46199134481655,7.69964752296878,14.3361807101538));
#6340=CARTESIAN_POINT('',(-5.47456466174673,7.69000573534552,14.3194806441145));
#6341=CARTESIAN_POINT('',(-5.48347192828593,7.67973711016614,14.3016948635799));
#6342=CARTESIAN_POINT('',(-5.49238330262849,7.66946374935962,14.2839008806986));
#6343=CARTESIAN_POINT('',(-5.49787097147312,7.65827976705387,14.2645296551141));
#6344=CARTESIAN_POINT('',(-5.4994816277153,7.64711076812619,14.2451843815016));
#6345=CARTESIAN_POINT('',(-5.49982698602899,7.64471590165231,14.2410363510915));
#6346=CARTESIAN_POINT('',(-5.49999999999999,7.64231326498838,14.2368748623175));
#6347=CARTESIAN_POINT('',(-5.49999999999999,7.63991218116666,14.232716063145));
#6348=CARTESIAN_POINT('',(-5.49999999999999,7.63991218116666,14.232716063145));
#6349=CARTESIAN_POINT('',(-5.49999999999999,0.,0.));
#6350=CARTESIAN_POINT('',(-5.49999999999999,0.5,16.1458497661178));
#6351=CARTESIAN_POINT('',(-5.19999999999999,0.5,16.3191369972503));
#6352=CARTESIAN_POINT('',(-5.21578742756432,0.5,16.328256150053));
#6353=CARTESIAN_POINT('',(-5.23299102819998,0.5,16.3352597839449));
#6354=CARTESIAN_POINT('',(-5.25065887568084,0.5,16.3397596708692));
#6355=CARTESIAN_POINT('',(-5.27234630018932,0.5,16.3452833181653));
#6356=CARTESIAN_POINT('',(-5.29528681848736,0.5,16.3471380628154));
#6357=CARTESIAN_POINT('',(-5.31757990482519,0.5,16.3451699767409));
#6358=CARTESIAN_POINT('',(-5.33986798206002,0.5,16.3432023328817));
#6359=CARTESIAN_POINT('',(-5.36212358048659,0.5,16.337359397209));
#6360=CARTESIAN_POINT('',(-5.38250420179777,0.5,16.3281257476514));
#6361=CARTESIAN_POINT('',(-5.40288626327041,0.5,16.3188914456139));
#6362=CARTESIAN_POINT('',(-5.42195502793132,0.5,16.3060115110351));
#6363=CARTESIAN_POINT('',(-5.4381333634744,0.5,16.2905531080436));
#6364=CARTESIAN_POINT('',(-5.45431713812917,0.5,16.2750895079796));
#6365=CARTESIAN_POINT('',(-5.46805471648126,0.5,16.256619576694));
#6366=CARTESIAN_POINT('',(-5.47821085795314,0.5,16.2366723894383));
#6367=CARTESIAN_POINT('',(-5.48837166687007,0.5,16.216716035079));
#6368=CARTESIAN_POINT('',(-5.49522791662791,0.5,16.1947309693537));
#6369=CARTESIAN_POINT('',(-5.49821324174692,0.5,16.1725366919135));
#6370=CARTESIAN_POINT('',(-5.49940175901019,0.5,16.1637007089529));
#6371=CARTESIAN_POINT('',(-5.49999999999999,0.5,16.1547653237652));
#6372=CARTESIAN_POINT('',(-5.49999999999999,0.5,16.1458497661178));
#6373=CARTESIAN_POINT('',(-5.29999999999999,0.,0.));
#6374=CARTESIAN_POINT('',(-5.49999999999999,6.5616968793294,12.3651923788647));
#6375=CARTESIAN_POINT('',(-5.49999999999999,6.86270522028652,12.8865541189044));
#6376=CARTESIAN_POINT('',(-5.49999999999999,0.,0.));
#6377=CARTESIAN_POINT('',(-5.49999999999999,0.5,14.5914358443575));
#6378=CARTESIAN_POINT('',(-5.49999999999999,0.5,16.1535898384862));
#6379=CARTESIAN_POINT('',(-5.49999999999999,0.,16.1535898384862));
#6380=CARTESIAN_POINT('',(-3.85185988877443E-34,6.86270522028652,12.8865541189044));
#6381=CARTESIAN_POINT('',(-9.1,6.86270522028652,12.8865541189044));
#6382=CARTESIAN_POINT('',(-9.1,0.,0.));
#6383=CARTESIAN_POINT('',(-9.1,0.5,14.5914358443575));
#6384=CARTESIAN_POINT('',(0.,0.5,14.5914358443575));
#6385=CARTESIAN_POINT('',(0.,0.,0.));
#6386=CARTESIAN_POINT('',(-9.1,5.88897274573419,11.2));
#6387=CARTESIAN_POINT('',(-9.1,7.69827086927724,14.3337962760156));
#6388=CARTESIAN_POINT('',(-9.1,0.,0.));
#6389=CARTESIAN_POINT('',(-9.09999999999925,0.5,16.2625671423388));
#6390=CARTESIAN_POINT('',(-9.1,0.5,14.6));
#6391=CARTESIAN_POINT('',(-9.1,0.,14.6));
#6392=CARTESIAN_POINT('',(-9.1,7.69827086927724,14.3337962760156));
#6393=CARTESIAN_POINT('',(-9.1,7.70864657953537,14.3517675333473));
#6394=CARTESIAN_POINT('',(-9.10330503982447,7.71914544326476,14.3699520987484));
#6395=CARTESIAN_POINT('',(-9.10968008736142,7.72901940172053,14.3870542964656));
#6396=CARTESIAN_POINT('',(-9.11656314212703,7.73968018446928,14.4055193138349));
#6397=CARTESIAN_POINT('',(-9.12722281512523,7.74989387580129,14.4232099461547));
#6398=CARTESIAN_POINT('',(-9.14077713866048,7.75881388016889,14.4386598469232));
#6399=CARTESIAN_POINT('',(-9.15432780541154,7.7677314780327,14.4541055795047));
#6400=CARTESIAN_POINT('',(-9.17114565410737,7.77560215399761,14.4677379901659));
#6401=CARTESIAN_POINT('',(-9.18983790543511,7.78177294236582,14.4784261091424));
#6402=CARTESIAN_POINT('',(-9.20852194380591,7.78794101942771,14.4891095319986));
#6403=CARTESIAN_POINT('',(-9.22959441633042,7.79258088313158,14.4971460116739));
#6404=CARTESIAN_POINT('',(-9.25130934037813,7.79530742223864,14.5018685159361));
#6405=CARTESIAN_POINT('',(-9.27301518271722,7.79803282104084,14.5065890451324));
#6406=CARTESIAN_POINT('',(-9.29596178417621,7.79892168302325,14.5081285992469));
#6407=CARTESIAN_POINT('',(-9.31824813482808,7.7979002427661,14.5063594128246));
#6408=CARTESIAN_POINT('',(-9.32145165142111,7.79775341743504,14.5061051038914));
#6409=CARTESIAN_POINT('',(-9.32464900856844,7.79756786363203,14.505783715277));
#6410=CARTESIAN_POINT('',(-9.32783462019201,7.7973439061266,14.5053958094989));
#6411=CARTESIAN_POINT('',(-9.32783462019201,7.7973439061266,14.5053958094989));
#6412=CARTESIAN_POINT('',(-9.32783462019201,0.,0.));
#6413=CARTESIAN_POINT('',(-9.32783462019201,0.5,16.4607132160377));
#6414=CARTESIAN_POINT('',(-9.09999999999925,0.5,16.2625671423388));
#6415=CARTESIAN_POINT('',(-9.09999999999924,0.5,16.2782250434297));
#6416=CARTESIAN_POINT('',(-9.10186239080334,0.5,16.2939896034441));
#6417=CARTESIAN_POINT('',(-9.10551119883007,0.5,16.309216424076));
#6418=CARTESIAN_POINT('',(-9.11073243135261,0.5,16.3310051206902));
#6419=CARTESIAN_POINT('',(-9.11978782917095,0.5,16.3521930199715));
#6420=CARTESIAN_POINT('',(-9.13192833902142,0.5,16.3710242862532));
#6421=CARTESIAN_POINT('',(-9.14406629842266,0.5,16.3898515965075));
#6422=CARTESIAN_POINT('',(-9.15962317779192,0.5,16.4068427715463));
#6423=CARTESIAN_POINT('',(-9.17731086324966,0.5,16.4205884418823));
#6424=CARTESIAN_POINT('',(-9.19499118731001,0.5,16.4343283914393));
#6425=CARTESIAN_POINT('',(-9.21528855590353,0.5,16.4452046444312));
#6426=CARTESIAN_POINT('',(-9.23652130882938,0.5,16.4523145161527));
#6427=CARTESIAN_POINT('',(-9.25774470762951,0.5,16.4594212556079));
#6428=CARTESIAN_POINT('',(-9.28048825764076,0.5,16.4629609884193));
#6429=CARTESIAN_POINT('',(-9.30286760804962,0.5,16.462639931428));
#6430=CARTESIAN_POINT('',(-9.3112138307295,0.5,16.4625201954619));
#6431=CARTESIAN_POINT('',(-9.31956884576537,0.5,16.46187543067));
#6432=CARTESIAN_POINT('',(-9.32783462019201,0.5,16.4607132160377));
#6433=CARTESIAN_POINT('',(-9.3,0.,0.));
#6434=CARTESIAN_POINT('',(-9.32783462019201,7.7973439061266,14.5053958094989));
#6435=CARTESIAN_POINT('',(-19.2649777855808,7.09873464130058,13.2953690681818));
#6436=CARTESIAN_POINT('',(-29.2021009866885,6.40005436150343,12.0852193253267));
#6437=CARTESIAN_POINT('',(-39.1391731009639,5.7011924823155,10.8747550431002));
#6438=CARTESIAN_POINT('',(-39.139173100964,0.5,12.2684103684159));
#6439=CARTESIAN_POINT('',(-30.167090677845,0.5,13.53040108567));
#6440=CARTESIAN_POINT('',(-21.1949661950699,0.5,14.7920927838121));
#6441=CARTESIAN_POINT('',(-12.2228237377383,0.5,16.0536566161347));
#6442=CARTESIAN_POINT('',(-11.2578275894039,0.5,16.1893437438033));
#6443=CARTESIAN_POINT('',(-10.2928312113423,0.5,16.3250292376783));
#6444=CARTESIAN_POINT('',(-9.32783462019201,0.5,16.4607132160377));
#6445=CARTESIAN_POINT('',(-9.32783462019201,0.,0.));
#6446=CARTESIAN_POINT('',(-40.0000000000038,-0.5,11.4132750711203));
#6447=CARTESIAN_POINT('',(-40.0000000000038,0.5,11.4132750711203));
#6448=CARTESIAN_POINT('',(-40.0000000000038,-0.5,11.4132750711203));
#6449=CARTESIAN_POINT('',(0.,-0.5,0.));
#6450=CARTESIAN_POINT('',(0.,0.5,0.));
#6451=CARTESIAN_POINT('',(-11.9527292569405,-0.433012701892218,0.250000000000003));
#6452=CARTESIAN_POINT('',(-11.9527292569405,0.433012701892221,-0.249999999999996));
#6453=CARTESIAN_POINT('',(-11.9527292569405,-0.433012701892218,0.250000000000003));
#6454=CARTESIAN_POINT('',(4.62936427455679E-48,-0.433012701892214,0.249999999999997));
#6455=CARTESIAN_POINT('',(4.62936427455679E-48,0.433012701892225,-0.250000000000003));
#6456=CARTESIAN_POINT('',(-40.0000000000038,10.1341861519699,5.27362483366791));
#6457=CARTESIAN_POINT('',(0.,0.249999999999998,-0.43301270189222));
#6458=CARTESIAN_POINT('',(-40.0000000000038,9.63418615196989,6.13965023745235));
#6459=CARTESIAN_POINT('',(-40.0000000000038,9.63418615196989,6.13965023745235));
#6460=CARTESIAN_POINT('',(0.,-0.249999999999999,0.43301270189222));
#6461=CARTESIAN_POINT('',(-40.0000000000038,9.63418615196984,-6.13965023745242));
#6462=CARTESIAN_POINT('',(0.,-0.250000000000001,-0.433012701892219));
#6463=CARTESIAN_POINT('',(-40.0000000000038,10.1341861519698,-5.27362483366798));
#6464=CARTESIAN_POINT('',(0.,0.250000000000001,0.433012701892219));
#6465=CARTESIAN_POINT('',(-40.0000000000038,10.1341861519698,-5.27362483366798));
#6466=CARTESIAN_POINT('',(-40.0000000000038,-0.500000000000027,-11.4132750711203));
#6467=CARTESIAN_POINT('',(0.,-0.5,1.17145536458252E-15));
#6468=CARTESIAN_POINT('',(-40.0000000000038,0.499999999999973,-11.4132750711203));
#6469=CARTESIAN_POINT('',(0.,0.5,-1.17145536458252E-15));
#6470=CARTESIAN_POINT('',(-40.0000000000038,0.499999999999973,-11.4132750711203));
#6471=CARTESIAN_POINT('',(-40.0000000000038,-10.1341861519699,-5.27362483366794));
#6472=CARTESIAN_POINT('',(0.,-0.249999999999999,0.43301270189222));
#6473=CARTESIAN_POINT('',(-40.0000000000038,-9.63418615196987,-6.13965023745238));
#6474=CARTESIAN_POINT('',(0.,0.249999999999999,-0.43301270189222));
#6475=CARTESIAN_POINT('',(-40.0000000000038,-9.63418615196987,-6.13965023745238));
#6476=CARTESIAN_POINT('',(-40.0000000000038,-10.1341861519699,5.27362483366796));
#6477=CARTESIAN_POINT('',(-40.0000000000038,-9.63418615196986,6.1396502374524));
#6478=CARTESIAN_POINT('',(-40.0000000000038,-10.1341861519699,5.27362483366796));
#6479=CARTESIAN_POINT('',(0.,-0.25,-0.433012701892219));
#6480=CARTESIAN_POINT('',(0.,0.25,0.433012701892219));
#6481=CARTESIAN_POINT('',(-11.9527292569405,5.99021700298241E-15,0.5));
#6482=CARTESIAN_POINT('',(4.62936427455679E-48,5.6920614055489E-16,0.500000000000006));
#6483=CARTESIAN_POINT('',(-11.9527292569405,2.00577401909818E-15,-0.5));
#6484=CARTESIAN_POINT('',(4.62936427455679E-48,-1.97866896478605E-15,-0.500000000000006));
#6485=CARTESIAN_POINT('',(-11.9527292569405,5.99021700298241E-15,0.5));
#6486=CARTESIAN_POINT('',(-11.9527292569405,0.433012701892222,0.249999999999995));
#6487=CARTESIAN_POINT('',(4.62936427455679E-48,0.433012701892215,0.249999999999996));
#6488=CARTESIAN_POINT('',(-11.9527292569405,-0.433012701892218,-0.250000000000002));
#6489=CARTESIAN_POINT('',(4.62936427455679E-48,-0.433012701892225,-0.250000000000002));
#6490=CARTESIAN_POINT('',(-11.9527292569405,0.433012701892222,0.249999999999995));
#6491=CARTESIAN_POINT('',(-11.9527292569405,0.433012701892217,-0.250000000000004));
#6492=CARTESIAN_POINT('',(4.62936427455679E-48,0.433012701892214,-0.249999999999998));
#6493=CARTESIAN_POINT('',(-11.9527292569405,-0.433012701892221,0.249999999999997));
#6494=CARTESIAN_POINT('',(4.62936427455679E-48,-0.433012701892224,0.250000000000004));
#6495=CARTESIAN_POINT('',(-11.9527292569405,0.433012701892217,-0.250000000000004));
#6496=CARTESIAN_POINT('',(-11.9527292569405,-4.60785923306339E-15,-0.5));
#6497=CARTESIAN_POINT('',(4.62936427455679E-48,-6.23416249179165E-16,-0.499999999999994));
#6498=CARTESIAN_POINT('',(-11.9527292569405,-3.3881317890172E-15,0.5));
#6499=CARTESIAN_POINT('',(4.62936427455679E-48,5.6920614055489E-16,0.500000000000006));
#6500=CARTESIAN_POINT('',(-11.9527292569405,-4.60785923306339E-15,-0.5));
#6501=CARTESIAN_POINT('',(-11.9527292569405,-0.433012701892222,-0.249999999999996));
#6502=CARTESIAN_POINT('',(-11.9527292569405,0.433012701892217,0.250000000000003));
#6503=CARTESIAN_POINT('',(-11.9527292569405,-0.433012701892222,-0.249999999999996));
#6504=CARTESIAN_POINT('',(4.62936427455679E-48,-0.433012701892214,-0.249999999999997));
#6505=CARTESIAN_POINT('',(4.62936427455679E-48,0.433012701892225,0.250000000000003));
#6506=MECHANICAL_DESIGN_GEOMETRIC_PRESENTATION_REPRESENTATION('',(#29,#23,
#24,#25,#26,#27),#6507);
#6507=(
GEOMETRIC_REPRESENTATION_CONTEXT(3)
GLOBAL_UNCERTAINTY_ASSIGNED_CONTEXT((#6508))
GLOBAL_UNIT_ASSIGNED_CONTEXT((#6514,#6510,#6509))
REPRESENTATION_CONTEXT('Collet ER32 14mm','TOP_LEVEL_ASSEMBLY_PART')
);
#6508=UNCERTAINTY_MEASURE_WITH_UNIT(LENGTH_MEASURE(0.0508),#6514,
'DISTANCE_ACCURACY_VALUE','Maximum Tolerance applied to model');
#6509=(
NAMED_UNIT(*)
SI_UNIT($,.STERADIAN.)
SOLID_ANGLE_UNIT()
);
#6510=(
CONVERSION_BASED_UNIT('DEGREE',#6512)
NAMED_UNIT(#6511)
PLANE_ANGLE_UNIT()
);
#6511=DIMENSIONAL_EXPONENTS(0.,0.,0.,0.,0.,0.,0.);
#6512=PLANE_ANGLE_MEASURE_WITH_UNIT(PLANE_ANGLE_MEASURE(0.0174532925),#6513);
#6513=(
NAMED_UNIT(*)
PLANE_ANGLE_UNIT()
SI_UNIT($,.RADIAN.)
);
#6514=(
LENGTH_UNIT()
NAMED_UNIT(*)
SI_UNIT(.MILLI.,.METRE.)
);
ENDSEC;
END-ISO-10303-21;
