ISO-10303-21;
HEADER;
/* Generated by software containing ST-Developer
 * from STEP Tools, Inc. (www.steptools.com) 
 */
/* OPTION: using custom schema-name function */

FILE_DESCRIPTION(
/* description */ (''),
/* implementation_level */ '2;1');

FILE_NAME(
/* name */ 'Collet ER32 11mm.stp',
/* time_stamp */ '2022-11-19T12:00:20+02:00',
/* author */ (''),
/* organization */ (''),
/* preprocessor_version */ 'ST-DEVELOPER v18.102',
/* originating_system */ 'SIEMENS PLM Software NX 2027',
/* authorisation */ '');

FILE_SCHEMA (('AUTOMOTIVE_DESIGN { 1 0 10303 214 3 1 1 1 }'));
ENDSEC;

DATA;
#10=SHAPE_REPRESENTATION_RELATIONSHIP('None',
'relationship between Collet ER32 11mm-None and Collet ER32 11mm-None',
#22,#11);
#11=ADVANCED_BREP_SHAPE_REPRESENTATION('Collet ER32 11mm-None',(#68),#6593);
#12=SHAPE_DEFINITION_REPRESENTATION(#13,#22);
#13=PRODUCT_DEFINITION_SHAPE('','',#14);
#14=PRODUCT_DEFINITION(' ','',#16,#15);
#15=PRODUCT_DEFINITION_CONTEXT('part definition',#21,'design');
#16=PRODUCT_DEFINITION_FORMATION_WITH_SPECIFIED_SOURCE(' ',' ',#18,
 .NOT_KNOWN.);
#17=PRODUCT_RELATED_PRODUCT_CATEGORY('part','',(#18));
#18=PRODUCT('Collet ER32 11mm','Collet ER32 11mm',' ',(#19));
#19=PRODUCT_CONTEXT(' ',#21,'mechanical');
#20=APPLICATION_PROTOCOL_DEFINITION('international standard',
'automotive_design',2010,#21);
#21=APPLICATION_CONTEXT(
'core data for automotive mechanical design processes');
#22=SHAPE_REPRESENTATION('Collet ER32 11mm-None',(#3043),#6593);
#23=OVER_RIDING_STYLED_ITEM('',(#31),#821,#29);
#24=OVER_RIDING_STYLED_ITEM('',(#32),#822,#29);
#25=OVER_RIDING_STYLED_ITEM('',(#33),#823,#29);
#26=OVER_RIDING_STYLED_ITEM('',(#34),#824,#29);
#27=OVER_RIDING_STYLED_ITEM('',(#35),#825,#29);
#28=PRESENTATION_LAYER_ASSIGNMENT('1','Layer 1',(#68));
#29=STYLED_ITEM('',(#30),#68);
#30=PRESENTATION_STYLE_ASSIGNMENT((#36));
#31=PRESENTATION_STYLE_ASSIGNMENT((#37));
#32=PRESENTATION_STYLE_ASSIGNMENT((#38));
#33=PRESENTATION_STYLE_ASSIGNMENT((#39));
#34=PRESENTATION_STYLE_ASSIGNMENT((#40));
#35=PRESENTATION_STYLE_ASSIGNMENT((#41));
#36=SURFACE_STYLE_USAGE(.BOTH.,#42);
#37=SURFACE_STYLE_USAGE(.BOTH.,#43);
#38=SURFACE_STYLE_USAGE(.BOTH.,#44);
#39=SURFACE_STYLE_USAGE(.BOTH.,#45);
#40=SURFACE_STYLE_USAGE(.BOTH.,#46);
#41=SURFACE_STYLE_USAGE(.BOTH.,#47);
#42=SURFACE_SIDE_STYLE('',(#48));
#43=SURFACE_SIDE_STYLE('',(#49));
#44=SURFACE_SIDE_STYLE('',(#50));
#45=SURFACE_SIDE_STYLE('',(#51));
#46=SURFACE_SIDE_STYLE('',(#52));
#47=SURFACE_SIDE_STYLE('',(#53));
#48=SURFACE_STYLE_FILL_AREA(#54);
#49=SURFACE_STYLE_FILL_AREA(#55);
#50=SURFACE_STYLE_FILL_AREA(#56);
#51=SURFACE_STYLE_FILL_AREA(#57);
#52=SURFACE_STYLE_FILL_AREA(#58);
#53=SURFACE_STYLE_FILL_AREA(#59);
#54=FILL_AREA_STYLE('',(#60));
#55=FILL_AREA_STYLE('',(#61));
#56=FILL_AREA_STYLE('',(#62));
#57=FILL_AREA_STYLE('',(#63));
#58=FILL_AREA_STYLE('',(#64));
#59=FILL_AREA_STYLE('',(#65));
#60=FILL_AREA_STYLE_COLOUR('',#66);
#61=FILL_AREA_STYLE_COLOUR('',#67);
#62=FILL_AREA_STYLE_COLOUR('',#67);
#63=FILL_AREA_STYLE_COLOUR('',#67);
#64=FILL_AREA_STYLE_COLOUR('',#67);
#65=FILL_AREA_STYLE_COLOUR('',#67);
#66=COLOUR_RGB('light gray',0.8,0.8,0.8);
#67=COLOUR_RGB('iron gray',0.298039215686275,0.298039215686275,0.298039215686275);
#68=MANIFOLD_SOLID_BREP('',#69);
#69=CLOSED_SHELL('',(#821,#822,#823,#824,#825,#826,#827,#828,#829,#830,
#831,#832,#833,#834,#835,#836,#837,#838,#839,#840,#841,#842,#843,#844,#845,
#846,#847,#848,#849,#850,#851,#852,#853,#854,#855,#856,#857,#858,#859,#860,
#861,#862,#863,#864,#865,#866,#867,#868,#869,#870,#871,#872,#873,#874,#875,
#876,#877,#878,#879,#880,#881,#882,#883,#884,#885,#886,#887,#888,#889,#890,
#891,#892,#893,#894,#895,#896,#897,#898,#899,#900,#901,#902,#903,#904,#905,
#906,#907,#908,#909,#910,#911,#912,#913,#914,#915,#916,#917,#918,#919,#920,
#921,#922,#923,#924,#925,#926,#927,#928,#929,#930,#931,#932,#933,#934,#935,
#936,#937,#938,#939,#940,#941,#942,#943,#944,#945,#946,#947,#948,#949,#950,
#951,#952,#953,#954,#955,#956,#957,#958,#959,#960,#961,#962,#963,#964,#965,
#966,#967,#968,#969,#970,#971));
#70=ELLIPSE('',#3176,7.77817459305199,5.5);
#71=ELLIPSE('',#3178,7.77817459305199,5.5);
#72=ELLIPSE('',#3180,7.77817459305199,5.5);
#73=ELLIPSE('',#3182,7.77817459305199,5.5);
#74=ELLIPSE('',#3184,7.77817459305199,5.5);
#75=ELLIPSE('',#3185,7.77817459305199,5.5);
#76=ELLIPSE('',#3186,7.77817459305203,5.5);
#77=ELLIPSE('',#3187,7.77817459305203,5.5);
#78=ELLIPSE('',#3188,7.77817459305203,5.5);
#79=ELLIPSE('',#3189,7.77817459305203,5.5);
#80=ELLIPSE('',#3190,7.77817459305203,5.5);
#81=ELLIPSE('',#3191,7.77817459305203,5.5);
#82=CYLINDRICAL_SURFACE('',#3123,14.6);
#83=CYLINDRICAL_SURFACE('',#3125,14.6);
#84=CYLINDRICAL_SURFACE('',#3127,14.6);
#85=CYLINDRICAL_SURFACE('',#3129,14.6);
#86=CYLINDRICAL_SURFACE('',#3131,14.6);
#87=CYLINDRICAL_SURFACE('',#3133,14.6);
#88=CYLINDRICAL_SURFACE('',#3192,5.5);
#89=CYLINDRICAL_SURFACE('',#3232,14.6);
#90=CYLINDRICAL_SURFACE('',#3234,14.6);
#91=CYLINDRICAL_SURFACE('',#3236,14.6);
#92=CYLINDRICAL_SURFACE('',#3238,14.6);
#93=CYLINDRICAL_SURFACE('',#3240,14.6);
#94=CYLINDRICAL_SURFACE('',#3283,14.6);
#95=TOROIDAL_SURFACE('',#3099,16.1535898384862,0.2);
#96=TOROIDAL_SURFACE('',#3101,16.1535898384862,0.2);
#97=TOROIDAL_SURFACE('',#3103,16.1535898384862,0.2);
#98=TOROIDAL_SURFACE('',#3105,16.1535898384862,0.2);
#99=TOROIDAL_SURFACE('',#3107,16.1535898384862,0.2);
#100=TOROIDAL_SURFACE('',#3109,16.1535898384862,0.2);
#101=TOROIDAL_SURFACE('',#3147,16.2702516900963,0.2);
#102=TOROIDAL_SURFACE('',#3149,16.2702516900963,0.2);
#103=TOROIDAL_SURFACE('',#3151,16.2702516900963,0.2);
#104=TOROIDAL_SURFACE('',#3153,16.2702516900963,0.2);
#105=TOROIDAL_SURFACE('',#3155,16.2702516900963,0.2);
#106=TOROIDAL_SURFACE('',#3157,16.2702516900963,0.2);
#107=TOROIDAL_SURFACE('',#3170,11.2883268414199,1.);
#108=TOROIDAL_SURFACE('',#3171,11.2883268414199,1.);
#109=TOROIDAL_SURFACE('',#3172,11.2883268414199,1.);
#110=TOROIDAL_SURFACE('',#3173,11.2883268414199,1.);
#111=TOROIDAL_SURFACE('',#3174,11.2883268414199,1.);
#112=TOROIDAL_SURFACE('',#3175,11.2883268414199,1.);
#113=TOROIDAL_SURFACE('',#3212,16.1535898384862,0.2);
#114=TOROIDAL_SURFACE('',#3214,16.1535898384862,0.2);
#115=TOROIDAL_SURFACE('',#3216,16.1535898384862,0.2);
#116=TOROIDAL_SURFACE('',#3218,16.1535898384862,0.2);
#117=TOROIDAL_SURFACE('',#3220,16.1535898384862,0.2);
#118=TOROIDAL_SURFACE('',#3252,16.2702516900963,0.2);
#119=TOROIDAL_SURFACE('',#3254,16.2702516900963,0.2);
#120=TOROIDAL_SURFACE('',#3256,16.2702516900963,0.2);
#121=TOROIDAL_SURFACE('',#3258,16.2702516900963,0.2);
#122=TOROIDAL_SURFACE('',#3260,16.2702516900963,0.2);
#123=TOROIDAL_SURFACE('',#3271,11.2883268414199,1.);
#124=TOROIDAL_SURFACE('',#3272,11.2883268414199,1.);
#125=TOROIDAL_SURFACE('',#3273,11.2883268414199,1.);
#126=TOROIDAL_SURFACE('',#3274,11.2883268414199,1.);
#127=TOROIDAL_SURFACE('',#3275,11.2883268414199,1.);
#128=TOROIDAL_SURFACE('',#3279,16.1535898384862,0.2);
#129=TOROIDAL_SURFACE('',#3287,16.2702516900963,0.2);
#130=TOROIDAL_SURFACE('',#3290,11.2883268414199,1.);
#131=CONICAL_SURFACE('',#3082,13.3245735194571,29.9999999999998);
#132=CONICAL_SURFACE('',#3085,13.3245735194571,29.9999999999998);
#133=CONICAL_SURFACE('',#3088,13.3245735194571,29.9999999999998);
#134=CONICAL_SURFACE('',#3091,13.3245735194571,29.9999999999998);
#135=CONICAL_SURFACE('',#3094,13.3245735194571,29.9999999999998);
#136=CONICAL_SURFACE('',#3097,13.3245735194571,29.9999999999998);
#137=CONICAL_SURFACE('',#3159,16.4683053038446,7.99999999999986);
#138=CONICAL_SURFACE('',#3161,16.4683053038446,7.99999999999986);
#139=CONICAL_SURFACE('',#3163,16.4683053038446,7.99999999999986);
#140=CONICAL_SURFACE('',#3165,16.4683053038446,7.99999999999986);
#141=CONICAL_SURFACE('',#3167,16.4683053038446,7.99999999999986);
#142=CONICAL_SURFACE('',#3169,16.4683053038446,7.99999999999986);
#143=CONICAL_SURFACE('',#3202,13.3245735194571,29.9999999999998);
#144=CONICAL_SURFACE('',#3204,13.3245735194571,29.9999999999998);
#145=CONICAL_SURFACE('',#3206,13.3245735194571,29.9999999999998);
#146=CONICAL_SURFACE('',#3208,13.3245735194571,29.9999999999998);
#147=CONICAL_SURFACE('',#3210,13.3245735194571,29.9999999999998);
#148=CONICAL_SURFACE('',#3262,16.4683053038446,7.99999999999986);
#149=CONICAL_SURFACE('',#3264,16.4683053038446,7.99999999999986);
#150=CONICAL_SURFACE('',#3266,16.4683053038446,7.99999999999986);
#151=CONICAL_SURFACE('',#3268,16.4683053038446,7.99999999999986);
#152=CONICAL_SURFACE('',#3270,16.4683053038446,7.99999999999986);
#153=CONICAL_SURFACE('',#3277,13.3245735194571,29.9999999999998);
#154=CONICAL_SURFACE('',#3289,16.4683053038446,7.99999999999986);
#155=CIRCLE('',#3049,13.3245735194571);
#156=CIRCLE('',#3050,13.3245735194571);
#157=CIRCLE('',#3051,5.5);
#158=CIRCLE('',#3053,11.2883268414199);
#159=CIRCLE('',#3054,11.2883268414199);
#160=CIRCLE('',#3055,5.5);
#161=CIRCLE('',#3057,5.5);
#162=CIRCLE('',#3058,11.2883268414199);
#163=CIRCLE('',#3059,11.2883268414199);
#164=CIRCLE('',#3061,11.2883268414199);
#165=CIRCLE('',#3062,5.5);
#166=CIRCLE('',#3063,11.2883268414199);
#167=CIRCLE('',#3065,11.2883268414199);
#168=CIRCLE('',#3066,5.5);
#169=CIRCLE('',#3067,11.2883268414199);
#170=CIRCLE('',#3069,11.2883268414199);
#171=CIRCLE('',#3070,5.5);
#172=CIRCLE('',#3071,11.2883268414199);
#173=CIRCLE('',#3073,11.2883268414199);
#174=CIRCLE('',#3074,5.5);
#175=CIRCLE('',#3075,11.2883268414199);
#176=CIRCLE('',#3077,13.3245735194571);
#177=CIRCLE('',#3078,5.5);
#178=CIRCLE('',#3079,13.3245735194571);
#179=CIRCLE('',#3081,16.3267949192431);
#180=CIRCLE('',#3083,13.3245735194571);
#181=CIRCLE('',#3084,16.3267949192431);
#182=CIRCLE('',#3086,13.3245735194571);
#183=CIRCLE('',#3087,16.3267949192431);
#184=CIRCLE('',#3089,13.3245735194571);
#185=CIRCLE('',#3090,16.3267949192431);
#186=CIRCLE('',#3092,16.3267949192431);
#187=CIRCLE('',#3093,13.3245735194571);
#188=CIRCLE('',#3095,13.3245735194571);
#189=CIRCLE('',#3096,16.3267949192431);
#190=CIRCLE('',#3098,16.1535898384862);
#191=CIRCLE('',#3100,16.1535898384862);
#192=CIRCLE('',#3102,16.1535898384862);
#193=CIRCLE('',#3104,16.1535898384862);
#194=CIRCLE('',#3106,16.1535898384862);
#195=CIRCLE('',#3108,16.1535898384862);
#196=CIRCLE('',#3110,14.6);
#197=CIRCLE('',#3112,14.6);
#198=CIRCLE('',#3114,14.6);
#199=CIRCLE('',#3116,14.6);
#200=CIRCLE('',#3118,14.6);
#201=CIRCLE('',#3120,14.6);
#202=CIRCLE('',#3122,14.6);
#203=CIRCLE('',#3124,14.6);
#204=CIRCLE('',#3126,14.6);
#205=CIRCLE('',#3128,14.6);
#206=CIRCLE('',#3130,14.6);
#207=CIRCLE('',#3132,14.6);
#208=CIRCLE('',#3134,16.2702516900963);
#209=CIRCLE('',#3136,16.2702516900963);
#210=CIRCLE('',#3138,16.2702516900963);
#211=CIRCLE('',#3140,16.2702516900963);
#212=CIRCLE('',#3142,16.2702516900963);
#213=CIRCLE('',#3144,16.2702516900963);
#214=CIRCLE('',#3146,16.4683053038446);
#215=CIRCLE('',#3148,16.4683053038446);
#216=CIRCLE('',#3150,16.4683053038446);
#217=CIRCLE('',#3152,16.4683053038446);
#218=CIRCLE('',#3154,16.4683053038446);
#219=CIRCLE('',#3156,16.4683053038446);
#220=CIRCLE('',#3158,12.2785949101615);
#221=CIRCLE('',#3160,12.2785949101615);
#222=CIRCLE('',#3162,12.2785949101615);
#223=CIRCLE('',#3164,12.2785949101615);
#224=CIRCLE('',#3166,12.2785949101615);
#225=CIRCLE('',#3168,12.2785949101615);
#226=CIRCLE('',#3177,5.5);
#227=CIRCLE('',#3179,5.5);
#228=CIRCLE('',#3181,5.5);
#229=CIRCLE('',#3183,5.5);
#230=CIRCLE('',#3194,13.3245735194571);
#231=CIRCLE('',#3196,13.3245735194571);
#232=CIRCLE('',#3198,13.3245735194571);
#233=CIRCLE('',#3201,16.3267949192431);
#234=CIRCLE('',#3203,16.3267949192431);
#235=CIRCLE('',#3205,16.3267949192431);
#236=CIRCLE('',#3207,16.3267949192431);
#237=CIRCLE('',#3209,16.3267949192431);
#238=CIRCLE('',#3211,16.1535898384862);
#239=CIRCLE('',#3213,16.1535898384862);
#240=CIRCLE('',#3215,16.1535898384862);
#241=CIRCLE('',#3217,16.1535898384862);
#242=CIRCLE('',#3219,16.1535898384862);
#243=CIRCLE('',#3221,14.6);
#244=CIRCLE('',#3223,14.6);
#245=CIRCLE('',#3225,14.6);
#246=CIRCLE('',#3227,14.6);
#247=CIRCLE('',#3229,14.6);
#248=CIRCLE('',#3231,14.6);
#249=CIRCLE('',#3233,14.6);
#250=CIRCLE('',#3235,14.6);
#251=CIRCLE('',#3237,14.6);
#252=CIRCLE('',#3239,14.6);
#253=CIRCLE('',#3241,16.2702516900963);
#254=CIRCLE('',#3243,16.2702516900963);
#255=CIRCLE('',#3245,16.2702516900963);
#256=CIRCLE('',#3247,16.2702516900963);
#257=CIRCLE('',#3249,16.2702516900963);
#258=CIRCLE('',#3251,16.4683053038446);
#259=CIRCLE('',#3253,16.4683053038446);
#260=CIRCLE('',#3255,16.4683053038446);
#261=CIRCLE('',#3257,16.4683053038446);
#262=CIRCLE('',#3259,16.4683053038446);
#263=CIRCLE('',#3261,12.2785949101615);
#264=CIRCLE('',#3263,12.2785949101615);
#265=CIRCLE('',#3265,12.2785949101615);
#266=CIRCLE('',#3267,12.2785949101615);
#267=CIRCLE('',#3269,12.2785949101615);
#268=CIRCLE('',#3276,16.3267949192431);
#269=CIRCLE('',#3278,16.1535898384862);
#270=CIRCLE('',#3280,14.6);
#271=CIRCLE('',#3282,14.6);
#272=CIRCLE('',#3284,16.2702516900963);
#273=CIRCLE('',#3286,16.4683053038446);
#274=CIRCLE('',#3288,12.2785949101615);
#275=FACE_OUTER_BOUND('',#1062,.T.);
#276=FACE_OUTER_BOUND('',#1063,.T.);
#277=FACE_OUTER_BOUND('',#1064,.T.);
#278=FACE_OUTER_BOUND('',#1065,.T.);
#279=FACE_OUTER_BOUND('',#1072,.T.);
#280=FACE_OUTER_BOUND('',#1073,.T.);
#281=FACE_OUTER_BOUND('',#1074,.T.);
#282=FACE_OUTER_BOUND('',#1075,.T.);
#283=FACE_OUTER_BOUND('',#1076,.T.);
#284=FACE_OUTER_BOUND('',#1077,.T.);
#285=FACE_OUTER_BOUND('',#1078,.T.);
#286=FACE_OUTER_BOUND('',#1079,.T.);
#287=FACE_OUTER_BOUND('',#1080,.T.);
#288=FACE_OUTER_BOUND('',#1081,.T.);
#289=FACE_OUTER_BOUND('',#1082,.T.);
#290=FACE_OUTER_BOUND('',#1083,.T.);
#291=FACE_OUTER_BOUND('',#1084,.T.);
#292=FACE_OUTER_BOUND('',#1085,.T.);
#293=FACE_OUTER_BOUND('',#1086,.T.);
#294=FACE_OUTER_BOUND('',#1087,.T.);
#295=FACE_OUTER_BOUND('',#1088,.T.);
#296=FACE_OUTER_BOUND('',#1089,.T.);
#297=FACE_OUTER_BOUND('',#1090,.T.);
#298=FACE_OUTER_BOUND('',#1091,.T.);
#299=FACE_OUTER_BOUND('',#1092,.T.);
#300=FACE_OUTER_BOUND('',#1093,.T.);
#301=FACE_OUTER_BOUND('',#1094,.T.);
#302=FACE_OUTER_BOUND('',#1095,.T.);
#303=FACE_OUTER_BOUND('',#1096,.T.);
#304=FACE_OUTER_BOUND('',#1097,.T.);
#305=FACE_OUTER_BOUND('',#1098,.T.);
#306=FACE_OUTER_BOUND('',#1099,.T.);
#307=FACE_OUTER_BOUND('',#1100,.T.);
#308=FACE_OUTER_BOUND('',#1101,.T.);
#309=FACE_OUTER_BOUND('',#1102,.T.);
#310=FACE_OUTER_BOUND('',#1103,.T.);
#311=FACE_OUTER_BOUND('',#1104,.T.);
#312=FACE_OUTER_BOUND('',#1105,.T.);
#313=FACE_OUTER_BOUND('',#1106,.T.);
#314=FACE_OUTER_BOUND('',#1107,.T.);
#315=FACE_OUTER_BOUND('',#1108,.T.);
#316=FACE_OUTER_BOUND('',#1109,.T.);
#317=FACE_OUTER_BOUND('',#1110,.T.);
#318=FACE_OUTER_BOUND('',#1111,.T.);
#319=FACE_OUTER_BOUND('',#1112,.T.);
#320=FACE_OUTER_BOUND('',#1113,.T.);
#321=FACE_OUTER_BOUND('',#1114,.T.);
#322=FACE_OUTER_BOUND('',#1115,.T.);
#323=FACE_OUTER_BOUND('',#1116,.T.);
#324=FACE_OUTER_BOUND('',#1117,.T.);
#325=FACE_OUTER_BOUND('',#1118,.T.);
#326=FACE_OUTER_BOUND('',#1119,.T.);
#327=FACE_OUTER_BOUND('',#1120,.T.);
#328=FACE_OUTER_BOUND('',#1121,.T.);
#329=FACE_OUTER_BOUND('',#1122,.T.);
#330=FACE_OUTER_BOUND('',#1123,.T.);
#331=FACE_OUTER_BOUND('',#1124,.T.);
#332=FACE_OUTER_BOUND('',#1125,.T.);
#333=FACE_OUTER_BOUND('',#1126,.T.);
#334=FACE_OUTER_BOUND('',#1129,.T.);
#335=FACE_OUTER_BOUND('',#1130,.T.);
#336=FACE_OUTER_BOUND('',#1131,.T.);
#337=FACE_OUTER_BOUND('',#1132,.T.);
#338=FACE_OUTER_BOUND('',#1133,.T.);
#339=FACE_OUTER_BOUND('',#1134,.T.);
#340=FACE_OUTER_BOUND('',#1135,.T.);
#341=FACE_OUTER_BOUND('',#1136,.T.);
#342=FACE_OUTER_BOUND('',#1137,.T.);
#343=FACE_OUTER_BOUND('',#1138,.T.);
#344=FACE_OUTER_BOUND('',#1139,.T.);
#345=FACE_OUTER_BOUND('',#1140,.T.);
#346=FACE_OUTER_BOUND('',#1141,.T.);
#347=FACE_OUTER_BOUND('',#1142,.T.);
#348=FACE_OUTER_BOUND('',#1143,.T.);
#349=FACE_OUTER_BOUND('',#1144,.T.);
#350=FACE_OUTER_BOUND('',#1145,.T.);
#351=FACE_OUTER_BOUND('',#1146,.T.);
#352=FACE_OUTER_BOUND('',#1147,.T.);
#353=FACE_OUTER_BOUND('',#1148,.T.);
#354=FACE_OUTER_BOUND('',#1149,.T.);
#355=FACE_OUTER_BOUND('',#1150,.T.);
#356=FACE_OUTER_BOUND('',#1151,.T.);
#357=FACE_OUTER_BOUND('',#1152,.T.);
#358=FACE_OUTER_BOUND('',#1153,.T.);
#359=FACE_OUTER_BOUND('',#1154,.T.);
#360=FACE_OUTER_BOUND('',#1155,.T.);
#361=FACE_OUTER_BOUND('',#1156,.T.);
#362=FACE_OUTER_BOUND('',#1157,.T.);
#363=FACE_OUTER_BOUND('',#1158,.T.);
#364=FACE_OUTER_BOUND('',#1159,.T.);
#365=FACE_OUTER_BOUND('',#1160,.T.);
#366=FACE_OUTER_BOUND('',#1161,.T.);
#367=FACE_OUTER_BOUND('',#1162,.T.);
#368=FACE_OUTER_BOUND('',#1163,.T.);
#369=FACE_OUTER_BOUND('',#1164,.T.);
#370=FACE_OUTER_BOUND('',#1165,.T.);
#371=FACE_OUTER_BOUND('',#1166,.T.);
#372=FACE_OUTER_BOUND('',#1167,.T.);
#373=FACE_OUTER_BOUND('',#1168,.T.);
#374=FACE_OUTER_BOUND('',#1169,.T.);
#375=FACE_OUTER_BOUND('',#1170,.T.);
#376=FACE_OUTER_BOUND('',#1171,.T.);
#377=FACE_OUTER_BOUND('',#1172,.T.);
#378=FACE_OUTER_BOUND('',#1173,.T.);
#379=FACE_OUTER_BOUND('',#1174,.T.);
#380=FACE_OUTER_BOUND('',#1175,.T.);
#381=FACE_OUTER_BOUND('',#1176,.T.);
#382=FACE_OUTER_BOUND('',#1177,.T.);
#383=FACE_OUTER_BOUND('',#1178,.T.);
#384=FACE_OUTER_BOUND('',#1179,.T.);
#385=FACE_OUTER_BOUND('',#1180,.T.);
#386=FACE_OUTER_BOUND('',#1181,.T.);
#387=FACE_OUTER_BOUND('',#1182,.T.);
#388=FACE_OUTER_BOUND('',#1183,.T.);
#389=FACE_OUTER_BOUND('',#1184,.T.);
#390=FACE_OUTER_BOUND('',#1185,.T.);
#391=FACE_OUTER_BOUND('',#1186,.T.);
#392=FACE_OUTER_BOUND('',#1187,.T.);
#393=FACE_OUTER_BOUND('',#1188,.T.);
#394=FACE_OUTER_BOUND('',#1189,.T.);
#395=FACE_OUTER_BOUND('',#1190,.T.);
#396=FACE_OUTER_BOUND('',#1191,.T.);
#397=FACE_OUTER_BOUND('',#1192,.T.);
#398=FACE_OUTER_BOUND('',#1193,.T.);
#399=FACE_OUTER_BOUND('',#1194,.T.);
#400=FACE_OUTER_BOUND('',#1195,.T.);
#401=FACE_OUTER_BOUND('',#1196,.T.);
#402=FACE_OUTER_BOUND('',#1197,.T.);
#403=FACE_OUTER_BOUND('',#1198,.T.);
#404=FACE_OUTER_BOUND('',#1199,.T.);
#405=FACE_OUTER_BOUND('',#1200,.T.);
#406=FACE_OUTER_BOUND('',#1201,.T.);
#407=FACE_OUTER_BOUND('',#1202,.T.);
#408=FACE_OUTER_BOUND('',#1203,.T.);
#409=FACE_OUTER_BOUND('',#1204,.T.);
#410=FACE_OUTER_BOUND('',#1205,.T.);
#411=FACE_OUTER_BOUND('',#1206,.T.);
#412=FACE_OUTER_BOUND('',#1207,.T.);
#413=FACE_OUTER_BOUND('',#1208,.T.);
#414=FACE_OUTER_BOUND('',#1209,.T.);
#415=FACE_OUTER_BOUND('',#1210,.T.);
#416=FACE_OUTER_BOUND('',#1211,.T.);
#417=FACE_OUTER_BOUND('',#1212,.T.);
#418=FACE_OUTER_BOUND('',#1213,.T.);
#419=FACE_OUTER_BOUND('',#1214,.T.);
#420=FACE_OUTER_BOUND('',#1215,.T.);
#421=FACE_OUTER_BOUND('',#1216,.T.);
#422=FACE_OUTER_BOUND('',#1217,.T.);
#423=LINE('',#4151,#622);
#424=LINE('',#4153,#623);
#425=LINE('',#4155,#624);
#426=LINE('',#4157,#625);
#427=LINE('',#4166,#626);
#428=LINE('',#4168,#627);
#429=LINE('',#4171,#628);
#430=LINE('',#4173,#629);
#431=LINE('',#4175,#630);
#432=LINE('',#4183,#631);
#433=LINE('',#4185,#632);
#434=LINE('',#4187,#633);
#435=LINE('',#4189,#634);
#436=LINE('',#4198,#635);
#437=LINE('',#4206,#636);
#438=LINE('',#4208,#637);
#439=LINE('',#4210,#638);
#440=LINE('',#4212,#639);
#441=LINE('',#4221,#640);
#442=LINE('',#4223,#641);
#443=LINE('',#4228,#642);
#444=LINE('',#4230,#643);
#445=LINE('',#4232,#644);
#446=LINE('',#4236,#645);
#447=LINE('',#4240,#646);
#448=LINE('',#4245,#647);
#449=LINE('',#4247,#648);
#450=LINE('',#4249,#649);
#451=LINE('',#4253,#650);
#452=LINE('',#4257,#651);
#453=LINE('',#4262,#652);
#454=LINE('',#4266,#653);
#455=LINE('',#4268,#654);
#456=LINE('',#4270,#655);
#457=LINE('',#4277,#656);
#458=LINE('',#4281,#657);
#459=LINE('',#4285,#658);
#460=LINE('',#4287,#659);
#461=LINE('',#4289,#660);
#462=LINE('',#4294,#661);
#463=LINE('',#4298,#662);
#464=LINE('',#4302,#663);
#465=LINE('',#4304,#664);
#466=LINE('',#4306,#665);
#467=LINE('',#4311,#666);
#468=LINE('',#4315,#667);
#469=LINE('',#4319,#668);
#470=LINE('',#4321,#669);
#471=LINE('',#4323,#670);
#472=LINE('',#4328,#671);
#473=LINE('',#4332,#672);
#474=LINE('',#4336,#673);
#475=LINE('',#4338,#674);
#476=LINE('',#4340,#675);
#477=LINE('',#4342,#676);
#478=LINE('',#4345,#677);
#479=LINE('',#4347,#678);
#480=LINE('',#4351,#679);
#481=LINE('',#4355,#680);
#482=LINE('',#4749,#681);
#483=LINE('',#4751,#682);
#484=LINE('',#4755,#683);
#485=LINE('',#4757,#684);
#486=LINE('',#4761,#685);
#487=LINE('',#4763,#686);
#488=LINE('',#4767,#687);
#489=LINE('',#4769,#688);
#490=LINE('',#4773,#689);
#491=LINE('',#4777,#690);
#492=LINE('',#4779,#691);
#493=LINE('',#4781,#692);
#494=LINE('',#4785,#693);
#495=LINE('',#4787,#694);
#496=LINE('',#4791,#695);
#497=LINE('',#4793,#696);
#498=LINE('',#4797,#697);
#499=LINE('',#4799,#698);
#500=LINE('',#4803,#699);
#501=LINE('',#4805,#700);
#502=LINE('',#4809,#701);
#503=LINE('',#4813,#702);
#504=LINE('',#4815,#703);
#505=LINE('',#4817,#704);
#506=LINE('',#4821,#705);
#507=LINE('',#4823,#706);
#508=LINE('',#4827,#707);
#509=LINE('',#4829,#708);
#510=LINE('',#4833,#709);
#511=LINE('',#4835,#710);
#512=LINE('',#4839,#711);
#513=LINE('',#4841,#712);
#514=LINE('',#4845,#713);
#515=LINE('',#4849,#714);
#516=LINE('',#4851,#715);
#517=LINE('',#4853,#716);
#518=LINE('',#5400,#717);
#519=LINE('',#5404,#718);
#520=LINE('',#5408,#719);
#521=LINE('',#5412,#720);
#522=LINE('',#5416,#721);
#523=LINE('',#5420,#722);
#524=LINE('',#5424,#723);
#525=LINE('',#5428,#724);
#526=LINE('',#5432,#725);
#527=LINE('',#5433,#726);
#528=LINE('',#5437,#727);
#529=LINE('',#5438,#728);
#530=LINE('',#5439,#729);
#531=LINE('',#5443,#730);
#532=LINE('',#5444,#731);
#533=LINE('',#5448,#732);
#534=LINE('',#5449,#733);
#535=LINE('',#5453,#734);
#536=LINE('',#5454,#735);
#537=LINE('',#5458,#736);
#538=LINE('',#5459,#737);
#539=LINE('',#5463,#738);
#540=LINE('',#5464,#739);
#541=LINE('',#5468,#740);
#542=LINE('',#5471,#741);
#543=LINE('',#5474,#742);
#544=LINE('',#5478,#743);
#545=LINE('',#5479,#744);
#546=LINE('',#5480,#745);
#547=LINE('',#5482,#746);
#548=LINE('',#5485,#747);
#549=LINE('',#5489,#748);
#550=LINE('',#5490,#749);
#551=LINE('',#5491,#750);
#552=LINE('',#5493,#751);
#553=LINE('',#5496,#752);
#554=LINE('',#5500,#753);
#555=LINE('',#5501,#754);
#556=LINE('',#5502,#755);
#557=LINE('',#5504,#756);
#558=LINE('',#5507,#757);
#559=LINE('',#5508,#758);
#560=LINE('',#5509,#759);
#561=LINE('',#5510,#760);
#562=LINE('',#5821,#761);
#563=LINE('',#5825,#762);
#564=LINE('',#5827,#763);
#565=LINE('',#5831,#764);
#566=LINE('',#5833,#765);
#567=LINE('',#5837,#766);
#568=LINE('',#5839,#767);
#569=LINE('',#5843,#768);
#570=LINE('',#5845,#769);
#571=LINE('',#5849,#770);
#572=LINE('',#5851,#771);
#573=LINE('',#5855,#772);
#574=LINE('',#5857,#773);
#575=LINE('',#5861,#774);
#576=LINE('',#5863,#775);
#577=LINE('',#5867,#776);
#578=LINE('',#5869,#777);
#579=LINE('',#5873,#778);
#580=LINE('',#5875,#779);
#581=LINE('',#5879,#780);
#582=LINE('',#5881,#781);
#583=LINE('',#5885,#782);
#584=LINE('',#5887,#783);
#585=LINE('',#5891,#784);
#586=LINE('',#5893,#785);
#587=LINE('',#5897,#786);
#588=LINE('',#5899,#787);
#589=LINE('',#5903,#788);
#590=LINE('',#5905,#789);
#591=LINE('',#5909,#790);
#592=LINE('',#6424,#791);
#593=LINE('',#6428,#792);
#594=LINE('',#6430,#793);
#595=LINE('',#6434,#794);
#596=LINE('',#6436,#795);
#597=LINE('',#6440,#796);
#598=LINE('',#6532,#797);
#599=LINE('',#6533,#798);
#600=LINE('',#6537,#799);
#601=LINE('',#6538,#800);
#602=LINE('',#6542,#801);
#603=LINE('',#6544,#802);
#604=LINE('',#6547,#803);
#605=LINE('',#6549,#804);
#606=LINE('',#6552,#805);
#607=LINE('',#6554,#806);
#608=LINE('',#6557,#807);
#609=LINE('',#6559,#808);
#610=LINE('',#6562,#809);
#611=LINE('',#6563,#810);
#612=LINE('',#6567,#811);
#613=LINE('',#6569,#812);
#614=LINE('',#6572,#813);
#615=LINE('',#6574,#814);
#616=LINE('',#6577,#815);
#617=LINE('',#6579,#816);
#618=LINE('',#6582,#817);
#619=LINE('',#6584,#818);
#620=LINE('',#6587,#819);
#621=LINE('',#6588,#820);
#622=VECTOR('',#3331,1.);
#623=VECTOR('',#3332,1.);
#624=VECTOR('',#3333,1.);
#625=VECTOR('',#3334,1.);
#626=VECTOR('',#3335,1.);
#627=VECTOR('',#3338,1.);
#628=VECTOR('',#3339,1.);
#629=VECTOR('',#3340,1.);
#630=VECTOR('',#3341,1.);
#631=VECTOR('',#3344,1.);
#632=VECTOR('',#3345,1.);
#633=VECTOR('',#3346,1.);
#634=VECTOR('',#3347,1.);
#635=VECTOR('',#3348,1.);
#636=VECTOR('',#3351,1.);
#637=VECTOR('',#3352,1.);
#638=VECTOR('',#3353,1.);
#639=VECTOR('',#3354,1.);
#640=VECTOR('',#3355,1.);
#641=VECTOR('',#3358,1.);
#642=VECTOR('',#3361,1.);
#643=VECTOR('',#3362,1.);
#644=VECTOR('',#3363,1.);
#645=VECTOR('',#3366,1.);
#646=VECTOR('',#3371,1.);
#647=VECTOR('',#3374,1.);
#648=VECTOR('',#3375,1.);
#649=VECTOR('',#3376,1.);
#650=VECTOR('',#3379,1.);
#651=VECTOR('',#3384,1.);
#652=VECTOR('',#3387,1.);
#653=VECTOR('',#3390,1.);
#654=VECTOR('',#3391,1.);
#655=VECTOR('',#3392,1.);
#656=VECTOR('',#3399,1.);
#657=VECTOR('',#3402,1.);
#658=VECTOR('',#3405,1.);
#659=VECTOR('',#3406,1.);
#660=VECTOR('',#3407,1.);
#661=VECTOR('',#3412,1.);
#662=VECTOR('',#3415,1.);
#663=VECTOR('',#3418,1.);
#664=VECTOR('',#3419,1.);
#665=VECTOR('',#3420,1.);
#666=VECTOR('',#3425,1.);
#667=VECTOR('',#3428,1.);
#668=VECTOR('',#3431,1.);
#669=VECTOR('',#3432,1.);
#670=VECTOR('',#3433,1.);
#671=VECTOR('',#3438,1.);
#672=VECTOR('',#3441,1.);
#673=VECTOR('',#3444,1.);
#674=VECTOR('',#3445,1.);
#675=VECTOR('',#3446,1.);
#676=VECTOR('',#3449,1.);
#677=VECTOR('',#3450,1.);
#678=VECTOR('',#3451,1.);
#679=VECTOR('',#3454,1.);
#680=VECTOR('',#3457,1.);
#681=VECTOR('',#3520,1.);
#682=VECTOR('',#3521,1.);
#683=VECTOR('',#3526,1.);
#684=VECTOR('',#3527,1.);
#685=VECTOR('',#3532,1.);
#686=VECTOR('',#3533,1.);
#687=VECTOR('',#3538,1.);
#688=VECTOR('',#3539,1.);
#689=VECTOR('',#3544,1.);
#690=VECTOR('',#3547,1.);
#691=VECTOR('',#3550,1.);
#692=VECTOR('',#3551,1.);
#693=VECTOR('',#3556,1.);
#694=VECTOR('',#3557,1.);
#695=VECTOR('',#3562,1.);
#696=VECTOR('',#3563,1.);
#697=VECTOR('',#3568,1.);
#698=VECTOR('',#3569,1.);
#699=VECTOR('',#3574,1.);
#700=VECTOR('',#3575,1.);
#701=VECTOR('',#3580,1.);
#702=VECTOR('',#3583,1.);
#703=VECTOR('',#3586,1.);
#704=VECTOR('',#3587,1.);
#705=VECTOR('',#3592,1.);
#706=VECTOR('',#3593,1.);
#707=VECTOR('',#3598,1.);
#708=VECTOR('',#3599,1.);
#709=VECTOR('',#3604,1.);
#710=VECTOR('',#3605,1.);
#711=VECTOR('',#3610,1.);
#712=VECTOR('',#3611,1.);
#713=VECTOR('',#3616,1.);
#714=VECTOR('',#3619,1.);
#715=VECTOR('',#3622,1.);
#716=VECTOR('',#3623,1.);
#717=VECTOR('',#3690,1.);
#718=VECTOR('',#3693,1.);
#719=VECTOR('',#3696,1.);
#720=VECTOR('',#3699,1.);
#721=VECTOR('',#3702,1.);
#722=VECTOR('',#3705,1.);
#723=VECTOR('',#3708,1.);
#724=VECTOR('',#3711,1.);
#725=VECTOR('',#3714,1.);
#726=VECTOR('',#3715,1.);
#727=VECTOR('',#3718,1.);
#728=VECTOR('',#3719,1.);
#729=VECTOR('',#3720,1.);
#730=VECTOR('',#3723,1.);
#731=VECTOR('',#3724,1.);
#732=VECTOR('',#3727,1.);
#733=VECTOR('',#3728,1.);
#734=VECTOR('',#3731,1.);
#735=VECTOR('',#3732,1.);
#736=VECTOR('',#3735,1.);
#737=VECTOR('',#3736,1.);
#738=VECTOR('',#3739,1.);
#739=VECTOR('',#3740,1.);
#740=VECTOR('',#3743,1.);
#741=VECTOR('',#3748,1.);
#742=VECTOR('',#3749,1.);
#743=VECTOR('',#3752,1.);
#744=VECTOR('',#3753,1.);
#745=VECTOR('',#3754,1.);
#746=VECTOR('',#3757,1.);
#747=VECTOR('',#3758,1.);
#748=VECTOR('',#3761,1.);
#749=VECTOR('',#3762,1.);
#750=VECTOR('',#3763,1.);
#751=VECTOR('',#3766,1.);
#752=VECTOR('',#3767,1.);
#753=VECTOR('',#3770,1.);
#754=VECTOR('',#3771,1.);
#755=VECTOR('',#3772,1.);
#756=VECTOR('',#3775,1.);
#757=VECTOR('',#3776,1.);
#758=VECTOR('',#3777,1.);
#759=VECTOR('',#3778,1.);
#760=VECTOR('',#3779,1.);
#761=VECTOR('',#3822,1.);
#762=VECTOR('',#3825,1.);
#763=VECTOR('',#3828,1.);
#764=VECTOR('',#3831,1.);
#765=VECTOR('',#3834,1.);
#766=VECTOR('',#3837,1.);
#767=VECTOR('',#3840,1.);
#768=VECTOR('',#3843,1.);
#769=VECTOR('',#3846,1.);
#770=VECTOR('',#3849,1.);
#771=VECTOR('',#3852,1.);
#772=VECTOR('',#3855,1.);
#773=VECTOR('',#3858,1.);
#774=VECTOR('',#3861,1.);
#775=VECTOR('',#3864,1.);
#776=VECTOR('',#3867,1.);
#777=VECTOR('',#3870,1.);
#778=VECTOR('',#3873,1.);
#779=VECTOR('',#3876,1.);
#780=VECTOR('',#3879,1.);
#781=VECTOR('',#3882,1.);
#782=VECTOR('',#3885,1.);
#783=VECTOR('',#3888,1.);
#784=VECTOR('',#3891,1.);
#785=VECTOR('',#3894,1.);
#786=VECTOR('',#3897,1.);
#787=VECTOR('',#3900,1.);
#788=VECTOR('',#3903,1.);
#789=VECTOR('',#3906,1.);
#790=VECTOR('',#3909,1.);
#791=VECTOR('',#3970,1.);
#792=VECTOR('',#3973,1.);
#793=VECTOR('',#3976,1.);
#794=VECTOR('',#3979,1.);
#795=VECTOR('',#3982,1.);
#796=VECTOR('',#3985,1.);
#797=VECTOR('',#3998,1.);
#798=VECTOR('',#3999,1.);
#799=VECTOR('',#4006,1.);
#800=VECTOR('',#4007,1.);
#801=VECTOR('',#4014,1.);
#802=VECTOR('',#4017,1.);
#803=VECTOR('',#4022,1.);
#804=VECTOR('',#4025,1.);
#805=VECTOR('',#4030,1.);
#806=VECTOR('',#4033,1.);
#807=VECTOR('',#4038,1.);
#808=VECTOR('',#4041,1.);
#809=VECTOR('',#4046,1.);
#810=VECTOR('',#4047,1.);
#811=VECTOR('',#4054,1.);
#812=VECTOR('',#4057,1.);
#813=VECTOR('',#4062,1.);
#814=VECTOR('',#4065,1.);
#815=VECTOR('',#4070,1.);
#816=VECTOR('',#4073,1.);
#817=VECTOR('',#4078,1.);
#818=VECTOR('',#4081,1.);
#819=VECTOR('',#4086,1.);
#820=VECTOR('',#4087,1.);
#821=ADVANCED_FACE('',(#1050,#1051),#972,.F.);
#822=ADVANCED_FACE('',(#275),#973,.F.);
#823=ADVANCED_FACE('',(#276),#974,.F.);
#824=ADVANCED_FACE('',(#277),#975,.F.);
#825=ADVANCED_FACE('',(#278),#976,.F.);
#826=ADVANCED_FACE('',(#1052,#1053,#1054,#1055,#1056,#1057),#977,.F.);
#827=ADVANCED_FACE('',(#279),#978,.F.);
#828=ADVANCED_FACE('',(#280),#979,.F.);
#829=ADVANCED_FACE('',(#281),#980,.F.);
#830=ADVANCED_FACE('',(#282),#981,.F.);
#831=ADVANCED_FACE('',(#283),#982,.F.);
#832=ADVANCED_FACE('',(#284),#983,.F.);
#833=ADVANCED_FACE('',(#285),#984,.F.);
#834=ADVANCED_FACE('',(#286),#131,.T.);
#835=ADVANCED_FACE('',(#287),#132,.T.);
#836=ADVANCED_FACE('',(#288),#133,.T.);
#837=ADVANCED_FACE('',(#289),#134,.T.);
#838=ADVANCED_FACE('',(#290),#135,.T.);
#839=ADVANCED_FACE('',(#291),#136,.T.);
#840=ADVANCED_FACE('',(#292),#95,.T.);
#841=ADVANCED_FACE('',(#293),#96,.T.);
#842=ADVANCED_FACE('',(#294),#97,.T.);
#843=ADVANCED_FACE('',(#295),#98,.T.);
#844=ADVANCED_FACE('',(#296),#99,.T.);
#845=ADVANCED_FACE('',(#297),#100,.T.);
#846=ADVANCED_FACE('',(#298),#985,.F.);
#847=ADVANCED_FACE('',(#299),#986,.F.);
#848=ADVANCED_FACE('',(#300),#987,.F.);
#849=ADVANCED_FACE('',(#301),#988,.F.);
#850=ADVANCED_FACE('',(#302),#989,.F.);
#851=ADVANCED_FACE('',(#303),#990,.F.);
#852=ADVANCED_FACE('',(#304),#82,.T.);
#853=ADVANCED_FACE('',(#305),#83,.T.);
#854=ADVANCED_FACE('',(#306),#84,.T.);
#855=ADVANCED_FACE('',(#307),#85,.T.);
#856=ADVANCED_FACE('',(#308),#86,.T.);
#857=ADVANCED_FACE('',(#309),#87,.T.);
#858=ADVANCED_FACE('',(#310),#991,.F.);
#859=ADVANCED_FACE('',(#311),#992,.F.);
#860=ADVANCED_FACE('',(#312),#993,.F.);
#861=ADVANCED_FACE('',(#313),#994,.F.);
#862=ADVANCED_FACE('',(#314),#995,.F.);
#863=ADVANCED_FACE('',(#315),#996,.F.);
#864=ADVANCED_FACE('',(#316),#101,.T.);
#865=ADVANCED_FACE('',(#317),#102,.T.);
#866=ADVANCED_FACE('',(#318),#103,.T.);
#867=ADVANCED_FACE('',(#319),#104,.T.);
#868=ADVANCED_FACE('',(#320),#105,.T.);
#869=ADVANCED_FACE('',(#321),#106,.T.);
#870=ADVANCED_FACE('',(#322),#137,.T.);
#871=ADVANCED_FACE('',(#323),#138,.T.);
#872=ADVANCED_FACE('',(#324),#139,.T.);
#873=ADVANCED_FACE('',(#325),#140,.T.);
#874=ADVANCED_FACE('',(#326),#141,.T.);
#875=ADVANCED_FACE('',(#327),#142,.T.);
#876=ADVANCED_FACE('',(#328),#107,.T.);
#877=ADVANCED_FACE('',(#329),#108,.T.);
#878=ADVANCED_FACE('',(#330),#109,.T.);
#879=ADVANCED_FACE('',(#331),#110,.T.);
#880=ADVANCED_FACE('',(#332),#111,.T.);
#881=ADVANCED_FACE('',(#333),#112,.T.);
#882=ADVANCED_FACE('',(#1058,#1059),#88,.F.);
#883=ADVANCED_FACE('',(#334),#997,.F.);
#884=ADVANCED_FACE('',(#335),#998,.F.);
#885=ADVANCED_FACE('',(#336),#999,.F.);
#886=ADVANCED_FACE('',(#337),#1000,.F.);
#887=ADVANCED_FACE('',(#338),#1001,.F.);
#888=ADVANCED_FACE('',(#339),#143,.T.);
#889=ADVANCED_FACE('',(#340),#144,.T.);
#890=ADVANCED_FACE('',(#341),#145,.T.);
#891=ADVANCED_FACE('',(#342),#146,.T.);
#892=ADVANCED_FACE('',(#343),#147,.T.);
#893=ADVANCED_FACE('',(#344),#113,.T.);
#894=ADVANCED_FACE('',(#345),#114,.T.);
#895=ADVANCED_FACE('',(#346),#115,.T.);
#896=ADVANCED_FACE('',(#347),#116,.T.);
#897=ADVANCED_FACE('',(#348),#117,.T.);
#898=ADVANCED_FACE('',(#349),#1002,.F.);
#899=ADVANCED_FACE('',(#350),#1003,.F.);
#900=ADVANCED_FACE('',(#351),#1004,.F.);
#901=ADVANCED_FACE('',(#352),#1005,.F.);
#902=ADVANCED_FACE('',(#353),#1006,.F.);
#903=ADVANCED_FACE('',(#354),#89,.T.);
#904=ADVANCED_FACE('',(#355),#90,.T.);
#905=ADVANCED_FACE('',(#356),#91,.T.);
#906=ADVANCED_FACE('',(#357),#92,.T.);
#907=ADVANCED_FACE('',(#358),#93,.T.);
#908=ADVANCED_FACE('',(#359),#1007,.F.);
#909=ADVANCED_FACE('',(#360),#1008,.F.);
#910=ADVANCED_FACE('',(#361),#1009,.F.);
#911=ADVANCED_FACE('',(#362),#1010,.F.);
#912=ADVANCED_FACE('',(#363),#1011,.F.);
#913=ADVANCED_FACE('',(#364),#118,.T.);
#914=ADVANCED_FACE('',(#365),#119,.T.);
#915=ADVANCED_FACE('',(#366),#120,.T.);
#916=ADVANCED_FACE('',(#367),#121,.T.);
#917=ADVANCED_FACE('',(#368),#122,.T.);
#918=ADVANCED_FACE('',(#369),#148,.T.);
#919=ADVANCED_FACE('',(#370),#149,.T.);
#920=ADVANCED_FACE('',(#371),#150,.T.);
#921=ADVANCED_FACE('',(#372),#151,.T.);
#922=ADVANCED_FACE('',(#373),#152,.T.);
#923=ADVANCED_FACE('',(#374),#123,.T.);
#924=ADVANCED_FACE('',(#375),#124,.T.);
#925=ADVANCED_FACE('',(#376),#125,.T.);
#926=ADVANCED_FACE('',(#377),#126,.T.);
#927=ADVANCED_FACE('',(#378),#127,.T.);
#928=ADVANCED_FACE('',(#379),#153,.T.);
#929=ADVANCED_FACE('',(#380),#128,.T.);
#930=ADVANCED_FACE('',(#381),#1012,.F.);
#931=ADVANCED_FACE('',(#382),#94,.T.);
#932=ADVANCED_FACE('',(#383),#1013,.F.);
#933=ADVANCED_FACE('',(#384),#129,.T.);
#934=ADVANCED_FACE('',(#385),#154,.T.);
#935=ADVANCED_FACE('',(#386),#130,.T.);
#936=ADVANCED_FACE('',(#387),#1014,.T.);
#937=ADVANCED_FACE('',(#388),#1015,.F.);
#938=ADVANCED_FACE('',(#389),#1016,.T.);
#939=ADVANCED_FACE('',(#390),#1017,.T.);
#940=ADVANCED_FACE('',(#391),#1018,.F.);
#941=ADVANCED_FACE('',(#392),#1019,.T.);
#942=ADVANCED_FACE('',(#393),#1020,.T.);
#943=ADVANCED_FACE('',(#394),#1021,.T.);
#944=ADVANCED_FACE('',(#395),#1022,.T.);
#945=ADVANCED_FACE('',(#396),#1023,.T.);
#946=ADVANCED_FACE('',(#397),#1024,.F.);
#947=ADVANCED_FACE('',(#398),#1025,.T.);
#948=ADVANCED_FACE('',(#399),#1026,.T.);
#949=ADVANCED_FACE('',(#400),#1027,.F.);
#950=ADVANCED_FACE('',(#401),#1028,.T.);
#951=ADVANCED_FACE('',(#402),#1029,.T.);
#952=ADVANCED_FACE('',(#403),#1030,.F.);
#953=ADVANCED_FACE('',(#404),#1031,.T.);
#954=ADVANCED_FACE('',(#405),#1032,.T.);
#955=ADVANCED_FACE('',(#406),#1033,.F.);
#956=ADVANCED_FACE('',(#407),#1034,.T.);
#957=ADVANCED_FACE('',(#408),#1035,.T.);
#958=ADVANCED_FACE('',(#409),#1036,.T.);
#959=ADVANCED_FACE('',(#410),#1037,.T.);
#960=ADVANCED_FACE('',(#411),#1038,.F.);
#961=ADVANCED_FACE('',(#412),#1039,.T.);
#962=ADVANCED_FACE('',(#413),#1040,.T.);
#963=ADVANCED_FACE('',(#414),#1041,.F.);
#964=ADVANCED_FACE('',(#415),#1042,.T.);
#965=ADVANCED_FACE('',(#416),#1043,.T.);
#966=ADVANCED_FACE('',(#417),#1044,.F.);
#967=ADVANCED_FACE('',(#418),#1045,.T.);
#968=ADVANCED_FACE('',(#419),#1046,.T.);
#969=ADVANCED_FACE('',(#420),#1047,.T.);
#970=ADVANCED_FACE('',(#421),#1048,.F.);
#971=ADVANCED_FACE('',(#422),#1049,.T.);
#972=PLANE('',#3044);
#973=PLANE('',#3045);
#974=PLANE('',#3046);
#975=PLANE('',#3047);
#976=PLANE('',#3048);
#977=PLANE('',#3052);
#978=PLANE('',#3056);
#979=PLANE('',#3060);
#980=PLANE('',#3064);
#981=PLANE('',#3068);
#982=PLANE('',#3072);
#983=PLANE('',#3076);
#984=PLANE('',#3080);
#985=PLANE('',#3111);
#986=PLANE('',#3113);
#987=PLANE('',#3115);
#988=PLANE('',#3117);
#989=PLANE('',#3119);
#990=PLANE('',#3121);
#991=PLANE('',#3135);
#992=PLANE('',#3137);
#993=PLANE('',#3139);
#994=PLANE('',#3141);
#995=PLANE('',#3143);
#996=PLANE('',#3145);
#997=PLANE('',#3193);
#998=PLANE('',#3195);
#999=PLANE('',#3197);
#1000=PLANE('',#3199);
#1001=PLANE('',#3200);
#1002=PLANE('',#3222);
#1003=PLANE('',#3224);
#1004=PLANE('',#3226);
#1005=PLANE('',#3228);
#1006=PLANE('',#3230);
#1007=PLANE('',#3242);
#1008=PLANE('',#3244);
#1009=PLANE('',#3246);
#1010=PLANE('',#3248);
#1011=PLANE('',#3250);
#1012=PLANE('',#3281);
#1013=PLANE('',#3285);
#1014=PLANE('',#3291);
#1015=PLANE('',#3292);
#1016=PLANE('',#3293);
#1017=PLANE('',#3294);
#1018=PLANE('',#3295);
#1019=PLANE('',#3296);
#1020=PLANE('',#3297);
#1021=PLANE('',#3298);
#1022=PLANE('',#3299);
#1023=PLANE('',#3300);
#1024=PLANE('',#3301);
#1025=PLANE('',#3302);
#1026=PLANE('',#3303);
#1027=PLANE('',#3304);
#1028=PLANE('',#3305);
#1029=PLANE('',#3306);
#1030=PLANE('',#3307);
#1031=PLANE('',#3308);
#1032=PLANE('',#3309);
#1033=PLANE('',#3310);
#1034=PLANE('',#3311);
#1035=PLANE('',#3312);
#1036=PLANE('',#3313);
#1037=PLANE('',#3314);
#1038=PLANE('',#3315);
#1039=PLANE('',#3316);
#1040=PLANE('',#3317);
#1041=PLANE('',#3318);
#1042=PLANE('',#3319);
#1043=PLANE('',#3320);
#1044=PLANE('',#3321);
#1045=PLANE('',#3322);
#1046=PLANE('',#3323);
#1047=PLANE('',#3324);
#1048=PLANE('',#3325);
#1049=PLANE('',#3326);
#1050=FACE_BOUND('',#1060,.T.);
#1051=FACE_BOUND('',#1061,.T.);
#1052=FACE_BOUND('',#1066,.T.);
#1053=FACE_BOUND('',#1067,.T.);
#1054=FACE_BOUND('',#1068,.T.);
#1055=FACE_BOUND('',#1069,.T.);
#1056=FACE_BOUND('',#1070,.T.);
#1057=FACE_BOUND('',#1071,.T.);
#1058=FACE_BOUND('',#1127,.T.);
#1059=FACE_BOUND('',#1128,.T.);
#1060=EDGE_LOOP('',(#1218));
#1061=EDGE_LOOP('',(#1219,#1220));
#1062=EDGE_LOOP('',(#1221,#1222,#1223,#1224,#1225,#1226,#1227));
#1063=EDGE_LOOP('',(#1228,#1229,#1230,#1231));
#1064=EDGE_LOOP('',(#1232,#1233,#1234,#1235,#1236,#1237,#1238));
#1065=EDGE_LOOP('',(#1239,#1240,#1241,#1242,#1243,#1244,#1245));
#1066=EDGE_LOOP('',(#1246,#1247));
#1067=EDGE_LOOP('',(#1248,#1249,#1250,#1251,#1252,#1253,#1254));
#1068=EDGE_LOOP('',(#1255,#1256,#1257,#1258));
#1069=EDGE_LOOP('',(#1259,#1260,#1261,#1262,#1263,#1264,#1265));
#1070=EDGE_LOOP('',(#1266,#1267,#1268,#1269,#1270,#1271,#1272));
#1071=EDGE_LOOP('',(#1273,#1274,#1275,#1276,#1277,#1278,#1279,#1280));
#1072=EDGE_LOOP('',(#1281,#1282,#1283,#1284,#1285,#1286,#1287,#1288));
#1073=EDGE_LOOP('',(#1289,#1290,#1291,#1292,#1293,#1294,#1295,#1296));
#1074=EDGE_LOOP('',(#1297,#1298,#1299,#1300,#1301,#1302,#1303,#1304));
#1075=EDGE_LOOP('',(#1305,#1306,#1307,#1308,#1309,#1310,#1311,#1312));
#1076=EDGE_LOOP('',(#1313,#1314,#1315,#1316,#1317,#1318,#1319,#1320));
#1077=EDGE_LOOP('',(#1321,#1322,#1323,#1324,#1325,#1326,#1327,#1328));
#1078=EDGE_LOOP('',(#1329,#1330,#1331,#1332,#1333,#1334,#1335,#1336));
#1079=EDGE_LOOP('',(#1337,#1338,#1339,#1340));
#1080=EDGE_LOOP('',(#1341,#1342,#1343,#1344));
#1081=EDGE_LOOP('',(#1345,#1346,#1347,#1348));
#1082=EDGE_LOOP('',(#1349,#1350,#1351,#1352));
#1083=EDGE_LOOP('',(#1353,#1354,#1355,#1356));
#1084=EDGE_LOOP('',(#1357,#1358,#1359,#1360));
#1085=EDGE_LOOP('',(#1361,#1362,#1363,#1364));
#1086=EDGE_LOOP('',(#1365,#1366,#1367,#1368));
#1087=EDGE_LOOP('',(#1369,#1370,#1371,#1372));
#1088=EDGE_LOOP('',(#1373,#1374,#1375,#1376));
#1089=EDGE_LOOP('',(#1377,#1378,#1379,#1380));
#1090=EDGE_LOOP('',(#1381,#1382,#1383,#1384));
#1091=EDGE_LOOP('',(#1385,#1386,#1387,#1388));
#1092=EDGE_LOOP('',(#1389,#1390,#1391,#1392));
#1093=EDGE_LOOP('',(#1393,#1394,#1395,#1396));
#1094=EDGE_LOOP('',(#1397,#1398,#1399,#1400));
#1095=EDGE_LOOP('',(#1401,#1402,#1403,#1404));
#1096=EDGE_LOOP('',(#1405,#1406,#1407,#1408));
#1097=EDGE_LOOP('',(#1409,#1410,#1411,#1412));
#1098=EDGE_LOOP('',(#1413,#1414,#1415,#1416));
#1099=EDGE_LOOP('',(#1417,#1418,#1419,#1420));
#1100=EDGE_LOOP('',(#1421,#1422,#1423,#1424));
#1101=EDGE_LOOP('',(#1425,#1426,#1427,#1428));
#1102=EDGE_LOOP('',(#1429,#1430,#1431,#1432));
#1103=EDGE_LOOP('',(#1433,#1434,#1435,#1436));
#1104=EDGE_LOOP('',(#1437,#1438,#1439,#1440));
#1105=EDGE_LOOP('',(#1441,#1442,#1443,#1444));
#1106=EDGE_LOOP('',(#1445,#1446,#1447,#1448));
#1107=EDGE_LOOP('',(#1449,#1450,#1451,#1452));
#1108=EDGE_LOOP('',(#1453,#1454,#1455,#1456));
#1109=EDGE_LOOP('',(#1457,#1458,#1459,#1460));
#1110=EDGE_LOOP('',(#1461,#1462,#1463,#1464));
#1111=EDGE_LOOP('',(#1465,#1466,#1467,#1468));
#1112=EDGE_LOOP('',(#1469,#1470,#1471,#1472));
#1113=EDGE_LOOP('',(#1473,#1474,#1475,#1476));
#1114=EDGE_LOOP('',(#1477,#1478,#1479,#1480));
#1115=EDGE_LOOP('',(#1481,#1482,#1483,#1484));
#1116=EDGE_LOOP('',(#1485,#1486,#1487,#1488));
#1117=EDGE_LOOP('',(#1489,#1490,#1491,#1492));
#1118=EDGE_LOOP('',(#1493,#1494,#1495,#1496));
#1119=EDGE_LOOP('',(#1497,#1498,#1499,#1500));
#1120=EDGE_LOOP('',(#1501,#1502,#1503,#1504));
#1121=EDGE_LOOP('',(#1505,#1506,#1507,#1508));
#1122=EDGE_LOOP('',(#1509,#1510,#1511,#1512));
#1123=EDGE_LOOP('',(#1513,#1514,#1515,#1516));
#1124=EDGE_LOOP('',(#1517,#1518,#1519,#1520));
#1125=EDGE_LOOP('',(#1521,#1522,#1523,#1524));
#1126=EDGE_LOOP('',(#1525,#1526,#1527,#1528));
#1127=EDGE_LOOP('',(#1529,#1530,#1531,#1532,#1533,#1534,#1535,#1536,#1537,
#1538,#1539,#1540,#1541,#1542,#1543,#1544,#1545,#1546,#1547,#1548,#1549,
#1550,#1551,#1552));
#1128=EDGE_LOOP('',(#1553,#1554,#1555,#1556,#1557,#1558,#1559,#1560,#1561,
#1562,#1563,#1564,#1565,#1566,#1567,#1568,#1569,#1570,#1571,#1572,#1573,
#1574,#1575,#1576));
#1129=EDGE_LOOP('',(#1577));
#1130=EDGE_LOOP('',(#1578,#1579,#1580,#1581,#1582,#1583,#1584,#1585));
#1131=EDGE_LOOP('',(#1586,#1587,#1588,#1589,#1590,#1591,#1592,#1593));
#1132=EDGE_LOOP('',(#1594,#1595,#1596,#1597,#1598,#1599,#1600,#1601));
#1133=EDGE_LOOP('',(#1602,#1603,#1604,#1605,#1606,#1607,#1608,#1609));
#1134=EDGE_LOOP('',(#1610,#1611,#1612,#1613));
#1135=EDGE_LOOP('',(#1614,#1615,#1616,#1617));
#1136=EDGE_LOOP('',(#1618,#1619,#1620,#1621));
#1137=EDGE_LOOP('',(#1622,#1623,#1624,#1625));
#1138=EDGE_LOOP('',(#1626,#1627,#1628,#1629));
#1139=EDGE_LOOP('',(#1630,#1631,#1632,#1633));
#1140=EDGE_LOOP('',(#1634,#1635,#1636,#1637));
#1141=EDGE_LOOP('',(#1638,#1639,#1640,#1641));
#1142=EDGE_LOOP('',(#1642,#1643,#1644,#1645));
#1143=EDGE_LOOP('',(#1646,#1647,#1648,#1649));
#1144=EDGE_LOOP('',(#1650,#1651,#1652,#1653));
#1145=EDGE_LOOP('',(#1654,#1655,#1656,#1657));
#1146=EDGE_LOOP('',(#1658,#1659,#1660,#1661));
#1147=EDGE_LOOP('',(#1662,#1663,#1664,#1665));
#1148=EDGE_LOOP('',(#1666,#1667,#1668,#1669));
#1149=EDGE_LOOP('',(#1670,#1671,#1672,#1673));
#1150=EDGE_LOOP('',(#1674,#1675,#1676,#1677));
#1151=EDGE_LOOP('',(#1678,#1679,#1680,#1681));
#1152=EDGE_LOOP('',(#1682,#1683,#1684,#1685));
#1153=EDGE_LOOP('',(#1686,#1687,#1688,#1689));
#1154=EDGE_LOOP('',(#1690,#1691,#1692,#1693));
#1155=EDGE_LOOP('',(#1694,#1695,#1696,#1697));
#1156=EDGE_LOOP('',(#1698,#1699,#1700,#1701));
#1157=EDGE_LOOP('',(#1702,#1703,#1704,#1705));
#1158=EDGE_LOOP('',(#1706,#1707,#1708,#1709));
#1159=EDGE_LOOP('',(#1710,#1711,#1712,#1713));
#1160=EDGE_LOOP('',(#1714,#1715,#1716,#1717));
#1161=EDGE_LOOP('',(#1718,#1719,#1720,#1721));
#1162=EDGE_LOOP('',(#1722,#1723,#1724,#1725));
#1163=EDGE_LOOP('',(#1726,#1727,#1728,#1729));
#1164=EDGE_LOOP('',(#1730,#1731,#1732,#1733));
#1165=EDGE_LOOP('',(#1734,#1735,#1736,#1737));
#1166=EDGE_LOOP('',(#1738,#1739,#1740,#1741));
#1167=EDGE_LOOP('',(#1742,#1743,#1744,#1745));
#1168=EDGE_LOOP('',(#1746,#1747,#1748,#1749));
#1169=EDGE_LOOP('',(#1750,#1751,#1752,#1753));
#1170=EDGE_LOOP('',(#1754,#1755,#1756,#1757));
#1171=EDGE_LOOP('',(#1758,#1759,#1760,#1761));
#1172=EDGE_LOOP('',(#1762,#1763,#1764,#1765));
#1173=EDGE_LOOP('',(#1766,#1767,#1768,#1769));
#1174=EDGE_LOOP('',(#1770,#1771,#1772,#1773));
#1175=EDGE_LOOP('',(#1774,#1775,#1776,#1777));
#1176=EDGE_LOOP('',(#1778,#1779,#1780,#1781));
#1177=EDGE_LOOP('',(#1782,#1783,#1784,#1785));
#1178=EDGE_LOOP('',(#1786,#1787,#1788,#1789));
#1179=EDGE_LOOP('',(#1790,#1791,#1792,#1793));
#1180=EDGE_LOOP('',(#1794,#1795,#1796,#1797));
#1181=EDGE_LOOP('',(#1798,#1799,#1800,#1801));
#1182=EDGE_LOOP('',(#1802,#1803,#1804,#1805));
#1183=EDGE_LOOP('',(#1806,#1807,#1808,#1809,#1810,#1811,#1812,#1813,#1814,
#1815,#1816,#1817));
#1184=EDGE_LOOP('',(#1818,#1819,#1820,#1821,#1822,#1823,#1824,#1825,#1826,
#1827,#1828,#1829));
#1185=EDGE_LOOP('',(#1830,#1831,#1832,#1833));
#1186=EDGE_LOOP('',(#1834,#1835,#1836,#1837,#1838,#1839,#1840,#1841,#1842,
#1843,#1844,#1845));
#1187=EDGE_LOOP('',(#1846,#1847,#1848,#1849,#1850,#1851,#1852,#1853,#1854,
#1855,#1856,#1857));
#1188=EDGE_LOOP('',(#1858,#1859,#1860,#1861,#1862,#1863,#1864,#1865,#1866,
#1867,#1868,#1869));
#1189=EDGE_LOOP('',(#1870,#1871,#1872,#1873));
#1190=EDGE_LOOP('',(#1874,#1875,#1876,#1877,#1878,#1879,#1880,#1881,#1882,
#1883,#1884,#1885));
#1191=EDGE_LOOP('',(#1886,#1887,#1888,#1889,#1890,#1891,#1892,#1893,#1894,
#1895,#1896,#1897));
#1192=EDGE_LOOP('',(#1898,#1899,#1900,#1901,#1902,#1903,#1904,#1905,#1906,
#1907,#1908,#1909));
#1193=EDGE_LOOP('',(#1910,#1911,#1912,#1913));
#1194=EDGE_LOOP('',(#1914,#1915,#1916,#1917,#1918,#1919,#1920,#1921,#1922,
#1923,#1924,#1925));
#1195=EDGE_LOOP('',(#1926,#1927,#1928,#1929,#1930,#1931,#1932,#1933,#1934,
#1935,#1936,#1937));
#1196=EDGE_LOOP('',(#1938,#1939,#1940,#1941));
#1197=EDGE_LOOP('',(#1942,#1943,#1944,#1945,#1946,#1947,#1948,#1949,#1950,
#1951,#1952,#1953));
#1198=EDGE_LOOP('',(#1954,#1955,#1956,#1957,#1958,#1959,#1960,#1961,#1962,
#1963,#1964,#1965));
#1199=EDGE_LOOP('',(#1966,#1967,#1968,#1969));
#1200=EDGE_LOOP('',(#1970,#1971,#1972,#1973));
#1201=EDGE_LOOP('',(#1974,#1975,#1976,#1977,#1978,#1979,#1980,#1981,#1982,
#1983,#1984,#1985));
#1202=EDGE_LOOP('',(#1986,#1987,#1988,#1989,#1990,#1991,#1992,#1993,#1994,
#1995,#1996,#1997));
#1203=EDGE_LOOP('',(#1998,#1999,#2000,#2001,#2002,#2003,#2004,#2005,#2006,
#2007,#2008,#2009));
#1204=EDGE_LOOP('',(#2010,#2011,#2012,#2013));
#1205=EDGE_LOOP('',(#2014,#2015,#2016,#2017,#2018,#2019,#2020,#2021,#2022,
#2023,#2024,#2025));
#1206=EDGE_LOOP('',(#2026,#2027,#2028,#2029,#2030,#2031,#2032,#2033,#2034,
#2035,#2036,#2037));
#1207=EDGE_LOOP('',(#2038,#2039,#2040,#2041,#2042,#2043,#2044,#2045,#2046,
#2047,#2048,#2049));
#1208=EDGE_LOOP('',(#2050,#2051,#2052,#2053));
#1209=EDGE_LOOP('',(#2054,#2055,#2056,#2057,#2058,#2059,#2060,#2061,#2062,
#2063,#2064,#2065));
#1210=EDGE_LOOP('',(#2066,#2067,#2068,#2069,#2070,#2071,#2072,#2073,#2074,
#2075,#2076,#2077));
#1211=EDGE_LOOP('',(#2078,#2079,#2080,#2081));
#1212=EDGE_LOOP('',(#2082,#2083,#2084,#2085,#2086,#2087,#2088,#2089,#2090,
#2091,#2092,#2093));
#1213=EDGE_LOOP('',(#2094,#2095,#2096,#2097,#2098,#2099,#2100,#2101,#2102,
#2103,#2104,#2105));
#1214=EDGE_LOOP('',(#2106,#2107,#2108,#2109));
#1215=EDGE_LOOP('',(#2110,#2111,#2112,#2113));
#1216=EDGE_LOOP('',(#2114,#2115,#2116,#2117,#2118,#2119,#2120,#2121,#2122,
#2123,#2124,#2125));
#1217=EDGE_LOOP('',(#2126,#2127,#2128,#2129,#2130,#2131,#2132,#2133,#2134,
#2135,#2136,#2137));
#1218=ORIENTED_EDGE('',*,*,#2454,.T.);
#1219=ORIENTED_EDGE('',*,*,#2455,.T.);
#1220=ORIENTED_EDGE('',*,*,#2456,.T.);
#1221=ORIENTED_EDGE('',*,*,#2457,.T.);
#1222=ORIENTED_EDGE('',*,*,#2458,.T.);
#1223=ORIENTED_EDGE('',*,*,#2459,.T.);
#1224=ORIENTED_EDGE('',*,*,#2460,.T.);
#1225=ORIENTED_EDGE('',*,*,#2461,.T.);
#1226=ORIENTED_EDGE('',*,*,#2462,.T.);
#1227=ORIENTED_EDGE('',*,*,#2463,.T.);
#1228=ORIENTED_EDGE('',*,*,#2464,.T.);
#1229=ORIENTED_EDGE('',*,*,#2465,.T.);
#1230=ORIENTED_EDGE('',*,*,#2466,.T.);
#1231=ORIENTED_EDGE('',*,*,#2467,.T.);
#1232=ORIENTED_EDGE('',*,*,#2468,.T.);
#1233=ORIENTED_EDGE('',*,*,#2469,.T.);
#1234=ORIENTED_EDGE('',*,*,#2470,.T.);
#1235=ORIENTED_EDGE('',*,*,#2471,.T.);
#1236=ORIENTED_EDGE('',*,*,#2472,.T.);
#1237=ORIENTED_EDGE('',*,*,#2473,.T.);
#1238=ORIENTED_EDGE('',*,*,#2474,.T.);
#1239=ORIENTED_EDGE('',*,*,#2475,.T.);
#1240=ORIENTED_EDGE('',*,*,#2476,.T.);
#1241=ORIENTED_EDGE('',*,*,#2477,.T.);
#1242=ORIENTED_EDGE('',*,*,#2478,.T.);
#1243=ORIENTED_EDGE('',*,*,#2479,.T.);
#1244=ORIENTED_EDGE('',*,*,#2480,.T.);
#1245=ORIENTED_EDGE('',*,*,#2481,.T.);
#1246=ORIENTED_EDGE('',*,*,#2456,.F.);
#1247=ORIENTED_EDGE('',*,*,#2455,.F.);
#1248=ORIENTED_EDGE('',*,*,#2458,.F.);
#1249=ORIENTED_EDGE('',*,*,#2457,.F.);
#1250=ORIENTED_EDGE('',*,*,#2463,.F.);
#1251=ORIENTED_EDGE('',*,*,#2462,.F.);
#1252=ORIENTED_EDGE('',*,*,#2461,.F.);
#1253=ORIENTED_EDGE('',*,*,#2460,.F.);
#1254=ORIENTED_EDGE('',*,*,#2459,.F.);
#1255=ORIENTED_EDGE('',*,*,#2465,.F.);
#1256=ORIENTED_EDGE('',*,*,#2464,.F.);
#1257=ORIENTED_EDGE('',*,*,#2467,.F.);
#1258=ORIENTED_EDGE('',*,*,#2466,.F.);
#1259=ORIENTED_EDGE('',*,*,#2469,.F.);
#1260=ORIENTED_EDGE('',*,*,#2468,.F.);
#1261=ORIENTED_EDGE('',*,*,#2474,.F.);
#1262=ORIENTED_EDGE('',*,*,#2473,.F.);
#1263=ORIENTED_EDGE('',*,*,#2472,.F.);
#1264=ORIENTED_EDGE('',*,*,#2471,.F.);
#1265=ORIENTED_EDGE('',*,*,#2470,.F.);
#1266=ORIENTED_EDGE('',*,*,#2476,.F.);
#1267=ORIENTED_EDGE('',*,*,#2475,.F.);
#1268=ORIENTED_EDGE('',*,*,#2481,.F.);
#1269=ORIENTED_EDGE('',*,*,#2480,.F.);
#1270=ORIENTED_EDGE('',*,*,#2479,.F.);
#1271=ORIENTED_EDGE('',*,*,#2478,.F.);
#1272=ORIENTED_EDGE('',*,*,#2477,.F.);
#1273=ORIENTED_EDGE('',*,*,#2482,.F.);
#1274=ORIENTED_EDGE('',*,*,#2483,.F.);
#1275=ORIENTED_EDGE('',*,*,#2484,.F.);
#1276=ORIENTED_EDGE('',*,*,#2485,.F.);
#1277=ORIENTED_EDGE('',*,*,#2486,.T.);
#1278=ORIENTED_EDGE('',*,*,#2487,.F.);
#1279=ORIENTED_EDGE('',*,*,#2488,.F.);
#1280=ORIENTED_EDGE('',*,*,#2489,.T.);
#1281=ORIENTED_EDGE('',*,*,#2490,.F.);
#1282=ORIENTED_EDGE('',*,*,#2491,.T.);
#1283=ORIENTED_EDGE('',*,*,#2492,.T.);
#1284=ORIENTED_EDGE('',*,*,#2493,.T.);
#1285=ORIENTED_EDGE('',*,*,#2494,.F.);
#1286=ORIENTED_EDGE('',*,*,#2495,.T.);
#1287=ORIENTED_EDGE('',*,*,#2496,.T.);
#1288=ORIENTED_EDGE('',*,*,#2497,.T.);
#1289=ORIENTED_EDGE('',*,*,#2498,.T.);
#1290=ORIENTED_EDGE('',*,*,#2499,.T.);
#1291=ORIENTED_EDGE('',*,*,#2500,.F.);
#1292=ORIENTED_EDGE('',*,*,#2501,.T.);
#1293=ORIENTED_EDGE('',*,*,#2502,.T.);
#1294=ORIENTED_EDGE('',*,*,#2503,.T.);
#1295=ORIENTED_EDGE('',*,*,#2504,.F.);
#1296=ORIENTED_EDGE('',*,*,#2505,.T.);
#1297=ORIENTED_EDGE('',*,*,#2506,.T.);
#1298=ORIENTED_EDGE('',*,*,#2507,.T.);
#1299=ORIENTED_EDGE('',*,*,#2508,.T.);
#1300=ORIENTED_EDGE('',*,*,#2509,.F.);
#1301=ORIENTED_EDGE('',*,*,#2510,.T.);
#1302=ORIENTED_EDGE('',*,*,#2511,.T.);
#1303=ORIENTED_EDGE('',*,*,#2512,.T.);
#1304=ORIENTED_EDGE('',*,*,#2513,.F.);
#1305=ORIENTED_EDGE('',*,*,#2514,.T.);
#1306=ORIENTED_EDGE('',*,*,#2515,.T.);
#1307=ORIENTED_EDGE('',*,*,#2516,.T.);
#1308=ORIENTED_EDGE('',*,*,#2517,.F.);
#1309=ORIENTED_EDGE('',*,*,#2518,.T.);
#1310=ORIENTED_EDGE('',*,*,#2519,.T.);
#1311=ORIENTED_EDGE('',*,*,#2520,.T.);
#1312=ORIENTED_EDGE('',*,*,#2521,.F.);
#1313=ORIENTED_EDGE('',*,*,#2522,.T.);
#1314=ORIENTED_EDGE('',*,*,#2523,.T.);
#1315=ORIENTED_EDGE('',*,*,#2524,.T.);
#1316=ORIENTED_EDGE('',*,*,#2525,.F.);
#1317=ORIENTED_EDGE('',*,*,#2526,.T.);
#1318=ORIENTED_EDGE('',*,*,#2527,.T.);
#1319=ORIENTED_EDGE('',*,*,#2528,.T.);
#1320=ORIENTED_EDGE('',*,*,#2529,.F.);
#1321=ORIENTED_EDGE('',*,*,#2530,.T.);
#1322=ORIENTED_EDGE('',*,*,#2531,.T.);
#1323=ORIENTED_EDGE('',*,*,#2532,.T.);
#1324=ORIENTED_EDGE('',*,*,#2533,.F.);
#1325=ORIENTED_EDGE('',*,*,#2534,.T.);
#1326=ORIENTED_EDGE('',*,*,#2535,.T.);
#1327=ORIENTED_EDGE('',*,*,#2536,.T.);
#1328=ORIENTED_EDGE('',*,*,#2537,.F.);
#1329=ORIENTED_EDGE('',*,*,#2538,.F.);
#1330=ORIENTED_EDGE('',*,*,#2539,.F.);
#1331=ORIENTED_EDGE('',*,*,#2540,.T.);
#1332=ORIENTED_EDGE('',*,*,#2541,.F.);
#1333=ORIENTED_EDGE('',*,*,#2542,.F.);
#1334=ORIENTED_EDGE('',*,*,#2543,.T.);
#1335=ORIENTED_EDGE('',*,*,#2544,.T.);
#1336=ORIENTED_EDGE('',*,*,#2545,.F.);
#1337=ORIENTED_EDGE('',*,*,#2546,.F.);
#1338=ORIENTED_EDGE('',*,*,#2545,.T.);
#1339=ORIENTED_EDGE('',*,*,#2547,.T.);
#1340=ORIENTED_EDGE('',*,*,#2548,.F.);
#1341=ORIENTED_EDGE('',*,*,#2549,.F.);
#1342=ORIENTED_EDGE('',*,*,#2550,.T.);
#1343=ORIENTED_EDGE('',*,*,#2551,.T.);
#1344=ORIENTED_EDGE('',*,*,#2552,.F.);
#1345=ORIENTED_EDGE('',*,*,#2553,.F.);
#1346=ORIENTED_EDGE('',*,*,#2554,.T.);
#1347=ORIENTED_EDGE('',*,*,#2555,.T.);
#1348=ORIENTED_EDGE('',*,*,#2556,.F.);
#1349=ORIENTED_EDGE('',*,*,#2557,.F.);
#1350=ORIENTED_EDGE('',*,*,#2558,.T.);
#1351=ORIENTED_EDGE('',*,*,#2559,.T.);
#1352=ORIENTED_EDGE('',*,*,#2560,.F.);
#1353=ORIENTED_EDGE('',*,*,#2561,.T.);
#1354=ORIENTED_EDGE('',*,*,#2562,.F.);
#1355=ORIENTED_EDGE('',*,*,#2563,.F.);
#1356=ORIENTED_EDGE('',*,*,#2564,.T.);
#1357=ORIENTED_EDGE('',*,*,#2565,.F.);
#1358=ORIENTED_EDGE('',*,*,#2566,.T.);
#1359=ORIENTED_EDGE('',*,*,#2567,.T.);
#1360=ORIENTED_EDGE('',*,*,#2568,.F.);
#1361=ORIENTED_EDGE('',*,*,#2569,.F.);
#1362=ORIENTED_EDGE('',*,*,#2548,.T.);
#1363=ORIENTED_EDGE('',*,*,#2570,.T.);
#1364=ORIENTED_EDGE('',*,*,#2571,.F.);
#1365=ORIENTED_EDGE('',*,*,#2572,.F.);
#1366=ORIENTED_EDGE('',*,*,#2552,.T.);
#1367=ORIENTED_EDGE('',*,*,#2573,.T.);
#1368=ORIENTED_EDGE('',*,*,#2574,.F.);
#1369=ORIENTED_EDGE('',*,*,#2575,.F.);
#1370=ORIENTED_EDGE('',*,*,#2556,.T.);
#1371=ORIENTED_EDGE('',*,*,#2576,.T.);
#1372=ORIENTED_EDGE('',*,*,#2577,.F.);
#1373=ORIENTED_EDGE('',*,*,#2578,.F.);
#1374=ORIENTED_EDGE('',*,*,#2560,.T.);
#1375=ORIENTED_EDGE('',*,*,#2579,.T.);
#1376=ORIENTED_EDGE('',*,*,#2580,.F.);
#1377=ORIENTED_EDGE('',*,*,#2581,.T.);
#1378=ORIENTED_EDGE('',*,*,#2582,.F.);
#1379=ORIENTED_EDGE('',*,*,#2583,.F.);
#1380=ORIENTED_EDGE('',*,*,#2562,.T.);
#1381=ORIENTED_EDGE('',*,*,#2584,.F.);
#1382=ORIENTED_EDGE('',*,*,#2568,.T.);
#1383=ORIENTED_EDGE('',*,*,#2585,.T.);
#1384=ORIENTED_EDGE('',*,*,#2586,.F.);
#1385=ORIENTED_EDGE('',*,*,#2587,.F.);
#1386=ORIENTED_EDGE('',*,*,#2571,.T.);
#1387=ORIENTED_EDGE('',*,*,#2588,.F.);
#1388=ORIENTED_EDGE('',*,*,#2589,.F.);
#1389=ORIENTED_EDGE('',*,*,#2590,.F.);
#1390=ORIENTED_EDGE('',*,*,#2574,.T.);
#1391=ORIENTED_EDGE('',*,*,#2591,.T.);
#1392=ORIENTED_EDGE('',*,*,#2592,.F.);
#1393=ORIENTED_EDGE('',*,*,#2593,.F.);
#1394=ORIENTED_EDGE('',*,*,#2577,.T.);
#1395=ORIENTED_EDGE('',*,*,#2594,.T.);
#1396=ORIENTED_EDGE('',*,*,#2595,.F.);
#1397=ORIENTED_EDGE('',*,*,#2596,.F.);
#1398=ORIENTED_EDGE('',*,*,#2580,.T.);
#1399=ORIENTED_EDGE('',*,*,#2597,.T.);
#1400=ORIENTED_EDGE('',*,*,#2598,.F.);
#1401=ORIENTED_EDGE('',*,*,#2599,.T.);
#1402=ORIENTED_EDGE('',*,*,#2600,.F.);
#1403=ORIENTED_EDGE('',*,*,#2601,.F.);
#1404=ORIENTED_EDGE('',*,*,#2582,.T.);
#1405=ORIENTED_EDGE('',*,*,#2602,.F.);
#1406=ORIENTED_EDGE('',*,*,#2586,.T.);
#1407=ORIENTED_EDGE('',*,*,#2603,.T.);
#1408=ORIENTED_EDGE('',*,*,#2604,.F.);
#1409=ORIENTED_EDGE('',*,*,#2605,.F.);
#1410=ORIENTED_EDGE('',*,*,#2589,.T.);
#1411=ORIENTED_EDGE('',*,*,#2606,.F.);
#1412=ORIENTED_EDGE('',*,*,#2607,.F.);
#1413=ORIENTED_EDGE('',*,*,#2608,.F.);
#1414=ORIENTED_EDGE('',*,*,#2592,.T.);
#1415=ORIENTED_EDGE('',*,*,#2609,.T.);
#1416=ORIENTED_EDGE('',*,*,#2610,.F.);
#1417=ORIENTED_EDGE('',*,*,#2611,.F.);
#1418=ORIENTED_EDGE('',*,*,#2595,.T.);
#1419=ORIENTED_EDGE('',*,*,#2612,.T.);
#1420=ORIENTED_EDGE('',*,*,#2613,.F.);
#1421=ORIENTED_EDGE('',*,*,#2614,.F.);
#1422=ORIENTED_EDGE('',*,*,#2598,.T.);
#1423=ORIENTED_EDGE('',*,*,#2615,.T.);
#1424=ORIENTED_EDGE('',*,*,#2616,.F.);
#1425=ORIENTED_EDGE('',*,*,#2617,.T.);
#1426=ORIENTED_EDGE('',*,*,#2618,.F.);
#1427=ORIENTED_EDGE('',*,*,#2619,.F.);
#1428=ORIENTED_EDGE('',*,*,#2600,.T.);
#1429=ORIENTED_EDGE('',*,*,#2620,.F.);
#1430=ORIENTED_EDGE('',*,*,#2604,.T.);
#1431=ORIENTED_EDGE('',*,*,#2621,.T.);
#1432=ORIENTED_EDGE('',*,*,#2622,.F.);
#1433=ORIENTED_EDGE('',*,*,#2623,.F.);
#1434=ORIENTED_EDGE('',*,*,#2607,.T.);
#1435=ORIENTED_EDGE('',*,*,#2624,.F.);
#1436=ORIENTED_EDGE('',*,*,#2625,.F.);
#1437=ORIENTED_EDGE('',*,*,#2626,.F.);
#1438=ORIENTED_EDGE('',*,*,#2610,.T.);
#1439=ORIENTED_EDGE('',*,*,#2627,.T.);
#1440=ORIENTED_EDGE('',*,*,#2628,.F.);
#1441=ORIENTED_EDGE('',*,*,#2629,.F.);
#1442=ORIENTED_EDGE('',*,*,#2613,.T.);
#1443=ORIENTED_EDGE('',*,*,#2630,.T.);
#1444=ORIENTED_EDGE('',*,*,#2631,.F.);
#1445=ORIENTED_EDGE('',*,*,#2632,.F.);
#1446=ORIENTED_EDGE('',*,*,#2616,.T.);
#1447=ORIENTED_EDGE('',*,*,#2633,.T.);
#1448=ORIENTED_EDGE('',*,*,#2634,.F.);
#1449=ORIENTED_EDGE('',*,*,#2635,.T.);
#1450=ORIENTED_EDGE('',*,*,#2636,.F.);
#1451=ORIENTED_EDGE('',*,*,#2637,.F.);
#1452=ORIENTED_EDGE('',*,*,#2618,.T.);
#1453=ORIENTED_EDGE('',*,*,#2638,.F.);
#1454=ORIENTED_EDGE('',*,*,#2622,.T.);
#1455=ORIENTED_EDGE('',*,*,#2639,.T.);
#1456=ORIENTED_EDGE('',*,*,#2640,.F.);
#1457=ORIENTED_EDGE('',*,*,#2641,.F.);
#1458=ORIENTED_EDGE('',*,*,#2625,.T.);
#1459=ORIENTED_EDGE('',*,*,#2642,.T.);
#1460=ORIENTED_EDGE('',*,*,#2643,.F.);
#1461=ORIENTED_EDGE('',*,*,#2644,.F.);
#1462=ORIENTED_EDGE('',*,*,#2628,.T.);
#1463=ORIENTED_EDGE('',*,*,#2645,.T.);
#1464=ORIENTED_EDGE('',*,*,#2646,.F.);
#1465=ORIENTED_EDGE('',*,*,#2647,.F.);
#1466=ORIENTED_EDGE('',*,*,#2631,.T.);
#1467=ORIENTED_EDGE('',*,*,#2648,.T.);
#1468=ORIENTED_EDGE('',*,*,#2649,.F.);
#1469=ORIENTED_EDGE('',*,*,#2650,.F.);
#1470=ORIENTED_EDGE('',*,*,#2634,.T.);
#1471=ORIENTED_EDGE('',*,*,#2651,.T.);
#1472=ORIENTED_EDGE('',*,*,#2652,.F.);
#1473=ORIENTED_EDGE('',*,*,#2653,.T.);
#1474=ORIENTED_EDGE('',*,*,#2654,.F.);
#1475=ORIENTED_EDGE('',*,*,#2655,.F.);
#1476=ORIENTED_EDGE('',*,*,#2636,.T.);
#1477=ORIENTED_EDGE('',*,*,#2656,.F.);
#1478=ORIENTED_EDGE('',*,*,#2640,.T.);
#1479=ORIENTED_EDGE('',*,*,#2657,.T.);
#1480=ORIENTED_EDGE('',*,*,#2658,.F.);
#1481=ORIENTED_EDGE('',*,*,#2659,.F.);
#1482=ORIENTED_EDGE('',*,*,#2643,.T.);
#1483=ORIENTED_EDGE('',*,*,#2660,.F.);
#1484=ORIENTED_EDGE('',*,*,#2661,.T.);
#1485=ORIENTED_EDGE('',*,*,#2662,.F.);
#1486=ORIENTED_EDGE('',*,*,#2646,.T.);
#1487=ORIENTED_EDGE('',*,*,#2663,.T.);
#1488=ORIENTED_EDGE('',*,*,#2664,.T.);
#1489=ORIENTED_EDGE('',*,*,#2665,.F.);
#1490=ORIENTED_EDGE('',*,*,#2649,.T.);
#1491=ORIENTED_EDGE('',*,*,#2666,.T.);
#1492=ORIENTED_EDGE('',*,*,#2667,.T.);
#1493=ORIENTED_EDGE('',*,*,#2668,.F.);
#1494=ORIENTED_EDGE('',*,*,#2652,.T.);
#1495=ORIENTED_EDGE('',*,*,#2669,.T.);
#1496=ORIENTED_EDGE('',*,*,#2670,.T.);
#1497=ORIENTED_EDGE('',*,*,#2671,.T.);
#1498=ORIENTED_EDGE('',*,*,#2672,.T.);
#1499=ORIENTED_EDGE('',*,*,#2673,.F.);
#1500=ORIENTED_EDGE('',*,*,#2654,.T.);
#1501=ORIENTED_EDGE('',*,*,#2674,.F.);
#1502=ORIENTED_EDGE('',*,*,#2658,.T.);
#1503=ORIENTED_EDGE('',*,*,#2675,.T.);
#1504=ORIENTED_EDGE('',*,*,#2676,.T.);
#1505=ORIENTED_EDGE('',*,*,#2491,.F.);
#1506=ORIENTED_EDGE('',*,*,#2677,.T.);
#1507=ORIENTED_EDGE('',*,*,#2661,.F.);
#1508=ORIENTED_EDGE('',*,*,#2678,.F.);
#1509=ORIENTED_EDGE('',*,*,#2510,.F.);
#1510=ORIENTED_EDGE('',*,*,#2679,.T.);
#1511=ORIENTED_EDGE('',*,*,#2664,.F.);
#1512=ORIENTED_EDGE('',*,*,#2680,.F.);
#1513=ORIENTED_EDGE('',*,*,#2518,.F.);
#1514=ORIENTED_EDGE('',*,*,#2681,.T.);
#1515=ORIENTED_EDGE('',*,*,#2667,.F.);
#1516=ORIENTED_EDGE('',*,*,#2682,.F.);
#1517=ORIENTED_EDGE('',*,*,#2526,.F.);
#1518=ORIENTED_EDGE('',*,*,#2683,.T.);
#1519=ORIENTED_EDGE('',*,*,#2670,.F.);
#1520=ORIENTED_EDGE('',*,*,#2684,.F.);
#1521=ORIENTED_EDGE('',*,*,#2672,.F.);
#1522=ORIENTED_EDGE('',*,*,#2685,.F.);
#1523=ORIENTED_EDGE('',*,*,#2505,.F.);
#1524=ORIENTED_EDGE('',*,*,#2686,.T.);
#1525=ORIENTED_EDGE('',*,*,#2534,.F.);
#1526=ORIENTED_EDGE('',*,*,#2687,.T.);
#1527=ORIENTED_EDGE('',*,*,#2676,.F.);
#1528=ORIENTED_EDGE('',*,*,#2688,.F.);
#1529=ORIENTED_EDGE('',*,*,#2689,.F.);
#1530=ORIENTED_EDGE('',*,*,#2690,.T.);
#1531=ORIENTED_EDGE('',*,*,#2691,.F.);
#1532=ORIENTED_EDGE('',*,*,#2692,.F.);
#1533=ORIENTED_EDGE('',*,*,#2693,.F.);
#1534=ORIENTED_EDGE('',*,*,#2694,.T.);
#1535=ORIENTED_EDGE('',*,*,#2695,.F.);
#1536=ORIENTED_EDGE('',*,*,#2696,.F.);
#1537=ORIENTED_EDGE('',*,*,#2697,.F.);
#1538=ORIENTED_EDGE('',*,*,#2698,.T.);
#1539=ORIENTED_EDGE('',*,*,#2699,.F.);
#1540=ORIENTED_EDGE('',*,*,#2700,.F.);
#1541=ORIENTED_EDGE('',*,*,#2701,.F.);
#1542=ORIENTED_EDGE('',*,*,#2702,.T.);
#1543=ORIENTED_EDGE('',*,*,#2703,.F.);
#1544=ORIENTED_EDGE('',*,*,#2704,.F.);
#1545=ORIENTED_EDGE('',*,*,#2705,.F.);
#1546=ORIENTED_EDGE('',*,*,#2706,.F.);
#1547=ORIENTED_EDGE('',*,*,#2489,.F.);
#1548=ORIENTED_EDGE('',*,*,#2707,.F.);
#1549=ORIENTED_EDGE('',*,*,#2708,.F.);
#1550=ORIENTED_EDGE('',*,*,#2709,.T.);
#1551=ORIENTED_EDGE('',*,*,#2543,.F.);
#1552=ORIENTED_EDGE('',*,*,#2710,.F.);
#1553=ORIENTED_EDGE('',*,*,#2508,.F.);
#1554=ORIENTED_EDGE('',*,*,#2711,.T.);
#1555=ORIENTED_EDGE('',*,*,#2712,.F.);
#1556=ORIENTED_EDGE('',*,*,#2713,.F.);
#1557=ORIENTED_EDGE('',*,*,#2497,.F.);
#1558=ORIENTED_EDGE('',*,*,#2714,.T.);
#1559=ORIENTED_EDGE('',*,*,#2715,.F.);
#1560=ORIENTED_EDGE('',*,*,#2716,.F.);
#1561=ORIENTED_EDGE('',*,*,#2499,.F.);
#1562=ORIENTED_EDGE('',*,*,#2717,.T.);
#1563=ORIENTED_EDGE('',*,*,#2718,.F.);
#1564=ORIENTED_EDGE('',*,*,#2719,.F.);
#1565=ORIENTED_EDGE('',*,*,#2532,.F.);
#1566=ORIENTED_EDGE('',*,*,#2720,.T.);
#1567=ORIENTED_EDGE('',*,*,#2721,.F.);
#1568=ORIENTED_EDGE('',*,*,#2722,.F.);
#1569=ORIENTED_EDGE('',*,*,#2524,.F.);
#1570=ORIENTED_EDGE('',*,*,#2723,.T.);
#1571=ORIENTED_EDGE('',*,*,#2724,.F.);
#1572=ORIENTED_EDGE('',*,*,#2725,.F.);
#1573=ORIENTED_EDGE('',*,*,#2516,.F.);
#1574=ORIENTED_EDGE('',*,*,#2726,.T.);
#1575=ORIENTED_EDGE('',*,*,#2727,.F.);
#1576=ORIENTED_EDGE('',*,*,#2728,.F.);
#1577=ORIENTED_EDGE('',*,*,#2454,.F.);
#1578=ORIENTED_EDGE('',*,*,#2729,.F.);
#1579=ORIENTED_EDGE('',*,*,#2730,.T.);
#1580=ORIENTED_EDGE('',*,*,#2731,.F.);
#1581=ORIENTED_EDGE('',*,*,#2732,.F.);
#1582=ORIENTED_EDGE('',*,*,#2691,.T.);
#1583=ORIENTED_EDGE('',*,*,#2733,.T.);
#1584=ORIENTED_EDGE('',*,*,#2550,.F.);
#1585=ORIENTED_EDGE('',*,*,#2734,.F.);
#1586=ORIENTED_EDGE('',*,*,#2735,.F.);
#1587=ORIENTED_EDGE('',*,*,#2736,.T.);
#1588=ORIENTED_EDGE('',*,*,#2737,.F.);
#1589=ORIENTED_EDGE('',*,*,#2738,.F.);
#1590=ORIENTED_EDGE('',*,*,#2695,.T.);
#1591=ORIENTED_EDGE('',*,*,#2739,.T.);
#1592=ORIENTED_EDGE('',*,*,#2554,.F.);
#1593=ORIENTED_EDGE('',*,*,#2740,.F.);
#1594=ORIENTED_EDGE('',*,*,#2741,.F.);
#1595=ORIENTED_EDGE('',*,*,#2742,.T.);
#1596=ORIENTED_EDGE('',*,*,#2743,.F.);
#1597=ORIENTED_EDGE('',*,*,#2744,.F.);
#1598=ORIENTED_EDGE('',*,*,#2699,.T.);
#1599=ORIENTED_EDGE('',*,*,#2745,.T.);
#1600=ORIENTED_EDGE('',*,*,#2558,.F.);
#1601=ORIENTED_EDGE('',*,*,#2746,.F.);
#1602=ORIENTED_EDGE('',*,*,#2747,.F.);
#1603=ORIENTED_EDGE('',*,*,#2748,.T.);
#1604=ORIENTED_EDGE('',*,*,#2564,.F.);
#1605=ORIENTED_EDGE('',*,*,#2749,.F.);
#1606=ORIENTED_EDGE('',*,*,#2703,.T.);
#1607=ORIENTED_EDGE('',*,*,#2750,.T.);
#1608=ORIENTED_EDGE('',*,*,#2566,.F.);
#1609=ORIENTED_EDGE('',*,*,#2751,.F.);
#1610=ORIENTED_EDGE('',*,*,#2541,.T.);
#1611=ORIENTED_EDGE('',*,*,#2752,.T.);
#1612=ORIENTED_EDGE('',*,*,#2753,.F.);
#1613=ORIENTED_EDGE('',*,*,#2754,.F.);
#1614=ORIENTED_EDGE('',*,*,#2755,.F.);
#1615=ORIENTED_EDGE('',*,*,#2756,.F.);
#1616=ORIENTED_EDGE('',*,*,#2757,.F.);
#1617=ORIENTED_EDGE('',*,*,#2483,.T.);
#1618=ORIENTED_EDGE('',*,*,#2731,.T.);
#1619=ORIENTED_EDGE('',*,*,#2758,.T.);
#1620=ORIENTED_EDGE('',*,*,#2759,.F.);
#1621=ORIENTED_EDGE('',*,*,#2760,.F.);
#1622=ORIENTED_EDGE('',*,*,#2737,.T.);
#1623=ORIENTED_EDGE('',*,*,#2761,.T.);
#1624=ORIENTED_EDGE('',*,*,#2762,.F.);
#1625=ORIENTED_EDGE('',*,*,#2763,.F.);
#1626=ORIENTED_EDGE('',*,*,#2743,.T.);
#1627=ORIENTED_EDGE('',*,*,#2764,.T.);
#1628=ORIENTED_EDGE('',*,*,#2765,.F.);
#1629=ORIENTED_EDGE('',*,*,#2766,.F.);
#1630=ORIENTED_EDGE('',*,*,#2753,.T.);
#1631=ORIENTED_EDGE('',*,*,#2767,.T.);
#1632=ORIENTED_EDGE('',*,*,#2768,.F.);
#1633=ORIENTED_EDGE('',*,*,#2769,.F.);
#1634=ORIENTED_EDGE('',*,*,#2770,.F.);
#1635=ORIENTED_EDGE('',*,*,#2771,.F.);
#1636=ORIENTED_EDGE('',*,*,#2772,.F.);
#1637=ORIENTED_EDGE('',*,*,#2756,.T.);
#1638=ORIENTED_EDGE('',*,*,#2759,.T.);
#1639=ORIENTED_EDGE('',*,*,#2773,.T.);
#1640=ORIENTED_EDGE('',*,*,#2774,.F.);
#1641=ORIENTED_EDGE('',*,*,#2775,.F.);
#1642=ORIENTED_EDGE('',*,*,#2762,.T.);
#1643=ORIENTED_EDGE('',*,*,#2776,.T.);
#1644=ORIENTED_EDGE('',*,*,#2777,.F.);
#1645=ORIENTED_EDGE('',*,*,#2778,.F.);
#1646=ORIENTED_EDGE('',*,*,#2765,.T.);
#1647=ORIENTED_EDGE('',*,*,#2779,.T.);
#1648=ORIENTED_EDGE('',*,*,#2780,.F.);
#1649=ORIENTED_EDGE('',*,*,#2781,.F.);
#1650=ORIENTED_EDGE('',*,*,#2768,.T.);
#1651=ORIENTED_EDGE('',*,*,#2782,.T.);
#1652=ORIENTED_EDGE('',*,*,#2783,.F.);
#1653=ORIENTED_EDGE('',*,*,#2784,.F.);
#1654=ORIENTED_EDGE('',*,*,#2785,.F.);
#1655=ORIENTED_EDGE('',*,*,#2786,.F.);
#1656=ORIENTED_EDGE('',*,*,#2787,.F.);
#1657=ORIENTED_EDGE('',*,*,#2771,.T.);
#1658=ORIENTED_EDGE('',*,*,#2774,.T.);
#1659=ORIENTED_EDGE('',*,*,#2788,.T.);
#1660=ORIENTED_EDGE('',*,*,#2789,.F.);
#1661=ORIENTED_EDGE('',*,*,#2790,.F.);
#1662=ORIENTED_EDGE('',*,*,#2777,.T.);
#1663=ORIENTED_EDGE('',*,*,#2791,.T.);
#1664=ORIENTED_EDGE('',*,*,#2792,.F.);
#1665=ORIENTED_EDGE('',*,*,#2793,.F.);
#1666=ORIENTED_EDGE('',*,*,#2780,.T.);
#1667=ORIENTED_EDGE('',*,*,#2794,.T.);
#1668=ORIENTED_EDGE('',*,*,#2795,.F.);
#1669=ORIENTED_EDGE('',*,*,#2796,.F.);
#1670=ORIENTED_EDGE('',*,*,#2783,.T.);
#1671=ORIENTED_EDGE('',*,*,#2797,.T.);
#1672=ORIENTED_EDGE('',*,*,#2798,.F.);
#1673=ORIENTED_EDGE('',*,*,#2799,.F.);
#1674=ORIENTED_EDGE('',*,*,#2800,.F.);
#1675=ORIENTED_EDGE('',*,*,#2801,.F.);
#1676=ORIENTED_EDGE('',*,*,#2802,.F.);
#1677=ORIENTED_EDGE('',*,*,#2786,.T.);
#1678=ORIENTED_EDGE('',*,*,#2789,.T.);
#1679=ORIENTED_EDGE('',*,*,#2803,.T.);
#1680=ORIENTED_EDGE('',*,*,#2804,.F.);
#1681=ORIENTED_EDGE('',*,*,#2805,.F.);
#1682=ORIENTED_EDGE('',*,*,#2792,.T.);
#1683=ORIENTED_EDGE('',*,*,#2806,.T.);
#1684=ORIENTED_EDGE('',*,*,#2807,.F.);
#1685=ORIENTED_EDGE('',*,*,#2808,.F.);
#1686=ORIENTED_EDGE('',*,*,#2795,.T.);
#1687=ORIENTED_EDGE('',*,*,#2809,.T.);
#1688=ORIENTED_EDGE('',*,*,#2810,.F.);
#1689=ORIENTED_EDGE('',*,*,#2811,.F.);
#1690=ORIENTED_EDGE('',*,*,#2798,.T.);
#1691=ORIENTED_EDGE('',*,*,#2812,.T.);
#1692=ORIENTED_EDGE('',*,*,#2813,.F.);
#1693=ORIENTED_EDGE('',*,*,#2814,.F.);
#1694=ORIENTED_EDGE('',*,*,#2815,.F.);
#1695=ORIENTED_EDGE('',*,*,#2816,.F.);
#1696=ORIENTED_EDGE('',*,*,#2817,.F.);
#1697=ORIENTED_EDGE('',*,*,#2801,.T.);
#1698=ORIENTED_EDGE('',*,*,#2804,.T.);
#1699=ORIENTED_EDGE('',*,*,#2818,.T.);
#1700=ORIENTED_EDGE('',*,*,#2819,.F.);
#1701=ORIENTED_EDGE('',*,*,#2820,.F.);
#1702=ORIENTED_EDGE('',*,*,#2807,.T.);
#1703=ORIENTED_EDGE('',*,*,#2821,.T.);
#1704=ORIENTED_EDGE('',*,*,#2822,.F.);
#1705=ORIENTED_EDGE('',*,*,#2823,.F.);
#1706=ORIENTED_EDGE('',*,*,#2810,.T.);
#1707=ORIENTED_EDGE('',*,*,#2824,.T.);
#1708=ORIENTED_EDGE('',*,*,#2825,.F.);
#1709=ORIENTED_EDGE('',*,*,#2826,.F.);
#1710=ORIENTED_EDGE('',*,*,#2813,.T.);
#1711=ORIENTED_EDGE('',*,*,#2827,.T.);
#1712=ORIENTED_EDGE('',*,*,#2828,.F.);
#1713=ORIENTED_EDGE('',*,*,#2829,.F.);
#1714=ORIENTED_EDGE('',*,*,#2830,.F.);
#1715=ORIENTED_EDGE('',*,*,#2831,.F.);
#1716=ORIENTED_EDGE('',*,*,#2832,.F.);
#1717=ORIENTED_EDGE('',*,*,#2816,.T.);
#1718=ORIENTED_EDGE('',*,*,#2819,.T.);
#1719=ORIENTED_EDGE('',*,*,#2833,.T.);
#1720=ORIENTED_EDGE('',*,*,#2834,.F.);
#1721=ORIENTED_EDGE('',*,*,#2835,.F.);
#1722=ORIENTED_EDGE('',*,*,#2822,.T.);
#1723=ORIENTED_EDGE('',*,*,#2836,.T.);
#1724=ORIENTED_EDGE('',*,*,#2837,.F.);
#1725=ORIENTED_EDGE('',*,*,#2838,.F.);
#1726=ORIENTED_EDGE('',*,*,#2825,.T.);
#1727=ORIENTED_EDGE('',*,*,#2839,.T.);
#1728=ORIENTED_EDGE('',*,*,#2840,.F.);
#1729=ORIENTED_EDGE('',*,*,#2841,.F.);
#1730=ORIENTED_EDGE('',*,*,#2828,.T.);
#1731=ORIENTED_EDGE('',*,*,#2842,.T.);
#1732=ORIENTED_EDGE('',*,*,#2843,.T.);
#1733=ORIENTED_EDGE('',*,*,#2844,.F.);
#1734=ORIENTED_EDGE('',*,*,#2845,.F.);
#1735=ORIENTED_EDGE('',*,*,#2846,.T.);
#1736=ORIENTED_EDGE('',*,*,#2847,.F.);
#1737=ORIENTED_EDGE('',*,*,#2831,.T.);
#1738=ORIENTED_EDGE('',*,*,#2834,.T.);
#1739=ORIENTED_EDGE('',*,*,#2848,.T.);
#1740=ORIENTED_EDGE('',*,*,#2849,.T.);
#1741=ORIENTED_EDGE('',*,*,#2850,.F.);
#1742=ORIENTED_EDGE('',*,*,#2837,.T.);
#1743=ORIENTED_EDGE('',*,*,#2851,.T.);
#1744=ORIENTED_EDGE('',*,*,#2852,.T.);
#1745=ORIENTED_EDGE('',*,*,#2853,.F.);
#1746=ORIENTED_EDGE('',*,*,#2840,.T.);
#1747=ORIENTED_EDGE('',*,*,#2854,.T.);
#1748=ORIENTED_EDGE('',*,*,#2855,.T.);
#1749=ORIENTED_EDGE('',*,*,#2856,.F.);
#1750=ORIENTED_EDGE('',*,*,#2857,.F.);
#1751=ORIENTED_EDGE('',*,*,#2506,.F.);
#1752=ORIENTED_EDGE('',*,*,#2858,.T.);
#1753=ORIENTED_EDGE('',*,*,#2843,.F.);
#1754=ORIENTED_EDGE('',*,*,#2846,.F.);
#1755=ORIENTED_EDGE('',*,*,#2859,.T.);
#1756=ORIENTED_EDGE('',*,*,#2501,.F.);
#1757=ORIENTED_EDGE('',*,*,#2860,.T.);
#1758=ORIENTED_EDGE('',*,*,#2861,.F.);
#1759=ORIENTED_EDGE('',*,*,#2514,.F.);
#1760=ORIENTED_EDGE('',*,*,#2862,.T.);
#1761=ORIENTED_EDGE('',*,*,#2849,.F.);
#1762=ORIENTED_EDGE('',*,*,#2863,.F.);
#1763=ORIENTED_EDGE('',*,*,#2522,.F.);
#1764=ORIENTED_EDGE('',*,*,#2864,.T.);
#1765=ORIENTED_EDGE('',*,*,#2852,.F.);
#1766=ORIENTED_EDGE('',*,*,#2865,.F.);
#1767=ORIENTED_EDGE('',*,*,#2530,.F.);
#1768=ORIENTED_EDGE('',*,*,#2866,.T.);
#1769=ORIENTED_EDGE('',*,*,#2855,.F.);
#1770=ORIENTED_EDGE('',*,*,#2487,.T.);
#1771=ORIENTED_EDGE('',*,*,#2867,.T.);
#1772=ORIENTED_EDGE('',*,*,#2868,.F.);
#1773=ORIENTED_EDGE('',*,*,#2869,.F.);
#1774=ORIENTED_EDGE('',*,*,#2868,.T.);
#1775=ORIENTED_EDGE('',*,*,#2870,.T.);
#1776=ORIENTED_EDGE('',*,*,#2871,.F.);
#1777=ORIENTED_EDGE('',*,*,#2872,.F.);
#1778=ORIENTED_EDGE('',*,*,#2871,.T.);
#1779=ORIENTED_EDGE('',*,*,#2873,.T.);
#1780=ORIENTED_EDGE('',*,*,#2874,.F.);
#1781=ORIENTED_EDGE('',*,*,#2875,.T.);
#1782=ORIENTED_EDGE('',*,*,#2874,.T.);
#1783=ORIENTED_EDGE('',*,*,#2876,.T.);
#1784=ORIENTED_EDGE('',*,*,#2877,.F.);
#1785=ORIENTED_EDGE('',*,*,#2878,.T.);
#1786=ORIENTED_EDGE('',*,*,#2877,.T.);
#1787=ORIENTED_EDGE('',*,*,#2879,.T.);
#1788=ORIENTED_EDGE('',*,*,#2880,.F.);
#1789=ORIENTED_EDGE('',*,*,#2881,.T.);
#1790=ORIENTED_EDGE('',*,*,#2880,.T.);
#1791=ORIENTED_EDGE('',*,*,#2882,.T.);
#1792=ORIENTED_EDGE('',*,*,#2883,.F.);
#1793=ORIENTED_EDGE('',*,*,#2884,.F.);
#1794=ORIENTED_EDGE('',*,*,#2883,.T.);
#1795=ORIENTED_EDGE('',*,*,#2885,.T.);
#1796=ORIENTED_EDGE('',*,*,#2886,.T.);
#1797=ORIENTED_EDGE('',*,*,#2887,.T.);
#1798=ORIENTED_EDGE('',*,*,#2888,.F.);
#1799=ORIENTED_EDGE('',*,*,#2495,.F.);
#1800=ORIENTED_EDGE('',*,*,#2889,.T.);
#1801=ORIENTED_EDGE('',*,*,#2886,.F.);
#1802=ORIENTED_EDGE('',*,*,#2708,.T.);
#1803=ORIENTED_EDGE('',*,*,#2890,.T.);
#1804=ORIENTED_EDGE('',*,*,#2493,.F.);
#1805=ORIENTED_EDGE('',*,*,#2891,.F.);
#1806=ORIENTED_EDGE('',*,*,#2544,.F.);
#1807=ORIENTED_EDGE('',*,*,#2709,.F.);
#1808=ORIENTED_EDGE('',*,*,#2891,.T.);
#1809=ORIENTED_EDGE('',*,*,#2492,.F.);
#1810=ORIENTED_EDGE('',*,*,#2678,.T.);
#1811=ORIENTED_EDGE('',*,*,#2660,.T.);
#1812=ORIENTED_EDGE('',*,*,#2642,.F.);
#1813=ORIENTED_EDGE('',*,*,#2624,.T.);
#1814=ORIENTED_EDGE('',*,*,#2606,.T.);
#1815=ORIENTED_EDGE('',*,*,#2588,.T.);
#1816=ORIENTED_EDGE('',*,*,#2570,.F.);
#1817=ORIENTED_EDGE('',*,*,#2547,.F.);
#1818=ORIENTED_EDGE('',*,*,#2869,.T.);
#1819=ORIENTED_EDGE('',*,*,#2872,.T.);
#1820=ORIENTED_EDGE('',*,*,#2875,.F.);
#1821=ORIENTED_EDGE('',*,*,#2878,.F.);
#1822=ORIENTED_EDGE('',*,*,#2881,.F.);
#1823=ORIENTED_EDGE('',*,*,#2884,.T.);
#1824=ORIENTED_EDGE('',*,*,#2887,.F.);
#1825=ORIENTED_EDGE('',*,*,#2889,.F.);
#1826=ORIENTED_EDGE('',*,*,#2494,.T.);
#1827=ORIENTED_EDGE('',*,*,#2890,.F.);
#1828=ORIENTED_EDGE('',*,*,#2707,.T.);
#1829=ORIENTED_EDGE('',*,*,#2488,.T.);
#1830=ORIENTED_EDGE('',*,*,#2715,.T.);
#1831=ORIENTED_EDGE('',*,*,#2892,.F.);
#1832=ORIENTED_EDGE('',*,*,#2485,.T.);
#1833=ORIENTED_EDGE('',*,*,#2893,.T.);
#1834=ORIENTED_EDGE('',*,*,#2486,.F.);
#1835=ORIENTED_EDGE('',*,*,#2892,.T.);
#1836=ORIENTED_EDGE('',*,*,#2714,.F.);
#1837=ORIENTED_EDGE('',*,*,#2496,.F.);
#1838=ORIENTED_EDGE('',*,*,#2888,.T.);
#1839=ORIENTED_EDGE('',*,*,#2885,.F.);
#1840=ORIENTED_EDGE('',*,*,#2882,.F.);
#1841=ORIENTED_EDGE('',*,*,#2879,.F.);
#1842=ORIENTED_EDGE('',*,*,#2876,.F.);
#1843=ORIENTED_EDGE('',*,*,#2873,.F.);
#1844=ORIENTED_EDGE('',*,*,#2870,.F.);
#1845=ORIENTED_EDGE('',*,*,#2867,.F.);
#1846=ORIENTED_EDGE('',*,*,#2757,.T.);
#1847=ORIENTED_EDGE('',*,*,#2772,.T.);
#1848=ORIENTED_EDGE('',*,*,#2787,.T.);
#1849=ORIENTED_EDGE('',*,*,#2802,.T.);
#1850=ORIENTED_EDGE('',*,*,#2817,.T.);
#1851=ORIENTED_EDGE('',*,*,#2832,.T.);
#1852=ORIENTED_EDGE('',*,*,#2847,.T.);
#1853=ORIENTED_EDGE('',*,*,#2860,.F.);
#1854=ORIENTED_EDGE('',*,*,#2500,.T.);
#1855=ORIENTED_EDGE('',*,*,#2716,.T.);
#1856=ORIENTED_EDGE('',*,*,#2893,.F.);
#1857=ORIENTED_EDGE('',*,*,#2484,.T.);
#1858=ORIENTED_EDGE('',*,*,#2563,.T.);
#1859=ORIENTED_EDGE('',*,*,#2583,.T.);
#1860=ORIENTED_EDGE('',*,*,#2601,.T.);
#1861=ORIENTED_EDGE('',*,*,#2619,.T.);
#1862=ORIENTED_EDGE('',*,*,#2637,.T.);
#1863=ORIENTED_EDGE('',*,*,#2655,.T.);
#1864=ORIENTED_EDGE('',*,*,#2673,.T.);
#1865=ORIENTED_EDGE('',*,*,#2686,.F.);
#1866=ORIENTED_EDGE('',*,*,#2504,.T.);
#1867=ORIENTED_EDGE('',*,*,#2894,.T.);
#1868=ORIENTED_EDGE('',*,*,#2704,.T.);
#1869=ORIENTED_EDGE('',*,*,#2749,.T.);
#1870=ORIENTED_EDGE('',*,*,#2705,.T.);
#1871=ORIENTED_EDGE('',*,*,#2894,.F.);
#1872=ORIENTED_EDGE('',*,*,#2503,.F.);
#1873=ORIENTED_EDGE('',*,*,#2895,.T.);
#1874=ORIENTED_EDGE('',*,*,#2755,.T.);
#1875=ORIENTED_EDGE('',*,*,#2482,.T.);
#1876=ORIENTED_EDGE('',*,*,#2706,.T.);
#1877=ORIENTED_EDGE('',*,*,#2895,.F.);
#1878=ORIENTED_EDGE('',*,*,#2502,.F.);
#1879=ORIENTED_EDGE('',*,*,#2859,.F.);
#1880=ORIENTED_EDGE('',*,*,#2845,.T.);
#1881=ORIENTED_EDGE('',*,*,#2830,.T.);
#1882=ORIENTED_EDGE('',*,*,#2815,.T.);
#1883=ORIENTED_EDGE('',*,*,#2800,.T.);
#1884=ORIENTED_EDGE('',*,*,#2785,.T.);
#1885=ORIENTED_EDGE('',*,*,#2770,.T.);
#1886=ORIENTED_EDGE('',*,*,#2766,.T.);
#1887=ORIENTED_EDGE('',*,*,#2781,.T.);
#1888=ORIENTED_EDGE('',*,*,#2796,.T.);
#1889=ORIENTED_EDGE('',*,*,#2811,.T.);
#1890=ORIENTED_EDGE('',*,*,#2826,.T.);
#1891=ORIENTED_EDGE('',*,*,#2841,.T.);
#1892=ORIENTED_EDGE('',*,*,#2856,.T.);
#1893=ORIENTED_EDGE('',*,*,#2866,.F.);
#1894=ORIENTED_EDGE('',*,*,#2537,.T.);
#1895=ORIENTED_EDGE('',*,*,#2896,.T.);
#1896=ORIENTED_EDGE('',*,*,#2700,.T.);
#1897=ORIENTED_EDGE('',*,*,#2744,.T.);
#1898=ORIENTED_EDGE('',*,*,#2750,.F.);
#1899=ORIENTED_EDGE('',*,*,#2702,.F.);
#1900=ORIENTED_EDGE('',*,*,#2897,.F.);
#1901=ORIENTED_EDGE('',*,*,#2535,.F.);
#1902=ORIENTED_EDGE('',*,*,#2688,.T.);
#1903=ORIENTED_EDGE('',*,*,#2675,.F.);
#1904=ORIENTED_EDGE('',*,*,#2657,.F.);
#1905=ORIENTED_EDGE('',*,*,#2639,.F.);
#1906=ORIENTED_EDGE('',*,*,#2621,.F.);
#1907=ORIENTED_EDGE('',*,*,#2603,.F.);
#1908=ORIENTED_EDGE('',*,*,#2585,.F.);
#1909=ORIENTED_EDGE('',*,*,#2567,.F.);
#1910=ORIENTED_EDGE('',*,*,#2701,.T.);
#1911=ORIENTED_EDGE('',*,*,#2896,.F.);
#1912=ORIENTED_EDGE('',*,*,#2536,.F.);
#1913=ORIENTED_EDGE('',*,*,#2897,.T.);
#1914=ORIENTED_EDGE('',*,*,#2763,.T.);
#1915=ORIENTED_EDGE('',*,*,#2778,.T.);
#1916=ORIENTED_EDGE('',*,*,#2793,.T.);
#1917=ORIENTED_EDGE('',*,*,#2808,.T.);
#1918=ORIENTED_EDGE('',*,*,#2823,.T.);
#1919=ORIENTED_EDGE('',*,*,#2838,.T.);
#1920=ORIENTED_EDGE('',*,*,#2853,.T.);
#1921=ORIENTED_EDGE('',*,*,#2864,.F.);
#1922=ORIENTED_EDGE('',*,*,#2529,.T.);
#1923=ORIENTED_EDGE('',*,*,#2898,.T.);
#1924=ORIENTED_EDGE('',*,*,#2696,.T.);
#1925=ORIENTED_EDGE('',*,*,#2738,.T.);
#1926=ORIENTED_EDGE('',*,*,#2745,.F.);
#1927=ORIENTED_EDGE('',*,*,#2698,.F.);
#1928=ORIENTED_EDGE('',*,*,#2899,.F.);
#1929=ORIENTED_EDGE('',*,*,#2527,.F.);
#1930=ORIENTED_EDGE('',*,*,#2684,.T.);
#1931=ORIENTED_EDGE('',*,*,#2669,.F.);
#1932=ORIENTED_EDGE('',*,*,#2651,.F.);
#1933=ORIENTED_EDGE('',*,*,#2633,.F.);
#1934=ORIENTED_EDGE('',*,*,#2615,.F.);
#1935=ORIENTED_EDGE('',*,*,#2597,.F.);
#1936=ORIENTED_EDGE('',*,*,#2579,.F.);
#1937=ORIENTED_EDGE('',*,*,#2559,.F.);
#1938=ORIENTED_EDGE('',*,*,#2697,.T.);
#1939=ORIENTED_EDGE('',*,*,#2898,.F.);
#1940=ORIENTED_EDGE('',*,*,#2528,.F.);
#1941=ORIENTED_EDGE('',*,*,#2899,.T.);
#1942=ORIENTED_EDGE('',*,*,#2760,.T.);
#1943=ORIENTED_EDGE('',*,*,#2775,.T.);
#1944=ORIENTED_EDGE('',*,*,#2790,.T.);
#1945=ORIENTED_EDGE('',*,*,#2805,.T.);
#1946=ORIENTED_EDGE('',*,*,#2820,.T.);
#1947=ORIENTED_EDGE('',*,*,#2835,.T.);
#1948=ORIENTED_EDGE('',*,*,#2850,.T.);
#1949=ORIENTED_EDGE('',*,*,#2862,.F.);
#1950=ORIENTED_EDGE('',*,*,#2521,.T.);
#1951=ORIENTED_EDGE('',*,*,#2900,.T.);
#1952=ORIENTED_EDGE('',*,*,#2692,.T.);
#1953=ORIENTED_EDGE('',*,*,#2732,.T.);
#1954=ORIENTED_EDGE('',*,*,#2739,.F.);
#1955=ORIENTED_EDGE('',*,*,#2694,.F.);
#1956=ORIENTED_EDGE('',*,*,#2901,.F.);
#1957=ORIENTED_EDGE('',*,*,#2519,.F.);
#1958=ORIENTED_EDGE('',*,*,#2682,.T.);
#1959=ORIENTED_EDGE('',*,*,#2666,.F.);
#1960=ORIENTED_EDGE('',*,*,#2648,.F.);
#1961=ORIENTED_EDGE('',*,*,#2630,.F.);
#1962=ORIENTED_EDGE('',*,*,#2612,.F.);
#1963=ORIENTED_EDGE('',*,*,#2594,.F.);
#1964=ORIENTED_EDGE('',*,*,#2576,.F.);
#1965=ORIENTED_EDGE('',*,*,#2555,.F.);
#1966=ORIENTED_EDGE('',*,*,#2693,.T.);
#1967=ORIENTED_EDGE('',*,*,#2900,.F.);
#1968=ORIENTED_EDGE('',*,*,#2520,.F.);
#1969=ORIENTED_EDGE('',*,*,#2901,.T.);
#1970=ORIENTED_EDGE('',*,*,#2689,.T.);
#1971=ORIENTED_EDGE('',*,*,#2902,.F.);
#1972=ORIENTED_EDGE('',*,*,#2512,.F.);
#1973=ORIENTED_EDGE('',*,*,#2903,.T.);
#1974=ORIENTED_EDGE('',*,*,#2733,.F.);
#1975=ORIENTED_EDGE('',*,*,#2690,.F.);
#1976=ORIENTED_EDGE('',*,*,#2903,.F.);
#1977=ORIENTED_EDGE('',*,*,#2511,.F.);
#1978=ORIENTED_EDGE('',*,*,#2680,.T.);
#1979=ORIENTED_EDGE('',*,*,#2663,.F.);
#1980=ORIENTED_EDGE('',*,*,#2645,.F.);
#1981=ORIENTED_EDGE('',*,*,#2627,.F.);
#1982=ORIENTED_EDGE('',*,*,#2609,.F.);
#1983=ORIENTED_EDGE('',*,*,#2591,.F.);
#1984=ORIENTED_EDGE('',*,*,#2573,.F.);
#1985=ORIENTED_EDGE('',*,*,#2551,.F.);
#1986=ORIENTED_EDGE('',*,*,#2754,.T.);
#1987=ORIENTED_EDGE('',*,*,#2769,.T.);
#1988=ORIENTED_EDGE('',*,*,#2784,.T.);
#1989=ORIENTED_EDGE('',*,*,#2799,.T.);
#1990=ORIENTED_EDGE('',*,*,#2814,.T.);
#1991=ORIENTED_EDGE('',*,*,#2829,.T.);
#1992=ORIENTED_EDGE('',*,*,#2844,.T.);
#1993=ORIENTED_EDGE('',*,*,#2858,.F.);
#1994=ORIENTED_EDGE('',*,*,#2513,.T.);
#1995=ORIENTED_EDGE('',*,*,#2902,.T.);
#1996=ORIENTED_EDGE('',*,*,#2710,.T.);
#1997=ORIENTED_EDGE('',*,*,#2542,.T.);
#1998=ORIENTED_EDGE('',*,*,#2565,.T.);
#1999=ORIENTED_EDGE('',*,*,#2584,.T.);
#2000=ORIENTED_EDGE('',*,*,#2602,.T.);
#2001=ORIENTED_EDGE('',*,*,#2620,.T.);
#2002=ORIENTED_EDGE('',*,*,#2638,.T.);
#2003=ORIENTED_EDGE('',*,*,#2656,.T.);
#2004=ORIENTED_EDGE('',*,*,#2674,.T.);
#2005=ORIENTED_EDGE('',*,*,#2687,.F.);
#2006=ORIENTED_EDGE('',*,*,#2533,.T.);
#2007=ORIENTED_EDGE('',*,*,#2719,.T.);
#2008=ORIENTED_EDGE('',*,*,#2904,.T.);
#2009=ORIENTED_EDGE('',*,*,#2751,.T.);
#2010=ORIENTED_EDGE('',*,*,#2718,.T.);
#2011=ORIENTED_EDGE('',*,*,#2905,.T.);
#2012=ORIENTED_EDGE('',*,*,#2747,.T.);
#2013=ORIENTED_EDGE('',*,*,#2904,.F.);
#2014=ORIENTED_EDGE('',*,*,#2561,.F.);
#2015=ORIENTED_EDGE('',*,*,#2748,.F.);
#2016=ORIENTED_EDGE('',*,*,#2905,.F.);
#2017=ORIENTED_EDGE('',*,*,#2717,.F.);
#2018=ORIENTED_EDGE('',*,*,#2498,.F.);
#2019=ORIENTED_EDGE('',*,*,#2685,.T.);
#2020=ORIENTED_EDGE('',*,*,#2671,.F.);
#2021=ORIENTED_EDGE('',*,*,#2653,.F.);
#2022=ORIENTED_EDGE('',*,*,#2635,.F.);
#2023=ORIENTED_EDGE('',*,*,#2617,.F.);
#2024=ORIENTED_EDGE('',*,*,#2599,.F.);
#2025=ORIENTED_EDGE('',*,*,#2581,.F.);
#2026=ORIENTED_EDGE('',*,*,#2742,.F.);
#2027=ORIENTED_EDGE('',*,*,#2906,.F.);
#2028=ORIENTED_EDGE('',*,*,#2720,.F.);
#2029=ORIENTED_EDGE('',*,*,#2531,.F.);
#2030=ORIENTED_EDGE('',*,*,#2865,.T.);
#2031=ORIENTED_EDGE('',*,*,#2854,.F.);
#2032=ORIENTED_EDGE('',*,*,#2839,.F.);
#2033=ORIENTED_EDGE('',*,*,#2824,.F.);
#2034=ORIENTED_EDGE('',*,*,#2809,.F.);
#2035=ORIENTED_EDGE('',*,*,#2794,.F.);
#2036=ORIENTED_EDGE('',*,*,#2779,.F.);
#2037=ORIENTED_EDGE('',*,*,#2764,.F.);
#2038=ORIENTED_EDGE('',*,*,#2557,.T.);
#2039=ORIENTED_EDGE('',*,*,#2578,.T.);
#2040=ORIENTED_EDGE('',*,*,#2596,.T.);
#2041=ORIENTED_EDGE('',*,*,#2614,.T.);
#2042=ORIENTED_EDGE('',*,*,#2632,.T.);
#2043=ORIENTED_EDGE('',*,*,#2650,.T.);
#2044=ORIENTED_EDGE('',*,*,#2668,.T.);
#2045=ORIENTED_EDGE('',*,*,#2683,.F.);
#2046=ORIENTED_EDGE('',*,*,#2525,.T.);
#2047=ORIENTED_EDGE('',*,*,#2722,.T.);
#2048=ORIENTED_EDGE('',*,*,#2907,.T.);
#2049=ORIENTED_EDGE('',*,*,#2746,.T.);
#2050=ORIENTED_EDGE('',*,*,#2721,.T.);
#2051=ORIENTED_EDGE('',*,*,#2906,.T.);
#2052=ORIENTED_EDGE('',*,*,#2741,.T.);
#2053=ORIENTED_EDGE('',*,*,#2907,.F.);
#2054=ORIENTED_EDGE('',*,*,#2736,.F.);
#2055=ORIENTED_EDGE('',*,*,#2908,.F.);
#2056=ORIENTED_EDGE('',*,*,#2723,.F.);
#2057=ORIENTED_EDGE('',*,*,#2523,.F.);
#2058=ORIENTED_EDGE('',*,*,#2863,.T.);
#2059=ORIENTED_EDGE('',*,*,#2851,.F.);
#2060=ORIENTED_EDGE('',*,*,#2836,.F.);
#2061=ORIENTED_EDGE('',*,*,#2821,.F.);
#2062=ORIENTED_EDGE('',*,*,#2806,.F.);
#2063=ORIENTED_EDGE('',*,*,#2791,.F.);
#2064=ORIENTED_EDGE('',*,*,#2776,.F.);
#2065=ORIENTED_EDGE('',*,*,#2761,.F.);
#2066=ORIENTED_EDGE('',*,*,#2553,.T.);
#2067=ORIENTED_EDGE('',*,*,#2575,.T.);
#2068=ORIENTED_EDGE('',*,*,#2593,.T.);
#2069=ORIENTED_EDGE('',*,*,#2611,.T.);
#2070=ORIENTED_EDGE('',*,*,#2629,.T.);
#2071=ORIENTED_EDGE('',*,*,#2647,.T.);
#2072=ORIENTED_EDGE('',*,*,#2665,.T.);
#2073=ORIENTED_EDGE('',*,*,#2681,.F.);
#2074=ORIENTED_EDGE('',*,*,#2517,.T.);
#2075=ORIENTED_EDGE('',*,*,#2725,.T.);
#2076=ORIENTED_EDGE('',*,*,#2909,.T.);
#2077=ORIENTED_EDGE('',*,*,#2740,.T.);
#2078=ORIENTED_EDGE('',*,*,#2724,.T.);
#2079=ORIENTED_EDGE('',*,*,#2908,.T.);
#2080=ORIENTED_EDGE('',*,*,#2735,.T.);
#2081=ORIENTED_EDGE('',*,*,#2909,.F.);
#2082=ORIENTED_EDGE('',*,*,#2730,.F.);
#2083=ORIENTED_EDGE('',*,*,#2910,.F.);
#2084=ORIENTED_EDGE('',*,*,#2726,.F.);
#2085=ORIENTED_EDGE('',*,*,#2515,.F.);
#2086=ORIENTED_EDGE('',*,*,#2861,.T.);
#2087=ORIENTED_EDGE('',*,*,#2848,.F.);
#2088=ORIENTED_EDGE('',*,*,#2833,.F.);
#2089=ORIENTED_EDGE('',*,*,#2818,.F.);
#2090=ORIENTED_EDGE('',*,*,#2803,.F.);
#2091=ORIENTED_EDGE('',*,*,#2788,.F.);
#2092=ORIENTED_EDGE('',*,*,#2773,.F.);
#2093=ORIENTED_EDGE('',*,*,#2758,.F.);
#2094=ORIENTED_EDGE('',*,*,#2549,.T.);
#2095=ORIENTED_EDGE('',*,*,#2572,.T.);
#2096=ORIENTED_EDGE('',*,*,#2590,.T.);
#2097=ORIENTED_EDGE('',*,*,#2608,.T.);
#2098=ORIENTED_EDGE('',*,*,#2626,.T.);
#2099=ORIENTED_EDGE('',*,*,#2644,.T.);
#2100=ORIENTED_EDGE('',*,*,#2662,.T.);
#2101=ORIENTED_EDGE('',*,*,#2679,.F.);
#2102=ORIENTED_EDGE('',*,*,#2509,.T.);
#2103=ORIENTED_EDGE('',*,*,#2728,.T.);
#2104=ORIENTED_EDGE('',*,*,#2911,.T.);
#2105=ORIENTED_EDGE('',*,*,#2734,.T.);
#2106=ORIENTED_EDGE('',*,*,#2727,.T.);
#2107=ORIENTED_EDGE('',*,*,#2910,.T.);
#2108=ORIENTED_EDGE('',*,*,#2729,.T.);
#2109=ORIENTED_EDGE('',*,*,#2911,.F.);
#2110=ORIENTED_EDGE('',*,*,#2712,.T.);
#2111=ORIENTED_EDGE('',*,*,#2912,.T.);
#2112=ORIENTED_EDGE('',*,*,#2539,.T.);
#2113=ORIENTED_EDGE('',*,*,#2913,.F.);
#2114=ORIENTED_EDGE('',*,*,#2540,.F.);
#2115=ORIENTED_EDGE('',*,*,#2912,.F.);
#2116=ORIENTED_EDGE('',*,*,#2711,.F.);
#2117=ORIENTED_EDGE('',*,*,#2507,.F.);
#2118=ORIENTED_EDGE('',*,*,#2857,.T.);
#2119=ORIENTED_EDGE('',*,*,#2842,.F.);
#2120=ORIENTED_EDGE('',*,*,#2827,.F.);
#2121=ORIENTED_EDGE('',*,*,#2812,.F.);
#2122=ORIENTED_EDGE('',*,*,#2797,.F.);
#2123=ORIENTED_EDGE('',*,*,#2782,.F.);
#2124=ORIENTED_EDGE('',*,*,#2767,.F.);
#2125=ORIENTED_EDGE('',*,*,#2752,.F.);
#2126=ORIENTED_EDGE('',*,*,#2546,.T.);
#2127=ORIENTED_EDGE('',*,*,#2569,.T.);
#2128=ORIENTED_EDGE('',*,*,#2587,.T.);
#2129=ORIENTED_EDGE('',*,*,#2605,.T.);
#2130=ORIENTED_EDGE('',*,*,#2623,.T.);
#2131=ORIENTED_EDGE('',*,*,#2641,.T.);
#2132=ORIENTED_EDGE('',*,*,#2659,.T.);
#2133=ORIENTED_EDGE('',*,*,#2677,.F.);
#2134=ORIENTED_EDGE('',*,*,#2490,.T.);
#2135=ORIENTED_EDGE('',*,*,#2713,.T.);
#2136=ORIENTED_EDGE('',*,*,#2913,.T.);
#2137=ORIENTED_EDGE('',*,*,#2538,.T.);
#2138=VERTEX_POINT('',#4121);
#2139=VERTEX_POINT('',#4132);
#2140=VERTEX_POINT('',#4133);
#2141=VERTEX_POINT('',#4149);
#2142=VERTEX_POINT('',#4150);
#2143=VERTEX_POINT('',#4152);
#2144=VERTEX_POINT('',#4154);
#2145=VERTEX_POINT('',#4156);
#2146=VERTEX_POINT('',#4158);
#2147=VERTEX_POINT('',#4165);
#2148=VERTEX_POINT('',#4169);
#2149=VERTEX_POINT('',#4170);
#2150=VERTEX_POINT('',#4172);
#2151=VERTEX_POINT('',#4174);
#2152=VERTEX_POINT('',#4181);
#2153=VERTEX_POINT('',#4182);
#2154=VERTEX_POINT('',#4184);
#2155=VERTEX_POINT('',#4186);
#2156=VERTEX_POINT('',#4188);
#2157=VERTEX_POINT('',#4190);
#2158=VERTEX_POINT('',#4197);
#2159=VERTEX_POINT('',#4204);
#2160=VERTEX_POINT('',#4205);
#2161=VERTEX_POINT('',#4207);
#2162=VERTEX_POINT('',#4209);
#2163=VERTEX_POINT('',#4211);
#2164=VERTEX_POINT('',#4213);
#2165=VERTEX_POINT('',#4220);
#2166=VERTEX_POINT('',#4224);
#2167=VERTEX_POINT('',#4225);
#2168=VERTEX_POINT('',#4227);
#2169=VERTEX_POINT('',#4229);
#2170=VERTEX_POINT('',#4231);
#2171=VERTEX_POINT('',#4233);
#2172=VERTEX_POINT('',#4235);
#2173=VERTEX_POINT('',#4237);
#2174=VERTEX_POINT('',#4241);
#2175=VERTEX_POINT('',#4242);
#2176=VERTEX_POINT('',#4244);
#2177=VERTEX_POINT('',#4246);
#2178=VERTEX_POINT('',#4248);
#2179=VERTEX_POINT('',#4250);
#2180=VERTEX_POINT('',#4252);
#2181=VERTEX_POINT('',#4254);
#2182=VERTEX_POINT('',#4258);
#2183=VERTEX_POINT('',#4259);
#2184=VERTEX_POINT('',#4261);
#2185=VERTEX_POINT('',#4263);
#2186=VERTEX_POINT('',#4265);
#2187=VERTEX_POINT('',#4267);
#2188=VERTEX_POINT('',#4269);
#2189=VERTEX_POINT('',#4271);
#2190=VERTEX_POINT('',#4275);
#2191=VERTEX_POINT('',#4276);
#2192=VERTEX_POINT('',#4278);
#2193=VERTEX_POINT('',#4280);
#2194=VERTEX_POINT('',#4282);
#2195=VERTEX_POINT('',#4284);
#2196=VERTEX_POINT('',#4286);
#2197=VERTEX_POINT('',#4288);
#2198=VERTEX_POINT('',#4292);
#2199=VERTEX_POINT('',#4293);
#2200=VERTEX_POINT('',#4295);
#2201=VERTEX_POINT('',#4297);
#2202=VERTEX_POINT('',#4299);
#2203=VERTEX_POINT('',#4301);
#2204=VERTEX_POINT('',#4303);
#2205=VERTEX_POINT('',#4305);
#2206=VERTEX_POINT('',#4309);
#2207=VERTEX_POINT('',#4310);
#2208=VERTEX_POINT('',#4312);
#2209=VERTEX_POINT('',#4314);
#2210=VERTEX_POINT('',#4316);
#2211=VERTEX_POINT('',#4318);
#2212=VERTEX_POINT('',#4320);
#2213=VERTEX_POINT('',#4322);
#2214=VERTEX_POINT('',#4326);
#2215=VERTEX_POINT('',#4327);
#2216=VERTEX_POINT('',#4329);
#2217=VERTEX_POINT('',#4331);
#2218=VERTEX_POINT('',#4333);
#2219=VERTEX_POINT('',#4335);
#2220=VERTEX_POINT('',#4337);
#2221=VERTEX_POINT('',#4339);
#2222=VERTEX_POINT('',#4343);
#2223=VERTEX_POINT('',#4344);
#2224=VERTEX_POINT('',#4346);
#2225=VERTEX_POINT('',#4348);
#2226=VERTEX_POINT('',#4350);
#2227=VERTEX_POINT('',#4352);
#2228=VERTEX_POINT('',#4354);
#2229=VERTEX_POINT('',#4356);
#2230=VERTEX_POINT('',#4363);
#2231=VERTEX_POINT('',#4371);
#2232=VERTEX_POINT('',#4381);
#2233=VERTEX_POINT('',#4382);
#2234=VERTEX_POINT('',#4384);
#2235=VERTEX_POINT('',#4389);
#2236=VERTEX_POINT('',#4396);
#2237=VERTEX_POINT('',#4397);
#2238=VERTEX_POINT('',#4399);
#2239=VERTEX_POINT('',#4404);
#2240=VERTEX_POINT('',#4411);
#2241=VERTEX_POINT('',#4412);
#2242=VERTEX_POINT('',#4414);
#2243=VERTEX_POINT('',#4419);
#2244=VERTEX_POINT('',#4426);
#2245=VERTEX_POINT('',#4427);
#2246=VERTEX_POINT('',#4429);
#2247=VERTEX_POINT('',#4434);
#2248=VERTEX_POINT('',#4444);
#2249=VERTEX_POINT('',#4445);
#2250=VERTEX_POINT('',#4447);
#2251=VERTEX_POINT('',#4452);
#2252=VERTEX_POINT('',#4477);
#2253=VERTEX_POINT('',#4500);
#2254=VERTEX_POINT('',#4528);
#2255=VERTEX_POINT('',#4551);
#2256=VERTEX_POINT('',#4576);
#2257=VERTEX_POINT('',#4599);
#2258=VERTEX_POINT('',#4624);
#2259=VERTEX_POINT('',#4650);
#2260=VERTEX_POINT('',#4675);
#2261=VERTEX_POINT('',#4677);
#2262=VERTEX_POINT('',#4723);
#2263=VERTEX_POINT('',#4746);
#2264=VERTEX_POINT('',#4750);
#2265=VERTEX_POINT('',#4752);
#2266=VERTEX_POINT('',#4756);
#2267=VERTEX_POINT('',#4758);
#2268=VERTEX_POINT('',#4762);
#2269=VERTEX_POINT('',#4764);
#2270=VERTEX_POINT('',#4768);
#2271=VERTEX_POINT('',#4770);
#2272=VERTEX_POINT('',#4774);
#2273=VERTEX_POINT('',#4776);
#2274=VERTEX_POINT('',#4780);
#2275=VERTEX_POINT('',#4782);
#2276=VERTEX_POINT('',#4786);
#2277=VERTEX_POINT('',#4788);
#2278=VERTEX_POINT('',#4792);
#2279=VERTEX_POINT('',#4794);
#2280=VERTEX_POINT('',#4798);
#2281=VERTEX_POINT('',#4800);
#2282=VERTEX_POINT('',#4804);
#2283=VERTEX_POINT('',#4806);
#2284=VERTEX_POINT('',#4810);
#2285=VERTEX_POINT('',#4812);
#2286=VERTEX_POINT('',#4816);
#2287=VERTEX_POINT('',#4818);
#2288=VERTEX_POINT('',#4822);
#2289=VERTEX_POINT('',#4824);
#2290=VERTEX_POINT('',#4828);
#2291=VERTEX_POINT('',#4830);
#2292=VERTEX_POINT('',#4834);
#2293=VERTEX_POINT('',#4836);
#2294=VERTEX_POINT('',#4840);
#2295=VERTEX_POINT('',#4842);
#2296=VERTEX_POINT('',#4846);
#2297=VERTEX_POINT('',#4848);
#2298=VERTEX_POINT('',#4852);
#2299=VERTEX_POINT('',#4854);
#2300=VERTEX_POINT('',#4876);
#2301=VERTEX_POINT('',#4896);
#2302=VERTEX_POINT('',#4921);
#2303=VERTEX_POINT('',#4941);
#2304=VERTEX_POINT('',#4963);
#2305=VERTEX_POINT('',#4983);
#2306=VERTEX_POINT('',#5005);
#2307=VERTEX_POINT('',#5025);
#2308=VERTEX_POINT('',#5047);
#2309=VERTEX_POINT('',#5049);
#2310=VERTEX_POINT('',#5089);
#2311=VERTEX_POINT('',#5109);
#2312=VERTEX_POINT('',#5116);
#2313=VERTEX_POINT('',#5124);
#2314=VERTEX_POINT('',#5134);
#2315=VERTEX_POINT('',#5139);
#2316=VERTEX_POINT('',#5146);
#2317=VERTEX_POINT('',#5151);
#2318=VERTEX_POINT('',#5158);
#2319=VERTEX_POINT('',#5166);
#2320=VERTEX_POINT('',#5173);
#2321=VERTEX_POINT('',#5175);
#2322=VERTEX_POINT('',#5188);
#2323=VERTEX_POINT('',#5193);
#2324=VERTEX_POINT('',#5398);
#2325=VERTEX_POINT('',#5399);
#2326=VERTEX_POINT('',#5401);
#2327=VERTEX_POINT('',#5403);
#2328=VERTEX_POINT('',#5405);
#2329=VERTEX_POINT('',#5407);
#2330=VERTEX_POINT('',#5409);
#2331=VERTEX_POINT('',#5411);
#2332=VERTEX_POINT('',#5413);
#2333=VERTEX_POINT('',#5415);
#2334=VERTEX_POINT('',#5417);
#2335=VERTEX_POINT('',#5419);
#2336=VERTEX_POINT('',#5421);
#2337=VERTEX_POINT('',#5423);
#2338=VERTEX_POINT('',#5425);
#2339=VERTEX_POINT('',#5427);
#2340=VERTEX_POINT('',#5429);
#2341=VERTEX_POINT('',#5431);
#2342=VERTEX_POINT('',#5434);
#2343=VERTEX_POINT('',#5436);
#2344=VERTEX_POINT('',#5440);
#2345=VERTEX_POINT('',#5442);
#2346=VERTEX_POINT('',#5445);
#2347=VERTEX_POINT('',#5447);
#2348=VERTEX_POINT('',#5450);
#2349=VERTEX_POINT('',#5452);
#2350=VERTEX_POINT('',#5455);
#2351=VERTEX_POINT('',#5457);
#2352=VERTEX_POINT('',#5460);
#2353=VERTEX_POINT('',#5462);
#2354=VERTEX_POINT('',#5465);
#2355=VERTEX_POINT('',#5467);
#2356=VERTEX_POINT('',#5472);
#2357=VERTEX_POINT('',#5473);
#2358=VERTEX_POINT('',#5475);
#2359=VERTEX_POINT('',#5477);
#2360=VERTEX_POINT('',#5483);
#2361=VERTEX_POINT('',#5484);
#2362=VERTEX_POINT('',#5486);
#2363=VERTEX_POINT('',#5488);
#2364=VERTEX_POINT('',#5494);
#2365=VERTEX_POINT('',#5495);
#2366=VERTEX_POINT('',#5497);
#2367=VERTEX_POINT('',#5499);
#2368=VERTEX_POINT('',#5505);
#2369=VERTEX_POINT('',#5506);
#2370=VERTEX_POINT('',#5516);
#2371=VERTEX_POINT('',#5518);
#2372=VERTEX_POINT('',#5528);
#2373=VERTEX_POINT('',#5530);
#2374=VERTEX_POINT('',#5543);
#2375=VERTEX_POINT('',#5545);
#2376=VERTEX_POINT('',#5555);
#2377=VERTEX_POINT('',#5557);
#2378=VERTEX_POINT('',#5567);
#2379=VERTEX_POINT('',#5569);
#2380=VERTEX_POINT('',#5597);
#2381=VERTEX_POINT('',#5599);
#2382=VERTEX_POINT('',#5645);
#2383=VERTEX_POINT('',#5647);
#2384=VERTEX_POINT('',#5696);
#2385=VERTEX_POINT('',#5698);
#2386=VERTEX_POINT('',#5744);
#2387=VERTEX_POINT('',#5746);
#2388=VERTEX_POINT('',#5795);
#2389=VERTEX_POINT('',#5797);
#2390=VERTEX_POINT('',#5822);
#2391=VERTEX_POINT('',#5824);
#2392=VERTEX_POINT('',#5828);
#2393=VERTEX_POINT('',#5830);
#2394=VERTEX_POINT('',#5834);
#2395=VERTEX_POINT('',#5836);
#2396=VERTEX_POINT('',#5840);
#2397=VERTEX_POINT('',#5842);
#2398=VERTEX_POINT('',#5846);
#2399=VERTEX_POINT('',#5848);
#2400=VERTEX_POINT('',#5852);
#2401=VERTEX_POINT('',#5854);
#2402=VERTEX_POINT('',#5858);
#2403=VERTEX_POINT('',#5860);
#2404=VERTEX_POINT('',#5864);
#2405=VERTEX_POINT('',#5866);
#2406=VERTEX_POINT('',#5870);
#2407=VERTEX_POINT('',#5872);
#2408=VERTEX_POINT('',#5876);
#2409=VERTEX_POINT('',#5878);
#2410=VERTEX_POINT('',#5882);
#2411=VERTEX_POINT('',#5884);
#2412=VERTEX_POINT('',#5888);
#2413=VERTEX_POINT('',#5890);
#2414=VERTEX_POINT('',#5894);
#2415=VERTEX_POINT('',#5896);
#2416=VERTEX_POINT('',#5900);
#2417=VERTEX_POINT('',#5902);
#2418=VERTEX_POINT('',#5906);
#2419=VERTEX_POINT('',#5908);
#2420=VERTEX_POINT('',#5930);
#2421=VERTEX_POINT('',#5932);
#2422=VERTEX_POINT('',#5972);
#2423=VERTEX_POINT('',#5974);
#2424=VERTEX_POINT('',#6017);
#2425=VERTEX_POINT('',#6019);
#2426=VERTEX_POINT('',#6059);
#2427=VERTEX_POINT('',#6061);
#2428=VERTEX_POINT('',#6101);
#2429=VERTEX_POINT('',#6103);
#2430=VERTEX_POINT('',#6128);
#2431=VERTEX_POINT('',#6130);
#2432=VERTEX_POINT('',#6143);
#2433=VERTEX_POINT('',#6145);
#2434=VERTEX_POINT('',#6158);
#2435=VERTEX_POINT('',#6160);
#2436=VERTEX_POINT('',#6170);
#2437=VERTEX_POINT('',#6172);
#2438=VERTEX_POINT('',#6185);
#2439=VERTEX_POINT('',#6187);
#2440=VERTEX_POINT('',#6365);
#2441=VERTEX_POINT('',#6367);
#2442=VERTEX_POINT('',#6398);
#2443=VERTEX_POINT('',#6400);
#2444=VERTEX_POINT('',#6425);
#2445=VERTEX_POINT('',#6427);
#2446=VERTEX_POINT('',#6431);
#2447=VERTEX_POINT('',#6433);
#2448=VERTEX_POINT('',#6437);
#2449=VERTEX_POINT('',#6439);
#2450=VERTEX_POINT('',#6461);
#2451=VERTEX_POINT('',#6463);
#2452=VERTEX_POINT('',#6488);
#2453=VERTEX_POINT('',#6490);
#2454=EDGE_CURVE('',#2138,#2138,#2914,.T.);
#2455=EDGE_CURVE('',#2139,#2140,#2915,.T.);
#2456=EDGE_CURVE('',#2140,#2139,#2916,.T.);
#2457=EDGE_CURVE('',#2141,#2142,#2917,.T.);
#2458=EDGE_CURVE('',#2142,#2143,#423,.T.);
#2459=EDGE_CURVE('',#2143,#2144,#424,.T.);
#2460=EDGE_CURVE('',#2144,#2145,#425,.T.);
#2461=EDGE_CURVE('',#2145,#2146,#426,.T.);
#2462=EDGE_CURVE('',#2146,#2147,#2918,.T.);
#2463=EDGE_CURVE('',#2147,#2141,#427,.T.);
#2464=EDGE_CURVE('',#2148,#2149,#428,.T.);
#2465=EDGE_CURVE('',#2149,#2150,#429,.T.);
#2466=EDGE_CURVE('',#2150,#2151,#430,.T.);
#2467=EDGE_CURVE('',#2151,#2148,#431,.T.);
#2468=EDGE_CURVE('',#2152,#2153,#2919,.T.);
#2469=EDGE_CURVE('',#2153,#2154,#432,.T.);
#2470=EDGE_CURVE('',#2154,#2155,#433,.T.);
#2471=EDGE_CURVE('',#2155,#2156,#434,.T.);
#2472=EDGE_CURVE('',#2156,#2157,#435,.T.);
#2473=EDGE_CURVE('',#2157,#2158,#2920,.T.);
#2474=EDGE_CURVE('',#2158,#2152,#436,.T.);
#2475=EDGE_CURVE('',#2159,#2160,#2921,.T.);
#2476=EDGE_CURVE('',#2160,#2161,#437,.T.);
#2477=EDGE_CURVE('',#2161,#2162,#438,.T.);
#2478=EDGE_CURVE('',#2162,#2163,#439,.T.);
#2479=EDGE_CURVE('',#2163,#2164,#440,.T.);
#2480=EDGE_CURVE('',#2164,#2165,#2922,.T.);
#2481=EDGE_CURVE('',#2165,#2159,#441,.T.);
#2482=EDGE_CURVE('',#2166,#2167,#442,.T.);
#2483=EDGE_CURVE('',#2168,#2166,#155,.T.);
#2484=EDGE_CURVE('',#2169,#2168,#443,.T.);
#2485=EDGE_CURVE('',#2170,#2169,#444,.T.);
#2486=EDGE_CURVE('',#2170,#2171,#445,.T.);
#2487=EDGE_CURVE('',#2172,#2171,#156,.T.);
#2488=EDGE_CURVE('',#2173,#2172,#446,.T.);
#2489=EDGE_CURVE('',#2173,#2167,#157,.T.);
#2490=EDGE_CURVE('',#2174,#2175,#447,.T.);
#2491=EDGE_CURVE('',#2174,#2176,#158,.T.);
#2492=EDGE_CURVE('',#2176,#2177,#448,.T.);
#2493=EDGE_CURVE('',#2177,#2178,#449,.T.);
#2494=EDGE_CURVE('',#2179,#2178,#450,.T.);
#2495=EDGE_CURVE('',#2179,#2180,#159,.T.);
#2496=EDGE_CURVE('',#2180,#2181,#451,.T.);
#2497=EDGE_CURVE('',#2181,#2175,#160,.T.);
#2498=EDGE_CURVE('',#2182,#2183,#452,.T.);
#2499=EDGE_CURVE('',#2183,#2184,#161,.T.);
#2500=EDGE_CURVE('',#2185,#2184,#453,.T.);
#2501=EDGE_CURVE('',#2185,#2186,#162,.T.);
#2502=EDGE_CURVE('',#2186,#2187,#454,.T.);
#2503=EDGE_CURVE('',#2187,#2188,#455,.T.);
#2504=EDGE_CURVE('',#2189,#2188,#456,.T.);
#2505=EDGE_CURVE('',#2189,#2182,#163,.T.);
#2506=EDGE_CURVE('',#2190,#2191,#164,.T.);
#2507=EDGE_CURVE('',#2191,#2192,#457,.T.);
#2508=EDGE_CURVE('',#2192,#2193,#165,.T.);
#2509=EDGE_CURVE('',#2194,#2193,#458,.T.);
#2510=EDGE_CURVE('',#2194,#2195,#166,.T.);
#2511=EDGE_CURVE('',#2195,#2196,#459,.T.);
#2512=EDGE_CURVE('',#2196,#2197,#460,.T.);
#2513=EDGE_CURVE('',#2190,#2197,#461,.T.);
#2514=EDGE_CURVE('',#2198,#2199,#167,.T.);
#2515=EDGE_CURVE('',#2199,#2200,#462,.T.);
#2516=EDGE_CURVE('',#2200,#2201,#168,.T.);
#2517=EDGE_CURVE('',#2202,#2201,#463,.T.);
#2518=EDGE_CURVE('',#2202,#2203,#169,.T.);
#2519=EDGE_CURVE('',#2203,#2204,#464,.T.);
#2520=EDGE_CURVE('',#2204,#2205,#465,.T.);
#2521=EDGE_CURVE('',#2198,#2205,#466,.T.);
#2522=EDGE_CURVE('',#2206,#2207,#170,.T.);
#2523=EDGE_CURVE('',#2207,#2208,#467,.T.);
#2524=EDGE_CURVE('',#2208,#2209,#171,.T.);
#2525=EDGE_CURVE('',#2210,#2209,#468,.T.);
#2526=EDGE_CURVE('',#2210,#2211,#172,.T.);
#2527=EDGE_CURVE('',#2211,#2212,#469,.T.);
#2528=EDGE_CURVE('',#2212,#2213,#470,.T.);
#2529=EDGE_CURVE('',#2206,#2213,#471,.T.);
#2530=EDGE_CURVE('',#2214,#2215,#173,.T.);
#2531=EDGE_CURVE('',#2215,#2216,#472,.T.);
#2532=EDGE_CURVE('',#2216,#2217,#174,.T.);
#2533=EDGE_CURVE('',#2218,#2217,#473,.T.);
#2534=EDGE_CURVE('',#2218,#2219,#175,.T.);
#2535=EDGE_CURVE('',#2219,#2220,#474,.T.);
#2536=EDGE_CURVE('',#2220,#2221,#475,.T.);
#2537=EDGE_CURVE('',#2214,#2221,#476,.T.);
#2538=EDGE_CURVE('',#2222,#2223,#477,.T.);
#2539=EDGE_CURVE('',#2224,#2222,#478,.T.);
#2540=EDGE_CURVE('',#2224,#2225,#479,.T.);
#2541=EDGE_CURVE('',#2226,#2225,#176,.T.);
#2542=EDGE_CURVE('',#2227,#2226,#480,.T.);
#2543=EDGE_CURVE('',#2227,#2228,#177,.T.);
#2544=EDGE_CURVE('',#2228,#2229,#481,.T.);
#2545=EDGE_CURVE('',#2223,#2229,#178,.T.);
#2546=EDGE_CURVE('',#2223,#2230,#2923,.T.);
#2547=EDGE_CURVE('',#2229,#2231,#2924,.T.);
#2548=EDGE_CURVE('',#2230,#2231,#179,.T.);
#2549=EDGE_CURVE('',#2232,#2233,#2925,.T.);
#2550=EDGE_CURVE('',#2232,#2234,#180,.T.);
#2551=EDGE_CURVE('',#2234,#2235,#2926,.T.);
#2552=EDGE_CURVE('',#2233,#2235,#181,.T.);
#2553=EDGE_CURVE('',#2236,#2237,#2927,.T.);
#2554=EDGE_CURVE('',#2236,#2238,#182,.T.);
#2555=EDGE_CURVE('',#2238,#2239,#2928,.T.);
#2556=EDGE_CURVE('',#2237,#2239,#183,.T.);
#2557=EDGE_CURVE('',#2240,#2241,#2929,.T.);
#2558=EDGE_CURVE('',#2240,#2242,#184,.T.);
#2559=EDGE_CURVE('',#2242,#2243,#2930,.T.);
#2560=EDGE_CURVE('',#2241,#2243,#185,.T.);
#2561=EDGE_CURVE('',#2244,#2245,#2931,.T.);
#2562=EDGE_CURVE('',#2246,#2245,#186,.T.);
#2563=EDGE_CURVE('',#2247,#2246,#2932,.T.);
#2564=EDGE_CURVE('',#2247,#2244,#187,.T.);
#2565=EDGE_CURVE('',#2248,#2249,#2933,.T.);
#2566=EDGE_CURVE('',#2248,#2250,#188,.T.);
#2567=EDGE_CURVE('',#2250,#2251,#2934,.T.);
#2568=EDGE_CURVE('',#2249,#2251,#189,.T.);
#2569=EDGE_CURVE('',#2230,#2252,#2935,.T.);
#2570=EDGE_CURVE('',#2231,#2253,#2936,.T.);
#2571=EDGE_CURVE('',#2252,#2253,#190,.T.);
#2572=EDGE_CURVE('',#2233,#2254,#2937,.T.);
#2573=EDGE_CURVE('',#2235,#2255,#2938,.T.);
#2574=EDGE_CURVE('',#2254,#2255,#191,.T.);
#2575=EDGE_CURVE('',#2237,#2256,#2939,.T.);
#2576=EDGE_CURVE('',#2239,#2257,#2940,.T.);
#2577=EDGE_CURVE('',#2256,#2257,#192,.T.);
#2578=EDGE_CURVE('',#2241,#2258,#2941,.T.);
#2579=EDGE_CURVE('',#2243,#2259,#2942,.T.);
#2580=EDGE_CURVE('',#2258,#2259,#193,.T.);
#2581=EDGE_CURVE('',#2245,#2260,#2943,.T.);
#2582=EDGE_CURVE('',#2261,#2260,#194,.T.);
#2583=EDGE_CURVE('',#2246,#2261,#2944,.T.);
#2584=EDGE_CURVE('',#2249,#2262,#2945,.T.);
#2585=EDGE_CURVE('',#2251,#2263,#2946,.T.);
#2586=EDGE_CURVE('',#2262,#2263,#195,.T.);
#2587=EDGE_CURVE('',#2252,#2264,#482,.T.);
#2588=EDGE_CURVE('',#2265,#2253,#483,.T.);
#2589=EDGE_CURVE('',#2264,#2265,#196,.T.);
#2590=EDGE_CURVE('',#2254,#2266,#484,.T.);
#2591=EDGE_CURVE('',#2255,#2267,#485,.T.);
#2592=EDGE_CURVE('',#2266,#2267,#197,.T.);
#2593=EDGE_CURVE('',#2256,#2268,#486,.T.);
#2594=EDGE_CURVE('',#2257,#2269,#487,.T.);
#2595=EDGE_CURVE('',#2268,#2269,#198,.T.);
#2596=EDGE_CURVE('',#2258,#2270,#488,.T.);
#2597=EDGE_CURVE('',#2259,#2271,#489,.T.);
#2598=EDGE_CURVE('',#2270,#2271,#199,.T.);
#2599=EDGE_CURVE('',#2260,#2272,#490,.T.);
#2600=EDGE_CURVE('',#2273,#2272,#200,.T.);
#2601=EDGE_CURVE('',#2261,#2273,#491,.T.);
#2602=EDGE_CURVE('',#2262,#2274,#492,.T.);
#2603=EDGE_CURVE('',#2263,#2275,#493,.T.);
#2604=EDGE_CURVE('',#2274,#2275,#201,.T.);
#2605=EDGE_CURVE('',#2264,#2276,#494,.T.);
#2606=EDGE_CURVE('',#2277,#2265,#495,.T.);
#2607=EDGE_CURVE('',#2276,#2277,#202,.T.);
#2608=EDGE_CURVE('',#2266,#2278,#496,.T.);
#2609=EDGE_CURVE('',#2267,#2279,#497,.T.);
#2610=EDGE_CURVE('',#2278,#2279,#203,.T.);
#2611=EDGE_CURVE('',#2268,#2280,#498,.T.);
#2612=EDGE_CURVE('',#2269,#2281,#499,.T.);
#2613=EDGE_CURVE('',#2280,#2281,#204,.T.);
#2614=EDGE_CURVE('',#2270,#2282,#500,.T.);
#2615=EDGE_CURVE('',#2271,#2283,#501,.T.);
#2616=EDGE_CURVE('',#2282,#2283,#205,.T.);
#2617=EDGE_CURVE('',#2272,#2284,#502,.T.);
#2618=EDGE_CURVE('',#2285,#2284,#206,.T.);
#2619=EDGE_CURVE('',#2273,#2285,#503,.T.);
#2620=EDGE_CURVE('',#2274,#2286,#504,.T.);
#2621=EDGE_CURVE('',#2275,#2287,#505,.T.);
#2622=EDGE_CURVE('',#2286,#2287,#207,.T.);
#2623=EDGE_CURVE('',#2276,#2288,#506,.T.);
#2624=EDGE_CURVE('',#2289,#2277,#507,.T.);
#2625=EDGE_CURVE('',#2288,#2289,#208,.T.);
#2626=EDGE_CURVE('',#2278,#2290,#508,.T.);
#2627=EDGE_CURVE('',#2279,#2291,#509,.T.);
#2628=EDGE_CURVE('',#2290,#2291,#209,.T.);
#2629=EDGE_CURVE('',#2280,#2292,#510,.T.);
#2630=EDGE_CURVE('',#2281,#2293,#511,.T.);
#2631=EDGE_CURVE('',#2292,#2293,#210,.T.);
#2632=EDGE_CURVE('',#2282,#2294,#512,.T.);
#2633=EDGE_CURVE('',#2283,#2295,#513,.T.);
#2634=EDGE_CURVE('',#2294,#2295,#211,.T.);
#2635=EDGE_CURVE('',#2284,#2296,#514,.T.);
#2636=EDGE_CURVE('',#2297,#2296,#212,.T.);
#2637=EDGE_CURVE('',#2285,#2297,#515,.T.);
#2638=EDGE_CURVE('',#2286,#2298,#516,.T.);
#2639=EDGE_CURVE('',#2287,#2299,#517,.T.);
#2640=EDGE_CURVE('',#2298,#2299,#213,.T.);
#2641=EDGE_CURVE('',#2288,#2300,#2947,.T.);
#2642=EDGE_CURVE('',#2289,#2301,#2948,.T.);
#2643=EDGE_CURVE('',#2300,#2301,#214,.T.);
#2644=EDGE_CURVE('',#2290,#2302,#2949,.T.);
#2645=EDGE_CURVE('',#2291,#2303,#2950,.T.);
#2646=EDGE_CURVE('',#2302,#2303,#215,.T.);
#2647=EDGE_CURVE('',#2292,#2304,#2951,.T.);
#2648=EDGE_CURVE('',#2293,#2305,#2952,.T.);
#2649=EDGE_CURVE('',#2304,#2305,#216,.T.);
#2650=EDGE_CURVE('',#2294,#2306,#2953,.T.);
#2651=EDGE_CURVE('',#2295,#2307,#2954,.T.);
#2652=EDGE_CURVE('',#2306,#2307,#217,.T.);
#2653=EDGE_CURVE('',#2296,#2308,#2955,.T.);
#2654=EDGE_CURVE('',#2309,#2308,#218,.T.);
#2655=EDGE_CURVE('',#2297,#2309,#2956,.T.);
#2656=EDGE_CURVE('',#2298,#2310,#2957,.T.);
#2657=EDGE_CURVE('',#2299,#2311,#2958,.T.);
#2658=EDGE_CURVE('',#2310,#2311,#219,.T.);
#2659=EDGE_CURVE('',#2300,#2312,#2959,.T.);
#2660=EDGE_CURVE('',#2313,#2301,#2960,.T.);
#2661=EDGE_CURVE('',#2313,#2312,#220,.T.);
#2662=EDGE_CURVE('',#2302,#2314,#2961,.T.);
#2663=EDGE_CURVE('',#2303,#2315,#2962,.T.);
#2664=EDGE_CURVE('',#2315,#2314,#221,.T.);
#2665=EDGE_CURVE('',#2304,#2316,#2963,.T.);
#2666=EDGE_CURVE('',#2305,#2317,#2964,.T.);
#2667=EDGE_CURVE('',#2317,#2316,#222,.T.);
#2668=EDGE_CURVE('',#2306,#2318,#2965,.T.);
#2669=EDGE_CURVE('',#2307,#2319,#2966,.T.);
#2670=EDGE_CURVE('',#2319,#2318,#223,.T.);
#2671=EDGE_CURVE('',#2308,#2320,#2967,.T.);
#2672=EDGE_CURVE('',#2320,#2321,#224,.T.);
#2673=EDGE_CURVE('',#2309,#2321,#2968,.T.);
#2674=EDGE_CURVE('',#2310,#2322,#2969,.T.);
#2675=EDGE_CURVE('',#2311,#2323,#2970,.T.);
#2676=EDGE_CURVE('',#2323,#2322,#225,.T.);
#2677=EDGE_CURVE('',#2174,#2312,#2971,.T.);
#2678=EDGE_CURVE('',#2176,#2313,#2972,.T.);
#2679=EDGE_CURVE('',#2194,#2314,#2973,.T.);
#2680=EDGE_CURVE('',#2195,#2315,#2974,.T.);
#2681=EDGE_CURVE('',#2202,#2316,#2975,.T.);
#2682=EDGE_CURVE('',#2203,#2317,#2976,.T.);
#2683=EDGE_CURVE('',#2210,#2318,#2977,.T.);
#2684=EDGE_CURVE('',#2211,#2319,#2978,.T.);
#2685=EDGE_CURVE('',#2182,#2320,#2979,.T.);
#2686=EDGE_CURVE('',#2189,#2321,#2980,.T.);
#2687=EDGE_CURVE('',#2218,#2322,#2981,.T.);
#2688=EDGE_CURVE('',#2219,#2323,#2982,.T.);
#2689=EDGE_CURVE('',#2324,#2325,#70,.T.);
#2690=EDGE_CURVE('',#2324,#2326,#518,.T.);
#2691=EDGE_CURVE('',#2327,#2326,#226,.T.);
#2692=EDGE_CURVE('',#2328,#2327,#519,.T.);
#2693=EDGE_CURVE('',#2329,#2328,#71,.T.);
#2694=EDGE_CURVE('',#2329,#2330,#520,.T.);
#2695=EDGE_CURVE('',#2331,#2330,#227,.T.);
#2696=EDGE_CURVE('',#2332,#2331,#521,.T.);
#2697=EDGE_CURVE('',#2333,#2332,#72,.T.);
#2698=EDGE_CURVE('',#2333,#2334,#522,.T.);
#2699=EDGE_CURVE('',#2335,#2334,#228,.T.);
#2700=EDGE_CURVE('',#2336,#2335,#523,.T.);
#2701=EDGE_CURVE('',#2337,#2336,#73,.T.);
#2702=EDGE_CURVE('',#2337,#2338,#524,.T.);
#2703=EDGE_CURVE('',#2339,#2338,#229,.T.);
#2704=EDGE_CURVE('',#2340,#2339,#525,.T.);
#2705=EDGE_CURVE('',#2341,#2340,#74,.T.);
#2706=EDGE_CURVE('',#2167,#2341,#526,.T.);
#2707=EDGE_CURVE('',#2342,#2173,#527,.T.);
#2708=EDGE_CURVE('',#2343,#2342,#75,.T.);
#2709=EDGE_CURVE('',#2343,#2228,#528,.T.);
#2710=EDGE_CURVE('',#2325,#2227,#529,.T.);
#2711=EDGE_CURVE('',#2192,#2344,#530,.T.);
#2712=EDGE_CURVE('',#2345,#2344,#76,.T.);
#2713=EDGE_CURVE('',#2175,#2345,#531,.T.);
#2714=EDGE_CURVE('',#2181,#2346,#532,.T.);
#2715=EDGE_CURVE('',#2347,#2346,#77,.T.);
#2716=EDGE_CURVE('',#2184,#2347,#533,.T.);
#2717=EDGE_CURVE('',#2183,#2348,#534,.T.);
#2718=EDGE_CURVE('',#2349,#2348,#78,.T.);
#2719=EDGE_CURVE('',#2217,#2349,#535,.T.);
#2720=EDGE_CURVE('',#2216,#2350,#536,.T.);
#2721=EDGE_CURVE('',#2351,#2350,#79,.T.);
#2722=EDGE_CURVE('',#2209,#2351,#537,.T.);
#2723=EDGE_CURVE('',#2208,#2352,#538,.T.);
#2724=EDGE_CURVE('',#2353,#2352,#80,.T.);
#2725=EDGE_CURVE('',#2201,#2353,#539,.T.);
#2726=EDGE_CURVE('',#2200,#2354,#540,.T.);
#2727=EDGE_CURVE('',#2355,#2354,#81,.T.);
#2728=EDGE_CURVE('',#2193,#2355,#541,.T.);
#2729=EDGE_CURVE('',#2356,#2357,#542,.T.);
#2730=EDGE_CURVE('',#2356,#2358,#543,.T.);
#2731=EDGE_CURVE('',#2359,#2358,#230,.T.);
#2732=EDGE_CURVE('',#2327,#2359,#544,.T.);
#2733=EDGE_CURVE('',#2326,#2234,#545,.T.);
#2734=EDGE_CURVE('',#2357,#2232,#546,.T.);
#2735=EDGE_CURVE('',#2360,#2361,#547,.T.);
#2736=EDGE_CURVE('',#2360,#2362,#548,.T.);
#2737=EDGE_CURVE('',#2363,#2362,#231,.T.);
#2738=EDGE_CURVE('',#2331,#2363,#549,.T.);
#2739=EDGE_CURVE('',#2330,#2238,#550,.T.);
#2740=EDGE_CURVE('',#2361,#2236,#551,.T.);
#2741=EDGE_CURVE('',#2364,#2365,#552,.T.);
#2742=EDGE_CURVE('',#2364,#2366,#553,.T.);
#2743=EDGE_CURVE('',#2367,#2366,#232,.T.);
#2744=EDGE_CURVE('',#2335,#2367,#554,.T.);
#2745=EDGE_CURVE('',#2334,#2242,#555,.T.);
#2746=EDGE_CURVE('',#2365,#2240,#556,.T.);
#2747=EDGE_CURVE('',#2368,#2369,#557,.T.);
#2748=EDGE_CURVE('',#2368,#2244,#558,.T.);
#2749=EDGE_CURVE('',#2339,#2247,#559,.T.);
#2750=EDGE_CURVE('',#2338,#2250,#560,.T.);
#2751=EDGE_CURVE('',#2369,#2248,#561,.T.);
#2752=EDGE_CURVE('',#2225,#2370,#2983,.T.);
#2753=EDGE_CURVE('',#2371,#2370,#233,.T.);
#2754=EDGE_CURVE('',#2226,#2371,#2984,.T.);
#2755=EDGE_CURVE('',#2372,#2166,#2985,.T.);
#2756=EDGE_CURVE('',#2373,#2372,#234,.T.);
#2757=EDGE_CURVE('',#2168,#2373,#2986,.T.);
#2758=EDGE_CURVE('',#2358,#2374,#2987,.T.);
#2759=EDGE_CURVE('',#2375,#2374,#235,.T.);
#2760=EDGE_CURVE('',#2359,#2375,#2988,.T.);
#2761=EDGE_CURVE('',#2362,#2376,#2989,.T.);
#2762=EDGE_CURVE('',#2377,#2376,#236,.T.);
#2763=EDGE_CURVE('',#2363,#2377,#2990,.T.);
#2764=EDGE_CURVE('',#2366,#2378,#2991,.T.);
#2765=EDGE_CURVE('',#2379,#2378,#237,.T.);
#2766=EDGE_CURVE('',#2367,#2379,#2992,.T.);
#2767=EDGE_CURVE('',#2370,#2380,#2993,.T.);
#2768=EDGE_CURVE('',#2381,#2380,#238,.T.);
#2769=EDGE_CURVE('',#2371,#2381,#2994,.T.);
#2770=EDGE_CURVE('',#2382,#2372,#2995,.T.);
#2771=EDGE_CURVE('',#2383,#2382,#239,.T.);
#2772=EDGE_CURVE('',#2373,#2383,#2996,.T.);
#2773=EDGE_CURVE('',#2374,#2384,#2997,.T.);
#2774=EDGE_CURVE('',#2385,#2384,#240,.T.);
#2775=EDGE_CURVE('',#2375,#2385,#2998,.T.);
#2776=EDGE_CURVE('',#2376,#2386,#2999,.T.);
#2777=EDGE_CURVE('',#2387,#2386,#241,.T.);
#2778=EDGE_CURVE('',#2377,#2387,#3000,.T.);
#2779=EDGE_CURVE('',#2378,#2388,#3001,.T.);
#2780=EDGE_CURVE('',#2389,#2388,#242,.T.);
#2781=EDGE_CURVE('',#2379,#2389,#3002,.T.);
#2782=EDGE_CURVE('',#2380,#2390,#562,.T.);
#2783=EDGE_CURVE('',#2391,#2390,#243,.T.);
#2784=EDGE_CURVE('',#2381,#2391,#563,.T.);
#2785=EDGE_CURVE('',#2392,#2382,#564,.T.);
#2786=EDGE_CURVE('',#2393,#2392,#244,.T.);
#2787=EDGE_CURVE('',#2383,#2393,#565,.T.);
#2788=EDGE_CURVE('',#2384,#2394,#566,.T.);
#2789=EDGE_CURVE('',#2395,#2394,#245,.T.);
#2790=EDGE_CURVE('',#2385,#2395,#567,.T.);
#2791=EDGE_CURVE('',#2386,#2396,#568,.T.);
#2792=EDGE_CURVE('',#2397,#2396,#246,.T.);
#2793=EDGE_CURVE('',#2387,#2397,#569,.T.);
#2794=EDGE_CURVE('',#2388,#2398,#570,.T.);
#2795=EDGE_CURVE('',#2399,#2398,#247,.T.);
#2796=EDGE_CURVE('',#2389,#2399,#571,.T.);
#2797=EDGE_CURVE('',#2390,#2400,#572,.T.);
#2798=EDGE_CURVE('',#2401,#2400,#248,.T.);
#2799=EDGE_CURVE('',#2391,#2401,#573,.T.);
#2800=EDGE_CURVE('',#2402,#2392,#574,.T.);
#2801=EDGE_CURVE('',#2403,#2402,#249,.T.);
#2802=EDGE_CURVE('',#2393,#2403,#575,.T.);
#2803=EDGE_CURVE('',#2394,#2404,#576,.T.);
#2804=EDGE_CURVE('',#2405,#2404,#250,.T.);
#2805=EDGE_CURVE('',#2395,#2405,#577,.T.);
#2806=EDGE_CURVE('',#2396,#2406,#578,.T.);
#2807=EDGE_CURVE('',#2407,#2406,#251,.T.);
#2808=EDGE_CURVE('',#2397,#2407,#579,.T.);
#2809=EDGE_CURVE('',#2398,#2408,#580,.T.);
#2810=EDGE_CURVE('',#2409,#2408,#252,.T.);
#2811=EDGE_CURVE('',#2399,#2409,#581,.T.);
#2812=EDGE_CURVE('',#2400,#2410,#582,.T.);
#2813=EDGE_CURVE('',#2411,#2410,#253,.T.);
#2814=EDGE_CURVE('',#2401,#2411,#583,.T.);
#2815=EDGE_CURVE('',#2412,#2402,#584,.T.);
#2816=EDGE_CURVE('',#2413,#2412,#254,.T.);
#2817=EDGE_CURVE('',#2403,#2413,#585,.T.);
#2818=EDGE_CURVE('',#2404,#2414,#586,.T.);
#2819=EDGE_CURVE('',#2415,#2414,#255,.T.);
#2820=EDGE_CURVE('',#2405,#2415,#587,.T.);
#2821=EDGE_CURVE('',#2406,#2416,#588,.T.);
#2822=EDGE_CURVE('',#2417,#2416,#256,.T.);
#2823=EDGE_CURVE('',#2407,#2417,#589,.T.);
#2824=EDGE_CURVE('',#2408,#2418,#590,.T.);
#2825=EDGE_CURVE('',#2419,#2418,#257,.T.);
#2826=EDGE_CURVE('',#2409,#2419,#591,.T.);
#2827=EDGE_CURVE('',#2410,#2420,#3003,.T.);
#2828=EDGE_CURVE('',#2421,#2420,#258,.T.);
#2829=EDGE_CURVE('',#2411,#2421,#3004,.T.);
#2830=EDGE_CURVE('',#2422,#2412,#3005,.T.);
#2831=EDGE_CURVE('',#2423,#2422,#259,.T.);
#2832=EDGE_CURVE('',#2413,#2423,#3006,.T.);
#2833=EDGE_CURVE('',#2414,#2424,#3007,.T.);
#2834=EDGE_CURVE('',#2425,#2424,#260,.T.);
#2835=EDGE_CURVE('',#2415,#2425,#3008,.T.);
#2836=EDGE_CURVE('',#2416,#2426,#3009,.T.);
#2837=EDGE_CURVE('',#2427,#2426,#261,.T.);
#2838=EDGE_CURVE('',#2417,#2427,#3010,.T.);
#2839=EDGE_CURVE('',#2418,#2428,#3011,.T.);
#2840=EDGE_CURVE('',#2429,#2428,#262,.T.);
#2841=EDGE_CURVE('',#2419,#2429,#3012,.T.);
#2842=EDGE_CURVE('',#2420,#2430,#3013,.T.);
#2843=EDGE_CURVE('',#2430,#2431,#263,.T.);
#2844=EDGE_CURVE('',#2421,#2431,#3014,.T.);
#2845=EDGE_CURVE('',#2432,#2422,#3015,.T.);
#2846=EDGE_CURVE('',#2432,#2433,#264,.T.);
#2847=EDGE_CURVE('',#2423,#2433,#3016,.T.);
#2848=EDGE_CURVE('',#2424,#2434,#3017,.T.);
#2849=EDGE_CURVE('',#2434,#2435,#265,.T.);
#2850=EDGE_CURVE('',#2425,#2435,#3018,.T.);
#2851=EDGE_CURVE('',#2426,#2436,#3019,.T.);
#2852=EDGE_CURVE('',#2436,#2437,#266,.T.);
#2853=EDGE_CURVE('',#2427,#2437,#3020,.T.);
#2854=EDGE_CURVE('',#2428,#2438,#3021,.T.);
#2855=EDGE_CURVE('',#2438,#2439,#267,.T.);
#2856=EDGE_CURVE('',#2429,#2439,#3022,.T.);
#2857=EDGE_CURVE('',#2191,#2430,#3023,.T.);
#2858=EDGE_CURVE('',#2190,#2431,#3024,.T.);
#2859=EDGE_CURVE('',#2432,#2186,#3025,.T.);
#2860=EDGE_CURVE('',#2185,#2433,#3026,.T.);
#2861=EDGE_CURVE('',#2199,#2434,#3027,.T.);
#2862=EDGE_CURVE('',#2198,#2435,#3028,.T.);
#2863=EDGE_CURVE('',#2207,#2436,#3029,.T.);
#2864=EDGE_CURVE('',#2206,#2437,#3030,.T.);
#2865=EDGE_CURVE('',#2215,#2438,#3031,.T.);
#2866=EDGE_CURVE('',#2214,#2439,#3032,.T.);
#2867=EDGE_CURVE('',#2171,#2440,#3033,.T.);
#2868=EDGE_CURVE('',#2441,#2440,#268,.T.);
#2869=EDGE_CURVE('',#2172,#2441,#3034,.T.);
#2870=EDGE_CURVE('',#2440,#2442,#3035,.T.);
#2871=EDGE_CURVE('',#2443,#2442,#269,.T.);
#2872=EDGE_CURVE('',#2441,#2443,#3036,.T.);
#2873=EDGE_CURVE('',#2442,#2444,#592,.T.);
#2874=EDGE_CURVE('',#2445,#2444,#270,.T.);
#2875=EDGE_CURVE('',#2445,#2443,#593,.T.);
#2876=EDGE_CURVE('',#2444,#2446,#594,.T.);
#2877=EDGE_CURVE('',#2447,#2446,#271,.T.);
#2878=EDGE_CURVE('',#2447,#2445,#595,.T.);
#2879=EDGE_CURVE('',#2446,#2448,#596,.T.);
#2880=EDGE_CURVE('',#2449,#2448,#272,.T.);
#2881=EDGE_CURVE('',#2449,#2447,#597,.T.);
#2882=EDGE_CURVE('',#2448,#2450,#3037,.T.);
#2883=EDGE_CURVE('',#2451,#2450,#273,.T.);
#2884=EDGE_CURVE('',#2449,#2451,#3038,.T.);
#2885=EDGE_CURVE('',#2450,#2452,#3039,.T.);
#2886=EDGE_CURVE('',#2452,#2453,#274,.T.);
#2887=EDGE_CURVE('',#2453,#2451,#3040,.T.);
#2888=EDGE_CURVE('',#2180,#2452,#3041,.T.);
#2889=EDGE_CURVE('',#2179,#2453,#3042,.T.);
#2890=EDGE_CURVE('',#2342,#2178,#598,.T.);
#2891=EDGE_CURVE('',#2343,#2177,#599,.T.);
#2892=EDGE_CURVE('',#2170,#2346,#600,.T.);
#2893=EDGE_CURVE('',#2169,#2347,#601,.T.);
#2894=EDGE_CURVE('',#2188,#2340,#602,.T.);
#2895=EDGE_CURVE('',#2187,#2341,#603,.T.);
#2896=EDGE_CURVE('',#2221,#2336,#604,.T.);
#2897=EDGE_CURVE('',#2220,#2337,#605,.T.);
#2898=EDGE_CURVE('',#2213,#2332,#606,.T.);
#2899=EDGE_CURVE('',#2212,#2333,#607,.T.);
#2900=EDGE_CURVE('',#2205,#2328,#608,.T.);
#2901=EDGE_CURVE('',#2204,#2329,#609,.T.);
#2902=EDGE_CURVE('',#2197,#2325,#610,.T.);
#2903=EDGE_CURVE('',#2196,#2324,#611,.T.);
#2904=EDGE_CURVE('',#2349,#2369,#612,.T.);
#2905=EDGE_CURVE('',#2348,#2368,#613,.T.);
#2906=EDGE_CURVE('',#2350,#2364,#614,.T.);
#2907=EDGE_CURVE('',#2351,#2365,#615,.T.);
#2908=EDGE_CURVE('',#2352,#2360,#616,.T.);
#2909=EDGE_CURVE('',#2353,#2361,#617,.T.);
#2910=EDGE_CURVE('',#2354,#2356,#618,.T.);
#2911=EDGE_CURVE('',#2355,#2357,#619,.T.);
#2912=EDGE_CURVE('',#2344,#2224,#620,.T.);
#2913=EDGE_CURVE('',#2345,#2222,#621,.T.);
#2914=B_SPLINE_CURVE_WITH_KNOTS('',3,(#4095,#4096,#4097,#4098,#4099,#4100,
#4101,#4102,#4103,#4104,#4105,#4106,#4107,#4108,#4109,#4110,#4111,#4112,
#4113,#4114,#4115,#4116,#4117,#4118,#4119,#4120),.UNSPECIFIED.,.T.,.F.,
(1,3,2,2,2,2,2,2,2,2,2,2,2,3,1),(-0.0589309420627356,0.,0.0981140476011995,
0.195149918855138,0.292185790109075,0.389094199545605,0.486214199395752,
0.561631106955055,0.637048014514359,0.713302887713212,0.788936499312488,
0.865085729856405,0.941069057937264,1.,1.0981140476012),.UNSPECIFIED.);
#2915=B_SPLINE_CURVE_WITH_KNOTS('',3,(#4122,#4123,#4124,#4125,#4126,#4127,
#4128,#4129,#4130,#4131),.UNSPECIFIED.,.F.,.F.,(4,2,2,2,4),(0.,0.224473868912743,
0.449541584039539,0.722177784676753,1.),.UNSPECIFIED.);
#2916=B_SPLINE_CURVE_WITH_KNOTS('',3,(#4134,#4135,#4136,#4137,#4138,#4139,
#4140,#4141,#4142,#4143),.UNSPECIFIED.,.F.,.F.,(4,2,2,2,4),(0.,0.227109811061957,
0.452431355895082,0.726030813449193,1.),.UNSPECIFIED.);
#2917=B_SPLINE_CURVE_WITH_KNOTS('',3,(#4145,#4146,#4147,#4148),
 .UNSPECIFIED.,.F.,.F.,(4,4),(0.,1.),.UNSPECIFIED.);
#2918=B_SPLINE_CURVE_WITH_KNOTS('',3,(#4159,#4160,#4161,#4162,#4163,#4164),
 .UNSPECIFIED.,.F.,.F.,(4,2,4),(0.,0.50008224293924,1.),.UNSPECIFIED.);
#2919=B_SPLINE_CURVE_WITH_KNOTS('',3,(#4177,#4178,#4179,#4180),
 .UNSPECIFIED.,.F.,.F.,(4,4),(0.,1.),.UNSPECIFIED.);
#2920=B_SPLINE_CURVE_WITH_KNOTS('',3,(#4191,#4192,#4193,#4194,#4195,#4196),
 .UNSPECIFIED.,.F.,.F.,(4,2,4),(0.,0.50008224293924,1.),.UNSPECIFIED.);
#2921=B_SPLINE_CURVE_WITH_KNOTS('',3,(#4200,#4201,#4202,#4203),
 .UNSPECIFIED.,.F.,.F.,(4,4),(0.,1.),.UNSPECIFIED.);
#2922=B_SPLINE_CURVE_WITH_KNOTS('',3,(#4214,#4215,#4216,#4217,#4218,#4219),
 .UNSPECIFIED.,.F.,.F.,(4,2,4),(0.,0.500082242939236,1.),.UNSPECIFIED.);
#2923=B_SPLINE_CURVE_WITH_KNOTS('',3,(#4359,#4360,#4361,#4362),
 .UNSPECIFIED.,.F.,.F.,(4,4),(0.,1.),.UNSPECIFIED.);
#2924=B_SPLINE_CURVE_WITH_KNOTS('',3,(#4364,#4365,#4366,#4367,#4368,#4369,
#4370),.UNSPECIFIED.,.F.,.F.,(4,3,4),(0.,0.512548515721888,1.),
 .UNSPECIFIED.);
#2925=B_SPLINE_CURVE_WITH_KNOTS('',3,(#4374,#4375,#4376,#4377,#4378,#4379,
#4380),.UNSPECIFIED.,.F.,.F.,(4,3,4),(0.,0.7446551956006,1.),
 .UNSPECIFIED.);
#2926=B_SPLINE_CURVE_WITH_KNOTS('',3,(#4385,#4386,#4387,#4388),
 .UNSPECIFIED.,.F.,.F.,(4,4),(0.,1.),.UNSPECIFIED.);
#2927=B_SPLINE_CURVE_WITH_KNOTS('',3,(#4392,#4393,#4394,#4395),
 .UNSPECIFIED.,.F.,.F.,(4,4),(0.,1.),.UNSPECIFIED.);
#2928=B_SPLINE_CURVE_WITH_KNOTS('',3,(#4400,#4401,#4402,#4403),
 .UNSPECIFIED.,.F.,.F.,(4,4),(0.,1.),.UNSPECIFIED.);
#2929=B_SPLINE_CURVE_WITH_KNOTS('',3,(#4407,#4408,#4409,#4410),
 .UNSPECIFIED.,.F.,.F.,(4,4),(0.,1.),.UNSPECIFIED.);
#2930=B_SPLINE_CURVE_WITH_KNOTS('',3,(#4415,#4416,#4417,#4418),
 .UNSPECIFIED.,.F.,.F.,(4,4),(0.,1.),.UNSPECIFIED.);
#2931=B_SPLINE_CURVE_WITH_KNOTS('',3,(#4422,#4423,#4424,#4425),
 .UNSPECIFIED.,.F.,.F.,(4,4),(0.,1.),.UNSPECIFIED.);
#2932=B_SPLINE_CURVE_WITH_KNOTS('',3,(#4430,#4431,#4432,#4433),
 .UNSPECIFIED.,.F.,.F.,(4,4),(0.,1.),.UNSPECIFIED.);
#2933=B_SPLINE_CURVE_WITH_KNOTS('',3,(#4437,#4438,#4439,#4440,#4441,#4442,
#4443),.UNSPECIFIED.,.F.,.F.,(4,3,4),(0.,0.744655195600598,1.),
 .UNSPECIFIED.);
#2934=B_SPLINE_CURVE_WITH_KNOTS('',3,(#4448,#4449,#4450,#4451),
 .UNSPECIFIED.,.F.,.F.,(4,4),(0.,1.),.UNSPECIFIED.);
#2935=B_SPLINE_CURVE_WITH_KNOTS('',3,(#4455,#4456,#4457,#4458,#4459,#4460,
#4461,#4462,#4463,#4464,#4465,#4466,#4467,#4468,#4469,#4470,#4471,#4472,
#4473,#4474,#4475,#4476),.UNSPECIFIED.,.F.,.F.,(4,3,3,3,3,3,3,4),(0.,0.160472256265552,
0.321492454908532,0.482492819023637,0.643512745880276,0.804592855707252,
0.965748311461443,1.),.UNSPECIFIED.);
#2936=B_SPLINE_CURVE_WITH_KNOTS('',3,(#4478,#4479,#4480,#4481,#4482,#4483,
#4484,#4485,#4486,#4487,#4488,#4489,#4490,#4491,#4492,#4493,#4494,#4495,
#4496,#4497,#4498,#4499),.UNSPECIFIED.,.F.,.F.,(4,3,3,3,3,3,3,4),(0.,0.13110003671799,
0.292105240749928,0.453072968375767,0.614051321031028,0.775083910915291,
0.936191448438253,1.),.UNSPECIFIED.);
#2937=B_SPLINE_CURVE_WITH_KNOTS('',3,(#4503,#4504,#4505,#4506,#4507,#4508,
#4509,#4510,#4511,#4512,#4513,#4514,#4515,#4516,#4517,#4518,#4519,#4520,
#4521,#4522,#4523,#4524,#4525,#4526,#4527),.UNSPECIFIED.,.F.,.F.,(4,3,3,
3,3,3,3,3,4),(0.,0.0126907969394681,0.173865294030946,0.334976020081459,
0.49606130517722,0.595899796483984,0.757141169030675,0.918379181778963,
1.),.UNSPECIFIED.);
#2938=B_SPLINE_CURVE_WITH_KNOTS('',3,(#4529,#4530,#4531,#4532,#4533,#4534,
#4535,#4536,#4537,#4538,#4539,#4540,#4541,#4542,#4543,#4544,#4545,#4546,
#4547,#4548,#4549,#4550),.UNSPECIFIED.,.F.,.F.,(4,3,3,3,3,3,3,4),(0.,0.160472256265548,
0.321492454908531,0.482492819023637,0.643512745880279,0.804592855707252,
0.965748311461439,1.),.UNSPECIFIED.);
#2939=B_SPLINE_CURVE_WITH_KNOTS('',3,(#4554,#4555,#4556,#4557,#4558,#4559,
#4560,#4561,#4562,#4563,#4564,#4565,#4566,#4567,#4568,#4569,#4570,#4571,
#4572,#4573,#4574,#4575),.UNSPECIFIED.,.F.,.F.,(4,3,3,3,3,3,3,4),(0.,0.160472256287297,
0.321492454930311,0.482492819045449,0.643512745902126,0.804592855729149,
0.965748311483383,1.),.UNSPECIFIED.);
#2940=B_SPLINE_CURVE_WITH_KNOTS('',3,(#4577,#4578,#4579,#4580,#4581,#4582,
#4583,#4584,#4585,#4586,#4587,#4588,#4589,#4590,#4591,#4592,#4593,#4594,
#4595,#4596,#4597,#4598),.UNSPECIFIED.,.F.,.F.,(4,3,3,3,3,3,3,4),(0.,0.160472256275827,
0.321492454918826,0.482492819033943,0.643512745890605,0.804592855717606,
0.965748311471808,1.),.UNSPECIFIED.);
#2941=B_SPLINE_CURVE_WITH_KNOTS('',3,(#4602,#4603,#4604,#4605,#4606,#4607,
#4608,#4609,#4610,#4611,#4612,#4613,#4614,#4615,#4616,#4617,#4618,#4619,
#4620,#4621,#4622,#4623),.UNSPECIFIED.,.F.,.F.,(4,3,3,3,3,3,3,4),(0.,0.160472256265758,
0.321492454908737,0.482492819023839,0.643512745880476,0.804592855707451,
0.965748311461635,1.),.UNSPECIFIED.);
#2942=B_SPLINE_CURVE_WITH_KNOTS('',3,(#4625,#4626,#4627,#4628,#4629,#4630,
#4631,#4632,#4633,#4634,#4635,#4636,#4637,#4638,#4639,#4640,#4641,#4642,
#4643,#4644,#4645,#4646,#4647,#4648,#4649),.UNSPECIFIED.,.F.,.F.,(4,3,3,
3,3,3,3,3,4),(0.,0.0026899005740458,0.163850295714816,0.32494530864751,
0.486011969663358,0.585837216078755,0.747055439389918,0.908270237141547,
1.),.UNSPECIFIED.);
#2943=B_SPLINE_CURVE_WITH_KNOTS('',3,(#4653,#4654,#4655,#4656,#4657,#4658,
#4659,#4660,#4661,#4662,#4663,#4664,#4665,#4666,#4667,#4668,#4669,#4670,
#4671,#4672,#4673,#4674),.UNSPECIFIED.,.F.,.F.,(4,3,3,3,3,3,3,4),(0.,0.0851827834702787,
0.246142818144183,0.407150109204611,0.568230827796481,0.729379751970244,
0.890561821773756,1.),.UNSPECIFIED.);
#2944=B_SPLINE_CURVE_WITH_KNOTS('',3,(#4678,#4679,#4680,#4681,#4682,#4683,
#4684,#4685,#4686,#4687,#4688,#4689,#4690,#4691,#4692,#4693,#4694,#4695,
#4696,#4697,#4698,#4699),.UNSPECIFIED.,.F.,.F.,(4,3,3,3,3,3,3,4),(0.,0.160472256265551,
0.321492454908535,0.482492819023636,0.643512745880272,0.804592855707246,
0.965748311461439,1.),.UNSPECIFIED.);
#2945=B_SPLINE_CURVE_WITH_KNOTS('',3,(#4701,#4702,#4703,#4704,#4705,#4706,
#4707,#4708,#4709,#4710,#4711,#4712,#4713,#4714,#4715,#4716,#4717,#4718,
#4719,#4720,#4721,#4722),.UNSPECIFIED.,.F.,.F.,(4,3,3,3,3,3,3,4),(0.,0.145888323870957,
0.30690288372417,0.467884016944067,0.628880294628562,0.789933901930413,
0.951062795890442,1.),.UNSPECIFIED.);
#2946=B_SPLINE_CURVE_WITH_KNOTS('',3,(#4724,#4725,#4726,#4727,#4728,#4729,
#4730,#4731,#4732,#4733,#4734,#4735,#4736,#4737,#4738,#4739,#4740,#4741,
#4742,#4743,#4744,#4745),.UNSPECIFIED.,.F.,.F.,(4,3,3,3,3,3,3,4),(0.,0.160472256265546,
0.321492454908531,0.482492819023636,0.643512745880272,0.804592855707254,
0.965748311461448,1.),.UNSPECIFIED.);
#2947=B_SPLINE_CURVE_WITH_KNOTS('',3,(#4857,#4858,#4859,#4860,#4861,#4862,
#4863,#4864,#4865,#4866,#4867,#4868,#4869,#4870,#4871,#4872,#4873,#4874,
#4875),.UNSPECIFIED.,.F.,.F.,(4,3,3,3,3,3,4),(0.,0.182825277031639,0.380236064223947,
0.577593757718422,0.774863825957306,0.972049814542294,1.),.UNSPECIFIED.);
#2948=B_SPLINE_CURVE_WITH_KNOTS('',3,(#4877,#4878,#4879,#4880,#4881,#4882,
#4883,#4884,#4885,#4886,#4887,#4888,#4889,#4890,#4891,#4892,#4893,#4894,
#4895),.UNSPECIFIED.,.F.,.F.,(4,3,3,3,3,3,4),(0.,0.137753807521348,0.335130242902544,
0.532465636337544,0.729718214792429,0.926882414866768,1.),.UNSPECIFIED.);
#2949=B_SPLINE_CURVE_WITH_KNOTS('',3,(#4899,#4900,#4901,#4902,#4903,#4904,
#4905,#4906,#4907,#4908,#4909,#4910,#4911,#4912,#4913,#4914,#4915,#4916,
#4917,#4918,#4919,#4920),.UNSPECIFIED.,.F.,.F.,(4,3,3,3,3,3,3,4),(0.,0.0837488518315394,
0.281297439978083,0.478820663365946,0.676269287841125,0.798754944319614,
0.996031906382423,1.),.UNSPECIFIED.);
#2950=B_SPLINE_CURVE_WITH_KNOTS('',3,(#4922,#4923,#4924,#4925,#4926,#4927,
#4928,#4929,#4930,#4931,#4932,#4933,#4934,#4935,#4936,#4937,#4938,#4939,
#4940),.UNSPECIFIED.,.F.,.F.,(4,3,3,3,3,3,4),(0.,0.18282527703179,0.380236064224105,
0.577593757718566,0.774863825957456,0.97204981454243,1.),.UNSPECIFIED.);
#2951=B_SPLINE_CURVE_WITH_KNOTS('',3,(#4944,#4945,#4946,#4947,#4948,#4949,
#4950,#4951,#4952,#4953,#4954,#4955,#4956,#4957,#4958,#4959,#4960,#4961,
#4962),.UNSPECIFIED.,.F.,.F.,(4,3,3,3,3,3,4),(0.,0.182825277031438,0.38023606422376,
0.577593757718213,0.774863825957103,0.972049814542093,1.),.UNSPECIFIED.);
#2952=B_SPLINE_CURVE_WITH_KNOTS('',3,(#4964,#4965,#4966,#4967,#4968,#4969,
#4970,#4971,#4972,#4973,#4974,#4975,#4976,#4977,#4978,#4979,#4980,#4981,
#4982),.UNSPECIFIED.,.F.,.F.,(4,3,3,3,3,3,4),(0.,0.182825277031439,0.380236064223752,
0.577593757718219,0.774863825957112,0.972049814542098,1.),.UNSPECIFIED.);
#2953=B_SPLINE_CURVE_WITH_KNOTS('',3,(#4986,#4987,#4988,#4989,#4990,#4991,
#4992,#4993,#4994,#4995,#4996,#4997,#4998,#4999,#5000,#5001,#5002,#5003,
#5004),.UNSPECIFIED.,.F.,.F.,(4,3,3,3,3,3,4),(0.,0.182825277047861,0.380236064240152,
0.577593757734603,0.774863825973475,0.972049814558436,1.),.UNSPECIFIED.);
#2954=B_SPLINE_CURVE_WITH_KNOTS('',3,(#5006,#5007,#5008,#5009,#5010,#5011,
#5012,#5013,#5014,#5015,#5016,#5017,#5018,#5019,#5020,#5021,#5022,#5023,
#5024),.UNSPECIFIED.,.F.,.F.,(4,3,3,3,3,3,4),(0.,0.0886680616444381,0.286203658783383,
0.483712416607912,0.681145717141457,0.803619644989986,1.),.UNSPECIFIED.);
#2955=B_SPLINE_CURVE_WITH_KNOTS('',3,(#5028,#5029,#5030,#5031,#5032,#5033,
#5034,#5035,#5036,#5037,#5038,#5039,#5040,#5041,#5042,#5043,#5044,#5045,
#5046),.UNSPECIFIED.,.F.,.F.,(4,3,3,3,3,3,4),(0.,0.0585622226808911,0.255849052222212,
0.453044990417401,0.65017145490465,0.84727923369093,1.),.UNSPECIFIED.);
#2956=B_SPLINE_CURVE_WITH_KNOTS('',3,(#5050,#5051,#5052,#5053,#5054,#5055,
#5056,#5057,#5058,#5059,#5060,#5061,#5062,#5063,#5064,#5065,#5066,#5067,
#5068),.UNSPECIFIED.,.F.,.F.,(4,3,3,3,3,3,4),(0.,0.182825277031788,0.3802360642241,
0.577593757718577,0.774863825957458,0.972049814542442,1.),.UNSPECIFIED.);
#2957=B_SPLINE_CURVE_WITH_KNOTS('',3,(#5070,#5071,#5072,#5073,#5074,#5075,
#5076,#5077,#5078,#5079,#5080,#5081,#5082,#5083,#5084,#5085,#5086,#5087,
#5088),.UNSPECIFIED.,.F.,.F.,(4,3,3,3,3,3,4),(0.,0.13258318466637,0.329958716752583,
0.527294654752195,0.724548453488655,0.921713509243062,1.),.UNSPECIFIED.);
#2958=B_SPLINE_CURVE_WITH_KNOTS('',3,(#5090,#5091,#5092,#5093,#5094,#5095,
#5096,#5097,#5098,#5099,#5100,#5101,#5102,#5103,#5104,#5105,#5106,#5107,
#5108),.UNSPECIFIED.,.F.,.F.,(4,3,3,3,3,3,4),(0.,0.182825277031565,0.380236064223872,
0.577593757718336,0.774863825957217,0.972049814542209,1.),.UNSPECIFIED.);
#2959=B_SPLINE_CURVE_WITH_KNOTS('',3,(#5112,#5113,#5114,#5115),
 .UNSPECIFIED.,.F.,.F.,(4,4),(0.,1.),.UNSPECIFIED.);
#2960=B_SPLINE_CURVE_WITH_KNOTS('',3,(#5117,#5118,#5119,#5120,#5121,#5122,
#5123),.UNSPECIFIED.,.F.,.F.,(4,3,4),(0.,0.902889937892588,1.),
 .UNSPECIFIED.);
#2961=B_SPLINE_CURVE_WITH_KNOTS('',3,(#5127,#5128,#5129,#5130,#5131,#5132,
#5133),.UNSPECIFIED.,.F.,.F.,(4,3,4),(0.,0.191557730457827,1.),
 .UNSPECIFIED.);
#2962=B_SPLINE_CURVE_WITH_KNOTS('',3,(#5135,#5136,#5137,#5138),
 .UNSPECIFIED.,.F.,.F.,(4,4),(0.,1.),.UNSPECIFIED.);
#2963=B_SPLINE_CURVE_WITH_KNOTS('',3,(#5142,#5143,#5144,#5145),
 .UNSPECIFIED.,.F.,.F.,(4,4),(0.,1.),.UNSPECIFIED.);
#2964=B_SPLINE_CURVE_WITH_KNOTS('',3,(#5147,#5148,#5149,#5150),
 .UNSPECIFIED.,.F.,.F.,(4,4),(0.,1.),.UNSPECIFIED.);
#2965=B_SPLINE_CURVE_WITH_KNOTS('',3,(#5154,#5155,#5156,#5157),
 .UNSPECIFIED.,.F.,.F.,(4,4),(0.,1.),.UNSPECIFIED.);
#2966=B_SPLINE_CURVE_WITH_KNOTS('',3,(#5159,#5160,#5161,#5162,#5163,#5164,
#5165),.UNSPECIFIED.,.F.,.F.,(4,3,4),(0.,0.107508288160119,1.),
 .UNSPECIFIED.);
#2967=B_SPLINE_CURVE_WITH_KNOTS('',3,(#5169,#5170,#5171,#5172),
 .UNSPECIFIED.,.F.,.F.,(4,4),(0.,1.),.UNSPECIFIED.);
#2968=B_SPLINE_CURVE_WITH_KNOTS('',3,(#5176,#5177,#5178,#5179),
 .UNSPECIFIED.,.F.,.F.,(4,4),(0.,1.),.UNSPECIFIED.);
#2969=B_SPLINE_CURVE_WITH_KNOTS('',3,(#5181,#5182,#5183,#5184,#5185,#5186,
#5187),.UNSPECIFIED.,.F.,.F.,(4,3,4),(0.,0.191557730457827,1.),
 .UNSPECIFIED.);
#2970=B_SPLINE_CURVE_WITH_KNOTS('',3,(#5189,#5190,#5191,#5192),
 .UNSPECIFIED.,.F.,.F.,(4,4),(0.,1.),.UNSPECIFIED.);
#2971=B_SPLINE_CURVE_WITH_KNOTS('',3,(#5196,#5197,#5198,#5199,#5200,#5201,
#5202,#5203,#5204,#5205,#5206,#5207,#5208,#5209,#5210,#5211),
 .UNSPECIFIED.,.F.,.F.,(4,3,3,3,3,4),(0.,0.178642977269989,0.414849093087491,
0.650922049915448,0.886792090841032,1.),.UNSPECIFIED.);
#2972=B_SPLINE_CURVE_WITH_KNOTS('',3,(#5212,#5213,#5214,#5215,#5216,#5217,
#5218,#5219,#5220,#5221,#5222,#5223,#5224,#5225,#5226,#5227),
 .UNSPECIFIED.,.F.,.F.,(4,3,3,3,3,4),(0.,0.234464225137482,0.470549082607495,
0.706476869103574,0.942197680135672,1.),.UNSPECIFIED.);
#2973=B_SPLINE_CURVE_WITH_KNOTS('',3,(#5229,#5230,#5231,#5232,#5233,#5234,
#5235,#5236,#5237,#5238,#5239,#5240,#5241,#5242,#5243,#5244,#5245,#5246,
#5247),.UNSPECIFIED.,.F.,.F.,(4,3,3,3,3,3,4),(0.,0.00599104013468506,0.242255995716923,
0.478484797027338,0.625239637820519,0.86094200541784,1.),.UNSPECIFIED.);
#2974=B_SPLINE_CURVE_WITH_KNOTS('',3,(#5248,#5249,#5250,#5251,#5252,#5253,
#5254,#5255,#5256,#5257,#5258,#5259,#5260,#5261,#5262,#5263),
 .UNSPECIFIED.,.F.,.F.,(4,3,3,3,3,4),(0.,0.178642977269989,0.414849093087485,
0.650922049915445,0.886792090841031,1.),.UNSPECIFIED.);
#2975=B_SPLINE_CURVE_WITH_KNOTS('',3,(#5265,#5266,#5267,#5268,#5269,#5270,
#5271,#5272,#5273,#5274,#5275,#5276,#5277,#5278,#5279,#5280),
 .UNSPECIFIED.,.F.,.F.,(4,3,3,3,3,4),(0.,0.178642977269681,0.414849093087253,
0.650922049915283,0.886792090840942,1.),.UNSPECIFIED.);
#2976=B_SPLINE_CURVE_WITH_KNOTS('',3,(#5281,#5282,#5283,#5284,#5285,#5286,
#5287,#5288,#5289,#5290,#5291,#5292,#5293,#5294,#5295,#5296),
 .UNSPECIFIED.,.F.,.F.,(4,3,3,3,3,4),(0.,0.178642977268906,0.414849093086408,
0.650922049914365,0.886792090839952,1.),.UNSPECIFIED.);
#2977=B_SPLINE_CURVE_WITH_KNOTS('',3,(#5298,#5299,#5300,#5301,#5302,#5303,
#5304,#5305,#5306,#5307,#5308,#5309,#5310,#5311,#5312,#5313),
 .UNSPECIFIED.,.F.,.F.,(4,3,3,3,3,4),(0.,0.178642977269736,0.414849093087311,
0.650922049915338,0.886792090841002,1.),.UNSPECIFIED.);
#2978=B_SPLINE_CURVE_WITH_KNOTS('',3,(#5314,#5315,#5316,#5317,#5318,#5319,
#5320,#5321,#5322,#5323,#5324,#5325,#5326,#5327,#5328,#5329),
 .UNSPECIFIED.,.F.,.F.,(4,3,3,3,3,4),(0.,0.208389367640888,0.444552362978147,
0.591287380818482,0.826930218372878,1.),.UNSPECIFIED.);
#2979=B_SPLINE_CURVE_WITH_KNOTS('',3,(#5331,#5332,#5333,#5334,#5335,#5336,
#5337,#5338,#5339,#5340,#5341,#5342,#5343,#5344,#5345,#5346),
 .UNSPECIFIED.,.F.,.F.,(4,3,3,3,3,4),(0.,0.111668790608247,0.347394534025322,
0.582922528488302,0.818322323228269,1.),.UNSPECIFIED.);
#2980=B_SPLINE_CURVE_WITH_KNOTS('',3,(#5347,#5348,#5349,#5350,#5351,#5352,
#5353,#5354,#5355,#5356,#5357,#5358,#5359,#5360,#5361,#5362),
 .UNSPECIFIED.,.F.,.F.,(4,3,3,3,3,4),(0.,0.178642977269738,0.414849093087311,
0.650922049915339,0.886792090840997,1.),.UNSPECIFIED.);
#2981=B_SPLINE_CURVE_WITH_KNOTS('',3,(#5364,#5365,#5366,#5367,#5368,#5369,
#5370,#5371,#5372,#5373,#5374,#5375,#5376,#5377,#5378,#5379),
 .UNSPECIFIED.,.F.,.F.,(4,3,3,3,3,4),(0.,0.199762888400159,0.435794589447123,
0.671683638378968,0.907367781307599,1.),.UNSPECIFIED.);
#2982=B_SPLINE_CURVE_WITH_KNOTS('',3,(#5380,#5381,#5382,#5383,#5384,#5385,
#5386,#5387,#5388,#5389,#5390,#5391,#5392,#5393,#5394,#5395),
 .UNSPECIFIED.,.F.,.F.,(4,3,3,3,3,4),(0.,0.178642977269981,0.414849093087483,
0.650922049915433,0.886792090841022,1.),.UNSPECIFIED.);
#2983=B_SPLINE_CURVE_WITH_KNOTS('',3,(#5512,#5513,#5514,#5515),
 .UNSPECIFIED.,.F.,.F.,(4,4),(0.,1.),.UNSPECIFIED.);
#2984=B_SPLINE_CURVE_WITH_KNOTS('',3,(#5519,#5520,#5521,#5522),
 .UNSPECIFIED.,.F.,.F.,(4,4),(0.,1.),.UNSPECIFIED.);
#2985=B_SPLINE_CURVE_WITH_KNOTS('',3,(#5524,#5525,#5526,#5527),
 .UNSPECIFIED.,.F.,.F.,(4,4),(0.,1.),.UNSPECIFIED.);
#2986=B_SPLINE_CURVE_WITH_KNOTS('',3,(#5531,#5532,#5533,#5534),
 .UNSPECIFIED.,.F.,.F.,(4,4),(0.,1.),.UNSPECIFIED.);
#2987=B_SPLINE_CURVE_WITH_KNOTS('',3,(#5536,#5537,#5538,#5539,#5540,#5541,
#5542),.UNSPECIFIED.,.F.,.F.,(4,3,4),(0.,0.7446551956006,1.),
 .UNSPECIFIED.);
#2988=B_SPLINE_CURVE_WITH_KNOTS('',3,(#5546,#5547,#5548,#5549),
 .UNSPECIFIED.,.F.,.F.,(4,4),(0.,1.),.UNSPECIFIED.);
#2989=B_SPLINE_CURVE_WITH_KNOTS('',3,(#5551,#5552,#5553,#5554),
 .UNSPECIFIED.,.F.,.F.,(4,4),(0.,1.),.UNSPECIFIED.);
#2990=B_SPLINE_CURVE_WITH_KNOTS('',3,(#5558,#5559,#5560,#5561),
 .UNSPECIFIED.,.F.,.F.,(4,4),(0.,1.),.UNSPECIFIED.);
#2991=B_SPLINE_CURVE_WITH_KNOTS('',3,(#5563,#5564,#5565,#5566),
 .UNSPECIFIED.,.F.,.F.,(4,4),(0.,1.),.UNSPECIFIED.);
#2992=B_SPLINE_CURVE_WITH_KNOTS('',3,(#5570,#5571,#5572,#5573),
 .UNSPECIFIED.,.F.,.F.,(4,4),(0.,1.),.UNSPECIFIED.);
#2993=B_SPLINE_CURVE_WITH_KNOTS('',3,(#5575,#5576,#5577,#5578,#5579,#5580,
#5581,#5582,#5583,#5584,#5585,#5586,#5587,#5588,#5589,#5590,#5591,#5592,
#5593,#5594,#5595,#5596),.UNSPECIFIED.,.F.,.F.,(4,3,3,3,3,3,3,4),(0.,0.160472256265622,
0.321492454908604,0.48249281902371,0.643512745880348,0.804592855707327,
0.965748311461511,1.),.UNSPECIFIED.);
#2994=B_SPLINE_CURVE_WITH_KNOTS('',3,(#5600,#5601,#5602,#5603,#5604,#5605,
#5606,#5607,#5608,#5609,#5610,#5611,#5612,#5613,#5614,#5615,#5616,#5617,
#5618,#5619,#5620,#5621),.UNSPECIFIED.,.F.,.F.,(4,3,3,3,3,3,3,4),(0.,0.160472256289958,
0.321492454932975,0.482492819048116,0.643512745904796,0.804592855731828,
0.965748311486057,1.),.UNSPECIFIED.);
#2995=B_SPLINE_CURVE_WITH_KNOTS('',3,(#5623,#5624,#5625,#5626,#5627,#5628,
#5629,#5630,#5631,#5632,#5633,#5634,#5635,#5636,#5637,#5638,#5639,#5640,
#5641,#5642,#5643,#5644),.UNSPECIFIED.,.F.,.F.,(4,3,3,3,3,3,3,4),(0.,0.126983713458369,
0.288248656784981,0.449475551455131,0.610632050242183,0.771716507437977,
0.932758018957404,1.),.UNSPECIFIED.);
#2996=B_SPLINE_CURVE_WITH_KNOTS('',3,(#5648,#5649,#5650,#5651,#5652,#5653,
#5654,#5655,#5656,#5657,#5658,#5659,#5660,#5661,#5662,#5663,#5664,#5665,
#5666,#5667,#5668,#5669),.UNSPECIFIED.,.F.,.F.,(4,3,3,3,3,3,3,4),(0.,0.160472256267737,
0.321492454910723,0.482492819025833,0.643512745882477,0.804592855709461,
0.965748311463657,1.),.UNSPECIFIED.);
#2997=B_SPLINE_CURVE_WITH_KNOTS('',3,(#5671,#5672,#5673,#5674,#5675,#5676,
#5677,#5678,#5679,#5680,#5681,#5682,#5683,#5684,#5685,#5686,#5687,#5688,
#5689,#5690,#5691,#5692,#5693,#5694,#5695),.UNSPECIFIED.,.F.,.F.,(4,3,3,
3,3,3,3,3,4),(0.,0.0126907969395049,0.173865294030983,0.33497602008149,
0.496061305177253,0.595899796483987,0.757141169030687,0.918379181778965,
1.),.UNSPECIFIED.);
#2998=B_SPLINE_CURVE_WITH_KNOTS('',3,(#5699,#5700,#5701,#5702,#5703,#5704,
#5705,#5706,#5707,#5708,#5709,#5710,#5711,#5712,#5713,#5714,#5715,#5716,
#5717,#5718,#5719,#5720),.UNSPECIFIED.,.F.,.F.,(4,3,3,3,3,3,3,4),(0.,0.160472256265552,
0.321492454908535,0.482492819023644,0.643512745880284,0.804592855707265,
0.965748311461452,1.),.UNSPECIFIED.);
#2999=B_SPLINE_CURVE_WITH_KNOTS('',3,(#5722,#5723,#5724,#5725,#5726,#5727,
#5728,#5729,#5730,#5731,#5732,#5733,#5734,#5735,#5736,#5737,#5738,#5739,
#5740,#5741,#5742,#5743),.UNSPECIFIED.,.F.,.F.,(4,3,3,3,3,3,3,4),(0.,0.160472256265759,
0.321492454908745,0.482492819023851,0.643512745880488,0.804592855707465,
0.965748311461653,1.),.UNSPECIFIED.);
#3000=B_SPLINE_CURVE_WITH_KNOTS('',3,(#5747,#5748,#5749,#5750,#5751,#5752,
#5753,#5754,#5755,#5756,#5757,#5758,#5759,#5760,#5761,#5762,#5763,#5764,
#5765,#5766,#5767,#5768,#5769,#5770,#5771),.UNSPECIFIED.,.F.,.F.,(4,3,3,
3,3,3,3,3,4),(0.,0.00268990057404219,0.163850295714813,0.32494530864751,
0.486011969663358,0.58583721607875,0.747055439389922,0.908270237141553,
1.),.UNSPECIFIED.);
#3001=B_SPLINE_CURVE_WITH_KNOTS('',3,(#5773,#5774,#5775,#5776,#5777,#5778,
#5779,#5780,#5781,#5782,#5783,#5784,#5785,#5786,#5787,#5788,#5789,#5790,
#5791,#5792,#5793,#5794),.UNSPECIFIED.,.F.,.F.,(4,3,3,3,3,3,3,4),(0.,0.160472256287299,
0.321492454930308,0.482492819045447,0.643512745902121,0.804592855729144,
0.965748311483368,1.),.UNSPECIFIED.);
#3002=B_SPLINE_CURVE_WITH_KNOTS('',3,(#5798,#5799,#5800,#5801,#5802,#5803,
#5804,#5805,#5806,#5807,#5808,#5809,#5810,#5811,#5812,#5813,#5814,#5815,
#5816,#5817,#5818,#5819),.UNSPECIFIED.,.F.,.F.,(4,3,3,3,3,3,3,4),(0.,0.160472256275825,
0.321492454918822,0.482492819033942,0.643512745890601,0.804592855717604,
0.965748311471804,1.),.UNSPECIFIED.);
#3003=B_SPLINE_CURVE_WITH_KNOTS('',3,(#5911,#5912,#5913,#5914,#5915,#5916,
#5917,#5918,#5919,#5920,#5921,#5922,#5923,#5924,#5925,#5926,#5927,#5928,
#5929),.UNSPECIFIED.,.F.,.F.,(4,3,3,3,3,3,4),(0.,0.182825277031454,0.380236064223763,
0.577593757718226,0.774863825957111,0.972049814542098,1.),.UNSPECIFIED.);
#3004=B_SPLINE_CURVE_WITH_KNOTS('',3,(#5933,#5934,#5935,#5936,#5937,#5938,
#5939,#5940,#5941,#5942,#5943,#5944,#5945,#5946,#5947,#5948,#5949,#5950,
#5951),.UNSPECIFIED.,.F.,.F.,(4,3,3,3,3,3,4),(0.,0.182825277031443,0.380236064223763,
0.577593757718224,0.774863825957105,0.972049814542098,1.),.UNSPECIFIED.);
#3005=B_SPLINE_CURVE_WITH_KNOTS('',3,(#5953,#5954,#5955,#5956,#5957,#5958,
#5959,#5960,#5961,#5962,#5963,#5964,#5965,#5966,#5967,#5968,#5969,#5970,
#5971),.UNSPECIFIED.,.F.,.F.,(4,3,3,3,3,3,4),(0.,0.196555212622201,0.39369382888501,
0.590856942442098,0.788097441653771,0.985428329362627,1.),.UNSPECIFIED.);
#3006=B_SPLINE_CURVE_WITH_KNOTS('',3,(#5975,#5976,#5977,#5978,#5979,#5980,
#5981,#5982,#5983,#5984,#5985,#5986,#5987,#5988,#5989,#5990,#5991,#5992,
#5993),.UNSPECIFIED.,.F.,.F.,(4,3,3,3,3,3,4),(0.,0.182825277046842,0.380236064239158,
0.577593757733611,0.774863825972463,0.972049814557447,1.),.UNSPECIFIED.);
#3007=B_SPLINE_CURVE_WITH_KNOTS('',3,(#5995,#5996,#5997,#5998,#5999,#6000,
#6001,#6002,#6003,#6004,#6005,#6006,#6007,#6008,#6009,#6010,#6011,#6012,
#6013,#6014,#6015,#6016),.UNSPECIFIED.,.F.,.F.,(4,3,3,3,3,3,3,4),(0.,0.0837488518315595,
0.28129743997808,0.47882066336596,0.676269287841128,0.798754944319613,0.996031906382431,
1.),.UNSPECIFIED.);
#3008=B_SPLINE_CURVE_WITH_KNOTS('',3,(#6020,#6021,#6022,#6023,#6024,#6025,
#6026,#6027,#6028,#6029,#6030,#6031,#6032,#6033,#6034,#6035,#6036,#6037,
#6038),.UNSPECIFIED.,.F.,.F.,(4,3,3,3,3,3,4),(0.,0.18282527703143,0.380236064223749,
0.577593757718213,0.774863825957103,0.972049814542094,1.),.UNSPECIFIED.);
#3009=B_SPLINE_CURVE_WITH_KNOTS('',3,(#6040,#6041,#6042,#6043,#6044,#6045,
#6046,#6047,#6048,#6049,#6050,#6051,#6052,#6053,#6054,#6055,#6056,#6057,
#6058),.UNSPECIFIED.,.F.,.F.,(4,3,3,3,3,3,4),(0.,0.182825277047858,0.380236064240159,
0.577593757734598,0.774863825973471,0.972049814558447,1.),.UNSPECIFIED.);
#3010=B_SPLINE_CURVE_WITH_KNOTS('',3,(#6062,#6063,#6064,#6065,#6066,#6067,
#6068,#6069,#6070,#6071,#6072,#6073,#6074,#6075,#6076,#6077,#6078,#6079,
#6080),.UNSPECIFIED.,.F.,.F.,(4,3,3,3,3,3,4),(0.,0.0886680616444289,0.286203658783372,
0.4837124166079,0.681145717141451,0.803619644989982,1.),.UNSPECIFIED.);
#3011=B_SPLINE_CURVE_WITH_KNOTS('',3,(#6082,#6083,#6084,#6085,#6086,#6087,
#6088,#6089,#6090,#6091,#6092,#6093,#6094,#6095,#6096,#6097,#6098,#6099,
#6100),.UNSPECIFIED.,.F.,.F.,(4,3,3,3,3,3,4),(0.,0.182825277031434,0.380236064223741,
0.577593757718218,0.774863825957103,0.972049814542088,1.),.UNSPECIFIED.);
#3012=B_SPLINE_CURVE_WITH_KNOTS('',3,(#6104,#6105,#6106,#6107,#6108,#6109,
#6110,#6111,#6112,#6113,#6114,#6115,#6116,#6117,#6118,#6119,#6120,#6121,
#6122),.UNSPECIFIED.,.F.,.F.,(4,3,3,3,3,3,4),(0.,0.182825277031408,0.38023606422372,
0.577593757718197,0.774863825957094,0.972049814542069,1.),.UNSPECIFIED.);
#3013=B_SPLINE_CURVE_WITH_KNOTS('',3,(#6124,#6125,#6126,#6127),
 .UNSPECIFIED.,.F.,.F.,(4,4),(0.,1.),.UNSPECIFIED.);
#3014=B_SPLINE_CURVE_WITH_KNOTS('',3,(#6131,#6132,#6133,#6134),
 .UNSPECIFIED.,.F.,.F.,(4,4),(0.,1.),.UNSPECIFIED.);
#3015=B_SPLINE_CURVE_WITH_KNOTS('',3,(#6136,#6137,#6138,#6139,#6140,#6141,
#6142),.UNSPECIFIED.,.F.,.F.,(4,3,4),(0.,0.716060926227274,1.),
 .UNSPECIFIED.);
#3016=B_SPLINE_CURVE_WITH_KNOTS('',3,(#6146,#6147,#6148,#6149),
 .UNSPECIFIED.,.F.,.F.,(4,4),(0.,1.),.UNSPECIFIED.);
#3017=B_SPLINE_CURVE_WITH_KNOTS('',3,(#6151,#6152,#6153,#6154,#6155,#6156,
#6157),.UNSPECIFIED.,.F.,.F.,(4,3,4),(0.,0.191557730457827,1.),
 .UNSPECIFIED.);
#3018=B_SPLINE_CURVE_WITH_KNOTS('',3,(#6161,#6162,#6163,#6164),
 .UNSPECIFIED.,.F.,.F.,(4,4),(0.,1.),.UNSPECIFIED.);
#3019=B_SPLINE_CURVE_WITH_KNOTS('',3,(#6166,#6167,#6168,#6169),
 .UNSPECIFIED.,.F.,.F.,(4,4),(0.,1.),.UNSPECIFIED.);
#3020=B_SPLINE_CURVE_WITH_KNOTS('',3,(#6173,#6174,#6175,#6176,#6177,#6178,
#6179),.UNSPECIFIED.,.F.,.F.,(4,3,4),(0.,0.107508288160119,1.),
 .UNSPECIFIED.);
#3021=B_SPLINE_CURVE_WITH_KNOTS('',3,(#6181,#6182,#6183,#6184),
 .UNSPECIFIED.,.F.,.F.,(4,4),(0.,1.),.UNSPECIFIED.);
#3022=B_SPLINE_CURVE_WITH_KNOTS('',3,(#6188,#6189,#6190,#6191),
 .UNSPECIFIED.,.F.,.F.,(4,4),(0.,1.),.UNSPECIFIED.);
#3023=B_SPLINE_CURVE_WITH_KNOTS('',3,(#6193,#6194,#6195,#6196,#6197,#6198,
#6199,#6200,#6201,#6202,#6203,#6204,#6205,#6206,#6207,#6208),
 .UNSPECIFIED.,.F.,.F.,(4,3,3,3,3,4),(0.,0.178642977269923,0.414849093087424,
0.650922049915383,0.886792090840976,1.),.UNSPECIFIED.);
#3024=B_SPLINE_CURVE_WITH_KNOTS('',3,(#6209,#6210,#6211,#6212,#6213,#6214,
#6215,#6216,#6217,#6218,#6219,#6220,#6221,#6222,#6223,#6224),
 .UNSPECIFIED.,.F.,.F.,(4,3,3,3,3,4),(0.,0.178642977269991,0.41484909308749,
0.650922049915445,0.886792090841036,1.),.UNSPECIFIED.);
#3025=B_SPLINE_CURVE_WITH_KNOTS('',3,(#6226,#6227,#6228,#6229,#6230,#6231,
#6232,#6233,#6234,#6235,#6236,#6237,#6238,#6239,#6240,#6241),
 .UNSPECIFIED.,.F.,.F.,(4,3,3,3,3,4),(0.,0.235418890032579,0.470970352707678,
0.706632233556043,0.942498635979805,1.),.UNSPECIFIED.);
#3026=B_SPLINE_CURVE_WITH_KNOTS('',3,(#6242,#6243,#6244,#6245,#6246,#6247,
#6248,#6249,#6250,#6251,#6252,#6253,#6254,#6255,#6256,#6257),
 .UNSPECIFIED.,.F.,.F.,(4,3,3,3,3,4),(0.,0.178642977269739,0.414849093087312,
0.650922049915338,0.886792090841007,1.),.UNSPECIFIED.);
#3027=B_SPLINE_CURVE_WITH_KNOTS('',3,(#6259,#6260,#6261,#6262,#6263,#6264,
#6265,#6266,#6267,#6268,#6269,#6270,#6271,#6272,#6273,#6274,#6275,#6276,
#6277),.UNSPECIFIED.,.F.,.F.,(4,3,3,3,3,3,4),(0.,0.00599104013465643,0.242255995716893,
0.478484797027311,0.625239637820507,0.860942005417819,1.),.UNSPECIFIED.);
#3028=B_SPLINE_CURVE_WITH_KNOTS('',3,(#6278,#6279,#6280,#6281,#6282,#6283,
#6284,#6285,#6286,#6287,#6288,#6289,#6290,#6291,#6292,#6293),
 .UNSPECIFIED.,.F.,.F.,(4,3,3,3,3,4),(0.,0.17864297726973,0.414849093087305,
0.650922049915333,0.886792090840997,1.),.UNSPECIFIED.);
#3029=B_SPLINE_CURVE_WITH_KNOTS('',3,(#6295,#6296,#6297,#6298,#6299,#6300,
#6301,#6302,#6303,#6304,#6305,#6306,#6307,#6308,#6309,#6310),
 .UNSPECIFIED.,.F.,.F.,(4,3,3,3,3,4),(0.,0.178642977269737,0.414849093087305,
0.650922049915337,0.886792090841001,1.),.UNSPECIFIED.);
#3030=B_SPLINE_CURVE_WITH_KNOTS('',3,(#6311,#6312,#6313,#6314,#6315,#6316,
#6317,#6318,#6319,#6320,#6321,#6322,#6323,#6324,#6325,#6326),
 .UNSPECIFIED.,.F.,.F.,(4,3,3,3,3,4),(0.,0.208389367640748,0.44455236297805,
0.591287380818409,0.826930218372848,1.),.UNSPECIFIED.);
#3031=B_SPLINE_CURVE_WITH_KNOTS('',3,(#6328,#6329,#6330,#6331,#6332,#6333,
#6334,#6335,#6336,#6337,#6338,#6339,#6340,#6341,#6342,#6343),
 .UNSPECIFIED.,.F.,.F.,(4,3,3,3,3,4),(0.,0.17864297726944,0.414849093087015,
0.650922049915043,0.886792090840709,1.),.UNSPECIFIED.);
#3032=B_SPLINE_CURVE_WITH_KNOTS('',3,(#6344,#6345,#6346,#6347,#6348,#6349,
#6350,#6351,#6352,#6353,#6354,#6355,#6356,#6357,#6358,#6359),
 .UNSPECIFIED.,.F.,.F.,(4,3,3,3,3,4),(0.,0.178642977269741,0.414849093087312,
0.650922049915338,0.886792090841007,1.),.UNSPECIFIED.);
#3033=B_SPLINE_CURVE_WITH_KNOTS('',3,(#6361,#6362,#6363,#6364),
 .UNSPECIFIED.,.F.,.F.,(4,4),(0.,1.),.UNSPECIFIED.);
#3034=B_SPLINE_CURVE_WITH_KNOTS('',3,(#6368,#6369,#6370,#6371,#6372,#6373,
#6374),.UNSPECIFIED.,.F.,.F.,(4,3,4),(0.,0.512548515721888,1.),
 .UNSPECIFIED.);
#3035=B_SPLINE_CURVE_WITH_KNOTS('',3,(#6376,#6377,#6378,#6379,#6380,#6381,
#6382,#6383,#6384,#6385,#6386,#6387,#6388,#6389,#6390,#6391,#6392,#6393,
#6394,#6395,#6396,#6397),.UNSPECIFIED.,.F.,.F.,(4,3,3,3,3,3,3,4),(0.,0.160472256265622,
0.321492454908607,0.482492819023713,0.643512745880349,0.804592855707333,
0.965748311461519,1.),.UNSPECIFIED.);
#3036=B_SPLINE_CURVE_WITH_KNOTS('',3,(#6401,#6402,#6403,#6404,#6405,#6406,
#6407,#6408,#6409,#6410,#6411,#6412,#6413,#6414,#6415,#6416,#6417,#6418,
#6419,#6420,#6421,#6422),.UNSPECIFIED.,.F.,.F.,(4,3,3,3,3,3,3,4),(0.,0.13110003671799,
0.292105240749928,0.453072968375767,0.614051321031028,0.775083910915291,
0.936191448438253,1.),.UNSPECIFIED.);
#3037=B_SPLINE_CURVE_WITH_KNOTS('',3,(#6442,#6443,#6444,#6445,#6446,#6447,
#6448,#6449,#6450,#6451,#6452,#6453,#6454,#6455,#6456,#6457,#6458,#6459,
#6460),.UNSPECIFIED.,.F.,.F.,(4,3,3,3,3,3,4),(0.,0.182825277031444,0.380236064223751,
0.577593757718224,0.774863825957115,0.972049814542096,1.),.UNSPECIFIED.);
#3038=B_SPLINE_CURVE_WITH_KNOTS('',3,(#6464,#6465,#6466,#6467,#6468,#6469,
#6470,#6471,#6472,#6473,#6474,#6475,#6476,#6477,#6478,#6479,#6480,#6481,
#6482),.UNSPECIFIED.,.F.,.F.,(4,3,3,3,3,3,4),(0.,0.137753807521348,0.335130242902544,
0.532465636337544,0.729718214792429,0.926882414866768,1.),.UNSPECIFIED.);
#3039=B_SPLINE_CURVE_WITH_KNOTS('',3,(#6484,#6485,#6486,#6487),
 .UNSPECIFIED.,.F.,.F.,(4,4),(0.,1.),.UNSPECIFIED.);
#3040=B_SPLINE_CURVE_WITH_KNOTS('',3,(#6491,#6492,#6493,#6494,#6495,#6496,
#6497),.UNSPECIFIED.,.F.,.F.,(4,3,4),(0.,0.902889937892588,1.),
 .UNSPECIFIED.);
#3041=B_SPLINE_CURVE_WITH_KNOTS('',3,(#6499,#6500,#6501,#6502,#6503,#6504,
#6505,#6506,#6507,#6508,#6509,#6510,#6511,#6512,#6513,#6514),
 .UNSPECIFIED.,.F.,.F.,(4,3,3,3,3,4),(0.,0.17864297726966,0.414849093087228,
0.650922049915259,0.88679209084092,1.),.UNSPECIFIED.);
#3042=B_SPLINE_CURVE_WITH_KNOTS('',3,(#6515,#6516,#6517,#6518,#6519,#6520,
#6521,#6522,#6523,#6524,#6525,#6526,#6527,#6528,#6529,#6530),
 .UNSPECIFIED.,.F.,.F.,(4,3,3,3,3,4),(0.,0.234464225137482,0.470549082607495,
0.706476869103574,0.942197680135672,1.),.UNSPECIFIED.);
#3043=AXIS2_PLACEMENT_3D('',#4094,#3327,#3328);
#3044=AXIS2_PLACEMENT_3D('',#4144,#3329,#3330);
#3045=AXIS2_PLACEMENT_3D('',#4167,#3336,#3337);
#3046=AXIS2_PLACEMENT_3D('',#4176,#3342,#3343);
#3047=AXIS2_PLACEMENT_3D('',#4199,#3349,#3350);
#3048=AXIS2_PLACEMENT_3D('',#4222,#3356,#3357);
#3049=AXIS2_PLACEMENT_3D('',#4226,#3359,#3360);
#3050=AXIS2_PLACEMENT_3D('',#4234,#3364,#3365);
#3051=AXIS2_PLACEMENT_3D('',#4238,#3367,#3368);
#3052=AXIS2_PLACEMENT_3D('',#4239,#3369,#3370);
#3053=AXIS2_PLACEMENT_3D('',#4243,#3372,#3373);
#3054=AXIS2_PLACEMENT_3D('',#4251,#3377,#3378);
#3055=AXIS2_PLACEMENT_3D('',#4255,#3380,#3381);
#3056=AXIS2_PLACEMENT_3D('',#4256,#3382,#3383);
#3057=AXIS2_PLACEMENT_3D('',#4260,#3385,#3386);
#3058=AXIS2_PLACEMENT_3D('',#4264,#3388,#3389);
#3059=AXIS2_PLACEMENT_3D('',#4272,#3393,#3394);
#3060=AXIS2_PLACEMENT_3D('',#4273,#3395,#3396);
#3061=AXIS2_PLACEMENT_3D('',#4274,#3397,#3398);
#3062=AXIS2_PLACEMENT_3D('',#4279,#3400,#3401);
#3063=AXIS2_PLACEMENT_3D('',#4283,#3403,#3404);
#3064=AXIS2_PLACEMENT_3D('',#4290,#3408,#3409);
#3065=AXIS2_PLACEMENT_3D('',#4291,#3410,#3411);
#3066=AXIS2_PLACEMENT_3D('',#4296,#3413,#3414);
#3067=AXIS2_PLACEMENT_3D('',#4300,#3416,#3417);
#3068=AXIS2_PLACEMENT_3D('',#4307,#3421,#3422);
#3069=AXIS2_PLACEMENT_3D('',#4308,#3423,#3424);
#3070=AXIS2_PLACEMENT_3D('',#4313,#3426,#3427);
#3071=AXIS2_PLACEMENT_3D('',#4317,#3429,#3430);
#3072=AXIS2_PLACEMENT_3D('',#4324,#3434,#3435);
#3073=AXIS2_PLACEMENT_3D('',#4325,#3436,#3437);
#3074=AXIS2_PLACEMENT_3D('',#4330,#3439,#3440);
#3075=AXIS2_PLACEMENT_3D('',#4334,#3442,#3443);
#3076=AXIS2_PLACEMENT_3D('',#4341,#3447,#3448);
#3077=AXIS2_PLACEMENT_3D('',#4349,#3452,#3453);
#3078=AXIS2_PLACEMENT_3D('',#4353,#3455,#3456);
#3079=AXIS2_PLACEMENT_3D('',#4357,#3458,#3459);
#3080=AXIS2_PLACEMENT_3D('',#4358,#3460,#3461);
#3081=AXIS2_PLACEMENT_3D('',#4372,#3462,#3463);
#3082=AXIS2_PLACEMENT_3D('',#4373,#3464,#3465);
#3083=AXIS2_PLACEMENT_3D('',#4383,#3466,#3467);
#3084=AXIS2_PLACEMENT_3D('',#4390,#3468,#3469);
#3085=AXIS2_PLACEMENT_3D('',#4391,#3470,#3471);
#3086=AXIS2_PLACEMENT_3D('',#4398,#3472,#3473);
#3087=AXIS2_PLACEMENT_3D('',#4405,#3474,#3475);
#3088=AXIS2_PLACEMENT_3D('',#4406,#3476,#3477);
#3089=AXIS2_PLACEMENT_3D('',#4413,#3478,#3479);
#3090=AXIS2_PLACEMENT_3D('',#4420,#3480,#3481);
#3091=AXIS2_PLACEMENT_3D('',#4421,#3482,#3483);
#3092=AXIS2_PLACEMENT_3D('',#4428,#3484,#3485);
#3093=AXIS2_PLACEMENT_3D('',#4435,#3486,#3487);
#3094=AXIS2_PLACEMENT_3D('',#4436,#3488,#3489);
#3095=AXIS2_PLACEMENT_3D('',#4446,#3490,#3491);
#3096=AXIS2_PLACEMENT_3D('',#4453,#3492,#3493);
#3097=AXIS2_PLACEMENT_3D('',#4454,#3494,#3495);
#3098=AXIS2_PLACEMENT_3D('',#4501,#3496,#3497);
#3099=AXIS2_PLACEMENT_3D('',#4502,#3498,#3499);
#3100=AXIS2_PLACEMENT_3D('',#4552,#3500,#3501);
#3101=AXIS2_PLACEMENT_3D('',#4553,#3502,#3503);
#3102=AXIS2_PLACEMENT_3D('',#4600,#3504,#3505);
#3103=AXIS2_PLACEMENT_3D('',#4601,#3506,#3507);
#3104=AXIS2_PLACEMENT_3D('',#4651,#3508,#3509);
#3105=AXIS2_PLACEMENT_3D('',#4652,#3510,#3511);
#3106=AXIS2_PLACEMENT_3D('',#4676,#3512,#3513);
#3107=AXIS2_PLACEMENT_3D('',#4700,#3514,#3515);
#3108=AXIS2_PLACEMENT_3D('',#4747,#3516,#3517);
#3109=AXIS2_PLACEMENT_3D('',#4748,#3518,#3519);
#3110=AXIS2_PLACEMENT_3D('',#4753,#3522,#3523);
#3111=AXIS2_PLACEMENT_3D('',#4754,#3524,#3525);
#3112=AXIS2_PLACEMENT_3D('',#4759,#3528,#3529);
#3113=AXIS2_PLACEMENT_3D('',#4760,#3530,#3531);
#3114=AXIS2_PLACEMENT_3D('',#4765,#3534,#3535);
#3115=AXIS2_PLACEMENT_3D('',#4766,#3536,#3537);
#3116=AXIS2_PLACEMENT_3D('',#4771,#3540,#3541);
#3117=AXIS2_PLACEMENT_3D('',#4772,#3542,#3543);
#3118=AXIS2_PLACEMENT_3D('',#4775,#3545,#3546);
#3119=AXIS2_PLACEMENT_3D('',#4778,#3548,#3549);
#3120=AXIS2_PLACEMENT_3D('',#4783,#3552,#3553);
#3121=AXIS2_PLACEMENT_3D('',#4784,#3554,#3555);
#3122=AXIS2_PLACEMENT_3D('',#4789,#3558,#3559);
#3123=AXIS2_PLACEMENT_3D('',#4790,#3560,#3561);
#3124=AXIS2_PLACEMENT_3D('',#4795,#3564,#3565);
#3125=AXIS2_PLACEMENT_3D('',#4796,#3566,#3567);
#3126=AXIS2_PLACEMENT_3D('',#4801,#3570,#3571);
#3127=AXIS2_PLACEMENT_3D('',#4802,#3572,#3573);
#3128=AXIS2_PLACEMENT_3D('',#4807,#3576,#3577);
#3129=AXIS2_PLACEMENT_3D('',#4808,#3578,#3579);
#3130=AXIS2_PLACEMENT_3D('',#4811,#3581,#3582);
#3131=AXIS2_PLACEMENT_3D('',#4814,#3584,#3585);
#3132=AXIS2_PLACEMENT_3D('',#4819,#3588,#3589);
#3133=AXIS2_PLACEMENT_3D('',#4820,#3590,#3591);
#3134=AXIS2_PLACEMENT_3D('',#4825,#3594,#3595);
#3135=AXIS2_PLACEMENT_3D('',#4826,#3596,#3597);
#3136=AXIS2_PLACEMENT_3D('',#4831,#3600,#3601);
#3137=AXIS2_PLACEMENT_3D('',#4832,#3602,#3603);
#3138=AXIS2_PLACEMENT_3D('',#4837,#3606,#3607);
#3139=AXIS2_PLACEMENT_3D('',#4838,#3608,#3609);
#3140=AXIS2_PLACEMENT_3D('',#4843,#3612,#3613);
#3141=AXIS2_PLACEMENT_3D('',#4844,#3614,#3615);
#3142=AXIS2_PLACEMENT_3D('',#4847,#3617,#3618);
#3143=AXIS2_PLACEMENT_3D('',#4850,#3620,#3621);
#3144=AXIS2_PLACEMENT_3D('',#4855,#3624,#3625);
#3145=AXIS2_PLACEMENT_3D('',#4856,#3626,#3627);
#3146=AXIS2_PLACEMENT_3D('',#4897,#3628,#3629);
#3147=AXIS2_PLACEMENT_3D('',#4898,#3630,#3631);
#3148=AXIS2_PLACEMENT_3D('',#4942,#3632,#3633);
#3149=AXIS2_PLACEMENT_3D('',#4943,#3634,#3635);
#3150=AXIS2_PLACEMENT_3D('',#4984,#3636,#3637);
#3151=AXIS2_PLACEMENT_3D('',#4985,#3638,#3639);
#3152=AXIS2_PLACEMENT_3D('',#5026,#3640,#3641);
#3153=AXIS2_PLACEMENT_3D('',#5027,#3642,#3643);
#3154=AXIS2_PLACEMENT_3D('',#5048,#3644,#3645);
#3155=AXIS2_PLACEMENT_3D('',#5069,#3646,#3647);
#3156=AXIS2_PLACEMENT_3D('',#5110,#3648,#3649);
#3157=AXIS2_PLACEMENT_3D('',#5111,#3650,#3651);
#3158=AXIS2_PLACEMENT_3D('',#5125,#3652,#3653);
#3159=AXIS2_PLACEMENT_3D('',#5126,#3654,#3655);
#3160=AXIS2_PLACEMENT_3D('',#5140,#3656,#3657);
#3161=AXIS2_PLACEMENT_3D('',#5141,#3658,#3659);
#3162=AXIS2_PLACEMENT_3D('',#5152,#3660,#3661);
#3163=AXIS2_PLACEMENT_3D('',#5153,#3662,#3663);
#3164=AXIS2_PLACEMENT_3D('',#5167,#3664,#3665);
#3165=AXIS2_PLACEMENT_3D('',#5168,#3666,#3667);
#3166=AXIS2_PLACEMENT_3D('',#5174,#3668,#3669);
#3167=AXIS2_PLACEMENT_3D('',#5180,#3670,#3671);
#3168=AXIS2_PLACEMENT_3D('',#5194,#3672,#3673);
#3169=AXIS2_PLACEMENT_3D('',#5195,#3674,#3675);
#3170=AXIS2_PLACEMENT_3D('',#5228,#3676,#3677);
#3171=AXIS2_PLACEMENT_3D('',#5264,#3678,#3679);
#3172=AXIS2_PLACEMENT_3D('',#5297,#3680,#3681);
#3173=AXIS2_PLACEMENT_3D('',#5330,#3682,#3683);
#3174=AXIS2_PLACEMENT_3D('',#5363,#3684,#3685);
#3175=AXIS2_PLACEMENT_3D('',#5396,#3686,#3687);
#3176=AXIS2_PLACEMENT_3D('',#5397,#3688,#3689);
#3177=AXIS2_PLACEMENT_3D('',#5402,#3691,#3692);
#3178=AXIS2_PLACEMENT_3D('',#5406,#3694,#3695);
#3179=AXIS2_PLACEMENT_3D('',#5410,#3697,#3698);
#3180=AXIS2_PLACEMENT_3D('',#5414,#3700,#3701);
#3181=AXIS2_PLACEMENT_3D('',#5418,#3703,#3704);
#3182=AXIS2_PLACEMENT_3D('',#5422,#3706,#3707);
#3183=AXIS2_PLACEMENT_3D('',#5426,#3709,#3710);
#3184=AXIS2_PLACEMENT_3D('',#5430,#3712,#3713);
#3185=AXIS2_PLACEMENT_3D('',#5435,#3716,#3717);
#3186=AXIS2_PLACEMENT_3D('',#5441,#3721,#3722);
#3187=AXIS2_PLACEMENT_3D('',#5446,#3725,#3726);
#3188=AXIS2_PLACEMENT_3D('',#5451,#3729,#3730);
#3189=AXIS2_PLACEMENT_3D('',#5456,#3733,#3734);
#3190=AXIS2_PLACEMENT_3D('',#5461,#3737,#3738);
#3191=AXIS2_PLACEMENT_3D('',#5466,#3741,#3742);
#3192=AXIS2_PLACEMENT_3D('',#5469,#3744,#3745);
#3193=AXIS2_PLACEMENT_3D('',#5470,#3746,#3747);
#3194=AXIS2_PLACEMENT_3D('',#5476,#3750,#3751);
#3195=AXIS2_PLACEMENT_3D('',#5481,#3755,#3756);
#3196=AXIS2_PLACEMENT_3D('',#5487,#3759,#3760);
#3197=AXIS2_PLACEMENT_3D('',#5492,#3764,#3765);
#3198=AXIS2_PLACEMENT_3D('',#5498,#3768,#3769);
#3199=AXIS2_PLACEMENT_3D('',#5503,#3773,#3774);
#3200=AXIS2_PLACEMENT_3D('',#5511,#3780,#3781);
#3201=AXIS2_PLACEMENT_3D('',#5517,#3782,#3783);
#3202=AXIS2_PLACEMENT_3D('',#5523,#3784,#3785);
#3203=AXIS2_PLACEMENT_3D('',#5529,#3786,#3787);
#3204=AXIS2_PLACEMENT_3D('',#5535,#3788,#3789);
#3205=AXIS2_PLACEMENT_3D('',#5544,#3790,#3791);
#3206=AXIS2_PLACEMENT_3D('',#5550,#3792,#3793);
#3207=AXIS2_PLACEMENT_3D('',#5556,#3794,#3795);
#3208=AXIS2_PLACEMENT_3D('',#5562,#3796,#3797);
#3209=AXIS2_PLACEMENT_3D('',#5568,#3798,#3799);
#3210=AXIS2_PLACEMENT_3D('',#5574,#3800,#3801);
#3211=AXIS2_PLACEMENT_3D('',#5598,#3802,#3803);
#3212=AXIS2_PLACEMENT_3D('',#5622,#3804,#3805);
#3213=AXIS2_PLACEMENT_3D('',#5646,#3806,#3807);
#3214=AXIS2_PLACEMENT_3D('',#5670,#3808,#3809);
#3215=AXIS2_PLACEMENT_3D('',#5697,#3810,#3811);
#3216=AXIS2_PLACEMENT_3D('',#5721,#3812,#3813);
#3217=AXIS2_PLACEMENT_3D('',#5745,#3814,#3815);
#3218=AXIS2_PLACEMENT_3D('',#5772,#3816,#3817);
#3219=AXIS2_PLACEMENT_3D('',#5796,#3818,#3819);
#3220=AXIS2_PLACEMENT_3D('',#5820,#3820,#3821);
#3221=AXIS2_PLACEMENT_3D('',#5823,#3823,#3824);
#3222=AXIS2_PLACEMENT_3D('',#5826,#3826,#3827);
#3223=AXIS2_PLACEMENT_3D('',#5829,#3829,#3830);
#3224=AXIS2_PLACEMENT_3D('',#5832,#3832,#3833);
#3225=AXIS2_PLACEMENT_3D('',#5835,#3835,#3836);
#3226=AXIS2_PLACEMENT_3D('',#5838,#3838,#3839);
#3227=AXIS2_PLACEMENT_3D('',#5841,#3841,#3842);
#3228=AXIS2_PLACEMENT_3D('',#5844,#3844,#3845);
#3229=AXIS2_PLACEMENT_3D('',#5847,#3847,#3848);
#3230=AXIS2_PLACEMENT_3D('',#5850,#3850,#3851);
#3231=AXIS2_PLACEMENT_3D('',#5853,#3853,#3854);
#3232=AXIS2_PLACEMENT_3D('',#5856,#3856,#3857);
#3233=AXIS2_PLACEMENT_3D('',#5859,#3859,#3860);
#3234=AXIS2_PLACEMENT_3D('',#5862,#3862,#3863);
#3235=AXIS2_PLACEMENT_3D('',#5865,#3865,#3866);
#3236=AXIS2_PLACEMENT_3D('',#5868,#3868,#3869);
#3237=AXIS2_PLACEMENT_3D('',#5871,#3871,#3872);
#3238=AXIS2_PLACEMENT_3D('',#5874,#3874,#3875);
#3239=AXIS2_PLACEMENT_3D('',#5877,#3877,#3878);
#3240=AXIS2_PLACEMENT_3D('',#5880,#3880,#3881);
#3241=AXIS2_PLACEMENT_3D('',#5883,#3883,#3884);
#3242=AXIS2_PLACEMENT_3D('',#5886,#3886,#3887);
#3243=AXIS2_PLACEMENT_3D('',#5889,#3889,#3890);
#3244=AXIS2_PLACEMENT_3D('',#5892,#3892,#3893);
#3245=AXIS2_PLACEMENT_3D('',#5895,#3895,#3896);
#3246=AXIS2_PLACEMENT_3D('',#5898,#3898,#3899);
#3247=AXIS2_PLACEMENT_3D('',#5901,#3901,#3902);
#3248=AXIS2_PLACEMENT_3D('',#5904,#3904,#3905);
#3249=AXIS2_PLACEMENT_3D('',#5907,#3907,#3908);
#3250=AXIS2_PLACEMENT_3D('',#5910,#3910,#3911);
#3251=AXIS2_PLACEMENT_3D('',#5931,#3912,#3913);
#3252=AXIS2_PLACEMENT_3D('',#5952,#3914,#3915);
#3253=AXIS2_PLACEMENT_3D('',#5973,#3916,#3917);
#3254=AXIS2_PLACEMENT_3D('',#5994,#3918,#3919);
#3255=AXIS2_PLACEMENT_3D('',#6018,#3920,#3921);
#3256=AXIS2_PLACEMENT_3D('',#6039,#3922,#3923);
#3257=AXIS2_PLACEMENT_3D('',#6060,#3924,#3925);
#3258=AXIS2_PLACEMENT_3D('',#6081,#3926,#3927);
#3259=AXIS2_PLACEMENT_3D('',#6102,#3928,#3929);
#3260=AXIS2_PLACEMENT_3D('',#6123,#3930,#3931);
#3261=AXIS2_PLACEMENT_3D('',#6129,#3932,#3933);
#3262=AXIS2_PLACEMENT_3D('',#6135,#3934,#3935);
#3263=AXIS2_PLACEMENT_3D('',#6144,#3936,#3937);
#3264=AXIS2_PLACEMENT_3D('',#6150,#3938,#3939);
#3265=AXIS2_PLACEMENT_3D('',#6159,#3940,#3941);
#3266=AXIS2_PLACEMENT_3D('',#6165,#3942,#3943);
#3267=AXIS2_PLACEMENT_3D('',#6171,#3944,#3945);
#3268=AXIS2_PLACEMENT_3D('',#6180,#3946,#3947);
#3269=AXIS2_PLACEMENT_3D('',#6186,#3948,#3949);
#3270=AXIS2_PLACEMENT_3D('',#6192,#3950,#3951);
#3271=AXIS2_PLACEMENT_3D('',#6225,#3952,#3953);
#3272=AXIS2_PLACEMENT_3D('',#6258,#3954,#3955);
#3273=AXIS2_PLACEMENT_3D('',#6294,#3956,#3957);
#3274=AXIS2_PLACEMENT_3D('',#6327,#3958,#3959);
#3275=AXIS2_PLACEMENT_3D('',#6360,#3960,#3961);
#3276=AXIS2_PLACEMENT_3D('',#6366,#3962,#3963);
#3277=AXIS2_PLACEMENT_3D('',#6375,#3964,#3965);
#3278=AXIS2_PLACEMENT_3D('',#6399,#3966,#3967);
#3279=AXIS2_PLACEMENT_3D('',#6423,#3968,#3969);
#3280=AXIS2_PLACEMENT_3D('',#6426,#3971,#3972);
#3281=AXIS2_PLACEMENT_3D('',#6429,#3974,#3975);
#3282=AXIS2_PLACEMENT_3D('',#6432,#3977,#3978);
#3283=AXIS2_PLACEMENT_3D('',#6435,#3980,#3981);
#3284=AXIS2_PLACEMENT_3D('',#6438,#3983,#3984);
#3285=AXIS2_PLACEMENT_3D('',#6441,#3986,#3987);
#3286=AXIS2_PLACEMENT_3D('',#6462,#3988,#3989);
#3287=AXIS2_PLACEMENT_3D('',#6483,#3990,#3991);
#3288=AXIS2_PLACEMENT_3D('',#6489,#3992,#3993);
#3289=AXIS2_PLACEMENT_3D('',#6498,#3994,#3995);
#3290=AXIS2_PLACEMENT_3D('',#6531,#3996,#3997);
#3291=AXIS2_PLACEMENT_3D('',#6534,#4000,#4001);
#3292=AXIS2_PLACEMENT_3D('',#6535,#4002,#4003);
#3293=AXIS2_PLACEMENT_3D('',#6536,#4004,#4005);
#3294=AXIS2_PLACEMENT_3D('',#6539,#4008,#4009);
#3295=AXIS2_PLACEMENT_3D('',#6540,#4010,#4011);
#3296=AXIS2_PLACEMENT_3D('',#6541,#4012,#4013);
#3297=AXIS2_PLACEMENT_3D('',#6543,#4015,#4016);
#3298=AXIS2_PLACEMENT_3D('',#6545,#4018,#4019);
#3299=AXIS2_PLACEMENT_3D('',#6546,#4020,#4021);
#3300=AXIS2_PLACEMENT_3D('',#6548,#4023,#4024);
#3301=AXIS2_PLACEMENT_3D('',#6550,#4026,#4027);
#3302=AXIS2_PLACEMENT_3D('',#6551,#4028,#4029);
#3303=AXIS2_PLACEMENT_3D('',#6553,#4031,#4032);
#3304=AXIS2_PLACEMENT_3D('',#6555,#4034,#4035);
#3305=AXIS2_PLACEMENT_3D('',#6556,#4036,#4037);
#3306=AXIS2_PLACEMENT_3D('',#6558,#4039,#4040);
#3307=AXIS2_PLACEMENT_3D('',#6560,#4042,#4043);
#3308=AXIS2_PLACEMENT_3D('',#6561,#4044,#4045);
#3309=AXIS2_PLACEMENT_3D('',#6564,#4048,#4049);
#3310=AXIS2_PLACEMENT_3D('',#6565,#4050,#4051);
#3311=AXIS2_PLACEMENT_3D('',#6566,#4052,#4053);
#3312=AXIS2_PLACEMENT_3D('',#6568,#4055,#4056);
#3313=AXIS2_PLACEMENT_3D('',#6570,#4058,#4059);
#3314=AXIS2_PLACEMENT_3D('',#6571,#4060,#4061);
#3315=AXIS2_PLACEMENT_3D('',#6573,#4063,#4064);
#3316=AXIS2_PLACEMENT_3D('',#6575,#4066,#4067);
#3317=AXIS2_PLACEMENT_3D('',#6576,#4068,#4069);
#3318=AXIS2_PLACEMENT_3D('',#6578,#4071,#4072);
#3319=AXIS2_PLACEMENT_3D('',#6580,#4074,#4075);
#3320=AXIS2_PLACEMENT_3D('',#6581,#4076,#4077);
#3321=AXIS2_PLACEMENT_3D('',#6583,#4079,#4080);
#3322=AXIS2_PLACEMENT_3D('',#6585,#4082,#4083);
#3323=AXIS2_PLACEMENT_3D('',#6586,#4084,#4085);
#3324=AXIS2_PLACEMENT_3D('',#6589,#4088,#4089);
#3325=AXIS2_PLACEMENT_3D('',#6590,#4090,#4091);
#3326=AXIS2_PLACEMENT_3D('',#6591,#4092,#4093);
#3327=DIRECTION('',(0.,0.,1.));
#3328=DIRECTION('',(1.,0.,0.));
#3329=DIRECTION('',(-1.,0.,0.));
#3330=DIRECTION('',(0.,0.,1.));
#3331=DIRECTION('',(0.,-0.612349662283462,-0.790587054726632));
#3332=DIRECTION('',(0.,0.790587054726625,-0.61234966228347));
#3333=DIRECTION('',(0.,0.612349662283461,0.790587054726632));
#3334=DIRECTION('',(0.,-0.790587054726628,0.612349662283467));
#3335=DIRECTION('',(0.,-0.612349662283461,-0.790587054726633));
#3336=DIRECTION('',(-1.,0.,0.));
#3337=DIRECTION('',(0.,0.,1.));
#3338=DIRECTION('',(0.,0.490338799052498,0.871531905407802));
#3339=DIRECTION('',(0.,-0.871531905407801,0.490338799052499));
#3340=DIRECTION('',(0.,-0.49033879905249,-0.871531905407806));
#3341=DIRECTION('',(0.,0.8715319054078,-0.490338799052503));
#3342=DIRECTION('',(-1.,0.,0.));
#3343=DIRECTION('',(0.,0.,1.));
#3344=DIRECTION('',(0.,-0.357815699800543,-0.933792227948085));
#3345=DIRECTION('',(0.,0.933792227948083,-0.357815699800548));
#3346=DIRECTION('',(0.,0.357815699800542,0.933792227948085));
#3347=DIRECTION('',(0.,-0.933792227948084,0.357815699800545));
#3348=DIRECTION('',(0.,-0.357815699800541,-0.933792227948085));
#3349=DIRECTION('',(-1.,0.,0.));
#3350=DIRECTION('',(0.,0.,1.));
#3351=DIRECTION('',(0.,-0.199440022525454,-0.979910035368067));
#3352=DIRECTION('',(0.,0.979910035368067,-0.199440022525454));
#3353=DIRECTION('',(0.,0.199440022525455,0.979910035368067));
#3354=DIRECTION('',(0.,-0.979910035368067,0.199440022525453));
#3355=DIRECTION('',(0.,-0.199440022525455,-0.979910035368067));
#3356=DIRECTION('',(-1.,0.,0.));
#3357=DIRECTION('',(0.,0.,1.));
#3358=DIRECTION('',(5.0532154980743E-16,-0.866025403784439,-0.499999999999999));
#3359=DIRECTION('',(-1.,0.,0.));
#3360=DIRECTION('',(0.,0.,1.));
#3361=DIRECTION('',(5.0532154980743E-16,0.5,0.866025403784439));
#3362=DIRECTION('',(0.,0.866025403784439,-0.5));
#3363=DIRECTION('',(5.0532154980743E-16,0.5,0.866025403784439));
#3364=DIRECTION('',(-1.,0.,0.));
#3365=DIRECTION('',(0.,0.,1.));
#3366=DIRECTION('',(5.0532154980743E-16,0.,1.));
#3367=DIRECTION('',(-1.,0.,0.));
#3368=DIRECTION('',(0.,0.,1.));
#3369=DIRECTION('',(-1.,0.,0.));
#3370=DIRECTION('',(0.,0.,1.));
#3371=DIRECTION('',(-1.37100669901828E-15,0.5,-0.866025403784439));
#3372=DIRECTION('',(-1.,0.,0.));
#3373=DIRECTION('',(0.,0.,-1.));
#3374=DIRECTION('',(-1.15648231731787E-15,0.,-1.));
#3375=DIRECTION('',(0.,1.,0.));
#3376=DIRECTION('',(-1.15648231731787E-15,0.,-1.));
#3377=DIRECTION('',(-1.,0.,0.));
#3378=DIRECTION('',(0.,0.,-1.));
#3379=DIRECTION('',(-1.37100669901828E-15,-0.5,-0.866025403784439));
#3380=DIRECTION('',(1.,0.,0.));
#3381=DIRECTION('',(0.,0.,-1.));
#3382=DIRECTION('',(1.,0.,0.));
#3383=DIRECTION('',(0.,0.,-1.));
#3384=DIRECTION('',(1.37100669901828E-15,-1.,1.22124532708767E-15));
#3385=DIRECTION('',(1.,0.,0.));
#3386=DIRECTION('',(0.,0.,-1.));
#3387=DIRECTION('',(-1.37100669901828E-15,-0.5,-0.866025403784439));
#3388=DIRECTION('',(-1.,0.,0.));
#3389=DIRECTION('',(0.,0.,-1.));
#3390=DIRECTION('',(-1.15648231731787E-15,-0.866025403784441,-0.499999999999996));
#3391=DIRECTION('',(0.,0.499999999999996,-0.866025403784441));
#3392=DIRECTION('',(-1.15648231731787E-15,-0.866025403784441,-0.499999999999996));
#3393=DIRECTION('',(-1.,0.,0.));
#3394=DIRECTION('',(0.,0.,-1.));
#3395=DIRECTION('',(1.,0.,0.));
#3396=DIRECTION('',(0.,0.,-1.));
#3397=DIRECTION('',(-1.,0.,0.));
#3398=DIRECTION('',(0.,0.,-1.));
#3399=DIRECTION('',(-1.37100669901828E-15,0.5,-0.866025403784439));
#3400=DIRECTION('',(1.,0.,0.));
#3401=DIRECTION('',(0.,0.,-1.));
#3402=DIRECTION('',(-1.37100669901828E-15,1.,-1.22124532708767E-15));
#3403=DIRECTION('',(-1.,0.,0.));
#3404=DIRECTION('',(0.,0.,-1.));
#3405=DIRECTION('',(-1.15648231731787E-15,0.866025403784438,-0.500000000000001));
#3406=DIRECTION('',(0.,0.500000000000001,0.866025403784438));
#3407=DIRECTION('',(-1.15648231731787E-15,0.866025403784438,-0.500000000000001));
#3408=DIRECTION('',(1.,0.,0.));
#3409=DIRECTION('',(0.,0.,-1.));
#3410=DIRECTION('',(-1.,0.,0.));
#3411=DIRECTION('',(0.,0.,-1.));
#3412=DIRECTION('',(-1.37100669901828E-15,1.,-1.22124532708767E-15));
#3413=DIRECTION('',(1.,0.,0.));
#3414=DIRECTION('',(0.,0.,-1.));
#3415=DIRECTION('',(-1.37100669901828E-15,0.500000000000002,0.866025403784438));
#3416=DIRECTION('',(-1.,0.,0.));
#3417=DIRECTION('',(0.,0.,-1.));
#3418=DIRECTION('',(-1.15648231731787E-15,0.866025403784439,0.499999999999999));
#3419=DIRECTION('',(0.,-0.499999999999999,0.866025403784439));
#3420=DIRECTION('',(-1.15648231731787E-15,0.866025403784439,0.499999999999999));
#3421=DIRECTION('',(1.,0.,0.));
#3422=DIRECTION('',(0.,0.,-1.));
#3423=DIRECTION('',(-1.,0.,0.));
#3424=DIRECTION('',(0.,0.,-1.));
#3425=DIRECTION('',(-1.37100669901828E-15,0.500000000000002,0.866025403784438));
#3426=DIRECTION('',(1.,0.,0.));
#3427=DIRECTION('',(0.,0.,-1.));
#3428=DIRECTION('',(-1.37100669901828E-15,-0.499999999999998,0.86602540378444));
#3429=DIRECTION('',(-1.,0.,0.));
#3430=DIRECTION('',(0.,0.,-1.));
#3431=DIRECTION('',(-1.15648231731787E-15,2.34291072916505E-15,1.));
#3432=DIRECTION('',(0.,-1.,2.34291072916505E-15));
#3433=DIRECTION('',(-1.15648231731787E-15,2.34291072916505E-15,1.));
#3434=DIRECTION('',(1.,0.,0.));
#3435=DIRECTION('',(0.,0.,-1.));
#3436=DIRECTION('',(-1.,0.,0.));
#3437=DIRECTION('',(0.,0.,-1.));
#3438=DIRECTION('',(-1.37100669901828E-15,-0.499999999999998,0.86602540378444));
#3439=DIRECTION('',(1.,0.,0.));
#3440=DIRECTION('',(0.,0.,-1.));
#3441=DIRECTION('',(-1.37100669901828E-15,-1.,3.99680288865056E-15));
#3442=DIRECTION('',(-1.,0.,0.));
#3443=DIRECTION('',(0.,0.,-1.));
#3444=DIRECTION('',(-1.15648231731787E-15,-0.866025403784437,0.500000000000003));
#3445=DIRECTION('',(0.,-0.500000000000003,-0.866025403784437));
#3446=DIRECTION('',(-1.15648231731787E-15,-0.866025403784437,0.500000000000003));
#3447=DIRECTION('',(1.,0.,0.));
#3448=DIRECTION('',(0.,0.,-1.));
#3449=DIRECTION('',(5.0532154980743E-16,-0.5,0.866025403784439));
#3450=DIRECTION('',(0.,0.866025403784439,0.5));
#3451=DIRECTION('',(5.0532154980743E-16,-0.5,0.866025403784439));
#3452=DIRECTION('',(-1.,0.,0.));
#3453=DIRECTION('',(0.,0.,1.));
#3454=DIRECTION('',(5.0532154980743E-16,-0.866025403784438,0.500000000000001));
#3455=DIRECTION('',(-1.,0.,0.));
#3456=DIRECTION('',(0.,0.,1.));
#3457=DIRECTION('',(5.0532154980743E-16,0.,1.));
#3458=DIRECTION('',(-1.,0.,0.));
#3459=DIRECTION('',(0.,0.,1.));
#3460=DIRECTION('',(-1.,0.,0.));
#3461=DIRECTION('',(0.,0.,1.));
#3462=DIRECTION('',(-1.,0.,0.));
#3463=DIRECTION('',(0.,0.,1.));
#3464=DIRECTION('',(-1.,0.,0.));
#3465=DIRECTION('',(-1.1399155092663E-17,0.,1.));
#3466=DIRECTION('',(-1.,0.,0.));
#3467=DIRECTION('',(0.,0.,1.));
#3468=DIRECTION('',(-1.,0.,0.));
#3469=DIRECTION('',(0.,0.,1.));
#3470=DIRECTION('',(-1.,0.,0.));
#3471=DIRECTION('',(-1.1399155092663E-17,0.,1.));
#3472=DIRECTION('',(-1.,0.,0.));
#3473=DIRECTION('',(0.,0.,1.));
#3474=DIRECTION('',(-1.,0.,0.));
#3475=DIRECTION('',(0.,0.,1.));
#3476=DIRECTION('',(-1.,0.,0.));
#3477=DIRECTION('',(-1.1399155092663E-17,0.,1.));
#3478=DIRECTION('',(-1.,0.,0.));
#3479=DIRECTION('',(0.,0.,1.));
#3480=DIRECTION('',(-1.,0.,0.));
#3481=DIRECTION('',(0.,0.,1.));
#3482=DIRECTION('',(-1.,0.,0.));
#3483=DIRECTION('',(-1.1399155092663E-17,0.,1.));
#3484=DIRECTION('',(-1.,0.,0.));
#3485=DIRECTION('',(0.,0.,1.));
#3486=DIRECTION('',(-1.,0.,0.));
#3487=DIRECTION('',(0.,0.,1.));
#3488=DIRECTION('',(-1.,0.,0.));
#3489=DIRECTION('',(-1.1399155092663E-17,0.,1.));
#3490=DIRECTION('',(-1.,0.,0.));
#3491=DIRECTION('',(0.,0.,1.));
#3492=DIRECTION('',(-1.,0.,0.));
#3493=DIRECTION('',(0.,0.,1.));
#3494=DIRECTION('',(-1.,0.,0.));
#3495=DIRECTION('',(-1.1399155092663E-17,0.,1.));
#3496=DIRECTION('',(-1.,0.,0.));
#3497=DIRECTION('',(0.,0.,1.));
#3498=DIRECTION('',(-1.,0.,0.));
#3499=DIRECTION('',(0.,0.,1.));
#3500=DIRECTION('',(-1.,0.,0.));
#3501=DIRECTION('',(0.,0.,1.));
#3502=DIRECTION('',(-1.,0.,0.));
#3503=DIRECTION('',(0.,0.,1.));
#3504=DIRECTION('',(-1.,0.,0.));
#3505=DIRECTION('',(0.,0.,1.));
#3506=DIRECTION('',(-1.,0.,0.));
#3507=DIRECTION('',(0.,0.,1.));
#3508=DIRECTION('',(-1.,0.,0.));
#3509=DIRECTION('',(0.,0.,1.));
#3510=DIRECTION('',(-1.,0.,0.));
#3511=DIRECTION('',(0.,0.,1.));
#3512=DIRECTION('',(-1.,0.,0.));
#3513=DIRECTION('',(0.,0.,1.));
#3514=DIRECTION('',(-1.,0.,0.));
#3515=DIRECTION('',(0.,0.,1.));
#3516=DIRECTION('',(-1.,0.,0.));
#3517=DIRECTION('',(0.,0.,1.));
#3518=DIRECTION('',(-1.,0.,0.));
#3519=DIRECTION('',(0.,0.,1.));
#3520=DIRECTION('',(0.,0.5,-0.866025403784439));
#3521=DIRECTION('',(0.,0.,1.));
#3522=DIRECTION('',(-1.,0.,0.));
#3523=DIRECTION('',(0.,0.,1.));
#3524=DIRECTION('',(1.,0.,0.));
#3525=DIRECTION('',(0.,0.,-1.));
#3526=DIRECTION('',(0.,1.,-1.0547118733939E-15));
#3527=DIRECTION('',(0.,0.866025403784438,-0.500000000000001));
#3528=DIRECTION('',(-1.,0.,0.));
#3529=DIRECTION('',(0.,0.,1.));
#3530=DIRECTION('',(1.,0.,0.));
#3531=DIRECTION('',(0.,0.,-1.));
#3532=DIRECTION('',(0.,0.500000000000002,0.866025403784438));
#3533=DIRECTION('',(0.,0.86602540378444,0.499999999999999));
#3534=DIRECTION('',(-1.,0.,0.));
#3535=DIRECTION('',(0.,0.,1.));
#3536=DIRECTION('',(1.,0.,0.));
#3537=DIRECTION('',(0.,0.,-1.));
#3538=DIRECTION('',(0.,-0.499999999999998,0.86602540378444));
#3539=DIRECTION('',(0.,2.34291072916505E-15,1.));
#3540=DIRECTION('',(-1.,0.,0.));
#3541=DIRECTION('',(0.,0.,1.));
#3542=DIRECTION('',(1.,0.,0.));
#3543=DIRECTION('',(0.,0.,-1.));
#3544=DIRECTION('',(0.,-1.,1.0547118733939E-15));
#3545=DIRECTION('',(-1.,0.,0.));
#3546=DIRECTION('',(0.,0.,1.));
#3547=DIRECTION('',(0.,-0.866025403784441,-0.499999999999996));
#3548=DIRECTION('',(1.,0.,0.));
#3549=DIRECTION('',(0.,0.,-1.));
#3550=DIRECTION('',(0.,-1.,3.83026943495679E-15));
#3551=DIRECTION('',(0.,-0.866025403784437,0.500000000000003));
#3552=DIRECTION('',(-1.,0.,0.));
#3553=DIRECTION('',(0.,0.,1.));
#3554=DIRECTION('',(1.,0.,0.));
#3555=DIRECTION('',(0.,0.,-1.));
#3556=DIRECTION('',(-1.,0.,0.));
#3557=DIRECTION('',(1.,0.,0.));
#3558=DIRECTION('',(-1.,0.,0.));
#3559=DIRECTION('',(0.,0.,1.));
#3560=DIRECTION('',(-1.,0.,0.));
#3561=DIRECTION('',(0.,0.,1.));
#3562=DIRECTION('',(-1.,0.,0.));
#3563=DIRECTION('',(-1.,0.,0.));
#3564=DIRECTION('',(-1.,0.,0.));
#3565=DIRECTION('',(0.,0.,1.));
#3566=DIRECTION('',(-1.,0.,0.));
#3567=DIRECTION('',(0.,0.,1.));
#3568=DIRECTION('',(-1.,0.,0.));
#3569=DIRECTION('',(-1.,0.,0.));
#3570=DIRECTION('',(-1.,0.,0.));
#3571=DIRECTION('',(0.,0.,1.));
#3572=DIRECTION('',(-1.,0.,0.));
#3573=DIRECTION('',(0.,0.,1.));
#3574=DIRECTION('',(-1.,0.,0.));
#3575=DIRECTION('',(-1.,0.,0.));
#3576=DIRECTION('',(-1.,0.,0.));
#3577=DIRECTION('',(0.,0.,1.));
#3578=DIRECTION('',(-1.,0.,0.));
#3579=DIRECTION('',(0.,0.,1.));
#3580=DIRECTION('',(-1.,0.,0.));
#3581=DIRECTION('',(-1.,0.,0.));
#3582=DIRECTION('',(0.,0.,1.));
#3583=DIRECTION('',(-1.,0.,0.));
#3584=DIRECTION('',(-1.,0.,0.));
#3585=DIRECTION('',(0.,0.,1.));
#3586=DIRECTION('',(-1.,0.,0.));
#3587=DIRECTION('',(-1.,0.,0.));
#3588=DIRECTION('',(-1.,0.,0.));
#3589=DIRECTION('',(0.,0.,1.));
#3590=DIRECTION('',(-1.,0.,0.));
#3591=DIRECTION('',(0.,0.,1.));
#3592=DIRECTION('',(0.,-0.5,0.866025403784439));
#3593=DIRECTION('',(0.,0.,-1.));
#3594=DIRECTION('',(-1.,0.,0.));
#3595=DIRECTION('',(0.,0.,1.));
#3596=DIRECTION('',(-1.,0.,0.));
#3597=DIRECTION('',(0.,0.,1.));
#3598=DIRECTION('',(0.,-1.,1.0547118733939E-15));
#3599=DIRECTION('',(0.,-0.866025403784438,0.500000000000001));
#3600=DIRECTION('',(-1.,0.,0.));
#3601=DIRECTION('',(0.,0.,1.));
#3602=DIRECTION('',(-1.,0.,0.));
#3603=DIRECTION('',(0.,0.,1.));
#3604=DIRECTION('',(0.,-0.500000000000002,-0.866025403784438));
#3605=DIRECTION('',(0.,-0.86602540378444,-0.499999999999999));
#3606=DIRECTION('',(-1.,0.,0.));
#3607=DIRECTION('',(0.,0.,1.));
#3608=DIRECTION('',(-1.,0.,0.));
#3609=DIRECTION('',(0.,0.,1.));
#3610=DIRECTION('',(0.,0.499999999999998,-0.86602540378444));
#3611=DIRECTION('',(0.,-2.34291072916505E-15,-1.));
#3612=DIRECTION('',(-1.,0.,0.));
#3613=DIRECTION('',(0.,0.,1.));
#3614=DIRECTION('',(-1.,0.,0.));
#3615=DIRECTION('',(0.,0.,1.));
#3616=DIRECTION('',(0.,1.,-1.0547118733939E-15));
#3617=DIRECTION('',(-1.,0.,0.));
#3618=DIRECTION('',(0.,0.,1.));
#3619=DIRECTION('',(0.,0.866025403784441,0.499999999999996));
#3620=DIRECTION('',(-1.,0.,0.));
#3621=DIRECTION('',(0.,0.,1.));
#3622=DIRECTION('',(0.,1.,-3.83026943495679E-15));
#3623=DIRECTION('',(0.,0.866025403784437,-0.500000000000003));
#3624=DIRECTION('',(-1.,0.,0.));
#3625=DIRECTION('',(0.,0.,1.));
#3626=DIRECTION('',(-1.,0.,0.));
#3627=DIRECTION('',(0.,0.,1.));
#3628=DIRECTION('',(-1.,0.,0.));
#3629=DIRECTION('',(0.,0.,1.));
#3630=DIRECTION('',(-1.,0.,0.));
#3631=DIRECTION('',(0.,0.,1.));
#3632=DIRECTION('',(-1.,0.,0.));
#3633=DIRECTION('',(0.,0.,1.));
#3634=DIRECTION('',(-1.,0.,0.));
#3635=DIRECTION('',(0.,0.,1.));
#3636=DIRECTION('',(-1.,0.,0.));
#3637=DIRECTION('',(0.,0.,1.));
#3638=DIRECTION('',(-1.,0.,0.));
#3639=DIRECTION('',(0.,0.,1.));
#3640=DIRECTION('',(-1.,0.,0.));
#3641=DIRECTION('',(0.,0.,1.));
#3642=DIRECTION('',(-1.,0.,0.));
#3643=DIRECTION('',(0.,0.,1.));
#3644=DIRECTION('',(-1.,0.,0.));
#3645=DIRECTION('',(0.,0.,1.));
#3646=DIRECTION('',(-1.,0.,0.));
#3647=DIRECTION('',(0.,0.,1.));
#3648=DIRECTION('',(-1.,0.,0.));
#3649=DIRECTION('',(0.,0.,1.));
#3650=DIRECTION('',(-1.,0.,0.));
#3651=DIRECTION('',(0.,0.,1.));
#3652=DIRECTION('',(1.,0.,0.));
#3653=DIRECTION('',(0.,0.,1.));
#3654=DIRECTION('',(1.,0.,0.));
#3655=DIRECTION('',(-1.98873916297757E-16,0.,-1.));
#3656=DIRECTION('',(1.,0.,0.));
#3657=DIRECTION('',(0.,0.,1.));
#3658=DIRECTION('',(1.,0.,0.));
#3659=DIRECTION('',(-1.98873916297757E-16,0.,-1.));
#3660=DIRECTION('',(1.,0.,0.));
#3661=DIRECTION('',(0.,0.,1.));
#3662=DIRECTION('',(1.,0.,0.));
#3663=DIRECTION('',(-1.98873916297757E-16,0.,-1.));
#3664=DIRECTION('',(1.,0.,0.));
#3665=DIRECTION('',(0.,0.,1.));
#3666=DIRECTION('',(1.,0.,0.));
#3667=DIRECTION('',(-1.98873916297757E-16,0.,-1.));
#3668=DIRECTION('',(1.,0.,0.));
#3669=DIRECTION('',(0.,0.,1.));
#3670=DIRECTION('',(1.,0.,0.));
#3671=DIRECTION('',(-1.98873916297757E-16,0.,-1.));
#3672=DIRECTION('',(1.,0.,0.));
#3673=DIRECTION('',(0.,0.,1.));
#3674=DIRECTION('',(1.,0.,0.));
#3675=DIRECTION('',(-1.98873916297757E-16,0.,-1.));
#3676=DIRECTION('',(1.,0.,0.));
#3677=DIRECTION('',(0.,0.,-1.));
#3678=DIRECTION('',(1.,0.,0.));
#3679=DIRECTION('',(0.,0.,-1.));
#3680=DIRECTION('',(1.,0.,0.));
#3681=DIRECTION('',(0.,0.,-1.));
#3682=DIRECTION('',(1.,0.,0.));
#3683=DIRECTION('',(0.,0.,-1.));
#3684=DIRECTION('',(1.,0.,0.));
#3685=DIRECTION('',(0.,0.,-1.));
#3686=DIRECTION('',(1.,0.,0.));
#3687=DIRECTION('',(0.,0.,-1.));
#3688=DIRECTION('',(-0.707106781186551,0.612372435695792,-0.353553390593273));
#3689=DIRECTION('',(0.707106781186545,0.612372435695797,-0.353553390593276));
#3690=DIRECTION('',(1.,0.,0.));
#3691=DIRECTION('',(-1.,0.,0.));
#3692=DIRECTION('',(0.,0.,1.));
#3693=DIRECTION('',(1.,0.,0.));
#3694=DIRECTION('',(-0.707106781186551,0.612372435695793,0.353553390593271));
#3695=DIRECTION('',(0.707106781186545,0.612372435695798,0.353553390593274));
#3696=DIRECTION('',(1.,0.,0.));
#3697=DIRECTION('',(-1.,0.,0.));
#3698=DIRECTION('',(0.,0.,1.));
#3699=DIRECTION('',(1.,0.,0.));
#3700=DIRECTION('',(-0.70710678118655,1.65668806430732E-15,0.707106781186545));
#3701=DIRECTION('',(0.707106781186545,1.65668806430733E-15,0.70710678118655));
#3702=DIRECTION('',(1.,0.,0.));
#3703=DIRECTION('',(-1.,0.,0.));
#3704=DIRECTION('',(0.,0.,1.));
#3705=DIRECTION('',(1.,0.,0.));
#3706=DIRECTION('',(-0.707106781186551,-0.612372435695791,0.353553390593274));
#3707=DIRECTION('',(0.707106781186545,-0.612372435695796,0.353553390593277));
#3708=DIRECTION('',(1.,0.,0.));
#3709=DIRECTION('',(-1.,0.,0.));
#3710=DIRECTION('',(0.,0.,1.));
#3711=DIRECTION('',(1.,0.,0.));
#3712=DIRECTION('',(-0.70710678118655,-0.612372435695794,-0.35355339059327));
#3713=DIRECTION('',(0.707106781186545,-0.612372435695799,-0.353553390593273));
#3714=DIRECTION('',(-1.,0.,0.));
#3715=DIRECTION('',(1.,0.,0.));
#3716=DIRECTION('',(-0.70710678118655,0.,-0.707106781186545));
#3717=DIRECTION('',(0.707106781186545,0.,-0.70710678118655));
#3718=DIRECTION('',(1.,0.,0.));
#3719=DIRECTION('',(1.,0.,0.));
#3720=DIRECTION('',(1.,0.,0.));
#3721=DIRECTION('',(0.707106781186547,0.353553390593274,-0.612372435695795));
#3722=DIRECTION('',(0.707106781186548,-0.353553390593273,0.612372435695794));
#3723=DIRECTION('',(1.,0.,0.));
#3724=DIRECTION('',(1.,0.,0.));
#3725=DIRECTION('',(0.707106781186547,-0.353553390593274,-0.612372435695795));
#3726=DIRECTION('',(0.707106781186548,0.353553390593273,0.612372435695794));
#3727=DIRECTION('',(1.,0.,0.));
#3728=DIRECTION('',(1.,0.,0.));
#3729=DIRECTION('',(0.707106781186547,-0.707106781186548,2.83106871279415E-15));
#3730=DIRECTION('',(0.707106781186548,0.707106781186547,-2.83106871279415E-15));
#3731=DIRECTION('',(1.,0.,0.));
#3732=DIRECTION('',(1.,0.,0.));
#3733=DIRECTION('',(0.707106781186547,-0.353553390593272,0.612372435695796));
#3734=DIRECTION('',(0.707106781186548,0.353553390593272,-0.612372435695795));
#3735=DIRECTION('',(1.,0.,0.));
#3736=DIRECTION('',(1.,0.,0.));
#3737=DIRECTION('',(0.707106781186547,0.353553390593275,0.612372435695794));
#3738=DIRECTION('',(0.707106781186548,-0.353553390593275,-0.612372435695794));
#3739=DIRECTION('',(1.,0.,0.));
#3740=DIRECTION('',(1.,0.,0.));
#3741=DIRECTION('',(0.707106781186547,0.707106781186548,-8.32667268468868E-16));
#3742=DIRECTION('',(0.707106781186548,-0.707106781186547,8.32667268468867E-16));
#3743=DIRECTION('',(1.,0.,0.));
#3744=DIRECTION('',(1.,0.,0.));
#3745=DIRECTION('',(0.,0.,-1.));
#3746=DIRECTION('',(-1.,0.,0.));
#3747=DIRECTION('',(0.,0.,1.));
#3748=DIRECTION('',(0.,1.22124532708767E-15,1.));
#3749=DIRECTION('',(5.0532154980743E-16,-1.,1.0547118733939E-15));
#3750=DIRECTION('',(-1.,0.,0.));
#3751=DIRECTION('',(0.,0.,1.));
#3752=DIRECTION('',(5.0532154980743E-16,-0.866025403784439,-0.499999999999999));
#3753=DIRECTION('',(5.0532154980743E-16,-0.866025403784438,0.500000000000001));
#3754=DIRECTION('',(5.0532154980743E-16,-1.,1.0547118733939E-15));
#3755=DIRECTION('',(-1.,0.,0.));
#3756=DIRECTION('',(0.,0.,1.));
#3757=DIRECTION('',(0.,-0.866025403784438,0.500000000000002));
#3758=DIRECTION('',(5.0532154980743E-16,-0.500000000000002,-0.866025403784438));
#3759=DIRECTION('',(-1.,0.,0.));
#3760=DIRECTION('',(0.,0.,1.));
#3761=DIRECTION('',(5.0532154980743E-16,-2.34291072916505E-15,-1.));
#3762=DIRECTION('',(5.0532154980743E-16,-0.866025403784439,-0.499999999999999));
#3763=DIRECTION('',(5.0532154980743E-16,-0.500000000000002,-0.866025403784438));
#3764=DIRECTION('',(-1.,0.,0.));
#3765=DIRECTION('',(0.,0.,1.));
#3766=DIRECTION('',(0.,-0.86602540378444,-0.499999999999998));
#3767=DIRECTION('',(5.0532154980743E-16,0.499999999999998,-0.86602540378444));
#3768=DIRECTION('',(-1.,0.,0.));
#3769=DIRECTION('',(0.,0.,1.));
#3770=DIRECTION('',(5.0532154980743E-16,0.866025403784437,-0.500000000000003));
#3771=DIRECTION('',(5.0532154980743E-16,-2.34291072916505E-15,-1.));
#3772=DIRECTION('',(5.0532154980743E-16,0.499999999999998,-0.86602540378444));
#3773=DIRECTION('',(-1.,0.,0.));
#3774=DIRECTION('',(0.,0.,1.));
#3775=DIRECTION('',(0.,-3.99680288865056E-15,-1.));
#3776=DIRECTION('',(5.0532154980743E-16,1.,-3.83026943495679E-15));
#3777=DIRECTION('',(5.0532154980743E-16,0.866025403784441,0.499999999999996));
#3778=DIRECTION('',(5.0532154980743E-16,0.866025403784437,-0.500000000000003));
#3779=DIRECTION('',(5.0532154980743E-16,1.,-3.83026943495679E-15));
#3780=DIRECTION('',(-1.,0.,0.));
#3781=DIRECTION('',(0.,0.,1.));
#3782=DIRECTION('',(-1.,0.,0.));
#3783=DIRECTION('',(0.,0.,1.));
#3784=DIRECTION('',(-1.,0.,0.));
#3785=DIRECTION('',(-1.1399155092663E-17,0.,1.));
#3786=DIRECTION('',(-1.,0.,0.));
#3787=DIRECTION('',(0.,0.,1.));
#3788=DIRECTION('',(-1.,0.,0.));
#3789=DIRECTION('',(-1.1399155092663E-17,0.,1.));
#3790=DIRECTION('',(-1.,0.,0.));
#3791=DIRECTION('',(0.,0.,1.));
#3792=DIRECTION('',(-1.,0.,0.));
#3793=DIRECTION('',(-1.1399155092663E-17,0.,1.));
#3794=DIRECTION('',(-1.,0.,0.));
#3795=DIRECTION('',(0.,0.,1.));
#3796=DIRECTION('',(-1.,0.,0.));
#3797=DIRECTION('',(-1.1399155092663E-17,0.,1.));
#3798=DIRECTION('',(-1.,0.,0.));
#3799=DIRECTION('',(0.,0.,1.));
#3800=DIRECTION('',(-1.,0.,0.));
#3801=DIRECTION('',(-1.1399155092663E-17,0.,1.));
#3802=DIRECTION('',(-1.,0.,0.));
#3803=DIRECTION('',(0.,0.,1.));
#3804=DIRECTION('',(-1.,0.,0.));
#3805=DIRECTION('',(0.,0.,1.));
#3806=DIRECTION('',(-1.,0.,0.));
#3807=DIRECTION('',(0.,0.,1.));
#3808=DIRECTION('',(-1.,0.,0.));
#3809=DIRECTION('',(0.,0.,1.));
#3810=DIRECTION('',(-1.,0.,0.));
#3811=DIRECTION('',(0.,0.,1.));
#3812=DIRECTION('',(-1.,0.,0.));
#3813=DIRECTION('',(0.,0.,1.));
#3814=DIRECTION('',(-1.,0.,0.));
#3815=DIRECTION('',(0.,0.,1.));
#3816=DIRECTION('',(-1.,0.,0.));
#3817=DIRECTION('',(0.,0.,1.));
#3818=DIRECTION('',(-1.,0.,0.));
#3819=DIRECTION('',(0.,0.,1.));
#3820=DIRECTION('',(-1.,0.,0.));
#3821=DIRECTION('',(0.,0.,1.));
#3822=DIRECTION('',(0.,0.5,-0.866025403784439));
#3823=DIRECTION('',(-1.,0.,0.));
#3824=DIRECTION('',(0.,0.,1.));
#3825=DIRECTION('',(0.,0.866025403784438,-0.500000000000001));
#3826=DIRECTION('',(1.,0.,0.));
#3827=DIRECTION('',(0.,0.,-1.));
#3828=DIRECTION('',(0.,0.86602540378444,0.499999999999999));
#3829=DIRECTION('',(-1.,0.,0.));
#3830=DIRECTION('',(0.,0.,1.));
#3831=DIRECTION('',(0.,-0.5,-0.866025403784439));
#3832=DIRECTION('',(1.,0.,0.));
#3833=DIRECTION('',(0.,0.,-1.));
#3834=DIRECTION('',(0.,1.,-1.0547118733939E-15));
#3835=DIRECTION('',(-1.,0.,0.));
#3836=DIRECTION('',(0.,0.,1.));
#3837=DIRECTION('',(0.,0.86602540378444,0.499999999999999));
#3838=DIRECTION('',(1.,0.,0.));
#3839=DIRECTION('',(0.,0.,-1.));
#3840=DIRECTION('',(0.,0.500000000000002,0.866025403784438));
#3841=DIRECTION('',(-1.,0.,0.));
#3842=DIRECTION('',(0.,0.,1.));
#3843=DIRECTION('',(0.,2.34291072916505E-15,1.));
#3844=DIRECTION('',(1.,0.,0.));
#3845=DIRECTION('',(0.,0.,-1.));
#3846=DIRECTION('',(0.,-0.499999999999998,0.86602540378444));
#3847=DIRECTION('',(-1.,0.,0.));
#3848=DIRECTION('',(0.,0.,1.));
#3849=DIRECTION('',(0.,-0.866025403784437,0.500000000000003));
#3850=DIRECTION('',(1.,0.,0.));
#3851=DIRECTION('',(0.,0.,-1.));
#3852=DIRECTION('',(-1.,0.,0.));
#3853=DIRECTION('',(-1.,0.,0.));
#3854=DIRECTION('',(0.,0.,1.));
#3855=DIRECTION('',(-1.,0.,0.));
#3856=DIRECTION('',(-1.,0.,0.));
#3857=DIRECTION('',(0.,0.,1.));
#3858=DIRECTION('',(1.,0.,0.));
#3859=DIRECTION('',(-1.,0.,0.));
#3860=DIRECTION('',(0.,0.,1.));
#3861=DIRECTION('',(-1.,0.,0.));
#3862=DIRECTION('',(-1.,0.,0.));
#3863=DIRECTION('',(0.,0.,1.));
#3864=DIRECTION('',(-1.,0.,0.));
#3865=DIRECTION('',(-1.,0.,0.));
#3866=DIRECTION('',(0.,0.,1.));
#3867=DIRECTION('',(-1.,0.,0.));
#3868=DIRECTION('',(-1.,0.,0.));
#3869=DIRECTION('',(0.,0.,1.));
#3870=DIRECTION('',(-1.,0.,0.));
#3871=DIRECTION('',(-1.,0.,0.));
#3872=DIRECTION('',(0.,0.,1.));
#3873=DIRECTION('',(-1.,0.,0.));
#3874=DIRECTION('',(-1.,0.,0.));
#3875=DIRECTION('',(0.,0.,1.));
#3876=DIRECTION('',(-1.,0.,0.));
#3877=DIRECTION('',(-1.,0.,0.));
#3878=DIRECTION('',(0.,0.,1.));
#3879=DIRECTION('',(-1.,0.,0.));
#3880=DIRECTION('',(-1.,0.,0.));
#3881=DIRECTION('',(0.,0.,1.));
#3882=DIRECTION('',(0.,-0.5,0.866025403784439));
#3883=DIRECTION('',(-1.,0.,0.));
#3884=DIRECTION('',(0.,0.,1.));
#3885=DIRECTION('',(0.,-0.866025403784438,0.500000000000001));
#3886=DIRECTION('',(-1.,0.,0.));
#3887=DIRECTION('',(0.,0.,1.));
#3888=DIRECTION('',(0.,-0.86602540378444,-0.499999999999999));
#3889=DIRECTION('',(-1.,0.,0.));
#3890=DIRECTION('',(0.,0.,1.));
#3891=DIRECTION('',(0.,0.5,0.866025403784439));
#3892=DIRECTION('',(-1.,0.,0.));
#3893=DIRECTION('',(0.,0.,1.));
#3894=DIRECTION('',(0.,-1.,1.0547118733939E-15));
#3895=DIRECTION('',(-1.,0.,0.));
#3896=DIRECTION('',(0.,0.,1.));
#3897=DIRECTION('',(0.,-0.86602540378444,-0.499999999999999));
#3898=DIRECTION('',(-1.,0.,0.));
#3899=DIRECTION('',(0.,0.,1.));
#3900=DIRECTION('',(0.,-0.500000000000002,-0.866025403784438));
#3901=DIRECTION('',(-1.,0.,0.));
#3902=DIRECTION('',(0.,0.,1.));
#3903=DIRECTION('',(0.,-2.34291072916505E-15,-1.));
#3904=DIRECTION('',(-1.,0.,0.));
#3905=DIRECTION('',(0.,0.,1.));
#3906=DIRECTION('',(0.,0.499999999999998,-0.86602540378444));
#3907=DIRECTION('',(-1.,0.,0.));
#3908=DIRECTION('',(0.,0.,1.));
#3909=DIRECTION('',(0.,0.866025403784437,-0.500000000000003));
#3910=DIRECTION('',(-1.,0.,0.));
#3911=DIRECTION('',(0.,0.,1.));
#3912=DIRECTION('',(-1.,0.,0.));
#3913=DIRECTION('',(0.,0.,1.));
#3914=DIRECTION('',(-1.,0.,0.));
#3915=DIRECTION('',(0.,0.,1.));
#3916=DIRECTION('',(-1.,0.,0.));
#3917=DIRECTION('',(0.,0.,1.));
#3918=DIRECTION('',(-1.,0.,0.));
#3919=DIRECTION('',(0.,0.,1.));
#3920=DIRECTION('',(-1.,0.,0.));
#3921=DIRECTION('',(0.,0.,1.));
#3922=DIRECTION('',(-1.,0.,0.));
#3923=DIRECTION('',(0.,0.,1.));
#3924=DIRECTION('',(-1.,0.,0.));
#3925=DIRECTION('',(0.,0.,1.));
#3926=DIRECTION('',(-1.,0.,0.));
#3927=DIRECTION('',(0.,0.,1.));
#3928=DIRECTION('',(-1.,0.,0.));
#3929=DIRECTION('',(0.,0.,1.));
#3930=DIRECTION('',(-1.,0.,0.));
#3931=DIRECTION('',(0.,0.,1.));
#3932=DIRECTION('',(1.,0.,0.));
#3933=DIRECTION('',(0.,0.,1.));
#3934=DIRECTION('',(1.,0.,0.));
#3935=DIRECTION('',(-1.98873916297757E-16,0.,-1.));
#3936=DIRECTION('',(1.,0.,0.));
#3937=DIRECTION('',(0.,0.,1.));
#3938=DIRECTION('',(1.,0.,0.));
#3939=DIRECTION('',(-1.98873916297757E-16,0.,-1.));
#3940=DIRECTION('',(1.,0.,0.));
#3941=DIRECTION('',(0.,0.,1.));
#3942=DIRECTION('',(1.,0.,0.));
#3943=DIRECTION('',(-1.98873916297757E-16,0.,-1.));
#3944=DIRECTION('',(1.,0.,0.));
#3945=DIRECTION('',(0.,0.,1.));
#3946=DIRECTION('',(1.,0.,0.));
#3947=DIRECTION('',(-1.98873916297757E-16,0.,-1.));
#3948=DIRECTION('',(1.,0.,0.));
#3949=DIRECTION('',(0.,0.,1.));
#3950=DIRECTION('',(1.,0.,0.));
#3951=DIRECTION('',(-1.98873916297757E-16,0.,-1.));
#3952=DIRECTION('',(1.,0.,0.));
#3953=DIRECTION('',(0.,0.,-1.));
#3954=DIRECTION('',(1.,0.,0.));
#3955=DIRECTION('',(0.,0.,-1.));
#3956=DIRECTION('',(1.,0.,0.));
#3957=DIRECTION('',(0.,0.,-1.));
#3958=DIRECTION('',(1.,0.,0.));
#3959=DIRECTION('',(0.,0.,-1.));
#3960=DIRECTION('',(1.,0.,0.));
#3961=DIRECTION('',(0.,0.,-1.));
#3962=DIRECTION('',(-1.,0.,0.));
#3963=DIRECTION('',(0.,0.,1.));
#3964=DIRECTION('',(-1.,0.,0.));
#3965=DIRECTION('',(-1.1399155092663E-17,0.,1.));
#3966=DIRECTION('',(-1.,0.,0.));
#3967=DIRECTION('',(0.,0.,1.));
#3968=DIRECTION('',(-1.,0.,0.));
#3969=DIRECTION('',(0.,0.,1.));
#3970=DIRECTION('',(0.,-0.5,-0.866025403784439));
#3971=DIRECTION('',(-1.,0.,0.));
#3972=DIRECTION('',(0.,0.,1.));
#3973=DIRECTION('',(0.,0.,1.));
#3974=DIRECTION('',(1.,0.,0.));
#3975=DIRECTION('',(0.,0.,-1.));
#3976=DIRECTION('',(-1.,0.,0.));
#3977=DIRECTION('',(-1.,0.,0.));
#3978=DIRECTION('',(0.,0.,1.));
#3979=DIRECTION('',(1.,0.,0.));
#3980=DIRECTION('',(-1.,0.,0.));
#3981=DIRECTION('',(0.,0.,1.));
#3982=DIRECTION('',(0.,0.5,0.866025403784439));
#3983=DIRECTION('',(-1.,0.,0.));
#3984=DIRECTION('',(0.,0.,1.));
#3985=DIRECTION('',(0.,0.,-1.));
#3986=DIRECTION('',(-1.,0.,0.));
#3987=DIRECTION('',(0.,0.,1.));
#3988=DIRECTION('',(-1.,0.,0.));
#3989=DIRECTION('',(0.,0.,1.));
#3990=DIRECTION('',(-1.,0.,0.));
#3991=DIRECTION('',(0.,0.,1.));
#3992=DIRECTION('',(1.,0.,0.));
#3993=DIRECTION('',(0.,0.,1.));
#3994=DIRECTION('',(1.,0.,0.));
#3995=DIRECTION('',(-1.98873916297757E-16,0.,-1.));
#3996=DIRECTION('',(1.,0.,0.));
#3997=DIRECTION('',(0.,0.,-1.));
#3998=DIRECTION('',(-0.707106781186545,0.,0.70710678118655));
#3999=DIRECTION('',(-0.707106781186545,0.,0.70710678118655));
#4000=DIRECTION('',(0.70710678118655,0.,0.707106781186545));
#4001=DIRECTION('',(0.707106781186545,0.,-0.70710678118655));
#4002=DIRECTION('',(0.,-1.,0.));
#4003=DIRECTION('',(0.,0.,-1.));
#4004=DIRECTION('',(0.,-1.,0.));
#4005=DIRECTION('',(0.,0.,-1.));
#4006=DIRECTION('',(-0.707106781186548,-0.353553390593273,-0.612372435695794));
#4007=DIRECTION('',(-0.707106781186548,-0.353553390593273,-0.612372435695794));
#4008=DIRECTION('',(-0.707106781186547,0.353553390593274,0.612372435695795));
#4009=DIRECTION('',(0.654653670707978,0.,0.755928946018454));
#4010=DIRECTION('',(3.08148791101958E-33,-0.866025403784439,0.5));
#4011=DIRECTION('',(0.,-0.5,-0.866025403784439));
#4012=DIRECTION('',(3.08148791101958E-33,-0.866025403784439,0.5));
#4013=DIRECTION('',(0.,-0.5,-0.866025403784439));
#4014=DIRECTION('',(0.707106781186545,-0.612372435695799,-0.353553390593273));
#4015=DIRECTION('',(0.,-0.499999999999996,0.866025403784441));
#4016=DIRECTION('',(0.,-0.866025403784441,-0.499999999999996));
#4017=DIRECTION('',(0.707106781186545,-0.612372435695799,-0.353553390593273));
#4018=DIRECTION('',(0.70710678118655,0.612372435695794,0.35355339059327));
#4019=DIRECTION('',(0.707106781186545,-0.612372435695799,-0.353553390593273));
#4020=DIRECTION('',(0.,0.499999999999999,-0.866025403784439));
#4021=DIRECTION('',(0.,0.866025403784439,0.499999999999999));
#4022=DIRECTION('',(0.707106781186545,-0.612372435695796,0.353553390593277));
#4023=DIRECTION('',(0.,0.500000000000003,0.866025403784437));
#4024=DIRECTION('',(0.,-0.866025403784437,0.500000000000003));
#4025=DIRECTION('',(0.707106781186545,-0.612372435695796,0.353553390593277));
#4026=DIRECTION('',(0.,0.500000000000003,0.866025403784437));
#4027=DIRECTION('',(0.,-0.866025403784437,0.500000000000003));
#4028=DIRECTION('',(0.70710678118655,0.612372435695791,-0.353553390593274));
#4029=DIRECTION('',(0.707106781186545,-0.612372435695796,0.353553390593277));
#4030=DIRECTION('',(0.707106781186545,1.65668806430733E-15,0.70710678118655));
#4031=DIRECTION('',(0.,1.,-2.34291072916505E-15));
#4032=DIRECTION('',(0.,2.34296089474118E-15,1.));
#4033=DIRECTION('',(0.707106781186545,1.65668806430733E-15,0.70710678118655));
#4034=DIRECTION('',(0.,1.,-2.34291072916505E-15));
#4035=DIRECTION('',(0.,2.34296089474118E-15,1.));
#4036=DIRECTION('',(0.70710678118655,-1.65668806430732E-15,-0.707106781186545));
#4037=DIRECTION('',(0.707106781186545,1.65666091955785E-15,0.70710678118655));
#4038=DIRECTION('',(0.707106781186545,0.612372435695798,0.353553390593274));
#4039=DIRECTION('',(0.,0.499999999999999,-0.866025403784439));
#4040=DIRECTION('',(0.,0.866025403784439,0.499999999999999));
#4041=DIRECTION('',(0.707106781186545,0.612372435695798,0.353553390593274));
#4042=DIRECTION('',(0.,0.499999999999999,-0.866025403784439));
#4043=DIRECTION('',(0.,0.866025403784439,0.499999999999999));
#4044=DIRECTION('',(0.70710678118655,-0.612372435695793,-0.353553390593271));
#4045=DIRECTION('',(0.707106781186545,0.612372435695798,0.353553390593274));
#4046=DIRECTION('',(0.707106781186545,0.612372435695797,-0.353553390593276));
#4047=DIRECTION('',(0.707106781186545,0.612372435695797,-0.353553390593276));
#4048=DIRECTION('',(0.70710678118655,-0.612372435695792,0.353553390593273));
#4049=DIRECTION('',(0.707106781186545,0.612372435695797,-0.353553390593276));
#4050=DIRECTION('',(0.,-0.500000000000001,-0.866025403784438));
#4051=DIRECTION('',(0.,0.866025403784438,-0.500000000000001));
#4052=DIRECTION('',(0.,-0.500000000000001,-0.866025403784438));
#4053=DIRECTION('',(0.,0.866025403784438,-0.500000000000001));
#4054=DIRECTION('',(0.707106781186548,0.707106781186547,-2.83106871279415E-15));
#4055=DIRECTION('',(3.08148791101958E-33,3.83026943495679E-15,1.));
#4056=DIRECTION('',(0.,-1.,3.83026943495679E-15));
#4057=DIRECTION('',(0.707106781186548,0.707106781186547,-2.83106871279415E-15));
#4058=DIRECTION('',(-0.707106781186547,0.707106781186548,-2.83106871279415E-15));
#4059=DIRECTION('',(0.654653670707978,0.654653670707978,0.377964473009224));
#4060=DIRECTION('',(3.08148791101958E-33,-1.0547118733939E-15,-1.));
#4061=DIRECTION('',(0.,1.,-1.0547118733939E-15));
#4062=DIRECTION('',(0.707106781186548,0.353553390593272,-0.612372435695795));
#4063=DIRECTION('',(3.08148791101958E-33,0.86602540378444,0.499999999999998));
#4064=DIRECTION('',(0.,-0.499999999999998,0.86602540378444));
#4065=DIRECTION('',(0.707106781186548,0.353553390593272,-0.612372435695795));
#4066=DIRECTION('',(3.08148791101958E-33,0.86602540378444,0.499999999999998));
#4067=DIRECTION('',(0.,-0.499999999999998,0.86602540378444));
#4068=DIRECTION('',(-0.707106781186547,0.353553390593272,-0.612372435695796));
#4069=DIRECTION('',(0.654653670707978,0.654653670707976,-0.377964473009229));
#4070=DIRECTION('',(0.707106781186548,-0.353553390593275,-0.612372435695794));
#4071=DIRECTION('',(3.08148791101958E-33,0.866025403784438,-0.500000000000002));
#4072=DIRECTION('',(0.,0.500000000000002,0.866025403784438));
#4073=DIRECTION('',(0.707106781186548,-0.353553390593275,-0.612372435695794));
#4074=DIRECTION('',(3.08148791101958E-33,0.866025403784438,-0.500000000000002));
#4075=DIRECTION('',(0.,0.500000000000002,0.866025403784438));
#4076=DIRECTION('',(-0.707106781186547,-0.353553390593275,-0.612372435695794));
#4077=DIRECTION('',(0.654653670707978,-1.7710984588637E-15,-0.755928946018454));
#4078=DIRECTION('',(0.707106781186548,-0.707106781186547,8.32667268468867E-16));
#4079=DIRECTION('',(3.08148791101958E-33,-1.0547118733939E-15,-1.));
#4080=DIRECTION('',(0.,1.,-1.0547118733939E-15));
#4081=DIRECTION('',(0.707106781186548,-0.707106781186547,8.32667268468867E-16));
#4082=DIRECTION('',(3.08148791101958E-33,-1.0547118733939E-15,-1.));
#4083=DIRECTION('',(0.,1.,-1.0547118733939E-15));
#4084=DIRECTION('',(-0.707106781186547,-0.707106781186548,8.32667268468867E-16));
#4085=DIRECTION('',(0.654653670707978,-0.654653670707977,-0.377964473009226));
#4086=DIRECTION('',(0.707106781186548,-0.353553390593273,0.612372435695794));
#4087=DIRECTION('',(0.707106781186548,-0.353553390593273,0.612372435695794));
#4088=DIRECTION('',(-0.707106781186547,-0.353553390593274,0.612372435695795));
#4089=DIRECTION('',(0.654653670707978,-0.654653670707977,0.377964473009228));
#4090=DIRECTION('',(3.08148791101958E-33,-0.866025403784439,-0.5));
#4091=DIRECTION('',(0.,0.5,-0.866025403784439));
#4092=DIRECTION('',(3.08148791101958E-33,-0.866025403784439,-0.5));
#4093=DIRECTION('',(0.,0.5,-0.866025403784439));
#4094=CARTESIAN_POINT('',(0.,0.,0.));
#4095=CARTESIAN_POINT('',(3.36659707068755E-15,6.37976304864069,5.81906710500321));
#4096=CARTESIAN_POINT('',(3.36659707068755E-15,6.41348827049933,5.81469665785401));
#4097=CARTESIAN_POINT('',(3.36659707068755E-15,6.44132055022149,5.80021558746768));
#4098=CARTESIAN_POINT('',(3.36659707068755E-15,6.48495813377104,5.75130243861225));
#4099=CARTESIAN_POINT('',(3.36659707068755E-15,6.49618269678383,5.72200488958101));
#4100=CARTESIAN_POINT('',(3.36659707068755E-15,6.49672009042,5.65453855748587));
#4101=CARTESIAN_POINT('',(3.36659707068755E-15,6.4780606509534,5.6097426865477));
#4102=CARTESIAN_POINT('',(3.36659707068755E-15,6.40227213177558,5.4965376313111));
#4103=CARTESIAN_POINT('',(3.36659707068755E-15,6.31732925647302,5.41004918094792));
#4104=CARTESIAN_POINT('',(3.36659707068755E-15,6.05475552849908,5.17579554444119));
#4105=CARTESIAN_POINT('',(3.36659707068755E-15,5.95542666477064,5.0997983709021));
#4106=CARTESIAN_POINT('',(3.36659707068755E-15,5.83591404788617,5.03714804617137));
#4107=CARTESIAN_POINT('',(3.36659707068755E-15,5.79280601323193,5.02557502093571));
#4108=CARTESIAN_POINT('',(3.36659707068755E-15,5.72535556951466,5.03431591523411));
#4109=CARTESIAN_POINT('',(3.36659707068755E-15,5.69780962973576,5.04905244214879));
#4110=CARTESIAN_POINT('',(3.36659707068755E-15,5.65417204618621,5.09796559100422));
#4111=CARTESIAN_POINT('',(3.36659707068755E-15,5.64290223485197,5.12673744511564));
#4112=CARTESIAN_POINT('',(3.36659707068755E-15,5.64131646428083,5.19395839058665));
#4113=CARTESIAN_POINT('',(3.36659707068755E-15,5.66021050917405,5.23875897348369));
#4114=CARTESIAN_POINT('',(3.36659707068755E-15,5.73621653937221,5.35136958581841));
#4115=CARTESIAN_POINT('',(3.36659707068755E-15,5.82065556371117,5.43819702255512));
#4116=CARTESIAN_POINT('',(3.36659707068755E-15,6.0832292916851,5.67245065906185));
#4117=CARTESIAN_POINT('',(3.36659707068755E-15,6.18313083530007,5.74895874565766));
#4118=CARTESIAN_POINT('',(3.36659707068755E-15,6.30351563709423,5.8115491114635));
#4119=CARTESIAN_POINT('',(3.36659707068755E-15,6.34603782678205,5.82343755215241));
#4120=CARTESIAN_POINT('',(3.36659707068755E-15,6.37976304864069,5.81906710500321));
#4121=CARTESIAN_POINT('',(3.36659707068755E-15,6.37976304864069,5.81906710500321));
#4122=CARTESIAN_POINT('',(3.36659707068755E-15,6.73924683690059,5.59082106344169));
#4123=CARTESIAN_POINT('',(3.36659707068755E-15,6.76491685334109,5.71763509077912));
#4124=CARTESIAN_POINT('',(3.36659707068755E-15,6.73220962562292,5.83211228598189));
#4125=CARTESIAN_POINT('',(3.36659707068755E-15,6.54970326790464,6.036682748322));
#4126=CARTESIAN_POINT('',(3.36659707068755E-15,6.44049802701329,6.08242735553264));
#4127=CARTESIAN_POINT('',(3.36659707068755E-15,6.15840871811177,6.0582874553736));
#4128=CARTESIAN_POINT('',(3.36659707068755E-15,5.97610668395143,5.9573781250827));
#4129=CARTESIAN_POINT('',(3.36659707068755E-15,5.55060552825976,5.57776972393876));
#4130=CARTESIAN_POINT('',(3.36659707068755E-15,5.42934379762849,5.41280352433292));
#4131=CARTESIAN_POINT('',(3.36659707068755E-15,5.40190688207936,5.27524467283992));
#4132=CARTESIAN_POINT('',(3.36659707068755E-15,6.73924683690059,5.59082106344169));
#4133=CARTESIAN_POINT('',(3.36659707068755E-15,5.40190688207936,5.27524467283992));
#4134=CARTESIAN_POINT('',(3.36659707068755E-15,5.40190688207936,5.27524467283992));
#4135=CARTESIAN_POINT('',(3.36659707068755E-15,5.3744099711066,5.13738502581636));
#4136=CARTESIAN_POINT('',(3.36659707068755E-15,5.40615203114742,5.01744076388916));
#4137=CARTESIAN_POINT('',(3.36659707068755E-15,5.58914057210934,4.81232982476612));
#4138=CARTESIAN_POINT('',(3.36659707068755E-15,5.69863215294395,4.76684067408384));
#4139=CARTESIAN_POINT('',(3.36659707068755E-15,5.98045869518304,4.79044669763323));
#4140=CARTESIAN_POINT('',(3.36659707068755E-15,6.16330983594908,4.89214536106214));
#4141=CARTESIAN_POINT('',(3.36659707068755E-15,6.58737929192443,5.27047647956428));
#4142=CARTESIAN_POINT('',(3.36659707068755E-15,6.70880716582688,5.44044417184003));
#4143=CARTESIAN_POINT('',(3.36659707068755E-15,6.73924683690059,5.59082106344169));
#4144=CARTESIAN_POINT('',(3.36659707068755E-15,0.,0.));
#4145=CARTESIAN_POINT('',(3.36659707068755E-15,4.75041667046471,6.77569721781806));
#4146=CARTESIAN_POINT('',(3.36659707068755E-15,4.88559211805486,6.73021254000103));
#4147=CARTESIAN_POINT('',(3.36659707068755E-15,5.02243036321725,6.71644532631738));
#4148=CARTESIAN_POINT('',(3.36659707068755E-15,5.16103407737856,6.73334530593755));
#4149=CARTESIAN_POINT('',(3.36659707068755E-15,4.75041667046472,6.77569721781806));
#4150=CARTESIAN_POINT('',(3.36659707068755E-15,5.16103407737856,6.73334530593755));
#4151=CARTESIAN_POINT('',(3.36659707068755E-15,4.82924676995559,6.30498424635428));
#4152=CARTESIAN_POINT('',(3.36659707068755E-15,4.49745946253262,5.87662318677101));
#4153=CARTESIAN_POINT('',(3.36659707068755E-15,4.6046835162354,5.79357273371715));
#4154=CARTESIAN_POINT('',(3.36659707068755E-15,4.71190756993818,5.7105222806633));
#4155=CARTESIAN_POINT('',(3.36659707068755E-15,5.17304963142371,6.30588954655011));
#4156=CARTESIAN_POINT('',(3.36659707068755E-15,5.63419169290924,6.90125681243691));
#4157=CARTESIAN_POINT('',(3.36659707068755E-15,5.54715267468322,6.96867293454204));
#4158=CARTESIAN_POINT('',(3.36659707068755E-15,5.4601136564572,7.03608905664718));
#4159=CARTESIAN_POINT('',(3.36659707068755E-15,5.4601136564572,7.03608905664717));
#4160=CARTESIAN_POINT('',(3.36659707068755E-15,5.37985259936631,6.98273645766498));
#4161=CARTESIAN_POINT('',(3.36659707068755E-15,5.28579136651061,6.95414861877247));
#4162=CARTESIAN_POINT('',(3.36659707068755E-15,5.07047124865491,6.94816046067434));
#4163=CARTESIAN_POINT('',(3.36659707068755E-15,4.98135670609862,6.95794022043535));
#4164=CARTESIAN_POINT('',(3.36659707068755E-15,4.91020092616416,6.98199007937374));
#4165=CARTESIAN_POINT('',(3.36659707068755E-15,4.91020092616416,6.98199007937374));
#4166=CARTESIAN_POINT('',(3.36659707068755E-15,4.83030879831444,6.8788436485959));
#4167=CARTESIAN_POINT('',(3.36659707068755E-15,0.,0.));
#4168=CARTESIAN_POINT('',(3.36659707068755E-15,4.16965813998524,6.76899132075562));
#4169=CARTESIAN_POINT('',(3.36659707068755E-15,4.09919310535547,6.64374623304448));
#4170=CARTESIAN_POINT('',(3.36659707068755E-15,4.240123174615,6.89423640846676));
#4171=CARTESIAN_POINT('',(3.36659707068755E-15,4.00782178584534,7.02493315436988));
#4172=CARTESIAN_POINT('',(3.36659707068755E-15,3.77552039707567,7.15562990027299));
#4173=CARTESIAN_POINT('',(3.36659707068755E-15,3.70505536244591,7.03038481256185));
#4174=CARTESIAN_POINT('',(3.36659707068755E-15,3.63459032781615,6.90513972485072));
#4175=CARTESIAN_POINT('',(3.36659707068755E-15,3.86689171658581,6.7744429789476));
#4176=CARTESIAN_POINT('',(3.36659707068755E-15,0.,0.));
#4177=CARTESIAN_POINT('',(3.36659707068755E-15,2.5901686016019,7.85923392868873));
#4178=CARTESIAN_POINT('',(3.36659707068755E-15,2.73272070154031,7.85474434625087));
#4179=CARTESIAN_POINT('',(3.36659707068755E-15,2.86770078311019,7.88109997356501));
#4180=CARTESIAN_POINT('',(3.36659707068755E-15,2.99551058633403,7.93732499548902));
#4181=CARTESIAN_POINT('',(3.36659707068755E-15,2.59016860160191,7.85923392868873));
#4182=CARTESIAN_POINT('',(3.36659707068755E-15,2.99551058633403,7.93732499548902));
#4183=CARTESIAN_POINT('',(3.36659707068755E-15,2.8016365387061,7.43137157036903));
#4184=CARTESIAN_POINT('',(3.36659707068755E-15,2.60776249107818,6.92541814524904));
#4185=CARTESIAN_POINT('',(3.36659707068755E-15,2.7344088703708,6.87688908120514));
#4186=CARTESIAN_POINT('',(3.36659707068755E-15,2.86105524966341,6.82836001716123));
#4187=CARTESIAN_POINT('',(3.36659707068755E-15,3.13051546104429,7.53157077976604));
#4188=CARTESIAN_POINT('',(3.36659707068755E-15,3.39997567242517,8.23478154237084));
#4189=CARTESIAN_POINT('',(3.36659707068755E-15,3.29717060084985,8.27417496151462));
#4190=CARTESIAN_POINT('',(3.36659707068755E-15,3.19436552927454,8.3135683806584));
#4191=CARTESIAN_POINT('',(3.36659707068755E-15,3.19436552927454,8.3135683806584));
#4192=CARTESIAN_POINT('',(3.36659707068755E-15,3.13294220340128,8.23930188658355));
#4193=CARTESIAN_POINT('',(3.36659707068755E-15,3.05115214036735,8.18475680754077));
#4194=CARTESIAN_POINT('',(3.36659707068755E-15,2.84674503117119,8.11681311834987));
#4195=CARTESIAN_POINT('',(3.36659707068755E-15,2.75860541613547,8.100428562898));
#4196=CARTESIAN_POINT('',(3.36659707068755E-15,2.68353570669184,8.10289421840658));
#4197=CARTESIAN_POINT('',(3.36659707068755E-15,2.68353570669184,8.10289421840658));
#4198=CARTESIAN_POINT('',(3.36659707068755E-15,2.63685215414687,7.98106407354765));
#4199=CARTESIAN_POINT('',(3.36659707068755E-15,0.,0.));
#4200=CARTESIAN_POINT('',(3.36659707068755E-15,1.26293728728318,8.17811229679358));
#4201=CARTESIAN_POINT('',(3.36659707068755E-15,1.40428803663752,8.19711816968278));
#4202=CARTESIAN_POINT('',(3.36659707068755E-15,1.53309908883553,8.2453048311502));
#4203=CARTESIAN_POINT('',(3.36659707068755E-15,1.6499271341488,8.32177578458189));
#4204=CARTESIAN_POINT('',(3.36659707068755E-15,1.26293728728318,8.17811229679358));
#4205=CARTESIAN_POINT('',(3.36659707068755E-15,1.6499271341488,8.32177578458189));
#4206=CARTESIAN_POINT('',(3.36659707068755E-15,1.54186523399303,7.79083450678461));
#4207=CARTESIAN_POINT('',(3.36659707068755E-15,1.43380333383726,7.25989322898733));
#4208=CARTESIAN_POINT('',(3.36659707068755E-15,1.56670448068506,7.23284400327853));
#4209=CARTESIAN_POINT('',(3.36659707068755E-15,1.69960562753286,7.20579477756974));
#4210=CARTESIAN_POINT('',(3.36659707068755E-15,1.84979789315305,7.94373546997566));
#4211=CARTESIAN_POINT('',(3.36659707068755E-15,1.99999015877324,8.68167616238158));
#4212=CARTESIAN_POINT('',(3.36659707068755E-15,1.89210778589812,8.70363334426536));
#4213=CARTESIAN_POINT('',(3.36659707068755E-15,1.784225413023,8.72559052614913));
#4214=CARTESIAN_POINT('',(3.36659707068755E-15,1.784225413023,8.72559052614913));
#4215=CARTESIAN_POINT('',(3.36659707068755E-15,1.73584653416383,8.64223693484178));
#4216=CARTESIAN_POINT('',(3.36659707068755E-15,1.66413596862422,8.57498833003196));
#4217=CARTESIAN_POINT('',(3.36659707068755E-15,1.47367916354896,8.47436618241364));
#4218=CARTESIAN_POINT('',(3.36659707068755E-15,1.38943215921634,8.44371511951233));
#4219=CARTESIAN_POINT('',(3.36659707068755E-15,1.31497842900126,8.43380639658263));
#4220=CARTESIAN_POINT('',(3.36659707068755E-15,1.31497842900126,8.43380639658263));
#4221=CARTESIAN_POINT('',(3.36659707068755E-15,1.28895785814222,8.30595934668811));
#4222=CARTESIAN_POINT('',(3.36659707068755E-15,0.,0.));
#4223=CARTESIAN_POINT('',(-4.54660459486509E-15,-0.249999999999999,0.43301270189222));
#4224=CARTESIAN_POINT('',(-1.12750565623145E-14,11.2812919747339,7.090607227609));
#4225=CARTESIAN_POINT('',(-7.31436471109509E-15,4.49341649025257,3.17162548941804));
#4226=CARTESIAN_POINT('',(6.7331941413751E-15,0.,0.));
#4227=CARTESIAN_POINT('',(1.67523646940377E-15,7.09060722760901,11.2812919747339));
#4228=CARTESIAN_POINT('',(0.,5.4330127018638,8.41025403779518));
#4229=CARTESIAN_POINT('',(5.20417042793042E-15,5.4330127018638,8.41025403779518));
#4230=CARTESIAN_POINT('',(5.20417042793042E-15,4.56698729807936,8.91025403779518));
#4231=CARTESIAN_POINT('',(5.20417042793042E-15,4.56698729807936,8.91025403779518));
#4232=CARTESIAN_POINT('',(0.,4.56698729807936,8.91025403779518));
#4233=CARTESIAN_POINT('',(1.67523646940376E-15,6.22458182382457,11.7812919747339));
#4234=CARTESIAN_POINT('',(6.7331941413751E-15,0.,0.));
#4235=CARTESIAN_POINT('',(2.18184737258426E-15,0.5,13.3151890514336));
#4236=CARTESIAN_POINT('',(-4.54660459486509E-15,0.5,0.));
#4237=CARTESIAN_POINT('',(-1.77884447863509E-15,0.5,5.47722557505166));
#4238=CARTESIAN_POINT('',(0.,0.,0.));
#4239=CARTESIAN_POINT('',(3.36659707068755E-15,0.,0.));
#4240=CARTESIAN_POINT('',(-40.0000000000038,-9.68932135945977,17.7823968854467));
#4241=CARTESIAN_POINT('',(-40.0000000000038,-5.20561130753422,10.0163832691043));
#4242=CARTESIAN_POINT('',(-40.0000000000038,-2.30560008563361,4.99341649025257));
#4243=CARTESIAN_POINT('',(-40.0000000000038,0.,0.));
#4244=CARTESIAN_POINT('',(-40.0000000000038,-0.5,11.2772480188529));
#4245=CARTESIAN_POINT('',(-40.0000000000038,-0.5,21.5));
#4246=CARTESIAN_POINT('',(-40.0000000000038,-0.5,9.5));
#4247=CARTESIAN_POINT('',(-40.0000000000038,-0.5,9.5));
#4248=CARTESIAN_POINT('',(-40.0000000000038,0.5,9.5));
#4249=CARTESIAN_POINT('',(-40.0000000000038,0.5,21.5));
#4250=CARTESIAN_POINT('',(-40.0000000000038,0.5,11.2772480188529));
#4251=CARTESIAN_POINT('',(-40.0000000000038,0.,0.));
#4252=CARTESIAN_POINT('',(-40.0000000000038,5.20561130753444,10.0163832691047));
#4253=CARTESIAN_POINT('',(-40.0000000000038,9.68932135945977,17.7823968854467));
#4254=CARTESIAN_POINT('',(-40.0000000000038,2.30560008563361,4.99341649025257));
#4255=CARTESIAN_POINT('',(-40.0000000000038,0.,0.));
#4256=CARTESIAN_POINT('',(-40.0000000000038,0.,12.1576135792361));
#4257=CARTESIAN_POINT('',(-40.0000000000038,-20.244668122704,0.500000000000025));
#4258=CARTESIAN_POINT('',(-40.0000000000038,11.2772480188529,0.499999999999986));
#4259=CARTESIAN_POINT('',(-40.0000000000038,5.47722557505165,0.499999999999993));
#4260=CARTESIAN_POINT('',(-40.0000000000038,0.,0.));
#4261=CARTESIAN_POINT('',(-40.0000000000038,3.17162548941805,4.49341649025257));
#4262=CARTESIAN_POINT('',(-40.0000000000038,10.5553467632442,17.2823968854467));
#4263=CARTESIAN_POINT('',(-40.0000000000038,6.07163671131888,9.51638326910471));
#4264=CARTESIAN_POINT('',(-40.0000000000038,0.,0.));
#4265=CARTESIAN_POINT('',(-40.0000000000038,9.51638326910436,6.07163671131862));
#4266=CARTESIAN_POINT('',(-40.0000000000038,18.3695461813655,11.1830127018921));
#4267=CARTESIAN_POINT('',(-40.0000000000038,7.97724133595219,5.18301270189218));
#4268=CARTESIAN_POINT('',(-40.0000000000038,7.97724133595219,5.18301270189218));
#4269=CARTESIAN_POINT('',(-40.0000000000038,8.47724133595218,4.31698729810774));
#4270=CARTESIAN_POINT('',(-40.0000000000038,18.8695461813655,10.3169872981077));
#4271=CARTESIAN_POINT('',(-40.0000000000038,10.0163832691047,5.2056113075344));
#4272=CARTESIAN_POINT('',(-40.0000000000038,0.,0.));
#4273=CARTESIAN_POINT('',(-40.0000000000038,0.,12.1576135792361));
#4274=CARTESIAN_POINT('',(-40.0000000000038,0.,0.));
#4275=CARTESIAN_POINT('',(-40.0000000000038,-9.51638326910433,6.07163671131867));
#4276=CARTESIAN_POINT('',(-40.0000000000038,-6.07163671131866,9.51638326910433));
#4277=CARTESIAN_POINT('',(-40.0000000000038,-10.5553467632442,17.2823968854467));
#4278=CARTESIAN_POINT('',(-40.0000000000038,-3.17162548941805,4.49341649025257));
#4279=CARTESIAN_POINT('',(-40.0000000000038,0.,0.));
#4280=CARTESIAN_POINT('',(-40.0000000000038,-5.47722557505166,0.500000000000007));
#4281=CARTESIAN_POINT('',(-40.0000000000038,-20.244668122704,0.500000000000025));
#4282=CARTESIAN_POINT('',(-40.0000000000038,-11.2772480188528,0.500000000000014));
#4283=CARTESIAN_POINT('',(-40.0000000000038,0.,0.));
#4284=CARTESIAN_POINT('',(-40.0000000000038,-10.0163832691043,5.20561130753423));
#4285=CARTESIAN_POINT('',(-40.0000000000038,-18.8695461813654,10.3169872981078));
#4286=CARTESIAN_POINT('',(-40.0000000000038,-8.47724133595216,4.31698729810779));
#4287=CARTESIAN_POINT('',(-40.0000000000038,-8.47724133595216,4.31698729810779));
#4288=CARTESIAN_POINT('',(-40.0000000000038,-7.97724133595216,5.18301270189222));
#4289=CARTESIAN_POINT('',(-40.0000000000038,-18.3695461813654,11.1830127018922));
#4290=CARTESIAN_POINT('',(-40.0000000000038,0.,12.1576135792361));
#4291=CARTESIAN_POINT('',(-40.0000000000038,0.,0.));
#4292=CARTESIAN_POINT('',(-40.0000000000038,-10.0163832691047,-5.20561130753443));
#4293=CARTESIAN_POINT('',(-40.0000000000038,-11.2772480188528,-0.499999999999987));
#4294=CARTESIAN_POINT('',(-40.0000000000038,-20.244668122704,-0.499999999999976));
#4295=CARTESIAN_POINT('',(-40.0000000000038,-5.47722557505166,-0.499999999999994));
#4296=CARTESIAN_POINT('',(-40.0000000000038,0.,0.));
#4297=CARTESIAN_POINT('',(-40.0000000000038,-3.17162548941806,-4.49341649025256));
#4298=CARTESIAN_POINT('',(-40.0000000000038,-10.5553467632443,-17.2823968854467));
#4299=CARTESIAN_POINT('',(-40.0000000000038,-6.0716367113189,-9.5163832691047));
#4300=CARTESIAN_POINT('',(-40.0000000000038,0.,0.));
#4301=CARTESIAN_POINT('',(-40.0000000000038,-9.51638326910434,-6.07163671131865));
#4302=CARTESIAN_POINT('',(-40.0000000000038,-18.3695461813654,-11.1830127018922));
#4303=CARTESIAN_POINT('',(-40.0000000000038,-7.97724133595217,-5.18301270189221));
#4304=CARTESIAN_POINT('',(-40.0000000000038,-7.97724133595217,-5.18301270189221));
#4305=CARTESIAN_POINT('',(-40.0000000000038,-8.47724133595217,-4.31698729810777));
#4306=CARTESIAN_POINT('',(-40.0000000000038,-18.8695461813654,-10.3169872981078));
#4307=CARTESIAN_POINT('',(-40.0000000000038,0.,12.1576135792361));
#4308=CARTESIAN_POINT('',(-40.0000000000038,0.,0.));
#4309=CARTESIAN_POINT('',(-40.0000000000038,-0.500000000000026,-11.2772480188531));
#4310=CARTESIAN_POINT('',(-40.0000000000038,-5.20561130753446,-10.0163832691047));
#4311=CARTESIAN_POINT('',(-40.0000000000038,-9.68932135945981,-17.7823968854467));
#4312=CARTESIAN_POINT('',(-40.0000000000038,-2.30560008563362,-4.99341649025257));
#4313=CARTESIAN_POINT('',(-40.0000000000038,0.,0.));
#4314=CARTESIAN_POINT('',(-40.0000000000038,2.3056000856336,-4.99341649025258));
#4315=CARTESIAN_POINT('',(-40.0000000000038,9.68932135945973,-17.7823968854467));
#4316=CARTESIAN_POINT('',(-40.0000000000038,5.20561130753442,-10.0163832691047));
#4317=CARTESIAN_POINT('',(-40.0000000000038,0.,0.));
#4318=CARTESIAN_POINT('',(-40.0000000000038,0.499999999999974,-11.2772480188529));
#4319=CARTESIAN_POINT('',(-40.0000000000038,0.49999999999995,-21.5));
#4320=CARTESIAN_POINT('',(-40.0000000000038,0.499999999999978,-9.5));
#4321=CARTESIAN_POINT('',(-40.0000000000038,0.499999999999978,-9.5));
#4322=CARTESIAN_POINT('',(-40.0000000000038,-0.500000000000022,-9.5));
#4323=CARTESIAN_POINT('',(-40.0000000000038,-0.50000000000005,-21.5));
#4324=CARTESIAN_POINT('',(-40.0000000000038,0.,12.1576135792361));
#4325=CARTESIAN_POINT('',(-40.0000000000038,0.,0.));
#4326=CARTESIAN_POINT('',(-40.0000000000038,9.51638326910469,-6.07163671131891));
#4327=CARTESIAN_POINT('',(-40.0000000000038,6.07163671131885,-9.51638326910473));
#4328=CARTESIAN_POINT('',(-40.0000000000038,10.5553467632442,-17.2823968854467));
#4329=CARTESIAN_POINT('',(-40.0000000000038,3.17162548941804,-4.49341649025258));
#4330=CARTESIAN_POINT('',(-40.0000000000038,0.,0.));
#4331=CARTESIAN_POINT('',(-40.0000000000038,5.47722557505166,-0.500000000000022));
#4332=CARTESIAN_POINT('',(-40.0000000000038,20.244668122704,-0.500000000000082));
#4333=CARTESIAN_POINT('',(-40.0000000000038,11.2772480188533,-0.500000000000046));
#4334=CARTESIAN_POINT('',(-40.0000000000038,0.,0.));
#4335=CARTESIAN_POINT('',(-40.0000000000038,10.0163832691043,-5.20561130753426));
#4336=CARTESIAN_POINT('',(-40.0000000000038,18.8695461813654,-10.3169872981078));
#4337=CARTESIAN_POINT('',(-40.0000000000038,8.47724133595215,-4.31698729810781));
#4338=CARTESIAN_POINT('',(-40.0000000000038,8.47724133595215,-4.31698729810781));
#4339=CARTESIAN_POINT('',(-40.0000000000038,7.97724133595215,-5.18301270189224));
#4340=CARTESIAN_POINT('',(-40.0000000000038,18.3695461813654,-11.1830127018923));
#4341=CARTESIAN_POINT('',(-40.0000000000038,0.,12.1576135792361));
#4342=CARTESIAN_POINT('',(0.,-4.56698729807936,8.91025403779518));
#4343=CARTESIAN_POINT('',(5.20417042793042E-15,-4.56698729807936,8.91025403779518));
#4344=CARTESIAN_POINT('',(1.67523646940377E-15,-6.22458182382458,11.7812919747339));
#4345=CARTESIAN_POINT('',(5.20417042793042E-15,-5.4330127018638,8.41025403779518));
#4346=CARTESIAN_POINT('',(5.20417042793042E-15,-5.4330127018638,8.41025403779518));
#4347=CARTESIAN_POINT('',(0.,-5.4330127018638,8.41025403779518));
#4348=CARTESIAN_POINT('',(1.67523646940377E-15,-7.09060722760902,11.2812919747339));
#4349=CARTESIAN_POINT('',(6.7331941413751E-15,0.,0.));
#4350=CARTESIAN_POINT('',(2.18184737258426E-15,-11.2812919747339,7.09060722760903));
#4351=CARTESIAN_POINT('',(-4.54660459486509E-15,0.25,0.433012701892219));
#4352=CARTESIAN_POINT('',(-4.17113378767723E-15,-4.49341649025257,3.17162548941805));
#4353=CARTESIAN_POINT('',(0.,0.,0.));
#4354=CARTESIAN_POINT('',(-1.77884447863509E-15,-0.5,5.47722557505166));
#4355=CARTESIAN_POINT('',(-4.54660459486509E-15,-0.5,0.));
#4356=CARTESIAN_POINT('',(2.18184737258426E-15,-0.5,13.3151890514336));
#4357=CARTESIAN_POINT('',(6.7331941413751E-15,0.,0.));
#4358=CARTESIAN_POINT('',(3.36659707068755E-15,0.,0.));
#4359=CARTESIAN_POINT('',(1.67523646940377E-15,-6.22458182382458,11.7812919747339));
#4360=CARTESIAN_POINT('',(-1.73327711090625,-6.72528847370531,12.648541332015));
#4361=CARTESIAN_POINT('',(-3.46662079473875,-7.22593751128516,13.5156909018637));
#4362=CARTESIAN_POINT('',(-5.2,-7.72655579673292,14.3827872074572));
#4363=CARTESIAN_POINT('',(-5.2,-7.72655579673292,14.3827872074572));
#4364=CARTESIAN_POINT('',(2.18184737258426E-15,-0.5,13.3151890514336));
#4365=CARTESIAN_POINT('',(-0.888388607061724,-0.5,13.8284619498468));
#4366=CARTESIAN_POINT('',(-1.7767951220288,-0.5,14.3417038533147));
#4367=CARTESIAN_POINT('',(-2.66521449865766,-0.5,14.8549234911239));
#4368=CARTESIAN_POINT('',(-3.51013226598055,-0.5,15.3430132400997));
#4369=CARTESIAN_POINT('',(-4.35506172956192,-0.5,15.8310827423336));
#4370=CARTESIAN_POINT('',(-5.19999999999999,-0.5,16.3191369972503));
#4371=CARTESIAN_POINT('',(-5.19999999999999,-0.5,16.3191369972503));
#4372=CARTESIAN_POINT('',(-5.19999999999999,0.,0.));
#4373=CARTESIAN_POINT('',(6.7331941413751E-15,0.,0.));
#4374=CARTESIAN_POINT('',(1.67523646940377E-15,-13.3151890514336,0.500000000000015));
#4375=CARTESIAN_POINT('',(-1.29069380488293,-14.0608966673691,0.500000000000016));
#4376=CARTESIAN_POINT('',(-2.5814250293316,-14.8065395176404,0.500000000000017));
#4377=CARTESIAN_POINT('',(-3.87217955525556,-15.5521420258404,0.500000000000017));
#4378=CARTESIAN_POINT('',(-4.3147836831117,-15.8078116680856,0.500000000000018));
#4379=CARTESIAN_POINT('',(-4.75739062433267,-16.0634764400022,0.500000000000018));
#4380=CARTESIAN_POINT('',(-5.2,-16.3191369972503,0.500000000000018));
#4381=CARTESIAN_POINT('',(1.67523646940377E-15,-13.3151890514336,0.500000000000015));
#4382=CARTESIAN_POINT('',(-5.2,-16.3191369972503,0.500000000000018));
#4383=CARTESIAN_POINT('',(6.7331941413751E-15,0.,0.));
#4384=CARTESIAN_POINT('',(2.18184737258426E-15,-11.7812919747339,6.22458182382459));
#4385=CARTESIAN_POINT('',(2.18184737258426E-15,-11.7812919747339,6.22458182382459));
#4386=CARTESIAN_POINT('',(-1.73327711090625,-12.6485413320149,6.72528847370533));
#4387=CARTESIAN_POINT('',(-3.46662079473875,-13.5156909018637,7.22593751128518));
#4388=CARTESIAN_POINT('',(-5.2,-14.3827872074572,7.72655579673293));
#4389=CARTESIAN_POINT('',(-5.2,-14.3827872074572,7.72655579673293));
#4390=CARTESIAN_POINT('',(-5.19999999999999,0.,0.));
#4391=CARTESIAN_POINT('',(6.7331941413751E-15,0.,0.));
#4392=CARTESIAN_POINT('',(1.67523646940377E-15,-7.09060722760904,-11.2812919747339));
#4393=CARTESIAN_POINT('',(-1.73327711090626,-7.59131387748978,-12.1485413320149));
#4394=CARTESIAN_POINT('',(-3.46662079473875,-8.09196291506963,-13.0156909018637));
#4395=CARTESIAN_POINT('',(-5.2,-8.59258120051738,-13.8827872074572));
#4396=CARTESIAN_POINT('',(1.67523646940377E-15,-7.09060722760904,-11.2812919747339));
#4397=CARTESIAN_POINT('',(-5.2,-8.59258120051738,-13.8827872074572));
#4398=CARTESIAN_POINT('',(6.7331941413751E-15,0.,0.));
#4399=CARTESIAN_POINT('',(2.18184737258426E-15,-11.2812919747339,-7.090607227609));
#4400=CARTESIAN_POINT('',(2.18184737258426E-15,-11.2812919747339,-7.090607227609));
#4401=CARTESIAN_POINT('',(-1.73327711090626,-12.148541332015,-7.59131387748973));
#4402=CARTESIAN_POINT('',(-3.46662079473875,-13.0156909018637,-8.09196291506958));
#4403=CARTESIAN_POINT('',(-5.2,-13.8827872074573,-8.59258120051733));
#4404=CARTESIAN_POINT('',(-5.2,-13.8827872074573,-8.59258120051733));
#4405=CARTESIAN_POINT('',(-5.19999999999999,0.,0.));
#4406=CARTESIAN_POINT('',(6.7331941413751E-15,0.,0.));
#4407=CARTESIAN_POINT('',(1.67523646940377E-15,6.22458182382455,-11.7812919747339));
#4408=CARTESIAN_POINT('',(-1.73327711090625,6.72528847370528,-12.648541332015));
#4409=CARTESIAN_POINT('',(-3.46662079473875,7.22593751128513,-13.5156909018637));
#4410=CARTESIAN_POINT('',(-5.19999999999999,7.72655579673288,-14.3827872074573));
#4411=CARTESIAN_POINT('',(1.67523646940377E-15,6.22458182382455,-11.7812919747339));
#4412=CARTESIAN_POINT('',(-5.19999999999999,7.72655579673288,-14.3827872074573));
#4413=CARTESIAN_POINT('',(6.7331941413751E-15,0.,0.));
#4414=CARTESIAN_POINT('',(2.18184737258426E-15,0.499999999999969,-13.3151890514336));
#4415=CARTESIAN_POINT('',(2.18184737258426E-15,0.499999999999969,-13.3151890514336));
#4416=CARTESIAN_POINT('',(-1.73327711090618,0.499999999999966,-14.316602351195));
#4417=CARTESIAN_POINT('',(-3.46662079473859,0.499999999999964,-15.3179004263547));
#4418=CARTESIAN_POINT('',(-5.19999999999976,0.499999999999962,-16.3191369972501));
#4419=CARTESIAN_POINT('',(-5.19999999999976,0.499999999999962,-16.3191369972501));
#4420=CARTESIAN_POINT('',(-5.19999999999999,0.,0.));
#4421=CARTESIAN_POINT('',(6.7331941413751E-15,0.,0.));
#4422=CARTESIAN_POINT('',(1.67523646940377E-15,13.3151890514336,0.499999999999947));
#4423=CARTESIAN_POINT('',(-1.73327711090343,14.3166023511934,0.499999999999946));
#4424=CARTESIAN_POINT('',(-3.4666207947031,15.3179004264034,0.499999999999985));
#4425=CARTESIAN_POINT('',(-5.19999999996152,16.3191369972973,0.499999999999984));
#4426=CARTESIAN_POINT('',(1.67523646940377E-15,13.3151890514336,0.499999999999947));
#4427=CARTESIAN_POINT('',(-5.19999999996152,16.3191369972973,0.499999999999984));
#4428=CARTESIAN_POINT('',(-5.19999999999999,0.,0.));
#4429=CARTESIAN_POINT('',(-5.19999999999999,14.3827872074573,7.72655579673286));
#4430=CARTESIAN_POINT('',(2.18184737258426E-15,11.7812919747339,6.22458182382453));
#4431=CARTESIAN_POINT('',(-1.73327711090626,12.648541332015,6.72528847370526));
#4432=CARTESIAN_POINT('',(-3.46662079473875,13.5156909018637,7.22593751128511));
#4433=CARTESIAN_POINT('',(-5.19999999999999,14.3827872074573,7.72655579673286));
#4434=CARTESIAN_POINT('',(2.18184737258426E-15,11.7812919747339,6.22458182382453));
#4435=CARTESIAN_POINT('',(6.7331941413751E-15,0.,0.));
#4436=CARTESIAN_POINT('',(6.7331941413751E-15,0.,0.));
#4437=CARTESIAN_POINT('',(1.67523646940377E-15,13.3151890514336,-0.500000000000053));
#4438=CARTESIAN_POINT('',(-1.29069380488293,14.0608966673691,-0.500000000000056));
#4439=CARTESIAN_POINT('',(-2.58142502933159,14.8065395176404,-0.500000000000058));
#4440=CARTESIAN_POINT('',(-3.87217955525555,15.5521420258404,-0.500000000000061));
#4441=CARTESIAN_POINT('',(-4.31478368311169,15.8078116680855,-0.500000000000062));
#4442=CARTESIAN_POINT('',(-4.75739062433266,16.0634764400022,-0.500000000000063));
#4443=CARTESIAN_POINT('',(-5.2,16.3191369972503,-0.500000000000064));
#4444=CARTESIAN_POINT('',(1.67523646940377E-15,13.3151890514336,-0.500000000000053));
#4445=CARTESIAN_POINT('',(-5.2,16.3191369972503,-0.500000000000064));
#4446=CARTESIAN_POINT('',(6.7331941413751E-15,0.,0.));
#4447=CARTESIAN_POINT('',(2.18184737258426E-15,11.7812919747339,-6.22458182382462));
#4448=CARTESIAN_POINT('',(2.18184737258426E-15,11.7812919747339,-6.22458182382462));
#4449=CARTESIAN_POINT('',(-1.73327711090626,12.6485413320149,-6.72528847370535));
#4450=CARTESIAN_POINT('',(-3.46662079473875,13.5156909018637,-7.22593751128521));
#4451=CARTESIAN_POINT('',(-5.2,14.3827872074572,-7.72655579673296));
#4452=CARTESIAN_POINT('',(-5.2,14.3827872074572,-7.72655579673296));
#4453=CARTESIAN_POINT('',(-5.19999999999999,0.,0.));
#4454=CARTESIAN_POINT('',(6.7331941413751E-15,0.,0.));
#4455=CARTESIAN_POINT('',(-5.2,-7.72655579673292,14.3827872074572));
#4456=CARTESIAN_POINT('',(-5.21931104705836,-7.7321330317887,14.3924472619396));
#4457=CARTESIAN_POINT('',(-5.24080523988241,-7.73612595595771,14.3993632094711));
#4458=CARTESIAN_POINT('',(-5.26271502067057,-7.7382056342847,14.4029653179969));
#4459=CARTESIAN_POINT('',(-5.28469953445397,-7.74029240627419,14.4065797131065));
#4460=CARTESIAN_POINT('',(-5.30770795130501,-7.74050992014531,14.4069564581826));
#4461=CARTESIAN_POINT('',(-5.32983450750439,-7.73884012776355,14.4040642929393));
#4462=CARTESIAN_POINT('',(-5.35195847130935,-7.73717053101823,14.4011724665482));
#4463=CARTESIAN_POINT('',(-5.3738108599919,-7.7335680740272,14.3949328280077));
#4464=CARTESIAN_POINT('',(-5.3935828612155,-7.72833147314436,14.3858627692197));
#4465=CARTESIAN_POINT('',(-5.41335733919976,-7.72309421629316,14.3767915742611));
#4466=CARTESIAN_POINT('',(-5.43159608809746,-7.71607809837247,14.3646393015506));
#4467=CARTESIAN_POINT('',(-5.44679089015736,-7.70786433846589,14.3504126520712));
#4468=CARTESIAN_POINT('',(-5.46199134481653,-7.69964752296879,14.3361807101538));
#4469=CARTESIAN_POINT('',(-5.47456466174671,-7.69000573534554,14.3194806441145));
#4470=CARTESIAN_POINT('',(-5.48347192828591,-7.67973711016615,14.30169486358));
#4471=CARTESIAN_POINT('',(-5.49238330262849,-7.66946374935964,14.2839008806986));
#4472=CARTESIAN_POINT('',(-5.49787097147312,-7.65827976705389,14.2645296551141));
#4473=CARTESIAN_POINT('',(-5.4994816277153,-7.6471107681262,14.2451843815017));
#4474=CARTESIAN_POINT('',(-5.49982698602899,-7.64471590165232,14.2410363510916));
#4475=CARTESIAN_POINT('',(-5.49999999999999,-7.64231326498839,14.2368748623175));
#4476=CARTESIAN_POINT('',(-5.49999999999999,-7.63991218116667,14.232716063145));
#4477=CARTESIAN_POINT('',(-5.49999999999999,-7.63991218116667,14.232716063145));
#4478=CARTESIAN_POINT('',(-5.19999999999999,-0.5,16.3191369972503));
#4479=CARTESIAN_POINT('',(-5.21578742756432,-0.5,16.328256150053));
#4480=CARTESIAN_POINT('',(-5.23299102819998,-0.5,16.3352597839449));
#4481=CARTESIAN_POINT('',(-5.25065887568084,-0.5,16.3397596708692));
#4482=CARTESIAN_POINT('',(-5.27234630018932,-0.5,16.3452833181653));
#4483=CARTESIAN_POINT('',(-5.29528681848736,-0.5,16.3471380628154));
#4484=CARTESIAN_POINT('',(-5.31757990482519,-0.5,16.3451699767409));
#4485=CARTESIAN_POINT('',(-5.33986798206002,-0.5,16.3432023328817));
#4486=CARTESIAN_POINT('',(-5.36212358048659,-0.5,16.337359397209));
#4487=CARTESIAN_POINT('',(-5.38250420179777,-0.5,16.3281257476514));
#4488=CARTESIAN_POINT('',(-5.40288626327041,-0.5,16.3188914456139));
#4489=CARTESIAN_POINT('',(-5.42195502793132,-0.5,16.3060115110351));
#4490=CARTESIAN_POINT('',(-5.4381333634744,-0.5,16.2905531080436));
#4491=CARTESIAN_POINT('',(-5.45431713812917,-0.5,16.2750895079796));
#4492=CARTESIAN_POINT('',(-5.46805471648126,-0.5,16.256619576694));
#4493=CARTESIAN_POINT('',(-5.47821085795314,-0.5,16.2366723894383));
#4494=CARTESIAN_POINT('',(-5.48837166687007,-0.5,16.216716035079));
#4495=CARTESIAN_POINT('',(-5.49522791662791,-0.5,16.1947309693537));
#4496=CARTESIAN_POINT('',(-5.49821324174692,-0.5,16.1725366919135));
#4497=CARTESIAN_POINT('',(-5.49940175901019,-0.5,16.1637007089529));
#4498=CARTESIAN_POINT('',(-5.49999999999999,-0.5,16.1547653237652));
#4499=CARTESIAN_POINT('',(-5.49999999999999,-0.5,16.1458497661178));
#4500=CARTESIAN_POINT('',(-5.49999999999999,-0.5,16.1458497661178));
#4501=CARTESIAN_POINT('',(-5.49999999999999,0.,0.));
#4502=CARTESIAN_POINT('',(-5.29999999999999,0.,0.));
#4503=CARTESIAN_POINT('',(-5.2,-16.3191369972503,0.500000000000018));
#4504=CARTESIAN_POINT('',(-5.20154497559707,-16.3200294079035,0.500000000000018));
#4505=CARTESIAN_POINT('',(-5.2031020348605,-16.3209012182745,0.500000000000018));
#4506=CARTESIAN_POINT('',(-5.2046703416111,-16.3217519593078,0.500000000000018));
#4507=CARTESIAN_POINT('',(-5.22434812689919,-16.3324263375065,0.500000000000018));
#4508=CARTESIAN_POINT('',(-5.24614102851274,-16.3398497343583,0.500000000000018));
#4509=CARTESIAN_POINT('',(-5.26824330843355,-16.3434059691755,0.500000000000018));
#4510=CARTESIAN_POINT('',(-5.2903370299755,-16.3469608269581,0.500000000000018));
#4511=CARTESIAN_POINT('',(-5.3133493719285,-16.3467496003057,0.500000000000018));
#4512=CARTESIAN_POINT('',(-5.33537412300552,-16.3427898167986,0.500000000000018));
#4513=CARTESIAN_POINT('',(-5.35739556038973,-16.3388306290533,0.500000000000018));
#4514=CARTESIAN_POINT('',(-5.37903695759691,-16.331014941863,0.500000000000018));
#4515=CARTESIAN_POINT('',(-5.39850710879229,-16.3199907827342,0.500000000000018));
#4516=CARTESIAN_POINT('',(-5.4106805482703,-16.3130980815629,0.500000000000018));
#4517=CARTESIAN_POINT('',(-5.4221891536367,-16.3048762597155,0.500000000000018));
#4518=CARTESIAN_POINT('',(-5.43265620321988,-16.2955949434734,0.500000000000018));
#4519=CARTESIAN_POINT('',(-5.44941314254338,-16.2807362718033,0.500000000000018));
#4520=CARTESIAN_POINT('',(-5.46383485646714,-16.2627786342164,0.500000000000018));
#4521=CARTESIAN_POINT('',(-5.47472811848212,-16.2432104973106,0.500000000000018));
#4522=CARTESIAN_POINT('',(-5.48562124279577,-16.2236426077649,0.500000000000018));
#4523=CARTESIAN_POINT('',(-5.4932865834919,-16.2019246995782,0.500000000000018));
#4524=CARTESIAN_POINT('',(-5.49709078780659,-16.1798545729787,0.500000000000018));
#4525=CARTESIAN_POINT('',(-5.49902321864764,-16.1686435575394,0.500000000000018));
#4526=CARTESIAN_POINT('',(-5.49999999999999,-16.1572261080666,0.500000000000017));
#4527=CARTESIAN_POINT('',(-5.49999999999999,-16.1458497661178,0.500000000000017));
#4528=CARTESIAN_POINT('',(-5.49999999999999,-16.1458497661178,0.500000000000017));
#4529=CARTESIAN_POINT('',(-5.2,-14.3827872074572,7.72655579673293));
#4530=CARTESIAN_POINT('',(-5.21931104705836,-14.3924472619396,7.73213303178872));
#4531=CARTESIAN_POINT('',(-5.2408052398824,-14.3993632094711,7.73612595595773));
#4532=CARTESIAN_POINT('',(-5.26271502067056,-14.4029653179969,7.73820563428472));
#4533=CARTESIAN_POINT('',(-5.28469953445397,-14.4065797131065,7.74029240627421));
#4534=CARTESIAN_POINT('',(-5.30770795130501,-14.4069564581826,7.74050992014532));
#4535=CARTESIAN_POINT('',(-5.32983450750439,-14.4040642929393,7.73884012776356));
#4536=CARTESIAN_POINT('',(-5.35195847130935,-14.4011724665482,7.73717053101824));
#4537=CARTESIAN_POINT('',(-5.3738108599919,-14.3949328280077,7.73356807402722));
#4538=CARTESIAN_POINT('',(-5.3935828612155,-14.3858627692197,7.72833147314437));
#4539=CARTESIAN_POINT('',(-5.41335733919976,-14.3767915742611,7.72309421629317));
#4540=CARTESIAN_POINT('',(-5.43159608809746,-14.3646393015506,7.71607809837249));
#4541=CARTESIAN_POINT('',(-5.44679089015737,-14.3504126520712,7.70786433846591));
#4542=CARTESIAN_POINT('',(-5.46199134481653,-14.3361807101538,7.6996475229688));
#4543=CARTESIAN_POINT('',(-5.47456466174671,-14.3194806441145,7.69000573534555));
#4544=CARTESIAN_POINT('',(-5.48347192828591,-14.30169486358,7.67973711016617));
#4545=CARTESIAN_POINT('',(-5.49238330262849,-14.2839008806986,7.66946374935966));
#4546=CARTESIAN_POINT('',(-5.49787097147312,-14.2645296551141,7.6582797670539));
#4547=CARTESIAN_POINT('',(-5.4994816277153,-14.2451843815017,7.64711076812622));
#4548=CARTESIAN_POINT('',(-5.49982698602899,-14.2410363510915,7.64471590165234));
#4549=CARTESIAN_POINT('',(-5.49999999999999,-14.2368748623175,7.6423132649884));
#4550=CARTESIAN_POINT('',(-5.49999999999999,-14.232716063145,7.63991218116668));
#4551=CARTESIAN_POINT('',(-5.49999999999999,-14.232716063145,7.63991218116668));
#4552=CARTESIAN_POINT('',(-5.49999999999999,0.,0.));
#4553=CARTESIAN_POINT('',(-5.29999999999999,0.,0.));
#4554=CARTESIAN_POINT('',(-5.2,-8.59258120051738,-13.8827872074572));
#4555=CARTESIAN_POINT('',(-5.21931104706097,-8.59815843557393,-13.8924472619409));
#4556=CARTESIAN_POINT('',(-5.24080523988827,-8.60215135974326,-13.899363209473));
#4557=CARTESIAN_POINT('',(-5.26271502067959,-8.60423103807003,-13.9029653179983));
#4558=CARTESIAN_POINT('',(-5.28469953446318,-8.60631781005902,-13.9065797131071));
#4559=CARTESIAN_POINT('',(-5.30770795131424,-8.6065353239296,-13.9069564581823));
#4560=CARTESIAN_POINT('',(-5.32983450751347,-8.60486553154733,-13.9040642929381));
#4561=CARTESIAN_POINT('',(-5.35195847131827,-8.6031959348015,-13.9011724665462));
#4562=CARTESIAN_POINT('',(-5.37381086000049,-8.59959347780998,-13.8949328280048));
#4563=CARTESIAN_POINT('',(-5.39358286122361,-8.59435687692668,-13.8858627692159));
#4564=CARTESIAN_POINT('',(-5.41335733920739,-8.58911962007502,-13.8767915742566));
#4565=CARTESIAN_POINT('',(-5.43159608810445,-8.58210350215392,-13.8646393015453));
#4566=CARTESIAN_POINT('',(-5.4467908901636,-8.57388974224699,-13.8504126520654));
#4567=CARTESIAN_POINT('',(-5.46199134482201,-8.56567292674954,-13.8361807101473));
#4568=CARTESIAN_POINT('',(-5.47456466175131,-8.556031139126,-13.8194806441076));
#4569=CARTESIAN_POINT('',(-5.48347192828957,-8.54576251394641,-13.8016948635727));
#4570=CARTESIAN_POINT('',(-5.4923833026312,-8.53548915313969,-13.7839008806909));
#4571=CARTESIAN_POINT('',(-5.4978709714748,-8.52430517083381,-13.7645296551062));
#4572=CARTESIAN_POINT('',(-5.49948162771596,-8.51313617190609,-13.7451843814937));
#4573=CARTESIAN_POINT('',(-5.49982698602921,-8.51074130543373,-13.7410363510862));
#4574=CARTESIAN_POINT('',(-5.49999999999999,-8.50833866877133,-13.7368748623148));
#4575=CARTESIAN_POINT('',(-5.49999999999999,-8.50593758495114,-13.732716063145));
#4576=CARTESIAN_POINT('',(-5.49999999999999,-8.50593758495114,-13.732716063145));
#4577=CARTESIAN_POINT('',(-5.2,-13.8827872074573,-8.59258120051733));
#4578=CARTESIAN_POINT('',(-5.21931104705959,-13.8924472619403,-8.59815843557348));
#4579=CARTESIAN_POINT('',(-5.24080523988518,-13.899363209472,-8.60215135974264));
#4580=CARTESIAN_POINT('',(-5.26271502067483,-13.9029653179976,-8.60423103806953));
#4581=CARTESIAN_POINT('',(-5.28469953445832,-13.9065797131068,-8.60631781005878));
#4582=CARTESIAN_POINT('',(-5.30770795130937,-13.9069564581825,-8.60653532392964));
#4583=CARTESIAN_POINT('',(-5.32983450750868,-13.9040642929387,-8.60486553154765));
#4584=CARTESIAN_POINT('',(-5.35195847131356,-13.9011724665473,-8.60319593480208));
#4585=CARTESIAN_POINT('',(-5.37381085999596,-13.8949328280063,-8.59959347781082));
#4586=CARTESIAN_POINT('',(-5.39358286121933,-13.8858627692179,-8.59435687692776));
#4587=CARTESIAN_POINT('',(-5.41335733920336,-13.876791574259,-8.58911962007635));
#4588=CARTESIAN_POINT('',(-5.43159608810076,-13.8646393015481,-8.58210350215546));
#4589=CARTESIAN_POINT('',(-5.44679089016031,-13.8504126520685,-8.57388974224872));
#4590=CARTESIAN_POINT('',(-5.46199134481912,-13.8361807101508,-8.56567292675145));
#4591=CARTESIAN_POINT('',(-5.47456466174889,-13.8194806441113,-8.55603113912806));
#4592=CARTESIAN_POINT('',(-5.48347192828764,-13.8016948635765,-8.54576251394858));
#4593=CARTESIAN_POINT('',(-5.49238330262977,-13.783900880695,-8.53548915314197));
#4594=CARTESIAN_POINT('',(-5.49787097147391,-13.7645296551104,-8.52430517083616));
#4595=CARTESIAN_POINT('',(-5.49948162771561,-13.7451843814979,-8.51313617190846));
#4596=CARTESIAN_POINT('',(-5.4998269860291,-13.7410363510891,-8.5107413054353));
#4597=CARTESIAN_POINT('',(-5.49999999999999,-13.7368748623162,-8.50833866877209));
#4598=CARTESIAN_POINT('',(-5.49999999999999,-13.732716063145,-8.50593758495109));
#4599=CARTESIAN_POINT('',(-5.49999999999999,-13.732716063145,-8.50593758495109));
#4600=CARTESIAN_POINT('',(-5.49999999999999,0.,0.));
#4601=CARTESIAN_POINT('',(-5.29999999999999,0.,0.));
#4602=CARTESIAN_POINT('',(-5.19999999999999,7.72655579673288,-14.3827872074573));
#4603=CARTESIAN_POINT('',(-5.21931104705838,7.73213303178868,-14.3924472619397));
#4604=CARTESIAN_POINT('',(-5.24080523988246,7.73612595595769,-14.3993632094712));
#4605=CARTESIAN_POINT('',(-5.26271502067065,7.73820563428468,-14.4029653179969));
#4606=CARTESIAN_POINT('',(-5.28469953445406,7.74029240627417,-14.4065797131065));
#4607=CARTESIAN_POINT('',(-5.30770795130509,7.74050992014527,-14.4069564581826));
#4608=CARTESIAN_POINT('',(-5.32983450750448,7.73884012776351,-14.4040642929393));
#4609=CARTESIAN_POINT('',(-5.35195847130943,7.73717053101818,-14.4011724665482));
#4610=CARTESIAN_POINT('',(-5.37381085999198,7.73356807402715,-14.3949328280077));
#4611=CARTESIAN_POINT('',(-5.39358286121557,7.7283314731443,-14.3858627692196));
#4612=CARTESIAN_POINT('',(-5.41335733919983,7.7230942162931,-14.3767915742611));
#4613=CARTESIAN_POINT('',(-5.43159608809752,7.71607809837241,-14.3646393015505));
#4614=CARTESIAN_POINT('',(-5.44679089015742,7.70786433846583,-14.3504126520712));
#4615=CARTESIAN_POINT('',(-5.46199134481658,7.69964752296872,-14.3361807101538));
#4616=CARTESIAN_POINT('',(-5.47456466174675,7.69000573534547,-14.3194806441145));
#4617=CARTESIAN_POINT('',(-5.48347192828595,7.67973711016608,-14.3016948635799));
#4618=CARTESIAN_POINT('',(-5.49238330262851,7.66946374935957,-14.2839008806986));
#4619=CARTESIAN_POINT('',(-5.49787097147313,7.65827976705381,-14.264529655114));
#4620=CARTESIAN_POINT('',(-5.4994816277153,7.64711076812613,-14.2451843815016));
#4621=CARTESIAN_POINT('',(-5.49982698602899,7.64471590165226,-14.2410363510915));
#4622=CARTESIAN_POINT('',(-5.49999999999999,7.64231326498834,-14.2368748623175));
#4623=CARTESIAN_POINT('',(-5.49999999999999,7.63991218116663,-14.2327160631451));
#4624=CARTESIAN_POINT('',(-5.49999999999999,7.63991218116663,-14.2327160631451));
#4625=CARTESIAN_POINT('',(-5.19999999999976,0.499999999999962,-16.3191369972501));
#4626=CARTESIAN_POINT('',(-5.20032806619126,0.499999999999962,-16.3193264952363));
#4627=CARTESIAN_POINT('',(-5.20065667222909,0.499999999999962,-16.3195150616783));
#4628=CARTESIAN_POINT('',(-5.20098581015557,0.499999999999962,-16.3197026920013));
#4629=CARTESIAN_POINT('',(-5.22043474073674,0.499999999999962,-16.3307898649861));
#4630=CARTESIAN_POINT('',(-5.24206693476769,0.499999999999962,-16.3386712713327));
#4631=CARTESIAN_POINT('',(-5.26408997501136,0.499999999999962,-16.3426927143538));
#4632=CARTESIAN_POINT('',(-5.28610426528741,0.499999999999962,-16.3467125596166));
#4633=CARTESIAN_POINT('',(-5.30911639791356,0.499999999999962,-16.346986415511));
#4634=CARTESIAN_POINT('',(-5.33122011013426,0.499999999999962,-16.3434915566641));
#4635=CARTESIAN_POINT('',(-5.35332010069607,0.499999999999962,-16.3399972862556));
#4636=CARTESIAN_POINT('',(-5.37512140881411,0.499999999999962,-16.3326393131649));
#4637=CARTESIAN_POINT('',(-5.39481948574887,0.499999999999962,-16.3220277499627));
#4638=CARTESIAN_POINT('',(-5.40713522867336,0.499999999999962,-16.3153931284787));
#4639=CARTESIAN_POINT('',(-5.4188142893432,0.499999999999962,-16.3074156837143));
#4640=CARTESIAN_POINT('',(-5.42947434356012,0.499999999999962,-16.2983570430817));
#4641=CARTESIAN_POINT('',(-5.44654008378605,0.499999999999962,-16.2838550147909));
#4642=CARTESIAN_POINT('',(-5.46133644302512,0.499999999999962,-16.2662055931248));
#4643=CARTESIAN_POINT('',(-5.47263914496826,0.499999999999962,-16.2468717563925));
#4644=CARTESIAN_POINT('',(-5.48394170153333,0.499999999999962,-16.2275381683366));
#4645=CARTESIAN_POINT('',(-5.49206255946385,0.499999999999962,-16.2059871217903));
#4646=CARTESIAN_POINT('',(-5.49633071824503,0.499999999999962,-16.1840026219634));
#4647=CARTESIAN_POINT('',(-5.49876569481952,0.499999999999962,-16.1714605060711));
#4648=CARTESIAN_POINT('',(-5.49999999999999,0.499999999999962,-16.1586260637808));
#4649=CARTESIAN_POINT('',(-5.49999999999999,0.499999999999962,-16.1458497661178));
#4650=CARTESIAN_POINT('',(-5.49999999999999,0.499999999999962,-16.1458497661178));
#4651=CARTESIAN_POINT('',(-5.49999999999999,0.,0.));
#4652=CARTESIAN_POINT('',(-5.29999999999999,0.,0.));
#4653=CARTESIAN_POINT('',(-5.19999999996152,16.3191369972973,0.499999999999984));
#4654=CARTESIAN_POINT('',(-5.21028625929931,16.3250785587263,0.499999999999984));
#4655=CARTESIAN_POINT('',(-5.22114674783867,16.330119742555,0.499999999999984));
#4656=CARTESIAN_POINT('',(-5.23232435449981,16.3341409852371,0.499999999999984));
#4657=CARTESIAN_POINT('',(-5.25337869858853,16.3417154714093,0.499999999999984));
#4658=CARTESIAN_POINT('',(-5.27603107661836,16.3457596702952,0.499999999999984));
#4659=CARTESIAN_POINT('',(-5.29840575883129,16.3459381125819,0.499999999999984));
#4660=CARTESIAN_POINT('',(-5.32078682173588,16.3461166057558,0.499999999999984));
#4661=CARTESIAN_POINT('',(-5.34350748839322,16.3424319968716,0.499999999999984));
#4662=CARTESIAN_POINT('',(-5.36468527947406,16.3351901047508,0.499999999999984));
#4663=CARTESIAN_POINT('',(-5.38587256859929,16.3279449647081,0.499999999999984));
#4664=CARTESIAN_POINT('',(-5.40610046247133,16.316939384507,0.499999999999984));
#4665=CARTESIAN_POINT('',(-5.42369305599046,16.3030868061194,0.499999999999984));
#4666=CARTESIAN_POINT('',(-5.44129303825046,16.2892284097657,0.499999999999984));
#4667=CARTESIAN_POINT('',(-5.45674151226871,16.2721380841576,0.499999999999984));
#4668=CARTESIAN_POINT('',(-5.468759363348,16.2532334344521,0.499999999999984));
#4669=CARTESIAN_POINT('',(-5.48077971367491,16.2343248533117,0.499999999999984));
#4670=CARTESIAN_POINT('',(-5.48969994562393,16.2130793317825,0.499999999999984));
#4671=CARTESIAN_POINT('',(-5.49478221341736,16.191257466216,0.499999999999984));
#4672=CARTESIAN_POINT('',(-5.4982380434568,16.1764190787861,0.499999999999984));
#4673=CARTESIAN_POINT('',(-5.49999999999999,16.1610852675136,0.499999999999983));
#4674=CARTESIAN_POINT('',(-5.49999999999999,16.1458497661178,0.499999999999983));
#4675=CARTESIAN_POINT('',(-5.49999999999999,16.1458497661178,0.499999999999983));
#4676=CARTESIAN_POINT('',(-5.49999999999999,0.,0.));
#4677=CARTESIAN_POINT('',(-5.49999999999999,14.2327160631451,7.63991218116661));
#4678=CARTESIAN_POINT('',(-5.19999999999999,14.3827872074573,7.72655579673286));
#4679=CARTESIAN_POINT('',(-5.21931104705835,14.3924472619397,7.73213303178864));
#4680=CARTESIAN_POINT('',(-5.2408052398824,14.3993632094712,7.73612595595766));
#4681=CARTESIAN_POINT('',(-5.26271502067057,14.4029653179969,7.73820563428464));
#4682=CARTESIAN_POINT('',(-5.28469953445397,14.4065797131065,7.74029240627414));
#4683=CARTESIAN_POINT('',(-5.30770795130501,14.4069564581826,7.74050992014525));
#4684=CARTESIAN_POINT('',(-5.32983450750439,14.4040642929393,7.73884012776349));
#4685=CARTESIAN_POINT('',(-5.35195847130935,14.4011724665483,7.73717053101816));
#4686=CARTESIAN_POINT('',(-5.3738108599919,14.3949328280077,7.73356807402714));
#4687=CARTESIAN_POINT('',(-5.3935828612155,14.3858627692197,7.7283314731443));
#4688=CARTESIAN_POINT('',(-5.41335733919976,14.3767915742611,7.7230942162931));
#4689=CARTESIAN_POINT('',(-5.43159608809746,14.3646393015506,7.71607809837241));
#4690=CARTESIAN_POINT('',(-5.44679089015737,14.3504126520712,7.70786433846583));
#4691=CARTESIAN_POINT('',(-5.46199134481653,14.3361807101538,7.69964752296873));
#4692=CARTESIAN_POINT('',(-5.47456466174671,14.3194806441146,7.69000573534548));
#4693=CARTESIAN_POINT('',(-5.48347192828591,14.30169486358,7.6797371101661));
#4694=CARTESIAN_POINT('',(-5.49238330262849,14.2839008806986,7.66946374935958));
#4695=CARTESIAN_POINT('',(-5.49787097147312,14.2645296551141,7.65827976705383));
#4696=CARTESIAN_POINT('',(-5.4994816277153,14.2451843815017,7.64711076812615));
#4697=CARTESIAN_POINT('',(-5.49982698602899,14.2410363510916,7.64471590165226));
#4698=CARTESIAN_POINT('',(-5.49999999999999,14.2368748623175,7.64231326498833));
#4699=CARTESIAN_POINT('',(-5.49999999999999,14.2327160631451,7.63991218116661));
#4700=CARTESIAN_POINT('',(-5.29999999999999,0.,0.));
#4701=CARTESIAN_POINT('',(-5.2,16.3191369972503,-0.500000000000064));
#4702=CARTESIAN_POINT('',(-5.21756021027117,16.3292801469216,-0.500000000000064));
#4703=CARTESIAN_POINT('',(-5.23689897223657,16.3368052960659,-0.500000000000064));
#4704=CARTESIAN_POINT('',(-5.25669665740532,16.3411980323408,-0.500000000000064));
#4705=CARTESIAN_POINT('',(-5.27854441226739,16.3460456407602,-0.500000000000064));
#4706=CARTESIAN_POINT('',(-5.30153069523858,16.3471873776058,-0.500000000000064));
#4707=CARTESIAN_POINT('',(-5.32375127196651,16.3445284925427,-0.500000000000064));
#4708=CARTESIAN_POINT('',(-5.34596741094891,16.3418701384944,-0.500000000000064));
#4709=CARTESIAN_POINT('',(-5.36803080778021,16.3353394631411,-0.500000000000064));
#4710=CARTESIAN_POINT('',(-5.38811502905143,16.3254780365983,-0.500000000000064));
#4711=CARTESIAN_POINT('',(-5.40820122437523,16.3156156407884,-0.500000000000064));
#4712=CARTESIAN_POINT('',(-5.42686163531378,16.3021500915468,-0.500000000000064));
#4713=CARTESIAN_POINT('',(-5.44255304137982,16.2861969768237,-0.500000000000063));
#4714=CARTESIAN_POINT('',(-5.45825001553014,16.2702382011493,-0.500000000000063));
#4715=CARTESIAN_POINT('',(-5.47140863653942,16.25135031157,-0.500000000000063));
#4716=CARTESIAN_POINT('',(-5.48094157089087,16.231096899977,-0.500000000000063));
#4717=CARTESIAN_POINT('',(-5.49047890216598,16.2108341468002,-0.500000000000063));
#4718=CARTESIAN_POINT('',(-5.49665018472663,16.1886460486907,-0.500000000000063));
#4719=CARTESIAN_POINT('',(-5.49894563944765,16.1663689137363,-0.500000000000063));
#4720=CARTESIAN_POINT('',(-5.49964762254275,16.159556245204,-0.500000000000063));
#4721=CARTESIAN_POINT('',(-5.49999999999999,16.152698505622,-0.500000000000062));
#4722=CARTESIAN_POINT('',(-5.49999999999999,16.1458497661178,-0.500000000000062));
#4723=CARTESIAN_POINT('',(-5.49999999999999,16.1458497661178,-0.500000000000062));
#4724=CARTESIAN_POINT('',(-5.2,14.3827872074572,-7.72655579673296));
#4725=CARTESIAN_POINT('',(-5.21931104705836,14.3924472619396,-7.73213303178875));
#4726=CARTESIAN_POINT('',(-5.2408052398824,14.3993632094711,-7.73612595595776));
#4727=CARTESIAN_POINT('',(-5.26271502067056,14.4029653179968,-7.73820563428475));
#4728=CARTESIAN_POINT('',(-5.28469953445397,14.4065797131065,-7.74029240627425));
#4729=CARTESIAN_POINT('',(-5.30770795130501,14.4069564581826,-7.74050992014535));
#4730=CARTESIAN_POINT('',(-5.32983450750439,14.4040642929393,-7.7388401277636));
#4731=CARTESIAN_POINT('',(-5.35195847130935,14.4011724665482,-7.73717053101827));
#4732=CARTESIAN_POINT('',(-5.3738108599919,14.3949328280077,-7.73356807402725));
#4733=CARTESIAN_POINT('',(-5.3935828612155,14.3858627692196,-7.7283314731444));
#4734=CARTESIAN_POINT('',(-5.41335733919975,14.3767915742611,-7.72309421629321));
#4735=CARTESIAN_POINT('',(-5.43159608809746,14.3646393015506,-7.71607809837252));
#4736=CARTESIAN_POINT('',(-5.44679089015737,14.3504126520712,-7.70786433846594));
#4737=CARTESIAN_POINT('',(-5.46199134481653,14.3361807101538,-7.69964752296884));
#4738=CARTESIAN_POINT('',(-5.47456466174671,14.3194806441145,-7.69000573534558));
#4739=CARTESIAN_POINT('',(-5.48347192828591,14.3016948635799,-7.6797371101662));
#4740=CARTESIAN_POINT('',(-5.49238330262849,14.2839008806986,-7.66946374935969));
#4741=CARTESIAN_POINT('',(-5.49787097147312,14.2645296551141,-7.65827976705393));
#4742=CARTESIAN_POINT('',(-5.4994816277153,14.2451843815016,-7.64711076812625));
#4743=CARTESIAN_POINT('',(-5.49982698602899,14.2410363510915,-7.64471590165237));
#4744=CARTESIAN_POINT('',(-5.49999999999999,14.2368748623175,-7.64231326498844));
#4745=CARTESIAN_POINT('',(-5.49999999999999,14.232716063145,-7.63991218116671));
#4746=CARTESIAN_POINT('',(-5.49999999999999,14.232716063145,-7.63991218116671));
#4747=CARTESIAN_POINT('',(-5.49999999999999,0.,0.));
#4748=CARTESIAN_POINT('',(-5.29999999999999,0.,0.));
#4749=CARTESIAN_POINT('',(-5.49999999999999,-6.5616968793294,12.3651923788647));
#4750=CARTESIAN_POINT('',(-5.49999999999999,-6.86270522028652,12.8865541189044));
#4751=CARTESIAN_POINT('',(-5.49999999999999,-0.5,16.1535898384862));
#4752=CARTESIAN_POINT('',(-5.49999999999999,-0.5,14.5914358443575));
#4753=CARTESIAN_POINT('',(-5.49999999999999,0.,0.));
#4754=CARTESIAN_POINT('',(-5.49999999999999,0.,16.1535898384862));
#4755=CARTESIAN_POINT('',(-5.49999999999999,-1.65100270638895E-14,0.5));
#4756=CARTESIAN_POINT('',(-5.49999999999999,-14.5914358443575,0.500000000000017));
#4757=CARTESIAN_POINT('',(-5.49999999999999,-7.24470958122163,3.60538475772935));
#4758=CARTESIAN_POINT('',(-5.49999999999999,-12.8865541189044,6.86270522028653));
#4759=CARTESIAN_POINT('',(-5.49999999999999,0.,0.));
#4760=CARTESIAN_POINT('',(-5.49999999999999,0.,16.1535898384862));
#4761=CARTESIAN_POINT('',(-5.49999999999999,6.56169687932942,12.3651923788646));
#4762=CARTESIAN_POINT('',(-5.49999999999999,-7.72873062407099,-12.3865541189044));
#4763=CARTESIAN_POINT('',(-5.49999999999999,7.24470958122161,3.60538475772931));
#4764=CARTESIAN_POINT('',(-5.49999999999999,-12.3865541189044,-7.72873062407094));
#4765=CARTESIAN_POINT('',(-5.49999999999999,0.,0.));
#4766=CARTESIAN_POINT('',(-5.49999999999999,0.,16.1535898384862));
#4767=CARTESIAN_POINT('',(-5.49999999999999,-7.42772228311382,11.8651923788647));
#4768=CARTESIAN_POINT('',(-5.49999999999999,6.86270522028649,-12.8865541189044));
#4769=CARTESIAN_POINT('',(-5.49999999999999,0.500000000000038,16.1535898384862));
#4770=CARTESIAN_POINT('',(-5.49999999999999,0.499999999999966,-14.5914358443575));
#4771=CARTESIAN_POINT('',(-5.49999999999999,0.,0.));
#4772=CARTESIAN_POINT('',(-5.49999999999999,0.,16.1535898384862));
#4773=CARTESIAN_POINT('',(-5.49999999999999,-1.65100270638895E-14,0.5));
#4774=CARTESIAN_POINT('',(-5.49999999999999,14.5914358443575,0.499999999999986));
#4775=CARTESIAN_POINT('',(-5.49999999999999,0.,0.));
#4776=CARTESIAN_POINT('',(-5.49999999999999,12.8865541189045,6.86270522028647));
#4777=CARTESIAN_POINT('',(-5.49999999999999,7.24470958122158,3.60538475772927));
#4778=CARTESIAN_POINT('',(-5.49999999999999,0.,16.1535898384862));
#4779=CARTESIAN_POINT('',(-5.49999999999999,-6.37877361406608E-14,-0.5));
#4780=CARTESIAN_POINT('',(-5.49999999999999,14.5914358443575,-0.500000000000057));
#4781=CARTESIAN_POINT('',(-5.49999999999999,-6.74470958122164,4.47141016151382));
#4782=CARTESIAN_POINT('',(-5.49999999999999,12.8865541189044,-6.86270522028656));
#4783=CARTESIAN_POINT('',(-5.49999999999999,0.,0.));
#4784=CARTESIAN_POINT('',(-5.49999999999999,0.,16.1535898384862));
#4785=CARTESIAN_POINT('',(-1.54074395550979E-33,-6.86270522028652,12.8865541189044));
#4786=CARTESIAN_POINT('',(-9.1,-6.86270522028652,12.8865541189044));
#4787=CARTESIAN_POINT('',(0.,-0.5,14.5914358443575));
#4788=CARTESIAN_POINT('',(-9.1,-0.5,14.5914358443575));
#4789=CARTESIAN_POINT('',(-9.1,0.,0.));
#4790=CARTESIAN_POINT('',(0.,0.,0.));
#4791=CARTESIAN_POINT('',(-1.54074395550979E-33,-14.5914358443575,0.500000000000017));
#4792=CARTESIAN_POINT('',(-9.1,-14.5914358443575,0.500000000000016));
#4793=CARTESIAN_POINT('',(0.,-12.8865541189044,6.86270522028653));
#4794=CARTESIAN_POINT('',(-9.1,-12.8865541189044,6.86270522028653));
#4795=CARTESIAN_POINT('',(-9.1,0.,0.));
#4796=CARTESIAN_POINT('',(0.,0.,0.));
#4797=CARTESIAN_POINT('',(-1.54074395550979E-33,-7.72873062407099,-12.3865541189044));
#4798=CARTESIAN_POINT('',(-9.1,-7.72873062407099,-12.3865541189044));
#4799=CARTESIAN_POINT('',(0.,-12.3865541189044,-7.72873062407094));
#4800=CARTESIAN_POINT('',(-9.1,-12.3865541189044,-7.72873062407095));
#4801=CARTESIAN_POINT('',(-9.1,0.,0.));
#4802=CARTESIAN_POINT('',(0.,0.,0.));
#4803=CARTESIAN_POINT('',(-1.54074395550979E-33,6.86270522028649,-12.8865541189044));
#4804=CARTESIAN_POINT('',(-9.1,6.86270522028649,-12.8865541189044));
#4805=CARTESIAN_POINT('',(0.,0.499999999999966,-14.5914358443575));
#4806=CARTESIAN_POINT('',(-9.1,0.499999999999966,-14.5914358443575));
#4807=CARTESIAN_POINT('',(-9.1,0.,0.));
#4808=CARTESIAN_POINT('',(0.,0.,0.));
#4809=CARTESIAN_POINT('',(-1.54074395550979E-33,14.5914358443575,0.499999999999986));
#4810=CARTESIAN_POINT('',(-9.1,14.5914358443575,0.499999999999985));
#4811=CARTESIAN_POINT('',(-9.1,0.,0.));
#4812=CARTESIAN_POINT('',(-9.1,12.8865541189045,6.86270522028647));
#4813=CARTESIAN_POINT('',(0.,12.8865541189045,6.86270522028647));
#4814=CARTESIAN_POINT('',(0.,0.,0.));
#4815=CARTESIAN_POINT('',(-1.54074395550979E-33,14.5914358443575,-0.500000000000057));
#4816=CARTESIAN_POINT('',(-9.1,14.5914358443575,-0.500000000000056));
#4817=CARTESIAN_POINT('',(0.,12.8865541189044,-6.86270522028656));
#4818=CARTESIAN_POINT('',(-9.1,12.8865541189044,-6.86270522028657));
#4819=CARTESIAN_POINT('',(-9.1,0.,0.));
#4820=CARTESIAN_POINT('',(0.,0.,0.));
#4821=CARTESIAN_POINT('',(-9.1,-5.88897274573419,11.2));
#4822=CARTESIAN_POINT('',(-9.1,-7.69827086927724,14.3337962760156));
#4823=CARTESIAN_POINT('',(-9.1,-0.5,14.6));
#4824=CARTESIAN_POINT('',(-9.09999999999925,-0.5,16.2625671423388));
#4825=CARTESIAN_POINT('',(-9.1,0.,0.));
#4826=CARTESIAN_POINT('',(-9.1,0.,14.6));
#4827=CARTESIAN_POINT('',(-9.1,-1.4871437414854E-14,0.5));
#4828=CARTESIAN_POINT('',(-9.09999999997859,-16.262567142342,0.500000000000018));
#4829=CARTESIAN_POINT('',(-9.1,-6.57198544762642,3.21698729810779));
#4830=CARTESIAN_POINT('',(-9.1,-14.3337962760156,7.69827086927725));
#4831=CARTESIAN_POINT('',(-9.1,0.,0.));
#4832=CARTESIAN_POINT('',(-9.1,0.,14.6));
#4833=CARTESIAN_POINT('',(-9.1,5.8889727457342,11.2));
#4834=CARTESIAN_POINT('',(-9.1,-8.56429627306171,-13.8337962760156));
#4835=CARTESIAN_POINT('',(-9.1,6.5719854476264,3.21698729810776));
#4836=CARTESIAN_POINT('',(-9.1,-13.8337962760156,-8.56429627306166));
#4837=CARTESIAN_POINT('',(-9.1,0.,0.));
#4838=CARTESIAN_POINT('',(-9.1,0.,14.6));
#4839=CARTESIAN_POINT('',(-9.1,-6.75499814951861,10.7));
#4840=CARTESIAN_POINT('',(-9.1,7.6982708692772,-14.3337962760156));
#4841=CARTESIAN_POINT('',(-9.1,0.500000000000034,14.6));
#4842=CARTESIAN_POINT('',(-9.09999999996245,0.499999999999962,-16.2625671423447));
#4843=CARTESIAN_POINT('',(-9.1,0.,0.));
#4844=CARTESIAN_POINT('',(-9.1,0.,14.6));
#4845=CARTESIAN_POINT('',(-9.1,-1.4871437414854E-14,0.5));
#4846=CARTESIAN_POINT('',(-9.09999999999937,16.262567142339,0.499999999999984));
#4847=CARTESIAN_POINT('',(-9.1,0.,0.));
#4848=CARTESIAN_POINT('',(-9.1,14.3337962760156,7.69827086927718));
#4849=CARTESIAN_POINT('',(-9.1,6.57198544762638,3.21698729810773));
#4850=CARTESIAN_POINT('',(-9.1,0.,14.6));
#4851=CARTESIAN_POINT('',(-9.1,-5.78370684678476E-14,-0.5));
#4852=CARTESIAN_POINT('',(-9.09999999999829,16.2625671423387,-0.500000000000063));
#4853=CARTESIAN_POINT('',(-9.1,-6.07198544762643,4.08301270189226));
#4854=CARTESIAN_POINT('',(-9.1,14.3337962760156,-7.69827086927729));
#4855=CARTESIAN_POINT('',(-9.1,0.,0.));
#4856=CARTESIAN_POINT('',(-9.1,0.,14.6));
#4857=CARTESIAN_POINT('',(-9.1,-7.69827086927724,14.3337962760156));
#4858=CARTESIAN_POINT('',(-9.1,-7.70864657953539,14.3517675333473));
#4859=CARTESIAN_POINT('',(-9.10330503982448,-7.71914544326479,14.3699520987484));
#4860=CARTESIAN_POINT('',(-9.10968008736144,-7.72901940172056,14.3870542964656));
#4861=CARTESIAN_POINT('',(-9.11656314212706,-7.73968018446931,14.4055193138349));
#4862=CARTESIAN_POINT('',(-9.12722281512526,-7.74989387580132,14.4232099461548));
#4863=CARTESIAN_POINT('',(-9.14077713866052,-7.75881388016892,14.4386598469232));
#4864=CARTESIAN_POINT('',(-9.15432780541158,-7.76773147803272,14.4541055795048));
#4865=CARTESIAN_POINT('',(-9.17114565410743,-7.77560215399763,14.4677379901659));
#4866=CARTESIAN_POINT('',(-9.18983790543517,-7.78177294236584,14.4784261091424));
#4867=CARTESIAN_POINT('',(-9.20852194380597,-7.78794101942773,14.4891095319986));
#4868=CARTESIAN_POINT('',(-9.22959441633048,-7.79258088313159,14.4971460116739));
#4869=CARTESIAN_POINT('',(-9.25130934037819,-7.79530742223865,14.5018685159361));
#4870=CARTESIAN_POINT('',(-9.27301518271729,-7.79803282104085,14.5065890451324));
#4871=CARTESIAN_POINT('',(-9.29596178417628,-7.79892168302326,14.5081285992469));
#4872=CARTESIAN_POINT('',(-9.31824813482815,-7.7979002427661,14.5063594128246));
#4873=CARTESIAN_POINT('',(-9.32145165142116,-7.79775341743504,14.5061051038913));
#4874=CARTESIAN_POINT('',(-9.32464900856846,-7.79756786363203,14.505783715277));
#4875=CARTESIAN_POINT('',(-9.32783462019201,-7.7973439061266,14.5053958094989));
#4876=CARTESIAN_POINT('',(-9.32783462019201,-7.7973439061266,14.5053958094989));
#4877=CARTESIAN_POINT('',(-9.09999999999925,-0.5,16.2625671423388));
#4878=CARTESIAN_POINT('',(-9.09999999999924,-0.5,16.2782250434297));
#4879=CARTESIAN_POINT('',(-9.10186239080334,-0.5,16.2939896034441));
#4880=CARTESIAN_POINT('',(-9.10551119883007,-0.5,16.309216424076));
#4881=CARTESIAN_POINT('',(-9.11073243135261,-0.5,16.3310051206902));
#4882=CARTESIAN_POINT('',(-9.11978782917095,-0.5,16.3521930199715));
#4883=CARTESIAN_POINT('',(-9.13192833902142,-0.5,16.3710242862532));
#4884=CARTESIAN_POINT('',(-9.14406629842266,-0.5,16.3898515965075));
#4885=CARTESIAN_POINT('',(-9.15962317779192,-0.5,16.4068427715463));
#4886=CARTESIAN_POINT('',(-9.17731086324966,-0.5,16.4205884418823));
#4887=CARTESIAN_POINT('',(-9.19499118731001,-0.5,16.4343283914393));
#4888=CARTESIAN_POINT('',(-9.21528855590353,-0.5,16.4452046444312));
#4889=CARTESIAN_POINT('',(-9.23652130882938,-0.5,16.4523145161527));
#4890=CARTESIAN_POINT('',(-9.25774470762951,-0.5,16.4594212556079));
#4891=CARTESIAN_POINT('',(-9.28048825764076,-0.5,16.4629609884193));
#4892=CARTESIAN_POINT('',(-9.30286760804962,-0.5,16.462639931428));
#4893=CARTESIAN_POINT('',(-9.3112138307295,-0.5,16.4625201954619));
#4894=CARTESIAN_POINT('',(-9.31956884576537,-0.5,16.46187543067));
#4895=CARTESIAN_POINT('',(-9.32783462019201,-0.5,16.4607132160377));
#4896=CARTESIAN_POINT('',(-9.32783462019201,-0.5,16.4607132160377));
#4897=CARTESIAN_POINT('',(-9.32783462019201,0.,0.));
#4898=CARTESIAN_POINT('',(-9.3,0.,0.));
#4899=CARTESIAN_POINT('',(-9.09999999997859,-16.262567142342,0.500000000000018));
#4900=CARTESIAN_POINT('',(-9.09999999997874,-16.2721108314562,0.500000000000018));
#4901=CARTESIAN_POINT('',(-9.10068596118652,-16.2816788298865,0.500000000000018));
#4902=CARTESIAN_POINT('',(-9.10204742293099,-16.2911249096991,0.500000000000018));
#4903=CARTESIAN_POINT('',(-9.10524372104712,-16.3133014322731,0.500000000000018));
#4904=CARTESIAN_POINT('',(-9.11231298576782,-16.3352321038131,0.500000000000018));
#4905=CARTESIAN_POINT('',(-9.12267062227631,-16.3551000136448,0.500000000000018));
#4906=CARTESIAN_POINT('',(-9.13302689120932,-16.3749653002075,0.500000000000018));
#4907=CARTESIAN_POINT('',(-9.14695658833298,-16.3933165067028,0.500000000000018));
#4908=CARTESIAN_POINT('',(-9.16330661440356,-16.4086318115945,0.500000000000018));
#4909=CARTESIAN_POINT('',(-9.17965049839053,-16.4239413631079,0.500000000000018));
#4910=CARTESIAN_POINT('',(-9.19886405102305,-16.4366397237871,0.500000000000018));
#4911=CARTESIAN_POINT('',(-9.21935558855708,-16.4456730952957,0.500000000000018));
#4912=CARTESIAN_POINT('',(-9.23217910118913,-16.4513261388245,0.500000000000018));
#4913=CARTESIAN_POINT('',(-9.24567382447026,-16.4556470549789,0.500000000000018));
#4914=CARTESIAN_POINT('',(-9.25939596659432,-16.4584934900985,0.500000000000018));
#4915=CARTESIAN_POINT('',(-9.28130478508266,-16.4630381180298,0.500000000000018));
#4916=CARTESIAN_POINT('',(-9.30430040221757,-16.4638628147277,0.500000000000018));
#4917=CARTESIAN_POINT('',(-9.32647847146534,-16.4608991657893,0.500000000000018));
#4918=CARTESIAN_POINT('',(-9.32693073059674,-16.4608387305333,0.500000000000018));
#4919=CARTESIAN_POINT('',(-9.32738278547058,-16.4607767465549,0.500000000000018));
#4920=CARTESIAN_POINT('',(-9.32783462019201,-16.4607132160377,0.500000000000018));
#4921=CARTESIAN_POINT('',(-9.32783462019201,-16.4607132160377,0.500000000000018));
#4922=CARTESIAN_POINT('',(-9.1,-14.3337962760156,7.69827086927725));
#4923=CARTESIAN_POINT('',(-9.1,-14.3517675333473,7.70864657953541));
#4924=CARTESIAN_POINT('',(-9.10330503982448,-14.3699520987484,7.71914544326482));
#4925=CARTESIAN_POINT('',(-9.10968008736146,-14.3870542964657,7.7290194017206));
#4926=CARTESIAN_POINT('',(-9.11656314212708,-14.4055193138349,7.73968018446935));
#4927=CARTESIAN_POINT('',(-9.12722281512529,-14.4232099461548,7.74989387580135));
#4928=CARTESIAN_POINT('',(-9.14077713866056,-14.4386598469232,7.75881388016895));
#4929=CARTESIAN_POINT('',(-9.15432780541162,-14.4541055795048,7.76773147803276));
#4930=CARTESIAN_POINT('',(-9.17114565410746,-14.4677379901659,7.77560215399766));
#4931=CARTESIAN_POINT('',(-9.18983790543521,-14.4784261091424,7.78177294236587));
#4932=CARTESIAN_POINT('',(-9.20852194380601,-14.4891095319986,7.78794101942776));
#4933=CARTESIAN_POINT('',(-9.22959441633053,-14.4971460116739,7.79258088313161));
#4934=CARTESIAN_POINT('',(-9.25130934037824,-14.5018685159361,7.79530742223867));
#4935=CARTESIAN_POINT('',(-9.27301518271734,-14.5065890451324,7.79803282104086));
#4936=CARTESIAN_POINT('',(-9.29596178417633,-14.5081285992469,7.79892168302327));
#4937=CARTESIAN_POINT('',(-9.3182481348282,-14.5063594128246,7.79790024276612));
#4938=CARTESIAN_POINT('',(-9.32145165142119,-14.5061051038913,7.79775341743506));
#4939=CARTESIAN_POINT('',(-9.32464900856848,-14.505783715277,7.79756786363204));
#4940=CARTESIAN_POINT('',(-9.32783462019201,-14.5053958094988,7.79734390612662));
#4941=CARTESIAN_POINT('',(-9.32783462019201,-14.5053958094988,7.79734390612662));
#4942=CARTESIAN_POINT('',(-9.32783462019201,0.,0.));
#4943=CARTESIAN_POINT('',(-9.3,0.,0.));
#4944=CARTESIAN_POINT('',(-9.1,-8.56429627306171,-13.8337962760156));
#4945=CARTESIAN_POINT('',(-9.1,-8.57467198331985,-13.8517675333473));
#4946=CARTESIAN_POINT('',(-9.10330503982447,-8.58517084704923,-13.8699520987483));
#4947=CARTESIAN_POINT('',(-9.10968008736142,-8.595044805505,-13.8870542964656));
#4948=CARTESIAN_POINT('',(-9.11656314212703,-8.60570558825375,-13.9055193138348));
#4949=CARTESIAN_POINT('',(-9.12722281512523,-8.61591927958576,-13.9232099461547));
#4950=CARTESIAN_POINT('',(-9.14077713866049,-8.62483928395336,-13.9386598469231));
#4951=CARTESIAN_POINT('',(-9.15432780541154,-8.63375688181717,-13.9541055795047));
#4952=CARTESIAN_POINT('',(-9.17114565410737,-8.64162755778207,-13.9677379901658));
#4953=CARTESIAN_POINT('',(-9.18983790543511,-8.64779834615029,-13.9784261091423));
#4954=CARTESIAN_POINT('',(-9.2085219438059,-8.65396642321218,-13.9891095319985));
#4955=CARTESIAN_POINT('',(-9.22959441633042,-8.65860628691605,-13.9971460116738));
#4956=CARTESIAN_POINT('',(-9.25130934037812,-8.66133282602311,-14.0018685159361));
#4957=CARTESIAN_POINT('',(-9.27301518271722,-8.66405822482531,-14.0065890451324));
#4958=CARTESIAN_POINT('',(-9.29596178417621,-8.66494708680772,-14.0081285992468));
#4959=CARTESIAN_POINT('',(-9.31824813482808,-8.66392564655057,-14.0063594128246));
#4960=CARTESIAN_POINT('',(-9.32145165142111,-8.66377882121951,-14.0061051038913));
#4961=CARTESIAN_POINT('',(-9.32464900856844,-8.6635932674165,-14.005783715277));
#4962=CARTESIAN_POINT('',(-9.32783462019201,-8.66336930991107,-14.0053958094988));
#4963=CARTESIAN_POINT('',(-9.32783462019201,-8.66336930991107,-14.0053958094988));
#4964=CARTESIAN_POINT('',(-9.1,-13.8337962760156,-8.56429627306166));
#4965=CARTESIAN_POINT('',(-9.1,-13.8517675333473,-8.5746719833198));
#4966=CARTESIAN_POINT('',(-9.10330503982447,-13.8699520987484,-8.58517084704918));
#4967=CARTESIAN_POINT('',(-9.10968008736142,-13.8870542964656,-8.59504480550495));
#4968=CARTESIAN_POINT('',(-9.11656314212704,-13.9055193138349,-8.6057055882537));
#4969=CARTESIAN_POINT('',(-9.12722281512523,-13.9232099461547,-8.61591927958571));
#4970=CARTESIAN_POINT('',(-9.14077713866049,-13.9386598469232,-8.62483928395331));
#4971=CARTESIAN_POINT('',(-9.15432780541154,-13.9541055795047,-8.63375688181712));
#4972=CARTESIAN_POINT('',(-9.17114565410737,-13.9677379901659,-8.64162755778203));
#4973=CARTESIAN_POINT('',(-9.18983790543511,-13.9784261091424,-8.64779834615024));
#4974=CARTESIAN_POINT('',(-9.20852194380591,-13.9891095319986,-8.65396642321213));
#4975=CARTESIAN_POINT('',(-9.22959441633042,-13.9971460116739,-8.658606286916));
#4976=CARTESIAN_POINT('',(-9.25130934037813,-14.0018685159361,-8.66133282602307));
#4977=CARTESIAN_POINT('',(-9.27301518271722,-14.0065890451324,-8.66405822482526));
#4978=CARTESIAN_POINT('',(-9.29596178417621,-14.0081285992469,-8.66494708680768));
#4979=CARTESIAN_POINT('',(-9.31824813482808,-14.0063594128246,-8.66392564655052));
#4980=CARTESIAN_POINT('',(-9.32145165142111,-14.0061051038914,-8.66377882121946));
#4981=CARTESIAN_POINT('',(-9.32464900856844,-14.005783715277,-8.66359326741645));
#4982=CARTESIAN_POINT('',(-9.32783462019201,-14.0053958094989,-8.66336930991102));
#4983=CARTESIAN_POINT('',(-9.32783462019201,-14.0053958094989,-8.66336930991102));
#4984=CARTESIAN_POINT('',(-9.32783462019201,0.,0.));
#4985=CARTESIAN_POINT('',(-9.3,0.,0.));
#4986=CARTESIAN_POINT('',(-9.1,7.6982708692772,-14.3337962760156));
#4987=CARTESIAN_POINT('',(-9.1,7.70864657953627,-14.3517675333489));
#4988=CARTESIAN_POINT('',(-9.10330503982508,7.71914544326662,-14.3699520987517));
#4989=CARTESIAN_POINT('',(-9.10968008736316,7.72901940172318,-14.3870542964702));
#4990=CARTESIAN_POINT('',(-9.11656314212937,7.73968018447184,-14.4055193138394));
#4991=CARTESIAN_POINT('',(-9.12722281512814,7.7498938758037,-14.423209946159));
#4992=CARTESIAN_POINT('',(-9.1407771386639,7.75881388017111,-14.4386598469271));
#4993=CARTESIAN_POINT('',(-9.15432780541546,7.76773147803472,-14.4541055795083));
#4994=CARTESIAN_POINT('',(-9.17114565411173,7.77560215399939,-14.467737990169));
#4995=CARTESIAN_POINT('',(-9.18983790543982,7.78177294236734,-14.4784261091451));
#4996=CARTESIAN_POINT('',(-9.20852194381096,7.78794101942897,-14.4891095320008));
#4997=CARTESIAN_POINT('',(-9.22959441633574,7.79258088313254,-14.4971460116756));
#4998=CARTESIAN_POINT('',(-9.2513093403836,7.7953074222393,-14.5018685159373));
#4999=CARTESIAN_POINT('',(-9.27301518272285,7.79803282104119,-14.5065890451331));
#5000=CARTESIAN_POINT('',(-9.29596178418188,7.79892168302328,-14.508128599247));
#5001=CARTESIAN_POINT('',(-9.31824813483369,7.79790024276581,-14.5063594128242));
#5002=CARTESIAN_POINT('',(-9.32145165142485,7.7977534174348,-14.506105103891));
#5003=CARTESIAN_POINT('',(-9.3246490085703,7.79756786363186,-14.5057837152768));
#5004=CARTESIAN_POINT('',(-9.32783462019201,7.79734390612657,-14.5053958094989));
#5005=CARTESIAN_POINT('',(-9.32783462019201,7.79734390612657,-14.5053958094989));
#5006=CARTESIAN_POINT('',(-9.09999999996245,0.499999999999962,-16.2625671423447));
#5007=CARTESIAN_POINT('',(-9.09999999996275,0.499999999999962,-16.272668044929));
#5008=CARTESIAN_POINT('',(-9.1007688706829,0.499999999999962,-16.2827977549809));
#5009=CARTESIAN_POINT('',(-9.10229348368064,0.499999999999962,-16.2927829334081));
#5010=CARTESIAN_POINT('',(-9.10567536020764,0.499999999999962,-16.3149319250481));
#5011=CARTESIAN_POINT('',(-9.11292803055196,0.499999999999962,-16.3368026484673));
#5012=CARTESIAN_POINT('',(-9.12345171749764,0.499999999999962,-16.3565831169295));
#5013=CARTESIAN_POINT('',(-9.13397393769032,0.499999999999962,-16.3763608284623));
#5014=CARTESIAN_POINT('',(-9.14805676836213,0.499999999999962,-16.3945945896853));
#5015=CARTESIAN_POINT('',(-9.1645344066777,0.499999999999962,-16.4097722847277));
#5016=CARTESIAN_POINT('',(-9.18100578516853,0.499999999999962,-16.4249442137914));
#5017=CARTESIAN_POINT('',(-9.20032482634372,0.499999999999962,-16.4374810299473));
#5018=CARTESIAN_POINT('',(-9.22089108810085,0.499999999999962,-16.4463423288498));
#5019=CARTESIAN_POINT('',(-9.23376113193908,0.499999999999962,-16.4518875906328));
#5020=CARTESIAN_POINT('',(-9.24729116863563,0.499999999999961,-16.4560952153196));
#5021=CARTESIAN_POINT('',(-9.26103626110472,0.499999999999961,-16.4588265867069));
#5022=CARTESIAN_POINT('',(-9.28288407207656,0.499999999999961,-16.4631680988428));
#5023=CARTESIAN_POINT('',(-9.305776597242,0.499999999999961,-16.463814698816));
#5024=CARTESIAN_POINT('',(-9.32783462019201,0.499999999999961,-16.4607132160377));
#5025=CARTESIAN_POINT('',(-9.32783462019201,0.499999999999961,-16.4607132160377));
#5026=CARTESIAN_POINT('',(-9.32783462019201,0.,0.));
#5027=CARTESIAN_POINT('',(-9.3,0.,0.));
#5028=CARTESIAN_POINT('',(-9.09999999999937,16.262567142339,0.499999999999984));
#5029=CARTESIAN_POINT('',(-9.09999999999937,16.2692617081238,0.499999999999984));
#5030=CARTESIAN_POINT('',(-9.1003366563764,16.2759646807148,0.499999999999984));
#5031=CARTESIAN_POINT('',(-9.10100743850287,16.2826255562118,0.499999999999984));
#5032=CARTESIAN_POINT('',(-9.10325137351972,16.3049078609732,0.499999999999984));
#5033=CARTESIAN_POINT('',(-9.10937135594739,16.3271100890006,0.499999999999984));
#5034=CARTESIAN_POINT('',(-9.11886182636216,16.3473947462851,0.499999999999984));
#5035=CARTESIAN_POINT('',(-9.12834798293953,16.3676701832981,0.499999999999984));
#5036=CARTESIAN_POINT('',(-9.1414630187175,16.3865884568977,0.499999999999984));
#5037=CARTESIAN_POINT('',(-9.15712317309853,16.402583458537,0.499999999999984));
#5038=CARTESIAN_POINT('',(-9.17277783007317,16.4185728452238,0.499999999999984));
#5039=CARTESIAN_POINT('',(-9.19140726295707,16.4320814896001,0.499999999999984));
#5040=CARTESIAN_POINT('',(-9.21147079422794,16.4419902475724,0.499999999999984));
#5041=CARTESIAN_POINT('',(-9.23153234101875,16.4518980254714,0.499999999999984));
#5042=CARTESIAN_POINT('',(-9.25358075109938,16.4584796039002,0.499999999999984));
#5043=CARTESIAN_POINT('',(-9.27579083396601,16.4611892056407,0.499999999999984));
#5044=CARTESIAN_POINT('',(-9.29301180580808,16.4632901422088,0.499999999999984));
#5045=CARTESIAN_POINT('',(-9.31065495532349,16.4631287740796,0.499999999999984));
#5046=CARTESIAN_POINT('',(-9.32783462019201,16.4607132160377,0.499999999999984));
#5047=CARTESIAN_POINT('',(-9.32783462019201,16.4607132160377,0.499999999999984));
#5048=CARTESIAN_POINT('',(-9.32783462019201,0.,0.));
#5049=CARTESIAN_POINT('',(-9.32783462019201,14.5053958094989,7.79734390612654));
#5050=CARTESIAN_POINT('',(-9.1,14.3337962760156,7.69827086927718));
#5051=CARTESIAN_POINT('',(-9.1,14.3517675333474,7.70864657953534));
#5052=CARTESIAN_POINT('',(-9.10330503982448,14.3699520987485,7.71914544326474));
#5053=CARTESIAN_POINT('',(-9.10968008736146,14.3870542964657,7.72901940172053));
#5054=CARTESIAN_POINT('',(-9.11656314212708,14.405519313835,7.73968018446927));
#5055=CARTESIAN_POINT('',(-9.12722281512529,14.4232099461548,7.74989387580128));
#5056=CARTESIAN_POINT('',(-9.14077713866056,14.4386598469233,7.75881388016888));
#5057=CARTESIAN_POINT('',(-9.15432780541162,14.4541055795048,7.76773147803268));
#5058=CARTESIAN_POINT('',(-9.17114565410746,14.467737990166,7.77560215399759));
#5059=CARTESIAN_POINT('',(-9.18983790543521,14.4784261091425,7.7817729423658));
#5060=CARTESIAN_POINT('',(-9.20852194380601,14.4891095319986,7.78794101942768));
#5061=CARTESIAN_POINT('',(-9.22959441633053,14.4971460116739,7.79258088313154));
#5062=CARTESIAN_POINT('',(-9.25130934037824,14.5018685159362,7.7953074222386));
#5063=CARTESIAN_POINT('',(-9.27301518271734,14.5065890451325,7.79803282104079));
#5064=CARTESIAN_POINT('',(-9.29596178417633,14.5081285992469,7.7989216830232));
#5065=CARTESIAN_POINT('',(-9.3182481348282,14.5063594128246,7.79790024276604));
#5066=CARTESIAN_POINT('',(-9.32145165142119,14.5061051038914,7.79775341743498));
#5067=CARTESIAN_POINT('',(-9.32464900856848,14.505783715277,7.79756786363196));
#5068=CARTESIAN_POINT('',(-9.32783462019201,14.5053958094989,7.79734390612654));
#5069=CARTESIAN_POINT('',(-9.3,0.,0.));
#5070=CARTESIAN_POINT('',(-9.09999999999829,16.2625671423387,-0.500000000000063));
#5071=CARTESIAN_POINT('',(-9.09999999999827,16.2776409546847,-0.500000000000064));
#5072=CARTESIAN_POINT('',(-9.10172431028468,16.2928100022488,-0.500000000000063));
#5073=CARTESIAN_POINT('',(-9.10510769249086,16.3074992004396,-0.500000000000064));
#5074=CARTESIAN_POINT('',(-9.11013672229201,16.32933309651,-0.500000000000064));
#5075=CARTESIAN_POINT('',(-9.119005048578,16.3506000037494,-0.500000000000064));
#5076=CARTESIAN_POINT('',(-9.13097911257019,16.3695375841087,-0.500000000000064));
#5077=CARTESIAN_POINT('',(-9.14295074714622,16.3884713222251,-0.500000000000064));
#5078=CARTESIAN_POINT('',(-9.15835737260214,16.4055991223088,-0.500000000000064));
#5079=CARTESIAN_POINT('',(-9.17592334472969,16.4195003127863,-0.500000000000064));
#5080=CARTESIAN_POINT('',(-9.19348206389684,16.4333957634857,-0.500000000000064));
#5081=CARTESIAN_POINT('',(-9.21368300590845,16.4444506677984,-0.500000000000064));
#5082=CARTESIAN_POINT('',(-9.23485251455203,16.4517475214161,-0.500000000000064));
#5083=CARTESIAN_POINT('',(-9.25601265641833,16.4590411464278,-0.500000000000064));
#5084=CARTESIAN_POINT('',(-9.27872435982663,16.4627812583664,-0.500000000000064));
#5085=CARTESIAN_POINT('',(-9.30110589772865,16.4626574409469,-0.500000000000064));
#5086=CARTESIAN_POINT('',(-9.31003887431035,16.4626080226221,-0.500000000000064));
#5087=CARTESIAN_POINT('',(-9.31898852240631,16.4619570274164,-0.500000000000064));
#5088=CARTESIAN_POINT('',(-9.32783462019201,16.4607132160376,-0.500000000000064));
#5089=CARTESIAN_POINT('',(-9.32783462019201,16.4607132160376,-0.500000000000064));
#5090=CARTESIAN_POINT('',(-9.1,14.3337962760156,-7.69827086927729));
#5091=CARTESIAN_POINT('',(-9.1,14.3517675333473,-7.70864657953543));
#5092=CARTESIAN_POINT('',(-9.10330503982447,14.3699520987484,-7.71914544326482));
#5093=CARTESIAN_POINT('',(-9.10968008736144,14.3870542964656,-7.7290194017206));
#5094=CARTESIAN_POINT('',(-9.11656314212705,14.4055193138349,-7.73968018446935));
#5095=CARTESIAN_POINT('',(-9.12722281512525,14.4232099461547,-7.74989387580136));
#5096=CARTESIAN_POINT('',(-9.14077713866051,14.4386598469232,-7.75881388016896));
#5097=CARTESIAN_POINT('',(-9.15432780541157,14.4541055795047,-7.76773147803276));
#5098=CARTESIAN_POINT('',(-9.17114565410741,14.4677379901659,-7.77560215399767));
#5099=CARTESIAN_POINT('',(-9.18983790543514,14.4784261091424,-7.78177294236588));
#5100=CARTESIAN_POINT('',(-9.20852194380594,14.4891095319986,-7.78794101942777));
#5101=CARTESIAN_POINT('',(-9.22959441633045,14.4971460116738,-7.79258088313164));
#5102=CARTESIAN_POINT('',(-9.25130934037816,14.5018685159361,-7.7953074222387));
#5103=CARTESIAN_POINT('',(-9.27301518271726,14.5065890451324,-7.79803282104089));
#5104=CARTESIAN_POINT('',(-9.29596178417625,14.5081285992468,-7.7989216830233));
#5105=CARTESIAN_POINT('',(-9.31824813482812,14.5063594128246,-7.79790024276615));
#5106=CARTESIAN_POINT('',(-9.32145165142114,14.5061051038913,-7.79775341743509));
#5107=CARTESIAN_POINT('',(-9.32464900856845,14.505783715277,-7.79756786363208));
#5108=CARTESIAN_POINT('',(-9.32783462019201,14.5053958094988,-7.79734390612665));
#5109=CARTESIAN_POINT('',(-9.32783462019201,14.5053958094988,-7.79734390612665));
#5110=CARTESIAN_POINT('',(-9.32783462019201,0.,0.));
#5111=CARTESIAN_POINT('',(-9.3,0.,0.));
#5112=CARTESIAN_POINT('',(-9.32783462019201,-7.7973439061266,14.5053958094989));
#5113=CARTESIAN_POINT('',(-19.2649777855808,-7.09873464130058,13.2953690681818));
#5114=CARTESIAN_POINT('',(-29.2021009866885,-6.40005436150344,12.0852193253267));
#5115=CARTESIAN_POINT('',(-39.1391731009639,-5.7011924823155,10.8747550431002));
#5116=CARTESIAN_POINT('',(-39.1391731009639,-5.7011924823155,10.8747550431002));
#5117=CARTESIAN_POINT('',(-39.139173100964,-0.5,12.2684103684159));
#5118=CARTESIAN_POINT('',(-30.167090677845,-0.5,13.53040108567));
#5119=CARTESIAN_POINT('',(-21.1949661950699,-0.5,14.7920927838121));
#5120=CARTESIAN_POINT('',(-12.2228237377383,-0.5,16.0536566161347));
#5121=CARTESIAN_POINT('',(-11.2578275894039,-0.5,16.1893437438033));
#5122=CARTESIAN_POINT('',(-10.2928312113423,-0.5,16.3250292376783));
#5123=CARTESIAN_POINT('',(-9.32783462019201,-0.5,16.4607132160377));
#5124=CARTESIAN_POINT('',(-39.139173100964,-0.5,12.2684103684159));
#5125=CARTESIAN_POINT('',(-39.1391731009639,0.,0.));
#5126=CARTESIAN_POINT('',(-9.32783462019201,0.,0.));
#5127=CARTESIAN_POINT('',(-9.32783462019201,-16.4607132160377,0.500000000000018));
#5128=CARTESIAN_POINT('',(-11.2313712138995,-16.1930652053033,0.500000000000018));
#5129=CARTESIAN_POINT('',(-13.1349069801163,-15.9254113092919,0.500000000000018));
#5130=CARTESIAN_POINT('',(-15.0384417845881,-15.657750573662,0.500000000000018));
#5131=CARTESIAN_POINT('',(-23.0720408054546,-14.5281263510685,0.500000000000016));
#5132=CARTESIAN_POINT('',(-31.1056239696051,-13.3983893356456,0.500000000000015));
#5133=CARTESIAN_POINT('',(-39.1391731009639,-12.2684103684154,0.500000000000014));
#5134=CARTESIAN_POINT('',(-39.1391731009639,-12.2684103684154,0.500000000000014));
#5135=CARTESIAN_POINT('',(-9.32783462019201,-14.5053958094988,7.79734390612662));
#5136=CARTESIAN_POINT('',(-19.2649777855808,-13.2953690681818,7.0987346413006));
#5137=CARTESIAN_POINT('',(-29.2021009866885,-12.0852193253267,6.40005436150345));
#5138=CARTESIAN_POINT('',(-39.1391731009639,-10.8747550431002,5.70119248231551));
#5139=CARTESIAN_POINT('',(-39.1391731009639,-10.8747550431002,5.70119248231551));
#5140=CARTESIAN_POINT('',(-39.1391731009639,0.,0.));
#5141=CARTESIAN_POINT('',(-9.32783462019201,0.,0.));
#5142=CARTESIAN_POINT('',(-9.32783462019201,-8.66336930991107,-14.0053958094988));
#5143=CARTESIAN_POINT('',(-19.2649777855808,-7.96476004508505,-12.7953690681818));
#5144=CARTESIAN_POINT('',(-29.2021009866885,-7.2660797652879,-11.5852193253267));
#5145=CARTESIAN_POINT('',(-39.1391731009639,-6.56721788609996,-10.3747550431002));
#5146=CARTESIAN_POINT('',(-39.1391731009639,-6.56721788609996,-10.3747550431002));
#5147=CARTESIAN_POINT('',(-9.32783462019201,-14.0053958094989,-8.66336930991102));
#5148=CARTESIAN_POINT('',(-19.2649777855808,-12.7953690681819,-7.96476004508501));
#5149=CARTESIAN_POINT('',(-29.2021009866885,-11.5852193253268,-7.26607976528786));
#5150=CARTESIAN_POINT('',(-39.1391731009639,-10.3747550431002,-6.56721788609992));
#5151=CARTESIAN_POINT('',(-39.1391731009639,-10.3747550431002,-6.56721788609992));
#5152=CARTESIAN_POINT('',(-39.1391731009639,0.,0.));
#5153=CARTESIAN_POINT('',(-9.32783462019201,0.,0.));
#5154=CARTESIAN_POINT('',(-9.32783462019201,7.79734390612657,-14.5053958094989));
#5155=CARTESIAN_POINT('',(-19.2649777855808,7.09873464130055,-13.2953690681819));
#5156=CARTESIAN_POINT('',(-29.2021009866885,6.40005436150341,-12.0852193253268));
#5157=CARTESIAN_POINT('',(-39.1391731009639,5.70119248231547,-10.8747550431002));
#5158=CARTESIAN_POINT('',(-39.1391731009639,5.70119248231547,-10.8747550431002));
#5159=CARTESIAN_POINT('',(-9.32783462019201,0.499999999999961,-16.4607132160377));
#5160=CARTESIAN_POINT('',(-10.3961598723784,0.499999999999962,-16.3105006435501));
#5161=CARTESIAN_POINT('',(-11.4644848634385,0.499999999999962,-16.1602862138957));
#5162=CARTESIAN_POINT('',(-12.5328095706731,0.499999999999962,-16.0100697657131));
#5163=CARTESIAN_POINT('',(-21.4016229601365,0.499999999999965,-14.7630316340126));
#5164=CARTESIAN_POINT('',(-30.2704186000538,0.499999999999968,-13.515867238063));
#5165=CARTESIAN_POINT('',(-39.1391731009639,0.499999999999971,-12.2684103684165));
#5166=CARTESIAN_POINT('',(-39.1391731009639,0.499999999999971,-12.2684103684165));
#5167=CARTESIAN_POINT('',(-39.1391731009639,0.,0.));
#5168=CARTESIAN_POINT('',(-9.32783462019201,0.,0.));
#5169=CARTESIAN_POINT('',(-9.32783462019201,16.4607132160377,0.499999999999984));
#5170=CARTESIAN_POINT('',(-19.2649777855808,15.0634946863856,0.499999999999985));
#5171=CARTESIAN_POINT('',(-29.2021009866886,13.6661341267915,0.499999999999987));
#5172=CARTESIAN_POINT('',(-39.1391731009639,12.2684103684157,0.499999999999988));
#5173=CARTESIAN_POINT('',(-39.1391731009639,12.2684103684157,0.499999999999988));
#5174=CARTESIAN_POINT('',(-39.1391731009639,0.,0.));
#5175=CARTESIAN_POINT('',(-39.1391731009639,10.8747550431002,5.70119248231545));
#5176=CARTESIAN_POINT('',(-9.32783462019201,14.5053958094989,7.79734390612654));
#5177=CARTESIAN_POINT('',(-19.2649777855808,13.2953690681819,7.09873464130053));
#5178=CARTESIAN_POINT('',(-29.2021009866885,12.0852193253268,6.40005436150339));
#5179=CARTESIAN_POINT('',(-39.1391731009639,10.8747550431002,5.70119248231545));
#5180=CARTESIAN_POINT('',(-9.32783462019201,0.,0.));
#5181=CARTESIAN_POINT('',(-9.32783462019201,16.4607132160376,-0.500000000000064));
#5182=CARTESIAN_POINT('',(-11.2313712138995,16.1930652053033,-0.500000000000063));
#5183=CARTESIAN_POINT('',(-13.1349069801163,15.9254113092919,-0.500000000000062));
#5184=CARTESIAN_POINT('',(-15.0384417845881,15.657750573662,-0.500000000000061));
#5185=CARTESIAN_POINT('',(-23.0720408054546,14.5281263510685,-0.500000000000057));
#5186=CARTESIAN_POINT('',(-31.1056239696051,13.3983893356456,-0.500000000000052));
#5187=CARTESIAN_POINT('',(-39.1391731009639,12.2684103684154,-0.500000000000048));
#5188=CARTESIAN_POINT('',(-39.1391731009639,12.2684103684154,-0.500000000000048));
#5189=CARTESIAN_POINT('',(-9.32783462019201,14.5053958094988,-7.79734390612665));
#5190=CARTESIAN_POINT('',(-19.2649777855808,13.2953690681818,-7.09873464130063));
#5191=CARTESIAN_POINT('',(-29.2021009866885,12.0852193253267,-6.40005436150348));
#5192=CARTESIAN_POINT('',(-39.1391731009639,10.8747550431002,-5.70119248231554));
#5193=CARTESIAN_POINT('',(-39.1391731009639,10.8747550431002,-5.70119248231554));
#5194=CARTESIAN_POINT('',(-39.1391731009639,0.,0.));
#5195=CARTESIAN_POINT('',(-9.32783462019201,0.,0.));
#5196=CARTESIAN_POINT('',(-40.0000000000038,-5.20561130753422,10.0163832691043));
#5197=CARTESIAN_POINT('',(-40.0000000000038,-5.2480519685373,10.0898926502685));
#5198=CARTESIAN_POINT('',(-39.9890392965555,-5.29083128604159,10.163988601699));
#5199=CARTESIAN_POINT('',(-39.9676394385533,-5.3319009978223,10.2351234291554));
#5200=CARTESIAN_POINT('',(-39.9393684304537,-5.38615753327612,10.3290985052041));
#5201=CARTESIAN_POINT('',(-39.8919672120725,-5.4387226416408,10.4201439435971));
#5202=CARTESIAN_POINT('',(-39.8293527663087,-5.48523545610753,10.5007065014565));
#5203=CARTESIAN_POINT('',(-39.7667736417208,-5.53172203242292,10.5812236135047));
#5204=CARTESIAN_POINT('',(-39.6872692582928,-5.57344646702314,10.6534924541493));
#5205=CARTESIAN_POINT('',(-39.597423182131,-5.6069421254829,10.7115086364346));
#5206=CARTESIAN_POINT('',(-39.5076534932456,-5.64040930588072,10.7694754932697));
#5207=CARTESIAN_POINT('',(-39.4050805215586,-5.66658545495053,10.8148139134051));
#5208=CARTESIAN_POINT('',(-39.2982064399679,-5.68329425788367,10.843754409019));
#5209=CARTESIAN_POINT('',(-39.2463451570602,-5.69140230375472,10.8577979564177));
#5210=CARTESIAN_POINT('',(-39.1929808390443,-5.69740825125455,10.868200562635));
#5211=CARTESIAN_POINT('',(-39.1391731009639,-5.7011924823155,10.8747550431002));
#5212=CARTESIAN_POINT('',(-40.0000000000038,-0.5,11.2772480188529));
#5213=CARTESIAN_POINT('',(-40.0000000000038,-0.5,11.3886046481898));
#5214=CARTESIAN_POINT('',(-39.9809170220362,-0.5,11.501477210692));
#5215=CARTESIAN_POINT('',(-39.9443020745717,-0.5,11.6066420551956));
#5216=CARTESIAN_POINT('',(-39.9074344057089,-0.5,11.7125327619054));
#5217=CARTESIAN_POINT('',(-39.8517690496093,-0.5,11.8135196591627));
#5218=CARTESIAN_POINT('',(-39.7819086478916,-0.5,11.9012213754897));
#5219=CARTESIAN_POINT('',(-39.7120945682905,-0.5,11.9888649397157));
#5220=CARTESIAN_POINT('',(-39.6261753823583,-0.5,12.0656604321907));
#5221=CARTESIAN_POINT('',(-39.5312682362821,-0.5,12.1252258053906));
#5222=CARTESIAN_POINT('',(-39.4364433044373,-0.5,12.184739579511));
#5223=CARTESIAN_POINT('',(-39.3300275967191,-0.5,12.2286956511855));
#5224=CARTESIAN_POINT('',(-39.2208424086142,-0.5,12.2534393717613));
#5225=CARTESIAN_POINT('',(-39.1938501382725,-0.5,12.2595564028956));
#5226=CARTESIAN_POINT('',(-39.166580030345,-0.5,12.2645553781432));
#5227=CARTESIAN_POINT('',(-39.139173100964,-0.5,12.2684103684159));
#5228=CARTESIAN_POINT('',(-39.0000000000038,0.,0.));
#5229=CARTESIAN_POINT('',(-40.0000000000038,-11.2772480188528,0.500000000000014));
#5230=CARTESIAN_POINT('',(-40.0000000000038,-11.2801304892904,0.500000000000014));
#5231=CARTESIAN_POINT('',(-39.9999875612702,-11.2830129865652,0.500000000000013));
#5232=CARTESIAN_POINT('',(-39.999962684439,-11.2858953496524,0.500000000000013));
#5233=CARTESIAN_POINT('',(-39.9989948582652,-11.3980328811791,0.500000000000013));
#5234=CARTESIAN_POINT('',(-39.9786537671708,-11.5115510795351,0.500000000000013));
#5235=CARTESIAN_POINT('',(-39.9406158641127,-11.617044589266,0.500000000000013));
#5236=CARTESIAN_POINT('',(-39.9025841158016,-11.722521029553,0.500000000000013));
#5237=CARTESIAN_POINT('',(-39.8458099411332,-11.8228868680128,0.500000000000014));
#5238=CARTESIAN_POINT('',(-39.7749880246549,-11.9098118326752,0.500000000000014));
#5239=CARTESIAN_POINT('',(-39.7306044161335,-11.9642871108681,0.500000000000014));
#5240=CARTESIAN_POINT('',(-39.680174478141,-12.0143352969,0.500000000000014));
#5241=CARTESIAN_POINT('',(-39.6253610118482,-12.0583005621959,0.500000000000014));
#5242=CARTESIAN_POINT('',(-39.538088086119,-12.1283011951122,0.500000000000014));
#5243=CARTESIAN_POINT('',(-39.4375312870444,-12.1842071124479,0.500000000000014));
#5244=CARTESIAN_POINT('',(-39.3320093233948,-12.2213792439655,0.500000000000014));
#5245=CARTESIAN_POINT('',(-39.2696052201034,-12.2433622838423,0.500000000000014));
#5246=CARTESIAN_POINT('',(-39.2046910304191,-12.2591947800061,0.500000000000014));
#5247=CARTESIAN_POINT('',(-39.1391731009639,-12.2684103684154,0.500000000000014));
#5248=CARTESIAN_POINT('',(-40.0000000000038,-10.0163832691043,5.20561130753423));
#5249=CARTESIAN_POINT('',(-40.0000000000038,-10.0898926502685,5.24805196853731));
#5250=CARTESIAN_POINT('',(-39.9890392965555,-10.163988601699,5.2908312860416));
#5251=CARTESIAN_POINT('',(-39.9676394385533,-10.2351234291554,5.33190099782231));
#5252=CARTESIAN_POINT('',(-39.9393684304537,-10.3290985052041,5.38615753327613));
#5253=CARTESIAN_POINT('',(-39.8919672120725,-10.4201439435971,5.43872264164081));
#5254=CARTESIAN_POINT('',(-39.8293527663087,-10.5007065014565,5.48523545610754));
#5255=CARTESIAN_POINT('',(-39.7667736417208,-10.5812236135047,5.53172203242293));
#5256=CARTESIAN_POINT('',(-39.6872692582929,-10.6534924541493,5.57344646702315));
#5257=CARTESIAN_POINT('',(-39.597423182131,-10.7115086364346,5.60694212548291));
#5258=CARTESIAN_POINT('',(-39.5076534932456,-10.7694754932697,5.64040930588074));
#5259=CARTESIAN_POINT('',(-39.4050805215586,-10.8148139134051,5.66658545495054));
#5260=CARTESIAN_POINT('',(-39.2982064399679,-10.843754409019,5.68329425788368));
#5261=CARTESIAN_POINT('',(-39.2463451570602,-10.8577979564177,5.69140230375474));
#5262=CARTESIAN_POINT('',(-39.1929808390443,-10.868200562635,5.69740825125456));
#5263=CARTESIAN_POINT('',(-39.1391731009639,-10.8747550431002,5.70119248231551));
#5264=CARTESIAN_POINT('',(-39.0000000000038,0.,0.));
#5265=CARTESIAN_POINT('',(-40.0000000000038,-6.0716367113189,-9.5163832691047));
#5266=CARTESIAN_POINT('',(-40.0000000000038,-6.1140773723219,-9.58989265026869));
#5267=CARTESIAN_POINT('',(-39.9890392965555,-6.1568566898261,-9.66398860169909));
#5268=CARTESIAN_POINT('',(-39.9676394385533,-6.19792640160672,-9.73512342915534));
#5269=CARTESIAN_POINT('',(-39.9393684304537,-6.25218293706054,-9.82909850520402));
#5270=CARTESIAN_POINT('',(-39.8919672120725,-6.30474804542523,-9.92014394359701));
#5271=CARTESIAN_POINT('',(-39.8293527663087,-6.35126085989196,-10.0007065014564));
#5272=CARTESIAN_POINT('',(-39.7667736417209,-6.39774743620735,-10.0812236135046));
#5273=CARTESIAN_POINT('',(-39.6872692582929,-6.43947187080757,-10.1534924541493));
#5274=CARTESIAN_POINT('',(-39.5974231821311,-6.47296752926734,-10.2115086364346));
#5275=CARTESIAN_POINT('',(-39.5076534932457,-6.50643470966516,-10.2694754932697));
#5276=CARTESIAN_POINT('',(-39.4050805215587,-6.53261085873497,-10.3148139134051));
#5277=CARTESIAN_POINT('',(-39.298206439968,-6.54931966166812,-10.3437544090189));
#5278=CARTESIAN_POINT('',(-39.2463451570602,-6.55742770753918,-10.3577979564177));
#5279=CARTESIAN_POINT('',(-39.1929808390443,-6.56343365503901,-10.368200562635));
#5280=CARTESIAN_POINT('',(-39.1391731009639,-6.56721788609996,-10.3747550431002));
#5281=CARTESIAN_POINT('',(-40.0000000000038,-9.51638326910434,-6.07163671131865));
#5282=CARTESIAN_POINT('',(-40.0000000000038,-9.58989265026804,-6.11407737232147));
#5283=CARTESIAN_POINT('',(-39.9890392965556,-9.66398860169814,-6.1568566898255));
#5284=CARTESIAN_POINT('',(-39.9676394385537,-9.73512342915413,-6.19792640160597));
#5285=CARTESIAN_POINT('',(-39.9393684304542,-9.82909850520285,-6.25218293705982));
#5286=CARTESIAN_POINT('',(-39.8919672120732,-9.9201439435959,-6.30474804542453));
#5287=CARTESIAN_POINT('',(-39.8293527663095,-10.0007065014554,-6.35126085989131));
#5288=CARTESIAN_POINT('',(-39.7667736417218,-10.0812236135037,-6.39774743620675));
#5289=CARTESIAN_POINT('',(-39.687269258294,-10.1534924541484,-6.43947187080703));
#5290=CARTESIAN_POINT('',(-39.5974231821323,-10.2115086364338,-6.47296752926686));
#5291=CARTESIAN_POINT('',(-39.507653493247,-10.2694754932691,-6.50643470966476));
#5292=CARTESIAN_POINT('',(-39.4050805215601,-10.3148139134046,-6.53261085873464));
#5293=CARTESIAN_POINT('',(-39.2982064399694,-10.3437544090186,-6.54931966166786));
#5294=CARTESIAN_POINT('',(-39.2463451570612,-10.3577979564176,-6.55742770753903));
#5295=CARTESIAN_POINT('',(-39.1929808390448,-10.368200562635,-6.56343365503894));
#5296=CARTESIAN_POINT('',(-39.1391731009639,-10.3747550431002,-6.56721788609992));
#5297=CARTESIAN_POINT('',(-39.0000000000038,0.,0.));
#5298=CARTESIAN_POINT('',(-40.0000000000038,5.20561130753442,-10.0163832691047));
#5299=CARTESIAN_POINT('',(-40.0000000000038,5.24805196853742,-10.0898926502687));
#5300=CARTESIAN_POINT('',(-39.9890392965555,5.29083128604164,-10.1639886016992));
#5301=CARTESIAN_POINT('',(-39.9676394385533,5.33190099782227,-10.2351234291554));
#5302=CARTESIAN_POINT('',(-39.9393684304537,5.3861575332761,-10.3290985052041));
#5303=CARTESIAN_POINT('',(-39.8919672120725,5.43872264164077,-10.4201439435971));
#5304=CARTESIAN_POINT('',(-39.8293527663087,5.48523545610751,-10.5007065014565));
#5305=CARTESIAN_POINT('',(-39.7667736417208,5.53172203242289,-10.5812236135047));
#5306=CARTESIAN_POINT('',(-39.6872692582928,5.57344646702311,-10.6534924541493));
#5307=CARTESIAN_POINT('',(-39.597423182131,5.60694212548288,-10.7115086364346));
#5308=CARTESIAN_POINT('',(-39.5076534932456,5.6404093058807,-10.7694754932697));
#5309=CARTESIAN_POINT('',(-39.4050805215586,5.6665854549505,-10.8148139134051));
#5310=CARTESIAN_POINT('',(-39.2982064399679,5.68329425788364,-10.843754409019));
#5311=CARTESIAN_POINT('',(-39.2463451570602,5.6914023037547,-10.8577979564178));
#5312=CARTESIAN_POINT('',(-39.1929808390443,5.69740825125452,-10.868200562635));
#5313=CARTESIAN_POINT('',(-39.1391731009639,5.70119248231547,-10.8747550431002));
#5314=CARTESIAN_POINT('',(-40.0000000000038,0.499999999999974,-11.2772480188529));
#5315=CARTESIAN_POINT('',(-40.0000000000038,0.499999999999973,-11.3762122641938));
#5316=CARTESIAN_POINT('',(-39.9850146958707,0.499999999999973,-11.4762453075056));
#5317=CARTESIAN_POINT('',(-39.956009778395,0.499999999999973,-11.5708636810815));
#5318=CARTESIAN_POINT('',(-39.9231460551543,0.499999999999973,-11.6780700554934));
#5319=CARTESIAN_POINT('',(-39.8713134643288,0.499999999999972,-11.7810823524188));
#5320=CARTESIAN_POINT('',(-39.8047965735504,0.499999999999972,-11.8713526922928));
#5321=CARTESIAN_POINT('',(-39.7631050213264,0.499999999999972,-11.9279324654165));
#5322=CARTESIAN_POINT('',(-39.7151573447047,0.499999999999972,-11.9803831761086));
#5323=CARTESIAN_POINT('',(-39.6625344230012,0.499999999999972,-12.0269694870266));
#5324=CARTESIAN_POINT('',(-39.5787589531289,0.499999999999972,-12.1011346979353));
#5325=CARTESIAN_POINT('',(-39.4810296589668,0.499999999999972,-12.1618667647309));
#5326=CARTESIAN_POINT('',(-39.3774299728635,0.499999999999971,-12.2041268274467));
#5327=CARTESIAN_POINT('',(-39.3012642186818,0.499999999999971,-12.2351961257195));
#5328=CARTESIAN_POINT('',(-39.2206301333027,0.499999999999971,-12.2569528255832));
#5329=CARTESIAN_POINT('',(-39.1391731009639,0.499999999999971,-12.2684103684165));
#5330=CARTESIAN_POINT('',(-39.0000000000038,0.,0.));
#5331=CARTESIAN_POINT('',(-40.0000000000038,11.2772480188529,0.499999999999986));
#5332=CARTESIAN_POINT('',(-40.0000000000038,11.3305136136492,0.499999999999986));
#5333=CARTESIAN_POINT('',(-39.9957255051583,11.3839477967695,0.499999999999989));
#5334=CARTESIAN_POINT('',(-39.9872570373703,11.4365359003894,0.499999999999989));
#5335=CARTESIAN_POINT('',(-39.9694507722251,11.5471105332479,0.499999999999989));
#5336=CARTESIAN_POINT('',(-39.9323313269833,11.6561380794498,0.499999999999989));
#5337=CARTESIAN_POINT('',(-39.8789558697437,11.7546006260078,0.499999999999989));
#5338=CARTESIAN_POINT('',(-39.8256247511976,11.8529813802795,0.499999999999989));
#5339=CARTESIAN_POINT('',(-39.7545957138164,11.9435223637783,0.499999999999989));
#5340=CARTESIAN_POINT('',(-39.6717282712655,12.0187285336151,0.499999999999988));
#5341=CARTESIAN_POINT('',(-39.5889059788738,12.0938937275216,0.499999999999988));
#5342=CARTESIAN_POINT('',(-39.4919769605982,12.1558094293696,0.499999999999988));
#5343=CARTESIAN_POINT('',(-39.3889517957618,12.1993427947626,0.499999999999988));
#5344=CARTESIAN_POINT('',(-39.3093799651741,12.2329659351037,0.499999999999988));
#5345=CARTESIAN_POINT('',(-39.2247150207949,12.2563782555046,0.499999999999988));
#5346=CARTESIAN_POINT('',(-39.1391731009639,12.2684103684157,0.499999999999988));
#5347=CARTESIAN_POINT('',(-40.0000000000038,10.0163832691047,5.2056113075344));
#5348=CARTESIAN_POINT('',(-40.0000000000038,10.0898926502687,5.24805196853741));
#5349=CARTESIAN_POINT('',(-39.9890392965555,10.1639886016992,5.29083128604162));
#5350=CARTESIAN_POINT('',(-39.9676394385533,10.2351234291554,5.33190099782225));
#5351=CARTESIAN_POINT('',(-39.9393684304537,10.3290985052041,5.38615753327608));
#5352=CARTESIAN_POINT('',(-39.8919672120725,10.4201439435971,5.43872264164076));
#5353=CARTESIAN_POINT('',(-39.8293527663087,10.5007065014565,5.48523545610749));
#5354=CARTESIAN_POINT('',(-39.7667736417208,10.5812236135047,5.53172203242287));
#5355=CARTESIAN_POINT('',(-39.6872692582928,10.6534924541494,5.57344646702309));
#5356=CARTESIAN_POINT('',(-39.597423182131,10.7115086364346,5.60694212548286));
#5357=CARTESIAN_POINT('',(-39.5076534932456,10.7694754932698,5.64040930588068));
#5358=CARTESIAN_POINT('',(-39.4050805215586,10.8148139134051,5.66658545495048));
#5359=CARTESIAN_POINT('',(-39.2982064399679,10.843754409019,5.68329425788362));
#5360=CARTESIAN_POINT('',(-39.2463451570602,10.8577979564178,5.69140230375468));
#5361=CARTESIAN_POINT('',(-39.1929808390443,10.8682005626351,5.6974082512545));
#5362=CARTESIAN_POINT('',(-39.1391731009639,10.8747550431002,5.70119248231545));
#5363=CARTESIAN_POINT('',(-39.0000000000038,0.,0.));
#5364=CARTESIAN_POINT('',(-40.0000000000038,11.2772480188533,-0.500000000000046));
#5365=CARTESIAN_POINT('',(-40.0000000000038,11.3721829600091,-0.500000000000046));
#5366=CARTESIAN_POINT('',(-39.9862339625806,11.4680626415449,-0.500000000000045));
#5367=CARTESIAN_POINT('',(-39.9595191703023,11.5591612854743,-0.500000000000045));
#5368=CARTESIAN_POINT('',(-39.9279651252534,11.6667619991354,-0.500000000000046));
#5369=CARTESIAN_POINT('',(-39.8773924482087,11.770400275701,-0.500000000000046));
#5370=CARTESIAN_POINT('',(-39.8119811778273,11.861476820686,-0.500000000000047));
#5371=CARTESIAN_POINT('',(-39.7466093985648,11.9524983795096,-0.500000000000047));
#5372=CARTESIAN_POINT('',(-39.6646106608163,12.0334861421816,-0.500000000000047));
#5373=CARTESIAN_POINT('',(-39.5727759950646,12.097710653553,-0.500000000000047));
#5374=CARTESIAN_POINT('',(-39.4810201821311,12.1618800192593,-0.500000000000048));
#5375=CARTESIAN_POINT('',(-39.3769114498599,12.2110860598826,-0.500000000000048));
#5376=CARTESIAN_POINT('',(-39.2690795556065,12.2412376648806,-0.500000000000048));
#5377=CARTESIAN_POINT('',(-39.2264744625202,12.2531507630093,-0.500000000000048));
#5378=CARTESIAN_POINT('',(-39.182981164685,12.2622484355274,-0.500000000000048));
#5379=CARTESIAN_POINT('',(-39.1391731009639,12.2684103684154,-0.500000000000048));
#5380=CARTESIAN_POINT('',(-40.0000000000038,10.0163832691043,-5.20561130753426));
#5381=CARTESIAN_POINT('',(-40.0000000000038,10.0898926502685,-5.24805196853734));
#5382=CARTESIAN_POINT('',(-39.9890392965555,10.163988601699,-5.29083128604162));
#5383=CARTESIAN_POINT('',(-39.9676394385533,10.2351234291554,-5.33190099782232));
#5384=CARTESIAN_POINT('',(-39.9393684304537,10.3290985052041,-5.38615753327615));
#5385=CARTESIAN_POINT('',(-39.8919672120725,10.4201439435971,-5.43872264164083));
#5386=CARTESIAN_POINT('',(-39.8293527663087,10.5007065014565,-5.48523545610756));
#5387=CARTESIAN_POINT('',(-39.7667736417208,10.5812236135046,-5.53172203242295));
#5388=CARTESIAN_POINT('',(-39.6872692582929,10.6534924541493,-5.57344646702317));
#5389=CARTESIAN_POINT('',(-39.597423182131,10.7115086364346,-5.60694212548293));
#5390=CARTESIAN_POINT('',(-39.5076534932457,10.7694754932697,-5.64040930588076));
#5391=CARTESIAN_POINT('',(-39.4050805215586,10.8148139134051,-5.66658545495056));
#5392=CARTESIAN_POINT('',(-39.2982064399679,10.843754409019,-5.6832942578837));
#5393=CARTESIAN_POINT('',(-39.2463451570602,10.8577979564177,-5.69140230375476));
#5394=CARTESIAN_POINT('',(-39.1929808390443,10.868200562635,-5.69740825125459));
#5395=CARTESIAN_POINT('',(-39.1391731009639,10.8747550431002,-5.70119248231554));
#5396=CARTESIAN_POINT('',(-39.0000000000038,0.,0.));
#5397=CARTESIAN_POINT('',(-30.5000000000039,0.,0.));
#5398=CARTESIAN_POINT('',(-35.9772255750555,-4.99341649025257,2.30560008563362));
#5399=CARTESIAN_POINT('',(-35.9772255750555,-4.49341649025257,3.17162548941805));
#5400=CARTESIAN_POINT('',(-40.0000000000038,-4.99341649025257,2.30560008563361));
#5401=CARTESIAN_POINT('',(-4.17113378767723E-15,-4.99341649025257,2.30560008563361));
#5402=CARTESIAN_POINT('',(0.,0.,0.));
#5403=CARTESIAN_POINT('',(-1.77884447863509E-15,-4.99341649025257,-2.3056000856336));
#5404=CARTESIAN_POINT('',(-40.0000000000038,-4.99341649025257,-2.3056000856336));
#5405=CARTESIAN_POINT('',(-35.9772255750555,-4.99341649025257,-2.3056000856336));
#5406=CARTESIAN_POINT('',(-30.5000000000039,0.,0.));
#5407=CARTESIAN_POINT('',(-35.9772255750555,-4.49341649025257,-3.17162548941804));
#5408=CARTESIAN_POINT('',(-40.0000000000038,-4.49341649025257,-3.17162548941804));
#5409=CARTESIAN_POINT('',(-1.77884447863509E-15,-4.49341649025257,-3.17162548941804));
#5410=CARTESIAN_POINT('',(0.,0.,0.));
#5411=CARTESIAN_POINT('',(-1.77884447863509E-15,-0.500000000000013,-5.47722557505166));
#5412=CARTESIAN_POINT('',(-40.0000000000038,-0.500000000000013,-5.47722557505166));
#5413=CARTESIAN_POINT('',(-35.9772255750555,-0.500000000000013,-5.47722557505166));
#5414=CARTESIAN_POINT('',(-30.5000000000039,0.,0.));
#5415=CARTESIAN_POINT('',(-35.9772255750555,0.499999999999987,-5.47722557505166));
#5416=CARTESIAN_POINT('',(-40.0000000000038,0.499999999999987,-5.47722557505166));
#5417=CARTESIAN_POINT('',(-1.77884447863509E-15,0.499999999999987,-5.47722557505166));
#5418=CARTESIAN_POINT('',(0.,0.,0.));
#5419=CARTESIAN_POINT('',(-1.77884447863509E-15,4.49341649025256,-3.17162548941806));
#5420=CARTESIAN_POINT('',(-40.0000000000038,4.49341649025256,-3.17162548941806));
#5421=CARTESIAN_POINT('',(-35.9772255750555,4.49341649025256,-3.17162548941806));
#5422=CARTESIAN_POINT('',(-30.5000000000039,0.,0.));
#5423=CARTESIAN_POINT('',(-35.9772255750555,4.99341649025256,-2.30560008563363));
#5424=CARTESIAN_POINT('',(-40.0000000000038,4.99341649025256,-2.30560008563363));
#5425=CARTESIAN_POINT('',(-1.77884447863509E-15,4.99341649025256,-2.30560008563363));
#5426=CARTESIAN_POINT('',(0.,0.,0.));
#5427=CARTESIAN_POINT('',(-1.77884447863509E-15,4.99341649025258,2.30560008563359));
#5428=CARTESIAN_POINT('',(-40.0000000000038,4.99341649025258,2.30560008563359));
#5429=CARTESIAN_POINT('',(-35.9772255750555,4.99341649025258,2.30560008563359));
#5430=CARTESIAN_POINT('',(-30.5000000000039,0.,0.));
#5431=CARTESIAN_POINT('',(-35.9772255750555,4.49341649025258,3.17162548941803));
#5432=CARTESIAN_POINT('',(-40.0000000000038,4.49341649025257,3.17162548941804));
#5433=CARTESIAN_POINT('',(-40.0000000000038,0.5,5.47722557505166));
#5434=CARTESIAN_POINT('',(-35.9772255750555,0.5,5.47722557505166));
#5435=CARTESIAN_POINT('',(-30.5000000000039,0.,0.));
#5436=CARTESIAN_POINT('',(-35.9772255750555,-0.5,5.47722557505166));
#5437=CARTESIAN_POINT('',(-40.0000000000038,-0.5,5.47722557505166));
#5438=CARTESIAN_POINT('',(-40.0000000000038,-4.49341649025257,3.17162548941805));
#5439=CARTESIAN_POINT('',(-40.0000000000038,-3.17162548941805,4.49341649025257));
#5440=CARTESIAN_POINT('',(-4.52277442489151,-3.17162548941805,4.49341649025257));
#5441=CARTESIAN_POINT('',(-9.99999999994318,0.,0.));
#5442=CARTESIAN_POINT('',(-4.52277442489151,-2.30560008563361,4.99341649025257));
#5443=CARTESIAN_POINT('',(-40.0000000000038,-2.30560008563361,4.99341649025257));
#5444=CARTESIAN_POINT('',(-40.0000000000038,2.30560008563361,4.99341649025257));
#5445=CARTESIAN_POINT('',(-4.52277442489151,2.30560008563361,4.99341649025257));
#5446=CARTESIAN_POINT('',(-9.99999999994318,0.,0.));
#5447=CARTESIAN_POINT('',(-4.52277442489152,3.17162548941805,4.49341649025257));
#5448=CARTESIAN_POINT('',(-40.0000000000038,3.17162548941805,4.49341649025257));
#5449=CARTESIAN_POINT('',(-40.0000000000038,5.47722557505166,0.499999999999995));
#5450=CARTESIAN_POINT('',(-4.52277442489151,5.47722557505166,0.499999999999978));
#5451=CARTESIAN_POINT('',(-9.99999999994318,0.,0.));
#5452=CARTESIAN_POINT('',(-4.52277442489151,5.47722557505166,-0.500000000000022));
#5453=CARTESIAN_POINT('',(-40.0000000000038,5.47722557505166,-0.500000000000022));
#5454=CARTESIAN_POINT('',(-40.0000000000038,3.17162548941804,-4.49341649025258));
#5455=CARTESIAN_POINT('',(-4.52277442489151,3.17162548941804,-4.49341649025258));
#5456=CARTESIAN_POINT('',(-9.99999999994318,0.,0.));
#5457=CARTESIAN_POINT('',(-4.52277442489151,2.3056000856336,-4.99341649025258));
#5458=CARTESIAN_POINT('',(-40.0000000000038,2.3056000856336,-4.99341649025258));
#5459=CARTESIAN_POINT('',(-40.0000000000038,-2.30560008563362,-4.99341649025256));
#5460=CARTESIAN_POINT('',(-4.52277442489152,-2.30560008563362,-4.99341649025256));
#5461=CARTESIAN_POINT('',(-9.99999999994318,0.,0.));
#5462=CARTESIAN_POINT('',(-4.52277442489152,-3.17162548941806,-4.49341649025256));
#5463=CARTESIAN_POINT('',(-40.0000000000038,-3.17162548941806,-4.49341649025256));
#5464=CARTESIAN_POINT('',(-40.0000000000038,-5.47722557505166,-0.499999999999993));
#5465=CARTESIAN_POINT('',(-4.52277442489151,-5.47722557505166,-0.499999999999994));
#5466=CARTESIAN_POINT('',(-9.99999999994318,0.,0.));
#5467=CARTESIAN_POINT('',(-4.52277442489152,-5.47722557505166,0.500000000000007));
#5468=CARTESIAN_POINT('',(-40.0000000000038,-5.47722557505166,0.500000000000007));
#5469=CARTESIAN_POINT('',(-40.0000000000038,0.,0.));
#5470=CARTESIAN_POINT('',(3.36659707068755E-15,0.,0.));
#5471=CARTESIAN_POINT('',(5.20417042793042E-15,-9.99999999994317,-0.499999999999988));
#5472=CARTESIAN_POINT('',(5.20417042793042E-15,-9.99999999994317,-0.499999999999988));
#5473=CARTESIAN_POINT('',(5.20417042793042E-15,-9.99999999994317,0.500000000000012));
#5474=CARTESIAN_POINT('',(0.,-9.99999999994317,-0.499999999999988));
#5475=CARTESIAN_POINT('',(1.67523646940377E-15,-13.3151890514336,-0.499999999999985));
#5476=CARTESIAN_POINT('',(6.7331941413751E-15,0.,0.));
#5477=CARTESIAN_POINT('',(2.18184737258426E-15,-11.7812919747339,-6.22458182382456));
#5478=CARTESIAN_POINT('',(-4.54660459486509E-15,-0.249999999999999,0.43301270189222));
#5479=CARTESIAN_POINT('',(-4.54660459486509E-15,-0.25,-0.433012701892219));
#5480=CARTESIAN_POINT('',(0.,-9.99999999994317,0.500000000000012));
#5481=CARTESIAN_POINT('',(3.36659707068755E-15,0.,0.));
#5482=CARTESIAN_POINT('',(5.20417042793042E-15,-4.56698729807939,-8.91025403779517));
#5483=CARTESIAN_POINT('',(5.20417042793042E-15,-4.56698729807939,-8.91025403779517));
#5484=CARTESIAN_POINT('',(5.20417042793042E-15,-5.43301270186382,-8.41025403779516));
#5485=CARTESIAN_POINT('',(0.,-4.56698729807939,-8.91025403779517));
#5486=CARTESIAN_POINT('',(1.67523646940377E-15,-6.2245818238246,-11.7812919747339));
#5487=CARTESIAN_POINT('',(6.7331941413751E-15,0.,0.));
#5488=CARTESIAN_POINT('',(2.18184737258426E-15,-0.500000000000031,-13.3151890514336));
#5489=CARTESIAN_POINT('',(-4.54660459486509E-15,-0.5,1.17145536458252E-15));
#5490=CARTESIAN_POINT('',(-4.54660459486509E-15,0.249999999999999,-0.43301270189222));
#5491=CARTESIAN_POINT('',(0.,-5.43301270186382,-8.41025403779516));
#5492=CARTESIAN_POINT('',(3.36659707068755E-15,0.,0.));
#5493=CARTESIAN_POINT('',(5.20417042793042E-15,5.43301270186378,-8.41025403779519));
#5494=CARTESIAN_POINT('',(5.20417042793042E-15,5.43301270186378,-8.41025403779519));
#5495=CARTESIAN_POINT('',(5.20417042793042E-15,4.56698729807934,-8.91025403779519));
#5496=CARTESIAN_POINT('',(0.,5.43301270186378,-8.41025403779519));
#5497=CARTESIAN_POINT('',(1.67523646940377E-15,7.09060722760899,-11.2812919747339));
#5498=CARTESIAN_POINT('',(6.7331941413751E-15,0.,0.));
#5499=CARTESIAN_POINT('',(2.18184737258426E-15,11.2812919747339,-7.09060722760905));
#5500=CARTESIAN_POINT('',(-4.54660459486509E-15,-0.250000000000001,-0.433012701892219));
#5501=CARTESIAN_POINT('',(-4.54660459486509E-15,0.5,-1.17145536458252E-15));
#5502=CARTESIAN_POINT('',(0.,4.56698729807934,-8.91025403779519));
#5503=CARTESIAN_POINT('',(3.36659707068755E-15,0.,0.));
#5504=CARTESIAN_POINT('',(5.20417042793042E-15,9.99999999994318,0.49999999999996));
#5505=CARTESIAN_POINT('',(5.20417042793042E-15,9.99999999994318,0.49999999999996));
#5506=CARTESIAN_POINT('',(5.20417042793042E-15,9.99999999994317,-0.50000000000004));
#5507=CARTESIAN_POINT('',(0.,9.99999999994318,0.49999999999996));
#5508=CARTESIAN_POINT('',(-4.54660459486509E-15,0.249999999999998,-0.43301270189222));
#5509=CARTESIAN_POINT('',(-4.54660459486509E-15,0.250000000000001,0.433012701892219));
#5510=CARTESIAN_POINT('',(0.,9.99999999994317,-0.50000000000004));
#5511=CARTESIAN_POINT('',(3.36659707068755E-15,0.,0.));
#5512=CARTESIAN_POINT('',(1.67523646940377E-15,-7.09060722760902,11.2812919747339));
#5513=CARTESIAN_POINT('',(-1.73327711090625,-7.59131387748975,12.148541332015));
#5514=CARTESIAN_POINT('',(-3.46662079473875,-8.0919629150696,13.0156909018637));
#5515=CARTESIAN_POINT('',(-5.2,-8.59258120051735,13.8827872074572));
#5516=CARTESIAN_POINT('',(-5.2,-8.59258120051735,13.8827872074572));
#5517=CARTESIAN_POINT('',(-5.19999999999999,0.,0.));
#5518=CARTESIAN_POINT('',(-5.2,-13.8827872074572,8.59258120051737));
#5519=CARTESIAN_POINT('',(2.18184737258426E-15,-11.2812919747339,7.09060722760903));
#5520=CARTESIAN_POINT('',(-1.73327711090625,-12.1485413320149,7.59131387748976));
#5521=CARTESIAN_POINT('',(-3.46662079473875,-13.0156909018637,8.09196291506962));
#5522=CARTESIAN_POINT('',(-5.2,-13.8827872074572,8.59258120051737));
#5523=CARTESIAN_POINT('',(6.7331941413751E-15,0.,0.));
#5524=CARTESIAN_POINT('',(-5.2,13.8827872074573,8.59258120051734));
#5525=CARTESIAN_POINT('',(-3.46662079473876,13.0156909018637,8.09196291506959));
#5526=CARTESIAN_POINT('',(-1.73327711090626,12.148541332015,7.59131387748973));
#5527=CARTESIAN_POINT('',(-1.12750565623145E-14,11.2812919747339,7.090607227609));
#5528=CARTESIAN_POINT('',(-5.2,13.8827872074573,8.59258120051734));
#5529=CARTESIAN_POINT('',(-5.19999999999999,0.,0.));
#5530=CARTESIAN_POINT('',(-5.2,8.59258120051735,13.8827872074572));
#5531=CARTESIAN_POINT('',(1.67523646940377E-15,7.09060722760901,11.2812919747339));
#5532=CARTESIAN_POINT('',(-1.73327711090626,7.59131387748975,12.148541332015));
#5533=CARTESIAN_POINT('',(-3.46662079473875,8.0919629150696,13.0156909018637));
#5534=CARTESIAN_POINT('',(-5.2,8.59258120051735,13.8827872074572));
#5535=CARTESIAN_POINT('',(6.7331941413751E-15,0.,0.));
#5536=CARTESIAN_POINT('',(1.67523646940377E-15,-13.3151890514336,-0.499999999999985));
#5537=CARTESIAN_POINT('',(-1.29069380488293,-14.0608966673691,-0.499999999999984));
#5538=CARTESIAN_POINT('',(-2.5814250293316,-14.8065395176404,-0.499999999999983));
#5539=CARTESIAN_POINT('',(-3.87217955525556,-15.5521420258404,-0.499999999999982));
#5540=CARTESIAN_POINT('',(-4.3147836831117,-15.8078116680856,-0.499999999999982));
#5541=CARTESIAN_POINT('',(-4.75739062433267,-16.0634764400022,-0.499999999999982));
#5542=CARTESIAN_POINT('',(-5.2,-16.3191369972503,-0.499999999999982));
#5543=CARTESIAN_POINT('',(-5.2,-16.3191369972503,-0.499999999999982));
#5544=CARTESIAN_POINT('',(-5.19999999999999,0.,0.));
#5545=CARTESIAN_POINT('',(-5.2,-14.3827872074573,-7.7265557967329));
#5546=CARTESIAN_POINT('',(2.18184737258426E-15,-11.7812919747339,-6.22458182382456));
#5547=CARTESIAN_POINT('',(-1.73327711090626,-12.648541332015,-6.72528847370529));
#5548=CARTESIAN_POINT('',(-3.46662079473875,-13.5156909018637,-7.22593751128514));
#5549=CARTESIAN_POINT('',(-5.2,-14.3827872074573,-7.7265557967329));
#5550=CARTESIAN_POINT('',(6.7331941413751E-15,0.,0.));
#5551=CARTESIAN_POINT('',(1.67523646940377E-15,-6.2245818238246,-11.7812919747339));
#5552=CARTESIAN_POINT('',(-1.73327711090625,-6.72528847370534,-12.6485413320149));
#5553=CARTESIAN_POINT('',(-3.46662079473875,-7.22593751128519,-13.5156909018637));
#5554=CARTESIAN_POINT('',(-5.2,-7.72655579673295,-14.3827872074572));
#5555=CARTESIAN_POINT('',(-5.2,-7.72655579673295,-14.3827872074572));
#5556=CARTESIAN_POINT('',(-5.19999999999999,0.,0.));
#5557=CARTESIAN_POINT('',(-5.19999999999976,-0.500000000000038,-16.3191369972501));
#5558=CARTESIAN_POINT('',(2.18184737258426E-15,-0.500000000000031,-13.3151890514336));
#5559=CARTESIAN_POINT('',(-1.73327711090618,-0.500000000000034,-14.316602351195));
#5560=CARTESIAN_POINT('',(-3.46662079473859,-0.500000000000036,-15.3179004263547));
#5561=CARTESIAN_POINT('',(-5.19999999999976,-0.500000000000038,-16.3191369972501));
#5562=CARTESIAN_POINT('',(6.7331941413751E-15,0.,0.));
#5563=CARTESIAN_POINT('',(1.67523646940377E-15,7.09060722760899,-11.2812919747339));
#5564=CARTESIAN_POINT('',(-1.73327711090625,7.59131387748972,-12.148541332015));
#5565=CARTESIAN_POINT('',(-3.46662079473875,8.09196291506957,-13.0156909018637));
#5566=CARTESIAN_POINT('',(-5.2,8.59258120051732,-13.8827872074573));
#5567=CARTESIAN_POINT('',(-5.2,8.59258120051732,-13.8827872074573));
#5568=CARTESIAN_POINT('',(-5.19999999999999,0.,0.));
#5569=CARTESIAN_POINT('',(-5.2,13.8827872074572,-8.5925812005174));
#5570=CARTESIAN_POINT('',(2.18184737258426E-15,11.2812919747339,-7.09060722760905));
#5571=CARTESIAN_POINT('',(-1.73327711090626,12.1485413320149,-7.59131387748979));
#5572=CARTESIAN_POINT('',(-3.46662079473875,13.0156909018637,-8.09196291506964));
#5573=CARTESIAN_POINT('',(-5.2,13.8827872074572,-8.5925812005174));
#5574=CARTESIAN_POINT('',(6.7331941413751E-15,0.,0.));
#5575=CARTESIAN_POINT('',(-5.2,-8.59258120051735,13.8827872074572));
#5576=CARTESIAN_POINT('',(-5.21931104705836,-8.59815843557314,13.8924472619396));
#5577=CARTESIAN_POINT('',(-5.24080523988242,-8.60215135974216,13.8993632094711));
#5578=CARTESIAN_POINT('',(-5.2627150206706,-8.60423103806914,13.9029653179969));
#5579=CARTESIAN_POINT('',(-5.284699534454,-8.60631781005864,13.9065797131065));
#5580=CARTESIAN_POINT('',(-5.30770795130504,-8.60653532392974,13.9069564581826));
#5581=CARTESIAN_POINT('',(-5.32983450750442,-8.60486553154799,13.9040642929393));
#5582=CARTESIAN_POINT('',(-5.35195847130938,-8.60319593480266,13.9011724665482));
#5583=CARTESIAN_POINT('',(-5.37381085999193,-8.59959347781163,13.8949328280077));
#5584=CARTESIAN_POINT('',(-5.39358286121552,-8.59435687692879,13.8858627692197));
#5585=CARTESIAN_POINT('',(-5.41335733919978,-8.58911962007759,13.8767915742611));
#5586=CARTESIAN_POINT('',(-5.43159608809748,-8.5821035021569,13.8646393015506));
#5587=CARTESIAN_POINT('',(-5.44679089015738,-8.57388974225032,13.8504126520712));
#5588=CARTESIAN_POINT('',(-5.46199134481655,-8.56567292675322,13.8361807101538));
#5589=CARTESIAN_POINT('',(-5.47456466174673,-8.55603113912996,13.8194806441145));
#5590=CARTESIAN_POINT('',(-5.48347192828593,-8.54576251395058,13.8016948635799));
#5591=CARTESIAN_POINT('',(-5.49238330262849,-8.53548915314406,13.7839008806986));
#5592=CARTESIAN_POINT('',(-5.49787097147312,-8.52430517083831,13.7645296551141));
#5593=CARTESIAN_POINT('',(-5.4994816277153,-8.51313617191063,13.7451843815016));
#5594=CARTESIAN_POINT('',(-5.49982698602899,-8.51074130543675,13.7410363510915));
#5595=CARTESIAN_POINT('',(-5.49999999999999,-8.50833866877282,13.7368748623175));
#5596=CARTESIAN_POINT('',(-5.49999999999999,-8.50593758495111,13.732716063145));
#5597=CARTESIAN_POINT('',(-5.49999999999999,-8.50593758495111,13.732716063145));
#5598=CARTESIAN_POINT('',(-5.49999999999999,0.,0.));
#5599=CARTESIAN_POINT('',(-5.49999999999999,-13.732716063145,8.50593758495112));
#5600=CARTESIAN_POINT('',(-5.2,-13.8827872074572,8.59258120051737));
#5601=CARTESIAN_POINT('',(-5.21931104706129,-13.8924472619411,8.598158435574));
#5602=CARTESIAN_POINT('',(-5.24080523988899,-13.8993632094732,8.60215135974338));
#5603=CARTESIAN_POINT('',(-5.26271502068069,-13.9029653179985,8.60423103807012));
#5604=CARTESIAN_POINT('',(-5.28469953446431,-13.9065797131072,8.60631781005904));
#5605=CARTESIAN_POINT('',(-5.30770795131537,-13.9069564581822,8.60653532392956));
#5606=CARTESIAN_POINT('',(-5.32983450751458,-13.904064292938,8.60486553154724));
#5607=CARTESIAN_POINT('',(-5.35195847131936,-13.9011724665459,8.60319593480134));
#5608=CARTESIAN_POINT('',(-5.37381086000154,-13.8949328280044,8.59959347780975));
#5609=CARTESIAN_POINT('',(-5.3935828612246,-13.8858627692155,8.5943568769264));
#5610=CARTESIAN_POINT('',(-5.41335733920832,-13.876791574256,8.58911962007469));
#5611=CARTESIAN_POINT('',(-5.4315960881053,-13.8646393015447,8.58210350215353));
#5612=CARTESIAN_POINT('',(-5.44679089016436,-13.8504126520646,8.57388974224656));
#5613=CARTESIAN_POINT('',(-5.46199134482268,-13.8361807101466,8.56567292674907));
#5614=CARTESIAN_POINT('',(-5.47456466175187,-13.8194806441067,8.55603113912549));
#5615=CARTESIAN_POINT('',(-5.48347192829002,-13.8016948635718,8.54576251394588));
#5616=CARTESIAN_POINT('',(-5.49238330263153,-13.78390088069,8.53548915313913));
#5617=CARTESIAN_POINT('',(-5.49787097147501,-13.7645296551052,8.52430517083324));
#5618=CARTESIAN_POINT('',(-5.49948162771604,-13.7451843814927,8.51313617190552));
#5619=CARTESIAN_POINT('',(-5.49982698602924,-13.7410363510856,8.51074130543334));
#5620=CARTESIAN_POINT('',(-5.49999999999999,-13.7368748623145,8.50833866877112));
#5621=CARTESIAN_POINT('',(-5.49999999999999,-13.732716063145,8.50593758495112));
#5622=CARTESIAN_POINT('',(-5.29999999999999,0.,0.));
#5623=CARTESIAN_POINT('',(-5.49999999999999,13.732716063145,8.50593758495109));
#5624=CARTESIAN_POINT('',(-5.49999999999999,13.7480051447502,8.51476474033148));
#5625=CARTESIAN_POINT('',(-5.49762366797719,13.7634262447912,8.52366811659134));
#5626=CARTESIAN_POINT('',(-5.49299389927825,13.7781802255311,8.53218633134317));
#5627=CARTESIAN_POINT('',(-5.48711810161085,13.7969050066711,8.54299708877488));
#5628=CARTESIAN_POINT('',(-5.47742789588256,13.8150096105623,8.55344978670502));
#5629=CARTESIAN_POINT('',(-5.46472490937426,13.8309935643204,8.56267812670996));
#5630=CARTESIAN_POINT('',(-5.45202494102184,13.8469737203838,8.57190427411487));
#5631=CARTESIAN_POINT('',(-5.43596300300625,13.8612751834878,8.58016122768774));
#5632=CARTESIAN_POINT('',(-5.41786912677345,13.8727115735249,8.58676403055421));
#5633=CARTESIAN_POINT('',(-5.39978307855389,13.8841430157989,8.59336397682834));
#5634=CARTESIAN_POINT('',(-5.37916764811108,13.893027272569,8.59849330486611));
#5635=CARTESIAN_POINT('',(-5.35773090680582,13.898626943923,8.60172627662972));
#5636=CARTESIAN_POINT('',(-5.33630358066473,13.9042241558629,8.60495782844992));
#5637=CARTESIAN_POINT('',(-5.31346446656231,13.9066940801105,8.60638383987914));
#5638=CARTESIAN_POINT('',(-5.2911057888764,13.9058317230088,8.60588595777436));
#5639=CARTESIAN_POINT('',(-5.26875288692218,13.9049695886727,8.60538820428332));
#5640=CARTESIAN_POINT('',(-5.24626369370381,13.9007531813686,8.60295386039132));
#5641=CARTESIAN_POINT('',(-5.22550025737488,13.8935322237586,8.59878483857137));
#5642=CARTESIAN_POINT('',(-5.21672829414591,13.8904815738744,8.59702354503951));
#5643=CARTESIAN_POINT('',(-5.20818542880279,13.8868818424068,8.59494523910766));
#5644=CARTESIAN_POINT('',(-5.2,13.8827872074573,8.59258120051734));
#5645=CARTESIAN_POINT('',(-5.49999999999999,13.732716063145,8.50593758495109));
#5646=CARTESIAN_POINT('',(-5.49999999999999,0.,0.));
#5647=CARTESIAN_POINT('',(-5.49999999999999,8.5059375849511,13.732716063145));
#5648=CARTESIAN_POINT('',(-5.2,8.59258120051735,13.8827872074572));
#5649=CARTESIAN_POINT('',(-5.21931104705862,8.59815843557321,13.8924472619398));
#5650=CARTESIAN_POINT('',(-5.240805239883,8.60215135974226,13.8993632094713));
#5651=CARTESIAN_POINT('',(-5.26271502067147,8.60423103806922,13.902965317997));
#5652=CARTESIAN_POINT('',(-5.2846995344549,8.60631781005867,13.9065797131065));
#5653=CARTESIAN_POINT('',(-5.30770795130594,8.60653532392972,13.9069564581826));
#5654=CARTESIAN_POINT('',(-5.32983450750531,8.60486553154792,13.9040642929392));
#5655=CARTESIAN_POINT('',(-5.35195847131024,8.60319593480254,13.901172466548));
#5656=CARTESIAN_POINT('',(-5.37381085999276,8.59959347781147,13.8949328280074));
#5657=CARTESIAN_POINT('',(-5.39358286121631,8.59435687692857,13.8858627692193));
#5658=CARTESIAN_POINT('',(-5.41335733920052,8.58911962007733,13.8767915742606));
#5659=CARTESIAN_POINT('',(-5.43159608809816,8.5821035021566,13.8646393015501));
#5660=CARTESIAN_POINT('',(-5.44679089015799,8.57388974224999,13.8504126520706));
#5661=CARTESIAN_POINT('',(-5.46199134481708,8.56567292675285,13.8361807101532));
#5662=CARTESIAN_POINT('',(-5.47456466174718,8.55603113912957,13.8194806441138));
#5663=CARTESIAN_POINT('',(-5.48347192828628,8.54576251395017,13.8016948635792));
#5664=CARTESIAN_POINT('',(-5.49238330262876,8.53548915314363,13.7839008806978));
#5665=CARTESIAN_POINT('',(-5.49787097147329,8.52430517083786,13.7645296551133));
#5666=CARTESIAN_POINT('',(-5.49948162771536,8.51313617191018,13.7451843815009));
#5667=CARTESIAN_POINT('',(-5.49982698602901,8.51074130543645,13.741036351091));
#5668=CARTESIAN_POINT('',(-5.49999999999999,8.50833866877267,13.7368748623172));
#5669=CARTESIAN_POINT('',(-5.49999999999999,8.5059375849511,13.732716063145));
#5670=CARTESIAN_POINT('',(-5.29999999999999,0.,0.));
#5671=CARTESIAN_POINT('',(-5.2,-16.3191369972503,-0.499999999999982));
#5672=CARTESIAN_POINT('',(-5.20154497559708,-16.3200294079035,-0.499999999999982));
#5673=CARTESIAN_POINT('',(-5.2031020348605,-16.3209012182746,-0.499999999999982));
#5674=CARTESIAN_POINT('',(-5.20467034161112,-16.3217519593078,-0.499999999999982));
#5675=CARTESIAN_POINT('',(-5.2243481268992,-16.3324263375065,-0.499999999999982));
#5676=CARTESIAN_POINT('',(-5.24614102851275,-16.3398497343583,-0.499999999999982));
#5677=CARTESIAN_POINT('',(-5.26824330843357,-16.3434059691755,-0.499999999999982));
#5678=CARTESIAN_POINT('',(-5.29033702997551,-16.3469608269581,-0.499999999999982));
#5679=CARTESIAN_POINT('',(-5.31334937192852,-16.3467496003057,-0.499999999999982));
#5680=CARTESIAN_POINT('',(-5.33537412300553,-16.3427898167986,-0.499999999999982));
#5681=CARTESIAN_POINT('',(-5.35739556038974,-16.3388306290533,-0.499999999999982));
#5682=CARTESIAN_POINT('',(-5.37903695759692,-16.331014941863,-0.499999999999982));
#5683=CARTESIAN_POINT('',(-5.3985071087923,-16.3199907827342,-0.499999999999982));
#5684=CARTESIAN_POINT('',(-5.41068054827031,-16.3130980815629,-0.499999999999982));
#5685=CARTESIAN_POINT('',(-5.4221891536367,-16.3048762597155,-0.499999999999982));
#5686=CARTESIAN_POINT('',(-5.43265620321988,-16.2955949434734,-0.499999999999982));
#5687=CARTESIAN_POINT('',(-5.44941314254338,-16.2807362718033,-0.499999999999982));
#5688=CARTESIAN_POINT('',(-5.46383485646714,-16.2627786342164,-0.499999999999982));
#5689=CARTESIAN_POINT('',(-5.47472811848212,-16.2432104973106,-0.499999999999982));
#5690=CARTESIAN_POINT('',(-5.48562124279577,-16.2236426077649,-0.499999999999982));
#5691=CARTESIAN_POINT('',(-5.4932865834919,-16.2019246995782,-0.499999999999982));
#5692=CARTESIAN_POINT('',(-5.49709078780659,-16.1798545729787,-0.499999999999982));
#5693=CARTESIAN_POINT('',(-5.49902321864764,-16.1686435575394,-0.499999999999982));
#5694=CARTESIAN_POINT('',(-5.49999999999999,-16.1572261080666,-0.499999999999983));
#5695=CARTESIAN_POINT('',(-5.49999999999999,-16.1458497661178,-0.499999999999983));
#5696=CARTESIAN_POINT('',(-5.49999999999999,-16.1458497661178,-0.499999999999983));
#5697=CARTESIAN_POINT('',(-5.49999999999999,0.,0.));
#5698=CARTESIAN_POINT('',(-5.49999999999999,-14.232716063145,-7.63991218116665));
#5699=CARTESIAN_POINT('',(-5.2,-14.3827872074573,-7.7265557967329));
#5700=CARTESIAN_POINT('',(-5.21931104705836,-14.3924472619396,-7.73213303178868));
#5701=CARTESIAN_POINT('',(-5.24080523988241,-14.3993632094711,-7.7361259559577));
#5702=CARTESIAN_POINT('',(-5.26271502067057,-14.4029653179969,-7.73820563428468));
#5703=CARTESIAN_POINT('',(-5.28469953445397,-14.4065797131065,-7.74029240627418));
#5704=CARTESIAN_POINT('',(-5.30770795130501,-14.4069564581826,-7.74050992014529));
#5705=CARTESIAN_POINT('',(-5.32983450750439,-14.4040642929393,-7.73884012776353));
#5706=CARTESIAN_POINT('',(-5.35195847130935,-14.4011724665483,-7.73717053101821));
#5707=CARTESIAN_POINT('',(-5.3738108599919,-14.3949328280077,-7.73356807402718));
#5708=CARTESIAN_POINT('',(-5.3935828612155,-14.3858627692197,-7.72833147314434));
#5709=CARTESIAN_POINT('',(-5.41335733919976,-14.3767915742611,-7.72309421629314));
#5710=CARTESIAN_POINT('',(-5.43159608809746,-14.3646393015506,-7.71607809837245));
#5711=CARTESIAN_POINT('',(-5.44679089015737,-14.3504126520712,-7.70786433846587));
#5712=CARTESIAN_POINT('',(-5.46199134481653,-14.3361807101538,-7.69964752296877));
#5713=CARTESIAN_POINT('',(-5.47456466174671,-14.3194806441145,-7.69000573534552));
#5714=CARTESIAN_POINT('',(-5.48347192828592,-14.30169486358,-7.67973711016614));
#5715=CARTESIAN_POINT('',(-5.49238330262849,-14.2839008806986,-7.66946374935962));
#5716=CARTESIAN_POINT('',(-5.49787097147312,-14.2645296551141,-7.65827976705387));
#5717=CARTESIAN_POINT('',(-5.4994816277153,-14.2451843815017,-7.64711076812619));
#5718=CARTESIAN_POINT('',(-5.49982698602899,-14.2410363510916,-7.6447159016523));
#5719=CARTESIAN_POINT('',(-5.49999999999999,-14.2368748623175,-7.64231326498837));
#5720=CARTESIAN_POINT('',(-5.49999999999999,-14.232716063145,-7.63991218116665));
#5721=CARTESIAN_POINT('',(-5.29999999999999,0.,0.));
#5722=CARTESIAN_POINT('',(-5.2,-7.72655579673295,-14.3827872074572));
#5723=CARTESIAN_POINT('',(-5.21931104705838,-7.73213303178874,-14.3924472619396));
#5724=CARTESIAN_POINT('',(-5.24080523988246,-7.73612595595776,-14.3993632094711));
#5725=CARTESIAN_POINT('',(-5.26271502067065,-7.73820563428474,-14.4029653179969));
#5726=CARTESIAN_POINT('',(-5.28469953445406,-7.74029240627423,-14.4065797131065));
#5727=CARTESIAN_POINT('',(-5.3077079513051,-7.74050992014534,-14.4069564581826));
#5728=CARTESIAN_POINT('',(-5.32983450750448,-7.73884012776358,-14.4040642929393));
#5729=CARTESIAN_POINT('',(-5.35195847130943,-7.73717053101825,-14.4011724665482));
#5730=CARTESIAN_POINT('',(-5.37381085999198,-7.73356807402722,-14.3949328280077));
#5731=CARTESIAN_POINT('',(-5.39358286121558,-7.72833147314437,-14.3858627692196));
#5732=CARTESIAN_POINT('',(-5.41335733919983,-7.72309421629316,-14.376791574261));
#5733=CARTESIAN_POINT('',(-5.43159608809753,-7.71607809837248,-14.3646393015505));
#5734=CARTESIAN_POINT('',(-5.44679089015743,-7.70786433846589,-14.3504126520711));
#5735=CARTESIAN_POINT('',(-5.46199134481658,-7.69964752296879,-14.3361807101537));
#5736=CARTESIAN_POINT('',(-5.47456466174676,-7.69000573534553,-14.3194806441145));
#5737=CARTESIAN_POINT('',(-5.48347192828595,-7.67973711016614,-14.3016948635799));
#5738=CARTESIAN_POINT('',(-5.49238330262851,-7.66946374935963,-14.2839008806985));
#5739=CARTESIAN_POINT('',(-5.49787097147313,-7.65827976705388,-14.264529655114));
#5740=CARTESIAN_POINT('',(-5.4994816277153,-7.64711076812619,-14.2451843815016));
#5741=CARTESIAN_POINT('',(-5.49982698602899,-7.64471590165233,-14.2410363510915));
#5742=CARTESIAN_POINT('',(-5.49999999999999,-7.64231326498841,-14.2368748623174));
#5743=CARTESIAN_POINT('',(-5.49999999999999,-7.6399121811667,-14.232716063145));
#5744=CARTESIAN_POINT('',(-5.49999999999999,-7.6399121811667,-14.232716063145));
#5745=CARTESIAN_POINT('',(-5.49999999999999,0.,0.));
#5746=CARTESIAN_POINT('',(-5.49999999999999,-0.500000000000038,-16.1458497661178));
#5747=CARTESIAN_POINT('',(-5.19999999999976,-0.500000000000038,-16.3191369972501));
#5748=CARTESIAN_POINT('',(-5.20032806619125,-0.500000000000038,-16.3193264952363));
#5749=CARTESIAN_POINT('',(-5.20065667222909,-0.500000000000038,-16.3195150616783));
#5750=CARTESIAN_POINT('',(-5.20098581015557,-0.500000000000038,-16.3197026920013));
#5751=CARTESIAN_POINT('',(-5.22043474073674,-0.500000000000038,-16.3307898649861));
#5752=CARTESIAN_POINT('',(-5.24206693476769,-0.500000000000038,-16.3386712713327));
#5753=CARTESIAN_POINT('',(-5.26408997501136,-0.500000000000038,-16.3426927143538));
#5754=CARTESIAN_POINT('',(-5.28610426528741,-0.500000000000038,-16.3467125596166));
#5755=CARTESIAN_POINT('',(-5.30911639791356,-0.500000000000038,-16.346986415511));
#5756=CARTESIAN_POINT('',(-5.33122011013426,-0.500000000000038,-16.3434915566641));
#5757=CARTESIAN_POINT('',(-5.35332010069607,-0.500000000000038,-16.3399972862556));
#5758=CARTESIAN_POINT('',(-5.37512140881411,-0.500000000000038,-16.3326393131649));
#5759=CARTESIAN_POINT('',(-5.39481948574887,-0.500000000000038,-16.3220277499627));
#5760=CARTESIAN_POINT('',(-5.40713522867336,-0.500000000000038,-16.3153931284787));
#5761=CARTESIAN_POINT('',(-5.4188142893432,-0.500000000000038,-16.3074156837143));
#5762=CARTESIAN_POINT('',(-5.42947434356012,-0.500000000000038,-16.2983570430817));
#5763=CARTESIAN_POINT('',(-5.44654008378605,-0.500000000000038,-16.2838550147909));
#5764=CARTESIAN_POINT('',(-5.46133644302512,-0.500000000000038,-16.2662055931248));
#5765=CARTESIAN_POINT('',(-5.47263914496826,-0.500000000000038,-16.2468717563925));
#5766=CARTESIAN_POINT('',(-5.48394170153333,-0.500000000000038,-16.2275381683366));
#5767=CARTESIAN_POINT('',(-5.49206255946385,-0.500000000000038,-16.2059871217903));
#5768=CARTESIAN_POINT('',(-5.49633071824503,-0.500000000000038,-16.1840026219634));
#5769=CARTESIAN_POINT('',(-5.49876569481952,-0.500000000000038,-16.1714605060711));
#5770=CARTESIAN_POINT('',(-5.49999999999999,-0.500000000000038,-16.1586260637808));
#5771=CARTESIAN_POINT('',(-5.49999999999999,-0.500000000000038,-16.1458497661178));
#5772=CARTESIAN_POINT('',(-5.29999999999999,0.,0.));
#5773=CARTESIAN_POINT('',(-5.2,8.59258120051732,-13.8827872074573));
#5774=CARTESIAN_POINT('',(-5.21931104706097,8.59815843557386,-13.8924472619409));
#5775=CARTESIAN_POINT('',(-5.24080523988827,8.6021513597432,-13.899363209473));
#5776=CARTESIAN_POINT('',(-5.26271502067959,8.60423103806996,-13.9029653179984));
#5777=CARTESIAN_POINT('',(-5.28469953446318,8.60631781005895,-13.9065797131071));
#5778=CARTESIAN_POINT('',(-5.30770795131424,8.60653532392954,-13.9069564581823));
#5779=CARTESIAN_POINT('',(-5.32983450751347,8.60486553154727,-13.9040642929381));
#5780=CARTESIAN_POINT('',(-5.35195847131827,8.60319593480144,-13.9011724665462));
#5781=CARTESIAN_POINT('',(-5.37381086000049,8.59959347780992,-13.8949328280048));
#5782=CARTESIAN_POINT('',(-5.39358286122361,8.59435687692662,-13.885862769216));
#5783=CARTESIAN_POINT('',(-5.41335733920739,8.58911962007496,-13.8767915742566));
#5784=CARTESIAN_POINT('',(-5.43159608810445,8.58210350215386,-13.8646393015454));
#5785=CARTESIAN_POINT('',(-5.4467908901636,8.57388974224693,-13.8504126520654));
#5786=CARTESIAN_POINT('',(-5.46199134482201,8.56567292674948,-13.8361807101474));
#5787=CARTESIAN_POINT('',(-5.47456466175131,8.55603113912593,-13.8194806441076));
#5788=CARTESIAN_POINT('',(-5.48347192828957,8.54576251394635,-13.8016948635727));
#5789=CARTESIAN_POINT('',(-5.4923833026312,8.53548915313963,-13.783900880691));
#5790=CARTESIAN_POINT('',(-5.4978709714748,8.52430517083375,-13.7645296551062));
#5791=CARTESIAN_POINT('',(-5.49948162771596,8.51313617190603,-13.7451843814937));
#5792=CARTESIAN_POINT('',(-5.49982698602921,8.51074130543367,-13.7410363510863));
#5793=CARTESIAN_POINT('',(-5.49999999999999,8.50833866877126,-13.7368748623149));
#5794=CARTESIAN_POINT('',(-5.49999999999999,8.50593758495107,-13.7327160631451));
#5795=CARTESIAN_POINT('',(-5.49999999999999,8.50593758495107,-13.7327160631451));
#5796=CARTESIAN_POINT('',(-5.49999999999999,0.,0.));
#5797=CARTESIAN_POINT('',(-5.49999999999999,13.732716063145,-8.50593758495115));
#5798=CARTESIAN_POINT('',(-5.2,13.8827872074572,-8.5925812005174));
#5799=CARTESIAN_POINT('',(-5.21931104705959,13.8924472619402,-8.59815843557354));
#5800=CARTESIAN_POINT('',(-5.24080523988518,13.899363209472,-8.60215135974271));
#5801=CARTESIAN_POINT('',(-5.26271502067483,13.9029653179975,-8.60423103806959));
#5802=CARTESIAN_POINT('',(-5.28469953445832,13.9065797131067,-8.60631781005885));
#5803=CARTESIAN_POINT('',(-5.30770795130937,13.9069564581824,-8.60653532392971));
#5804=CARTESIAN_POINT('',(-5.32983450750868,13.9040642929387,-8.60486553154771));
#5805=CARTESIAN_POINT('',(-5.35195847131356,13.9011724665472,-8.60319593480214));
#5806=CARTESIAN_POINT('',(-5.37381085999596,13.8949328280063,-8.59959347781089));
#5807=CARTESIAN_POINT('',(-5.39358286121933,13.8858627692179,-8.59435687692783));
#5808=CARTESIAN_POINT('',(-5.41335733920336,13.8767915742589,-8.58911962007641));
#5809=CARTESIAN_POINT('',(-5.43159608810076,13.8646393015481,-8.58210350215553));
#5810=CARTESIAN_POINT('',(-5.44679089016031,13.8504126520684,-8.57388974224878));
#5811=CARTESIAN_POINT('',(-5.46199134481912,13.8361807101507,-8.56567292675152));
#5812=CARTESIAN_POINT('',(-5.47456466174889,13.8194806441112,-8.55603113912813));
#5813=CARTESIAN_POINT('',(-5.48347192828764,13.8016948635765,-8.54576251394865));
#5814=CARTESIAN_POINT('',(-5.49238330262977,13.783900880695,-8.53548915314204));
#5815=CARTESIAN_POINT('',(-5.49787097147391,13.7645296551103,-8.52430517083623));
#5816=CARTESIAN_POINT('',(-5.49948162771561,13.7451843814979,-8.51313617190853));
#5817=CARTESIAN_POINT('',(-5.4998269860291,13.741036351089,-8.51074130543536));
#5818=CARTESIAN_POINT('',(-5.49999999999999,13.7368748623162,-8.50833866877215));
#5819=CARTESIAN_POINT('',(-5.49999999999999,13.732716063145,-8.50593758495115));
#5820=CARTESIAN_POINT('',(-5.29999999999999,0.,0.));
#5821=CARTESIAN_POINT('',(-5.49999999999999,-7.42772228311384,11.8651923788647));
#5822=CARTESIAN_POINT('',(-5.49999999999999,-7.72873062407096,12.3865541189044));
#5823=CARTESIAN_POINT('',(-5.49999999999999,0.,0.));
#5824=CARTESIAN_POINT('',(-5.49999999999999,-12.3865541189044,7.72873062407097));
#5825=CARTESIAN_POINT('',(-5.49999999999999,-6.74470958122163,4.47141016151379));
#5826=CARTESIAN_POINT('',(-5.49999999999999,0.,16.1535898384862));
#5827=CARTESIAN_POINT('',(-5.49999999999999,6.74470958122161,4.47141016151375));
#5828=CARTESIAN_POINT('',(-5.49999999999999,12.3865541189044,7.72873062407094));
#5829=CARTESIAN_POINT('',(-5.49999999999999,0.,0.));
#5830=CARTESIAN_POINT('',(-5.49999999999999,7.72873062407096,12.3865541189044));
#5831=CARTESIAN_POINT('',(-5.49999999999999,7.42772228311384,11.8651923788647));
#5832=CARTESIAN_POINT('',(-5.49999999999999,0.,16.1535898384862));
#5833=CARTESIAN_POINT('',(-5.49999999999999,-1.75647389372834E-14,-0.5));
#5834=CARTESIAN_POINT('',(-5.49999999999999,-14.5914358443575,-0.499999999999983));
#5835=CARTESIAN_POINT('',(-5.49999999999999,0.,0.));
#5836=CARTESIAN_POINT('',(-5.49999999999999,-12.8865541189044,-6.8627052202865));
#5837=CARTESIAN_POINT('',(-5.49999999999999,6.74470958122161,4.47141016151375));
#5838=CARTESIAN_POINT('',(-5.49999999999999,0.,16.1535898384862));
#5839=CARTESIAN_POINT('',(-5.49999999999999,7.42772228311385,11.8651923788646));
#5840=CARTESIAN_POINT('',(-5.49999999999999,-6.86270522028655,-12.8865541189044));
#5841=CARTESIAN_POINT('',(-5.49999999999999,0.,0.));
#5842=CARTESIAN_POINT('',(-5.49999999999999,-0.500000000000034,-14.5914358443575));
#5843=CARTESIAN_POINT('',(-5.49999999999999,-0.499999999999962,16.1535898384862));
#5844=CARTESIAN_POINT('',(-5.49999999999999,0.,16.1535898384862));
#5845=CARTESIAN_POINT('',(-5.49999999999999,-6.56169687932938,12.3651923788647));
#5846=CARTESIAN_POINT('',(-5.49999999999999,7.72873062407093,-12.3865541189044));
#5847=CARTESIAN_POINT('',(-5.49999999999999,0.,0.));
#5848=CARTESIAN_POINT('',(-5.49999999999999,12.3865541189044,-7.728730624071));
#5849=CARTESIAN_POINT('',(-5.49999999999999,-7.24470958122165,3.60538475772938));
#5850=CARTESIAN_POINT('',(-5.49999999999999,0.,16.1535898384862));
#5851=CARTESIAN_POINT('',(1.54074395550979E-33,-7.72873062407096,12.3865541189044));
#5852=CARTESIAN_POINT('',(-9.1,-7.72873062407096,12.3865541189044));
#5853=CARTESIAN_POINT('',(-9.1,0.,0.));
#5854=CARTESIAN_POINT('',(-9.1,-12.3865541189044,7.72873062407097));
#5855=CARTESIAN_POINT('',(0.,-12.3865541189044,7.72873062407097));
#5856=CARTESIAN_POINT('',(0.,0.,0.));
#5857=CARTESIAN_POINT('',(0.,12.3865541189044,7.72873062407094));
#5858=CARTESIAN_POINT('',(-9.1,12.3865541189044,7.72873062407095));
#5859=CARTESIAN_POINT('',(-9.1,0.,0.));
#5860=CARTESIAN_POINT('',(-9.1,7.72873062407096,12.3865541189044));
#5861=CARTESIAN_POINT('',(-1.54074395550979E-33,7.72873062407096,12.3865541189044));
#5862=CARTESIAN_POINT('',(0.,0.,0.));
#5863=CARTESIAN_POINT('',(1.54074395550979E-33,-14.5914358443575,-0.499999999999983));
#5864=CARTESIAN_POINT('',(-9.1,-14.5914358443575,-0.499999999999983));
#5865=CARTESIAN_POINT('',(-9.1,0.,0.));
#5866=CARTESIAN_POINT('',(-9.1,-12.8865541189044,-6.86270522028651));
#5867=CARTESIAN_POINT('',(0.,-12.8865541189044,-6.8627052202865));
#5868=CARTESIAN_POINT('',(0.,0.,0.));
#5869=CARTESIAN_POINT('',(1.54074395550979E-33,-6.86270522028655,-12.8865541189044));
#5870=CARTESIAN_POINT('',(-9.1,-6.86270522028655,-12.8865541189044));
#5871=CARTESIAN_POINT('',(-9.1,0.,0.));
#5872=CARTESIAN_POINT('',(-9.1,-0.500000000000034,-14.5914358443575));
#5873=CARTESIAN_POINT('',(0.,-0.500000000000034,-14.5914358443575));
#5874=CARTESIAN_POINT('',(0.,0.,0.));
#5875=CARTESIAN_POINT('',(1.54074395550979E-33,7.72873062407093,-12.3865541189044));
#5876=CARTESIAN_POINT('',(-9.1,7.72873062407093,-12.3865541189044));
#5877=CARTESIAN_POINT('',(-9.1,0.,0.));
#5878=CARTESIAN_POINT('',(-9.1,12.3865541189044,-7.728730624071));
#5879=CARTESIAN_POINT('',(0.,12.3865541189044,-7.728730624071));
#5880=CARTESIAN_POINT('',(0.,0.,0.));
#5881=CARTESIAN_POINT('',(-9.1,-6.75499814951863,10.7));
#5882=CARTESIAN_POINT('',(-9.1,-8.56429627306168,13.8337962760156));
#5883=CARTESIAN_POINT('',(-9.1,0.,0.));
#5884=CARTESIAN_POINT('',(-9.1,-13.8337962760156,8.56429627306169));
#5885=CARTESIAN_POINT('',(-9.1,-6.07198544762642,4.08301270189223));
#5886=CARTESIAN_POINT('',(-9.1,0.,14.6));
#5887=CARTESIAN_POINT('',(-9.1,6.0719854476264,4.0830127018922));
#5888=CARTESIAN_POINT('',(-9.1,13.8337962760156,8.56429627306166));
#5889=CARTESIAN_POINT('',(-9.1,0.,0.));
#5890=CARTESIAN_POINT('',(-9.1,8.56429627306167,13.8337962760156));
#5891=CARTESIAN_POINT('',(-9.1,6.75499814951863,10.7));
#5892=CARTESIAN_POINT('',(-9.1,0.,14.6));
#5893=CARTESIAN_POINT('',(-9.1,-1.59261492882479E-14,-0.499999999999999));
#5894=CARTESIAN_POINT('',(-9.09999999997859,-16.262567142342,-0.499999999999982));
#5895=CARTESIAN_POINT('',(-9.1,0.,0.));
#5896=CARTESIAN_POINT('',(-9.1,-14.3337962760156,-7.69827086927722));
#5897=CARTESIAN_POINT('',(-9.1,6.0719854476264,4.0830127018922));
#5898=CARTESIAN_POINT('',(-9.1,0.,14.6));
#5899=CARTESIAN_POINT('',(-9.1,6.75499814951864,10.7));
#5900=CARTESIAN_POINT('',(-9.1,-7.69827086927727,-14.3337962760156));
#5901=CARTESIAN_POINT('',(-9.1,0.,0.));
#5902=CARTESIAN_POINT('',(-9.09999999996245,-0.500000000000038,-16.2625671423447));
#5903=CARTESIAN_POINT('',(-9.1,-0.499999999999966,14.6));
#5904=CARTESIAN_POINT('',(-9.1,0.,14.6));
#5905=CARTESIAN_POINT('',(-9.1,-5.88897274573417,11.2));
#5906=CARTESIAN_POINT('',(-9.1,8.56429627306164,-13.8337962760156));
#5907=CARTESIAN_POINT('',(-9.1,0.,0.));
#5908=CARTESIAN_POINT('',(-9.1,13.8337962760156,-8.56429627306172));
#5909=CARTESIAN_POINT('',(-9.1,-6.57198544762643,3.21698729810783));
#5910=CARTESIAN_POINT('',(-9.1,0.,14.6));
#5911=CARTESIAN_POINT('',(-9.1,-8.56429627306168,13.8337962760156));
#5912=CARTESIAN_POINT('',(-9.1,-8.57467198331981,13.8517675333473));
#5913=CARTESIAN_POINT('',(-9.10330503982447,-8.5851708470492,13.8699520987484));
#5914=CARTESIAN_POINT('',(-9.10968008736142,-8.59504480550497,13.8870542964656));
#5915=CARTESIAN_POINT('',(-9.11656314212703,-8.60570558825372,13.9055193138349));
#5916=CARTESIAN_POINT('',(-9.12722281512523,-8.61591927958573,13.9232099461547));
#5917=CARTESIAN_POINT('',(-9.14077713866049,-8.62483928395333,13.9386598469232));
#5918=CARTESIAN_POINT('',(-9.15432780541154,-8.63375688181714,13.9541055795047));
#5919=CARTESIAN_POINT('',(-9.17114565410737,-8.64162755778205,13.9677379901659));
#5920=CARTESIAN_POINT('',(-9.18983790543511,-8.64779834615026,13.9784261091424));
#5921=CARTESIAN_POINT('',(-9.20852194380591,-8.65396642321215,13.9891095319986));
#5922=CARTESIAN_POINT('',(-9.22959441633042,-8.65860628691602,13.9971460116739));
#5923=CARTESIAN_POINT('',(-9.25130934037813,-8.66133282602308,14.0018685159361));
#5924=CARTESIAN_POINT('',(-9.27301518271722,-8.66405822482528,14.0065890451324));
#5925=CARTESIAN_POINT('',(-9.29596178417621,-8.66494708680769,14.0081285992469));
#5926=CARTESIAN_POINT('',(-9.31824813482808,-8.66392564655054,14.0063594128246));
#5927=CARTESIAN_POINT('',(-9.32145165142111,-8.66377882121948,14.0061051038914));
#5928=CARTESIAN_POINT('',(-9.32464900856844,-8.66359326741646,14.005783715277));
#5929=CARTESIAN_POINT('',(-9.32783462019201,-8.66336930991104,14.0053958094989));
#5930=CARTESIAN_POINT('',(-9.32783462019201,-8.66336930991104,14.0053958094989));
#5931=CARTESIAN_POINT('',(-9.32783462019201,0.,0.));
#5932=CARTESIAN_POINT('',(-9.32783462019201,-14.0053958094988,8.66336930991106));
#5933=CARTESIAN_POINT('',(-9.1,-13.8337962760156,8.56429627306169));
#5934=CARTESIAN_POINT('',(-9.1,-13.8517675333473,8.57467198331983));
#5935=CARTESIAN_POINT('',(-9.10330503982447,-13.8699520987483,8.58517084704921));
#5936=CARTESIAN_POINT('',(-9.10968008736142,-13.8870542964656,8.59504480550498));
#5937=CARTESIAN_POINT('',(-9.11656314212703,-13.9055193138349,8.60570558825373));
#5938=CARTESIAN_POINT('',(-9.12722281512523,-13.9232099461547,8.61591927958574));
#5939=CARTESIAN_POINT('',(-9.14077713866049,-13.9386598469231,8.62483928395335));
#5940=CARTESIAN_POINT('',(-9.15432780541154,-13.9541055795047,8.63375688181715));
#5941=CARTESIAN_POINT('',(-9.17114565410737,-13.9677379901659,8.64162755778206));
#5942=CARTESIAN_POINT('',(-9.18983790543511,-13.9784261091424,8.64779834615027));
#5943=CARTESIAN_POINT('',(-9.20852194380591,-13.9891095319986,8.65396642321217));
#5944=CARTESIAN_POINT('',(-9.22959441633042,-13.9971460116738,8.65860628691603));
#5945=CARTESIAN_POINT('',(-9.25130934037812,-14.0018685159361,8.6613328260231));
#5946=CARTESIAN_POINT('',(-9.27301518271722,-14.0065890451324,8.6640582248253));
#5947=CARTESIAN_POINT('',(-9.29596178417621,-14.0081285992469,8.66494708680771));
#5948=CARTESIAN_POINT('',(-9.31824813482808,-14.0063594128246,8.66392564655056));
#5949=CARTESIAN_POINT('',(-9.32145165142111,-14.0061051038913,8.6637788212195));
#5950=CARTESIAN_POINT('',(-9.32464900856844,-14.005783715277,8.66359326741648));
#5951=CARTESIAN_POINT('',(-9.32783462019201,-14.0053958094988,8.66336930991106));
#5952=CARTESIAN_POINT('',(-9.3,0.,0.));
#5953=CARTESIAN_POINT('',(-9.32783462019201,14.0053958094989,8.66336930991102));
#5954=CARTESIAN_POINT('',(-9.30574276971626,14.0080858914868,8.66492242947091));
#5955=CARTESIAN_POINT('',(-9.28281336701382,14.0075198504349,8.66459562551722));
#5956=CARTESIAN_POINT('',(-9.26093431463002,14.0037443724156,8.66241585226645));
#5957=CARTESIAN_POINT('',(-9.23899024890064,13.999957675608,8.66022960184523));
#5958=CARTESIAN_POINT('',(-9.21749865733341,13.9928376984864,8.65611888113746));
#5959=CARTESIAN_POINT('',(-9.19823838719359,13.9829747839136,8.65042452475388));
#5960=CARTESIAN_POINT('',(-9.17897564646132,13.9731106041851,8.64472943793226));
#5961=CARTESIAN_POINT('',(-9.16141372029822,13.9602309794233,8.63729338310896));
#5962=CARTESIAN_POINT('',(-9.14700470168457,13.9454027271982,8.62873228769522));
#5963=CARTESIAN_POINT('',(-9.13259006337161,13.9305686917675,8.62016785334612));
#5964=CARTESIAN_POINT('',(-9.12093337388138,13.9133756935288,8.61024147118484));
#5965=CARTESIAN_POINT('',(-9.11299776722073,13.8952468610891,8.5997747848957));
#5966=CARTESIAN_POINT('',(-9.10505857927602,13.8771098472335,8.58930337506386));
#5967=CARTESIAN_POINT('',(-9.10062490875611,13.8575361396738,8.57800248973521));
#5968=CARTESIAN_POINT('',(-9.10006300992001,13.838145742494,8.56680743870379));
#5969=CARTESIAN_POINT('',(-9.10002100659986,13.8366962626083,8.56597058110159));
#5970=CARTESIAN_POINT('',(-9.1,13.8352462122722,8.56513339414972));
#5971=CARTESIAN_POINT('',(-9.1,13.8337962760156,8.56429627306166));
#5972=CARTESIAN_POINT('',(-9.32783462019201,14.0053958094989,8.66336930991102));
#5973=CARTESIAN_POINT('',(-9.32783462019201,0.,0.));
#5974=CARTESIAN_POINT('',(-9.32783462019201,8.66336930991104,14.0053958094989));
#5975=CARTESIAN_POINT('',(-9.1,8.56429627306167,13.8337962760156));
#5976=CARTESIAN_POINT('',(-9.1,8.57467198332068,13.8517675333488));
#5977=CARTESIAN_POINT('',(-9.10330503982504,8.58517084705097,13.8699520987514));
#5978=CARTESIAN_POINT('',(-9.10968008736305,8.59504480550749,13.8870542964699));
#5979=CARTESIAN_POINT('',(-9.11656314212923,8.60570558825615,13.9055193138391));
#5980=CARTESIAN_POINT('',(-9.12722281512796,8.61591927958801,13.9232099461587));
#5981=CARTESIAN_POINT('',(-9.14077713866369,8.62483928395544,13.9386598469268));
#5982=CARTESIAN_POINT('',(-9.15432780541522,8.63375688181907,13.9541055795081));
#5983=CARTESIAN_POINT('',(-9.17114565411147,8.64162755778375,13.9677379901688));
#5984=CARTESIAN_POINT('',(-9.18983790543954,8.64779834615172,13.9784261091449));
#5985=CARTESIAN_POINT('',(-9.20852194381066,8.65396642321336,13.9891095320007));
#5986=CARTESIAN_POINT('',(-9.22959441633541,8.65860628691695,13.9971460116755));
#5987=CARTESIAN_POINT('',(-9.25130934038326,8.66133282602373,14.0018685159372));
#5988=CARTESIAN_POINT('',(-9.2730151827225,8.66405822482563,14.006589045133));
#5989=CARTESIAN_POINT('',(-9.29596178418154,8.66494708680775,14.008128599247));
#5990=CARTESIAN_POINT('',(-9.31824813483336,8.6639256465503,14.0063594128242));
#5991=CARTESIAN_POINT('',(-9.32145165142462,8.66377882121928,14.006105103891));
#5992=CARTESIAN_POINT('',(-9.32464900857019,8.66359326741634,14.0057837152768));
#5993=CARTESIAN_POINT('',(-9.32783462019201,8.66336930991104,14.0053958094989));
#5994=CARTESIAN_POINT('',(-9.3,0.,0.));
#5995=CARTESIAN_POINT('',(-9.09999999997859,-16.262567142342,-0.499999999999982));
#5996=CARTESIAN_POINT('',(-9.09999999997874,-16.2721108314562,-0.499999999999982));
#5997=CARTESIAN_POINT('',(-9.10068596118652,-16.2816788298865,-0.499999999999982));
#5998=CARTESIAN_POINT('',(-9.10204742293099,-16.2911249096991,-0.499999999999982));
#5999=CARTESIAN_POINT('',(-9.10524372104712,-16.3133014322731,-0.499999999999982));
#6000=CARTESIAN_POINT('',(-9.11231298576782,-16.3352321038131,-0.499999999999982));
#6001=CARTESIAN_POINT('',(-9.12267062227631,-16.3551000136448,-0.499999999999982));
#6002=CARTESIAN_POINT('',(-9.13302689120932,-16.3749653002075,-0.499999999999982));
#6003=CARTESIAN_POINT('',(-9.14695658833298,-16.3933165067028,-0.499999999999981));
#6004=CARTESIAN_POINT('',(-9.16330661440357,-16.4086318115945,-0.499999999999981));
#6005=CARTESIAN_POINT('',(-9.17965049839053,-16.4239413631079,-0.499999999999981));
#6006=CARTESIAN_POINT('',(-9.19886405102305,-16.4366397237871,-0.499999999999981));
#6007=CARTESIAN_POINT('',(-9.21935558855708,-16.4456730952957,-0.499999999999981));
#6008=CARTESIAN_POINT('',(-9.23217910118913,-16.4513261388245,-0.499999999999981));
#6009=CARTESIAN_POINT('',(-9.24567382447027,-16.4556470549789,-0.499999999999981));
#6010=CARTESIAN_POINT('',(-9.25939596659432,-16.4584934900985,-0.499999999999981));
#6011=CARTESIAN_POINT('',(-9.28130478508266,-16.4630381180298,-0.499999999999981));
#6012=CARTESIAN_POINT('',(-9.30430040221757,-16.4638628147277,-0.499999999999981));
#6013=CARTESIAN_POINT('',(-9.32647847146535,-16.4608991657893,-0.499999999999981));
#6014=CARTESIAN_POINT('',(-9.32693073059674,-16.4608387305333,-0.499999999999981));
#6015=CARTESIAN_POINT('',(-9.32738278547058,-16.4607767465549,-0.499999999999981));
#6016=CARTESIAN_POINT('',(-9.32783462019201,-16.4607132160377,-0.499999999999981));
#6017=CARTESIAN_POINT('',(-9.32783462019201,-16.4607132160377,-0.499999999999981));
#6018=CARTESIAN_POINT('',(-9.32783462019201,0.,0.));
#6019=CARTESIAN_POINT('',(-9.32783462019201,-14.5053958094989,-7.79734390612658));
#6020=CARTESIAN_POINT('',(-9.1,-14.3337962760156,-7.69827086927722));
#6021=CARTESIAN_POINT('',(-9.1,-14.3517675333473,-7.70864657953536));
#6022=CARTESIAN_POINT('',(-9.10330503982447,-14.3699520987484,-7.71914544326474));
#6023=CARTESIAN_POINT('',(-9.10968008736142,-14.3870542964656,-7.72901940172051));
#6024=CARTESIAN_POINT('',(-9.11656314212703,-14.4055193138349,-7.73968018446926));
#6025=CARTESIAN_POINT('',(-9.12722281512523,-14.4232099461547,-7.74989387580127));
#6026=CARTESIAN_POINT('',(-9.14077713866048,-14.4386598469232,-7.75881388016887));
#6027=CARTESIAN_POINT('',(-9.15432780541154,-14.4541055795047,-7.76773147803268));
#6028=CARTESIAN_POINT('',(-9.17114565410737,-14.4677379901659,-7.77560215399759));
#6029=CARTESIAN_POINT('',(-9.18983790543511,-14.4784261091424,-7.7817729423658));
#6030=CARTESIAN_POINT('',(-9.2085219438059,-14.4891095319986,-7.78794101942769));
#6031=CARTESIAN_POINT('',(-9.22959441633042,-14.4971460116739,-7.79258088313156));
#6032=CARTESIAN_POINT('',(-9.25130934037812,-14.5018685159361,-7.79530742223863));
#6033=CARTESIAN_POINT('',(-9.27301518271722,-14.5065890451324,-7.79803282104082));
#6034=CARTESIAN_POINT('',(-9.29596178417621,-14.5081285992469,-7.79892168302324));
#6035=CARTESIAN_POINT('',(-9.31824813482808,-14.5063594128246,-7.79790024276608));
#6036=CARTESIAN_POINT('',(-9.32145165142111,-14.5061051038914,-7.79775341743503));
#6037=CARTESIAN_POINT('',(-9.32464900856844,-14.505783715277,-7.79756786363201));
#6038=CARTESIAN_POINT('',(-9.32783462019201,-14.5053958094989,-7.79734390612658));
#6039=CARTESIAN_POINT('',(-9.3,0.,0.));
#6040=CARTESIAN_POINT('',(-9.1,-7.69827086927727,-14.3337962760156));
#6041=CARTESIAN_POINT('',(-9.1,-7.70864657953634,-14.3517675333489));
#6042=CARTESIAN_POINT('',(-9.10330503982508,-7.71914544326669,-14.3699520987516));
#6043=CARTESIAN_POINT('',(-9.10968008736316,-7.72901940172325,-14.3870542964702));
#6044=CARTESIAN_POINT('',(-9.11656314212937,-7.7396801844719,-14.4055193138393));
#6045=CARTESIAN_POINT('',(-9.12722281512814,-7.74989387580376,-14.4232099461589));
#6046=CARTESIAN_POINT('',(-9.1407771386639,-7.75881388017117,-14.438659846927));
#6047=CARTESIAN_POINT('',(-9.15432780541546,-7.76773147803479,-14.4541055795083));
#6048=CARTESIAN_POINT('',(-9.17114565411174,-7.77560215399946,-14.467737990169));
#6049=CARTESIAN_POINT('',(-9.18983790543982,-7.78177294236741,-14.478426109145));
#6050=CARTESIAN_POINT('',(-9.20852194381096,-7.78794101942904,-14.4891095320008));
#6051=CARTESIAN_POINT('',(-9.22959441633574,-7.7925808831326,-14.4971460116756));
#6052=CARTESIAN_POINT('',(-9.2513093403836,-7.79530742223936,-14.5018685159373));
#6053=CARTESIAN_POINT('',(-9.27301518272285,-7.79803282104125,-14.5065890451331));
#6054=CARTESIAN_POINT('',(-9.29596178418189,-7.79892168302335,-14.508128599247));
#6055=CARTESIAN_POINT('',(-9.3182481348337,-7.79790024276588,-14.5063594128241));
#6056=CARTESIAN_POINT('',(-9.32145165142485,-7.79775341743486,-14.506105103891));
#6057=CARTESIAN_POINT('',(-9.3246490085703,-7.79756786363193,-14.5057837152767));
#6058=CARTESIAN_POINT('',(-9.32783462019201,-7.79734390612663,-14.5053958094988));
#6059=CARTESIAN_POINT('',(-9.32783462019201,-7.79734390612663,-14.5053958094988));
#6060=CARTESIAN_POINT('',(-9.32783462019201,0.,0.));
#6061=CARTESIAN_POINT('',(-9.32783462019201,-0.500000000000039,-16.4607132160377));
#6062=CARTESIAN_POINT('',(-9.09999999996245,-0.500000000000038,-16.2625671423447));
#6063=CARTESIAN_POINT('',(-9.09999999996275,-0.500000000000038,-16.272668044929));
#6064=CARTESIAN_POINT('',(-9.1007688706829,-0.500000000000038,-16.2827977549809));
#6065=CARTESIAN_POINT('',(-9.10229348368064,-0.500000000000038,-16.2927829334081));
#6066=CARTESIAN_POINT('',(-9.10567536020764,-0.500000000000038,-16.3149319250481));
#6067=CARTESIAN_POINT('',(-9.11292803055196,-0.500000000000038,-16.3368026484673));
#6068=CARTESIAN_POINT('',(-9.12345171749764,-0.500000000000038,-16.3565831169295));
#6069=CARTESIAN_POINT('',(-9.13397393769032,-0.500000000000038,-16.3763608284623));
#6070=CARTESIAN_POINT('',(-9.14805676836213,-0.500000000000039,-16.3945945896853));
#6071=CARTESIAN_POINT('',(-9.1645344066777,-0.500000000000039,-16.4097722847277));
#6072=CARTESIAN_POINT('',(-9.18100578516853,-0.500000000000039,-16.4249442137914));
#6073=CARTESIAN_POINT('',(-9.20032482634372,-0.500000000000039,-16.4374810299473));
#6074=CARTESIAN_POINT('',(-9.22089108810085,-0.500000000000039,-16.4463423288498));
#6075=CARTESIAN_POINT('',(-9.23376113193908,-0.500000000000039,-16.4518875906328));
#6076=CARTESIAN_POINT('',(-9.24729116863563,-0.500000000000039,-16.4560952153196));
#6077=CARTESIAN_POINT('',(-9.26103626110472,-0.500000000000039,-16.4588265867069));
#6078=CARTESIAN_POINT('',(-9.28288407207656,-0.500000000000039,-16.4631680988428));
#6079=CARTESIAN_POINT('',(-9.305776597242,-0.500000000000039,-16.463814698816));
#6080=CARTESIAN_POINT('',(-9.32783462019201,-0.500000000000039,-16.4607132160377));
#6081=CARTESIAN_POINT('',(-9.3,0.,0.));
#6082=CARTESIAN_POINT('',(-9.1,8.56429627306164,-13.8337962760156));
#6083=CARTESIAN_POINT('',(-9.1,8.57467198331978,-13.8517675333473));
#6084=CARTESIAN_POINT('',(-9.10330503982447,8.58517084704917,-13.8699520987484));
#6085=CARTESIAN_POINT('',(-9.10968008736142,8.59504480550493,-13.8870542964656));
#6086=CARTESIAN_POINT('',(-9.11656314212703,8.60570558825368,-13.9055193138349));
#6087=CARTESIAN_POINT('',(-9.12722281512523,8.61591927958569,-13.9232099461547));
#6088=CARTESIAN_POINT('',(-9.14077713866048,8.6248392839533,-13.9386598469232));
#6089=CARTESIAN_POINT('',(-9.15432780541154,8.6337568818171,-13.9541055795048));
#6090=CARTESIAN_POINT('',(-9.17114565410737,8.64162755778201,-13.9677379901659));
#6091=CARTESIAN_POINT('',(-9.18983790543511,8.64779834615022,-13.9784261091424));
#6092=CARTESIAN_POINT('',(-9.20852194380591,8.65396642321212,-13.9891095319986));
#6093=CARTESIAN_POINT('',(-9.22959441633042,8.65860628691598,-13.9971460116739));
#6094=CARTESIAN_POINT('',(-9.25130934037812,8.66133282602305,-14.0018685159361));
#6095=CARTESIAN_POINT('',(-9.27301518271722,8.66405822482525,-14.0065890451324));
#6096=CARTESIAN_POINT('',(-9.29596178417621,8.66494708680766,-14.0081285992469));
#6097=CARTESIAN_POINT('',(-9.31824813482808,8.66392564655051,-14.0063594128246));
#6098=CARTESIAN_POINT('',(-9.32145165142111,8.66377882121945,-14.0061051038914));
#6099=CARTESIAN_POINT('',(-9.32464900856844,8.66359326741643,-14.005783715277));
#6100=CARTESIAN_POINT('',(-9.32783462019201,8.66336930991101,-14.0053958094989));
#6101=CARTESIAN_POINT('',(-9.32783462019201,8.66336930991101,-14.0053958094989));
#6102=CARTESIAN_POINT('',(-9.32783462019201,0.,0.));
#6103=CARTESIAN_POINT('',(-9.32783462019201,14.0053958094988,-8.66336930991109));
#6104=CARTESIAN_POINT('',(-9.1,13.8337962760156,-8.56429627306172));
#6105=CARTESIAN_POINT('',(-9.1,13.8517675333473,-8.57467198331986));
#6106=CARTESIAN_POINT('',(-9.10330503982447,13.8699520987483,-8.58517084704924));
#6107=CARTESIAN_POINT('',(-9.10968008736142,13.8870542964655,-8.59504480550501));
#6108=CARTESIAN_POINT('',(-9.11656314212703,13.9055193138348,-8.60570558825376));
#6109=CARTESIAN_POINT('',(-9.12722281512522,13.9232099461547,-8.61591927958577));
#6110=CARTESIAN_POINT('',(-9.14077713866048,13.9386598469231,-8.62483928395337));
#6111=CARTESIAN_POINT('',(-9.15432780541153,13.9541055795047,-8.63375688181718));
#6112=CARTESIAN_POINT('',(-9.17114565410737,13.9677379901658,-8.64162755778209));
#6113=CARTESIAN_POINT('',(-9.1898379054351,13.9784261091423,-8.6477983461503));
#6114=CARTESIAN_POINT('',(-9.2085219438059,13.9891095319985,-8.6539664232122));
#6115=CARTESIAN_POINT('',(-9.22959441633041,13.9971460116738,-8.65860628691606));
#6116=CARTESIAN_POINT('',(-9.25130934037812,14.0018685159361,-8.66133282602313));
#6117=CARTESIAN_POINT('',(-9.27301518271721,14.0065890451324,-8.66405822482533));
#6118=CARTESIAN_POINT('',(-9.2959617841762,14.0081285992468,-8.66494708680774));
#6119=CARTESIAN_POINT('',(-9.31824813482807,14.0063594128246,-8.66392564655059));
#6120=CARTESIAN_POINT('',(-9.3214516514211,14.0061051038913,-8.66377882121953));
#6121=CARTESIAN_POINT('',(-9.32464900856844,14.005783715277,-8.66359326741651));
#6122=CARTESIAN_POINT('',(-9.32783462019201,14.0053958094988,-8.66336930991109));
#6123=CARTESIAN_POINT('',(-9.3,0.,0.));
#6124=CARTESIAN_POINT('',(-9.32783462019201,-8.66336930991104,14.0053958094989));
#6125=CARTESIAN_POINT('',(-19.2649777855808,-7.96476004508502,12.7953690681818));
#6126=CARTESIAN_POINT('',(-29.2021009866885,-7.26607976528788,11.5852193253268));
#6127=CARTESIAN_POINT('',(-39.1391731009639,-6.56721788609994,10.3747550431002));
#6128=CARTESIAN_POINT('',(-39.1391731009639,-6.56721788609994,10.3747550431002));
#6129=CARTESIAN_POINT('',(-39.1391731009639,0.,0.));
#6130=CARTESIAN_POINT('',(-39.1391731009639,-10.3747550431002,6.56721788609995));
#6131=CARTESIAN_POINT('',(-9.32783462019201,-14.0053958094988,8.66336930991106));
#6132=CARTESIAN_POINT('',(-19.2649777855808,-12.7953690681818,7.96476004508504));
#6133=CARTESIAN_POINT('',(-29.2021009866885,-11.5852193253267,7.26607976528789));
#6134=CARTESIAN_POINT('',(-39.1391731009639,-10.3747550431002,6.56721788609995));
#6135=CARTESIAN_POINT('',(-9.32783462019201,0.,0.));
#6136=CARTESIAN_POINT('',(-39.1391731009639,10.3747550431002,6.56721788609992));
#6137=CARTESIAN_POINT('',(-32.0236240387333,11.241521218208,7.06764557062287));
#6138=CARTESIAN_POINT('',(-24.9080480471375,12.1081215926081,7.56797753006263));
#6139=CARTESIAN_POINT('',(-17.7924584054976,12.9746378843815,8.06826094437516));
#6140=CARTESIAN_POINT('',(-14.9709192619783,13.3182369055263,8.26663793172641));
#6141=CARTESIAN_POINT('',(-12.1493778469775,13.6618219372733,8.46500684229508));
#6142=CARTESIAN_POINT('',(-9.32783462019201,14.0053958094989,8.66336930991102));
#6143=CARTESIAN_POINT('',(-39.1391731009639,10.3747550431002,6.56721788609992));
#6144=CARTESIAN_POINT('',(-39.1391731009639,0.,0.));
#6145=CARTESIAN_POINT('',(-39.1391731009639,6.56721788609994,10.3747550431002));
#6146=CARTESIAN_POINT('',(-9.32783462019201,8.66336930991104,14.0053958094989));
#6147=CARTESIAN_POINT('',(-19.2649777855808,7.96476004508502,12.7953690681819));
#6148=CARTESIAN_POINT('',(-29.2021009866885,7.26607976528787,11.5852193253268));
#6149=CARTESIAN_POINT('',(-39.1391731009639,6.56721788609994,10.3747550431002));
#6150=CARTESIAN_POINT('',(-9.32783462019201,0.,0.));
#6151=CARTESIAN_POINT('',(-9.32783462019201,-16.4607132160377,-0.499999999999981));
#6152=CARTESIAN_POINT('',(-11.2313712138995,-16.1930652053033,-0.499999999999982));
#6153=CARTESIAN_POINT('',(-13.1349069801163,-15.9254113092919,-0.499999999999982));
#6154=CARTESIAN_POINT('',(-15.0384417845881,-15.657750573662,-0.499999999999982));
#6155=CARTESIAN_POINT('',(-23.0720408054546,-14.5281263510685,-0.499999999999984));
#6156=CARTESIAN_POINT('',(-31.1056239696051,-13.3983893356456,-0.499999999999985));
#6157=CARTESIAN_POINT('',(-39.1391731009639,-12.2684103684154,-0.499999999999986));
#6158=CARTESIAN_POINT('',(-39.1391731009639,-12.2684103684154,-0.499999999999986));
#6159=CARTESIAN_POINT('',(-39.1391731009639,0.,0.));
#6160=CARTESIAN_POINT('',(-39.1391731009639,-10.8747550431002,-5.70119248231549));
#6161=CARTESIAN_POINT('',(-9.32783462019201,-14.5053958094989,-7.79734390612658));
#6162=CARTESIAN_POINT('',(-19.2649777855808,-13.2953690681819,-7.09873464130057));
#6163=CARTESIAN_POINT('',(-29.2021009866885,-12.0852193253268,-6.40005436150342));
#6164=CARTESIAN_POINT('',(-39.1391731009639,-10.8747550431002,-5.70119248231549));
#6165=CARTESIAN_POINT('',(-9.32783462019201,0.,0.));
#6166=CARTESIAN_POINT('',(-9.32783462019201,-7.79734390612663,-14.5053958094988));
#6167=CARTESIAN_POINT('',(-19.2649777855808,-7.09873464130061,-13.2953690681818));
#6168=CARTESIAN_POINT('',(-29.2021009866885,-6.40005436150346,-12.0852193253267));
#6169=CARTESIAN_POINT('',(-39.1391731009639,-5.70119248231552,-10.8747550431002));
#6170=CARTESIAN_POINT('',(-39.1391731009639,-5.70119248231552,-10.8747550431002));
#6171=CARTESIAN_POINT('',(-39.1391731009639,0.,0.));
#6172=CARTESIAN_POINT('',(-39.1391731009639,-0.500000000000029,-12.2684103684165));
#6173=CARTESIAN_POINT('',(-9.32783462019201,-0.500000000000039,-16.4607132160377));
#6174=CARTESIAN_POINT('',(-10.3961598723784,-0.500000000000038,-16.3105006435501));
#6175=CARTESIAN_POINT('',(-11.4644848634385,-0.500000000000038,-16.1602862138957));
#6176=CARTESIAN_POINT('',(-12.5328095706731,-0.500000000000038,-16.0100697657131));
#6177=CARTESIAN_POINT('',(-21.4016229601365,-0.500000000000035,-14.7630316340126));
#6178=CARTESIAN_POINT('',(-30.2704186000538,-0.500000000000032,-13.515867238063));
#6179=CARTESIAN_POINT('',(-39.1391731009639,-0.500000000000029,-12.2684103684165));
#6180=CARTESIAN_POINT('',(-9.32783462019201,0.,0.));
#6181=CARTESIAN_POINT('',(-9.32783462019201,8.66336930991101,-14.0053958094989));
#6182=CARTESIAN_POINT('',(-19.2649777855808,7.96476004508499,-12.7953690681819));
#6183=CARTESIAN_POINT('',(-29.2021009866885,7.26607976528785,-11.5852193253268));
#6184=CARTESIAN_POINT('',(-39.1391731009639,6.56721788609991,-10.3747550431002));
#6185=CARTESIAN_POINT('',(-39.1391731009639,6.56721788609991,-10.3747550431002));
#6186=CARTESIAN_POINT('',(-39.1391731009639,0.,0.));
#6187=CARTESIAN_POINT('',(-39.1391731009639,10.3747550431002,-6.56721788609997));
#6188=CARTESIAN_POINT('',(-9.32783462019201,14.0053958094988,-8.66336930991109));
#6189=CARTESIAN_POINT('',(-19.2649777855808,12.7953690681818,-7.96476004508507));
#6190=CARTESIAN_POINT('',(-29.2021009866885,11.5852193253267,-7.26607976528791));
#6191=CARTESIAN_POINT('',(-39.1391731009639,10.3747550431002,-6.56721788609997));
#6192=CARTESIAN_POINT('',(-9.32783462019201,0.,0.));
#6193=CARTESIAN_POINT('',(-40.0000000000038,-6.07163671131866,9.51638326910433));
#6194=CARTESIAN_POINT('',(-40.0000000000038,-6.11407737232172,9.58989265026845));
#6195=CARTESIAN_POINT('',(-39.9890392965555,-6.156856689826,9.66398860169897));
#6196=CARTESIAN_POINT('',(-39.9676394385533,-6.19792640160669,9.73512342915534));
#6197=CARTESIAN_POINT('',(-39.9393684304537,-6.25218293706051,9.82909850520403));
#6198=CARTESIAN_POINT('',(-39.8919672120725,-6.3047480454252,9.92014394359702));
#6199=CARTESIAN_POINT('',(-39.8293527663087,-6.35126085989193,10.0007065014564));
#6200=CARTESIAN_POINT('',(-39.7667736417209,-6.39774743620732,10.0812236135046));
#6201=CARTESIAN_POINT('',(-39.6872692582929,-6.43947187080754,10.1534924541493));
#6202=CARTESIAN_POINT('',(-39.5974231821311,-6.47296752926731,10.2115086364346));
#6203=CARTESIAN_POINT('',(-39.5076534932457,-6.50643470966514,10.2694754932697));
#6204=CARTESIAN_POINT('',(-39.4050805215587,-6.53261085873495,10.3148139134051));
#6205=CARTESIAN_POINT('',(-39.298206439968,-6.54931966166809,10.343754409019));
#6206=CARTESIAN_POINT('',(-39.2463451570602,-6.55742770753915,10.3577979564177));
#6207=CARTESIAN_POINT('',(-39.1929808390443,-6.56343365503899,10.368200562635));
#6208=CARTESIAN_POINT('',(-39.1391731009639,-6.56721788609994,10.3747550431002));
#6209=CARTESIAN_POINT('',(-40.0000000000038,-9.51638326910433,6.07163671131867));
#6210=CARTESIAN_POINT('',(-40.0000000000038,-9.58989265026847,6.11407737232175));
#6211=CARTESIAN_POINT('',(-39.9890392965555,-9.66398860169902,6.15685668982604));
#6212=CARTESIAN_POINT('',(-39.9676394385533,-9.73512342915541,6.19792640160675));
#6213=CARTESIAN_POINT('',(-39.9393684304537,-9.8290985052041,6.25218293706057));
#6214=CARTESIAN_POINT('',(-39.8919672120725,-9.92014394359708,6.30474804542525));
#6215=CARTESIAN_POINT('',(-39.8293527663087,-10.0007065014565,6.35126085989198));
#6216=CARTESIAN_POINT('',(-39.7667736417208,-10.0812236135047,6.39774743620737));
#6217=CARTESIAN_POINT('',(-39.6872692582928,-10.1534924541493,6.43947187080758));
#6218=CARTESIAN_POINT('',(-39.597423182131,-10.2115086364346,6.47296752926735));
#6219=CARTESIAN_POINT('',(-39.5076534932456,-10.2694754932697,6.50643470966517));
#6220=CARTESIAN_POINT('',(-39.4050805215586,-10.3148139134051,6.53261085873498));
#6221=CARTESIAN_POINT('',(-39.2982064399679,-10.343754409019,6.54931966166812));
#6222=CARTESIAN_POINT('',(-39.2463451570602,-10.3577979564177,6.55742770753917));
#6223=CARTESIAN_POINT('',(-39.1929808390443,-10.368200562635,6.563433655039));
#6224=CARTESIAN_POINT('',(-39.1391731009639,-10.3747550431002,6.56721788609995));
#6225=CARTESIAN_POINT('',(-39.0000000000038,0.,0.));
#6226=CARTESIAN_POINT('',(-39.1391731009639,10.3747550431002,6.56721788609992));
#6227=CARTESIAN_POINT('',(-39.2498916254879,10.3612680906281,6.5594311904596));
#6228=CARTESIAN_POINT('',(-39.3594469043078,10.3310446766551,6.54198169426649));
#6229=CARTESIAN_POINT('',(-39.458776793757,10.286592213978,6.5163170529737));
#6230=CARTESIAN_POINT('',(-39.5581639161352,10.2421141382185,6.49063762396093));
#6231=CARTESIAN_POINT('',(-39.6500532414012,10.1821654301511,6.45602622122064));
#6232=CARTESIAN_POINT('',(-39.7268514909614,10.1117156541216,6.41535202406565));
#6233=CARTESIAN_POINT('',(-39.8036859820764,10.0412326324199,6.37465863251288));
#6234=CARTESIAN_POINT('',(-39.8675329337222,9.95829768323379,6.32677611727506));
#6235=CARTESIAN_POINT('',(-39.9131273613464,9.86977439960684,6.27566717564349));
#6236=CARTESIAN_POINT('',(-39.9587609002698,9.78117517993226,6.22451439231438));
#6237=CARTESIAN_POINT('',(-39.987368663424,9.68453720683773,6.16872043253432));
#6238=CARTESIAN_POINT('',(-39.9965955307652,9.5878532613129,6.11289993055924));
#6239=CARTESIAN_POINT('',(-39.9988632715535,9.5640906863531,6.09918060150956));
#6240=CARTESIAN_POINT('',(-40.0000000000038,9.54022686268695,6.08540281649198));
#6241=CARTESIAN_POINT('',(-40.0000000000038,9.51638326910436,6.07163671131862));
#6242=CARTESIAN_POINT('',(-40.0000000000038,6.07163671131888,9.51638326910471));
#6243=CARTESIAN_POINT('',(-40.0000000000038,6.11407737232189,9.58989265026873));
#6244=CARTESIAN_POINT('',(-39.9890392965555,6.1568566898261,9.66398860169915));
#6245=CARTESIAN_POINT('',(-39.9676394385533,6.19792640160673,9.73512342915542));
#6246=CARTESIAN_POINT('',(-39.9393684304537,6.25218293706056,9.8290985052041));
#6247=CARTESIAN_POINT('',(-39.8919672120725,6.30474804542524,9.92014394359709));
#6248=CARTESIAN_POINT('',(-39.8293527663087,6.35126085989197,10.0007065014565));
#6249=CARTESIAN_POINT('',(-39.7667736417208,6.39774743620735,10.0812236135047));
#6250=CARTESIAN_POINT('',(-39.6872692582928,6.43947187080757,10.1534924541493));
#6251=CARTESIAN_POINT('',(-39.597423182131,6.47296752926734,10.2115086364346));
#6252=CARTESIAN_POINT('',(-39.5076534932456,6.50643470966516,10.2694754932697));
#6253=CARTESIAN_POINT('',(-39.4050805215586,6.53261085873497,10.3148139134051));
#6254=CARTESIAN_POINT('',(-39.2982064399679,6.54931966166811,10.343754409019));
#6255=CARTESIAN_POINT('',(-39.2463451570601,6.55742770753916,10.3577979564177));
#6256=CARTESIAN_POINT('',(-39.1929808390443,6.56343365503899,10.368200562635));
#6257=CARTESIAN_POINT('',(-39.1391731009639,6.56721788609994,10.3747550431002));
#6258=CARTESIAN_POINT('',(-39.0000000000038,0.,0.));
#6259=CARTESIAN_POINT('',(-40.0000000000038,-11.2772480188528,-0.499999999999987));
#6260=CARTESIAN_POINT('',(-40.0000000000038,-11.2801304892903,-0.499999999999987));
#6261=CARTESIAN_POINT('',(-39.9999875612702,-11.2830129865652,-0.499999999999987));
#6262=CARTESIAN_POINT('',(-39.999962684439,-11.2858953496524,-0.499999999999987));
#6263=CARTESIAN_POINT('',(-39.9989948582652,-11.398032881179,-0.499999999999987));
#6264=CARTESIAN_POINT('',(-39.9786537671708,-11.5115510795351,-0.499999999999987));
#6265=CARTESIAN_POINT('',(-39.9406158641127,-11.617044589266,-0.499999999999987));
#6266=CARTESIAN_POINT('',(-39.9025841158016,-11.7225210295529,-0.499999999999986));
#6267=CARTESIAN_POINT('',(-39.8458099411332,-11.8228868680128,-0.499999999999986));
#6268=CARTESIAN_POINT('',(-39.7749880246549,-11.9098118326752,-0.499999999999986));
#6269=CARTESIAN_POINT('',(-39.7306044161335,-11.964287110868,-0.499999999999986));
#6270=CARTESIAN_POINT('',(-39.680174478141,-12.0143352969,-0.499999999999986));
#6271=CARTESIAN_POINT('',(-39.6253610118482,-12.0583005621959,-0.499999999999986));
#6272=CARTESIAN_POINT('',(-39.5380880861191,-12.1283011951122,-0.499999999999986));
#6273=CARTESIAN_POINT('',(-39.4375312870444,-12.1842071124479,-0.499999999999986));
#6274=CARTESIAN_POINT('',(-39.3320093233948,-12.2213792439655,-0.499999999999986));
#6275=CARTESIAN_POINT('',(-39.2696052201034,-12.2433622838423,-0.499999999999986));
#6276=CARTESIAN_POINT('',(-39.2046910304191,-12.2591947800061,-0.499999999999986));
#6277=CARTESIAN_POINT('',(-39.1391731009639,-12.2684103684154,-0.499999999999986));
#6278=CARTESIAN_POINT('',(-40.0000000000038,-10.0163832691047,-5.20561130753443));
#6279=CARTESIAN_POINT('',(-40.0000000000038,-10.0898926502687,-5.24805196853743));
#6280=CARTESIAN_POINT('',(-39.9890392965555,-10.1639886016991,-5.29083128604165));
#6281=CARTESIAN_POINT('',(-39.9676394385533,-10.2351234291554,-5.33190099782228));
#6282=CARTESIAN_POINT('',(-39.9393684304537,-10.3290985052041,-5.3861575332761));
#6283=CARTESIAN_POINT('',(-39.8919672120725,-10.4201439435971,-5.43872264164078));
#6284=CARTESIAN_POINT('',(-39.8293527663087,-10.5007065014565,-5.48523545610751));
#6285=CARTESIAN_POINT('',(-39.7667736417208,-10.5812236135047,-5.5317220324229));
#6286=CARTESIAN_POINT('',(-39.6872692582929,-10.6534924541493,-5.57344646702312));
#6287=CARTESIAN_POINT('',(-39.597423182131,-10.7115086364346,-5.60694212548288));
#6288=CARTESIAN_POINT('',(-39.5076534932456,-10.7694754932697,-5.64040930588071));
#6289=CARTESIAN_POINT('',(-39.4050805215586,-10.8148139134051,-5.66658545495051));
#6290=CARTESIAN_POINT('',(-39.2982064399679,-10.843754409019,-5.68329425788365));
#6291=CARTESIAN_POINT('',(-39.2463451570602,-10.8577979564178,-5.69140230375471));
#6292=CARTESIAN_POINT('',(-39.1929808390443,-10.868200562635,-5.69740825125453));
#6293=CARTESIAN_POINT('',(-39.1391731009639,-10.8747550431002,-5.70119248231549));
#6294=CARTESIAN_POINT('',(-39.0000000000038,0.,0.));
#6295=CARTESIAN_POINT('',(-40.0000000000038,-5.20561130753446,-10.0163832691047));
#6296=CARTESIAN_POINT('',(-40.0000000000038,-5.24805196853747,-10.0898926502687));
#6297=CARTESIAN_POINT('',(-39.9890392965555,-5.29083128604169,-10.1639886016991));
#6298=CARTESIAN_POINT('',(-39.9676394385533,-5.33190099782232,-10.2351234291554));
#6299=CARTESIAN_POINT('',(-39.9393684304537,-5.38615753327614,-10.3290985052041));
#6300=CARTESIAN_POINT('',(-39.8919672120725,-5.43872264164082,-10.4201439435971));
#6301=CARTESIAN_POINT('',(-39.8293527663087,-5.48523545610755,-10.5007065014565));
#6302=CARTESIAN_POINT('',(-39.7667736417208,-5.53172203242294,-10.5812236135047));
#6303=CARTESIAN_POINT('',(-39.6872692582929,-5.57344646702316,-10.6534924541493));
#6304=CARTESIAN_POINT('',(-39.597423182131,-5.60694212548292,-10.7115086364346));
#6305=CARTESIAN_POINT('',(-39.5076534932456,-5.64040930588075,-10.7694754932697));
#6306=CARTESIAN_POINT('',(-39.4050805215586,-5.66658545495055,-10.8148139134051));
#6307=CARTESIAN_POINT('',(-39.2982064399679,-5.68329425788369,-10.843754409019));
#6308=CARTESIAN_POINT('',(-39.2463451570602,-5.69140230375475,-10.8577979564177));
#6309=CARTESIAN_POINT('',(-39.1929808390443,-5.69740825125457,-10.868200562635));
#6310=CARTESIAN_POINT('',(-39.1391731009639,-5.70119248231552,-10.8747550431002));
#6311=CARTESIAN_POINT('',(-40.0000000000038,-0.500000000000026,-11.2772480188531));
#6312=CARTESIAN_POINT('',(-40.0000000000038,-0.500000000000027,-11.376212264194));
#6313=CARTESIAN_POINT('',(-39.9850146958707,-0.500000000000027,-11.4762453075057));
#6314=CARTESIAN_POINT('',(-39.956009778395,-0.500000000000027,-11.5708636810815));
#6315=CARTESIAN_POINT('',(-39.9231460551543,-0.500000000000027,-11.6780700554934));
#6316=CARTESIAN_POINT('',(-39.8713134643288,-0.500000000000028,-11.7810823524188));
#6317=CARTESIAN_POINT('',(-39.8047965735504,-0.500000000000028,-11.8713526922928));
#6318=CARTESIAN_POINT('',(-39.7631050213264,-0.500000000000028,-11.9279324654164));
#6319=CARTESIAN_POINT('',(-39.7151573447047,-0.500000000000028,-11.9803831761086));
#6320=CARTESIAN_POINT('',(-39.6625344230012,-0.500000000000028,-12.0269694870266));
#6321=CARTESIAN_POINT('',(-39.5787589531289,-0.500000000000028,-12.1011346979353));
#6322=CARTESIAN_POINT('',(-39.4810296589668,-0.500000000000029,-12.1618667647309));
#6323=CARTESIAN_POINT('',(-39.3774299728635,-0.500000000000029,-12.2041268274467));
#6324=CARTESIAN_POINT('',(-39.3012642186818,-0.500000000000029,-12.2351961257195));
#6325=CARTESIAN_POINT('',(-39.2206301333027,-0.500000000000029,-12.2569528255832));
#6326=CARTESIAN_POINT('',(-39.1391731009639,-0.500000000000029,-12.2684103684165));
#6327=CARTESIAN_POINT('',(-39.0000000000038,0.,0.));
#6328=CARTESIAN_POINT('',(-40.0000000000038,6.07163671131885,-9.51638326910473));
#6329=CARTESIAN_POINT('',(-40.0000000000038,6.11407737232179,-9.58989265026862));
#6330=CARTESIAN_POINT('',(-39.9890392965555,6.15685668982594,-9.66398860169892));
#6331=CARTESIAN_POINT('',(-39.9676394385534,6.19792640160651,-9.73512342915507));
#6332=CARTESIAN_POINT('',(-39.9393684304538,6.25218293706034,-9.82909850520377));
#6333=CARTESIAN_POINT('',(-39.8919672120727,6.30474804542502,-9.92014394359678));
#6334=CARTESIAN_POINT('',(-39.8293527663089,6.35126085989177,-10.0007065014562));
#6335=CARTESIAN_POINT('',(-39.7667736417211,6.39774743620717,-10.0812236135044));
#6336=CARTESIAN_POINT('',(-39.6872692582932,6.43947187080741,-10.1534924541491));
#6337=CARTESIAN_POINT('',(-39.5974231821314,6.47296752926719,-10.2115086364344));
#6338=CARTESIAN_POINT('',(-39.507653493246,6.50643470966503,-10.2694754932696));
#6339=CARTESIAN_POINT('',(-39.405080521559,6.53261085873486,-10.314813913405));
#6340=CARTESIAN_POINT('',(-39.2982064399683,6.54931966166802,-10.3437544090189));
#6341=CARTESIAN_POINT('',(-39.2463451570604,6.55742770753911,-10.3577979564177));
#6342=CARTESIAN_POINT('',(-39.1929808390444,6.56343365503895,-10.368200562635));
#6343=CARTESIAN_POINT('',(-39.1391731009639,6.56721788609991,-10.3747550431002));
#6344=CARTESIAN_POINT('',(-40.0000000000038,9.51638326910469,-6.07163671131891));
#6345=CARTESIAN_POINT('',(-40.0000000000038,9.58989265026871,-6.11407737232192));
#6346=CARTESIAN_POINT('',(-39.9890392965555,9.66398860169913,-6.15685668982614));
#6347=CARTESIAN_POINT('',(-39.9676394385533,9.7351234291554,-6.19792640160677));
#6348=CARTESIAN_POINT('',(-39.9393684304537,9.82909850520408,-6.25218293706059));
#6349=CARTESIAN_POINT('',(-39.8919672120725,9.92014394359707,-6.30474804542527));
#6350=CARTESIAN_POINT('',(-39.8293527663087,10.0007065014565,-6.351260859892));
#6351=CARTESIAN_POINT('',(-39.7667736417208,10.0812236135047,-6.39774743620739));
#6352=CARTESIAN_POINT('',(-39.6872692582928,10.1534924541493,-6.43947187080761));
#6353=CARTESIAN_POINT('',(-39.597423182131,10.2115086364346,-6.47296752926738));
#6354=CARTESIAN_POINT('',(-39.5076534932456,10.2694754932697,-6.5064347096652));
#6355=CARTESIAN_POINT('',(-39.4050805215586,10.3148139134051,-6.532610858735));
#6356=CARTESIAN_POINT('',(-39.2982064399679,10.343754409019,-6.54931966166814));
#6357=CARTESIAN_POINT('',(-39.2463451570601,10.3577979564177,-6.5574277075392));
#6358=CARTESIAN_POINT('',(-39.1929808390443,10.368200562635,-6.56343365503902));
#6359=CARTESIAN_POINT('',(-39.1391731009639,10.3747550431002,-6.56721788609997));
#6360=CARTESIAN_POINT('',(-39.0000000000038,0.,0.));
#6361=CARTESIAN_POINT('',(1.67523646940376E-15,6.22458182382457,11.7812919747339));
#6362=CARTESIAN_POINT('',(-1.73327711090626,6.72528847370531,12.648541332015));
#6363=CARTESIAN_POINT('',(-3.46662079473875,7.22593751128516,13.5156909018637));
#6364=CARTESIAN_POINT('',(-5.2,7.72655579673291,14.3827872074572));
#6365=CARTESIAN_POINT('',(-5.2,7.72655579673291,14.3827872074572));
#6366=CARTESIAN_POINT('',(-5.19999999999999,0.,0.));
#6367=CARTESIAN_POINT('',(-5.19999999999999,0.5,16.3191369972503));
#6368=CARTESIAN_POINT('',(2.18184737258426E-15,0.5,13.3151890514336));
#6369=CARTESIAN_POINT('',(-0.888388607061724,0.5,13.8284619498468));
#6370=CARTESIAN_POINT('',(-1.7767951220288,0.5,14.3417038533147));
#6371=CARTESIAN_POINT('',(-2.66521449865766,0.5,14.8549234911239));
#6372=CARTESIAN_POINT('',(-3.51013226598055,0.5,15.3430132400997));
#6373=CARTESIAN_POINT('',(-4.35506172956192,0.5,15.8310827423336));
#6374=CARTESIAN_POINT('',(-5.19999999999999,0.5,16.3191369972503));
#6375=CARTESIAN_POINT('',(6.7331941413751E-15,0.,0.));
#6376=CARTESIAN_POINT('',(-5.2,7.72655579673291,14.3827872074572));
#6377=CARTESIAN_POINT('',(-5.21931104705836,7.7321330317887,14.3924472619396));
#6378=CARTESIAN_POINT('',(-5.24080523988242,7.73612595595772,14.3993632094711));
#6379=CARTESIAN_POINT('',(-5.2627150206706,7.7382056342847,14.4029653179969));
#6380=CARTESIAN_POINT('',(-5.284699534454,7.7402924062742,14.4065797131065));
#6381=CARTESIAN_POINT('',(-5.30770795130504,7.74050992014531,14.4069564581826));
#6382=CARTESIAN_POINT('',(-5.32983450750442,7.73884012776355,14.4040642929393));
#6383=CARTESIAN_POINT('',(-5.35195847130938,7.73717053101822,14.4011724665482));
#6384=CARTESIAN_POINT('',(-5.37381085999193,7.7335680740272,14.3949328280077));
#6385=CARTESIAN_POINT('',(-5.39358286121553,7.72833147314435,14.3858627692197));
#6386=CARTESIAN_POINT('',(-5.41335733919978,7.72309421629315,14.3767915742611));
#6387=CARTESIAN_POINT('',(-5.43159608809748,7.71607809837246,14.3646393015506));
#6388=CARTESIAN_POINT('',(-5.44679089015739,7.70786433846588,14.3504126520712));
#6389=CARTESIAN_POINT('',(-5.46199134481655,7.69964752296878,14.3361807101538));
#6390=CARTESIAN_POINT('',(-5.47456466174673,7.69000573534552,14.3194806441145));
#6391=CARTESIAN_POINT('',(-5.48347192828593,7.67973711016614,14.3016948635799));
#6392=CARTESIAN_POINT('',(-5.49238330262849,7.66946374935962,14.2839008806986));
#6393=CARTESIAN_POINT('',(-5.49787097147312,7.65827976705387,14.2645296551141));
#6394=CARTESIAN_POINT('',(-5.4994816277153,7.64711076812619,14.2451843815016));
#6395=CARTESIAN_POINT('',(-5.49982698602899,7.64471590165231,14.2410363510915));
#6396=CARTESIAN_POINT('',(-5.49999999999999,7.64231326498838,14.2368748623175));
#6397=CARTESIAN_POINT('',(-5.49999999999999,7.63991218116666,14.232716063145));
#6398=CARTESIAN_POINT('',(-5.49999999999999,7.63991218116666,14.232716063145));
#6399=CARTESIAN_POINT('',(-5.49999999999999,0.,0.));
#6400=CARTESIAN_POINT('',(-5.49999999999999,0.5,16.1458497661178));
#6401=CARTESIAN_POINT('',(-5.19999999999999,0.5,16.3191369972503));
#6402=CARTESIAN_POINT('',(-5.21578742756432,0.5,16.328256150053));
#6403=CARTESIAN_POINT('',(-5.23299102819998,0.5,16.3352597839449));
#6404=CARTESIAN_POINT('',(-5.25065887568084,0.5,16.3397596708692));
#6405=CARTESIAN_POINT('',(-5.27234630018932,0.5,16.3452833181653));
#6406=CARTESIAN_POINT('',(-5.29528681848736,0.5,16.3471380628154));
#6407=CARTESIAN_POINT('',(-5.31757990482519,0.5,16.3451699767409));
#6408=CARTESIAN_POINT('',(-5.33986798206002,0.5,16.3432023328817));
#6409=CARTESIAN_POINT('',(-5.36212358048659,0.5,16.337359397209));
#6410=CARTESIAN_POINT('',(-5.38250420179777,0.5,16.3281257476514));
#6411=CARTESIAN_POINT('',(-5.40288626327041,0.5,16.3188914456139));
#6412=CARTESIAN_POINT('',(-5.42195502793132,0.5,16.3060115110351));
#6413=CARTESIAN_POINT('',(-5.4381333634744,0.5,16.2905531080436));
#6414=CARTESIAN_POINT('',(-5.45431713812917,0.5,16.2750895079796));
#6415=CARTESIAN_POINT('',(-5.46805471648126,0.5,16.256619576694));
#6416=CARTESIAN_POINT('',(-5.47821085795314,0.5,16.2366723894383));
#6417=CARTESIAN_POINT('',(-5.48837166687007,0.5,16.216716035079));
#6418=CARTESIAN_POINT('',(-5.49522791662791,0.5,16.1947309693537));
#6419=CARTESIAN_POINT('',(-5.49821324174692,0.5,16.1725366919135));
#6420=CARTESIAN_POINT('',(-5.49940175901019,0.5,16.1637007089529));
#6421=CARTESIAN_POINT('',(-5.49999999999999,0.5,16.1547653237652));
#6422=CARTESIAN_POINT('',(-5.49999999999999,0.5,16.1458497661178));
#6423=CARTESIAN_POINT('',(-5.29999999999999,0.,0.));
#6424=CARTESIAN_POINT('',(-5.49999999999999,6.5616968793294,12.3651923788647));
#6425=CARTESIAN_POINT('',(-5.49999999999999,6.86270522028652,12.8865541189044));
#6426=CARTESIAN_POINT('',(-5.49999999999999,0.,0.));
#6427=CARTESIAN_POINT('',(-5.49999999999999,0.5,14.5914358443575));
#6428=CARTESIAN_POINT('',(-5.49999999999999,0.5,16.1535898384862));
#6429=CARTESIAN_POINT('',(-5.49999999999999,0.,16.1535898384862));
#6430=CARTESIAN_POINT('',(1.54074395550979E-33,6.86270522028652,12.8865541189044));
#6431=CARTESIAN_POINT('',(-9.1,6.86270522028652,12.8865541189044));
#6432=CARTESIAN_POINT('',(-9.1,0.,0.));
#6433=CARTESIAN_POINT('',(-9.1,0.5,14.5914358443575));
#6434=CARTESIAN_POINT('',(0.,0.5,14.5914358443575));
#6435=CARTESIAN_POINT('',(0.,0.,0.));
#6436=CARTESIAN_POINT('',(-9.1,5.88897274573419,11.2));
#6437=CARTESIAN_POINT('',(-9.1,7.69827086927724,14.3337962760156));
#6438=CARTESIAN_POINT('',(-9.1,0.,0.));
#6439=CARTESIAN_POINT('',(-9.09999999999925,0.5,16.2625671423388));
#6440=CARTESIAN_POINT('',(-9.1,0.5,14.6));
#6441=CARTESIAN_POINT('',(-9.1,0.,14.6));
#6442=CARTESIAN_POINT('',(-9.1,7.69827086927724,14.3337962760156));
#6443=CARTESIAN_POINT('',(-9.1,7.70864657953537,14.3517675333473));
#6444=CARTESIAN_POINT('',(-9.10330503982447,7.71914544326476,14.3699520987484));
#6445=CARTESIAN_POINT('',(-9.10968008736142,7.72901940172053,14.3870542964656));
#6446=CARTESIAN_POINT('',(-9.11656314212704,7.73968018446928,14.4055193138349));
#6447=CARTESIAN_POINT('',(-9.12722281512523,7.74989387580129,14.4232099461547));
#6448=CARTESIAN_POINT('',(-9.14077713866048,7.75881388016889,14.4386598469232));
#6449=CARTESIAN_POINT('',(-9.15432780541154,7.7677314780327,14.4541055795047));
#6450=CARTESIAN_POINT('',(-9.17114565410737,7.7756021539976,14.4677379901659));
#6451=CARTESIAN_POINT('',(-9.18983790543511,7.78177294236582,14.4784261091424));
#6452=CARTESIAN_POINT('',(-9.20852194380591,7.78794101942771,14.4891095319986));
#6453=CARTESIAN_POINT('',(-9.22959441633042,7.79258088313158,14.4971460116739));
#6454=CARTESIAN_POINT('',(-9.25130934037813,7.79530742223864,14.5018685159361));
#6455=CARTESIAN_POINT('',(-9.27301518271722,7.79803282104084,14.5065890451324));
#6456=CARTESIAN_POINT('',(-9.29596178417621,7.79892168302325,14.5081285992469));
#6457=CARTESIAN_POINT('',(-9.31824813482808,7.7979002427661,14.5063594128246));
#6458=CARTESIAN_POINT('',(-9.32145165142111,7.79775341743504,14.5061051038914));
#6459=CARTESIAN_POINT('',(-9.32464900856844,7.79756786363202,14.505783715277));
#6460=CARTESIAN_POINT('',(-9.32783462019201,7.7973439061266,14.5053958094989));
#6461=CARTESIAN_POINT('',(-9.32783462019201,7.7973439061266,14.5053958094989));
#6462=CARTESIAN_POINT('',(-9.32783462019201,0.,0.));
#6463=CARTESIAN_POINT('',(-9.32783462019201,0.5,16.4607132160377));
#6464=CARTESIAN_POINT('',(-9.09999999999925,0.5,16.2625671423388));
#6465=CARTESIAN_POINT('',(-9.09999999999924,0.5,16.2782250434297));
#6466=CARTESIAN_POINT('',(-9.10186239080334,0.5,16.2939896034441));
#6467=CARTESIAN_POINT('',(-9.10551119883007,0.5,16.309216424076));
#6468=CARTESIAN_POINT('',(-9.11073243135261,0.5,16.3310051206902));
#6469=CARTESIAN_POINT('',(-9.11978782917095,0.5,16.3521930199715));
#6470=CARTESIAN_POINT('',(-9.13192833902142,0.5,16.3710242862532));
#6471=CARTESIAN_POINT('',(-9.14406629842266,0.5,16.3898515965075));
#6472=CARTESIAN_POINT('',(-9.15962317779192,0.5,16.4068427715463));
#6473=CARTESIAN_POINT('',(-9.17731086324966,0.5,16.4205884418823));
#6474=CARTESIAN_POINT('',(-9.19499118731001,0.5,16.4343283914393));
#6475=CARTESIAN_POINT('',(-9.21528855590353,0.5,16.4452046444312));
#6476=CARTESIAN_POINT('',(-9.23652130882938,0.5,16.4523145161527));
#6477=CARTESIAN_POINT('',(-9.25774470762951,0.5,16.4594212556079));
#6478=CARTESIAN_POINT('',(-9.28048825764076,0.5,16.4629609884193));
#6479=CARTESIAN_POINT('',(-9.30286760804962,0.5,16.462639931428));
#6480=CARTESIAN_POINT('',(-9.3112138307295,0.5,16.4625201954619));
#6481=CARTESIAN_POINT('',(-9.31956884576537,0.5,16.46187543067));
#6482=CARTESIAN_POINT('',(-9.32783462019201,0.5,16.4607132160377));
#6483=CARTESIAN_POINT('',(-9.3,0.,0.));
#6484=CARTESIAN_POINT('',(-9.32783462019201,7.7973439061266,14.5053958094989));
#6485=CARTESIAN_POINT('',(-19.2649777855808,7.09873464130058,13.2953690681819));
#6486=CARTESIAN_POINT('',(-29.2021009866885,6.40005436150343,12.0852193253268));
#6487=CARTESIAN_POINT('',(-39.1391731009639,5.7011924823155,10.8747550431002));
#6488=CARTESIAN_POINT('',(-39.1391731009639,5.7011924823155,10.8747550431002));
#6489=CARTESIAN_POINT('',(-39.1391731009639,0.,0.));
#6490=CARTESIAN_POINT('',(-39.139173100964,0.5,12.2684103684159));
#6491=CARTESIAN_POINT('',(-39.139173100964,0.5,12.2684103684159));
#6492=CARTESIAN_POINT('',(-30.167090677845,0.5,13.53040108567));
#6493=CARTESIAN_POINT('',(-21.1949661950699,0.5,14.7920927838121));
#6494=CARTESIAN_POINT('',(-12.2228237377383,0.5,16.0536566161347));
#6495=CARTESIAN_POINT('',(-11.2578275894039,0.5,16.1893437438033));
#6496=CARTESIAN_POINT('',(-10.2928312113423,0.5,16.3250292376783));
#6497=CARTESIAN_POINT('',(-9.32783462019201,0.5,16.4607132160377));
#6498=CARTESIAN_POINT('',(-9.32783462019201,0.,0.));
#6499=CARTESIAN_POINT('',(-40.0000000000038,5.20561130753444,10.0163832691047));
#6500=CARTESIAN_POINT('',(-40.0000000000038,5.24805196853743,10.0898926502687));
#6501=CARTESIAN_POINT('',(-39.9890392965555,5.29083128604162,10.1639886016991));
#6502=CARTESIAN_POINT('',(-39.9676394385533,5.33190099782224,10.2351234291553));
#6503=CARTESIAN_POINT('',(-39.9393684304537,5.38615753327606,10.329098505204));
#6504=CARTESIAN_POINT('',(-39.8919672120726,5.43872264164075,10.420143943597));
#6505=CARTESIAN_POINT('',(-39.8293527663087,5.48523545610748,10.5007065014564));
#6506=CARTESIAN_POINT('',(-39.7667736417209,5.53172203242287,10.5812236135046));
#6507=CARTESIAN_POINT('',(-39.6872692582929,5.57344646702309,10.6534924541493));
#6508=CARTESIAN_POINT('',(-39.5974231821311,5.60694212548287,10.7115086364346));
#6509=CARTESIAN_POINT('',(-39.5076534932457,5.64040930588069,10.7694754932697));
#6510=CARTESIAN_POINT('',(-39.4050805215587,5.6665854549505,10.8148139134051));
#6511=CARTESIAN_POINT('',(-39.298206439968,5.68329425788365,10.8437544090189));
#6512=CARTESIAN_POINT('',(-39.2463451570602,5.69140230375471,10.8577979564177));
#6513=CARTESIAN_POINT('',(-39.1929808390444,5.69740825125454,10.868200562635));
#6514=CARTESIAN_POINT('',(-39.1391731009639,5.7011924823155,10.8747550431002));
#6515=CARTESIAN_POINT('',(-40.0000000000038,0.5,11.2772480188529));
#6516=CARTESIAN_POINT('',(-40.0000000000038,0.5,11.3886046481898));
#6517=CARTESIAN_POINT('',(-39.9809170220362,0.5,11.501477210692));
#6518=CARTESIAN_POINT('',(-39.9443020745717,0.5,11.6066420551956));
#6519=CARTESIAN_POINT('',(-39.9074344057089,0.5,11.7125327619054));
#6520=CARTESIAN_POINT('',(-39.8517690496093,0.5,11.8135196591627));
#6521=CARTESIAN_POINT('',(-39.7819086478916,0.5,11.9012213754897));
#6522=CARTESIAN_POINT('',(-39.7120945682905,0.5,11.9888649397157));
#6523=CARTESIAN_POINT('',(-39.6261753823583,0.5,12.0656604321907));
#6524=CARTESIAN_POINT('',(-39.5312682362821,0.5,12.1252258053906));
#6525=CARTESIAN_POINT('',(-39.4364433044373,0.5,12.184739579511));
#6526=CARTESIAN_POINT('',(-39.3300275967191,0.5,12.2286956511855));
#6527=CARTESIAN_POINT('',(-39.2208424086142,0.5,12.2534393717613));
#6528=CARTESIAN_POINT('',(-39.1938501382725,0.5,12.2595564028956));
#6529=CARTESIAN_POINT('',(-39.166580030345,0.5,12.2645553781432));
#6530=CARTESIAN_POINT('',(-39.139173100964,0.5,12.2684103684159));
#6531=CARTESIAN_POINT('',(-39.0000000000038,0.,0.));
#6532=CARTESIAN_POINT('',(-40.0000000000038,0.5,9.49999999999999));
#6533=CARTESIAN_POINT('',(-40.0000000000038,-0.5,9.49999999999999));
#6534=CARTESIAN_POINT('',(-40.0000000000038,-0.5,9.49999999999999));
#6535=CARTESIAN_POINT('',(0.,-0.5,0.));
#6536=CARTESIAN_POINT('',(0.,0.5,0.));
#6537=CARTESIAN_POINT('',(-9.99999999994318,-0.433012701892218,0.250000000000003));
#6538=CARTESIAN_POINT('',(-9.99999999994318,0.433012701892221,-0.249999999999996));
#6539=CARTESIAN_POINT('',(-9.99999999994318,-0.433012701892218,0.250000000000003));
#6540=CARTESIAN_POINT('',(-3.55511655611538E-48,-0.433012701892218,0.249999999999999));
#6541=CARTESIAN_POINT('',(-3.55511655611538E-48,0.43301270189222,-0.25));
#6542=CARTESIAN_POINT('',(-40.0000000000038,8.47724133595218,4.31698729810774));
#6543=CARTESIAN_POINT('',(0.,0.249999999999998,-0.43301270189222));
#6544=CARTESIAN_POINT('',(-40.0000000000038,7.97724133595218,5.18301270189218));
#6545=CARTESIAN_POINT('',(-40.0000000000038,7.97724133595218,5.18301270189218));
#6546=CARTESIAN_POINT('',(0.,-0.249999999999999,0.43301270189222));
#6547=CARTESIAN_POINT('',(-40.0000000000038,7.97724133595215,-5.18301270189224));
#6548=CARTESIAN_POINT('',(0.,-0.250000000000001,-0.433012701892219));
#6549=CARTESIAN_POINT('',(-40.0000000000038,8.47724133595215,-4.3169872981078));
#6550=CARTESIAN_POINT('',(0.,0.250000000000001,0.433012701892219));
#6551=CARTESIAN_POINT('',(-40.0000000000038,8.47724133595215,-4.3169872981078));
#6552=CARTESIAN_POINT('',(-40.0000000000038,-0.500000000000022,-9.49999999999999));
#6553=CARTESIAN_POINT('',(0.,-0.5,1.17145536458252E-15));
#6554=CARTESIAN_POINT('',(-40.0000000000038,0.499999999999978,-9.5));
#6555=CARTESIAN_POINT('',(0.,0.5,-1.17145536458252E-15));
#6556=CARTESIAN_POINT('',(-40.0000000000038,0.499999999999978,-9.5));
#6557=CARTESIAN_POINT('',(-40.0000000000038,-8.47724133595217,-4.31698729810776));
#6558=CARTESIAN_POINT('',(0.,-0.249999999999999,0.43301270189222));
#6559=CARTESIAN_POINT('',(-40.0000000000038,-7.97724133595217,-5.1830127018922));
#6560=CARTESIAN_POINT('',(0.,0.249999999999999,-0.43301270189222));
#6561=CARTESIAN_POINT('',(-40.0000000000038,-7.97724133595217,-5.1830127018922));
#6562=CARTESIAN_POINT('',(-40.0000000000038,-7.97724133595216,5.18301270189222));
#6563=CARTESIAN_POINT('',(-40.0000000000038,-8.47724133595216,4.31698729810778));
#6564=CARTESIAN_POINT('',(-40.0000000000038,-8.47724133595216,4.31698729810778));
#6565=CARTESIAN_POINT('',(0.,-0.25,-0.433012701892219));
#6566=CARTESIAN_POINT('',(0.,0.25,0.433012701892219));
#6567=CARTESIAN_POINT('',(-9.99999999994318,2.00577401909818E-15,-0.5));
#6568=CARTESIAN_POINT('',(-3.55511655611538E-48,-2.03287907341032E-15,-0.500000000000001));
#6569=CARTESIAN_POINT('',(-9.99999999994318,5.99021700298241E-15,0.5));
#6570=CARTESIAN_POINT('',(-9.99999999994318,5.99021700298241E-15,0.5));
#6571=CARTESIAN_POINT('',(-3.55511655611538E-48,6.23416249179165E-16,0.500000000000001));
#6572=CARTESIAN_POINT('',(-9.99999999994318,0.433012701892222,0.249999999999995));
#6573=CARTESIAN_POINT('',(-3.55511655611538E-48,0.433012701892219,0.249999999999998));
#6574=CARTESIAN_POINT('',(-9.99999999994318,-0.433012701892218,-0.250000000000002));
#6575=CARTESIAN_POINT('',(-3.55511655611538E-48,-0.433012701892221,-0.249999999999999));
#6576=CARTESIAN_POINT('',(-9.99999999994318,0.433012701892222,0.249999999999995));
#6577=CARTESIAN_POINT('',(-9.99999999994318,0.433012701892217,-0.250000000000004));
#6578=CARTESIAN_POINT('',(-3.55511655611538E-48,0.433012701892218,-0.25));
#6579=CARTESIAN_POINT('',(-9.99999999994318,-0.433012701892221,0.249999999999997));
#6580=CARTESIAN_POINT('',(-3.55511655611538E-48,-0.43301270189222,0.250000000000001));
#6581=CARTESIAN_POINT('',(-9.99999999994318,0.433012701892217,-0.250000000000004));
#6582=CARTESIAN_POINT('',(-9.99999999994318,-4.60785923306339E-15,-0.5));
#6583=CARTESIAN_POINT('',(-3.55511655611538E-48,-5.6920614055489E-16,-0.499999999999999));
#6584=CARTESIAN_POINT('',(-9.99999999994318,-3.3881317890172E-15,0.5));
#6585=CARTESIAN_POINT('',(-3.55511655611538E-48,6.23416249179165E-16,0.500000000000001));
#6586=CARTESIAN_POINT('',(-9.99999999994318,-4.60785923306339E-15,-0.5));
#6587=CARTESIAN_POINT('',(-9.99999999994318,-0.433012701892222,-0.249999999999996));
#6588=CARTESIAN_POINT('',(-9.99999999994318,0.433012701892217,0.250000000000003));
#6589=CARTESIAN_POINT('',(-9.99999999994318,-0.433012701892222,-0.249999999999996));
#6590=CARTESIAN_POINT('',(-3.55511655611538E-48,-0.433012701892218,-0.249999999999999));
#6591=CARTESIAN_POINT('',(-3.55511655611538E-48,0.43301270189222,0.25));
#6592=MECHANICAL_DESIGN_GEOMETRIC_PRESENTATION_REPRESENTATION('',(#29,#23,
#24,#25,#26,#27),#6593);
#6593=(
GEOMETRIC_REPRESENTATION_CONTEXT(3)
GLOBAL_UNCERTAINTY_ASSIGNED_CONTEXT((#6594))
GLOBAL_UNIT_ASSIGNED_CONTEXT((#6600,#6596,#6595))
REPRESENTATION_CONTEXT('Collet ER32 11mm','TOP_LEVEL_ASSEMBLY_PART')
);
#6594=UNCERTAINTY_MEASURE_WITH_UNIT(LENGTH_MEASURE(0.0508),#6600,
'DISTANCE_ACCURACY_VALUE','Maximum Tolerance applied to model');
#6595=(
NAMED_UNIT(*)
SI_UNIT($,.STERADIAN.)
SOLID_ANGLE_UNIT()
);
#6596=(
CONVERSION_BASED_UNIT('DEGREE',#6598)
NAMED_UNIT(#6597)
PLANE_ANGLE_UNIT()
);
#6597=DIMENSIONAL_EXPONENTS(0.,0.,0.,0.,0.,0.,0.);
#6598=PLANE_ANGLE_MEASURE_WITH_UNIT(PLANE_ANGLE_MEASURE(0.0174532925),#6599);
#6599=(
NAMED_UNIT(*)
PLANE_ANGLE_UNIT()
SI_UNIT($,.RADIAN.)
);
#6600=(
LENGTH_UNIT()
NAMED_UNIT(*)
SI_UNIT(.MILLI.,.METRE.)
);
ENDSEC;
END-ISO-10303-21;
