ISO-10303-21;
HEADER;
/* Generated by software containing ST-Developer
 * from STEP Tools, Inc. (www.steptools.com) 
 */
/* OPTION: using custom schema-name function */

FILE_DESCRIPTION(
/* description */ (''),
/* implementation_level */ '2;1');

FILE_NAME(
/* name */ 'Collet ER32 6mm.stp',
/* time_stamp */ '2022-11-19T12:00:34+02:00',
/* author */ (''),
/* organization */ (''),
/* preprocessor_version */ 'ST-DEVELOPER v18.102',
/* originating_system */ 'SIEMENS PLM Software NX 2027',
/* authorisation */ '');

FILE_SCHEMA (('AUTOMOTIVE_DESIGN { 1 0 10303 214 3 1 1 1 }'));
ENDSEC;

DATA;
#10=SHAPE_REPRESENTATION_RELATIONSHIP('None',
'relationship between Collet ER32 6mm-None and Collet ER32 6mm-None',#22,
#11);
#11=ADVANCED_BREP_SHAPE_REPRESENTATION('Collet ER32 6mm-None',(#54),#6724);
#12=SHAPE_DEFINITION_REPRESENTATION(#13,#22);
#13=PRODUCT_DEFINITION_SHAPE('','',#14);
#14=PRODUCT_DEFINITION(' ','',#16,#15);
#15=PRODUCT_DEFINITION_CONTEXT('part definition',#21,'design');
#16=PRODUCT_DEFINITION_FORMATION_WITH_SPECIFIED_SOURCE(' ',' ',#18,
 .NOT_KNOWN.);
#17=PRODUCT_RELATED_PRODUCT_CATEGORY('part','',(#18));
#18=PRODUCT('Collet ER32 6mm','Collet ER32 6mm',' ',(#19));
#19=PRODUCT_CONTEXT(' ',#21,'mechanical');
#20=APPLICATION_PROTOCOL_DEFINITION('international standard',
'automotive_design',2010,#21);
#21=APPLICATION_CONTEXT(
'core data for automotive mechanical design processes');
#22=SHAPE_REPRESENTATION('Collet ER32 6mm-None',(#3212),#6724);
#23=OVER_RIDING_STYLED_ITEM('',(#29),#334,#27);
#24=OVER_RIDING_STYLED_ITEM('',(#30),#335,#27);
#25=OVER_RIDING_STYLED_ITEM('',(#31),#337,#27);
#26=PRESENTATION_LAYER_ASSIGNMENT('1','Layer 1',(#54));
#27=STYLED_ITEM('',(#28),#54);
#28=PRESENTATION_STYLE_ASSIGNMENT((#32));
#29=PRESENTATION_STYLE_ASSIGNMENT((#33));
#30=PRESENTATION_STYLE_ASSIGNMENT((#34));
#31=PRESENTATION_STYLE_ASSIGNMENT((#35));
#32=SURFACE_STYLE_USAGE(.BOTH.,#36);
#33=SURFACE_STYLE_USAGE(.BOTH.,#37);
#34=SURFACE_STYLE_USAGE(.BOTH.,#38);
#35=SURFACE_STYLE_USAGE(.BOTH.,#39);
#36=SURFACE_SIDE_STYLE('',(#40));
#37=SURFACE_SIDE_STYLE('',(#41));
#38=SURFACE_SIDE_STYLE('',(#42));
#39=SURFACE_SIDE_STYLE('',(#43));
#40=SURFACE_STYLE_FILL_AREA(#44);
#41=SURFACE_STYLE_FILL_AREA(#45);
#42=SURFACE_STYLE_FILL_AREA(#46);
#43=SURFACE_STYLE_FILL_AREA(#47);
#44=FILL_AREA_STYLE('',(#48));
#45=FILL_AREA_STYLE('',(#49));
#46=FILL_AREA_STYLE('',(#50));
#47=FILL_AREA_STYLE('',(#51));
#48=FILL_AREA_STYLE_COLOUR('',#52);
#49=FILL_AREA_STYLE_COLOUR('',#53);
#50=FILL_AREA_STYLE_COLOUR('',#53);
#51=FILL_AREA_STYLE_COLOUR('',#53);
#52=COLOUR_RGB('light gray',0.8,0.8,0.8);
#53=COLOUR_RGB('iron gray',0.298039215686275,0.298039215686275,0.298039215686275);
#54=MANIFOLD_SOLID_BREP('',#55);
#55=CLOSED_SHELL('',(#324,#325,#326,#327,#328,#329,#330,#331,#332,#333,
#334,#335,#336,#337,#338,#339,#340,#341,#342,#343,#344,#345,#346,#347,#348,
#349,#350,#351,#352,#353,#354,#355,#356,#357,#358,#359,#360,#361,#362,#363,
#364,#365,#366,#367,#368,#369,#370,#371,#372,#373,#374,#375,#376,#377,#378,
#379,#380,#381,#382,#383,#384,#385,#386,#387,#388,#389,#390,#391,#392,#393,
#394,#395,#396,#397,#398,#399,#400,#401,#402,#403,#404,#405,#406,#407,#408,
#409,#410,#411,#412,#413,#414,#415,#416,#417,#418,#419,#420,#421,#422,#423,
#424,#425,#426,#427,#428,#429,#430,#431,#432,#433,#434,#435,#436,#437,#438,
#439,#440,#441,#442,#443,#444,#445,#446,#447,#448,#449,#450,#451,#452,#453,
#454,#455,#456,#457,#458,#459,#460,#461,#462,#463,#464,#465,#466,#467,#468,
#469,#470,#471,#472,#473,#474,#475,#476,#477,#478,#479,#480,#481,#482,#483));
#56=ELLIPSE('',#3312,20.31000933703,14.2188072943103);
#57=ELLIPSE('',#3318,20.31000933703,14.2188072943103);
#58=ELLIPSE('',#3322,20.31000933703,14.2188072943103);
#59=ELLIPSE('',#3326,20.31000933703,14.2188072943103);
#60=ELLIPSE('',#3330,20.31000933703,14.2188072943103);
#61=ELLIPSE('',#3421,20.31000933703,14.2188072943103);
#62=ELLIPSE('',#3439,10.6066017177982,7.5);
#63=ELLIPSE('',#3448,10.6066017177982,7.5);
#64=ELLIPSE('',#3453,10.6066017177982,7.5);
#65=ELLIPSE('',#3457,10.6066017177982,7.5);
#66=ELLIPSE('',#3461,10.6066017177982,7.5);
#67=ELLIPSE('',#3463,10.6066017177982,7.5);
#68=TOROIDAL_SURFACE('',#3263,16.1535898384862,0.2);
#69=TOROIDAL_SURFACE('',#3265,16.1535898384862,0.2);
#70=TOROIDAL_SURFACE('',#3267,16.1535898384862,0.2);
#71=TOROIDAL_SURFACE('',#3269,16.1535898384862,0.2);
#72=TOROIDAL_SURFACE('',#3271,16.1535898384862,0.2);
#73=TOROIDAL_SURFACE('',#3303,16.2702516900963,0.2);
#74=TOROIDAL_SURFACE('',#3305,16.2702516900963,0.2);
#75=TOROIDAL_SURFACE('',#3307,16.2702516900963,0.2);
#76=TOROIDAL_SURFACE('',#3309,16.2702516900963,0.2);
#77=TOROIDAL_SURFACE('',#3311,16.2702516900963,0.2);
#78=TOROIDAL_SURFACE('',#3332,11.2883268414199,1.);
#79=TOROIDAL_SURFACE('',#3333,11.2883268414199,1.);
#80=TOROIDAL_SURFACE('',#3334,11.2883268414199,1.);
#81=TOROIDAL_SURFACE('',#3336,11.2883268414199,1.);
#82=TOROIDAL_SURFACE('',#3337,11.2883268414199,1.);
#83=TOROIDAL_SURFACE('',#3365,16.1535898384862,0.2);
#84=TOROIDAL_SURFACE('',#3367,16.1535898384862,0.2);
#85=TOROIDAL_SURFACE('',#3369,16.1535898384862,0.2);
#86=TOROIDAL_SURFACE('',#3371,16.1535898384862,0.2);
#87=TOROIDAL_SURFACE('',#3373,16.1535898384862,0.2);
#88=TOROIDAL_SURFACE('',#3375,16.1535898384862,0.2);
#89=TOROIDAL_SURFACE('',#3412,16.2702516900963,0.2);
#90=TOROIDAL_SURFACE('',#3414,16.2702516900963,0.2);
#91=TOROIDAL_SURFACE('',#3415,16.2702516900963,0.2);
#92=TOROIDAL_SURFACE('',#3416,16.2702516900963,0.2);
#93=TOROIDAL_SURFACE('',#3417,16.2702516900963,0.2);
#94=TOROIDAL_SURFACE('',#3419,16.2702516900963,0.2);
#95=TOROIDAL_SURFACE('',#3430,16.1535898384862,0.2);
#96=TOROIDAL_SURFACE('',#3437,16.2702516900963,0.2);
#97=TOROIDAL_SURFACE('',#3438,11.2883268414199,1.);
#98=CONICAL_SURFACE('',#3249,13.3245735194571,29.9999999999998);
#99=CONICAL_SURFACE('',#3252,13.3245735194571,29.9999999999998);
#100=CONICAL_SURFACE('',#3255,13.3245735194571,29.9999999999998);
#101=CONICAL_SURFACE('',#3258,13.3245735194571,29.9999999999998);
#102=CONICAL_SURFACE('',#3261,13.3245735194571,29.9999999999998);
#103=CONICAL_SURFACE('',#3315,16.4683053038446,7.99999999999986);
#104=CONICAL_SURFACE('',#3319,16.4683053038446,7.99999999999986);
#105=CONICAL_SURFACE('',#3323,16.4683053038446,7.99999999999986);
#106=CONICAL_SURFACE('',#3327,16.4683053038446,7.99999999999986);
#107=CONICAL_SURFACE('',#3331,16.4683053038446,7.99999999999986);
#108=CONICAL_SURFACE('',#3353,13.3245735194571,29.9999999999998);
#109=CONICAL_SURFACE('',#3355,13.3245735194571,29.9999999999998);
#110=CONICAL_SURFACE('',#3357,13.3245735194571,29.9999999999998);
#111=CONICAL_SURFACE('',#3359,13.3245735194571,29.9999999999998);
#112=CONICAL_SURFACE('',#3361,13.3245735194571,29.9999999999998);
#113=CONICAL_SURFACE('',#3363,13.3245735194571,29.9999999999998);
#114=CONICAL_SURFACE('',#3422,16.4683053038446,7.99999999999986);
#115=CONICAL_SURFACE('',#3428,13.3245735194571,29.9999999999998);
#116=FACE_BOUND('',#677,.T.);
#117=FACE_BOUND('',#678,.T.);
#118=FACE_BOUND('',#722,.T.);
#119=FACE_BOUND('',#723,.T.);
#120=FACE_BOUND('',#724,.T.);
#121=FACE_BOUND('',#725,.T.);
#122=B_SPLINE_CURVE_WITH_KNOTS('',3,(#4443,#4444,#4445,#4446,#4447,#4448,
#4449,#4450,#4451,#4452,#4453,#4454,#4455,#4456,#4457,#4458,#4459,#4460,
#4461,#4462,#4463,#4464,#4465,#4466),.UNSPECIFIED.,.F.,.F.,(4,2,2,2,2,2,
2,2,2,2,2,4),(0.,0.073021300666514,0.146073797971852,0.250118263830971,
0.353969654394648,0.455213897078066,0.556424973994025,0.650717825399272,
0.744816154443382,0.833268583744845,0.921721013046309,1.),.UNSPECIFIED.);
#123=B_SPLINE_CURVE_WITH_KNOTS('',3,(#4469,#4470,#4471,#4472,#4473,#4474,
#4475,#4476,#4477,#4478),.UNSPECIFIED.,.F.,.F.,(4,2,2,2,4),(0.,0.287223374266236,
0.572214339819507,0.786859434128617,1.),.UNSPECIFIED.);
#124=B_SPLINE_CURVE_WITH_KNOTS('',3,(#4481,#4482,#4483,#4484,#4485,#4486,
#4487,#4488,#4489,#4490,#4491,#4492,#4493,#4494),.UNSPECIFIED.,.F.,.F.,
(4,2,2,2,2,2,4),(0.,0.177671410591112,0.339257343680149,0.501554066143378,
0.669486091469916,0.836718228455257,1.),.UNSPECIFIED.);
#125=B_SPLINE_CURVE_WITH_KNOTS('',3,(#4497,#4498,#4499,#4500,#4501,#4502),
 .UNSPECIFIED.,.F.,.F.,(4,2,4),(0.,0.491166077738516,1.),.UNSPECIFIED.);
#126=B_SPLINE_CURVE_WITH_KNOTS('',3,(#4510,#4511,#4512,#4513,#4514,#4515,
#4516,#4517,#4518,#4519,#4520,#4521,#4522,#4523,#4524,#4525),
 .UNSPECIFIED.,.F.,.F.,(4,2,2,2,2,2,2,4),(0.,0.171875428414406,0.309375771145932,
0.446307824449373,0.593552752060186,0.741371385698012,0.870359620146304,
1.),.UNSPECIFIED.);
#127=B_SPLINE_CURVE_WITH_KNOTS('',3,(#4529,#4530,#4531,#4532,#4533,#4534,
#4535,#4536,#4537,#4538,#4539,#4540,#4541,#4542,#4543,#4544),
 .UNSPECIFIED.,.F.,.F.,(4,2,2,2,2,2,2,4),(0.,0.144319554043989,0.28827228731691,
0.46851227468356,0.60053332574457,0.758794585712114,0.91705584567966,1.),
 .UNSPECIFIED.);
#128=B_SPLINE_CURVE_WITH_KNOTS('',3,(#4554,#4555,#4556,#4557),
 .UNSPECIFIED.,.F.,.F.,(4,4),(0.,1.),.UNSPECIFIED.);
#129=B_SPLINE_CURVE_WITH_KNOTS('',3,(#4562,#4563,#4564,#4565,#4566,#4567,
#4568),.UNSPECIFIED.,.F.,.F.,(4,3,4),(0.,0.512548515721888,1.),
 .UNSPECIFIED.);
#130=B_SPLINE_CURVE_WITH_KNOTS('',3,(#4572,#4573,#4574,#4575,#4576,#4577,
#4578),.UNSPECIFIED.,.F.,.F.,(4,3,4),(0.,0.7446551956006,1.),
 .UNSPECIFIED.);
#131=B_SPLINE_CURVE_WITH_KNOTS('',3,(#4583,#4584,#4585,#4586),
 .UNSPECIFIED.,.F.,.F.,(4,4),(0.,1.),.UNSPECIFIED.);
#132=B_SPLINE_CURVE_WITH_KNOTS('',3,(#4590,#4591,#4592,#4593),
 .UNSPECIFIED.,.F.,.F.,(4,4),(0.,1.),.UNSPECIFIED.);
#133=B_SPLINE_CURVE_WITH_KNOTS('',3,(#4598,#4599,#4600,#4601),
 .UNSPECIFIED.,.F.,.F.,(4,4),(0.,1.),.UNSPECIFIED.);
#134=B_SPLINE_CURVE_WITH_KNOTS('',3,(#4605,#4606,#4607,#4608),
 .UNSPECIFIED.,.F.,.F.,(4,4),(0.,1.),.UNSPECIFIED.);
#135=B_SPLINE_CURVE_WITH_KNOTS('',3,(#4613,#4614,#4615,#4616),
 .UNSPECIFIED.,.F.,.F.,(4,4),(0.,1.),.UNSPECIFIED.);
#136=B_SPLINE_CURVE_WITH_KNOTS('',3,(#4620,#4621,#4622,#4623,#4624,#4625,
#4626),.UNSPECIFIED.,.F.,.F.,(4,3,4),(0.,0.744655195600597,1.),
 .UNSPECIFIED.);
#137=B_SPLINE_CURVE_WITH_KNOTS('',3,(#4631,#4632,#4633,#4634),
 .UNSPECIFIED.,.F.,.F.,(4,4),(0.,1.),.UNSPECIFIED.);
#138=B_SPLINE_CURVE_WITH_KNOTS('',3,(#4638,#4639,#4640,#4641,#4642,#4643,
#4644,#4645,#4646,#4647,#4648,#4649,#4650,#4651,#4652,#4653,#4654,#4655,
#4656,#4657,#4658,#4659),.UNSPECIFIED.,.F.,.F.,(4,3,3,3,3,3,3,4),(0.,0.160472256265546,
0.321492454908532,0.482492819023637,0.643512745880274,0.804592855707254,
0.965748311461439,1.),.UNSPECIFIED.);
#139=B_SPLINE_CURVE_WITH_KNOTS('',3,(#4661,#4662,#4663,#4664,#4665,#4666,
#4667,#4668,#4669,#4670,#4671,#4672,#4673,#4674,#4675,#4676,#4677,#4678,
#4679,#4680,#4681,#4682),.UNSPECIFIED.,.F.,.F.,(4,3,3,3,3,3,3,4),(0.,0.13110003671799,
0.292105240749928,0.453072968375767,0.614051321031028,0.775083910915291,
0.936191448438253,1.),.UNSPECIFIED.);
#140=B_SPLINE_CURVE_WITH_KNOTS('',3,(#4686,#4687,#4688,#4689,#4690,#4691,
#4692,#4693,#4694,#4695,#4696,#4697,#4698,#4699,#4700,#4701,#4702,#4703,
#4704,#4705,#4706,#4707,#4708,#4709,#4710),.UNSPECIFIED.,.F.,.F.,(4,3,3,
3,3,3,3,3,4),(0.,0.0126907969394681,0.173865294030946,0.334976020081459,
0.49606130517722,0.595899796483984,0.757141169030675,0.918379181778963,
1.),.UNSPECIFIED.);
#141=B_SPLINE_CURVE_WITH_KNOTS('',3,(#4712,#4713,#4714,#4715,#4716,#4717,
#4718,#4719,#4720,#4721,#4722,#4723,#4724,#4725,#4726,#4727,#4728,#4729,
#4730,#4731,#4732,#4733),.UNSPECIFIED.,.F.,.F.,(4,3,3,3,3,3,3,4),(0.,0.160472256265548,
0.321492454908531,0.482492819023637,0.643512745880279,0.804592855707252,
0.965748311461439,1.),.UNSPECIFIED.);
#142=B_SPLINE_CURVE_WITH_KNOTS('',3,(#4737,#4738,#4739,#4740,#4741,#4742,
#4743,#4744,#4745,#4746,#4747,#4748,#4749,#4750,#4751,#4752,#4753,#4754,
#4755,#4756,#4757,#4758),.UNSPECIFIED.,.F.,.F.,(4,3,3,3,3,3,3,4),(0.,0.160472256266445,
0.321492454909429,0.482492819024535,0.643512745881179,0.804592855708157,
0.965748311462353,1.),.UNSPECIFIED.);
#143=B_SPLINE_CURVE_WITH_KNOTS('',3,(#4760,#4761,#4762,#4763,#4764,#4765,
#4766,#4767,#4768,#4769,#4770,#4771,#4772,#4773,#4774,#4775,#4776,#4777,
#4778,#4779,#4780,#4781),.UNSPECIFIED.,.F.,.F.,(4,3,3,3,3,3,3,4),(0.,0.160472256275827,
0.321492454918826,0.482492819033943,0.643512745890605,0.804592855717606,
0.965748311471808,1.),.UNSPECIFIED.);
#144=B_SPLINE_CURVE_WITH_KNOTS('',3,(#4785,#4786,#4787,#4788,#4789,#4790,
#4791,#4792,#4793,#4794,#4795,#4796,#4797,#4798,#4799,#4800,#4801,#4802,
#4803,#4804,#4805,#4806),.UNSPECIFIED.,.F.,.F.,(4,3,3,3,3,3,3,4),(0.,0.160472256268286,
0.321492454911276,0.482492819026387,0.643512745883027,0.804592855710015,
0.965748311464204,1.),.UNSPECIFIED.);
#145=B_SPLINE_CURVE_WITH_KNOTS('',3,(#4808,#4809,#4810,#4811,#4812,#4813,
#4814,#4815,#4816,#4817,#4818,#4819,#4820,#4821,#4822,#4823,#4824,#4825,
#4826,#4827,#4828,#4829,#4830,#4831,#4832),.UNSPECIFIED.,.F.,.F.,(4,3,3,
3,3,3,3,3,4),(0.,0.0026899005740458,0.163850295714816,0.32494530864751,
0.486011969663358,0.585837216078755,0.747055439389918,0.908270237141547,
1.),.UNSPECIFIED.);
#146=B_SPLINE_CURVE_WITH_KNOTS('',3,(#4836,#4837,#4838,#4839,#4840,#4841,
#4842,#4843,#4844,#4845,#4846,#4847,#4848,#4849,#4850,#4851,#4852,#4853,
#4854,#4855,#4856,#4857),.UNSPECIFIED.,.F.,.F.,(4,3,3,3,3,3,3,4),(0.,0.145888323870957,
0.30690288372417,0.467884016944067,0.628880294628562,0.789933901930413,
0.951062795890442,1.),.UNSPECIFIED.);
#147=B_SPLINE_CURVE_WITH_KNOTS('',3,(#4859,#4860,#4861,#4862,#4863,#4864,
#4865,#4866,#4867,#4868,#4869,#4870,#4871,#4872,#4873,#4874,#4875,#4876,
#4877,#4878,#4879,#4880),.UNSPECIFIED.,.F.,.F.,(4,3,3,3,3,3,3,4),(0.,0.160472256265546,
0.321492454908531,0.482492819023636,0.643512745880272,0.804592855707254,
0.965748311461448,1.),.UNSPECIFIED.);
#148=B_SPLINE_CURVE_WITH_KNOTS('',3,(#4974,#4975,#4976,#4977,#4978,#4979,
#4980,#4981,#4982,#4983,#4984,#4985,#4986,#4987,#4988,#4989,#4990,#4991,
#4992),.UNSPECIFIED.,.F.,.F.,(4,3,3,3,3,3,4),(0.,0.182825277031451,0.380236064223759,
0.577593757718225,0.774863825957109,0.972049814542091,1.),.UNSPECIFIED.);
#149=B_SPLINE_CURVE_WITH_KNOTS('',3,(#4994,#4995,#4996,#4997,#4998,#4999,
#5000,#5001,#5002,#5003,#5004,#5005,#5006,#5007,#5008,#5009,#5010,#5011,
#5012),.UNSPECIFIED.,.F.,.F.,(4,3,3,3,3,3,4),(0.,0.137753807521348,0.335130242902544,
0.532465636337544,0.729718214792429,0.926882414866768,1.),.UNSPECIFIED.);
#150=B_SPLINE_CURVE_WITH_KNOTS('',3,(#5016,#5017,#5018,#5019,#5020,#5021,
#5022,#5023,#5024,#5025,#5026,#5027,#5028,#5029,#5030,#5031,#5032,#5033,
#5034,#5035,#5036,#5037),.UNSPECIFIED.,.F.,.F.,(4,3,3,3,3,3,3,4),(0.,0.0837488518315394,
0.281297439978083,0.478820663365946,0.676269287841125,0.798754944319614,
0.996031906382423,1.),.UNSPECIFIED.);
#151=B_SPLINE_CURVE_WITH_KNOTS('',3,(#5039,#5040,#5041,#5042,#5043,#5044,
#5045,#5046,#5047,#5048,#5049,#5050,#5051,#5052,#5053,#5054,#5055,#5056,
#5057),.UNSPECIFIED.,.F.,.F.,(4,3,3,3,3,3,4),(0.,0.18282527703179,0.380236064224105,
0.577593757718566,0.774863825957456,0.97204981454243,1.),.UNSPECIFIED.);
#152=B_SPLINE_CURVE_WITH_KNOTS('',3,(#5061,#5062,#5063,#5064,#5065,#5066,
#5067,#5068,#5069,#5070,#5071,#5072,#5073,#5074,#5075,#5076,#5077,#5078,
#5079),.UNSPECIFIED.,.F.,.F.,(4,3,3,3,3,3,4),(0.,0.182825277031497,0.380236064223808,
0.577593757718281,0.774863825957166,0.972049814542157,1.),.UNSPECIFIED.);
#153=B_SPLINE_CURVE_WITH_KNOTS('',3,(#5081,#5082,#5083,#5084,#5085,#5086,
#5087,#5088,#5089,#5090,#5091,#5092,#5093,#5094,#5095,#5096,#5097,#5098,
#5099),.UNSPECIFIED.,.F.,.F.,(4,3,3,3,3,3,4),(0.,0.182825277031439,0.380236064223752,
0.577593757718219,0.774863825957112,0.972049814542098,1.),.UNSPECIFIED.);
#154=B_SPLINE_CURVE_WITH_KNOTS('',3,(#5103,#5104,#5105,#5106,#5107,#5108,
#5109,#5110,#5111,#5112,#5113,#5114,#5115,#5116,#5117,#5118,#5119,#5120,
#5121),.UNSPECIFIED.,.F.,.F.,(4,3,3,3,3,3,4),(0.,0.182825277031429,0.380236064223741,
0.577593757718207,0.7748638259571,0.972049814542077,1.),.UNSPECIFIED.);
#155=B_SPLINE_CURVE_WITH_KNOTS('',3,(#5123,#5124,#5125,#5126,#5127,#5128,
#5129,#5130,#5131,#5132,#5133,#5134,#5135,#5136,#5137,#5138,#5139,#5140,
#5141),.UNSPECIFIED.,.F.,.F.,(4,3,3,3,3,3,4),(0.,0.0886680616444381,0.286203658783383,
0.483712416607912,0.681145717141457,0.803619644989986,1.),.UNSPECIFIED.);
#156=B_SPLINE_CURVE_WITH_KNOTS('',3,(#5145,#5146,#5147,#5148,#5149,#5150,
#5151,#5152,#5153,#5154,#5155,#5156,#5157,#5158,#5159,#5160,#5161,#5162,
#5163),.UNSPECIFIED.,.F.,.F.,(4,3,3,3,3,3,4),(0.,0.13258318466637,0.329958716752583,
0.527294654752195,0.724548453488655,0.921713509243062,1.),.UNSPECIFIED.);
#157=B_SPLINE_CURVE_WITH_KNOTS('',3,(#5165,#5166,#5167,#5168,#5169,#5170,
#5171,#5172,#5173,#5174,#5175,#5176,#5177,#5178,#5179,#5180,#5181,#5182,
#5183),.UNSPECIFIED.,.F.,.F.,(4,3,3,3,3,3,4),(0.,0.182825277031565,0.380236064223872,
0.577593757718336,0.774863825957217,0.972049814542209,1.),.UNSPECIFIED.);
#158=B_SPLINE_CURVE_WITH_KNOTS('',3,(#5187,#5188,#5189,#5190),
 .UNSPECIFIED.,.F.,.F.,(4,4),(0.,1.),.UNSPECIFIED.);
#159=B_SPLINE_CURVE_WITH_KNOTS('',3,(#5192,#5193,#5194,#5195,#5196,#5197,
#5198),.UNSPECIFIED.,.F.,.F.,(4,3,4),(0.,0.901344219622234,1.),
 .UNSPECIFIED.);
#160=B_SPLINE_CURVE_WITH_KNOTS('',3,(#5202,#5203,#5204,#5205,#5206,#5207,
#5208),.UNSPECIFIED.,.F.,.F.,(4,3,4),(0.,0.901344219622234,1.),
 .UNSPECIFIED.);
#161=B_SPLINE_CURVE_WITH_KNOTS('',3,(#5212,#5213,#5214,#5215),
 .UNSPECIFIED.,.F.,.F.,(4,4),(0.,1.),.UNSPECIFIED.);
#162=B_SPLINE_CURVE_WITH_KNOTS('',3,(#5222,#5223,#5224,#5225),
 .UNSPECIFIED.,.F.,.F.,(4,4),(0.,1.),.UNSPECIFIED.);
#163=B_SPLINE_CURVE_WITH_KNOTS('',3,(#5229,#5230,#5231,#5232,#5233,#5234,
#5235),.UNSPECIFIED.,.F.,.F.,(4,3,4),(0.,0.154868832646842,1.),
 .UNSPECIFIED.);
#164=B_SPLINE_CURVE_WITH_KNOTS('',3,(#5236,#5237,#5238,#5239),
 .UNSPECIFIED.,.F.,.F.,(4,4),(0.,1.),.UNSPECIFIED.);
#165=B_SPLINE_CURVE_WITH_KNOTS('',3,(#5243,#5244,#5245,#5246),
 .UNSPECIFIED.,.F.,.F.,(4,4),(0.,1.),.UNSPECIFIED.);
#166=B_SPLINE_CURVE_WITH_KNOTS('',3,(#5251,#5252,#5253,#5254,#5255,#5256,
#5257),.UNSPECIFIED.,.F.,.F.,(4,3,4),(0.,0.154868832646842,1.),
 .UNSPECIFIED.);
#167=B_SPLINE_CURVE_WITH_KNOTS('',3,(#5261,#5262,#5263,#5264),
 .UNSPECIFIED.,.F.,.F.,(4,4),(0.,1.),.UNSPECIFIED.);
#168=B_SPLINE_CURVE_WITH_KNOTS('',3,(#5265,#5266,#5267,#5268),
 .UNSPECIFIED.,.F.,.F.,(4,4),(0.,1.),.UNSPECIFIED.);
#169=B_SPLINE_CURVE_WITH_KNOTS('',3,(#5272,#5273,#5274,#5275),
 .UNSPECIFIED.,.F.,.F.,(4,4),(0.,1.),.UNSPECIFIED.);
#170=B_SPLINE_CURVE_WITH_KNOTS('',3,(#5280,#5281,#5282,#5283),
 .UNSPECIFIED.,.F.,.F.,(4,4),(0.,1.),.UNSPECIFIED.);
#171=B_SPLINE_CURVE_WITH_KNOTS('',3,(#5287,#5288,#5289,#5290),
 .UNSPECIFIED.,.F.,.F.,(4,4),(0.,1.),.UNSPECIFIED.);
#172=B_SPLINE_CURVE_WITH_KNOTS('',3,(#5291,#5292,#5293,#5294,#5295,#5296,
#5297),.UNSPECIFIED.,.F.,.F.,(4,3,4),(0.,0.10921951685891,1.),
 .UNSPECIFIED.);
#173=B_SPLINE_CURVE_WITH_KNOTS('',3,(#5301,#5302,#5303,#5304,#5305,#5306,
#5307),.UNSPECIFIED.,.F.,.F.,(4,3,4),(0.,0.109219516858909,1.),
 .UNSPECIFIED.);
#174=B_SPLINE_CURVE_WITH_KNOTS('',3,(#5312,#5313,#5314,#5315),
 .UNSPECIFIED.,.F.,.F.,(4,4),(0.,1.),.UNSPECIFIED.);
#175=B_SPLINE_CURVE_WITH_KNOTS('',3,(#5319,#5320,#5321,#5322,#5323,#5324,
#5325),.UNSPECIFIED.,.F.,.F.,(4,3,4),(0.,0.154868832646842,1.),
 .UNSPECIFIED.);
#176=B_SPLINE_CURVE_WITH_KNOTS('',3,(#5326,#5327,#5328,#5329),
 .UNSPECIFIED.,.F.,.F.,(4,4),(0.,1.),.UNSPECIFIED.);
#177=B_SPLINE_CURVE_WITH_KNOTS('',3,(#5333,#5334,#5335,#5336),
 .UNSPECIFIED.,.F.,.F.,(4,4),(0.,1.),.UNSPECIFIED.);
#178=B_SPLINE_CURVE_WITH_KNOTS('',3,(#5338,#5339,#5340,#5341,#5342,#5343,
#5344,#5345,#5346,#5347,#5348,#5349,#5350,#5351,#5352,#5353),
 .UNSPECIFIED.,.F.,.F.,(4,3,3,3,3,4),(0.,0.178642977269739,0.41484909308731,
0.650922049915337,0.886792090840996,1.),.UNSPECIFIED.);
#179=B_SPLINE_CURVE_WITH_KNOTS('',3,(#5354,#5355,#5356,#5357,#5358,#5359,
#5360,#5361,#5362,#5363,#5364,#5365,#5366,#5367,#5368,#5369),
 .UNSPECIFIED.,.F.,.F.,(4,3,3,3,3,4),(0.,0.178642977269736,0.414849093087308,
0.650922049915337,0.886792090841001,1.),.UNSPECIFIED.);
#180=B_SPLINE_CURVE_WITH_KNOTS('',3,(#5371,#5372,#5373,#5374,#5375,#5376,
#5377,#5378,#5379,#5380,#5381,#5382,#5383,#5384,#5385,#5386),
 .UNSPECIFIED.,.F.,.F.,(4,3,3,3,3,4),(0.,0.178642977269739,0.414849093087307,
0.650922049915338,0.886792090840997,1.),.UNSPECIFIED.);
#181=B_SPLINE_CURVE_WITH_KNOTS('',3,(#5387,#5388,#5389,#5390,#5391,#5392,
#5393,#5394,#5395,#5396,#5397,#5398,#5399,#5400,#5401,#5402),
 .UNSPECIFIED.,.F.,.F.,(4,3,3,3,3,4),(0.,0.168555046861648,0.40473812326964,
0.551508583614514,0.787184463112002,1.),.UNSPECIFIED.);
#182=B_SPLINE_CURVE_WITH_KNOTS('',3,(#5404,#5405,#5406,#5407,#5408,#5409,
#5410,#5411,#5412,#5413,#5414,#5415,#5416,#5417,#5418,#5419),
 .UNSPECIFIED.,.F.,.F.,(4,3,3,3,3,4),(0.,0.168555046861647,0.40473812326964,
0.551508583614513,0.787184463112003,1.),.UNSPECIFIED.);
#183=B_SPLINE_CURVE_WITH_KNOTS('',3,(#5420,#5421,#5422,#5423,#5424,#5425,
#5426,#5427,#5428,#5429,#5430,#5431,#5432,#5433,#5434,#5435),
 .UNSPECIFIED.,.F.,.F.,(4,3,3,3,3,4),(0.,0.178642977269725,0.414849093087301,
0.650922049915331,0.886792090840996,1.),.UNSPECIFIED.);
#184=B_SPLINE_CURVE_WITH_KNOTS('',3,(#5437,#5438,#5439,#5440,#5441,#5442,
#5443,#5444,#5445,#5446,#5447,#5448,#5449,#5450,#5451,#5452),
 .UNSPECIFIED.,.F.,.F.,(4,3,3,3,3,4),(0.,0.178642977269733,0.414849093087304,
0.650922049915336,0.886792090840996,1.),.UNSPECIFIED.);
#185=B_SPLINE_CURVE_WITH_KNOTS('',3,(#5456,#5457,#5458,#5459,#5460,#5461,
#5462,#5463,#5464,#5465,#5466,#5467,#5468,#5469,#5470,#5471),
 .UNSPECIFIED.,.F.,.F.,(4,3,3,3,3,4),(0.,0.178642977269736,0.414849093087309,
0.650922049915337,0.886792090841001,1.),.UNSPECIFIED.);
#186=B_SPLINE_CURVE_WITH_KNOTS('',3,(#5473,#5474,#5475,#5476,#5477,#5478,
#5479,#5480,#5481,#5482,#5483,#5484,#5485,#5486,#5487,#5488),
 .UNSPECIFIED.,.F.,.F.,(4,3,3,3,3,4),(0.,0.178642977269725,0.414849093087302,
0.650922049915326,0.886792090840987,1.),.UNSPECIFIED.);
#187=B_SPLINE_CURVE_WITH_KNOTS('',3,(#5489,#5490,#5491,#5492,#5493,#5494,
#5495,#5496,#5497,#5498,#5499,#5500,#5501,#5502,#5503,#5504),
 .UNSPECIFIED.,.F.,.F.,(4,3,3,3,3,4),(0.,0.172271626033528,0.408282599260726,
0.644163439797727,0.879842288209872,1.),.UNSPECIFIED.);
#188=B_SPLINE_CURVE_WITH_KNOTS('',3,(#5578,#5579,#5580,#5581),
 .UNSPECIFIED.,.F.,.F.,(4,4),(0.,1.),.UNSPECIFIED.);
#189=B_SPLINE_CURVE_WITH_KNOTS('',3,(#5585,#5586,#5587,#5588),
 .UNSPECIFIED.,.F.,.F.,(4,4),(0.,1.),.UNSPECIFIED.);
#190=B_SPLINE_CURVE_WITH_KNOTS('',3,(#5590,#5591,#5592,#5593),
 .UNSPECIFIED.,.F.,.F.,(4,4),(0.,1.),.UNSPECIFIED.);
#191=B_SPLINE_CURVE_WITH_KNOTS('',3,(#5597,#5598,#5599,#5600),
 .UNSPECIFIED.,.F.,.F.,(4,4),(0.,1.),.UNSPECIFIED.);
#192=B_SPLINE_CURVE_WITH_KNOTS('',3,(#5602,#5603,#5604,#5605,#5606,#5607,
#5608),.UNSPECIFIED.,.F.,.F.,(4,3,4),(0.,0.7446551956006,1.),
 .UNSPECIFIED.);
#193=B_SPLINE_CURVE_WITH_KNOTS('',3,(#5612,#5613,#5614,#5615),
 .UNSPECIFIED.,.F.,.F.,(4,4),(0.,1.),.UNSPECIFIED.);
#194=B_SPLINE_CURVE_WITH_KNOTS('',3,(#5617,#5618,#5619,#5620),
 .UNSPECIFIED.,.F.,.F.,(4,4),(0.,1.),.UNSPECIFIED.);
#195=B_SPLINE_CURVE_WITH_KNOTS('',3,(#5624,#5625,#5626,#5627),
 .UNSPECIFIED.,.F.,.F.,(4,4),(0.,1.),.UNSPECIFIED.);
#196=B_SPLINE_CURVE_WITH_KNOTS('',3,(#5629,#5630,#5631,#5632),
 .UNSPECIFIED.,.F.,.F.,(4,4),(0.,1.),.UNSPECIFIED.);
#197=B_SPLINE_CURVE_WITH_KNOTS('',3,(#5636,#5637,#5638,#5639),
 .UNSPECIFIED.,.F.,.F.,(4,4),(0.,1.),.UNSPECIFIED.);
#198=B_SPLINE_CURVE_WITH_KNOTS('',3,(#5641,#5642,#5643,#5644,#5645,#5646,
#5647),.UNSPECIFIED.,.F.,.F.,(4,3,4),(0.,0.744655195600597,1.),
 .UNSPECIFIED.);
#199=B_SPLINE_CURVE_WITH_KNOTS('',3,(#5651,#5652,#5653,#5654),
 .UNSPECIFIED.,.F.,.F.,(4,4),(0.,1.),.UNSPECIFIED.);
#200=B_SPLINE_CURVE_WITH_KNOTS('',3,(#5656,#5657,#5658,#5659,#5660,#5661,
#5662,#5663,#5664,#5665,#5666,#5667,#5668,#5669,#5670,#5671,#5672,#5673,
#5674,#5675,#5676,#5677),.UNSPECIFIED.,.F.,.F.,(4,3,3,3,3,3,3,4),(0.,0.160472256266449,
0.321492454909433,0.482492819024539,0.643512745881178,0.804592855708158,
0.965748311462344,1.),.UNSPECIFIED.);
#201=B_SPLINE_CURVE_WITH_KNOTS('',3,(#5681,#5682,#5683,#5684,#5685,#5686,
#5687,#5688,#5689,#5690,#5691,#5692,#5693,#5694,#5695,#5696,#5697,#5698,
#5699,#5700,#5701,#5702),.UNSPECIFIED.,.F.,.F.,(4,3,3,3,3,3,3,4),(0.,0.160472256289958,
0.321492454932975,0.482492819048116,0.643512745904796,0.804592855731828,
0.965748311486057,1.),.UNSPECIFIED.);
#202=B_SPLINE_CURVE_WITH_KNOTS('',3,(#5704,#5705,#5706,#5707,#5708,#5709,
#5710,#5711,#5712,#5713,#5714,#5715,#5716,#5717,#5718,#5719,#5720,#5721,
#5722,#5723,#5724,#5725),.UNSPECIFIED.,.F.,.F.,(4,3,3,3,3,3,3,4),(0.,0.126983713458369,
0.288248656784981,0.449475551455131,0.610632050242183,0.771716507437977,
0.932758018957404,1.),.UNSPECIFIED.);
#203=B_SPLINE_CURVE_WITH_KNOTS('',3,(#5729,#5730,#5731,#5732,#5733,#5734,
#5735,#5736,#5737,#5738,#5739,#5740,#5741,#5742,#5743,#5744,#5745,#5746,
#5747,#5748,#5749,#5750),.UNSPECIFIED.,.F.,.F.,(4,3,3,3,3,3,3,4),(0.,0.160472256270618,
0.321492454913611,0.482492819028718,0.643512745885361,0.80459285571235,
0.965748311466552,1.),.UNSPECIFIED.);
#204=B_SPLINE_CURVE_WITH_KNOTS('',3,(#5752,#5753,#5754,#5755,#5756,#5757,
#5758,#5759,#5760,#5761,#5762,#5763,#5764,#5765,#5766,#5767,#5768,#5769,
#5770,#5771,#5772,#5773,#5774,#5775,#5776),.UNSPECIFIED.,.F.,.F.,(4,3,3,
3,3,3,3,3,4),(0.,0.0126907969395049,0.173865294030983,0.33497602008149,
0.496061305177252,0.595899796483987,0.757141169030687,0.918379181778964,
1.),.UNSPECIFIED.);
#205=B_SPLINE_CURVE_WITH_KNOTS('',3,(#5780,#5781,#5782,#5783,#5784,#5785,
#5786,#5787,#5788,#5789,#5790,#5791,#5792,#5793,#5794,#5795,#5796,#5797,
#5798,#5799,#5800,#5801),.UNSPECIFIED.,.F.,.F.,(4,3,3,3,3,3,3,4),(0.,0.160472256265552,
0.321492454908535,0.482492819023644,0.643512745880284,0.804592855707265,
0.965748311461452,1.),.UNSPECIFIED.);
#206=B_SPLINE_CURVE_WITH_KNOTS('',3,(#5803,#5804,#5805,#5806,#5807,#5808,
#5809,#5810,#5811,#5812,#5813,#5814,#5815,#5816,#5817,#5818,#5819,#5820,
#5821,#5822,#5823,#5824),.UNSPECIFIED.,.F.,.F.,(4,3,3,3,3,3,3,4),(0.,0.16047225626828,
0.321492454911266,0.482492819026377,0.643512745883017,0.804592855710009,
0.965748311464194,1.),.UNSPECIFIED.);
#207=B_SPLINE_CURVE_WITH_KNOTS('',3,(#5828,#5829,#5830,#5831,#5832,#5833,
#5834,#5835,#5836,#5837,#5838,#5839,#5840,#5841,#5842,#5843,#5844,#5845,
#5846,#5847,#5848,#5849,#5850,#5851,#5852),.UNSPECIFIED.,.F.,.F.,(4,3,3,
3,3,3,3,3,4),(0.,0.00268990057404219,0.163850295714813,0.32494530864751,
0.486011969663358,0.58583721607875,0.747055439389922,0.908270237141553,
1.),.UNSPECIFIED.);
#208=B_SPLINE_CURVE_WITH_KNOTS('',3,(#5854,#5855,#5856,#5857,#5858,#5859,
#5860,#5861,#5862,#5863,#5864,#5865,#5866,#5867,#5868,#5869,#5870,#5871,
#5872,#5873,#5874,#5875),.UNSPECIFIED.,.F.,.F.,(4,3,3,3,3,3,3,4),(0.,0.160472256265543,
0.321492454908529,0.482492819023634,0.64351274588028,0.80459285570726,0.965748311461438,
1.),.UNSPECIFIED.);
#209=B_SPLINE_CURVE_WITH_KNOTS('',3,(#5879,#5880,#5881,#5882,#5883,#5884,
#5885,#5886,#5887,#5888,#5889,#5890,#5891,#5892,#5893,#5894,#5895,#5896,
#5897,#5898,#5899,#5900),.UNSPECIFIED.,.F.,.F.,(4,3,3,3,3,3,3,4),(0.,0.160472256275825,
0.321492454918822,0.482492819033942,0.643512745890601,0.804592855717604,
0.965748311471804,1.),.UNSPECIFIED.);
#210=B_SPLINE_CURVE_WITH_KNOTS('',3,(#5902,#5903,#5904,#5905,#5906,#5907,
#5908,#5909,#5910,#5911,#5912,#5913,#5914,#5915,#5916,#5917,#5918,#5919,
#5920,#5921,#5922,#5923),.UNSPECIFIED.,.F.,.F.,(4,3,3,3,3,3,3,4),(0.,0.145888323870977,
0.306902883724184,0.46788401694408,0.628880294628581,0.789933901930438,
0.951062795890458,1.),.UNSPECIFIED.);
#211=B_SPLINE_CURVE_WITH_KNOTS('',3,(#5927,#5928,#5929,#5930,#5931,#5932,
#5933,#5934,#5935,#5936,#5937,#5938,#5939,#5940,#5941,#5942,#5943,#5944,
#5945,#5946,#5947,#5948),.UNSPECIFIED.,.F.,.F.,(4,3,3,3,3,3,3,4),(0.,0.160472256265551,
0.321492454908535,0.482492819023636,0.643512745880272,0.804592855707246,
0.965748311461439,1.),.UNSPECIFIED.);
#212=B_SPLINE_CURVE_WITH_KNOTS('',3,(#6058,#6059,#6060,#6061,#6062,#6063,
#6064,#6065,#6066,#6067,#6068,#6069,#6070,#6071,#6072,#6073,#6074,#6075,
#6076),.UNSPECIFIED.,.F.,.F.,(4,3,3,3,3,3,4),(0.,0.182825277031495,0.380236064223811,
0.577593757718262,0.774863825957159,0.972049814542149,1.),.UNSPECIFIED.);
#213=B_SPLINE_CURVE_WITH_KNOTS('',3,(#6077,#6078,#6079,#6080,#6081,#6082,
#6083,#6084,#6085,#6086,#6087,#6088,#6089,#6090,#6091,#6092,#6093,#6094,
#6095),.UNSPECIFIED.,.F.,.F.,(4,3,3,3,3,3,4),(0.,0.182825277031443,0.380236064223763,
0.577593757718224,0.774863825957105,0.972049814542098,1.),.UNSPECIFIED.);
#214=B_SPLINE_CURVE_WITH_KNOTS('',3,(#6097,#6098,#6099,#6100,#6101,#6102,
#6103,#6104,#6105,#6106,#6107,#6108,#6109,#6110,#6111,#6112,#6113,#6114,
#6115),.UNSPECIFIED.,.F.,.F.,(4,3,3,3,3,3,4),(0.,0.196555212622201,0.39369382888501,
0.590856942442098,0.788097441653771,0.985428329362627,1.),.UNSPECIFIED.);
#215=B_SPLINE_CURVE_WITH_KNOTS('',3,(#6119,#6120,#6121,#6122,#6123,#6124,
#6125,#6126,#6127,#6128,#6129,#6130,#6131,#6132,#6133,#6134,#6135,#6136,
#6137),.UNSPECIFIED.,.F.,.F.,(4,3,3,3,3,3,4),(0.,0.182825277034042,0.380236064226358,
0.577593757720819,0.774863825959703,0.972049814544683,1.),.UNSPECIFIED.);
#216=B_SPLINE_CURVE_WITH_KNOTS('',3,(#6139,#6140,#6141,#6142,#6143,#6144,
#6145,#6146,#6147,#6148,#6149,#6150,#6151,#6152,#6153,#6154,#6155,#6156,
#6157,#6158,#6159,#6160),.UNSPECIFIED.,.F.,.F.,(4,3,3,3,3,3,3,4),(0.,0.0837488518315595,
0.28129743997808,0.47882066336596,0.676269287841128,0.798754944319613,0.996031906382431,
1.),.UNSPECIFIED.);
#217=B_SPLINE_CURVE_WITH_KNOTS('',3,(#6161,#6162,#6163,#6164,#6165,#6166,
#6167,#6168,#6169,#6170,#6171,#6172,#6173,#6174,#6175,#6176,#6177,#6178,
#6179),.UNSPECIFIED.,.F.,.F.,(4,3,3,3,3,3,4),(0.,0.18282527703143,0.380236064223749,
0.577593757718213,0.774863825957103,0.972049814542094,1.),.UNSPECIFIED.);
#218=B_SPLINE_CURVE_WITH_KNOTS('',3,(#6181,#6182,#6183,#6184,#6185,#6186,
#6187,#6188,#6189,#6190,#6191,#6192,#6193,#6194,#6195,#6196,#6197,#6198,
#6199),.UNSPECIFIED.,.F.,.F.,(4,3,3,3,3,3,4),(0.,0.182825277031432,0.380236064223747,
0.577593757718214,0.774863825957101,0.972049814542081,1.),.UNSPECIFIED.);
#219=B_SPLINE_CURVE_WITH_KNOTS('',3,(#6200,#6201,#6202,#6203,#6204,#6205,
#6206,#6207,#6208,#6209,#6210,#6211,#6212,#6213,#6214,#6215,#6216,#6217,
#6218),.UNSPECIFIED.,.F.,.F.,(4,3,3,3,3,3,4),(0.,0.0886680616444289,0.286203658783372,
0.4837124166079,0.681145717141451,0.803619644989982,1.),.UNSPECIFIED.);
#220=B_SPLINE_CURVE_WITH_KNOTS('',3,(#6220,#6221,#6222,#6223,#6224,#6225,
#6226,#6227,#6228,#6229,#6230,#6231,#6232,#6233,#6234,#6235,#6236,#6237,
#6238),.UNSPECIFIED.,.F.,.F.,(4,3,3,3,3,3,4),(0.,0.18282527703142,0.380236064223729,
0.577593757718201,0.774863825957098,0.972049814542073,1.),.UNSPECIFIED.);
#221=B_SPLINE_CURVE_WITH_KNOTS('',3,(#6239,#6240,#6241,#6242,#6243,#6244,
#6245,#6246,#6247,#6248,#6249,#6250,#6251,#6252,#6253,#6254,#6255,#6256,
#6257),.UNSPECIFIED.,.F.,.F.,(4,3,3,3,3,3,4),(0.,0.182825277031408,0.38023606422372,
0.577593757718197,0.774863825957094,0.972049814542069,1.),.UNSPECIFIED.);
#222=B_SPLINE_CURVE_WITH_KNOTS('',3,(#6259,#6260,#6261,#6262,#6263,#6264,
#6265,#6266,#6267,#6268,#6269,#6270,#6271,#6272,#6273,#6274,#6275,#6276,
#6277),.UNSPECIFIED.,.F.,.F.,(4,3,3,3,3,3,4),(0.,0.132583184666351,0.329958716752572,
0.527294654752184,0.724548453488648,0.921713509243059,1.),.UNSPECIFIED.);
#223=B_SPLINE_CURVE_WITH_KNOTS('',3,(#6281,#6282,#6283,#6284,#6285,#6286,
#6287,#6288,#6289,#6290,#6291,#6292,#6293,#6294,#6295,#6296,#6297,#6298,
#6299),.UNSPECIFIED.,.F.,.F.,(4,3,3,3,3,3,4),(0.,0.182825277031788,0.3802360642241,
0.577593757718577,0.774863825957458,0.972049814542442,1.),.UNSPECIFIED.);
#224=B_SPLINE_CURVE_WITH_KNOTS('',3,(#6301,#6302,#6303,#6304,#6305,#6306,
#6307),.UNSPECIFIED.,.F.,.F.,(4,3,4),(0.,0.154868832646842,1.),
 .UNSPECIFIED.);
#225=B_SPLINE_CURVE_WITH_KNOTS('',3,(#6311,#6312,#6313,#6314),
 .UNSPECIFIED.,.F.,.F.,(4,4),(0.,1.),.UNSPECIFIED.);
#226=B_SPLINE_CURVE_WITH_KNOTS('',3,(#6315,#6316,#6317,#6318,#6319,#6320,
#6321),.UNSPECIFIED.,.F.,.F.,(4,3,4),(0.,0.711541417086726,1.),
 .UNSPECIFIED.);
#227=B_SPLINE_CURVE_WITH_KNOTS('',3,(#6325,#6326,#6327,#6328),
 .UNSPECIFIED.,.F.,.F.,(4,4),(0.,1.),.UNSPECIFIED.);
#228=B_SPLINE_CURVE_WITH_KNOTS('',3,(#6342,#6343,#6344,#6345),
 .UNSPECIFIED.,.F.,.F.,(4,4),(0.,1.),.UNSPECIFIED.);
#229=B_SPLINE_CURVE_WITH_KNOTS('',3,(#6349,#6350,#6351,#6352,#6353,#6354,
#6355),.UNSPECIFIED.,.F.,.F.,(4,3,4),(0.,0.512548515721888,1.),
 .UNSPECIFIED.);
#230=B_SPLINE_CURVE_WITH_KNOTS('',3,(#6357,#6358,#6359,#6360,#6361,#6362,
#6363,#6364,#6365,#6366,#6367,#6368,#6369,#6370,#6371,#6372,#6373,#6374,
#6375,#6376,#6377,#6378),.UNSPECIFIED.,.F.,.F.,(4,3,3,3,3,3,3,4),(0.,0.160472256265552,
0.321492454908533,0.482492819023641,0.64351274588028,0.804592855707259,
0.965748311461443,1.),.UNSPECIFIED.);
#231=B_SPLINE_CURVE_WITH_KNOTS('',3,(#6382,#6383,#6384,#6385,#6386,#6387,
#6388,#6389,#6390,#6391,#6392,#6393,#6394,#6395,#6396,#6397,#6398,#6399,
#6400,#6401,#6402,#6403),.UNSPECIFIED.,.F.,.F.,(4,3,3,3,3,3,3,4),(0.,0.13110003671799,
0.292105240749928,0.453072968375767,0.614051321031028,0.775083910915291,
0.936191448438253,1.),.UNSPECIFIED.);
#232=B_SPLINE_CURVE_WITH_KNOTS('',3,(#6423,#6424,#6425,#6426,#6427,#6428,
#6429,#6430,#6431,#6432,#6433,#6434,#6435,#6436,#6437,#6438,#6439,#6440,
#6441),.UNSPECIFIED.,.F.,.F.,(4,3,3,3,3,3,4),(0.,0.182825277031456,0.380236064223765,
0.577593757718225,0.774863825957112,0.972049814542093,1.),.UNSPECIFIED.);
#233=B_SPLINE_CURVE_WITH_KNOTS('',3,(#6442,#6443,#6444,#6445,#6446,#6447,
#6448,#6449,#6450,#6451,#6452,#6453,#6454,#6455,#6456,#6457,#6458,#6459,
#6460),.UNSPECIFIED.,.F.,.F.,(4,3,3,3,3,3,4),(0.,0.137753807521348,0.335130242902544,
0.532465636337544,0.729718214792429,0.926882414866768,1.),.UNSPECIFIED.);
#234=B_SPLINE_CURVE_WITH_KNOTS('',3,(#6462,#6463,#6464,#6465,#6466,#6467,
#6468,#6469,#6470,#6471,#6472,#6473,#6474,#6475,#6476,#6477),
 .UNSPECIFIED.,.F.,.F.,(4,3,3,3,3,4),(0.,0.172271626033529,0.40828259926073,
0.644163439797729,0.879842288209872,1.),.UNSPECIFIED.);
#235=B_SPLINE_CURVE_WITH_KNOTS('',3,(#6478,#6479,#6480,#6481,#6482,#6483,
#6484,#6485,#6486,#6487,#6488,#6489,#6490,#6491,#6492,#6493),
 .UNSPECIFIED.,.F.,.F.,(4,3,3,3,3,4),(0.,0.178642977269735,0.414849093087308,
0.650922049915337,0.886792090841001,1.),.UNSPECIFIED.);
#236=PLANE('',#3230);
#237=PLANE('',#3233);
#238=PLANE('',#3236);
#239=PLANE('',#3239);
#240=PLANE('',#3242);
#241=PLANE('',#3243);
#242=PLANE('',#3244);
#243=PLANE('',#3245);
#244=PLANE('',#3246);
#245=PLANE('',#3273);
#246=PLANE('',#3275);
#247=PLANE('',#3277);
#248=PLANE('',#3279);
#249=PLANE('',#3281);
#250=PLANE('',#3293);
#251=PLANE('',#3295);
#252=PLANE('',#3297);
#253=PLANE('',#3299);
#254=PLANE('',#3301);
#255=PLANE('',#3339);
#256=PLANE('',#3342);
#257=PLANE('',#3344);
#258=PLANE('',#3346);
#259=PLANE('',#3349);
#260=PLANE('',#3351);
#261=PLANE('',#3377);
#262=PLANE('',#3379);
#263=PLANE('',#3381);
#264=PLANE('',#3383);
#265=PLANE('',#3385);
#266=PLANE('',#3387);
#267=PLANE('',#3401);
#268=PLANE('',#3403);
#269=PLANE('',#3405);
#270=PLANE('',#3407);
#271=PLANE('',#3409);
#272=PLANE('',#3411);
#273=PLANE('',#3426);
#274=PLANE('',#3432);
#275=PLANE('',#3436);
#276=PLANE('',#3440);
#277=PLANE('',#3441);
#278=PLANE('',#3442);
#279=PLANE('',#3443);
#280=PLANE('',#3444);
#281=PLANE('',#3445);
#282=PLANE('',#3446);
#283=PLANE('',#3447);
#284=PLANE('',#3449);
#285=PLANE('',#3450);
#286=PLANE('',#3451);
#287=PLANE('',#3452);
#288=PLANE('',#3454);
#289=PLANE('',#3455);
#290=PLANE('',#3456);
#291=PLANE('',#3458);
#292=PLANE('',#3459);
#293=PLANE('',#3460);
#294=PLANE('',#3462);
#295=PLANE('',#3464);
#296=PLANE('',#3465);
#297=PLANE('',#3466);
#298=PLANE('',#3467);
#299=PLANE('',#3468);
#300=PLANE('',#3469);
#301=PLANE('',#3470);
#302=PLANE('',#3471);
#303=PLANE('',#3472);
#304=PLANE('',#3473);
#305=PLANE('',#3474);
#306=PLANE('',#3475);
#307=PLANE('',#3476);
#308=PLANE('',#3477);
#309=PLANE('',#3478);
#310=PLANE('',#3479);
#311=PLANE('',#3480);
#312=PLANE('',#3481);
#313=PLANE('',#3482);
#314=PLANE('',#3483);
#315=PLANE('',#3484);
#316=PLANE('',#3485);
#317=PLANE('',#3486);
#318=PLANE('',#3505);
#319=PLANE('',#3506);
#320=PLANE('',#3507);
#321=PLANE('',#3508);
#322=PLANE('',#3509);
#323=PLANE('',#3510);
#324=ADVANCED_FACE('',(#508),#484,.F.);
#325=ADVANCED_FACE('',(#509),#485,.F.);
#326=ADVANCED_FACE('',(#510),#486,.F.);
#327=ADVANCED_FACE('',(#511),#487,.F.);
#328=ADVANCED_FACE('',(#512),#488,.F.);
#329=ADVANCED_FACE('',(#513),#236,.F.);
#330=ADVANCED_FACE('',(#514),#237,.F.);
#331=ADVANCED_FACE('',(#515),#238,.F.);
#332=ADVANCED_FACE('',(#516),#239,.F.);
#333=ADVANCED_FACE('',(#517),#240,.F.);
#334=ADVANCED_FACE('',(#518),#241,.F.);
#335=ADVANCED_FACE('',(#116,#117),#242,.F.);
#336=ADVANCED_FACE('',(#519),#243,.F.);
#337=ADVANCED_FACE('',(#520),#244,.F.);
#338=ADVANCED_FACE('',(#521),#98,.T.);
#339=ADVANCED_FACE('',(#522),#99,.T.);
#340=ADVANCED_FACE('',(#523),#100,.T.);
#341=ADVANCED_FACE('',(#524),#101,.T.);
#342=ADVANCED_FACE('',(#525),#102,.T.);
#343=ADVANCED_FACE('',(#526),#68,.T.);
#344=ADVANCED_FACE('',(#527),#69,.T.);
#345=ADVANCED_FACE('',(#528),#70,.T.);
#346=ADVANCED_FACE('',(#529),#71,.T.);
#347=ADVANCED_FACE('',(#530),#72,.T.);
#348=ADVANCED_FACE('',(#531),#245,.F.);
#349=ADVANCED_FACE('',(#532),#246,.F.);
#350=ADVANCED_FACE('',(#533),#247,.F.);
#351=ADVANCED_FACE('',(#534),#248,.F.);
#352=ADVANCED_FACE('',(#535),#249,.F.);
#353=ADVANCED_FACE('',(#536),#489,.T.);
#354=ADVANCED_FACE('',(#537),#490,.T.);
#355=ADVANCED_FACE('',(#538),#491,.T.);
#356=ADVANCED_FACE('',(#539),#492,.T.);
#357=ADVANCED_FACE('',(#540),#493,.T.);
#358=ADVANCED_FACE('',(#541),#250,.F.);
#359=ADVANCED_FACE('',(#542),#251,.F.);
#360=ADVANCED_FACE('',(#543),#252,.F.);
#361=ADVANCED_FACE('',(#544),#253,.F.);
#362=ADVANCED_FACE('',(#545),#254,.F.);
#363=ADVANCED_FACE('',(#546),#73,.T.);
#364=ADVANCED_FACE('',(#547),#74,.T.);
#365=ADVANCED_FACE('',(#548),#75,.T.);
#366=ADVANCED_FACE('',(#549),#76,.T.);
#367=ADVANCED_FACE('',(#550),#77,.T.);
#368=ADVANCED_FACE('',(#551),#103,.T.);
#369=ADVANCED_FACE('',(#552),#104,.T.);
#370=ADVANCED_FACE('',(#553),#105,.T.);
#371=ADVANCED_FACE('',(#554),#106,.T.);
#372=ADVANCED_FACE('',(#555),#107,.T.);
#373=ADVANCED_FACE('',(#556),#78,.T.);
#374=ADVANCED_FACE('',(#557),#79,.T.);
#375=ADVANCED_FACE('',(#558),#80,.T.);
#376=ADVANCED_FACE('',(#559),#81,.T.);
#377=ADVANCED_FACE('',(#560),#82,.T.);
#378=ADVANCED_FACE('',(#561),#255,.F.);
#379=ADVANCED_FACE('',(#118,#119,#120,#121),#256,.F.);
#380=ADVANCED_FACE('',(#562),#257,.F.);
#381=ADVANCED_FACE('',(#563),#258,.F.);
#382=ADVANCED_FACE('',(#564),#259,.F.);
#383=ADVANCED_FACE('',(#565),#260,.F.);
#384=ADVANCED_FACE('',(#566),#108,.T.);
#385=ADVANCED_FACE('',(#567),#109,.T.);
#386=ADVANCED_FACE('',(#568),#110,.T.);
#387=ADVANCED_FACE('',(#569),#111,.T.);
#388=ADVANCED_FACE('',(#570),#112,.T.);
#389=ADVANCED_FACE('',(#571),#113,.T.);
#390=ADVANCED_FACE('',(#572),#83,.T.);
#391=ADVANCED_FACE('',(#573),#84,.T.);
#392=ADVANCED_FACE('',(#574),#85,.T.);
#393=ADVANCED_FACE('',(#575),#86,.T.);
#394=ADVANCED_FACE('',(#576),#87,.T.);
#395=ADVANCED_FACE('',(#577),#88,.T.);
#396=ADVANCED_FACE('',(#578),#261,.F.);
#397=ADVANCED_FACE('',(#579),#262,.F.);
#398=ADVANCED_FACE('',(#580),#263,.F.);
#399=ADVANCED_FACE('',(#581),#264,.F.);
#400=ADVANCED_FACE('',(#582),#265,.F.);
#401=ADVANCED_FACE('',(#583),#266,.F.);
#402=ADVANCED_FACE('',(#584),#494,.T.);
#403=ADVANCED_FACE('',(#585),#495,.T.);
#404=ADVANCED_FACE('',(#586),#496,.T.);
#405=ADVANCED_FACE('',(#587),#497,.T.);
#406=ADVANCED_FACE('',(#588),#498,.T.);
#407=ADVANCED_FACE('',(#589),#499,.T.);
#408=ADVANCED_FACE('',(#590),#267,.F.);
#409=ADVANCED_FACE('',(#591),#268,.F.);
#410=ADVANCED_FACE('',(#592),#269,.F.);
#411=ADVANCED_FACE('',(#593),#270,.F.);
#412=ADVANCED_FACE('',(#594),#271,.F.);
#413=ADVANCED_FACE('',(#595),#272,.F.);
#414=ADVANCED_FACE('',(#596),#89,.T.);
#415=ADVANCED_FACE('',(#597),#90,.T.);
#416=ADVANCED_FACE('',(#598),#91,.T.);
#417=ADVANCED_FACE('',(#599),#92,.T.);
#418=ADVANCED_FACE('',(#600),#93,.T.);
#419=ADVANCED_FACE('',(#601),#94,.T.);
#420=ADVANCED_FACE('',(#602),#114,.T.);
#421=ADVANCED_FACE('',(#603),#500,.F.);
#422=ADVANCED_FACE('',(#604),#273,.F.);
#423=ADVANCED_FACE('',(#605),#115,.T.);
#424=ADVANCED_FACE('',(#606),#95,.T.);
#425=ADVANCED_FACE('',(#607),#274,.F.);
#426=ADVANCED_FACE('',(#608),#501,.T.);
#427=ADVANCED_FACE('',(#609),#275,.F.);
#428=ADVANCED_FACE('',(#610),#96,.T.);
#429=ADVANCED_FACE('',(#611),#97,.T.);
#430=ADVANCED_FACE('',(#612),#276,.T.);
#431=ADVANCED_FACE('',(#613),#277,.F.);
#432=ADVANCED_FACE('',(#614),#278,.T.);
#433=ADVANCED_FACE('',(#615),#279,.F.);
#434=ADVANCED_FACE('',(#616),#280,.T.);
#435=ADVANCED_FACE('',(#617),#281,.T.);
#436=ADVANCED_FACE('',(#618),#282,.T.);
#437=ADVANCED_FACE('',(#619),#283,.T.);
#438=ADVANCED_FACE('',(#620),#284,.T.);
#439=ADVANCED_FACE('',(#621),#285,.T.);
#440=ADVANCED_FACE('',(#622),#286,.F.);
#441=ADVANCED_FACE('',(#623),#287,.T.);
#442=ADVANCED_FACE('',(#624),#288,.T.);
#443=ADVANCED_FACE('',(#625),#289,.F.);
#444=ADVANCED_FACE('',(#626),#290,.T.);
#445=ADVANCED_FACE('',(#627),#291,.T.);
#446=ADVANCED_FACE('',(#628),#292,.F.);
#447=ADVANCED_FACE('',(#629),#293,.T.);
#448=ADVANCED_FACE('',(#630),#294,.T.);
#449=ADVANCED_FACE('',(#631),#295,.T.);
#450=ADVANCED_FACE('',(#632),#296,.F.);
#451=ADVANCED_FACE('',(#633),#297,.T.);
#452=ADVANCED_FACE('',(#634),#298,.F.);
#453=ADVANCED_FACE('',(#635),#299,.T.);
#454=ADVANCED_FACE('',(#636),#300,.T.);
#455=ADVANCED_FACE('',(#637),#301,.T.);
#456=ADVANCED_FACE('',(#638),#302,.F.);
#457=ADVANCED_FACE('',(#639),#303,.T.);
#458=ADVANCED_FACE('',(#640),#304,.T.);
#459=ADVANCED_FACE('',(#641),#305,.T.);
#460=ADVANCED_FACE('',(#642),#306,.F.);
#461=ADVANCED_FACE('',(#643),#307,.T.);
#462=ADVANCED_FACE('',(#644),#308,.T.);
#463=ADVANCED_FACE('',(#645),#309,.T.);
#464=ADVANCED_FACE('',(#646),#310,.F.);
#465=ADVANCED_FACE('',(#647),#311,.T.);
#466=ADVANCED_FACE('',(#648),#312,.T.);
#467=ADVANCED_FACE('',(#649),#313,.T.);
#468=ADVANCED_FACE('',(#650),#314,.F.);
#469=ADVANCED_FACE('',(#651),#315,.T.);
#470=ADVANCED_FACE('',(#652),#316,.T.);
#471=ADVANCED_FACE('',(#653),#317,.T.);
#472=ADVANCED_FACE('',(#654),#502,.F.);
#473=ADVANCED_FACE('',(#655),#503,.F.);
#474=ADVANCED_FACE('',(#656),#504,.F.);
#475=ADVANCED_FACE('',(#657),#505,.F.);
#476=ADVANCED_FACE('',(#658),#506,.F.);
#477=ADVANCED_FACE('',(#659),#507,.F.);
#478=ADVANCED_FACE('',(#660),#318,.F.);
#479=ADVANCED_FACE('',(#661),#319,.F.);
#480=ADVANCED_FACE('',(#662),#320,.F.);
#481=ADVANCED_FACE('',(#663),#321,.F.);
#482=ADVANCED_FACE('',(#664),#322,.F.);
#483=ADVANCED_FACE('',(#665),#323,.F.);
#484=CYLINDRICAL_SURFACE('',#3215,3.);
#485=CYLINDRICAL_SURFACE('',#3218,3.);
#486=CYLINDRICAL_SURFACE('',#3221,3.);
#487=CYLINDRICAL_SURFACE('',#3224,3.);
#488=CYLINDRICAL_SURFACE('',#3227,3.);
#489=CYLINDRICAL_SURFACE('',#3283,14.6);
#490=CYLINDRICAL_SURFACE('',#3285,14.6);
#491=CYLINDRICAL_SURFACE('',#3287,14.6);
#492=CYLINDRICAL_SURFACE('',#3289,14.6);
#493=CYLINDRICAL_SURFACE('',#3291,14.6);
#494=CYLINDRICAL_SURFACE('',#3389,14.6);
#495=CYLINDRICAL_SURFACE('',#3391,14.6);
#496=CYLINDRICAL_SURFACE('',#3393,14.6);
#497=CYLINDRICAL_SURFACE('',#3395,14.6);
#498=CYLINDRICAL_SURFACE('',#3397,14.6);
#499=CYLINDRICAL_SURFACE('',#3399,14.6);
#500=CYLINDRICAL_SURFACE('',#3424,3.);
#501=CYLINDRICAL_SURFACE('',#3434,14.6);
#502=CYLINDRICAL_SURFACE('',#3489,7.5);
#503=CYLINDRICAL_SURFACE('',#3492,7.5);
#504=CYLINDRICAL_SURFACE('',#3495,7.5);
#505=CYLINDRICAL_SURFACE('',#3498,7.5);
#506=CYLINDRICAL_SURFACE('',#3501,7.5);
#507=CYLINDRICAL_SURFACE('',#3504,7.5);
#508=FACE_OUTER_BOUND('',#666,.T.);
#509=FACE_OUTER_BOUND('',#667,.T.);
#510=FACE_OUTER_BOUND('',#668,.T.);
#511=FACE_OUTER_BOUND('',#669,.T.);
#512=FACE_OUTER_BOUND('',#670,.T.);
#513=FACE_OUTER_BOUND('',#671,.T.);
#514=FACE_OUTER_BOUND('',#672,.T.);
#515=FACE_OUTER_BOUND('',#673,.T.);
#516=FACE_OUTER_BOUND('',#674,.T.);
#517=FACE_OUTER_BOUND('',#675,.T.);
#518=FACE_OUTER_BOUND('',#676,.T.);
#519=FACE_OUTER_BOUND('',#679,.T.);
#520=FACE_OUTER_BOUND('',#680,.T.);
#521=FACE_OUTER_BOUND('',#681,.T.);
#522=FACE_OUTER_BOUND('',#682,.T.);
#523=FACE_OUTER_BOUND('',#683,.T.);
#524=FACE_OUTER_BOUND('',#684,.T.);
#525=FACE_OUTER_BOUND('',#685,.T.);
#526=FACE_OUTER_BOUND('',#686,.T.);
#527=FACE_OUTER_BOUND('',#687,.T.);
#528=FACE_OUTER_BOUND('',#688,.T.);
#529=FACE_OUTER_BOUND('',#689,.T.);
#530=FACE_OUTER_BOUND('',#690,.T.);
#531=FACE_OUTER_BOUND('',#691,.T.);
#532=FACE_OUTER_BOUND('',#692,.T.);
#533=FACE_OUTER_BOUND('',#693,.T.);
#534=FACE_OUTER_BOUND('',#694,.T.);
#535=FACE_OUTER_BOUND('',#695,.T.);
#536=FACE_OUTER_BOUND('',#696,.T.);
#537=FACE_OUTER_BOUND('',#697,.T.);
#538=FACE_OUTER_BOUND('',#698,.T.);
#539=FACE_OUTER_BOUND('',#699,.T.);
#540=FACE_OUTER_BOUND('',#700,.T.);
#541=FACE_OUTER_BOUND('',#701,.T.);
#542=FACE_OUTER_BOUND('',#702,.T.);
#543=FACE_OUTER_BOUND('',#703,.T.);
#544=FACE_OUTER_BOUND('',#704,.T.);
#545=FACE_OUTER_BOUND('',#705,.T.);
#546=FACE_OUTER_BOUND('',#706,.T.);
#547=FACE_OUTER_BOUND('',#707,.T.);
#548=FACE_OUTER_BOUND('',#708,.T.);
#549=FACE_OUTER_BOUND('',#709,.T.);
#550=FACE_OUTER_BOUND('',#710,.T.);
#551=FACE_OUTER_BOUND('',#711,.T.);
#552=FACE_OUTER_BOUND('',#712,.T.);
#553=FACE_OUTER_BOUND('',#713,.T.);
#554=FACE_OUTER_BOUND('',#714,.T.);
#555=FACE_OUTER_BOUND('',#715,.T.);
#556=FACE_OUTER_BOUND('',#716,.T.);
#557=FACE_OUTER_BOUND('',#717,.T.);
#558=FACE_OUTER_BOUND('',#718,.T.);
#559=FACE_OUTER_BOUND('',#719,.T.);
#560=FACE_OUTER_BOUND('',#720,.T.);
#561=FACE_OUTER_BOUND('',#721,.T.);
#562=FACE_OUTER_BOUND('',#726,.T.);
#563=FACE_OUTER_BOUND('',#727,.T.);
#564=FACE_OUTER_BOUND('',#728,.T.);
#565=FACE_OUTER_BOUND('',#729,.T.);
#566=FACE_OUTER_BOUND('',#730,.T.);
#567=FACE_OUTER_BOUND('',#731,.T.);
#568=FACE_OUTER_BOUND('',#732,.T.);
#569=FACE_OUTER_BOUND('',#733,.T.);
#570=FACE_OUTER_BOUND('',#734,.T.);
#571=FACE_OUTER_BOUND('',#735,.T.);
#572=FACE_OUTER_BOUND('',#736,.T.);
#573=FACE_OUTER_BOUND('',#737,.T.);
#574=FACE_OUTER_BOUND('',#738,.T.);
#575=FACE_OUTER_BOUND('',#739,.T.);
#576=FACE_OUTER_BOUND('',#740,.T.);
#577=FACE_OUTER_BOUND('',#741,.T.);
#578=FACE_OUTER_BOUND('',#742,.T.);
#579=FACE_OUTER_BOUND('',#743,.T.);
#580=FACE_OUTER_BOUND('',#744,.T.);
#581=FACE_OUTER_BOUND('',#745,.T.);
#582=FACE_OUTER_BOUND('',#746,.T.);
#583=FACE_OUTER_BOUND('',#747,.T.);
#584=FACE_OUTER_BOUND('',#748,.T.);
#585=FACE_OUTER_BOUND('',#749,.T.);
#586=FACE_OUTER_BOUND('',#750,.T.);
#587=FACE_OUTER_BOUND('',#751,.T.);
#588=FACE_OUTER_BOUND('',#752,.T.);
#589=FACE_OUTER_BOUND('',#753,.T.);
#590=FACE_OUTER_BOUND('',#754,.T.);
#591=FACE_OUTER_BOUND('',#755,.T.);
#592=FACE_OUTER_BOUND('',#756,.T.);
#593=FACE_OUTER_BOUND('',#757,.T.);
#594=FACE_OUTER_BOUND('',#758,.T.);
#595=FACE_OUTER_BOUND('',#759,.T.);
#596=FACE_OUTER_BOUND('',#760,.T.);
#597=FACE_OUTER_BOUND('',#761,.T.);
#598=FACE_OUTER_BOUND('',#762,.T.);
#599=FACE_OUTER_BOUND('',#763,.T.);
#600=FACE_OUTER_BOUND('',#764,.T.);
#601=FACE_OUTER_BOUND('',#765,.T.);
#602=FACE_OUTER_BOUND('',#766,.T.);
#603=FACE_OUTER_BOUND('',#767,.T.);
#604=FACE_OUTER_BOUND('',#768,.T.);
#605=FACE_OUTER_BOUND('',#769,.T.);
#606=FACE_OUTER_BOUND('',#770,.T.);
#607=FACE_OUTER_BOUND('',#771,.T.);
#608=FACE_OUTER_BOUND('',#772,.T.);
#609=FACE_OUTER_BOUND('',#773,.T.);
#610=FACE_OUTER_BOUND('',#774,.T.);
#611=FACE_OUTER_BOUND('',#775,.T.);
#612=FACE_OUTER_BOUND('',#776,.T.);
#613=FACE_OUTER_BOUND('',#777,.T.);
#614=FACE_OUTER_BOUND('',#778,.T.);
#615=FACE_OUTER_BOUND('',#779,.T.);
#616=FACE_OUTER_BOUND('',#780,.T.);
#617=FACE_OUTER_BOUND('',#781,.T.);
#618=FACE_OUTER_BOUND('',#782,.T.);
#619=FACE_OUTER_BOUND('',#783,.T.);
#620=FACE_OUTER_BOUND('',#784,.T.);
#621=FACE_OUTER_BOUND('',#785,.T.);
#622=FACE_OUTER_BOUND('',#786,.T.);
#623=FACE_OUTER_BOUND('',#787,.T.);
#624=FACE_OUTER_BOUND('',#788,.T.);
#625=FACE_OUTER_BOUND('',#789,.T.);
#626=FACE_OUTER_BOUND('',#790,.T.);
#627=FACE_OUTER_BOUND('',#791,.T.);
#628=FACE_OUTER_BOUND('',#792,.T.);
#629=FACE_OUTER_BOUND('',#793,.T.);
#630=FACE_OUTER_BOUND('',#794,.T.);
#631=FACE_OUTER_BOUND('',#795,.T.);
#632=FACE_OUTER_BOUND('',#796,.T.);
#633=FACE_OUTER_BOUND('',#797,.T.);
#634=FACE_OUTER_BOUND('',#798,.T.);
#635=FACE_OUTER_BOUND('',#799,.T.);
#636=FACE_OUTER_BOUND('',#800,.T.);
#637=FACE_OUTER_BOUND('',#801,.T.);
#638=FACE_OUTER_BOUND('',#802,.T.);
#639=FACE_OUTER_BOUND('',#803,.T.);
#640=FACE_OUTER_BOUND('',#804,.T.);
#641=FACE_OUTER_BOUND('',#805,.T.);
#642=FACE_OUTER_BOUND('',#806,.T.);
#643=FACE_OUTER_BOUND('',#807,.T.);
#644=FACE_OUTER_BOUND('',#808,.T.);
#645=FACE_OUTER_BOUND('',#809,.T.);
#646=FACE_OUTER_BOUND('',#810,.T.);
#647=FACE_OUTER_BOUND('',#811,.T.);
#648=FACE_OUTER_BOUND('',#812,.T.);
#649=FACE_OUTER_BOUND('',#813,.T.);
#650=FACE_OUTER_BOUND('',#814,.T.);
#651=FACE_OUTER_BOUND('',#815,.T.);
#652=FACE_OUTER_BOUND('',#816,.T.);
#653=FACE_OUTER_BOUND('',#817,.T.);
#654=FACE_OUTER_BOUND('',#818,.T.);
#655=FACE_OUTER_BOUND('',#819,.T.);
#656=FACE_OUTER_BOUND('',#820,.T.);
#657=FACE_OUTER_BOUND('',#821,.T.);
#658=FACE_OUTER_BOUND('',#822,.T.);
#659=FACE_OUTER_BOUND('',#823,.T.);
#660=FACE_OUTER_BOUND('',#824,.T.);
#661=FACE_OUTER_BOUND('',#825,.T.);
#662=FACE_OUTER_BOUND('',#826,.T.);
#663=FACE_OUTER_BOUND('',#827,.T.);
#664=FACE_OUTER_BOUND('',#828,.T.);
#665=FACE_OUTER_BOUND('',#829,.T.);
#666=EDGE_LOOP('',(#956,#957,#958,#959));
#667=EDGE_LOOP('',(#960,#961,#962,#963));
#668=EDGE_LOOP('',(#964,#965,#966,#967));
#669=EDGE_LOOP('',(#968,#969,#970,#971));
#670=EDGE_LOOP('',(#972,#973,#974,#975));
#671=EDGE_LOOP('',(#976,#977,#978,#979));
#672=EDGE_LOOP('',(#980,#981,#982,#983));
#673=EDGE_LOOP('',(#984,#985,#986,#987));
#674=EDGE_LOOP('',(#988,#989,#990,#991));
#675=EDGE_LOOP('',(#992,#993,#994,#995));
#676=EDGE_LOOP('',(#996,#997,#998,#999));
#677=EDGE_LOOP('',(#1000,#1001,#1002));
#678=EDGE_LOOP('',(#1003,#1004));
#679=EDGE_LOOP('',(#1005,#1006));
#680=EDGE_LOOP('',(#1007,#1008,#1009,#1010,#1011,#1012,#1013,#1014,#1015));
#681=EDGE_LOOP('',(#1016,#1017,#1018,#1019));
#682=EDGE_LOOP('',(#1020,#1021,#1022,#1023));
#683=EDGE_LOOP('',(#1024,#1025,#1026,#1027));
#684=EDGE_LOOP('',(#1028,#1029,#1030,#1031));
#685=EDGE_LOOP('',(#1032,#1033,#1034,#1035));
#686=EDGE_LOOP('',(#1036,#1037,#1038,#1039));
#687=EDGE_LOOP('',(#1040,#1041,#1042,#1043));
#688=EDGE_LOOP('',(#1044,#1045,#1046,#1047));
#689=EDGE_LOOP('',(#1048,#1049,#1050,#1051));
#690=EDGE_LOOP('',(#1052,#1053,#1054,#1055));
#691=EDGE_LOOP('',(#1056,#1057,#1058,#1059));
#692=EDGE_LOOP('',(#1060,#1061,#1062,#1063));
#693=EDGE_LOOP('',(#1064,#1065,#1066,#1067));
#694=EDGE_LOOP('',(#1068,#1069,#1070,#1071));
#695=EDGE_LOOP('',(#1072,#1073,#1074,#1075));
#696=EDGE_LOOP('',(#1076,#1077,#1078,#1079));
#697=EDGE_LOOP('',(#1080,#1081,#1082,#1083));
#698=EDGE_LOOP('',(#1084,#1085,#1086,#1087));
#699=EDGE_LOOP('',(#1088,#1089,#1090,#1091));
#700=EDGE_LOOP('',(#1092,#1093,#1094,#1095));
#701=EDGE_LOOP('',(#1096,#1097,#1098,#1099));
#702=EDGE_LOOP('',(#1100,#1101,#1102,#1103));
#703=EDGE_LOOP('',(#1104,#1105,#1106,#1107));
#704=EDGE_LOOP('',(#1108,#1109,#1110,#1111));
#705=EDGE_LOOP('',(#1112,#1113,#1114,#1115));
#706=EDGE_LOOP('',(#1116,#1117,#1118,#1119));
#707=EDGE_LOOP('',(#1120,#1121,#1122,#1123));
#708=EDGE_LOOP('',(#1124,#1125,#1126,#1127));
#709=EDGE_LOOP('',(#1128,#1129,#1130,#1131));
#710=EDGE_LOOP('',(#1132,#1133,#1134,#1135));
#711=EDGE_LOOP('',(#1136,#1137,#1138,#1139,#1140,#1141,#1142,#1143));
#712=EDGE_LOOP('',(#1144,#1145,#1146,#1147,#1148,#1149,#1150,#1151));
#713=EDGE_LOOP('',(#1152,#1153,#1154,#1155,#1156,#1157,#1158,#1159));
#714=EDGE_LOOP('',(#1160,#1161,#1162,#1163,#1164,#1165,#1166,#1167));
#715=EDGE_LOOP('',(#1168,#1169,#1170,#1171,#1172,#1173,#1174,#1175));
#716=EDGE_LOOP('',(#1176,#1177,#1178,#1179));
#717=EDGE_LOOP('',(#1180,#1181,#1182,#1183));
#718=EDGE_LOOP('',(#1184,#1185,#1186,#1187));
#719=EDGE_LOOP('',(#1188,#1189,#1190,#1191));
#720=EDGE_LOOP('',(#1192,#1193,#1194,#1195));
#721=EDGE_LOOP('',(#1196,#1197,#1198,#1199,#1200,#1201,#1202,#1203));
#722=EDGE_LOOP('',(#1204,#1205,#1206,#1207));
#723=EDGE_LOOP('',(#1208,#1209,#1210));
#724=EDGE_LOOP('',(#1211,#1212,#1213,#1214,#1215,#1216,#1217,#1218,#1219));
#725=EDGE_LOOP('',(#1220,#1221,#1222,#1223,#1224,#1225,#1226,#1227));
#726=EDGE_LOOP('',(#1228,#1229,#1230,#1231,#1232,#1233,#1234,#1235));
#727=EDGE_LOOP('',(#1236,#1237,#1238,#1239,#1240,#1241,#1242,#1243));
#728=EDGE_LOOP('',(#1244,#1245,#1246,#1247,#1248,#1249,#1250,#1251));
#729=EDGE_LOOP('',(#1252,#1253,#1254,#1255,#1256,#1257,#1258,#1259));
#730=EDGE_LOOP('',(#1260,#1261,#1262,#1263));
#731=EDGE_LOOP('',(#1264,#1265,#1266,#1267));
#732=EDGE_LOOP('',(#1268,#1269,#1270,#1271));
#733=EDGE_LOOP('',(#1272,#1273,#1274,#1275));
#734=EDGE_LOOP('',(#1276,#1277,#1278,#1279));
#735=EDGE_LOOP('',(#1280,#1281,#1282,#1283));
#736=EDGE_LOOP('',(#1284,#1285,#1286,#1287));
#737=EDGE_LOOP('',(#1288,#1289,#1290,#1291));
#738=EDGE_LOOP('',(#1292,#1293,#1294,#1295));
#739=EDGE_LOOP('',(#1296,#1297,#1298,#1299));
#740=EDGE_LOOP('',(#1300,#1301,#1302,#1303));
#741=EDGE_LOOP('',(#1304,#1305,#1306,#1307));
#742=EDGE_LOOP('',(#1308,#1309,#1310,#1311));
#743=EDGE_LOOP('',(#1312,#1313,#1314,#1315));
#744=EDGE_LOOP('',(#1316,#1317,#1318,#1319));
#745=EDGE_LOOP('',(#1320,#1321,#1322,#1323));
#746=EDGE_LOOP('',(#1324,#1325,#1326,#1327));
#747=EDGE_LOOP('',(#1328,#1329,#1330,#1331));
#748=EDGE_LOOP('',(#1332,#1333,#1334,#1335));
#749=EDGE_LOOP('',(#1336,#1337,#1338,#1339));
#750=EDGE_LOOP('',(#1340,#1341,#1342,#1343));
#751=EDGE_LOOP('',(#1344,#1345,#1346,#1347));
#752=EDGE_LOOP('',(#1348,#1349,#1350,#1351));
#753=EDGE_LOOP('',(#1352,#1353,#1354,#1355));
#754=EDGE_LOOP('',(#1356,#1357,#1358,#1359));
#755=EDGE_LOOP('',(#1360,#1361,#1362,#1363));
#756=EDGE_LOOP('',(#1364,#1365,#1366,#1367));
#757=EDGE_LOOP('',(#1368,#1369,#1370,#1371));
#758=EDGE_LOOP('',(#1372,#1373,#1374,#1375));
#759=EDGE_LOOP('',(#1376,#1377,#1378,#1379));
#760=EDGE_LOOP('',(#1380,#1381,#1382,#1383));
#761=EDGE_LOOP('',(#1384,#1385,#1386,#1387));
#762=EDGE_LOOP('',(#1388,#1389,#1390,#1391));
#763=EDGE_LOOP('',(#1392,#1393,#1394,#1395));
#764=EDGE_LOOP('',(#1396,#1397,#1398,#1399));
#765=EDGE_LOOP('',(#1400,#1401,#1402,#1403));
#766=EDGE_LOOP('',(#1404,#1405,#1406,#1407,#1408,#1409,#1410,#1411));
#767=EDGE_LOOP('',(#1412,#1413,#1414,#1415));
#768=EDGE_LOOP('',(#1416,#1417,#1418,#1419));
#769=EDGE_LOOP('',(#1420,#1421,#1422,#1423));
#770=EDGE_LOOP('',(#1424,#1425,#1426,#1427));
#771=EDGE_LOOP('',(#1428,#1429,#1430,#1431));
#772=EDGE_LOOP('',(#1432,#1433,#1434,#1435));
#773=EDGE_LOOP('',(#1436,#1437,#1438,#1439));
#774=EDGE_LOOP('',(#1440,#1441,#1442,#1443));
#775=EDGE_LOOP('',(#1444,#1445,#1446,#1447));
#776=EDGE_LOOP('',(#1448,#1449,#1450,#1451));
#777=EDGE_LOOP('',(#1452,#1453,#1454,#1455,#1456,#1457,#1458,#1459,#1460,
#1461,#1462,#1463));
#778=EDGE_LOOP('',(#1464,#1465,#1466,#1467,#1468,#1469,#1470,#1471,#1472,
#1473,#1474,#1475));
#779=EDGE_LOOP('',(#1476,#1477,#1478,#1479,#1480,#1481,#1482,#1483,#1484,
#1485,#1486,#1487,#1488,#1489));
#780=EDGE_LOOP('',(#1490,#1491,#1492,#1493,#1494,#1495,#1496,#1497,#1498,
#1499,#1500,#1501,#1502,#1503));
#781=EDGE_LOOP('',(#1504,#1505,#1506,#1507));
#782=EDGE_LOOP('',(#1508,#1509,#1510,#1511));
#783=EDGE_LOOP('',(#1512,#1513,#1514,#1515,#1516,#1517,#1518,#1519,#1520,
#1521,#1522,#1523));
#784=EDGE_LOOP('',(#1524,#1525,#1526,#1527));
#785=EDGE_LOOP('',(#1528,#1529,#1530,#1531,#1532,#1533,#1534,#1535,#1536,
#1537,#1538,#1539));
#786=EDGE_LOOP('',(#1540,#1541,#1542,#1543,#1544,#1545,#1546,#1547,#1548,
#1549,#1550,#1551));
#787=EDGE_LOOP('',(#1552,#1553,#1554,#1555,#1556,#1557,#1558,#1559,#1560,
#1561,#1562,#1563));
#788=EDGE_LOOP('',(#1564,#1565,#1566,#1567));
#789=EDGE_LOOP('',(#1568,#1569,#1570,#1571,#1572,#1573,#1574,#1575,#1576,
#1577,#1578,#1579));
#790=EDGE_LOOP('',(#1580,#1581,#1582,#1583,#1584,#1585,#1586,#1587,#1588,
#1589,#1590,#1591));
#791=EDGE_LOOP('',(#1592,#1593,#1594,#1595));
#792=EDGE_LOOP('',(#1596,#1597,#1598,#1599,#1600,#1601,#1602,#1603,#1604,
#1605,#1606,#1607));
#793=EDGE_LOOP('',(#1608,#1609,#1610,#1611,#1612,#1613,#1614,#1615,#1616,
#1617,#1618,#1619));
#794=EDGE_LOOP('',(#1620,#1621,#1622,#1623));
#795=EDGE_LOOP('',(#1624,#1625,#1626,#1627));
#796=EDGE_LOOP('',(#1628,#1629,#1630,#1631,#1632,#1633,#1634,#1635,#1636,
#1637,#1638,#1639));
#797=EDGE_LOOP('',(#1640,#1641,#1642,#1643,#1644,#1645,#1646,#1647,#1648,
#1649,#1650,#1651));
#798=EDGE_LOOP('',(#1652,#1653,#1654,#1655,#1656,#1657,#1658,#1659,#1660,
#1661,#1662,#1663,#1664,#1665));
#799=EDGE_LOOP('',(#1666,#1667,#1668,#1669,#1670,#1671,#1672,#1673,#1674,
#1675,#1676,#1677,#1678,#1679));
#800=EDGE_LOOP('',(#1680,#1681,#1682,#1683));
#801=EDGE_LOOP('',(#1684,#1685,#1686,#1687));
#802=EDGE_LOOP('',(#1688,#1689,#1690,#1691,#1692,#1693,#1694,#1695,#1696,
#1697,#1698,#1699,#1700,#1701));
#803=EDGE_LOOP('',(#1702,#1703,#1704,#1705,#1706,#1707,#1708,#1709,#1710,
#1711,#1712,#1713,#1714,#1715));
#804=EDGE_LOOP('',(#1716,#1717,#1718,#1719));
#805=EDGE_LOOP('',(#1720,#1721,#1722,#1723));
#806=EDGE_LOOP('',(#1724,#1725,#1726,#1727,#1728,#1729,#1730,#1731,#1732,
#1733,#1734,#1735,#1736,#1737));
#807=EDGE_LOOP('',(#1738,#1739,#1740,#1741,#1742,#1743,#1744,#1745,#1746,
#1747,#1748,#1749,#1750,#1751));
#808=EDGE_LOOP('',(#1752,#1753,#1754,#1755));
#809=EDGE_LOOP('',(#1756,#1757,#1758,#1759));
#810=EDGE_LOOP('',(#1760,#1761,#1762,#1763,#1764,#1765,#1766,#1767,#1768,
#1769,#1770,#1771,#1772,#1773));
#811=EDGE_LOOP('',(#1774,#1775,#1776,#1777,#1778,#1779,#1780,#1781,#1782,
#1783,#1784,#1785,#1786,#1787));
#812=EDGE_LOOP('',(#1788,#1789,#1790,#1791));
#813=EDGE_LOOP('',(#1792,#1793,#1794,#1795));
#814=EDGE_LOOP('',(#1796,#1797,#1798,#1799,#1800,#1801,#1802,#1803,#1804,
#1805,#1806,#1807,#1808,#1809));
#815=EDGE_LOOP('',(#1810,#1811,#1812,#1813,#1814,#1815,#1816,#1817,#1818,
#1819,#1820,#1821,#1822,#1823));
#816=EDGE_LOOP('',(#1824,#1825,#1826,#1827));
#817=EDGE_LOOP('',(#1828,#1829,#1830,#1831));
#818=EDGE_LOOP('',(#1832,#1833,#1834,#1835,#1836,#1837,#1838,#1839));
#819=EDGE_LOOP('',(#1840,#1841,#1842,#1843,#1844,#1845,#1846,#1847));
#820=EDGE_LOOP('',(#1848,#1849,#1850,#1851,#1852,#1853,#1854,#1855));
#821=EDGE_LOOP('',(#1856,#1857,#1858,#1859,#1860,#1861,#1862,#1863));
#822=EDGE_LOOP('',(#1864,#1865,#1866,#1867,#1868,#1869,#1870,#1871));
#823=EDGE_LOOP('',(#1872,#1873,#1874,#1875,#1876,#1877,#1878,#1879));
#824=EDGE_LOOP('',(#1880,#1881,#1882,#1883,#1884,#1885,#1886,#1887));
#825=EDGE_LOOP('',(#1888,#1889,#1890,#1891,#1892,#1893,#1894,#1895));
#826=EDGE_LOOP('',(#1896,#1897,#1898,#1899,#1900,#1901,#1902,#1903));
#827=EDGE_LOOP('',(#1904,#1905,#1906,#1907,#1908,#1909,#1910,#1911));
#828=EDGE_LOOP('',(#1912,#1913,#1914,#1915,#1916,#1917,#1918,#1919));
#829=EDGE_LOOP('',(#1920,#1921,#1922,#1923,#1924,#1925,#1926,#1927));
#830=CIRCLE('',#3213,3.);
#831=CIRCLE('',#3214,3.);
#832=CIRCLE('',#3216,3.);
#833=CIRCLE('',#3217,3.);
#834=CIRCLE('',#3219,3.);
#835=CIRCLE('',#3220,3.);
#836=CIRCLE('',#3222,3.);
#837=CIRCLE('',#3223,3.);
#838=CIRCLE('',#3225,3.);
#839=CIRCLE('',#3226,3.);
#840=CIRCLE('',#3228,7.5);
#841=CIRCLE('',#3229,11.2883268414199);
#842=CIRCLE('',#3231,7.5);
#843=CIRCLE('',#3232,11.2883268414199);
#844=CIRCLE('',#3234,7.5);
#845=CIRCLE('',#3235,11.2883268414199);
#846=CIRCLE('',#3237,7.5);
#847=CIRCLE('',#3238,11.2883268414199);
#848=CIRCLE('',#3240,7.5);
#849=CIRCLE('',#3241,11.2883268414199);
#850=CIRCLE('',#3247,13.3245735194571);
#851=CIRCLE('',#3248,16.3267949192431);
#852=CIRCLE('',#3250,13.3245735194571);
#853=CIRCLE('',#3251,16.3267949192431);
#854=CIRCLE('',#3253,13.3245735194571);
#855=CIRCLE('',#3254,16.3267949192431);
#856=CIRCLE('',#3256,13.3245735194571);
#857=CIRCLE('',#3257,16.3267949192431);
#858=CIRCLE('',#3259,13.3245735194571);
#859=CIRCLE('',#3260,16.3267949192431);
#860=CIRCLE('',#3262,16.1535898384862);
#861=CIRCLE('',#3264,16.1535898384862);
#862=CIRCLE('',#3266,16.1535898384862);
#863=CIRCLE('',#3268,16.1535898384862);
#864=CIRCLE('',#3270,16.1535898384862);
#865=CIRCLE('',#3272,14.6);
#866=CIRCLE('',#3274,14.6);
#867=CIRCLE('',#3276,14.6);
#868=CIRCLE('',#3278,14.6);
#869=CIRCLE('',#3280,14.6);
#870=CIRCLE('',#3282,14.6);
#871=CIRCLE('',#3284,14.6);
#872=CIRCLE('',#3286,14.6);
#873=CIRCLE('',#3288,14.6);
#874=CIRCLE('',#3290,14.6);
#875=CIRCLE('',#3292,16.2702516900963);
#876=CIRCLE('',#3294,16.2702516900963);
#877=CIRCLE('',#3296,16.2702516900963);
#878=CIRCLE('',#3298,16.2702516900963);
#879=CIRCLE('',#3300,16.2702516900963);
#880=CIRCLE('',#3302,16.4683053038446);
#881=CIRCLE('',#3304,16.4683053038446);
#882=CIRCLE('',#3306,16.4683053038446);
#883=CIRCLE('',#3308,16.4683053038446);
#884=CIRCLE('',#3310,16.4683053038446);
#885=CIRCLE('',#3313,16.4683053038446);
#886=CIRCLE('',#3314,12.2785949101615);
#887=CIRCLE('',#3316,16.4683053038446);
#888=CIRCLE('',#3317,12.2785949101615);
#889=CIRCLE('',#3320,16.4683053038446);
#890=CIRCLE('',#3321,12.2785949101615);
#891=CIRCLE('',#3324,16.4683053038446);
#892=CIRCLE('',#3325,12.2785949101615);
#893=CIRCLE('',#3328,16.4683053038446);
#894=CIRCLE('',#3329,12.2785949101615);
#895=CIRCLE('',#3335,11.2883268414199);
#896=CIRCLE('',#3338,13.3245735194571);
#897=CIRCLE('',#3340,13.3245735194571);
#898=CIRCLE('',#3341,13.3245735194571);
#899=CIRCLE('',#3343,13.3245735194571);
#900=CIRCLE('',#3345,13.3245735194571);
#901=CIRCLE('',#3347,13.3245735194571);
#902=CIRCLE('',#3348,3.);
#903=CIRCLE('',#3350,13.3245735194571);
#904=CIRCLE('',#3352,16.3267949192431);
#905=CIRCLE('',#3354,16.3267949192431);
#906=CIRCLE('',#3356,16.3267949192431);
#907=CIRCLE('',#3358,16.3267949192431);
#908=CIRCLE('',#3360,16.3267949192431);
#909=CIRCLE('',#3362,16.3267949192431);
#910=CIRCLE('',#3364,16.1535898384862);
#911=CIRCLE('',#3366,16.1535898384862);
#912=CIRCLE('',#3368,16.1535898384862);
#913=CIRCLE('',#3370,16.1535898384862);
#914=CIRCLE('',#3372,16.1535898384862);
#915=CIRCLE('',#3374,16.1535898384862);
#916=CIRCLE('',#3376,14.6);
#917=CIRCLE('',#3378,14.6);
#918=CIRCLE('',#3380,14.6);
#919=CIRCLE('',#3382,14.6);
#920=CIRCLE('',#3384,14.6);
#921=CIRCLE('',#3386,14.6);
#922=CIRCLE('',#3388,14.6);
#923=CIRCLE('',#3390,14.6);
#924=CIRCLE('',#3392,14.6);
#925=CIRCLE('',#3394,14.6);
#926=CIRCLE('',#3396,14.6);
#927=CIRCLE('',#3398,14.6);
#928=CIRCLE('',#3400,16.2702516900963);
#929=CIRCLE('',#3402,16.2702516900963);
#930=CIRCLE('',#3404,16.2702516900963);
#931=CIRCLE('',#3406,16.2702516900963);
#932=CIRCLE('',#3408,16.2702516900963);
#933=CIRCLE('',#3410,16.2702516900963);
#934=CIRCLE('',#3413,16.4683053038446);
#935=CIRCLE('',#3418,16.4683053038446);
#936=CIRCLE('',#3420,12.2785949101615);
#937=CIRCLE('',#3423,3.);
#938=CIRCLE('',#3425,7.5);
#939=CIRCLE('',#3427,16.3267949192431);
#940=CIRCLE('',#3429,16.1535898384862);
#941=CIRCLE('',#3431,14.6);
#942=CIRCLE('',#3433,14.6);
#943=CIRCLE('',#3435,16.2702516900963);
#944=CIRCLE('',#3487,7.5);
#945=CIRCLE('',#3488,7.5);
#946=CIRCLE('',#3490,7.5);
#947=CIRCLE('',#3491,7.5);
#948=CIRCLE('',#3493,7.5);
#949=CIRCLE('',#3494,7.5);
#950=CIRCLE('',#3496,7.5);
#951=CIRCLE('',#3497,7.5);
#952=CIRCLE('',#3499,7.5);
#953=CIRCLE('',#3500,7.5);
#954=CIRCLE('',#3502,7.5);
#955=CIRCLE('',#3503,7.5);
#956=ORIENTED_EDGE('',*,*,#2258,.F.);
#957=ORIENTED_EDGE('',*,*,#2259,.T.);
#958=ORIENTED_EDGE('',*,*,#2260,.T.);
#959=ORIENTED_EDGE('',*,*,#2261,.F.);
#960=ORIENTED_EDGE('',*,*,#2262,.F.);
#961=ORIENTED_EDGE('',*,*,#2263,.T.);
#962=ORIENTED_EDGE('',*,*,#2264,.T.);
#963=ORIENTED_EDGE('',*,*,#2265,.F.);
#964=ORIENTED_EDGE('',*,*,#2266,.F.);
#965=ORIENTED_EDGE('',*,*,#2267,.T.);
#966=ORIENTED_EDGE('',*,*,#2268,.T.);
#967=ORIENTED_EDGE('',*,*,#2269,.F.);
#968=ORIENTED_EDGE('',*,*,#2270,.F.);
#969=ORIENTED_EDGE('',*,*,#2271,.T.);
#970=ORIENTED_EDGE('',*,*,#2272,.F.);
#971=ORIENTED_EDGE('',*,*,#2273,.F.);
#972=ORIENTED_EDGE('',*,*,#2274,.F.);
#973=ORIENTED_EDGE('',*,*,#2275,.T.);
#974=ORIENTED_EDGE('',*,*,#2276,.T.);
#975=ORIENTED_EDGE('',*,*,#2277,.F.);
#976=ORIENTED_EDGE('',*,*,#2278,.T.);
#977=ORIENTED_EDGE('',*,*,#2279,.T.);
#978=ORIENTED_EDGE('',*,*,#2280,.F.);
#979=ORIENTED_EDGE('',*,*,#2281,.T.);
#980=ORIENTED_EDGE('',*,*,#2282,.T.);
#981=ORIENTED_EDGE('',*,*,#2283,.T.);
#982=ORIENTED_EDGE('',*,*,#2284,.F.);
#983=ORIENTED_EDGE('',*,*,#2285,.T.);
#984=ORIENTED_EDGE('',*,*,#2286,.T.);
#985=ORIENTED_EDGE('',*,*,#2287,.T.);
#986=ORIENTED_EDGE('',*,*,#2288,.F.);
#987=ORIENTED_EDGE('',*,*,#2289,.T.);
#988=ORIENTED_EDGE('',*,*,#2290,.T.);
#989=ORIENTED_EDGE('',*,*,#2291,.T.);
#990=ORIENTED_EDGE('',*,*,#2292,.F.);
#991=ORIENTED_EDGE('',*,*,#2293,.T.);
#992=ORIENTED_EDGE('',*,*,#2294,.T.);
#993=ORIENTED_EDGE('',*,*,#2295,.T.);
#994=ORIENTED_EDGE('',*,*,#2296,.F.);
#995=ORIENTED_EDGE('',*,*,#2297,.T.);
#996=ORIENTED_EDGE('',*,*,#2298,.T.);
#997=ORIENTED_EDGE('',*,*,#2299,.T.);
#998=ORIENTED_EDGE('',*,*,#2300,.T.);
#999=ORIENTED_EDGE('',*,*,#2301,.T.);
#1000=ORIENTED_EDGE('',*,*,#2302,.T.);
#1001=ORIENTED_EDGE('',*,*,#2303,.T.);
#1002=ORIENTED_EDGE('',*,*,#2304,.T.);
#1003=ORIENTED_EDGE('',*,*,#2305,.T.);
#1004=ORIENTED_EDGE('',*,*,#2306,.T.);
#1005=ORIENTED_EDGE('',*,*,#2306,.F.);
#1006=ORIENTED_EDGE('',*,*,#2305,.F.);
#1007=ORIENTED_EDGE('',*,*,#2307,.T.);
#1008=ORIENTED_EDGE('',*,*,#2308,.T.);
#1009=ORIENTED_EDGE('',*,*,#2309,.T.);
#1010=ORIENTED_EDGE('',*,*,#2310,.T.);
#1011=ORIENTED_EDGE('',*,*,#2311,.T.);
#1012=ORIENTED_EDGE('',*,*,#2312,.T.);
#1013=ORIENTED_EDGE('',*,*,#2313,.T.);
#1014=ORIENTED_EDGE('',*,*,#2314,.T.);
#1015=ORIENTED_EDGE('',*,*,#2315,.T.);
#1016=ORIENTED_EDGE('',*,*,#2316,.F.);
#1017=ORIENTED_EDGE('',*,*,#2317,.T.);
#1018=ORIENTED_EDGE('',*,*,#2318,.T.);
#1019=ORIENTED_EDGE('',*,*,#2319,.F.);
#1020=ORIENTED_EDGE('',*,*,#2320,.F.);
#1021=ORIENTED_EDGE('',*,*,#2321,.T.);
#1022=ORIENTED_EDGE('',*,*,#2322,.T.);
#1023=ORIENTED_EDGE('',*,*,#2323,.F.);
#1024=ORIENTED_EDGE('',*,*,#2324,.F.);
#1025=ORIENTED_EDGE('',*,*,#2325,.T.);
#1026=ORIENTED_EDGE('',*,*,#2326,.T.);
#1027=ORIENTED_EDGE('',*,*,#2327,.F.);
#1028=ORIENTED_EDGE('',*,*,#2328,.F.);
#1029=ORIENTED_EDGE('',*,*,#2329,.T.);
#1030=ORIENTED_EDGE('',*,*,#2330,.T.);
#1031=ORIENTED_EDGE('',*,*,#2331,.F.);
#1032=ORIENTED_EDGE('',*,*,#2332,.F.);
#1033=ORIENTED_EDGE('',*,*,#2333,.T.);
#1034=ORIENTED_EDGE('',*,*,#2334,.T.);
#1035=ORIENTED_EDGE('',*,*,#2335,.F.);
#1036=ORIENTED_EDGE('',*,*,#2336,.F.);
#1037=ORIENTED_EDGE('',*,*,#2319,.T.);
#1038=ORIENTED_EDGE('',*,*,#2337,.T.);
#1039=ORIENTED_EDGE('',*,*,#2338,.F.);
#1040=ORIENTED_EDGE('',*,*,#2339,.F.);
#1041=ORIENTED_EDGE('',*,*,#2323,.T.);
#1042=ORIENTED_EDGE('',*,*,#2340,.T.);
#1043=ORIENTED_EDGE('',*,*,#2341,.F.);
#1044=ORIENTED_EDGE('',*,*,#2342,.F.);
#1045=ORIENTED_EDGE('',*,*,#2327,.T.);
#1046=ORIENTED_EDGE('',*,*,#2343,.T.);
#1047=ORIENTED_EDGE('',*,*,#2344,.F.);
#1048=ORIENTED_EDGE('',*,*,#2345,.F.);
#1049=ORIENTED_EDGE('',*,*,#2331,.T.);
#1050=ORIENTED_EDGE('',*,*,#2346,.T.);
#1051=ORIENTED_EDGE('',*,*,#2347,.F.);
#1052=ORIENTED_EDGE('',*,*,#2348,.F.);
#1053=ORIENTED_EDGE('',*,*,#2335,.T.);
#1054=ORIENTED_EDGE('',*,*,#2349,.T.);
#1055=ORIENTED_EDGE('',*,*,#2350,.F.);
#1056=ORIENTED_EDGE('',*,*,#2351,.F.);
#1057=ORIENTED_EDGE('',*,*,#2338,.T.);
#1058=ORIENTED_EDGE('',*,*,#2352,.F.);
#1059=ORIENTED_EDGE('',*,*,#2353,.F.);
#1060=ORIENTED_EDGE('',*,*,#2354,.F.);
#1061=ORIENTED_EDGE('',*,*,#2341,.T.);
#1062=ORIENTED_EDGE('',*,*,#2355,.T.);
#1063=ORIENTED_EDGE('',*,*,#2356,.F.);
#1064=ORIENTED_EDGE('',*,*,#2357,.F.);
#1065=ORIENTED_EDGE('',*,*,#2344,.T.);
#1066=ORIENTED_EDGE('',*,*,#2358,.T.);
#1067=ORIENTED_EDGE('',*,*,#2359,.F.);
#1068=ORIENTED_EDGE('',*,*,#2360,.F.);
#1069=ORIENTED_EDGE('',*,*,#2347,.T.);
#1070=ORIENTED_EDGE('',*,*,#2361,.T.);
#1071=ORIENTED_EDGE('',*,*,#2362,.F.);
#1072=ORIENTED_EDGE('',*,*,#2363,.F.);
#1073=ORIENTED_EDGE('',*,*,#2350,.T.);
#1074=ORIENTED_EDGE('',*,*,#2364,.T.);
#1075=ORIENTED_EDGE('',*,*,#2365,.F.);
#1076=ORIENTED_EDGE('',*,*,#2366,.F.);
#1077=ORIENTED_EDGE('',*,*,#2353,.T.);
#1078=ORIENTED_EDGE('',*,*,#2367,.F.);
#1079=ORIENTED_EDGE('',*,*,#2368,.F.);
#1080=ORIENTED_EDGE('',*,*,#2369,.F.);
#1081=ORIENTED_EDGE('',*,*,#2356,.T.);
#1082=ORIENTED_EDGE('',*,*,#2370,.T.);
#1083=ORIENTED_EDGE('',*,*,#2371,.F.);
#1084=ORIENTED_EDGE('',*,*,#2372,.F.);
#1085=ORIENTED_EDGE('',*,*,#2359,.T.);
#1086=ORIENTED_EDGE('',*,*,#2373,.T.);
#1087=ORIENTED_EDGE('',*,*,#2374,.F.);
#1088=ORIENTED_EDGE('',*,*,#2375,.F.);
#1089=ORIENTED_EDGE('',*,*,#2362,.T.);
#1090=ORIENTED_EDGE('',*,*,#2376,.T.);
#1091=ORIENTED_EDGE('',*,*,#2377,.F.);
#1092=ORIENTED_EDGE('',*,*,#2378,.F.);
#1093=ORIENTED_EDGE('',*,*,#2365,.T.);
#1094=ORIENTED_EDGE('',*,*,#2379,.T.);
#1095=ORIENTED_EDGE('',*,*,#2380,.F.);
#1096=ORIENTED_EDGE('',*,*,#2381,.F.);
#1097=ORIENTED_EDGE('',*,*,#2368,.T.);
#1098=ORIENTED_EDGE('',*,*,#2382,.F.);
#1099=ORIENTED_EDGE('',*,*,#2383,.F.);
#1100=ORIENTED_EDGE('',*,*,#2384,.F.);
#1101=ORIENTED_EDGE('',*,*,#2371,.T.);
#1102=ORIENTED_EDGE('',*,*,#2385,.T.);
#1103=ORIENTED_EDGE('',*,*,#2386,.F.);
#1104=ORIENTED_EDGE('',*,*,#2387,.F.);
#1105=ORIENTED_EDGE('',*,*,#2374,.T.);
#1106=ORIENTED_EDGE('',*,*,#2388,.T.);
#1107=ORIENTED_EDGE('',*,*,#2389,.F.);
#1108=ORIENTED_EDGE('',*,*,#2390,.F.);
#1109=ORIENTED_EDGE('',*,*,#2377,.T.);
#1110=ORIENTED_EDGE('',*,*,#2391,.T.);
#1111=ORIENTED_EDGE('',*,*,#2392,.F.);
#1112=ORIENTED_EDGE('',*,*,#2393,.F.);
#1113=ORIENTED_EDGE('',*,*,#2380,.T.);
#1114=ORIENTED_EDGE('',*,*,#2394,.T.);
#1115=ORIENTED_EDGE('',*,*,#2395,.F.);
#1116=ORIENTED_EDGE('',*,*,#2396,.F.);
#1117=ORIENTED_EDGE('',*,*,#2383,.T.);
#1118=ORIENTED_EDGE('',*,*,#2397,.T.);
#1119=ORIENTED_EDGE('',*,*,#2398,.F.);
#1120=ORIENTED_EDGE('',*,*,#2399,.F.);
#1121=ORIENTED_EDGE('',*,*,#2386,.T.);
#1122=ORIENTED_EDGE('',*,*,#2400,.T.);
#1123=ORIENTED_EDGE('',*,*,#2401,.F.);
#1124=ORIENTED_EDGE('',*,*,#2402,.F.);
#1125=ORIENTED_EDGE('',*,*,#2389,.T.);
#1126=ORIENTED_EDGE('',*,*,#2403,.T.);
#1127=ORIENTED_EDGE('',*,*,#2404,.F.);
#1128=ORIENTED_EDGE('',*,*,#2405,.F.);
#1129=ORIENTED_EDGE('',*,*,#2392,.T.);
#1130=ORIENTED_EDGE('',*,*,#2406,.T.);
#1131=ORIENTED_EDGE('',*,*,#2407,.F.);
#1132=ORIENTED_EDGE('',*,*,#2408,.F.);
#1133=ORIENTED_EDGE('',*,*,#2395,.T.);
#1134=ORIENTED_EDGE('',*,*,#2409,.T.);
#1135=ORIENTED_EDGE('',*,*,#2410,.F.);
#1136=ORIENTED_EDGE('',*,*,#2411,.F.);
#1137=ORIENTED_EDGE('',*,*,#2398,.T.);
#1138=ORIENTED_EDGE('',*,*,#2412,.F.);
#1139=ORIENTED_EDGE('',*,*,#2413,.F.);
#1140=ORIENTED_EDGE('',*,*,#2414,.T.);
#1141=ORIENTED_EDGE('',*,*,#2415,.T.);
#1142=ORIENTED_EDGE('',*,*,#2416,.T.);
#1143=ORIENTED_EDGE('',*,*,#2417,.T.);
#1144=ORIENTED_EDGE('',*,*,#2418,.T.);
#1145=ORIENTED_EDGE('',*,*,#2419,.T.);
#1146=ORIENTED_EDGE('',*,*,#2420,.T.);
#1147=ORIENTED_EDGE('',*,*,#2421,.F.);
#1148=ORIENTED_EDGE('',*,*,#2401,.T.);
#1149=ORIENTED_EDGE('',*,*,#2422,.T.);
#1150=ORIENTED_EDGE('',*,*,#2423,.F.);
#1151=ORIENTED_EDGE('',*,*,#2424,.F.);
#1152=ORIENTED_EDGE('',*,*,#2425,.T.);
#1153=ORIENTED_EDGE('',*,*,#2426,.T.);
#1154=ORIENTED_EDGE('',*,*,#2427,.T.);
#1155=ORIENTED_EDGE('',*,*,#2428,.F.);
#1156=ORIENTED_EDGE('',*,*,#2404,.T.);
#1157=ORIENTED_EDGE('',*,*,#2429,.T.);
#1158=ORIENTED_EDGE('',*,*,#2430,.F.);
#1159=ORIENTED_EDGE('',*,*,#2431,.F.);
#1160=ORIENTED_EDGE('',*,*,#2432,.T.);
#1161=ORIENTED_EDGE('',*,*,#2433,.T.);
#1162=ORIENTED_EDGE('',*,*,#2434,.T.);
#1163=ORIENTED_EDGE('',*,*,#2435,.F.);
#1164=ORIENTED_EDGE('',*,*,#2407,.T.);
#1165=ORIENTED_EDGE('',*,*,#2436,.T.);
#1166=ORIENTED_EDGE('',*,*,#2437,.F.);
#1167=ORIENTED_EDGE('',*,*,#2438,.F.);
#1168=ORIENTED_EDGE('',*,*,#2439,.T.);
#1169=ORIENTED_EDGE('',*,*,#2440,.T.);
#1170=ORIENTED_EDGE('',*,*,#2441,.T.);
#1171=ORIENTED_EDGE('',*,*,#2442,.F.);
#1172=ORIENTED_EDGE('',*,*,#2410,.T.);
#1173=ORIENTED_EDGE('',*,*,#2443,.T.);
#1174=ORIENTED_EDGE('',*,*,#2444,.F.);
#1175=ORIENTED_EDGE('',*,*,#2445,.F.);
#1176=ORIENTED_EDGE('',*,*,#2289,.F.);
#1177=ORIENTED_EDGE('',*,*,#2446,.T.);
#1178=ORIENTED_EDGE('',*,*,#2417,.F.);
#1179=ORIENTED_EDGE('',*,*,#2447,.F.);
#1180=ORIENTED_EDGE('',*,*,#2448,.F.);
#1181=ORIENTED_EDGE('',*,*,#2293,.F.);
#1182=ORIENTED_EDGE('',*,*,#2449,.T.);
#1183=ORIENTED_EDGE('',*,*,#2420,.F.);
#1184=ORIENTED_EDGE('',*,*,#2450,.F.);
#1185=ORIENTED_EDGE('',*,*,#2297,.F.);
#1186=ORIENTED_EDGE('',*,*,#2451,.T.);
#1187=ORIENTED_EDGE('',*,*,#2427,.F.);
#1188=ORIENTED_EDGE('',*,*,#2452,.F.);
#1189=ORIENTED_EDGE('',*,*,#2453,.F.);
#1190=ORIENTED_EDGE('',*,*,#2454,.T.);
#1191=ORIENTED_EDGE('',*,*,#2434,.F.);
#1192=ORIENTED_EDGE('',*,*,#2455,.F.);
#1193=ORIENTED_EDGE('',*,*,#2281,.F.);
#1194=ORIENTED_EDGE('',*,*,#2456,.T.);
#1195=ORIENTED_EDGE('',*,*,#2441,.F.);
#1196=ORIENTED_EDGE('',*,*,#2457,.F.);
#1197=ORIENTED_EDGE('',*,*,#2458,.T.);
#1198=ORIENTED_EDGE('',*,*,#2459,.F.);
#1199=ORIENTED_EDGE('',*,*,#2460,.F.);
#1200=ORIENTED_EDGE('',*,*,#2269,.T.);
#1201=ORIENTED_EDGE('',*,*,#2461,.T.);
#1202=ORIENTED_EDGE('',*,*,#2317,.F.);
#1203=ORIENTED_EDGE('',*,*,#2462,.F.);
#1204=ORIENTED_EDGE('',*,*,#2299,.F.);
#1205=ORIENTED_EDGE('',*,*,#2298,.F.);
#1206=ORIENTED_EDGE('',*,*,#2301,.F.);
#1207=ORIENTED_EDGE('',*,*,#2300,.F.);
#1208=ORIENTED_EDGE('',*,*,#2303,.F.);
#1209=ORIENTED_EDGE('',*,*,#2302,.F.);
#1210=ORIENTED_EDGE('',*,*,#2304,.F.);
#1211=ORIENTED_EDGE('',*,*,#2308,.F.);
#1212=ORIENTED_EDGE('',*,*,#2307,.F.);
#1213=ORIENTED_EDGE('',*,*,#2315,.F.);
#1214=ORIENTED_EDGE('',*,*,#2314,.F.);
#1215=ORIENTED_EDGE('',*,*,#2313,.F.);
#1216=ORIENTED_EDGE('',*,*,#2312,.F.);
#1217=ORIENTED_EDGE('',*,*,#2311,.F.);
#1218=ORIENTED_EDGE('',*,*,#2310,.F.);
#1219=ORIENTED_EDGE('',*,*,#2309,.F.);
#1220=ORIENTED_EDGE('',*,*,#2463,.F.);
#1221=ORIENTED_EDGE('',*,*,#2464,.F.);
#1222=ORIENTED_EDGE('',*,*,#2465,.F.);
#1223=ORIENTED_EDGE('',*,*,#2466,.F.);
#1224=ORIENTED_EDGE('',*,*,#2467,.T.);
#1225=ORIENTED_EDGE('',*,*,#2468,.F.);
#1226=ORIENTED_EDGE('',*,*,#2469,.F.);
#1227=ORIENTED_EDGE('',*,*,#2273,.T.);
#1228=ORIENTED_EDGE('',*,*,#2470,.F.);
#1229=ORIENTED_EDGE('',*,*,#2471,.T.);
#1230=ORIENTED_EDGE('',*,*,#2472,.F.);
#1231=ORIENTED_EDGE('',*,*,#2473,.F.);
#1232=ORIENTED_EDGE('',*,*,#2265,.T.);
#1233=ORIENTED_EDGE('',*,*,#2474,.T.);
#1234=ORIENTED_EDGE('',*,*,#2321,.F.);
#1235=ORIENTED_EDGE('',*,*,#2475,.F.);
#1236=ORIENTED_EDGE('',*,*,#2476,.F.);
#1237=ORIENTED_EDGE('',*,*,#2477,.T.);
#1238=ORIENTED_EDGE('',*,*,#2478,.F.);
#1239=ORIENTED_EDGE('',*,*,#2479,.F.);
#1240=ORIENTED_EDGE('',*,*,#2261,.T.);
#1241=ORIENTED_EDGE('',*,*,#2480,.T.);
#1242=ORIENTED_EDGE('',*,*,#2325,.F.);
#1243=ORIENTED_EDGE('',*,*,#2481,.F.);
#1244=ORIENTED_EDGE('',*,*,#2482,.F.);
#1245=ORIENTED_EDGE('',*,*,#2483,.T.);
#1246=ORIENTED_EDGE('',*,*,#2484,.F.);
#1247=ORIENTED_EDGE('',*,*,#2485,.F.);
#1248=ORIENTED_EDGE('',*,*,#2486,.T.);
#1249=ORIENTED_EDGE('',*,*,#2487,.T.);
#1250=ORIENTED_EDGE('',*,*,#2329,.F.);
#1251=ORIENTED_EDGE('',*,*,#2488,.F.);
#1252=ORIENTED_EDGE('',*,*,#2489,.F.);
#1253=ORIENTED_EDGE('',*,*,#2490,.T.);
#1254=ORIENTED_EDGE('',*,*,#2491,.F.);
#1255=ORIENTED_EDGE('',*,*,#2492,.F.);
#1256=ORIENTED_EDGE('',*,*,#2277,.T.);
#1257=ORIENTED_EDGE('',*,*,#2493,.T.);
#1258=ORIENTED_EDGE('',*,*,#2333,.F.);
#1259=ORIENTED_EDGE('',*,*,#2494,.F.);
#1260=ORIENTED_EDGE('',*,*,#2459,.T.);
#1261=ORIENTED_EDGE('',*,*,#2495,.T.);
#1262=ORIENTED_EDGE('',*,*,#2496,.F.);
#1263=ORIENTED_EDGE('',*,*,#2497,.F.);
#1264=ORIENTED_EDGE('',*,*,#2498,.F.);
#1265=ORIENTED_EDGE('',*,*,#2499,.F.);
#1266=ORIENTED_EDGE('',*,*,#2500,.F.);
#1267=ORIENTED_EDGE('',*,*,#2464,.T.);
#1268=ORIENTED_EDGE('',*,*,#2472,.T.);
#1269=ORIENTED_EDGE('',*,*,#2501,.T.);
#1270=ORIENTED_EDGE('',*,*,#2502,.F.);
#1271=ORIENTED_EDGE('',*,*,#2503,.F.);
#1272=ORIENTED_EDGE('',*,*,#2478,.T.);
#1273=ORIENTED_EDGE('',*,*,#2504,.T.);
#1274=ORIENTED_EDGE('',*,*,#2505,.F.);
#1275=ORIENTED_EDGE('',*,*,#2506,.F.);
#1276=ORIENTED_EDGE('',*,*,#2484,.T.);
#1277=ORIENTED_EDGE('',*,*,#2507,.T.);
#1278=ORIENTED_EDGE('',*,*,#2508,.F.);
#1279=ORIENTED_EDGE('',*,*,#2509,.F.);
#1280=ORIENTED_EDGE('',*,*,#2491,.T.);
#1281=ORIENTED_EDGE('',*,*,#2510,.T.);
#1282=ORIENTED_EDGE('',*,*,#2511,.F.);
#1283=ORIENTED_EDGE('',*,*,#2512,.F.);
#1284=ORIENTED_EDGE('',*,*,#2496,.T.);
#1285=ORIENTED_EDGE('',*,*,#2513,.T.);
#1286=ORIENTED_EDGE('',*,*,#2514,.F.);
#1287=ORIENTED_EDGE('',*,*,#2515,.F.);
#1288=ORIENTED_EDGE('',*,*,#2516,.F.);
#1289=ORIENTED_EDGE('',*,*,#2517,.F.);
#1290=ORIENTED_EDGE('',*,*,#2518,.F.);
#1291=ORIENTED_EDGE('',*,*,#2499,.T.);
#1292=ORIENTED_EDGE('',*,*,#2502,.T.);
#1293=ORIENTED_EDGE('',*,*,#2519,.T.);
#1294=ORIENTED_EDGE('',*,*,#2520,.F.);
#1295=ORIENTED_EDGE('',*,*,#2521,.F.);
#1296=ORIENTED_EDGE('',*,*,#2505,.T.);
#1297=ORIENTED_EDGE('',*,*,#2522,.T.);
#1298=ORIENTED_EDGE('',*,*,#2523,.F.);
#1299=ORIENTED_EDGE('',*,*,#2524,.F.);
#1300=ORIENTED_EDGE('',*,*,#2508,.T.);
#1301=ORIENTED_EDGE('',*,*,#2525,.T.);
#1302=ORIENTED_EDGE('',*,*,#2526,.F.);
#1303=ORIENTED_EDGE('',*,*,#2527,.F.);
#1304=ORIENTED_EDGE('',*,*,#2511,.T.);
#1305=ORIENTED_EDGE('',*,*,#2528,.T.);
#1306=ORIENTED_EDGE('',*,*,#2529,.F.);
#1307=ORIENTED_EDGE('',*,*,#2530,.F.);
#1308=ORIENTED_EDGE('',*,*,#2514,.T.);
#1309=ORIENTED_EDGE('',*,*,#2531,.T.);
#1310=ORIENTED_EDGE('',*,*,#2532,.F.);
#1311=ORIENTED_EDGE('',*,*,#2533,.F.);
#1312=ORIENTED_EDGE('',*,*,#2534,.F.);
#1313=ORIENTED_EDGE('',*,*,#2535,.F.);
#1314=ORIENTED_EDGE('',*,*,#2536,.F.);
#1315=ORIENTED_EDGE('',*,*,#2517,.T.);
#1316=ORIENTED_EDGE('',*,*,#2520,.T.);
#1317=ORIENTED_EDGE('',*,*,#2537,.T.);
#1318=ORIENTED_EDGE('',*,*,#2538,.F.);
#1319=ORIENTED_EDGE('',*,*,#2539,.F.);
#1320=ORIENTED_EDGE('',*,*,#2523,.T.);
#1321=ORIENTED_EDGE('',*,*,#2540,.T.);
#1322=ORIENTED_EDGE('',*,*,#2541,.F.);
#1323=ORIENTED_EDGE('',*,*,#2542,.F.);
#1324=ORIENTED_EDGE('',*,*,#2526,.T.);
#1325=ORIENTED_EDGE('',*,*,#2543,.T.);
#1326=ORIENTED_EDGE('',*,*,#2544,.F.);
#1327=ORIENTED_EDGE('',*,*,#2545,.F.);
#1328=ORIENTED_EDGE('',*,*,#2529,.T.);
#1329=ORIENTED_EDGE('',*,*,#2546,.T.);
#1330=ORIENTED_EDGE('',*,*,#2547,.F.);
#1331=ORIENTED_EDGE('',*,*,#2548,.F.);
#1332=ORIENTED_EDGE('',*,*,#2532,.T.);
#1333=ORIENTED_EDGE('',*,*,#2549,.T.);
#1334=ORIENTED_EDGE('',*,*,#2550,.F.);
#1335=ORIENTED_EDGE('',*,*,#2551,.F.);
#1336=ORIENTED_EDGE('',*,*,#2552,.F.);
#1337=ORIENTED_EDGE('',*,*,#2553,.F.);
#1338=ORIENTED_EDGE('',*,*,#2554,.F.);
#1339=ORIENTED_EDGE('',*,*,#2535,.T.);
#1340=ORIENTED_EDGE('',*,*,#2538,.T.);
#1341=ORIENTED_EDGE('',*,*,#2555,.T.);
#1342=ORIENTED_EDGE('',*,*,#2556,.F.);
#1343=ORIENTED_EDGE('',*,*,#2557,.F.);
#1344=ORIENTED_EDGE('',*,*,#2541,.T.);
#1345=ORIENTED_EDGE('',*,*,#2558,.T.);
#1346=ORIENTED_EDGE('',*,*,#2559,.F.);
#1347=ORIENTED_EDGE('',*,*,#2560,.F.);
#1348=ORIENTED_EDGE('',*,*,#2544,.T.);
#1349=ORIENTED_EDGE('',*,*,#2561,.T.);
#1350=ORIENTED_EDGE('',*,*,#2562,.F.);
#1351=ORIENTED_EDGE('',*,*,#2563,.F.);
#1352=ORIENTED_EDGE('',*,*,#2547,.T.);
#1353=ORIENTED_EDGE('',*,*,#2564,.T.);
#1354=ORIENTED_EDGE('',*,*,#2565,.F.);
#1355=ORIENTED_EDGE('',*,*,#2566,.F.);
#1356=ORIENTED_EDGE('',*,*,#2550,.T.);
#1357=ORIENTED_EDGE('',*,*,#2567,.T.);
#1358=ORIENTED_EDGE('',*,*,#2568,.F.);
#1359=ORIENTED_EDGE('',*,*,#2569,.F.);
#1360=ORIENTED_EDGE('',*,*,#2570,.F.);
#1361=ORIENTED_EDGE('',*,*,#2571,.F.);
#1362=ORIENTED_EDGE('',*,*,#2572,.F.);
#1363=ORIENTED_EDGE('',*,*,#2553,.T.);
#1364=ORIENTED_EDGE('',*,*,#2556,.T.);
#1365=ORIENTED_EDGE('',*,*,#2573,.T.);
#1366=ORIENTED_EDGE('',*,*,#2574,.F.);
#1367=ORIENTED_EDGE('',*,*,#2575,.F.);
#1368=ORIENTED_EDGE('',*,*,#2559,.T.);
#1369=ORIENTED_EDGE('',*,*,#2576,.T.);
#1370=ORIENTED_EDGE('',*,*,#2577,.F.);
#1371=ORIENTED_EDGE('',*,*,#2578,.F.);
#1372=ORIENTED_EDGE('',*,*,#2562,.T.);
#1373=ORIENTED_EDGE('',*,*,#2579,.T.);
#1374=ORIENTED_EDGE('',*,*,#2580,.F.);
#1375=ORIENTED_EDGE('',*,*,#2581,.F.);
#1376=ORIENTED_EDGE('',*,*,#2565,.T.);
#1377=ORIENTED_EDGE('',*,*,#2582,.T.);
#1378=ORIENTED_EDGE('',*,*,#2583,.F.);
#1379=ORIENTED_EDGE('',*,*,#2584,.F.);
#1380=ORIENTED_EDGE('',*,*,#2568,.T.);
#1381=ORIENTED_EDGE('',*,*,#2585,.T.);
#1382=ORIENTED_EDGE('',*,*,#2418,.F.);
#1383=ORIENTED_EDGE('',*,*,#2586,.F.);
#1384=ORIENTED_EDGE('',*,*,#2587,.F.);
#1385=ORIENTED_EDGE('',*,*,#2588,.F.);
#1386=ORIENTED_EDGE('',*,*,#2589,.F.);
#1387=ORIENTED_EDGE('',*,*,#2571,.T.);
#1388=ORIENTED_EDGE('',*,*,#2574,.T.);
#1389=ORIENTED_EDGE('',*,*,#2590,.T.);
#1390=ORIENTED_EDGE('',*,*,#2425,.F.);
#1391=ORIENTED_EDGE('',*,*,#2591,.F.);
#1392=ORIENTED_EDGE('',*,*,#2577,.T.);
#1393=ORIENTED_EDGE('',*,*,#2592,.T.);
#1394=ORIENTED_EDGE('',*,*,#2432,.F.);
#1395=ORIENTED_EDGE('',*,*,#2593,.F.);
#1396=ORIENTED_EDGE('',*,*,#2580,.T.);
#1397=ORIENTED_EDGE('',*,*,#2594,.T.);
#1398=ORIENTED_EDGE('',*,*,#2439,.F.);
#1399=ORIENTED_EDGE('',*,*,#2595,.F.);
#1400=ORIENTED_EDGE('',*,*,#2583,.T.);
#1401=ORIENTED_EDGE('',*,*,#2596,.T.);
#1402=ORIENTED_EDGE('',*,*,#2597,.F.);
#1403=ORIENTED_EDGE('',*,*,#2598,.F.);
#1404=ORIENTED_EDGE('',*,*,#2597,.T.);
#1405=ORIENTED_EDGE('',*,*,#2599,.T.);
#1406=ORIENTED_EDGE('',*,*,#2600,.T.);
#1407=ORIENTED_EDGE('',*,*,#2601,.F.);
#1408=ORIENTED_EDGE('',*,*,#2588,.T.);
#1409=ORIENTED_EDGE('',*,*,#2602,.F.);
#1410=ORIENTED_EDGE('',*,*,#2603,.F.);
#1411=ORIENTED_EDGE('',*,*,#2604,.F.);
#1412=ORIENTED_EDGE('',*,*,#2605,.F.);
#1413=ORIENTED_EDGE('',*,*,#2606,.T.);
#1414=ORIENTED_EDGE('',*,*,#2607,.T.);
#1415=ORIENTED_EDGE('',*,*,#2486,.F.);
#1416=ORIENTED_EDGE('',*,*,#2608,.T.);
#1417=ORIENTED_EDGE('',*,*,#2609,.T.);
#1418=ORIENTED_EDGE('',*,*,#2610,.F.);
#1419=ORIENTED_EDGE('',*,*,#2453,.T.);
#1420=ORIENTED_EDGE('',*,*,#2468,.T.);
#1421=ORIENTED_EDGE('',*,*,#2611,.T.);
#1422=ORIENTED_EDGE('',*,*,#2612,.F.);
#1423=ORIENTED_EDGE('',*,*,#2613,.F.);
#1424=ORIENTED_EDGE('',*,*,#2612,.T.);
#1425=ORIENTED_EDGE('',*,*,#2614,.T.);
#1426=ORIENTED_EDGE('',*,*,#2615,.F.);
#1427=ORIENTED_EDGE('',*,*,#2616,.F.);
#1428=ORIENTED_EDGE('',*,*,#2615,.T.);
#1429=ORIENTED_EDGE('',*,*,#2617,.T.);
#1430=ORIENTED_EDGE('',*,*,#2618,.F.);
#1431=ORIENTED_EDGE('',*,*,#2619,.T.);
#1432=ORIENTED_EDGE('',*,*,#2618,.T.);
#1433=ORIENTED_EDGE('',*,*,#2620,.T.);
#1434=ORIENTED_EDGE('',*,*,#2621,.F.);
#1435=ORIENTED_EDGE('',*,*,#2622,.T.);
#1436=ORIENTED_EDGE('',*,*,#2621,.T.);
#1437=ORIENTED_EDGE('',*,*,#2623,.T.);
#1438=ORIENTED_EDGE('',*,*,#2624,.F.);
#1439=ORIENTED_EDGE('',*,*,#2625,.T.);
#1440=ORIENTED_EDGE('',*,*,#2624,.T.);
#1441=ORIENTED_EDGE('',*,*,#2626,.T.);
#1442=ORIENTED_EDGE('',*,*,#2415,.F.);
#1443=ORIENTED_EDGE('',*,*,#2627,.F.);
#1444=ORIENTED_EDGE('',*,*,#2628,.F.);
#1445=ORIENTED_EDGE('',*,*,#2285,.F.);
#1446=ORIENTED_EDGE('',*,*,#2629,.T.);
#1447=ORIENTED_EDGE('',*,*,#2600,.F.);
#1448=ORIENTED_EDGE('',*,*,#2630,.F.);
#1449=ORIENTED_EDGE('',*,*,#2631,.T.);
#1450=ORIENTED_EDGE('',*,*,#2413,.T.);
#1451=ORIENTED_EDGE('',*,*,#2632,.F.);
#1452=ORIENTED_EDGE('',*,*,#2268,.F.);
#1453=ORIENTED_EDGE('',*,*,#2633,.T.);
#1454=ORIENTED_EDGE('',*,*,#2634,.T.);
#1455=ORIENTED_EDGE('',*,*,#2632,.T.);
#1456=ORIENTED_EDGE('',*,*,#2412,.T.);
#1457=ORIENTED_EDGE('',*,*,#2397,.F.);
#1458=ORIENTED_EDGE('',*,*,#2382,.T.);
#1459=ORIENTED_EDGE('',*,*,#2367,.T.);
#1460=ORIENTED_EDGE('',*,*,#2352,.T.);
#1461=ORIENTED_EDGE('',*,*,#2337,.F.);
#1462=ORIENTED_EDGE('',*,*,#2318,.F.);
#1463=ORIENTED_EDGE('',*,*,#2461,.F.);
#1464=ORIENTED_EDGE('',*,*,#2635,.F.);
#1465=ORIENTED_EDGE('',*,*,#2270,.T.);
#1466=ORIENTED_EDGE('',*,*,#2469,.T.);
#1467=ORIENTED_EDGE('',*,*,#2613,.T.);
#1468=ORIENTED_EDGE('',*,*,#2616,.T.);
#1469=ORIENTED_EDGE('',*,*,#2619,.F.);
#1470=ORIENTED_EDGE('',*,*,#2622,.F.);
#1471=ORIENTED_EDGE('',*,*,#2625,.F.);
#1472=ORIENTED_EDGE('',*,*,#2627,.T.);
#1473=ORIENTED_EDGE('',*,*,#2414,.F.);
#1474=ORIENTED_EDGE('',*,*,#2631,.F.);
#1475=ORIENTED_EDGE('',*,*,#2636,.F.);
#1476=ORIENTED_EDGE('',*,*,#2637,.T.);
#1477=ORIENTED_EDGE('',*,*,#2638,.T.);
#1478=ORIENTED_EDGE('',*,*,#2639,.T.);
#1479=ORIENTED_EDGE('',*,*,#2286,.F.);
#1480=ORIENTED_EDGE('',*,*,#2447,.T.);
#1481=ORIENTED_EDGE('',*,*,#2416,.F.);
#1482=ORIENTED_EDGE('',*,*,#2626,.F.);
#1483=ORIENTED_EDGE('',*,*,#2623,.F.);
#1484=ORIENTED_EDGE('',*,*,#2620,.F.);
#1485=ORIENTED_EDGE('',*,*,#2617,.F.);
#1486=ORIENTED_EDGE('',*,*,#2614,.F.);
#1487=ORIENTED_EDGE('',*,*,#2611,.F.);
#1488=ORIENTED_EDGE('',*,*,#2467,.F.);
#1489=ORIENTED_EDGE('',*,*,#2640,.T.);
#1490=ORIENTED_EDGE('',*,*,#2641,.F.);
#1491=ORIENTED_EDGE('',*,*,#2642,.F.);
#1492=ORIENTED_EDGE('',*,*,#2643,.F.);
#1493=ORIENTED_EDGE('',*,*,#2465,.T.);
#1494=ORIENTED_EDGE('',*,*,#2500,.T.);
#1495=ORIENTED_EDGE('',*,*,#2518,.T.);
#1496=ORIENTED_EDGE('',*,*,#2536,.T.);
#1497=ORIENTED_EDGE('',*,*,#2554,.T.);
#1498=ORIENTED_EDGE('',*,*,#2572,.T.);
#1499=ORIENTED_EDGE('',*,*,#2589,.T.);
#1500=ORIENTED_EDGE('',*,*,#2601,.T.);
#1501=ORIENTED_EDGE('',*,*,#2629,.F.);
#1502=ORIENTED_EDGE('',*,*,#2284,.T.);
#1503=ORIENTED_EDGE('',*,*,#2644,.F.);
#1504=ORIENTED_EDGE('',*,*,#2643,.T.);
#1505=ORIENTED_EDGE('',*,*,#2645,.T.);
#1506=ORIENTED_EDGE('',*,*,#2640,.F.);
#1507=ORIENTED_EDGE('',*,*,#2466,.T.);
#1508=ORIENTED_EDGE('',*,*,#2646,.F.);
#1509=ORIENTED_EDGE('',*,*,#2637,.F.);
#1510=ORIENTED_EDGE('',*,*,#2645,.F.);
#1511=ORIENTED_EDGE('',*,*,#2642,.T.);
#1512=ORIENTED_EDGE('',*,*,#2647,.F.);
#1513=ORIENTED_EDGE('',*,*,#2274,.T.);
#1514=ORIENTED_EDGE('',*,*,#2492,.T.);
#1515=ORIENTED_EDGE('',*,*,#2512,.T.);
#1516=ORIENTED_EDGE('',*,*,#2530,.T.);
#1517=ORIENTED_EDGE('',*,*,#2548,.T.);
#1518=ORIENTED_EDGE('',*,*,#2566,.T.);
#1519=ORIENTED_EDGE('',*,*,#2584,.T.);
#1520=ORIENTED_EDGE('',*,*,#2598,.T.);
#1521=ORIENTED_EDGE('',*,*,#2604,.T.);
#1522=ORIENTED_EDGE('',*,*,#2648,.T.);
#1523=ORIENTED_EDGE('',*,*,#2649,.F.);
#1524=ORIENTED_EDGE('',*,*,#2650,.F.);
#1525=ORIENTED_EDGE('',*,*,#2648,.F.);
#1526=ORIENTED_EDGE('',*,*,#2603,.T.);
#1527=ORIENTED_EDGE('',*,*,#2651,.T.);
#1528=ORIENTED_EDGE('',*,*,#2652,.F.);
#1529=ORIENTED_EDGE('',*,*,#2653,.F.);
#1530=ORIENTED_EDGE('',*,*,#2651,.F.);
#1531=ORIENTED_EDGE('',*,*,#2602,.T.);
#1532=ORIENTED_EDGE('',*,*,#2587,.T.);
#1533=ORIENTED_EDGE('',*,*,#2570,.T.);
#1534=ORIENTED_EDGE('',*,*,#2552,.T.);
#1535=ORIENTED_EDGE('',*,*,#2534,.T.);
#1536=ORIENTED_EDGE('',*,*,#2516,.T.);
#1537=ORIENTED_EDGE('',*,*,#2498,.T.);
#1538=ORIENTED_EDGE('',*,*,#2463,.T.);
#1539=ORIENTED_EDGE('',*,*,#2272,.T.);
#1540=ORIENTED_EDGE('',*,*,#2276,.F.);
#1541=ORIENTED_EDGE('',*,*,#2654,.T.);
#1542=ORIENTED_EDGE('',*,*,#2655,.T.);
#1543=ORIENTED_EDGE('',*,*,#2656,.F.);
#1544=ORIENTED_EDGE('',*,*,#2443,.F.);
#1545=ORIENTED_EDGE('',*,*,#2409,.F.);
#1546=ORIENTED_EDGE('',*,*,#2394,.F.);
#1547=ORIENTED_EDGE('',*,*,#2379,.F.);
#1548=ORIENTED_EDGE('',*,*,#2364,.F.);
#1549=ORIENTED_EDGE('',*,*,#2349,.F.);
#1550=ORIENTED_EDGE('',*,*,#2334,.F.);
#1551=ORIENTED_EDGE('',*,*,#2493,.F.);
#1552=ORIENTED_EDGE('',*,*,#2657,.F.);
#1553=ORIENTED_EDGE('',*,*,#2605,.T.);
#1554=ORIENTED_EDGE('',*,*,#2485,.T.);
#1555=ORIENTED_EDGE('',*,*,#2509,.T.);
#1556=ORIENTED_EDGE('',*,*,#2527,.T.);
#1557=ORIENTED_EDGE('',*,*,#2545,.T.);
#1558=ORIENTED_EDGE('',*,*,#2563,.T.);
#1559=ORIENTED_EDGE('',*,*,#2581,.T.);
#1560=ORIENTED_EDGE('',*,*,#2595,.T.);
#1561=ORIENTED_EDGE('',*,*,#2445,.T.);
#1562=ORIENTED_EDGE('',*,*,#2658,.T.);
#1563=ORIENTED_EDGE('',*,*,#2659,.F.);
#1564=ORIENTED_EDGE('',*,*,#2660,.F.);
#1565=ORIENTED_EDGE('',*,*,#2658,.F.);
#1566=ORIENTED_EDGE('',*,*,#2444,.T.);
#1567=ORIENTED_EDGE('',*,*,#2656,.T.);
#1568=ORIENTED_EDGE('',*,*,#2607,.F.);
#1569=ORIENTED_EDGE('',*,*,#2661,.T.);
#1570=ORIENTED_EDGE('',*,*,#2662,.T.);
#1571=ORIENTED_EDGE('',*,*,#2663,.F.);
#1572=ORIENTED_EDGE('',*,*,#2436,.F.);
#1573=ORIENTED_EDGE('',*,*,#2406,.F.);
#1574=ORIENTED_EDGE('',*,*,#2391,.F.);
#1575=ORIENTED_EDGE('',*,*,#2376,.F.);
#1576=ORIENTED_EDGE('',*,*,#2361,.F.);
#1577=ORIENTED_EDGE('',*,*,#2346,.F.);
#1578=ORIENTED_EDGE('',*,*,#2330,.F.);
#1579=ORIENTED_EDGE('',*,*,#2487,.F.);
#1580=ORIENTED_EDGE('',*,*,#2664,.F.);
#1581=ORIENTED_EDGE('',*,*,#2258,.T.);
#1582=ORIENTED_EDGE('',*,*,#2479,.T.);
#1583=ORIENTED_EDGE('',*,*,#2506,.T.);
#1584=ORIENTED_EDGE('',*,*,#2524,.T.);
#1585=ORIENTED_EDGE('',*,*,#2542,.T.);
#1586=ORIENTED_EDGE('',*,*,#2560,.T.);
#1587=ORIENTED_EDGE('',*,*,#2578,.T.);
#1588=ORIENTED_EDGE('',*,*,#2593,.T.);
#1589=ORIENTED_EDGE('',*,*,#2438,.T.);
#1590=ORIENTED_EDGE('',*,*,#2665,.T.);
#1591=ORIENTED_EDGE('',*,*,#2666,.F.);
#1592=ORIENTED_EDGE('',*,*,#2667,.F.);
#1593=ORIENTED_EDGE('',*,*,#2665,.F.);
#1594=ORIENTED_EDGE('',*,*,#2437,.T.);
#1595=ORIENTED_EDGE('',*,*,#2663,.T.);
#1596=ORIENTED_EDGE('',*,*,#2260,.F.);
#1597=ORIENTED_EDGE('',*,*,#2668,.T.);
#1598=ORIENTED_EDGE('',*,*,#2669,.T.);
#1599=ORIENTED_EDGE('',*,*,#2670,.F.);
#1600=ORIENTED_EDGE('',*,*,#2429,.F.);
#1601=ORIENTED_EDGE('',*,*,#2403,.F.);
#1602=ORIENTED_EDGE('',*,*,#2388,.F.);
#1603=ORIENTED_EDGE('',*,*,#2373,.F.);
#1604=ORIENTED_EDGE('',*,*,#2358,.F.);
#1605=ORIENTED_EDGE('',*,*,#2343,.F.);
#1606=ORIENTED_EDGE('',*,*,#2326,.F.);
#1607=ORIENTED_EDGE('',*,*,#2480,.F.);
#1608=ORIENTED_EDGE('',*,*,#2671,.F.);
#1609=ORIENTED_EDGE('',*,*,#2262,.T.);
#1610=ORIENTED_EDGE('',*,*,#2473,.T.);
#1611=ORIENTED_EDGE('',*,*,#2503,.T.);
#1612=ORIENTED_EDGE('',*,*,#2521,.T.);
#1613=ORIENTED_EDGE('',*,*,#2539,.T.);
#1614=ORIENTED_EDGE('',*,*,#2557,.T.);
#1615=ORIENTED_EDGE('',*,*,#2575,.T.);
#1616=ORIENTED_EDGE('',*,*,#2591,.T.);
#1617=ORIENTED_EDGE('',*,*,#2431,.T.);
#1618=ORIENTED_EDGE('',*,*,#2672,.T.);
#1619=ORIENTED_EDGE('',*,*,#2673,.F.);
#1620=ORIENTED_EDGE('',*,*,#2674,.F.);
#1621=ORIENTED_EDGE('',*,*,#2672,.F.);
#1622=ORIENTED_EDGE('',*,*,#2430,.T.);
#1623=ORIENTED_EDGE('',*,*,#2670,.T.);
#1624=ORIENTED_EDGE('',*,*,#2675,.F.);
#1625=ORIENTED_EDGE('',*,*,#2676,.F.);
#1626=ORIENTED_EDGE('',*,*,#2423,.T.);
#1627=ORIENTED_EDGE('',*,*,#2677,.T.);
#1628=ORIENTED_EDGE('',*,*,#2264,.F.);
#1629=ORIENTED_EDGE('',*,*,#2678,.T.);
#1630=ORIENTED_EDGE('',*,*,#2679,.T.);
#1631=ORIENTED_EDGE('',*,*,#2677,.F.);
#1632=ORIENTED_EDGE('',*,*,#2422,.F.);
#1633=ORIENTED_EDGE('',*,*,#2400,.F.);
#1634=ORIENTED_EDGE('',*,*,#2385,.F.);
#1635=ORIENTED_EDGE('',*,*,#2370,.F.);
#1636=ORIENTED_EDGE('',*,*,#2355,.F.);
#1637=ORIENTED_EDGE('',*,*,#2340,.F.);
#1638=ORIENTED_EDGE('',*,*,#2322,.F.);
#1639=ORIENTED_EDGE('',*,*,#2474,.F.);
#1640=ORIENTED_EDGE('',*,*,#2680,.F.);
#1641=ORIENTED_EDGE('',*,*,#2266,.T.);
#1642=ORIENTED_EDGE('',*,*,#2460,.T.);
#1643=ORIENTED_EDGE('',*,*,#2497,.T.);
#1644=ORIENTED_EDGE('',*,*,#2515,.T.);
#1645=ORIENTED_EDGE('',*,*,#2533,.T.);
#1646=ORIENTED_EDGE('',*,*,#2551,.T.);
#1647=ORIENTED_EDGE('',*,*,#2569,.T.);
#1648=ORIENTED_EDGE('',*,*,#2586,.T.);
#1649=ORIENTED_EDGE('',*,*,#2424,.T.);
#1650=ORIENTED_EDGE('',*,*,#2676,.T.);
#1651=ORIENTED_EDGE('',*,*,#2681,.F.);
#1652=ORIENTED_EDGE('',*,*,#2682,.F.);
#1653=ORIENTED_EDGE('',*,*,#2683,.T.);
#1654=ORIENTED_EDGE('',*,*,#2684,.T.);
#1655=ORIENTED_EDGE('',*,*,#2282,.F.);
#1656=ORIENTED_EDGE('',*,*,#2628,.T.);
#1657=ORIENTED_EDGE('',*,*,#2599,.F.);
#1658=ORIENTED_EDGE('',*,*,#2596,.F.);
#1659=ORIENTED_EDGE('',*,*,#2582,.F.);
#1660=ORIENTED_EDGE('',*,*,#2564,.F.);
#1661=ORIENTED_EDGE('',*,*,#2546,.F.);
#1662=ORIENTED_EDGE('',*,*,#2528,.F.);
#1663=ORIENTED_EDGE('',*,*,#2510,.F.);
#1664=ORIENTED_EDGE('',*,*,#2490,.F.);
#1665=ORIENTED_EDGE('',*,*,#2685,.F.);
#1666=ORIENTED_EDGE('',*,*,#2686,.F.);
#1667=ORIENTED_EDGE('',*,*,#2687,.T.);
#1668=ORIENTED_EDGE('',*,*,#2688,.T.);
#1669=ORIENTED_EDGE('',*,*,#2494,.T.);
#1670=ORIENTED_EDGE('',*,*,#2332,.T.);
#1671=ORIENTED_EDGE('',*,*,#2348,.T.);
#1672=ORIENTED_EDGE('',*,*,#2363,.T.);
#1673=ORIENTED_EDGE('',*,*,#2378,.T.);
#1674=ORIENTED_EDGE('',*,*,#2393,.T.);
#1675=ORIENTED_EDGE('',*,*,#2408,.T.);
#1676=ORIENTED_EDGE('',*,*,#2442,.T.);
#1677=ORIENTED_EDGE('',*,*,#2456,.F.);
#1678=ORIENTED_EDGE('',*,*,#2280,.T.);
#1679=ORIENTED_EDGE('',*,*,#2689,.F.);
#1680=ORIENTED_EDGE('',*,*,#2688,.F.);
#1681=ORIENTED_EDGE('',*,*,#2690,.F.);
#1682=ORIENTED_EDGE('',*,*,#2685,.T.);
#1683=ORIENTED_EDGE('',*,*,#2489,.T.);
#1684=ORIENTED_EDGE('',*,*,#2691,.F.);
#1685=ORIENTED_EDGE('',*,*,#2682,.T.);
#1686=ORIENTED_EDGE('',*,*,#2690,.T.);
#1687=ORIENTED_EDGE('',*,*,#2687,.F.);
#1688=ORIENTED_EDGE('',*,*,#2692,.F.);
#1689=ORIENTED_EDGE('',*,*,#2693,.T.);
#1690=ORIENTED_EDGE('',*,*,#2694,.T.);
#1691=ORIENTED_EDGE('',*,*,#2278,.F.);
#1692=ORIENTED_EDGE('',*,*,#2455,.T.);
#1693=ORIENTED_EDGE('',*,*,#2440,.F.);
#1694=ORIENTED_EDGE('',*,*,#2594,.F.);
#1695=ORIENTED_EDGE('',*,*,#2579,.F.);
#1696=ORIENTED_EDGE('',*,*,#2561,.F.);
#1697=ORIENTED_EDGE('',*,*,#2543,.F.);
#1698=ORIENTED_EDGE('',*,*,#2525,.F.);
#1699=ORIENTED_EDGE('',*,*,#2507,.F.);
#1700=ORIENTED_EDGE('',*,*,#2483,.F.);
#1701=ORIENTED_EDGE('',*,*,#2695,.F.);
#1702=ORIENTED_EDGE('',*,*,#2696,.F.);
#1703=ORIENTED_EDGE('',*,*,#2697,.T.);
#1704=ORIENTED_EDGE('',*,*,#2698,.T.);
#1705=ORIENTED_EDGE('',*,*,#2488,.T.);
#1706=ORIENTED_EDGE('',*,*,#2328,.T.);
#1707=ORIENTED_EDGE('',*,*,#2345,.T.);
#1708=ORIENTED_EDGE('',*,*,#2360,.T.);
#1709=ORIENTED_EDGE('',*,*,#2375,.T.);
#1710=ORIENTED_EDGE('',*,*,#2390,.T.);
#1711=ORIENTED_EDGE('',*,*,#2405,.T.);
#1712=ORIENTED_EDGE('',*,*,#2435,.T.);
#1713=ORIENTED_EDGE('',*,*,#2454,.F.);
#1714=ORIENTED_EDGE('',*,*,#2610,.T.);
#1715=ORIENTED_EDGE('',*,*,#2699,.F.);
#1716=ORIENTED_EDGE('',*,*,#2698,.F.);
#1717=ORIENTED_EDGE('',*,*,#2700,.F.);
#1718=ORIENTED_EDGE('',*,*,#2695,.T.);
#1719=ORIENTED_EDGE('',*,*,#2482,.T.);
#1720=ORIENTED_EDGE('',*,*,#2701,.F.);
#1721=ORIENTED_EDGE('',*,*,#2692,.T.);
#1722=ORIENTED_EDGE('',*,*,#2700,.T.);
#1723=ORIENTED_EDGE('',*,*,#2697,.F.);
#1724=ORIENTED_EDGE('',*,*,#2702,.F.);
#1725=ORIENTED_EDGE('',*,*,#2703,.T.);
#1726=ORIENTED_EDGE('',*,*,#2704,.T.);
#1727=ORIENTED_EDGE('',*,*,#2608,.F.);
#1728=ORIENTED_EDGE('',*,*,#2452,.T.);
#1729=ORIENTED_EDGE('',*,*,#2433,.F.);
#1730=ORIENTED_EDGE('',*,*,#2592,.F.);
#1731=ORIENTED_EDGE('',*,*,#2576,.F.);
#1732=ORIENTED_EDGE('',*,*,#2558,.F.);
#1733=ORIENTED_EDGE('',*,*,#2540,.F.);
#1734=ORIENTED_EDGE('',*,*,#2522,.F.);
#1735=ORIENTED_EDGE('',*,*,#2504,.F.);
#1736=ORIENTED_EDGE('',*,*,#2477,.F.);
#1737=ORIENTED_EDGE('',*,*,#2705,.F.);
#1738=ORIENTED_EDGE('',*,*,#2706,.F.);
#1739=ORIENTED_EDGE('',*,*,#2707,.T.);
#1740=ORIENTED_EDGE('',*,*,#2708,.T.);
#1741=ORIENTED_EDGE('',*,*,#2481,.T.);
#1742=ORIENTED_EDGE('',*,*,#2324,.T.);
#1743=ORIENTED_EDGE('',*,*,#2342,.T.);
#1744=ORIENTED_EDGE('',*,*,#2357,.T.);
#1745=ORIENTED_EDGE('',*,*,#2372,.T.);
#1746=ORIENTED_EDGE('',*,*,#2387,.T.);
#1747=ORIENTED_EDGE('',*,*,#2402,.T.);
#1748=ORIENTED_EDGE('',*,*,#2428,.T.);
#1749=ORIENTED_EDGE('',*,*,#2451,.F.);
#1750=ORIENTED_EDGE('',*,*,#2296,.T.);
#1751=ORIENTED_EDGE('',*,*,#2709,.F.);
#1752=ORIENTED_EDGE('',*,*,#2708,.F.);
#1753=ORIENTED_EDGE('',*,*,#2710,.F.);
#1754=ORIENTED_EDGE('',*,*,#2705,.T.);
#1755=ORIENTED_EDGE('',*,*,#2476,.T.);
#1756=ORIENTED_EDGE('',*,*,#2711,.F.);
#1757=ORIENTED_EDGE('',*,*,#2702,.T.);
#1758=ORIENTED_EDGE('',*,*,#2710,.T.);
#1759=ORIENTED_EDGE('',*,*,#2707,.F.);
#1760=ORIENTED_EDGE('',*,*,#2712,.F.);
#1761=ORIENTED_EDGE('',*,*,#2713,.T.);
#1762=ORIENTED_EDGE('',*,*,#2714,.T.);
#1763=ORIENTED_EDGE('',*,*,#2294,.F.);
#1764=ORIENTED_EDGE('',*,*,#2450,.T.);
#1765=ORIENTED_EDGE('',*,*,#2426,.F.);
#1766=ORIENTED_EDGE('',*,*,#2590,.F.);
#1767=ORIENTED_EDGE('',*,*,#2573,.F.);
#1768=ORIENTED_EDGE('',*,*,#2555,.F.);
#1769=ORIENTED_EDGE('',*,*,#2537,.F.);
#1770=ORIENTED_EDGE('',*,*,#2519,.F.);
#1771=ORIENTED_EDGE('',*,*,#2501,.F.);
#1772=ORIENTED_EDGE('',*,*,#2471,.F.);
#1773=ORIENTED_EDGE('',*,*,#2715,.F.);
#1774=ORIENTED_EDGE('',*,*,#2716,.F.);
#1775=ORIENTED_EDGE('',*,*,#2717,.T.);
#1776=ORIENTED_EDGE('',*,*,#2718,.T.);
#1777=ORIENTED_EDGE('',*,*,#2475,.T.);
#1778=ORIENTED_EDGE('',*,*,#2320,.T.);
#1779=ORIENTED_EDGE('',*,*,#2339,.T.);
#1780=ORIENTED_EDGE('',*,*,#2354,.T.);
#1781=ORIENTED_EDGE('',*,*,#2369,.T.);
#1782=ORIENTED_EDGE('',*,*,#2384,.T.);
#1783=ORIENTED_EDGE('',*,*,#2399,.T.);
#1784=ORIENTED_EDGE('',*,*,#2421,.T.);
#1785=ORIENTED_EDGE('',*,*,#2449,.F.);
#1786=ORIENTED_EDGE('',*,*,#2292,.T.);
#1787=ORIENTED_EDGE('',*,*,#2719,.F.);
#1788=ORIENTED_EDGE('',*,*,#2718,.F.);
#1789=ORIENTED_EDGE('',*,*,#2720,.F.);
#1790=ORIENTED_EDGE('',*,*,#2715,.T.);
#1791=ORIENTED_EDGE('',*,*,#2470,.T.);
#1792=ORIENTED_EDGE('',*,*,#2721,.F.);
#1793=ORIENTED_EDGE('',*,*,#2712,.T.);
#1794=ORIENTED_EDGE('',*,*,#2720,.T.);
#1795=ORIENTED_EDGE('',*,*,#2717,.F.);
#1796=ORIENTED_EDGE('',*,*,#2722,.F.);
#1797=ORIENTED_EDGE('',*,*,#2723,.T.);
#1798=ORIENTED_EDGE('',*,*,#2724,.T.);
#1799=ORIENTED_EDGE('',*,*,#2290,.F.);
#1800=ORIENTED_EDGE('',*,*,#2448,.T.);
#1801=ORIENTED_EDGE('',*,*,#2419,.F.);
#1802=ORIENTED_EDGE('',*,*,#2585,.F.);
#1803=ORIENTED_EDGE('',*,*,#2567,.F.);
#1804=ORIENTED_EDGE('',*,*,#2549,.F.);
#1805=ORIENTED_EDGE('',*,*,#2531,.F.);
#1806=ORIENTED_EDGE('',*,*,#2513,.F.);
#1807=ORIENTED_EDGE('',*,*,#2495,.F.);
#1808=ORIENTED_EDGE('',*,*,#2458,.F.);
#1809=ORIENTED_EDGE('',*,*,#2725,.F.);
#1810=ORIENTED_EDGE('',*,*,#2726,.F.);
#1811=ORIENTED_EDGE('',*,*,#2727,.T.);
#1812=ORIENTED_EDGE('',*,*,#2728,.T.);
#1813=ORIENTED_EDGE('',*,*,#2462,.T.);
#1814=ORIENTED_EDGE('',*,*,#2316,.T.);
#1815=ORIENTED_EDGE('',*,*,#2336,.T.);
#1816=ORIENTED_EDGE('',*,*,#2351,.T.);
#1817=ORIENTED_EDGE('',*,*,#2366,.T.);
#1818=ORIENTED_EDGE('',*,*,#2381,.T.);
#1819=ORIENTED_EDGE('',*,*,#2396,.T.);
#1820=ORIENTED_EDGE('',*,*,#2411,.T.);
#1821=ORIENTED_EDGE('',*,*,#2446,.F.);
#1822=ORIENTED_EDGE('',*,*,#2288,.T.);
#1823=ORIENTED_EDGE('',*,*,#2729,.F.);
#1824=ORIENTED_EDGE('',*,*,#2728,.F.);
#1825=ORIENTED_EDGE('',*,*,#2730,.F.);
#1826=ORIENTED_EDGE('',*,*,#2725,.T.);
#1827=ORIENTED_EDGE('',*,*,#2457,.T.);
#1828=ORIENTED_EDGE('',*,*,#2731,.F.);
#1829=ORIENTED_EDGE('',*,*,#2722,.T.);
#1830=ORIENTED_EDGE('',*,*,#2730,.T.);
#1831=ORIENTED_EDGE('',*,*,#2727,.F.);
#1832=ORIENTED_EDGE('',*,*,#2732,.F.);
#1833=ORIENTED_EDGE('',*,*,#2729,.T.);
#1834=ORIENTED_EDGE('',*,*,#2287,.F.);
#1835=ORIENTED_EDGE('',*,*,#2639,.F.);
#1836=ORIENTED_EDGE('',*,*,#2733,.F.);
#1837=ORIENTED_EDGE('',*,*,#2636,.T.);
#1838=ORIENTED_EDGE('',*,*,#2630,.T.);
#1839=ORIENTED_EDGE('',*,*,#2634,.F.);
#1840=ORIENTED_EDGE('',*,*,#2734,.F.);
#1841=ORIENTED_EDGE('',*,*,#2689,.T.);
#1842=ORIENTED_EDGE('',*,*,#2279,.F.);
#1843=ORIENTED_EDGE('',*,*,#2694,.F.);
#1844=ORIENTED_EDGE('',*,*,#2735,.F.);
#1845=ORIENTED_EDGE('',*,*,#2659,.T.);
#1846=ORIENTED_EDGE('',*,*,#2660,.T.);
#1847=ORIENTED_EDGE('',*,*,#2655,.F.);
#1848=ORIENTED_EDGE('',*,*,#2736,.F.);
#1849=ORIENTED_EDGE('',*,*,#2699,.T.);
#1850=ORIENTED_EDGE('',*,*,#2609,.F.);
#1851=ORIENTED_EDGE('',*,*,#2704,.F.);
#1852=ORIENTED_EDGE('',*,*,#2737,.F.);
#1853=ORIENTED_EDGE('',*,*,#2666,.T.);
#1854=ORIENTED_EDGE('',*,*,#2667,.T.);
#1855=ORIENTED_EDGE('',*,*,#2662,.F.);
#1856=ORIENTED_EDGE('',*,*,#2738,.F.);
#1857=ORIENTED_EDGE('',*,*,#2709,.T.);
#1858=ORIENTED_EDGE('',*,*,#2295,.F.);
#1859=ORIENTED_EDGE('',*,*,#2714,.F.);
#1860=ORIENTED_EDGE('',*,*,#2739,.F.);
#1861=ORIENTED_EDGE('',*,*,#2673,.T.);
#1862=ORIENTED_EDGE('',*,*,#2674,.T.);
#1863=ORIENTED_EDGE('',*,*,#2669,.F.);
#1864=ORIENTED_EDGE('',*,*,#2740,.F.);
#1865=ORIENTED_EDGE('',*,*,#2719,.T.);
#1866=ORIENTED_EDGE('',*,*,#2291,.F.);
#1867=ORIENTED_EDGE('',*,*,#2724,.F.);
#1868=ORIENTED_EDGE('',*,*,#2741,.F.);
#1869=ORIENTED_EDGE('',*,*,#2681,.T.);
#1870=ORIENTED_EDGE('',*,*,#2675,.T.);
#1871=ORIENTED_EDGE('',*,*,#2679,.F.);
#1872=ORIENTED_EDGE('',*,*,#2644,.T.);
#1873=ORIENTED_EDGE('',*,*,#2283,.F.);
#1874=ORIENTED_EDGE('',*,*,#2684,.F.);
#1875=ORIENTED_EDGE('',*,*,#2742,.F.);
#1876=ORIENTED_EDGE('',*,*,#2649,.T.);
#1877=ORIENTED_EDGE('',*,*,#2650,.T.);
#1878=ORIENTED_EDGE('',*,*,#2653,.T.);
#1879=ORIENTED_EDGE('',*,*,#2743,.F.);
#1880=ORIENTED_EDGE('',*,*,#2646,.T.);
#1881=ORIENTED_EDGE('',*,*,#2641,.T.);
#1882=ORIENTED_EDGE('',*,*,#2743,.T.);
#1883=ORIENTED_EDGE('',*,*,#2652,.T.);
#1884=ORIENTED_EDGE('',*,*,#2271,.F.);
#1885=ORIENTED_EDGE('',*,*,#2635,.T.);
#1886=ORIENTED_EDGE('',*,*,#2733,.T.);
#1887=ORIENTED_EDGE('',*,*,#2638,.F.);
#1888=ORIENTED_EDGE('',*,*,#2647,.T.);
#1889=ORIENTED_EDGE('',*,*,#2742,.T.);
#1890=ORIENTED_EDGE('',*,*,#2683,.F.);
#1891=ORIENTED_EDGE('',*,*,#2691,.T.);
#1892=ORIENTED_EDGE('',*,*,#2686,.T.);
#1893=ORIENTED_EDGE('',*,*,#2734,.T.);
#1894=ORIENTED_EDGE('',*,*,#2654,.F.);
#1895=ORIENTED_EDGE('',*,*,#2275,.F.);
#1896=ORIENTED_EDGE('',*,*,#2657,.T.);
#1897=ORIENTED_EDGE('',*,*,#2735,.T.);
#1898=ORIENTED_EDGE('',*,*,#2693,.F.);
#1899=ORIENTED_EDGE('',*,*,#2701,.T.);
#1900=ORIENTED_EDGE('',*,*,#2696,.T.);
#1901=ORIENTED_EDGE('',*,*,#2736,.T.);
#1902=ORIENTED_EDGE('',*,*,#2661,.F.);
#1903=ORIENTED_EDGE('',*,*,#2606,.F.);
#1904=ORIENTED_EDGE('',*,*,#2664,.T.);
#1905=ORIENTED_EDGE('',*,*,#2737,.T.);
#1906=ORIENTED_EDGE('',*,*,#2703,.F.);
#1907=ORIENTED_EDGE('',*,*,#2711,.T.);
#1908=ORIENTED_EDGE('',*,*,#2706,.T.);
#1909=ORIENTED_EDGE('',*,*,#2738,.T.);
#1910=ORIENTED_EDGE('',*,*,#2668,.F.);
#1911=ORIENTED_EDGE('',*,*,#2259,.F.);
#1912=ORIENTED_EDGE('',*,*,#2267,.F.);
#1913=ORIENTED_EDGE('',*,*,#2680,.T.);
#1914=ORIENTED_EDGE('',*,*,#2741,.T.);
#1915=ORIENTED_EDGE('',*,*,#2723,.F.);
#1916=ORIENTED_EDGE('',*,*,#2731,.T.);
#1917=ORIENTED_EDGE('',*,*,#2726,.T.);
#1918=ORIENTED_EDGE('',*,*,#2732,.T.);
#1919=ORIENTED_EDGE('',*,*,#2633,.F.);
#1920=ORIENTED_EDGE('',*,*,#2671,.T.);
#1921=ORIENTED_EDGE('',*,*,#2739,.T.);
#1922=ORIENTED_EDGE('',*,*,#2713,.F.);
#1923=ORIENTED_EDGE('',*,*,#2721,.T.);
#1924=ORIENTED_EDGE('',*,*,#2716,.T.);
#1925=ORIENTED_EDGE('',*,*,#2740,.T.);
#1926=ORIENTED_EDGE('',*,*,#2678,.F.);
#1927=ORIENTED_EDGE('',*,*,#2263,.F.);
#1928=VERTEX_POINT('',#4345);
#1929=VERTEX_POINT('',#4346);
#1930=VERTEX_POINT('',#4348);
#1931=VERTEX_POINT('',#4350);
#1932=VERTEX_POINT('',#4354);
#1933=VERTEX_POINT('',#4355);
#1934=VERTEX_POINT('',#4357);
#1935=VERTEX_POINT('',#4359);
#1936=VERTEX_POINT('',#4363);
#1937=VERTEX_POINT('',#4364);
#1938=VERTEX_POINT('',#4366);
#1939=VERTEX_POINT('',#4368);
#1940=VERTEX_POINT('',#4372);
#1941=VERTEX_POINT('',#4373);
#1942=VERTEX_POINT('',#4375);
#1943=VERTEX_POINT('',#4377);
#1944=VERTEX_POINT('',#4381);
#1945=VERTEX_POINT('',#4382);
#1946=VERTEX_POINT('',#4384);
#1947=VERTEX_POINT('',#4386);
#1948=VERTEX_POINT('',#4390);
#1949=VERTEX_POINT('',#4391);
#1950=VERTEX_POINT('',#4393);
#1951=VERTEX_POINT('',#4395);
#1952=VERTEX_POINT('',#4399);
#1953=VERTEX_POINT('',#4400);
#1954=VERTEX_POINT('',#4402);
#1955=VERTEX_POINT('',#4404);
#1956=VERTEX_POINT('',#4408);
#1957=VERTEX_POINT('',#4409);
#1958=VERTEX_POINT('',#4411);
#1959=VERTEX_POINT('',#4413);
#1960=VERTEX_POINT('',#4417);
#1961=VERTEX_POINT('',#4418);
#1962=VERTEX_POINT('',#4420);
#1963=VERTEX_POINT('',#4422);
#1964=VERTEX_POINT('',#4426);
#1965=VERTEX_POINT('',#4427);
#1966=VERTEX_POINT('',#4429);
#1967=VERTEX_POINT('',#4431);
#1968=VERTEX_POINT('',#4435);
#1969=VERTEX_POINT('',#4436);
#1970=VERTEX_POINT('',#4438);
#1971=VERTEX_POINT('',#4440);
#1972=VERTEX_POINT('',#4467);
#1973=VERTEX_POINT('',#4468);
#1974=VERTEX_POINT('',#4479);
#1975=VERTEX_POINT('',#4495);
#1976=VERTEX_POINT('',#4496);
#1977=VERTEX_POINT('',#4506);
#1978=VERTEX_POINT('',#4507);
#1979=VERTEX_POINT('',#4509);
#1980=VERTEX_POINT('',#4526);
#1981=VERTEX_POINT('',#4528);
#1982=VERTEX_POINT('',#4545);
#1983=VERTEX_POINT('',#4547);
#1984=VERTEX_POINT('',#4549);
#1985=VERTEX_POINT('',#4551);
#1986=VERTEX_POINT('',#4558);
#1987=VERTEX_POINT('',#4559);
#1988=VERTEX_POINT('',#4561);
#1989=VERTEX_POINT('',#4569);
#1990=VERTEX_POINT('',#4579);
#1991=VERTEX_POINT('',#4580);
#1992=VERTEX_POINT('',#4582);
#1993=VERTEX_POINT('',#4587);
#1994=VERTEX_POINT('',#4594);
#1995=VERTEX_POINT('',#4595);
#1996=VERTEX_POINT('',#4597);
#1997=VERTEX_POINT('',#4602);
#1998=VERTEX_POINT('',#4609);
#1999=VERTEX_POINT('',#4610);
#2000=VERTEX_POINT('',#4612);
#2001=VERTEX_POINT('',#4617);
#2002=VERTEX_POINT('',#4627);
#2003=VERTEX_POINT('',#4628);
#2004=VERTEX_POINT('',#4630);
#2005=VERTEX_POINT('',#4635);
#2006=VERTEX_POINT('',#4660);
#2007=VERTEX_POINT('',#4683);
#2008=VERTEX_POINT('',#4711);
#2009=VERTEX_POINT('',#4734);
#2010=VERTEX_POINT('',#4759);
#2011=VERTEX_POINT('',#4782);
#2012=VERTEX_POINT('',#4807);
#2013=VERTEX_POINT('',#4833);
#2014=VERTEX_POINT('',#4858);
#2015=VERTEX_POINT('',#4881);
#2016=VERTEX_POINT('',#4885);
#2017=VERTEX_POINT('',#4887);
#2018=VERTEX_POINT('',#4891);
#2019=VERTEX_POINT('',#4893);
#2020=VERTEX_POINT('',#4897);
#2021=VERTEX_POINT('',#4899);
#2022=VERTEX_POINT('',#4903);
#2023=VERTEX_POINT('',#4905);
#2024=VERTEX_POINT('',#4909);
#2025=VERTEX_POINT('',#4911);
#2026=VERTEX_POINT('',#4915);
#2027=VERTEX_POINT('',#4917);
#2028=VERTEX_POINT('',#4921);
#2029=VERTEX_POINT('',#4923);
#2030=VERTEX_POINT('',#4927);
#2031=VERTEX_POINT('',#4929);
#2032=VERTEX_POINT('',#4933);
#2033=VERTEX_POINT('',#4935);
#2034=VERTEX_POINT('',#4939);
#2035=VERTEX_POINT('',#4941);
#2036=VERTEX_POINT('',#4945);
#2037=VERTEX_POINT('',#4947);
#2038=VERTEX_POINT('',#4951);
#2039=VERTEX_POINT('',#4953);
#2040=VERTEX_POINT('',#4957);
#2041=VERTEX_POINT('',#4959);
#2042=VERTEX_POINT('',#4963);
#2043=VERTEX_POINT('',#4965);
#2044=VERTEX_POINT('',#4969);
#2045=VERTEX_POINT('',#4971);
#2046=VERTEX_POINT('',#4993);
#2047=VERTEX_POINT('',#5013);
#2048=VERTEX_POINT('',#5038);
#2049=VERTEX_POINT('',#5058);
#2050=VERTEX_POINT('',#5080);
#2051=VERTEX_POINT('',#5100);
#2052=VERTEX_POINT('',#5122);
#2053=VERTEX_POINT('',#5142);
#2054=VERTEX_POINT('',#5164);
#2055=VERTEX_POINT('',#5184);
#2056=VERTEX_POINT('',#5191);
#2057=VERTEX_POINT('',#5199);
#2058=VERTEX_POINT('',#5201);
#2059=VERTEX_POINT('',#5209);
#2060=VERTEX_POINT('',#5211);
#2061=VERTEX_POINT('',#5216);
#2062=VERTEX_POINT('',#5220);
#2063=VERTEX_POINT('',#5221);
#2064=VERTEX_POINT('',#5226);
#2065=VERTEX_POINT('',#5228);
#2066=VERTEX_POINT('',#5240);
#2067=VERTEX_POINT('',#5242);
#2068=VERTEX_POINT('',#5249);
#2069=VERTEX_POINT('',#5250);
#2070=VERTEX_POINT('',#5258);
#2071=VERTEX_POINT('',#5260);
#2072=VERTEX_POINT('',#5269);
#2073=VERTEX_POINT('',#5271);
#2074=VERTEX_POINT('',#5278);
#2075=VERTEX_POINT('',#5279);
#2076=VERTEX_POINT('',#5284);
#2077=VERTEX_POINT('',#5286);
#2078=VERTEX_POINT('',#5298);
#2079=VERTEX_POINT('',#5300);
#2080=VERTEX_POINT('',#5310);
#2081=VERTEX_POINT('',#5311);
#2082=VERTEX_POINT('',#5316);
#2083=VERTEX_POINT('',#5318);
#2084=VERTEX_POINT('',#5330);
#2085=VERTEX_POINT('',#5332);
#2086=VERTEX_POINT('',#5453);
#2087=VERTEX_POINT('',#5455);
#2088=VERTEX_POINT('',#5507);
#2089=VERTEX_POINT('',#5508);
#2090=VERTEX_POINT('',#5510);
#2091=VERTEX_POINT('',#5512);
#2092=VERTEX_POINT('',#5518);
#2093=VERTEX_POINT('',#5520);
#2094=VERTEX_POINT('',#5522);
#2095=VERTEX_POINT('',#5524);
#2096=VERTEX_POINT('',#5526);
#2097=VERTEX_POINT('',#5528);
#2098=VERTEX_POINT('',#5532);
#2099=VERTEX_POINT('',#5533);
#2100=VERTEX_POINT('',#5535);
#2101=VERTEX_POINT('',#5537);
#2102=VERTEX_POINT('',#5543);
#2103=VERTEX_POINT('',#5544);
#2104=VERTEX_POINT('',#5546);
#2105=VERTEX_POINT('',#5548);
#2106=VERTEX_POINT('',#5554);
#2107=VERTEX_POINT('',#5555);
#2108=VERTEX_POINT('',#5557);
#2109=VERTEX_POINT('',#5559);
#2110=VERTEX_POINT('',#5561);
#2111=VERTEX_POINT('',#5563);
#2112=VERTEX_POINT('',#5568);
#2113=VERTEX_POINT('',#5569);
#2114=VERTEX_POINT('',#5571);
#2115=VERTEX_POINT('',#5573);
#2116=VERTEX_POINT('',#5582);
#2117=VERTEX_POINT('',#5584);
#2118=VERTEX_POINT('',#5594);
#2119=VERTEX_POINT('',#5596);
#2120=VERTEX_POINT('',#5609);
#2121=VERTEX_POINT('',#5611);
#2122=VERTEX_POINT('',#5621);
#2123=VERTEX_POINT('',#5623);
#2124=VERTEX_POINT('',#5633);
#2125=VERTEX_POINT('',#5635);
#2126=VERTEX_POINT('',#5648);
#2127=VERTEX_POINT('',#5650);
#2128=VERTEX_POINT('',#5678);
#2129=VERTEX_POINT('',#5680);
#2130=VERTEX_POINT('',#5726);
#2131=VERTEX_POINT('',#5728);
#2132=VERTEX_POINT('',#5777);
#2133=VERTEX_POINT('',#5779);
#2134=VERTEX_POINT('',#5825);
#2135=VERTEX_POINT('',#5827);
#2136=VERTEX_POINT('',#5876);
#2137=VERTEX_POINT('',#5878);
#2138=VERTEX_POINT('',#5924);
#2139=VERTEX_POINT('',#5926);
#2140=VERTEX_POINT('',#5951);
#2141=VERTEX_POINT('',#5953);
#2142=VERTEX_POINT('',#5957);
#2143=VERTEX_POINT('',#5959);
#2144=VERTEX_POINT('',#5963);
#2145=VERTEX_POINT('',#5965);
#2146=VERTEX_POINT('',#5969);
#2147=VERTEX_POINT('',#5971);
#2148=VERTEX_POINT('',#5975);
#2149=VERTEX_POINT('',#5977);
#2150=VERTEX_POINT('',#5981);
#2151=VERTEX_POINT('',#5983);
#2152=VERTEX_POINT('',#5987);
#2153=VERTEX_POINT('',#5989);
#2154=VERTEX_POINT('',#5993);
#2155=VERTEX_POINT('',#5995);
#2156=VERTEX_POINT('',#5999);
#2157=VERTEX_POINT('',#6001);
#2158=VERTEX_POINT('',#6005);
#2159=VERTEX_POINT('',#6007);
#2160=VERTEX_POINT('',#6011);
#2161=VERTEX_POINT('',#6013);
#2162=VERTEX_POINT('',#6017);
#2163=VERTEX_POINT('',#6019);
#2164=VERTEX_POINT('',#6023);
#2165=VERTEX_POINT('',#6025);
#2166=VERTEX_POINT('',#6029);
#2167=VERTEX_POINT('',#6031);
#2168=VERTEX_POINT('',#6035);
#2169=VERTEX_POINT('',#6037);
#2170=VERTEX_POINT('',#6041);
#2171=VERTEX_POINT('',#6043);
#2172=VERTEX_POINT('',#6047);
#2173=VERTEX_POINT('',#6049);
#2174=VERTEX_POINT('',#6053);
#2175=VERTEX_POINT('',#6055);
#2176=VERTEX_POINT('',#6116);
#2177=VERTEX_POINT('',#6118);
#2178=VERTEX_POINT('',#6278);
#2179=VERTEX_POINT('',#6280);
#2180=VERTEX_POINT('',#6308);
#2181=VERTEX_POINT('',#6310);
#2182=VERTEX_POINT('',#6322);
#2183=VERTEX_POINT('',#6324);
#2184=VERTEX_POINT('',#6331);
#2185=VERTEX_POINT('',#6333);
#2186=VERTEX_POINT('',#6337);
#2187=VERTEX_POINT('',#6339);
#2188=VERTEX_POINT('',#6346);
#2189=VERTEX_POINT('',#6348);
#2190=VERTEX_POINT('',#6379);
#2191=VERTEX_POINT('',#6381);
#2192=VERTEX_POINT('',#6406);
#2193=VERTEX_POINT('',#6408);
#2194=VERTEX_POINT('',#6412);
#2195=VERTEX_POINT('',#6414);
#2196=VERTEX_POINT('',#6418);
#2197=VERTEX_POINT('',#6420);
#2198=VERTEX_POINT('',#6496);
#2199=VERTEX_POINT('',#6497);
#2200=VERTEX_POINT('',#6502);
#2201=VERTEX_POINT('',#6506);
#2202=VERTEX_POINT('',#6510);
#2203=VERTEX_POINT('',#6511);
#2204=VERTEX_POINT('',#6513);
#2205=VERTEX_POINT('',#6518);
#2206=VERTEX_POINT('',#6519);
#2207=VERTEX_POINT('',#6521);
#2208=VERTEX_POINT('',#6530);
#2209=VERTEX_POINT('',#6532);
#2210=VERTEX_POINT('',#6536);
#2211=VERTEX_POINT('',#6540);
#2212=VERTEX_POINT('',#6544);
#2213=VERTEX_POINT('',#6546);
#2214=VERTEX_POINT('',#6550);
#2215=VERTEX_POINT('',#6552);
#2216=VERTEX_POINT('',#6558);
#2217=VERTEX_POINT('',#6560);
#2218=VERTEX_POINT('',#6564);
#2219=VERTEX_POINT('',#6566);
#2220=VERTEX_POINT('',#6572);
#2221=VERTEX_POINT('',#6574);
#2222=VERTEX_POINT('',#6578);
#2223=VERTEX_POINT('',#6580);
#2224=VERTEX_POINT('',#6586);
#2225=VERTEX_POINT('',#6587);
#2226=VERTEX_POINT('',#6592);
#2227=VERTEX_POINT('',#6596);
#2228=VERTEX_POINT('',#6600);
#2229=VERTEX_POINT('',#6601);
#2230=VERTEX_POINT('',#6603);
#2231=VERTEX_POINT('',#6608);
#2232=VERTEX_POINT('',#6609);
#2233=VERTEX_POINT('',#6611);
#2234=VERTEX_POINT('',#6620);
#2235=VERTEX_POINT('',#6621);
#2236=VERTEX_POINT('',#6623);
#2237=VERTEX_POINT('',#6628);
#2238=VERTEX_POINT('',#6629);
#2239=VERTEX_POINT('',#6631);
#2240=VERTEX_POINT('',#6640);
#2241=VERTEX_POINT('',#6641);
#2242=VERTEX_POINT('',#6643);
#2243=VERTEX_POINT('',#6648);
#2244=VERTEX_POINT('',#6649);
#2245=VERTEX_POINT('',#6651);
#2246=VERTEX_POINT('',#6660);
#2247=VERTEX_POINT('',#6661);
#2248=VERTEX_POINT('',#6663);
#2249=VERTEX_POINT('',#6668);
#2250=VERTEX_POINT('',#6669);
#2251=VERTEX_POINT('',#6671);
#2252=VERTEX_POINT('',#6680);
#2253=VERTEX_POINT('',#6681);
#2254=VERTEX_POINT('',#6683);
#2255=VERTEX_POINT('',#6688);
#2256=VERTEX_POINT('',#6689);
#2257=VERTEX_POINT('',#6691);
#2258=EDGE_CURVE('',#1928,#1929,#2744,.T.);
#2259=EDGE_CURVE('',#1928,#1930,#830,.T.);
#2260=EDGE_CURVE('',#1930,#1931,#2745,.T.);
#2261=EDGE_CURVE('',#1929,#1931,#831,.T.);
#2262=EDGE_CURVE('',#1932,#1933,#2746,.T.);
#2263=EDGE_CURVE('',#1932,#1934,#832,.T.);
#2264=EDGE_CURVE('',#1934,#1935,#2747,.T.);
#2265=EDGE_CURVE('',#1933,#1935,#833,.T.);
#2266=EDGE_CURVE('',#1936,#1937,#2748,.T.);
#2267=EDGE_CURVE('',#1936,#1938,#834,.T.);
#2268=EDGE_CURVE('',#1938,#1939,#2749,.T.);
#2269=EDGE_CURVE('',#1937,#1939,#835,.T.);
#2270=EDGE_CURVE('',#1940,#1941,#2750,.T.);
#2271=EDGE_CURVE('',#1940,#1942,#836,.T.);
#2272=EDGE_CURVE('',#1943,#1942,#2751,.T.);
#2273=EDGE_CURVE('',#1941,#1943,#837,.T.);
#2274=EDGE_CURVE('',#1944,#1945,#2752,.T.);
#2275=EDGE_CURVE('',#1944,#1946,#838,.T.);
#2276=EDGE_CURVE('',#1946,#1947,#2753,.T.);
#2277=EDGE_CURVE('',#1945,#1947,#839,.T.);
#2278=EDGE_CURVE('',#1948,#1949,#2754,.T.);
#2279=EDGE_CURVE('',#1949,#1950,#840,.T.);
#2280=EDGE_CURVE('',#1951,#1950,#2755,.T.);
#2281=EDGE_CURVE('',#1951,#1948,#841,.T.);
#2282=EDGE_CURVE('',#1952,#1953,#2756,.T.);
#2283=EDGE_CURVE('',#1953,#1954,#842,.T.);
#2284=EDGE_CURVE('',#1955,#1954,#2757,.T.);
#2285=EDGE_CURVE('',#1955,#1952,#843,.T.);
#2286=EDGE_CURVE('',#1956,#1957,#2758,.T.);
#2287=EDGE_CURVE('',#1957,#1958,#844,.T.);
#2288=EDGE_CURVE('',#1959,#1958,#2759,.T.);
#2289=EDGE_CURVE('',#1959,#1956,#845,.T.);
#2290=EDGE_CURVE('',#1960,#1961,#2760,.T.);
#2291=EDGE_CURVE('',#1961,#1962,#846,.T.);
#2292=EDGE_CURVE('',#1963,#1962,#2761,.T.);
#2293=EDGE_CURVE('',#1963,#1960,#847,.T.);
#2294=EDGE_CURVE('',#1964,#1965,#2762,.T.);
#2295=EDGE_CURVE('',#1965,#1966,#848,.T.);
#2296=EDGE_CURVE('',#1967,#1966,#2763,.T.);
#2297=EDGE_CURVE('',#1967,#1964,#849,.T.);
#2298=EDGE_CURVE('',#1968,#1969,#2764,.T.);
#2299=EDGE_CURVE('',#1969,#1970,#2765,.T.);
#2300=EDGE_CURVE('',#1970,#1971,#2766,.T.);
#2301=EDGE_CURVE('',#1971,#1968,#2767,.T.);
#2302=EDGE_CURVE('',#1972,#1973,#122,.T.);
#2303=EDGE_CURVE('',#1973,#1974,#123,.T.);
#2304=EDGE_CURVE('',#1974,#1972,#2768,.T.);
#2305=EDGE_CURVE('',#1975,#1976,#124,.T.);
#2306=EDGE_CURVE('',#1976,#1975,#125,.T.);
#2307=EDGE_CURVE('',#1977,#1978,#2769,.T.);
#2308=EDGE_CURVE('',#1978,#1979,#2770,.T.);
#2309=EDGE_CURVE('',#1979,#1980,#126,.T.);
#2310=EDGE_CURVE('',#1980,#1981,#2771,.T.);
#2311=EDGE_CURVE('',#1981,#1982,#127,.T.);
#2312=EDGE_CURVE('',#1982,#1983,#2772,.T.);
#2313=EDGE_CURVE('',#1983,#1984,#2773,.T.);
#2314=EDGE_CURVE('',#1984,#1985,#2774,.T.);
#2315=EDGE_CURVE('',#1985,#1977,#2775,.T.);
#2316=EDGE_CURVE('',#1986,#1987,#128,.T.);
#2317=EDGE_CURVE('',#1986,#1988,#850,.T.);
#2318=EDGE_CURVE('',#1988,#1989,#129,.T.);
#2319=EDGE_CURVE('',#1987,#1989,#851,.T.);
#2320=EDGE_CURVE('',#1990,#1991,#130,.T.);
#2321=EDGE_CURVE('',#1990,#1992,#852,.T.);
#2322=EDGE_CURVE('',#1992,#1993,#131,.T.);
#2323=EDGE_CURVE('',#1991,#1993,#853,.T.);
#2324=EDGE_CURVE('',#1994,#1995,#132,.T.);
#2325=EDGE_CURVE('',#1994,#1996,#854,.T.);
#2326=EDGE_CURVE('',#1996,#1997,#133,.T.);
#2327=EDGE_CURVE('',#1995,#1997,#855,.T.);
#2328=EDGE_CURVE('',#1998,#1999,#134,.T.);
#2329=EDGE_CURVE('',#1998,#2000,#856,.T.);
#2330=EDGE_CURVE('',#2000,#2001,#135,.T.);
#2331=EDGE_CURVE('',#1999,#2001,#857,.T.);
#2332=EDGE_CURVE('',#2002,#2003,#136,.T.);
#2333=EDGE_CURVE('',#2002,#2004,#858,.T.);
#2334=EDGE_CURVE('',#2004,#2005,#137,.T.);
#2335=EDGE_CURVE('',#2003,#2005,#859,.T.);
#2336=EDGE_CURVE('',#1987,#2006,#138,.T.);
#2337=EDGE_CURVE('',#1989,#2007,#139,.T.);
#2338=EDGE_CURVE('',#2006,#2007,#860,.T.);
#2339=EDGE_CURVE('',#1991,#2008,#140,.T.);
#2340=EDGE_CURVE('',#1993,#2009,#141,.T.);
#2341=EDGE_CURVE('',#2008,#2009,#861,.T.);
#2342=EDGE_CURVE('',#1995,#2010,#142,.T.);
#2343=EDGE_CURVE('',#1997,#2011,#143,.T.);
#2344=EDGE_CURVE('',#2010,#2011,#862,.T.);
#2345=EDGE_CURVE('',#1999,#2012,#144,.T.);
#2346=EDGE_CURVE('',#2001,#2013,#145,.T.);
#2347=EDGE_CURVE('',#2012,#2013,#863,.T.);
#2348=EDGE_CURVE('',#2003,#2014,#146,.T.);
#2349=EDGE_CURVE('',#2005,#2015,#147,.T.);
#2350=EDGE_CURVE('',#2014,#2015,#864,.T.);
#2351=EDGE_CURVE('',#2006,#2016,#2776,.T.);
#2352=EDGE_CURVE('',#2017,#2007,#2777,.T.);
#2353=EDGE_CURVE('',#2016,#2017,#865,.T.);
#2354=EDGE_CURVE('',#2008,#2018,#2778,.T.);
#2355=EDGE_CURVE('',#2009,#2019,#2779,.T.);
#2356=EDGE_CURVE('',#2018,#2019,#866,.T.);
#2357=EDGE_CURVE('',#2010,#2020,#2780,.T.);
#2358=EDGE_CURVE('',#2011,#2021,#2781,.T.);
#2359=EDGE_CURVE('',#2020,#2021,#867,.T.);
#2360=EDGE_CURVE('',#2012,#2022,#2782,.T.);
#2361=EDGE_CURVE('',#2013,#2023,#2783,.T.);
#2362=EDGE_CURVE('',#2022,#2023,#868,.T.);
#2363=EDGE_CURVE('',#2014,#2024,#2784,.T.);
#2364=EDGE_CURVE('',#2015,#2025,#2785,.T.);
#2365=EDGE_CURVE('',#2024,#2025,#869,.T.);
#2366=EDGE_CURVE('',#2016,#2026,#2786,.T.);
#2367=EDGE_CURVE('',#2027,#2017,#2787,.T.);
#2368=EDGE_CURVE('',#2026,#2027,#870,.T.);
#2369=EDGE_CURVE('',#2018,#2028,#2788,.T.);
#2370=EDGE_CURVE('',#2019,#2029,#2789,.T.);
#2371=EDGE_CURVE('',#2028,#2029,#871,.T.);
#2372=EDGE_CURVE('',#2020,#2030,#2790,.T.);
#2373=EDGE_CURVE('',#2021,#2031,#2791,.T.);
#2374=EDGE_CURVE('',#2030,#2031,#872,.T.);
#2375=EDGE_CURVE('',#2022,#2032,#2792,.T.);
#2376=EDGE_CURVE('',#2023,#2033,#2793,.T.);
#2377=EDGE_CURVE('',#2032,#2033,#873,.T.);
#2378=EDGE_CURVE('',#2024,#2034,#2794,.T.);
#2379=EDGE_CURVE('',#2025,#2035,#2795,.T.);
#2380=EDGE_CURVE('',#2034,#2035,#874,.T.);
#2381=EDGE_CURVE('',#2026,#2036,#2796,.T.);
#2382=EDGE_CURVE('',#2037,#2027,#2797,.T.);
#2383=EDGE_CURVE('',#2036,#2037,#875,.T.);
#2384=EDGE_CURVE('',#2028,#2038,#2798,.T.);
#2385=EDGE_CURVE('',#2029,#2039,#2799,.T.);
#2386=EDGE_CURVE('',#2038,#2039,#876,.T.);
#2387=EDGE_CURVE('',#2030,#2040,#2800,.T.);
#2388=EDGE_CURVE('',#2031,#2041,#2801,.T.);
#2389=EDGE_CURVE('',#2040,#2041,#877,.T.);
#2390=EDGE_CURVE('',#2032,#2042,#2802,.T.);
#2391=EDGE_CURVE('',#2033,#2043,#2803,.T.);
#2392=EDGE_CURVE('',#2042,#2043,#878,.T.);
#2393=EDGE_CURVE('',#2034,#2044,#2804,.T.);
#2394=EDGE_CURVE('',#2035,#2045,#2805,.T.);
#2395=EDGE_CURVE('',#2044,#2045,#879,.T.);
#2396=EDGE_CURVE('',#2036,#2046,#148,.T.);
#2397=EDGE_CURVE('',#2037,#2047,#149,.T.);
#2398=EDGE_CURVE('',#2046,#2047,#880,.T.);
#2399=EDGE_CURVE('',#2038,#2048,#150,.T.);
#2400=EDGE_CURVE('',#2039,#2049,#151,.T.);
#2401=EDGE_CURVE('',#2048,#2049,#881,.T.);
#2402=EDGE_CURVE('',#2040,#2050,#152,.T.);
#2403=EDGE_CURVE('',#2041,#2051,#153,.T.);
#2404=EDGE_CURVE('',#2050,#2051,#882,.T.);
#2405=EDGE_CURVE('',#2042,#2052,#154,.T.);
#2406=EDGE_CURVE('',#2043,#2053,#155,.T.);
#2407=EDGE_CURVE('',#2052,#2053,#883,.T.);
#2408=EDGE_CURVE('',#2044,#2054,#156,.T.);
#2409=EDGE_CURVE('',#2045,#2055,#157,.T.);
#2410=EDGE_CURVE('',#2054,#2055,#884,.T.);
#2411=EDGE_CURVE('',#2046,#2056,#158,.T.);
#2412=EDGE_CURVE('',#2057,#2047,#159,.T.);
#2413=EDGE_CURVE('',#2058,#2057,#56,.T.);
#2414=EDGE_CURVE('',#2058,#2059,#160,.T.);
#2415=EDGE_CURVE('',#2059,#2060,#885,.T.);
#2416=EDGE_CURVE('',#2060,#2061,#161,.T.);
#2417=EDGE_CURVE('',#2061,#2056,#886,.T.);
#2418=EDGE_CURVE('',#2062,#2063,#887,.T.);
#2419=EDGE_CURVE('',#2063,#2064,#162,.T.);
#2420=EDGE_CURVE('',#2064,#2065,#888,.T.);
#2421=EDGE_CURVE('',#2048,#2065,#163,.T.);
#2422=EDGE_CURVE('',#2049,#2066,#164,.T.);
#2423=EDGE_CURVE('',#2067,#2066,#57,.T.);
#2424=EDGE_CURVE('',#2062,#2067,#165,.T.);
#2425=EDGE_CURVE('',#2068,#2069,#889,.T.);
#2426=EDGE_CURVE('',#2069,#2070,#166,.T.);
#2427=EDGE_CURVE('',#2070,#2071,#890,.T.);
#2428=EDGE_CURVE('',#2050,#2071,#167,.T.);
#2429=EDGE_CURVE('',#2051,#2072,#168,.T.);
#2430=EDGE_CURVE('',#2073,#2072,#58,.T.);
#2431=EDGE_CURVE('',#2068,#2073,#169,.T.);
#2432=EDGE_CURVE('',#2074,#2075,#891,.T.);
#2433=EDGE_CURVE('',#2075,#2076,#170,.T.);
#2434=EDGE_CURVE('',#2076,#2077,#892,.T.);
#2435=EDGE_CURVE('',#2052,#2077,#171,.T.);
#2436=EDGE_CURVE('',#2053,#2078,#172,.T.);
#2437=EDGE_CURVE('',#2079,#2078,#59,.T.);
#2438=EDGE_CURVE('',#2074,#2079,#173,.T.);
#2439=EDGE_CURVE('',#2080,#2081,#893,.T.);
#2440=EDGE_CURVE('',#2081,#2082,#174,.T.);
#2441=EDGE_CURVE('',#2082,#2083,#894,.T.);
#2442=EDGE_CURVE('',#2054,#2083,#175,.T.);
#2443=EDGE_CURVE('',#2055,#2084,#176,.T.);
#2444=EDGE_CURVE('',#2085,#2084,#60,.T.);
#2445=EDGE_CURVE('',#2080,#2085,#177,.T.);
#2446=EDGE_CURVE('',#1959,#2056,#178,.T.);
#2447=EDGE_CURVE('',#1956,#2061,#179,.T.);
#2448=EDGE_CURVE('',#1960,#2064,#180,.T.);
#2449=EDGE_CURVE('',#1963,#2065,#181,.T.);
#2450=EDGE_CURVE('',#1964,#2070,#182,.T.);
#2451=EDGE_CURVE('',#1967,#2071,#183,.T.);
#2452=EDGE_CURVE('',#2086,#2076,#184,.T.);
#2453=EDGE_CURVE('',#2087,#2086,#895,.T.);
#2454=EDGE_CURVE('',#2087,#2077,#185,.T.);
#2455=EDGE_CURVE('',#1948,#2082,#186,.T.);
#2456=EDGE_CURVE('',#1951,#2083,#187,.T.);
#2457=EDGE_CURVE('',#2088,#2089,#2806,.T.);
#2458=EDGE_CURVE('',#2088,#2090,#2807,.T.);
#2459=EDGE_CURVE('',#2091,#2090,#896,.T.);
#2460=EDGE_CURVE('',#1937,#2091,#2808,.T.);
#2461=EDGE_CURVE('',#1939,#1988,#2809,.T.);
#2462=EDGE_CURVE('',#2089,#1986,#2810,.T.);
#2463=EDGE_CURVE('',#2092,#1943,#2811,.T.);
#2464=EDGE_CURVE('',#2093,#2092,#897,.T.);
#2465=EDGE_CURVE('',#2094,#2093,#2812,.T.);
#2466=EDGE_CURVE('',#2095,#2094,#2813,.T.);
#2467=EDGE_CURVE('',#2095,#2096,#2814,.T.);
#2468=EDGE_CURVE('',#2097,#2096,#898,.T.);
#2469=EDGE_CURVE('',#1941,#2097,#2815,.T.);
#2470=EDGE_CURVE('',#2098,#2099,#2816,.T.);
#2471=EDGE_CURVE('',#2098,#2100,#2817,.T.);
#2472=EDGE_CURVE('',#2101,#2100,#899,.T.);
#2473=EDGE_CURVE('',#1933,#2101,#2818,.T.);
#2474=EDGE_CURVE('',#1935,#1992,#2819,.T.);
#2475=EDGE_CURVE('',#2099,#1990,#2820,.T.);
#2476=EDGE_CURVE('',#2102,#2103,#2821,.T.);
#2477=EDGE_CURVE('',#2102,#2104,#2822,.T.);
#2478=EDGE_CURVE('',#2105,#2104,#900,.T.);
#2479=EDGE_CURVE('',#1929,#2105,#2823,.T.);
#2480=EDGE_CURVE('',#1931,#1996,#2824,.T.);
#2481=EDGE_CURVE('',#2103,#1994,#2825,.T.);
#2482=EDGE_CURVE('',#2106,#2107,#2826,.T.);
#2483=EDGE_CURVE('',#2106,#2108,#2827,.T.);
#2484=EDGE_CURVE('',#2109,#2108,#901,.T.);
#2485=EDGE_CURVE('',#2110,#2109,#2828,.T.);
#2486=EDGE_CURVE('',#2110,#2111,#902,.T.);
#2487=EDGE_CURVE('',#2111,#2000,#2829,.T.);
#2488=EDGE_CURVE('',#2107,#1998,#2830,.T.);
#2489=EDGE_CURVE('',#2112,#2113,#2831,.T.);
#2490=EDGE_CURVE('',#2112,#2114,#2832,.T.);
#2491=EDGE_CURVE('',#2115,#2114,#903,.T.);
#2492=EDGE_CURVE('',#1945,#2115,#2833,.T.);
#2493=EDGE_CURVE('',#1947,#2004,#2834,.T.);
#2494=EDGE_CURVE('',#2113,#2002,#2835,.T.);
#2495=EDGE_CURVE('',#2090,#2116,#188,.T.);
#2496=EDGE_CURVE('',#2117,#2116,#904,.T.);
#2497=EDGE_CURVE('',#2091,#2117,#189,.T.);
#2498=EDGE_CURVE('',#2118,#2092,#190,.T.);
#2499=EDGE_CURVE('',#2119,#2118,#905,.T.);
#2500=EDGE_CURVE('',#2093,#2119,#191,.T.);
#2501=EDGE_CURVE('',#2100,#2120,#192,.T.);
#2502=EDGE_CURVE('',#2121,#2120,#906,.T.);
#2503=EDGE_CURVE('',#2101,#2121,#193,.T.);
#2504=EDGE_CURVE('',#2104,#2122,#194,.T.);
#2505=EDGE_CURVE('',#2123,#2122,#907,.T.);
#2506=EDGE_CURVE('',#2105,#2123,#195,.T.);
#2507=EDGE_CURVE('',#2108,#2124,#196,.T.);
#2508=EDGE_CURVE('',#2125,#2124,#908,.T.);
#2509=EDGE_CURVE('',#2109,#2125,#197,.T.);
#2510=EDGE_CURVE('',#2114,#2126,#198,.T.);
#2511=EDGE_CURVE('',#2127,#2126,#909,.T.);
#2512=EDGE_CURVE('',#2115,#2127,#199,.T.);
#2513=EDGE_CURVE('',#2116,#2128,#200,.T.);
#2514=EDGE_CURVE('',#2129,#2128,#910,.T.);
#2515=EDGE_CURVE('',#2117,#2129,#201,.T.);
#2516=EDGE_CURVE('',#2130,#2118,#202,.T.);
#2517=EDGE_CURVE('',#2131,#2130,#911,.T.);
#2518=EDGE_CURVE('',#2119,#2131,#203,.T.);
#2519=EDGE_CURVE('',#2120,#2132,#204,.T.);
#2520=EDGE_CURVE('',#2133,#2132,#912,.T.);
#2521=EDGE_CURVE('',#2121,#2133,#205,.T.);
#2522=EDGE_CURVE('',#2122,#2134,#206,.T.);
#2523=EDGE_CURVE('',#2135,#2134,#913,.T.);
#2524=EDGE_CURVE('',#2123,#2135,#207,.T.);
#2525=EDGE_CURVE('',#2124,#2136,#208,.T.);
#2526=EDGE_CURVE('',#2137,#2136,#914,.T.);
#2527=EDGE_CURVE('',#2125,#2137,#209,.T.);
#2528=EDGE_CURVE('',#2126,#2138,#210,.T.);
#2529=EDGE_CURVE('',#2139,#2138,#915,.T.);
#2530=EDGE_CURVE('',#2127,#2139,#211,.T.);
#2531=EDGE_CURVE('',#2128,#2140,#2836,.T.);
#2532=EDGE_CURVE('',#2141,#2140,#916,.T.);
#2533=EDGE_CURVE('',#2129,#2141,#2837,.T.);
#2534=EDGE_CURVE('',#2142,#2130,#2838,.T.);
#2535=EDGE_CURVE('',#2143,#2142,#917,.T.);
#2536=EDGE_CURVE('',#2131,#2143,#2839,.T.);
#2537=EDGE_CURVE('',#2132,#2144,#2840,.T.);
#2538=EDGE_CURVE('',#2145,#2144,#918,.T.);
#2539=EDGE_CURVE('',#2133,#2145,#2841,.T.);
#2540=EDGE_CURVE('',#2134,#2146,#2842,.T.);
#2541=EDGE_CURVE('',#2147,#2146,#919,.T.);
#2542=EDGE_CURVE('',#2135,#2147,#2843,.T.);
#2543=EDGE_CURVE('',#2136,#2148,#2844,.T.);
#2544=EDGE_CURVE('',#2149,#2148,#920,.T.);
#2545=EDGE_CURVE('',#2137,#2149,#2845,.T.);
#2546=EDGE_CURVE('',#2138,#2150,#2846,.T.);
#2547=EDGE_CURVE('',#2151,#2150,#921,.T.);
#2548=EDGE_CURVE('',#2139,#2151,#2847,.T.);
#2549=EDGE_CURVE('',#2140,#2152,#2848,.T.);
#2550=EDGE_CURVE('',#2153,#2152,#922,.T.);
#2551=EDGE_CURVE('',#2141,#2153,#2849,.T.);
#2552=EDGE_CURVE('',#2154,#2142,#2850,.T.);
#2553=EDGE_CURVE('',#2155,#2154,#923,.T.);
#2554=EDGE_CURVE('',#2143,#2155,#2851,.T.);
#2555=EDGE_CURVE('',#2144,#2156,#2852,.T.);
#2556=EDGE_CURVE('',#2157,#2156,#924,.T.);
#2557=EDGE_CURVE('',#2145,#2157,#2853,.T.);
#2558=EDGE_CURVE('',#2146,#2158,#2854,.T.);
#2559=EDGE_CURVE('',#2159,#2158,#925,.T.);
#2560=EDGE_CURVE('',#2147,#2159,#2855,.T.);
#2561=EDGE_CURVE('',#2148,#2160,#2856,.T.);
#2562=EDGE_CURVE('',#2161,#2160,#926,.T.);
#2563=EDGE_CURVE('',#2149,#2161,#2857,.T.);
#2564=EDGE_CURVE('',#2150,#2162,#2858,.T.);
#2565=EDGE_CURVE('',#2163,#2162,#927,.T.);
#2566=EDGE_CURVE('',#2151,#2163,#2859,.T.);
#2567=EDGE_CURVE('',#2152,#2164,#2860,.T.);
#2568=EDGE_CURVE('',#2165,#2164,#928,.T.);
#2569=EDGE_CURVE('',#2153,#2165,#2861,.T.);
#2570=EDGE_CURVE('',#2166,#2154,#2862,.T.);
#2571=EDGE_CURVE('',#2167,#2166,#929,.T.);
#2572=EDGE_CURVE('',#2155,#2167,#2863,.T.);
#2573=EDGE_CURVE('',#2156,#2168,#2864,.T.);
#2574=EDGE_CURVE('',#2169,#2168,#930,.T.);
#2575=EDGE_CURVE('',#2157,#2169,#2865,.T.);
#2576=EDGE_CURVE('',#2158,#2170,#2866,.T.);
#2577=EDGE_CURVE('',#2171,#2170,#931,.T.);
#2578=EDGE_CURVE('',#2159,#2171,#2867,.T.);
#2579=EDGE_CURVE('',#2160,#2172,#2868,.T.);
#2580=EDGE_CURVE('',#2173,#2172,#932,.T.);
#2581=EDGE_CURVE('',#2161,#2173,#2869,.T.);
#2582=EDGE_CURVE('',#2162,#2174,#2870,.T.);
#2583=EDGE_CURVE('',#2175,#2174,#933,.T.);
#2584=EDGE_CURVE('',#2163,#2175,#2871,.T.);
#2585=EDGE_CURVE('',#2164,#2063,#212,.T.);
#2586=EDGE_CURVE('',#2165,#2062,#213,.T.);
#2587=EDGE_CURVE('',#2176,#2166,#214,.T.);
#2588=EDGE_CURVE('',#2177,#2176,#934,.T.);
#2589=EDGE_CURVE('',#2167,#2177,#215,.T.);
#2590=EDGE_CURVE('',#2168,#2069,#216,.T.);
#2591=EDGE_CURVE('',#2169,#2068,#217,.T.);
#2592=EDGE_CURVE('',#2170,#2075,#218,.T.);
#2593=EDGE_CURVE('',#2171,#2074,#219,.T.);
#2594=EDGE_CURVE('',#2172,#2081,#220,.T.);
#2595=EDGE_CURVE('',#2173,#2080,#221,.T.);
#2596=EDGE_CURVE('',#2174,#2178,#222,.T.);
#2597=EDGE_CURVE('',#2179,#2178,#935,.T.);
#2598=EDGE_CURVE('',#2175,#2179,#223,.T.);
#2599=EDGE_CURVE('',#2178,#2180,#224,.T.);
#2600=EDGE_CURVE('',#2180,#2181,#936,.T.);
#2601=EDGE_CURVE('',#2177,#2181,#225,.T.);
#2602=EDGE_CURVE('',#2182,#2176,#226,.T.);
#2603=EDGE_CURVE('',#2183,#2182,#61,.T.);
#2604=EDGE_CURVE('',#2179,#2183,#227,.T.);
#2605=EDGE_CURVE('',#2184,#2110,#2872,.T.);
#2606=EDGE_CURVE('',#2184,#2185,#937,.T.);
#2607=EDGE_CURVE('',#2185,#2111,#2873,.T.);
#2608=EDGE_CURVE('',#2086,#2186,#2874,.T.);
#2609=EDGE_CURVE('',#2186,#2187,#938,.T.);
#2610=EDGE_CURVE('',#2087,#2187,#2875,.T.);
#2611=EDGE_CURVE('',#2096,#2188,#228,.T.);
#2612=EDGE_CURVE('',#2189,#2188,#939,.T.);
#2613=EDGE_CURVE('',#2097,#2189,#229,.T.);
#2614=EDGE_CURVE('',#2188,#2190,#230,.T.);
#2615=EDGE_CURVE('',#2191,#2190,#940,.T.);
#2616=EDGE_CURVE('',#2189,#2191,#231,.T.);
#2617=EDGE_CURVE('',#2190,#2192,#2876,.T.);
#2618=EDGE_CURVE('',#2193,#2192,#941,.T.);
#2619=EDGE_CURVE('',#2193,#2191,#2877,.T.);
#2620=EDGE_CURVE('',#2192,#2194,#2878,.T.);
#2621=EDGE_CURVE('',#2195,#2194,#942,.T.);
#2622=EDGE_CURVE('',#2195,#2193,#2879,.T.);
#2623=EDGE_CURVE('',#2194,#2196,#2880,.T.);
#2624=EDGE_CURVE('',#2197,#2196,#943,.T.);
#2625=EDGE_CURVE('',#2197,#2195,#2881,.T.);
#2626=EDGE_CURVE('',#2196,#2060,#232,.T.);
#2627=EDGE_CURVE('',#2197,#2059,#233,.T.);
#2628=EDGE_CURVE('',#1952,#2180,#234,.T.);
#2629=EDGE_CURVE('',#1955,#2181,#235,.T.);
#2630=EDGE_CURVE('',#2198,#2199,#62,.T.);
#2631=EDGE_CURVE('',#2198,#2058,#2882,.T.);
#2632=EDGE_CURVE('',#2199,#2057,#2883,.T.);
#2633=EDGE_CURVE('',#1938,#2200,#2884,.T.);
#2634=EDGE_CURVE('',#2200,#2199,#2885,.T.);
#2635=EDGE_CURVE('',#1940,#2201,#2886,.T.);
#2636=EDGE_CURVE('',#2201,#2198,#2887,.T.);
#2637=EDGE_CURVE('',#2202,#2203,#2888,.T.);
#2638=EDGE_CURVE('',#2203,#2204,#2889,.T.);
#2639=EDGE_CURVE('',#2204,#1957,#2890,.T.);
#2640=EDGE_CURVE('',#2095,#2202,#2891,.T.);
#2641=EDGE_CURVE('',#2205,#2206,#2892,.T.);
#2642=EDGE_CURVE('',#2207,#2205,#2893,.T.);
#2643=EDGE_CURVE('',#2094,#2207,#2894,.T.);
#2644=EDGE_CURVE('',#2206,#1954,#2895,.T.);
#2645=EDGE_CURVE('',#2207,#2202,#2896,.T.);
#2646=EDGE_CURVE('',#2203,#2205,#2897,.T.);
#2647=EDGE_CURVE('',#1944,#2208,#2898,.T.);
#2648=EDGE_CURVE('',#2183,#2209,#2899,.T.);
#2649=EDGE_CURVE('',#2208,#2209,#2900,.T.);
#2650=EDGE_CURVE('',#2209,#2210,#63,.T.);
#2651=EDGE_CURVE('',#2182,#2210,#2901,.T.);
#2652=EDGE_CURVE('',#2211,#1942,#2902,.T.);
#2653=EDGE_CURVE('',#2210,#2211,#2903,.T.);
#2654=EDGE_CURVE('',#1946,#2212,#2904,.T.);
#2655=EDGE_CURVE('',#2212,#2213,#2905,.T.);
#2656=EDGE_CURVE('',#2084,#2213,#2906,.T.);
#2657=EDGE_CURVE('',#2184,#2214,#2907,.T.);
#2658=EDGE_CURVE('',#2085,#2215,#2908,.T.);
#2659=EDGE_CURVE('',#2214,#2215,#2909,.T.);
#2660=EDGE_CURVE('',#2215,#2213,#64,.T.);
#2661=EDGE_CURVE('',#2185,#2216,#2910,.T.);
#2662=EDGE_CURVE('',#2216,#2217,#2911,.T.);
#2663=EDGE_CURVE('',#2078,#2217,#2912,.T.);
#2664=EDGE_CURVE('',#1928,#2218,#2913,.T.);
#2665=EDGE_CURVE('',#2079,#2219,#2914,.T.);
#2666=EDGE_CURVE('',#2218,#2219,#2915,.T.);
#2667=EDGE_CURVE('',#2219,#2217,#65,.T.);
#2668=EDGE_CURVE('',#1930,#2220,#2916,.T.);
#2669=EDGE_CURVE('',#2220,#2221,#2917,.T.);
#2670=EDGE_CURVE('',#2072,#2221,#2918,.T.);
#2671=EDGE_CURVE('',#1932,#2222,#2919,.T.);
#2672=EDGE_CURVE('',#2073,#2223,#2920,.T.);
#2673=EDGE_CURVE('',#2222,#2223,#2921,.T.);
#2674=EDGE_CURVE('',#2223,#2221,#66,.T.);
#2675=EDGE_CURVE('',#2224,#2225,#67,.T.);
#2676=EDGE_CURVE('',#2067,#2224,#2922,.T.);
#2677=EDGE_CURVE('',#2066,#2225,#2923,.T.);
#2678=EDGE_CURVE('',#1934,#2226,#2924,.T.);
#2679=EDGE_CURVE('',#2226,#2225,#2925,.T.);
#2680=EDGE_CURVE('',#1936,#2227,#2926,.T.);
#2681=EDGE_CURVE('',#2227,#2224,#2927,.T.);
#2682=EDGE_CURVE('',#2228,#2229,#2928,.T.);
#2683=EDGE_CURVE('',#2228,#2230,#2929,.T.);
#2684=EDGE_CURVE('',#2230,#1953,#2930,.T.);
#2685=EDGE_CURVE('',#2229,#2112,#2931,.T.);
#2686=EDGE_CURVE('',#2231,#2232,#2932,.T.);
#2687=EDGE_CURVE('',#2231,#2233,#2933,.T.);
#2688=EDGE_CURVE('',#2233,#2113,#2934,.T.);
#2689=EDGE_CURVE('',#2232,#1950,#2935,.T.);
#2690=EDGE_CURVE('',#2229,#2233,#2936,.T.);
#2691=EDGE_CURVE('',#2228,#2231,#2937,.T.);
#2692=EDGE_CURVE('',#2234,#2235,#2938,.T.);
#2693=EDGE_CURVE('',#2234,#2236,#2939,.T.);
#2694=EDGE_CURVE('',#2236,#1949,#2940,.T.);
#2695=EDGE_CURVE('',#2235,#2106,#2941,.T.);
#2696=EDGE_CURVE('',#2237,#2238,#2942,.T.);
#2697=EDGE_CURVE('',#2237,#2239,#2943,.T.);
#2698=EDGE_CURVE('',#2239,#2107,#2944,.T.);
#2699=EDGE_CURVE('',#2238,#2187,#2945,.T.);
#2700=EDGE_CURVE('',#2235,#2239,#2946,.T.);
#2701=EDGE_CURVE('',#2234,#2237,#2947,.T.);
#2702=EDGE_CURVE('',#2240,#2241,#2948,.T.);
#2703=EDGE_CURVE('',#2240,#2242,#2949,.T.);
#2704=EDGE_CURVE('',#2242,#2186,#2950,.T.);
#2705=EDGE_CURVE('',#2241,#2102,#2951,.T.);
#2706=EDGE_CURVE('',#2243,#2244,#2952,.T.);
#2707=EDGE_CURVE('',#2243,#2245,#2953,.T.);
#2708=EDGE_CURVE('',#2245,#2103,#2954,.T.);
#2709=EDGE_CURVE('',#2244,#1966,#2955,.T.);
#2710=EDGE_CURVE('',#2241,#2245,#2956,.T.);
#2711=EDGE_CURVE('',#2240,#2243,#2957,.T.);
#2712=EDGE_CURVE('',#2246,#2247,#2958,.T.);
#2713=EDGE_CURVE('',#2246,#2248,#2959,.T.);
#2714=EDGE_CURVE('',#2248,#1965,#2960,.T.);
#2715=EDGE_CURVE('',#2247,#2098,#2961,.T.);
#2716=EDGE_CURVE('',#2249,#2250,#2962,.T.);
#2717=EDGE_CURVE('',#2249,#2251,#2963,.T.);
#2718=EDGE_CURVE('',#2251,#2099,#2964,.T.);
#2719=EDGE_CURVE('',#2250,#1962,#2965,.T.);
#2720=EDGE_CURVE('',#2247,#2251,#2966,.T.);
#2721=EDGE_CURVE('',#2246,#2249,#2967,.T.);
#2722=EDGE_CURVE('',#2252,#2253,#2968,.T.);
#2723=EDGE_CURVE('',#2252,#2254,#2969,.T.);
#2724=EDGE_CURVE('',#2254,#1961,#2970,.T.);
#2725=EDGE_CURVE('',#2253,#2088,#2971,.T.);
#2726=EDGE_CURVE('',#2255,#2256,#2972,.T.);
#2727=EDGE_CURVE('',#2255,#2257,#2973,.T.);
#2728=EDGE_CURVE('',#2257,#2089,#2974,.T.);
#2729=EDGE_CURVE('',#2256,#1958,#2975,.T.);
#2730=EDGE_CURVE('',#2253,#2257,#2976,.T.);
#2731=EDGE_CURVE('',#2252,#2255,#2977,.T.);
#2732=EDGE_CURVE('',#2256,#2200,#944,.T.);
#2733=EDGE_CURVE('',#2201,#2204,#945,.T.);
#2734=EDGE_CURVE('',#2232,#2212,#946,.T.);
#2735=EDGE_CURVE('',#2214,#2236,#947,.T.);
#2736=EDGE_CURVE('',#2238,#2216,#948,.T.);
#2737=EDGE_CURVE('',#2218,#2242,#949,.T.);
#2738=EDGE_CURVE('',#2244,#2220,#950,.T.);
#2739=EDGE_CURVE('',#2222,#2248,#951,.T.);
#2740=EDGE_CURVE('',#2250,#2226,#952,.T.);
#2741=EDGE_CURVE('',#2227,#2254,#953,.T.);
#2742=EDGE_CURVE('',#2208,#2230,#954,.T.);
#2743=EDGE_CURVE('',#2206,#2211,#955,.T.);
#2744=LINE('',#4344,#2978);
#2745=LINE('',#4349,#2979);
#2746=LINE('',#4353,#2980);
#2747=LINE('',#4358,#2981);
#2748=LINE('',#4362,#2982);
#2749=LINE('',#4367,#2983);
#2750=LINE('',#4371,#2984);
#2751=LINE('',#4376,#2985);
#2752=LINE('',#4380,#2986);
#2753=LINE('',#4385,#2987);
#2754=LINE('',#4389,#2988);
#2755=LINE('',#4394,#2989);
#2756=LINE('',#4398,#2990);
#2757=LINE('',#4403,#2991);
#2758=LINE('',#4407,#2992);
#2759=LINE('',#4412,#2993);
#2760=LINE('',#4416,#2994);
#2761=LINE('',#4421,#2995);
#2762=LINE('',#4425,#2996);
#2763=LINE('',#4430,#2997);
#2764=LINE('',#4434,#2998);
#2765=LINE('',#4437,#2999);
#2766=LINE('',#4439,#3000);
#2767=LINE('',#4441,#3001);
#2768=LINE('',#4480,#3002);
#2769=LINE('',#4505,#3003);
#2770=LINE('',#4508,#3004);
#2771=LINE('',#4527,#3005);
#2772=LINE('',#4546,#3006);
#2773=LINE('',#4548,#3007);
#2774=LINE('',#4550,#3008);
#2775=LINE('',#4552,#3009);
#2776=LINE('',#4884,#3010);
#2777=LINE('',#4886,#3011);
#2778=LINE('',#4890,#3012);
#2779=LINE('',#4892,#3013);
#2780=LINE('',#4896,#3014);
#2781=LINE('',#4898,#3015);
#2782=LINE('',#4902,#3016);
#2783=LINE('',#4904,#3017);
#2784=LINE('',#4908,#3018);
#2785=LINE('',#4910,#3019);
#2786=LINE('',#4914,#3020);
#2787=LINE('',#4916,#3021);
#2788=LINE('',#4920,#3022);
#2789=LINE('',#4922,#3023);
#2790=LINE('',#4926,#3024);
#2791=LINE('',#4928,#3025);
#2792=LINE('',#4932,#3026);
#2793=LINE('',#4934,#3027);
#2794=LINE('',#4938,#3028);
#2795=LINE('',#4940,#3029);
#2796=LINE('',#4944,#3030);
#2797=LINE('',#4946,#3031);
#2798=LINE('',#4950,#3032);
#2799=LINE('',#4952,#3033);
#2800=LINE('',#4956,#3034);
#2801=LINE('',#4958,#3035);
#2802=LINE('',#4962,#3036);
#2803=LINE('',#4964,#3037);
#2804=LINE('',#4968,#3038);
#2805=LINE('',#4970,#3039);
#2806=LINE('',#5506,#3040);
#2807=LINE('',#5509,#3041);
#2808=LINE('',#5513,#3042);
#2809=LINE('',#5514,#3043);
#2810=LINE('',#5515,#3044);
#2811=LINE('',#5517,#3045);
#2812=LINE('',#5521,#3046);
#2813=LINE('',#5523,#3047);
#2814=LINE('',#5525,#3048);
#2815=LINE('',#5529,#3049);
#2816=LINE('',#5531,#3050);
#2817=LINE('',#5534,#3051);
#2818=LINE('',#5538,#3052);
#2819=LINE('',#5539,#3053);
#2820=LINE('',#5540,#3054);
#2821=LINE('',#5542,#3055);
#2822=LINE('',#5545,#3056);
#2823=LINE('',#5549,#3057);
#2824=LINE('',#5550,#3058);
#2825=LINE('',#5551,#3059);
#2826=LINE('',#5553,#3060);
#2827=LINE('',#5556,#3061);
#2828=LINE('',#5560,#3062);
#2829=LINE('',#5564,#3063);
#2830=LINE('',#5565,#3064);
#2831=LINE('',#5567,#3065);
#2832=LINE('',#5570,#3066);
#2833=LINE('',#5574,#3067);
#2834=LINE('',#5575,#3068);
#2835=LINE('',#5576,#3069);
#2836=LINE('',#5950,#3070);
#2837=LINE('',#5954,#3071);
#2838=LINE('',#5956,#3072);
#2839=LINE('',#5960,#3073);
#2840=LINE('',#5962,#3074);
#2841=LINE('',#5966,#3075);
#2842=LINE('',#5968,#3076);
#2843=LINE('',#5972,#3077);
#2844=LINE('',#5974,#3078);
#2845=LINE('',#5978,#3079);
#2846=LINE('',#5980,#3080);
#2847=LINE('',#5984,#3081);
#2848=LINE('',#5986,#3082);
#2849=LINE('',#5990,#3083);
#2850=LINE('',#5992,#3084);
#2851=LINE('',#5996,#3085);
#2852=LINE('',#5998,#3086);
#2853=LINE('',#6002,#3087);
#2854=LINE('',#6004,#3088);
#2855=LINE('',#6008,#3089);
#2856=LINE('',#6010,#3090);
#2857=LINE('',#6014,#3091);
#2858=LINE('',#6016,#3092);
#2859=LINE('',#6020,#3093);
#2860=LINE('',#6022,#3094);
#2861=LINE('',#6026,#3095);
#2862=LINE('',#6028,#3096);
#2863=LINE('',#6032,#3097);
#2864=LINE('',#6034,#3098);
#2865=LINE('',#6038,#3099);
#2866=LINE('',#6040,#3100);
#2867=LINE('',#6044,#3101);
#2868=LINE('',#6046,#3102);
#2869=LINE('',#6050,#3103);
#2870=LINE('',#6052,#3104);
#2871=LINE('',#6056,#3105);
#2872=LINE('',#6330,#3106);
#2873=LINE('',#6334,#3107);
#2874=LINE('',#6336,#3108);
#2875=LINE('',#6340,#3109);
#2876=LINE('',#6405,#3110);
#2877=LINE('',#6409,#3111);
#2878=LINE('',#6411,#3112);
#2879=LINE('',#6415,#3113);
#2880=LINE('',#6417,#3114);
#2881=LINE('',#6421,#3115);
#2882=LINE('',#6498,#3116);
#2883=LINE('',#6499,#3117);
#2884=LINE('',#6501,#3118);
#2885=LINE('',#6503,#3119);
#2886=LINE('',#6505,#3120);
#2887=LINE('',#6507,#3121);
#2888=LINE('',#6509,#3122);
#2889=LINE('',#6512,#3123);
#2890=LINE('',#6514,#3124);
#2891=LINE('',#6515,#3125);
#2892=LINE('',#6517,#3126);
#2893=LINE('',#6520,#3127);
#2894=LINE('',#6522,#3128);
#2895=LINE('',#6523,#3129);
#2896=LINE('',#6525,#3130);
#2897=LINE('',#6527,#3131);
#2898=LINE('',#6529,#3132);
#2899=LINE('',#6531,#3133);
#2900=LINE('',#6533,#3134);
#2901=LINE('',#6537,#3135);
#2902=LINE('',#6539,#3136);
#2903=LINE('',#6541,#3137);
#2904=LINE('',#6543,#3138);
#2905=LINE('',#6545,#3139);
#2906=LINE('',#6547,#3140);
#2907=LINE('',#6549,#3141);
#2908=LINE('',#6551,#3142);
#2909=LINE('',#6553,#3143);
#2910=LINE('',#6557,#3144);
#2911=LINE('',#6559,#3145);
#2912=LINE('',#6561,#3146);
#2913=LINE('',#6563,#3147);
#2914=LINE('',#6565,#3148);
#2915=LINE('',#6567,#3149);
#2916=LINE('',#6571,#3150);
#2917=LINE('',#6573,#3151);
#2918=LINE('',#6575,#3152);
#2919=LINE('',#6577,#3153);
#2920=LINE('',#6579,#3154);
#2921=LINE('',#6581,#3155);
#2922=LINE('',#6588,#3156);
#2923=LINE('',#6589,#3157);
#2924=LINE('',#6591,#3158);
#2925=LINE('',#6593,#3159);
#2926=LINE('',#6595,#3160);
#2927=LINE('',#6597,#3161);
#2928=LINE('',#6599,#3162);
#2929=LINE('',#6602,#3163);
#2930=LINE('',#6604,#3164);
#2931=LINE('',#6605,#3165);
#2932=LINE('',#6607,#3166);
#2933=LINE('',#6610,#3167);
#2934=LINE('',#6612,#3168);
#2935=LINE('',#6613,#3169);
#2936=LINE('',#6615,#3170);
#2937=LINE('',#6617,#3171);
#2938=LINE('',#6619,#3172);
#2939=LINE('',#6622,#3173);
#2940=LINE('',#6624,#3174);
#2941=LINE('',#6625,#3175);
#2942=LINE('',#6627,#3176);
#2943=LINE('',#6630,#3177);
#2944=LINE('',#6632,#3178);
#2945=LINE('',#6633,#3179);
#2946=LINE('',#6635,#3180);
#2947=LINE('',#6637,#3181);
#2948=LINE('',#6639,#3182);
#2949=LINE('',#6642,#3183);
#2950=LINE('',#6644,#3184);
#2951=LINE('',#6645,#3185);
#2952=LINE('',#6647,#3186);
#2953=LINE('',#6650,#3187);
#2954=LINE('',#6652,#3188);
#2955=LINE('',#6653,#3189);
#2956=LINE('',#6655,#3190);
#2957=LINE('',#6657,#3191);
#2958=LINE('',#6659,#3192);
#2959=LINE('',#6662,#3193);
#2960=LINE('',#6664,#3194);
#2961=LINE('',#6665,#3195);
#2962=LINE('',#6667,#3196);
#2963=LINE('',#6670,#3197);
#2964=LINE('',#6672,#3198);
#2965=LINE('',#6673,#3199);
#2966=LINE('',#6675,#3200);
#2967=LINE('',#6677,#3201);
#2968=LINE('',#6679,#3202);
#2969=LINE('',#6682,#3203);
#2970=LINE('',#6684,#3204);
#2971=LINE('',#6685,#3205);
#2972=LINE('',#6687,#3206);
#2973=LINE('',#6690,#3207);
#2974=LINE('',#6692,#3208);
#2975=LINE('',#6693,#3209);
#2976=LINE('',#6695,#3210);
#2977=LINE('',#6697,#3211);
#2978=VECTOR('',#3513,1.);
#2979=VECTOR('',#3516,1.);
#2980=VECTOR('',#3521,1.);
#2981=VECTOR('',#3524,1.);
#2982=VECTOR('',#3529,1.);
#2983=VECTOR('',#3532,1.);
#2984=VECTOR('',#3537,1.);
#2985=VECTOR('',#3540,1.);
#2986=VECTOR('',#3545,1.);
#2987=VECTOR('',#3548,1.);
#2988=VECTOR('',#3553,1.);
#2989=VECTOR('',#3556,1.);
#2990=VECTOR('',#3561,1.);
#2991=VECTOR('',#3564,1.);
#2992=VECTOR('',#3569,1.);
#2993=VECTOR('',#3572,1.);
#2994=VECTOR('',#3577,1.);
#2995=VECTOR('',#3580,1.);
#2996=VECTOR('',#3585,1.);
#2997=VECTOR('',#3588,1.);
#2998=VECTOR('',#3593,1.);
#2999=VECTOR('',#3594,1.);
#3000=VECTOR('',#3595,1.);
#3001=VECTOR('',#3596,1.);
#3002=VECTOR('',#3599,1.);
#3003=VECTOR('',#3604,1.);
#3004=VECTOR('',#3605,1.);
#3005=VECTOR('',#3606,1.);
#3006=VECTOR('',#3607,1.);
#3007=VECTOR('',#3608,1.);
#3008=VECTOR('',#3609,1.);
#3009=VECTOR('',#3610,1.);
#3010=VECTOR('',#3663,1.);
#3011=VECTOR('',#3664,1.);
#3012=VECTOR('',#3669,1.);
#3013=VECTOR('',#3670,1.);
#3014=VECTOR('',#3675,1.);
#3015=VECTOR('',#3676,1.);
#3016=VECTOR('',#3681,1.);
#3017=VECTOR('',#3682,1.);
#3018=VECTOR('',#3687,1.);
#3019=VECTOR('',#3688,1.);
#3020=VECTOR('',#3693,1.);
#3021=VECTOR('',#3694,1.);
#3022=VECTOR('',#3699,1.);
#3023=VECTOR('',#3700,1.);
#3024=VECTOR('',#3705,1.);
#3025=VECTOR('',#3706,1.);
#3026=VECTOR('',#3711,1.);
#3027=VECTOR('',#3712,1.);
#3028=VECTOR('',#3717,1.);
#3029=VECTOR('',#3718,1.);
#3030=VECTOR('',#3723,1.);
#3031=VECTOR('',#3724,1.);
#3032=VECTOR('',#3729,1.);
#3033=VECTOR('',#3730,1.);
#3034=VECTOR('',#3735,1.);
#3035=VECTOR('',#3736,1.);
#3036=VECTOR('',#3741,1.);
#3037=VECTOR('',#3742,1.);
#3038=VECTOR('',#3747,1.);
#3039=VECTOR('',#3748,1.);
#3040=VECTOR('',#3825,1.);
#3041=VECTOR('',#3826,1.);
#3042=VECTOR('',#3829,1.);
#3043=VECTOR('',#3830,1.);
#3044=VECTOR('',#3831,1.);
#3045=VECTOR('',#3834,1.);
#3046=VECTOR('',#3837,1.);
#3047=VECTOR('',#3838,1.);
#3048=VECTOR('',#3839,1.);
#3049=VECTOR('',#3842,1.);
#3050=VECTOR('',#3845,1.);
#3051=VECTOR('',#3846,1.);
#3052=VECTOR('',#3849,1.);
#3053=VECTOR('',#3850,1.);
#3054=VECTOR('',#3851,1.);
#3055=VECTOR('',#3854,1.);
#3056=VECTOR('',#3855,1.);
#3057=VECTOR('',#3858,1.);
#3058=VECTOR('',#3859,1.);
#3059=VECTOR('',#3860,1.);
#3060=VECTOR('',#3863,1.);
#3061=VECTOR('',#3864,1.);
#3062=VECTOR('',#3867,1.);
#3063=VECTOR('',#3870,1.);
#3064=VECTOR('',#3871,1.);
#3065=VECTOR('',#3874,1.);
#3066=VECTOR('',#3875,1.);
#3067=VECTOR('',#3878,1.);
#3068=VECTOR('',#3879,1.);
#3069=VECTOR('',#3880,1.);
#3070=VECTOR('',#3931,1.);
#3071=VECTOR('',#3934,1.);
#3072=VECTOR('',#3937,1.);
#3073=VECTOR('',#3940,1.);
#3074=VECTOR('',#3943,1.);
#3075=VECTOR('',#3946,1.);
#3076=VECTOR('',#3949,1.);
#3077=VECTOR('',#3952,1.);
#3078=VECTOR('',#3955,1.);
#3079=VECTOR('',#3958,1.);
#3080=VECTOR('',#3961,1.);
#3081=VECTOR('',#3964,1.);
#3082=VECTOR('',#3967,1.);
#3083=VECTOR('',#3970,1.);
#3084=VECTOR('',#3973,1.);
#3085=VECTOR('',#3976,1.);
#3086=VECTOR('',#3979,1.);
#3087=VECTOR('',#3982,1.);
#3088=VECTOR('',#3985,1.);
#3089=VECTOR('',#3988,1.);
#3090=VECTOR('',#3991,1.);
#3091=VECTOR('',#3994,1.);
#3092=VECTOR('',#3997,1.);
#3093=VECTOR('',#4000,1.);
#3094=VECTOR('',#4003,1.);
#3095=VECTOR('',#4006,1.);
#3096=VECTOR('',#4009,1.);
#3097=VECTOR('',#4012,1.);
#3098=VECTOR('',#4015,1.);
#3099=VECTOR('',#4018,1.);
#3100=VECTOR('',#4021,1.);
#3101=VECTOR('',#4024,1.);
#3102=VECTOR('',#4027,1.);
#3103=VECTOR('',#4030,1.);
#3104=VECTOR('',#4033,1.);
#3105=VECTOR('',#4036,1.);
#3106=VECTOR('',#4061,1.);
#3107=VECTOR('',#4064,1.);
#3108=VECTOR('',#4067,1.);
#3109=VECTOR('',#4070,1.);
#3110=VECTOR('',#4081,1.);
#3111=VECTOR('',#4084,1.);
#3112=VECTOR('',#4087,1.);
#3113=VECTOR('',#4090,1.);
#3114=VECTOR('',#4093,1.);
#3115=VECTOR('',#4096,1.);
#3116=VECTOR('',#4105,1.);
#3117=VECTOR('',#4106,1.);
#3118=VECTOR('',#4109,1.);
#3119=VECTOR('',#4110,1.);
#3120=VECTOR('',#4113,1.);
#3121=VECTOR('',#4114,1.);
#3122=VECTOR('',#4117,1.);
#3123=VECTOR('',#4118,1.);
#3124=VECTOR('',#4119,1.);
#3125=VECTOR('',#4120,1.);
#3126=VECTOR('',#4123,1.);
#3127=VECTOR('',#4124,1.);
#3128=VECTOR('',#4125,1.);
#3129=VECTOR('',#4126,1.);
#3130=VECTOR('',#4129,1.);
#3131=VECTOR('',#4132,1.);
#3132=VECTOR('',#4135,1.);
#3133=VECTOR('',#4136,1.);
#3134=VECTOR('',#4137,1.);
#3135=VECTOR('',#4142,1.);
#3136=VECTOR('',#4145,1.);
#3137=VECTOR('',#4146,1.);
#3138=VECTOR('',#4149,1.);
#3139=VECTOR('',#4150,1.);
#3140=VECTOR('',#4151,1.);
#3141=VECTOR('',#4154,1.);
#3142=VECTOR('',#4155,1.);
#3143=VECTOR('',#4156,1.);
#3144=VECTOR('',#4163,1.);
#3145=VECTOR('',#4164,1.);
#3146=VECTOR('',#4165,1.);
#3147=VECTOR('',#4168,1.);
#3148=VECTOR('',#4169,1.);
#3149=VECTOR('',#4170,1.);
#3150=VECTOR('',#4177,1.);
#3151=VECTOR('',#4178,1.);
#3152=VECTOR('',#4179,1.);
#3153=VECTOR('',#4182,1.);
#3154=VECTOR('',#4183,1.);
#3155=VECTOR('',#4184,1.);
#3156=VECTOR('',#4193,1.);
#3157=VECTOR('',#4194,1.);
#3158=VECTOR('',#4197,1.);
#3159=VECTOR('',#4198,1.);
#3160=VECTOR('',#4201,1.);
#3161=VECTOR('',#4202,1.);
#3162=VECTOR('',#4205,1.);
#3163=VECTOR('',#4206,1.);
#3164=VECTOR('',#4207,1.);
#3165=VECTOR('',#4208,1.);
#3166=VECTOR('',#4211,1.);
#3167=VECTOR('',#4212,1.);
#3168=VECTOR('',#4213,1.);
#3169=VECTOR('',#4214,1.);
#3170=VECTOR('',#4217,1.);
#3171=VECTOR('',#4220,1.);
#3172=VECTOR('',#4223,1.);
#3173=VECTOR('',#4224,1.);
#3174=VECTOR('',#4225,1.);
#3175=VECTOR('',#4226,1.);
#3176=VECTOR('',#4229,1.);
#3177=VECTOR('',#4230,1.);
#3178=VECTOR('',#4231,1.);
#3179=VECTOR('',#4232,1.);
#3180=VECTOR('',#4235,1.);
#3181=VECTOR('',#4238,1.);
#3182=VECTOR('',#4241,1.);
#3183=VECTOR('',#4242,1.);
#3184=VECTOR('',#4243,1.);
#3185=VECTOR('',#4244,1.);
#3186=VECTOR('',#4247,1.);
#3187=VECTOR('',#4248,1.);
#3188=VECTOR('',#4249,1.);
#3189=VECTOR('',#4250,1.);
#3190=VECTOR('',#4253,1.);
#3191=VECTOR('',#4256,1.);
#3192=VECTOR('',#4259,1.);
#3193=VECTOR('',#4260,1.);
#3194=VECTOR('',#4261,1.);
#3195=VECTOR('',#4262,1.);
#3196=VECTOR('',#4265,1.);
#3197=VECTOR('',#4266,1.);
#3198=VECTOR('',#4267,1.);
#3199=VECTOR('',#4268,1.);
#3200=VECTOR('',#4271,1.);
#3201=VECTOR('',#4274,1.);
#3202=VECTOR('',#4277,1.);
#3203=VECTOR('',#4278,1.);
#3204=VECTOR('',#4279,1.);
#3205=VECTOR('',#4280,1.);
#3206=VECTOR('',#4283,1.);
#3207=VECTOR('',#4284,1.);
#3208=VECTOR('',#4285,1.);
#3209=VECTOR('',#4286,1.);
#3210=VECTOR('',#4289,1.);
#3211=VECTOR('',#4292,1.);
#3212=AXIS2_PLACEMENT_3D('',#4343,#3511,#3512);
#3213=AXIS2_PLACEMENT_3D('',#4347,#3514,#3515);
#3214=AXIS2_PLACEMENT_3D('',#4351,#3517,#3518);
#3215=AXIS2_PLACEMENT_3D('',#4352,#3519,#3520);
#3216=AXIS2_PLACEMENT_3D('',#4356,#3522,#3523);
#3217=AXIS2_PLACEMENT_3D('',#4360,#3525,#3526);
#3218=AXIS2_PLACEMENT_3D('',#4361,#3527,#3528);
#3219=AXIS2_PLACEMENT_3D('',#4365,#3530,#3531);
#3220=AXIS2_PLACEMENT_3D('',#4369,#3533,#3534);
#3221=AXIS2_PLACEMENT_3D('',#4370,#3535,#3536);
#3222=AXIS2_PLACEMENT_3D('',#4374,#3538,#3539);
#3223=AXIS2_PLACEMENT_3D('',#4378,#3541,#3542);
#3224=AXIS2_PLACEMENT_3D('',#4379,#3543,#3544);
#3225=AXIS2_PLACEMENT_3D('',#4383,#3546,#3547);
#3226=AXIS2_PLACEMENT_3D('',#4387,#3549,#3550);
#3227=AXIS2_PLACEMENT_3D('',#4388,#3551,#3552);
#3228=AXIS2_PLACEMENT_3D('',#4392,#3554,#3555);
#3229=AXIS2_PLACEMENT_3D('',#4396,#3557,#3558);
#3230=AXIS2_PLACEMENT_3D('',#4397,#3559,#3560);
#3231=AXIS2_PLACEMENT_3D('',#4401,#3562,#3563);
#3232=AXIS2_PLACEMENT_3D('',#4405,#3565,#3566);
#3233=AXIS2_PLACEMENT_3D('',#4406,#3567,#3568);
#3234=AXIS2_PLACEMENT_3D('',#4410,#3570,#3571);
#3235=AXIS2_PLACEMENT_3D('',#4414,#3573,#3574);
#3236=AXIS2_PLACEMENT_3D('',#4415,#3575,#3576);
#3237=AXIS2_PLACEMENT_3D('',#4419,#3578,#3579);
#3238=AXIS2_PLACEMENT_3D('',#4423,#3581,#3582);
#3239=AXIS2_PLACEMENT_3D('',#4424,#3583,#3584);
#3240=AXIS2_PLACEMENT_3D('',#4428,#3586,#3587);
#3241=AXIS2_PLACEMENT_3D('',#4432,#3589,#3590);
#3242=AXIS2_PLACEMENT_3D('',#4433,#3591,#3592);
#3243=AXIS2_PLACEMENT_3D('',#4442,#3597,#3598);
#3244=AXIS2_PLACEMENT_3D('',#4503,#3600,#3601);
#3245=AXIS2_PLACEMENT_3D('',#4504,#3602,#3603);
#3246=AXIS2_PLACEMENT_3D('',#4553,#3611,#3612);
#3247=AXIS2_PLACEMENT_3D('',#4560,#3613,#3614);
#3248=AXIS2_PLACEMENT_3D('',#4570,#3615,#3616);
#3249=AXIS2_PLACEMENT_3D('',#4571,#3617,#3618);
#3250=AXIS2_PLACEMENT_3D('',#4581,#3619,#3620);
#3251=AXIS2_PLACEMENT_3D('',#4588,#3621,#3622);
#3252=AXIS2_PLACEMENT_3D('',#4589,#3623,#3624);
#3253=AXIS2_PLACEMENT_3D('',#4596,#3625,#3626);
#3254=AXIS2_PLACEMENT_3D('',#4603,#3627,#3628);
#3255=AXIS2_PLACEMENT_3D('',#4604,#3629,#3630);
#3256=AXIS2_PLACEMENT_3D('',#4611,#3631,#3632);
#3257=AXIS2_PLACEMENT_3D('',#4618,#3633,#3634);
#3258=AXIS2_PLACEMENT_3D('',#4619,#3635,#3636);
#3259=AXIS2_PLACEMENT_3D('',#4629,#3637,#3638);
#3260=AXIS2_PLACEMENT_3D('',#4636,#3639,#3640);
#3261=AXIS2_PLACEMENT_3D('',#4637,#3641,#3642);
#3262=AXIS2_PLACEMENT_3D('',#4684,#3643,#3644);
#3263=AXIS2_PLACEMENT_3D('',#4685,#3645,#3646);
#3264=AXIS2_PLACEMENT_3D('',#4735,#3647,#3648);
#3265=AXIS2_PLACEMENT_3D('',#4736,#3649,#3650);
#3266=AXIS2_PLACEMENT_3D('',#4783,#3651,#3652);
#3267=AXIS2_PLACEMENT_3D('',#4784,#3653,#3654);
#3268=AXIS2_PLACEMENT_3D('',#4834,#3655,#3656);
#3269=AXIS2_PLACEMENT_3D('',#4835,#3657,#3658);
#3270=AXIS2_PLACEMENT_3D('',#4882,#3659,#3660);
#3271=AXIS2_PLACEMENT_3D('',#4883,#3661,#3662);
#3272=AXIS2_PLACEMENT_3D('',#4888,#3665,#3666);
#3273=AXIS2_PLACEMENT_3D('',#4889,#3667,#3668);
#3274=AXIS2_PLACEMENT_3D('',#4894,#3671,#3672);
#3275=AXIS2_PLACEMENT_3D('',#4895,#3673,#3674);
#3276=AXIS2_PLACEMENT_3D('',#4900,#3677,#3678);
#3277=AXIS2_PLACEMENT_3D('',#4901,#3679,#3680);
#3278=AXIS2_PLACEMENT_3D('',#4906,#3683,#3684);
#3279=AXIS2_PLACEMENT_3D('',#4907,#3685,#3686);
#3280=AXIS2_PLACEMENT_3D('',#4912,#3689,#3690);
#3281=AXIS2_PLACEMENT_3D('',#4913,#3691,#3692);
#3282=AXIS2_PLACEMENT_3D('',#4918,#3695,#3696);
#3283=AXIS2_PLACEMENT_3D('',#4919,#3697,#3698);
#3284=AXIS2_PLACEMENT_3D('',#4924,#3701,#3702);
#3285=AXIS2_PLACEMENT_3D('',#4925,#3703,#3704);
#3286=AXIS2_PLACEMENT_3D('',#4930,#3707,#3708);
#3287=AXIS2_PLACEMENT_3D('',#4931,#3709,#3710);
#3288=AXIS2_PLACEMENT_3D('',#4936,#3713,#3714);
#3289=AXIS2_PLACEMENT_3D('',#4937,#3715,#3716);
#3290=AXIS2_PLACEMENT_3D('',#4942,#3719,#3720);
#3291=AXIS2_PLACEMENT_3D('',#4943,#3721,#3722);
#3292=AXIS2_PLACEMENT_3D('',#4948,#3725,#3726);
#3293=AXIS2_PLACEMENT_3D('',#4949,#3727,#3728);
#3294=AXIS2_PLACEMENT_3D('',#4954,#3731,#3732);
#3295=AXIS2_PLACEMENT_3D('',#4955,#3733,#3734);
#3296=AXIS2_PLACEMENT_3D('',#4960,#3737,#3738);
#3297=AXIS2_PLACEMENT_3D('',#4961,#3739,#3740);
#3298=AXIS2_PLACEMENT_3D('',#4966,#3743,#3744);
#3299=AXIS2_PLACEMENT_3D('',#4967,#3745,#3746);
#3300=AXIS2_PLACEMENT_3D('',#4972,#3749,#3750);
#3301=AXIS2_PLACEMENT_3D('',#4973,#3751,#3752);
#3302=AXIS2_PLACEMENT_3D('',#5014,#3753,#3754);
#3303=AXIS2_PLACEMENT_3D('',#5015,#3755,#3756);
#3304=AXIS2_PLACEMENT_3D('',#5059,#3757,#3758);
#3305=AXIS2_PLACEMENT_3D('',#5060,#3759,#3760);
#3306=AXIS2_PLACEMENT_3D('',#5101,#3761,#3762);
#3307=AXIS2_PLACEMENT_3D('',#5102,#3763,#3764);
#3308=AXIS2_PLACEMENT_3D('',#5143,#3765,#3766);
#3309=AXIS2_PLACEMENT_3D('',#5144,#3767,#3768);
#3310=AXIS2_PLACEMENT_3D('',#5185,#3769,#3770);
#3311=AXIS2_PLACEMENT_3D('',#5186,#3771,#3772);
#3312=AXIS2_PLACEMENT_3D('',#5200,#3773,#3774);
#3313=AXIS2_PLACEMENT_3D('',#5210,#3775,#3776);
#3314=AXIS2_PLACEMENT_3D('',#5217,#3777,#3778);
#3315=AXIS2_PLACEMENT_3D('',#5218,#3779,#3780);
#3316=AXIS2_PLACEMENT_3D('',#5219,#3781,#3782);
#3317=AXIS2_PLACEMENT_3D('',#5227,#3783,#3784);
#3318=AXIS2_PLACEMENT_3D('',#5241,#3785,#3786);
#3319=AXIS2_PLACEMENT_3D('',#5247,#3787,#3788);
#3320=AXIS2_PLACEMENT_3D('',#5248,#3789,#3790);
#3321=AXIS2_PLACEMENT_3D('',#5259,#3791,#3792);
#3322=AXIS2_PLACEMENT_3D('',#5270,#3793,#3794);
#3323=AXIS2_PLACEMENT_3D('',#5276,#3795,#3796);
#3324=AXIS2_PLACEMENT_3D('',#5277,#3797,#3798);
#3325=AXIS2_PLACEMENT_3D('',#5285,#3799,#3800);
#3326=AXIS2_PLACEMENT_3D('',#5299,#3801,#3802);
#3327=AXIS2_PLACEMENT_3D('',#5308,#3803,#3804);
#3328=AXIS2_PLACEMENT_3D('',#5309,#3805,#3806);
#3329=AXIS2_PLACEMENT_3D('',#5317,#3807,#3808);
#3330=AXIS2_PLACEMENT_3D('',#5331,#3809,#3810);
#3331=AXIS2_PLACEMENT_3D('',#5337,#3811,#3812);
#3332=AXIS2_PLACEMENT_3D('',#5370,#3813,#3814);
#3333=AXIS2_PLACEMENT_3D('',#5403,#3815,#3816);
#3334=AXIS2_PLACEMENT_3D('',#5436,#3817,#3818);
#3335=AXIS2_PLACEMENT_3D('',#5454,#3819,#3820);
#3336=AXIS2_PLACEMENT_3D('',#5472,#3821,#3822);
#3337=AXIS2_PLACEMENT_3D('',#5505,#3823,#3824);
#3338=AXIS2_PLACEMENT_3D('',#5511,#3827,#3828);
#3339=AXIS2_PLACEMENT_3D('',#5516,#3832,#3833);
#3340=AXIS2_PLACEMENT_3D('',#5519,#3835,#3836);
#3341=AXIS2_PLACEMENT_3D('',#5527,#3840,#3841);
#3342=AXIS2_PLACEMENT_3D('',#5530,#3843,#3844);
#3343=AXIS2_PLACEMENT_3D('',#5536,#3847,#3848);
#3344=AXIS2_PLACEMENT_3D('',#5541,#3852,#3853);
#3345=AXIS2_PLACEMENT_3D('',#5547,#3856,#3857);
#3346=AXIS2_PLACEMENT_3D('',#5552,#3861,#3862);
#3347=AXIS2_PLACEMENT_3D('',#5558,#3865,#3866);
#3348=AXIS2_PLACEMENT_3D('',#5562,#3868,#3869);
#3349=AXIS2_PLACEMENT_3D('',#5566,#3872,#3873);
#3350=AXIS2_PLACEMENT_3D('',#5572,#3876,#3877);
#3351=AXIS2_PLACEMENT_3D('',#5577,#3881,#3882);
#3352=AXIS2_PLACEMENT_3D('',#5583,#3883,#3884);
#3353=AXIS2_PLACEMENT_3D('',#5589,#3885,#3886);
#3354=AXIS2_PLACEMENT_3D('',#5595,#3887,#3888);
#3355=AXIS2_PLACEMENT_3D('',#5601,#3889,#3890);
#3356=AXIS2_PLACEMENT_3D('',#5610,#3891,#3892);
#3357=AXIS2_PLACEMENT_3D('',#5616,#3893,#3894);
#3358=AXIS2_PLACEMENT_3D('',#5622,#3895,#3896);
#3359=AXIS2_PLACEMENT_3D('',#5628,#3897,#3898);
#3360=AXIS2_PLACEMENT_3D('',#5634,#3899,#3900);
#3361=AXIS2_PLACEMENT_3D('',#5640,#3901,#3902);
#3362=AXIS2_PLACEMENT_3D('',#5649,#3903,#3904);
#3363=AXIS2_PLACEMENT_3D('',#5655,#3905,#3906);
#3364=AXIS2_PLACEMENT_3D('',#5679,#3907,#3908);
#3365=AXIS2_PLACEMENT_3D('',#5703,#3909,#3910);
#3366=AXIS2_PLACEMENT_3D('',#5727,#3911,#3912);
#3367=AXIS2_PLACEMENT_3D('',#5751,#3913,#3914);
#3368=AXIS2_PLACEMENT_3D('',#5778,#3915,#3916);
#3369=AXIS2_PLACEMENT_3D('',#5802,#3917,#3918);
#3370=AXIS2_PLACEMENT_3D('',#5826,#3919,#3920);
#3371=AXIS2_PLACEMENT_3D('',#5853,#3921,#3922);
#3372=AXIS2_PLACEMENT_3D('',#5877,#3923,#3924);
#3373=AXIS2_PLACEMENT_3D('',#5901,#3925,#3926);
#3374=AXIS2_PLACEMENT_3D('',#5925,#3927,#3928);
#3375=AXIS2_PLACEMENT_3D('',#5949,#3929,#3930);
#3376=AXIS2_PLACEMENT_3D('',#5952,#3932,#3933);
#3377=AXIS2_PLACEMENT_3D('',#5955,#3935,#3936);
#3378=AXIS2_PLACEMENT_3D('',#5958,#3938,#3939);
#3379=AXIS2_PLACEMENT_3D('',#5961,#3941,#3942);
#3380=AXIS2_PLACEMENT_3D('',#5964,#3944,#3945);
#3381=AXIS2_PLACEMENT_3D('',#5967,#3947,#3948);
#3382=AXIS2_PLACEMENT_3D('',#5970,#3950,#3951);
#3383=AXIS2_PLACEMENT_3D('',#5973,#3953,#3954);
#3384=AXIS2_PLACEMENT_3D('',#5976,#3956,#3957);
#3385=AXIS2_PLACEMENT_3D('',#5979,#3959,#3960);
#3386=AXIS2_PLACEMENT_3D('',#5982,#3962,#3963);
#3387=AXIS2_PLACEMENT_3D('',#5985,#3965,#3966);
#3388=AXIS2_PLACEMENT_3D('',#5988,#3968,#3969);
#3389=AXIS2_PLACEMENT_3D('',#5991,#3971,#3972);
#3390=AXIS2_PLACEMENT_3D('',#5994,#3974,#3975);
#3391=AXIS2_PLACEMENT_3D('',#5997,#3977,#3978);
#3392=AXIS2_PLACEMENT_3D('',#6000,#3980,#3981);
#3393=AXIS2_PLACEMENT_3D('',#6003,#3983,#3984);
#3394=AXIS2_PLACEMENT_3D('',#6006,#3986,#3987);
#3395=AXIS2_PLACEMENT_3D('',#6009,#3989,#3990);
#3396=AXIS2_PLACEMENT_3D('',#6012,#3992,#3993);
#3397=AXIS2_PLACEMENT_3D('',#6015,#3995,#3996);
#3398=AXIS2_PLACEMENT_3D('',#6018,#3998,#3999);
#3399=AXIS2_PLACEMENT_3D('',#6021,#4001,#4002);
#3400=AXIS2_PLACEMENT_3D('',#6024,#4004,#4005);
#3401=AXIS2_PLACEMENT_3D('',#6027,#4007,#4008);
#3402=AXIS2_PLACEMENT_3D('',#6030,#4010,#4011);
#3403=AXIS2_PLACEMENT_3D('',#6033,#4013,#4014);
#3404=AXIS2_PLACEMENT_3D('',#6036,#4016,#4017);
#3405=AXIS2_PLACEMENT_3D('',#6039,#4019,#4020);
#3406=AXIS2_PLACEMENT_3D('',#6042,#4022,#4023);
#3407=AXIS2_PLACEMENT_3D('',#6045,#4025,#4026);
#3408=AXIS2_PLACEMENT_3D('',#6048,#4028,#4029);
#3409=AXIS2_PLACEMENT_3D('',#6051,#4031,#4032);
#3410=AXIS2_PLACEMENT_3D('',#6054,#4034,#4035);
#3411=AXIS2_PLACEMENT_3D('',#6057,#4037,#4038);
#3412=AXIS2_PLACEMENT_3D('',#6096,#4039,#4040);
#3413=AXIS2_PLACEMENT_3D('',#6117,#4041,#4042);
#3414=AXIS2_PLACEMENT_3D('',#6138,#4043,#4044);
#3415=AXIS2_PLACEMENT_3D('',#6180,#4045,#4046);
#3416=AXIS2_PLACEMENT_3D('',#6219,#4047,#4048);
#3417=AXIS2_PLACEMENT_3D('',#6258,#4049,#4050);
#3418=AXIS2_PLACEMENT_3D('',#6279,#4051,#4052);
#3419=AXIS2_PLACEMENT_3D('',#6300,#4053,#4054);
#3420=AXIS2_PLACEMENT_3D('',#6309,#4055,#4056);
#3421=AXIS2_PLACEMENT_3D('',#6323,#4057,#4058);
#3422=AXIS2_PLACEMENT_3D('',#6329,#4059,#4060);
#3423=AXIS2_PLACEMENT_3D('',#6332,#4062,#4063);
#3424=AXIS2_PLACEMENT_3D('',#6335,#4065,#4066);
#3425=AXIS2_PLACEMENT_3D('',#6338,#4068,#4069);
#3426=AXIS2_PLACEMENT_3D('',#6341,#4071,#4072);
#3427=AXIS2_PLACEMENT_3D('',#6347,#4073,#4074);
#3428=AXIS2_PLACEMENT_3D('',#6356,#4075,#4076);
#3429=AXIS2_PLACEMENT_3D('',#6380,#4077,#4078);
#3430=AXIS2_PLACEMENT_3D('',#6404,#4079,#4080);
#3431=AXIS2_PLACEMENT_3D('',#6407,#4082,#4083);
#3432=AXIS2_PLACEMENT_3D('',#6410,#4085,#4086);
#3433=AXIS2_PLACEMENT_3D('',#6413,#4088,#4089);
#3434=AXIS2_PLACEMENT_3D('',#6416,#4091,#4092);
#3435=AXIS2_PLACEMENT_3D('',#6419,#4094,#4095);
#3436=AXIS2_PLACEMENT_3D('',#6422,#4097,#4098);
#3437=AXIS2_PLACEMENT_3D('',#6461,#4099,#4100);
#3438=AXIS2_PLACEMENT_3D('',#6494,#4101,#4102);
#3439=AXIS2_PLACEMENT_3D('',#6495,#4103,#4104);
#3440=AXIS2_PLACEMENT_3D('',#6500,#4107,#4108);
#3441=AXIS2_PLACEMENT_3D('',#6504,#4111,#4112);
#3442=AXIS2_PLACEMENT_3D('',#6508,#4115,#4116);
#3443=AXIS2_PLACEMENT_3D('',#6516,#4121,#4122);
#3444=AXIS2_PLACEMENT_3D('',#6524,#4127,#4128);
#3445=AXIS2_PLACEMENT_3D('',#6526,#4130,#4131);
#3446=AXIS2_PLACEMENT_3D('',#6528,#4133,#4134);
#3447=AXIS2_PLACEMENT_3D('',#6534,#4138,#4139);
#3448=AXIS2_PLACEMENT_3D('',#6535,#4140,#4141);
#3449=AXIS2_PLACEMENT_3D('',#6538,#4143,#4144);
#3450=AXIS2_PLACEMENT_3D('',#6542,#4147,#4148);
#3451=AXIS2_PLACEMENT_3D('',#6548,#4152,#4153);
#3452=AXIS2_PLACEMENT_3D('',#6554,#4157,#4158);
#3453=AXIS2_PLACEMENT_3D('',#6555,#4159,#4160);
#3454=AXIS2_PLACEMENT_3D('',#6556,#4161,#4162);
#3455=AXIS2_PLACEMENT_3D('',#6562,#4166,#4167);
#3456=AXIS2_PLACEMENT_3D('',#6568,#4171,#4172);
#3457=AXIS2_PLACEMENT_3D('',#6569,#4173,#4174);
#3458=AXIS2_PLACEMENT_3D('',#6570,#4175,#4176);
#3459=AXIS2_PLACEMENT_3D('',#6576,#4180,#4181);
#3460=AXIS2_PLACEMENT_3D('',#6582,#4185,#4186);
#3461=AXIS2_PLACEMENT_3D('',#6583,#4187,#4188);
#3462=AXIS2_PLACEMENT_3D('',#6584,#4189,#4190);
#3463=AXIS2_PLACEMENT_3D('',#6585,#4191,#4192);
#3464=AXIS2_PLACEMENT_3D('',#6590,#4195,#4196);
#3465=AXIS2_PLACEMENT_3D('',#6594,#4199,#4200);
#3466=AXIS2_PLACEMENT_3D('',#6598,#4203,#4204);
#3467=AXIS2_PLACEMENT_3D('',#6606,#4209,#4210);
#3468=AXIS2_PLACEMENT_3D('',#6614,#4215,#4216);
#3469=AXIS2_PLACEMENT_3D('',#6616,#4218,#4219);
#3470=AXIS2_PLACEMENT_3D('',#6618,#4221,#4222);
#3471=AXIS2_PLACEMENT_3D('',#6626,#4227,#4228);
#3472=AXIS2_PLACEMENT_3D('',#6634,#4233,#4234);
#3473=AXIS2_PLACEMENT_3D('',#6636,#4236,#4237);
#3474=AXIS2_PLACEMENT_3D('',#6638,#4239,#4240);
#3475=AXIS2_PLACEMENT_3D('',#6646,#4245,#4246);
#3476=AXIS2_PLACEMENT_3D('',#6654,#4251,#4252);
#3477=AXIS2_PLACEMENT_3D('',#6656,#4254,#4255);
#3478=AXIS2_PLACEMENT_3D('',#6658,#4257,#4258);
#3479=AXIS2_PLACEMENT_3D('',#6666,#4263,#4264);
#3480=AXIS2_PLACEMENT_3D('',#6674,#4269,#4270);
#3481=AXIS2_PLACEMENT_3D('',#6676,#4272,#4273);
#3482=AXIS2_PLACEMENT_3D('',#6678,#4275,#4276);
#3483=AXIS2_PLACEMENT_3D('',#6686,#4281,#4282);
#3484=AXIS2_PLACEMENT_3D('',#6694,#4287,#4288);
#3485=AXIS2_PLACEMENT_3D('',#6696,#4290,#4291);
#3486=AXIS2_PLACEMENT_3D('',#6698,#4293,#4294);
#3487=AXIS2_PLACEMENT_3D('',#6699,#4295,#4296);
#3488=AXIS2_PLACEMENT_3D('',#6700,#4297,#4298);
#3489=AXIS2_PLACEMENT_3D('',#6701,#4299,#4300);
#3490=AXIS2_PLACEMENT_3D('',#6702,#4301,#4302);
#3491=AXIS2_PLACEMENT_3D('',#6703,#4303,#4304);
#3492=AXIS2_PLACEMENT_3D('',#6704,#4305,#4306);
#3493=AXIS2_PLACEMENT_3D('',#6705,#4307,#4308);
#3494=AXIS2_PLACEMENT_3D('',#6706,#4309,#4310);
#3495=AXIS2_PLACEMENT_3D('',#6707,#4311,#4312);
#3496=AXIS2_PLACEMENT_3D('',#6708,#4313,#4314);
#3497=AXIS2_PLACEMENT_3D('',#6709,#4315,#4316);
#3498=AXIS2_PLACEMENT_3D('',#6710,#4317,#4318);
#3499=AXIS2_PLACEMENT_3D('',#6711,#4319,#4320);
#3500=AXIS2_PLACEMENT_3D('',#6712,#4321,#4322);
#3501=AXIS2_PLACEMENT_3D('',#6713,#4323,#4324);
#3502=AXIS2_PLACEMENT_3D('',#6714,#4325,#4326);
#3503=AXIS2_PLACEMENT_3D('',#6715,#4327,#4328);
#3504=AXIS2_PLACEMENT_3D('',#6716,#4329,#4330);
#3505=AXIS2_PLACEMENT_3D('',#6717,#4331,#4332);
#3506=AXIS2_PLACEMENT_3D('',#6718,#4333,#4334);
#3507=AXIS2_PLACEMENT_3D('',#6719,#4335,#4336);
#3508=AXIS2_PLACEMENT_3D('',#6720,#4337,#4338);
#3509=AXIS2_PLACEMENT_3D('',#6721,#4339,#4340);
#3510=AXIS2_PLACEMENT_3D('',#6722,#4341,#4342);
#3511=DIRECTION('',(0.,0.,1.));
#3512=DIRECTION('',(1.,0.,0.));
#3513=DIRECTION('',(1.,0.,0.));
#3514=DIRECTION('',(-1.,0.,0.));
#3515=DIRECTION('',(0.,0.,-1.));
#3516=DIRECTION('',(1.,0.,0.));
#3517=DIRECTION('',(-1.,0.,0.));
#3518=DIRECTION('',(0.,0.,1.));
#3519=DIRECTION('',(1.,0.,0.));
#3520=DIRECTION('',(0.,0.,-1.));
#3521=DIRECTION('',(1.,0.,0.));
#3522=DIRECTION('',(-1.,0.,0.));
#3523=DIRECTION('',(0.,0.,-1.));
#3524=DIRECTION('',(1.,0.,0.));
#3525=DIRECTION('',(-1.,0.,0.));
#3526=DIRECTION('',(0.,0.,1.));
#3527=DIRECTION('',(1.,0.,0.));
#3528=DIRECTION('',(0.,0.,-1.));
#3529=DIRECTION('',(1.,0.,0.));
#3530=DIRECTION('',(-1.,0.,0.));
#3531=DIRECTION('',(0.,0.,-1.));
#3532=DIRECTION('',(1.,0.,0.));
#3533=DIRECTION('',(-1.,0.,0.));
#3534=DIRECTION('',(0.,0.,1.));
#3535=DIRECTION('',(1.,0.,0.));
#3536=DIRECTION('',(0.,0.,-1.));
#3537=DIRECTION('',(1.,0.,0.));
#3538=DIRECTION('',(-1.,0.,0.));
#3539=DIRECTION('',(0.,0.,-1.));
#3540=DIRECTION('',(-1.,0.,0.));
#3541=DIRECTION('',(-1.,0.,0.));
#3542=DIRECTION('',(0.,0.,1.));
#3543=DIRECTION('',(1.,0.,0.));
#3544=DIRECTION('',(0.,0.,-1.));
#3545=DIRECTION('',(1.,0.,0.));
#3546=DIRECTION('',(-1.,0.,0.));
#3547=DIRECTION('',(0.,0.,-1.));
#3548=DIRECTION('',(1.,0.,0.));
#3549=DIRECTION('',(-1.,0.,0.));
#3550=DIRECTION('',(0.,0.,1.));
#3551=DIRECTION('',(1.,0.,0.));
#3552=DIRECTION('',(0.,0.,-1.));
#3553=DIRECTION('',(-1.4079715561154E-15,-0.499999999999998,0.86602540378444));
#3554=DIRECTION('',(1.,0.,0.));
#3555=DIRECTION('',(0.,0.,-1.));
#3556=DIRECTION('',(-1.4079715561154E-15,-1.,4.10782519111308E-15));
#3557=DIRECTION('',(-1.,0.,0.));
#3558=DIRECTION('',(0.,0.,-1.));
#3559=DIRECTION('',(1.,0.,0.));
#3560=DIRECTION('',(0.,0.,-1.));
#3561=DIRECTION('',(-1.4079715561154E-15,-1.,4.10782519111308E-15));
#3562=DIRECTION('',(1.,0.,0.));
#3563=DIRECTION('',(0.,0.,-1.));
#3564=DIRECTION('',(-1.4079715561154E-15,-0.5,-0.866025403784439));
#3565=DIRECTION('',(-1.,0.,0.));
#3566=DIRECTION('',(0.,0.,-1.));
#3567=DIRECTION('',(1.,0.,0.));
#3568=DIRECTION('',(0.,0.,-1.));
#3569=DIRECTION('',(-1.4079715561154E-15,-0.5,-0.866025403784439));
#3570=DIRECTION('',(1.,0.,0.));
#3571=DIRECTION('',(0.,0.,-1.));
#3572=DIRECTION('',(-1.4079715561154E-15,0.5,-0.866025403784439));
#3573=DIRECTION('',(-1.,0.,0.));
#3574=DIRECTION('',(0.,0.,-1.));
#3575=DIRECTION('',(1.,0.,0.));
#3576=DIRECTION('',(0.,0.,-1.));
#3577=DIRECTION('',(-1.4079715561154E-15,0.5,-0.866025403784439));
#3578=DIRECTION('',(1.,0.,0.));
#3579=DIRECTION('',(0.,0.,-1.));
#3580=DIRECTION('',(-1.4079715561154E-15,1.,-1.33226762955019E-15));
#3581=DIRECTION('',(-1.,0.,0.));
#3582=DIRECTION('',(0.,0.,-1.));
#3583=DIRECTION('',(1.,0.,0.));
#3584=DIRECTION('',(0.,0.,-1.));
#3585=DIRECTION('',(-1.4079715561154E-15,1.,-1.33226762955019E-15));
#3586=DIRECTION('',(1.,0.,0.));
#3587=DIRECTION('',(0.,0.,-1.));
#3588=DIRECTION('',(-1.4079715561154E-15,0.500000000000002,0.866025403784437));
#3589=DIRECTION('',(-1.,0.,0.));
#3590=DIRECTION('',(0.,0.,-1.));
#3591=DIRECTION('',(1.,0.,0.));
#3592=DIRECTION('',(0.,0.,-1.));
#3593=DIRECTION('',(0.,0.519758730118302,0.854313093933255));
#3594=DIRECTION('',(0.,-0.854313093933253,0.519758730118305));
#3595=DIRECTION('',(0.,-0.519758730118312,-0.854313093933249));
#3596=DIRECTION('',(0.,0.854313093933255,-0.519758730118302));
#3597=DIRECTION('',(-1.,0.,0.));
#3598=DIRECTION('',(0.,0.,1.));
#3599=DIRECTION('',(0.,0.960629884523372,-0.277831288663846));
#3600=DIRECTION('',(-1.,0.,0.));
#3601=DIRECTION('',(0.,0.,1.));
#3602=DIRECTION('',(-1.,0.,0.));
#3603=DIRECTION('',(0.,0.,1.));
#3604=DIRECTION('',(0.,-0.776035945207532,-0.630688680527764));
#3605=DIRECTION('',(0.,0.66328996380551,-0.748362494994829));
#3606=DIRECTION('',(0.,-0.826647813484111,0.562719639307123));
#3607=DIRECTION('',(0.,0.768354157543942,0.640024912472116));
#3608=DIRECTION('',(0.,0.763648305824804,-0.645632453498821));
#3609=DIRECTION('',(0.,0.645632453498813,0.76364830582481));
#3610=DIRECTION('',(0.,-0.7636483058248,0.645632453498826));
#3611=DIRECTION('',(-1.,0.,0.));
#3612=DIRECTION('',(0.,0.,1.));
#3613=DIRECTION('',(-1.,0.,0.));
#3614=DIRECTION('',(0.,0.,1.));
#3615=DIRECTION('',(-1.,0.,0.));
#3616=DIRECTION('',(0.,0.,1.));
#3617=DIRECTION('',(-1.,0.,0.));
#3618=DIRECTION('',(-1.1399155092663E-17,0.,1.));
#3619=DIRECTION('',(-1.,0.,0.));
#3620=DIRECTION('',(0.,0.,1.));
#3621=DIRECTION('',(-1.,0.,0.));
#3622=DIRECTION('',(0.,0.,1.));
#3623=DIRECTION('',(-1.,0.,0.));
#3624=DIRECTION('',(-1.1399155092663E-17,0.,1.));
#3625=DIRECTION('',(-1.,0.,0.));
#3626=DIRECTION('',(0.,0.,1.));
#3627=DIRECTION('',(-1.,0.,0.));
#3628=DIRECTION('',(0.,0.,1.));
#3629=DIRECTION('',(-1.,0.,0.));
#3630=DIRECTION('',(-1.1399155092663E-17,0.,1.));
#3631=DIRECTION('',(-1.,0.,0.));
#3632=DIRECTION('',(0.,0.,1.));
#3633=DIRECTION('',(-1.,0.,0.));
#3634=DIRECTION('',(0.,0.,1.));
#3635=DIRECTION('',(-1.,0.,0.));
#3636=DIRECTION('',(-1.1399155092663E-17,0.,1.));
#3637=DIRECTION('',(-1.,0.,0.));
#3638=DIRECTION('',(0.,0.,1.));
#3639=DIRECTION('',(-1.,0.,0.));
#3640=DIRECTION('',(0.,0.,1.));
#3641=DIRECTION('',(-1.,0.,0.));
#3642=DIRECTION('',(-1.1399155092663E-17,0.,1.));
#3643=DIRECTION('',(-1.,0.,0.));
#3644=DIRECTION('',(0.,0.,1.));
#3645=DIRECTION('',(-1.,0.,0.));
#3646=DIRECTION('',(0.,0.,1.));
#3647=DIRECTION('',(-1.,0.,0.));
#3648=DIRECTION('',(0.,0.,1.));
#3649=DIRECTION('',(-1.,0.,0.));
#3650=DIRECTION('',(0.,0.,1.));
#3651=DIRECTION('',(-1.,0.,0.));
#3652=DIRECTION('',(0.,0.,1.));
#3653=DIRECTION('',(-1.,0.,0.));
#3654=DIRECTION('',(0.,0.,1.));
#3655=DIRECTION('',(-1.,0.,0.));
#3656=DIRECTION('',(0.,0.,1.));
#3657=DIRECTION('',(-1.,0.,0.));
#3658=DIRECTION('',(0.,0.,1.));
#3659=DIRECTION('',(-1.,0.,0.));
#3660=DIRECTION('',(0.,0.,1.));
#3661=DIRECTION('',(-1.,0.,0.));
#3662=DIRECTION('',(0.,0.,1.));
#3663=DIRECTION('',(0.,0.5,-0.866025403784439));
#3664=DIRECTION('',(0.,0.,1.));
#3665=DIRECTION('',(-1.,0.,0.));
#3666=DIRECTION('',(0.,0.,1.));
#3667=DIRECTION('',(1.,0.,0.));
#3668=DIRECTION('',(0.,0.,-1.));
#3669=DIRECTION('',(0.,1.,-1.16573417585641E-15));
#3670=DIRECTION('',(0.,0.866025403784438,-0.500000000000001));
#3671=DIRECTION('',(-1.,0.,0.));
#3672=DIRECTION('',(0.,0.,1.));
#3673=DIRECTION('',(1.,0.,0.));
#3674=DIRECTION('',(0.,0.,-1.));
#3675=DIRECTION('',(0.,0.500000000000002,0.866025403784438));
#3676=DIRECTION('',(0.,0.86602540378444,0.499999999999999));
#3677=DIRECTION('',(-1.,0.,0.));
#3678=DIRECTION('',(0.,0.,1.));
#3679=DIRECTION('',(1.,0.,0.));
#3680=DIRECTION('',(0.,0.,-1.));
#3681=DIRECTION('',(0.,-0.499999999999998,0.86602540378444));
#3682=DIRECTION('',(0.,2.34291072916505E-15,1.));
#3683=DIRECTION('',(-1.,0.,0.));
#3684=DIRECTION('',(0.,0.,1.));
#3685=DIRECTION('',(1.,0.,0.));
#3686=DIRECTION('',(0.,0.,-1.));
#3687=DIRECTION('',(0.,-1.,3.94129173741931E-15));
#3688=DIRECTION('',(0.,-0.866025403784437,0.500000000000003));
#3689=DIRECTION('',(-1.,0.,0.));
#3690=DIRECTION('',(0.,0.,1.));
#3691=DIRECTION('',(1.,0.,0.));
#3692=DIRECTION('',(0.,0.,-1.));
#3693=DIRECTION('',(-1.,0.,0.));
#3694=DIRECTION('',(1.,0.,0.));
#3695=DIRECTION('',(-1.,0.,0.));
#3696=DIRECTION('',(0.,0.,1.));
#3697=DIRECTION('',(-1.,0.,0.));
#3698=DIRECTION('',(0.,0.,1.));
#3699=DIRECTION('',(-1.,0.,0.));
#3700=DIRECTION('',(-1.,0.,0.));
#3701=DIRECTION('',(-1.,0.,0.));
#3702=DIRECTION('',(0.,0.,1.));
#3703=DIRECTION('',(-1.,0.,0.));
#3704=DIRECTION('',(0.,0.,1.));
#3705=DIRECTION('',(-1.,0.,0.));
#3706=DIRECTION('',(-1.,0.,0.));
#3707=DIRECTION('',(-1.,0.,0.));
#3708=DIRECTION('',(0.,0.,1.));
#3709=DIRECTION('',(-1.,0.,0.));
#3710=DIRECTION('',(0.,0.,1.));
#3711=DIRECTION('',(-1.,0.,0.));
#3712=DIRECTION('',(-1.,0.,0.));
#3713=DIRECTION('',(-1.,0.,0.));
#3714=DIRECTION('',(0.,0.,1.));
#3715=DIRECTION('',(-1.,0.,0.));
#3716=DIRECTION('',(0.,0.,1.));
#3717=DIRECTION('',(-1.,0.,0.));
#3718=DIRECTION('',(-1.,0.,0.));
#3719=DIRECTION('',(-1.,0.,0.));
#3720=DIRECTION('',(0.,0.,1.));
#3721=DIRECTION('',(-1.,0.,0.));
#3722=DIRECTION('',(0.,0.,1.));
#3723=DIRECTION('',(0.,-0.5,0.866025403784439));
#3724=DIRECTION('',(0.,0.,-1.));
#3725=DIRECTION('',(-1.,0.,0.));
#3726=DIRECTION('',(0.,0.,1.));
#3727=DIRECTION('',(-1.,0.,0.));
#3728=DIRECTION('',(0.,0.,1.));
#3729=DIRECTION('',(0.,-1.,1.16573417585641E-15));
#3730=DIRECTION('',(0.,-0.866025403784438,0.500000000000001));
#3731=DIRECTION('',(-1.,0.,0.));
#3732=DIRECTION('',(0.,0.,1.));
#3733=DIRECTION('',(-1.,0.,0.));
#3734=DIRECTION('',(0.,0.,1.));
#3735=DIRECTION('',(0.,-0.500000000000002,-0.866025403784438));
#3736=DIRECTION('',(0.,-0.86602540378444,-0.499999999999999));
#3737=DIRECTION('',(-1.,0.,0.));
#3738=DIRECTION('',(0.,0.,1.));
#3739=DIRECTION('',(-1.,0.,0.));
#3740=DIRECTION('',(0.,0.,1.));
#3741=DIRECTION('',(0.,0.499999999999998,-0.86602540378444));
#3742=DIRECTION('',(0.,-2.34291072916505E-15,-1.));
#3743=DIRECTION('',(-1.,0.,0.));
#3744=DIRECTION('',(0.,0.,1.));
#3745=DIRECTION('',(-1.,0.,0.));
#3746=DIRECTION('',(0.,0.,1.));
#3747=DIRECTION('',(0.,1.,-3.94129173741931E-15));
#3748=DIRECTION('',(0.,0.866025403784437,-0.500000000000003));
#3749=DIRECTION('',(-1.,0.,0.));
#3750=DIRECTION('',(0.,0.,1.));
#3751=DIRECTION('',(-1.,0.,0.));
#3752=DIRECTION('',(0.,0.,1.));
#3753=DIRECTION('',(-1.,0.,0.));
#3754=DIRECTION('',(0.,0.,1.));
#3755=DIRECTION('',(-1.,0.,0.));
#3756=DIRECTION('',(0.,0.,1.));
#3757=DIRECTION('',(-1.,0.,0.));
#3758=DIRECTION('',(0.,0.,1.));
#3759=DIRECTION('',(-1.,0.,0.));
#3760=DIRECTION('',(0.,0.,1.));
#3761=DIRECTION('',(-1.,0.,0.));
#3762=DIRECTION('',(0.,0.,1.));
#3763=DIRECTION('',(-1.,0.,0.));
#3764=DIRECTION('',(0.,0.,1.));
#3765=DIRECTION('',(-1.,0.,0.));
#3766=DIRECTION('',(0.,0.,1.));
#3767=DIRECTION('',(-1.,0.,0.));
#3768=DIRECTION('',(0.,0.,1.));
#3769=DIRECTION('',(-1.,0.,0.));
#3770=DIRECTION('',(0.,0.,1.));
#3771=DIRECTION('',(-1.,0.,0.));
#3772=DIRECTION('',(0.,0.,1.));
#3773=DIRECTION('',(0.707106781186547,0.,0.707106781186548));
#3774=DIRECTION('',(0.707106781186548,0.,-0.707106781186547));
#3775=DIRECTION('',(-1.,0.,0.));
#3776=DIRECTION('',(0.,0.,1.));
#3777=DIRECTION('',(1.,0.,0.));
#3778=DIRECTION('',(0.,0.,1.));
#3779=DIRECTION('',(1.,0.,0.));
#3780=DIRECTION('',(-1.98873916297757E-16,0.,-1.));
#3781=DIRECTION('',(-1.,0.,0.));
#3782=DIRECTION('',(0.,0.,1.));
#3783=DIRECTION('',(1.,0.,0.));
#3784=DIRECTION('',(0.,0.,1.));
#3785=DIRECTION('',(0.707106781186547,-0.612372435695795,0.353553390593274));
#3786=DIRECTION('',(0.707106781186548,0.612372435695794,-0.353553390593274));
#3787=DIRECTION('',(1.,0.,0.));
#3788=DIRECTION('',(-1.98873916297757E-16,0.,-1.));
#3789=DIRECTION('',(-1.,0.,0.));
#3790=DIRECTION('',(0.,0.,1.));
#3791=DIRECTION('',(1.,0.,0.));
#3792=DIRECTION('',(0.,0.,1.));
#3793=DIRECTION('',(0.707106781186547,-0.612372435695795,-0.353553390593273));
#3794=DIRECTION('',(0.707106781186548,0.612372435695795,0.353553390593273));
#3795=DIRECTION('',(1.,0.,0.));
#3796=DIRECTION('',(-1.98873916297757E-16,0.,-1.));
#3797=DIRECTION('',(-1.,0.,0.));
#3798=DIRECTION('',(0.,0.,1.));
#3799=DIRECTION('',(1.,0.,0.));
#3800=DIRECTION('',(0.,0.,1.));
#3801=DIRECTION('',(0.707106781186547,-1.65668806430733E-15,-0.707106781186548));
#3802=DIRECTION('',(0.707106781186548,1.65668806430732E-15,0.707106781186547));
#3803=DIRECTION('',(1.,0.,0.));
#3804=DIRECTION('',(-1.98873916297757E-16,0.,-1.));
#3805=DIRECTION('',(-1.,0.,0.));
#3806=DIRECTION('',(0.,0.,1.));
#3807=DIRECTION('',(1.,0.,0.));
#3808=DIRECTION('',(0.,0.,1.));
#3809=DIRECTION('',(0.707106781186547,0.612372435695794,-0.353553390593276));
#3810=DIRECTION('',(0.707106781186548,-0.612372435695793,0.353553390593275));
#3811=DIRECTION('',(1.,0.,0.));
#3812=DIRECTION('',(-1.98873916297757E-16,0.,-1.));
#3813=DIRECTION('',(1.,0.,0.));
#3814=DIRECTION('',(0.,0.,-1.));
#3815=DIRECTION('',(1.,0.,0.));
#3816=DIRECTION('',(0.,0.,-1.));
#3817=DIRECTION('',(1.,0.,0.));
#3818=DIRECTION('',(0.,0.,-1.));
#3819=DIRECTION('',(-1.,0.,0.));
#3820=DIRECTION('',(0.,0.,-1.));
#3821=DIRECTION('',(1.,0.,0.));
#3822=DIRECTION('',(0.,0.,-1.));
#3823=DIRECTION('',(1.,0.,0.));
#3824=DIRECTION('',(0.,0.,-1.));
#3825=DIRECTION('',(0.,0.866025403784439,0.5));
#3826=DIRECTION('',(5.0532154980743E-16,-0.5,0.866025403784439));
#3827=DIRECTION('',(-1.,0.,0.));
#3828=DIRECTION('',(0.,0.,1.));
#3829=DIRECTION('',(5.0532154980743E-16,-0.866025403784438,0.500000000000001));
#3830=DIRECTION('',(5.0532154980743E-16,0.,1.));
#3831=DIRECTION('',(5.0532154980743E-16,-0.5,0.866025403784439));
#3832=DIRECTION('',(-1.,0.,0.));
#3833=DIRECTION('',(0.,0.,1.));
#3834=DIRECTION('',(5.0532154980743E-16,-0.866025403784439,-0.499999999999999));
#3835=DIRECTION('',(-1.,0.,0.));
#3836=DIRECTION('',(0.,0.,1.));
#3837=DIRECTION('',(5.0532154980743E-16,0.5,0.866025403784439));
#3838=DIRECTION('',(0.,0.866025403784439,-0.5));
#3839=DIRECTION('',(5.0532154980743E-16,0.5,0.866025403784439));
#3840=DIRECTION('',(-1.,0.,0.));
#3841=DIRECTION('',(0.,0.,1.));
#3842=DIRECTION('',(5.0532154980743E-16,0.,1.));
#3843=DIRECTION('',(-1.,0.,0.));
#3844=DIRECTION('',(0.,0.,1.));
#3845=DIRECTION('',(0.,1.22124532708767E-15,1.));
#3846=DIRECTION('',(5.0532154980743E-16,-1.,1.0547118733939E-15));
#3847=DIRECTION('',(-1.,0.,0.));
#3848=DIRECTION('',(0.,0.,1.));
#3849=DIRECTION('',(5.0532154980743E-16,-0.866025403784439,-0.499999999999999));
#3850=DIRECTION('',(5.0532154980743E-16,-0.866025403784438,0.500000000000001));
#3851=DIRECTION('',(5.0532154980743E-16,-1.,1.0547118733939E-15));
#3852=DIRECTION('',(-1.,0.,0.));
#3853=DIRECTION('',(0.,0.,1.));
#3854=DIRECTION('',(0.,-0.866025403784438,0.500000000000002));
#3855=DIRECTION('',(5.0532154980743E-16,-0.500000000000002,-0.866025403784438));
#3856=DIRECTION('',(-1.,0.,0.));
#3857=DIRECTION('',(0.,0.,1.));
#3858=DIRECTION('',(5.0532154980743E-16,-2.34291072916505E-15,-1.));
#3859=DIRECTION('',(5.0532154980743E-16,-0.866025403784439,-0.499999999999999));
#3860=DIRECTION('',(5.0532154980743E-16,-0.500000000000002,-0.866025403784438));
#3861=DIRECTION('',(-1.,0.,0.));
#3862=DIRECTION('',(0.,0.,1.));
#3863=DIRECTION('',(0.,-0.86602540378444,-0.499999999999998));
#3864=DIRECTION('',(5.0532154980743E-16,0.499999999999998,-0.86602540378444));
#3865=DIRECTION('',(-1.,0.,0.));
#3866=DIRECTION('',(0.,0.,1.));
#3867=DIRECTION('',(5.0532154980743E-16,0.866025403784437,-0.500000000000003));
#3868=DIRECTION('',(-1.,0.,0.));
#3869=DIRECTION('',(0.,0.,1.));
#3870=DIRECTION('',(5.0532154980743E-16,-2.34291072916505E-15,-1.));
#3871=DIRECTION('',(5.0532154980743E-16,0.499999999999998,-0.86602540378444));
#3872=DIRECTION('',(-1.,0.,0.));
#3873=DIRECTION('',(0.,0.,1.));
#3874=DIRECTION('',(0.,-3.99680288865056E-15,-1.));
#3875=DIRECTION('',(5.0532154980743E-16,1.,-3.83026943495679E-15));
#3876=DIRECTION('',(-1.,0.,0.));
#3877=DIRECTION('',(0.,0.,1.));
#3878=DIRECTION('',(5.0532154980743E-16,0.866025403784441,0.499999999999996));
#3879=DIRECTION('',(5.0532154980743E-16,0.866025403784437,-0.500000000000003));
#3880=DIRECTION('',(5.0532154980743E-16,1.,-3.83026943495679E-15));
#3881=DIRECTION('',(-1.,0.,0.));
#3882=DIRECTION('',(0.,0.,1.));
#3883=DIRECTION('',(-1.,0.,0.));
#3884=DIRECTION('',(0.,0.,1.));
#3885=DIRECTION('',(-1.,0.,0.));
#3886=DIRECTION('',(-1.1399155092663E-17,0.,1.));
#3887=DIRECTION('',(-1.,0.,0.));
#3888=DIRECTION('',(0.,0.,1.));
#3889=DIRECTION('',(-1.,0.,0.));
#3890=DIRECTION('',(-1.1399155092663E-17,0.,1.));
#3891=DIRECTION('',(-1.,0.,0.));
#3892=DIRECTION('',(0.,0.,1.));
#3893=DIRECTION('',(-1.,0.,0.));
#3894=DIRECTION('',(-1.1399155092663E-17,0.,1.));
#3895=DIRECTION('',(-1.,0.,0.));
#3896=DIRECTION('',(0.,0.,1.));
#3897=DIRECTION('',(-1.,0.,0.));
#3898=DIRECTION('',(-1.1399155092663E-17,0.,1.));
#3899=DIRECTION('',(-1.,0.,0.));
#3900=DIRECTION('',(0.,0.,1.));
#3901=DIRECTION('',(-1.,0.,0.));
#3902=DIRECTION('',(-1.1399155092663E-17,0.,1.));
#3903=DIRECTION('',(-1.,0.,0.));
#3904=DIRECTION('',(0.,0.,1.));
#3905=DIRECTION('',(-1.,0.,0.));
#3906=DIRECTION('',(-1.1399155092663E-17,0.,1.));
#3907=DIRECTION('',(-1.,0.,0.));
#3908=DIRECTION('',(0.,0.,1.));
#3909=DIRECTION('',(-1.,0.,0.));
#3910=DIRECTION('',(0.,0.,1.));
#3911=DIRECTION('',(-1.,0.,0.));
#3912=DIRECTION('',(0.,0.,1.));
#3913=DIRECTION('',(-1.,0.,0.));
#3914=DIRECTION('',(0.,0.,1.));
#3915=DIRECTION('',(-1.,0.,0.));
#3916=DIRECTION('',(0.,0.,1.));
#3917=DIRECTION('',(-1.,0.,0.));
#3918=DIRECTION('',(0.,0.,1.));
#3919=DIRECTION('',(-1.,0.,0.));
#3920=DIRECTION('',(0.,0.,1.));
#3921=DIRECTION('',(-1.,0.,0.));
#3922=DIRECTION('',(0.,0.,1.));
#3923=DIRECTION('',(-1.,0.,0.));
#3924=DIRECTION('',(0.,0.,1.));
#3925=DIRECTION('',(-1.,0.,0.));
#3926=DIRECTION('',(0.,0.,1.));
#3927=DIRECTION('',(-1.,0.,0.));
#3928=DIRECTION('',(0.,0.,1.));
#3929=DIRECTION('',(-1.,0.,0.));
#3930=DIRECTION('',(0.,0.,1.));
#3931=DIRECTION('',(0.,0.5,-0.866025403784439));
#3932=DIRECTION('',(-1.,0.,0.));
#3933=DIRECTION('',(0.,0.,1.));
#3934=DIRECTION('',(0.,0.866025403784438,-0.500000000000001));
#3935=DIRECTION('',(1.,0.,0.));
#3936=DIRECTION('',(0.,0.,-1.));
#3937=DIRECTION('',(0.,0.86602540378444,0.499999999999999));
#3938=DIRECTION('',(-1.,0.,0.));
#3939=DIRECTION('',(0.,0.,1.));
#3940=DIRECTION('',(0.,-0.5,-0.866025403784439));
#3941=DIRECTION('',(1.,0.,0.));
#3942=DIRECTION('',(0.,0.,-1.));
#3943=DIRECTION('',(0.,1.,-1.16573417585641E-15));
#3944=DIRECTION('',(-1.,0.,0.));
#3945=DIRECTION('',(0.,0.,1.));
#3946=DIRECTION('',(0.,0.86602540378444,0.499999999999999));
#3947=DIRECTION('',(1.,0.,0.));
#3948=DIRECTION('',(0.,0.,-1.));
#3949=DIRECTION('',(0.,0.500000000000002,0.866025403784438));
#3950=DIRECTION('',(-1.,0.,0.));
#3951=DIRECTION('',(0.,0.,1.));
#3952=DIRECTION('',(0.,2.34291072916505E-15,1.));
#3953=DIRECTION('',(1.,0.,0.));
#3954=DIRECTION('',(0.,0.,-1.));
#3955=DIRECTION('',(0.,-0.499999999999998,0.86602540378444));
#3956=DIRECTION('',(-1.,0.,0.));
#3957=DIRECTION('',(0.,0.,1.));
#3958=DIRECTION('',(0.,-0.866025403784437,0.500000000000003));
#3959=DIRECTION('',(1.,0.,0.));
#3960=DIRECTION('',(0.,0.,-1.));
#3961=DIRECTION('',(0.,-1.,3.94129173741931E-15));
#3962=DIRECTION('',(-1.,0.,0.));
#3963=DIRECTION('',(0.,0.,1.));
#3964=DIRECTION('',(0.,-0.866025403784441,-0.499999999999996));
#3965=DIRECTION('',(1.,0.,0.));
#3966=DIRECTION('',(0.,0.,-1.));
#3967=DIRECTION('',(-1.,0.,0.));
#3968=DIRECTION('',(-1.,0.,0.));
#3969=DIRECTION('',(0.,0.,1.));
#3970=DIRECTION('',(-1.,0.,0.));
#3971=DIRECTION('',(-1.,0.,0.));
#3972=DIRECTION('',(0.,0.,1.));
#3973=DIRECTION('',(1.,0.,0.));
#3974=DIRECTION('',(-1.,0.,0.));
#3975=DIRECTION('',(0.,0.,1.));
#3976=DIRECTION('',(-1.,0.,0.));
#3977=DIRECTION('',(-1.,0.,0.));
#3978=DIRECTION('',(0.,0.,1.));
#3979=DIRECTION('',(-1.,0.,0.));
#3980=DIRECTION('',(-1.,0.,0.));
#3981=DIRECTION('',(0.,0.,1.));
#3982=DIRECTION('',(-1.,0.,0.));
#3983=DIRECTION('',(-1.,0.,0.));
#3984=DIRECTION('',(0.,0.,1.));
#3985=DIRECTION('',(-1.,0.,0.));
#3986=DIRECTION('',(-1.,0.,0.));
#3987=DIRECTION('',(0.,0.,1.));
#3988=DIRECTION('',(-1.,0.,0.));
#3989=DIRECTION('',(-1.,0.,0.));
#3990=DIRECTION('',(0.,0.,1.));
#3991=DIRECTION('',(-1.,0.,0.));
#3992=DIRECTION('',(-1.,0.,0.));
#3993=DIRECTION('',(0.,0.,1.));
#3994=DIRECTION('',(-1.,0.,0.));
#3995=DIRECTION('',(-1.,0.,0.));
#3996=DIRECTION('',(0.,0.,1.));
#3997=DIRECTION('',(-1.,0.,0.));
#3998=DIRECTION('',(-1.,0.,0.));
#3999=DIRECTION('',(0.,0.,1.));
#4000=DIRECTION('',(-1.,0.,0.));
#4001=DIRECTION('',(-1.,0.,0.));
#4002=DIRECTION('',(0.,0.,1.));
#4003=DIRECTION('',(0.,-0.5,0.866025403784439));
#4004=DIRECTION('',(-1.,0.,0.));
#4005=DIRECTION('',(0.,0.,1.));
#4006=DIRECTION('',(0.,-0.866025403784438,0.500000000000001));
#4007=DIRECTION('',(-1.,0.,0.));
#4008=DIRECTION('',(0.,0.,1.));
#4009=DIRECTION('',(0.,-0.86602540378444,-0.499999999999999));
#4010=DIRECTION('',(-1.,0.,0.));
#4011=DIRECTION('',(0.,0.,1.));
#4012=DIRECTION('',(0.,0.5,0.866025403784439));
#4013=DIRECTION('',(-1.,0.,0.));
#4014=DIRECTION('',(0.,0.,1.));
#4015=DIRECTION('',(0.,-1.,1.16573417585641E-15));
#4016=DIRECTION('',(-1.,0.,0.));
#4017=DIRECTION('',(0.,0.,1.));
#4018=DIRECTION('',(0.,-0.86602540378444,-0.499999999999999));
#4019=DIRECTION('',(-1.,0.,0.));
#4020=DIRECTION('',(0.,0.,1.));
#4021=DIRECTION('',(0.,-0.500000000000002,-0.866025403784438));
#4022=DIRECTION('',(-1.,0.,0.));
#4023=DIRECTION('',(0.,0.,1.));
#4024=DIRECTION('',(0.,-2.34291072916505E-15,-1.));
#4025=DIRECTION('',(-1.,0.,0.));
#4026=DIRECTION('',(0.,0.,1.));
#4027=DIRECTION('',(0.,0.499999999999998,-0.86602540378444));
#4028=DIRECTION('',(-1.,0.,0.));
#4029=DIRECTION('',(0.,0.,1.));
#4030=DIRECTION('',(0.,0.866025403784437,-0.500000000000003));
#4031=DIRECTION('',(-1.,0.,0.));
#4032=DIRECTION('',(0.,0.,1.));
#4033=DIRECTION('',(0.,1.,-3.94129173741931E-15));
#4034=DIRECTION('',(-1.,0.,0.));
#4035=DIRECTION('',(0.,0.,1.));
#4036=DIRECTION('',(0.,0.866025403784441,0.499999999999996));
#4037=DIRECTION('',(-1.,0.,0.));
#4038=DIRECTION('',(0.,0.,1.));
#4039=DIRECTION('',(-1.,0.,0.));
#4040=DIRECTION('',(0.,0.,1.));
#4041=DIRECTION('',(-1.,0.,0.));
#4042=DIRECTION('',(0.,0.,1.));
#4043=DIRECTION('',(-1.,0.,0.));
#4044=DIRECTION('',(0.,0.,1.));
#4045=DIRECTION('',(-1.,0.,0.));
#4046=DIRECTION('',(0.,0.,1.));
#4047=DIRECTION('',(-1.,0.,0.));
#4048=DIRECTION('',(0.,0.,1.));
#4049=DIRECTION('',(-1.,0.,0.));
#4050=DIRECTION('',(0.,0.,1.));
#4051=DIRECTION('',(-1.,0.,0.));
#4052=DIRECTION('',(0.,0.,1.));
#4053=DIRECTION('',(-1.,0.,0.));
#4054=DIRECTION('',(0.,0.,1.));
#4055=DIRECTION('',(1.,0.,0.));
#4056=DIRECTION('',(0.,0.,1.));
#4057=DIRECTION('',(0.707106781186547,0.612372435695797,0.353553390593271));
#4058=DIRECTION('',(0.707106781186548,-0.612372435695796,-0.353553390593271));
#4059=DIRECTION('',(1.,0.,0.));
#4060=DIRECTION('',(-1.98873916297757E-16,0.,-1.));
#4061=DIRECTION('',(1.,0.,0.));
#4062=DIRECTION('',(-1.,0.,0.));
#4063=DIRECTION('',(0.,0.,-1.));
#4064=DIRECTION('',(1.,0.,0.));
#4065=DIRECTION('',(1.,0.,0.));
#4066=DIRECTION('',(0.,0.,-1.));
#4067=DIRECTION('',(-1.4079715561154E-15,0.500000000000002,0.866025403784437));
#4068=DIRECTION('',(1.,0.,0.));
#4069=DIRECTION('',(0.,0.,-1.));
#4070=DIRECTION('',(-1.4079715561154E-15,-0.499999999999998,0.86602540378444));
#4071=DIRECTION('',(1.,0.,0.));
#4072=DIRECTION('',(0.,0.,-1.));
#4073=DIRECTION('',(-1.,0.,0.));
#4074=DIRECTION('',(0.,0.,1.));
#4075=DIRECTION('',(-1.,0.,0.));
#4076=DIRECTION('',(-1.1399155092663E-17,0.,1.));
#4077=DIRECTION('',(-1.,0.,0.));
#4078=DIRECTION('',(0.,0.,1.));
#4079=DIRECTION('',(-1.,0.,0.));
#4080=DIRECTION('',(0.,0.,1.));
#4081=DIRECTION('',(0.,-0.5,-0.866025403784439));
#4082=DIRECTION('',(-1.,0.,0.));
#4083=DIRECTION('',(0.,0.,1.));
#4084=DIRECTION('',(0.,0.,1.));
#4085=DIRECTION('',(1.,0.,0.));
#4086=DIRECTION('',(0.,0.,-1.));
#4087=DIRECTION('',(-1.,0.,0.));
#4088=DIRECTION('',(-1.,0.,0.));
#4089=DIRECTION('',(0.,0.,1.));
#4090=DIRECTION('',(1.,0.,0.));
#4091=DIRECTION('',(-1.,0.,0.));
#4092=DIRECTION('',(0.,0.,1.));
#4093=DIRECTION('',(0.,0.5,0.866025403784439));
#4094=DIRECTION('',(-1.,0.,0.));
#4095=DIRECTION('',(0.,0.,1.));
#4096=DIRECTION('',(0.,0.,-1.));
#4097=DIRECTION('',(-1.,0.,0.));
#4098=DIRECTION('',(0.,0.,1.));
#4099=DIRECTION('',(-1.,0.,0.));
#4100=DIRECTION('',(0.,0.,1.));
#4101=DIRECTION('',(1.,0.,0.));
#4102=DIRECTION('',(0.,0.,-1.));
#4103=DIRECTION('',(0.707106781186547,0.,0.707106781186548));
#4104=DIRECTION('',(0.707106781186548,0.,-0.707106781186547));
#4105=DIRECTION('',(-0.707106781186548,0.,0.707106781186547));
#4106=DIRECTION('',(-0.707106781186548,0.,0.707106781186547));
#4107=DIRECTION('',(0.707106781186547,0.,0.707106781186548));
#4108=DIRECTION('',(0.707106781186548,0.,-0.707106781186547));
#4109=DIRECTION('',(0.,0.,1.));
#4110=DIRECTION('',(-1.,0.,0.));
#4111=DIRECTION('',(0.,-1.,0.));
#4112=DIRECTION('',(0.,0.,-1.));
#4113=DIRECTION('',(0.,0.,1.));
#4114=DIRECTION('',(-1.,0.,0.));
#4115=DIRECTION('',(0.,-1.,0.));
#4116=DIRECTION('',(0.,0.,-1.));
#4117=DIRECTION('',(-1.,0.,0.));
#4118=DIRECTION('',(0.,0.5,0.866025403784439));
#4119=DIRECTION('',(-1.,0.,0.));
#4120=DIRECTION('',(-0.707106781186548,-0.353553390593273,-0.612372435695794));
#4121=DIRECTION('',(2.35513868802566E-16,-0.866025403784439,0.5));
#4122=DIRECTION('',(0.,-0.5,-0.866025403784439));
#4123=DIRECTION('',(0.,0.5,0.866025403784439));
#4124=DIRECTION('',(-1.,0.,0.));
#4125=DIRECTION('',(-0.707106781186548,-0.353553390593273,-0.612372435695794));
#4126=DIRECTION('',(-1.,0.,0.));
#4127=DIRECTION('',(2.35513868802566E-16,-0.866025403784439,0.5));
#4128=DIRECTION('',(0.,-0.5,-0.866025403784439));
#4129=DIRECTION('',(0.,-0.866025403784439,0.5));
#4130=DIRECTION('',(-0.707106781186547,0.353553390593274,0.612372435695795));
#4131=DIRECTION('',(0.654653670707978,0.,0.755928946018454));
#4132=DIRECTION('',(0.,0.866025403784439,-0.5));
#4133=DIRECTION('',(0.,0.5,0.866025403784439));
#4134=DIRECTION('',(0.,-0.866025403784439,0.5));
#4135=DIRECTION('',(0.,0.866025403784441,0.499999999999996));
#4136=DIRECTION('',(0.707106781186548,-0.612372435695796,-0.353553390593271));
#4137=DIRECTION('',(-1.,0.,0.));
#4138=DIRECTION('',(0.,-0.499999999999996,0.866025403784441));
#4139=DIRECTION('',(0.,-0.866025403784441,-0.499999999999996));
#4140=DIRECTION('',(0.707106781186547,0.612372435695797,0.353553390593271));
#4141=DIRECTION('',(0.707106781186548,-0.612372435695796,-0.353553390593271));
#4142=DIRECTION('',(0.707106781186548,-0.612372435695796,-0.353553390593271));
#4143=DIRECTION('',(0.707106781186547,0.612372435695796,0.353553390593271));
#4144=DIRECTION('',(0.707106781186548,-0.612372435695796,-0.353553390593271));
#4145=DIRECTION('',(0.,-0.86602540378444,-0.499999999999999));
#4146=DIRECTION('',(1.,0.,0.));
#4147=DIRECTION('',(0.,0.499999999999999,-0.866025403784439));
#4148=DIRECTION('',(0.,0.866025403784439,0.499999999999999));
#4149=DIRECTION('',(0.,0.866025403784437,-0.500000000000003));
#4150=DIRECTION('',(-1.,0.,0.));
#4151=DIRECTION('',(0.707106781186548,-0.612372435695793,0.353553390593275));
#4152=DIRECTION('',(0.,0.500000000000003,0.866025403784437));
#4153=DIRECTION('',(0.,-0.866025403784437,0.500000000000003));
#4154=DIRECTION('',(0.,0.866025403784437,-0.500000000000003));
#4155=DIRECTION('',(0.707106781186548,-0.612372435695793,0.353553390593275));
#4156=DIRECTION('',(-1.,0.,0.));
#4157=DIRECTION('',(0.,0.500000000000003,0.866025403784437));
#4158=DIRECTION('',(0.,-0.866025403784437,0.500000000000003));
#4159=DIRECTION('',(0.707106781186547,0.612372435695794,-0.353553390593276));
#4160=DIRECTION('',(0.707106781186548,-0.612372435695793,0.353553390593276));
#4161=DIRECTION('',(0.707106781186547,0.612372435695794,-0.353553390593276));
#4162=DIRECTION('',(0.707106781186548,-0.612372435695793,0.353553390593275));
#4163=DIRECTION('',(0.,-2.34291072916505E-15,-1.));
#4164=DIRECTION('',(-1.,0.,0.));
#4165=DIRECTION('',(0.707106781186548,1.65668806430732E-15,0.707106781186547));
#4166=DIRECTION('',(0.,1.,-2.34291072916505E-15));
#4167=DIRECTION('',(0.,2.34296089474118E-15,1.));
#4168=DIRECTION('',(0.,-2.34291072916505E-15,-1.));
#4169=DIRECTION('',(0.707106781186548,1.65668806430732E-15,0.707106781186547));
#4170=DIRECTION('',(-1.,0.,0.));
#4171=DIRECTION('',(0.,1.,-2.34291072916505E-15));
#4172=DIRECTION('',(0.,2.34296089474118E-15,1.));
#4173=DIRECTION('',(0.707106781186547,-1.65668806430733E-15,-0.707106781186548));
#4174=DIRECTION('',(0.707106781186548,1.65668806430732E-15,0.707106781186547));
#4175=DIRECTION('',(0.707106781186547,-1.65668806430733E-15,-0.707106781186548));
#4176=DIRECTION('',(0.707106781186548,1.65666091955785E-15,0.707106781186547));
#4177=DIRECTION('',(0.,-0.86602540378444,-0.499999999999999));
#4178=DIRECTION('',(-1.,0.,0.));
#4179=DIRECTION('',(0.707106781186548,0.612372435695795,0.353553390593273));
#4180=DIRECTION('',(0.,0.499999999999999,-0.866025403784439));
#4181=DIRECTION('',(0.,0.866025403784439,0.499999999999999));
#4182=DIRECTION('',(0.,-0.86602540378444,-0.499999999999999));
#4183=DIRECTION('',(0.707106781186548,0.612372435695795,0.353553390593273));
#4184=DIRECTION('',(-1.,0.,0.));
#4185=DIRECTION('',(0.,0.499999999999999,-0.866025403784439));
#4186=DIRECTION('',(0.,0.866025403784439,0.499999999999999));
#4187=DIRECTION('',(0.707106781186547,-0.612372435695796,-0.353553390593273));
#4188=DIRECTION('',(0.707106781186548,0.612372435695795,0.353553390593273));
#4189=DIRECTION('',(0.707106781186547,-0.612372435695795,-0.353553390593273));
#4190=DIRECTION('',(0.707106781186548,0.612372435695795,0.353553390593273));
#4191=DIRECTION('',(0.707106781186547,-0.612372435695795,0.353553390593274));
#4192=DIRECTION('',(0.707106781186548,0.612372435695794,-0.353553390593274));
#4193=DIRECTION('',(0.707106781186548,0.612372435695794,-0.353553390593274));
#4194=DIRECTION('',(0.707106781186548,0.612372435695794,-0.353553390593274));
#4195=DIRECTION('',(0.707106781186547,-0.612372435695795,0.353553390593274));
#4196=DIRECTION('',(0.707106781186548,0.612372435695794,-0.353553390593274));
#4197=DIRECTION('',(0.,-0.866025403784438,0.500000000000001));
#4198=DIRECTION('',(-1.,0.,0.));
#4199=DIRECTION('',(0.,-0.500000000000001,-0.866025403784438));
#4200=DIRECTION('',(0.,0.866025403784438,-0.500000000000001));
#4201=DIRECTION('',(0.,-0.866025403784438,0.500000000000001));
#4202=DIRECTION('',(-1.,0.,0.));
#4203=DIRECTION('',(0.,-0.500000000000001,-0.866025403784438));
#4204=DIRECTION('',(0.,0.866025403784438,-0.500000000000001));
#4205=DIRECTION('',(1.,0.,0.));
#4206=DIRECTION('',(0.,1.,-3.94129173741931E-15));
#4207=DIRECTION('',(-1.,0.,0.));
#4208=DIRECTION('',(0.707106781186548,0.707106781186547,-2.88657986402541E-15));
#4209=DIRECTION('',(2.35513868802566E-16,3.94129173741931E-15,1.));
#4210=DIRECTION('',(0.,-1.,3.94129173741931E-15));
#4211=DIRECTION('',(0.,1.,-3.94129173741931E-15));
#4212=DIRECTION('',(1.,0.,0.));
#4213=DIRECTION('',(0.707106781186548,0.707106781186547,-2.88657986402541E-15));
#4214=DIRECTION('',(-1.,0.,0.));
#4215=DIRECTION('',(2.35513868802566E-16,3.94129173741931E-15,1.));
#4216=DIRECTION('',(0.,-1.,3.94129173741931E-15));
#4217=DIRECTION('',(0.,-3.99680288865056E-15,-1.));
#4218=DIRECTION('',(-0.707106781186547,0.707106781186548,-2.83106871279415E-15));
#4219=DIRECTION('',(0.654653670707978,0.654653670707978,0.377964473009224));
#4220=DIRECTION('',(0.,-3.99680288865056E-15,-1.));
#4221=DIRECTION('',(0.,1.,-3.99680288865056E-15));
#4222=DIRECTION('',(0.,3.99680288865056E-15,1.));
#4223=DIRECTION('',(1.,0.,0.));
#4224=DIRECTION('',(0.,0.499999999999998,-0.86602540378444));
#4225=DIRECTION('',(-1.,0.,0.));
#4226=DIRECTION('',(0.707106781186548,0.353553390593272,-0.612372435695795));
#4227=DIRECTION('',(2.35513868802566E-16,0.86602540378444,0.499999999999998));
#4228=DIRECTION('',(0.,-0.499999999999998,0.86602540378444));
#4229=DIRECTION('',(0.,0.499999999999998,-0.86602540378444));
#4230=DIRECTION('',(1.,0.,0.));
#4231=DIRECTION('',(0.707106781186548,0.353553390593272,-0.612372435695795));
#4232=DIRECTION('',(-1.,0.,0.));
#4233=DIRECTION('',(2.35513868802566E-16,0.86602540378444,0.499999999999998));
#4234=DIRECTION('',(0.,-0.499999999999998,0.86602540378444));
#4235=DIRECTION('',(0.,-0.86602540378444,-0.499999999999998));
#4236=DIRECTION('',(-0.707106781186547,0.353553390593272,-0.612372435695796));
#4237=DIRECTION('',(0.654653670707978,0.654653670707976,-0.377964473009229));
#4238=DIRECTION('',(0.,-0.86602540378444,-0.499999999999998));
#4239=DIRECTION('',(0.,0.499999999999998,-0.86602540378444));
#4240=DIRECTION('',(0.,0.86602540378444,0.499999999999998));
#4241=DIRECTION('',(1.,0.,0.));
#4242=DIRECTION('',(0.,-0.500000000000002,-0.866025403784438));
#4243=DIRECTION('',(-1.,0.,0.));
#4244=DIRECTION('',(0.707106781186548,-0.353553390593275,-0.612372435695793));
#4245=DIRECTION('',(2.35513868802566E-16,0.866025403784438,-0.500000000000002));
#4246=DIRECTION('',(0.,0.500000000000002,0.866025403784438));
#4247=DIRECTION('',(0.,-0.500000000000002,-0.866025403784438));
#4248=DIRECTION('',(1.,0.,0.));
#4249=DIRECTION('',(0.707106781186548,-0.353553390593275,-0.612372435695793));
#4250=DIRECTION('',(-1.,0.,0.));
#4251=DIRECTION('',(2.35513868802566E-16,0.866025403784438,-0.500000000000002));
#4252=DIRECTION('',(0.,0.500000000000002,0.866025403784438));
#4253=DIRECTION('',(0.,-0.866025403784438,0.500000000000002));
#4254=DIRECTION('',(-0.707106781186547,-0.353553390593275,-0.612372435695794));
#4255=DIRECTION('',(0.654653670707978,-1.77115266897232E-15,-0.755928946018454));
#4256=DIRECTION('',(0.,-0.866025403784438,0.500000000000002));
#4257=DIRECTION('',(0.,-0.500000000000002,-0.866025403784438));
#4258=DIRECTION('',(0.,0.866025403784438,-0.500000000000002));
#4259=DIRECTION('',(1.,0.,0.));
#4260=DIRECTION('',(0.,-1.,1.16573417585641E-15));
#4261=DIRECTION('',(-1.,0.,0.));
#4262=DIRECTION('',(0.707106781186548,-0.707106781186547,8.88178419700125E-16));
#4263=DIRECTION('',(2.35513868802566E-16,-1.16573417585641E-15,-1.));
#4264=DIRECTION('',(0.,1.,-1.16573417585641E-15));
#4265=DIRECTION('',(0.,-1.,1.16573417585641E-15));
#4266=DIRECTION('',(1.,0.,0.));
#4267=DIRECTION('',(0.707106781186548,-0.707106781186547,8.88178419700125E-16));
#4268=DIRECTION('',(-1.,0.,0.));
#4269=DIRECTION('',(2.35513868802566E-16,-1.16573417585641E-15,-1.));
#4270=DIRECTION('',(0.,1.,-1.16573417585641E-15));
#4271=DIRECTION('',(0.,1.22124532708767E-15,1.));
#4272=DIRECTION('',(-0.707106781186547,-0.707106781186548,7.7715611723761E-16));
#4273=DIRECTION('',(0.654653670707978,-0.654653670707977,-0.377964473009226));
#4274=DIRECTION('',(0.,1.22124532708767E-15,1.));
#4275=DIRECTION('',(0.,-1.,1.22124532708767E-15));
#4276=DIRECTION('',(0.,-1.22124532708767E-15,-1.));
#4277=DIRECTION('',(1.,0.,0.));
#4278=DIRECTION('',(0.,-0.5,0.866025403784439));
#4279=DIRECTION('',(-1.,0.,0.));
#4280=DIRECTION('',(0.707106781186548,-0.353553390593273,0.612372435695794));
#4281=DIRECTION('',(2.35513868802566E-16,-0.866025403784439,-0.5));
#4282=DIRECTION('',(0.,0.5,-0.866025403784439));
#4283=DIRECTION('',(0.,-0.5,0.866025403784439));
#4284=DIRECTION('',(1.,0.,0.));
#4285=DIRECTION('',(0.707106781186548,-0.353553390593273,0.612372435695794));
#4286=DIRECTION('',(-1.,0.,0.));
#4287=DIRECTION('',(2.35513868802566E-16,-0.866025403784439,-0.5));
#4288=DIRECTION('',(0.,0.5,-0.866025403784439));
#4289=DIRECTION('',(0.,0.866025403784439,0.5));
#4290=DIRECTION('',(-0.707106781186547,-0.353553390593274,0.612372435695795));
#4291=DIRECTION('',(0.654653670707978,-0.654653670707976,0.377964473009227));
#4292=DIRECTION('',(0.,0.866025403784439,0.5));
#4293=DIRECTION('',(0.,-0.5,0.866025403784439));
#4294=DIRECTION('',(0.,-0.866025403784439,-0.5));
#4295=DIRECTION('',(-1.,0.,0.));
#4296=DIRECTION('',(0.,0.,-1.));
#4297=DIRECTION('',(-1.,0.,0.));
#4298=DIRECTION('',(0.,0.,-1.));
#4299=DIRECTION('',(1.,0.,0.));
#4300=DIRECTION('',(0.,0.,-1.));
#4301=DIRECTION('',(-1.,0.,0.));
#4302=DIRECTION('',(0.,0.,-1.));
#4303=DIRECTION('',(-1.,0.,0.));
#4304=DIRECTION('',(0.,0.,-1.));
#4305=DIRECTION('',(1.,0.,0.));
#4306=DIRECTION('',(0.,0.,-1.));
#4307=DIRECTION('',(-1.,0.,0.));
#4308=DIRECTION('',(0.,0.,-1.));
#4309=DIRECTION('',(-1.,0.,0.));
#4310=DIRECTION('',(0.,0.,-1.));
#4311=DIRECTION('',(1.,0.,0.));
#4312=DIRECTION('',(0.,0.,-1.));
#4313=DIRECTION('',(-1.,0.,0.));
#4314=DIRECTION('',(0.,0.,-1.));
#4315=DIRECTION('',(-1.,0.,0.));
#4316=DIRECTION('',(0.,0.,-1.));
#4317=DIRECTION('',(1.,0.,0.));
#4318=DIRECTION('',(0.,0.,-1.));
#4319=DIRECTION('',(-1.,0.,0.));
#4320=DIRECTION('',(0.,0.,-1.));
#4321=DIRECTION('',(-1.,0.,0.));
#4322=DIRECTION('',(0.,0.,-1.));
#4323=DIRECTION('',(1.,0.,0.));
#4324=DIRECTION('',(0.,0.,-1.));
#4325=DIRECTION('',(-1.,0.,0.));
#4326=DIRECTION('',(0.,0.,-1.));
#4327=DIRECTION('',(-1.,0.,0.));
#4328=DIRECTION('',(0.,0.,-1.));
#4329=DIRECTION('',(1.,0.,0.));
#4330=DIRECTION('',(0.,0.,-1.));
#4331=DIRECTION('',(1.,0.,0.));
#4332=DIRECTION('',(0.,0.,-1.));
#4333=DIRECTION('',(1.,0.,0.));
#4334=DIRECTION('',(0.,0.,-1.));
#4335=DIRECTION('',(1.,0.,0.));
#4336=DIRECTION('',(0.,0.,-1.));
#4337=DIRECTION('',(1.,0.,0.));
#4338=DIRECTION('',(0.,0.,-1.));
#4339=DIRECTION('',(1.,0.,0.));
#4340=DIRECTION('',(0.,0.,-1.));
#4341=DIRECTION('',(1.,0.,0.));
#4342=DIRECTION('',(0.,0.,-1.));
#4343=CARTESIAN_POINT('',(0.,0.,0.));
#4344=CARTESIAN_POINT('',(-40.0000000000038,-0.500000000000007,-2.95803989154981));
#4345=CARTESIAN_POINT('',(-21.5000000000038,-0.500000000000007,-2.95803989154981));
#4346=CARTESIAN_POINT('',(-3.05184329247494E-15,-0.500000000000007,-2.95803989154981));
#4347=CARTESIAN_POINT('',(-21.5000000000038,0.,0.));
#4348=CARTESIAN_POINT('',(-21.5000000000038,-2.3117376914899,-1.91203264766712));
#4349=CARTESIAN_POINT('',(-40.0000000000038,-2.3117376914899,-1.91203264766712));
#4350=CARTESIAN_POINT('',(-3.05184329247494E-15,-2.3117376914899,-1.91203264766712));
#4351=CARTESIAN_POINT('',(0.,0.,0.));
#4352=CARTESIAN_POINT('',(-40.0000000000038,0.,0.));
#4353=CARTESIAN_POINT('',(-40.0000000000038,-2.8117376914899,-1.04600724388268));
#4354=CARTESIAN_POINT('',(-21.5000000000038,-2.8117376914899,-1.04600724388268));
#4355=CARTESIAN_POINT('',(-3.05184329247494E-15,-2.8117376914899,-1.04600724388268));
#4356=CARTESIAN_POINT('',(-21.5000000000038,0.,0.));
#4357=CARTESIAN_POINT('',(-21.5000000000038,-2.8117376914899,1.04600724388269));
#4358=CARTESIAN_POINT('',(-40.0000000000038,-2.8117376914899,1.04600724388269));
#4359=CARTESIAN_POINT('',(-5.44413260151708E-15,-2.8117376914899,1.04600724388269));
#4360=CARTESIAN_POINT('',(0.,0.,0.));
#4361=CARTESIAN_POINT('',(-40.0000000000038,0.,0.));
#4362=CARTESIAN_POINT('',(-40.0000000000038,-2.3117376914899,1.91203264766713));
#4363=CARTESIAN_POINT('',(-21.5000000000038,-2.3117376914899,1.91203264766712));
#4364=CARTESIAN_POINT('',(-5.44413260151708E-15,-2.3117376914899,1.91203264766713));
#4365=CARTESIAN_POINT('',(-21.5000000000038,0.,0.));
#4366=CARTESIAN_POINT('',(-21.5000000000038,-0.5,2.95803989154981));
#4367=CARTESIAN_POINT('',(-40.0000000000038,-0.5,2.95803989154981));
#4368=CARTESIAN_POINT('',(-3.05184329247494E-15,-0.5,2.95803989154981));
#4369=CARTESIAN_POINT('',(0.,0.,0.));
#4370=CARTESIAN_POINT('',(-40.0000000000038,0.,0.));
#4371=CARTESIAN_POINT('',(-40.0000000000038,0.5,2.95803989154981));
#4372=CARTESIAN_POINT('',(-21.5000000000038,0.5,2.95803989154981));
#4373=CARTESIAN_POINT('',(-3.05184329247494E-15,0.5,2.95803989154981));
#4374=CARTESIAN_POINT('',(-21.5000000000038,0.,0.));
#4375=CARTESIAN_POINT('',(-21.5000000000038,2.3117376914899,1.91203264766712));
#4376=CARTESIAN_POINT('',(-40.0000000000038,2.3117376914899,1.91203264766712));
#4377=CARTESIAN_POINT('',(-6.04136589725525E-15,2.3117376914899,1.91203264766712));
#4378=CARTESIAN_POINT('',(0.,0.,0.));
#4379=CARTESIAN_POINT('',(-40.0000000000038,0.,0.));
#4380=CARTESIAN_POINT('',(-40.0000000000038,2.8117376914899,1.04600724388267));
#4381=CARTESIAN_POINT('',(-21.5000000000038,2.8117376914899,1.04600724388267));
#4382=CARTESIAN_POINT('',(-3.05184329247494E-15,2.8117376914899,1.04600724388267));
#4383=CARTESIAN_POINT('',(-21.5000000000038,0.,0.));
#4384=CARTESIAN_POINT('',(-21.5000000000038,2.8117376914899,-1.04600724388269));
#4385=CARTESIAN_POINT('',(-40.0000000000038,2.8117376914899,-1.04600724388269));
#4386=CARTESIAN_POINT('',(-3.05184329247494E-15,2.8117376914899,-1.04600724388269));
#4387=CARTESIAN_POINT('',(0.,0.,0.));
#4388=CARTESIAN_POINT('',(-40.0000000000038,0.,0.));
#4389=CARTESIAN_POINT('',(-40.0000000000038,10.5553467632442,-17.2823968854467));
#4390=CARTESIAN_POINT('',(-40.0000000000038,6.07163671131886,-9.51638326910473));
#4391=CARTESIAN_POINT('',(-40.0000000000038,4.17467008866615,-6.23074069840787));
#4392=CARTESIAN_POINT('',(-40.0000000000038,0.,0.));
#4393=CARTESIAN_POINT('',(-40.0000000000038,7.48331477354788,-0.50000000000002));
#4394=CARTESIAN_POINT('',(-40.0000000000038,20.244668122704,-0.500000000000082));
#4395=CARTESIAN_POINT('',(-40.0000000000038,11.2772480188532,-0.500000000000045));
#4396=CARTESIAN_POINT('',(-40.0000000000038,0.,0.));
#4397=CARTESIAN_POINT('',(-40.0000000000038,0.,12.1576135792361));
#4398=CARTESIAN_POINT('',(-40.0000000000038,20.244668122704,0.499999999999919));
#4399=CARTESIAN_POINT('',(-40.0000000000038,11.2772480188532,0.499999999999956));
#4400=CARTESIAN_POINT('',(-40.0000000000038,7.48331477354789,0.49999999999998));
#4401=CARTESIAN_POINT('',(-40.0000000000038,0.,0.));
#4402=CARTESIAN_POINT('',(-40.0000000000038,4.17467008866615,6.23074069840787));
#4403=CARTESIAN_POINT('',(-40.0000000000038,10.5553467632442,17.2823968854467));
#4404=CARTESIAN_POINT('',(-40.0000000000038,6.07163671131888,9.51638326910472));
#4405=CARTESIAN_POINT('',(-40.0000000000038,0.,0.));
#4406=CARTESIAN_POINT('',(-40.0000000000038,0.,12.1576135792361));
#4407=CARTESIAN_POINT('',(-40.0000000000038,9.68932135945977,17.7823968854467));
#4408=CARTESIAN_POINT('',(-40.0000000000038,5.20561130753444,10.0163832691047));
#4409=CARTESIAN_POINT('',(-40.0000000000038,3.30864468488171,6.73074069840786));
#4410=CARTESIAN_POINT('',(-40.0000000000038,0.,0.));
#4411=CARTESIAN_POINT('',(-40.0000000000038,-3.30864468488173,6.73074069840786));
#4412=CARTESIAN_POINT('',(-40.0000000000038,-9.68932135945977,17.7823968854467));
#4413=CARTESIAN_POINT('',(-40.0000000000038,-5.20561130753444,10.0163832691047));
#4414=CARTESIAN_POINT('',(-40.0000000000038,0.,0.));
#4415=CARTESIAN_POINT('',(-40.0000000000038,0.,12.1576135792361));
#4416=CARTESIAN_POINT('',(-40.0000000000038,-10.5553467632442,17.2823968854467));
#4417=CARTESIAN_POINT('',(-40.0000000000038,-6.07163671131888,9.51638326910471));
#4418=CARTESIAN_POINT('',(-40.0000000000038,-4.17467008866617,6.23074069840786));
#4419=CARTESIAN_POINT('',(-40.0000000000038,0.,0.));
#4420=CARTESIAN_POINT('',(-40.0000000000038,-7.48331477354788,0.499999999999999));
#4421=CARTESIAN_POINT('',(-40.0000000000038,-20.244668122704,0.500000000000025));
#4422=CARTESIAN_POINT('',(-40.0000000000038,-11.2772480188532,0.500000000000013));
#4423=CARTESIAN_POINT('',(-40.0000000000038,0.,0.));
#4424=CARTESIAN_POINT('',(-40.0000000000038,0.,12.1576135792361));
#4425=CARTESIAN_POINT('',(-40.0000000000038,-20.244668122704,-0.499999999999976));
#4426=CARTESIAN_POINT('',(-40.0000000000038,-11.2772480188532,-0.499999999999988));
#4427=CARTESIAN_POINT('',(-40.0000000000038,-7.48331477354788,-0.500000000000001));
#4428=CARTESIAN_POINT('',(-40.0000000000038,0.,0.));
#4429=CARTESIAN_POINT('',(-40.0000000000038,-4.17467008866616,-6.23074069840786));
#4430=CARTESIAN_POINT('',(-40.0000000000038,-10.5553467632443,-17.2823968854467));
#4431=CARTESIAN_POINT('',(-40.0000000000038,-6.0716367113189,-9.5163832691047));
#4432=CARTESIAN_POINT('',(-40.0000000000038,0.,0.));
#4433=CARTESIAN_POINT('',(-40.0000000000038,0.,12.1576135792361));
#4434=CARTESIAN_POINT('',(3.36659707068755E-15,4.15409549687256,6.18603379203216));
#4435=CARTESIAN_POINT('',(3.36659707068755E-15,4.079402617199,6.06326316514113));
#4436=CARTESIAN_POINT('',(3.36659707068755E-15,4.22878837654613,6.30880441892318));
#4437=CARTESIAN_POINT('',(3.36659707068755E-15,3.98750885347058,6.45559736802796));
#4438=CARTESIAN_POINT('',(3.36659707068755E-15,3.74622933039504,6.60239031713275));
#4439=CARTESIAN_POINT('',(3.36659707068755E-15,3.67153645072147,6.47961969024173));
#4440=CARTESIAN_POINT('',(3.36659707068755E-15,3.59684357104791,6.35684906335071));
#4441=CARTESIAN_POINT('',(3.36659707068755E-15,3.83812309412345,6.21005611424592));
#4442=CARTESIAN_POINT('',(3.36659707068755E-15,0.,0.));
#4443=CARTESIAN_POINT('',(3.36659707068755E-15,3.50781294870431,7.24235098984923));
#4444=CARTESIAN_POINT('',(3.36659707068755E-15,3.53490297240465,7.36234750578601));
#4445=CARTESIAN_POINT('',(3.36659707068755E-15,3.52618614118171,7.4659836835254));
#4446=CARTESIAN_POINT('',(3.36659707068755E-15,3.43741250148207,7.64128225538632));
#4447=CARTESIAN_POINT('',(3.36659707068755E-15,3.36181417132967,7.70647989254891));
#4448=CARTESIAN_POINT('',(3.36659707068755E-15,3.10641048954409,7.81184893014596));
#4449=CARTESIAN_POINT('',(3.36659707068755E-15,2.96126163610719,7.80614499571716));
#4450=CARTESIAN_POINT('',(3.36659707068755E-15,2.68073338652871,7.65894788781681));
#4451=CARTESIAN_POINT('',(3.36659707068755E-15,2.55828071730016,7.49544426310275));
#4452=CARTESIAN_POINT('',(3.36659707068755E-15,2.35105494335929,6.99315035559112));
#4453=CARTESIAN_POINT('',(3.36659707068755E-15,2.32263968046074,6.79649130554781));
#4454=CARTESIAN_POINT('',(3.36659707068755E-15,2.41296999561965,6.50439286239725));
#4455=CARTESIAN_POINT('',(3.36659707068755E-15,2.50588025697525,6.40250931631464));
#4456=CARTESIAN_POINT('',(3.36659707068755E-15,2.77653721420079,6.29084740563887));
#4457=CARTESIAN_POINT('',(3.36659707068755E-15,2.90101799443232,6.28971930172129));
#4458=CARTESIAN_POINT('',(3.36659707068755E-15,3.13832621946322,6.3925186211281));
#4459=CARTESIAN_POINT('',(3.36659707068755E-15,3.22705137842366,6.48936977223229));
#4460=CARTESIAN_POINT('',(3.36659707068755E-15,3.34061578561159,6.76463818482341));
#4461=CARTESIAN_POINT('',(3.36659707068755E-15,3.34596085675035,6.89028494343567));
#4462=CARTESIAN_POINT('',(3.36659707068755E-15,3.25741310650012,7.12440542023875));
#4463=CARTESIAN_POINT('',(3.36659707068755E-15,3.17976134088278,7.20583867052832));
#4464=CARTESIAN_POINT('',(3.36659707068755E-15,2.97047221275293,7.29218274300369));
#4465=CARTESIAN_POINT('',(3.36659707068755E-15,2.87207742343359,7.28711498151216));
#4466=CARTESIAN_POINT('',(3.36659707068755E-15,2.77354731681518,7.23644164823136));
#4467=CARTESIAN_POINT('',(3.36659707068755E-15,3.50781294870431,7.24235098984923));
#4468=CARTESIAN_POINT('',(3.36659707068755E-15,2.77354731681518,7.23644164823136));
#4469=CARTESIAN_POINT('',(3.36659707068755E-15,2.77354731681518,7.23644164823136));
#4470=CARTESIAN_POINT('',(3.36659707068755E-15,2.84918898483055,7.39161653721609));
#4471=CARTESIAN_POINT('',(3.36659707068755E-15,2.91698355312491,7.48651796251378));
#4472=CARTESIAN_POINT('',(3.36659707068755E-15,3.03641255586943,7.55550474411868));
#4473=CARTESIAN_POINT('',(3.36659707068755E-15,3.09430143792332,7.56114079646364));
#4474=CARTESIAN_POINT('',(3.36659707068755E-15,3.1925609099436,7.52060298616589));
#4475=CARTESIAN_POINT('',(3.36659707068755E-15,3.22170100963764,7.49363725117812));
#4476=CARTESIAN_POINT('',(3.36659707068755E-15,3.25401534427272,7.42156755683139));
#4477=CARTESIAN_POINT('',(3.36659707068755E-15,3.24724819047361,7.37715426259176));
#4478=CARTESIAN_POINT('',(3.36659707068755E-15,3.23857323205974,7.32021991589453));
#4479=CARTESIAN_POINT('',(3.36659707068755E-15,3.23857323205974,7.32021991589452));
#4480=CARTESIAN_POINT('',(3.36659707068755E-15,3.37319309038202,7.28128545287188));
#4481=CARTESIAN_POINT('',(3.36659707068755E-15,2.64302873307843,6.68639896817573));
#4482=CARTESIAN_POINT('',(3.36659707068755E-15,2.62264533641374,6.74993060402));
#4483=CARTESIAN_POINT('',(3.36659707068755E-15,2.63029363209187,6.82481471274379));
#4484=CARTESIAN_POINT('',(3.36659707068755E-15,2.69819812298775,6.98940819656116));
#4485=CARTESIAN_POINT('',(3.36659707068755E-15,2.74022790677996,7.04097564002859));
#4486=CARTESIAN_POINT('',(3.36659707068755E-15,2.84376531147456,7.09228012485092));
#4487=CARTESIAN_POINT('',(3.36659707068755E-15,2.89536492130154,7.09403171946592));
#4488=CARTESIAN_POINT('',(3.36659707068755E-15,2.99930003069483,7.05115237499935));
#4489=CARTESIAN_POINT('',(3.36659707068755E-15,3.03465181308815,7.01207657237798));
#4490=CARTESIAN_POINT('',(3.36659707068755E-15,3.07098378299963,6.89932718679073));
#4491=CARTESIAN_POINT('',(3.36659707068755E-15,3.06122095600294,6.82594151116245));
#4492=CARTESIAN_POINT('',(3.36659707068755E-15,2.98775532145611,6.64786838858418));
#4493=CARTESIAN_POINT('',(3.36659707068755E-15,2.94553464226609,6.59181356088059));
#4494=CARTESIAN_POINT('',(3.36659707068755E-15,2.89694802584615,6.56661210274768));
#4495=CARTESIAN_POINT('',(3.36659707068755E-15,2.64302873307843,6.68639896817573));
#4496=CARTESIAN_POINT('',(3.36659707068755E-15,2.89694802584615,6.56661210274768));
#4497=CARTESIAN_POINT('',(3.36659707068755E-15,2.89694802584615,6.56661210274768));
#4498=CARTESIAN_POINT('',(3.36659707068755E-15,2.84815302797596,6.54191171783613));
#4499=CARTESIAN_POINT('',(3.36659707068755E-15,2.79945670653765,6.53958621854063));
#4500=CARTESIAN_POINT('',(3.36659707068755E-15,2.69906887050249,6.58100210415169));
#4501=CARTESIAN_POINT('',(3.36659707068755E-15,2.66332259996478,6.62314638166595));
#4502=CARTESIAN_POINT('',(3.36659707068755E-15,2.64302873307843,6.68639896817573));
#4503=CARTESIAN_POINT('',(3.36659707068755E-15,0.,0.));
#4504=CARTESIAN_POINT('',(3.36659707068755E-15,0.,0.));
#4505=CARTESIAN_POINT('',(3.36659707068755E-15,4.86696796881889,6.34709025516797));
#4506=CARTESIAN_POINT('',(3.36659707068755E-15,5.1753146672661,6.59768531276772));
#4507=CARTESIAN_POINT('',(3.36659707068755E-15,4.55862127037169,6.09649519756821));
#4508=CARTESIAN_POINT('',(3.36659707068755E-15,4.63680287321773,6.00828614487445));
#4509=CARTESIAN_POINT('',(3.36659707068755E-15,4.71498447606377,5.9200770921807));
#4510=CARTESIAN_POINT('',(3.36659707068755E-15,4.71498447606377,5.9200770921807));
#4511=CARTESIAN_POINT('',(3.36659707068755E-15,4.81216560670875,5.93338869178101));
#4512=CARTESIAN_POINT('',(3.36659707068755E-15,4.89225739723315,5.91341153350322));
#4513=CARTESIAN_POINT('',(3.36659707068755E-15,5.00566180796001,5.81753288442262));
#4514=CARTESIAN_POINT('',(3.36659707068755E-15,5.03182175255154,5.76526602262702));
#4515=CARTESIAN_POINT('',(3.36659707068755E-15,5.03564968346448,5.64167996097886));
#4516=CARTESIAN_POINT('',(3.36659707068755E-15,5.00659372638016,5.57554713604314));
#4517=CARTESIAN_POINT('',(3.36659707068755E-15,4.88371049655076,5.43020194813481));
#4518=CARTESIAN_POINT('',(3.36659707068755E-15,4.82056667186434,5.38761074555477));
#4519=CARTESIAN_POINT('',(3.36659707068755E-15,4.69409718060048,5.36665285887593));
#4520=CARTESIAN_POINT('',(3.36659707068755E-15,4.63951357173176,5.38088993397334));
#4521=CARTESIAN_POINT('',(3.36659707068755E-15,4.55336138373771,5.45372797746093));
#4522=CARTESIAN_POINT('',(3.36659707068755E-15,4.53004386463435,5.49806423757558));
#4523=CARTESIAN_POINT('',(3.36659707068755E-15,4.51811677458126,5.60789371660541));
#4524=CARTESIAN_POINT('',(3.36659707068755E-15,4.54096131745674,5.6581726809521));
#4525=CARTESIAN_POINT('',(3.36659707068755E-15,4.56801364870589,5.7177126422367));
#4526=CARTESIAN_POINT('',(3.36659707068755E-15,4.56801364870589,5.7177126422367));
#4527=CARTESIAN_POINT('',(3.36659707068755E-15,4.44904953367937,5.79869446158738));
#4528=CARTESIAN_POINT('',(3.36659707068755E-15,4.33008541865286,5.87967628093807));
#4529=CARTESIAN_POINT('',(3.36659707068755E-15,4.33008541865286,5.87967628093807));
#4530=CARTESIAN_POINT('',(3.36659707068755E-15,4.26196520114026,5.77295301771526));
#4531=CARTESIAN_POINT('',(3.36659707068755E-15,4.23740331767229,5.66307021910041));
#4532=CARTESIAN_POINT('',(3.36659707068755E-15,4.2748530678664,5.4366875492403));
#4533=CARTESIAN_POINT('',(3.36659707068755E-15,4.33672827589019,5.33538482539525));
#4534=CARTESIAN_POINT('',(3.36659707068755E-15,4.57496544881251,5.13396533779182));
#4535=CARTESIAN_POINT('',(3.36659707068755E-15,4.72126716270792,5.09720513089336));
#4536=CARTESIAN_POINT('',(3.36659707068755E-15,4.99829666580112,5.16333165929232));
#4537=CARTESIAN_POINT('',(3.36659707068755E-15,5.09675729478905,5.22395009335719));
#4538=CARTESIAN_POINT('',(3.36659707068755E-15,5.27216319543263,5.43141862771021));
#4539=CARTESIAN_POINT('',(3.36659707068755E-15,5.31571643966496,5.55187729399149));
#4540=CARTESIAN_POINT('',(3.36659707068755E-15,5.30024467842258,5.80816584868668));
#4541=CARTESIAN_POINT('',(3.36659707068755E-15,5.24758646838067,5.91348810382538));
#4542=CARTESIAN_POINT('',(3.36659707068755E-15,5.09931093394193,6.03884881812715));
#4543=CARTESIAN_POINT('',(3.36659707068755E-15,5.03879657348798,6.0689063471769));
#4544=CARTESIAN_POINT('',(3.36659707068755E-15,4.96904891686225,6.08566542700999));
#4545=CARTESIAN_POINT('',(3.36659707068755E-15,4.96904891686225,6.08566542700999));
#4546=CARTESIAN_POINT('',(3.36659707068755E-15,5.06844392854773,6.16845964765625));
#4547=CARTESIAN_POINT('',(3.36659707068755E-15,5.16783894023321,6.25125386830251));
#4548=CARTESIAN_POINT('',(3.36659707068755E-15,5.37501443993319,6.07609571610617));
#4549=CARTESIAN_POINT('',(3.36659707068755E-15,5.58218993963316,5.90093756390983));
#4550=CARTESIAN_POINT('',(3.36659707068755E-15,5.66914964461324,6.00379272712721));
#4551=CARTESIAN_POINT('',(3.36659707068755E-15,5.75610934959332,6.1066478903446));
#4552=CARTESIAN_POINT('',(3.36659707068755E-15,5.46571200842971,6.35216660155616));
#4553=CARTESIAN_POINT('',(3.36659707068755E-15,0.,0.));
#4554=CARTESIAN_POINT('',(1.67523646940377E-15,-6.22458182382458,11.7812919747339));
#4555=CARTESIAN_POINT('',(-1.73327711090626,-6.72528847370531,12.648541332015));
#4556=CARTESIAN_POINT('',(-3.46662079473875,-7.22593751128516,13.5156909018637));
#4557=CARTESIAN_POINT('',(-5.2,-7.72655579673291,14.3827872074572));
#4558=CARTESIAN_POINT('',(1.67523646940377E-15,-6.22458182382458,11.7812919747339));
#4559=CARTESIAN_POINT('',(-5.2,-7.72655579673291,14.3827872074572));
#4560=CARTESIAN_POINT('',(6.7331941413751E-15,0.,0.));
#4561=CARTESIAN_POINT('',(2.18184737258426E-15,-0.5,13.3151890514336));
#4562=CARTESIAN_POINT('',(2.18184737258426E-15,-0.5,13.3151890514336));
#4563=CARTESIAN_POINT('',(-0.888388607061724,-0.5,13.8284619498468));
#4564=CARTESIAN_POINT('',(-1.7767951220288,-0.5,14.3417038533147));
#4565=CARTESIAN_POINT('',(-2.66521449865766,-0.5,14.8549234911239));
#4566=CARTESIAN_POINT('',(-3.51013226598055,-0.5,15.3430132400997));
#4567=CARTESIAN_POINT('',(-4.35506172956192,-0.5,15.8310827423336));
#4568=CARTESIAN_POINT('',(-5.19999999999999,-0.5,16.3191369972503));
#4569=CARTESIAN_POINT('',(-5.19999999999999,-0.5,16.3191369972503));
#4570=CARTESIAN_POINT('',(-5.19999999999999,0.,0.));
#4571=CARTESIAN_POINT('',(6.7331941413751E-15,0.,0.));
#4572=CARTESIAN_POINT('',(1.67523646940377E-15,-13.3151890514336,0.500000000000016));
#4573=CARTESIAN_POINT('',(-1.29069380488293,-14.0608966673691,0.500000000000017));
#4574=CARTESIAN_POINT('',(-2.5814250293316,-14.8065395176404,0.500000000000017));
#4575=CARTESIAN_POINT('',(-3.87217955525556,-15.5521420258404,0.500000000000017));
#4576=CARTESIAN_POINT('',(-4.3147836831117,-15.8078116680856,0.500000000000017));
#4577=CARTESIAN_POINT('',(-4.75739062433267,-16.0634764400022,0.500000000000018));
#4578=CARTESIAN_POINT('',(-5.2,-16.3191369972503,0.500000000000018));
#4579=CARTESIAN_POINT('',(1.67523646940377E-15,-13.3151890514336,0.500000000000016));
#4580=CARTESIAN_POINT('',(-5.2,-16.3191369972503,0.500000000000018));
#4581=CARTESIAN_POINT('',(6.7331941413751E-15,0.,0.));
#4582=CARTESIAN_POINT('',(2.18184737258426E-15,-11.7812919747339,6.22458182382459));
#4583=CARTESIAN_POINT('',(2.18184737258426E-15,-11.7812919747339,6.22458182382459));
#4584=CARTESIAN_POINT('',(-1.73327711090625,-12.6485413320149,6.72528847370533));
#4585=CARTESIAN_POINT('',(-3.46662079473875,-13.5156909018637,7.22593751128518));
#4586=CARTESIAN_POINT('',(-5.2,-14.3827872074572,7.72655579673293));
#4587=CARTESIAN_POINT('',(-5.2,-14.3827872074572,7.72655579673293));
#4588=CARTESIAN_POINT('',(-5.19999999999999,0.,0.));
#4589=CARTESIAN_POINT('',(6.7331941413751E-15,0.,0.));
#4590=CARTESIAN_POINT('',(1.67523646940377E-15,-7.09060722760904,-11.2812919747339));
#4591=CARTESIAN_POINT('',(-1.73327711090626,-7.59131387748978,-12.1485413320149));
#4592=CARTESIAN_POINT('',(-3.46662079473875,-8.09196291506963,-13.0156909018637));
#4593=CARTESIAN_POINT('',(-5.2,-8.59258120051738,-13.8827872074572));
#4594=CARTESIAN_POINT('',(1.67523646940377E-15,-7.09060722760904,-11.2812919747339));
#4595=CARTESIAN_POINT('',(-5.2,-8.59258120051738,-13.8827872074572));
#4596=CARTESIAN_POINT('',(6.7331941413751E-15,0.,0.));
#4597=CARTESIAN_POINT('',(2.18184737258426E-15,-11.2812919747339,-7.090607227609));
#4598=CARTESIAN_POINT('',(2.18184737258426E-15,-11.2812919747339,-7.090607227609));
#4599=CARTESIAN_POINT('',(-1.73327711090626,-12.148541332015,-7.59131387748973));
#4600=CARTESIAN_POINT('',(-3.46662079473875,-13.0156909018637,-8.09196291506958));
#4601=CARTESIAN_POINT('',(-5.2,-13.8827872074573,-8.59258120051733));
#4602=CARTESIAN_POINT('',(-5.2,-13.8827872074573,-8.59258120051733));
#4603=CARTESIAN_POINT('',(-5.19999999999999,0.,0.));
#4604=CARTESIAN_POINT('',(6.7331941413751E-15,0.,0.));
#4605=CARTESIAN_POINT('',(1.67523646940377E-15,6.22458182382455,-11.7812919747339));
#4606=CARTESIAN_POINT('',(-1.73327711090626,6.72528847370528,-12.648541332015));
#4607=CARTESIAN_POINT('',(-3.46662079473875,7.22593751128513,-13.5156909018637));
#4608=CARTESIAN_POINT('',(-5.2,7.72655579673288,-14.3827872074573));
#4609=CARTESIAN_POINT('',(1.67523646940377E-15,6.22458182382455,-11.7812919747339));
#4610=CARTESIAN_POINT('',(-5.2,7.72655579673288,-14.3827872074573));
#4611=CARTESIAN_POINT('',(6.7331941413751E-15,0.,0.));
#4612=CARTESIAN_POINT('',(2.18184737258426E-15,0.499999999999969,-13.3151890514336));
#4613=CARTESIAN_POINT('',(2.18184737258426E-15,0.499999999999969,-13.3151890514336));
#4614=CARTESIAN_POINT('',(-1.73327711090618,0.499999999999966,-14.316602351195));
#4615=CARTESIAN_POINT('',(-3.46662079473859,0.499999999999964,-15.3179004263547));
#4616=CARTESIAN_POINT('',(-5.19999999999976,0.499999999999962,-16.3191369972501));
#4617=CARTESIAN_POINT('',(-5.19999999999976,0.499999999999962,-16.3191369972501));
#4618=CARTESIAN_POINT('',(-5.19999999999999,0.,0.));
#4619=CARTESIAN_POINT('',(6.7331941413751E-15,0.,0.));
#4620=CARTESIAN_POINT('',(1.67523646940377E-15,13.3151890514336,-0.500000000000053));
#4621=CARTESIAN_POINT('',(-1.29069380488293,14.0608966673691,-0.500000000000056));
#4622=CARTESIAN_POINT('',(-2.58142502933159,14.8065395176404,-0.500000000000058));
#4623=CARTESIAN_POINT('',(-3.87217955525555,15.5521420258404,-0.50000000000006));
#4624=CARTESIAN_POINT('',(-4.31478368311169,15.8078116680855,-0.500000000000061));
#4625=CARTESIAN_POINT('',(-4.75739062433266,16.0634764400022,-0.500000000000062));
#4626=CARTESIAN_POINT('',(-5.2,16.3191369972503,-0.500000000000063));
#4627=CARTESIAN_POINT('',(1.67523646940377E-15,13.3151890514336,-0.500000000000053));
#4628=CARTESIAN_POINT('',(-5.2,16.3191369972503,-0.500000000000063));
#4629=CARTESIAN_POINT('',(6.7331941413751E-15,0.,0.));
#4630=CARTESIAN_POINT('',(2.18184737258426E-15,11.7812919747339,-6.22458182382462));
#4631=CARTESIAN_POINT('',(2.18184737258426E-15,11.7812919747339,-6.22458182382462));
#4632=CARTESIAN_POINT('',(-1.73327711090626,12.6485413320149,-6.72528847370535));
#4633=CARTESIAN_POINT('',(-3.46662079473875,13.5156909018637,-7.22593751128521));
#4634=CARTESIAN_POINT('',(-5.2,14.3827872074572,-7.72655579673296));
#4635=CARTESIAN_POINT('',(-5.2,14.3827872074572,-7.72655579673296));
#4636=CARTESIAN_POINT('',(-5.19999999999999,0.,0.));
#4637=CARTESIAN_POINT('',(6.7331941413751E-15,0.,0.));
#4638=CARTESIAN_POINT('',(-5.2,-7.72655579673291,14.3827872074572));
#4639=CARTESIAN_POINT('',(-5.21931104705836,-7.7321330317887,14.3924472619396));
#4640=CARTESIAN_POINT('',(-5.2408052398824,-7.73612595595771,14.3993632094711));
#4641=CARTESIAN_POINT('',(-5.26271502067056,-7.7382056342847,14.4029653179969));
#4642=CARTESIAN_POINT('',(-5.28469953445397,-7.74029240627419,14.4065797131065));
#4643=CARTESIAN_POINT('',(-5.30770795130501,-7.74050992014531,14.4069564581826));
#4644=CARTESIAN_POINT('',(-5.32983450750439,-7.73884012776355,14.4040642929393));
#4645=CARTESIAN_POINT('',(-5.35195847130935,-7.73717053101822,14.4011724665482));
#4646=CARTESIAN_POINT('',(-5.3738108599919,-7.7335680740272,14.3949328280077));
#4647=CARTESIAN_POINT('',(-5.3935828612155,-7.72833147314436,14.3858627692197));
#4648=CARTESIAN_POINT('',(-5.41335733919976,-7.72309421629316,14.3767915742611));
#4649=CARTESIAN_POINT('',(-5.43159608809746,-7.71607809837247,14.3646393015506));
#4650=CARTESIAN_POINT('',(-5.44679089015736,-7.70786433846589,14.3504126520712));
#4651=CARTESIAN_POINT('',(-5.46199134481653,-7.69964752296879,14.3361807101538));
#4652=CARTESIAN_POINT('',(-5.47456466174671,-7.69000573534553,14.3194806441145));
#4653=CARTESIAN_POINT('',(-5.48347192828592,-7.67973711016615,14.30169486358));
#4654=CARTESIAN_POINT('',(-5.49238330262849,-7.66946374935964,14.2839008806986));
#4655=CARTESIAN_POINT('',(-5.49787097147312,-7.65827976705389,14.2645296551141));
#4656=CARTESIAN_POINT('',(-5.4994816277153,-7.6471107681262,14.2451843815017));
#4657=CARTESIAN_POINT('',(-5.49982698602899,-7.64471590165232,14.2410363510916));
#4658=CARTESIAN_POINT('',(-5.49999999999999,-7.64231326498839,14.2368748623175));
#4659=CARTESIAN_POINT('',(-5.49999999999999,-7.63991218116667,14.232716063145));
#4660=CARTESIAN_POINT('',(-5.49999999999999,-7.63991218116667,14.232716063145));
#4661=CARTESIAN_POINT('',(-5.19999999999999,-0.5,16.3191369972503));
#4662=CARTESIAN_POINT('',(-5.21578742756432,-0.5,16.328256150053));
#4663=CARTESIAN_POINT('',(-5.23299102819998,-0.5,16.3352597839449));
#4664=CARTESIAN_POINT('',(-5.25065887568084,-0.5,16.3397596708692));
#4665=CARTESIAN_POINT('',(-5.27234630018932,-0.5,16.3452833181653));
#4666=CARTESIAN_POINT('',(-5.29528681848736,-0.5,16.3471380628154));
#4667=CARTESIAN_POINT('',(-5.31757990482519,-0.5,16.3451699767409));
#4668=CARTESIAN_POINT('',(-5.33986798206002,-0.5,16.3432023328817));
#4669=CARTESIAN_POINT('',(-5.36212358048659,-0.5,16.337359397209));
#4670=CARTESIAN_POINT('',(-5.38250420179777,-0.5,16.3281257476514));
#4671=CARTESIAN_POINT('',(-5.40288626327041,-0.5,16.3188914456139));
#4672=CARTESIAN_POINT('',(-5.42195502793132,-0.5,16.3060115110351));
#4673=CARTESIAN_POINT('',(-5.4381333634744,-0.5,16.2905531080436));
#4674=CARTESIAN_POINT('',(-5.45431713812917,-0.5,16.2750895079796));
#4675=CARTESIAN_POINT('',(-5.46805471648126,-0.5,16.256619576694));
#4676=CARTESIAN_POINT('',(-5.47821085795314,-0.5,16.2366723894383));
#4677=CARTESIAN_POINT('',(-5.48837166687007,-0.5,16.216716035079));
#4678=CARTESIAN_POINT('',(-5.49522791662791,-0.5,16.1947309693537));
#4679=CARTESIAN_POINT('',(-5.49821324174692,-0.5,16.1725366919135));
#4680=CARTESIAN_POINT('',(-5.49940175901019,-0.5,16.1637007089529));
#4681=CARTESIAN_POINT('',(-5.49999999999999,-0.5,16.1547653237652));
#4682=CARTESIAN_POINT('',(-5.49999999999999,-0.5,16.1458497661178));
#4683=CARTESIAN_POINT('',(-5.49999999999999,-0.5,16.1458497661178));
#4684=CARTESIAN_POINT('',(-5.49999999999999,0.,0.));
#4685=CARTESIAN_POINT('',(-5.29999999999999,0.,0.));
#4686=CARTESIAN_POINT('',(-5.2,-16.3191369972503,0.500000000000018));
#4687=CARTESIAN_POINT('',(-5.20154497559707,-16.3200294079035,0.500000000000018));
#4688=CARTESIAN_POINT('',(-5.2031020348605,-16.3209012182745,0.500000000000018));
#4689=CARTESIAN_POINT('',(-5.2046703416111,-16.3217519593078,0.500000000000018));
#4690=CARTESIAN_POINT('',(-5.22434812689919,-16.3324263375065,0.500000000000018));
#4691=CARTESIAN_POINT('',(-5.24614102851274,-16.3398497343583,0.500000000000018));
#4692=CARTESIAN_POINT('',(-5.26824330843355,-16.3434059691755,0.500000000000018));
#4693=CARTESIAN_POINT('',(-5.2903370299755,-16.3469608269581,0.500000000000018));
#4694=CARTESIAN_POINT('',(-5.3133493719285,-16.3467496003057,0.500000000000018));
#4695=CARTESIAN_POINT('',(-5.33537412300552,-16.3427898167986,0.500000000000018));
#4696=CARTESIAN_POINT('',(-5.35739556038973,-16.3388306290533,0.500000000000018));
#4697=CARTESIAN_POINT('',(-5.37903695759691,-16.331014941863,0.500000000000018));
#4698=CARTESIAN_POINT('',(-5.39850710879229,-16.3199907827342,0.500000000000018));
#4699=CARTESIAN_POINT('',(-5.4106805482703,-16.3130980815629,0.500000000000018));
#4700=CARTESIAN_POINT('',(-5.4221891536367,-16.3048762597155,0.500000000000018));
#4701=CARTESIAN_POINT('',(-5.43265620321988,-16.2955949434734,0.500000000000018));
#4702=CARTESIAN_POINT('',(-5.44941314254338,-16.2807362718033,0.500000000000018));
#4703=CARTESIAN_POINT('',(-5.46383485646714,-16.2627786342164,0.500000000000018));
#4704=CARTESIAN_POINT('',(-5.47472811848212,-16.2432104973106,0.500000000000018));
#4705=CARTESIAN_POINT('',(-5.48562124279577,-16.2236426077649,0.500000000000018));
#4706=CARTESIAN_POINT('',(-5.4932865834919,-16.2019246995782,0.500000000000018));
#4707=CARTESIAN_POINT('',(-5.49709078780659,-16.1798545729787,0.500000000000018));
#4708=CARTESIAN_POINT('',(-5.49902321864764,-16.1686435575394,0.500000000000018));
#4709=CARTESIAN_POINT('',(-5.49999999999999,-16.1572261080666,0.500000000000019));
#4710=CARTESIAN_POINT('',(-5.49999999999999,-16.1458497661178,0.500000000000019));
#4711=CARTESIAN_POINT('',(-5.49999999999999,-16.1458497661178,0.500000000000019));
#4712=CARTESIAN_POINT('',(-5.2,-14.3827872074572,7.72655579673293));
#4713=CARTESIAN_POINT('',(-5.21931104705836,-14.3924472619396,7.73213303178872));
#4714=CARTESIAN_POINT('',(-5.2408052398824,-14.3993632094711,7.73612595595773));
#4715=CARTESIAN_POINT('',(-5.26271502067056,-14.4029653179969,7.73820563428472));
#4716=CARTESIAN_POINT('',(-5.28469953445397,-14.4065797131065,7.74029240627421));
#4717=CARTESIAN_POINT('',(-5.30770795130501,-14.4069564581826,7.74050992014532));
#4718=CARTESIAN_POINT('',(-5.32983450750439,-14.4040642929393,7.73884012776356));
#4719=CARTESIAN_POINT('',(-5.35195847130935,-14.4011724665482,7.73717053101824));
#4720=CARTESIAN_POINT('',(-5.3738108599919,-14.3949328280077,7.73356807402722));
#4721=CARTESIAN_POINT('',(-5.3935828612155,-14.3858627692197,7.72833147314437));
#4722=CARTESIAN_POINT('',(-5.41335733919976,-14.3767915742611,7.72309421629317));
#4723=CARTESIAN_POINT('',(-5.43159608809746,-14.3646393015506,7.71607809837249));
#4724=CARTESIAN_POINT('',(-5.44679089015737,-14.3504126520712,7.70786433846591));
#4725=CARTESIAN_POINT('',(-5.46199134481653,-14.3361807101538,7.6996475229688));
#4726=CARTESIAN_POINT('',(-5.47456466174671,-14.3194806441145,7.69000573534555));
#4727=CARTESIAN_POINT('',(-5.48347192828591,-14.30169486358,7.67973711016617));
#4728=CARTESIAN_POINT('',(-5.49238330262849,-14.2839008806986,7.66946374935966));
#4729=CARTESIAN_POINT('',(-5.49787097147312,-14.2645296551141,7.6582797670539));
#4730=CARTESIAN_POINT('',(-5.4994816277153,-14.2451843815017,7.64711076812622));
#4731=CARTESIAN_POINT('',(-5.49982698602899,-14.2410363510915,7.64471590165234));
#4732=CARTESIAN_POINT('',(-5.49999999999999,-14.2368748623175,7.6423132649884));
#4733=CARTESIAN_POINT('',(-5.49999999999999,-14.232716063145,7.63991218116668));
#4734=CARTESIAN_POINT('',(-5.49999999999999,-14.232716063145,7.63991218116668));
#4735=CARTESIAN_POINT('',(-5.49999999999999,0.,0.));
#4736=CARTESIAN_POINT('',(-5.29999999999999,0.,0.));
#4737=CARTESIAN_POINT('',(-5.2,-8.59258120051738,-13.8827872074572));
#4738=CARTESIAN_POINT('',(-5.21931104705846,-8.5981584355732,-13.8924472619397));
#4739=CARTESIAN_POINT('',(-5.24080523988265,-8.60215135974223,-13.8993632094712));
#4740=CARTESIAN_POINT('',(-5.26271502067094,-8.60423103806921,-13.9029653179969));
#4741=CARTESIAN_POINT('',(-5.28469953445435,-8.60631781005868,-13.9065797131065));
#4742=CARTESIAN_POINT('',(-5.30770795130539,-8.60653532392977,-13.9069564581826));
#4743=CARTESIAN_POINT('',(-5.32983450750477,-8.60486553154799,-13.9040642929392));
#4744=CARTESIAN_POINT('',(-5.35195847130971,-8.60319593480264,-13.9011724665481));
#4745=CARTESIAN_POINT('',(-5.37381085999225,-8.5995934778116,-13.8949328280076));
#4746=CARTESIAN_POINT('',(-5.39358286121583,-8.59435687692874,-13.8858627692195));
#4747=CARTESIAN_POINT('',(-5.41335733920007,-8.58911962007752,-13.8767915742609));
#4748=CARTESIAN_POINT('',(-5.43159608809774,-8.58210350215682,-13.8646393015503));
#4749=CARTESIAN_POINT('',(-5.44679089015762,-8.57388974225022,-13.8504126520709));
#4750=CARTESIAN_POINT('',(-5.46199134481675,-8.56567292675311,-13.8361807101535));
#4751=CARTESIAN_POINT('',(-5.4745646617469,-8.55603113912984,-13.8194806441142));
#4752=CARTESIAN_POINT('',(-5.48347192828606,-8.54576251395045,-13.8016948635797));
#4753=CARTESIAN_POINT('',(-5.4923833026286,-8.53548915314393,-13.7839008806983));
#4754=CARTESIAN_POINT('',(-5.49787097147319,-8.52430517083817,-13.7645296551137));
#4755=CARTESIAN_POINT('',(-5.49948162771532,-8.51313617191049,-13.7451843815013));
#4756=CARTESIAN_POINT('',(-5.499826986029,-8.51074130543667,-13.7410363510913));
#4757=CARTESIAN_POINT('',(-5.49999999999999,-8.50833866877279,-13.7368748623174));
#4758=CARTESIAN_POINT('',(-5.49999999999999,-8.50593758495113,-13.732716063145));
#4759=CARTESIAN_POINT('',(-5.49999999999999,-8.50593758495113,-13.732716063145));
#4760=CARTESIAN_POINT('',(-5.2,-13.8827872074573,-8.59258120051733));
#4761=CARTESIAN_POINT('',(-5.21931104705959,-13.8924472619403,-8.59815843557348));
#4762=CARTESIAN_POINT('',(-5.24080523988518,-13.899363209472,-8.60215135974264));
#4763=CARTESIAN_POINT('',(-5.26271502067483,-13.9029653179976,-8.60423103806953));
#4764=CARTESIAN_POINT('',(-5.28469953445832,-13.9065797131068,-8.60631781005878));
#4765=CARTESIAN_POINT('',(-5.30770795130937,-13.9069564581825,-8.60653532392964));
#4766=CARTESIAN_POINT('',(-5.32983450750868,-13.9040642929387,-8.60486553154765));
#4767=CARTESIAN_POINT('',(-5.35195847131356,-13.9011724665473,-8.60319593480208));
#4768=CARTESIAN_POINT('',(-5.37381085999596,-13.8949328280063,-8.59959347781082));
#4769=CARTESIAN_POINT('',(-5.39358286121933,-13.8858627692179,-8.59435687692776));
#4770=CARTESIAN_POINT('',(-5.41335733920336,-13.876791574259,-8.58911962007635));
#4771=CARTESIAN_POINT('',(-5.43159608810076,-13.8646393015481,-8.58210350215546));
#4772=CARTESIAN_POINT('',(-5.44679089016031,-13.8504126520685,-8.57388974224872));
#4773=CARTESIAN_POINT('',(-5.46199134481912,-13.8361807101508,-8.56567292675145));
#4774=CARTESIAN_POINT('',(-5.47456466174889,-13.8194806441113,-8.55603113912806));
#4775=CARTESIAN_POINT('',(-5.48347192828764,-13.8016948635765,-8.54576251394858));
#4776=CARTESIAN_POINT('',(-5.49238330262977,-13.783900880695,-8.53548915314197));
#4777=CARTESIAN_POINT('',(-5.49787097147391,-13.7645296551104,-8.52430517083616));
#4778=CARTESIAN_POINT('',(-5.49948162771561,-13.7451843814979,-8.51313617190846));
#4779=CARTESIAN_POINT('',(-5.4998269860291,-13.7410363510891,-8.5107413054353));
#4780=CARTESIAN_POINT('',(-5.49999999999999,-13.7368748623162,-8.50833866877209));
#4781=CARTESIAN_POINT('',(-5.49999999999999,-13.732716063145,-8.50593758495109));
#4782=CARTESIAN_POINT('',(-5.49999999999999,-13.732716063145,-8.50593758495109));
#4783=CARTESIAN_POINT('',(-5.49999999999999,0.,0.));
#4784=CARTESIAN_POINT('',(-5.29999999999999,0.,0.));
#4785=CARTESIAN_POINT('',(-5.2,7.72655579673288,-14.3827872074573));
#4786=CARTESIAN_POINT('',(-5.21931104705869,7.73213303178876,-14.3924472619398));
#4787=CARTESIAN_POINT('',(-5.24080523988314,7.73612595595782,-14.3993632094714));
#4788=CARTESIAN_POINT('',(-5.2627150206717,7.73820563428478,-14.4029653179971));
#4789=CARTESIAN_POINT('',(-5.28469953445513,7.74029240627421,-14.4065797131066));
#4790=CARTESIAN_POINT('',(-5.30770795130617,7.74050992014525,-14.4069564581826));
#4791=CARTESIAN_POINT('',(-5.32983450750554,7.73884012776343,-14.4040642929392));
#4792=CARTESIAN_POINT('',(-5.35195847131047,7.73717053101804,-14.401172466548));
#4793=CARTESIAN_POINT('',(-5.37381085999298,7.73356807402696,-14.3949328280074));
#4794=CARTESIAN_POINT('',(-5.39358286121652,7.72833147314405,-14.3858627692192));
#4795=CARTESIAN_POINT('',(-5.41335733920072,7.7230942162928,-14.3767915742605));
#4796=CARTESIAN_POINT('',(-5.43159608809834,7.71607809837206,-14.3646393015499));
#4797=CARTESIAN_POINT('',(-5.44679089015815,7.70786433846543,-14.3504126520705));
#4798=CARTESIAN_POINT('',(-5.46199134481722,7.69964752296829,-14.336180710153));
#4799=CARTESIAN_POINT('',(-5.47456466174729,7.690005735345,-14.3194806441137));
#4800=CARTESIAN_POINT('',(-5.48347192828637,7.67973711016559,-14.3016948635791));
#4801=CARTESIAN_POINT('',(-5.49238330262883,7.66946374935905,-14.2839008806977));
#4802=CARTESIAN_POINT('',(-5.49787097147333,7.65827976705328,-14.2645296551131));
#4803=CARTESIAN_POINT('',(-5.49948162771538,7.6471107681256,-14.2451843815007));
#4804=CARTESIAN_POINT('',(-5.49982698602902,7.6447159016519,-14.2410363510909));
#4805=CARTESIAN_POINT('',(-5.49999999999999,7.64231326498816,-14.2368748623172));
#4806=CARTESIAN_POINT('',(-5.49999999999999,7.63991218116663,-14.2327160631451));
#4807=CARTESIAN_POINT('',(-5.49999999999999,7.63991218116663,-14.2327160631451));
#4808=CARTESIAN_POINT('',(-5.19999999999976,0.499999999999962,-16.3191369972501));
#4809=CARTESIAN_POINT('',(-5.20032806619126,0.499999999999962,-16.3193264952363));
#4810=CARTESIAN_POINT('',(-5.20065667222909,0.499999999999962,-16.3195150616783));
#4811=CARTESIAN_POINT('',(-5.20098581015557,0.499999999999962,-16.3197026920013));
#4812=CARTESIAN_POINT('',(-5.22043474073674,0.499999999999962,-16.3307898649861));
#4813=CARTESIAN_POINT('',(-5.24206693476769,0.499999999999962,-16.3386712713327));
#4814=CARTESIAN_POINT('',(-5.26408997501136,0.499999999999962,-16.3426927143538));
#4815=CARTESIAN_POINT('',(-5.28610426528741,0.499999999999962,-16.3467125596166));
#4816=CARTESIAN_POINT('',(-5.30911639791356,0.499999999999962,-16.346986415511));
#4817=CARTESIAN_POINT('',(-5.33122011013426,0.499999999999962,-16.3434915566641));
#4818=CARTESIAN_POINT('',(-5.35332010069607,0.499999999999962,-16.3399972862556));
#4819=CARTESIAN_POINT('',(-5.37512140881411,0.499999999999962,-16.3326393131649));
#4820=CARTESIAN_POINT('',(-5.39481948574887,0.499999999999962,-16.3220277499627));
#4821=CARTESIAN_POINT('',(-5.40713522867336,0.499999999999962,-16.3153931284787));
#4822=CARTESIAN_POINT('',(-5.4188142893432,0.499999999999962,-16.3074156837143));
#4823=CARTESIAN_POINT('',(-5.42947434356012,0.499999999999962,-16.2983570430817));
#4824=CARTESIAN_POINT('',(-5.44654008378605,0.499999999999962,-16.2838550147909));
#4825=CARTESIAN_POINT('',(-5.46133644302512,0.499999999999962,-16.2662055931248));
#4826=CARTESIAN_POINT('',(-5.47263914496826,0.499999999999962,-16.2468717563925));
#4827=CARTESIAN_POINT('',(-5.48394170153333,0.499999999999962,-16.2275381683366));
#4828=CARTESIAN_POINT('',(-5.49206255946385,0.499999999999962,-16.2059871217903));
#4829=CARTESIAN_POINT('',(-5.49633071824503,0.499999999999962,-16.1840026219634));
#4830=CARTESIAN_POINT('',(-5.49876569481952,0.499999999999962,-16.1714605060711));
#4831=CARTESIAN_POINT('',(-5.49999999999999,0.499999999999962,-16.1586260637808));
#4832=CARTESIAN_POINT('',(-5.49999999999999,0.499999999999962,-16.1458497661178));
#4833=CARTESIAN_POINT('',(-5.49999999999999,0.499999999999962,-16.1458497661178));
#4834=CARTESIAN_POINT('',(-5.49999999999999,0.,0.));
#4835=CARTESIAN_POINT('',(-5.29999999999999,0.,0.));
#4836=CARTESIAN_POINT('',(-5.2,16.3191369972503,-0.500000000000063));
#4837=CARTESIAN_POINT('',(-5.21756021027117,16.3292801469216,-0.500000000000063));
#4838=CARTESIAN_POINT('',(-5.23689897223657,16.3368052960659,-0.500000000000063));
#4839=CARTESIAN_POINT('',(-5.25669665740532,16.3411980323408,-0.500000000000063));
#4840=CARTESIAN_POINT('',(-5.27854441226739,16.3460456407602,-0.500000000000063));
#4841=CARTESIAN_POINT('',(-5.30153069523858,16.3471873776058,-0.500000000000063));
#4842=CARTESIAN_POINT('',(-5.32375127196651,16.3445284925427,-0.500000000000063));
#4843=CARTESIAN_POINT('',(-5.34596741094891,16.3418701384944,-0.500000000000063));
#4844=CARTESIAN_POINT('',(-5.36803080778021,16.3353394631411,-0.500000000000063));
#4845=CARTESIAN_POINT('',(-5.38811502905143,16.3254780365983,-0.500000000000063));
#4846=CARTESIAN_POINT('',(-5.40820122437523,16.3156156407884,-0.500000000000063));
#4847=CARTESIAN_POINT('',(-5.42686163531378,16.3021500915468,-0.500000000000063));
#4848=CARTESIAN_POINT('',(-5.44255304137982,16.2861969768237,-0.500000000000063));
#4849=CARTESIAN_POINT('',(-5.45825001553014,16.2702382011493,-0.500000000000063));
#4850=CARTESIAN_POINT('',(-5.47140863653942,16.25135031157,-0.500000000000063));
#4851=CARTESIAN_POINT('',(-5.48094157089087,16.231096899977,-0.500000000000063));
#4852=CARTESIAN_POINT('',(-5.49047890216598,16.2108341468002,-0.500000000000063));
#4853=CARTESIAN_POINT('',(-5.49665018472663,16.1886460486907,-0.500000000000063));
#4854=CARTESIAN_POINT('',(-5.49894563944765,16.1663689137363,-0.500000000000063));
#4855=CARTESIAN_POINT('',(-5.49964762254275,16.159556245204,-0.500000000000063));
#4856=CARTESIAN_POINT('',(-5.49999999999999,16.152698505622,-0.500000000000064));
#4857=CARTESIAN_POINT('',(-5.49999999999999,16.1458497661178,-0.500000000000064));
#4858=CARTESIAN_POINT('',(-5.49999999999999,16.1458497661178,-0.500000000000064));
#4859=CARTESIAN_POINT('',(-5.2,14.3827872074572,-7.72655579673296));
#4860=CARTESIAN_POINT('',(-5.21931104705836,14.3924472619396,-7.73213303178875));
#4861=CARTESIAN_POINT('',(-5.2408052398824,14.3993632094711,-7.73612595595776));
#4862=CARTESIAN_POINT('',(-5.26271502067056,14.4029653179968,-7.73820563428475));
#4863=CARTESIAN_POINT('',(-5.28469953445397,14.4065797131065,-7.74029240627425));
#4864=CARTESIAN_POINT('',(-5.30770795130501,14.4069564581826,-7.74050992014535));
#4865=CARTESIAN_POINT('',(-5.32983450750439,14.4040642929393,-7.7388401277636));
#4866=CARTESIAN_POINT('',(-5.35195847130935,14.4011724665482,-7.73717053101827));
#4867=CARTESIAN_POINT('',(-5.3738108599919,14.3949328280077,-7.73356807402725));
#4868=CARTESIAN_POINT('',(-5.3935828612155,14.3858627692196,-7.7283314731444));
#4869=CARTESIAN_POINT('',(-5.41335733919975,14.3767915742611,-7.72309421629321));
#4870=CARTESIAN_POINT('',(-5.43159608809746,14.3646393015506,-7.71607809837252));
#4871=CARTESIAN_POINT('',(-5.44679089015737,14.3504126520712,-7.70786433846594));
#4872=CARTESIAN_POINT('',(-5.46199134481653,14.3361807101538,-7.69964752296884));
#4873=CARTESIAN_POINT('',(-5.47456466174671,14.3194806441145,-7.69000573534558));
#4874=CARTESIAN_POINT('',(-5.48347192828591,14.3016948635799,-7.6797371101662));
#4875=CARTESIAN_POINT('',(-5.49238330262849,14.2839008806986,-7.66946374935969));
#4876=CARTESIAN_POINT('',(-5.49787097147312,14.2645296551141,-7.65827976705393));
#4877=CARTESIAN_POINT('',(-5.4994816277153,14.2451843815016,-7.64711076812625));
#4878=CARTESIAN_POINT('',(-5.49982698602899,14.2410363510915,-7.64471590165237));
#4879=CARTESIAN_POINT('',(-5.49999999999999,14.2368748623175,-7.64231326498844));
#4880=CARTESIAN_POINT('',(-5.49999999999999,14.232716063145,-7.63991218116671));
#4881=CARTESIAN_POINT('',(-5.49999999999999,14.232716063145,-7.63991218116671));
#4882=CARTESIAN_POINT('',(-5.49999999999999,0.,0.));
#4883=CARTESIAN_POINT('',(-5.29999999999999,0.,0.));
#4884=CARTESIAN_POINT('',(-5.49999999999999,-6.5616968793294,12.3651923788647));
#4885=CARTESIAN_POINT('',(-5.49999999999999,-6.86270522028652,12.8865541189044));
#4886=CARTESIAN_POINT('',(-5.49999999999999,-0.5,16.1535898384862));
#4887=CARTESIAN_POINT('',(-5.49999999999999,-0.5,14.5914358443575));
#4888=CARTESIAN_POINT('',(-5.49999999999999,0.,0.));
#4889=CARTESIAN_POINT('',(-5.49999999999999,0.,16.1535898384862));
#4890=CARTESIAN_POINT('',(-5.49999999999999,-1.82479246495621E-14,0.5));
#4891=CARTESIAN_POINT('',(-5.49999999999999,-14.5914358443575,0.500000000000017));
#4892=CARTESIAN_POINT('',(-5.49999999999999,-7.24470958122163,3.60538475772935));
#4893=CARTESIAN_POINT('',(-5.49999999999999,-12.8865541189044,6.86270522028653));
#4894=CARTESIAN_POINT('',(-5.49999999999999,0.,0.));
#4895=CARTESIAN_POINT('',(-5.49999999999999,0.,16.1535898384862));
#4896=CARTESIAN_POINT('',(-5.49999999999999,6.56169687932942,12.3651923788646));
#4897=CARTESIAN_POINT('',(-5.49999999999999,-7.72873062407099,-12.3865541189044));
#4898=CARTESIAN_POINT('',(-5.49999999999999,7.24470958122161,3.60538475772931));
#4899=CARTESIAN_POINT('',(-5.49999999999999,-12.3865541189044,-7.72873062407094));
#4900=CARTESIAN_POINT('',(-5.49999999999999,0.,0.));
#4901=CARTESIAN_POINT('',(-5.49999999999999,0.,16.1535898384862));
#4902=CARTESIAN_POINT('',(-5.49999999999999,-7.42772228311382,11.8651923788647));
#4903=CARTESIAN_POINT('',(-5.49999999999999,6.86270522028649,-12.8865541189044));
#4904=CARTESIAN_POINT('',(-5.49999999999999,0.500000000000038,16.1535898384862));
#4905=CARTESIAN_POINT('',(-5.49999999999999,0.499999999999966,-14.5914358443575));
#4906=CARTESIAN_POINT('',(-5.49999999999999,0.,0.));
#4907=CARTESIAN_POINT('',(-5.49999999999999,0.,16.1535898384862));
#4908=CARTESIAN_POINT('',(-5.49999999999999,-6.56366560287959E-14,-0.5));
#4909=CARTESIAN_POINT('',(-5.49999999999999,14.5914358443575,-0.500000000000057));
#4910=CARTESIAN_POINT('',(-5.49999999999999,-6.74470958122164,4.47141016151382));
#4911=CARTESIAN_POINT('',(-5.49999999999999,12.8865541189044,-6.86270522028656));
#4912=CARTESIAN_POINT('',(-5.49999999999999,0.,0.));
#4913=CARTESIAN_POINT('',(-5.49999999999999,0.,16.1535898384862));
#4914=CARTESIAN_POINT('',(-1.17756934401283E-16,-6.86270522028652,12.8865541189044));
#4915=CARTESIAN_POINT('',(-9.1,-6.86270522028652,12.8865541189044));
#4916=CARTESIAN_POINT('',(0.,-0.5,14.5914358443575));
#4917=CARTESIAN_POINT('',(-9.1,-0.5,14.5914358443575));
#4918=CARTESIAN_POINT('',(-9.1,0.,0.));
#4919=CARTESIAN_POINT('',(0.,0.,0.));
#4920=CARTESIAN_POINT('',(-1.17756934401283E-16,-14.5914358443575,0.500000000000017));
#4921=CARTESIAN_POINT('',(-9.1,-14.5914358443575,0.500000000000016));
#4922=CARTESIAN_POINT('',(0.,-12.8865541189044,6.86270522028653));
#4923=CARTESIAN_POINT('',(-9.1,-12.8865541189044,6.86270522028653));
#4924=CARTESIAN_POINT('',(-9.1,0.,0.));
#4925=CARTESIAN_POINT('',(0.,0.,0.));
#4926=CARTESIAN_POINT('',(-1.17756934401283E-16,-7.72873062407099,-12.3865541189044));
#4927=CARTESIAN_POINT('',(-9.1,-7.72873062407099,-12.3865541189044));
#4928=CARTESIAN_POINT('',(0.,-12.3865541189044,-7.72873062407094));
#4929=CARTESIAN_POINT('',(-9.1,-12.3865541189044,-7.72873062407095));
#4930=CARTESIAN_POINT('',(-9.1,0.,0.));
#4931=CARTESIAN_POINT('',(0.,0.,0.));
#4932=CARTESIAN_POINT('',(-1.17756934401283E-16,6.86270522028649,-12.8865541189044));
#4933=CARTESIAN_POINT('',(-9.1,6.8627052202865,-12.8865541189044));
#4934=CARTESIAN_POINT('',(0.,0.499999999999966,-14.5914358443575));
#4935=CARTESIAN_POINT('',(-9.1,0.499999999999966,-14.5914358443575));
#4936=CARTESIAN_POINT('',(-9.1,0.,0.));
#4937=CARTESIAN_POINT('',(0.,0.,0.));
#4938=CARTESIAN_POINT('',(-1.17756934401283E-16,14.5914358443575,-0.500000000000057));
#4939=CARTESIAN_POINT('',(-9.1,14.5914358443575,-0.500000000000056));
#4940=CARTESIAN_POINT('',(0.,12.8865541189044,-6.86270522028656));
#4941=CARTESIAN_POINT('',(-9.1,12.8865541189044,-6.86270522028657));
#4942=CARTESIAN_POINT('',(-9.1,0.,0.));
#4943=CARTESIAN_POINT('',(0.,0.,0.));
#4944=CARTESIAN_POINT('',(-9.1,-5.88897274573419,11.2));
#4945=CARTESIAN_POINT('',(-9.1,-7.69827086927724,14.3337962760156));
#4946=CARTESIAN_POINT('',(-9.1,-0.5,14.6));
#4947=CARTESIAN_POINT('',(-9.09999999999925,-0.5,16.2625671423388));
#4948=CARTESIAN_POINT('',(-9.1,0.,0.));
#4949=CARTESIAN_POINT('',(-9.1,0.,14.6));
#4950=CARTESIAN_POINT('',(-9.1,-1.64368518795755E-14,0.499999999999999));
#4951=CARTESIAN_POINT('',(-9.09999999997859,-16.262567142342,0.500000000000017));
#4952=CARTESIAN_POINT('',(-9.1,-6.57198544762642,3.21698729810779));
#4953=CARTESIAN_POINT('',(-9.1,-14.3337962760156,7.69827086927725));
#4954=CARTESIAN_POINT('',(-9.1,0.,0.));
#4955=CARTESIAN_POINT('',(-9.1,0.,14.6));
#4956=CARTESIAN_POINT('',(-9.1,5.88897274573421,11.2));
#4957=CARTESIAN_POINT('',(-9.1,-8.56429627306171,-13.8337962760156));
#4958=CARTESIAN_POINT('',(-9.1,6.5719854476264,3.21698729810776));
#4959=CARTESIAN_POINT('',(-9.1,-13.8337962760156,-8.56429627306166));
#4960=CARTESIAN_POINT('',(-9.1,0.,0.));
#4961=CARTESIAN_POINT('',(-9.1,0.,14.6));
#4962=CARTESIAN_POINT('',(-9.1,-6.75499814951861,10.7000000000001));
#4963=CARTESIAN_POINT('',(-9.1,7.69827086927721,-14.3337962760156));
#4964=CARTESIAN_POINT('',(-9.1,0.500000000000034,14.6));
#4965=CARTESIAN_POINT('',(-9.09999999996245,0.499999999999962,-16.2625671423447));
#4966=CARTESIAN_POINT('',(-9.1,0.,0.));
#4967=CARTESIAN_POINT('',(-9.1,0.,14.6));
#4968=CARTESIAN_POINT('',(-9.1,-5.95135052350316E-14,-0.499999999999999));
#4969=CARTESIAN_POINT('',(-9.09999999999829,16.2625671423387,-0.500000000000062));
#4970=CARTESIAN_POINT('',(-9.1,-6.07198544762643,4.08301270189226));
#4971=CARTESIAN_POINT('',(-9.1,14.3337962760156,-7.69827086927729));
#4972=CARTESIAN_POINT('',(-9.1,0.,0.));
#4973=CARTESIAN_POINT('',(-9.1,0.,14.6));
#4974=CARTESIAN_POINT('',(-9.1,-7.69827086927724,14.3337962760156));
#4975=CARTESIAN_POINT('',(-9.1,-7.70864657953538,14.3517675333473));
#4976=CARTESIAN_POINT('',(-9.10330503982447,-7.71914544326476,14.3699520987484));
#4977=CARTESIAN_POINT('',(-9.10968008736142,-7.72901940172053,14.3870542964656));
#4978=CARTESIAN_POINT('',(-9.11656314212703,-7.73968018446928,14.4055193138349));
#4979=CARTESIAN_POINT('',(-9.12722281512523,-7.74989387580129,14.4232099461547));
#4980=CARTESIAN_POINT('',(-9.14077713866048,-7.75881388016889,14.4386598469232));
#4981=CARTESIAN_POINT('',(-9.15432780541154,-7.7677314780327,14.4541055795047));
#4982=CARTESIAN_POINT('',(-9.17114565410737,-7.77560215399761,14.4677379901659));
#4983=CARTESIAN_POINT('',(-9.18983790543511,-7.78177294236582,14.4784261091424));
#4984=CARTESIAN_POINT('',(-9.20852194380591,-7.78794101942771,14.4891095319986));
#4985=CARTESIAN_POINT('',(-9.22959441633042,-7.79258088313158,14.4971460116739));
#4986=CARTESIAN_POINT('',(-9.25130934037812,-7.79530742223865,14.5018685159361));
#4987=CARTESIAN_POINT('',(-9.27301518271722,-7.79803282104084,14.5065890451324));
#4988=CARTESIAN_POINT('',(-9.29596178417621,-7.79892168302326,14.5081285992469));
#4989=CARTESIAN_POINT('',(-9.31824813482808,-7.79790024276611,14.5063594128246));
#4990=CARTESIAN_POINT('',(-9.32145165142111,-7.79775341743505,14.5061051038914));
#4991=CARTESIAN_POINT('',(-9.32464900856844,-7.79756786363203,14.505783715277));
#4992=CARTESIAN_POINT('',(-9.32783462019201,-7.7973439061266,14.5053958094989));
#4993=CARTESIAN_POINT('',(-9.32783462019201,-7.7973439061266,14.5053958094989));
#4994=CARTESIAN_POINT('',(-9.09999999999925,-0.5,16.2625671423388));
#4995=CARTESIAN_POINT('',(-9.09999999999924,-0.5,16.2782250434297));
#4996=CARTESIAN_POINT('',(-9.10186239080334,-0.5,16.2939896034441));
#4997=CARTESIAN_POINT('',(-9.10551119883007,-0.5,16.309216424076));
#4998=CARTESIAN_POINT('',(-9.11073243135261,-0.5,16.3310051206902));
#4999=CARTESIAN_POINT('',(-9.11978782917095,-0.5,16.3521930199715));
#5000=CARTESIAN_POINT('',(-9.13192833902142,-0.5,16.3710242862532));
#5001=CARTESIAN_POINT('',(-9.14406629842266,-0.5,16.3898515965075));
#5002=CARTESIAN_POINT('',(-9.15962317779192,-0.5,16.4068427715463));
#5003=CARTESIAN_POINT('',(-9.17731086324966,-0.5,16.4205884418823));
#5004=CARTESIAN_POINT('',(-9.19499118731001,-0.5,16.4343283914393));
#5005=CARTESIAN_POINT('',(-9.21528855590353,-0.5,16.4452046444312));
#5006=CARTESIAN_POINT('',(-9.23652130882938,-0.5,16.4523145161527));
#5007=CARTESIAN_POINT('',(-9.25774470762951,-0.5,16.4594212556079));
#5008=CARTESIAN_POINT('',(-9.28048825764076,-0.5,16.4629609884193));
#5009=CARTESIAN_POINT('',(-9.30286760804962,-0.5,16.462639931428));
#5010=CARTESIAN_POINT('',(-9.3112138307295,-0.5,16.4625201954619));
#5011=CARTESIAN_POINT('',(-9.31956884576537,-0.5,16.46187543067));
#5012=CARTESIAN_POINT('',(-9.32783462019201,-0.5,16.4607132160377));
#5013=CARTESIAN_POINT('',(-9.32783462019201,-0.5,16.4607132160377));
#5014=CARTESIAN_POINT('',(-9.32783462019201,0.,0.));
#5015=CARTESIAN_POINT('',(-9.3,0.,0.));
#5016=CARTESIAN_POINT('',(-9.09999999997859,-16.262567142342,0.500000000000017));
#5017=CARTESIAN_POINT('',(-9.09999999997874,-16.2721108314562,0.500000000000017));
#5018=CARTESIAN_POINT('',(-9.10068596118652,-16.2816788298865,0.500000000000017));
#5019=CARTESIAN_POINT('',(-9.10204742293099,-16.2911249096991,0.500000000000017));
#5020=CARTESIAN_POINT('',(-9.10524372104712,-16.3133014322731,0.500000000000017));
#5021=CARTESIAN_POINT('',(-9.11231298576782,-16.3352321038131,0.500000000000017));
#5022=CARTESIAN_POINT('',(-9.12267062227631,-16.3551000136448,0.500000000000017));
#5023=CARTESIAN_POINT('',(-9.13302689120932,-16.3749653002075,0.500000000000017));
#5024=CARTESIAN_POINT('',(-9.14695658833298,-16.3933165067028,0.500000000000017));
#5025=CARTESIAN_POINT('',(-9.16330661440356,-16.4086318115945,0.500000000000017));
#5026=CARTESIAN_POINT('',(-9.17965049839053,-16.4239413631079,0.500000000000017));
#5027=CARTESIAN_POINT('',(-9.19886405102305,-16.4366397237871,0.500000000000017));
#5028=CARTESIAN_POINT('',(-9.21935558855708,-16.4456730952957,0.500000000000017));
#5029=CARTESIAN_POINT('',(-9.23217910118913,-16.4513261388245,0.500000000000017));
#5030=CARTESIAN_POINT('',(-9.24567382447026,-16.4556470549789,0.500000000000017));
#5031=CARTESIAN_POINT('',(-9.25939596659432,-16.4584934900985,0.500000000000017));
#5032=CARTESIAN_POINT('',(-9.28130478508266,-16.4630381180298,0.500000000000017));
#5033=CARTESIAN_POINT('',(-9.30430040221757,-16.4638628147277,0.500000000000017));
#5034=CARTESIAN_POINT('',(-9.32647847146534,-16.4608991657893,0.500000000000017));
#5035=CARTESIAN_POINT('',(-9.32693073059674,-16.4608387305333,0.500000000000017));
#5036=CARTESIAN_POINT('',(-9.32738278547058,-16.4607767465549,0.500000000000017));
#5037=CARTESIAN_POINT('',(-9.32783462019201,-16.4607132160377,0.500000000000017));
#5038=CARTESIAN_POINT('',(-9.32783462019201,-16.4607132160377,0.500000000000017));
#5039=CARTESIAN_POINT('',(-9.1,-14.3337962760156,7.69827086927725));
#5040=CARTESIAN_POINT('',(-9.1,-14.3517675333473,7.70864657953541));
#5041=CARTESIAN_POINT('',(-9.10330503982448,-14.3699520987484,7.71914544326482));
#5042=CARTESIAN_POINT('',(-9.10968008736146,-14.3870542964657,7.7290194017206));
#5043=CARTESIAN_POINT('',(-9.11656314212708,-14.4055193138349,7.73968018446935));
#5044=CARTESIAN_POINT('',(-9.12722281512529,-14.4232099461548,7.74989387580135));
#5045=CARTESIAN_POINT('',(-9.14077713866056,-14.4386598469232,7.75881388016895));
#5046=CARTESIAN_POINT('',(-9.15432780541162,-14.4541055795048,7.76773147803276));
#5047=CARTESIAN_POINT('',(-9.17114565410746,-14.4677379901659,7.77560215399766));
#5048=CARTESIAN_POINT('',(-9.18983790543521,-14.4784261091424,7.78177294236587));
#5049=CARTESIAN_POINT('',(-9.20852194380601,-14.4891095319986,7.78794101942776));
#5050=CARTESIAN_POINT('',(-9.22959441633053,-14.4971460116739,7.79258088313161));
#5051=CARTESIAN_POINT('',(-9.25130934037824,-14.5018685159361,7.79530742223867));
#5052=CARTESIAN_POINT('',(-9.27301518271734,-14.5065890451324,7.79803282104086));
#5053=CARTESIAN_POINT('',(-9.29596178417633,-14.5081285992469,7.79892168302327));
#5054=CARTESIAN_POINT('',(-9.3182481348282,-14.5063594128246,7.79790024276612));
#5055=CARTESIAN_POINT('',(-9.32145165142119,-14.5061051038913,7.79775341743506));
#5056=CARTESIAN_POINT('',(-9.32464900856848,-14.505783715277,7.79756786363204));
#5057=CARTESIAN_POINT('',(-9.32783462019201,-14.5053958094988,7.79734390612662));
#5058=CARTESIAN_POINT('',(-9.32783462019201,-14.5053958094988,7.79734390612662));
#5059=CARTESIAN_POINT('',(-9.32783462019201,0.,0.));
#5060=CARTESIAN_POINT('',(-9.3,0.,0.));
#5061=CARTESIAN_POINT('',(-9.1,-8.56429627306171,-13.8337962760156));
#5062=CARTESIAN_POINT('',(-9.1,-8.57467198331985,-13.8517675333473));
#5063=CARTESIAN_POINT('',(-9.10330503982447,-8.58517084704924,-13.8699520987484));
#5064=CARTESIAN_POINT('',(-9.10968008736143,-8.595044805505,-13.8870542964656));
#5065=CARTESIAN_POINT('',(-9.11656314212704,-8.60570558825376,-13.9055193138349));
#5066=CARTESIAN_POINT('',(-9.12722281512524,-8.61591927958577,-13.9232099461547));
#5067=CARTESIAN_POINT('',(-9.1407771386605,-8.62483928395337,-13.9386598469231));
#5068=CARTESIAN_POINT('',(-9.15432780541155,-8.63375688181717,-13.9541055795047));
#5069=CARTESIAN_POINT('',(-9.17114565410739,-8.64162755778208,-13.9677379901659));
#5070=CARTESIAN_POINT('',(-9.18983790543513,-8.64779834615029,-13.9784261091424));
#5071=CARTESIAN_POINT('',(-9.20852194380593,-8.65396642321219,-13.9891095319986));
#5072=CARTESIAN_POINT('',(-9.22959441633044,-8.65860628691605,-13.9971460116738));
#5073=CARTESIAN_POINT('',(-9.25130934037814,-8.66133282602312,-14.0018685159361));
#5074=CARTESIAN_POINT('',(-9.27301518271724,-8.66405822482531,-14.0065890451324));
#5075=CARTESIAN_POINT('',(-9.29596178417623,-8.66494708680772,-14.0081285992469));
#5076=CARTESIAN_POINT('',(-9.3182481348281,-8.66392564655057,-14.0063594128246));
#5077=CARTESIAN_POINT('',(-9.32145165142112,-8.66377882121951,-14.0061051038913));
#5078=CARTESIAN_POINT('',(-9.32464900856844,-8.66359326741649,-14.005783715277));
#5079=CARTESIAN_POINT('',(-9.32783462019201,-8.66336930991107,-14.0053958094988));
#5080=CARTESIAN_POINT('',(-9.32783462019201,-8.66336930991107,-14.0053958094988));
#5081=CARTESIAN_POINT('',(-9.1,-13.8337962760156,-8.56429627306166));
#5082=CARTESIAN_POINT('',(-9.1,-13.8517675333473,-8.5746719833198));
#5083=CARTESIAN_POINT('',(-9.10330503982447,-13.8699520987484,-8.58517084704918));
#5084=CARTESIAN_POINT('',(-9.10968008736142,-13.8870542964656,-8.59504480550495));
#5085=CARTESIAN_POINT('',(-9.11656314212704,-13.9055193138349,-8.6057055882537));
#5086=CARTESIAN_POINT('',(-9.12722281512523,-13.9232099461547,-8.61591927958571));
#5087=CARTESIAN_POINT('',(-9.14077713866049,-13.9386598469232,-8.62483928395331));
#5088=CARTESIAN_POINT('',(-9.15432780541154,-13.9541055795047,-8.63375688181712));
#5089=CARTESIAN_POINT('',(-9.17114565410737,-13.9677379901659,-8.64162755778203));
#5090=CARTESIAN_POINT('',(-9.18983790543511,-13.9784261091424,-8.64779834615024));
#5091=CARTESIAN_POINT('',(-9.20852194380591,-13.9891095319986,-8.65396642321213));
#5092=CARTESIAN_POINT('',(-9.22959441633042,-13.9971460116739,-8.658606286916));
#5093=CARTESIAN_POINT('',(-9.25130934037813,-14.0018685159361,-8.66133282602307));
#5094=CARTESIAN_POINT('',(-9.27301518271722,-14.0065890451324,-8.66405822482526));
#5095=CARTESIAN_POINT('',(-9.29596178417621,-14.0081285992469,-8.66494708680768));
#5096=CARTESIAN_POINT('',(-9.31824813482808,-14.0063594128246,-8.66392564655052));
#5097=CARTESIAN_POINT('',(-9.32145165142111,-14.0061051038914,-8.66377882121946));
#5098=CARTESIAN_POINT('',(-9.32464900856844,-14.005783715277,-8.66359326741645));
#5099=CARTESIAN_POINT('',(-9.32783462019201,-14.0053958094989,-8.66336930991102));
#5100=CARTESIAN_POINT('',(-9.32783462019201,-14.0053958094989,-8.66336930991102));
#5101=CARTESIAN_POINT('',(-9.32783462019201,0.,0.));
#5102=CARTESIAN_POINT('',(-9.3,0.,0.));
#5103=CARTESIAN_POINT('',(-9.1,7.69827086927721,-14.3337962760156));
#5104=CARTESIAN_POINT('',(-9.1,7.70864657953534,-14.3517675333473));
#5105=CARTESIAN_POINT('',(-9.10330503982447,7.71914544326473,-14.3699520987484));
#5106=CARTESIAN_POINT('',(-9.10968008736142,7.72901940172049,-14.3870542964656));
#5107=CARTESIAN_POINT('',(-9.11656314212703,7.73968018446925,-14.4055193138349));
#5108=CARTESIAN_POINT('',(-9.12722281512522,7.74989387580125,-14.4232099461547));
#5109=CARTESIAN_POINT('',(-9.14077713866048,7.75881388016886,-14.4386598469232));
#5110=CARTESIAN_POINT('',(-9.15432780541154,7.76773147803266,-14.4541055795047));
#5111=CARTESIAN_POINT('',(-9.17114565410737,7.77560215399757,-14.4677379901659));
#5112=CARTESIAN_POINT('',(-9.18983790543511,7.78177294236579,-14.4784261091424));
#5113=CARTESIAN_POINT('',(-9.2085219438059,7.78794101942768,-14.4891095319986));
#5114=CARTESIAN_POINT('',(-9.22959441633042,7.79258088313155,-14.4971460116739));
#5115=CARTESIAN_POINT('',(-9.25130934037812,7.79530742223861,-14.5018685159361));
#5116=CARTESIAN_POINT('',(-9.27301518271722,7.79803282104081,-14.5065890451324));
#5117=CARTESIAN_POINT('',(-9.29596178417621,7.79892168302322,-14.5081285992469));
#5118=CARTESIAN_POINT('',(-9.31824813482807,7.79790024276607,-14.5063594128246));
#5119=CARTESIAN_POINT('',(-9.32145165142111,7.79775341743501,-14.5061051038914));
#5120=CARTESIAN_POINT('',(-9.32464900856844,7.797567863632,-14.505783715277));
#5121=CARTESIAN_POINT('',(-9.32783462019201,7.79734390612657,-14.5053958094989));
#5122=CARTESIAN_POINT('',(-9.32783462019201,7.79734390612657,-14.5053958094989));
#5123=CARTESIAN_POINT('',(-9.09999999996245,0.499999999999962,-16.2625671423447));
#5124=CARTESIAN_POINT('',(-9.09999999996275,0.499999999999962,-16.272668044929));
#5125=CARTESIAN_POINT('',(-9.1007688706829,0.499999999999962,-16.2827977549809));
#5126=CARTESIAN_POINT('',(-9.10229348368064,0.499999999999962,-16.2927829334081));
#5127=CARTESIAN_POINT('',(-9.10567536020764,0.499999999999962,-16.3149319250481));
#5128=CARTESIAN_POINT('',(-9.11292803055196,0.499999999999962,-16.3368026484673));
#5129=CARTESIAN_POINT('',(-9.12345171749764,0.499999999999962,-16.3565831169295));
#5130=CARTESIAN_POINT('',(-9.13397393769032,0.499999999999962,-16.3763608284623));
#5131=CARTESIAN_POINT('',(-9.14805676836213,0.499999999999962,-16.3945945896853));
#5132=CARTESIAN_POINT('',(-9.1645344066777,0.499999999999962,-16.4097722847277));
#5133=CARTESIAN_POINT('',(-9.18100578516853,0.499999999999962,-16.4249442137914));
#5134=CARTESIAN_POINT('',(-9.20032482634372,0.499999999999962,-16.4374810299473));
#5135=CARTESIAN_POINT('',(-9.22089108810085,0.499999999999962,-16.4463423288498));
#5136=CARTESIAN_POINT('',(-9.23376113193908,0.499999999999962,-16.4518875906328));
#5137=CARTESIAN_POINT('',(-9.24729116863563,0.499999999999961,-16.4560952153196));
#5138=CARTESIAN_POINT('',(-9.26103626110472,0.499999999999961,-16.4588265867069));
#5139=CARTESIAN_POINT('',(-9.28288407207656,0.499999999999961,-16.4631680988428));
#5140=CARTESIAN_POINT('',(-9.305776597242,0.499999999999961,-16.463814698816));
#5141=CARTESIAN_POINT('',(-9.32783462019201,0.499999999999961,-16.4607132160377));
#5142=CARTESIAN_POINT('',(-9.32783462019201,0.499999999999961,-16.4607132160377));
#5143=CARTESIAN_POINT('',(-9.32783462019201,0.,0.));
#5144=CARTESIAN_POINT('',(-9.3,0.,0.));
#5145=CARTESIAN_POINT('',(-9.09999999999829,16.2625671423387,-0.500000000000062));
#5146=CARTESIAN_POINT('',(-9.09999999999827,16.2776409546847,-0.500000000000062));
#5147=CARTESIAN_POINT('',(-9.10172431028468,16.2928100022488,-0.500000000000062));
#5148=CARTESIAN_POINT('',(-9.10510769249086,16.3074992004396,-0.500000000000062));
#5149=CARTESIAN_POINT('',(-9.11013672229201,16.32933309651,-0.500000000000062));
#5150=CARTESIAN_POINT('',(-9.119005048578,16.3506000037494,-0.500000000000062));
#5151=CARTESIAN_POINT('',(-9.13097911257019,16.3695375841087,-0.500000000000062));
#5152=CARTESIAN_POINT('',(-9.14295074714622,16.3884713222251,-0.500000000000063));
#5153=CARTESIAN_POINT('',(-9.15835737260214,16.4055991223088,-0.500000000000063));
#5154=CARTESIAN_POINT('',(-9.17592334472969,16.4195003127863,-0.500000000000063));
#5155=CARTESIAN_POINT('',(-9.19348206389684,16.4333957634857,-0.500000000000063));
#5156=CARTESIAN_POINT('',(-9.21368300590845,16.4444506677984,-0.500000000000063));
#5157=CARTESIAN_POINT('',(-9.23485251455203,16.4517475214161,-0.500000000000063));
#5158=CARTESIAN_POINT('',(-9.25601265641833,16.4590411464278,-0.500000000000063));
#5159=CARTESIAN_POINT('',(-9.27872435982663,16.4627812583664,-0.500000000000063));
#5160=CARTESIAN_POINT('',(-9.30110589772865,16.4626574409469,-0.500000000000063));
#5161=CARTESIAN_POINT('',(-9.31003887431035,16.4626080226221,-0.500000000000063));
#5162=CARTESIAN_POINT('',(-9.31898852240631,16.4619570274164,-0.500000000000063));
#5163=CARTESIAN_POINT('',(-9.32783462019201,16.4607132160376,-0.500000000000063));
#5164=CARTESIAN_POINT('',(-9.32783462019201,16.4607132160376,-0.500000000000063));
#5165=CARTESIAN_POINT('',(-9.1,14.3337962760156,-7.69827086927729));
#5166=CARTESIAN_POINT('',(-9.1,14.3517675333473,-7.70864657953543));
#5167=CARTESIAN_POINT('',(-9.10330503982447,14.3699520987484,-7.71914544326482));
#5168=CARTESIAN_POINT('',(-9.10968008736144,14.3870542964656,-7.7290194017206));
#5169=CARTESIAN_POINT('',(-9.11656314212705,14.4055193138349,-7.73968018446935));
#5170=CARTESIAN_POINT('',(-9.12722281512525,14.4232099461547,-7.74989387580136));
#5171=CARTESIAN_POINT('',(-9.14077713866051,14.4386598469232,-7.75881388016896));
#5172=CARTESIAN_POINT('',(-9.15432780541157,14.4541055795047,-7.76773147803276));
#5173=CARTESIAN_POINT('',(-9.17114565410741,14.4677379901659,-7.77560215399767));
#5174=CARTESIAN_POINT('',(-9.18983790543514,14.4784261091424,-7.78177294236588));
#5175=CARTESIAN_POINT('',(-9.20852194380594,14.4891095319986,-7.78794101942777));
#5176=CARTESIAN_POINT('',(-9.22959441633045,14.4971460116738,-7.79258088313164));
#5177=CARTESIAN_POINT('',(-9.25130934037816,14.5018685159361,-7.7953074222387));
#5178=CARTESIAN_POINT('',(-9.27301518271726,14.5065890451324,-7.79803282104089));
#5179=CARTESIAN_POINT('',(-9.29596178417625,14.5081285992468,-7.7989216830233));
#5180=CARTESIAN_POINT('',(-9.31824813482812,14.5063594128246,-7.79790024276615));
#5181=CARTESIAN_POINT('',(-9.32145165142114,14.5061051038913,-7.79775341743509));
#5182=CARTESIAN_POINT('',(-9.32464900856845,14.505783715277,-7.79756786363208));
#5183=CARTESIAN_POINT('',(-9.32783462019201,14.5053958094988,-7.79734390612665));
#5184=CARTESIAN_POINT('',(-9.32783462019201,14.5053958094988,-7.79734390612665));
#5185=CARTESIAN_POINT('',(-9.32783462019201,0.,0.));
#5186=CARTESIAN_POINT('',(-9.3,0.,0.));
#5187=CARTESIAN_POINT('',(-9.32783462019201,-7.7973439061266,14.5053958094989));
#5188=CARTESIAN_POINT('',(-19.2649777855808,-7.09873464130059,13.2953690681818));
#5189=CARTESIAN_POINT('',(-29.2021009866885,-6.40005436150344,12.0852193253267));
#5190=CARTESIAN_POINT('',(-39.1391731009639,-5.70119248231551,10.8747550431002));
#5191=CARTESIAN_POINT('',(-39.1391731009639,-5.70119248231551,10.8747550431002));
#5192=CARTESIAN_POINT('',(-38.6720971174059,-0.5,12.3341078201948));
#5193=CARTESIAN_POINT('',(-29.8557051686881,-0.5,13.5741885799767));
#5194=CARTESIAN_POINT('',(-21.0392731721751,-0.5,14.8139846215268));
#5195=CARTESIAN_POINT('',(-12.2228237377383,-0.5,16.0536566161347));
#5196=CARTESIAN_POINT('',(-11.2578275894039,-0.5,16.1893437438033));
#5197=CARTESIAN_POINT('',(-10.2928312113423,-0.5,16.3250292376783));
#5198=CARTESIAN_POINT('',(-9.32783462019201,-0.5,16.4607132160377));
#5199=CARTESIAN_POINT('',(-38.6720971174059,-0.5,12.3341078201948));
#5200=CARTESIAN_POINT('',(-24.31963383734,0.,-2.01835545987111));
#5201=CARTESIAN_POINT('',(-38.6720971174059,0.5,12.3341078201948));
#5202=CARTESIAN_POINT('',(-38.6720971174059,0.5,12.3341078201948));
#5203=CARTESIAN_POINT('',(-29.8557051686881,0.5,13.5741885799767));
#5204=CARTESIAN_POINT('',(-21.0392731721751,0.5,14.8139846215268));
#5205=CARTESIAN_POINT('',(-12.2228237377383,0.5,16.0536566161347));
#5206=CARTESIAN_POINT('',(-11.2578275894039,0.5,16.1893437438033));
#5207=CARTESIAN_POINT('',(-10.2928312113423,0.5,16.3250292376783));
#5208=CARTESIAN_POINT('',(-9.32783462019201,0.5,16.4607132160377));
#5209=CARTESIAN_POINT('',(-9.32783462019201,0.5,16.4607132160377));
#5210=CARTESIAN_POINT('',(-9.32783462019201,0.,0.));
#5211=CARTESIAN_POINT('',(-9.32783462019201,7.7973439061266,14.5053958094989));
#5212=CARTESIAN_POINT('',(-9.32783462019201,7.7973439061266,14.5053958094989));
#5213=CARTESIAN_POINT('',(-19.2649777855808,7.09873464130058,13.2953690681819));
#5214=CARTESIAN_POINT('',(-29.2021009866885,6.40005436150343,12.0852193253268));
#5215=CARTESIAN_POINT('',(-39.1391731009639,5.70119248231549,10.8747550431002));
#5216=CARTESIAN_POINT('',(-39.1391731009639,5.70119248231549,10.8747550431002));
#5217=CARTESIAN_POINT('',(-39.1391731009639,0.,0.));
#5218=CARTESIAN_POINT('',(-9.32783462019201,0.,0.));
#5219=CARTESIAN_POINT('',(-9.32783462019201,0.,0.));
#5220=CARTESIAN_POINT('',(-9.32783462019201,-14.0053958094988,8.66336930991106));
#5221=CARTESIAN_POINT('',(-9.32783462019201,-8.66336930991104,14.0053958094989));
#5222=CARTESIAN_POINT('',(-9.32783462019201,-8.66336930991104,14.0053958094989));
#5223=CARTESIAN_POINT('',(-19.2649777855808,-7.96476004508503,12.7953690681818));
#5224=CARTESIAN_POINT('',(-29.2021009866885,-7.26607976528788,11.5852193253267));
#5225=CARTESIAN_POINT('',(-39.1391731009639,-6.56721788609995,10.3747550431002));
#5226=CARTESIAN_POINT('',(-39.1391731009639,-6.56721788609995,10.3747550431002));
#5227=CARTESIAN_POINT('',(-39.1391731009639,0.,0.));
#5228=CARTESIAN_POINT('',(-39.1391731009639,-12.2684103684154,0.500000000000005));
#5229=CARTESIAN_POINT('',(-9.32783462019201,-16.4607132160377,0.500000000000017));
#5230=CARTESIAN_POINT('',(-10.8667883836299,-16.2443276131772,0.500000000000016));
#5231=CARTESIAN_POINT('',(-12.405741605685,-16.0279381599102,0.500000000000016));
#5232=CARTESIAN_POINT('',(-13.944694216787,-15.8115443616921,0.500000000000015));
#5233=CARTESIAN_POINT('',(-22.3428773306844,-14.6306667121549,0.500000000000012));
#5234=CARTESIAN_POINT('',(-30.7410437461912,-13.4496702797949,0.500000000000008));
#5235=CARTESIAN_POINT('',(-39.1391731009639,-12.2684103684154,0.500000000000005));
#5236=CARTESIAN_POINT('',(-9.32783462019201,-14.5053958094988,7.79734390612662));
#5237=CARTESIAN_POINT('',(-19.1092846912512,-13.3143275157398,7.10968030610162));
#5238=CARTESIAN_POINT('',(-28.8907153126055,-12.1231393923708,6.421947522419));
#5239=CARTESIAN_POINT('',(-38.6720971174059,-10.931650705305,5.73404120820518));
#5240=CARTESIAN_POINT('',(-38.6720971174059,-10.931650705305,5.73404120820518));
#5241=CARTESIAN_POINT('',(-24.31963383734,1.74794710211541,-1.00917772993556));
#5242=CARTESIAN_POINT('',(-38.6720971174059,-10.431650705305,6.60006661198963));
#5243=CARTESIAN_POINT('',(-9.32783462019201,-14.0053958094988,8.66336930991106));
#5244=CARTESIAN_POINT('',(-19.1092846912512,-12.8143275157398,7.97570570988606));
#5245=CARTESIAN_POINT('',(-28.8907153126055,-11.6231393923708,7.28797292620344));
#5246=CARTESIAN_POINT('',(-38.6720971174059,-10.431650705305,6.60006661198963));
#5247=CARTESIAN_POINT('',(-9.32783462019201,0.,0.));
#5248=CARTESIAN_POINT('',(-9.32783462019201,0.,0.));
#5249=CARTESIAN_POINT('',(-9.32783462019201,-14.5053958094989,-7.79734390612658));
#5250=CARTESIAN_POINT('',(-9.32783462019201,-16.4607132160377,-0.499999999999983));
#5251=CARTESIAN_POINT('',(-9.32783462019201,-16.4607132160377,-0.499999999999983));
#5252=CARTESIAN_POINT('',(-10.8667883836299,-16.2443276131772,-0.499999999999984));
#5253=CARTESIAN_POINT('',(-12.405741605685,-16.0279381599102,-0.499999999999984));
#5254=CARTESIAN_POINT('',(-13.944694216787,-15.8115443616921,-0.499999999999985));
#5255=CARTESIAN_POINT('',(-22.3428773306844,-14.6306667121549,-0.499999999999988));
#5256=CARTESIAN_POINT('',(-30.7410437461912,-13.4496702797949,-0.499999999999992));
#5257=CARTESIAN_POINT('',(-39.1391731009639,-12.2684103684154,-0.499999999999995));
#5258=CARTESIAN_POINT('',(-39.1391731009639,-12.2684103684154,-0.499999999999995));
#5259=CARTESIAN_POINT('',(-39.1391731009639,0.,0.));
#5260=CARTESIAN_POINT('',(-39.1391731009639,-6.56721788609996,-10.3747550431002));
#5261=CARTESIAN_POINT('',(-9.32783462019201,-8.66336930991107,-14.0053958094988));
#5262=CARTESIAN_POINT('',(-19.2649777855808,-7.96476004508505,-12.7953690681818));
#5263=CARTESIAN_POINT('',(-29.2021009866885,-7.2660797652879,-11.5852193253267));
#5264=CARTESIAN_POINT('',(-39.1391731009639,-6.56721788609996,-10.3747550431002));
#5265=CARTESIAN_POINT('',(-9.32783462019201,-14.0053958094989,-8.66336930991102));
#5266=CARTESIAN_POINT('',(-19.1092846912512,-12.8143275157398,-7.97570570988603));
#5267=CARTESIAN_POINT('',(-28.8907153126055,-11.6231393923708,-7.28797292620341));
#5268=CARTESIAN_POINT('',(-38.6720971174059,-10.431650705305,-6.6000666119896));
#5269=CARTESIAN_POINT('',(-38.6720971174059,-10.431650705305,-6.6000666119896));
#5270=CARTESIAN_POINT('',(-24.31963383734,1.74794710211541,1.00917772993555));
#5271=CARTESIAN_POINT('',(-38.6720971174059,-10.931650705305,-5.73404120820516));
#5272=CARTESIAN_POINT('',(-9.32783462019201,-14.5053958094989,-7.79734390612658));
#5273=CARTESIAN_POINT('',(-19.1092846912512,-13.3143275157398,-7.10968030610159));
#5274=CARTESIAN_POINT('',(-28.8907153126055,-12.1231393923708,-6.42194752241898));
#5275=CARTESIAN_POINT('',(-38.6720971174059,-10.931650705305,-5.73404120820516));
#5276=CARTESIAN_POINT('',(-9.32783462019201,0.,0.));
#5277=CARTESIAN_POINT('',(-9.32783462019201,0.,0.));
#5278=CARTESIAN_POINT('',(-9.32783462019201,-0.500000000000039,-16.4607132160377));
#5279=CARTESIAN_POINT('',(-9.32783462019201,-7.79734390612663,-14.5053958094988));
#5280=CARTESIAN_POINT('',(-9.32783462019201,-7.79734390612663,-14.5053958094988));
#5281=CARTESIAN_POINT('',(-19.2649777855808,-7.09873464130061,-13.2953690681818));
#5282=CARTESIAN_POINT('',(-29.2021009866885,-6.40005436150346,-12.0852193253267));
#5283=CARTESIAN_POINT('',(-39.1391731009639,-5.70119248231552,-10.8747550431002));
#5284=CARTESIAN_POINT('',(-39.1391731009639,-5.70119248231552,-10.8747550431002));
#5285=CARTESIAN_POINT('',(-39.1391731009639,0.,0.));
#5286=CARTESIAN_POINT('',(-39.1391731009639,5.70119248231548,-10.8747550431002));
#5287=CARTESIAN_POINT('',(-9.32783462019201,7.79734390612657,-14.5053958094989));
#5288=CARTESIAN_POINT('',(-19.2649777855808,7.09873464130056,-13.2953690681819));
#5289=CARTESIAN_POINT('',(-29.2021009866885,6.40005436150342,-12.0852193253268));
#5290=CARTESIAN_POINT('',(-39.1391731009639,5.70119248231548,-10.8747550431002));
#5291=CARTESIAN_POINT('',(-9.32783462019201,0.499999999999961,-16.4607132160377));
#5292=CARTESIAN_POINT('',(-10.3961598723784,0.499999999999962,-16.3105006435501));
#5293=CARTESIAN_POINT('',(-11.4644848634385,0.499999999999962,-16.1602862138957));
#5294=CARTESIAN_POINT('',(-12.5328095706731,0.499999999999962,-16.0100697657131));
#5295=CARTESIAN_POINT('',(-21.2459299452156,0.499999999999965,-14.7849235284431));
#5296=CARTESIAN_POINT('',(-29.9590331085568,0.499999999999968,-13.5596548579139));
#5297=CARTESIAN_POINT('',(-38.6720971174059,0.499999999999971,-12.3341078201948));
#5298=CARTESIAN_POINT('',(-38.6720971174059,0.499999999999971,-12.3341078201948));
#5299=CARTESIAN_POINT('',(-24.31963383734,4.72882666220089E-15,2.01835545987111));
#5300=CARTESIAN_POINT('',(-38.6720971174059,-0.500000000000029,-12.3341078201948));
#5301=CARTESIAN_POINT('',(-9.32783462019201,-0.500000000000039,-16.4607132160377));
#5302=CARTESIAN_POINT('',(-10.3961598723784,-0.500000000000038,-16.3105006435501));
#5303=CARTESIAN_POINT('',(-11.4644848634385,-0.500000000000038,-16.1602862138957));
#5304=CARTESIAN_POINT('',(-12.5328095706731,-0.500000000000038,-16.0100697657131));
#5305=CARTESIAN_POINT('',(-21.2459299452156,-0.500000000000035,-14.7849235284431));
#5306=CARTESIAN_POINT('',(-29.9590331085568,-0.500000000000032,-13.5596548579139));
#5307=CARTESIAN_POINT('',(-38.6720971174059,-0.500000000000029,-12.3341078201948));
#5308=CARTESIAN_POINT('',(-9.32783462019201,0.,0.));
#5309=CARTESIAN_POINT('',(-9.32783462019201,0.,0.));
#5310=CARTESIAN_POINT('',(-9.32783462019201,14.0053958094988,-8.66336930991109));
#5311=CARTESIAN_POINT('',(-9.32783462019201,8.66336930991101,-14.0053958094989));
#5312=CARTESIAN_POINT('',(-9.32783462019201,8.66336930991101,-14.0053958094989));
#5313=CARTESIAN_POINT('',(-19.2649777855808,7.96476004508499,-12.7953690681819));
#5314=CARTESIAN_POINT('',(-29.2021009866885,7.26607976528785,-11.5852193253268));
#5315=CARTESIAN_POINT('',(-39.1391731009639,6.56721788609992,-10.3747550431002));
#5316=CARTESIAN_POINT('',(-39.1391731009639,6.56721788609992,-10.3747550431002));
#5317=CARTESIAN_POINT('',(-39.1391731009639,0.,0.));
#5318=CARTESIAN_POINT('',(-39.1391731009639,12.2684103684154,-0.500000000000039));
#5319=CARTESIAN_POINT('',(-9.32783462019201,16.4607132160376,-0.500000000000063));
#5320=CARTESIAN_POINT('',(-10.8667883836299,16.2443276131772,-0.500000000000062));
#5321=CARTESIAN_POINT('',(-12.405741605685,16.0279381599102,-0.50000000000006));
#5322=CARTESIAN_POINT('',(-13.944694216787,15.8115443616921,-0.500000000000059));
#5323=CARTESIAN_POINT('',(-22.3428773306844,14.6306667121549,-0.500000000000052));
#5324=CARTESIAN_POINT('',(-30.7410437461912,13.4496702797949,-0.500000000000046));
#5325=CARTESIAN_POINT('',(-39.1391731009639,12.2684103684154,-0.500000000000039));
#5326=CARTESIAN_POINT('',(-9.32783462019201,14.5053958094988,-7.79734390612665));
#5327=CARTESIAN_POINT('',(-19.1092846912512,13.3143275157398,-7.10968030610165));
#5328=CARTESIAN_POINT('',(-28.8907153126055,12.1231393923707,-6.42194752241903));
#5329=CARTESIAN_POINT('',(-38.6720971174059,10.931650705305,-5.73404120820522));
#5330=CARTESIAN_POINT('',(-38.6720971174059,10.931650705305,-5.73404120820522));
#5331=CARTESIAN_POINT('',(-24.31963383734,-1.7479471021154,1.00917772993556));
#5332=CARTESIAN_POINT('',(-38.6720971174059,10.431650705305,-6.60006661198965));
#5333=CARTESIAN_POINT('',(-9.32783462019201,14.0053958094988,-8.66336930991109));
#5334=CARTESIAN_POINT('',(-19.1092846912512,12.8143275157398,-7.97570570988609));
#5335=CARTESIAN_POINT('',(-28.8907153126055,11.6231393923707,-7.28797292620347));
#5336=CARTESIAN_POINT('',(-38.6720971174059,10.431650705305,-6.60006661198965));
#5337=CARTESIAN_POINT('',(-9.32783462019201,0.,0.));
#5338=CARTESIAN_POINT('',(-40.0000000000038,-5.20561130753444,10.0163832691047));
#5339=CARTESIAN_POINT('',(-40.0000000000038,-5.24805196853745,10.0898926502687));
#5340=CARTESIAN_POINT('',(-39.9890392965555,-5.29083128604167,10.1639886016991));
#5341=CARTESIAN_POINT('',(-39.9676394385533,-5.3319009978223,10.2351234291554));
#5342=CARTESIAN_POINT('',(-39.9393684304537,-5.38615753327613,10.3290985052041));
#5343=CARTESIAN_POINT('',(-39.8919672120725,-5.4387226416408,10.4201439435971));
#5344=CARTESIAN_POINT('',(-39.8293527663087,-5.48523545610754,10.5007065014565));
#5345=CARTESIAN_POINT('',(-39.7667736417208,-5.53172203242292,10.5812236135047));
#5346=CARTESIAN_POINT('',(-39.6872692582928,-5.57344646702314,10.6534924541493));
#5347=CARTESIAN_POINT('',(-39.597423182131,-5.60694212548291,10.7115086364346));
#5348=CARTESIAN_POINT('',(-39.5076534932456,-5.64040930588073,10.7694754932697));
#5349=CARTESIAN_POINT('',(-39.4050805215586,-5.66658545495054,10.8148139134051));
#5350=CARTESIAN_POINT('',(-39.2982064399679,-5.68329425788367,10.843754409019));
#5351=CARTESIAN_POINT('',(-39.2463451570602,-5.69140230375473,10.8577979564177));
#5352=CARTESIAN_POINT('',(-39.1929808390443,-5.69740825125456,10.868200562635));
#5353=CARTESIAN_POINT('',(-39.1391731009639,-5.70119248231551,10.8747550431002));
#5354=CARTESIAN_POINT('',(-40.0000000000038,5.20561130753444,10.0163832691047));
#5355=CARTESIAN_POINT('',(-40.0000000000038,5.24805196853745,10.0898926502687));
#5356=CARTESIAN_POINT('',(-39.9890392965555,5.29083128604165,10.1639886016992));
#5357=CARTESIAN_POINT('',(-39.9676394385533,5.33190099782229,10.2351234291554));
#5358=CARTESIAN_POINT('',(-39.9393684304537,5.38615753327611,10.3290985052041));
#5359=CARTESIAN_POINT('',(-39.8919672120725,5.43872264164079,10.4201439435971));
#5360=CARTESIAN_POINT('',(-39.8293527663087,5.48523545610752,10.5007065014565));
#5361=CARTESIAN_POINT('',(-39.7667736417208,5.53172203242291,10.5812236135047));
#5362=CARTESIAN_POINT('',(-39.6872692582928,5.57344646702312,10.6534924541493));
#5363=CARTESIAN_POINT('',(-39.597423182131,5.60694212548289,10.7115086364346));
#5364=CARTESIAN_POINT('',(-39.5076534932456,5.64040930588071,10.7694754932697));
#5365=CARTESIAN_POINT('',(-39.4050805215586,5.66658545495052,10.8148139134051));
#5366=CARTESIAN_POINT('',(-39.2982064399679,5.68329425788366,10.843754409019));
#5367=CARTESIAN_POINT('',(-39.2463451570602,5.69140230375471,10.8577979564178));
#5368=CARTESIAN_POINT('',(-39.1929808390443,5.69740825125454,10.868200562635));
#5369=CARTESIAN_POINT('',(-39.1391731009639,5.70119248231549,10.8747550431002));
#5370=CARTESIAN_POINT('',(-39.0000000000038,0.,0.));
#5371=CARTESIAN_POINT('',(-40.0000000000038,-6.07163671131888,9.51638326910471));
#5372=CARTESIAN_POINT('',(-40.0000000000038,-6.11407737232189,9.58989265026873));
#5373=CARTESIAN_POINT('',(-39.9890392965555,-6.15685668982611,9.66398860169915));
#5374=CARTESIAN_POINT('',(-39.9676394385533,-6.19792640160674,9.73512342915541));
#5375=CARTESIAN_POINT('',(-39.9393684304537,-6.25218293706056,9.8290985052041));
#5376=CARTESIAN_POINT('',(-39.8919672120725,-6.30474804542524,9.92014394359708));
#5377=CARTESIAN_POINT('',(-39.8293527663087,-6.35126085989198,10.0007065014565));
#5378=CARTESIAN_POINT('',(-39.7667736417208,-6.39774743620736,10.0812236135047));
#5379=CARTESIAN_POINT('',(-39.6872692582929,-6.43947187080758,10.1534924541493));
#5380=CARTESIAN_POINT('',(-39.597423182131,-6.47296752926735,10.2115086364346));
#5381=CARTESIAN_POINT('',(-39.5076534932456,-6.50643470966517,10.2694754932697));
#5382=CARTESIAN_POINT('',(-39.4050805215586,-6.53261085873497,10.3148139134051));
#5383=CARTESIAN_POINT('',(-39.2982064399679,-6.54931966166811,10.343754409019));
#5384=CARTESIAN_POINT('',(-39.2463451570602,-6.55742770753917,10.3577979564177));
#5385=CARTESIAN_POINT('',(-39.1929808390443,-6.563433655039,10.368200562635));
#5386=CARTESIAN_POINT('',(-39.1391731009639,-6.56721788609995,10.3747550431002));
#5387=CARTESIAN_POINT('',(-40.0000000000038,-11.2772480188532,0.500000000000013));
#5388=CARTESIAN_POINT('',(-40.0000000000038,-11.3573707737828,0.500000000000013));
#5389=CARTESIAN_POINT('',(-39.9902508204133,-11.4380639420814,0.500000000000004));
#5390=CARTESIAN_POINT('',(-39.9711662545178,-11.5158806189707,0.500000000000004));
#5391=CARTESIAN_POINT('',(-39.9444562187711,-11.6247898932394,0.500000000000004));
#5392=CARTESIAN_POINT('',(-39.8985694208293,-11.7305913506668,0.500000000000004));
#5393=CARTESIAN_POINT('',(-39.8372972636583,-11.824508222351,0.500000000000004));
#5394=CARTESIAN_POINT('',(-39.7988871209886,-11.8833826052198,0.500000000000005));
#5395=CARTESIAN_POINT('',(-39.7539941165612,-11.938489870303,0.500000000000005));
#5396=CARTESIAN_POINT('',(-39.7040982338743,-11.9880068664659,0.500000000000005));
#5397=CARTESIAN_POINT('',(-39.6246721334737,-12.0668298413686,0.500000000000005));
#5398=CARTESIAN_POINT('',(-39.5305489914839,-12.1330350282117,0.500000000000005));
#5399=CARTESIAN_POINT('',(-39.4295123424205,-12.1811303745915,0.500000000000005));
#5400=CARTESIAN_POINT('',(-39.3382648866295,-12.2245658807491,0.500000000000005));
#5401=CARTESIAN_POINT('',(-39.2392461095928,-12.254334348827,0.500000000000005));
#5402=CARTESIAN_POINT('',(-39.1391731009639,-12.2684103684154,0.500000000000005));
#5403=CARTESIAN_POINT('',(-39.0000000000038,0.,0.));
#5404=CARTESIAN_POINT('',(-40.0000000000038,-11.2772480188532,-0.499999999999988));
#5405=CARTESIAN_POINT('',(-40.0000000000038,-11.3573707737828,-0.499999999999988));
#5406=CARTESIAN_POINT('',(-39.9902508204133,-11.4380639420814,-0.499999999999996));
#5407=CARTESIAN_POINT('',(-39.9711662545178,-11.5158806189707,-0.499999999999996));
#5408=CARTESIAN_POINT('',(-39.9444562187711,-11.6247898932394,-0.499999999999996));
#5409=CARTESIAN_POINT('',(-39.8985694208293,-11.7305913506668,-0.499999999999996));
#5410=CARTESIAN_POINT('',(-39.8372972636583,-11.824508222351,-0.499999999999996));
#5411=CARTESIAN_POINT('',(-39.7988871209886,-11.8833826052198,-0.499999999999995));
#5412=CARTESIAN_POINT('',(-39.7539941165612,-11.938489870303,-0.499999999999995));
#5413=CARTESIAN_POINT('',(-39.7040982338743,-11.9880068664659,-0.499999999999995));
#5414=CARTESIAN_POINT('',(-39.6246721334737,-12.0668298413686,-0.499999999999995));
#5415=CARTESIAN_POINT('',(-39.5305489914839,-12.1330350282117,-0.499999999999995));
#5416=CARTESIAN_POINT('',(-39.4295123424205,-12.1811303745915,-0.499999999999995));
#5417=CARTESIAN_POINT('',(-39.3382648866295,-12.2245658807491,-0.499999999999995));
#5418=CARTESIAN_POINT('',(-39.2392461095928,-12.254334348827,-0.499999999999995));
#5419=CARTESIAN_POINT('',(-39.1391731009639,-12.2684103684154,-0.499999999999995));
#5420=CARTESIAN_POINT('',(-40.0000000000038,-6.0716367113189,-9.5163832691047));
#5421=CARTESIAN_POINT('',(-40.0000000000038,-6.11407737232191,-9.58989265026871));
#5422=CARTESIAN_POINT('',(-39.9890392965555,-6.15685668982611,-9.66398860169913));
#5423=CARTESIAN_POINT('',(-39.9676394385533,-6.19792640160674,-9.7351234291554));
#5424=CARTESIAN_POINT('',(-39.9393684304537,-6.25218293706057,-9.82909850520408));
#5425=CARTESIAN_POINT('',(-39.8919672120725,-6.30474804542525,-9.92014394359707));
#5426=CARTESIAN_POINT('',(-39.8293527663087,-6.35126085989198,-10.0007065014565));
#5427=CARTESIAN_POINT('',(-39.7667736417208,-6.39774743620737,-10.0812236135047));
#5428=CARTESIAN_POINT('',(-39.6872692582929,-6.43947187080759,-10.1534924541493));
#5429=CARTESIAN_POINT('',(-39.597423182131,-6.47296752926735,-10.2115086364346));
#5430=CARTESIAN_POINT('',(-39.5076534932456,-6.50643470966518,-10.2694754932697));
#5431=CARTESIAN_POINT('',(-39.4050805215586,-6.53261085873498,-10.3148139134051));
#5432=CARTESIAN_POINT('',(-39.2982064399679,-6.54931966166812,-10.343754409019));
#5433=CARTESIAN_POINT('',(-39.2463451570602,-6.55742770753918,-10.3577979564177));
#5434=CARTESIAN_POINT('',(-39.1929808390443,-6.56343365503901,-10.368200562635));
#5435=CARTESIAN_POINT('',(-39.1391731009639,-6.56721788609996,-10.3747550431002));
#5436=CARTESIAN_POINT('',(-39.0000000000038,0.,0.));
#5437=CARTESIAN_POINT('',(-40.0000000000038,-5.20561130753446,-10.0163832691047));
#5438=CARTESIAN_POINT('',(-40.0000000000038,-5.24805196853747,-10.0898926502687));
#5439=CARTESIAN_POINT('',(-39.9890392965555,-5.29083128604168,-10.1639886016991));
#5440=CARTESIAN_POINT('',(-39.9676394385533,-5.33190099782231,-10.2351234291554));
#5441=CARTESIAN_POINT('',(-39.9393684304537,-5.38615753327613,-10.3290985052041));
#5442=CARTESIAN_POINT('',(-39.8919672120725,-5.43872264164081,-10.4201439435971));
#5443=CARTESIAN_POINT('',(-39.8293527663087,-5.48523545610754,-10.5007065014565));
#5444=CARTESIAN_POINT('',(-39.7667736417208,-5.53172203242293,-10.5812236135047));
#5445=CARTESIAN_POINT('',(-39.6872692582929,-5.57344646702315,-10.6534924541493));
#5446=CARTESIAN_POINT('',(-39.597423182131,-5.60694212548292,-10.7115086364346));
#5447=CARTESIAN_POINT('',(-39.5076534932456,-5.64040930588074,-10.7694754932697));
#5448=CARTESIAN_POINT('',(-39.4050805215586,-5.66658545495055,-10.8148139134051));
#5449=CARTESIAN_POINT('',(-39.2982064399679,-5.68329425788368,-10.843754409019));
#5450=CARTESIAN_POINT('',(-39.2463451570602,-5.69140230375474,-10.8577979564177));
#5451=CARTESIAN_POINT('',(-39.1929808390443,-5.69740825125456,-10.868200562635));
#5452=CARTESIAN_POINT('',(-39.1391731009639,-5.70119248231552,-10.8747550431002));
#5453=CARTESIAN_POINT('',(-40.0000000000038,-5.20561130753446,-10.0163832691047));
#5454=CARTESIAN_POINT('',(-40.0000000000038,0.,0.));
#5455=CARTESIAN_POINT('',(-40.0000000000038,5.20561130753442,-10.0163832691047));
#5456=CARTESIAN_POINT('',(-40.0000000000038,5.20561130753442,-10.0163832691047));
#5457=CARTESIAN_POINT('',(-40.0000000000038,5.24805196853742,-10.0898926502687));
#5458=CARTESIAN_POINT('',(-39.9890392965555,5.29083128604165,-10.1639886016992));
#5459=CARTESIAN_POINT('',(-39.9676394385533,5.33190099782228,-10.2351234291554));
#5460=CARTESIAN_POINT('',(-39.9393684304537,5.3861575332761,-10.3290985052041));
#5461=CARTESIAN_POINT('',(-39.8919672120725,5.43872264164078,-10.4201439435971));
#5462=CARTESIAN_POINT('',(-39.8293527663087,5.48523545610751,-10.5007065014565));
#5463=CARTESIAN_POINT('',(-39.7667736417208,5.5317220324229,-10.5812236135047));
#5464=CARTESIAN_POINT('',(-39.6872692582928,5.57344646702312,-10.6534924541493));
#5465=CARTESIAN_POINT('',(-39.597423182131,5.60694212548288,-10.7115086364346));
#5466=CARTESIAN_POINT('',(-39.5076534932456,5.64040930588071,-10.7694754932697));
#5467=CARTESIAN_POINT('',(-39.4050805215586,5.66658545495051,-10.8148139134051));
#5468=CARTESIAN_POINT('',(-39.2982064399679,5.68329425788365,-10.843754409019));
#5469=CARTESIAN_POINT('',(-39.2463451570602,5.69140230375471,-10.8577979564178));
#5470=CARTESIAN_POINT('',(-39.1929808390443,5.69740825125453,-10.868200562635));
#5471=CARTESIAN_POINT('',(-39.1391731009639,5.70119248231548,-10.8747550431002));
#5472=CARTESIAN_POINT('',(-39.0000000000038,0.,0.));
#5473=CARTESIAN_POINT('',(-40.0000000000038,6.07163671131886,-9.51638326910473));
#5474=CARTESIAN_POINT('',(-40.0000000000038,6.11407737232186,-9.58989265026874));
#5475=CARTESIAN_POINT('',(-39.9890392965555,6.15685668982608,-9.66398860169915));
#5476=CARTESIAN_POINT('',(-39.9676394385533,6.19792640160671,-9.73512342915541));
#5477=CARTESIAN_POINT('',(-39.9393684304537,6.25218293706054,-9.8290985052041));
#5478=CARTESIAN_POINT('',(-39.8919672120725,6.30474804542522,-9.92014394359709));
#5479=CARTESIAN_POINT('',(-39.8293527663087,6.35126085989195,-10.0007065014565));
#5480=CARTESIAN_POINT('',(-39.7667736417208,6.39774743620733,-10.0812236135047));
#5481=CARTESIAN_POINT('',(-39.6872692582929,6.43947187080755,-10.1534924541493));
#5482=CARTESIAN_POINT('',(-39.597423182131,6.47296752926732,-10.2115086364346));
#5483=CARTESIAN_POINT('',(-39.5076534932457,6.50643470966514,-10.2694754932697));
#5484=CARTESIAN_POINT('',(-39.4050805215586,6.53261085873495,-10.3148139134051));
#5485=CARTESIAN_POINT('',(-39.2982064399679,6.54931966166809,-10.343754409019));
#5486=CARTESIAN_POINT('',(-39.2463451570602,6.55742770753914,-10.3577979564178));
#5487=CARTESIAN_POINT('',(-39.1929808390443,6.56343365503897,-10.368200562635));
#5488=CARTESIAN_POINT('',(-39.1391731009639,6.56721788609992,-10.3747550431002));
#5489=CARTESIAN_POINT('',(-40.0000000000038,11.2772480188532,-0.500000000000045));
#5490=CARTESIAN_POINT('',(-40.0000000000038,11.3591862039626,-0.500000000000045));
#5491=CARTESIAN_POINT('',(-39.9897973489049,11.441734161993,-0.500000000000036));
#5492=CARTESIAN_POINT('',(-39.9698447505582,11.521205917971,-0.500000000000036));
#5493=CARTESIAN_POINT('',(-39.942538685045,11.6299667388659,-0.500000000000036));
#5494=CARTESIAN_POINT('',(-39.896073143099,11.735514765038,-0.500000000000037));
#5495=CARTESIAN_POINT('',(-39.8342875161788,11.8290940024875,-0.500000000000037));
#5496=CARTESIAN_POINT('',(-39.7725359978018,11.9226215798402,-0.500000000000038));
#5497=CARTESIAN_POINT('',(-39.6937749605787,12.0067755362321,-0.500000000000038));
#5498=CARTESIAN_POINT('',(-39.6045261485733,12.0745642322143,-0.500000000000038));
#5499=CARTESIAN_POINT('',(-39.5153529471443,12.1422954983856,-0.500000000000039));
#5500=CARTESIAN_POINT('',(-39.4132469990608,12.195558748444,-0.500000000000039));
#5501=CARTESIAN_POINT('',(-39.3066716693849,12.2299256420298,-0.500000000000039));
#5502=CARTESIAN_POINT('',(-39.2521487159179,12.2475074270966,-0.500000000000039));
#5503=CARTESIAN_POINT('',(-39.1959022911178,12.2604309821375,-0.500000000000039));
#5504=CARTESIAN_POINT('',(-39.1391731009639,12.2684103684154,-0.500000000000039));
#5505=CARTESIAN_POINT('',(-39.0000000000038,0.,0.));
#5506=CARTESIAN_POINT('',(0.,-5.85732738728462,9.14518863134164));
#5507=CARTESIAN_POINT('',(0.,-5.85732738728462,9.14518863134164));
#5508=CARTESIAN_POINT('',(0.,-4.99130198350018,9.64518863134164));
#5509=CARTESIAN_POINT('',(4.288307088858E-16,-5.85732738728462,9.14518863134164));
#5510=CARTESIAN_POINT('',(1.67523646940377E-15,-7.09060722760901,11.2812919747339));
#5511=CARTESIAN_POINT('',(6.7331941413751E-15,0.,0.));
#5512=CARTESIAN_POINT('',(2.18184737258426E-15,-11.2812919747339,7.09060722760903));
#5513=CARTESIAN_POINT('',(-4.54660459486509E-15,0.25,0.433012701892219));
#5514=CARTESIAN_POINT('',(-4.54660459486509E-15,-0.5,0.));
#5515=CARTESIAN_POINT('',(4.288307088858E-16,-4.99130198350018,9.64518863134164));
#5516=CARTESIAN_POINT('',(3.36659707068755E-15,0.,0.));
#5517=CARTESIAN_POINT('',(-4.54660459486509E-15,-0.249999999999999,0.43301270189222));
#5518=CARTESIAN_POINT('',(-1.12750565623145E-14,11.2812919747339,7.090607227609));
#5519=CARTESIAN_POINT('',(6.7331941413751E-15,0.,0.));
#5520=CARTESIAN_POINT('',(1.67523646940377E-15,7.09060722760901,11.2812919747339));
#5521=CARTESIAN_POINT('',(4.288307088858E-16,5.85732738728462,9.14518863134164));
#5522=CARTESIAN_POINT('',(0.,5.85732738728462,9.14518863134164));
#5523=CARTESIAN_POINT('',(0.,4.99130198350018,9.64518863134164));
#5524=CARTESIAN_POINT('',(0.,4.99130198350018,9.64518863134164));
#5525=CARTESIAN_POINT('',(4.288307088858E-16,4.99130198350018,9.64518863134164));
#5526=CARTESIAN_POINT('',(1.67523646940377E-15,6.22458182382457,11.7812919747339));
#5527=CARTESIAN_POINT('',(6.7331941413751E-15,0.,0.));
#5528=CARTESIAN_POINT('',(2.18184737258426E-15,0.5,13.3151890514336));
#5529=CARTESIAN_POINT('',(-4.54660459486509E-15,0.5,0.));
#5530=CARTESIAN_POINT('',(3.36659707068755E-15,0.,0.));
#5531=CARTESIAN_POINT('',(0.,-10.8486293707848,-0.499999999999988));
#5532=CARTESIAN_POINT('',(0.,-10.8486293707848,-0.499999999999988));
#5533=CARTESIAN_POINT('',(0.,-10.8486293707848,0.500000000000013));
#5534=CARTESIAN_POINT('',(4.288307088858E-16,-10.8486293707848,-0.499999999999987));
#5535=CARTESIAN_POINT('',(1.67523646940377E-15,-13.3151890514336,-0.499999999999985));
#5536=CARTESIAN_POINT('',(6.7331941413751E-15,0.,0.));
#5537=CARTESIAN_POINT('',(2.18184737258426E-15,-11.7812919747339,-6.22458182382456));
#5538=CARTESIAN_POINT('',(-4.54660459486509E-15,-0.249999999999999,0.43301270189222));
#5539=CARTESIAN_POINT('',(-4.54660459486509E-15,-0.25,-0.433012701892219));
#5540=CARTESIAN_POINT('',(4.288307088858E-16,-10.8486293707848,0.500000000000013));
#5541=CARTESIAN_POINT('',(3.36659707068755E-15,0.,0.));
#5542=CARTESIAN_POINT('',(0.,-4.99130198350021,-9.64518863134163));
#5543=CARTESIAN_POINT('',(0.,-4.99130198350021,-9.64518863134163));
#5544=CARTESIAN_POINT('',(0.,-5.85732738728464,-9.14518863134163));
#5545=CARTESIAN_POINT('',(4.288307088858E-16,-4.99130198350021,-9.64518863134163));
#5546=CARTESIAN_POINT('',(1.67523646940377E-15,-6.2245818238246,-11.7812919747339));
#5547=CARTESIAN_POINT('',(6.7331941413751E-15,0.,0.));
#5548=CARTESIAN_POINT('',(2.18184737258426E-15,-0.500000000000031,-13.3151890514336));
#5549=CARTESIAN_POINT('',(-4.54660459486509E-15,-0.5,1.17145536458252E-15));
#5550=CARTESIAN_POINT('',(-4.54660459486509E-15,0.249999999999999,-0.43301270189222));
#5551=CARTESIAN_POINT('',(4.288307088858E-16,-5.85732738728464,-9.14518863134163));
#5552=CARTESIAN_POINT('',(3.36659707068755E-15,0.,0.));
#5553=CARTESIAN_POINT('',(0.,5.8573273872846,-9.14518863134165));
#5554=CARTESIAN_POINT('',(0.,5.8573273872846,-9.14518863134165));
#5555=CARTESIAN_POINT('',(0.,4.99130198350016,-9.64518863134165));
#5556=CARTESIAN_POINT('',(4.288307088858E-16,5.8573273872846,-9.14518863134165));
#5557=CARTESIAN_POINT('',(1.67523646940377E-15,7.09060722760899,-11.2812919747339));
#5558=CARTESIAN_POINT('',(6.7331941413751E-15,0.,0.));
#5559=CARTESIAN_POINT('',(2.18184737258426E-15,11.2812919747339,-7.09060722760905));
#5560=CARTESIAN_POINT('',(-4.54660459486509E-15,-0.250000000000001,-0.433012701892219));
#5561=CARTESIAN_POINT('',(-3.05184329247494E-15,2.31173769148989,-1.91203264766713));
#5562=CARTESIAN_POINT('',(0.,0.,0.));
#5563=CARTESIAN_POINT('',(-3.05184329247494E-15,0.499999999999993,-2.95803989154981));
#5564=CARTESIAN_POINT('',(-4.54660459486509E-15,0.5,-1.17145536458252E-15));
#5565=CARTESIAN_POINT('',(4.288307088858E-16,4.99130198350016,-9.64518863134165));
#5566=CARTESIAN_POINT('',(3.36659707068755E-15,0.,0.));
#5567=CARTESIAN_POINT('',(0.,10.8486293707848,0.499999999999958));
#5568=CARTESIAN_POINT('',(0.,10.8486293707848,0.499999999999958));
#5569=CARTESIAN_POINT('',(0.,10.8486293707848,-0.500000000000043));
#5570=CARTESIAN_POINT('',(4.288307088858E-16,10.8486293707848,0.499999999999957));
#5571=CARTESIAN_POINT('',(1.67523646940377E-15,13.3151890514336,0.499999999999948));
#5572=CARTESIAN_POINT('',(6.7331941413751E-15,0.,0.));
#5573=CARTESIAN_POINT('',(2.18184737258426E-15,11.7812919747339,6.22458182382453));
#5574=CARTESIAN_POINT('',(-4.54660459486509E-15,0.249999999999998,-0.43301270189222));
#5575=CARTESIAN_POINT('',(-4.54660459486509E-15,0.250000000000001,0.433012701892219));
#5576=CARTESIAN_POINT('',(4.288307088858E-16,10.8486293707848,-0.500000000000044));
#5577=CARTESIAN_POINT('',(3.36659707068755E-15,0.,0.));
#5578=CARTESIAN_POINT('',(1.67523646940377E-15,-7.09060722760901,11.2812919747339));
#5579=CARTESIAN_POINT('',(-1.73327711090626,-7.59131387748975,12.148541332015));
#5580=CARTESIAN_POINT('',(-3.46662079473875,-8.0919629150696,13.0156909018637));
#5581=CARTESIAN_POINT('',(-5.19999999999999,-8.59258120051735,13.8827872074572));
#5582=CARTESIAN_POINT('',(-5.19999999999999,-8.59258120051735,13.8827872074572));
#5583=CARTESIAN_POINT('',(-5.19999999999999,0.,0.));
#5584=CARTESIAN_POINT('',(-5.2,-13.8827872074572,8.59258120051737));
#5585=CARTESIAN_POINT('',(2.18184737258426E-15,-11.2812919747339,7.09060722760903));
#5586=CARTESIAN_POINT('',(-1.73327711090625,-12.1485413320149,7.59131387748976));
#5587=CARTESIAN_POINT('',(-3.46662079473875,-13.0156909018637,8.09196291506962));
#5588=CARTESIAN_POINT('',(-5.2,-13.8827872074572,8.59258120051737));
#5589=CARTESIAN_POINT('',(6.7331941413751E-15,0.,0.));
#5590=CARTESIAN_POINT('',(-5.2,13.8827872074573,8.59258120051734));
#5591=CARTESIAN_POINT('',(-3.46662079473876,13.0156909018637,8.09196291506959));
#5592=CARTESIAN_POINT('',(-1.73327711090626,12.148541332015,7.59131387748973));
#5593=CARTESIAN_POINT('',(-1.12750565623145E-14,11.2812919747339,7.090607227609));
#5594=CARTESIAN_POINT('',(-5.2,13.8827872074573,8.59258120051734));
#5595=CARTESIAN_POINT('',(-5.19999999999999,0.,0.));
#5596=CARTESIAN_POINT('',(-5.2,8.59258120051735,13.8827872074572));
#5597=CARTESIAN_POINT('',(1.67523646940377E-15,7.09060722760901,11.2812919747339));
#5598=CARTESIAN_POINT('',(-1.73327711090626,7.59131387748975,12.148541332015));
#5599=CARTESIAN_POINT('',(-3.46662079473875,8.0919629150696,13.0156909018637));
#5600=CARTESIAN_POINT('',(-5.2,8.59258120051735,13.8827872074572));
#5601=CARTESIAN_POINT('',(6.7331941413751E-15,0.,0.));
#5602=CARTESIAN_POINT('',(1.67523646940377E-15,-13.3151890514336,-0.499999999999985));
#5603=CARTESIAN_POINT('',(-1.29069380488293,-14.0608966673691,-0.499999999999984));
#5604=CARTESIAN_POINT('',(-2.5814250293316,-14.8065395176404,-0.499999999999983));
#5605=CARTESIAN_POINT('',(-3.87217955525556,-15.5521420258404,-0.499999999999983));
#5606=CARTESIAN_POINT('',(-4.3147836831117,-15.8078116680856,-0.499999999999983));
#5607=CARTESIAN_POINT('',(-4.75739062433267,-16.0634764400022,-0.499999999999982));
#5608=CARTESIAN_POINT('',(-5.2,-16.3191369972503,-0.499999999999982));
#5609=CARTESIAN_POINT('',(-5.2,-16.3191369972503,-0.499999999999982));
#5610=CARTESIAN_POINT('',(-5.19999999999999,0.,0.));
#5611=CARTESIAN_POINT('',(-5.2,-14.3827872074573,-7.7265557967329));
#5612=CARTESIAN_POINT('',(2.18184737258426E-15,-11.7812919747339,-6.22458182382456));
#5613=CARTESIAN_POINT('',(-1.73327711090626,-12.648541332015,-6.72528847370529));
#5614=CARTESIAN_POINT('',(-3.46662079473875,-13.5156909018637,-7.22593751128514));
#5615=CARTESIAN_POINT('',(-5.2,-14.3827872074573,-7.7265557967329));
#5616=CARTESIAN_POINT('',(6.7331941413751E-15,0.,0.));
#5617=CARTESIAN_POINT('',(1.67523646940377E-15,-6.2245818238246,-11.7812919747339));
#5618=CARTESIAN_POINT('',(-1.73327711090626,-6.72528847370534,-12.6485413320149));
#5619=CARTESIAN_POINT('',(-3.46662079473875,-7.22593751128519,-13.5156909018637));
#5620=CARTESIAN_POINT('',(-5.2,-7.72655579673295,-14.3827872074572));
#5621=CARTESIAN_POINT('',(-5.2,-7.72655579673295,-14.3827872074572));
#5622=CARTESIAN_POINT('',(-5.19999999999999,0.,0.));
#5623=CARTESIAN_POINT('',(-5.19999999999976,-0.500000000000038,-16.3191369972501));
#5624=CARTESIAN_POINT('',(2.18184737258426E-15,-0.500000000000031,-13.3151890514336));
#5625=CARTESIAN_POINT('',(-1.73327711090618,-0.500000000000034,-14.316602351195));
#5626=CARTESIAN_POINT('',(-3.46662079473859,-0.500000000000036,-15.3179004263547));
#5627=CARTESIAN_POINT('',(-5.19999999999976,-0.500000000000038,-16.3191369972501));
#5628=CARTESIAN_POINT('',(6.7331941413751E-15,0.,0.));
#5629=CARTESIAN_POINT('',(1.67523646940377E-15,7.09060722760899,-11.2812919747339));
#5630=CARTESIAN_POINT('',(-1.73327711090626,7.59131387748972,-12.148541332015));
#5631=CARTESIAN_POINT('',(-3.46662079473875,8.09196291506957,-13.0156909018637));
#5632=CARTESIAN_POINT('',(-5.2,8.59258120051732,-13.8827872074573));
#5633=CARTESIAN_POINT('',(-5.2,8.59258120051732,-13.8827872074573));
#5634=CARTESIAN_POINT('',(-5.19999999999999,0.,0.));
#5635=CARTESIAN_POINT('',(-5.2,13.8827872074572,-8.5925812005174));
#5636=CARTESIAN_POINT('',(2.18184737258426E-15,11.2812919747339,-7.09060722760905));
#5637=CARTESIAN_POINT('',(-1.73327711090626,12.1485413320149,-7.59131387748979));
#5638=CARTESIAN_POINT('',(-3.46662079473875,13.0156909018637,-8.09196291506964));
#5639=CARTESIAN_POINT('',(-5.2,13.8827872074572,-8.5925812005174));
#5640=CARTESIAN_POINT('',(6.7331941413751E-15,0.,0.));
#5641=CARTESIAN_POINT('',(1.67523646940377E-15,13.3151890514336,0.499999999999948));
#5642=CARTESIAN_POINT('',(-1.29069380488293,14.0608966673691,0.499999999999945));
#5643=CARTESIAN_POINT('',(-2.58142502933159,14.8065395176404,0.499999999999942));
#5644=CARTESIAN_POINT('',(-3.87217955525555,15.5521420258404,0.49999999999994));
#5645=CARTESIAN_POINT('',(-4.31478368311169,15.8078116680855,0.499999999999939));
#5646=CARTESIAN_POINT('',(-4.75739062433266,16.0634764400022,0.499999999999938));
#5647=CARTESIAN_POINT('',(-5.2,16.3191369972503,0.499999999999937));
#5648=CARTESIAN_POINT('',(-5.2,16.3191369972503,0.499999999999937));
#5649=CARTESIAN_POINT('',(-5.19999999999999,0.,0.));
#5650=CARTESIAN_POINT('',(-5.19999999999999,14.3827872074573,7.72655579673286));
#5651=CARTESIAN_POINT('',(2.18184737258426E-15,11.7812919747339,6.22458182382453));
#5652=CARTESIAN_POINT('',(-1.73327711090626,12.648541332015,6.72528847370526));
#5653=CARTESIAN_POINT('',(-3.46662079473875,13.5156909018637,7.22593751128511));
#5654=CARTESIAN_POINT('',(-5.19999999999999,14.3827872074573,7.72655579673286));
#5655=CARTESIAN_POINT('',(6.7331941413751E-15,0.,0.));
#5656=CARTESIAN_POINT('',(-5.19999999999999,-8.59258120051735,13.8827872074572));
#5657=CARTESIAN_POINT('',(-5.21931104705846,-8.59815843557317,13.8924472619397));
#5658=CARTESIAN_POINT('',(-5.24080523988265,-8.6021513597422,13.8993632094712));
#5659=CARTESIAN_POINT('',(-5.26271502067094,-8.60423103806918,13.9029653179969));
#5660=CARTESIAN_POINT('',(-5.28469953445435,-8.60631781005865,13.9065797131065));
#5661=CARTESIAN_POINT('',(-5.30770795130539,-8.60653532392974,13.9069564581826));
#5662=CARTESIAN_POINT('',(-5.32983450750477,-8.60486553154796,13.9040642929393));
#5663=CARTESIAN_POINT('',(-5.35195847130972,-8.60319593480262,13.9011724665482));
#5664=CARTESIAN_POINT('',(-5.37381085999225,-8.59959347781157,13.8949328280076));
#5665=CARTESIAN_POINT('',(-5.39358286121583,-8.59435687692871,13.8858627692195));
#5666=CARTESIAN_POINT('',(-5.41335733920007,-8.58911962007749,13.8767915742609));
#5667=CARTESIAN_POINT('',(-5.43159608809774,-8.58210350215679,13.8646393015504));
#5668=CARTESIAN_POINT('',(-5.44679089015762,-8.57388974225019,13.850412652071));
#5669=CARTESIAN_POINT('',(-5.46199134481676,-8.56567292675308,13.8361807101535));
#5670=CARTESIAN_POINT('',(-5.4745646617469,-8.55603113912981,13.8194806441143));
#5671=CARTESIAN_POINT('',(-5.48347192828607,-8.54576251395042,13.8016948635797));
#5672=CARTESIAN_POINT('',(-5.4923833026286,-8.5354891531439,13.7839008806983));
#5673=CARTESIAN_POINT('',(-5.49787097147319,-8.52430517083814,13.7645296551138));
#5674=CARTESIAN_POINT('',(-5.49948162771532,-8.51313617191046,13.7451843815013));
#5675=CARTESIAN_POINT('',(-5.499826986029,-8.51074130543664,13.7410363510913));
#5676=CARTESIAN_POINT('',(-5.49999999999999,-8.50833866877276,13.7368748623174));
#5677=CARTESIAN_POINT('',(-5.49999999999999,-8.50593758495111,13.732716063145));
#5678=CARTESIAN_POINT('',(-5.49999999999999,-8.50593758495111,13.732716063145));
#5679=CARTESIAN_POINT('',(-5.49999999999999,0.,0.));
#5680=CARTESIAN_POINT('',(-5.49999999999999,-13.732716063145,8.50593758495112));
#5681=CARTESIAN_POINT('',(-5.2,-13.8827872074572,8.59258120051737));
#5682=CARTESIAN_POINT('',(-5.21931104706129,-13.8924472619411,8.598158435574));
#5683=CARTESIAN_POINT('',(-5.24080523988899,-13.8993632094732,8.60215135974338));
#5684=CARTESIAN_POINT('',(-5.26271502068069,-13.9029653179985,8.60423103807012));
#5685=CARTESIAN_POINT('',(-5.28469953446431,-13.9065797131072,8.60631781005904));
#5686=CARTESIAN_POINT('',(-5.30770795131537,-13.9069564581822,8.60653532392956));
#5687=CARTESIAN_POINT('',(-5.32983450751458,-13.904064292938,8.60486553154724));
#5688=CARTESIAN_POINT('',(-5.35195847131936,-13.9011724665459,8.60319593480134));
#5689=CARTESIAN_POINT('',(-5.37381086000154,-13.8949328280044,8.59959347780975));
#5690=CARTESIAN_POINT('',(-5.3935828612246,-13.8858627692155,8.5943568769264));
#5691=CARTESIAN_POINT('',(-5.41335733920832,-13.876791574256,8.58911962007469));
#5692=CARTESIAN_POINT('',(-5.4315960881053,-13.8646393015447,8.58210350215353));
#5693=CARTESIAN_POINT('',(-5.44679089016436,-13.8504126520646,8.57388974224656));
#5694=CARTESIAN_POINT('',(-5.46199134482268,-13.8361807101466,8.56567292674907));
#5695=CARTESIAN_POINT('',(-5.47456466175187,-13.8194806441067,8.55603113912549));
#5696=CARTESIAN_POINT('',(-5.48347192829002,-13.8016948635718,8.54576251394588));
#5697=CARTESIAN_POINT('',(-5.49238330263153,-13.78390088069,8.53548915313913));
#5698=CARTESIAN_POINT('',(-5.49787097147501,-13.7645296551052,8.52430517083324));
#5699=CARTESIAN_POINT('',(-5.49948162771604,-13.7451843814927,8.51313617190552));
#5700=CARTESIAN_POINT('',(-5.49982698602924,-13.7410363510856,8.51074130543334));
#5701=CARTESIAN_POINT('',(-5.49999999999999,-13.7368748623145,8.50833866877112));
#5702=CARTESIAN_POINT('',(-5.49999999999999,-13.732716063145,8.50593758495112));
#5703=CARTESIAN_POINT('',(-5.29999999999999,0.,0.));
#5704=CARTESIAN_POINT('',(-5.49999999999999,13.732716063145,8.50593758495109));
#5705=CARTESIAN_POINT('',(-5.49999999999999,13.7480051447502,8.51476474033148));
#5706=CARTESIAN_POINT('',(-5.49762366797719,13.7634262447912,8.52366811659134));
#5707=CARTESIAN_POINT('',(-5.49299389927825,13.7781802255311,8.53218633134317));
#5708=CARTESIAN_POINT('',(-5.48711810161085,13.7969050066711,8.54299708877488));
#5709=CARTESIAN_POINT('',(-5.47742789588256,13.8150096105623,8.55344978670502));
#5710=CARTESIAN_POINT('',(-5.46472490937426,13.8309935643204,8.56267812670996));
#5711=CARTESIAN_POINT('',(-5.45202494102184,13.8469737203838,8.57190427411487));
#5712=CARTESIAN_POINT('',(-5.43596300300625,13.8612751834878,8.58016122768774));
#5713=CARTESIAN_POINT('',(-5.41786912677345,13.8727115735249,8.58676403055421));
#5714=CARTESIAN_POINT('',(-5.39978307855389,13.8841430157989,8.59336397682834));
#5715=CARTESIAN_POINT('',(-5.37916764811108,13.893027272569,8.59849330486611));
#5716=CARTESIAN_POINT('',(-5.35773090680582,13.898626943923,8.60172627662972));
#5717=CARTESIAN_POINT('',(-5.33630358066473,13.9042241558629,8.60495782844992));
#5718=CARTESIAN_POINT('',(-5.31346446656231,13.9066940801105,8.60638383987914));
#5719=CARTESIAN_POINT('',(-5.2911057888764,13.9058317230088,8.60588595777436));
#5720=CARTESIAN_POINT('',(-5.26875288692218,13.9049695886727,8.60538820428332));
#5721=CARTESIAN_POINT('',(-5.24626369370381,13.9007531813686,8.60295386039132));
#5722=CARTESIAN_POINT('',(-5.22550025737488,13.8935322237586,8.59878483857137));
#5723=CARTESIAN_POINT('',(-5.21672829414591,13.8904815738744,8.59702354503951));
#5724=CARTESIAN_POINT('',(-5.20818542880279,13.8868818424068,8.59494523910766));
#5725=CARTESIAN_POINT('',(-5.2,13.8827872074573,8.59258120051734));
#5726=CARTESIAN_POINT('',(-5.49999999999999,13.732716063145,8.50593758495109));
#5727=CARTESIAN_POINT('',(-5.49999999999999,0.,0.));
#5728=CARTESIAN_POINT('',(-5.49999999999999,8.5059375849511,13.732716063145));
#5729=CARTESIAN_POINT('',(-5.2,8.59258120051735,13.8827872074572));
#5730=CARTESIAN_POINT('',(-5.21931104705896,8.59815843557332,13.8924472619399));
#5731=CARTESIAN_POINT('',(-5.24080523988377,8.6021513597424,13.8993632094716));
#5732=CARTESIAN_POINT('',(-5.26271502067267,8.60423103806934,13.9029653179972));
#5733=CARTESIAN_POINT('',(-5.28469953445612,8.60631781005871,13.9065797131066));
#5734=CARTESIAN_POINT('',(-5.30770795130716,8.6065353239297,13.9069564581825));
#5735=CARTESIAN_POINT('',(-5.32983450750651,8.60486553154783,13.904064292939));
#5736=CARTESIAN_POINT('',(-5.35195847131143,8.60319593480238,13.9011724665478));
#5737=CARTESIAN_POINT('',(-5.3738108599939,8.59959347781124,13.894932828007));
#5738=CARTESIAN_POINT('',(-5.39358286121739,8.59435687692829,13.8858627692188));
#5739=CARTESIAN_POINT('',(-5.41335733920153,8.58911962007699,13.8767915742601));
#5740=CARTESIAN_POINT('',(-5.43159608809909,8.5821035021562,13.8646393015494));
#5741=CARTESIAN_POINT('',(-5.44679089015882,8.57388974224954,13.8504126520698));
#5742=CARTESIAN_POINT('',(-5.46199134481781,8.56567292675236,13.8361807101523));
#5743=CARTESIAN_POINT('',(-5.47456466174778,8.55603113912904,13.8194806441129));
#5744=CARTESIAN_POINT('',(-5.48347192828677,8.54576251394961,13.8016948635783));
#5745=CARTESIAN_POINT('',(-5.49238330262912,8.53548915314305,13.7839008806968));
#5746=CARTESIAN_POINT('',(-5.49787097147351,8.52430517083726,13.7645296551123));
#5747=CARTESIAN_POINT('',(-5.49948162771545,8.51313617190957,13.7451843814998));
#5748=CARTESIAN_POINT('',(-5.49982698602904,8.51074130543605,13.7410363510903));
#5749=CARTESIAN_POINT('',(-5.49999999999999,8.50833866877246,13.7368748623169));
#5750=CARTESIAN_POINT('',(-5.49999999999999,8.5059375849511,13.732716063145));
#5751=CARTESIAN_POINT('',(-5.29999999999999,0.,0.));
#5752=CARTESIAN_POINT('',(-5.2,-16.3191369972503,-0.499999999999982));
#5753=CARTESIAN_POINT('',(-5.20154497559708,-16.3200294079035,-0.499999999999982));
#5754=CARTESIAN_POINT('',(-5.2031020348605,-16.3209012182746,-0.499999999999982));
#5755=CARTESIAN_POINT('',(-5.20467034161112,-16.3217519593078,-0.499999999999982));
#5756=CARTESIAN_POINT('',(-5.2243481268992,-16.3324263375065,-0.499999999999982));
#5757=CARTESIAN_POINT('',(-5.24614102851275,-16.3398497343583,-0.499999999999982));
#5758=CARTESIAN_POINT('',(-5.26824330843357,-16.3434059691755,-0.499999999999982));
#5759=CARTESIAN_POINT('',(-5.29033702997551,-16.3469608269581,-0.499999999999982));
#5760=CARTESIAN_POINT('',(-5.31334937192852,-16.3467496003057,-0.499999999999982));
#5761=CARTESIAN_POINT('',(-5.33537412300553,-16.3427898167986,-0.499999999999982));
#5762=CARTESIAN_POINT('',(-5.35739556038974,-16.3388306290533,-0.499999999999982));
#5763=CARTESIAN_POINT('',(-5.37903695759692,-16.331014941863,-0.499999999999982));
#5764=CARTESIAN_POINT('',(-5.3985071087923,-16.3199907827342,-0.499999999999982));
#5765=CARTESIAN_POINT('',(-5.41068054827031,-16.3130980815629,-0.499999999999982));
#5766=CARTESIAN_POINT('',(-5.4221891536367,-16.3048762597155,-0.499999999999982));
#5767=CARTESIAN_POINT('',(-5.43265620321988,-16.2955949434734,-0.499999999999982));
#5768=CARTESIAN_POINT('',(-5.44941314254338,-16.2807362718033,-0.499999999999982));
#5769=CARTESIAN_POINT('',(-5.46383485646714,-16.2627786342164,-0.499999999999982));
#5770=CARTESIAN_POINT('',(-5.47472811848212,-16.2432104973106,-0.499999999999982));
#5771=CARTESIAN_POINT('',(-5.48562124279577,-16.2236426077649,-0.499999999999982));
#5772=CARTESIAN_POINT('',(-5.4932865834919,-16.2019246995782,-0.499999999999982));
#5773=CARTESIAN_POINT('',(-5.49709078780659,-16.1798545729787,-0.499999999999982));
#5774=CARTESIAN_POINT('',(-5.49902321864764,-16.1686435575394,-0.499999999999982));
#5775=CARTESIAN_POINT('',(-5.49999999999999,-16.1572261080666,-0.499999999999982));
#5776=CARTESIAN_POINT('',(-5.49999999999999,-16.1458497661178,-0.499999999999982));
#5777=CARTESIAN_POINT('',(-5.49999999999999,-16.1458497661178,-0.499999999999982));
#5778=CARTESIAN_POINT('',(-5.49999999999999,0.,0.));
#5779=CARTESIAN_POINT('',(-5.49999999999999,-14.232716063145,-7.63991218116665));
#5780=CARTESIAN_POINT('',(-5.2,-14.3827872074573,-7.7265557967329));
#5781=CARTESIAN_POINT('',(-5.21931104705836,-14.3924472619396,-7.73213303178868));
#5782=CARTESIAN_POINT('',(-5.24080523988241,-14.3993632094711,-7.7361259559577));
#5783=CARTESIAN_POINT('',(-5.26271502067057,-14.4029653179969,-7.73820563428468));
#5784=CARTESIAN_POINT('',(-5.28469953445397,-14.4065797131065,-7.74029240627418));
#5785=CARTESIAN_POINT('',(-5.30770795130501,-14.4069564581826,-7.74050992014529));
#5786=CARTESIAN_POINT('',(-5.32983450750439,-14.4040642929393,-7.73884012776353));
#5787=CARTESIAN_POINT('',(-5.35195847130935,-14.4011724665483,-7.73717053101821));
#5788=CARTESIAN_POINT('',(-5.3738108599919,-14.3949328280077,-7.73356807402718));
#5789=CARTESIAN_POINT('',(-5.3935828612155,-14.3858627692197,-7.72833147314434));
#5790=CARTESIAN_POINT('',(-5.41335733919976,-14.3767915742611,-7.72309421629314));
#5791=CARTESIAN_POINT('',(-5.43159608809746,-14.3646393015506,-7.71607809837245));
#5792=CARTESIAN_POINT('',(-5.44679089015737,-14.3504126520712,-7.70786433846587));
#5793=CARTESIAN_POINT('',(-5.46199134481653,-14.3361807101538,-7.69964752296877));
#5794=CARTESIAN_POINT('',(-5.47456466174671,-14.3194806441145,-7.69000573534552));
#5795=CARTESIAN_POINT('',(-5.48347192828592,-14.30169486358,-7.67973711016614));
#5796=CARTESIAN_POINT('',(-5.49238330262849,-14.2839008806986,-7.66946374935962));
#5797=CARTESIAN_POINT('',(-5.49787097147312,-14.2645296551141,-7.65827976705387));
#5798=CARTESIAN_POINT('',(-5.4994816277153,-14.2451843815017,-7.64711076812619));
#5799=CARTESIAN_POINT('',(-5.49982698602899,-14.2410363510916,-7.6447159016523));
#5800=CARTESIAN_POINT('',(-5.49999999999999,-14.2368748623175,-7.64231326498837));
#5801=CARTESIAN_POINT('',(-5.49999999999999,-14.232716063145,-7.63991218116665));
#5802=CARTESIAN_POINT('',(-5.29999999999999,0.,0.));
#5803=CARTESIAN_POINT('',(-5.2,-7.72655579673295,-14.3827872074572));
#5804=CARTESIAN_POINT('',(-5.21931104705869,-7.73213303178883,-14.3924472619398));
#5805=CARTESIAN_POINT('',(-5.24080523988314,-7.73612595595788,-14.3993632094713));
#5806=CARTESIAN_POINT('',(-5.2627150206717,-7.73820563428484,-14.402965317997));
#5807=CARTESIAN_POINT('',(-5.28469953445513,-7.74029240627427,-14.4065797131065));
#5808=CARTESIAN_POINT('',(-5.30770795130617,-7.74050992014532,-14.4069564581825));
#5809=CARTESIAN_POINT('',(-5.32983450750553,-7.7388401277635,-14.4040642929391));
#5810=CARTESIAN_POINT('',(-5.35195847131047,-7.7371705310181,-14.401172466548));
#5811=CARTESIAN_POINT('',(-5.37381085999298,-7.73356807402702,-14.3949328280073));
#5812=CARTESIAN_POINT('',(-5.39358286121652,-7.72833147314412,-14.3858627692192));
#5813=CARTESIAN_POINT('',(-5.41335733920071,-7.72309421629286,-14.3767915742605));
#5814=CARTESIAN_POINT('',(-5.43159608809833,-7.71607809837212,-14.3646393015499));
#5815=CARTESIAN_POINT('',(-5.44679089015815,-7.7078643384655,-14.3504126520705));
#5816=CARTESIAN_POINT('',(-5.46199134481722,-7.69964752296835,-14.336180710153));
#5817=CARTESIAN_POINT('',(-5.47456466174729,-7.69000573534506,-14.3194806441137));
#5818=CARTESIAN_POINT('',(-5.48347192828637,-7.67973711016566,-14.301694863579));
#5819=CARTESIAN_POINT('',(-5.49238330262882,-7.66946374935912,-14.2839008806976));
#5820=CARTESIAN_POINT('',(-5.49787097147333,-7.65827976705335,-14.2645296551131));
#5821=CARTESIAN_POINT('',(-5.49948162771538,-7.64711076812566,-14.2451843815006));
#5822=CARTESIAN_POINT('',(-5.49982698602902,-7.64471590165197,-14.2410363510909));
#5823=CARTESIAN_POINT('',(-5.49999999999999,-7.64231326498823,-14.2368748623171));
#5824=CARTESIAN_POINT('',(-5.49999999999999,-7.6399121811667,-14.232716063145));
#5825=CARTESIAN_POINT('',(-5.49999999999999,-7.6399121811667,-14.232716063145));
#5826=CARTESIAN_POINT('',(-5.49999999999999,0.,0.));
#5827=CARTESIAN_POINT('',(-5.49999999999999,-0.500000000000038,-16.1458497661178));
#5828=CARTESIAN_POINT('',(-5.19999999999976,-0.500000000000038,-16.3191369972501));
#5829=CARTESIAN_POINT('',(-5.20032806619125,-0.500000000000038,-16.3193264952363));
#5830=CARTESIAN_POINT('',(-5.20065667222909,-0.500000000000038,-16.3195150616783));
#5831=CARTESIAN_POINT('',(-5.20098581015557,-0.500000000000038,-16.3197026920013));
#5832=CARTESIAN_POINT('',(-5.22043474073674,-0.500000000000038,-16.3307898649861));
#5833=CARTESIAN_POINT('',(-5.24206693476769,-0.500000000000038,-16.3386712713327));
#5834=CARTESIAN_POINT('',(-5.26408997501136,-0.500000000000038,-16.3426927143538));
#5835=CARTESIAN_POINT('',(-5.28610426528741,-0.500000000000038,-16.3467125596166));
#5836=CARTESIAN_POINT('',(-5.30911639791356,-0.500000000000038,-16.346986415511));
#5837=CARTESIAN_POINT('',(-5.33122011013426,-0.500000000000038,-16.3434915566641));
#5838=CARTESIAN_POINT('',(-5.35332010069607,-0.500000000000038,-16.3399972862556));
#5839=CARTESIAN_POINT('',(-5.37512140881411,-0.500000000000038,-16.3326393131649));
#5840=CARTESIAN_POINT('',(-5.39481948574887,-0.500000000000038,-16.3220277499627));
#5841=CARTESIAN_POINT('',(-5.40713522867336,-0.500000000000038,-16.3153931284787));
#5842=CARTESIAN_POINT('',(-5.4188142893432,-0.500000000000038,-16.3074156837143));
#5843=CARTESIAN_POINT('',(-5.42947434356012,-0.500000000000038,-16.2983570430817));
#5844=CARTESIAN_POINT('',(-5.44654008378605,-0.500000000000038,-16.2838550147909));
#5845=CARTESIAN_POINT('',(-5.46133644302512,-0.500000000000038,-16.2662055931248));
#5846=CARTESIAN_POINT('',(-5.47263914496826,-0.500000000000038,-16.2468717563925));
#5847=CARTESIAN_POINT('',(-5.48394170153333,-0.500000000000038,-16.2275381683366));
#5848=CARTESIAN_POINT('',(-5.49206255946385,-0.500000000000038,-16.2059871217903));
#5849=CARTESIAN_POINT('',(-5.49633071824503,-0.500000000000038,-16.1840026219634));
#5850=CARTESIAN_POINT('',(-5.49876569481952,-0.500000000000038,-16.1714605060711));
#5851=CARTESIAN_POINT('',(-5.49999999999999,-0.500000000000038,-16.1586260637808));
#5852=CARTESIAN_POINT('',(-5.49999999999999,-0.500000000000038,-16.1458497661178));
#5853=CARTESIAN_POINT('',(-5.29999999999999,0.,0.));
#5854=CARTESIAN_POINT('',(-5.2,8.59258120051732,-13.8827872074573));
#5855=CARTESIAN_POINT('',(-5.21931104705836,8.59815843557311,-13.8924472619396));
#5856=CARTESIAN_POINT('',(-5.2408052398824,8.60215135974212,-13.8993632094711));
#5857=CARTESIAN_POINT('',(-5.26271502067056,8.60423103806911,-13.9029653179969));
#5858=CARTESIAN_POINT('',(-5.28469953445397,8.6063178100586,-13.9065797131065));
#5859=CARTESIAN_POINT('',(-5.30770795130501,8.60653532392971,-13.9069564581826));
#5860=CARTESIAN_POINT('',(-5.32983450750439,8.60486553154796,-13.9040642929393));
#5861=CARTESIAN_POINT('',(-5.35195847130935,8.60319593480263,-13.9011724665483));
#5862=CARTESIAN_POINT('',(-5.3738108599919,8.59959347781161,-13.8949328280077));
#5863=CARTESIAN_POINT('',(-5.3935828612155,8.59435687692876,-13.8858627692197));
#5864=CARTESIAN_POINT('',(-5.41335733919976,8.58911962007756,-13.8767915742611));
#5865=CARTESIAN_POINT('',(-5.43159608809746,8.58210350215688,-13.8646393015506));
#5866=CARTESIAN_POINT('',(-5.44679089015737,8.5738897422503,-13.8504126520712));
#5867=CARTESIAN_POINT('',(-5.46199134481653,8.5656729267532,-13.8361807101538));
#5868=CARTESIAN_POINT('',(-5.47456466174671,8.55603113912994,-13.8194806441146));
#5869=CARTESIAN_POINT('',(-5.48347192828591,8.54576251395056,-13.80169486358));
#5870=CARTESIAN_POINT('',(-5.49238330262848,8.53548915314405,-13.7839008806986));
#5871=CARTESIAN_POINT('',(-5.49787097147312,8.52430517083829,-13.7645296551141));
#5872=CARTESIAN_POINT('',(-5.4994816277153,8.51313617191061,-13.7451843815017));
#5873=CARTESIAN_POINT('',(-5.49982698602899,8.51074130543673,-13.7410363510916));
#5874=CARTESIAN_POINT('',(-5.49999999999999,8.5083386687728,-13.7368748623175));
#5875=CARTESIAN_POINT('',(-5.49999999999999,8.50593758495107,-13.7327160631451));
#5876=CARTESIAN_POINT('',(-5.49999999999999,8.50593758495107,-13.7327160631451));
#5877=CARTESIAN_POINT('',(-5.49999999999999,0.,0.));
#5878=CARTESIAN_POINT('',(-5.49999999999999,13.732716063145,-8.50593758495115));
#5879=CARTESIAN_POINT('',(-5.2,13.8827872074572,-8.5925812005174));
#5880=CARTESIAN_POINT('',(-5.21931104705959,13.8924472619402,-8.59815843557354));
#5881=CARTESIAN_POINT('',(-5.24080523988518,13.899363209472,-8.60215135974271));
#5882=CARTESIAN_POINT('',(-5.26271502067483,13.9029653179975,-8.60423103806959));
#5883=CARTESIAN_POINT('',(-5.28469953445832,13.9065797131067,-8.60631781005885));
#5884=CARTESIAN_POINT('',(-5.30770795130937,13.9069564581824,-8.60653532392971));
#5885=CARTESIAN_POINT('',(-5.32983450750868,13.9040642929387,-8.60486553154771));
#5886=CARTESIAN_POINT('',(-5.35195847131356,13.9011724665472,-8.60319593480214));
#5887=CARTESIAN_POINT('',(-5.37381085999596,13.8949328280063,-8.59959347781089));
#5888=CARTESIAN_POINT('',(-5.39358286121933,13.8858627692179,-8.59435687692783));
#5889=CARTESIAN_POINT('',(-5.41335733920336,13.8767915742589,-8.58911962007641));
#5890=CARTESIAN_POINT('',(-5.43159608810076,13.8646393015481,-8.58210350215553));
#5891=CARTESIAN_POINT('',(-5.44679089016031,13.8504126520684,-8.57388974224878));
#5892=CARTESIAN_POINT('',(-5.46199134481912,13.8361807101507,-8.56567292675152));
#5893=CARTESIAN_POINT('',(-5.47456466174889,13.8194806441112,-8.55603113912813));
#5894=CARTESIAN_POINT('',(-5.48347192828764,13.8016948635765,-8.54576251394865));
#5895=CARTESIAN_POINT('',(-5.49238330262977,13.783900880695,-8.53548915314204));
#5896=CARTESIAN_POINT('',(-5.49787097147391,13.7645296551103,-8.52430517083623));
#5897=CARTESIAN_POINT('',(-5.49948162771561,13.7451843814979,-8.51313617190853));
#5898=CARTESIAN_POINT('',(-5.4998269860291,13.741036351089,-8.51074130543536));
#5899=CARTESIAN_POINT('',(-5.49999999999999,13.7368748623162,-8.50833866877215));
#5900=CARTESIAN_POINT('',(-5.49999999999999,13.732716063145,-8.50593758495115));
#5901=CARTESIAN_POINT('',(-5.29999999999999,0.,0.));
#5902=CARTESIAN_POINT('',(-5.2,16.3191369972503,0.499999999999937));
#5903=CARTESIAN_POINT('',(-5.21756021027117,16.3292801469216,0.499999999999937));
#5904=CARTESIAN_POINT('',(-5.23689897223657,16.3368052960659,0.499999999999937));
#5905=CARTESIAN_POINT('',(-5.25669665740533,16.3411980323408,0.499999999999937));
#5906=CARTESIAN_POINT('',(-5.27854441226739,16.3460456407602,0.499999999999937));
#5907=CARTESIAN_POINT('',(-5.30153069523858,16.3471873776058,0.499999999999937));
#5908=CARTESIAN_POINT('',(-5.32375127196652,16.3445284925427,0.499999999999937));
#5909=CARTESIAN_POINT('',(-5.34596741094891,16.3418701384944,0.499999999999937));
#5910=CARTESIAN_POINT('',(-5.36803080778022,16.3353394631411,0.499999999999937));
#5911=CARTESIAN_POINT('',(-5.38811502905143,16.3254780365983,0.499999999999937));
#5912=CARTESIAN_POINT('',(-5.40820122437524,16.3156156407884,0.499999999999937));
#5913=CARTESIAN_POINT('',(-5.42686163531378,16.3021500915468,0.499999999999937));
#5914=CARTESIAN_POINT('',(-5.44255304137983,16.2861969768237,0.499999999999937));
#5915=CARTESIAN_POINT('',(-5.45825001553015,16.2702382011493,0.499999999999937));
#5916=CARTESIAN_POINT('',(-5.47140863653942,16.25135031157,0.499999999999937));
#5917=CARTESIAN_POINT('',(-5.48094157089088,16.231096899977,0.499999999999937));
#5918=CARTESIAN_POINT('',(-5.49047890216598,16.2108341468002,0.499999999999937));
#5919=CARTESIAN_POINT('',(-5.49665018472663,16.1886460486907,0.499999999999937));
#5920=CARTESIAN_POINT('',(-5.49894563944765,16.1663689137363,0.499999999999938));
#5921=CARTESIAN_POINT('',(-5.49964762254275,16.159556245204,0.499999999999938));
#5922=CARTESIAN_POINT('',(-5.49999999999999,16.152698505622,0.499999999999937));
#5923=CARTESIAN_POINT('',(-5.49999999999999,16.1458497661178,0.499999999999937));
#5924=CARTESIAN_POINT('',(-5.49999999999999,16.1458497661178,0.499999999999937));
#5925=CARTESIAN_POINT('',(-5.49999999999999,0.,0.));
#5926=CARTESIAN_POINT('',(-5.49999999999999,14.2327160631451,7.63991218116661));
#5927=CARTESIAN_POINT('',(-5.19999999999999,14.3827872074573,7.72655579673286));
#5928=CARTESIAN_POINT('',(-5.21931104705835,14.3924472619397,7.73213303178864));
#5929=CARTESIAN_POINT('',(-5.2408052398824,14.3993632094712,7.73612595595766));
#5930=CARTESIAN_POINT('',(-5.26271502067057,14.4029653179969,7.73820563428464));
#5931=CARTESIAN_POINT('',(-5.28469953445397,14.4065797131065,7.74029240627414));
#5932=CARTESIAN_POINT('',(-5.30770795130501,14.4069564581826,7.74050992014525));
#5933=CARTESIAN_POINT('',(-5.32983450750439,14.4040642929393,7.73884012776349));
#5934=CARTESIAN_POINT('',(-5.35195847130935,14.4011724665483,7.73717053101816));
#5935=CARTESIAN_POINT('',(-5.3738108599919,14.3949328280077,7.73356807402714));
#5936=CARTESIAN_POINT('',(-5.3935828612155,14.3858627692197,7.7283314731443));
#5937=CARTESIAN_POINT('',(-5.41335733919976,14.3767915742611,7.7230942162931));
#5938=CARTESIAN_POINT('',(-5.43159608809746,14.3646393015506,7.71607809837241));
#5939=CARTESIAN_POINT('',(-5.44679089015737,14.3504126520712,7.70786433846583));
#5940=CARTESIAN_POINT('',(-5.46199134481653,14.3361807101538,7.69964752296873));
#5941=CARTESIAN_POINT('',(-5.47456466174671,14.3194806441146,7.69000573534548));
#5942=CARTESIAN_POINT('',(-5.48347192828591,14.30169486358,7.6797371101661));
#5943=CARTESIAN_POINT('',(-5.49238330262849,14.2839008806986,7.66946374935958));
#5944=CARTESIAN_POINT('',(-5.49787097147312,14.2645296551141,7.65827976705383));
#5945=CARTESIAN_POINT('',(-5.4994816277153,14.2451843815017,7.64711076812615));
#5946=CARTESIAN_POINT('',(-5.49982698602899,14.2410363510916,7.64471590165226));
#5947=CARTESIAN_POINT('',(-5.49999999999999,14.2368748623175,7.64231326498833));
#5948=CARTESIAN_POINT('',(-5.49999999999999,14.2327160631451,7.63991218116661));
#5949=CARTESIAN_POINT('',(-5.29999999999999,0.,0.));
#5950=CARTESIAN_POINT('',(-5.49999999999999,-7.42772228311384,11.8651923788647));
#5951=CARTESIAN_POINT('',(-5.49999999999999,-7.72873062407096,12.3865541189044));
#5952=CARTESIAN_POINT('',(-5.49999999999999,0.,0.));
#5953=CARTESIAN_POINT('',(-5.49999999999999,-12.3865541189044,7.72873062407097));
#5954=CARTESIAN_POINT('',(-5.49999999999999,-6.74470958122163,4.47141016151379));
#5955=CARTESIAN_POINT('',(-5.49999999999999,0.,16.1535898384862));
#5956=CARTESIAN_POINT('',(-5.49999999999999,6.74470958122161,4.47141016151375));
#5957=CARTESIAN_POINT('',(-5.49999999999999,12.3865541189044,7.72873062407094));
#5958=CARTESIAN_POINT('',(-5.49999999999999,0.,0.));
#5959=CARTESIAN_POINT('',(-5.49999999999999,7.72873062407096,12.3865541189044));
#5960=CARTESIAN_POINT('',(-5.49999999999999,7.42772228311383,11.8651923788647));
#5961=CARTESIAN_POINT('',(-5.49999999999999,0.,16.1535898384862));
#5962=CARTESIAN_POINT('',(-5.49999999999999,-1.94136588254185E-14,-0.5));
#5963=CARTESIAN_POINT('',(-5.49999999999999,-14.5914358443575,-0.499999999999983));
#5964=CARTESIAN_POINT('',(-5.49999999999999,0.,0.));
#5965=CARTESIAN_POINT('',(-5.49999999999999,-12.8865541189044,-6.8627052202865));
#5966=CARTESIAN_POINT('',(-5.49999999999999,6.74470958122161,4.47141016151375));
#5967=CARTESIAN_POINT('',(-5.49999999999999,0.,16.1535898384862));
#5968=CARTESIAN_POINT('',(-5.49999999999999,7.42772228311386,11.8651923788646));
#5969=CARTESIAN_POINT('',(-5.49999999999999,-6.86270522028655,-12.8865541189044));
#5970=CARTESIAN_POINT('',(-5.49999999999999,0.,0.));
#5971=CARTESIAN_POINT('',(-5.49999999999999,-0.500000000000034,-14.5914358443575));
#5972=CARTESIAN_POINT('',(-5.49999999999999,-0.499999999999962,16.1535898384862));
#5973=CARTESIAN_POINT('',(-5.49999999999999,0.,16.1535898384862));
#5974=CARTESIAN_POINT('',(-5.49999999999999,-6.56169687932938,12.3651923788647));
#5975=CARTESIAN_POINT('',(-5.49999999999999,7.72873062407093,-12.3865541189044));
#5976=CARTESIAN_POINT('',(-5.49999999999999,0.,0.));
#5977=CARTESIAN_POINT('',(-5.49999999999999,12.3865541189044,-7.728730624071));
#5978=CARTESIAN_POINT('',(-5.49999999999999,-7.24470958122165,3.60538475772938));
#5979=CARTESIAN_POINT('',(-5.49999999999999,0.,16.1535898384862));
#5980=CARTESIAN_POINT('',(-5.49999999999999,-6.16953642913766E-14,0.5));
#5981=CARTESIAN_POINT('',(-5.49999999999999,14.5914358443575,0.499999999999942));
#5982=CARTESIAN_POINT('',(-5.49999999999999,0.,0.));
#5983=CARTESIAN_POINT('',(-5.49999999999999,12.8865541189045,6.86270522028647));
#5984=CARTESIAN_POINT('',(-5.49999999999999,7.24470958122158,3.60538475772927));
#5985=CARTESIAN_POINT('',(-5.49999999999999,0.,16.1535898384862));
#5986=CARTESIAN_POINT('',(1.17756934401283E-16,-7.72873062407096,12.3865541189044));
#5987=CARTESIAN_POINT('',(-9.1,-7.72873062407096,12.3865541189044));
#5988=CARTESIAN_POINT('',(-9.1,0.,0.));
#5989=CARTESIAN_POINT('',(-9.1,-12.3865541189044,7.72873062407097));
#5990=CARTESIAN_POINT('',(0.,-12.3865541189044,7.72873062407097));
#5991=CARTESIAN_POINT('',(0.,0.,0.));
#5992=CARTESIAN_POINT('',(0.,12.3865541189044,7.72873062407094));
#5993=CARTESIAN_POINT('',(-9.1,12.3865541189044,7.72873062407095));
#5994=CARTESIAN_POINT('',(-9.1,0.,0.));
#5995=CARTESIAN_POINT('',(-9.1,7.72873062407096,12.3865541189044));
#5996=CARTESIAN_POINT('',(-1.17756934401283E-16,7.72873062407096,12.3865541189044));
#5997=CARTESIAN_POINT('',(0.,0.,0.));
#5998=CARTESIAN_POINT('',(1.17756934401283E-16,-14.5914358443575,-0.499999999999983));
#5999=CARTESIAN_POINT('',(-9.1,-14.5914358443575,-0.499999999999985));
#6000=CARTESIAN_POINT('',(-9.1,0.,0.));
#6001=CARTESIAN_POINT('',(-9.1,-12.8865541189044,-6.86270522028651));
#6002=CARTESIAN_POINT('',(0.,-12.8865541189044,-6.8627052202865));
#6003=CARTESIAN_POINT('',(0.,0.,0.));
#6004=CARTESIAN_POINT('',(1.17756934401283E-16,-6.86270522028655,-12.8865541189044));
#6005=CARTESIAN_POINT('',(-9.1,-6.86270522028655,-12.8865541189044));
#6006=CARTESIAN_POINT('',(-9.1,0.,0.));
#6007=CARTESIAN_POINT('',(-9.1,-0.500000000000034,-14.5914358443575));
#6008=CARTESIAN_POINT('',(0.,-0.500000000000034,-14.5914358443575));
#6009=CARTESIAN_POINT('',(0.,0.,0.));
#6010=CARTESIAN_POINT('',(1.17756934401283E-16,7.72873062407093,-12.3865541189044));
#6011=CARTESIAN_POINT('',(-9.1,7.72873062407094,-12.3865541189044));
#6012=CARTESIAN_POINT('',(-9.1,0.,0.));
#6013=CARTESIAN_POINT('',(-9.1,12.3865541189044,-7.728730624071));
#6014=CARTESIAN_POINT('',(0.,12.3865541189044,-7.728730624071));
#6015=CARTESIAN_POINT('',(0.,0.,0.));
#6016=CARTESIAN_POINT('',(1.17756934401283E-16,14.5914358443575,0.499999999999942));
#6017=CARTESIAN_POINT('',(-9.1,14.5914358443575,0.499999999999945));
#6018=CARTESIAN_POINT('',(-9.1,0.,0.));
#6019=CARTESIAN_POINT('',(-9.1,12.8865541189045,6.86270522028647));
#6020=CARTESIAN_POINT('',(0.,12.8865541189045,6.86270522028647));
#6021=CARTESIAN_POINT('',(0.,0.,0.));
#6022=CARTESIAN_POINT('',(-9.1,-6.75499814951863,10.7));
#6023=CARTESIAN_POINT('',(-9.1,-8.56429627306168,13.8337962760156));
#6024=CARTESIAN_POINT('',(-9.1,0.,0.));
#6025=CARTESIAN_POINT('',(-9.1,-13.8337962760156,8.56429627306169));
#6026=CARTESIAN_POINT('',(-9.1,-6.07198544762642,4.08301270189223));
#6027=CARTESIAN_POINT('',(-9.1,0.,14.6));
#6028=CARTESIAN_POINT('',(-9.1,6.0719854476264,4.0830127018922));
#6029=CARTESIAN_POINT('',(-9.1,13.8337962760156,8.56429627306166));
#6030=CARTESIAN_POINT('',(-9.1,0.,0.));
#6031=CARTESIAN_POINT('',(-9.1,8.56429627306167,13.8337962760156));
#6032=CARTESIAN_POINT('',(-9.1,6.75499814951862,10.7));
#6033=CARTESIAN_POINT('',(-9.1,0.,14.6));
#6034=CARTESIAN_POINT('',(-9.1,-1.76025860554319E-14,-0.500000000000002));
#6035=CARTESIAN_POINT('',(-9.09999999997859,-16.262567142342,-0.499999999999983));
#6036=CARTESIAN_POINT('',(-9.1,0.,0.));
#6037=CARTESIAN_POINT('',(-9.1,-14.3337962760156,-7.69827086927722));
#6038=CARTESIAN_POINT('',(-9.1,6.0719854476264,4.0830127018922));
#6039=CARTESIAN_POINT('',(-9.1,0.,14.6));
#6040=CARTESIAN_POINT('',(-9.1,6.75499814951865,10.7));
#6041=CARTESIAN_POINT('',(-9.1,-7.69827086927727,-14.3337962760156));
#6042=CARTESIAN_POINT('',(-9.1,0.,0.));
#6043=CARTESIAN_POINT('',(-9.09999999996245,-0.500000000000038,-16.2625671423447));
#6044=CARTESIAN_POINT('',(-9.1,-0.499999999999966,14.6));
#6045=CARTESIAN_POINT('',(-9.1,0.,14.6));
#6046=CARTESIAN_POINT('',(-9.1,-5.88897274573417,11.2000000000001));
#6047=CARTESIAN_POINT('',(-9.1,8.56429627306164,-13.8337962760156));
#6048=CARTESIAN_POINT('',(-9.1,0.,0.));
#6049=CARTESIAN_POINT('',(-9.1,13.8337962760156,-8.56429627306172));
#6050=CARTESIAN_POINT('',(-9.1,-6.57198544762643,3.21698729810783));
#6051=CARTESIAN_POINT('',(-9.1,0.,14.6));
#6052=CARTESIAN_POINT('',(-9.1,-5.55722134976123E-14,0.500000000000002));
#6053=CARTESIAN_POINT('',(-9.09999999999829,16.2625671423387,0.499999999999938));
#6054=CARTESIAN_POINT('',(-9.1,0.,0.));
#6055=CARTESIAN_POINT('',(-9.1,14.3337962760156,7.69827086927718));
#6056=CARTESIAN_POINT('',(-9.1,6.57198544762638,3.21698729810773));
#6057=CARTESIAN_POINT('',(-9.1,0.,14.6));
#6058=CARTESIAN_POINT('',(-9.1,-8.56429627306168,13.8337962760156));
#6059=CARTESIAN_POINT('',(-9.1,-8.57467198331982,13.8517675333473));
#6060=CARTESIAN_POINT('',(-9.10330503982447,-8.58517084704921,13.8699520987484));
#6061=CARTESIAN_POINT('',(-9.10968008736143,-8.59504480550497,13.8870542964656));
#6062=CARTESIAN_POINT('',(-9.11656314212704,-8.60570558825373,13.9055193138349));
#6063=CARTESIAN_POINT('',(-9.12722281512524,-8.61591927958573,13.9232099461547));
#6064=CARTESIAN_POINT('',(-9.1407771386605,-8.62483928395334,13.9386598469232));
#6065=CARTESIAN_POINT('',(-9.15432780541155,-8.63375688181714,13.9541055795047));
#6066=CARTESIAN_POINT('',(-9.17114565410738,-8.64162755778205,13.9677379901659));
#6067=CARTESIAN_POINT('',(-9.18983790543512,-8.64779834615026,13.9784261091424));
#6068=CARTESIAN_POINT('',(-9.20852194380592,-8.65396642321216,13.9891095319986));
#6069=CARTESIAN_POINT('',(-9.22959441633043,-8.65860628691602,13.9971460116739));
#6070=CARTESIAN_POINT('',(-9.25130934037814,-8.66133282602309,14.0018685159361));
#6071=CARTESIAN_POINT('',(-9.27301518271724,-8.66405822482528,14.0065890451324));
#6072=CARTESIAN_POINT('',(-9.29596178417623,-8.66494708680769,14.0081285992469));
#6073=CARTESIAN_POINT('',(-9.3182481348281,-8.66392564655054,14.0063594128246));
#6074=CARTESIAN_POINT('',(-9.32145165142112,-8.66377882121948,14.0061051038914));
#6075=CARTESIAN_POINT('',(-9.32464900856844,-8.66359326741647,14.005783715277));
#6076=CARTESIAN_POINT('',(-9.32783462019201,-8.66336930991104,14.0053958094989));
#6077=CARTESIAN_POINT('',(-9.1,-13.8337962760156,8.56429627306169));
#6078=CARTESIAN_POINT('',(-9.1,-13.8517675333473,8.57467198331983));
#6079=CARTESIAN_POINT('',(-9.10330503982447,-13.8699520987483,8.58517084704921));
#6080=CARTESIAN_POINT('',(-9.10968008736142,-13.8870542964656,8.59504480550498));
#6081=CARTESIAN_POINT('',(-9.11656314212703,-13.9055193138349,8.60570558825373));
#6082=CARTESIAN_POINT('',(-9.12722281512523,-13.9232099461547,8.61591927958574));
#6083=CARTESIAN_POINT('',(-9.14077713866049,-13.9386598469231,8.62483928395335));
#6084=CARTESIAN_POINT('',(-9.15432780541154,-13.9541055795047,8.63375688181715));
#6085=CARTESIAN_POINT('',(-9.17114565410737,-13.9677379901659,8.64162755778206));
#6086=CARTESIAN_POINT('',(-9.18983790543511,-13.9784261091424,8.64779834615027));
#6087=CARTESIAN_POINT('',(-9.20852194380591,-13.9891095319986,8.65396642321217));
#6088=CARTESIAN_POINT('',(-9.22959441633042,-13.9971460116738,8.65860628691603));
#6089=CARTESIAN_POINT('',(-9.25130934037812,-14.0018685159361,8.6613328260231));
#6090=CARTESIAN_POINT('',(-9.27301518271722,-14.0065890451324,8.6640582248253));
#6091=CARTESIAN_POINT('',(-9.29596178417621,-14.0081285992469,8.66494708680771));
#6092=CARTESIAN_POINT('',(-9.31824813482808,-14.0063594128246,8.66392564655056));
#6093=CARTESIAN_POINT('',(-9.32145165142111,-14.0061051038913,8.6637788212195));
#6094=CARTESIAN_POINT('',(-9.32464900856844,-14.005783715277,8.66359326741648));
#6095=CARTESIAN_POINT('',(-9.32783462019201,-14.0053958094988,8.66336930991106));
#6096=CARTESIAN_POINT('',(-9.3,0.,0.));
#6097=CARTESIAN_POINT('',(-9.32783462019201,14.0053958094989,8.66336930991102));
#6098=CARTESIAN_POINT('',(-9.30574276971626,14.0080858914868,8.66492242947091));
#6099=CARTESIAN_POINT('',(-9.28281336701382,14.0075198504349,8.66459562551722));
#6100=CARTESIAN_POINT('',(-9.26093431463002,14.0037443724156,8.66241585226645));
#6101=CARTESIAN_POINT('',(-9.23899024890064,13.999957675608,8.66022960184523));
#6102=CARTESIAN_POINT('',(-9.21749865733341,13.9928376984864,8.65611888113746));
#6103=CARTESIAN_POINT('',(-9.19823838719359,13.9829747839136,8.65042452475388));
#6104=CARTESIAN_POINT('',(-9.17897564646132,13.9731106041851,8.64472943793226));
#6105=CARTESIAN_POINT('',(-9.16141372029822,13.9602309794233,8.63729338310896));
#6106=CARTESIAN_POINT('',(-9.14700470168457,13.9454027271982,8.62873228769522));
#6107=CARTESIAN_POINT('',(-9.13259006337161,13.9305686917675,8.62016785334612));
#6108=CARTESIAN_POINT('',(-9.12093337388138,13.9133756935288,8.61024147118484));
#6109=CARTESIAN_POINT('',(-9.11299776722073,13.8952468610891,8.5997747848957));
#6110=CARTESIAN_POINT('',(-9.10505857927602,13.8771098472335,8.58930337506386));
#6111=CARTESIAN_POINT('',(-9.10062490875611,13.8575361396738,8.57800248973521));
#6112=CARTESIAN_POINT('',(-9.10006300992001,13.838145742494,8.56680743870379));
#6113=CARTESIAN_POINT('',(-9.10002100659986,13.8366962626083,8.56597058110159));
#6114=CARTESIAN_POINT('',(-9.1,13.8352462122722,8.56513339414972));
#6115=CARTESIAN_POINT('',(-9.1,13.8337962760156,8.56429627306166));
#6116=CARTESIAN_POINT('',(-9.32783462019201,14.0053958094989,8.66336930991102));
#6117=CARTESIAN_POINT('',(-9.32783462019201,0.,0.));
#6118=CARTESIAN_POINT('',(-9.32783462019201,8.66336930991104,14.0053958094989));
#6119=CARTESIAN_POINT('',(-9.1,8.56429627306167,13.8337962760156));
#6120=CARTESIAN_POINT('',(-9.1,8.57467198331996,13.8517675333476));
#6121=CARTESIAN_POINT('',(-9.10330503982456,8.5851708470495,13.8699520987489));
#6122=CARTESIAN_POINT('',(-9.1096800873617,8.59504480550539,13.8870542964663));
#6123=CARTESIAN_POINT('',(-9.11656314212741,8.60570558825413,13.9055193138356));
#6124=CARTESIAN_POINT('',(-9.12722281512569,8.61591927958611,13.9232099461554));
#6125=CARTESIAN_POINT('',(-9.14077713866103,8.62483928395368,13.9386598469238));
#6126=CARTESIAN_POINT('',(-9.15432780541216,8.63375688181746,13.9541055795053));
#6127=CARTESIAN_POINT('',(-9.17114565410806,8.64162755778233,13.9677379901664));
#6128=CARTESIAN_POINT('',(-9.18983790543585,8.6477983461505,13.9784261091428));
#6129=CARTESIAN_POINT('',(-9.20852194380671,8.65396642321235,13.9891095319989));
#6130=CARTESIAN_POINT('',(-9.22959441633126,8.65860628691617,13.9971460116741));
#6131=CARTESIAN_POINT('',(-9.25130934037899,8.66133282602319,14.0018685159363));
#6132=CARTESIAN_POINT('',(-9.27301518271811,8.66405822482534,14.0065890451325));
#6133=CARTESIAN_POINT('',(-9.29596178417711,8.6649470868077,14.0081285992469));
#6134=CARTESIAN_POINT('',(-9.31824813482897,8.6639256465505,14.0063594128245));
#6135=CARTESIAN_POINT('',(-9.3214516514217,8.66377882121945,14.0061051038913));
#6136=CARTESIAN_POINT('',(-9.32464900856873,8.66359326741644,14.005783715277));
#6137=CARTESIAN_POINT('',(-9.32783462019201,8.66336930991104,14.0053958094989));
#6138=CARTESIAN_POINT('',(-9.3,0.,0.));
#6139=CARTESIAN_POINT('',(-9.09999999997859,-16.262567142342,-0.499999999999983));
#6140=CARTESIAN_POINT('',(-9.09999999997874,-16.2721108314562,-0.499999999999983));
#6141=CARTESIAN_POINT('',(-9.10068596118652,-16.2816788298865,-0.499999999999983));
#6142=CARTESIAN_POINT('',(-9.10204742293099,-16.2911249096991,-0.499999999999983));
#6143=CARTESIAN_POINT('',(-9.10524372104712,-16.3133014322731,-0.499999999999983));
#6144=CARTESIAN_POINT('',(-9.11231298576782,-16.3352321038131,-0.499999999999983));
#6145=CARTESIAN_POINT('',(-9.12267062227631,-16.3551000136448,-0.499999999999983));
#6146=CARTESIAN_POINT('',(-9.13302689120932,-16.3749653002075,-0.499999999999983));
#6147=CARTESIAN_POINT('',(-9.14695658833298,-16.3933165067028,-0.499999999999983));
#6148=CARTESIAN_POINT('',(-9.16330661440357,-16.4086318115945,-0.499999999999983));
#6149=CARTESIAN_POINT('',(-9.17965049839053,-16.4239413631079,-0.499999999999983));
#6150=CARTESIAN_POINT('',(-9.19886405102305,-16.4366397237871,-0.499999999999983));
#6151=CARTESIAN_POINT('',(-9.21935558855708,-16.4456730952957,-0.499999999999983));
#6152=CARTESIAN_POINT('',(-9.23217910118913,-16.4513261388245,-0.499999999999983));
#6153=CARTESIAN_POINT('',(-9.24567382447027,-16.4556470549789,-0.499999999999983));
#6154=CARTESIAN_POINT('',(-9.25939596659432,-16.4584934900985,-0.499999999999983));
#6155=CARTESIAN_POINT('',(-9.28130478508266,-16.4630381180298,-0.499999999999983));
#6156=CARTESIAN_POINT('',(-9.30430040221757,-16.4638628147277,-0.499999999999983));
#6157=CARTESIAN_POINT('',(-9.32647847146535,-16.4608991657893,-0.499999999999983));
#6158=CARTESIAN_POINT('',(-9.32693073059674,-16.4608387305333,-0.499999999999983));
#6159=CARTESIAN_POINT('',(-9.32738278547058,-16.4607767465549,-0.499999999999983));
#6160=CARTESIAN_POINT('',(-9.32783462019201,-16.4607132160377,-0.499999999999983));
#6161=CARTESIAN_POINT('',(-9.1,-14.3337962760156,-7.69827086927722));
#6162=CARTESIAN_POINT('',(-9.1,-14.3517675333473,-7.70864657953536));
#6163=CARTESIAN_POINT('',(-9.10330503982447,-14.3699520987484,-7.71914544326474));
#6164=CARTESIAN_POINT('',(-9.10968008736142,-14.3870542964656,-7.72901940172051));
#6165=CARTESIAN_POINT('',(-9.11656314212703,-14.4055193138349,-7.73968018446926));
#6166=CARTESIAN_POINT('',(-9.12722281512523,-14.4232099461547,-7.74989387580127));
#6167=CARTESIAN_POINT('',(-9.14077713866048,-14.4386598469232,-7.75881388016887));
#6168=CARTESIAN_POINT('',(-9.15432780541154,-14.4541055795047,-7.76773147803268));
#6169=CARTESIAN_POINT('',(-9.17114565410737,-14.4677379901659,-7.77560215399759));
#6170=CARTESIAN_POINT('',(-9.18983790543511,-14.4784261091424,-7.7817729423658));
#6171=CARTESIAN_POINT('',(-9.2085219438059,-14.4891095319986,-7.78794101942769));
#6172=CARTESIAN_POINT('',(-9.22959441633042,-14.4971460116739,-7.79258088313156));
#6173=CARTESIAN_POINT('',(-9.25130934037812,-14.5018685159361,-7.79530742223863));
#6174=CARTESIAN_POINT('',(-9.27301518271722,-14.5065890451324,-7.79803282104082));
#6175=CARTESIAN_POINT('',(-9.29596178417621,-14.5081285992469,-7.79892168302324));
#6176=CARTESIAN_POINT('',(-9.31824813482808,-14.5063594128246,-7.79790024276608));
#6177=CARTESIAN_POINT('',(-9.32145165142111,-14.5061051038914,-7.79775341743503));
#6178=CARTESIAN_POINT('',(-9.32464900856844,-14.505783715277,-7.79756786363201));
#6179=CARTESIAN_POINT('',(-9.32783462019201,-14.5053958094989,-7.79734390612658));
#6180=CARTESIAN_POINT('',(-9.3,0.,0.));
#6181=CARTESIAN_POINT('',(-9.1,-7.69827086927727,-14.3337962760156));
#6182=CARTESIAN_POINT('',(-9.1,-7.70864657953541,-14.3517675333473));
#6183=CARTESIAN_POINT('',(-9.10330503982447,-7.71914544326479,-14.3699520987483));
#6184=CARTESIAN_POINT('',(-9.10968008736142,-7.72901940172056,-14.3870542964656));
#6185=CARTESIAN_POINT('',(-9.11656314212703,-7.73968018446931,-14.4055193138348));
#6186=CARTESIAN_POINT('',(-9.12722281512523,-7.74989387580132,-14.4232099461547));
#6187=CARTESIAN_POINT('',(-9.14077713866048,-7.75881388016892,-14.4386598469231));
#6188=CARTESIAN_POINT('',(-9.15432780541154,-7.76773147803273,-14.4541055795047));
#6189=CARTESIAN_POINT('',(-9.17114565410737,-7.77560215399764,-14.4677379901658));
#6190=CARTESIAN_POINT('',(-9.18983790543511,-7.78177294236585,-14.4784261091423));
#6191=CARTESIAN_POINT('',(-9.2085219438059,-7.78794101942775,-14.4891095319985));
#6192=CARTESIAN_POINT('',(-9.22959441633042,-7.79258088313161,-14.4971460116738));
#6193=CARTESIAN_POINT('',(-9.25130934037812,-7.79530742223867,-14.5018685159361));
#6194=CARTESIAN_POINT('',(-9.27301518271722,-7.79803282104087,-14.5065890451324));
#6195=CARTESIAN_POINT('',(-9.29596178417621,-7.79892168302329,-14.5081285992469));
#6196=CARTESIAN_POINT('',(-9.31824813482807,-7.79790024276614,-14.5063594128246));
#6197=CARTESIAN_POINT('',(-9.32145165142111,-7.79775341743508,-14.5061051038913));
#6198=CARTESIAN_POINT('',(-9.32464900856844,-7.79756786363206,-14.505783715277));
#6199=CARTESIAN_POINT('',(-9.32783462019201,-7.79734390612663,-14.5053958094988));
#6200=CARTESIAN_POINT('',(-9.09999999996245,-0.500000000000038,-16.2625671423447));
#6201=CARTESIAN_POINT('',(-9.09999999996275,-0.500000000000038,-16.272668044929));
#6202=CARTESIAN_POINT('',(-9.1007688706829,-0.500000000000038,-16.2827977549809));
#6203=CARTESIAN_POINT('',(-9.10229348368064,-0.500000000000038,-16.2927829334081));
#6204=CARTESIAN_POINT('',(-9.10567536020764,-0.500000000000038,-16.3149319250481));
#6205=CARTESIAN_POINT('',(-9.11292803055196,-0.500000000000038,-16.3368026484673));
#6206=CARTESIAN_POINT('',(-9.12345171749764,-0.500000000000038,-16.3565831169295));
#6207=CARTESIAN_POINT('',(-9.13397393769032,-0.500000000000038,-16.3763608284623));
#6208=CARTESIAN_POINT('',(-9.14805676836213,-0.500000000000039,-16.3945945896853));
#6209=CARTESIAN_POINT('',(-9.1645344066777,-0.500000000000039,-16.4097722847277));
#6210=CARTESIAN_POINT('',(-9.18100578516853,-0.500000000000039,-16.4249442137914));
#6211=CARTESIAN_POINT('',(-9.20032482634372,-0.500000000000039,-16.4374810299473));
#6212=CARTESIAN_POINT('',(-9.22089108810085,-0.500000000000039,-16.4463423288498));
#6213=CARTESIAN_POINT('',(-9.23376113193908,-0.500000000000039,-16.4518875906328));
#6214=CARTESIAN_POINT('',(-9.24729116863563,-0.500000000000039,-16.4560952153196));
#6215=CARTESIAN_POINT('',(-9.26103626110472,-0.500000000000039,-16.4588265867069));
#6216=CARTESIAN_POINT('',(-9.28288407207656,-0.500000000000039,-16.4631680988428));
#6217=CARTESIAN_POINT('',(-9.305776597242,-0.500000000000039,-16.463814698816));
#6218=CARTESIAN_POINT('',(-9.32783462019201,-0.500000000000039,-16.4607132160377));
#6219=CARTESIAN_POINT('',(-9.3,0.,0.));
#6220=CARTESIAN_POINT('',(-9.1,8.56429627306164,-13.8337962760156));
#6221=CARTESIAN_POINT('',(-9.1,8.57467198331978,-13.8517675333473));
#6222=CARTESIAN_POINT('',(-9.10330503982447,8.58517084704917,-13.8699520987484));
#6223=CARTESIAN_POINT('',(-9.10968008736142,8.59504480550493,-13.8870542964656));
#6224=CARTESIAN_POINT('',(-9.11656314212703,8.60570558825368,-13.9055193138349));
#6225=CARTESIAN_POINT('',(-9.12722281512522,8.61591927958569,-13.9232099461547));
#6226=CARTESIAN_POINT('',(-9.14077713866048,8.6248392839533,-13.9386598469232));
#6227=CARTESIAN_POINT('',(-9.15432780541154,8.6337568818171,-13.9541055795047));
#6228=CARTESIAN_POINT('',(-9.17114565410737,8.64162755778201,-13.9677379901659));
#6229=CARTESIAN_POINT('',(-9.18983790543511,8.64779834615022,-13.9784261091424));
#6230=CARTESIAN_POINT('',(-9.2085219438059,8.65396642321212,-13.9891095319986));
#6231=CARTESIAN_POINT('',(-9.22959441633041,8.65860628691598,-13.9971460116739));
#6232=CARTESIAN_POINT('',(-9.25130934037812,8.66133282602305,-14.0018685159361));
#6233=CARTESIAN_POINT('',(-9.27301518271722,8.66405822482525,-14.0065890451324));
#6234=CARTESIAN_POINT('',(-9.29596178417621,8.66494708680766,-14.0081285992469));
#6235=CARTESIAN_POINT('',(-9.31824813482807,8.66392564655051,-14.0063594128246));
#6236=CARTESIAN_POINT('',(-9.32145165142111,8.66377882121945,-14.0061051038914));
#6237=CARTESIAN_POINT('',(-9.32464900856844,8.66359326741643,-14.005783715277));
#6238=CARTESIAN_POINT('',(-9.32783462019201,8.66336930991101,-14.0053958094989));
#6239=CARTESIAN_POINT('',(-9.1,13.8337962760156,-8.56429627306172));
#6240=CARTESIAN_POINT('',(-9.1,13.8517675333473,-8.57467198331986));
#6241=CARTESIAN_POINT('',(-9.10330503982447,13.8699520987483,-8.58517084704924));
#6242=CARTESIAN_POINT('',(-9.10968008736142,13.8870542964655,-8.59504480550501));
#6243=CARTESIAN_POINT('',(-9.11656314212703,13.9055193138348,-8.60570558825376));
#6244=CARTESIAN_POINT('',(-9.12722281512522,13.9232099461547,-8.61591927958577));
#6245=CARTESIAN_POINT('',(-9.14077713866048,13.9386598469231,-8.62483928395337));
#6246=CARTESIAN_POINT('',(-9.15432780541153,13.9541055795047,-8.63375688181718));
#6247=CARTESIAN_POINT('',(-9.17114565410737,13.9677379901658,-8.64162755778209));
#6248=CARTESIAN_POINT('',(-9.1898379054351,13.9784261091423,-8.6477983461503));
#6249=CARTESIAN_POINT('',(-9.2085219438059,13.9891095319985,-8.6539664232122));
#6250=CARTESIAN_POINT('',(-9.22959441633041,13.9971460116738,-8.65860628691606));
#6251=CARTESIAN_POINT('',(-9.25130934037812,14.0018685159361,-8.66133282602313));
#6252=CARTESIAN_POINT('',(-9.27301518271721,14.0065890451324,-8.66405822482533));
#6253=CARTESIAN_POINT('',(-9.2959617841762,14.0081285992468,-8.66494708680774));
#6254=CARTESIAN_POINT('',(-9.31824813482807,14.0063594128246,-8.66392564655059));
#6255=CARTESIAN_POINT('',(-9.3214516514211,14.0061051038913,-8.66377882121953));
#6256=CARTESIAN_POINT('',(-9.32464900856844,14.005783715277,-8.66359326741651));
#6257=CARTESIAN_POINT('',(-9.32783462019201,14.0053958094988,-8.66336930991109));
#6258=CARTESIAN_POINT('',(-9.3,0.,0.));
#6259=CARTESIAN_POINT('',(-9.09999999999829,16.2625671423387,0.499999999999938));
#6260=CARTESIAN_POINT('',(-9.09999999999827,16.2776409546847,0.499999999999938));
#6261=CARTESIAN_POINT('',(-9.10172431028468,16.2928100022488,0.499999999999938));
#6262=CARTESIAN_POINT('',(-9.10510769249086,16.3074992004396,0.499999999999938));
#6263=CARTESIAN_POINT('',(-9.11013672229201,16.32933309651,0.499999999999938));
#6264=CARTESIAN_POINT('',(-9.119005048578,16.3506000037494,0.499999999999938));
#6265=CARTESIAN_POINT('',(-9.13097911257019,16.3695375841088,0.499999999999938));
#6266=CARTESIAN_POINT('',(-9.14295074714622,16.3884713222251,0.499999999999938));
#6267=CARTESIAN_POINT('',(-9.15835737260213,16.4055991223088,0.499999999999937));
#6268=CARTESIAN_POINT('',(-9.17592334472969,16.4195003127863,0.499999999999937));
#6269=CARTESIAN_POINT('',(-9.19348206389684,16.4333957634857,0.499999999999937));
#6270=CARTESIAN_POINT('',(-9.21368300590845,16.4444506677984,0.499999999999937));
#6271=CARTESIAN_POINT('',(-9.23485251455203,16.4517475214161,0.499999999999937));
#6272=CARTESIAN_POINT('',(-9.25601265641833,16.4590411464278,0.499999999999937));
#6273=CARTESIAN_POINT('',(-9.27872435982663,16.4627812583664,0.499999999999937));
#6274=CARTESIAN_POINT('',(-9.30110589772865,16.4626574409469,0.499999999999937));
#6275=CARTESIAN_POINT('',(-9.31003887431035,16.4626080226221,0.499999999999937));
#6276=CARTESIAN_POINT('',(-9.31898852240631,16.4619570274164,0.499999999999937));
#6277=CARTESIAN_POINT('',(-9.32783462019201,16.4607132160377,0.499999999999937));
#6278=CARTESIAN_POINT('',(-9.32783462019201,16.4607132160377,0.499999999999937));
#6279=CARTESIAN_POINT('',(-9.32783462019201,0.,0.));
#6280=CARTESIAN_POINT('',(-9.32783462019201,14.5053958094989,7.79734390612654));
#6281=CARTESIAN_POINT('',(-9.1,14.3337962760156,7.69827086927718));
#6282=CARTESIAN_POINT('',(-9.1,14.3517675333474,7.70864657953534));
#6283=CARTESIAN_POINT('',(-9.10330503982448,14.3699520987485,7.71914544326474));
#6284=CARTESIAN_POINT('',(-9.10968008736146,14.3870542964657,7.72901940172053));
#6285=CARTESIAN_POINT('',(-9.11656314212708,14.405519313835,7.73968018446927));
#6286=CARTESIAN_POINT('',(-9.12722281512529,14.4232099461548,7.74989387580128));
#6287=CARTESIAN_POINT('',(-9.14077713866056,14.4386598469233,7.75881388016888));
#6288=CARTESIAN_POINT('',(-9.15432780541162,14.4541055795048,7.76773147803268));
#6289=CARTESIAN_POINT('',(-9.17114565410746,14.467737990166,7.77560215399759));
#6290=CARTESIAN_POINT('',(-9.18983790543521,14.4784261091425,7.7817729423658));
#6291=CARTESIAN_POINT('',(-9.20852194380601,14.4891095319986,7.78794101942768));
#6292=CARTESIAN_POINT('',(-9.22959441633053,14.4971460116739,7.79258088313154));
#6293=CARTESIAN_POINT('',(-9.25130934037824,14.5018685159362,7.7953074222386));
#6294=CARTESIAN_POINT('',(-9.27301518271734,14.5065890451325,7.79803282104079));
#6295=CARTESIAN_POINT('',(-9.29596178417633,14.5081285992469,7.7989216830232));
#6296=CARTESIAN_POINT('',(-9.3182481348282,14.5063594128246,7.79790024276604));
#6297=CARTESIAN_POINT('',(-9.32145165142119,14.5061051038914,7.79775341743498));
#6298=CARTESIAN_POINT('',(-9.32464900856848,14.505783715277,7.79756786363196));
#6299=CARTESIAN_POINT('',(-9.32783462019201,14.5053958094989,7.79734390612654));
#6300=CARTESIAN_POINT('',(-9.3,0.,0.));
#6301=CARTESIAN_POINT('',(-9.32783462019201,16.4607132160377,0.499999999999937));
#6302=CARTESIAN_POINT('',(-10.8667883836299,16.2443276131772,0.499999999999939));
#6303=CARTESIAN_POINT('',(-12.405741605685,16.0279381599102,0.49999999999994));
#6304=CARTESIAN_POINT('',(-13.944694216787,15.8115443616921,0.499999999999941));
#6305=CARTESIAN_POINT('',(-22.3428773306844,14.6306667121549,0.499999999999948));
#6306=CARTESIAN_POINT('',(-30.7410437461912,13.4496702797949,0.499999999999954));
#6307=CARTESIAN_POINT('',(-39.1391731009639,12.2684103684154,0.499999999999961));
#6308=CARTESIAN_POINT('',(-39.1391731009639,12.2684103684154,0.499999999999961));
#6309=CARTESIAN_POINT('',(-39.1391731009639,0.,0.));
#6310=CARTESIAN_POINT('',(-39.1391731009639,6.56721788609993,10.3747550431002));
#6311=CARTESIAN_POINT('',(-9.32783462019201,8.66336930991104,14.0053958094989));
#6312=CARTESIAN_POINT('',(-19.2649777855808,7.96476004508502,12.7953690681819));
#6313=CARTESIAN_POINT('',(-29.2021009866885,7.26607976528787,11.5852193253268));
#6314=CARTESIAN_POINT('',(-39.1391731009639,6.56721788609993,10.3747550431002));
#6315=CARTESIAN_POINT('',(-38.6720971174059,10.431650705305,6.60006661198958));
#6316=CARTESIAN_POINT('',(-31.7122388468756,11.2794442541519,7.08954044563354));
#6317=CARTESIAN_POINT('',(-24.7523551780967,12.1270814278897,7.57892399606623));
#6318=CARTESIAN_POINT('',(-17.7924584054976,12.9746378843815,8.06826094437516));
#6319=CARTESIAN_POINT('',(-14.9709192619783,13.3182369055263,8.26663793172641));
#6320=CARTESIAN_POINT('',(-12.1493778469775,13.6618219372733,8.46500684229508));
#6321=CARTESIAN_POINT('',(-9.32783462019201,14.0053958094989,8.66336930991102));
#6322=CARTESIAN_POINT('',(-38.6720971174059,10.431650705305,6.60006661198958));
#6323=CARTESIAN_POINT('',(-24.31963383734,-1.74794710211541,-1.00917772993555));
#6324=CARTESIAN_POINT('',(-38.6720971174059,10.931650705305,5.73404120820513));
#6325=CARTESIAN_POINT('',(-9.32783462019201,14.5053958094989,7.79734390612654));
#6326=CARTESIAN_POINT('',(-19.1092846912512,13.3143275157399,7.10968030610155));
#6327=CARTESIAN_POINT('',(-28.8907153126055,12.1231393923708,6.42194752241894));
#6328=CARTESIAN_POINT('',(-38.6720971174059,10.931650705305,5.73404120820513));
#6329=CARTESIAN_POINT('',(-9.32783462019201,0.,0.));
#6330=CARTESIAN_POINT('',(-40.0000000000038,2.31173769148989,-1.91203264766713));
#6331=CARTESIAN_POINT('',(-21.5000000000038,2.31173769148989,-1.91203264766713));
#6332=CARTESIAN_POINT('',(-21.5000000000038,0.,0.));
#6333=CARTESIAN_POINT('',(-21.5000000000038,0.499999999999993,-2.95803989154981));
#6334=CARTESIAN_POINT('',(-40.0000000000038,0.499999999999993,-2.95803989154981));
#6335=CARTESIAN_POINT('',(-40.0000000000038,0.,0.));
#6336=CARTESIAN_POINT('',(-40.0000000000038,-9.68932135945981,-17.7823968854467));
#6337=CARTESIAN_POINT('',(-40.0000000000038,-3.30864468488173,-6.73074069840786));
#6338=CARTESIAN_POINT('',(-40.0000000000038,0.,0.));
#6339=CARTESIAN_POINT('',(-40.0000000000038,3.30864468488171,-6.73074069840786));
#6340=CARTESIAN_POINT('',(-40.0000000000038,9.68932135945973,-17.7823968854467));
#6341=CARTESIAN_POINT('',(-40.0000000000038,0.,12.1576135792361));
#6342=CARTESIAN_POINT('',(1.67523646940377E-15,6.22458182382457,11.7812919747339));
#6343=CARTESIAN_POINT('',(-1.73327711090626,6.72528847370531,12.648541332015));
#6344=CARTESIAN_POINT('',(-3.46662079473875,7.22593751128516,13.5156909018637));
#6345=CARTESIAN_POINT('',(-5.19999999999999,7.72655579673291,14.3827872074572));
#6346=CARTESIAN_POINT('',(-5.19999999999999,7.72655579673291,14.3827872074572));
#6347=CARTESIAN_POINT('',(-5.19999999999999,0.,0.));
#6348=CARTESIAN_POINT('',(-5.19999999999999,0.5,16.3191369972503));
#6349=CARTESIAN_POINT('',(2.18184737258426E-15,0.5,13.3151890514336));
#6350=CARTESIAN_POINT('',(-0.888388607061724,0.5,13.8284619498468));
#6351=CARTESIAN_POINT('',(-1.7767951220288,0.5,14.3417038533147));
#6352=CARTESIAN_POINT('',(-2.66521449865766,0.5,14.8549234911239));
#6353=CARTESIAN_POINT('',(-3.51013226598055,0.5,15.3430132400997));
#6354=CARTESIAN_POINT('',(-4.35506172956192,0.5,15.8310827423336));
#6355=CARTESIAN_POINT('',(-5.19999999999999,0.5,16.3191369972503));
#6356=CARTESIAN_POINT('',(6.7331941413751E-15,0.,0.));
#6357=CARTESIAN_POINT('',(-5.19999999999999,7.72655579673291,14.3827872074572));
#6358=CARTESIAN_POINT('',(-5.21931104705836,7.7321330317887,14.3924472619396));
#6359=CARTESIAN_POINT('',(-5.24080523988241,7.73612595595771,14.3993632094711));
#6360=CARTESIAN_POINT('',(-5.26271502067057,7.7382056342847,14.4029653179969));
#6361=CARTESIAN_POINT('',(-5.28469953445397,7.74029240627419,14.4065797131065));
#6362=CARTESIAN_POINT('',(-5.30770795130501,7.7405099201453,14.4069564581826));
#6363=CARTESIAN_POINT('',(-5.32983450750439,7.73884012776355,14.4040642929393));
#6364=CARTESIAN_POINT('',(-5.35195847130935,7.73717053101822,14.4011724665482));
#6365=CARTESIAN_POINT('',(-5.3738108599919,7.7335680740272,14.3949328280077));
#6366=CARTESIAN_POINT('',(-5.3935828612155,7.72833147314435,14.3858627692197));
#6367=CARTESIAN_POINT('',(-5.41335733919976,7.72309421629316,14.3767915742611));
#6368=CARTESIAN_POINT('',(-5.43159608809746,7.71607809837247,14.3646393015506));
#6369=CARTESIAN_POINT('',(-5.44679089015737,7.70786433846589,14.3504126520712));
#6370=CARTESIAN_POINT('',(-5.46199134481653,7.69964752296879,14.3361807101538));
#6371=CARTESIAN_POINT('',(-5.47456466174671,7.69000573534553,14.3194806441145));
#6372=CARTESIAN_POINT('',(-5.48347192828592,7.67973711016615,14.30169486358));
#6373=CARTESIAN_POINT('',(-5.49238330262849,7.66946374935964,14.2839008806986));
#6374=CARTESIAN_POINT('',(-5.49787097147312,7.65827976705388,14.2645296551141));
#6375=CARTESIAN_POINT('',(-5.4994816277153,7.6471107681262,14.2451843815017));
#6376=CARTESIAN_POINT('',(-5.49982698602899,7.64471590165232,14.2410363510916));
#6377=CARTESIAN_POINT('',(-5.49999999999999,7.64231326498838,14.2368748623175));
#6378=CARTESIAN_POINT('',(-5.49999999999999,7.63991218116666,14.232716063145));
#6379=CARTESIAN_POINT('',(-5.49999999999999,7.63991218116666,14.232716063145));
#6380=CARTESIAN_POINT('',(-5.49999999999999,0.,0.));
#6381=CARTESIAN_POINT('',(-5.49999999999999,0.5,16.1458497661178));
#6382=CARTESIAN_POINT('',(-5.19999999999999,0.5,16.3191369972503));
#6383=CARTESIAN_POINT('',(-5.21578742756432,0.5,16.328256150053));
#6384=CARTESIAN_POINT('',(-5.23299102819998,0.5,16.3352597839449));
#6385=CARTESIAN_POINT('',(-5.25065887568084,0.5,16.3397596708692));
#6386=CARTESIAN_POINT('',(-5.27234630018932,0.5,16.3452833181653));
#6387=CARTESIAN_POINT('',(-5.29528681848736,0.5,16.3471380628154));
#6388=CARTESIAN_POINT('',(-5.31757990482519,0.5,16.3451699767409));
#6389=CARTESIAN_POINT('',(-5.33986798206002,0.5,16.3432023328817));
#6390=CARTESIAN_POINT('',(-5.36212358048659,0.5,16.337359397209));
#6391=CARTESIAN_POINT('',(-5.38250420179777,0.5,16.3281257476514));
#6392=CARTESIAN_POINT('',(-5.40288626327041,0.5,16.3188914456139));
#6393=CARTESIAN_POINT('',(-5.42195502793132,0.5,16.3060115110351));
#6394=CARTESIAN_POINT('',(-5.4381333634744,0.5,16.2905531080436));
#6395=CARTESIAN_POINT('',(-5.45431713812917,0.5,16.2750895079796));
#6396=CARTESIAN_POINT('',(-5.46805471648126,0.5,16.256619576694));
#6397=CARTESIAN_POINT('',(-5.47821085795314,0.5,16.2366723894383));
#6398=CARTESIAN_POINT('',(-5.48837166687007,0.5,16.216716035079));
#6399=CARTESIAN_POINT('',(-5.49522791662791,0.5,16.1947309693537));
#6400=CARTESIAN_POINT('',(-5.49821324174692,0.5,16.1725366919135));
#6401=CARTESIAN_POINT('',(-5.49940175901019,0.5,16.1637007089529));
#6402=CARTESIAN_POINT('',(-5.49999999999999,0.5,16.1547653237652));
#6403=CARTESIAN_POINT('',(-5.49999999999999,0.5,16.1458497661178));
#6404=CARTESIAN_POINT('',(-5.29999999999999,0.,0.));
#6405=CARTESIAN_POINT('',(-5.49999999999999,6.5616968793294,12.3651923788647));
#6406=CARTESIAN_POINT('',(-5.49999999999999,6.86270522028652,12.8865541189044));
#6407=CARTESIAN_POINT('',(-5.49999999999999,0.,0.));
#6408=CARTESIAN_POINT('',(-5.49999999999999,0.5,14.5914358443575));
#6409=CARTESIAN_POINT('',(-5.49999999999999,0.5,16.1535898384862));
#6410=CARTESIAN_POINT('',(-5.49999999999999,0.,16.1535898384862));
#6411=CARTESIAN_POINT('',(1.17756934401283E-16,6.86270522028652,12.8865541189044));
#6412=CARTESIAN_POINT('',(-9.1,6.86270522028652,12.8865541189044));
#6413=CARTESIAN_POINT('',(-9.1,0.,0.));
#6414=CARTESIAN_POINT('',(-9.1,0.5,14.5914358443575));
#6415=CARTESIAN_POINT('',(0.,0.5,14.5914358443575));
#6416=CARTESIAN_POINT('',(0.,0.,0.));
#6417=CARTESIAN_POINT('',(-9.1,5.88897274573419,11.2));
#6418=CARTESIAN_POINT('',(-9.1,7.69827086927723,14.3337962760156));
#6419=CARTESIAN_POINT('',(-9.1,0.,0.));
#6420=CARTESIAN_POINT('',(-9.09999999999925,0.5,16.2625671423388));
#6421=CARTESIAN_POINT('',(-9.1,0.5,14.6));
#6422=CARTESIAN_POINT('',(-9.1,0.,14.6));
#6423=CARTESIAN_POINT('',(-9.1,7.69827086927723,14.3337962760156));
#6424=CARTESIAN_POINT('',(-9.1,7.70864657953537,14.3517675333473));
#6425=CARTESIAN_POINT('',(-9.10330503982447,7.71914544326476,14.3699520987484));
#6426=CARTESIAN_POINT('',(-9.10968008736142,7.72901940172053,14.3870542964656));
#6427=CARTESIAN_POINT('',(-9.11656314212704,7.73968018446928,14.4055193138349));
#6428=CARTESIAN_POINT('',(-9.12722281512523,7.74989387580129,14.4232099461547));
#6429=CARTESIAN_POINT('',(-9.14077713866049,7.75881388016889,14.4386598469232));
#6430=CARTESIAN_POINT('',(-9.15432780541154,7.76773147803269,14.4541055795047));
#6431=CARTESIAN_POINT('',(-9.17114565410737,7.7756021539976,14.4677379901659));
#6432=CARTESIAN_POINT('',(-9.18983790543511,7.78177294236582,14.4784261091424));
#6433=CARTESIAN_POINT('',(-9.20852194380591,7.78794101942771,14.4891095319986));
#6434=CARTESIAN_POINT('',(-9.22959441633042,7.79258088313157,14.4971460116739));
#6435=CARTESIAN_POINT('',(-9.25130934037813,7.79530742223864,14.5018685159361));
#6436=CARTESIAN_POINT('',(-9.27301518271722,7.79803282104084,14.5065890451324));
#6437=CARTESIAN_POINT('',(-9.29596178417621,7.79892168302325,14.5081285992469));
#6438=CARTESIAN_POINT('',(-9.31824813482808,7.7979002427661,14.5063594128246));
#6439=CARTESIAN_POINT('',(-9.32145165142111,7.79775341743504,14.5061051038914));
#6440=CARTESIAN_POINT('',(-9.32464900856844,7.79756786363202,14.505783715277));
#6441=CARTESIAN_POINT('',(-9.32783462019201,7.7973439061266,14.5053958094989));
#6442=CARTESIAN_POINT('',(-9.09999999999925,0.5,16.2625671423388));
#6443=CARTESIAN_POINT('',(-9.09999999999924,0.5,16.2782250434297));
#6444=CARTESIAN_POINT('',(-9.10186239080334,0.5,16.2939896034441));
#6445=CARTESIAN_POINT('',(-9.10551119883007,0.5,16.309216424076));
#6446=CARTESIAN_POINT('',(-9.11073243135261,0.5,16.3310051206902));
#6447=CARTESIAN_POINT('',(-9.11978782917095,0.5,16.3521930199715));
#6448=CARTESIAN_POINT('',(-9.13192833902142,0.5,16.3710242862532));
#6449=CARTESIAN_POINT('',(-9.14406629842266,0.5,16.3898515965075));
#6450=CARTESIAN_POINT('',(-9.15962317779192,0.5,16.4068427715463));
#6451=CARTESIAN_POINT('',(-9.17731086324966,0.5,16.4205884418823));
#6452=CARTESIAN_POINT('',(-9.19499118731001,0.5,16.4343283914393));
#6453=CARTESIAN_POINT('',(-9.21528855590353,0.5,16.4452046444312));
#6454=CARTESIAN_POINT('',(-9.23652130882938,0.5,16.4523145161527));
#6455=CARTESIAN_POINT('',(-9.25774470762951,0.5,16.4594212556079));
#6456=CARTESIAN_POINT('',(-9.28048825764076,0.5,16.4629609884193));
#6457=CARTESIAN_POINT('',(-9.30286760804962,0.5,16.462639931428));
#6458=CARTESIAN_POINT('',(-9.3112138307295,0.5,16.4625201954619));
#6459=CARTESIAN_POINT('',(-9.31956884576537,0.5,16.46187543067));
#6460=CARTESIAN_POINT('',(-9.32783462019201,0.5,16.4607132160377));
#6461=CARTESIAN_POINT('',(-9.3,0.,0.));
#6462=CARTESIAN_POINT('',(-40.0000000000038,11.2772480188532,0.499999999999956));
#6463=CARTESIAN_POINT('',(-40.0000000000038,11.3591862039626,0.499999999999955));
#6464=CARTESIAN_POINT('',(-39.9897973489049,11.441734161993,0.499999999999964));
#6465=CARTESIAN_POINT('',(-39.9698447505582,11.521205917971,0.499999999999964));
#6466=CARTESIAN_POINT('',(-39.942538685045,11.6299667388659,0.499999999999964));
#6467=CARTESIAN_POINT('',(-39.896073143099,11.735514765038,0.499999999999963));
#6468=CARTESIAN_POINT('',(-39.8342875161788,11.8290940024875,0.499999999999963));
#6469=CARTESIAN_POINT('',(-39.7725359978018,11.9226215798403,0.499999999999962));
#6470=CARTESIAN_POINT('',(-39.6937749605787,12.0067755362321,0.499999999999962));
#6471=CARTESIAN_POINT('',(-39.6045261485733,12.0745642322143,0.499999999999962));
#6472=CARTESIAN_POINT('',(-39.5153529471443,12.1422954983857,0.499999999999961));
#6473=CARTESIAN_POINT('',(-39.4132469990608,12.195558748444,0.499999999999961));
#6474=CARTESIAN_POINT('',(-39.3066716693849,12.2299256420298,0.499999999999961));
#6475=CARTESIAN_POINT('',(-39.2521487159179,12.2475074270966,0.499999999999961));
#6476=CARTESIAN_POINT('',(-39.1959022911178,12.2604309821375,0.499999999999961));
#6477=CARTESIAN_POINT('',(-39.1391731009639,12.2684103684154,0.499999999999961));
#6478=CARTESIAN_POINT('',(-40.0000000000038,6.07163671131888,9.51638326910472));
#6479=CARTESIAN_POINT('',(-40.0000000000038,6.11407737232189,9.58989265026873));
#6480=CARTESIAN_POINT('',(-39.9890392965555,6.15685668982609,9.66398860169916));
#6481=CARTESIAN_POINT('',(-39.9676394385533,6.19792640160673,9.73512342915542));
#6482=CARTESIAN_POINT('',(-39.9393684304537,6.25218293706055,9.82909850520411));
#6483=CARTESIAN_POINT('',(-39.8919672120725,6.30474804542523,9.92014394359709));
#6484=CARTESIAN_POINT('',(-39.8293527663087,6.35126085989196,10.0007065014565));
#6485=CARTESIAN_POINT('',(-39.7667736417208,6.39774743620735,10.0812236135047));
#6486=CARTESIAN_POINT('',(-39.6872692582928,6.43947187080757,10.1534924541493));
#6487=CARTESIAN_POINT('',(-39.597423182131,6.47296752926733,10.2115086364346));
#6488=CARTESIAN_POINT('',(-39.5076534932456,6.50643470966515,10.2694754932697));
#6489=CARTESIAN_POINT('',(-39.4050805215586,6.53261085873496,10.3148139134051));
#6490=CARTESIAN_POINT('',(-39.2982064399679,6.5493196616681,10.343754409019));
#6491=CARTESIAN_POINT('',(-39.2463451570602,6.55742770753915,10.3577979564177));
#6492=CARTESIAN_POINT('',(-39.1929808390443,6.56343365503898,10.368200562635));
#6493=CARTESIAN_POINT('',(-39.1391731009639,6.56721788609993,10.3747550431002));
#6494=CARTESIAN_POINT('',(-39.0000000000038,0.,0.));
#6495=CARTESIAN_POINT('',(-26.3379892972111,0.,0.));
#6496=CARTESIAN_POINT('',(-33.821304070759,0.5,7.48331477354788));
#6497=CARTESIAN_POINT('',(-33.821304070759,-0.5,7.48331477354789));
#6498=CARTESIAN_POINT('',(-40.0000000000038,0.5,13.6620107027927));
#6499=CARTESIAN_POINT('',(-40.0000000000038,-0.5,13.6620107027927));
#6500=CARTESIAN_POINT('',(-40.0000000000038,-0.5,13.6620107027927));
#6501=CARTESIAN_POINT('',(-21.5000000000038,-0.5,0.));
#6502=CARTESIAN_POINT('',(-21.5000000000038,-0.5,7.48331477354788));
#6503=CARTESIAN_POINT('',(-40.0000000000038,-0.5,7.48331477354788));
#6504=CARTESIAN_POINT('',(0.,-0.5,0.));
#6505=CARTESIAN_POINT('',(-21.5000000000038,0.5,0.));
#6506=CARTESIAN_POINT('',(-21.5000000000038,0.5,7.48331477354788));
#6507=CARTESIAN_POINT('',(-40.0000000000038,0.5,7.48331477354788));
#6508=CARTESIAN_POINT('',(0.,0.5,0.));
#6509=CARTESIAN_POINT('',(-40.0000000000038,2.29688448056609,4.97832061945692));
#6510=CARTESIAN_POINT('',(-5.3888350058682,2.29688448056609,4.97832061945692));
#6511=CARTESIAN_POINT('',(-21.5000000000038,2.29688448056609,4.97832061945692));
#6512=CARTESIAN_POINT('',(-21.5000000000038,-0.433012701892224,0.250000000000002));
#6513=CARTESIAN_POINT('',(-21.5000000000038,3.30864468488171,6.73074069840786));
#6514=CARTESIAN_POINT('',(-40.0000000000038,3.30864468488171,6.73074069840787));
#6515=CARTESIAN_POINT('',(-5.3888350058682,2.29688448056609,4.97832061945692));
#6516=CARTESIAN_POINT('',(0.,-0.433012701892219,0.25));
#6517=CARTESIAN_POINT('',(-21.5000000000038,0.433012701892215,-0.249999999999997));
#6518=CARTESIAN_POINT('',(-21.5000000000038,3.16290988435053,4.47832061945692));
#6519=CARTESIAN_POINT('',(-21.5000000000038,4.17467008866615,6.23074069840787));
#6520=CARTESIAN_POINT('',(-40.0000000000038,3.16290988435053,4.47832061945692));
#6521=CARTESIAN_POINT('',(-5.3888350058682,3.16290988435053,4.47832061945692));
#6522=CARTESIAN_POINT('',(-5.3888350058682,3.16290988435053,4.47832061945692));
#6523=CARTESIAN_POINT('',(-40.0000000000038,4.17467008866615,6.23074069840787));
#6524=CARTESIAN_POINT('',(0.,0.433012701892219,-0.25));
#6525=CARTESIAN_POINT('',(-5.3888350058682,2.29688448056609,4.97832061945692));
#6526=CARTESIAN_POINT('',(-5.3888350058682,2.29688448056609,4.97832061945692));
#6527=CARTESIAN_POINT('',(-21.5000000000038,2.29688448056609,4.97832061945692));
#6528=CARTESIAN_POINT('',(-40.0000000000038,2.29688448056609,4.97832061945692));
#6529=CARTESIAN_POINT('',(-21.5000000000038,0.249999999999998,-0.43301270189222));
#6530=CARTESIAN_POINT('',(-21.5000000000038,6.73074069840787,3.30864468488169));
#6531=CARTESIAN_POINT('',(-40.0000000000038,12.0816483353934,6.39799264950407));
#6532=CARTESIAN_POINT('',(-33.821304070759,6.73074069840788,3.30864468488169));
#6533=CARTESIAN_POINT('',(-40.0000000000038,6.73074069840787,3.30864468488169));
#6534=CARTESIAN_POINT('',(0.,0.249999999999998,-0.43301270189222));
#6535=CARTESIAN_POINT('',(-26.3379892972111,0.,0.));
#6536=CARTESIAN_POINT('',(-33.821304070759,6.23074069840787,4.17467008866614));
#6537=CARTESIAN_POINT('',(-40.0000000000038,11.5816483353934,7.26401805328852));
#6538=CARTESIAN_POINT('',(-40.0000000000038,11.5816483353934,7.26401805328852));
#6539=CARTESIAN_POINT('',(-21.5000000000038,-0.249999999999999,0.43301270189222));
#6540=CARTESIAN_POINT('',(-21.5000000000038,6.23074069840787,4.17467008866615));
#6541=CARTESIAN_POINT('',(-40.0000000000038,6.23074069840787,4.17467008866615));
#6542=CARTESIAN_POINT('',(0.,-0.249999999999999,0.43301270189222));
#6543=CARTESIAN_POINT('',(-21.5000000000038,0.250000000000001,0.433012701892219));
#6544=CARTESIAN_POINT('',(-21.5000000000038,6.73074069840785,-3.30864468488174));
#6545=CARTESIAN_POINT('',(-40.0000000000038,6.73074069840785,-3.30864468488174));
#6546=CARTESIAN_POINT('',(-33.821304070759,6.73074069840785,-3.30864468488174));
#6547=CARTESIAN_POINT('',(-40.0000000000038,12.0816483353933,-6.39799264950416));
#6548=CARTESIAN_POINT('',(0.,0.250000000000001,0.433012701892219));
#6549=CARTESIAN_POINT('',(-21.5000000000038,-0.250000000000001,-0.433012701892219));
#6550=CARTESIAN_POINT('',(-21.5000000000038,6.23074069840785,-4.17467008866618));
#6551=CARTESIAN_POINT('',(-40.0000000000038,11.5816483353933,-7.2640180532886));
#6552=CARTESIAN_POINT('',(-33.821304070759,6.23074069840785,-4.17467008866618));
#6553=CARTESIAN_POINT('',(-40.0000000000038,6.23074069840785,-4.17467008866618));
#6554=CARTESIAN_POINT('',(0.,-0.250000000000001,-0.433012701892219));
#6555=CARTESIAN_POINT('',(-26.3379892972111,0.,0.));
#6556=CARTESIAN_POINT('',(-40.0000000000038,12.0816483353933,-6.39799264950416));
#6557=CARTESIAN_POINT('',(-21.5000000000038,0.5,-1.17145536458252E-15));
#6558=CARTESIAN_POINT('',(-21.5000000000038,0.499999999999982,-7.48331477354788));
#6559=CARTESIAN_POINT('',(-40.0000000000038,0.499999999999982,-7.48331477354788));
#6560=CARTESIAN_POINT('',(-33.821304070759,0.499999999999983,-7.48331477354789));
#6561=CARTESIAN_POINT('',(-40.0000000000038,0.499999999999968,-13.6620107027927));
#6562=CARTESIAN_POINT('',(0.,0.5,-1.17145536458252E-15));
#6563=CARTESIAN_POINT('',(-21.5000000000038,-0.5,1.17145536458252E-15));
#6564=CARTESIAN_POINT('',(-21.5000000000038,-0.500000000000017,-7.48331477354788));
#6565=CARTESIAN_POINT('',(-40.0000000000038,-0.500000000000032,-13.6620107027927));
#6566=CARTESIAN_POINT('',(-33.821304070759,-0.500000000000017,-7.48331477354788));
#6567=CARTESIAN_POINT('',(-40.0000000000038,-0.500000000000018,-7.48331477354788));
#6568=CARTESIAN_POINT('',(0.,-0.5,1.17145536458252E-15));
#6569=CARTESIAN_POINT('',(-26.3379892972111,0.,0.));
#6570=CARTESIAN_POINT('',(-40.0000000000038,0.499999999999968,-13.6620107027927));
#6571=CARTESIAN_POINT('',(-21.5000000000038,0.249999999999999,-0.43301270189222));
#6572=CARTESIAN_POINT('',(-21.5000000000038,-6.23074069840787,-4.17467008866615));
#6573=CARTESIAN_POINT('',(-40.0000000000038,-6.23074069840787,-4.17467008866615));
#6574=CARTESIAN_POINT('',(-33.821304070759,-6.23074069840787,-4.17467008866615));
#6575=CARTESIAN_POINT('',(-40.0000000000038,-11.5816483353934,-7.26401805328855));
#6576=CARTESIAN_POINT('',(0.,0.249999999999999,-0.43301270189222));
#6577=CARTESIAN_POINT('',(-21.5000000000038,-0.249999999999999,0.43301270189222));
#6578=CARTESIAN_POINT('',(-21.5000000000038,-6.73074069840787,-3.30864468488171));
#6579=CARTESIAN_POINT('',(-40.0000000000038,-12.0816483353934,-6.39799264950411));
#6580=CARTESIAN_POINT('',(-33.821304070759,-6.73074069840787,-3.30864468488171));
#6581=CARTESIAN_POINT('',(-40.0000000000038,-6.73074069840786,-3.30864468488171));
#6582=CARTESIAN_POINT('',(0.,-0.249999999999999,0.43301270189222));
#6583=CARTESIAN_POINT('',(-26.3379892972111,0.,0.));
#6584=CARTESIAN_POINT('',(-40.0000000000038,-11.5816483353934,-7.26401805328855));
#6585=CARTESIAN_POINT('',(-26.3379892972111,0.,0.));
#6586=CARTESIAN_POINT('',(-33.821304070759,-6.23074069840786,4.17467008866616));
#6587=CARTESIAN_POINT('',(-33.821304070759,-6.73074069840786,3.30864468488173));
#6588=CARTESIAN_POINT('',(-40.0000000000038,-11.5816483353934,7.26401805328857));
#6589=CARTESIAN_POINT('',(-40.0000000000038,-12.0816483353934,6.39799264950414));
#6590=CARTESIAN_POINT('',(-40.0000000000038,-12.0816483353934,6.39799264950414));
#6591=CARTESIAN_POINT('',(-21.5000000000038,-0.25,-0.433012701892219));
#6592=CARTESIAN_POINT('',(-21.5000000000038,-6.73074069840786,3.30864468488173));
#6593=CARTESIAN_POINT('',(-40.0000000000038,-6.73074069840786,3.30864468488173));
#6594=CARTESIAN_POINT('',(0.,-0.25,-0.433012701892219));
#6595=CARTESIAN_POINT('',(-21.5000000000038,0.25,0.433012701892219));
#6596=CARTESIAN_POINT('',(-21.5000000000038,-6.23074069840786,4.17467008866616));
#6597=CARTESIAN_POINT('',(-40.0000000000038,-6.23074069840786,4.17467008866616));
#6598=CARTESIAN_POINT('',(0.,0.25,0.433012701892219));
#6599=CARTESIAN_POINT('',(-40.0000000000038,5.45979436491662,0.499999999999978));
#6600=CARTESIAN_POINT('',(-21.5000000000038,5.45979436491662,0.499999999999979));
#6601=CARTESIAN_POINT('',(-5.3888350058682,5.45979436491662,0.499999999999979));
#6602=CARTESIAN_POINT('',(-21.5000000000038,2.0057740190982E-15,0.500000000000005));
#6603=CARTESIAN_POINT('',(-21.5000000000038,7.48331477354789,0.49999999999998));
#6604=CARTESIAN_POINT('',(-40.0000000000038,7.48331477354788,0.49999999999998));
#6605=CARTESIAN_POINT('',(-5.3888350058682,5.45979436491662,0.499999999999979));
#6606=CARTESIAN_POINT('',(0.,2.00577401909818E-15,0.5));
#6607=CARTESIAN_POINT('',(-21.5000000000038,-2.00577401909816E-15,-0.499999999999995));
#6608=CARTESIAN_POINT('',(-21.5000000000038,5.45979436491661,-0.500000000000021));
#6609=CARTESIAN_POINT('',(-21.5000000000038,7.48331477354788,-0.50000000000002));
#6610=CARTESIAN_POINT('',(-40.0000000000038,5.45979436491661,-0.500000000000022));
#6611=CARTESIAN_POINT('',(-5.3888350058682,5.45979436491661,-0.500000000000021));
#6612=CARTESIAN_POINT('',(-5.3888350058682,5.45979436491661,-0.500000000000021));
#6613=CARTESIAN_POINT('',(-40.0000000000038,7.48331477354788,-0.50000000000002));
#6614=CARTESIAN_POINT('',(0.,-2.00577401909818E-15,-0.5));
#6615=CARTESIAN_POINT('',(-5.3888350058682,5.45979436491662,0.499999999999979));
#6616=CARTESIAN_POINT('',(-5.3888350058682,5.45979436491662,0.499999999999979));
#6617=CARTESIAN_POINT('',(-21.5000000000038,5.45979436491662,0.499999999999978));
#6618=CARTESIAN_POINT('',(-40.0000000000038,5.45979436491662,0.499999999999978));
#6619=CARTESIAN_POINT('',(-40.0000000000038,3.16290988435052,-4.47832061945692));
#6620=CARTESIAN_POINT('',(-21.5000000000038,3.16290988435052,-4.47832061945692));
#6621=CARTESIAN_POINT('',(-5.3888350058682,3.16290988435052,-4.47832061945692));
#6622=CARTESIAN_POINT('',(-21.5000000000038,0.433012701892224,0.250000000000001));
#6623=CARTESIAN_POINT('',(-21.5000000000038,4.17467008866615,-6.23074069840787));
#6624=CARTESIAN_POINT('',(-40.0000000000038,4.17467008866615,-6.23074069840787));
#6625=CARTESIAN_POINT('',(-5.3888350058682,3.16290988435052,-4.47832061945692));
#6626=CARTESIAN_POINT('',(0.,0.43301270189222,0.249999999999999));
#6627=CARTESIAN_POINT('',(-21.5000000000038,-0.433012701892216,-0.249999999999996));
#6628=CARTESIAN_POINT('',(-21.5000000000038,2.29688448056608,-4.97832061945692));
#6629=CARTESIAN_POINT('',(-21.5000000000038,3.30864468488171,-6.73074069840786));
#6630=CARTESIAN_POINT('',(-40.0000000000038,2.29688448056608,-4.97832061945692));
#6631=CARTESIAN_POINT('',(-5.3888350058682,2.29688448056608,-4.97832061945692));
#6632=CARTESIAN_POINT('',(-5.3888350058682,2.29688448056608,-4.97832061945692));
#6633=CARTESIAN_POINT('',(-40.0000000000038,3.30864468488171,-6.73074069840786));
#6634=CARTESIAN_POINT('',(0.,-0.43301270189222,-0.249999999999999));
#6635=CARTESIAN_POINT('',(-5.3888350058682,3.16290988435052,-4.47832061945692));
#6636=CARTESIAN_POINT('',(-5.3888350058682,3.16290988435052,-4.47832061945692));
#6637=CARTESIAN_POINT('',(-21.5000000000038,3.16290988435052,-4.47832061945692));
#6638=CARTESIAN_POINT('',(-40.0000000000038,3.16290988435052,-4.47832061945692));
#6639=CARTESIAN_POINT('',(-40.0000000000038,-2.2968844805661,-4.97832061945691));
#6640=CARTESIAN_POINT('',(-21.5000000000038,-2.2968844805661,-4.97832061945691));
#6641=CARTESIAN_POINT('',(-5.3888350058682,-2.2968844805661,-4.97832061945691));
#6642=CARTESIAN_POINT('',(-21.5000000000038,0.433012701892223,-0.250000000000003));
#6643=CARTESIAN_POINT('',(-21.5000000000038,-3.30864468488173,-6.73074069840786));
#6644=CARTESIAN_POINT('',(-40.0000000000038,-3.30864468488173,-6.73074069840786));
#6645=CARTESIAN_POINT('',(-5.3888350058682,-2.2968844805661,-4.97832061945691));
#6646=CARTESIAN_POINT('',(0.,0.433012701892219,-0.250000000000001));
#6647=CARTESIAN_POINT('',(-21.5000000000038,-0.433012701892214,0.249999999999998));
#6648=CARTESIAN_POINT('',(-21.5000000000038,-3.16290988435054,-4.47832061945691));
#6649=CARTESIAN_POINT('',(-21.5000000000038,-4.17467008866616,-6.23074069840786));
#6650=CARTESIAN_POINT('',(-40.0000000000038,-3.16290988435054,-4.47832061945691));
#6651=CARTESIAN_POINT('',(-5.3888350058682,-3.16290988435054,-4.47832061945691));
#6652=CARTESIAN_POINT('',(-5.3888350058682,-3.16290988435054,-4.47832061945691));
#6653=CARTESIAN_POINT('',(-40.0000000000038,-4.17467008866616,-6.23074069840786));
#6654=CARTESIAN_POINT('',(0.,-0.433012701892219,0.250000000000001));
#6655=CARTESIAN_POINT('',(-5.3888350058682,-2.2968844805661,-4.97832061945691));
#6656=CARTESIAN_POINT('',(-5.3888350058682,-2.2968844805661,-4.97832061945691));
#6657=CARTESIAN_POINT('',(-21.5000000000038,-2.2968844805661,-4.97832061945691));
#6658=CARTESIAN_POINT('',(-40.0000000000038,-2.2968844805661,-4.97832061945691));
#6659=CARTESIAN_POINT('',(-40.0000000000038,-5.45979436491662,-0.499999999999994));
#6660=CARTESIAN_POINT('',(-21.5000000000038,-5.45979436491662,-0.499999999999994));
#6661=CARTESIAN_POINT('',(-5.3888350058682,-5.45979436491662,-0.499999999999994));
#6662=CARTESIAN_POINT('',(-21.5000000000038,-5.96311194867033E-16,-0.500000000000005));
#6663=CARTESIAN_POINT('',(-21.5000000000038,-7.48331477354788,-0.500000000000001));
#6664=CARTESIAN_POINT('',(-40.0000000000038,-7.48331477354788,-0.500000000000001));
#6665=CARTESIAN_POINT('',(-5.3888350058682,-5.45979436491662,-0.499999999999994));
#6666=CARTESIAN_POINT('',(0.,-5.96311194867027E-16,-0.5));
#6667=CARTESIAN_POINT('',(-21.5000000000038,5.96311194867022E-16,0.499999999999995));
#6668=CARTESIAN_POINT('',(-21.5000000000038,-5.45979436491662,0.500000000000006));
#6669=CARTESIAN_POINT('',(-21.5000000000038,-7.48331477354788,0.499999999999999));
#6670=CARTESIAN_POINT('',(-40.0000000000038,-5.45979436491662,0.500000000000007));
#6671=CARTESIAN_POINT('',(-5.3888350058682,-5.45979436491662,0.500000000000006));
#6672=CARTESIAN_POINT('',(-5.3888350058682,-5.45979436491662,0.500000000000006));
#6673=CARTESIAN_POINT('',(-40.0000000000038,-7.48331477354788,0.499999999999999));
#6674=CARTESIAN_POINT('',(0.,5.96311194867027E-16,0.5));
#6675=CARTESIAN_POINT('',(-5.3888350058682,-5.45979436491662,-0.499999999999994));
#6676=CARTESIAN_POINT('',(-5.3888350058682,-5.45979436491662,-0.499999999999994));
#6677=CARTESIAN_POINT('',(-21.5000000000038,-5.45979436491662,-0.499999999999994));
#6678=CARTESIAN_POINT('',(-40.0000000000038,-5.45979436491662,-0.499999999999994));
#6679=CARTESIAN_POINT('',(-40.0000000000038,-3.16290988435053,4.47832061945692));
#6680=CARTESIAN_POINT('',(-21.5000000000038,-3.16290988435053,4.47832061945692));
#6681=CARTESIAN_POINT('',(-5.3888350058682,-3.16290988435053,4.47832061945692));
#6682=CARTESIAN_POINT('',(-21.5000000000038,-0.433012701892224,-0.250000000000002));
#6683=CARTESIAN_POINT('',(-21.5000000000038,-4.17467008866617,6.23074069840786));
#6684=CARTESIAN_POINT('',(-40.0000000000038,-4.17467008866617,6.23074069840786));
#6685=CARTESIAN_POINT('',(-5.3888350058682,-3.16290988435053,4.47832061945692));
#6686=CARTESIAN_POINT('',(0.,-0.433012701892219,-0.25));
#6687=CARTESIAN_POINT('',(-21.5000000000038,0.433012701892215,0.249999999999997));
#6688=CARTESIAN_POINT('',(-21.5000000000038,-2.29688448056609,4.97832061945692));
#6689=CARTESIAN_POINT('',(-21.5000000000038,-3.30864468488173,6.73074069840786));
#6690=CARTESIAN_POINT('',(-40.0000000000038,-2.29688448056609,4.97832061945692));
#6691=CARTESIAN_POINT('',(-5.3888350058682,-2.29688448056609,4.97832061945692));
#6692=CARTESIAN_POINT('',(-5.3888350058682,-2.29688448056609,4.97832061945692));
#6693=CARTESIAN_POINT('',(-40.0000000000038,-3.30864468488173,6.73074069840786));
#6694=CARTESIAN_POINT('',(0.,0.433012701892219,0.25));
#6695=CARTESIAN_POINT('',(-5.3888350058682,-3.16290988435053,4.47832061945692));
#6696=CARTESIAN_POINT('',(-5.3888350058682,-3.16290988435053,4.47832061945692));
#6697=CARTESIAN_POINT('',(-21.5000000000038,-3.16290988435053,4.47832061945692));
#6698=CARTESIAN_POINT('',(-40.0000000000038,-3.16290988435053,4.47832061945692));
#6699=CARTESIAN_POINT('',(-21.5000000000038,0.,0.));
#6700=CARTESIAN_POINT('',(-21.5000000000038,0.,0.));
#6701=CARTESIAN_POINT('',(-40.0000000000038,0.,0.));
#6702=CARTESIAN_POINT('',(-21.5000000000038,0.,0.));
#6703=CARTESIAN_POINT('',(-21.5000000000038,0.,0.));
#6704=CARTESIAN_POINT('',(-40.0000000000038,0.,0.));
#6705=CARTESIAN_POINT('',(-21.5000000000038,0.,0.));
#6706=CARTESIAN_POINT('',(-21.5000000000038,0.,0.));
#6707=CARTESIAN_POINT('',(-40.0000000000038,0.,0.));
#6708=CARTESIAN_POINT('',(-21.5000000000038,0.,0.));
#6709=CARTESIAN_POINT('',(-21.5000000000038,0.,0.));
#6710=CARTESIAN_POINT('',(-40.0000000000038,0.,0.));
#6711=CARTESIAN_POINT('',(-21.5000000000038,0.,0.));
#6712=CARTESIAN_POINT('',(-21.5000000000038,0.,0.));
#6713=CARTESIAN_POINT('',(-40.0000000000038,0.,0.));
#6714=CARTESIAN_POINT('',(-21.5000000000038,0.,0.));
#6715=CARTESIAN_POINT('',(-21.5000000000038,0.,0.));
#6716=CARTESIAN_POINT('',(-40.0000000000038,0.,0.));
#6717=CARTESIAN_POINT('',(-21.5000000000038,0.,0.));
#6718=CARTESIAN_POINT('',(-21.5000000000038,0.,0.));
#6719=CARTESIAN_POINT('',(-21.5000000000038,0.,0.));
#6720=CARTESIAN_POINT('',(-21.5000000000038,0.,0.));
#6721=CARTESIAN_POINT('',(-21.5000000000038,0.,0.));
#6722=CARTESIAN_POINT('',(-21.5000000000038,0.,0.));
#6723=MECHANICAL_DESIGN_GEOMETRIC_PRESENTATION_REPRESENTATION('',(#27,#23,
#24,#25),#6724);
#6724=(
GEOMETRIC_REPRESENTATION_CONTEXT(3)
GLOBAL_UNCERTAINTY_ASSIGNED_CONTEXT((#6725))
GLOBAL_UNIT_ASSIGNED_CONTEXT((#6731,#6727,#6726))
REPRESENTATION_CONTEXT('Collet ER32 6mm','TOP_LEVEL_ASSEMBLY_PART')
);
#6725=UNCERTAINTY_MEASURE_WITH_UNIT(LENGTH_MEASURE(0.0508),#6731,
'DISTANCE_ACCURACY_VALUE','Maximum Tolerance applied to model');
#6726=(
NAMED_UNIT(*)
SI_UNIT($,.STERADIAN.)
SOLID_ANGLE_UNIT()
);
#6727=(
CONVERSION_BASED_UNIT('DEGREE',#6729)
NAMED_UNIT(#6728)
PLANE_ANGLE_UNIT()
);
#6728=DIMENSIONAL_EXPONENTS(0.,0.,0.,0.,0.,0.,0.);
#6729=PLANE_ANGLE_MEASURE_WITH_UNIT(PLANE_ANGLE_MEASURE(0.0174532925),#6730);
#6730=(
NAMED_UNIT(*)
PLANE_ANGLE_UNIT()
SI_UNIT($,.RADIAN.)
);
#6731=(
LENGTH_UNIT()
NAMED_UNIT(*)
SI_UNIT(.MILLI.,.METRE.)
);
ENDSEC;
END-ISO-10303-21;
