ISO-10303-21;
HEADER;
/* Generated by software containing ST-Developer
 * from STEP Tools, Inc. (www.steptools.com) 
 */
/* OPTION: using custom schema-name function */

FILE_DESCRIPTION(
/* description */ (''),
/* implementation_level */ '2;1');

FILE_NAME(
/* name */ 'Collet ER32 3mm.stp',
/* time_stamp */ '2022-11-19T11:59:13+02:00',
/* author */ (''),
/* organization */ (''),
/* preprocessor_version */ 'ST-DEVELOPER v18.102',
/* originating_system */ 'SIEMENS PLM Software NX 2027',
/* authorisation */ '');

FILE_SCHEMA (('AUTOMOTIVE_DESIGN { 1 0 10303 214 3 1 1 1 }'));
ENDSEC;

DATA;
#10=SHAPE_REPRESENTATION_RELATIONSHIP('None',
'relationship between Collet ER32 3mm-None and Collet ER32 3mm-None',#22,
#11);
#11=ADVANCED_BREP_SHAPE_REPRESENTATION('Collet ER32 3mm-None',(#54),#7543);
#12=SHAPE_DEFINITION_REPRESENTATION(#13,#22);
#13=PRODUCT_DEFINITION_SHAPE('','',#14);
#14=PRODUCT_DEFINITION(' ','',#16,#15);
#15=PRODUCT_DEFINITION_CONTEXT('part definition',#21,'design');
#16=PRODUCT_DEFINITION_FORMATION_WITH_SPECIFIED_SOURCE(' ',' ',#18,
 .NOT_KNOWN.);
#17=PRODUCT_RELATED_PRODUCT_CATEGORY('part','',(#18));
#18=PRODUCT('Collet ER32 3mm','Collet ER32 3mm',' ',(#19));
#19=PRODUCT_CONTEXT(' ',#21,'mechanical');
#20=APPLICATION_PROTOCOL_DEFINITION('international standard',
'automotive_design',2010,#21);
#21=APPLICATION_CONTEXT(
'core data for automotive mechanical design processes');
#22=SHAPE_REPRESENTATION('Collet ER32 3mm-None',(#3707),#7543);
#23=OVER_RIDING_STYLED_ITEM('',(#29),#405,#27);
#24=OVER_RIDING_STYLED_ITEM('',(#30),#406,#27);
#25=OVER_RIDING_STYLED_ITEM('',(#31),#407,#27);
#26=PRESENTATION_LAYER_ASSIGNMENT('1','Layer 1',(#54));
#27=STYLED_ITEM('',(#28),#54);
#28=PRESENTATION_STYLE_ASSIGNMENT((#32));
#29=PRESENTATION_STYLE_ASSIGNMENT((#33));
#30=PRESENTATION_STYLE_ASSIGNMENT((#34));
#31=PRESENTATION_STYLE_ASSIGNMENT((#35));
#32=SURFACE_STYLE_USAGE(.BOTH.,#36);
#33=SURFACE_STYLE_USAGE(.BOTH.,#37);
#34=SURFACE_STYLE_USAGE(.BOTH.,#38);
#35=SURFACE_STYLE_USAGE(.BOTH.,#39);
#36=SURFACE_SIDE_STYLE('',(#40));
#37=SURFACE_SIDE_STYLE('',(#41));
#38=SURFACE_SIDE_STYLE('',(#42));
#39=SURFACE_SIDE_STYLE('',(#43));
#40=SURFACE_STYLE_FILL_AREA(#44);
#41=SURFACE_STYLE_FILL_AREA(#45);
#42=SURFACE_STYLE_FILL_AREA(#46);
#43=SURFACE_STYLE_FILL_AREA(#47);
#44=FILL_AREA_STYLE('',(#48));
#45=FILL_AREA_STYLE('',(#49));
#46=FILL_AREA_STYLE('',(#50));
#47=FILL_AREA_STYLE('',(#51));
#48=FILL_AREA_STYLE_COLOUR('',#52);
#49=FILL_AREA_STYLE_COLOUR('',#53);
#50=FILL_AREA_STYLE_COLOUR('',#53);
#51=FILL_AREA_STYLE_COLOUR('',#53);
#52=COLOUR_RGB('light gray',0.8,0.8,0.8);
#53=COLOUR_RGB('iron gray',0.298039215686275,0.298039215686275,0.298039215686275);
#54=MANIFOLD_SOLID_BREP('',#55);
#55=CLOSED_SHELL('',(#405,#406,#407,#408,#409,#410,#411,#412,#413,#414,
#415,#416,#417,#418,#419,#420,#421,#422,#423,#424,#425,#426,#427,#428,#429,
#430,#431,#432,#433,#434,#435,#436,#437,#438,#439,#440,#441,#442,#443,#444,
#445,#446,#447,#448,#449,#450,#451,#452,#453,#454,#455,#456,#457,#458,#459,
#460,#461,#462,#463,#464,#465,#466,#467,#468,#469,#470,#471,#472,#473,#474,
#475,#476,#477,#478,#479,#480,#481,#482,#483,#484,#485,#486,#487,#488,#489,
#490,#491,#492,#493,#494,#495,#496,#497,#498,#499,#500,#501,#502,#503,#504,
#505,#506,#507,#508,#509,#510,#511,#512,#513,#514,#515,#516,#517,#518,#519,
#520,#521,#522,#523,#524,#525,#526,#527,#528,#529,#530,#531,#532,#533,#534,
#535,#536,#537,#538,#539,#540,#541,#542,#543,#544,#545,#546,#547,#548,#549,
#550,#551,#552,#553,#554,#555,#556,#557,#558,#559,#560,#561,#562,#563,#564,
#565,#566,#567,#568,#569,#570,#571,#572,#573,#574,#575,#576,#577,#578,#579,
#580,#581,#582,#583,#584,#585,#586,#587));
#56=FACE_BOUND('',#930,.T.);
#57=FACE_BOUND('',#931,.T.);
#58=FACE_BOUND('',#932,.T.);
#59=FACE_BOUND('',#933,.T.);
#60=ELLIPSE('',#3807,20.4380009581645,14.3084127773013);
#61=ELLIPSE('',#3813,20.4380009581645,14.3084127773013);
#62=ELLIPSE('',#3817,20.4380009581645,14.3084127773013);
#63=ELLIPSE('',#3821,20.4380009581645,14.3084127773013);
#64=ELLIPSE('',#3825,20.4380009581645,14.3084127773013);
#65=ELLIPSE('',#3916,20.4380009581645,14.3084127773013);
#66=ELLIPSE('',#3934,10.6066017177982,7.5);
#67=ELLIPSE('',#3942,10.6066017177982,7.5);
#68=ELLIPSE('',#3947,10.6066017177982,7.5);
#69=ELLIPSE('',#3951,10.6066017177982,7.5);
#70=ELLIPSE('',#3955,10.6066017177982,7.5);
#71=ELLIPSE('',#3957,10.6066017177982,7.5);
#72=TOROIDAL_SURFACE('',#3758,16.1535898384862,0.2);
#73=TOROIDAL_SURFACE('',#3760,16.1535898384862,0.2);
#74=TOROIDAL_SURFACE('',#3762,16.1535898384862,0.2);
#75=TOROIDAL_SURFACE('',#3764,16.1535898384862,0.2);
#76=TOROIDAL_SURFACE('',#3766,16.1535898384862,0.2);
#77=TOROIDAL_SURFACE('',#3798,16.2702516900963,0.2);
#78=TOROIDAL_SURFACE('',#3800,16.2702516900963,0.2);
#79=TOROIDAL_SURFACE('',#3802,16.2702516900963,0.2);
#80=TOROIDAL_SURFACE('',#3804,16.2702516900963,0.2);
#81=TOROIDAL_SURFACE('',#3806,16.2702516900963,0.2);
#82=TOROIDAL_SURFACE('',#3827,11.2883268414199,1.);
#83=TOROIDAL_SURFACE('',#3828,11.2883268414199,1.);
#84=TOROIDAL_SURFACE('',#3829,11.2883268414199,1.);
#85=TOROIDAL_SURFACE('',#3831,11.2883268414199,1.);
#86=TOROIDAL_SURFACE('',#3832,11.2883268414199,1.);
#87=TOROIDAL_SURFACE('',#3860,16.1535898384862,0.2);
#88=TOROIDAL_SURFACE('',#3862,16.1535898384862,0.2);
#89=TOROIDAL_SURFACE('',#3864,16.1535898384862,0.2);
#90=TOROIDAL_SURFACE('',#3866,16.1535898384862,0.2);
#91=TOROIDAL_SURFACE('',#3868,16.1535898384862,0.2);
#92=TOROIDAL_SURFACE('',#3870,16.1535898384862,0.2);
#93=TOROIDAL_SURFACE('',#3907,16.2702516900963,0.2);
#94=TOROIDAL_SURFACE('',#3909,16.2702516900963,0.2);
#95=TOROIDAL_SURFACE('',#3910,16.2702516900963,0.2);
#96=TOROIDAL_SURFACE('',#3911,16.2702516900963,0.2);
#97=TOROIDAL_SURFACE('',#3912,16.2702516900963,0.2);
#98=TOROIDAL_SURFACE('',#3914,16.2702516900963,0.2);
#99=TOROIDAL_SURFACE('',#3925,16.1535898384862,0.2);
#100=TOROIDAL_SURFACE('',#3932,16.2702516900963,0.2);
#101=TOROIDAL_SURFACE('',#3933,11.2883268414199,1.);
#102=CONICAL_SURFACE('',#3744,13.3245735194571,29.9999999999998);
#103=CONICAL_SURFACE('',#3747,13.3245735194571,29.9999999999998);
#104=CONICAL_SURFACE('',#3750,13.3245735194571,29.9999999999998);
#105=CONICAL_SURFACE('',#3753,13.3245735194571,29.9999999999998);
#106=CONICAL_SURFACE('',#3756,13.3245735194571,29.9999999999998);
#107=CONICAL_SURFACE('',#3810,16.4683053038446,7.99999999999986);
#108=CONICAL_SURFACE('',#3814,16.4683053038446,7.99999999999986);
#109=CONICAL_SURFACE('',#3818,16.4683053038446,7.99999999999986);
#110=CONICAL_SURFACE('',#3822,16.4683053038446,7.99999999999986);
#111=CONICAL_SURFACE('',#3826,16.4683053038446,7.99999999999986);
#112=CONICAL_SURFACE('',#3848,13.3245735194571,29.9999999999998);
#113=CONICAL_SURFACE('',#3850,13.3245735194571,29.9999999999998);
#114=CONICAL_SURFACE('',#3852,13.3245735194571,29.9999999999998);
#115=CONICAL_SURFACE('',#3854,13.3245735194571,29.9999999999998);
#116=CONICAL_SURFACE('',#3856,13.3245735194571,29.9999999999998);
#117=CONICAL_SURFACE('',#3858,13.3245735194571,29.9999999999998);
#118=CONICAL_SURFACE('',#3917,16.4683053038446,7.99999999999986);
#119=CONICAL_SURFACE('',#3923,13.3245735194571,29.9999999999998);
#120=CYLINDRICAL_SURFACE('',#3714,1.5);
#121=CYLINDRICAL_SURFACE('',#3717,1.5);
#122=CYLINDRICAL_SURFACE('',#3720,1.5);
#123=CYLINDRICAL_SURFACE('',#3723,1.5);
#124=CYLINDRICAL_SURFACE('',#3726,1.5);
#125=CYLINDRICAL_SURFACE('',#3778,14.6);
#126=CYLINDRICAL_SURFACE('',#3780,14.6);
#127=CYLINDRICAL_SURFACE('',#3782,14.6);
#128=CYLINDRICAL_SURFACE('',#3784,14.6);
#129=CYLINDRICAL_SURFACE('',#3786,14.6);
#130=CYLINDRICAL_SURFACE('',#3884,14.6);
#131=CYLINDRICAL_SURFACE('',#3886,14.6);
#132=CYLINDRICAL_SURFACE('',#3888,14.6);
#133=CYLINDRICAL_SURFACE('',#3890,14.6);
#134=CYLINDRICAL_SURFACE('',#3892,14.6);
#135=CYLINDRICAL_SURFACE('',#3894,14.6);
#136=CYLINDRICAL_SURFACE('',#3919,1.5);
#137=CYLINDRICAL_SURFACE('',#3929,14.6);
#138=CYLINDRICAL_SURFACE('',#3983,7.5);
#139=CYLINDRICAL_SURFACE('',#3986,7.5);
#140=CYLINDRICAL_SURFACE('',#3989,7.5);
#141=CYLINDRICAL_SURFACE('',#3992,7.5);
#142=CYLINDRICAL_SURFACE('',#3995,7.5);
#143=CYLINDRICAL_SURFACE('',#3998,7.5);
#144=CYLINDRICAL_SURFACE('',#4012,4.);
#145=CYLINDRICAL_SURFACE('',#4015,4.);
#146=CYLINDRICAL_SURFACE('',#4018,4.);
#147=CYLINDRICAL_SURFACE('',#4021,4.);
#148=CYLINDRICAL_SURFACE('',#4024,4.);
#149=CYLINDRICAL_SURFACE('',#4028,4.);
#150=CIRCLE('',#3712,1.5);
#151=CIRCLE('',#3713,1.5);
#152=CIRCLE('',#3715,1.5);
#153=CIRCLE('',#3716,1.5);
#154=CIRCLE('',#3718,1.5);
#155=CIRCLE('',#3719,1.5);
#156=CIRCLE('',#3721,1.5);
#157=CIRCLE('',#3722,1.5);
#158=CIRCLE('',#3724,1.5);
#159=CIRCLE('',#3725,1.5);
#160=CIRCLE('',#3727,7.5);
#161=CIRCLE('',#3728,11.2883268414199);
#162=CIRCLE('',#3730,7.5);
#163=CIRCLE('',#3731,11.2883268414199);
#164=CIRCLE('',#3733,7.5);
#165=CIRCLE('',#3734,11.2883268414199);
#166=CIRCLE('',#3736,7.5);
#167=CIRCLE('',#3737,11.2883268414199);
#168=CIRCLE('',#3739,7.5);
#169=CIRCLE('',#3740,11.2883268414199);
#170=CIRCLE('',#3742,13.3245735194571);
#171=CIRCLE('',#3743,16.3267949192431);
#172=CIRCLE('',#3745,13.3245735194571);
#173=CIRCLE('',#3746,16.3267949192431);
#174=CIRCLE('',#3748,13.3245735194571);
#175=CIRCLE('',#3749,16.3267949192431);
#176=CIRCLE('',#3751,13.3245735194571);
#177=CIRCLE('',#3752,16.3267949192431);
#178=CIRCLE('',#3754,13.3245735194571);
#179=CIRCLE('',#3755,16.3267949192431);
#180=CIRCLE('',#3757,16.1535898384862);
#181=CIRCLE('',#3759,16.1535898384862);
#182=CIRCLE('',#3761,16.1535898384862);
#183=CIRCLE('',#3763,16.1535898384862);
#184=CIRCLE('',#3765,16.1535898384862);
#185=CIRCLE('',#3767,14.6);
#186=CIRCLE('',#3769,14.6);
#187=CIRCLE('',#3771,14.6);
#188=CIRCLE('',#3773,14.6);
#189=CIRCLE('',#3775,14.6);
#190=CIRCLE('',#3777,14.6);
#191=CIRCLE('',#3779,14.6);
#192=CIRCLE('',#3781,14.6);
#193=CIRCLE('',#3783,14.6);
#194=CIRCLE('',#3785,14.6);
#195=CIRCLE('',#3787,16.2702516900963);
#196=CIRCLE('',#3789,16.2702516900963);
#197=CIRCLE('',#3791,16.2702516900963);
#198=CIRCLE('',#3793,16.2702516900963);
#199=CIRCLE('',#3795,16.2702516900963);
#200=CIRCLE('',#3797,16.4683053038446);
#201=CIRCLE('',#3799,16.4683053038446);
#202=CIRCLE('',#3801,16.4683053038446);
#203=CIRCLE('',#3803,16.4683053038446);
#204=CIRCLE('',#3805,16.4683053038446);
#205=CIRCLE('',#3808,16.4683053038446);
#206=CIRCLE('',#3809,12.2785949101615);
#207=CIRCLE('',#3811,16.4683053038446);
#208=CIRCLE('',#3812,12.2785949101615);
#209=CIRCLE('',#3815,16.4683053038446);
#210=CIRCLE('',#3816,12.2785949101615);
#211=CIRCLE('',#3819,16.4683053038446);
#212=CIRCLE('',#3820,12.2785949101615);
#213=CIRCLE('',#3823,16.4683053038446);
#214=CIRCLE('',#3824,12.2785949101615);
#215=CIRCLE('',#3830,11.2883268414199);
#216=CIRCLE('',#3833,13.3245735194571);
#217=CIRCLE('',#3835,13.3245735194571);
#218=CIRCLE('',#3836,13.3245735194571);
#219=CIRCLE('',#3838,13.3245735194571);
#220=CIRCLE('',#3840,13.3245735194571);
#221=CIRCLE('',#3842,13.3245735194571);
#222=CIRCLE('',#3843,1.5);
#223=CIRCLE('',#3845,13.3245735194571);
#224=CIRCLE('',#3847,16.3267949192431);
#225=CIRCLE('',#3849,16.3267949192431);
#226=CIRCLE('',#3851,16.3267949192431);
#227=CIRCLE('',#3853,16.3267949192431);
#228=CIRCLE('',#3855,16.3267949192431);
#229=CIRCLE('',#3857,16.3267949192431);
#230=CIRCLE('',#3859,16.1535898384862);
#231=CIRCLE('',#3861,16.1535898384862);
#232=CIRCLE('',#3863,16.1535898384862);
#233=CIRCLE('',#3865,16.1535898384862);
#234=CIRCLE('',#3867,16.1535898384862);
#235=CIRCLE('',#3869,16.1535898384862);
#236=CIRCLE('',#3871,14.6);
#237=CIRCLE('',#3873,14.6);
#238=CIRCLE('',#3875,14.6);
#239=CIRCLE('',#3877,14.6);
#240=CIRCLE('',#3879,14.6);
#241=CIRCLE('',#3881,14.6);
#242=CIRCLE('',#3883,14.6);
#243=CIRCLE('',#3885,14.6);
#244=CIRCLE('',#3887,14.6);
#245=CIRCLE('',#3889,14.6);
#246=CIRCLE('',#3891,14.6);
#247=CIRCLE('',#3893,14.6);
#248=CIRCLE('',#3895,16.2702516900963);
#249=CIRCLE('',#3897,16.2702516900963);
#250=CIRCLE('',#3899,16.2702516900963);
#251=CIRCLE('',#3901,16.2702516900963);
#252=CIRCLE('',#3903,16.2702516900963);
#253=CIRCLE('',#3905,16.2702516900963);
#254=CIRCLE('',#3908,16.4683053038446);
#255=CIRCLE('',#3913,16.4683053038446);
#256=CIRCLE('',#3915,12.2785949101615);
#257=CIRCLE('',#3918,1.5);
#258=CIRCLE('',#3920,7.5);
#259=CIRCLE('',#3922,16.3267949192431);
#260=CIRCLE('',#3924,16.1535898384862);
#261=CIRCLE('',#3926,14.6);
#262=CIRCLE('',#3928,14.6);
#263=CIRCLE('',#3930,16.2702516900963);
#264=CIRCLE('',#3981,7.5);
#265=CIRCLE('',#3982,7.5);
#266=CIRCLE('',#3984,7.5);
#267=CIRCLE('',#3985,7.5);
#268=CIRCLE('',#3987,7.5);
#269=CIRCLE('',#3988,7.5);
#270=CIRCLE('',#3990,7.5);
#271=CIRCLE('',#3991,7.5);
#272=CIRCLE('',#3993,7.5);
#273=CIRCLE('',#3994,7.5);
#274=CIRCLE('',#3996,7.5);
#275=CIRCLE('',#3997,7.5);
#276=CIRCLE('',#3999,4.);
#277=CIRCLE('',#4001,4.);
#278=CIRCLE('',#4003,4.);
#279=CIRCLE('',#4005,4.);
#280=CIRCLE('',#4007,4.);
#281=CIRCLE('',#4009,4.);
#282=CIRCLE('',#4011,4.);
#283=CIRCLE('',#4014,4.);
#284=CIRCLE('',#4017,4.);
#285=CIRCLE('',#4020,4.);
#286=CIRCLE('',#4023,4.);
#287=CIRCLE('',#4026,4.);
#288=B_SPLINE_CURVE_WITH_KNOTS('',3,(#5012,#5013,#5014,#5015),
 .UNSPECIFIED.,.F.,.F.,(4,4),(0.,1.),.UNSPECIFIED.);
#289=B_SPLINE_CURVE_WITH_KNOTS('',3,(#5018,#5019,#5020,#5021,#5022,#5023,
#5024,#5025,#5026,#5027,#5028,#5029,#5030,#5031),.UNSPECIFIED.,.F.,.F.,
(4,2,2,2,2,2,4),(0.,0.165332316558351,0.329917243938888,0.503210368535328,
0.677318505068421,0.839070580299165,1.),.UNSPECIFIED.);
#290=B_SPLINE_CURVE_WITH_KNOTS('',3,(#5035,#5036,#5037,#5038,#5039,#5040,
#5041,#5042,#5043,#5044,#5045,#5046,#5047,#5048),.UNSPECIFIED.,.F.,.F.,
(4,2,2,2,2,2,4),(0.,0.179513192188851,0.359408508556364,0.548959223259986,
0.738118941567499,0.868821137599223,1.),.UNSPECIFIED.);
#291=B_SPLINE_CURVE_WITH_KNOTS('',3,(#5050,#5051,#5052,#5053,#5054,#5055,
#5056,#5057,#5058,#5059,#5060,#5061,#5062,#5063),.UNSPECIFIED.,.F.,.F.,
(4,2,2,2,2,2,4),(0.,0.245685785325756,0.419026776721768,0.630296280134761,
0.753728191096156,0.877160102057551,1.),.UNSPECIFIED.);
#292=B_SPLINE_CURVE_WITH_KNOTS('',3,(#5067,#5068,#5069,#5070,#5071,#5072,
#5073,#5074,#5075,#5076,#5077,#5078,#5079,#5080),.UNSPECIFIED.,.F.,.F.,
(4,2,2,2,2,2,4),(0.,0.154431079443265,0.309732064635798,0.467459627721967,
0.626201484879112,0.812602908056061,1.),.UNSPECIFIED.);
#293=B_SPLINE_CURVE_WITH_KNOTS('',3,(#5084,#5085,#5086,#5087,#5088,#5089,
#5090,#5091,#5092,#5093),.UNSPECIFIED.,.F.,.F.,(4,2,2,2,4),(0.,0.253715354200346,
0.510683469351979,0.767651584503614,1.),.UNSPECIFIED.);
#294=B_SPLINE_CURVE_WITH_KNOTS('',3,(#5096,#5097,#5098,#5099,#5100,#5101,
#5102,#5103),.UNSPECIFIED.,.F.,.F.,(4,2,2,4),(0.,0.286872068286794,0.642880850191533,
1.),.UNSPECIFIED.);
#295=B_SPLINE_CURVE_WITH_KNOTS('',3,(#5111,#5112,#5113,#5114,#5115,#5116,
#5117,#5118,#5119,#5120,#5121,#5122,#5123,#5124,#5125,#5126,#5127,#5128,
#5129,#5130),.UNSPECIFIED.,.F.,.F.,(4,2,2,2,2,2,2,2,2,4),(0.,0.0618704458463712,
0.123740891692743,0.185753533045503,0.278902447217506,0.37205136138951,
0.535591216384678,0.699523998480915,0.849405399254618,1.),.UNSPECIFIED.);
#296=B_SPLINE_CURVE_WITH_KNOTS('',3,(#5134,#5135,#5136,#5137),
 .UNSPECIFIED.,.F.,.F.,(4,4),(0.,1.),.UNSPECIFIED.);
#297=B_SPLINE_CURVE_WITH_KNOTS('',3,(#5148,#5149,#5150,#5151,#5152,#5153,
#5154),.UNSPECIFIED.,.F.,.F.,(4,3,4),(0.,0.512548515721888,1.),
 .UNSPECIFIED.);
#298=B_SPLINE_CURVE_WITH_KNOTS('',3,(#5156,#5157,#5158,#5159,#5160,#5161,
#5162,#5163,#5164,#5165,#5166,#5167,#5168,#5169,#5170,#5171,#5172,#5173,
#5174,#5175,#5176,#5177),.UNSPECIFIED.,.F.,.F.,(4,3,3,3,3,3,3,4),(0.,0.13110003671799,
0.292105240749928,0.453072968375767,0.614051321031028,0.775083910915291,
0.936191448438253,1.),.UNSPECIFIED.);
#299=B_SPLINE_CURVE_WITH_KNOTS('',3,(#5185,#5186,#5187,#5188,#5189,#5190,
#5191,#5192,#5193,#5194,#5195,#5196,#5197,#5198,#5199,#5200,#5201,#5202,
#5203),.UNSPECIFIED.,.F.,.F.,(4,3,3,3,3,3,4),(0.,0.137753807521348,0.335130242902544,
0.532465636337544,0.729718214792429,0.926882414866768,1.),.UNSPECIFIED.);
#300=B_SPLINE_CURVE_WITH_KNOTS('',3,(#5205,#5206,#5207,#5208,#5209,#5210,
#5211),.UNSPECIFIED.,.F.,.F.,(4,3,4),(0.,0.899447883612288,1.),
 .UNSPECIFIED.);
#301=B_SPLINE_CURVE_WITH_KNOTS('',3,(#5309,#5310,#5311,#5312),
 .UNSPECIFIED.,.F.,.F.,(4,4),(0.,1.),.UNSPECIFIED.);
#302=B_SPLINE_CURVE_WITH_KNOTS('',3,(#5317,#5318,#5319,#5320,#5321,#5322,
#5323),.UNSPECIFIED.,.F.,.F.,(4,3,4),(0.,0.512548515721888,1.),
 .UNSPECIFIED.);
#303=B_SPLINE_CURVE_WITH_KNOTS('',3,(#5327,#5328,#5329,#5330,#5331,#5332,
#5333),.UNSPECIFIED.,.F.,.F.,(4,3,4),(0.,0.7446551956006,1.),
 .UNSPECIFIED.);
#304=B_SPLINE_CURVE_WITH_KNOTS('',3,(#5338,#5339,#5340,#5341),
 .UNSPECIFIED.,.F.,.F.,(4,4),(0.,1.),.UNSPECIFIED.);
#305=B_SPLINE_CURVE_WITH_KNOTS('',3,(#5345,#5346,#5347,#5348),
 .UNSPECIFIED.,.F.,.F.,(4,4),(0.,1.),.UNSPECIFIED.);
#306=B_SPLINE_CURVE_WITH_KNOTS('',3,(#5353,#5354,#5355,#5356),
 .UNSPECIFIED.,.F.,.F.,(4,4),(0.,1.),.UNSPECIFIED.);
#307=B_SPLINE_CURVE_WITH_KNOTS('',3,(#5360,#5361,#5362,#5363),
 .UNSPECIFIED.,.F.,.F.,(4,4),(0.,1.),.UNSPECIFIED.);
#308=B_SPLINE_CURVE_WITH_KNOTS('',3,(#5368,#5369,#5370,#5371),
 .UNSPECIFIED.,.F.,.F.,(4,4),(0.,1.),.UNSPECIFIED.);
#309=B_SPLINE_CURVE_WITH_KNOTS('',3,(#5375,#5376,#5377,#5378,#5379,#5380,
#5381),.UNSPECIFIED.,.F.,.F.,(4,3,4),(0.,0.744655195600597,1.),
 .UNSPECIFIED.);
#310=B_SPLINE_CURVE_WITH_KNOTS('',3,(#5386,#5387,#5388,#5389),
 .UNSPECIFIED.,.F.,.F.,(4,4),(0.,1.),.UNSPECIFIED.);
#311=B_SPLINE_CURVE_WITH_KNOTS('',3,(#5393,#5394,#5395,#5396,#5397,#5398,
#5399,#5400,#5401,#5402,#5403,#5404,#5405,#5406,#5407,#5408,#5409,#5410,
#5411,#5412,#5413,#5414),.UNSPECIFIED.,.F.,.F.,(4,3,3,3,3,3,3,4),(0.,0.160472256265546,
0.321492454908532,0.482492819023637,0.643512745880274,0.804592855707254,
0.965748311461439,1.),.UNSPECIFIED.);
#312=B_SPLINE_CURVE_WITH_KNOTS('',3,(#5416,#5417,#5418,#5419,#5420,#5421,
#5422,#5423,#5424,#5425,#5426,#5427,#5428,#5429,#5430,#5431,#5432,#5433,
#5434,#5435,#5436,#5437),.UNSPECIFIED.,.F.,.F.,(4,3,3,3,3,3,3,4),(0.,0.13110003671799,
0.292105240749928,0.453072968375767,0.614051321031028,0.775083910915291,
0.936191448438253,1.),.UNSPECIFIED.);
#313=B_SPLINE_CURVE_WITH_KNOTS('',3,(#5441,#5442,#5443,#5444,#5445,#5446,
#5447,#5448,#5449,#5450,#5451,#5452,#5453,#5454,#5455,#5456,#5457,#5458,
#5459,#5460,#5461,#5462,#5463,#5464,#5465),.UNSPECIFIED.,.F.,.F.,(4,3,3,
3,3,3,3,3,4),(0.,0.0126907969394681,0.173865294030946,0.334976020081459,
0.49606130517722,0.595899796483984,0.757141169030675,0.918379181778963,
1.),.UNSPECIFIED.);
#314=B_SPLINE_CURVE_WITH_KNOTS('',3,(#5467,#5468,#5469,#5470,#5471,#5472,
#5473,#5474,#5475,#5476,#5477,#5478,#5479,#5480,#5481,#5482,#5483,#5484,
#5485,#5486,#5487,#5488),.UNSPECIFIED.,.F.,.F.,(4,3,3,3,3,3,3,4),(0.,0.160472256265548,
0.321492454908531,0.482492819023637,0.643512745880279,0.804592855707252,
0.965748311461439,1.),.UNSPECIFIED.);
#315=B_SPLINE_CURVE_WITH_KNOTS('',3,(#5492,#5493,#5494,#5495,#5496,#5497,
#5498,#5499,#5500,#5501,#5502,#5503,#5504,#5505,#5506,#5507,#5508,#5509,
#5510,#5511,#5512,#5513),.UNSPECIFIED.,.F.,.F.,(4,3,3,3,3,3,3,4),(0.,0.160472256266445,
0.321492454909429,0.482492819024535,0.643512745881179,0.804592855708157,
0.965748311462353,1.),.UNSPECIFIED.);
#316=B_SPLINE_CURVE_WITH_KNOTS('',3,(#5515,#5516,#5517,#5518,#5519,#5520,
#5521,#5522,#5523,#5524,#5525,#5526,#5527,#5528,#5529,#5530,#5531,#5532,
#5533,#5534,#5535,#5536),.UNSPECIFIED.,.F.,.F.,(4,3,3,3,3,3,3,4),(0.,0.160472256275827,
0.321492454918826,0.482492819033943,0.643512745890605,0.804592855717606,
0.965748311471808,1.),.UNSPECIFIED.);
#317=B_SPLINE_CURVE_WITH_KNOTS('',3,(#5540,#5541,#5542,#5543,#5544,#5545,
#5546,#5547,#5548,#5549,#5550,#5551,#5552,#5553,#5554,#5555,#5556,#5557,
#5558,#5559,#5560,#5561),.UNSPECIFIED.,.F.,.F.,(4,3,3,3,3,3,3,4),(0.,0.160472256268286,
0.321492454911276,0.482492819026387,0.643512745883027,0.804592855710015,
0.965748311464204,1.),.UNSPECIFIED.);
#318=B_SPLINE_CURVE_WITH_KNOTS('',3,(#5563,#5564,#5565,#5566,#5567,#5568,
#5569,#5570,#5571,#5572,#5573,#5574,#5575,#5576,#5577,#5578,#5579,#5580,
#5581,#5582,#5583,#5584,#5585,#5586,#5587),.UNSPECIFIED.,.F.,.F.,(4,3,3,
3,3,3,3,3,4),(0.,0.0026899005740458,0.163850295714816,0.32494530864751,
0.486011969663358,0.585837216078755,0.747055439389918,0.908270237141547,
1.),.UNSPECIFIED.);
#319=B_SPLINE_CURVE_WITH_KNOTS('',3,(#5591,#5592,#5593,#5594,#5595,#5596,
#5597,#5598,#5599,#5600,#5601,#5602,#5603,#5604,#5605,#5606,#5607,#5608,
#5609,#5610,#5611,#5612),.UNSPECIFIED.,.F.,.F.,(4,3,3,3,3,3,3,4),(0.,0.145888323870957,
0.30690288372417,0.467884016944067,0.628880294628562,0.789933901930413,
0.951062795890442,1.),.UNSPECIFIED.);
#320=B_SPLINE_CURVE_WITH_KNOTS('',3,(#5614,#5615,#5616,#5617,#5618,#5619,
#5620,#5621,#5622,#5623,#5624,#5625,#5626,#5627,#5628,#5629,#5630,#5631,
#5632,#5633,#5634,#5635),.UNSPECIFIED.,.F.,.F.,(4,3,3,3,3,3,3,4),(0.,0.160472256265546,
0.321492454908531,0.482492819023636,0.643512745880272,0.804592855707254,
0.965748311461448,1.),.UNSPECIFIED.);
#321=B_SPLINE_CURVE_WITH_KNOTS('',3,(#5729,#5730,#5731,#5732,#5733,#5734,
#5735,#5736,#5737,#5738,#5739,#5740,#5741,#5742,#5743,#5744,#5745,#5746,
#5747),.UNSPECIFIED.,.F.,.F.,(4,3,3,3,3,3,4),(0.,0.182825277031451,0.380236064223759,
0.577593757718225,0.774863825957109,0.972049814542091,1.),.UNSPECIFIED.);
#322=B_SPLINE_CURVE_WITH_KNOTS('',3,(#5749,#5750,#5751,#5752,#5753,#5754,
#5755,#5756,#5757,#5758,#5759,#5760,#5761,#5762,#5763,#5764,#5765,#5766,
#5767),.UNSPECIFIED.,.F.,.F.,(4,3,3,3,3,3,4),(0.,0.137753807521348,0.335130242902544,
0.532465636337544,0.729718214792429,0.926882414866768,1.),.UNSPECIFIED.);
#323=B_SPLINE_CURVE_WITH_KNOTS('',3,(#5771,#5772,#5773,#5774,#5775,#5776,
#5777,#5778,#5779,#5780,#5781,#5782,#5783,#5784,#5785,#5786,#5787,#5788,
#5789,#5790,#5791,#5792),.UNSPECIFIED.,.F.,.F.,(4,3,3,3,3,3,3,4),(0.,0.0837488518315394,
0.281297439978083,0.478820663365946,0.676269287841125,0.798754944319614,
0.996031906382423,1.),.UNSPECIFIED.);
#324=B_SPLINE_CURVE_WITH_KNOTS('',3,(#5794,#5795,#5796,#5797,#5798,#5799,
#5800,#5801,#5802,#5803,#5804,#5805,#5806,#5807,#5808,#5809,#5810,#5811,
#5812),.UNSPECIFIED.,.F.,.F.,(4,3,3,3,3,3,4),(0.,0.18282527703179,0.380236064224105,
0.577593757718566,0.774863825957456,0.97204981454243,1.),.UNSPECIFIED.);
#325=B_SPLINE_CURVE_WITH_KNOTS('',3,(#5816,#5817,#5818,#5819,#5820,#5821,
#5822,#5823,#5824,#5825,#5826,#5827,#5828,#5829,#5830,#5831,#5832,#5833,
#5834),.UNSPECIFIED.,.F.,.F.,(4,3,3,3,3,3,4),(0.,0.182825277031497,0.380236064223808,
0.577593757718281,0.774863825957166,0.972049814542157,1.),.UNSPECIFIED.);
#326=B_SPLINE_CURVE_WITH_KNOTS('',3,(#5836,#5837,#5838,#5839,#5840,#5841,
#5842,#5843,#5844,#5845,#5846,#5847,#5848,#5849,#5850,#5851,#5852,#5853,
#5854),.UNSPECIFIED.,.F.,.F.,(4,3,3,3,3,3,4),(0.,0.182825277031439,0.380236064223752,
0.577593757718219,0.774863825957112,0.972049814542098,1.),.UNSPECIFIED.);
#327=B_SPLINE_CURVE_WITH_KNOTS('',3,(#5858,#5859,#5860,#5861,#5862,#5863,
#5864,#5865,#5866,#5867,#5868,#5869,#5870,#5871,#5872,#5873,#5874,#5875,
#5876),.UNSPECIFIED.,.F.,.F.,(4,3,3,3,3,3,4),(0.,0.182825277031429,0.380236064223741,
0.577593757718207,0.7748638259571,0.972049814542077,1.),.UNSPECIFIED.);
#328=B_SPLINE_CURVE_WITH_KNOTS('',3,(#5878,#5879,#5880,#5881,#5882,#5883,
#5884,#5885,#5886,#5887,#5888,#5889,#5890,#5891,#5892,#5893,#5894,#5895,
#5896),.UNSPECIFIED.,.F.,.F.,(4,3,3,3,3,3,4),(0.,0.0886680616444381,0.286203658783383,
0.483712416607912,0.681145717141457,0.803619644989986,1.),.UNSPECIFIED.);
#329=B_SPLINE_CURVE_WITH_KNOTS('',3,(#5900,#5901,#5902,#5903,#5904,#5905,
#5906,#5907,#5908,#5909,#5910,#5911,#5912,#5913,#5914,#5915,#5916,#5917,
#5918),.UNSPECIFIED.,.F.,.F.,(4,3,3,3,3,3,4),(0.,0.13258318466637,0.329958716752583,
0.527294654752195,0.724548453488655,0.921713509243062,1.),.UNSPECIFIED.);
#330=B_SPLINE_CURVE_WITH_KNOTS('',3,(#5920,#5921,#5922,#5923,#5924,#5925,
#5926,#5927,#5928,#5929,#5930,#5931,#5932,#5933,#5934,#5935,#5936,#5937,
#5938),.UNSPECIFIED.,.F.,.F.,(4,3,3,3,3,3,4),(0.,0.182825277031565,0.380236064223872,
0.577593757718336,0.774863825957217,0.972049814542209,1.),.UNSPECIFIED.);
#331=B_SPLINE_CURVE_WITH_KNOTS('',3,(#5942,#5943,#5944,#5945),
 .UNSPECIFIED.,.F.,.F.,(4,4),(0.,1.),.UNSPECIFIED.);
#332=B_SPLINE_CURVE_WITH_KNOTS('',3,(#5947,#5948,#5949,#5950,#5951,#5952,
#5953),.UNSPECIFIED.,.F.,.F.,(4,3,4),(0.,0.899447883612288,1.),
 .UNSPECIFIED.);
#333=B_SPLINE_CURVE_WITH_KNOTS('',3,(#5958,#5959,#5960,#5961),
 .UNSPECIFIED.,.F.,.F.,(4,4),(0.,1.),.UNSPECIFIED.);
#334=B_SPLINE_CURVE_WITH_KNOTS('',3,(#5968,#5969,#5970,#5971),
 .UNSPECIFIED.,.F.,.F.,(4,4),(0.,1.),.UNSPECIFIED.);
#335=B_SPLINE_CURVE_WITH_KNOTS('',3,(#5975,#5976,#5977,#5978,#5979,#5980,
#5981),.UNSPECIFIED.,.F.,.F.,(4,3,4),(0.,0.154868832646842,1.),
 .UNSPECIFIED.);
#336=B_SPLINE_CURVE_WITH_KNOTS('',3,(#5982,#5983,#5984,#5985),
 .UNSPECIFIED.,.F.,.F.,(4,4),(0.,1.),.UNSPECIFIED.);
#337=B_SPLINE_CURVE_WITH_KNOTS('',3,(#5989,#5990,#5991,#5992),
 .UNSPECIFIED.,.F.,.F.,(4,4),(0.,1.),.UNSPECIFIED.);
#338=B_SPLINE_CURVE_WITH_KNOTS('',3,(#5997,#5998,#5999,#6000,#6001,#6002,
#6003),.UNSPECIFIED.,.F.,.F.,(4,3,4),(0.,0.154868832646842,1.),
 .UNSPECIFIED.);
#339=B_SPLINE_CURVE_WITH_KNOTS('',3,(#6007,#6008,#6009,#6010),
 .UNSPECIFIED.,.F.,.F.,(4,4),(0.,1.),.UNSPECIFIED.);
#340=B_SPLINE_CURVE_WITH_KNOTS('',3,(#6011,#6012,#6013,#6014),
 .UNSPECIFIED.,.F.,.F.,(4,4),(0.,1.),.UNSPECIFIED.);
#341=B_SPLINE_CURVE_WITH_KNOTS('',3,(#6018,#6019,#6020,#6021),
 .UNSPECIFIED.,.F.,.F.,(4,4),(0.,1.),.UNSPECIFIED.);
#342=B_SPLINE_CURVE_WITH_KNOTS('',3,(#6026,#6027,#6028,#6029),
 .UNSPECIFIED.,.F.,.F.,(4,4),(0.,1.),.UNSPECIFIED.);
#343=B_SPLINE_CURVE_WITH_KNOTS('',3,(#6033,#6034,#6035,#6036),
 .UNSPECIFIED.,.F.,.F.,(4,4),(0.,1.),.UNSPECIFIED.);
#344=B_SPLINE_CURVE_WITH_KNOTS('',3,(#6037,#6038,#6039,#6040,#6041,#6042,
#6043),.UNSPECIFIED.,.F.,.F.,(4,3,4),(0.,0.111318906291648,1.),
 .UNSPECIFIED.);
#345=B_SPLINE_CURVE_WITH_KNOTS('',3,(#6047,#6048,#6049,#6050,#6051,#6052,
#6053),.UNSPECIFIED.,.F.,.F.,(4,3,4),(0.,0.111318906291648,1.),
 .UNSPECIFIED.);
#346=B_SPLINE_CURVE_WITH_KNOTS('',3,(#6058,#6059,#6060,#6061),
 .UNSPECIFIED.,.F.,.F.,(4,4),(0.,1.),.UNSPECIFIED.);
#347=B_SPLINE_CURVE_WITH_KNOTS('',3,(#6065,#6066,#6067,#6068,#6069,#6070,
#6071),.UNSPECIFIED.,.F.,.F.,(4,3,4),(0.,0.154868832646842,1.),
 .UNSPECIFIED.);
#348=B_SPLINE_CURVE_WITH_KNOTS('',3,(#6072,#6073,#6074,#6075),
 .UNSPECIFIED.,.F.,.F.,(4,4),(0.,1.),.UNSPECIFIED.);
#349=B_SPLINE_CURVE_WITH_KNOTS('',3,(#6079,#6080,#6081,#6082),
 .UNSPECIFIED.,.F.,.F.,(4,4),(0.,1.),.UNSPECIFIED.);
#350=B_SPLINE_CURVE_WITH_KNOTS('',3,(#6084,#6085,#6086,#6087,#6088,#6089,
#6090,#6091,#6092,#6093,#6094,#6095,#6096,#6097,#6098,#6099),
 .UNSPECIFIED.,.F.,.F.,(4,3,3,3,3,4),(0.,0.178642977269739,0.41484909308731,
0.650922049915337,0.886792090840996,1.),.UNSPECIFIED.);
#351=B_SPLINE_CURVE_WITH_KNOTS('',3,(#6100,#6101,#6102,#6103,#6104,#6105,
#6106,#6107,#6108,#6109,#6110,#6111,#6112,#6113,#6114,#6115),
 .UNSPECIFIED.,.F.,.F.,(4,3,3,3,3,4),(0.,0.178642977269736,0.414849093087308,
0.650922049915337,0.886792090841001,1.),.UNSPECIFIED.);
#352=B_SPLINE_CURVE_WITH_KNOTS('',3,(#6117,#6118,#6119,#6120,#6121,#6122,
#6123,#6124,#6125,#6126,#6127,#6128,#6129,#6130,#6131,#6132),
 .UNSPECIFIED.,.F.,.F.,(4,3,3,3,3,4),(0.,0.178642977269739,0.414849093087307,
0.650922049915338,0.886792090840997,1.),.UNSPECIFIED.);
#353=B_SPLINE_CURVE_WITH_KNOTS('',3,(#6133,#6134,#6135,#6136,#6137,#6138,
#6139,#6140,#6141,#6142,#6143,#6144,#6145,#6146,#6147,#6148),
 .UNSPECIFIED.,.F.,.F.,(4,3,3,3,3,4),(0.,0.168555046861648,0.40473812326964,
0.551508583614514,0.787184463112002,1.),.UNSPECIFIED.);
#354=B_SPLINE_CURVE_WITH_KNOTS('',3,(#6150,#6151,#6152,#6153,#6154,#6155,
#6156,#6157,#6158,#6159,#6160,#6161,#6162,#6163,#6164,#6165),
 .UNSPECIFIED.,.F.,.F.,(4,3,3,3,3,4),(0.,0.168555046861647,0.40473812326964,
0.551508583614513,0.787184463112003,1.),.UNSPECIFIED.);
#355=B_SPLINE_CURVE_WITH_KNOTS('',3,(#6166,#6167,#6168,#6169,#6170,#6171,
#6172,#6173,#6174,#6175,#6176,#6177,#6178,#6179,#6180,#6181),
 .UNSPECIFIED.,.F.,.F.,(4,3,3,3,3,4),(0.,0.178642977269725,0.414849093087301,
0.650922049915331,0.886792090840996,1.),.UNSPECIFIED.);
#356=B_SPLINE_CURVE_WITH_KNOTS('',3,(#6183,#6184,#6185,#6186,#6187,#6188,
#6189,#6190,#6191,#6192,#6193,#6194,#6195,#6196,#6197,#6198),
 .UNSPECIFIED.,.F.,.F.,(4,3,3,3,3,4),(0.,0.178642977269733,0.414849093087304,
0.650922049915336,0.886792090840996,1.),.UNSPECIFIED.);
#357=B_SPLINE_CURVE_WITH_KNOTS('',3,(#6202,#6203,#6204,#6205,#6206,#6207,
#6208,#6209,#6210,#6211,#6212,#6213,#6214,#6215,#6216,#6217),
 .UNSPECIFIED.,.F.,.F.,(4,3,3,3,3,4),(0.,0.178642977269736,0.414849093087309,
0.650922049915337,0.886792090841001,1.),.UNSPECIFIED.);
#358=B_SPLINE_CURVE_WITH_KNOTS('',3,(#6219,#6220,#6221,#6222,#6223,#6224,
#6225,#6226,#6227,#6228,#6229,#6230,#6231,#6232,#6233,#6234),
 .UNSPECIFIED.,.F.,.F.,(4,3,3,3,3,4),(0.,0.178642977269725,0.414849093087302,
0.650922049915326,0.886792090840987,1.),.UNSPECIFIED.);
#359=B_SPLINE_CURVE_WITH_KNOTS('',3,(#6235,#6236,#6237,#6238,#6239,#6240,
#6241,#6242,#6243,#6244,#6245,#6246,#6247,#6248,#6249,#6250),
 .UNSPECIFIED.,.F.,.F.,(4,3,3,3,3,4),(0.,0.172271626033528,0.408282599260726,
0.644163439797727,0.879842288209872,1.),.UNSPECIFIED.);
#360=B_SPLINE_CURVE_WITH_KNOTS('',3,(#6345,#6346,#6347,#6348),
 .UNSPECIFIED.,.F.,.F.,(4,4),(0.,1.),.UNSPECIFIED.);
#361=B_SPLINE_CURVE_WITH_KNOTS('',3,(#6352,#6353,#6354,#6355),
 .UNSPECIFIED.,.F.,.F.,(4,4),(0.,1.),.UNSPECIFIED.);
#362=B_SPLINE_CURVE_WITH_KNOTS('',3,(#6357,#6358,#6359,#6360),
 .UNSPECIFIED.,.F.,.F.,(4,4),(0.,1.),.UNSPECIFIED.);
#363=B_SPLINE_CURVE_WITH_KNOTS('',3,(#6364,#6365,#6366,#6367),
 .UNSPECIFIED.,.F.,.F.,(4,4),(0.,1.),.UNSPECIFIED.);
#364=B_SPLINE_CURVE_WITH_KNOTS('',3,(#6369,#6370,#6371,#6372,#6373,#6374,
#6375),.UNSPECIFIED.,.F.,.F.,(4,3,4),(0.,0.7446551956006,1.),
 .UNSPECIFIED.);
#365=B_SPLINE_CURVE_WITH_KNOTS('',3,(#6379,#6380,#6381,#6382),
 .UNSPECIFIED.,.F.,.F.,(4,4),(0.,1.),.UNSPECIFIED.);
#366=B_SPLINE_CURVE_WITH_KNOTS('',3,(#6384,#6385,#6386,#6387),
 .UNSPECIFIED.,.F.,.F.,(4,4),(0.,1.),.UNSPECIFIED.);
#367=B_SPLINE_CURVE_WITH_KNOTS('',3,(#6391,#6392,#6393,#6394),
 .UNSPECIFIED.,.F.,.F.,(4,4),(0.,1.),.UNSPECIFIED.);
#368=B_SPLINE_CURVE_WITH_KNOTS('',3,(#6396,#6397,#6398,#6399),
 .UNSPECIFIED.,.F.,.F.,(4,4),(0.,1.),.UNSPECIFIED.);
#369=B_SPLINE_CURVE_WITH_KNOTS('',3,(#6403,#6404,#6405,#6406),
 .UNSPECIFIED.,.F.,.F.,(4,4),(0.,1.),.UNSPECIFIED.);
#370=B_SPLINE_CURVE_WITH_KNOTS('',3,(#6408,#6409,#6410,#6411,#6412,#6413,
#6414),.UNSPECIFIED.,.F.,.F.,(4,3,4),(0.,0.744655195600597,1.),
 .UNSPECIFIED.);
#371=B_SPLINE_CURVE_WITH_KNOTS('',3,(#6418,#6419,#6420,#6421),
 .UNSPECIFIED.,.F.,.F.,(4,4),(0.,1.),.UNSPECIFIED.);
#372=B_SPLINE_CURVE_WITH_KNOTS('',3,(#6423,#6424,#6425,#6426,#6427,#6428,
#6429,#6430,#6431,#6432,#6433,#6434,#6435,#6436,#6437,#6438,#6439,#6440,
#6441,#6442,#6443,#6444),.UNSPECIFIED.,.F.,.F.,(4,3,3,3,3,3,3,4),(0.,0.160472256266449,
0.321492454909433,0.482492819024539,0.643512745881178,0.804592855708158,
0.965748311462344,1.),.UNSPECIFIED.);
#373=B_SPLINE_CURVE_WITH_KNOTS('',3,(#6448,#6449,#6450,#6451,#6452,#6453,
#6454,#6455,#6456,#6457,#6458,#6459,#6460,#6461,#6462,#6463,#6464,#6465,
#6466,#6467,#6468,#6469),.UNSPECIFIED.,.F.,.F.,(4,3,3,3,3,3,3,4),(0.,0.160472256289958,
0.321492454932975,0.482492819048116,0.643512745904796,0.804592855731828,
0.965748311486057,1.),.UNSPECIFIED.);
#374=B_SPLINE_CURVE_WITH_KNOTS('',3,(#6471,#6472,#6473,#6474,#6475,#6476,
#6477,#6478,#6479,#6480,#6481,#6482,#6483,#6484,#6485,#6486,#6487,#6488,
#6489,#6490,#6491,#6492),.UNSPECIFIED.,.F.,.F.,(4,3,3,3,3,3,3,4),(0.,0.126983713458369,
0.288248656784981,0.449475551455131,0.610632050242183,0.771716507437977,
0.932758018957404,1.),.UNSPECIFIED.);
#375=B_SPLINE_CURVE_WITH_KNOTS('',3,(#6496,#6497,#6498,#6499,#6500,#6501,
#6502,#6503,#6504,#6505,#6506,#6507,#6508,#6509,#6510,#6511,#6512,#6513,
#6514,#6515,#6516,#6517),.UNSPECIFIED.,.F.,.F.,(4,3,3,3,3,3,3,4),(0.,0.160472256270618,
0.321492454913611,0.482492819028718,0.643512745885361,0.80459285571235,
0.965748311466552,1.),.UNSPECIFIED.);
#376=B_SPLINE_CURVE_WITH_KNOTS('',3,(#6519,#6520,#6521,#6522,#6523,#6524,
#6525,#6526,#6527,#6528,#6529,#6530,#6531,#6532,#6533,#6534,#6535,#6536,
#6537,#6538,#6539,#6540,#6541,#6542,#6543),.UNSPECIFIED.,.F.,.F.,(4,3,3,
3,3,3,3,3,4),(0.,0.0126907969395049,0.173865294030983,0.33497602008149,
0.496061305177252,0.595899796483987,0.757141169030687,0.918379181778964,
1.),.UNSPECIFIED.);
#377=B_SPLINE_CURVE_WITH_KNOTS('',3,(#6547,#6548,#6549,#6550,#6551,#6552,
#6553,#6554,#6555,#6556,#6557,#6558,#6559,#6560,#6561,#6562,#6563,#6564,
#6565,#6566,#6567,#6568),.UNSPECIFIED.,.F.,.F.,(4,3,3,3,3,3,3,4),(0.,0.160472256265552,
0.321492454908535,0.482492819023644,0.643512745880284,0.804592855707265,
0.965748311461452,1.),.UNSPECIFIED.);
#378=B_SPLINE_CURVE_WITH_KNOTS('',3,(#6570,#6571,#6572,#6573,#6574,#6575,
#6576,#6577,#6578,#6579,#6580,#6581,#6582,#6583,#6584,#6585,#6586,#6587,
#6588,#6589,#6590,#6591),.UNSPECIFIED.,.F.,.F.,(4,3,3,3,3,3,3,4),(0.,0.16047225626828,
0.321492454911266,0.482492819026377,0.643512745883017,0.804592855710009,
0.965748311464194,1.),.UNSPECIFIED.);
#379=B_SPLINE_CURVE_WITH_KNOTS('',3,(#6595,#6596,#6597,#6598,#6599,#6600,
#6601,#6602,#6603,#6604,#6605,#6606,#6607,#6608,#6609,#6610,#6611,#6612,
#6613,#6614,#6615,#6616,#6617,#6618,#6619),.UNSPECIFIED.,.F.,.F.,(4,3,3,
3,3,3,3,3,4),(0.,0.00268990057404219,0.163850295714813,0.32494530864751,
0.486011969663358,0.58583721607875,0.747055439389922,0.908270237141553,
1.),.UNSPECIFIED.);
#380=B_SPLINE_CURVE_WITH_KNOTS('',3,(#6621,#6622,#6623,#6624,#6625,#6626,
#6627,#6628,#6629,#6630,#6631,#6632,#6633,#6634,#6635,#6636,#6637,#6638,
#6639,#6640,#6641,#6642),.UNSPECIFIED.,.F.,.F.,(4,3,3,3,3,3,3,4),(0.,0.160472256265543,
0.321492454908529,0.482492819023634,0.64351274588028,0.80459285570726,0.965748311461438,
1.),.UNSPECIFIED.);
#381=B_SPLINE_CURVE_WITH_KNOTS('',3,(#6646,#6647,#6648,#6649,#6650,#6651,
#6652,#6653,#6654,#6655,#6656,#6657,#6658,#6659,#6660,#6661,#6662,#6663,
#6664,#6665,#6666,#6667),.UNSPECIFIED.,.F.,.F.,(4,3,3,3,3,3,3,4),(0.,0.160472256275825,
0.321492454918822,0.482492819033942,0.643512745890601,0.804592855717604,
0.965748311471804,1.),.UNSPECIFIED.);
#382=B_SPLINE_CURVE_WITH_KNOTS('',3,(#6669,#6670,#6671,#6672,#6673,#6674,
#6675,#6676,#6677,#6678,#6679,#6680,#6681,#6682,#6683,#6684,#6685,#6686,
#6687,#6688,#6689,#6690),.UNSPECIFIED.,.F.,.F.,(4,3,3,3,3,3,3,4),(0.,0.145888323870977,
0.306902883724184,0.46788401694408,0.628880294628581,0.789933901930438,
0.951062795890458,1.),.UNSPECIFIED.);
#383=B_SPLINE_CURVE_WITH_KNOTS('',3,(#6694,#6695,#6696,#6697,#6698,#6699,
#6700,#6701,#6702,#6703,#6704,#6705,#6706,#6707,#6708,#6709,#6710,#6711,
#6712,#6713,#6714,#6715),.UNSPECIFIED.,.F.,.F.,(4,3,3,3,3,3,3,4),(0.,0.160472256265551,
0.321492454908535,0.482492819023636,0.643512745880272,0.804592855707246,
0.965748311461439,1.),.UNSPECIFIED.);
#384=B_SPLINE_CURVE_WITH_KNOTS('',3,(#6825,#6826,#6827,#6828,#6829,#6830,
#6831,#6832,#6833,#6834,#6835,#6836,#6837,#6838,#6839,#6840,#6841,#6842,
#6843),.UNSPECIFIED.,.F.,.F.,(4,3,3,3,3,3,4),(0.,0.182825277031495,0.380236064223811,
0.577593757718262,0.774863825957159,0.972049814542149,1.),.UNSPECIFIED.);
#385=B_SPLINE_CURVE_WITH_KNOTS('',3,(#6844,#6845,#6846,#6847,#6848,#6849,
#6850,#6851,#6852,#6853,#6854,#6855,#6856,#6857,#6858,#6859,#6860,#6861,
#6862),.UNSPECIFIED.,.F.,.F.,(4,3,3,3,3,3,4),(0.,0.182825277031443,0.380236064223763,
0.577593757718224,0.774863825957105,0.972049814542098,1.),.UNSPECIFIED.);
#386=B_SPLINE_CURVE_WITH_KNOTS('',3,(#6864,#6865,#6866,#6867,#6868,#6869,
#6870,#6871,#6872,#6873,#6874,#6875,#6876,#6877,#6878,#6879,#6880,#6881,
#6882),.UNSPECIFIED.,.F.,.F.,(4,3,3,3,3,3,4),(0.,0.196555212622201,0.39369382888501,
0.590856942442098,0.788097441653771,0.985428329362627,1.),.UNSPECIFIED.);
#387=B_SPLINE_CURVE_WITH_KNOTS('',3,(#6886,#6887,#6888,#6889,#6890,#6891,
#6892,#6893,#6894,#6895,#6896,#6897,#6898,#6899,#6900,#6901,#6902,#6903,
#6904),.UNSPECIFIED.,.F.,.F.,(4,3,3,3,3,3,4),(0.,0.182825277034042,0.380236064226358,
0.577593757720819,0.774863825959703,0.972049814544683,1.),.UNSPECIFIED.);
#388=B_SPLINE_CURVE_WITH_KNOTS('',3,(#6906,#6907,#6908,#6909,#6910,#6911,
#6912,#6913,#6914,#6915,#6916,#6917,#6918,#6919,#6920,#6921,#6922,#6923,
#6924,#6925,#6926,#6927),.UNSPECIFIED.,.F.,.F.,(4,3,3,3,3,3,3,4),(0.,0.0837488518315595,
0.28129743997808,0.47882066336596,0.676269287841128,0.798754944319613,0.996031906382431,
1.),.UNSPECIFIED.);
#389=B_SPLINE_CURVE_WITH_KNOTS('',3,(#6928,#6929,#6930,#6931,#6932,#6933,
#6934,#6935,#6936,#6937,#6938,#6939,#6940,#6941,#6942,#6943,#6944,#6945,
#6946),.UNSPECIFIED.,.F.,.F.,(4,3,3,3,3,3,4),(0.,0.18282527703143,0.380236064223749,
0.577593757718213,0.774863825957103,0.972049814542094,1.),.UNSPECIFIED.);
#390=B_SPLINE_CURVE_WITH_KNOTS('',3,(#6948,#6949,#6950,#6951,#6952,#6953,
#6954,#6955,#6956,#6957,#6958,#6959,#6960,#6961,#6962,#6963,#6964,#6965,
#6966),.UNSPECIFIED.,.F.,.F.,(4,3,3,3,3,3,4),(0.,0.182825277031432,0.380236064223747,
0.577593757718214,0.774863825957101,0.972049814542081,1.),.UNSPECIFIED.);
#391=B_SPLINE_CURVE_WITH_KNOTS('',3,(#6967,#6968,#6969,#6970,#6971,#6972,
#6973,#6974,#6975,#6976,#6977,#6978,#6979,#6980,#6981,#6982,#6983,#6984,
#6985),.UNSPECIFIED.,.F.,.F.,(4,3,3,3,3,3,4),(0.,0.0886680616444289,0.286203658783372,
0.4837124166079,0.681145717141451,0.803619644989982,1.),.UNSPECIFIED.);
#392=B_SPLINE_CURVE_WITH_KNOTS('',3,(#6987,#6988,#6989,#6990,#6991,#6992,
#6993,#6994,#6995,#6996,#6997,#6998,#6999,#7000,#7001,#7002,#7003,#7004,
#7005),.UNSPECIFIED.,.F.,.F.,(4,3,3,3,3,3,4),(0.,0.18282527703142,0.380236064223729,
0.577593757718201,0.774863825957098,0.972049814542073,1.),.UNSPECIFIED.);
#393=B_SPLINE_CURVE_WITH_KNOTS('',3,(#7006,#7007,#7008,#7009,#7010,#7011,
#7012,#7013,#7014,#7015,#7016,#7017,#7018,#7019,#7020,#7021,#7022,#7023,
#7024),.UNSPECIFIED.,.F.,.F.,(4,3,3,3,3,3,4),(0.,0.182825277031408,0.38023606422372,
0.577593757718197,0.774863825957094,0.972049814542069,1.),.UNSPECIFIED.);
#394=B_SPLINE_CURVE_WITH_KNOTS('',3,(#7026,#7027,#7028,#7029,#7030,#7031,
#7032,#7033,#7034,#7035,#7036,#7037,#7038,#7039,#7040,#7041,#7042,#7043,
#7044),.UNSPECIFIED.,.F.,.F.,(4,3,3,3,3,3,4),(0.,0.132583184666351,0.329958716752572,
0.527294654752184,0.724548453488648,0.921713509243059,1.),.UNSPECIFIED.);
#395=B_SPLINE_CURVE_WITH_KNOTS('',3,(#7048,#7049,#7050,#7051,#7052,#7053,
#7054,#7055,#7056,#7057,#7058,#7059,#7060,#7061,#7062,#7063,#7064,#7065,
#7066),.UNSPECIFIED.,.F.,.F.,(4,3,3,3,3,3,4),(0.,0.182825277031788,0.3802360642241,
0.577593757718577,0.774863825957458,0.972049814542442,1.),.UNSPECIFIED.);
#396=B_SPLINE_CURVE_WITH_KNOTS('',3,(#7068,#7069,#7070,#7071,#7072,#7073,
#7074),.UNSPECIFIED.,.F.,.F.,(4,3,4),(0.,0.154868832646842,1.),
 .UNSPECIFIED.);
#397=B_SPLINE_CURVE_WITH_KNOTS('',3,(#7078,#7079,#7080,#7081),
 .UNSPECIFIED.,.F.,.F.,(4,4),(0.,1.),.UNSPECIFIED.);
#398=B_SPLINE_CURVE_WITH_KNOTS('',3,(#7082,#7083,#7084,#7085,#7086,#7087,
#7088),.UNSPECIFIED.,.F.,.F.,(4,3,4),(0.,0.705996740482314,1.),
 .UNSPECIFIED.);
#399=B_SPLINE_CURVE_WITH_KNOTS('',3,(#7092,#7093,#7094,#7095),
 .UNSPECIFIED.,.F.,.F.,(4,4),(0.,1.),.UNSPECIFIED.);
#400=B_SPLINE_CURVE_WITH_KNOTS('',3,(#7109,#7110,#7111,#7112),
 .UNSPECIFIED.,.F.,.F.,(4,4),(0.,1.),.UNSPECIFIED.);
#401=B_SPLINE_CURVE_WITH_KNOTS('',3,(#7116,#7117,#7118,#7119,#7120,#7121,
#7122,#7123,#7124,#7125,#7126,#7127,#7128,#7129,#7130,#7131,#7132,#7133,
#7134,#7135,#7136,#7137),.UNSPECIFIED.,.F.,.F.,(4,3,3,3,3,3,3,4),(0.,0.160472256265552,
0.321492454908533,0.482492819023641,0.64351274588028,0.804592855707259,
0.965748311461443,1.),.UNSPECIFIED.);
#402=B_SPLINE_CURVE_WITH_KNOTS('',3,(#7153,#7154,#7155,#7156,#7157,#7158,
#7159,#7160,#7161,#7162,#7163,#7164,#7165,#7166,#7167,#7168,#7169,#7170,
#7171),.UNSPECIFIED.,.F.,.F.,(4,3,3,3,3,3,4),(0.,0.182825277031456,0.380236064223765,
0.577593757718225,0.774863825957112,0.972049814542093,1.),.UNSPECIFIED.);
#403=B_SPLINE_CURVE_WITH_KNOTS('',3,(#7173,#7174,#7175,#7176,#7177,#7178,
#7179,#7180,#7181,#7182,#7183,#7184,#7185,#7186,#7187,#7188),
 .UNSPECIFIED.,.F.,.F.,(4,3,3,3,3,4),(0.,0.172271626033529,0.40828259926073,
0.644163439797729,0.879842288209872,1.),.UNSPECIFIED.);
#404=B_SPLINE_CURVE_WITH_KNOTS('',3,(#7189,#7190,#7191,#7192,#7193,#7194,
#7195,#7196,#7197,#7198,#7199,#7200,#7201,#7202,#7203,#7204),
 .UNSPECIFIED.,.F.,.F.,(4,3,3,3,3,4),(0.,0.178642977269735,0.414849093087308,
0.650922049915337,0.886792090841001,1.),.UNSPECIFIED.);
#405=ADVANCED_FACE('',(#693),#588,.F.);
#406=ADVANCED_FACE('',(#694),#589,.F.);
#407=ADVANCED_FACE('',(#695),#590,.F.);
#408=ADVANCED_FACE('',(#696),#591,.T.);
#409=ADVANCED_FACE('',(#697),#120,.F.);
#410=ADVANCED_FACE('',(#698),#121,.F.);
#411=ADVANCED_FACE('',(#699),#122,.F.);
#412=ADVANCED_FACE('',(#700),#123,.F.);
#413=ADVANCED_FACE('',(#701),#124,.F.);
#414=ADVANCED_FACE('',(#702),#592,.F.);
#415=ADVANCED_FACE('',(#703),#593,.F.);
#416=ADVANCED_FACE('',(#704),#594,.F.);
#417=ADVANCED_FACE('',(#705),#595,.F.);
#418=ADVANCED_FACE('',(#706),#596,.F.);
#419=ADVANCED_FACE('',(#707),#102,.T.);
#420=ADVANCED_FACE('',(#708),#103,.T.);
#421=ADVANCED_FACE('',(#709),#104,.T.);
#422=ADVANCED_FACE('',(#710),#105,.T.);
#423=ADVANCED_FACE('',(#711),#106,.T.);
#424=ADVANCED_FACE('',(#712),#72,.T.);
#425=ADVANCED_FACE('',(#713),#73,.T.);
#426=ADVANCED_FACE('',(#714),#74,.T.);
#427=ADVANCED_FACE('',(#715),#75,.T.);
#428=ADVANCED_FACE('',(#716),#76,.T.);
#429=ADVANCED_FACE('',(#717),#597,.F.);
#430=ADVANCED_FACE('',(#718),#598,.F.);
#431=ADVANCED_FACE('',(#719),#599,.F.);
#432=ADVANCED_FACE('',(#720),#600,.F.);
#433=ADVANCED_FACE('',(#721),#601,.F.);
#434=ADVANCED_FACE('',(#722),#125,.T.);
#435=ADVANCED_FACE('',(#723),#126,.T.);
#436=ADVANCED_FACE('',(#724),#127,.T.);
#437=ADVANCED_FACE('',(#725),#128,.T.);
#438=ADVANCED_FACE('',(#726),#129,.T.);
#439=ADVANCED_FACE('',(#727),#602,.F.);
#440=ADVANCED_FACE('',(#728),#603,.F.);
#441=ADVANCED_FACE('',(#729),#604,.F.);
#442=ADVANCED_FACE('',(#730),#605,.F.);
#443=ADVANCED_FACE('',(#731),#606,.F.);
#444=ADVANCED_FACE('',(#732),#77,.T.);
#445=ADVANCED_FACE('',(#733),#78,.T.);
#446=ADVANCED_FACE('',(#734),#79,.T.);
#447=ADVANCED_FACE('',(#735),#80,.T.);
#448=ADVANCED_FACE('',(#736),#81,.T.);
#449=ADVANCED_FACE('',(#737),#107,.T.);
#450=ADVANCED_FACE('',(#738),#108,.T.);
#451=ADVANCED_FACE('',(#739),#109,.T.);
#452=ADVANCED_FACE('',(#740),#110,.T.);
#453=ADVANCED_FACE('',(#741),#111,.T.);
#454=ADVANCED_FACE('',(#742),#82,.T.);
#455=ADVANCED_FACE('',(#743),#83,.T.);
#456=ADVANCED_FACE('',(#744),#84,.T.);
#457=ADVANCED_FACE('',(#745),#85,.T.);
#458=ADVANCED_FACE('',(#746),#86,.T.);
#459=ADVANCED_FACE('',(#747),#607,.F.);
#460=ADVANCED_FACE('',(#56,#57,#58,#59),#608,.F.);
#461=ADVANCED_FACE('',(#748),#609,.F.);
#462=ADVANCED_FACE('',(#749),#610,.F.);
#463=ADVANCED_FACE('',(#750),#611,.F.);
#464=ADVANCED_FACE('',(#751),#612,.F.);
#465=ADVANCED_FACE('',(#752),#112,.T.);
#466=ADVANCED_FACE('',(#753),#113,.T.);
#467=ADVANCED_FACE('',(#754),#114,.T.);
#468=ADVANCED_FACE('',(#755),#115,.T.);
#469=ADVANCED_FACE('',(#756),#116,.T.);
#470=ADVANCED_FACE('',(#757),#117,.T.);
#471=ADVANCED_FACE('',(#758),#87,.T.);
#472=ADVANCED_FACE('',(#759),#88,.T.);
#473=ADVANCED_FACE('',(#760),#89,.T.);
#474=ADVANCED_FACE('',(#761),#90,.T.);
#475=ADVANCED_FACE('',(#762),#91,.T.);
#476=ADVANCED_FACE('',(#763),#92,.T.);
#477=ADVANCED_FACE('',(#764),#613,.F.);
#478=ADVANCED_FACE('',(#765),#614,.F.);
#479=ADVANCED_FACE('',(#766),#615,.F.);
#480=ADVANCED_FACE('',(#767),#616,.F.);
#481=ADVANCED_FACE('',(#768),#617,.F.);
#482=ADVANCED_FACE('',(#769),#618,.F.);
#483=ADVANCED_FACE('',(#770),#130,.T.);
#484=ADVANCED_FACE('',(#771),#131,.T.);
#485=ADVANCED_FACE('',(#772),#132,.T.);
#486=ADVANCED_FACE('',(#773),#133,.T.);
#487=ADVANCED_FACE('',(#774),#134,.T.);
#488=ADVANCED_FACE('',(#775),#135,.T.);
#489=ADVANCED_FACE('',(#776),#619,.F.);
#490=ADVANCED_FACE('',(#777),#620,.F.);
#491=ADVANCED_FACE('',(#778),#621,.F.);
#492=ADVANCED_FACE('',(#779),#622,.F.);
#493=ADVANCED_FACE('',(#780),#623,.F.);
#494=ADVANCED_FACE('',(#781),#624,.F.);
#495=ADVANCED_FACE('',(#782),#93,.T.);
#496=ADVANCED_FACE('',(#783),#94,.T.);
#497=ADVANCED_FACE('',(#784),#95,.T.);
#498=ADVANCED_FACE('',(#785),#96,.T.);
#499=ADVANCED_FACE('',(#786),#97,.T.);
#500=ADVANCED_FACE('',(#787),#98,.T.);
#501=ADVANCED_FACE('',(#788),#118,.T.);
#502=ADVANCED_FACE('',(#789),#136,.F.);
#503=ADVANCED_FACE('',(#790),#625,.F.);
#504=ADVANCED_FACE('',(#791),#119,.T.);
#505=ADVANCED_FACE('',(#792),#99,.T.);
#506=ADVANCED_FACE('',(#793),#626,.F.);
#507=ADVANCED_FACE('',(#794),#137,.T.);
#508=ADVANCED_FACE('',(#795),#627,.F.);
#509=ADVANCED_FACE('',(#796),#100,.T.);
#510=ADVANCED_FACE('',(#797),#101,.T.);
#511=ADVANCED_FACE('',(#798),#628,.T.);
#512=ADVANCED_FACE('',(#799),#629,.F.);
#513=ADVANCED_FACE('',(#800),#630,.F.);
#514=ADVANCED_FACE('',(#801),#631,.T.);
#515=ADVANCED_FACE('',(#802),#632,.T.);
#516=ADVANCED_FACE('',(#803),#633,.T.);
#517=ADVANCED_FACE('',(#804),#634,.T.);
#518=ADVANCED_FACE('',(#805),#635,.T.);
#519=ADVANCED_FACE('',(#806),#636,.T.);
#520=ADVANCED_FACE('',(#807),#637,.F.);
#521=ADVANCED_FACE('',(#808),#638,.T.);
#522=ADVANCED_FACE('',(#809),#639,.T.);
#523=ADVANCED_FACE('',(#810),#640,.F.);
#524=ADVANCED_FACE('',(#811),#641,.T.);
#525=ADVANCED_FACE('',(#812),#642,.T.);
#526=ADVANCED_FACE('',(#813),#643,.F.);
#527=ADVANCED_FACE('',(#814),#644,.T.);
#528=ADVANCED_FACE('',(#815),#645,.T.);
#529=ADVANCED_FACE('',(#816),#646,.T.);
#530=ADVANCED_FACE('',(#817),#647,.F.);
#531=ADVANCED_FACE('',(#818),#648,.T.);
#532=ADVANCED_FACE('',(#819),#649,.F.);
#533=ADVANCED_FACE('',(#820),#650,.T.);
#534=ADVANCED_FACE('',(#821),#651,.T.);
#535=ADVANCED_FACE('',(#822),#652,.T.);
#536=ADVANCED_FACE('',(#823),#653,.F.);
#537=ADVANCED_FACE('',(#824),#654,.T.);
#538=ADVANCED_FACE('',(#825),#655,.T.);
#539=ADVANCED_FACE('',(#826),#656,.T.);
#540=ADVANCED_FACE('',(#827),#657,.F.);
#541=ADVANCED_FACE('',(#828),#658,.T.);
#542=ADVANCED_FACE('',(#829),#659,.T.);
#543=ADVANCED_FACE('',(#830),#660,.T.);
#544=ADVANCED_FACE('',(#831),#661,.F.);
#545=ADVANCED_FACE('',(#832),#662,.T.);
#546=ADVANCED_FACE('',(#833),#663,.T.);
#547=ADVANCED_FACE('',(#834),#664,.T.);
#548=ADVANCED_FACE('',(#835),#665,.F.);
#549=ADVANCED_FACE('',(#836),#666,.T.);
#550=ADVANCED_FACE('',(#837),#667,.T.);
#551=ADVANCED_FACE('',(#838),#668,.T.);
#552=ADVANCED_FACE('',(#839),#138,.F.);
#553=ADVANCED_FACE('',(#840),#139,.F.);
#554=ADVANCED_FACE('',(#841),#140,.F.);
#555=ADVANCED_FACE('',(#842),#141,.F.);
#556=ADVANCED_FACE('',(#843),#142,.F.);
#557=ADVANCED_FACE('',(#844),#143,.F.);
#558=ADVANCED_FACE('',(#845),#669,.F.);
#559=ADVANCED_FACE('',(#846),#670,.F.);
#560=ADVANCED_FACE('',(#847),#671,.F.);
#561=ADVANCED_FACE('',(#848),#672,.F.);
#562=ADVANCED_FACE('',(#849),#673,.F.);
#563=ADVANCED_FACE('',(#850),#674,.F.);
#564=ADVANCED_FACE('',(#851),#144,.F.);
#565=ADVANCED_FACE('',(#852),#675,.F.);
#566=ADVANCED_FACE('',(#853),#145,.F.);
#567=ADVANCED_FACE('',(#854),#676,.F.);
#568=ADVANCED_FACE('',(#855),#146,.F.);
#569=ADVANCED_FACE('',(#856),#677,.F.);
#570=ADVANCED_FACE('',(#857),#147,.F.);
#571=ADVANCED_FACE('',(#858),#678,.F.);
#572=ADVANCED_FACE('',(#859),#148,.F.);
#573=ADVANCED_FACE('',(#860),#679,.F.);
#574=ADVANCED_FACE('',(#861),#680,.F.);
#575=ADVANCED_FACE('',(#862),#149,.F.);
#576=ADVANCED_FACE('',(#863),#681,.T.);
#577=ADVANCED_FACE('',(#864),#682,.T.);
#578=ADVANCED_FACE('',(#865),#683,.T.);
#579=ADVANCED_FACE('',(#866),#684,.T.);
#580=ADVANCED_FACE('',(#867),#685,.T.);
#581=ADVANCED_FACE('',(#868),#686,.T.);
#582=ADVANCED_FACE('',(#869),#687,.T.);
#583=ADVANCED_FACE('',(#870),#688,.T.);
#584=ADVANCED_FACE('',(#871),#689,.T.);
#585=ADVANCED_FACE('',(#872),#690,.T.);
#586=ADVANCED_FACE('',(#873),#691,.T.);
#587=ADVANCED_FACE('',(#874),#692,.T.);
#588=PLANE('',#3708);
#589=PLANE('',#3709);
#590=PLANE('',#3710);
#591=PLANE('',#3711);
#592=PLANE('',#3729);
#593=PLANE('',#3732);
#594=PLANE('',#3735);
#595=PLANE('',#3738);
#596=PLANE('',#3741);
#597=PLANE('',#3768);
#598=PLANE('',#3770);
#599=PLANE('',#3772);
#600=PLANE('',#3774);
#601=PLANE('',#3776);
#602=PLANE('',#3788);
#603=PLANE('',#3790);
#604=PLANE('',#3792);
#605=PLANE('',#3794);
#606=PLANE('',#3796);
#607=PLANE('',#3834);
#608=PLANE('',#3837);
#609=PLANE('',#3839);
#610=PLANE('',#3841);
#611=PLANE('',#3844);
#612=PLANE('',#3846);
#613=PLANE('',#3872);
#614=PLANE('',#3874);
#615=PLANE('',#3876);
#616=PLANE('',#3878);
#617=PLANE('',#3880);
#618=PLANE('',#3882);
#619=PLANE('',#3896);
#620=PLANE('',#3898);
#621=PLANE('',#3900);
#622=PLANE('',#3902);
#623=PLANE('',#3904);
#624=PLANE('',#3906);
#625=PLANE('',#3921);
#626=PLANE('',#3927);
#627=PLANE('',#3931);
#628=PLANE('',#3935);
#629=PLANE('',#3936);
#630=PLANE('',#3937);
#631=PLANE('',#3938);
#632=PLANE('',#3939);
#633=PLANE('',#3940);
#634=PLANE('',#3941);
#635=PLANE('',#3943);
#636=PLANE('',#3944);
#637=PLANE('',#3945);
#638=PLANE('',#3946);
#639=PLANE('',#3948);
#640=PLANE('',#3949);
#641=PLANE('',#3950);
#642=PLANE('',#3952);
#643=PLANE('',#3953);
#644=PLANE('',#3954);
#645=PLANE('',#3956);
#646=PLANE('',#3958);
#647=PLANE('',#3959);
#648=PLANE('',#3960);
#649=PLANE('',#3961);
#650=PLANE('',#3962);
#651=PLANE('',#3963);
#652=PLANE('',#3964);
#653=PLANE('',#3965);
#654=PLANE('',#3966);
#655=PLANE('',#3967);
#656=PLANE('',#3968);
#657=PLANE('',#3969);
#658=PLANE('',#3970);
#659=PLANE('',#3971);
#660=PLANE('',#3972);
#661=PLANE('',#3973);
#662=PLANE('',#3974);
#663=PLANE('',#3975);
#664=PLANE('',#3976);
#665=PLANE('',#3977);
#666=PLANE('',#3978);
#667=PLANE('',#3979);
#668=PLANE('',#3980);
#669=PLANE('',#4000);
#670=PLANE('',#4002);
#671=PLANE('',#4004);
#672=PLANE('',#4006);
#673=PLANE('',#4008);
#674=PLANE('',#4010);
#675=PLANE('',#4013);
#676=PLANE('',#4016);
#677=PLANE('',#4019);
#678=PLANE('',#4022);
#679=PLANE('',#4025);
#680=PLANE('',#4027);
#681=PLANE('',#4029);
#682=PLANE('',#4030);
#683=PLANE('',#4031);
#684=PLANE('',#4032);
#685=PLANE('',#4033);
#686=PLANE('',#4034);
#687=PLANE('',#4035);
#688=PLANE('',#4036);
#689=PLANE('',#4037);
#690=PLANE('',#4038);
#691=PLANE('',#4039);
#692=PLANE('',#4040);
#693=FACE_OUTER_BOUND('',#875,.T.);
#694=FACE_OUTER_BOUND('',#876,.T.);
#695=FACE_OUTER_BOUND('',#877,.T.);
#696=FACE_OUTER_BOUND('',#878,.T.);
#697=FACE_OUTER_BOUND('',#879,.T.);
#698=FACE_OUTER_BOUND('',#880,.T.);
#699=FACE_OUTER_BOUND('',#881,.T.);
#700=FACE_OUTER_BOUND('',#882,.T.);
#701=FACE_OUTER_BOUND('',#883,.T.);
#702=FACE_OUTER_BOUND('',#884,.T.);
#703=FACE_OUTER_BOUND('',#885,.T.);
#704=FACE_OUTER_BOUND('',#886,.T.);
#705=FACE_OUTER_BOUND('',#887,.T.);
#706=FACE_OUTER_BOUND('',#888,.T.);
#707=FACE_OUTER_BOUND('',#889,.T.);
#708=FACE_OUTER_BOUND('',#890,.T.);
#709=FACE_OUTER_BOUND('',#891,.T.);
#710=FACE_OUTER_BOUND('',#892,.T.);
#711=FACE_OUTER_BOUND('',#893,.T.);
#712=FACE_OUTER_BOUND('',#894,.T.);
#713=FACE_OUTER_BOUND('',#895,.T.);
#714=FACE_OUTER_BOUND('',#896,.T.);
#715=FACE_OUTER_BOUND('',#897,.T.);
#716=FACE_OUTER_BOUND('',#898,.T.);
#717=FACE_OUTER_BOUND('',#899,.T.);
#718=FACE_OUTER_BOUND('',#900,.T.);
#719=FACE_OUTER_BOUND('',#901,.T.);
#720=FACE_OUTER_BOUND('',#902,.T.);
#721=FACE_OUTER_BOUND('',#903,.T.);
#722=FACE_OUTER_BOUND('',#904,.T.);
#723=FACE_OUTER_BOUND('',#905,.T.);
#724=FACE_OUTER_BOUND('',#906,.T.);
#725=FACE_OUTER_BOUND('',#907,.T.);
#726=FACE_OUTER_BOUND('',#908,.T.);
#727=FACE_OUTER_BOUND('',#909,.T.);
#728=FACE_OUTER_BOUND('',#910,.T.);
#729=FACE_OUTER_BOUND('',#911,.T.);
#730=FACE_OUTER_BOUND('',#912,.T.);
#731=FACE_OUTER_BOUND('',#913,.T.);
#732=FACE_OUTER_BOUND('',#914,.T.);
#733=FACE_OUTER_BOUND('',#915,.T.);
#734=FACE_OUTER_BOUND('',#916,.T.);
#735=FACE_OUTER_BOUND('',#917,.T.);
#736=FACE_OUTER_BOUND('',#918,.T.);
#737=FACE_OUTER_BOUND('',#919,.T.);
#738=FACE_OUTER_BOUND('',#920,.T.);
#739=FACE_OUTER_BOUND('',#921,.T.);
#740=FACE_OUTER_BOUND('',#922,.T.);
#741=FACE_OUTER_BOUND('',#923,.T.);
#742=FACE_OUTER_BOUND('',#924,.T.);
#743=FACE_OUTER_BOUND('',#925,.T.);
#744=FACE_OUTER_BOUND('',#926,.T.);
#745=FACE_OUTER_BOUND('',#927,.T.);
#746=FACE_OUTER_BOUND('',#928,.T.);
#747=FACE_OUTER_BOUND('',#929,.T.);
#748=FACE_OUTER_BOUND('',#934,.T.);
#749=FACE_OUTER_BOUND('',#935,.T.);
#750=FACE_OUTER_BOUND('',#936,.T.);
#751=FACE_OUTER_BOUND('',#937,.T.);
#752=FACE_OUTER_BOUND('',#938,.T.);
#753=FACE_OUTER_BOUND('',#939,.T.);
#754=FACE_OUTER_BOUND('',#940,.T.);
#755=FACE_OUTER_BOUND('',#941,.T.);
#756=FACE_OUTER_BOUND('',#942,.T.);
#757=FACE_OUTER_BOUND('',#943,.T.);
#758=FACE_OUTER_BOUND('',#944,.T.);
#759=FACE_OUTER_BOUND('',#945,.T.);
#760=FACE_OUTER_BOUND('',#946,.T.);
#761=FACE_OUTER_BOUND('',#947,.T.);
#762=FACE_OUTER_BOUND('',#948,.T.);
#763=FACE_OUTER_BOUND('',#949,.T.);
#764=FACE_OUTER_BOUND('',#950,.T.);
#765=FACE_OUTER_BOUND('',#951,.T.);
#766=FACE_OUTER_BOUND('',#952,.T.);
#767=FACE_OUTER_BOUND('',#953,.T.);
#768=FACE_OUTER_BOUND('',#954,.T.);
#769=FACE_OUTER_BOUND('',#955,.T.);
#770=FACE_OUTER_BOUND('',#956,.T.);
#771=FACE_OUTER_BOUND('',#957,.T.);
#772=FACE_OUTER_BOUND('',#958,.T.);
#773=FACE_OUTER_BOUND('',#959,.T.);
#774=FACE_OUTER_BOUND('',#960,.T.);
#775=FACE_OUTER_BOUND('',#961,.T.);
#776=FACE_OUTER_BOUND('',#962,.T.);
#777=FACE_OUTER_BOUND('',#963,.T.);
#778=FACE_OUTER_BOUND('',#964,.T.);
#779=FACE_OUTER_BOUND('',#965,.T.);
#780=FACE_OUTER_BOUND('',#966,.T.);
#781=FACE_OUTER_BOUND('',#967,.T.);
#782=FACE_OUTER_BOUND('',#968,.T.);
#783=FACE_OUTER_BOUND('',#969,.T.);
#784=FACE_OUTER_BOUND('',#970,.T.);
#785=FACE_OUTER_BOUND('',#971,.T.);
#786=FACE_OUTER_BOUND('',#972,.T.);
#787=FACE_OUTER_BOUND('',#973,.T.);
#788=FACE_OUTER_BOUND('',#974,.T.);
#789=FACE_OUTER_BOUND('',#975,.T.);
#790=FACE_OUTER_BOUND('',#976,.T.);
#791=FACE_OUTER_BOUND('',#977,.T.);
#792=FACE_OUTER_BOUND('',#978,.T.);
#793=FACE_OUTER_BOUND('',#979,.T.);
#794=FACE_OUTER_BOUND('',#980,.T.);
#795=FACE_OUTER_BOUND('',#981,.T.);
#796=FACE_OUTER_BOUND('',#982,.T.);
#797=FACE_OUTER_BOUND('',#983,.T.);
#798=FACE_OUTER_BOUND('',#984,.T.);
#799=FACE_OUTER_BOUND('',#985,.T.);
#800=FACE_OUTER_BOUND('',#986,.T.);
#801=FACE_OUTER_BOUND('',#987,.T.);
#802=FACE_OUTER_BOUND('',#988,.T.);
#803=FACE_OUTER_BOUND('',#989,.T.);
#804=FACE_OUTER_BOUND('',#990,.T.);
#805=FACE_OUTER_BOUND('',#991,.T.);
#806=FACE_OUTER_BOUND('',#992,.T.);
#807=FACE_OUTER_BOUND('',#993,.T.);
#808=FACE_OUTER_BOUND('',#994,.T.);
#809=FACE_OUTER_BOUND('',#995,.T.);
#810=FACE_OUTER_BOUND('',#996,.T.);
#811=FACE_OUTER_BOUND('',#997,.T.);
#812=FACE_OUTER_BOUND('',#998,.T.);
#813=FACE_OUTER_BOUND('',#999,.T.);
#814=FACE_OUTER_BOUND('',#1000,.T.);
#815=FACE_OUTER_BOUND('',#1001,.T.);
#816=FACE_OUTER_BOUND('',#1002,.T.);
#817=FACE_OUTER_BOUND('',#1003,.T.);
#818=FACE_OUTER_BOUND('',#1004,.T.);
#819=FACE_OUTER_BOUND('',#1005,.T.);
#820=FACE_OUTER_BOUND('',#1006,.T.);
#821=FACE_OUTER_BOUND('',#1007,.T.);
#822=FACE_OUTER_BOUND('',#1008,.T.);
#823=FACE_OUTER_BOUND('',#1009,.T.);
#824=FACE_OUTER_BOUND('',#1010,.T.);
#825=FACE_OUTER_BOUND('',#1011,.T.);
#826=FACE_OUTER_BOUND('',#1012,.T.);
#827=FACE_OUTER_BOUND('',#1013,.T.);
#828=FACE_OUTER_BOUND('',#1014,.T.);
#829=FACE_OUTER_BOUND('',#1015,.T.);
#830=FACE_OUTER_BOUND('',#1016,.T.);
#831=FACE_OUTER_BOUND('',#1017,.T.);
#832=FACE_OUTER_BOUND('',#1018,.T.);
#833=FACE_OUTER_BOUND('',#1019,.T.);
#834=FACE_OUTER_BOUND('',#1020,.T.);
#835=FACE_OUTER_BOUND('',#1021,.T.);
#836=FACE_OUTER_BOUND('',#1022,.T.);
#837=FACE_OUTER_BOUND('',#1023,.T.);
#838=FACE_OUTER_BOUND('',#1024,.T.);
#839=FACE_OUTER_BOUND('',#1025,.T.);
#840=FACE_OUTER_BOUND('',#1026,.T.);
#841=FACE_OUTER_BOUND('',#1027,.T.);
#842=FACE_OUTER_BOUND('',#1028,.T.);
#843=FACE_OUTER_BOUND('',#1029,.T.);
#844=FACE_OUTER_BOUND('',#1030,.T.);
#845=FACE_OUTER_BOUND('',#1031,.T.);
#846=FACE_OUTER_BOUND('',#1032,.T.);
#847=FACE_OUTER_BOUND('',#1033,.T.);
#848=FACE_OUTER_BOUND('',#1034,.T.);
#849=FACE_OUTER_BOUND('',#1035,.T.);
#850=FACE_OUTER_BOUND('',#1036,.T.);
#851=FACE_OUTER_BOUND('',#1037,.T.);
#852=FACE_OUTER_BOUND('',#1038,.T.);
#853=FACE_OUTER_BOUND('',#1039,.T.);
#854=FACE_OUTER_BOUND('',#1040,.T.);
#855=FACE_OUTER_BOUND('',#1041,.T.);
#856=FACE_OUTER_BOUND('',#1042,.T.);
#857=FACE_OUTER_BOUND('',#1043,.T.);
#858=FACE_OUTER_BOUND('',#1044,.T.);
#859=FACE_OUTER_BOUND('',#1045,.T.);
#860=FACE_OUTER_BOUND('',#1046,.T.);
#861=FACE_OUTER_BOUND('',#1047,.T.);
#862=FACE_OUTER_BOUND('',#1048,.T.);
#863=FACE_OUTER_BOUND('',#1049,.T.);
#864=FACE_OUTER_BOUND('',#1050,.T.);
#865=FACE_OUTER_BOUND('',#1051,.T.);
#866=FACE_OUTER_BOUND('',#1052,.T.);
#867=FACE_OUTER_BOUND('',#1053,.T.);
#868=FACE_OUTER_BOUND('',#1054,.T.);
#869=FACE_OUTER_BOUND('',#1055,.T.);
#870=FACE_OUTER_BOUND('',#1056,.T.);
#871=FACE_OUTER_BOUND('',#1057,.T.);
#872=FACE_OUTER_BOUND('',#1058,.T.);
#873=FACE_OUTER_BOUND('',#1059,.T.);
#874=FACE_OUTER_BOUND('',#1060,.T.);
#875=EDGE_LOOP('',(#1061,#1062,#1063,#1064));
#876=EDGE_LOOP('',(#1065,#1066,#1067,#1068,#1069,#1070,#1071,#1072));
#877=EDGE_LOOP('',(#1073,#1074,#1075,#1076,#1077,#1078,#1079,#1080));
#878=EDGE_LOOP('',(#1081,#1082,#1083,#1084,#1085,#1086,#1087,#1088,#1089,
#1090,#1091,#1092,#1093,#1094));
#879=EDGE_LOOP('',(#1095,#1096,#1097,#1098));
#880=EDGE_LOOP('',(#1099,#1100,#1101,#1102));
#881=EDGE_LOOP('',(#1103,#1104,#1105,#1106));
#882=EDGE_LOOP('',(#1107,#1108,#1109,#1110));
#883=EDGE_LOOP('',(#1111,#1112,#1113,#1114));
#884=EDGE_LOOP('',(#1115,#1116,#1117,#1118));
#885=EDGE_LOOP('',(#1119,#1120,#1121,#1122));
#886=EDGE_LOOP('',(#1123,#1124,#1125,#1126));
#887=EDGE_LOOP('',(#1127,#1128,#1129,#1130));
#888=EDGE_LOOP('',(#1131,#1132,#1133,#1134));
#889=EDGE_LOOP('',(#1135,#1136,#1137,#1138));
#890=EDGE_LOOP('',(#1139,#1140,#1141,#1142));
#891=EDGE_LOOP('',(#1143,#1144,#1145,#1146));
#892=EDGE_LOOP('',(#1147,#1148,#1149,#1150));
#893=EDGE_LOOP('',(#1151,#1152,#1153,#1154));
#894=EDGE_LOOP('',(#1155,#1156,#1157,#1158));
#895=EDGE_LOOP('',(#1159,#1160,#1161,#1162));
#896=EDGE_LOOP('',(#1163,#1164,#1165,#1166));
#897=EDGE_LOOP('',(#1167,#1168,#1169,#1170));
#898=EDGE_LOOP('',(#1171,#1172,#1173,#1174));
#899=EDGE_LOOP('',(#1175,#1176,#1177,#1178));
#900=EDGE_LOOP('',(#1179,#1180,#1181,#1182));
#901=EDGE_LOOP('',(#1183,#1184,#1185,#1186));
#902=EDGE_LOOP('',(#1187,#1188,#1189,#1190));
#903=EDGE_LOOP('',(#1191,#1192,#1193,#1194));
#904=EDGE_LOOP('',(#1195,#1196,#1197,#1198));
#905=EDGE_LOOP('',(#1199,#1200,#1201,#1202));
#906=EDGE_LOOP('',(#1203,#1204,#1205,#1206));
#907=EDGE_LOOP('',(#1207,#1208,#1209,#1210));
#908=EDGE_LOOP('',(#1211,#1212,#1213,#1214));
#909=EDGE_LOOP('',(#1215,#1216,#1217,#1218));
#910=EDGE_LOOP('',(#1219,#1220,#1221,#1222));
#911=EDGE_LOOP('',(#1223,#1224,#1225,#1226));
#912=EDGE_LOOP('',(#1227,#1228,#1229,#1230));
#913=EDGE_LOOP('',(#1231,#1232,#1233,#1234));
#914=EDGE_LOOP('',(#1235,#1236,#1237,#1238));
#915=EDGE_LOOP('',(#1239,#1240,#1241,#1242));
#916=EDGE_LOOP('',(#1243,#1244,#1245,#1246));
#917=EDGE_LOOP('',(#1247,#1248,#1249,#1250));
#918=EDGE_LOOP('',(#1251,#1252,#1253,#1254));
#919=EDGE_LOOP('',(#1255,#1256,#1257,#1258,#1259,#1260,#1261,#1262));
#920=EDGE_LOOP('',(#1263,#1264,#1265,#1266,#1267,#1268,#1269,#1270));
#921=EDGE_LOOP('',(#1271,#1272,#1273,#1274,#1275,#1276,#1277,#1278));
#922=EDGE_LOOP('',(#1279,#1280,#1281,#1282,#1283,#1284,#1285,#1286));
#923=EDGE_LOOP('',(#1287,#1288,#1289,#1290,#1291,#1292,#1293,#1294));
#924=EDGE_LOOP('',(#1295,#1296,#1297,#1298));
#925=EDGE_LOOP('',(#1299,#1300,#1301,#1302));
#926=EDGE_LOOP('',(#1303,#1304,#1305,#1306));
#927=EDGE_LOOP('',(#1307,#1308,#1309,#1310));
#928=EDGE_LOOP('',(#1311,#1312,#1313,#1314));
#929=EDGE_LOOP('',(#1315,#1316,#1317,#1318,#1319,#1320,#1321,#1322,#1323,
#1324));
#930=EDGE_LOOP('',(#1325,#1326,#1327,#1328));
#931=EDGE_LOOP('',(#1329,#1330,#1331,#1332,#1333,#1334,#1335,#1336));
#932=EDGE_LOOP('',(#1337,#1338,#1339,#1340,#1341,#1342,#1343,#1344));
#933=EDGE_LOOP('',(#1345,#1346,#1347,#1348,#1349,#1350,#1351,#1352,#1353,
#1354));
#934=EDGE_LOOP('',(#1355,#1356,#1357,#1358,#1359,#1360,#1361,#1362,#1363,
#1364));
#935=EDGE_LOOP('',(#1365,#1366,#1367,#1368,#1369,#1370,#1371,#1372,#1373,
#1374));
#936=EDGE_LOOP('',(#1375,#1376,#1377,#1378,#1379,#1380,#1381,#1382,#1383,
#1384));
#937=EDGE_LOOP('',(#1385,#1386,#1387,#1388,#1389,#1390,#1391,#1392,#1393,
#1394));
#938=EDGE_LOOP('',(#1395,#1396,#1397,#1398));
#939=EDGE_LOOP('',(#1399,#1400,#1401,#1402));
#940=EDGE_LOOP('',(#1403,#1404,#1405,#1406));
#941=EDGE_LOOP('',(#1407,#1408,#1409,#1410));
#942=EDGE_LOOP('',(#1411,#1412,#1413,#1414));
#943=EDGE_LOOP('',(#1415,#1416,#1417,#1418));
#944=EDGE_LOOP('',(#1419,#1420,#1421,#1422));
#945=EDGE_LOOP('',(#1423,#1424,#1425,#1426));
#946=EDGE_LOOP('',(#1427,#1428,#1429,#1430));
#947=EDGE_LOOP('',(#1431,#1432,#1433,#1434));
#948=EDGE_LOOP('',(#1435,#1436,#1437,#1438));
#949=EDGE_LOOP('',(#1439,#1440,#1441,#1442));
#950=EDGE_LOOP('',(#1443,#1444,#1445,#1446));
#951=EDGE_LOOP('',(#1447,#1448,#1449,#1450));
#952=EDGE_LOOP('',(#1451,#1452,#1453,#1454));
#953=EDGE_LOOP('',(#1455,#1456,#1457,#1458));
#954=EDGE_LOOP('',(#1459,#1460,#1461,#1462));
#955=EDGE_LOOP('',(#1463,#1464,#1465,#1466));
#956=EDGE_LOOP('',(#1467,#1468,#1469,#1470));
#957=EDGE_LOOP('',(#1471,#1472,#1473,#1474));
#958=EDGE_LOOP('',(#1475,#1476,#1477,#1478));
#959=EDGE_LOOP('',(#1479,#1480,#1481,#1482));
#960=EDGE_LOOP('',(#1483,#1484,#1485,#1486));
#961=EDGE_LOOP('',(#1487,#1488,#1489,#1490));
#962=EDGE_LOOP('',(#1491,#1492,#1493,#1494));
#963=EDGE_LOOP('',(#1495,#1496,#1497,#1498));
#964=EDGE_LOOP('',(#1499,#1500,#1501,#1502));
#965=EDGE_LOOP('',(#1503,#1504,#1505,#1506));
#966=EDGE_LOOP('',(#1507,#1508,#1509,#1510));
#967=EDGE_LOOP('',(#1511,#1512,#1513,#1514));
#968=EDGE_LOOP('',(#1515,#1516,#1517,#1518));
#969=EDGE_LOOP('',(#1519,#1520,#1521,#1522));
#970=EDGE_LOOP('',(#1523,#1524,#1525,#1526));
#971=EDGE_LOOP('',(#1527,#1528,#1529,#1530));
#972=EDGE_LOOP('',(#1531,#1532,#1533,#1534));
#973=EDGE_LOOP('',(#1535,#1536,#1537,#1538));
#974=EDGE_LOOP('',(#1539,#1540,#1541,#1542,#1543,#1544,#1545,#1546));
#975=EDGE_LOOP('',(#1547,#1548,#1549,#1550));
#976=EDGE_LOOP('',(#1551,#1552,#1553,#1554));
#977=EDGE_LOOP('',(#1555,#1556,#1557,#1558));
#978=EDGE_LOOP('',(#1559,#1560,#1561,#1562));
#979=EDGE_LOOP('',(#1563,#1564,#1565,#1566));
#980=EDGE_LOOP('',(#1567,#1568,#1569,#1570));
#981=EDGE_LOOP('',(#1571,#1572,#1573,#1574));
#982=EDGE_LOOP('',(#1575,#1576,#1577,#1578));
#983=EDGE_LOOP('',(#1579,#1580,#1581,#1582));
#984=EDGE_LOOP('',(#1583,#1584,#1585,#1586));
#985=EDGE_LOOP('',(#1587,#1588,#1589,#1590,#1591,#1592,#1593,#1594,#1595,
#1596,#1597,#1598,#1599,#1600));
#986=EDGE_LOOP('',(#1601,#1602,#1603,#1604,#1605,#1606,#1607,#1608,#1609,
#1610,#1611,#1612,#1613,#1614));
#987=EDGE_LOOP('',(#1615,#1616,#1617,#1618,#1619,#1620,#1621,#1622,#1623,
#1624,#1625,#1626,#1627,#1628));
#988=EDGE_LOOP('',(#1629,#1630,#1631,#1632));
#989=EDGE_LOOP('',(#1633,#1634,#1635,#1636));
#990=EDGE_LOOP('',(#1637,#1638,#1639,#1640,#1641,#1642,#1643,#1644,#1645,
#1646,#1647,#1648,#1649,#1650));
#991=EDGE_LOOP('',(#1651,#1652,#1653,#1654));
#992=EDGE_LOOP('',(#1655,#1656,#1657,#1658,#1659,#1660,#1661,#1662,#1663,
#1664,#1665,#1666,#1667,#1668));
#993=EDGE_LOOP('',(#1669,#1670,#1671,#1672,#1673,#1674,#1675,#1676,#1677,
#1678,#1679,#1680,#1681,#1682));
#994=EDGE_LOOP('',(#1683,#1684,#1685,#1686,#1687,#1688,#1689,#1690,#1691,
#1692,#1693,#1694,#1695,#1696));
#995=EDGE_LOOP('',(#1697,#1698,#1699,#1700));
#996=EDGE_LOOP('',(#1701,#1702,#1703,#1704,#1705,#1706,#1707,#1708,#1709,
#1710,#1711,#1712,#1713,#1714));
#997=EDGE_LOOP('',(#1715,#1716,#1717,#1718,#1719,#1720,#1721,#1722,#1723,
#1724,#1725,#1726,#1727,#1728));
#998=EDGE_LOOP('',(#1729,#1730,#1731,#1732));
#999=EDGE_LOOP('',(#1733,#1734,#1735,#1736,#1737,#1738,#1739,#1740,#1741,
#1742,#1743,#1744,#1745,#1746));
#1000=EDGE_LOOP('',(#1747,#1748,#1749,#1750,#1751,#1752,#1753,#1754,#1755,
#1756,#1757,#1758,#1759,#1760));
#1001=EDGE_LOOP('',(#1761,#1762,#1763,#1764));
#1002=EDGE_LOOP('',(#1765,#1766,#1767,#1768));
#1003=EDGE_LOOP('',(#1769,#1770,#1771,#1772,#1773,#1774,#1775,#1776,#1777,
#1778,#1779,#1780,#1781,#1782));
#1004=EDGE_LOOP('',(#1783,#1784,#1785,#1786,#1787,#1788,#1789,#1790,#1791,
#1792,#1793,#1794,#1795,#1796));
#1005=EDGE_LOOP('',(#1797,#1798,#1799,#1800,#1801,#1802,#1803,#1804,#1805,
#1806,#1807,#1808,#1809,#1810));
#1006=EDGE_LOOP('',(#1811,#1812,#1813,#1814,#1815,#1816,#1817,#1818,#1819,
#1820,#1821,#1822,#1823,#1824));
#1007=EDGE_LOOP('',(#1825,#1826,#1827,#1828));
#1008=EDGE_LOOP('',(#1829,#1830,#1831,#1832));
#1009=EDGE_LOOP('',(#1833,#1834,#1835,#1836,#1837,#1838,#1839,#1840,#1841,
#1842,#1843,#1844,#1845,#1846));
#1010=EDGE_LOOP('',(#1847,#1848,#1849,#1850,#1851,#1852,#1853,#1854,#1855,
#1856,#1857,#1858,#1859,#1860));
#1011=EDGE_LOOP('',(#1861,#1862,#1863,#1864));
#1012=EDGE_LOOP('',(#1865,#1866,#1867,#1868));
#1013=EDGE_LOOP('',(#1869,#1870,#1871,#1872,#1873,#1874,#1875,#1876,#1877,
#1878,#1879,#1880,#1881,#1882));
#1014=EDGE_LOOP('',(#1883,#1884,#1885,#1886,#1887,#1888,#1889,#1890,#1891,
#1892,#1893,#1894,#1895,#1896));
#1015=EDGE_LOOP('',(#1897,#1898,#1899,#1900));
#1016=EDGE_LOOP('',(#1901,#1902,#1903,#1904));
#1017=EDGE_LOOP('',(#1905,#1906,#1907,#1908,#1909,#1910,#1911,#1912,#1913,
#1914,#1915,#1916,#1917,#1918));
#1018=EDGE_LOOP('',(#1919,#1920,#1921,#1922,#1923,#1924,#1925,#1926,#1927,
#1928,#1929,#1930,#1931,#1932));
#1019=EDGE_LOOP('',(#1933,#1934,#1935,#1936));
#1020=EDGE_LOOP('',(#1937,#1938,#1939,#1940));
#1021=EDGE_LOOP('',(#1941,#1942,#1943,#1944,#1945,#1946,#1947,#1948,#1949,
#1950,#1951,#1952,#1953,#1954));
#1022=EDGE_LOOP('',(#1955,#1956,#1957,#1958,#1959,#1960,#1961,#1962,#1963,
#1964,#1965,#1966,#1967,#1968));
#1023=EDGE_LOOP('',(#1969,#1970,#1971,#1972));
#1024=EDGE_LOOP('',(#1973,#1974,#1975,#1976));
#1025=EDGE_LOOP('',(#1977,#1978,#1979,#1980,#1981,#1982,#1983,#1984));
#1026=EDGE_LOOP('',(#1985,#1986,#1987,#1988,#1989,#1990,#1991,#1992));
#1027=EDGE_LOOP('',(#1993,#1994,#1995,#1996,#1997,#1998,#1999,#2000));
#1028=EDGE_LOOP('',(#2001,#2002,#2003,#2004,#2005,#2006,#2007,#2008));
#1029=EDGE_LOOP('',(#2009,#2010,#2011,#2012,#2013,#2014,#2015,#2016));
#1030=EDGE_LOOP('',(#2017,#2018,#2019,#2020,#2021,#2022,#2023,#2024));
#1031=EDGE_LOOP('',(#2025,#2026,#2027,#2028,#2029,#2030,#2031,#2032));
#1032=EDGE_LOOP('',(#2033,#2034,#2035,#2036,#2037,#2038,#2039,#2040));
#1033=EDGE_LOOP('',(#2041,#2042,#2043,#2044,#2045,#2046,#2047,#2048));
#1034=EDGE_LOOP('',(#2049,#2050,#2051,#2052,#2053,#2054,#2055,#2056));
#1035=EDGE_LOOP('',(#2057,#2058,#2059,#2060,#2061,#2062,#2063,#2064));
#1036=EDGE_LOOP('',(#2065,#2066,#2067,#2068,#2069,#2070,#2071,#2072));
#1037=EDGE_LOOP('',(#2073,#2074,#2075,#2076));
#1038=EDGE_LOOP('',(#2077,#2078,#2079,#2080,#2081,#2082));
#1039=EDGE_LOOP('',(#2083,#2084,#2085,#2086));
#1040=EDGE_LOOP('',(#2087,#2088,#2089,#2090,#2091,#2092));
#1041=EDGE_LOOP('',(#2093,#2094,#2095,#2096));
#1042=EDGE_LOOP('',(#2097,#2098,#2099,#2100,#2101,#2102));
#1043=EDGE_LOOP('',(#2103,#2104,#2105,#2106));
#1044=EDGE_LOOP('',(#2107,#2108,#2109,#2110,#2111,#2112));
#1045=EDGE_LOOP('',(#2113,#2114,#2115,#2116));
#1046=EDGE_LOOP('',(#2117,#2118,#2119,#2120,#2121,#2122));
#1047=EDGE_LOOP('',(#2123,#2124,#2125,#2126,#2127,#2128));
#1048=EDGE_LOOP('',(#2129,#2130,#2131,#2132));
#1049=EDGE_LOOP('',(#2133,#2134,#2135,#2136));
#1050=EDGE_LOOP('',(#2137,#2138,#2139,#2140));
#1051=EDGE_LOOP('',(#2141,#2142,#2143,#2144));
#1052=EDGE_LOOP('',(#2145,#2146,#2147,#2148));
#1053=EDGE_LOOP('',(#2149,#2150,#2151,#2152));
#1054=EDGE_LOOP('',(#2153,#2154,#2155,#2156));
#1055=EDGE_LOOP('',(#2157,#2158,#2159,#2160));
#1056=EDGE_LOOP('',(#2161,#2162,#2163,#2164));
#1057=EDGE_LOOP('',(#2165,#2166,#2167,#2168));
#1058=EDGE_LOOP('',(#2169,#2170,#2171,#2172));
#1059=EDGE_LOOP('',(#2173,#2174,#2175,#2176));
#1060=EDGE_LOOP('',(#2177,#2178,#2179,#2180));
#1061=ORIENTED_EDGE('',*,*,#2561,.T.);
#1062=ORIENTED_EDGE('',*,*,#2562,.T.);
#1063=ORIENTED_EDGE('',*,*,#2563,.T.);
#1064=ORIENTED_EDGE('',*,*,#2564,.T.);
#1065=ORIENTED_EDGE('',*,*,#2565,.T.);
#1066=ORIENTED_EDGE('',*,*,#2566,.T.);
#1067=ORIENTED_EDGE('',*,*,#2567,.T.);
#1068=ORIENTED_EDGE('',*,*,#2568,.T.);
#1069=ORIENTED_EDGE('',*,*,#2569,.T.);
#1070=ORIENTED_EDGE('',*,*,#2570,.T.);
#1071=ORIENTED_EDGE('',*,*,#2571,.T.);
#1072=ORIENTED_EDGE('',*,*,#2572,.T.);
#1073=ORIENTED_EDGE('',*,*,#2573,.T.);
#1074=ORIENTED_EDGE('',*,*,#2574,.T.);
#1075=ORIENTED_EDGE('',*,*,#2575,.T.);
#1076=ORIENTED_EDGE('',*,*,#2576,.T.);
#1077=ORIENTED_EDGE('',*,*,#2577,.T.);
#1078=ORIENTED_EDGE('',*,*,#2578,.T.);
#1079=ORIENTED_EDGE('',*,*,#2579,.T.);
#1080=ORIENTED_EDGE('',*,*,#2580,.T.);
#1081=ORIENTED_EDGE('',*,*,#2581,.F.);
#1082=ORIENTED_EDGE('',*,*,#2582,.F.);
#1083=ORIENTED_EDGE('',*,*,#2583,.T.);
#1084=ORIENTED_EDGE('',*,*,#2584,.T.);
#1085=ORIENTED_EDGE('',*,*,#2585,.T.);
#1086=ORIENTED_EDGE('',*,*,#2586,.T.);
#1087=ORIENTED_EDGE('',*,*,#2587,.F.);
#1088=ORIENTED_EDGE('',*,*,#2588,.F.);
#1089=ORIENTED_EDGE('',*,*,#2589,.F.);
#1090=ORIENTED_EDGE('',*,*,#2590,.T.);
#1091=ORIENTED_EDGE('',*,*,#2591,.F.);
#1092=ORIENTED_EDGE('',*,*,#2592,.F.);
#1093=ORIENTED_EDGE('',*,*,#2593,.F.);
#1094=ORIENTED_EDGE('',*,*,#2594,.F.);
#1095=ORIENTED_EDGE('',*,*,#2595,.F.);
#1096=ORIENTED_EDGE('',*,*,#2596,.F.);
#1097=ORIENTED_EDGE('',*,*,#2597,.T.);
#1098=ORIENTED_EDGE('',*,*,#2598,.T.);
#1099=ORIENTED_EDGE('',*,*,#2599,.F.);
#1100=ORIENTED_EDGE('',*,*,#2600,.F.);
#1101=ORIENTED_EDGE('',*,*,#2601,.T.);
#1102=ORIENTED_EDGE('',*,*,#2602,.T.);
#1103=ORIENTED_EDGE('',*,*,#2603,.F.);
#1104=ORIENTED_EDGE('',*,*,#2604,.F.);
#1105=ORIENTED_EDGE('',*,*,#2605,.T.);
#1106=ORIENTED_EDGE('',*,*,#2606,.T.);
#1107=ORIENTED_EDGE('',*,*,#2607,.F.);
#1108=ORIENTED_EDGE('',*,*,#2608,.F.);
#1109=ORIENTED_EDGE('',*,*,#2609,.T.);
#1110=ORIENTED_EDGE('',*,*,#2610,.F.);
#1111=ORIENTED_EDGE('',*,*,#2611,.F.);
#1112=ORIENTED_EDGE('',*,*,#2612,.F.);
#1113=ORIENTED_EDGE('',*,*,#2613,.T.);
#1114=ORIENTED_EDGE('',*,*,#2614,.T.);
#1115=ORIENTED_EDGE('',*,*,#2615,.T.);
#1116=ORIENTED_EDGE('',*,*,#2616,.T.);
#1117=ORIENTED_EDGE('',*,*,#2617,.F.);
#1118=ORIENTED_EDGE('',*,*,#2618,.T.);
#1119=ORIENTED_EDGE('',*,*,#2619,.T.);
#1120=ORIENTED_EDGE('',*,*,#2620,.T.);
#1121=ORIENTED_EDGE('',*,*,#2621,.F.);
#1122=ORIENTED_EDGE('',*,*,#2622,.T.);
#1123=ORIENTED_EDGE('',*,*,#2623,.T.);
#1124=ORIENTED_EDGE('',*,*,#2624,.T.);
#1125=ORIENTED_EDGE('',*,*,#2625,.F.);
#1126=ORIENTED_EDGE('',*,*,#2626,.T.);
#1127=ORIENTED_EDGE('',*,*,#2627,.T.);
#1128=ORIENTED_EDGE('',*,*,#2628,.T.);
#1129=ORIENTED_EDGE('',*,*,#2629,.F.);
#1130=ORIENTED_EDGE('',*,*,#2630,.T.);
#1131=ORIENTED_EDGE('',*,*,#2631,.T.);
#1132=ORIENTED_EDGE('',*,*,#2632,.T.);
#1133=ORIENTED_EDGE('',*,*,#2633,.F.);
#1134=ORIENTED_EDGE('',*,*,#2634,.T.);
#1135=ORIENTED_EDGE('',*,*,#2635,.F.);
#1136=ORIENTED_EDGE('',*,*,#2636,.T.);
#1137=ORIENTED_EDGE('',*,*,#2637,.T.);
#1138=ORIENTED_EDGE('',*,*,#2638,.F.);
#1139=ORIENTED_EDGE('',*,*,#2639,.F.);
#1140=ORIENTED_EDGE('',*,*,#2640,.T.);
#1141=ORIENTED_EDGE('',*,*,#2641,.T.);
#1142=ORIENTED_EDGE('',*,*,#2642,.F.);
#1143=ORIENTED_EDGE('',*,*,#2643,.F.);
#1144=ORIENTED_EDGE('',*,*,#2644,.T.);
#1145=ORIENTED_EDGE('',*,*,#2645,.T.);
#1146=ORIENTED_EDGE('',*,*,#2646,.F.);
#1147=ORIENTED_EDGE('',*,*,#2647,.F.);
#1148=ORIENTED_EDGE('',*,*,#2648,.T.);
#1149=ORIENTED_EDGE('',*,*,#2649,.T.);
#1150=ORIENTED_EDGE('',*,*,#2650,.F.);
#1151=ORIENTED_EDGE('',*,*,#2651,.F.);
#1152=ORIENTED_EDGE('',*,*,#2652,.T.);
#1153=ORIENTED_EDGE('',*,*,#2653,.T.);
#1154=ORIENTED_EDGE('',*,*,#2654,.F.);
#1155=ORIENTED_EDGE('',*,*,#2655,.F.);
#1156=ORIENTED_EDGE('',*,*,#2638,.T.);
#1157=ORIENTED_EDGE('',*,*,#2656,.T.);
#1158=ORIENTED_EDGE('',*,*,#2657,.F.);
#1159=ORIENTED_EDGE('',*,*,#2658,.F.);
#1160=ORIENTED_EDGE('',*,*,#2642,.T.);
#1161=ORIENTED_EDGE('',*,*,#2659,.T.);
#1162=ORIENTED_EDGE('',*,*,#2660,.F.);
#1163=ORIENTED_EDGE('',*,*,#2661,.F.);
#1164=ORIENTED_EDGE('',*,*,#2646,.T.);
#1165=ORIENTED_EDGE('',*,*,#2662,.T.);
#1166=ORIENTED_EDGE('',*,*,#2663,.F.);
#1167=ORIENTED_EDGE('',*,*,#2664,.F.);
#1168=ORIENTED_EDGE('',*,*,#2650,.T.);
#1169=ORIENTED_EDGE('',*,*,#2665,.T.);
#1170=ORIENTED_EDGE('',*,*,#2666,.F.);
#1171=ORIENTED_EDGE('',*,*,#2667,.F.);
#1172=ORIENTED_EDGE('',*,*,#2654,.T.);
#1173=ORIENTED_EDGE('',*,*,#2668,.T.);
#1174=ORIENTED_EDGE('',*,*,#2669,.F.);
#1175=ORIENTED_EDGE('',*,*,#2670,.F.);
#1176=ORIENTED_EDGE('',*,*,#2657,.T.);
#1177=ORIENTED_EDGE('',*,*,#2671,.F.);
#1178=ORIENTED_EDGE('',*,*,#2672,.F.);
#1179=ORIENTED_EDGE('',*,*,#2673,.F.);
#1180=ORIENTED_EDGE('',*,*,#2660,.T.);
#1181=ORIENTED_EDGE('',*,*,#2674,.T.);
#1182=ORIENTED_EDGE('',*,*,#2675,.F.);
#1183=ORIENTED_EDGE('',*,*,#2676,.F.);
#1184=ORIENTED_EDGE('',*,*,#2663,.T.);
#1185=ORIENTED_EDGE('',*,*,#2677,.T.);
#1186=ORIENTED_EDGE('',*,*,#2678,.F.);
#1187=ORIENTED_EDGE('',*,*,#2679,.F.);
#1188=ORIENTED_EDGE('',*,*,#2666,.T.);
#1189=ORIENTED_EDGE('',*,*,#2680,.T.);
#1190=ORIENTED_EDGE('',*,*,#2681,.F.);
#1191=ORIENTED_EDGE('',*,*,#2682,.F.);
#1192=ORIENTED_EDGE('',*,*,#2669,.T.);
#1193=ORIENTED_EDGE('',*,*,#2683,.T.);
#1194=ORIENTED_EDGE('',*,*,#2684,.F.);
#1195=ORIENTED_EDGE('',*,*,#2685,.F.);
#1196=ORIENTED_EDGE('',*,*,#2672,.T.);
#1197=ORIENTED_EDGE('',*,*,#2686,.F.);
#1198=ORIENTED_EDGE('',*,*,#2687,.F.);
#1199=ORIENTED_EDGE('',*,*,#2688,.F.);
#1200=ORIENTED_EDGE('',*,*,#2675,.T.);
#1201=ORIENTED_EDGE('',*,*,#2689,.T.);
#1202=ORIENTED_EDGE('',*,*,#2690,.F.);
#1203=ORIENTED_EDGE('',*,*,#2691,.F.);
#1204=ORIENTED_EDGE('',*,*,#2678,.T.);
#1205=ORIENTED_EDGE('',*,*,#2692,.T.);
#1206=ORIENTED_EDGE('',*,*,#2693,.F.);
#1207=ORIENTED_EDGE('',*,*,#2694,.F.);
#1208=ORIENTED_EDGE('',*,*,#2681,.T.);
#1209=ORIENTED_EDGE('',*,*,#2695,.T.);
#1210=ORIENTED_EDGE('',*,*,#2696,.F.);
#1211=ORIENTED_EDGE('',*,*,#2697,.F.);
#1212=ORIENTED_EDGE('',*,*,#2684,.T.);
#1213=ORIENTED_EDGE('',*,*,#2698,.T.);
#1214=ORIENTED_EDGE('',*,*,#2699,.F.);
#1215=ORIENTED_EDGE('',*,*,#2700,.F.);
#1216=ORIENTED_EDGE('',*,*,#2687,.T.);
#1217=ORIENTED_EDGE('',*,*,#2701,.F.);
#1218=ORIENTED_EDGE('',*,*,#2702,.F.);
#1219=ORIENTED_EDGE('',*,*,#2703,.F.);
#1220=ORIENTED_EDGE('',*,*,#2690,.T.);
#1221=ORIENTED_EDGE('',*,*,#2704,.T.);
#1222=ORIENTED_EDGE('',*,*,#2705,.F.);
#1223=ORIENTED_EDGE('',*,*,#2706,.F.);
#1224=ORIENTED_EDGE('',*,*,#2693,.T.);
#1225=ORIENTED_EDGE('',*,*,#2707,.T.);
#1226=ORIENTED_EDGE('',*,*,#2708,.F.);
#1227=ORIENTED_EDGE('',*,*,#2709,.F.);
#1228=ORIENTED_EDGE('',*,*,#2696,.T.);
#1229=ORIENTED_EDGE('',*,*,#2710,.T.);
#1230=ORIENTED_EDGE('',*,*,#2711,.F.);
#1231=ORIENTED_EDGE('',*,*,#2712,.F.);
#1232=ORIENTED_EDGE('',*,*,#2699,.T.);
#1233=ORIENTED_EDGE('',*,*,#2713,.T.);
#1234=ORIENTED_EDGE('',*,*,#2714,.F.);
#1235=ORIENTED_EDGE('',*,*,#2715,.F.);
#1236=ORIENTED_EDGE('',*,*,#2702,.T.);
#1237=ORIENTED_EDGE('',*,*,#2716,.T.);
#1238=ORIENTED_EDGE('',*,*,#2717,.F.);
#1239=ORIENTED_EDGE('',*,*,#2718,.F.);
#1240=ORIENTED_EDGE('',*,*,#2705,.T.);
#1241=ORIENTED_EDGE('',*,*,#2719,.T.);
#1242=ORIENTED_EDGE('',*,*,#2720,.F.);
#1243=ORIENTED_EDGE('',*,*,#2721,.F.);
#1244=ORIENTED_EDGE('',*,*,#2708,.T.);
#1245=ORIENTED_EDGE('',*,*,#2722,.T.);
#1246=ORIENTED_EDGE('',*,*,#2723,.F.);
#1247=ORIENTED_EDGE('',*,*,#2724,.F.);
#1248=ORIENTED_EDGE('',*,*,#2711,.T.);
#1249=ORIENTED_EDGE('',*,*,#2725,.T.);
#1250=ORIENTED_EDGE('',*,*,#2726,.F.);
#1251=ORIENTED_EDGE('',*,*,#2727,.F.);
#1252=ORIENTED_EDGE('',*,*,#2714,.T.);
#1253=ORIENTED_EDGE('',*,*,#2728,.T.);
#1254=ORIENTED_EDGE('',*,*,#2729,.F.);
#1255=ORIENTED_EDGE('',*,*,#2730,.F.);
#1256=ORIENTED_EDGE('',*,*,#2717,.T.);
#1257=ORIENTED_EDGE('',*,*,#2731,.F.);
#1258=ORIENTED_EDGE('',*,*,#2732,.F.);
#1259=ORIENTED_EDGE('',*,*,#2591,.T.);
#1260=ORIENTED_EDGE('',*,*,#2733,.T.);
#1261=ORIENTED_EDGE('',*,*,#2734,.T.);
#1262=ORIENTED_EDGE('',*,*,#2735,.T.);
#1263=ORIENTED_EDGE('',*,*,#2736,.T.);
#1264=ORIENTED_EDGE('',*,*,#2737,.T.);
#1265=ORIENTED_EDGE('',*,*,#2738,.T.);
#1266=ORIENTED_EDGE('',*,*,#2739,.F.);
#1267=ORIENTED_EDGE('',*,*,#2720,.T.);
#1268=ORIENTED_EDGE('',*,*,#2740,.T.);
#1269=ORIENTED_EDGE('',*,*,#2741,.F.);
#1270=ORIENTED_EDGE('',*,*,#2742,.F.);
#1271=ORIENTED_EDGE('',*,*,#2743,.T.);
#1272=ORIENTED_EDGE('',*,*,#2744,.T.);
#1273=ORIENTED_EDGE('',*,*,#2745,.T.);
#1274=ORIENTED_EDGE('',*,*,#2746,.F.);
#1275=ORIENTED_EDGE('',*,*,#2723,.T.);
#1276=ORIENTED_EDGE('',*,*,#2747,.T.);
#1277=ORIENTED_EDGE('',*,*,#2748,.F.);
#1278=ORIENTED_EDGE('',*,*,#2749,.F.);
#1279=ORIENTED_EDGE('',*,*,#2750,.T.);
#1280=ORIENTED_EDGE('',*,*,#2751,.T.);
#1281=ORIENTED_EDGE('',*,*,#2752,.T.);
#1282=ORIENTED_EDGE('',*,*,#2753,.F.);
#1283=ORIENTED_EDGE('',*,*,#2726,.T.);
#1284=ORIENTED_EDGE('',*,*,#2754,.T.);
#1285=ORIENTED_EDGE('',*,*,#2755,.F.);
#1286=ORIENTED_EDGE('',*,*,#2756,.F.);
#1287=ORIENTED_EDGE('',*,*,#2757,.T.);
#1288=ORIENTED_EDGE('',*,*,#2758,.T.);
#1289=ORIENTED_EDGE('',*,*,#2759,.T.);
#1290=ORIENTED_EDGE('',*,*,#2760,.F.);
#1291=ORIENTED_EDGE('',*,*,#2729,.T.);
#1292=ORIENTED_EDGE('',*,*,#2761,.T.);
#1293=ORIENTED_EDGE('',*,*,#2762,.F.);
#1294=ORIENTED_EDGE('',*,*,#2763,.F.);
#1295=ORIENTED_EDGE('',*,*,#2626,.F.);
#1296=ORIENTED_EDGE('',*,*,#2764,.T.);
#1297=ORIENTED_EDGE('',*,*,#2735,.F.);
#1298=ORIENTED_EDGE('',*,*,#2765,.F.);
#1299=ORIENTED_EDGE('',*,*,#2766,.F.);
#1300=ORIENTED_EDGE('',*,*,#2630,.F.);
#1301=ORIENTED_EDGE('',*,*,#2767,.T.);
#1302=ORIENTED_EDGE('',*,*,#2738,.F.);
#1303=ORIENTED_EDGE('',*,*,#2768,.F.);
#1304=ORIENTED_EDGE('',*,*,#2634,.F.);
#1305=ORIENTED_EDGE('',*,*,#2769,.T.);
#1306=ORIENTED_EDGE('',*,*,#2745,.F.);
#1307=ORIENTED_EDGE('',*,*,#2770,.F.);
#1308=ORIENTED_EDGE('',*,*,#2771,.F.);
#1309=ORIENTED_EDGE('',*,*,#2772,.T.);
#1310=ORIENTED_EDGE('',*,*,#2752,.F.);
#1311=ORIENTED_EDGE('',*,*,#2773,.F.);
#1312=ORIENTED_EDGE('',*,*,#2618,.F.);
#1313=ORIENTED_EDGE('',*,*,#2774,.T.);
#1314=ORIENTED_EDGE('',*,*,#2759,.F.);
#1315=ORIENTED_EDGE('',*,*,#2775,.F.);
#1316=ORIENTED_EDGE('',*,*,#2776,.T.);
#1317=ORIENTED_EDGE('',*,*,#2777,.F.);
#1318=ORIENTED_EDGE('',*,*,#2778,.F.);
#1319=ORIENTED_EDGE('',*,*,#2779,.T.);
#1320=ORIENTED_EDGE('',*,*,#2780,.T.);
#1321=ORIENTED_EDGE('',*,*,#2603,.T.);
#1322=ORIENTED_EDGE('',*,*,#2781,.T.);
#1323=ORIENTED_EDGE('',*,*,#2636,.F.);
#1324=ORIENTED_EDGE('',*,*,#2782,.F.);
#1325=ORIENTED_EDGE('',*,*,#2562,.F.);
#1326=ORIENTED_EDGE('',*,*,#2561,.F.);
#1327=ORIENTED_EDGE('',*,*,#2564,.F.);
#1328=ORIENTED_EDGE('',*,*,#2563,.F.);
#1329=ORIENTED_EDGE('',*,*,#2566,.F.);
#1330=ORIENTED_EDGE('',*,*,#2565,.F.);
#1331=ORIENTED_EDGE('',*,*,#2572,.F.);
#1332=ORIENTED_EDGE('',*,*,#2571,.F.);
#1333=ORIENTED_EDGE('',*,*,#2570,.F.);
#1334=ORIENTED_EDGE('',*,*,#2569,.F.);
#1335=ORIENTED_EDGE('',*,*,#2568,.F.);
#1336=ORIENTED_EDGE('',*,*,#2567,.F.);
#1337=ORIENTED_EDGE('',*,*,#2574,.F.);
#1338=ORIENTED_EDGE('',*,*,#2573,.F.);
#1339=ORIENTED_EDGE('',*,*,#2580,.F.);
#1340=ORIENTED_EDGE('',*,*,#2579,.F.);
#1341=ORIENTED_EDGE('',*,*,#2578,.F.);
#1342=ORIENTED_EDGE('',*,*,#2577,.F.);
#1343=ORIENTED_EDGE('',*,*,#2576,.F.);
#1344=ORIENTED_EDGE('',*,*,#2575,.F.);
#1345=ORIENTED_EDGE('',*,*,#2783,.F.);
#1346=ORIENTED_EDGE('',*,*,#2784,.F.);
#1347=ORIENTED_EDGE('',*,*,#2785,.F.);
#1348=ORIENTED_EDGE('',*,*,#2786,.F.);
#1349=ORIENTED_EDGE('',*,*,#2787,.T.);
#1350=ORIENTED_EDGE('',*,*,#2788,.F.);
#1351=ORIENTED_EDGE('',*,*,#2584,.F.);
#1352=ORIENTED_EDGE('',*,*,#2789,.T.);
#1353=ORIENTED_EDGE('',*,*,#2790,.T.);
#1354=ORIENTED_EDGE('',*,*,#2607,.T.);
#1355=ORIENTED_EDGE('',*,*,#2791,.F.);
#1356=ORIENTED_EDGE('',*,*,#2792,.T.);
#1357=ORIENTED_EDGE('',*,*,#2793,.F.);
#1358=ORIENTED_EDGE('',*,*,#2794,.F.);
#1359=ORIENTED_EDGE('',*,*,#2795,.T.);
#1360=ORIENTED_EDGE('',*,*,#2796,.T.);
#1361=ORIENTED_EDGE('',*,*,#2599,.T.);
#1362=ORIENTED_EDGE('',*,*,#2797,.T.);
#1363=ORIENTED_EDGE('',*,*,#2640,.F.);
#1364=ORIENTED_EDGE('',*,*,#2798,.F.);
#1365=ORIENTED_EDGE('',*,*,#2799,.F.);
#1366=ORIENTED_EDGE('',*,*,#2800,.T.);
#1367=ORIENTED_EDGE('',*,*,#2801,.F.);
#1368=ORIENTED_EDGE('',*,*,#2802,.F.);
#1369=ORIENTED_EDGE('',*,*,#2803,.T.);
#1370=ORIENTED_EDGE('',*,*,#2804,.T.);
#1371=ORIENTED_EDGE('',*,*,#2595,.T.);
#1372=ORIENTED_EDGE('',*,*,#2805,.T.);
#1373=ORIENTED_EDGE('',*,*,#2644,.F.);
#1374=ORIENTED_EDGE('',*,*,#2806,.F.);
#1375=ORIENTED_EDGE('',*,*,#2807,.F.);
#1376=ORIENTED_EDGE('',*,*,#2808,.T.);
#1377=ORIENTED_EDGE('',*,*,#2809,.F.);
#1378=ORIENTED_EDGE('',*,*,#2810,.F.);
#1379=ORIENTED_EDGE('',*,*,#2811,.T.);
#1380=ORIENTED_EDGE('',*,*,#2812,.T.);
#1381=ORIENTED_EDGE('',*,*,#2813,.T.);
#1382=ORIENTED_EDGE('',*,*,#2814,.T.);
#1383=ORIENTED_EDGE('',*,*,#2648,.F.);
#1384=ORIENTED_EDGE('',*,*,#2815,.F.);
#1385=ORIENTED_EDGE('',*,*,#2816,.F.);
#1386=ORIENTED_EDGE('',*,*,#2817,.T.);
#1387=ORIENTED_EDGE('',*,*,#2818,.F.);
#1388=ORIENTED_EDGE('',*,*,#2819,.F.);
#1389=ORIENTED_EDGE('',*,*,#2820,.T.);
#1390=ORIENTED_EDGE('',*,*,#2821,.T.);
#1391=ORIENTED_EDGE('',*,*,#2611,.T.);
#1392=ORIENTED_EDGE('',*,*,#2822,.T.);
#1393=ORIENTED_EDGE('',*,*,#2652,.F.);
#1394=ORIENTED_EDGE('',*,*,#2823,.F.);
#1395=ORIENTED_EDGE('',*,*,#2777,.T.);
#1396=ORIENTED_EDGE('',*,*,#2824,.T.);
#1397=ORIENTED_EDGE('',*,*,#2825,.F.);
#1398=ORIENTED_EDGE('',*,*,#2826,.F.);
#1399=ORIENTED_EDGE('',*,*,#2827,.F.);
#1400=ORIENTED_EDGE('',*,*,#2828,.F.);
#1401=ORIENTED_EDGE('',*,*,#2829,.F.);
#1402=ORIENTED_EDGE('',*,*,#2784,.T.);
#1403=ORIENTED_EDGE('',*,*,#2793,.T.);
#1404=ORIENTED_EDGE('',*,*,#2830,.T.);
#1405=ORIENTED_EDGE('',*,*,#2831,.F.);
#1406=ORIENTED_EDGE('',*,*,#2832,.F.);
#1407=ORIENTED_EDGE('',*,*,#2801,.T.);
#1408=ORIENTED_EDGE('',*,*,#2833,.T.);
#1409=ORIENTED_EDGE('',*,*,#2834,.F.);
#1410=ORIENTED_EDGE('',*,*,#2835,.F.);
#1411=ORIENTED_EDGE('',*,*,#2809,.T.);
#1412=ORIENTED_EDGE('',*,*,#2836,.T.);
#1413=ORIENTED_EDGE('',*,*,#2837,.F.);
#1414=ORIENTED_EDGE('',*,*,#2838,.F.);
#1415=ORIENTED_EDGE('',*,*,#2818,.T.);
#1416=ORIENTED_EDGE('',*,*,#2839,.T.);
#1417=ORIENTED_EDGE('',*,*,#2840,.F.);
#1418=ORIENTED_EDGE('',*,*,#2841,.F.);
#1419=ORIENTED_EDGE('',*,*,#2825,.T.);
#1420=ORIENTED_EDGE('',*,*,#2842,.T.);
#1421=ORIENTED_EDGE('',*,*,#2843,.F.);
#1422=ORIENTED_EDGE('',*,*,#2844,.F.);
#1423=ORIENTED_EDGE('',*,*,#2845,.F.);
#1424=ORIENTED_EDGE('',*,*,#2846,.F.);
#1425=ORIENTED_EDGE('',*,*,#2847,.F.);
#1426=ORIENTED_EDGE('',*,*,#2828,.T.);
#1427=ORIENTED_EDGE('',*,*,#2831,.T.);
#1428=ORIENTED_EDGE('',*,*,#2848,.T.);
#1429=ORIENTED_EDGE('',*,*,#2849,.F.);
#1430=ORIENTED_EDGE('',*,*,#2850,.F.);
#1431=ORIENTED_EDGE('',*,*,#2834,.T.);
#1432=ORIENTED_EDGE('',*,*,#2851,.T.);
#1433=ORIENTED_EDGE('',*,*,#2852,.F.);
#1434=ORIENTED_EDGE('',*,*,#2853,.F.);
#1435=ORIENTED_EDGE('',*,*,#2837,.T.);
#1436=ORIENTED_EDGE('',*,*,#2854,.T.);
#1437=ORIENTED_EDGE('',*,*,#2855,.F.);
#1438=ORIENTED_EDGE('',*,*,#2856,.F.);
#1439=ORIENTED_EDGE('',*,*,#2840,.T.);
#1440=ORIENTED_EDGE('',*,*,#2857,.T.);
#1441=ORIENTED_EDGE('',*,*,#2858,.F.);
#1442=ORIENTED_EDGE('',*,*,#2859,.F.);
#1443=ORIENTED_EDGE('',*,*,#2843,.T.);
#1444=ORIENTED_EDGE('',*,*,#2860,.T.);
#1445=ORIENTED_EDGE('',*,*,#2861,.F.);
#1446=ORIENTED_EDGE('',*,*,#2862,.F.);
#1447=ORIENTED_EDGE('',*,*,#2863,.F.);
#1448=ORIENTED_EDGE('',*,*,#2864,.F.);
#1449=ORIENTED_EDGE('',*,*,#2865,.F.);
#1450=ORIENTED_EDGE('',*,*,#2846,.T.);
#1451=ORIENTED_EDGE('',*,*,#2849,.T.);
#1452=ORIENTED_EDGE('',*,*,#2866,.T.);
#1453=ORIENTED_EDGE('',*,*,#2867,.F.);
#1454=ORIENTED_EDGE('',*,*,#2868,.F.);
#1455=ORIENTED_EDGE('',*,*,#2852,.T.);
#1456=ORIENTED_EDGE('',*,*,#2869,.T.);
#1457=ORIENTED_EDGE('',*,*,#2870,.F.);
#1458=ORIENTED_EDGE('',*,*,#2871,.F.);
#1459=ORIENTED_EDGE('',*,*,#2855,.T.);
#1460=ORIENTED_EDGE('',*,*,#2872,.T.);
#1461=ORIENTED_EDGE('',*,*,#2873,.F.);
#1462=ORIENTED_EDGE('',*,*,#2874,.F.);
#1463=ORIENTED_EDGE('',*,*,#2858,.T.);
#1464=ORIENTED_EDGE('',*,*,#2875,.T.);
#1465=ORIENTED_EDGE('',*,*,#2876,.F.);
#1466=ORIENTED_EDGE('',*,*,#2877,.F.);
#1467=ORIENTED_EDGE('',*,*,#2861,.T.);
#1468=ORIENTED_EDGE('',*,*,#2878,.T.);
#1469=ORIENTED_EDGE('',*,*,#2879,.F.);
#1470=ORIENTED_EDGE('',*,*,#2880,.F.);
#1471=ORIENTED_EDGE('',*,*,#2881,.F.);
#1472=ORIENTED_EDGE('',*,*,#2882,.F.);
#1473=ORIENTED_EDGE('',*,*,#2883,.F.);
#1474=ORIENTED_EDGE('',*,*,#2864,.T.);
#1475=ORIENTED_EDGE('',*,*,#2867,.T.);
#1476=ORIENTED_EDGE('',*,*,#2884,.T.);
#1477=ORIENTED_EDGE('',*,*,#2885,.F.);
#1478=ORIENTED_EDGE('',*,*,#2886,.F.);
#1479=ORIENTED_EDGE('',*,*,#2870,.T.);
#1480=ORIENTED_EDGE('',*,*,#2887,.T.);
#1481=ORIENTED_EDGE('',*,*,#2888,.F.);
#1482=ORIENTED_EDGE('',*,*,#2889,.F.);
#1483=ORIENTED_EDGE('',*,*,#2873,.T.);
#1484=ORIENTED_EDGE('',*,*,#2890,.T.);
#1485=ORIENTED_EDGE('',*,*,#2891,.F.);
#1486=ORIENTED_EDGE('',*,*,#2892,.F.);
#1487=ORIENTED_EDGE('',*,*,#2876,.T.);
#1488=ORIENTED_EDGE('',*,*,#2893,.T.);
#1489=ORIENTED_EDGE('',*,*,#2894,.F.);
#1490=ORIENTED_EDGE('',*,*,#2895,.F.);
#1491=ORIENTED_EDGE('',*,*,#2879,.T.);
#1492=ORIENTED_EDGE('',*,*,#2896,.T.);
#1493=ORIENTED_EDGE('',*,*,#2897,.F.);
#1494=ORIENTED_EDGE('',*,*,#2898,.F.);
#1495=ORIENTED_EDGE('',*,*,#2899,.F.);
#1496=ORIENTED_EDGE('',*,*,#2900,.F.);
#1497=ORIENTED_EDGE('',*,*,#2901,.F.);
#1498=ORIENTED_EDGE('',*,*,#2882,.T.);
#1499=ORIENTED_EDGE('',*,*,#2885,.T.);
#1500=ORIENTED_EDGE('',*,*,#2902,.T.);
#1501=ORIENTED_EDGE('',*,*,#2903,.F.);
#1502=ORIENTED_EDGE('',*,*,#2904,.F.);
#1503=ORIENTED_EDGE('',*,*,#2888,.T.);
#1504=ORIENTED_EDGE('',*,*,#2905,.T.);
#1505=ORIENTED_EDGE('',*,*,#2906,.F.);
#1506=ORIENTED_EDGE('',*,*,#2907,.F.);
#1507=ORIENTED_EDGE('',*,*,#2891,.T.);
#1508=ORIENTED_EDGE('',*,*,#2908,.T.);
#1509=ORIENTED_EDGE('',*,*,#2909,.F.);
#1510=ORIENTED_EDGE('',*,*,#2910,.F.);
#1511=ORIENTED_EDGE('',*,*,#2894,.T.);
#1512=ORIENTED_EDGE('',*,*,#2911,.T.);
#1513=ORIENTED_EDGE('',*,*,#2912,.F.);
#1514=ORIENTED_EDGE('',*,*,#2913,.F.);
#1515=ORIENTED_EDGE('',*,*,#2897,.T.);
#1516=ORIENTED_EDGE('',*,*,#2914,.T.);
#1517=ORIENTED_EDGE('',*,*,#2736,.F.);
#1518=ORIENTED_EDGE('',*,*,#2915,.F.);
#1519=ORIENTED_EDGE('',*,*,#2916,.F.);
#1520=ORIENTED_EDGE('',*,*,#2917,.F.);
#1521=ORIENTED_EDGE('',*,*,#2918,.F.);
#1522=ORIENTED_EDGE('',*,*,#2900,.T.);
#1523=ORIENTED_EDGE('',*,*,#2903,.T.);
#1524=ORIENTED_EDGE('',*,*,#2919,.T.);
#1525=ORIENTED_EDGE('',*,*,#2743,.F.);
#1526=ORIENTED_EDGE('',*,*,#2920,.F.);
#1527=ORIENTED_EDGE('',*,*,#2906,.T.);
#1528=ORIENTED_EDGE('',*,*,#2921,.T.);
#1529=ORIENTED_EDGE('',*,*,#2750,.F.);
#1530=ORIENTED_EDGE('',*,*,#2922,.F.);
#1531=ORIENTED_EDGE('',*,*,#2909,.T.);
#1532=ORIENTED_EDGE('',*,*,#2923,.T.);
#1533=ORIENTED_EDGE('',*,*,#2757,.F.);
#1534=ORIENTED_EDGE('',*,*,#2924,.F.);
#1535=ORIENTED_EDGE('',*,*,#2912,.T.);
#1536=ORIENTED_EDGE('',*,*,#2925,.T.);
#1537=ORIENTED_EDGE('',*,*,#2926,.F.);
#1538=ORIENTED_EDGE('',*,*,#2927,.F.);
#1539=ORIENTED_EDGE('',*,*,#2926,.T.);
#1540=ORIENTED_EDGE('',*,*,#2928,.T.);
#1541=ORIENTED_EDGE('',*,*,#2929,.T.);
#1542=ORIENTED_EDGE('',*,*,#2930,.F.);
#1543=ORIENTED_EDGE('',*,*,#2917,.T.);
#1544=ORIENTED_EDGE('',*,*,#2931,.F.);
#1545=ORIENTED_EDGE('',*,*,#2932,.F.);
#1546=ORIENTED_EDGE('',*,*,#2933,.F.);
#1547=ORIENTED_EDGE('',*,*,#2813,.F.);
#1548=ORIENTED_EDGE('',*,*,#2934,.F.);
#1549=ORIENTED_EDGE('',*,*,#2935,.T.);
#1550=ORIENTED_EDGE('',*,*,#2936,.T.);
#1551=ORIENTED_EDGE('',*,*,#2937,.T.);
#1552=ORIENTED_EDGE('',*,*,#2938,.T.);
#1553=ORIENTED_EDGE('',*,*,#2939,.F.);
#1554=ORIENTED_EDGE('',*,*,#2771,.T.);
#1555=ORIENTED_EDGE('',*,*,#2788,.T.);
#1556=ORIENTED_EDGE('',*,*,#2940,.T.);
#1557=ORIENTED_EDGE('',*,*,#2941,.F.);
#1558=ORIENTED_EDGE('',*,*,#2585,.F.);
#1559=ORIENTED_EDGE('',*,*,#2941,.T.);
#1560=ORIENTED_EDGE('',*,*,#2942,.T.);
#1561=ORIENTED_EDGE('',*,*,#2943,.F.);
#1562=ORIENTED_EDGE('',*,*,#2586,.F.);
#1563=ORIENTED_EDGE('',*,*,#2943,.T.);
#1564=ORIENTED_EDGE('',*,*,#2944,.T.);
#1565=ORIENTED_EDGE('',*,*,#2945,.F.);
#1566=ORIENTED_EDGE('',*,*,#2587,.T.);
#1567=ORIENTED_EDGE('',*,*,#2945,.T.);
#1568=ORIENTED_EDGE('',*,*,#2946,.T.);
#1569=ORIENTED_EDGE('',*,*,#2947,.F.);
#1570=ORIENTED_EDGE('',*,*,#2588,.T.);
#1571=ORIENTED_EDGE('',*,*,#2947,.T.);
#1572=ORIENTED_EDGE('',*,*,#2948,.T.);
#1573=ORIENTED_EDGE('',*,*,#2949,.F.);
#1574=ORIENTED_EDGE('',*,*,#2589,.T.);
#1575=ORIENTED_EDGE('',*,*,#2949,.T.);
#1576=ORIENTED_EDGE('',*,*,#2950,.T.);
#1577=ORIENTED_EDGE('',*,*,#2733,.F.);
#1578=ORIENTED_EDGE('',*,*,#2590,.F.);
#1579=ORIENTED_EDGE('',*,*,#2951,.F.);
#1580=ORIENTED_EDGE('',*,*,#2622,.F.);
#1581=ORIENTED_EDGE('',*,*,#2952,.T.);
#1582=ORIENTED_EDGE('',*,*,#2929,.F.);
#1583=ORIENTED_EDGE('',*,*,#2953,.F.);
#1584=ORIENTED_EDGE('',*,*,#2592,.T.);
#1585=ORIENTED_EDGE('',*,*,#2732,.T.);
#1586=ORIENTED_EDGE('',*,*,#2954,.F.);
#1587=ORIENTED_EDGE('',*,*,#2606,.F.);
#1588=ORIENTED_EDGE('',*,*,#2955,.T.);
#1589=ORIENTED_EDGE('',*,*,#2956,.T.);
#1590=ORIENTED_EDGE('',*,*,#2957,.T.);
#1591=ORIENTED_EDGE('',*,*,#2958,.T.);
#1592=ORIENTED_EDGE('',*,*,#2954,.T.);
#1593=ORIENTED_EDGE('',*,*,#2731,.T.);
#1594=ORIENTED_EDGE('',*,*,#2716,.F.);
#1595=ORIENTED_EDGE('',*,*,#2701,.T.);
#1596=ORIENTED_EDGE('',*,*,#2686,.T.);
#1597=ORIENTED_EDGE('',*,*,#2671,.T.);
#1598=ORIENTED_EDGE('',*,*,#2656,.F.);
#1599=ORIENTED_EDGE('',*,*,#2637,.F.);
#1600=ORIENTED_EDGE('',*,*,#2781,.F.);
#1601=ORIENTED_EDGE('',*,*,#2959,.T.);
#1602=ORIENTED_EDGE('',*,*,#2960,.T.);
#1603=ORIENTED_EDGE('',*,*,#2961,.T.);
#1604=ORIENTED_EDGE('',*,*,#2623,.F.);
#1605=ORIENTED_EDGE('',*,*,#2765,.T.);
#1606=ORIENTED_EDGE('',*,*,#2734,.F.);
#1607=ORIENTED_EDGE('',*,*,#2950,.F.);
#1608=ORIENTED_EDGE('',*,*,#2948,.F.);
#1609=ORIENTED_EDGE('',*,*,#2946,.F.);
#1610=ORIENTED_EDGE('',*,*,#2944,.F.);
#1611=ORIENTED_EDGE('',*,*,#2942,.F.);
#1612=ORIENTED_EDGE('',*,*,#2940,.F.);
#1613=ORIENTED_EDGE('',*,*,#2787,.F.);
#1614=ORIENTED_EDGE('',*,*,#2962,.T.);
#1615=ORIENTED_EDGE('',*,*,#2963,.F.);
#1616=ORIENTED_EDGE('',*,*,#2964,.F.);
#1617=ORIENTED_EDGE('',*,*,#2965,.F.);
#1618=ORIENTED_EDGE('',*,*,#2785,.T.);
#1619=ORIENTED_EDGE('',*,*,#2829,.T.);
#1620=ORIENTED_EDGE('',*,*,#2847,.T.);
#1621=ORIENTED_EDGE('',*,*,#2865,.T.);
#1622=ORIENTED_EDGE('',*,*,#2883,.T.);
#1623=ORIENTED_EDGE('',*,*,#2901,.T.);
#1624=ORIENTED_EDGE('',*,*,#2918,.T.);
#1625=ORIENTED_EDGE('',*,*,#2930,.T.);
#1626=ORIENTED_EDGE('',*,*,#2952,.F.);
#1627=ORIENTED_EDGE('',*,*,#2621,.T.);
#1628=ORIENTED_EDGE('',*,*,#2966,.F.);
#1629=ORIENTED_EDGE('',*,*,#2965,.T.);
#1630=ORIENTED_EDGE('',*,*,#2967,.T.);
#1631=ORIENTED_EDGE('',*,*,#2962,.F.);
#1632=ORIENTED_EDGE('',*,*,#2786,.T.);
#1633=ORIENTED_EDGE('',*,*,#2968,.F.);
#1634=ORIENTED_EDGE('',*,*,#2959,.F.);
#1635=ORIENTED_EDGE('',*,*,#2967,.F.);
#1636=ORIENTED_EDGE('',*,*,#2964,.T.);
#1637=ORIENTED_EDGE('',*,*,#2969,.T.);
#1638=ORIENTED_EDGE('',*,*,#2819,.T.);
#1639=ORIENTED_EDGE('',*,*,#2841,.T.);
#1640=ORIENTED_EDGE('',*,*,#2859,.T.);
#1641=ORIENTED_EDGE('',*,*,#2877,.T.);
#1642=ORIENTED_EDGE('',*,*,#2895,.T.);
#1643=ORIENTED_EDGE('',*,*,#2913,.T.);
#1644=ORIENTED_EDGE('',*,*,#2927,.T.);
#1645=ORIENTED_EDGE('',*,*,#2933,.T.);
#1646=ORIENTED_EDGE('',*,*,#2970,.T.);
#1647=ORIENTED_EDGE('',*,*,#2971,.F.);
#1648=ORIENTED_EDGE('',*,*,#2972,.F.);
#1649=ORIENTED_EDGE('',*,*,#2973,.F.);
#1650=ORIENTED_EDGE('',*,*,#2974,.T.);
#1651=ORIENTED_EDGE('',*,*,#2975,.F.);
#1652=ORIENTED_EDGE('',*,*,#2970,.F.);
#1653=ORIENTED_EDGE('',*,*,#2932,.T.);
#1654=ORIENTED_EDGE('',*,*,#2976,.T.);
#1655=ORIENTED_EDGE('',*,*,#2977,.F.);
#1656=ORIENTED_EDGE('',*,*,#2978,.F.);
#1657=ORIENTED_EDGE('',*,*,#2979,.F.);
#1658=ORIENTED_EDGE('',*,*,#2980,.F.);
#1659=ORIENTED_EDGE('',*,*,#2976,.F.);
#1660=ORIENTED_EDGE('',*,*,#2931,.T.);
#1661=ORIENTED_EDGE('',*,*,#2916,.T.);
#1662=ORIENTED_EDGE('',*,*,#2899,.T.);
#1663=ORIENTED_EDGE('',*,*,#2881,.T.);
#1664=ORIENTED_EDGE('',*,*,#2863,.T.);
#1665=ORIENTED_EDGE('',*,*,#2845,.T.);
#1666=ORIENTED_EDGE('',*,*,#2827,.T.);
#1667=ORIENTED_EDGE('',*,*,#2783,.T.);
#1668=ORIENTED_EDGE('',*,*,#2610,.T.);
#1669=ORIENTED_EDGE('',*,*,#2614,.F.);
#1670=ORIENTED_EDGE('',*,*,#2981,.T.);
#1671=ORIENTED_EDGE('',*,*,#2982,.T.);
#1672=ORIENTED_EDGE('',*,*,#2983,.T.);
#1673=ORIENTED_EDGE('',*,*,#2984,.T.);
#1674=ORIENTED_EDGE('',*,*,#2985,.F.);
#1675=ORIENTED_EDGE('',*,*,#2761,.F.);
#1676=ORIENTED_EDGE('',*,*,#2728,.F.);
#1677=ORIENTED_EDGE('',*,*,#2713,.F.);
#1678=ORIENTED_EDGE('',*,*,#2698,.F.);
#1679=ORIENTED_EDGE('',*,*,#2683,.F.);
#1680=ORIENTED_EDGE('',*,*,#2668,.F.);
#1681=ORIENTED_EDGE('',*,*,#2653,.F.);
#1682=ORIENTED_EDGE('',*,*,#2822,.F.);
#1683=ORIENTED_EDGE('',*,*,#2986,.T.);
#1684=ORIENTED_EDGE('',*,*,#2810,.T.);
#1685=ORIENTED_EDGE('',*,*,#2838,.T.);
#1686=ORIENTED_EDGE('',*,*,#2856,.T.);
#1687=ORIENTED_EDGE('',*,*,#2874,.T.);
#1688=ORIENTED_EDGE('',*,*,#2892,.T.);
#1689=ORIENTED_EDGE('',*,*,#2910,.T.);
#1690=ORIENTED_EDGE('',*,*,#2924,.T.);
#1691=ORIENTED_EDGE('',*,*,#2763,.T.);
#1692=ORIENTED_EDGE('',*,*,#2987,.T.);
#1693=ORIENTED_EDGE('',*,*,#2988,.F.);
#1694=ORIENTED_EDGE('',*,*,#2989,.F.);
#1695=ORIENTED_EDGE('',*,*,#2990,.F.);
#1696=ORIENTED_EDGE('',*,*,#2991,.T.);
#1697=ORIENTED_EDGE('',*,*,#2992,.F.);
#1698=ORIENTED_EDGE('',*,*,#2987,.F.);
#1699=ORIENTED_EDGE('',*,*,#2762,.T.);
#1700=ORIENTED_EDGE('',*,*,#2985,.T.);
#1701=ORIENTED_EDGE('',*,*,#2936,.F.);
#1702=ORIENTED_EDGE('',*,*,#2993,.T.);
#1703=ORIENTED_EDGE('',*,*,#2994,.T.);
#1704=ORIENTED_EDGE('',*,*,#2995,.T.);
#1705=ORIENTED_EDGE('',*,*,#2996,.T.);
#1706=ORIENTED_EDGE('',*,*,#2997,.F.);
#1707=ORIENTED_EDGE('',*,*,#2754,.F.);
#1708=ORIENTED_EDGE('',*,*,#2725,.F.);
#1709=ORIENTED_EDGE('',*,*,#2710,.F.);
#1710=ORIENTED_EDGE('',*,*,#2695,.F.);
#1711=ORIENTED_EDGE('',*,*,#2680,.F.);
#1712=ORIENTED_EDGE('',*,*,#2665,.F.);
#1713=ORIENTED_EDGE('',*,*,#2649,.F.);
#1714=ORIENTED_EDGE('',*,*,#2814,.F.);
#1715=ORIENTED_EDGE('',*,*,#2998,.T.);
#1716=ORIENTED_EDGE('',*,*,#2802,.T.);
#1717=ORIENTED_EDGE('',*,*,#2835,.T.);
#1718=ORIENTED_EDGE('',*,*,#2853,.T.);
#1719=ORIENTED_EDGE('',*,*,#2871,.T.);
#1720=ORIENTED_EDGE('',*,*,#2889,.T.);
#1721=ORIENTED_EDGE('',*,*,#2907,.T.);
#1722=ORIENTED_EDGE('',*,*,#2922,.T.);
#1723=ORIENTED_EDGE('',*,*,#2756,.T.);
#1724=ORIENTED_EDGE('',*,*,#2999,.T.);
#1725=ORIENTED_EDGE('',*,*,#3000,.F.);
#1726=ORIENTED_EDGE('',*,*,#3001,.F.);
#1727=ORIENTED_EDGE('',*,*,#3002,.F.);
#1728=ORIENTED_EDGE('',*,*,#3003,.T.);
#1729=ORIENTED_EDGE('',*,*,#3004,.F.);
#1730=ORIENTED_EDGE('',*,*,#2999,.F.);
#1731=ORIENTED_EDGE('',*,*,#2755,.T.);
#1732=ORIENTED_EDGE('',*,*,#2997,.T.);
#1733=ORIENTED_EDGE('',*,*,#2598,.F.);
#1734=ORIENTED_EDGE('',*,*,#3005,.T.);
#1735=ORIENTED_EDGE('',*,*,#3006,.T.);
#1736=ORIENTED_EDGE('',*,*,#3007,.T.);
#1737=ORIENTED_EDGE('',*,*,#3008,.T.);
#1738=ORIENTED_EDGE('',*,*,#3009,.F.);
#1739=ORIENTED_EDGE('',*,*,#2747,.F.);
#1740=ORIENTED_EDGE('',*,*,#2722,.F.);
#1741=ORIENTED_EDGE('',*,*,#2707,.F.);
#1742=ORIENTED_EDGE('',*,*,#2692,.F.);
#1743=ORIENTED_EDGE('',*,*,#2677,.F.);
#1744=ORIENTED_EDGE('',*,*,#2662,.F.);
#1745=ORIENTED_EDGE('',*,*,#2645,.F.);
#1746=ORIENTED_EDGE('',*,*,#2805,.F.);
#1747=ORIENTED_EDGE('',*,*,#3010,.T.);
#1748=ORIENTED_EDGE('',*,*,#2794,.T.);
#1749=ORIENTED_EDGE('',*,*,#2832,.T.);
#1750=ORIENTED_EDGE('',*,*,#2850,.T.);
#1751=ORIENTED_EDGE('',*,*,#2868,.T.);
#1752=ORIENTED_EDGE('',*,*,#2886,.T.);
#1753=ORIENTED_EDGE('',*,*,#2904,.T.);
#1754=ORIENTED_EDGE('',*,*,#2920,.T.);
#1755=ORIENTED_EDGE('',*,*,#2749,.T.);
#1756=ORIENTED_EDGE('',*,*,#3011,.T.);
#1757=ORIENTED_EDGE('',*,*,#3012,.F.);
#1758=ORIENTED_EDGE('',*,*,#3013,.F.);
#1759=ORIENTED_EDGE('',*,*,#3014,.F.);
#1760=ORIENTED_EDGE('',*,*,#3015,.T.);
#1761=ORIENTED_EDGE('',*,*,#3016,.F.);
#1762=ORIENTED_EDGE('',*,*,#3011,.F.);
#1763=ORIENTED_EDGE('',*,*,#2748,.T.);
#1764=ORIENTED_EDGE('',*,*,#3009,.T.);
#1765=ORIENTED_EDGE('',*,*,#3017,.F.);
#1766=ORIENTED_EDGE('',*,*,#3018,.F.);
#1767=ORIENTED_EDGE('',*,*,#2741,.T.);
#1768=ORIENTED_EDGE('',*,*,#3019,.T.);
#1769=ORIENTED_EDGE('',*,*,#2602,.F.);
#1770=ORIENTED_EDGE('',*,*,#3020,.T.);
#1771=ORIENTED_EDGE('',*,*,#3021,.T.);
#1772=ORIENTED_EDGE('',*,*,#3022,.T.);
#1773=ORIENTED_EDGE('',*,*,#3023,.T.);
#1774=ORIENTED_EDGE('',*,*,#3019,.F.);
#1775=ORIENTED_EDGE('',*,*,#2740,.F.);
#1776=ORIENTED_EDGE('',*,*,#2719,.F.);
#1777=ORIENTED_EDGE('',*,*,#2704,.F.);
#1778=ORIENTED_EDGE('',*,*,#2689,.F.);
#1779=ORIENTED_EDGE('',*,*,#2674,.F.);
#1780=ORIENTED_EDGE('',*,*,#2659,.F.);
#1781=ORIENTED_EDGE('',*,*,#2641,.F.);
#1782=ORIENTED_EDGE('',*,*,#2797,.F.);
#1783=ORIENTED_EDGE('',*,*,#3024,.T.);
#1784=ORIENTED_EDGE('',*,*,#2778,.T.);
#1785=ORIENTED_EDGE('',*,*,#2826,.T.);
#1786=ORIENTED_EDGE('',*,*,#2844,.T.);
#1787=ORIENTED_EDGE('',*,*,#2862,.T.);
#1788=ORIENTED_EDGE('',*,*,#2880,.T.);
#1789=ORIENTED_EDGE('',*,*,#2898,.T.);
#1790=ORIENTED_EDGE('',*,*,#2915,.T.);
#1791=ORIENTED_EDGE('',*,*,#2742,.T.);
#1792=ORIENTED_EDGE('',*,*,#3018,.T.);
#1793=ORIENTED_EDGE('',*,*,#3025,.F.);
#1794=ORIENTED_EDGE('',*,*,#3026,.F.);
#1795=ORIENTED_EDGE('',*,*,#3027,.F.);
#1796=ORIENTED_EDGE('',*,*,#3028,.T.);
#1797=ORIENTED_EDGE('',*,*,#3029,.F.);
#1798=ORIENTED_EDGE('',*,*,#3030,.T.);
#1799=ORIENTED_EDGE('',*,*,#3031,.T.);
#1800=ORIENTED_EDGE('',*,*,#2619,.F.);
#1801=ORIENTED_EDGE('',*,*,#2951,.T.);
#1802=ORIENTED_EDGE('',*,*,#2928,.F.);
#1803=ORIENTED_EDGE('',*,*,#2925,.F.);
#1804=ORIENTED_EDGE('',*,*,#2911,.F.);
#1805=ORIENTED_EDGE('',*,*,#2893,.F.);
#1806=ORIENTED_EDGE('',*,*,#2875,.F.);
#1807=ORIENTED_EDGE('',*,*,#2857,.F.);
#1808=ORIENTED_EDGE('',*,*,#2839,.F.);
#1809=ORIENTED_EDGE('',*,*,#2817,.F.);
#1810=ORIENTED_EDGE('',*,*,#3032,.F.);
#1811=ORIENTED_EDGE('',*,*,#3033,.F.);
#1812=ORIENTED_EDGE('',*,*,#3034,.T.);
#1813=ORIENTED_EDGE('',*,*,#3035,.T.);
#1814=ORIENTED_EDGE('',*,*,#2823,.T.);
#1815=ORIENTED_EDGE('',*,*,#2651,.T.);
#1816=ORIENTED_EDGE('',*,*,#2667,.T.);
#1817=ORIENTED_EDGE('',*,*,#2682,.T.);
#1818=ORIENTED_EDGE('',*,*,#2697,.T.);
#1819=ORIENTED_EDGE('',*,*,#2712,.T.);
#1820=ORIENTED_EDGE('',*,*,#2727,.T.);
#1821=ORIENTED_EDGE('',*,*,#2760,.T.);
#1822=ORIENTED_EDGE('',*,*,#2774,.F.);
#1823=ORIENTED_EDGE('',*,*,#2617,.T.);
#1824=ORIENTED_EDGE('',*,*,#3036,.F.);
#1825=ORIENTED_EDGE('',*,*,#3035,.F.);
#1826=ORIENTED_EDGE('',*,*,#3037,.F.);
#1827=ORIENTED_EDGE('',*,*,#3032,.T.);
#1828=ORIENTED_EDGE('',*,*,#2816,.T.);
#1829=ORIENTED_EDGE('',*,*,#3038,.F.);
#1830=ORIENTED_EDGE('',*,*,#3029,.T.);
#1831=ORIENTED_EDGE('',*,*,#3037,.T.);
#1832=ORIENTED_EDGE('',*,*,#3034,.F.);
#1833=ORIENTED_EDGE('',*,*,#3039,.F.);
#1834=ORIENTED_EDGE('',*,*,#3040,.T.);
#1835=ORIENTED_EDGE('',*,*,#3041,.T.);
#1836=ORIENTED_EDGE('',*,*,#2615,.F.);
#1837=ORIENTED_EDGE('',*,*,#2773,.T.);
#1838=ORIENTED_EDGE('',*,*,#2758,.F.);
#1839=ORIENTED_EDGE('',*,*,#2923,.F.);
#1840=ORIENTED_EDGE('',*,*,#2908,.F.);
#1841=ORIENTED_EDGE('',*,*,#2890,.F.);
#1842=ORIENTED_EDGE('',*,*,#2872,.F.);
#1843=ORIENTED_EDGE('',*,*,#2854,.F.);
#1844=ORIENTED_EDGE('',*,*,#2836,.F.);
#1845=ORIENTED_EDGE('',*,*,#2808,.F.);
#1846=ORIENTED_EDGE('',*,*,#3042,.F.);
#1847=ORIENTED_EDGE('',*,*,#3043,.F.);
#1848=ORIENTED_EDGE('',*,*,#3044,.T.);
#1849=ORIENTED_EDGE('',*,*,#3045,.T.);
#1850=ORIENTED_EDGE('',*,*,#2815,.T.);
#1851=ORIENTED_EDGE('',*,*,#2647,.T.);
#1852=ORIENTED_EDGE('',*,*,#2664,.T.);
#1853=ORIENTED_EDGE('',*,*,#2679,.T.);
#1854=ORIENTED_EDGE('',*,*,#2694,.T.);
#1855=ORIENTED_EDGE('',*,*,#2709,.T.);
#1856=ORIENTED_EDGE('',*,*,#2724,.T.);
#1857=ORIENTED_EDGE('',*,*,#2753,.T.);
#1858=ORIENTED_EDGE('',*,*,#2772,.F.);
#1859=ORIENTED_EDGE('',*,*,#2939,.T.);
#1860=ORIENTED_EDGE('',*,*,#3046,.F.);
#1861=ORIENTED_EDGE('',*,*,#3045,.F.);
#1862=ORIENTED_EDGE('',*,*,#3047,.F.);
#1863=ORIENTED_EDGE('',*,*,#3042,.T.);
#1864=ORIENTED_EDGE('',*,*,#2807,.T.);
#1865=ORIENTED_EDGE('',*,*,#3048,.F.);
#1866=ORIENTED_EDGE('',*,*,#3039,.T.);
#1867=ORIENTED_EDGE('',*,*,#3047,.T.);
#1868=ORIENTED_EDGE('',*,*,#3044,.F.);
#1869=ORIENTED_EDGE('',*,*,#3049,.F.);
#1870=ORIENTED_EDGE('',*,*,#3050,.T.);
#1871=ORIENTED_EDGE('',*,*,#3051,.T.);
#1872=ORIENTED_EDGE('',*,*,#2937,.F.);
#1873=ORIENTED_EDGE('',*,*,#2770,.T.);
#1874=ORIENTED_EDGE('',*,*,#2751,.F.);
#1875=ORIENTED_EDGE('',*,*,#2921,.F.);
#1876=ORIENTED_EDGE('',*,*,#2905,.F.);
#1877=ORIENTED_EDGE('',*,*,#2887,.F.);
#1878=ORIENTED_EDGE('',*,*,#2869,.F.);
#1879=ORIENTED_EDGE('',*,*,#2851,.F.);
#1880=ORIENTED_EDGE('',*,*,#2833,.F.);
#1881=ORIENTED_EDGE('',*,*,#2800,.F.);
#1882=ORIENTED_EDGE('',*,*,#3052,.F.);
#1883=ORIENTED_EDGE('',*,*,#3053,.F.);
#1884=ORIENTED_EDGE('',*,*,#3054,.T.);
#1885=ORIENTED_EDGE('',*,*,#3055,.T.);
#1886=ORIENTED_EDGE('',*,*,#2806,.T.);
#1887=ORIENTED_EDGE('',*,*,#2643,.T.);
#1888=ORIENTED_EDGE('',*,*,#2661,.T.);
#1889=ORIENTED_EDGE('',*,*,#2676,.T.);
#1890=ORIENTED_EDGE('',*,*,#2691,.T.);
#1891=ORIENTED_EDGE('',*,*,#2706,.T.);
#1892=ORIENTED_EDGE('',*,*,#2721,.T.);
#1893=ORIENTED_EDGE('',*,*,#2746,.T.);
#1894=ORIENTED_EDGE('',*,*,#2769,.F.);
#1895=ORIENTED_EDGE('',*,*,#2633,.T.);
#1896=ORIENTED_EDGE('',*,*,#3056,.F.);
#1897=ORIENTED_EDGE('',*,*,#3055,.F.);
#1898=ORIENTED_EDGE('',*,*,#3057,.F.);
#1899=ORIENTED_EDGE('',*,*,#3052,.T.);
#1900=ORIENTED_EDGE('',*,*,#2799,.T.);
#1901=ORIENTED_EDGE('',*,*,#3058,.F.);
#1902=ORIENTED_EDGE('',*,*,#3049,.T.);
#1903=ORIENTED_EDGE('',*,*,#3057,.T.);
#1904=ORIENTED_EDGE('',*,*,#3054,.F.);
#1905=ORIENTED_EDGE('',*,*,#3059,.F.);
#1906=ORIENTED_EDGE('',*,*,#3060,.T.);
#1907=ORIENTED_EDGE('',*,*,#3061,.T.);
#1908=ORIENTED_EDGE('',*,*,#2631,.F.);
#1909=ORIENTED_EDGE('',*,*,#2768,.T.);
#1910=ORIENTED_EDGE('',*,*,#2744,.F.);
#1911=ORIENTED_EDGE('',*,*,#2919,.F.);
#1912=ORIENTED_EDGE('',*,*,#2902,.F.);
#1913=ORIENTED_EDGE('',*,*,#2884,.F.);
#1914=ORIENTED_EDGE('',*,*,#2866,.F.);
#1915=ORIENTED_EDGE('',*,*,#2848,.F.);
#1916=ORIENTED_EDGE('',*,*,#2830,.F.);
#1917=ORIENTED_EDGE('',*,*,#2792,.F.);
#1918=ORIENTED_EDGE('',*,*,#3062,.F.);
#1919=ORIENTED_EDGE('',*,*,#3063,.F.);
#1920=ORIENTED_EDGE('',*,*,#3064,.T.);
#1921=ORIENTED_EDGE('',*,*,#3065,.T.);
#1922=ORIENTED_EDGE('',*,*,#2798,.T.);
#1923=ORIENTED_EDGE('',*,*,#2639,.T.);
#1924=ORIENTED_EDGE('',*,*,#2658,.T.);
#1925=ORIENTED_EDGE('',*,*,#2673,.T.);
#1926=ORIENTED_EDGE('',*,*,#2688,.T.);
#1927=ORIENTED_EDGE('',*,*,#2703,.T.);
#1928=ORIENTED_EDGE('',*,*,#2718,.T.);
#1929=ORIENTED_EDGE('',*,*,#2739,.T.);
#1930=ORIENTED_EDGE('',*,*,#2767,.F.);
#1931=ORIENTED_EDGE('',*,*,#2629,.T.);
#1932=ORIENTED_EDGE('',*,*,#3066,.F.);
#1933=ORIENTED_EDGE('',*,*,#3065,.F.);
#1934=ORIENTED_EDGE('',*,*,#3067,.F.);
#1935=ORIENTED_EDGE('',*,*,#3062,.T.);
#1936=ORIENTED_EDGE('',*,*,#2791,.T.);
#1937=ORIENTED_EDGE('',*,*,#3068,.F.);
#1938=ORIENTED_EDGE('',*,*,#3059,.T.);
#1939=ORIENTED_EDGE('',*,*,#3067,.T.);
#1940=ORIENTED_EDGE('',*,*,#3064,.F.);
#1941=ORIENTED_EDGE('',*,*,#3069,.F.);
#1942=ORIENTED_EDGE('',*,*,#3070,.T.);
#1943=ORIENTED_EDGE('',*,*,#3071,.T.);
#1944=ORIENTED_EDGE('',*,*,#2627,.F.);
#1945=ORIENTED_EDGE('',*,*,#2766,.T.);
#1946=ORIENTED_EDGE('',*,*,#2737,.F.);
#1947=ORIENTED_EDGE('',*,*,#2914,.F.);
#1948=ORIENTED_EDGE('',*,*,#2896,.F.);
#1949=ORIENTED_EDGE('',*,*,#2878,.F.);
#1950=ORIENTED_EDGE('',*,*,#2860,.F.);
#1951=ORIENTED_EDGE('',*,*,#2842,.F.);
#1952=ORIENTED_EDGE('',*,*,#2824,.F.);
#1953=ORIENTED_EDGE('',*,*,#2776,.F.);
#1954=ORIENTED_EDGE('',*,*,#3072,.F.);
#1955=ORIENTED_EDGE('',*,*,#3073,.F.);
#1956=ORIENTED_EDGE('',*,*,#3074,.T.);
#1957=ORIENTED_EDGE('',*,*,#3075,.T.);
#1958=ORIENTED_EDGE('',*,*,#2782,.T.);
#1959=ORIENTED_EDGE('',*,*,#2635,.T.);
#1960=ORIENTED_EDGE('',*,*,#2655,.T.);
#1961=ORIENTED_EDGE('',*,*,#2670,.T.);
#1962=ORIENTED_EDGE('',*,*,#2685,.T.);
#1963=ORIENTED_EDGE('',*,*,#2700,.T.);
#1964=ORIENTED_EDGE('',*,*,#2715,.T.);
#1965=ORIENTED_EDGE('',*,*,#2730,.T.);
#1966=ORIENTED_EDGE('',*,*,#2764,.F.);
#1967=ORIENTED_EDGE('',*,*,#2625,.T.);
#1968=ORIENTED_EDGE('',*,*,#3076,.F.);
#1969=ORIENTED_EDGE('',*,*,#3075,.F.);
#1970=ORIENTED_EDGE('',*,*,#3077,.F.);
#1971=ORIENTED_EDGE('',*,*,#3072,.T.);
#1972=ORIENTED_EDGE('',*,*,#2775,.T.);
#1973=ORIENTED_EDGE('',*,*,#3078,.F.);
#1974=ORIENTED_EDGE('',*,*,#3069,.T.);
#1975=ORIENTED_EDGE('',*,*,#3077,.T.);
#1976=ORIENTED_EDGE('',*,*,#3074,.F.);
#1977=ORIENTED_EDGE('',*,*,#3079,.F.);
#1978=ORIENTED_EDGE('',*,*,#3076,.T.);
#1979=ORIENTED_EDGE('',*,*,#2624,.F.);
#1980=ORIENTED_EDGE('',*,*,#2961,.F.);
#1981=ORIENTED_EDGE('',*,*,#3080,.F.);
#1982=ORIENTED_EDGE('',*,*,#2593,.T.);
#1983=ORIENTED_EDGE('',*,*,#2953,.T.);
#1984=ORIENTED_EDGE('',*,*,#2958,.F.);
#1985=ORIENTED_EDGE('',*,*,#3081,.F.);
#1986=ORIENTED_EDGE('',*,*,#3036,.T.);
#1987=ORIENTED_EDGE('',*,*,#2616,.F.);
#1988=ORIENTED_EDGE('',*,*,#3041,.F.);
#1989=ORIENTED_EDGE('',*,*,#3082,.F.);
#1990=ORIENTED_EDGE('',*,*,#2988,.T.);
#1991=ORIENTED_EDGE('',*,*,#2992,.T.);
#1992=ORIENTED_EDGE('',*,*,#2984,.F.);
#1993=ORIENTED_EDGE('',*,*,#3083,.F.);
#1994=ORIENTED_EDGE('',*,*,#3046,.T.);
#1995=ORIENTED_EDGE('',*,*,#2938,.F.);
#1996=ORIENTED_EDGE('',*,*,#3051,.F.);
#1997=ORIENTED_EDGE('',*,*,#3084,.F.);
#1998=ORIENTED_EDGE('',*,*,#3000,.T.);
#1999=ORIENTED_EDGE('',*,*,#3004,.T.);
#2000=ORIENTED_EDGE('',*,*,#2996,.F.);
#2001=ORIENTED_EDGE('',*,*,#3085,.F.);
#2002=ORIENTED_EDGE('',*,*,#3056,.T.);
#2003=ORIENTED_EDGE('',*,*,#2632,.F.);
#2004=ORIENTED_EDGE('',*,*,#3061,.F.);
#2005=ORIENTED_EDGE('',*,*,#3086,.F.);
#2006=ORIENTED_EDGE('',*,*,#3012,.T.);
#2007=ORIENTED_EDGE('',*,*,#3016,.T.);
#2008=ORIENTED_EDGE('',*,*,#3008,.F.);
#2009=ORIENTED_EDGE('',*,*,#3087,.F.);
#2010=ORIENTED_EDGE('',*,*,#3066,.T.);
#2011=ORIENTED_EDGE('',*,*,#2628,.F.);
#2012=ORIENTED_EDGE('',*,*,#3071,.F.);
#2013=ORIENTED_EDGE('',*,*,#3088,.F.);
#2014=ORIENTED_EDGE('',*,*,#3025,.T.);
#2015=ORIENTED_EDGE('',*,*,#3017,.T.);
#2016=ORIENTED_EDGE('',*,*,#3023,.F.);
#2017=ORIENTED_EDGE('',*,*,#2966,.T.);
#2018=ORIENTED_EDGE('',*,*,#2620,.F.);
#2019=ORIENTED_EDGE('',*,*,#3031,.F.);
#2020=ORIENTED_EDGE('',*,*,#3089,.F.);
#2021=ORIENTED_EDGE('',*,*,#2971,.T.);
#2022=ORIENTED_EDGE('',*,*,#2975,.T.);
#2023=ORIENTED_EDGE('',*,*,#2980,.T.);
#2024=ORIENTED_EDGE('',*,*,#3090,.F.);
#2025=ORIENTED_EDGE('',*,*,#2979,.T.);
#2026=ORIENTED_EDGE('',*,*,#3091,.T.);
#2027=ORIENTED_EDGE('',*,*,#2594,.T.);
#2028=ORIENTED_EDGE('',*,*,#3080,.T.);
#2029=ORIENTED_EDGE('',*,*,#2960,.F.);
#2030=ORIENTED_EDGE('',*,*,#2968,.T.);
#2031=ORIENTED_EDGE('',*,*,#2963,.T.);
#2032=ORIENTED_EDGE('',*,*,#3090,.T.);
#2033=ORIENTED_EDGE('',*,*,#2983,.F.);
#2034=ORIENTED_EDGE('',*,*,#3092,.T.);
#2035=ORIENTED_EDGE('',*,*,#2972,.T.);
#2036=ORIENTED_EDGE('',*,*,#3089,.T.);
#2037=ORIENTED_EDGE('',*,*,#3030,.F.);
#2038=ORIENTED_EDGE('',*,*,#3038,.T.);
#2039=ORIENTED_EDGE('',*,*,#3033,.T.);
#2040=ORIENTED_EDGE('',*,*,#3081,.T.);
#2041=ORIENTED_EDGE('',*,*,#2995,.F.);
#2042=ORIENTED_EDGE('',*,*,#3093,.T.);
#2043=ORIENTED_EDGE('',*,*,#2989,.T.);
#2044=ORIENTED_EDGE('',*,*,#3082,.T.);
#2045=ORIENTED_EDGE('',*,*,#3040,.F.);
#2046=ORIENTED_EDGE('',*,*,#3048,.T.);
#2047=ORIENTED_EDGE('',*,*,#3043,.T.);
#2048=ORIENTED_EDGE('',*,*,#3083,.T.);
#2049=ORIENTED_EDGE('',*,*,#3007,.F.);
#2050=ORIENTED_EDGE('',*,*,#3094,.T.);
#2051=ORIENTED_EDGE('',*,*,#3001,.T.);
#2052=ORIENTED_EDGE('',*,*,#3084,.T.);
#2053=ORIENTED_EDGE('',*,*,#3050,.F.);
#2054=ORIENTED_EDGE('',*,*,#3058,.T.);
#2055=ORIENTED_EDGE('',*,*,#3053,.T.);
#2056=ORIENTED_EDGE('',*,*,#3085,.T.);
#2057=ORIENTED_EDGE('',*,*,#2957,.F.);
#2058=ORIENTED_EDGE('',*,*,#3095,.T.);
#2059=ORIENTED_EDGE('',*,*,#3026,.T.);
#2060=ORIENTED_EDGE('',*,*,#3088,.T.);
#2061=ORIENTED_EDGE('',*,*,#3070,.F.);
#2062=ORIENTED_EDGE('',*,*,#3078,.T.);
#2063=ORIENTED_EDGE('',*,*,#3073,.T.);
#2064=ORIENTED_EDGE('',*,*,#3079,.T.);
#2065=ORIENTED_EDGE('',*,*,#3022,.F.);
#2066=ORIENTED_EDGE('',*,*,#3096,.T.);
#2067=ORIENTED_EDGE('',*,*,#3013,.T.);
#2068=ORIENTED_EDGE('',*,*,#3086,.T.);
#2069=ORIENTED_EDGE('',*,*,#3060,.F.);
#2070=ORIENTED_EDGE('',*,*,#3068,.T.);
#2071=ORIENTED_EDGE('',*,*,#3063,.T.);
#2072=ORIENTED_EDGE('',*,*,#3087,.T.);
#2073=ORIENTED_EDGE('',*,*,#3014,.T.);
#2074=ORIENTED_EDGE('',*,*,#3096,.F.);
#2075=ORIENTED_EDGE('',*,*,#3021,.F.);
#2076=ORIENTED_EDGE('',*,*,#3097,.F.);
#2077=ORIENTED_EDGE('',*,*,#2601,.F.);
#2078=ORIENTED_EDGE('',*,*,#3098,.F.);
#2079=ORIENTED_EDGE('',*,*,#3099,.F.);
#2080=ORIENTED_EDGE('',*,*,#3015,.F.);
#2081=ORIENTED_EDGE('',*,*,#3097,.T.);
#2082=ORIENTED_EDGE('',*,*,#3020,.F.);
#2083=ORIENTED_EDGE('',*,*,#3100,.F.);
#2084=ORIENTED_EDGE('',*,*,#3027,.T.);
#2085=ORIENTED_EDGE('',*,*,#3095,.F.);
#2086=ORIENTED_EDGE('',*,*,#2956,.F.);
#2087=ORIENTED_EDGE('',*,*,#2605,.F.);
#2088=ORIENTED_EDGE('',*,*,#3101,.F.);
#2089=ORIENTED_EDGE('',*,*,#3102,.F.);
#2090=ORIENTED_EDGE('',*,*,#3028,.F.);
#2091=ORIENTED_EDGE('',*,*,#3100,.T.);
#2092=ORIENTED_EDGE('',*,*,#2955,.F.);
#2093=ORIENTED_EDGE('',*,*,#3002,.T.);
#2094=ORIENTED_EDGE('',*,*,#3094,.F.);
#2095=ORIENTED_EDGE('',*,*,#3006,.F.);
#2096=ORIENTED_EDGE('',*,*,#3103,.F.);
#2097=ORIENTED_EDGE('',*,*,#2597,.F.);
#2098=ORIENTED_EDGE('',*,*,#3104,.F.);
#2099=ORIENTED_EDGE('',*,*,#3105,.F.);
#2100=ORIENTED_EDGE('',*,*,#3003,.F.);
#2101=ORIENTED_EDGE('',*,*,#3103,.T.);
#2102=ORIENTED_EDGE('',*,*,#3005,.F.);
#2103=ORIENTED_EDGE('',*,*,#2990,.T.);
#2104=ORIENTED_EDGE('',*,*,#3093,.F.);
#2105=ORIENTED_EDGE('',*,*,#2994,.F.);
#2106=ORIENTED_EDGE('',*,*,#3106,.F.);
#2107=ORIENTED_EDGE('',*,*,#2935,.F.);
#2108=ORIENTED_EDGE('',*,*,#3107,.F.);
#2109=ORIENTED_EDGE('',*,*,#3108,.F.);
#2110=ORIENTED_EDGE('',*,*,#2991,.F.);
#2111=ORIENTED_EDGE('',*,*,#3106,.T.);
#2112=ORIENTED_EDGE('',*,*,#2993,.F.);
#2113=ORIENTED_EDGE('',*,*,#2973,.T.);
#2114=ORIENTED_EDGE('',*,*,#3092,.F.);
#2115=ORIENTED_EDGE('',*,*,#2982,.F.);
#2116=ORIENTED_EDGE('',*,*,#3109,.F.);
#2117=ORIENTED_EDGE('',*,*,#2613,.F.);
#2118=ORIENTED_EDGE('',*,*,#3110,.F.);
#2119=ORIENTED_EDGE('',*,*,#3111,.F.);
#2120=ORIENTED_EDGE('',*,*,#2974,.F.);
#2121=ORIENTED_EDGE('',*,*,#3109,.T.);
#2122=ORIENTED_EDGE('',*,*,#2981,.F.);
#2123=ORIENTED_EDGE('',*,*,#2609,.F.);
#2124=ORIENTED_EDGE('',*,*,#3112,.F.);
#2125=ORIENTED_EDGE('',*,*,#3113,.F.);
#2126=ORIENTED_EDGE('',*,*,#2582,.T.);
#2127=ORIENTED_EDGE('',*,*,#3114,.T.);
#2128=ORIENTED_EDGE('',*,*,#2977,.T.);
#2129=ORIENTED_EDGE('',*,*,#2581,.T.);
#2130=ORIENTED_EDGE('',*,*,#3091,.F.);
#2131=ORIENTED_EDGE('',*,*,#2978,.T.);
#2132=ORIENTED_EDGE('',*,*,#3114,.F.);
#2133=ORIENTED_EDGE('',*,*,#2790,.F.);
#2134=ORIENTED_EDGE('',*,*,#3115,.F.);
#2135=ORIENTED_EDGE('',*,*,#3112,.T.);
#2136=ORIENTED_EDGE('',*,*,#2608,.T.);
#2137=ORIENTED_EDGE('',*,*,#2789,.F.);
#2138=ORIENTED_EDGE('',*,*,#2583,.F.);
#2139=ORIENTED_EDGE('',*,*,#3113,.T.);
#2140=ORIENTED_EDGE('',*,*,#3115,.T.);
#2141=ORIENTED_EDGE('',*,*,#2821,.F.);
#2142=ORIENTED_EDGE('',*,*,#3116,.F.);
#2143=ORIENTED_EDGE('',*,*,#3110,.T.);
#2144=ORIENTED_EDGE('',*,*,#2612,.T.);
#2145=ORIENTED_EDGE('',*,*,#2820,.F.);
#2146=ORIENTED_EDGE('',*,*,#2969,.F.);
#2147=ORIENTED_EDGE('',*,*,#3111,.T.);
#2148=ORIENTED_EDGE('',*,*,#3116,.T.);
#2149=ORIENTED_EDGE('',*,*,#2812,.F.);
#2150=ORIENTED_EDGE('',*,*,#3117,.F.);
#2151=ORIENTED_EDGE('',*,*,#3107,.T.);
#2152=ORIENTED_EDGE('',*,*,#2934,.T.);
#2153=ORIENTED_EDGE('',*,*,#2811,.F.);
#2154=ORIENTED_EDGE('',*,*,#2986,.F.);
#2155=ORIENTED_EDGE('',*,*,#3108,.T.);
#2156=ORIENTED_EDGE('',*,*,#3117,.T.);
#2157=ORIENTED_EDGE('',*,*,#2804,.F.);
#2158=ORIENTED_EDGE('',*,*,#3118,.F.);
#2159=ORIENTED_EDGE('',*,*,#3104,.T.);
#2160=ORIENTED_EDGE('',*,*,#2596,.T.);
#2161=ORIENTED_EDGE('',*,*,#2803,.F.);
#2162=ORIENTED_EDGE('',*,*,#2998,.F.);
#2163=ORIENTED_EDGE('',*,*,#3105,.T.);
#2164=ORIENTED_EDGE('',*,*,#3118,.T.);
#2165=ORIENTED_EDGE('',*,*,#2780,.F.);
#2166=ORIENTED_EDGE('',*,*,#3119,.F.);
#2167=ORIENTED_EDGE('',*,*,#3101,.T.);
#2168=ORIENTED_EDGE('',*,*,#2604,.T.);
#2169=ORIENTED_EDGE('',*,*,#2779,.F.);
#2170=ORIENTED_EDGE('',*,*,#3024,.F.);
#2171=ORIENTED_EDGE('',*,*,#3102,.T.);
#2172=ORIENTED_EDGE('',*,*,#3119,.T.);
#2173=ORIENTED_EDGE('',*,*,#2796,.F.);
#2174=ORIENTED_EDGE('',*,*,#3120,.F.);
#2175=ORIENTED_EDGE('',*,*,#3098,.T.);
#2176=ORIENTED_EDGE('',*,*,#2600,.T.);
#2177=ORIENTED_EDGE('',*,*,#2795,.F.);
#2178=ORIENTED_EDGE('',*,*,#3010,.F.);
#2179=ORIENTED_EDGE('',*,*,#3099,.T.);
#2180=ORIENTED_EDGE('',*,*,#3120,.T.);
#2181=VERTEX_POINT('',#5004);
#2182=VERTEX_POINT('',#5005);
#2183=VERTEX_POINT('',#5007);
#2184=VERTEX_POINT('',#5009);
#2185=VERTEX_POINT('',#5016);
#2186=VERTEX_POINT('',#5017);
#2187=VERTEX_POINT('',#5032);
#2188=VERTEX_POINT('',#5034);
#2189=VERTEX_POINT('',#5049);
#2190=VERTEX_POINT('',#5064);
#2191=VERTEX_POINT('',#5066);
#2192=VERTEX_POINT('',#5081);
#2193=VERTEX_POINT('',#5094);
#2194=VERTEX_POINT('',#5095);
#2195=VERTEX_POINT('',#5104);
#2196=VERTEX_POINT('',#5106);
#2197=VERTEX_POINT('',#5108);
#2198=VERTEX_POINT('',#5110);
#2199=VERTEX_POINT('',#5131);
#2200=VERTEX_POINT('',#5133);
#2201=VERTEX_POINT('',#5140);
#2202=VERTEX_POINT('',#5141);
#2203=VERTEX_POINT('',#5143);
#2204=VERTEX_POINT('',#5145);
#2205=VERTEX_POINT('',#5147);
#2206=VERTEX_POINT('',#5155);
#2207=VERTEX_POINT('',#5178);
#2208=VERTEX_POINT('',#5180);
#2209=VERTEX_POINT('',#5182);
#2210=VERTEX_POINT('',#5184);
#2211=VERTEX_POINT('',#5204);
#2212=VERTEX_POINT('',#5212);
#2213=VERTEX_POINT('',#5214);
#2214=VERTEX_POINT('',#5216);
#2215=VERTEX_POINT('',#5220);
#2216=VERTEX_POINT('',#5221);
#2217=VERTEX_POINT('',#5223);
#2218=VERTEX_POINT('',#5225);
#2219=VERTEX_POINT('',#5229);
#2220=VERTEX_POINT('',#5230);
#2221=VERTEX_POINT('',#5232);
#2222=VERTEX_POINT('',#5234);
#2223=VERTEX_POINT('',#5238);
#2224=VERTEX_POINT('',#5239);
#2225=VERTEX_POINT('',#5241);
#2226=VERTEX_POINT('',#5243);
#2227=VERTEX_POINT('',#5247);
#2228=VERTEX_POINT('',#5248);
#2229=VERTEX_POINT('',#5250);
#2230=VERTEX_POINT('',#5252);
#2231=VERTEX_POINT('',#5256);
#2232=VERTEX_POINT('',#5257);
#2233=VERTEX_POINT('',#5259);
#2234=VERTEX_POINT('',#5261);
#2235=VERTEX_POINT('',#5265);
#2236=VERTEX_POINT('',#5266);
#2237=VERTEX_POINT('',#5268);
#2238=VERTEX_POINT('',#5270);
#2239=VERTEX_POINT('',#5274);
#2240=VERTEX_POINT('',#5275);
#2241=VERTEX_POINT('',#5277);
#2242=VERTEX_POINT('',#5279);
#2243=VERTEX_POINT('',#5283);
#2244=VERTEX_POINT('',#5284);
#2245=VERTEX_POINT('',#5286);
#2246=VERTEX_POINT('',#5288);
#2247=VERTEX_POINT('',#5292);
#2248=VERTEX_POINT('',#5293);
#2249=VERTEX_POINT('',#5295);
#2250=VERTEX_POINT('',#5297);
#2251=VERTEX_POINT('',#5301);
#2252=VERTEX_POINT('',#5302);
#2253=VERTEX_POINT('',#5304);
#2254=VERTEX_POINT('',#5306);
#2255=VERTEX_POINT('',#5313);
#2256=VERTEX_POINT('',#5314);
#2257=VERTEX_POINT('',#5316);
#2258=VERTEX_POINT('',#5324);
#2259=VERTEX_POINT('',#5334);
#2260=VERTEX_POINT('',#5335);
#2261=VERTEX_POINT('',#5337);
#2262=VERTEX_POINT('',#5342);
#2263=VERTEX_POINT('',#5349);
#2264=VERTEX_POINT('',#5350);
#2265=VERTEX_POINT('',#5352);
#2266=VERTEX_POINT('',#5357);
#2267=VERTEX_POINT('',#5364);
#2268=VERTEX_POINT('',#5365);
#2269=VERTEX_POINT('',#5367);
#2270=VERTEX_POINT('',#5372);
#2271=VERTEX_POINT('',#5382);
#2272=VERTEX_POINT('',#5383);
#2273=VERTEX_POINT('',#5385);
#2274=VERTEX_POINT('',#5390);
#2275=VERTEX_POINT('',#5415);
#2276=VERTEX_POINT('',#5438);
#2277=VERTEX_POINT('',#5466);
#2278=VERTEX_POINT('',#5489);
#2279=VERTEX_POINT('',#5514);
#2280=VERTEX_POINT('',#5537);
#2281=VERTEX_POINT('',#5562);
#2282=VERTEX_POINT('',#5588);
#2283=VERTEX_POINT('',#5613);
#2284=VERTEX_POINT('',#5636);
#2285=VERTEX_POINT('',#5640);
#2286=VERTEX_POINT('',#5642);
#2287=VERTEX_POINT('',#5646);
#2288=VERTEX_POINT('',#5648);
#2289=VERTEX_POINT('',#5652);
#2290=VERTEX_POINT('',#5654);
#2291=VERTEX_POINT('',#5658);
#2292=VERTEX_POINT('',#5660);
#2293=VERTEX_POINT('',#5664);
#2294=VERTEX_POINT('',#5666);
#2295=VERTEX_POINT('',#5670);
#2296=VERTEX_POINT('',#5672);
#2297=VERTEX_POINT('',#5676);
#2298=VERTEX_POINT('',#5678);
#2299=VERTEX_POINT('',#5682);
#2300=VERTEX_POINT('',#5684);
#2301=VERTEX_POINT('',#5688);
#2302=VERTEX_POINT('',#5690);
#2303=VERTEX_POINT('',#5694);
#2304=VERTEX_POINT('',#5696);
#2305=VERTEX_POINT('',#5700);
#2306=VERTEX_POINT('',#5702);
#2307=VERTEX_POINT('',#5706);
#2308=VERTEX_POINT('',#5708);
#2309=VERTEX_POINT('',#5712);
#2310=VERTEX_POINT('',#5714);
#2311=VERTEX_POINT('',#5718);
#2312=VERTEX_POINT('',#5720);
#2313=VERTEX_POINT('',#5724);
#2314=VERTEX_POINT('',#5726);
#2315=VERTEX_POINT('',#5748);
#2316=VERTEX_POINT('',#5768);
#2317=VERTEX_POINT('',#5793);
#2318=VERTEX_POINT('',#5813);
#2319=VERTEX_POINT('',#5835);
#2320=VERTEX_POINT('',#5855);
#2321=VERTEX_POINT('',#5877);
#2322=VERTEX_POINT('',#5897);
#2323=VERTEX_POINT('',#5919);
#2324=VERTEX_POINT('',#5939);
#2325=VERTEX_POINT('',#5946);
#2326=VERTEX_POINT('',#5954);
#2327=VERTEX_POINT('',#5957);
#2328=VERTEX_POINT('',#5962);
#2329=VERTEX_POINT('',#5966);
#2330=VERTEX_POINT('',#5967);
#2331=VERTEX_POINT('',#5972);
#2332=VERTEX_POINT('',#5974);
#2333=VERTEX_POINT('',#5986);
#2334=VERTEX_POINT('',#5988);
#2335=VERTEX_POINT('',#5995);
#2336=VERTEX_POINT('',#5996);
#2337=VERTEX_POINT('',#6004);
#2338=VERTEX_POINT('',#6006);
#2339=VERTEX_POINT('',#6015);
#2340=VERTEX_POINT('',#6017);
#2341=VERTEX_POINT('',#6024);
#2342=VERTEX_POINT('',#6025);
#2343=VERTEX_POINT('',#6030);
#2344=VERTEX_POINT('',#6032);
#2345=VERTEX_POINT('',#6044);
#2346=VERTEX_POINT('',#6046);
#2347=VERTEX_POINT('',#6056);
#2348=VERTEX_POINT('',#6057);
#2349=VERTEX_POINT('',#6062);
#2350=VERTEX_POINT('',#6064);
#2351=VERTEX_POINT('',#6076);
#2352=VERTEX_POINT('',#6078);
#2353=VERTEX_POINT('',#6199);
#2354=VERTEX_POINT('',#6201);
#2355=VERTEX_POINT('',#6253);
#2356=VERTEX_POINT('',#6254);
#2357=VERTEX_POINT('',#6256);
#2358=VERTEX_POINT('',#6258);
#2359=VERTEX_POINT('',#6260);
#2360=VERTEX_POINT('',#6262);
#2361=VERTEX_POINT('',#6268);
#2362=VERTEX_POINT('',#6270);
#2363=VERTEX_POINT('',#6272);
#2364=VERTEX_POINT('',#6274);
#2365=VERTEX_POINT('',#6276);
#2366=VERTEX_POINT('',#6279);
#2367=VERTEX_POINT('',#6283);
#2368=VERTEX_POINT('',#6284);
#2369=VERTEX_POINT('',#6286);
#2370=VERTEX_POINT('',#6288);
#2371=VERTEX_POINT('',#6290);
#2372=VERTEX_POINT('',#6292);
#2373=VERTEX_POINT('',#6298);
#2374=VERTEX_POINT('',#6299);
#2375=VERTEX_POINT('',#6301);
#2376=VERTEX_POINT('',#6303);
#2377=VERTEX_POINT('',#6305);
#2378=VERTEX_POINT('',#6307);
#2379=VERTEX_POINT('',#6313);
#2380=VERTEX_POINT('',#6314);
#2381=VERTEX_POINT('',#6316);
#2382=VERTEX_POINT('',#6318);
#2383=VERTEX_POINT('',#6320);
#2384=VERTEX_POINT('',#6322);
#2385=VERTEX_POINT('',#6324);
#2386=VERTEX_POINT('',#6326);
#2387=VERTEX_POINT('',#6331);
#2388=VERTEX_POINT('',#6332);
#2389=VERTEX_POINT('',#6334);
#2390=VERTEX_POINT('',#6336);
#2391=VERTEX_POINT('',#6338);
#2392=VERTEX_POINT('',#6340);
#2393=VERTEX_POINT('',#6349);
#2394=VERTEX_POINT('',#6351);
#2395=VERTEX_POINT('',#6361);
#2396=VERTEX_POINT('',#6363);
#2397=VERTEX_POINT('',#6376);
#2398=VERTEX_POINT('',#6378);
#2399=VERTEX_POINT('',#6388);
#2400=VERTEX_POINT('',#6390);
#2401=VERTEX_POINT('',#6400);
#2402=VERTEX_POINT('',#6402);
#2403=VERTEX_POINT('',#6415);
#2404=VERTEX_POINT('',#6417);
#2405=VERTEX_POINT('',#6445);
#2406=VERTEX_POINT('',#6447);
#2407=VERTEX_POINT('',#6493);
#2408=VERTEX_POINT('',#6495);
#2409=VERTEX_POINT('',#6544);
#2410=VERTEX_POINT('',#6546);
#2411=VERTEX_POINT('',#6592);
#2412=VERTEX_POINT('',#6594);
#2413=VERTEX_POINT('',#6643);
#2414=VERTEX_POINT('',#6645);
#2415=VERTEX_POINT('',#6691);
#2416=VERTEX_POINT('',#6693);
#2417=VERTEX_POINT('',#6718);
#2418=VERTEX_POINT('',#6720);
#2419=VERTEX_POINT('',#6724);
#2420=VERTEX_POINT('',#6726);
#2421=VERTEX_POINT('',#6730);
#2422=VERTEX_POINT('',#6732);
#2423=VERTEX_POINT('',#6736);
#2424=VERTEX_POINT('',#6738);
#2425=VERTEX_POINT('',#6742);
#2426=VERTEX_POINT('',#6744);
#2427=VERTEX_POINT('',#6748);
#2428=VERTEX_POINT('',#6750);
#2429=VERTEX_POINT('',#6754);
#2430=VERTEX_POINT('',#6756);
#2431=VERTEX_POINT('',#6760);
#2432=VERTEX_POINT('',#6762);
#2433=VERTEX_POINT('',#6766);
#2434=VERTEX_POINT('',#6768);
#2435=VERTEX_POINT('',#6772);
#2436=VERTEX_POINT('',#6774);
#2437=VERTEX_POINT('',#6778);
#2438=VERTEX_POINT('',#6780);
#2439=VERTEX_POINT('',#6784);
#2440=VERTEX_POINT('',#6786);
#2441=VERTEX_POINT('',#6790);
#2442=VERTEX_POINT('',#6792);
#2443=VERTEX_POINT('',#6796);
#2444=VERTEX_POINT('',#6798);
#2445=VERTEX_POINT('',#6802);
#2446=VERTEX_POINT('',#6804);
#2447=VERTEX_POINT('',#6808);
#2448=VERTEX_POINT('',#6810);
#2449=VERTEX_POINT('',#6814);
#2450=VERTEX_POINT('',#6816);
#2451=VERTEX_POINT('',#6820);
#2452=VERTEX_POINT('',#6822);
#2453=VERTEX_POINT('',#6883);
#2454=VERTEX_POINT('',#6885);
#2455=VERTEX_POINT('',#7045);
#2456=VERTEX_POINT('',#7047);
#2457=VERTEX_POINT('',#7075);
#2458=VERTEX_POINT('',#7077);
#2459=VERTEX_POINT('',#7089);
#2460=VERTEX_POINT('',#7091);
#2461=VERTEX_POINT('',#7098);
#2462=VERTEX_POINT('',#7100);
#2463=VERTEX_POINT('',#7104);
#2464=VERTEX_POINT('',#7106);
#2465=VERTEX_POINT('',#7113);
#2466=VERTEX_POINT('',#7138);
#2467=VERTEX_POINT('',#7142);
#2468=VERTEX_POINT('',#7146);
#2469=VERTEX_POINT('',#7150);
#2470=VERTEX_POINT('',#7207);
#2471=VERTEX_POINT('',#7211);
#2472=VERTEX_POINT('',#7213);
#2473=VERTEX_POINT('',#7215);
#2474=VERTEX_POINT('',#7219);
#2475=VERTEX_POINT('',#7220);
#2476=VERTEX_POINT('',#7222);
#2477=VERTEX_POINT('',#7227);
#2478=VERTEX_POINT('',#7228);
#2479=VERTEX_POINT('',#7230);
#2480=VERTEX_POINT('',#7239);
#2481=VERTEX_POINT('',#7241);
#2482=VERTEX_POINT('',#7243);
#2483=VERTEX_POINT('',#7245);
#2484=VERTEX_POINT('',#7247);
#2485=VERTEX_POINT('',#7251);
#2486=VERTEX_POINT('',#7255);
#2487=VERTEX_POINT('',#7257);
#2488=VERTEX_POINT('',#7259);
#2489=VERTEX_POINT('',#7263);
#2490=VERTEX_POINT('',#7265);
#2491=VERTEX_POINT('',#7267);
#2492=VERTEX_POINT('',#7269);
#2493=VERTEX_POINT('',#7273);
#2494=VERTEX_POINT('',#7275);
#2495=VERTEX_POINT('',#7277);
#2496=VERTEX_POINT('',#7279);
#2497=VERTEX_POINT('',#7281);
#2498=VERTEX_POINT('',#7287);
#2499=VERTEX_POINT('',#7289);
#2500=VERTEX_POINT('',#7291);
#2501=VERTEX_POINT('',#7293);
#2502=VERTEX_POINT('',#7297);
#2503=VERTEX_POINT('',#7299);
#2504=VERTEX_POINT('',#7301);
#2505=VERTEX_POINT('',#7303);
#2506=VERTEX_POINT('',#7305);
#2507=VERTEX_POINT('',#7311);
#2508=VERTEX_POINT('',#7313);
#2509=VERTEX_POINT('',#7315);
#2510=VERTEX_POINT('',#7317);
#2511=VERTEX_POINT('',#7321);
#2512=VERTEX_POINT('',#7323);
#2513=VERTEX_POINT('',#7325);
#2514=VERTEX_POINT('',#7327);
#2515=VERTEX_POINT('',#7329);
#2516=VERTEX_POINT('',#7335);
#2517=VERTEX_POINT('',#7336);
#2518=VERTEX_POINT('',#7341);
#2519=VERTEX_POINT('',#7343);
#2520=VERTEX_POINT('',#7345);
#2521=VERTEX_POINT('',#7349);
#2522=VERTEX_POINT('',#7351);
#2523=VERTEX_POINT('',#7353);
#2524=VERTEX_POINT('',#7355);
#2525=VERTEX_POINT('',#7359);
#2526=VERTEX_POINT('',#7360);
#2527=VERTEX_POINT('',#7362);
#2528=VERTEX_POINT('',#7367);
#2529=VERTEX_POINT('',#7368);
#2530=VERTEX_POINT('',#7370);
#2531=VERTEX_POINT('',#7379);
#2532=VERTEX_POINT('',#7380);
#2533=VERTEX_POINT('',#7382);
#2534=VERTEX_POINT('',#7387);
#2535=VERTEX_POINT('',#7388);
#2536=VERTEX_POINT('',#7390);
#2537=VERTEX_POINT('',#7399);
#2538=VERTEX_POINT('',#7400);
#2539=VERTEX_POINT('',#7402);
#2540=VERTEX_POINT('',#7407);
#2541=VERTEX_POINT('',#7408);
#2542=VERTEX_POINT('',#7410);
#2543=VERTEX_POINT('',#7419);
#2544=VERTEX_POINT('',#7420);
#2545=VERTEX_POINT('',#7422);
#2546=VERTEX_POINT('',#7427);
#2547=VERTEX_POINT('',#7428);
#2548=VERTEX_POINT('',#7430);
#2549=VERTEX_POINT('',#7439);
#2550=VERTEX_POINT('',#7440);
#2551=VERTEX_POINT('',#7442);
#2552=VERTEX_POINT('',#7447);
#2553=VERTEX_POINT('',#7448);
#2554=VERTEX_POINT('',#7450);
#2555=VERTEX_POINT('',#7491);
#2556=VERTEX_POINT('',#7497);
#2557=VERTEX_POINT('',#7503);
#2558=VERTEX_POINT('',#7509);
#2559=VERTEX_POINT('',#7515);
#2560=VERTEX_POINT('',#7519);
#2561=EDGE_CURVE('',#2181,#2182,#3121,.T.);
#2562=EDGE_CURVE('',#2182,#2183,#3122,.T.);
#2563=EDGE_CURVE('',#2183,#2184,#3123,.T.);
#2564=EDGE_CURVE('',#2184,#2181,#3124,.T.);
#2565=EDGE_CURVE('',#2185,#2186,#288,.T.);
#2566=EDGE_CURVE('',#2186,#2187,#289,.T.);
#2567=EDGE_CURVE('',#2187,#2188,#3125,.T.);
#2568=EDGE_CURVE('',#2188,#2189,#290,.T.);
#2569=EDGE_CURVE('',#2189,#2190,#291,.T.);
#2570=EDGE_CURVE('',#2190,#2191,#3126,.T.);
#2571=EDGE_CURVE('',#2191,#2192,#292,.T.);
#2572=EDGE_CURVE('',#2192,#2185,#3127,.T.);
#2573=EDGE_CURVE('',#2193,#2194,#293,.T.);
#2574=EDGE_CURVE('',#2194,#2195,#294,.T.);
#2575=EDGE_CURVE('',#2195,#2196,#3128,.T.);
#2576=EDGE_CURVE('',#2196,#2197,#3129,.T.);
#2577=EDGE_CURVE('',#2197,#2198,#3130,.T.);
#2578=EDGE_CURVE('',#2198,#2199,#295,.T.);
#2579=EDGE_CURVE('',#2199,#2200,#3131,.T.);
#2580=EDGE_CURVE('',#2200,#2193,#296,.T.);
#2581=EDGE_CURVE('',#2201,#2202,#3132,.T.);
#2582=EDGE_CURVE('',#2203,#2201,#3133,.T.);
#2583=EDGE_CURVE('',#2203,#2204,#3134,.T.);
#2584=EDGE_CURVE('',#2204,#2205,#3135,.T.);
#2585=EDGE_CURVE('',#2205,#2206,#297,.T.);
#2586=EDGE_CURVE('',#2206,#2207,#298,.T.);
#2587=EDGE_CURVE('',#2208,#2207,#3136,.T.);
#2588=EDGE_CURVE('',#2209,#2208,#3137,.T.);
#2589=EDGE_CURVE('',#2210,#2209,#3138,.T.);
#2590=EDGE_CURVE('',#2210,#2211,#299,.T.);
#2591=EDGE_CURVE('',#2212,#2211,#300,.T.);
#2592=EDGE_CURVE('',#2213,#2212,#3139,.T.);
#2593=EDGE_CURVE('',#2214,#2213,#3140,.T.);
#2594=EDGE_CURVE('',#2202,#2214,#3141,.T.);
#2595=EDGE_CURVE('',#2215,#2216,#150,.T.);
#2596=EDGE_CURVE('',#2217,#2215,#3142,.T.);
#2597=EDGE_CURVE('',#2217,#2218,#151,.T.);
#2598=EDGE_CURVE('',#2218,#2216,#3143,.T.);
#2599=EDGE_CURVE('',#2219,#2220,#152,.T.);
#2600=EDGE_CURVE('',#2221,#2219,#3144,.T.);
#2601=EDGE_CURVE('',#2221,#2222,#153,.T.);
#2602=EDGE_CURVE('',#2222,#2220,#3145,.T.);
#2603=EDGE_CURVE('',#2223,#2224,#154,.T.);
#2604=EDGE_CURVE('',#2225,#2223,#3146,.T.);
#2605=EDGE_CURVE('',#2225,#2226,#155,.T.);
#2606=EDGE_CURVE('',#2226,#2224,#3147,.T.);
#2607=EDGE_CURVE('',#2227,#2228,#156,.T.);
#2608=EDGE_CURVE('',#2229,#2227,#3148,.T.);
#2609=EDGE_CURVE('',#2229,#2230,#157,.T.);
#2610=EDGE_CURVE('',#2228,#2230,#3149,.T.);
#2611=EDGE_CURVE('',#2231,#2232,#158,.T.);
#2612=EDGE_CURVE('',#2233,#2231,#3150,.T.);
#2613=EDGE_CURVE('',#2233,#2234,#159,.T.);
#2614=EDGE_CURVE('',#2234,#2232,#3151,.T.);
#2615=EDGE_CURVE('',#2235,#2236,#3152,.T.);
#2616=EDGE_CURVE('',#2236,#2237,#160,.T.);
#2617=EDGE_CURVE('',#2238,#2237,#3153,.T.);
#2618=EDGE_CURVE('',#2238,#2235,#161,.T.);
#2619=EDGE_CURVE('',#2239,#2240,#3154,.T.);
#2620=EDGE_CURVE('',#2240,#2241,#162,.T.);
#2621=EDGE_CURVE('',#2242,#2241,#3155,.T.);
#2622=EDGE_CURVE('',#2242,#2239,#163,.T.);
#2623=EDGE_CURVE('',#2243,#2244,#3156,.T.);
#2624=EDGE_CURVE('',#2244,#2245,#164,.T.);
#2625=EDGE_CURVE('',#2246,#2245,#3157,.T.);
#2626=EDGE_CURVE('',#2246,#2243,#165,.T.);
#2627=EDGE_CURVE('',#2247,#2248,#3158,.T.);
#2628=EDGE_CURVE('',#2248,#2249,#166,.T.);
#2629=EDGE_CURVE('',#2250,#2249,#3159,.T.);
#2630=EDGE_CURVE('',#2250,#2247,#167,.T.);
#2631=EDGE_CURVE('',#2251,#2252,#3160,.T.);
#2632=EDGE_CURVE('',#2252,#2253,#168,.T.);
#2633=EDGE_CURVE('',#2254,#2253,#3161,.T.);
#2634=EDGE_CURVE('',#2254,#2251,#169,.T.);
#2635=EDGE_CURVE('',#2255,#2256,#301,.T.);
#2636=EDGE_CURVE('',#2255,#2257,#170,.T.);
#2637=EDGE_CURVE('',#2257,#2258,#302,.T.);
#2638=EDGE_CURVE('',#2256,#2258,#171,.T.);
#2639=EDGE_CURVE('',#2259,#2260,#303,.T.);
#2640=EDGE_CURVE('',#2259,#2261,#172,.T.);
#2641=EDGE_CURVE('',#2261,#2262,#304,.T.);
#2642=EDGE_CURVE('',#2260,#2262,#173,.T.);
#2643=EDGE_CURVE('',#2263,#2264,#305,.T.);
#2644=EDGE_CURVE('',#2263,#2265,#174,.T.);
#2645=EDGE_CURVE('',#2265,#2266,#306,.T.);
#2646=EDGE_CURVE('',#2264,#2266,#175,.T.);
#2647=EDGE_CURVE('',#2267,#2268,#307,.T.);
#2648=EDGE_CURVE('',#2267,#2269,#176,.T.);
#2649=EDGE_CURVE('',#2269,#2270,#308,.T.);
#2650=EDGE_CURVE('',#2268,#2270,#177,.T.);
#2651=EDGE_CURVE('',#2271,#2272,#309,.T.);
#2652=EDGE_CURVE('',#2271,#2273,#178,.T.);
#2653=EDGE_CURVE('',#2273,#2274,#310,.T.);
#2654=EDGE_CURVE('',#2272,#2274,#179,.T.);
#2655=EDGE_CURVE('',#2256,#2275,#311,.T.);
#2656=EDGE_CURVE('',#2258,#2276,#312,.T.);
#2657=EDGE_CURVE('',#2275,#2276,#180,.T.);
#2658=EDGE_CURVE('',#2260,#2277,#313,.T.);
#2659=EDGE_CURVE('',#2262,#2278,#314,.T.);
#2660=EDGE_CURVE('',#2277,#2278,#181,.T.);
#2661=EDGE_CURVE('',#2264,#2279,#315,.T.);
#2662=EDGE_CURVE('',#2266,#2280,#316,.T.);
#2663=EDGE_CURVE('',#2279,#2280,#182,.T.);
#2664=EDGE_CURVE('',#2268,#2281,#317,.T.);
#2665=EDGE_CURVE('',#2270,#2282,#318,.T.);
#2666=EDGE_CURVE('',#2281,#2282,#183,.T.);
#2667=EDGE_CURVE('',#2272,#2283,#319,.T.);
#2668=EDGE_CURVE('',#2274,#2284,#320,.T.);
#2669=EDGE_CURVE('',#2283,#2284,#184,.T.);
#2670=EDGE_CURVE('',#2275,#2285,#3162,.T.);
#2671=EDGE_CURVE('',#2286,#2276,#3163,.T.);
#2672=EDGE_CURVE('',#2285,#2286,#185,.T.);
#2673=EDGE_CURVE('',#2277,#2287,#3164,.T.);
#2674=EDGE_CURVE('',#2278,#2288,#3165,.T.);
#2675=EDGE_CURVE('',#2287,#2288,#186,.T.);
#2676=EDGE_CURVE('',#2279,#2289,#3166,.T.);
#2677=EDGE_CURVE('',#2280,#2290,#3167,.T.);
#2678=EDGE_CURVE('',#2289,#2290,#187,.T.);
#2679=EDGE_CURVE('',#2281,#2291,#3168,.T.);
#2680=EDGE_CURVE('',#2282,#2292,#3169,.T.);
#2681=EDGE_CURVE('',#2291,#2292,#188,.T.);
#2682=EDGE_CURVE('',#2283,#2293,#3170,.T.);
#2683=EDGE_CURVE('',#2284,#2294,#3171,.T.);
#2684=EDGE_CURVE('',#2293,#2294,#189,.T.);
#2685=EDGE_CURVE('',#2285,#2295,#3172,.T.);
#2686=EDGE_CURVE('',#2296,#2286,#3173,.T.);
#2687=EDGE_CURVE('',#2295,#2296,#190,.T.);
#2688=EDGE_CURVE('',#2287,#2297,#3174,.T.);
#2689=EDGE_CURVE('',#2288,#2298,#3175,.T.);
#2690=EDGE_CURVE('',#2297,#2298,#191,.T.);
#2691=EDGE_CURVE('',#2289,#2299,#3176,.T.);
#2692=EDGE_CURVE('',#2290,#2300,#3177,.T.);
#2693=EDGE_CURVE('',#2299,#2300,#192,.T.);
#2694=EDGE_CURVE('',#2291,#2301,#3178,.T.);
#2695=EDGE_CURVE('',#2292,#2302,#3179,.T.);
#2696=EDGE_CURVE('',#2301,#2302,#193,.T.);
#2697=EDGE_CURVE('',#2293,#2303,#3180,.T.);
#2698=EDGE_CURVE('',#2294,#2304,#3181,.T.);
#2699=EDGE_CURVE('',#2303,#2304,#194,.T.);
#2700=EDGE_CURVE('',#2295,#2305,#3182,.T.);
#2701=EDGE_CURVE('',#2306,#2296,#3183,.T.);
#2702=EDGE_CURVE('',#2305,#2306,#195,.T.);
#2703=EDGE_CURVE('',#2297,#2307,#3184,.T.);
#2704=EDGE_CURVE('',#2298,#2308,#3185,.T.);
#2705=EDGE_CURVE('',#2307,#2308,#196,.T.);
#2706=EDGE_CURVE('',#2299,#2309,#3186,.T.);
#2707=EDGE_CURVE('',#2300,#2310,#3187,.T.);
#2708=EDGE_CURVE('',#2309,#2310,#197,.T.);
#2709=EDGE_CURVE('',#2301,#2311,#3188,.T.);
#2710=EDGE_CURVE('',#2302,#2312,#3189,.T.);
#2711=EDGE_CURVE('',#2311,#2312,#198,.T.);
#2712=EDGE_CURVE('',#2303,#2313,#3190,.T.);
#2713=EDGE_CURVE('',#2304,#2314,#3191,.T.);
#2714=EDGE_CURVE('',#2313,#2314,#199,.T.);
#2715=EDGE_CURVE('',#2305,#2315,#321,.T.);
#2716=EDGE_CURVE('',#2306,#2316,#322,.T.);
#2717=EDGE_CURVE('',#2315,#2316,#200,.T.);
#2718=EDGE_CURVE('',#2307,#2317,#323,.T.);
#2719=EDGE_CURVE('',#2308,#2318,#324,.T.);
#2720=EDGE_CURVE('',#2317,#2318,#201,.T.);
#2721=EDGE_CURVE('',#2309,#2319,#325,.T.);
#2722=EDGE_CURVE('',#2310,#2320,#326,.T.);
#2723=EDGE_CURVE('',#2319,#2320,#202,.T.);
#2724=EDGE_CURVE('',#2311,#2321,#327,.T.);
#2725=EDGE_CURVE('',#2312,#2322,#328,.T.);
#2726=EDGE_CURVE('',#2321,#2322,#203,.T.);
#2727=EDGE_CURVE('',#2313,#2323,#329,.T.);
#2728=EDGE_CURVE('',#2314,#2324,#330,.T.);
#2729=EDGE_CURVE('',#2323,#2324,#204,.T.);
#2730=EDGE_CURVE('',#2315,#2325,#331,.T.);
#2731=EDGE_CURVE('',#2326,#2316,#332,.T.);
#2732=EDGE_CURVE('',#2212,#2326,#60,.T.);
#2733=EDGE_CURVE('',#2211,#2327,#205,.T.);
#2734=EDGE_CURVE('',#2327,#2328,#333,.T.);
#2735=EDGE_CURVE('',#2328,#2325,#206,.T.);
#2736=EDGE_CURVE('',#2329,#2330,#207,.T.);
#2737=EDGE_CURVE('',#2330,#2331,#334,.T.);
#2738=EDGE_CURVE('',#2331,#2332,#208,.T.);
#2739=EDGE_CURVE('',#2317,#2332,#335,.T.);
#2740=EDGE_CURVE('',#2318,#2333,#336,.T.);
#2741=EDGE_CURVE('',#2334,#2333,#61,.T.);
#2742=EDGE_CURVE('',#2329,#2334,#337,.T.);
#2743=EDGE_CURVE('',#2335,#2336,#209,.T.);
#2744=EDGE_CURVE('',#2336,#2337,#338,.T.);
#2745=EDGE_CURVE('',#2337,#2338,#210,.T.);
#2746=EDGE_CURVE('',#2319,#2338,#339,.T.);
#2747=EDGE_CURVE('',#2320,#2339,#340,.T.);
#2748=EDGE_CURVE('',#2340,#2339,#62,.T.);
#2749=EDGE_CURVE('',#2335,#2340,#341,.T.);
#2750=EDGE_CURVE('',#2341,#2342,#211,.T.);
#2751=EDGE_CURVE('',#2342,#2343,#342,.T.);
#2752=EDGE_CURVE('',#2343,#2344,#212,.T.);
#2753=EDGE_CURVE('',#2321,#2344,#343,.T.);
#2754=EDGE_CURVE('',#2322,#2345,#344,.T.);
#2755=EDGE_CURVE('',#2346,#2345,#63,.T.);
#2756=EDGE_CURVE('',#2341,#2346,#345,.T.);
#2757=EDGE_CURVE('',#2347,#2348,#213,.T.);
#2758=EDGE_CURVE('',#2348,#2349,#346,.T.);
#2759=EDGE_CURVE('',#2349,#2350,#214,.T.);
#2760=EDGE_CURVE('',#2323,#2350,#347,.T.);
#2761=EDGE_CURVE('',#2324,#2351,#348,.T.);
#2762=EDGE_CURVE('',#2352,#2351,#64,.T.);
#2763=EDGE_CURVE('',#2347,#2352,#349,.T.);
#2764=EDGE_CURVE('',#2246,#2325,#350,.T.);
#2765=EDGE_CURVE('',#2243,#2328,#351,.T.);
#2766=EDGE_CURVE('',#2247,#2331,#352,.T.);
#2767=EDGE_CURVE('',#2250,#2332,#353,.T.);
#2768=EDGE_CURVE('',#2251,#2337,#354,.T.);
#2769=EDGE_CURVE('',#2254,#2338,#355,.T.);
#2770=EDGE_CURVE('',#2353,#2343,#356,.T.);
#2771=EDGE_CURVE('',#2354,#2353,#215,.T.);
#2772=EDGE_CURVE('',#2354,#2344,#357,.T.);
#2773=EDGE_CURVE('',#2235,#2349,#358,.T.);
#2774=EDGE_CURVE('',#2238,#2350,#359,.T.);
#2775=EDGE_CURVE('',#2355,#2356,#3192,.T.);
#2776=EDGE_CURVE('',#2355,#2357,#3193,.T.);
#2777=EDGE_CURVE('',#2358,#2357,#216,.T.);
#2778=EDGE_CURVE('',#2359,#2358,#3194,.T.);
#2779=EDGE_CURVE('',#2359,#2360,#3195,.T.);
#2780=EDGE_CURVE('',#2360,#2223,#3196,.T.);
#2781=EDGE_CURVE('',#2224,#2257,#3197,.T.);
#2782=EDGE_CURVE('',#2356,#2255,#3198,.T.);
#2783=EDGE_CURVE('',#2361,#2228,#3199,.T.);
#2784=EDGE_CURVE('',#2362,#2361,#217,.T.);
#2785=EDGE_CURVE('',#2363,#2362,#3200,.T.);
#2786=EDGE_CURVE('',#2364,#2363,#3201,.T.);
#2787=EDGE_CURVE('',#2364,#2365,#3202,.T.);
#2788=EDGE_CURVE('',#2205,#2365,#218,.T.);
#2789=EDGE_CURVE('',#2204,#2366,#3203,.T.);
#2790=EDGE_CURVE('',#2366,#2227,#3204,.T.);
#2791=EDGE_CURVE('',#2367,#2368,#3205,.T.);
#2792=EDGE_CURVE('',#2367,#2369,#3206,.T.);
#2793=EDGE_CURVE('',#2370,#2369,#219,.T.);
#2794=EDGE_CURVE('',#2371,#2370,#3207,.T.);
#2795=EDGE_CURVE('',#2371,#2372,#3208,.T.);
#2796=EDGE_CURVE('',#2372,#2219,#3209,.T.);
#2797=EDGE_CURVE('',#2220,#2261,#3210,.T.);
#2798=EDGE_CURVE('',#2368,#2259,#3211,.T.);
#2799=EDGE_CURVE('',#2373,#2374,#3212,.T.);
#2800=EDGE_CURVE('',#2373,#2375,#3213,.T.);
#2801=EDGE_CURVE('',#2376,#2375,#220,.T.);
#2802=EDGE_CURVE('',#2377,#2376,#3214,.T.);
#2803=EDGE_CURVE('',#2377,#2378,#3215,.T.);
#2804=EDGE_CURVE('',#2378,#2215,#3216,.T.);
#2805=EDGE_CURVE('',#2216,#2265,#3217,.T.);
#2806=EDGE_CURVE('',#2374,#2263,#3218,.T.);
#2807=EDGE_CURVE('',#2379,#2380,#3219,.T.);
#2808=EDGE_CURVE('',#2379,#2381,#3220,.T.);
#2809=EDGE_CURVE('',#2382,#2381,#221,.T.);
#2810=EDGE_CURVE('',#2383,#2382,#3221,.T.);
#2811=EDGE_CURVE('',#2383,#2384,#3222,.T.);
#2812=EDGE_CURVE('',#2384,#2385,#3223,.T.);
#2813=EDGE_CURVE('',#2385,#2386,#222,.T.);
#2814=EDGE_CURVE('',#2386,#2269,#3224,.T.);
#2815=EDGE_CURVE('',#2380,#2267,#3225,.T.);
#2816=EDGE_CURVE('',#2387,#2388,#3226,.T.);
#2817=EDGE_CURVE('',#2387,#2389,#3227,.T.);
#2818=EDGE_CURVE('',#2390,#2389,#223,.T.);
#2819=EDGE_CURVE('',#2391,#2390,#3228,.T.);
#2820=EDGE_CURVE('',#2391,#2392,#3229,.T.);
#2821=EDGE_CURVE('',#2392,#2231,#3230,.T.);
#2822=EDGE_CURVE('',#2232,#2273,#3231,.T.);
#2823=EDGE_CURVE('',#2388,#2271,#3232,.T.);
#2824=EDGE_CURVE('',#2357,#2393,#360,.T.);
#2825=EDGE_CURVE('',#2394,#2393,#224,.T.);
#2826=EDGE_CURVE('',#2358,#2394,#361,.T.);
#2827=EDGE_CURVE('',#2395,#2361,#362,.T.);
#2828=EDGE_CURVE('',#2396,#2395,#225,.T.);
#2829=EDGE_CURVE('',#2362,#2396,#363,.T.);
#2830=EDGE_CURVE('',#2369,#2397,#364,.T.);
#2831=EDGE_CURVE('',#2398,#2397,#226,.T.);
#2832=EDGE_CURVE('',#2370,#2398,#365,.T.);
#2833=EDGE_CURVE('',#2375,#2399,#366,.T.);
#2834=EDGE_CURVE('',#2400,#2399,#227,.T.);
#2835=EDGE_CURVE('',#2376,#2400,#367,.T.);
#2836=EDGE_CURVE('',#2381,#2401,#368,.T.);
#2837=EDGE_CURVE('',#2402,#2401,#228,.T.);
#2838=EDGE_CURVE('',#2382,#2402,#369,.T.);
#2839=EDGE_CURVE('',#2389,#2403,#370,.T.);
#2840=EDGE_CURVE('',#2404,#2403,#229,.T.);
#2841=EDGE_CURVE('',#2390,#2404,#371,.T.);
#2842=EDGE_CURVE('',#2393,#2405,#372,.T.);
#2843=EDGE_CURVE('',#2406,#2405,#230,.T.);
#2844=EDGE_CURVE('',#2394,#2406,#373,.T.);
#2845=EDGE_CURVE('',#2407,#2395,#374,.T.);
#2846=EDGE_CURVE('',#2408,#2407,#231,.T.);
#2847=EDGE_CURVE('',#2396,#2408,#375,.T.);
#2848=EDGE_CURVE('',#2397,#2409,#376,.T.);
#2849=EDGE_CURVE('',#2410,#2409,#232,.T.);
#2850=EDGE_CURVE('',#2398,#2410,#377,.T.);
#2851=EDGE_CURVE('',#2399,#2411,#378,.T.);
#2852=EDGE_CURVE('',#2412,#2411,#233,.T.);
#2853=EDGE_CURVE('',#2400,#2412,#379,.T.);
#2854=EDGE_CURVE('',#2401,#2413,#380,.T.);
#2855=EDGE_CURVE('',#2414,#2413,#234,.T.);
#2856=EDGE_CURVE('',#2402,#2414,#381,.T.);
#2857=EDGE_CURVE('',#2403,#2415,#382,.T.);
#2858=EDGE_CURVE('',#2416,#2415,#235,.T.);
#2859=EDGE_CURVE('',#2404,#2416,#383,.T.);
#2860=EDGE_CURVE('',#2405,#2417,#3233,.T.);
#2861=EDGE_CURVE('',#2418,#2417,#236,.T.);
#2862=EDGE_CURVE('',#2406,#2418,#3234,.T.);
#2863=EDGE_CURVE('',#2419,#2407,#3235,.T.);
#2864=EDGE_CURVE('',#2420,#2419,#237,.T.);
#2865=EDGE_CURVE('',#2408,#2420,#3236,.T.);
#2866=EDGE_CURVE('',#2409,#2421,#3237,.T.);
#2867=EDGE_CURVE('',#2422,#2421,#238,.T.);
#2868=EDGE_CURVE('',#2410,#2422,#3238,.T.);
#2869=EDGE_CURVE('',#2411,#2423,#3239,.T.);
#2870=EDGE_CURVE('',#2424,#2423,#239,.T.);
#2871=EDGE_CURVE('',#2412,#2424,#3240,.T.);
#2872=EDGE_CURVE('',#2413,#2425,#3241,.T.);
#2873=EDGE_CURVE('',#2426,#2425,#240,.T.);
#2874=EDGE_CURVE('',#2414,#2426,#3242,.T.);
#2875=EDGE_CURVE('',#2415,#2427,#3243,.T.);
#2876=EDGE_CURVE('',#2428,#2427,#241,.T.);
#2877=EDGE_CURVE('',#2416,#2428,#3244,.T.);
#2878=EDGE_CURVE('',#2417,#2429,#3245,.T.);
#2879=EDGE_CURVE('',#2430,#2429,#242,.T.);
#2880=EDGE_CURVE('',#2418,#2430,#3246,.T.);
#2881=EDGE_CURVE('',#2431,#2419,#3247,.T.);
#2882=EDGE_CURVE('',#2432,#2431,#243,.T.);
#2883=EDGE_CURVE('',#2420,#2432,#3248,.T.);
#2884=EDGE_CURVE('',#2421,#2433,#3249,.T.);
#2885=EDGE_CURVE('',#2434,#2433,#244,.T.);
#2886=EDGE_CURVE('',#2422,#2434,#3250,.T.);
#2887=EDGE_CURVE('',#2423,#2435,#3251,.T.);
#2888=EDGE_CURVE('',#2436,#2435,#245,.T.);
#2889=EDGE_CURVE('',#2424,#2436,#3252,.T.);
#2890=EDGE_CURVE('',#2425,#2437,#3253,.T.);
#2891=EDGE_CURVE('',#2438,#2437,#246,.T.);
#2892=EDGE_CURVE('',#2426,#2438,#3254,.T.);
#2893=EDGE_CURVE('',#2427,#2439,#3255,.T.);
#2894=EDGE_CURVE('',#2440,#2439,#247,.T.);
#2895=EDGE_CURVE('',#2428,#2440,#3256,.T.);
#2896=EDGE_CURVE('',#2429,#2441,#3257,.T.);
#2897=EDGE_CURVE('',#2442,#2441,#248,.T.);
#2898=EDGE_CURVE('',#2430,#2442,#3258,.T.);
#2899=EDGE_CURVE('',#2443,#2431,#3259,.T.);
#2900=EDGE_CURVE('',#2444,#2443,#249,.T.);
#2901=EDGE_CURVE('',#2432,#2444,#3260,.T.);
#2902=EDGE_CURVE('',#2433,#2445,#3261,.T.);
#2903=EDGE_CURVE('',#2446,#2445,#250,.T.);
#2904=EDGE_CURVE('',#2434,#2446,#3262,.T.);
#2905=EDGE_CURVE('',#2435,#2447,#3263,.T.);
#2906=EDGE_CURVE('',#2448,#2447,#251,.T.);
#2907=EDGE_CURVE('',#2436,#2448,#3264,.T.);
#2908=EDGE_CURVE('',#2437,#2449,#3265,.T.);
#2909=EDGE_CURVE('',#2450,#2449,#252,.T.);
#2910=EDGE_CURVE('',#2438,#2450,#3266,.T.);
#2911=EDGE_CURVE('',#2439,#2451,#3267,.T.);
#2912=EDGE_CURVE('',#2452,#2451,#253,.T.);
#2913=EDGE_CURVE('',#2440,#2452,#3268,.T.);
#2914=EDGE_CURVE('',#2441,#2330,#384,.T.);
#2915=EDGE_CURVE('',#2442,#2329,#385,.T.);
#2916=EDGE_CURVE('',#2453,#2443,#386,.T.);
#2917=EDGE_CURVE('',#2454,#2453,#254,.T.);
#2918=EDGE_CURVE('',#2444,#2454,#387,.T.);
#2919=EDGE_CURVE('',#2445,#2336,#388,.T.);
#2920=EDGE_CURVE('',#2446,#2335,#389,.T.);
#2921=EDGE_CURVE('',#2447,#2342,#390,.T.);
#2922=EDGE_CURVE('',#2448,#2341,#391,.T.);
#2923=EDGE_CURVE('',#2449,#2348,#392,.T.);
#2924=EDGE_CURVE('',#2450,#2347,#393,.T.);
#2925=EDGE_CURVE('',#2451,#2455,#394,.T.);
#2926=EDGE_CURVE('',#2456,#2455,#255,.T.);
#2927=EDGE_CURVE('',#2452,#2456,#395,.T.);
#2928=EDGE_CURVE('',#2455,#2457,#396,.T.);
#2929=EDGE_CURVE('',#2457,#2458,#256,.T.);
#2930=EDGE_CURVE('',#2454,#2458,#397,.T.);
#2931=EDGE_CURVE('',#2459,#2453,#398,.T.);
#2932=EDGE_CURVE('',#2460,#2459,#65,.T.);
#2933=EDGE_CURVE('',#2456,#2460,#399,.T.);
#2934=EDGE_CURVE('',#2461,#2385,#3269,.T.);
#2935=EDGE_CURVE('',#2461,#2462,#257,.T.);
#2936=EDGE_CURVE('',#2462,#2386,#3270,.T.);
#2937=EDGE_CURVE('',#2353,#2463,#3271,.T.);
#2938=EDGE_CURVE('',#2463,#2464,#258,.T.);
#2939=EDGE_CURVE('',#2354,#2464,#3272,.T.);
#2940=EDGE_CURVE('',#2365,#2465,#400,.T.);
#2941=EDGE_CURVE('',#2206,#2465,#259,.T.);
#2942=EDGE_CURVE('',#2465,#2466,#401,.T.);
#2943=EDGE_CURVE('',#2207,#2466,#260,.T.);
#2944=EDGE_CURVE('',#2466,#2467,#3273,.T.);
#2945=EDGE_CURVE('',#2208,#2467,#261,.T.);
#2946=EDGE_CURVE('',#2467,#2468,#3274,.T.);
#2947=EDGE_CURVE('',#2209,#2468,#262,.T.);
#2948=EDGE_CURVE('',#2468,#2469,#3275,.T.);
#2949=EDGE_CURVE('',#2210,#2469,#263,.T.);
#2950=EDGE_CURVE('',#2469,#2327,#402,.T.);
#2951=EDGE_CURVE('',#2239,#2457,#403,.T.);
#2952=EDGE_CURVE('',#2242,#2458,#404,.T.);
#2953=EDGE_CURVE('',#2213,#2470,#66,.T.);
#2954=EDGE_CURVE('',#2470,#2326,#3276,.T.);
#2955=EDGE_CURVE('',#2226,#2471,#3277,.T.);
#2956=EDGE_CURVE('',#2471,#2472,#3278,.T.);
#2957=EDGE_CURVE('',#2472,#2473,#3279,.T.);
#2958=EDGE_CURVE('',#2473,#2470,#3280,.T.);
#2959=EDGE_CURVE('',#2474,#2475,#3281,.T.);
#2960=EDGE_CURVE('',#2475,#2476,#3282,.T.);
#2961=EDGE_CURVE('',#2476,#2244,#3283,.T.);
#2962=EDGE_CURVE('',#2364,#2474,#3284,.T.);
#2963=EDGE_CURVE('',#2477,#2478,#3285,.T.);
#2964=EDGE_CURVE('',#2479,#2477,#3286,.T.);
#2965=EDGE_CURVE('',#2363,#2479,#3287,.T.);
#2966=EDGE_CURVE('',#2478,#2241,#3288,.T.);
#2967=EDGE_CURVE('',#2479,#2474,#3289,.T.);
#2968=EDGE_CURVE('',#2475,#2477,#3290,.T.);
#2969=EDGE_CURVE('',#2480,#2391,#3291,.T.);
#2970=EDGE_CURVE('',#2460,#2481,#3292,.T.);
#2971=EDGE_CURVE('',#2482,#2481,#3293,.T.);
#2972=EDGE_CURVE('',#2483,#2482,#3294,.T.);
#2973=EDGE_CURVE('',#2484,#2483,#3295,.T.);
#2974=EDGE_CURVE('',#2484,#2480,#3296,.T.);
#2975=EDGE_CURVE('',#2481,#2485,#67,.T.);
#2976=EDGE_CURVE('',#2459,#2485,#3297,.T.);
#2977=EDGE_CURVE('',#2486,#2230,#3298,.T.);
#2978=EDGE_CURVE('',#2487,#2486,#3299,.T.);
#2979=EDGE_CURVE('',#2488,#2487,#3300,.T.);
#2980=EDGE_CURVE('',#2485,#2488,#3301,.T.);
#2981=EDGE_CURVE('',#2234,#2489,#3302,.T.);
#2982=EDGE_CURVE('',#2489,#2490,#3303,.T.);
#2983=EDGE_CURVE('',#2490,#2491,#3304,.T.);
#2984=EDGE_CURVE('',#2491,#2492,#3305,.T.);
#2985=EDGE_CURVE('',#2351,#2492,#3306,.T.);
#2986=EDGE_CURVE('',#2493,#2383,#3307,.T.);
#2987=EDGE_CURVE('',#2352,#2494,#3308,.T.);
#2988=EDGE_CURVE('',#2495,#2494,#3309,.T.);
#2989=EDGE_CURVE('',#2496,#2495,#3310,.T.);
#2990=EDGE_CURVE('',#2497,#2496,#3311,.T.);
#2991=EDGE_CURVE('',#2497,#2493,#3312,.T.);
#2992=EDGE_CURVE('',#2494,#2492,#68,.T.);
#2993=EDGE_CURVE('',#2462,#2498,#3313,.T.);
#2994=EDGE_CURVE('',#2498,#2499,#3314,.T.);
#2995=EDGE_CURVE('',#2499,#2500,#3315,.T.);
#2996=EDGE_CURVE('',#2500,#2501,#3316,.T.);
#2997=EDGE_CURVE('',#2345,#2501,#3317,.T.);
#2998=EDGE_CURVE('',#2502,#2377,#3318,.T.);
#2999=EDGE_CURVE('',#2346,#2503,#3319,.T.);
#3000=EDGE_CURVE('',#2504,#2503,#3320,.T.);
#3001=EDGE_CURVE('',#2505,#2504,#3321,.T.);
#3002=EDGE_CURVE('',#2506,#2505,#3322,.T.);
#3003=EDGE_CURVE('',#2506,#2502,#3323,.T.);
#3004=EDGE_CURVE('',#2503,#2501,#69,.T.);
#3005=EDGE_CURVE('',#2218,#2507,#3324,.T.);
#3006=EDGE_CURVE('',#2507,#2508,#3325,.T.);
#3007=EDGE_CURVE('',#2508,#2509,#3326,.T.);
#3008=EDGE_CURVE('',#2509,#2510,#3327,.T.);
#3009=EDGE_CURVE('',#2339,#2510,#3328,.T.);
#3010=EDGE_CURVE('',#2511,#2371,#3329,.T.);
#3011=EDGE_CURVE('',#2340,#2512,#3330,.T.);
#3012=EDGE_CURVE('',#2513,#2512,#3331,.T.);
#3013=EDGE_CURVE('',#2514,#2513,#3332,.T.);
#3014=EDGE_CURVE('',#2515,#2514,#3333,.T.);
#3015=EDGE_CURVE('',#2515,#2511,#3334,.T.);
#3016=EDGE_CURVE('',#2512,#2510,#70,.T.);
#3017=EDGE_CURVE('',#2516,#2517,#71,.T.);
#3018=EDGE_CURVE('',#2334,#2516,#3335,.T.);
#3019=EDGE_CURVE('',#2333,#2517,#3336,.T.);
#3020=EDGE_CURVE('',#2222,#2518,#3337,.T.);
#3021=EDGE_CURVE('',#2518,#2519,#3338,.T.);
#3022=EDGE_CURVE('',#2519,#2520,#3339,.T.);
#3023=EDGE_CURVE('',#2520,#2517,#3340,.T.);
#3024=EDGE_CURVE('',#2521,#2359,#3341,.T.);
#3025=EDGE_CURVE('',#2522,#2516,#3342,.T.);
#3026=EDGE_CURVE('',#2523,#2522,#3343,.T.);
#3027=EDGE_CURVE('',#2524,#2523,#3344,.T.);
#3028=EDGE_CURVE('',#2524,#2521,#3345,.T.);
#3029=EDGE_CURVE('',#2525,#2526,#3346,.T.);
#3030=EDGE_CURVE('',#2525,#2527,#3347,.T.);
#3031=EDGE_CURVE('',#2527,#2240,#3348,.T.);
#3032=EDGE_CURVE('',#2526,#2387,#3349,.T.);
#3033=EDGE_CURVE('',#2528,#2529,#3350,.T.);
#3034=EDGE_CURVE('',#2528,#2530,#3351,.T.);
#3035=EDGE_CURVE('',#2530,#2388,#3352,.T.);
#3036=EDGE_CURVE('',#2529,#2237,#3353,.T.);
#3037=EDGE_CURVE('',#2526,#2530,#3354,.T.);
#3038=EDGE_CURVE('',#2525,#2528,#3355,.T.);
#3039=EDGE_CURVE('',#2531,#2532,#3356,.T.);
#3040=EDGE_CURVE('',#2531,#2533,#3357,.T.);
#3041=EDGE_CURVE('',#2533,#2236,#3358,.T.);
#3042=EDGE_CURVE('',#2532,#2379,#3359,.T.);
#3043=EDGE_CURVE('',#2534,#2535,#3360,.T.);
#3044=EDGE_CURVE('',#2534,#2536,#3361,.T.);
#3045=EDGE_CURVE('',#2536,#2380,#3362,.T.);
#3046=EDGE_CURVE('',#2535,#2464,#3363,.T.);
#3047=EDGE_CURVE('',#2532,#2536,#3364,.T.);
#3048=EDGE_CURVE('',#2531,#2534,#3365,.T.);
#3049=EDGE_CURVE('',#2537,#2538,#3366,.T.);
#3050=EDGE_CURVE('',#2537,#2539,#3367,.T.);
#3051=EDGE_CURVE('',#2539,#2463,#3368,.T.);
#3052=EDGE_CURVE('',#2538,#2373,#3369,.T.);
#3053=EDGE_CURVE('',#2540,#2541,#3370,.T.);
#3054=EDGE_CURVE('',#2540,#2542,#3371,.T.);
#3055=EDGE_CURVE('',#2542,#2374,#3372,.T.);
#3056=EDGE_CURVE('',#2541,#2253,#3373,.T.);
#3057=EDGE_CURVE('',#2538,#2542,#3374,.T.);
#3058=EDGE_CURVE('',#2537,#2540,#3375,.T.);
#3059=EDGE_CURVE('',#2543,#2544,#3376,.T.);
#3060=EDGE_CURVE('',#2543,#2545,#3377,.T.);
#3061=EDGE_CURVE('',#2545,#2252,#3378,.T.);
#3062=EDGE_CURVE('',#2544,#2367,#3379,.T.);
#3063=EDGE_CURVE('',#2546,#2547,#3380,.T.);
#3064=EDGE_CURVE('',#2546,#2548,#3381,.T.);
#3065=EDGE_CURVE('',#2548,#2368,#3382,.T.);
#3066=EDGE_CURVE('',#2547,#2249,#3383,.T.);
#3067=EDGE_CURVE('',#2544,#2548,#3384,.T.);
#3068=EDGE_CURVE('',#2543,#2546,#3385,.T.);
#3069=EDGE_CURVE('',#2549,#2550,#3386,.T.);
#3070=EDGE_CURVE('',#2549,#2551,#3387,.T.);
#3071=EDGE_CURVE('',#2551,#2248,#3388,.T.);
#3072=EDGE_CURVE('',#2550,#2355,#3389,.T.);
#3073=EDGE_CURVE('',#2552,#2553,#3390,.T.);
#3074=EDGE_CURVE('',#2552,#2554,#3391,.T.);
#3075=EDGE_CURVE('',#2554,#2356,#3392,.T.);
#3076=EDGE_CURVE('',#2553,#2245,#3393,.T.);
#3077=EDGE_CURVE('',#2550,#2554,#3394,.T.);
#3078=EDGE_CURVE('',#2549,#2552,#3395,.T.);
#3079=EDGE_CURVE('',#2553,#2473,#264,.T.);
#3080=EDGE_CURVE('',#2214,#2476,#265,.T.);
#3081=EDGE_CURVE('',#2529,#2491,#266,.T.);
#3082=EDGE_CURVE('',#2495,#2533,#267,.T.);
#3083=EDGE_CURVE('',#2535,#2500,#268,.T.);
#3084=EDGE_CURVE('',#2504,#2539,#269,.T.);
#3085=EDGE_CURVE('',#2541,#2509,#270,.T.);
#3086=EDGE_CURVE('',#2513,#2545,#271,.T.);
#3087=EDGE_CURVE('',#2547,#2520,#272,.T.);
#3088=EDGE_CURVE('',#2522,#2551,#273,.T.);
#3089=EDGE_CURVE('',#2482,#2527,#274,.T.);
#3090=EDGE_CURVE('',#2478,#2488,#275,.T.);
#3091=EDGE_CURVE('',#2487,#2202,#276,.T.);
#3092=EDGE_CURVE('',#2490,#2483,#277,.T.);
#3093=EDGE_CURVE('',#2499,#2496,#278,.T.);
#3094=EDGE_CURVE('',#2508,#2505,#279,.T.);
#3095=EDGE_CURVE('',#2472,#2523,#280,.T.);
#3096=EDGE_CURVE('',#2519,#2514,#281,.T.);
#3097=EDGE_CURVE('',#2515,#2518,#282,.T.);
#3098=EDGE_CURVE('',#2555,#2221,#3396,.T.);
#3099=EDGE_CURVE('',#2511,#2555,#3397,.T.);
#3100=EDGE_CURVE('',#2524,#2471,#283,.T.);
#3101=EDGE_CURVE('',#2556,#2225,#3398,.T.);
#3102=EDGE_CURVE('',#2521,#2556,#3399,.T.);
#3103=EDGE_CURVE('',#2506,#2507,#284,.T.);
#3104=EDGE_CURVE('',#2557,#2217,#3400,.T.);
#3105=EDGE_CURVE('',#2502,#2557,#3401,.T.);
#3106=EDGE_CURVE('',#2497,#2498,#285,.T.);
#3107=EDGE_CURVE('',#2558,#2461,#3402,.T.);
#3108=EDGE_CURVE('',#2493,#2558,#3403,.T.);
#3109=EDGE_CURVE('',#2484,#2489,#286,.T.);
#3110=EDGE_CURVE('',#2559,#2233,#3404,.T.);
#3111=EDGE_CURVE('',#2480,#2559,#3405,.T.);
#3112=EDGE_CURVE('',#2560,#2229,#3406,.T.);
#3113=EDGE_CURVE('',#2203,#2560,#3407,.T.);
#3114=EDGE_CURVE('',#2201,#2486,#287,.T.);
#3115=EDGE_CURVE('',#2560,#2366,#3408,.T.);
#3116=EDGE_CURVE('',#2559,#2392,#3409,.T.);
#3117=EDGE_CURVE('',#2558,#2384,#3410,.T.);
#3118=EDGE_CURVE('',#2557,#2378,#3411,.T.);
#3119=EDGE_CURVE('',#2556,#2360,#3412,.T.);
#3120=EDGE_CURVE('',#2555,#2372,#3413,.T.);
#3121=LINE('',#5003,#3414);
#3122=LINE('',#5006,#3415);
#3123=LINE('',#5008,#3416);
#3124=LINE('',#5010,#3417);
#3125=LINE('',#5033,#3418);
#3126=LINE('',#5065,#3419);
#3127=LINE('',#5082,#3420);
#3128=LINE('',#5105,#3421);
#3129=LINE('',#5107,#3422);
#3130=LINE('',#5109,#3423);
#3131=LINE('',#5132,#3424);
#3132=LINE('',#5139,#3425);
#3133=LINE('',#5142,#3426);
#3134=LINE('',#5144,#3427);
#3135=LINE('',#5146,#3428);
#3136=LINE('',#5179,#3429);
#3137=LINE('',#5181,#3430);
#3138=LINE('',#5183,#3431);
#3139=LINE('',#5213,#3432);
#3140=LINE('',#5215,#3433);
#3141=LINE('',#5217,#3434);
#3142=LINE('',#5222,#3435);
#3143=LINE('',#5226,#3436);
#3144=LINE('',#5231,#3437);
#3145=LINE('',#5235,#3438);
#3146=LINE('',#5240,#3439);
#3147=LINE('',#5244,#3440);
#3148=LINE('',#5249,#3441);
#3149=LINE('',#5253,#3442);
#3150=LINE('',#5258,#3443);
#3151=LINE('',#5262,#3444);
#3152=LINE('',#5264,#3445);
#3153=LINE('',#5269,#3446);
#3154=LINE('',#5273,#3447);
#3155=LINE('',#5278,#3448);
#3156=LINE('',#5282,#3449);
#3157=LINE('',#5287,#3450);
#3158=LINE('',#5291,#3451);
#3159=LINE('',#5296,#3452);
#3160=LINE('',#5300,#3453);
#3161=LINE('',#5305,#3454);
#3162=LINE('',#5639,#3455);
#3163=LINE('',#5641,#3456);
#3164=LINE('',#5645,#3457);
#3165=LINE('',#5647,#3458);
#3166=LINE('',#5651,#3459);
#3167=LINE('',#5653,#3460);
#3168=LINE('',#5657,#3461);
#3169=LINE('',#5659,#3462);
#3170=LINE('',#5663,#3463);
#3171=LINE('',#5665,#3464);
#3172=LINE('',#5669,#3465);
#3173=LINE('',#5671,#3466);
#3174=LINE('',#5675,#3467);
#3175=LINE('',#5677,#3468);
#3176=LINE('',#5681,#3469);
#3177=LINE('',#5683,#3470);
#3178=LINE('',#5687,#3471);
#3179=LINE('',#5689,#3472);
#3180=LINE('',#5693,#3473);
#3181=LINE('',#5695,#3474);
#3182=LINE('',#5699,#3475);
#3183=LINE('',#5701,#3476);
#3184=LINE('',#5705,#3477);
#3185=LINE('',#5707,#3478);
#3186=LINE('',#5711,#3479);
#3187=LINE('',#5713,#3480);
#3188=LINE('',#5717,#3481);
#3189=LINE('',#5719,#3482);
#3190=LINE('',#5723,#3483);
#3191=LINE('',#5725,#3484);
#3192=LINE('',#6252,#3485);
#3193=LINE('',#6255,#3486);
#3194=LINE('',#6259,#3487);
#3195=LINE('',#6261,#3488);
#3196=LINE('',#6263,#3489);
#3197=LINE('',#6264,#3490);
#3198=LINE('',#6265,#3491);
#3199=LINE('',#6267,#3492);
#3200=LINE('',#6271,#3493);
#3201=LINE('',#6273,#3494);
#3202=LINE('',#6275,#3495);
#3203=LINE('',#6278,#3496);
#3204=LINE('',#6280,#3497);
#3205=LINE('',#6282,#3498);
#3206=LINE('',#6285,#3499);
#3207=LINE('',#6289,#3500);
#3208=LINE('',#6291,#3501);
#3209=LINE('',#6293,#3502);
#3210=LINE('',#6294,#3503);
#3211=LINE('',#6295,#3504);
#3212=LINE('',#6297,#3505);
#3213=LINE('',#6300,#3506);
#3214=LINE('',#6304,#3507);
#3215=LINE('',#6306,#3508);
#3216=LINE('',#6308,#3509);
#3217=LINE('',#6309,#3510);
#3218=LINE('',#6310,#3511);
#3219=LINE('',#6312,#3512);
#3220=LINE('',#6315,#3513);
#3221=LINE('',#6319,#3514);
#3222=LINE('',#6321,#3515);
#3223=LINE('',#6323,#3516);
#3224=LINE('',#6327,#3517);
#3225=LINE('',#6328,#3518);
#3226=LINE('',#6330,#3519);
#3227=LINE('',#6333,#3520);
#3228=LINE('',#6337,#3521);
#3229=LINE('',#6339,#3522);
#3230=LINE('',#6341,#3523);
#3231=LINE('',#6342,#3524);
#3232=LINE('',#6343,#3525);
#3233=LINE('',#6717,#3526);
#3234=LINE('',#6721,#3527);
#3235=LINE('',#6723,#3528);
#3236=LINE('',#6727,#3529);
#3237=LINE('',#6729,#3530);
#3238=LINE('',#6733,#3531);
#3239=LINE('',#6735,#3532);
#3240=LINE('',#6739,#3533);
#3241=LINE('',#6741,#3534);
#3242=LINE('',#6745,#3535);
#3243=LINE('',#6747,#3536);
#3244=LINE('',#6751,#3537);
#3245=LINE('',#6753,#3538);
#3246=LINE('',#6757,#3539);
#3247=LINE('',#6759,#3540);
#3248=LINE('',#6763,#3541);
#3249=LINE('',#6765,#3542);
#3250=LINE('',#6769,#3543);
#3251=LINE('',#6771,#3544);
#3252=LINE('',#6775,#3545);
#3253=LINE('',#6777,#3546);
#3254=LINE('',#6781,#3547);
#3255=LINE('',#6783,#3548);
#3256=LINE('',#6787,#3549);
#3257=LINE('',#6789,#3550);
#3258=LINE('',#6793,#3551);
#3259=LINE('',#6795,#3552);
#3260=LINE('',#6799,#3553);
#3261=LINE('',#6801,#3554);
#3262=LINE('',#6805,#3555);
#3263=LINE('',#6807,#3556);
#3264=LINE('',#6811,#3557);
#3265=LINE('',#6813,#3558);
#3266=LINE('',#6817,#3559);
#3267=LINE('',#6819,#3560);
#3268=LINE('',#6823,#3561);
#3269=LINE('',#7097,#3562);
#3270=LINE('',#7101,#3563);
#3271=LINE('',#7103,#3564);
#3272=LINE('',#7107,#3565);
#3273=LINE('',#7141,#3566);
#3274=LINE('',#7145,#3567);
#3275=LINE('',#7149,#3568);
#3276=LINE('',#7208,#3569);
#3277=LINE('',#7210,#3570);
#3278=LINE('',#7212,#3571);
#3279=LINE('',#7214,#3572);
#3280=LINE('',#7216,#3573);
#3281=LINE('',#7218,#3574);
#3282=LINE('',#7221,#3575);
#3283=LINE('',#7223,#3576);
#3284=LINE('',#7224,#3577);
#3285=LINE('',#7226,#3578);
#3286=LINE('',#7229,#3579);
#3287=LINE('',#7231,#3580);
#3288=LINE('',#7232,#3581);
#3289=LINE('',#7234,#3582);
#3290=LINE('',#7236,#3583);
#3291=LINE('',#7238,#3584);
#3292=LINE('',#7240,#3585);
#3293=LINE('',#7242,#3586);
#3294=LINE('',#7244,#3587);
#3295=LINE('',#7246,#3588);
#3296=LINE('',#7248,#3589);
#3297=LINE('',#7252,#3590);
#3298=LINE('',#7254,#3591);
#3299=LINE('',#7256,#3592);
#3300=LINE('',#7258,#3593);
#3301=LINE('',#7260,#3594);
#3302=LINE('',#7262,#3595);
#3303=LINE('',#7264,#3596);
#3304=LINE('',#7266,#3597);
#3305=LINE('',#7268,#3598);
#3306=LINE('',#7270,#3599);
#3307=LINE('',#7272,#3600);
#3308=LINE('',#7274,#3601);
#3309=LINE('',#7276,#3602);
#3310=LINE('',#7278,#3603);
#3311=LINE('',#7280,#3604);
#3312=LINE('',#7282,#3605);
#3313=LINE('',#7286,#3606);
#3314=LINE('',#7288,#3607);
#3315=LINE('',#7290,#3608);
#3316=LINE('',#7292,#3609);
#3317=LINE('',#7294,#3610);
#3318=LINE('',#7296,#3611);
#3319=LINE('',#7298,#3612);
#3320=LINE('',#7300,#3613);
#3321=LINE('',#7302,#3614);
#3322=LINE('',#7304,#3615);
#3323=LINE('',#7306,#3616);
#3324=LINE('',#7310,#3617);
#3325=LINE('',#7312,#3618);
#3326=LINE('',#7314,#3619);
#3327=LINE('',#7316,#3620);
#3328=LINE('',#7318,#3621);
#3329=LINE('',#7320,#3622);
#3330=LINE('',#7322,#3623);
#3331=LINE('',#7324,#3624);
#3332=LINE('',#7326,#3625);
#3333=LINE('',#7328,#3626);
#3334=LINE('',#7330,#3627);
#3335=LINE('',#7337,#3628);
#3336=LINE('',#7338,#3629);
#3337=LINE('',#7340,#3630);
#3338=LINE('',#7342,#3631);
#3339=LINE('',#7344,#3632);
#3340=LINE('',#7346,#3633);
#3341=LINE('',#7348,#3634);
#3342=LINE('',#7350,#3635);
#3343=LINE('',#7352,#3636);
#3344=LINE('',#7354,#3637);
#3345=LINE('',#7356,#3638);
#3346=LINE('',#7358,#3639);
#3347=LINE('',#7361,#3640);
#3348=LINE('',#7363,#3641);
#3349=LINE('',#7364,#3642);
#3350=LINE('',#7366,#3643);
#3351=LINE('',#7369,#3644);
#3352=LINE('',#7371,#3645);
#3353=LINE('',#7372,#3646);
#3354=LINE('',#7374,#3647);
#3355=LINE('',#7376,#3648);
#3356=LINE('',#7378,#3649);
#3357=LINE('',#7381,#3650);
#3358=LINE('',#7383,#3651);
#3359=LINE('',#7384,#3652);
#3360=LINE('',#7386,#3653);
#3361=LINE('',#7389,#3654);
#3362=LINE('',#7391,#3655);
#3363=LINE('',#7392,#3656);
#3364=LINE('',#7394,#3657);
#3365=LINE('',#7396,#3658);
#3366=LINE('',#7398,#3659);
#3367=LINE('',#7401,#3660);
#3368=LINE('',#7403,#3661);
#3369=LINE('',#7404,#3662);
#3370=LINE('',#7406,#3663);
#3371=LINE('',#7409,#3664);
#3372=LINE('',#7411,#3665);
#3373=LINE('',#7412,#3666);
#3374=LINE('',#7414,#3667);
#3375=LINE('',#7416,#3668);
#3376=LINE('',#7418,#3669);
#3377=LINE('',#7421,#3670);
#3378=LINE('',#7423,#3671);
#3379=LINE('',#7424,#3672);
#3380=LINE('',#7426,#3673);
#3381=LINE('',#7429,#3674);
#3382=LINE('',#7431,#3675);
#3383=LINE('',#7432,#3676);
#3384=LINE('',#7434,#3677);
#3385=LINE('',#7436,#3678);
#3386=LINE('',#7438,#3679);
#3387=LINE('',#7441,#3680);
#3388=LINE('',#7443,#3681);
#3389=LINE('',#7444,#3682);
#3390=LINE('',#7446,#3683);
#3391=LINE('',#7449,#3684);
#3392=LINE('',#7451,#3685);
#3393=LINE('',#7452,#3686);
#3394=LINE('',#7454,#3687);
#3395=LINE('',#7456,#3688);
#3396=LINE('',#7490,#3689);
#3397=LINE('',#7492,#3690);
#3398=LINE('',#7496,#3691);
#3399=LINE('',#7498,#3692);
#3400=LINE('',#7502,#3693);
#3401=LINE('',#7504,#3694);
#3402=LINE('',#7508,#3695);
#3403=LINE('',#7510,#3696);
#3404=LINE('',#7514,#3697);
#3405=LINE('',#7516,#3698);
#3406=LINE('',#7518,#3699);
#3407=LINE('',#7520,#3700);
#3408=LINE('',#7524,#3701);
#3409=LINE('',#7527,#3702);
#3410=LINE('',#7530,#3703);
#3411=LINE('',#7533,#3704);
#3412=LINE('',#7536,#3705);
#3413=LINE('',#7539,#3706);
#3414=VECTOR('',#4043,1.);
#3415=VECTOR('',#4044,1.);
#3416=VECTOR('',#4045,1.);
#3417=VECTOR('',#4046,1.);
#3418=VECTOR('',#4049,1.);
#3419=VECTOR('',#4050,1.);
#3420=VECTOR('',#4051,1.);
#3421=VECTOR('',#4054,1.);
#3422=VECTOR('',#4055,1.);
#3423=VECTOR('',#4056,1.);
#3424=VECTOR('',#4057,1.);
#3425=VECTOR('',#4060,1.);
#3426=VECTOR('',#4061,1.);
#3427=VECTOR('',#4062,1.);
#3428=VECTOR('',#4063,1.);
#3429=VECTOR('',#4064,1.);
#3430=VECTOR('',#4065,1.);
#3431=VECTOR('',#4066,1.);
#3432=VECTOR('',#4067,1.);
#3433=VECTOR('',#4068,1.);
#3434=VECTOR('',#4069,1.);
#3435=VECTOR('',#4074,1.);
#3436=VECTOR('',#4077,1.);
#3437=VECTOR('',#4082,1.);
#3438=VECTOR('',#4085,1.);
#3439=VECTOR('',#4090,1.);
#3440=VECTOR('',#4093,1.);
#3441=VECTOR('',#4098,1.);
#3442=VECTOR('',#4101,1.);
#3443=VECTOR('',#4106,1.);
#3444=VECTOR('',#4109,1.);
#3445=VECTOR('',#4112,1.);
#3446=VECTOR('',#4115,1.);
#3447=VECTOR('',#4120,1.);
#3448=VECTOR('',#4123,1.);
#3449=VECTOR('',#4128,1.);
#3450=VECTOR('',#4131,1.);
#3451=VECTOR('',#4136,1.);
#3452=VECTOR('',#4139,1.);
#3453=VECTOR('',#4144,1.);
#3454=VECTOR('',#4147,1.);
#3455=VECTOR('',#4202,1.);
#3456=VECTOR('',#4203,1.);
#3457=VECTOR('',#4208,1.);
#3458=VECTOR('',#4209,1.);
#3459=VECTOR('',#4214,1.);
#3460=VECTOR('',#4215,1.);
#3461=VECTOR('',#4220,1.);
#3462=VECTOR('',#4221,1.);
#3463=VECTOR('',#4226,1.);
#3464=VECTOR('',#4227,1.);
#3465=VECTOR('',#4232,1.);
#3466=VECTOR('',#4233,1.);
#3467=VECTOR('',#4238,1.);
#3468=VECTOR('',#4239,1.);
#3469=VECTOR('',#4244,1.);
#3470=VECTOR('',#4245,1.);
#3471=VECTOR('',#4250,1.);
#3472=VECTOR('',#4251,1.);
#3473=VECTOR('',#4256,1.);
#3474=VECTOR('',#4257,1.);
#3475=VECTOR('',#4262,1.);
#3476=VECTOR('',#4263,1.);
#3477=VECTOR('',#4268,1.);
#3478=VECTOR('',#4269,1.);
#3479=VECTOR('',#4274,1.);
#3480=VECTOR('',#4275,1.);
#3481=VECTOR('',#4280,1.);
#3482=VECTOR('',#4281,1.);
#3483=VECTOR('',#4286,1.);
#3484=VECTOR('',#4287,1.);
#3485=VECTOR('',#4364,1.);
#3486=VECTOR('',#4365,1.);
#3487=VECTOR('',#4368,1.);
#3488=VECTOR('',#4369,1.);
#3489=VECTOR('',#4370,1.);
#3490=VECTOR('',#4371,1.);
#3491=VECTOR('',#4372,1.);
#3492=VECTOR('',#4375,1.);
#3493=VECTOR('',#4378,1.);
#3494=VECTOR('',#4379,1.);
#3495=VECTOR('',#4380,1.);
#3496=VECTOR('',#4383,1.);
#3497=VECTOR('',#4384,1.);
#3498=VECTOR('',#4387,1.);
#3499=VECTOR('',#4388,1.);
#3500=VECTOR('',#4391,1.);
#3501=VECTOR('',#4392,1.);
#3502=VECTOR('',#4393,1.);
#3503=VECTOR('',#4394,1.);
#3504=VECTOR('',#4395,1.);
#3505=VECTOR('',#4398,1.);
#3506=VECTOR('',#4399,1.);
#3507=VECTOR('',#4402,1.);
#3508=VECTOR('',#4403,1.);
#3509=VECTOR('',#4404,1.);
#3510=VECTOR('',#4405,1.);
#3511=VECTOR('',#4406,1.);
#3512=VECTOR('',#4409,1.);
#3513=VECTOR('',#4410,1.);
#3514=VECTOR('',#4413,1.);
#3515=VECTOR('',#4414,1.);
#3516=VECTOR('',#4415,1.);
#3517=VECTOR('',#4418,1.);
#3518=VECTOR('',#4419,1.);
#3519=VECTOR('',#4422,1.);
#3520=VECTOR('',#4423,1.);
#3521=VECTOR('',#4426,1.);
#3522=VECTOR('',#4427,1.);
#3523=VECTOR('',#4428,1.);
#3524=VECTOR('',#4429,1.);
#3525=VECTOR('',#4430,1.);
#3526=VECTOR('',#4481,1.);
#3527=VECTOR('',#4484,1.);
#3528=VECTOR('',#4487,1.);
#3529=VECTOR('',#4490,1.);
#3530=VECTOR('',#4493,1.);
#3531=VECTOR('',#4496,1.);
#3532=VECTOR('',#4499,1.);
#3533=VECTOR('',#4502,1.);
#3534=VECTOR('',#4505,1.);
#3535=VECTOR('',#4508,1.);
#3536=VECTOR('',#4511,1.);
#3537=VECTOR('',#4514,1.);
#3538=VECTOR('',#4517,1.);
#3539=VECTOR('',#4520,1.);
#3540=VECTOR('',#4523,1.);
#3541=VECTOR('',#4526,1.);
#3542=VECTOR('',#4529,1.);
#3543=VECTOR('',#4532,1.);
#3544=VECTOR('',#4535,1.);
#3545=VECTOR('',#4538,1.);
#3546=VECTOR('',#4541,1.);
#3547=VECTOR('',#4544,1.);
#3548=VECTOR('',#4547,1.);
#3549=VECTOR('',#4550,1.);
#3550=VECTOR('',#4553,1.);
#3551=VECTOR('',#4556,1.);
#3552=VECTOR('',#4559,1.);
#3553=VECTOR('',#4562,1.);
#3554=VECTOR('',#4565,1.);
#3555=VECTOR('',#4568,1.);
#3556=VECTOR('',#4571,1.);
#3557=VECTOR('',#4574,1.);
#3558=VECTOR('',#4577,1.);
#3559=VECTOR('',#4580,1.);
#3560=VECTOR('',#4583,1.);
#3561=VECTOR('',#4586,1.);
#3562=VECTOR('',#4611,1.);
#3563=VECTOR('',#4614,1.);
#3564=VECTOR('',#4617,1.);
#3565=VECTOR('',#4620,1.);
#3566=VECTOR('',#4631,1.);
#3567=VECTOR('',#4636,1.);
#3568=VECTOR('',#4641,1.);
#3569=VECTOR('',#4652,1.);
#3570=VECTOR('',#4655,1.);
#3571=VECTOR('',#4656,1.);
#3572=VECTOR('',#4657,1.);
#3573=VECTOR('',#4658,1.);
#3574=VECTOR('',#4661,1.);
#3575=VECTOR('',#4662,1.);
#3576=VECTOR('',#4663,1.);
#3577=VECTOR('',#4664,1.);
#3578=VECTOR('',#4667,1.);
#3579=VECTOR('',#4668,1.);
#3580=VECTOR('',#4669,1.);
#3581=VECTOR('',#4670,1.);
#3582=VECTOR('',#4673,1.);
#3583=VECTOR('',#4676,1.);
#3584=VECTOR('',#4679,1.);
#3585=VECTOR('',#4680,1.);
#3586=VECTOR('',#4681,1.);
#3587=VECTOR('',#4682,1.);
#3588=VECTOR('',#4683,1.);
#3589=VECTOR('',#4684,1.);
#3590=VECTOR('',#4689,1.);
#3591=VECTOR('',#4692,1.);
#3592=VECTOR('',#4693,1.);
#3593=VECTOR('',#4694,1.);
#3594=VECTOR('',#4695,1.);
#3595=VECTOR('',#4698,1.);
#3596=VECTOR('',#4699,1.);
#3597=VECTOR('',#4700,1.);
#3598=VECTOR('',#4701,1.);
#3599=VECTOR('',#4702,1.);
#3600=VECTOR('',#4705,1.);
#3601=VECTOR('',#4706,1.);
#3602=VECTOR('',#4707,1.);
#3603=VECTOR('',#4708,1.);
#3604=VECTOR('',#4709,1.);
#3605=VECTOR('',#4710,1.);
#3606=VECTOR('',#4717,1.);
#3607=VECTOR('',#4718,1.);
#3608=VECTOR('',#4719,1.);
#3609=VECTOR('',#4720,1.);
#3610=VECTOR('',#4721,1.);
#3611=VECTOR('',#4724,1.);
#3612=VECTOR('',#4725,1.);
#3613=VECTOR('',#4726,1.);
#3614=VECTOR('',#4727,1.);
#3615=VECTOR('',#4728,1.);
#3616=VECTOR('',#4729,1.);
#3617=VECTOR('',#4736,1.);
#3618=VECTOR('',#4737,1.);
#3619=VECTOR('',#4738,1.);
#3620=VECTOR('',#4739,1.);
#3621=VECTOR('',#4740,1.);
#3622=VECTOR('',#4743,1.);
#3623=VECTOR('',#4744,1.);
#3624=VECTOR('',#4745,1.);
#3625=VECTOR('',#4746,1.);
#3626=VECTOR('',#4747,1.);
#3627=VECTOR('',#4748,1.);
#3628=VECTOR('',#4757,1.);
#3629=VECTOR('',#4758,1.);
#3630=VECTOR('',#4761,1.);
#3631=VECTOR('',#4762,1.);
#3632=VECTOR('',#4763,1.);
#3633=VECTOR('',#4764,1.);
#3634=VECTOR('',#4767,1.);
#3635=VECTOR('',#4768,1.);
#3636=VECTOR('',#4769,1.);
#3637=VECTOR('',#4770,1.);
#3638=VECTOR('',#4771,1.);
#3639=VECTOR('',#4774,1.);
#3640=VECTOR('',#4775,1.);
#3641=VECTOR('',#4776,1.);
#3642=VECTOR('',#4777,1.);
#3643=VECTOR('',#4780,1.);
#3644=VECTOR('',#4781,1.);
#3645=VECTOR('',#4782,1.);
#3646=VECTOR('',#4783,1.);
#3647=VECTOR('',#4786,1.);
#3648=VECTOR('',#4789,1.);
#3649=VECTOR('',#4792,1.);
#3650=VECTOR('',#4793,1.);
#3651=VECTOR('',#4794,1.);
#3652=VECTOR('',#4795,1.);
#3653=VECTOR('',#4798,1.);
#3654=VECTOR('',#4799,1.);
#3655=VECTOR('',#4800,1.);
#3656=VECTOR('',#4801,1.);
#3657=VECTOR('',#4804,1.);
#3658=VECTOR('',#4807,1.);
#3659=VECTOR('',#4810,1.);
#3660=VECTOR('',#4811,1.);
#3661=VECTOR('',#4812,1.);
#3662=VECTOR('',#4813,1.);
#3663=VECTOR('',#4816,1.);
#3664=VECTOR('',#4817,1.);
#3665=VECTOR('',#4818,1.);
#3666=VECTOR('',#4819,1.);
#3667=VECTOR('',#4822,1.);
#3668=VECTOR('',#4825,1.);
#3669=VECTOR('',#4828,1.);
#3670=VECTOR('',#4829,1.);
#3671=VECTOR('',#4830,1.);
#3672=VECTOR('',#4831,1.);
#3673=VECTOR('',#4834,1.);
#3674=VECTOR('',#4835,1.);
#3675=VECTOR('',#4836,1.);
#3676=VECTOR('',#4837,1.);
#3677=VECTOR('',#4840,1.);
#3678=VECTOR('',#4843,1.);
#3679=VECTOR('',#4846,1.);
#3680=VECTOR('',#4847,1.);
#3681=VECTOR('',#4848,1.);
#3682=VECTOR('',#4849,1.);
#3683=VECTOR('',#4852,1.);
#3684=VECTOR('',#4853,1.);
#3685=VECTOR('',#4854,1.);
#3686=VECTOR('',#4855,1.);
#3687=VECTOR('',#4858,1.);
#3688=VECTOR('',#4861,1.);
#3689=VECTOR('',#4928,1.);
#3690=VECTOR('',#4929,1.);
#3691=VECTOR('',#4936,1.);
#3692=VECTOR('',#4937,1.);
#3693=VECTOR('',#4944,1.);
#3694=VECTOR('',#4945,1.);
#3695=VECTOR('',#4952,1.);
#3696=VECTOR('',#4953,1.);
#3697=VECTOR('',#4960,1.);
#3698=VECTOR('',#4961,1.);
#3699=VECTOR('',#4964,1.);
#3700=VECTOR('',#4965,1.);
#3701=VECTOR('',#4972,1.);
#3702=VECTOR('',#4977,1.);
#3703=VECTOR('',#4982,1.);
#3704=VECTOR('',#4987,1.);
#3705=VECTOR('',#4992,1.);
#3706=VECTOR('',#4997,1.);
#3707=AXIS2_PLACEMENT_3D('',#5002,#4041,#4042);
#3708=AXIS2_PLACEMENT_3D('',#5011,#4047,#4048);
#3709=AXIS2_PLACEMENT_3D('',#5083,#4052,#4053);
#3710=AXIS2_PLACEMENT_3D('',#5138,#4058,#4059);
#3711=AXIS2_PLACEMENT_3D('',#5218,#4070,#4071);
#3712=AXIS2_PLACEMENT_3D('',#5219,#4072,#4073);
#3713=AXIS2_PLACEMENT_3D('',#5224,#4075,#4076);
#3714=AXIS2_PLACEMENT_3D('',#5227,#4078,#4079);
#3715=AXIS2_PLACEMENT_3D('',#5228,#4080,#4081);
#3716=AXIS2_PLACEMENT_3D('',#5233,#4083,#4084);
#3717=AXIS2_PLACEMENT_3D('',#5236,#4086,#4087);
#3718=AXIS2_PLACEMENT_3D('',#5237,#4088,#4089);
#3719=AXIS2_PLACEMENT_3D('',#5242,#4091,#4092);
#3720=AXIS2_PLACEMENT_3D('',#5245,#4094,#4095);
#3721=AXIS2_PLACEMENT_3D('',#5246,#4096,#4097);
#3722=AXIS2_PLACEMENT_3D('',#5251,#4099,#4100);
#3723=AXIS2_PLACEMENT_3D('',#5254,#4102,#4103);
#3724=AXIS2_PLACEMENT_3D('',#5255,#4104,#4105);
#3725=AXIS2_PLACEMENT_3D('',#5260,#4107,#4108);
#3726=AXIS2_PLACEMENT_3D('',#5263,#4110,#4111);
#3727=AXIS2_PLACEMENT_3D('',#5267,#4113,#4114);
#3728=AXIS2_PLACEMENT_3D('',#5271,#4116,#4117);
#3729=AXIS2_PLACEMENT_3D('',#5272,#4118,#4119);
#3730=AXIS2_PLACEMENT_3D('',#5276,#4121,#4122);
#3731=AXIS2_PLACEMENT_3D('',#5280,#4124,#4125);
#3732=AXIS2_PLACEMENT_3D('',#5281,#4126,#4127);
#3733=AXIS2_PLACEMENT_3D('',#5285,#4129,#4130);
#3734=AXIS2_PLACEMENT_3D('',#5289,#4132,#4133);
#3735=AXIS2_PLACEMENT_3D('',#5290,#4134,#4135);
#3736=AXIS2_PLACEMENT_3D('',#5294,#4137,#4138);
#3737=AXIS2_PLACEMENT_3D('',#5298,#4140,#4141);
#3738=AXIS2_PLACEMENT_3D('',#5299,#4142,#4143);
#3739=AXIS2_PLACEMENT_3D('',#5303,#4145,#4146);
#3740=AXIS2_PLACEMENT_3D('',#5307,#4148,#4149);
#3741=AXIS2_PLACEMENT_3D('',#5308,#4150,#4151);
#3742=AXIS2_PLACEMENT_3D('',#5315,#4152,#4153);
#3743=AXIS2_PLACEMENT_3D('',#5325,#4154,#4155);
#3744=AXIS2_PLACEMENT_3D('',#5326,#4156,#4157);
#3745=AXIS2_PLACEMENT_3D('',#5336,#4158,#4159);
#3746=AXIS2_PLACEMENT_3D('',#5343,#4160,#4161);
#3747=AXIS2_PLACEMENT_3D('',#5344,#4162,#4163);
#3748=AXIS2_PLACEMENT_3D('',#5351,#4164,#4165);
#3749=AXIS2_PLACEMENT_3D('',#5358,#4166,#4167);
#3750=AXIS2_PLACEMENT_3D('',#5359,#4168,#4169);
#3751=AXIS2_PLACEMENT_3D('',#5366,#4170,#4171);
#3752=AXIS2_PLACEMENT_3D('',#5373,#4172,#4173);
#3753=AXIS2_PLACEMENT_3D('',#5374,#4174,#4175);
#3754=AXIS2_PLACEMENT_3D('',#5384,#4176,#4177);
#3755=AXIS2_PLACEMENT_3D('',#5391,#4178,#4179);
#3756=AXIS2_PLACEMENT_3D('',#5392,#4180,#4181);
#3757=AXIS2_PLACEMENT_3D('',#5439,#4182,#4183);
#3758=AXIS2_PLACEMENT_3D('',#5440,#4184,#4185);
#3759=AXIS2_PLACEMENT_3D('',#5490,#4186,#4187);
#3760=AXIS2_PLACEMENT_3D('',#5491,#4188,#4189);
#3761=AXIS2_PLACEMENT_3D('',#5538,#4190,#4191);
#3762=AXIS2_PLACEMENT_3D('',#5539,#4192,#4193);
#3763=AXIS2_PLACEMENT_3D('',#5589,#4194,#4195);
#3764=AXIS2_PLACEMENT_3D('',#5590,#4196,#4197);
#3765=AXIS2_PLACEMENT_3D('',#5637,#4198,#4199);
#3766=AXIS2_PLACEMENT_3D('',#5638,#4200,#4201);
#3767=AXIS2_PLACEMENT_3D('',#5643,#4204,#4205);
#3768=AXIS2_PLACEMENT_3D('',#5644,#4206,#4207);
#3769=AXIS2_PLACEMENT_3D('',#5649,#4210,#4211);
#3770=AXIS2_PLACEMENT_3D('',#5650,#4212,#4213);
#3771=AXIS2_PLACEMENT_3D('',#5655,#4216,#4217);
#3772=AXIS2_PLACEMENT_3D('',#5656,#4218,#4219);
#3773=AXIS2_PLACEMENT_3D('',#5661,#4222,#4223);
#3774=AXIS2_PLACEMENT_3D('',#5662,#4224,#4225);
#3775=AXIS2_PLACEMENT_3D('',#5667,#4228,#4229);
#3776=AXIS2_PLACEMENT_3D('',#5668,#4230,#4231);
#3777=AXIS2_PLACEMENT_3D('',#5673,#4234,#4235);
#3778=AXIS2_PLACEMENT_3D('',#5674,#4236,#4237);
#3779=AXIS2_PLACEMENT_3D('',#5679,#4240,#4241);
#3780=AXIS2_PLACEMENT_3D('',#5680,#4242,#4243);
#3781=AXIS2_PLACEMENT_3D('',#5685,#4246,#4247);
#3782=AXIS2_PLACEMENT_3D('',#5686,#4248,#4249);
#3783=AXIS2_PLACEMENT_3D('',#5691,#4252,#4253);
#3784=AXIS2_PLACEMENT_3D('',#5692,#4254,#4255);
#3785=AXIS2_PLACEMENT_3D('',#5697,#4258,#4259);
#3786=AXIS2_PLACEMENT_3D('',#5698,#4260,#4261);
#3787=AXIS2_PLACEMENT_3D('',#5703,#4264,#4265);
#3788=AXIS2_PLACEMENT_3D('',#5704,#4266,#4267);
#3789=AXIS2_PLACEMENT_3D('',#5709,#4270,#4271);
#3790=AXIS2_PLACEMENT_3D('',#5710,#4272,#4273);
#3791=AXIS2_PLACEMENT_3D('',#5715,#4276,#4277);
#3792=AXIS2_PLACEMENT_3D('',#5716,#4278,#4279);
#3793=AXIS2_PLACEMENT_3D('',#5721,#4282,#4283);
#3794=AXIS2_PLACEMENT_3D('',#5722,#4284,#4285);
#3795=AXIS2_PLACEMENT_3D('',#5727,#4288,#4289);
#3796=AXIS2_PLACEMENT_3D('',#5728,#4290,#4291);
#3797=AXIS2_PLACEMENT_3D('',#5769,#4292,#4293);
#3798=AXIS2_PLACEMENT_3D('',#5770,#4294,#4295);
#3799=AXIS2_PLACEMENT_3D('',#5814,#4296,#4297);
#3800=AXIS2_PLACEMENT_3D('',#5815,#4298,#4299);
#3801=AXIS2_PLACEMENT_3D('',#5856,#4300,#4301);
#3802=AXIS2_PLACEMENT_3D('',#5857,#4302,#4303);
#3803=AXIS2_PLACEMENT_3D('',#5898,#4304,#4305);
#3804=AXIS2_PLACEMENT_3D('',#5899,#4306,#4307);
#3805=AXIS2_PLACEMENT_3D('',#5940,#4308,#4309);
#3806=AXIS2_PLACEMENT_3D('',#5941,#4310,#4311);
#3807=AXIS2_PLACEMENT_3D('',#5955,#4312,#4313);
#3808=AXIS2_PLACEMENT_3D('',#5956,#4314,#4315);
#3809=AXIS2_PLACEMENT_3D('',#5963,#4316,#4317);
#3810=AXIS2_PLACEMENT_3D('',#5964,#4318,#4319);
#3811=AXIS2_PLACEMENT_3D('',#5965,#4320,#4321);
#3812=AXIS2_PLACEMENT_3D('',#5973,#4322,#4323);
#3813=AXIS2_PLACEMENT_3D('',#5987,#4324,#4325);
#3814=AXIS2_PLACEMENT_3D('',#5993,#4326,#4327);
#3815=AXIS2_PLACEMENT_3D('',#5994,#4328,#4329);
#3816=AXIS2_PLACEMENT_3D('',#6005,#4330,#4331);
#3817=AXIS2_PLACEMENT_3D('',#6016,#4332,#4333);
#3818=AXIS2_PLACEMENT_3D('',#6022,#4334,#4335);
#3819=AXIS2_PLACEMENT_3D('',#6023,#4336,#4337);
#3820=AXIS2_PLACEMENT_3D('',#6031,#4338,#4339);
#3821=AXIS2_PLACEMENT_3D('',#6045,#4340,#4341);
#3822=AXIS2_PLACEMENT_3D('',#6054,#4342,#4343);
#3823=AXIS2_PLACEMENT_3D('',#6055,#4344,#4345);
#3824=AXIS2_PLACEMENT_3D('',#6063,#4346,#4347);
#3825=AXIS2_PLACEMENT_3D('',#6077,#4348,#4349);
#3826=AXIS2_PLACEMENT_3D('',#6083,#4350,#4351);
#3827=AXIS2_PLACEMENT_3D('',#6116,#4352,#4353);
#3828=AXIS2_PLACEMENT_3D('',#6149,#4354,#4355);
#3829=AXIS2_PLACEMENT_3D('',#6182,#4356,#4357);
#3830=AXIS2_PLACEMENT_3D('',#6200,#4358,#4359);
#3831=AXIS2_PLACEMENT_3D('',#6218,#4360,#4361);
#3832=AXIS2_PLACEMENT_3D('',#6251,#4362,#4363);
#3833=AXIS2_PLACEMENT_3D('',#6257,#4366,#4367);
#3834=AXIS2_PLACEMENT_3D('',#6266,#4373,#4374);
#3835=AXIS2_PLACEMENT_3D('',#6269,#4376,#4377);
#3836=AXIS2_PLACEMENT_3D('',#6277,#4381,#4382);
#3837=AXIS2_PLACEMENT_3D('',#6281,#4385,#4386);
#3838=AXIS2_PLACEMENT_3D('',#6287,#4389,#4390);
#3839=AXIS2_PLACEMENT_3D('',#6296,#4396,#4397);
#3840=AXIS2_PLACEMENT_3D('',#6302,#4400,#4401);
#3841=AXIS2_PLACEMENT_3D('',#6311,#4407,#4408);
#3842=AXIS2_PLACEMENT_3D('',#6317,#4411,#4412);
#3843=AXIS2_PLACEMENT_3D('',#6325,#4416,#4417);
#3844=AXIS2_PLACEMENT_3D('',#6329,#4420,#4421);
#3845=AXIS2_PLACEMENT_3D('',#6335,#4424,#4425);
#3846=AXIS2_PLACEMENT_3D('',#6344,#4431,#4432);
#3847=AXIS2_PLACEMENT_3D('',#6350,#4433,#4434);
#3848=AXIS2_PLACEMENT_3D('',#6356,#4435,#4436);
#3849=AXIS2_PLACEMENT_3D('',#6362,#4437,#4438);
#3850=AXIS2_PLACEMENT_3D('',#6368,#4439,#4440);
#3851=AXIS2_PLACEMENT_3D('',#6377,#4441,#4442);
#3852=AXIS2_PLACEMENT_3D('',#6383,#4443,#4444);
#3853=AXIS2_PLACEMENT_3D('',#6389,#4445,#4446);
#3854=AXIS2_PLACEMENT_3D('',#6395,#4447,#4448);
#3855=AXIS2_PLACEMENT_3D('',#6401,#4449,#4450);
#3856=AXIS2_PLACEMENT_3D('',#6407,#4451,#4452);
#3857=AXIS2_PLACEMENT_3D('',#6416,#4453,#4454);
#3858=AXIS2_PLACEMENT_3D('',#6422,#4455,#4456);
#3859=AXIS2_PLACEMENT_3D('',#6446,#4457,#4458);
#3860=AXIS2_PLACEMENT_3D('',#6470,#4459,#4460);
#3861=AXIS2_PLACEMENT_3D('',#6494,#4461,#4462);
#3862=AXIS2_PLACEMENT_3D('',#6518,#4463,#4464);
#3863=AXIS2_PLACEMENT_3D('',#6545,#4465,#4466);
#3864=AXIS2_PLACEMENT_3D('',#6569,#4467,#4468);
#3865=AXIS2_PLACEMENT_3D('',#6593,#4469,#4470);
#3866=AXIS2_PLACEMENT_3D('',#6620,#4471,#4472);
#3867=AXIS2_PLACEMENT_3D('',#6644,#4473,#4474);
#3868=AXIS2_PLACEMENT_3D('',#6668,#4475,#4476);
#3869=AXIS2_PLACEMENT_3D('',#6692,#4477,#4478);
#3870=AXIS2_PLACEMENT_3D('',#6716,#4479,#4480);
#3871=AXIS2_PLACEMENT_3D('',#6719,#4482,#4483);
#3872=AXIS2_PLACEMENT_3D('',#6722,#4485,#4486);
#3873=AXIS2_PLACEMENT_3D('',#6725,#4488,#4489);
#3874=AXIS2_PLACEMENT_3D('',#6728,#4491,#4492);
#3875=AXIS2_PLACEMENT_3D('',#6731,#4494,#4495);
#3876=AXIS2_PLACEMENT_3D('',#6734,#4497,#4498);
#3877=AXIS2_PLACEMENT_3D('',#6737,#4500,#4501);
#3878=AXIS2_PLACEMENT_3D('',#6740,#4503,#4504);
#3879=AXIS2_PLACEMENT_3D('',#6743,#4506,#4507);
#3880=AXIS2_PLACEMENT_3D('',#6746,#4509,#4510);
#3881=AXIS2_PLACEMENT_3D('',#6749,#4512,#4513);
#3882=AXIS2_PLACEMENT_3D('',#6752,#4515,#4516);
#3883=AXIS2_PLACEMENT_3D('',#6755,#4518,#4519);
#3884=AXIS2_PLACEMENT_3D('',#6758,#4521,#4522);
#3885=AXIS2_PLACEMENT_3D('',#6761,#4524,#4525);
#3886=AXIS2_PLACEMENT_3D('',#6764,#4527,#4528);
#3887=AXIS2_PLACEMENT_3D('',#6767,#4530,#4531);
#3888=AXIS2_PLACEMENT_3D('',#6770,#4533,#4534);
#3889=AXIS2_PLACEMENT_3D('',#6773,#4536,#4537);
#3890=AXIS2_PLACEMENT_3D('',#6776,#4539,#4540);
#3891=AXIS2_PLACEMENT_3D('',#6779,#4542,#4543);
#3892=AXIS2_PLACEMENT_3D('',#6782,#4545,#4546);
#3893=AXIS2_PLACEMENT_3D('',#6785,#4548,#4549);
#3894=AXIS2_PLACEMENT_3D('',#6788,#4551,#4552);
#3895=AXIS2_PLACEMENT_3D('',#6791,#4554,#4555);
#3896=AXIS2_PLACEMENT_3D('',#6794,#4557,#4558);
#3897=AXIS2_PLACEMENT_3D('',#6797,#4560,#4561);
#3898=AXIS2_PLACEMENT_3D('',#6800,#4563,#4564);
#3899=AXIS2_PLACEMENT_3D('',#6803,#4566,#4567);
#3900=AXIS2_PLACEMENT_3D('',#6806,#4569,#4570);
#3901=AXIS2_PLACEMENT_3D('',#6809,#4572,#4573);
#3902=AXIS2_PLACEMENT_3D('',#6812,#4575,#4576);
#3903=AXIS2_PLACEMENT_3D('',#6815,#4578,#4579);
#3904=AXIS2_PLACEMENT_3D('',#6818,#4581,#4582);
#3905=AXIS2_PLACEMENT_3D('',#6821,#4584,#4585);
#3906=AXIS2_PLACEMENT_3D('',#6824,#4587,#4588);
#3907=AXIS2_PLACEMENT_3D('',#6863,#4589,#4590);
#3908=AXIS2_PLACEMENT_3D('',#6884,#4591,#4592);
#3909=AXIS2_PLACEMENT_3D('',#6905,#4593,#4594);
#3910=AXIS2_PLACEMENT_3D('',#6947,#4595,#4596);
#3911=AXIS2_PLACEMENT_3D('',#6986,#4597,#4598);
#3912=AXIS2_PLACEMENT_3D('',#7025,#4599,#4600);
#3913=AXIS2_PLACEMENT_3D('',#7046,#4601,#4602);
#3914=AXIS2_PLACEMENT_3D('',#7067,#4603,#4604);
#3915=AXIS2_PLACEMENT_3D('',#7076,#4605,#4606);
#3916=AXIS2_PLACEMENT_3D('',#7090,#4607,#4608);
#3917=AXIS2_PLACEMENT_3D('',#7096,#4609,#4610);
#3918=AXIS2_PLACEMENT_3D('',#7099,#4612,#4613);
#3919=AXIS2_PLACEMENT_3D('',#7102,#4615,#4616);
#3920=AXIS2_PLACEMENT_3D('',#7105,#4618,#4619);
#3921=AXIS2_PLACEMENT_3D('',#7108,#4621,#4622);
#3922=AXIS2_PLACEMENT_3D('',#7114,#4623,#4624);
#3923=AXIS2_PLACEMENT_3D('',#7115,#4625,#4626);
#3924=AXIS2_PLACEMENT_3D('',#7139,#4627,#4628);
#3925=AXIS2_PLACEMENT_3D('',#7140,#4629,#4630);
#3926=AXIS2_PLACEMENT_3D('',#7143,#4632,#4633);
#3927=AXIS2_PLACEMENT_3D('',#7144,#4634,#4635);
#3928=AXIS2_PLACEMENT_3D('',#7147,#4637,#4638);
#3929=AXIS2_PLACEMENT_3D('',#7148,#4639,#4640);
#3930=AXIS2_PLACEMENT_3D('',#7151,#4642,#4643);
#3931=AXIS2_PLACEMENT_3D('',#7152,#4644,#4645);
#3932=AXIS2_PLACEMENT_3D('',#7172,#4646,#4647);
#3933=AXIS2_PLACEMENT_3D('',#7205,#4648,#4649);
#3934=AXIS2_PLACEMENT_3D('',#7206,#4650,#4651);
#3935=AXIS2_PLACEMENT_3D('',#7209,#4653,#4654);
#3936=AXIS2_PLACEMENT_3D('',#7217,#4659,#4660);
#3937=AXIS2_PLACEMENT_3D('',#7225,#4665,#4666);
#3938=AXIS2_PLACEMENT_3D('',#7233,#4671,#4672);
#3939=AXIS2_PLACEMENT_3D('',#7235,#4674,#4675);
#3940=AXIS2_PLACEMENT_3D('',#7237,#4677,#4678);
#3941=AXIS2_PLACEMENT_3D('',#7249,#4685,#4686);
#3942=AXIS2_PLACEMENT_3D('',#7250,#4687,#4688);
#3943=AXIS2_PLACEMENT_3D('',#7253,#4690,#4691);
#3944=AXIS2_PLACEMENT_3D('',#7261,#4696,#4697);
#3945=AXIS2_PLACEMENT_3D('',#7271,#4703,#4704);
#3946=AXIS2_PLACEMENT_3D('',#7283,#4711,#4712);
#3947=AXIS2_PLACEMENT_3D('',#7284,#4713,#4714);
#3948=AXIS2_PLACEMENT_3D('',#7285,#4715,#4716);
#3949=AXIS2_PLACEMENT_3D('',#7295,#4722,#4723);
#3950=AXIS2_PLACEMENT_3D('',#7307,#4730,#4731);
#3951=AXIS2_PLACEMENT_3D('',#7308,#4732,#4733);
#3952=AXIS2_PLACEMENT_3D('',#7309,#4734,#4735);
#3953=AXIS2_PLACEMENT_3D('',#7319,#4741,#4742);
#3954=AXIS2_PLACEMENT_3D('',#7331,#4749,#4750);
#3955=AXIS2_PLACEMENT_3D('',#7332,#4751,#4752);
#3956=AXIS2_PLACEMENT_3D('',#7333,#4753,#4754);
#3957=AXIS2_PLACEMENT_3D('',#7334,#4755,#4756);
#3958=AXIS2_PLACEMENT_3D('',#7339,#4759,#4760);
#3959=AXIS2_PLACEMENT_3D('',#7347,#4765,#4766);
#3960=AXIS2_PLACEMENT_3D('',#7357,#4772,#4773);
#3961=AXIS2_PLACEMENT_3D('',#7365,#4778,#4779);
#3962=AXIS2_PLACEMENT_3D('',#7373,#4784,#4785);
#3963=AXIS2_PLACEMENT_3D('',#7375,#4787,#4788);
#3964=AXIS2_PLACEMENT_3D('',#7377,#4790,#4791);
#3965=AXIS2_PLACEMENT_3D('',#7385,#4796,#4797);
#3966=AXIS2_PLACEMENT_3D('',#7393,#4802,#4803);
#3967=AXIS2_PLACEMENT_3D('',#7395,#4805,#4806);
#3968=AXIS2_PLACEMENT_3D('',#7397,#4808,#4809);
#3969=AXIS2_PLACEMENT_3D('',#7405,#4814,#4815);
#3970=AXIS2_PLACEMENT_3D('',#7413,#4820,#4821);
#3971=AXIS2_PLACEMENT_3D('',#7415,#4823,#4824);
#3972=AXIS2_PLACEMENT_3D('',#7417,#4826,#4827);
#3973=AXIS2_PLACEMENT_3D('',#7425,#4832,#4833);
#3974=AXIS2_PLACEMENT_3D('',#7433,#4838,#4839);
#3975=AXIS2_PLACEMENT_3D('',#7435,#4841,#4842);
#3976=AXIS2_PLACEMENT_3D('',#7437,#4844,#4845);
#3977=AXIS2_PLACEMENT_3D('',#7445,#4850,#4851);
#3978=AXIS2_PLACEMENT_3D('',#7453,#4856,#4857);
#3979=AXIS2_PLACEMENT_3D('',#7455,#4859,#4860);
#3980=AXIS2_PLACEMENT_3D('',#7457,#4862,#4863);
#3981=AXIS2_PLACEMENT_3D('',#7458,#4864,#4865);
#3982=AXIS2_PLACEMENT_3D('',#7459,#4866,#4867);
#3983=AXIS2_PLACEMENT_3D('',#7460,#4868,#4869);
#3984=AXIS2_PLACEMENT_3D('',#7461,#4870,#4871);
#3985=AXIS2_PLACEMENT_3D('',#7462,#4872,#4873);
#3986=AXIS2_PLACEMENT_3D('',#7463,#4874,#4875);
#3987=AXIS2_PLACEMENT_3D('',#7464,#4876,#4877);
#3988=AXIS2_PLACEMENT_3D('',#7465,#4878,#4879);
#3989=AXIS2_PLACEMENT_3D('',#7466,#4880,#4881);
#3990=AXIS2_PLACEMENT_3D('',#7467,#4882,#4883);
#3991=AXIS2_PLACEMENT_3D('',#7468,#4884,#4885);
#3992=AXIS2_PLACEMENT_3D('',#7469,#4886,#4887);
#3993=AXIS2_PLACEMENT_3D('',#7470,#4888,#4889);
#3994=AXIS2_PLACEMENT_3D('',#7471,#4890,#4891);
#3995=AXIS2_PLACEMENT_3D('',#7472,#4892,#4893);
#3996=AXIS2_PLACEMENT_3D('',#7473,#4894,#4895);
#3997=AXIS2_PLACEMENT_3D('',#7474,#4896,#4897);
#3998=AXIS2_PLACEMENT_3D('',#7475,#4898,#4899);
#3999=AXIS2_PLACEMENT_3D('',#7476,#4900,#4901);
#4000=AXIS2_PLACEMENT_3D('',#7477,#4902,#4903);
#4001=AXIS2_PLACEMENT_3D('',#7478,#4904,#4905);
#4002=AXIS2_PLACEMENT_3D('',#7479,#4906,#4907);
#4003=AXIS2_PLACEMENT_3D('',#7480,#4908,#4909);
#4004=AXIS2_PLACEMENT_3D('',#7481,#4910,#4911);
#4005=AXIS2_PLACEMENT_3D('',#7482,#4912,#4913);
#4006=AXIS2_PLACEMENT_3D('',#7483,#4914,#4915);
#4007=AXIS2_PLACEMENT_3D('',#7484,#4916,#4917);
#4008=AXIS2_PLACEMENT_3D('',#7485,#4918,#4919);
#4009=AXIS2_PLACEMENT_3D('',#7486,#4920,#4921);
#4010=AXIS2_PLACEMENT_3D('',#7487,#4922,#4923);
#4011=AXIS2_PLACEMENT_3D('',#7488,#4924,#4925);
#4012=AXIS2_PLACEMENT_3D('',#7489,#4926,#4927);
#4013=AXIS2_PLACEMENT_3D('',#7493,#4930,#4931);
#4014=AXIS2_PLACEMENT_3D('',#7494,#4932,#4933);
#4015=AXIS2_PLACEMENT_3D('',#7495,#4934,#4935);
#4016=AXIS2_PLACEMENT_3D('',#7499,#4938,#4939);
#4017=AXIS2_PLACEMENT_3D('',#7500,#4940,#4941);
#4018=AXIS2_PLACEMENT_3D('',#7501,#4942,#4943);
#4019=AXIS2_PLACEMENT_3D('',#7505,#4946,#4947);
#4020=AXIS2_PLACEMENT_3D('',#7506,#4948,#4949);
#4021=AXIS2_PLACEMENT_3D('',#7507,#4950,#4951);
#4022=AXIS2_PLACEMENT_3D('',#7511,#4954,#4955);
#4023=AXIS2_PLACEMENT_3D('',#7512,#4956,#4957);
#4024=AXIS2_PLACEMENT_3D('',#7513,#4958,#4959);
#4025=AXIS2_PLACEMENT_3D('',#7517,#4962,#4963);
#4026=AXIS2_PLACEMENT_3D('',#7521,#4966,#4967);
#4027=AXIS2_PLACEMENT_3D('',#7522,#4968,#4969);
#4028=AXIS2_PLACEMENT_3D('',#7523,#4970,#4971);
#4029=AXIS2_PLACEMENT_3D('',#7525,#4973,#4974);
#4030=AXIS2_PLACEMENT_3D('',#7526,#4975,#4976);
#4031=AXIS2_PLACEMENT_3D('',#7528,#4978,#4979);
#4032=AXIS2_PLACEMENT_3D('',#7529,#4980,#4981);
#4033=AXIS2_PLACEMENT_3D('',#7531,#4983,#4984);
#4034=AXIS2_PLACEMENT_3D('',#7532,#4985,#4986);
#4035=AXIS2_PLACEMENT_3D('',#7534,#4988,#4989);
#4036=AXIS2_PLACEMENT_3D('',#7535,#4990,#4991);
#4037=AXIS2_PLACEMENT_3D('',#7537,#4993,#4994);
#4038=AXIS2_PLACEMENT_3D('',#7538,#4995,#4996);
#4039=AXIS2_PLACEMENT_3D('',#7540,#4998,#4999);
#4040=AXIS2_PLACEMENT_3D('',#7541,#5000,#5001);
#4041=DIRECTION('',(0.,0.,1.));
#4042=DIRECTION('',(1.,0.,0.));
#4043=DIRECTION('',(0.,0.51093935647144,0.859616759962572));
#4044=DIRECTION('',(0.,-0.859616759962564,0.510939356471453));
#4045=DIRECTION('',(0.,-0.51093935647145,-0.859616759962567));
#4046=DIRECTION('',(0.,0.859616759962566,-0.510939356471451));
#4047=DIRECTION('',(-1.,0.,0.));
#4048=DIRECTION('',(0.,0.,1.));
#4049=DIRECTION('',(0.,-0.966294573823929,0.25743891818921));
#4050=DIRECTION('',(0.,0.852456544676287,-0.522798086682196));
#4051=DIRECTION('',(0.,-0.493604586455921,-0.869686444777472));
#4052=DIRECTION('',(-1.,0.,0.));
#4053=DIRECTION('',(0.,0.,1.));
#4054=DIRECTION('',(0.,0.770252156260483,-0.637739457596969));
#4055=DIRECTION('',(0.,0.637739457596974,0.770252156260479));
#4056=DIRECTION('',(0.,-0.770252156260482,0.63773945759697));
#4057=DIRECTION('',(0.,0.702689247743247,-0.711496887629193));
#4058=DIRECTION('',(-1.,0.,0.));
#4059=DIRECTION('',(0.,0.,1.));
#4060=DIRECTION('',(-1.,0.,0.));
#4061=DIRECTION('',(0.,-1.97067713579569E-15,-1.));
#4062=DIRECTION('',(1.,0.,0.));
#4063=DIRECTION('',(5.0532154980743E-16,0.,1.));
#4064=DIRECTION('',(0.,0.,1.));
#4065=DIRECTION('',(1.,0.,0.));
#4066=DIRECTION('',(0.,0.,-1.));
#4067=DIRECTION('',(-0.707106781186548,0.,0.707106781186547));
#4068=DIRECTION('',(-1.,0.,0.));
#4069=DIRECTION('',(0.,0.,1.));
#4070=DIRECTION('',(0.,-1.,0.));
#4071=DIRECTION('',(0.,0.,-1.));
#4072=DIRECTION('',(-1.,0.,0.));
#4073=DIRECTION('',(0.,0.,1.));
#4074=DIRECTION('',(1.,0.,0.));
#4075=DIRECTION('',(-1.,0.,0.));
#4076=DIRECTION('',(0.,0.,-1.));
#4077=DIRECTION('',(1.,0.,0.));
#4078=DIRECTION('',(1.,0.,0.));
#4079=DIRECTION('',(0.,0.,-1.));
#4080=DIRECTION('',(-1.,0.,0.));
#4081=DIRECTION('',(0.,0.,1.));
#4082=DIRECTION('',(1.,0.,0.));
#4083=DIRECTION('',(-1.,0.,0.));
#4084=DIRECTION('',(0.,0.,-1.));
#4085=DIRECTION('',(1.,0.,0.));
#4086=DIRECTION('',(1.,0.,0.));
#4087=DIRECTION('',(0.,0.,-1.));
#4088=DIRECTION('',(-1.,0.,0.));
#4089=DIRECTION('',(0.,0.,1.));
#4090=DIRECTION('',(1.,0.,0.));
#4091=DIRECTION('',(-1.,0.,0.));
#4092=DIRECTION('',(0.,0.,-1.));
#4093=DIRECTION('',(1.,0.,0.));
#4094=DIRECTION('',(1.,0.,0.));
#4095=DIRECTION('',(0.,0.,-1.));
#4096=DIRECTION('',(-1.,0.,0.));
#4097=DIRECTION('',(0.,0.,1.));
#4098=DIRECTION('',(1.,0.,0.));
#4099=DIRECTION('',(-1.,0.,0.));
#4100=DIRECTION('',(0.,0.,-1.));
#4101=DIRECTION('',(-1.,0.,0.));
#4102=DIRECTION('',(1.,0.,0.));
#4103=DIRECTION('',(0.,0.,-1.));
#4104=DIRECTION('',(-1.,0.,0.));
#4105=DIRECTION('',(0.,0.,1.));
#4106=DIRECTION('',(1.,0.,0.));
#4107=DIRECTION('',(-1.,0.,0.));
#4108=DIRECTION('',(0.,0.,-1.));
#4109=DIRECTION('',(1.,0.,0.));
#4110=DIRECTION('',(1.,0.,0.));
#4111=DIRECTION('',(0.,0.,-1.));
#4112=DIRECTION('',(-1.4079715561154E-15,-0.499999999999998,0.86602540378444));
#4113=DIRECTION('',(1.,0.,0.));
#4114=DIRECTION('',(0.,0.,-1.));
#4115=DIRECTION('',(-1.4079715561154E-15,-1.,4.10782519111308E-15));
#4116=DIRECTION('',(-1.,0.,0.));
#4117=DIRECTION('',(0.,0.,-1.));
#4118=DIRECTION('',(1.,0.,0.));
#4119=DIRECTION('',(0.,0.,-1.));
#4120=DIRECTION('',(-1.4079715561154E-15,-1.,4.10782519111308E-15));
#4121=DIRECTION('',(1.,0.,0.));
#4122=DIRECTION('',(0.,0.,-1.));
#4123=DIRECTION('',(-1.4079715561154E-15,-0.5,-0.866025403784439));
#4124=DIRECTION('',(-1.,0.,0.));
#4125=DIRECTION('',(0.,0.,-1.));
#4126=DIRECTION('',(1.,0.,0.));
#4127=DIRECTION('',(0.,0.,-1.));
#4128=DIRECTION('',(-1.4079715561154E-15,-0.5,-0.866025403784439));
#4129=DIRECTION('',(1.,0.,0.));
#4130=DIRECTION('',(0.,0.,-1.));
#4131=DIRECTION('',(-1.4079715561154E-15,0.5,-0.866025403784439));
#4132=DIRECTION('',(-1.,0.,0.));
#4133=DIRECTION('',(0.,0.,-1.));
#4134=DIRECTION('',(1.,0.,0.));
#4135=DIRECTION('',(0.,0.,-1.));
#4136=DIRECTION('',(-1.4079715561154E-15,0.5,-0.866025403784439));
#4137=DIRECTION('',(1.,0.,0.));
#4138=DIRECTION('',(0.,0.,-1.));
#4139=DIRECTION('',(-1.4079715561154E-15,1.,-1.33226762955019E-15));
#4140=DIRECTION('',(-1.,0.,0.));
#4141=DIRECTION('',(0.,0.,-1.));
#4142=DIRECTION('',(1.,0.,0.));
#4143=DIRECTION('',(0.,0.,-1.));
#4144=DIRECTION('',(-1.4079715561154E-15,1.,-1.33226762955019E-15));
#4145=DIRECTION('',(1.,0.,0.));
#4146=DIRECTION('',(0.,0.,-1.));
#4147=DIRECTION('',(-1.4079715561154E-15,0.500000000000002,0.866025403784437));
#4148=DIRECTION('',(-1.,0.,0.));
#4149=DIRECTION('',(0.,0.,-1.));
#4150=DIRECTION('',(1.,0.,0.));
#4151=DIRECTION('',(0.,0.,-1.));
#4152=DIRECTION('',(-1.,0.,0.));
#4153=DIRECTION('',(0.,0.,1.));
#4154=DIRECTION('',(-1.,0.,0.));
#4155=DIRECTION('',(0.,0.,1.));
#4156=DIRECTION('',(-1.,0.,0.));
#4157=DIRECTION('',(-1.1399155092663E-17,0.,1.));
#4158=DIRECTION('',(-1.,0.,0.));
#4159=DIRECTION('',(0.,0.,1.));
#4160=DIRECTION('',(-1.,0.,0.));
#4161=DIRECTION('',(0.,0.,1.));
#4162=DIRECTION('',(-1.,0.,0.));
#4163=DIRECTION('',(-1.1399155092663E-17,0.,1.));
#4164=DIRECTION('',(-1.,0.,0.));
#4165=DIRECTION('',(0.,0.,1.));
#4166=DIRECTION('',(-1.,0.,0.));
#4167=DIRECTION('',(0.,0.,1.));
#4168=DIRECTION('',(-1.,0.,0.));
#4169=DIRECTION('',(-1.1399155092663E-17,0.,1.));
#4170=DIRECTION('',(-1.,0.,0.));
#4171=DIRECTION('',(0.,0.,1.));
#4172=DIRECTION('',(-1.,0.,0.));
#4173=DIRECTION('',(0.,0.,1.));
#4174=DIRECTION('',(-1.,0.,0.));
#4175=DIRECTION('',(-1.1399155092663E-17,0.,1.));
#4176=DIRECTION('',(-1.,0.,0.));
#4177=DIRECTION('',(0.,0.,1.));
#4178=DIRECTION('',(-1.,0.,0.));
#4179=DIRECTION('',(0.,0.,1.));
#4180=DIRECTION('',(-1.,0.,0.));
#4181=DIRECTION('',(-1.1399155092663E-17,0.,1.));
#4182=DIRECTION('',(-1.,0.,0.));
#4183=DIRECTION('',(0.,0.,1.));
#4184=DIRECTION('',(-1.,0.,0.));
#4185=DIRECTION('',(0.,0.,1.));
#4186=DIRECTION('',(-1.,0.,0.));
#4187=DIRECTION('',(0.,0.,1.));
#4188=DIRECTION('',(-1.,0.,0.));
#4189=DIRECTION('',(0.,0.,1.));
#4190=DIRECTION('',(-1.,0.,0.));
#4191=DIRECTION('',(0.,0.,1.));
#4192=DIRECTION('',(-1.,0.,0.));
#4193=DIRECTION('',(0.,0.,1.));
#4194=DIRECTION('',(-1.,0.,0.));
#4195=DIRECTION('',(0.,0.,1.));
#4196=DIRECTION('',(-1.,0.,0.));
#4197=DIRECTION('',(0.,0.,1.));
#4198=DIRECTION('',(-1.,0.,0.));
#4199=DIRECTION('',(0.,0.,1.));
#4200=DIRECTION('',(-1.,0.,0.));
#4201=DIRECTION('',(0.,0.,1.));
#4202=DIRECTION('',(0.,0.5,-0.866025403784439));
#4203=DIRECTION('',(0.,0.,1.));
#4204=DIRECTION('',(-1.,0.,0.));
#4205=DIRECTION('',(0.,0.,1.));
#4206=DIRECTION('',(1.,0.,0.));
#4207=DIRECTION('',(0.,0.,-1.));
#4208=DIRECTION('',(0.,1.,-1.16573417585641E-15));
#4209=DIRECTION('',(0.,0.866025403784438,-0.500000000000001));
#4210=DIRECTION('',(-1.,0.,0.));
#4211=DIRECTION('',(0.,0.,1.));
#4212=DIRECTION('',(1.,0.,0.));
#4213=DIRECTION('',(0.,0.,-1.));
#4214=DIRECTION('',(0.,0.500000000000002,0.866025403784438));
#4215=DIRECTION('',(0.,0.86602540378444,0.499999999999999));
#4216=DIRECTION('',(-1.,0.,0.));
#4217=DIRECTION('',(0.,0.,1.));
#4218=DIRECTION('',(1.,0.,0.));
#4219=DIRECTION('',(0.,0.,-1.));
#4220=DIRECTION('',(0.,-0.499999999999998,0.86602540378444));
#4221=DIRECTION('',(0.,2.34291072916505E-15,1.));
#4222=DIRECTION('',(-1.,0.,0.));
#4223=DIRECTION('',(0.,0.,1.));
#4224=DIRECTION('',(1.,0.,0.));
#4225=DIRECTION('',(0.,0.,-1.));
#4226=DIRECTION('',(0.,-1.,3.94129173741931E-15));
#4227=DIRECTION('',(0.,-0.866025403784437,0.500000000000003));
#4228=DIRECTION('',(-1.,0.,0.));
#4229=DIRECTION('',(0.,0.,1.));
#4230=DIRECTION('',(1.,0.,0.));
#4231=DIRECTION('',(0.,0.,-1.));
#4232=DIRECTION('',(-1.,0.,0.));
#4233=DIRECTION('',(1.,0.,0.));
#4234=DIRECTION('',(-1.,0.,0.));
#4235=DIRECTION('',(0.,0.,1.));
#4236=DIRECTION('',(-1.,0.,0.));
#4237=DIRECTION('',(0.,0.,1.));
#4238=DIRECTION('',(-1.,0.,0.));
#4239=DIRECTION('',(-1.,0.,0.));
#4240=DIRECTION('',(-1.,0.,0.));
#4241=DIRECTION('',(0.,0.,1.));
#4242=DIRECTION('',(-1.,0.,0.));
#4243=DIRECTION('',(0.,0.,1.));
#4244=DIRECTION('',(-1.,0.,0.));
#4245=DIRECTION('',(-1.,0.,0.));
#4246=DIRECTION('',(-1.,0.,0.));
#4247=DIRECTION('',(0.,0.,1.));
#4248=DIRECTION('',(-1.,0.,0.));
#4249=DIRECTION('',(0.,0.,1.));
#4250=DIRECTION('',(-1.,0.,0.));
#4251=DIRECTION('',(-1.,0.,0.));
#4252=DIRECTION('',(-1.,0.,0.));
#4253=DIRECTION('',(0.,0.,1.));
#4254=DIRECTION('',(-1.,0.,0.));
#4255=DIRECTION('',(0.,0.,1.));
#4256=DIRECTION('',(-1.,0.,0.));
#4257=DIRECTION('',(-1.,0.,0.));
#4258=DIRECTION('',(-1.,0.,0.));
#4259=DIRECTION('',(0.,0.,1.));
#4260=DIRECTION('',(-1.,0.,0.));
#4261=DIRECTION('',(0.,0.,1.));
#4262=DIRECTION('',(0.,-0.5,0.866025403784439));
#4263=DIRECTION('',(0.,0.,-1.));
#4264=DIRECTION('',(-1.,0.,0.));
#4265=DIRECTION('',(0.,0.,1.));
#4266=DIRECTION('',(-1.,0.,0.));
#4267=DIRECTION('',(0.,0.,1.));
#4268=DIRECTION('',(0.,-1.,1.16573417585641E-15));
#4269=DIRECTION('',(0.,-0.866025403784438,0.500000000000001));
#4270=DIRECTION('',(-1.,0.,0.));
#4271=DIRECTION('',(0.,0.,1.));
#4272=DIRECTION('',(-1.,0.,0.));
#4273=DIRECTION('',(0.,0.,1.));
#4274=DIRECTION('',(0.,-0.500000000000002,-0.866025403784438));
#4275=DIRECTION('',(0.,-0.86602540378444,-0.499999999999999));
#4276=DIRECTION('',(-1.,0.,0.));
#4277=DIRECTION('',(0.,0.,1.));
#4278=DIRECTION('',(-1.,0.,0.));
#4279=DIRECTION('',(0.,0.,1.));
#4280=DIRECTION('',(0.,0.499999999999998,-0.86602540378444));
#4281=DIRECTION('',(0.,-2.34291072916505E-15,-1.));
#4282=DIRECTION('',(-1.,0.,0.));
#4283=DIRECTION('',(0.,0.,1.));
#4284=DIRECTION('',(-1.,0.,0.));
#4285=DIRECTION('',(0.,0.,1.));
#4286=DIRECTION('',(0.,1.,-3.94129173741931E-15));
#4287=DIRECTION('',(0.,0.866025403784437,-0.500000000000003));
#4288=DIRECTION('',(-1.,0.,0.));
#4289=DIRECTION('',(0.,0.,1.));
#4290=DIRECTION('',(-1.,0.,0.));
#4291=DIRECTION('',(0.,0.,1.));
#4292=DIRECTION('',(-1.,0.,0.));
#4293=DIRECTION('',(0.,0.,1.));
#4294=DIRECTION('',(-1.,0.,0.));
#4295=DIRECTION('',(0.,0.,1.));
#4296=DIRECTION('',(-1.,0.,0.));
#4297=DIRECTION('',(0.,0.,1.));
#4298=DIRECTION('',(-1.,0.,0.));
#4299=DIRECTION('',(0.,0.,1.));
#4300=DIRECTION('',(-1.,0.,0.));
#4301=DIRECTION('',(0.,0.,1.));
#4302=DIRECTION('',(-1.,0.,0.));
#4303=DIRECTION('',(0.,0.,1.));
#4304=DIRECTION('',(-1.,0.,0.));
#4305=DIRECTION('',(0.,0.,1.));
#4306=DIRECTION('',(-1.,0.,0.));
#4307=DIRECTION('',(0.,0.,1.));
#4308=DIRECTION('',(-1.,0.,0.));
#4309=DIRECTION('',(0.,0.,1.));
#4310=DIRECTION('',(-1.,0.,0.));
#4311=DIRECTION('',(0.,0.,1.));
#4312=DIRECTION('',(0.707106781186547,0.,0.707106781186548));
#4313=DIRECTION('',(0.707106781186548,0.,-0.707106781186547));
#4314=DIRECTION('',(-1.,0.,0.));
#4315=DIRECTION('',(0.,0.,1.));
#4316=DIRECTION('',(1.,0.,0.));
#4317=DIRECTION('',(0.,0.,1.));
#4318=DIRECTION('',(1.,0.,0.));
#4319=DIRECTION('',(-1.98873916297757E-16,0.,-1.));
#4320=DIRECTION('',(-1.,0.,0.));
#4321=DIRECTION('',(0.,0.,1.));
#4322=DIRECTION('',(1.,0.,0.));
#4323=DIRECTION('',(0.,0.,1.));
#4324=DIRECTION('',(0.707106781186547,-0.612372435695795,0.353553390593274));
#4325=DIRECTION('',(0.707106781186548,0.612372435695794,-0.353553390593274));
#4326=DIRECTION('',(1.,0.,0.));
#4327=DIRECTION('',(-1.98873916297757E-16,0.,-1.));
#4328=DIRECTION('',(-1.,0.,0.));
#4329=DIRECTION('',(0.,0.,1.));
#4330=DIRECTION('',(1.,0.,0.));
#4331=DIRECTION('',(0.,0.,1.));
#4332=DIRECTION('',(0.707106781186547,-0.612372435695795,-0.353553390593273));
#4333=DIRECTION('',(0.707106781186548,0.612372435695795,0.353553390593273));
#4334=DIRECTION('',(1.,0.,0.));
#4335=DIRECTION('',(-1.98873916297757E-16,0.,-1.));
#4336=DIRECTION('',(-1.,0.,0.));
#4337=DIRECTION('',(0.,0.,1.));
#4338=DIRECTION('',(1.,0.,0.));
#4339=DIRECTION('',(0.,0.,1.));
#4340=DIRECTION('',(0.707106781186547,-1.65668806430733E-15,-0.707106781186548));
#4341=DIRECTION('',(0.707106781186548,1.65668806430732E-15,0.707106781186547));
#4342=DIRECTION('',(1.,0.,0.));
#4343=DIRECTION('',(-1.98873916297757E-16,0.,-1.));
#4344=DIRECTION('',(-1.,0.,0.));
#4345=DIRECTION('',(0.,0.,1.));
#4346=DIRECTION('',(1.,0.,0.));
#4347=DIRECTION('',(0.,0.,1.));
#4348=DIRECTION('',(0.707106781186547,0.612372435695794,-0.353553390593276));
#4349=DIRECTION('',(0.707106781186548,-0.612372435695793,0.353553390593275));
#4350=DIRECTION('',(1.,0.,0.));
#4351=DIRECTION('',(-1.98873916297757E-16,0.,-1.));
#4352=DIRECTION('',(1.,0.,0.));
#4353=DIRECTION('',(0.,0.,-1.));
#4354=DIRECTION('',(1.,0.,0.));
#4355=DIRECTION('',(0.,0.,-1.));
#4356=DIRECTION('',(1.,0.,0.));
#4357=DIRECTION('',(0.,0.,-1.));
#4358=DIRECTION('',(-1.,0.,0.));
#4359=DIRECTION('',(0.,0.,-1.));
#4360=DIRECTION('',(1.,0.,0.));
#4361=DIRECTION('',(0.,0.,-1.));
#4362=DIRECTION('',(1.,0.,0.));
#4363=DIRECTION('',(0.,0.,-1.));
#4364=DIRECTION('',(0.,0.866025403784439,0.5));
#4365=DIRECTION('',(5.0532154980743E-16,-0.5,0.866025403784439));
#4366=DIRECTION('',(-1.,0.,0.));
#4367=DIRECTION('',(0.,0.,1.));
#4368=DIRECTION('',(5.0532154980743E-16,-0.866025403784438,0.500000000000001));
#4369=DIRECTION('',(0.,-0.500000000000001,-0.866025403784438));
#4370=DIRECTION('',(0.,0.866025403784438,-0.500000000000001));
#4371=DIRECTION('',(5.0532154980743E-16,0.,1.));
#4372=DIRECTION('',(5.0532154980743E-16,-0.5,0.866025403784439));
#4373=DIRECTION('',(-1.,0.,0.));
#4374=DIRECTION('',(0.,0.,1.));
#4375=DIRECTION('',(5.0532154980743E-16,-0.866025403784439,-0.499999999999999));
#4376=DIRECTION('',(-1.,0.,0.));
#4377=DIRECTION('',(0.,0.,1.));
#4378=DIRECTION('',(5.0532154980743E-16,0.5,0.866025403784439));
#4379=DIRECTION('',(0.,0.866025403784439,-0.5));
#4380=DIRECTION('',(5.0532154980743E-16,0.5,0.866025403784439));
#4381=DIRECTION('',(-1.,0.,0.));
#4382=DIRECTION('',(0.,0.,1.));
#4383=DIRECTION('',(0.,-1.,0.));
#4384=DIRECTION('',(0.,-5.05321549807431E-16,-1.));
#4385=DIRECTION('',(-1.,0.,0.));
#4386=DIRECTION('',(0.,0.,1.));
#4387=DIRECTION('',(0.,1.22124532708767E-15,1.));
#4388=DIRECTION('',(5.0532154980743E-16,-1.,1.0547118733939E-15));
#4389=DIRECTION('',(-1.,0.,0.));
#4390=DIRECTION('',(0.,0.,1.));
#4391=DIRECTION('',(5.0532154980743E-16,-0.866025403784439,-0.499999999999999));
#4392=DIRECTION('',(0.,0.499999999999999,-0.866025403784439));
#4393=DIRECTION('',(0.,0.86602540378444,0.499999999999998));
#4394=DIRECTION('',(5.0532154980743E-16,-0.866025403784438,0.500000000000001));
#4395=DIRECTION('',(5.0532154980743E-16,-1.,1.0547118733939E-15));
#4396=DIRECTION('',(-1.,0.,0.));
#4397=DIRECTION('',(0.,0.,1.));
#4398=DIRECTION('',(0.,-0.866025403784438,0.500000000000002));
#4399=DIRECTION('',(5.0532154980743E-16,-0.500000000000002,-0.866025403784438));
#4400=DIRECTION('',(-1.,0.,0.));
#4401=DIRECTION('',(0.,0.,1.));
#4402=DIRECTION('',(5.0532154980743E-16,-2.34291072916505E-15,-1.));
#4403=DIRECTION('',(0.,1.,-2.34291072916505E-15));
#4404=DIRECTION('',(0.,2.84823227897248E-15,1.));
#4405=DIRECTION('',(5.0532154980743E-16,-0.866025403784439,-0.499999999999999));
#4406=DIRECTION('',(5.0532154980743E-16,-0.500000000000002,-0.866025403784438));
#4407=DIRECTION('',(-1.,0.,0.));
#4408=DIRECTION('',(0.,0.,1.));
#4409=DIRECTION('',(0.,-0.86602540378444,-0.499999999999998));
#4410=DIRECTION('',(5.0532154980743E-16,0.499999999999998,-0.86602540378444));
#4411=DIRECTION('',(-1.,0.,0.));
#4412=DIRECTION('',(0.,0.,1.));
#4413=DIRECTION('',(5.0532154980743E-16,0.866025403784437,-0.500000000000003));
#4414=DIRECTION('',(0.,0.500000000000003,0.866025403784437));
#4415=DIRECTION('',(0.,-0.866025403784437,0.500000000000003));
#4416=DIRECTION('',(-1.,0.,0.));
#4417=DIRECTION('',(0.,0.,1.));
#4418=DIRECTION('',(5.0532154980743E-16,-2.34291072916505E-15,-1.));
#4419=DIRECTION('',(5.0532154980743E-16,0.499999999999998,-0.86602540378444));
#4420=DIRECTION('',(-1.,0.,0.));
#4421=DIRECTION('',(0.,0.,1.));
#4422=DIRECTION('',(0.,-3.99680288865056E-15,-1.));
#4423=DIRECTION('',(5.0532154980743E-16,1.,-3.83026943495679E-15));
#4424=DIRECTION('',(-1.,0.,0.));
#4425=DIRECTION('',(0.,0.,1.));
#4426=DIRECTION('',(5.0532154980743E-16,0.866025403784441,0.499999999999996));
#4427=DIRECTION('',(0.,-0.499999999999996,0.866025403784441));
#4428=DIRECTION('',(0.,-0.866025403784441,-0.499999999999996));
#4429=DIRECTION('',(5.0532154980743E-16,0.866025403784437,-0.500000000000003));
#4430=DIRECTION('',(5.0532154980743E-16,1.,-3.83026943495679E-15));
#4431=DIRECTION('',(-1.,0.,0.));
#4432=DIRECTION('',(0.,0.,1.));
#4433=DIRECTION('',(-1.,0.,0.));
#4434=DIRECTION('',(0.,0.,1.));
#4435=DIRECTION('',(-1.,0.,0.));
#4436=DIRECTION('',(-1.1399155092663E-17,0.,1.));
#4437=DIRECTION('',(-1.,0.,0.));
#4438=DIRECTION('',(0.,0.,1.));
#4439=DIRECTION('',(-1.,0.,0.));
#4440=DIRECTION('',(-1.1399155092663E-17,0.,1.));
#4441=DIRECTION('',(-1.,0.,0.));
#4442=DIRECTION('',(0.,0.,1.));
#4443=DIRECTION('',(-1.,0.,0.));
#4444=DIRECTION('',(-1.1399155092663E-17,0.,1.));
#4445=DIRECTION('',(-1.,0.,0.));
#4446=DIRECTION('',(0.,0.,1.));
#4447=DIRECTION('',(-1.,0.,0.));
#4448=DIRECTION('',(-1.1399155092663E-17,0.,1.));
#4449=DIRECTION('',(-1.,0.,0.));
#4450=DIRECTION('',(0.,0.,1.));
#4451=DIRECTION('',(-1.,0.,0.));
#4452=DIRECTION('',(-1.1399155092663E-17,0.,1.));
#4453=DIRECTION('',(-1.,0.,0.));
#4454=DIRECTION('',(0.,0.,1.));
#4455=DIRECTION('',(-1.,0.,0.));
#4456=DIRECTION('',(-1.1399155092663E-17,0.,1.));
#4457=DIRECTION('',(-1.,0.,0.));
#4458=DIRECTION('',(0.,0.,1.));
#4459=DIRECTION('',(-1.,0.,0.));
#4460=DIRECTION('',(0.,0.,1.));
#4461=DIRECTION('',(-1.,0.,0.));
#4462=DIRECTION('',(0.,0.,1.));
#4463=DIRECTION('',(-1.,0.,0.));
#4464=DIRECTION('',(0.,0.,1.));
#4465=DIRECTION('',(-1.,0.,0.));
#4466=DIRECTION('',(0.,0.,1.));
#4467=DIRECTION('',(-1.,0.,0.));
#4468=DIRECTION('',(0.,0.,1.));
#4469=DIRECTION('',(-1.,0.,0.));
#4470=DIRECTION('',(0.,0.,1.));
#4471=DIRECTION('',(-1.,0.,0.));
#4472=DIRECTION('',(0.,0.,1.));
#4473=DIRECTION('',(-1.,0.,0.));
#4474=DIRECTION('',(0.,0.,1.));
#4475=DIRECTION('',(-1.,0.,0.));
#4476=DIRECTION('',(0.,0.,1.));
#4477=DIRECTION('',(-1.,0.,0.));
#4478=DIRECTION('',(0.,0.,1.));
#4479=DIRECTION('',(-1.,0.,0.));
#4480=DIRECTION('',(0.,0.,1.));
#4481=DIRECTION('',(0.,0.5,-0.866025403784439));
#4482=DIRECTION('',(-1.,0.,0.));
#4483=DIRECTION('',(0.,0.,1.));
#4484=DIRECTION('',(0.,0.866025403784438,-0.500000000000001));
#4485=DIRECTION('',(1.,0.,0.));
#4486=DIRECTION('',(0.,0.,-1.));
#4487=DIRECTION('',(0.,0.86602540378444,0.499999999999999));
#4488=DIRECTION('',(-1.,0.,0.));
#4489=DIRECTION('',(0.,0.,1.));
#4490=DIRECTION('',(0.,-0.5,-0.866025403784439));
#4491=DIRECTION('',(1.,0.,0.));
#4492=DIRECTION('',(0.,0.,-1.));
#4493=DIRECTION('',(0.,1.,-1.16573417585641E-15));
#4494=DIRECTION('',(-1.,0.,0.));
#4495=DIRECTION('',(0.,0.,1.));
#4496=DIRECTION('',(0.,0.86602540378444,0.499999999999999));
#4497=DIRECTION('',(1.,0.,0.));
#4498=DIRECTION('',(0.,0.,-1.));
#4499=DIRECTION('',(0.,0.500000000000002,0.866025403784438));
#4500=DIRECTION('',(-1.,0.,0.));
#4501=DIRECTION('',(0.,0.,1.));
#4502=DIRECTION('',(0.,2.34291072916505E-15,1.));
#4503=DIRECTION('',(1.,0.,0.));
#4504=DIRECTION('',(0.,0.,-1.));
#4505=DIRECTION('',(0.,-0.499999999999998,0.86602540378444));
#4506=DIRECTION('',(-1.,0.,0.));
#4507=DIRECTION('',(0.,0.,1.));
#4508=DIRECTION('',(0.,-0.866025403784437,0.500000000000003));
#4509=DIRECTION('',(1.,0.,0.));
#4510=DIRECTION('',(0.,0.,-1.));
#4511=DIRECTION('',(0.,-1.,3.94129173741931E-15));
#4512=DIRECTION('',(-1.,0.,0.));
#4513=DIRECTION('',(0.,0.,1.));
#4514=DIRECTION('',(0.,-0.866025403784441,-0.499999999999996));
#4515=DIRECTION('',(1.,0.,0.));
#4516=DIRECTION('',(0.,0.,-1.));
#4517=DIRECTION('',(-1.,0.,0.));
#4518=DIRECTION('',(-1.,0.,0.));
#4519=DIRECTION('',(0.,0.,1.));
#4520=DIRECTION('',(-1.,0.,0.));
#4521=DIRECTION('',(-1.,0.,0.));
#4522=DIRECTION('',(0.,0.,1.));
#4523=DIRECTION('',(1.,0.,0.));
#4524=DIRECTION('',(-1.,0.,0.));
#4525=DIRECTION('',(0.,0.,1.));
#4526=DIRECTION('',(-1.,0.,0.));
#4527=DIRECTION('',(-1.,0.,0.));
#4528=DIRECTION('',(0.,0.,1.));
#4529=DIRECTION('',(-1.,0.,0.));
#4530=DIRECTION('',(-1.,0.,0.));
#4531=DIRECTION('',(0.,0.,1.));
#4532=DIRECTION('',(-1.,0.,0.));
#4533=DIRECTION('',(-1.,0.,0.));
#4534=DIRECTION('',(0.,0.,1.));
#4535=DIRECTION('',(-1.,0.,0.));
#4536=DIRECTION('',(-1.,0.,0.));
#4537=DIRECTION('',(0.,0.,1.));
#4538=DIRECTION('',(-1.,0.,0.));
#4539=DIRECTION('',(-1.,0.,0.));
#4540=DIRECTION('',(0.,0.,1.));
#4541=DIRECTION('',(-1.,0.,0.));
#4542=DIRECTION('',(-1.,0.,0.));
#4543=DIRECTION('',(0.,0.,1.));
#4544=DIRECTION('',(-1.,0.,0.));
#4545=DIRECTION('',(-1.,0.,0.));
#4546=DIRECTION('',(0.,0.,1.));
#4547=DIRECTION('',(-1.,0.,0.));
#4548=DIRECTION('',(-1.,0.,0.));
#4549=DIRECTION('',(0.,0.,1.));
#4550=DIRECTION('',(-1.,0.,0.));
#4551=DIRECTION('',(-1.,0.,0.));
#4552=DIRECTION('',(0.,0.,1.));
#4553=DIRECTION('',(0.,-0.5,0.866025403784439));
#4554=DIRECTION('',(-1.,0.,0.));
#4555=DIRECTION('',(0.,0.,1.));
#4556=DIRECTION('',(0.,-0.866025403784438,0.500000000000001));
#4557=DIRECTION('',(-1.,0.,0.));
#4558=DIRECTION('',(0.,0.,1.));
#4559=DIRECTION('',(0.,-0.86602540378444,-0.499999999999999));
#4560=DIRECTION('',(-1.,0.,0.));
#4561=DIRECTION('',(0.,0.,1.));
#4562=DIRECTION('',(0.,0.5,0.866025403784439));
#4563=DIRECTION('',(-1.,0.,0.));
#4564=DIRECTION('',(0.,0.,1.));
#4565=DIRECTION('',(0.,-1.,1.16573417585641E-15));
#4566=DIRECTION('',(-1.,0.,0.));
#4567=DIRECTION('',(0.,0.,1.));
#4568=DIRECTION('',(0.,-0.86602540378444,-0.499999999999999));
#4569=DIRECTION('',(-1.,0.,0.));
#4570=DIRECTION('',(0.,0.,1.));
#4571=DIRECTION('',(0.,-0.500000000000002,-0.866025403784438));
#4572=DIRECTION('',(-1.,0.,0.));
#4573=DIRECTION('',(0.,0.,1.));
#4574=DIRECTION('',(0.,-2.34291072916505E-15,-1.));
#4575=DIRECTION('',(-1.,0.,0.));
#4576=DIRECTION('',(0.,0.,1.));
#4577=DIRECTION('',(0.,0.499999999999998,-0.86602540378444));
#4578=DIRECTION('',(-1.,0.,0.));
#4579=DIRECTION('',(0.,0.,1.));
#4580=DIRECTION('',(0.,0.866025403784437,-0.500000000000003));
#4581=DIRECTION('',(-1.,0.,0.));
#4582=DIRECTION('',(0.,0.,1.));
#4583=DIRECTION('',(0.,1.,-3.94129173741931E-15));
#4584=DIRECTION('',(-1.,0.,0.));
#4585=DIRECTION('',(0.,0.,1.));
#4586=DIRECTION('',(0.,0.866025403784441,0.499999999999996));
#4587=DIRECTION('',(-1.,0.,0.));
#4588=DIRECTION('',(0.,0.,1.));
#4589=DIRECTION('',(-1.,0.,0.));
#4590=DIRECTION('',(0.,0.,1.));
#4591=DIRECTION('',(-1.,0.,0.));
#4592=DIRECTION('',(0.,0.,1.));
#4593=DIRECTION('',(-1.,0.,0.));
#4594=DIRECTION('',(0.,0.,1.));
#4595=DIRECTION('',(-1.,0.,0.));
#4596=DIRECTION('',(0.,0.,1.));
#4597=DIRECTION('',(-1.,0.,0.));
#4598=DIRECTION('',(0.,0.,1.));
#4599=DIRECTION('',(-1.,0.,0.));
#4600=DIRECTION('',(0.,0.,1.));
#4601=DIRECTION('',(-1.,0.,0.));
#4602=DIRECTION('',(0.,0.,1.));
#4603=DIRECTION('',(-1.,0.,0.));
#4604=DIRECTION('',(0.,0.,1.));
#4605=DIRECTION('',(1.,0.,0.));
#4606=DIRECTION('',(0.,0.,1.));
#4607=DIRECTION('',(0.707106781186547,0.612372435695796,0.353553390593271));
#4608=DIRECTION('',(0.707106781186548,-0.612372435695796,-0.353553390593271));
#4609=DIRECTION('',(1.,0.,0.));
#4610=DIRECTION('',(-1.98873916297757E-16,0.,-1.));
#4611=DIRECTION('',(1.,0.,0.));
#4612=DIRECTION('',(-1.,0.,0.));
#4613=DIRECTION('',(0.,0.,-1.));
#4614=DIRECTION('',(1.,0.,0.));
#4615=DIRECTION('',(1.,0.,0.));
#4616=DIRECTION('',(0.,0.,-1.));
#4617=DIRECTION('',(-1.4079715561154E-15,0.500000000000002,0.866025403784437));
#4618=DIRECTION('',(1.,0.,0.));
#4619=DIRECTION('',(0.,0.,-1.));
#4620=DIRECTION('',(-1.4079715561154E-15,-0.499999999999998,0.86602540378444));
#4621=DIRECTION('',(1.,0.,0.));
#4622=DIRECTION('',(0.,0.,-1.));
#4623=DIRECTION('',(-1.,0.,0.));
#4624=DIRECTION('',(0.,0.,1.));
#4625=DIRECTION('',(-1.,0.,0.));
#4626=DIRECTION('',(-1.1399155092663E-17,0.,1.));
#4627=DIRECTION('',(-1.,0.,0.));
#4628=DIRECTION('',(0.,0.,1.));
#4629=DIRECTION('',(-1.,0.,0.));
#4630=DIRECTION('',(0.,0.,1.));
#4631=DIRECTION('',(0.,-0.5,-0.866025403784439));
#4632=DIRECTION('',(-1.,0.,0.));
#4633=DIRECTION('',(0.,0.,1.));
#4634=DIRECTION('',(1.,0.,0.));
#4635=DIRECTION('',(0.,0.,-1.));
#4636=DIRECTION('',(-1.,0.,0.));
#4637=DIRECTION('',(-1.,0.,0.));
#4638=DIRECTION('',(0.,0.,1.));
#4639=DIRECTION('',(-1.,0.,0.));
#4640=DIRECTION('',(0.,0.,1.));
#4641=DIRECTION('',(0.,0.5,0.866025403784439));
#4642=DIRECTION('',(-1.,0.,0.));
#4643=DIRECTION('',(0.,0.,1.));
#4644=DIRECTION('',(-1.,0.,0.));
#4645=DIRECTION('',(0.,0.,1.));
#4646=DIRECTION('',(-1.,0.,0.));
#4647=DIRECTION('',(0.,0.,1.));
#4648=DIRECTION('',(1.,0.,0.));
#4649=DIRECTION('',(0.,0.,-1.));
#4650=DIRECTION('',(0.707106781186547,0.,0.707106781186548));
#4651=DIRECTION('',(0.707106781186548,0.,-0.707106781186547));
#4652=DIRECTION('',(-0.707106781186548,0.,0.707106781186547));
#4653=DIRECTION('',(0.707106781186547,0.,0.707106781186548));
#4654=DIRECTION('',(0.707106781186548,0.,-0.707106781186547));
#4655=DIRECTION('',(0.,0.,1.));
#4656=DIRECTION('',(-1.,0.,0.));
#4657=DIRECTION('',(0.,0.,1.));
#4658=DIRECTION('',(-1.,0.,0.));
#4659=DIRECTION('',(0.,-1.,0.));
#4660=DIRECTION('',(0.,0.,-1.));
#4661=DIRECTION('',(-1.,0.,0.));
#4662=DIRECTION('',(0.,0.5,0.866025403784439));
#4663=DIRECTION('',(-1.,0.,0.));
#4664=DIRECTION('',(-0.707106781186548,-0.353553390593273,-0.612372435695794));
#4665=DIRECTION('',(2.35513868802566E-16,-0.866025403784439,0.5));
#4666=DIRECTION('',(0.,-0.5,-0.866025403784439));
#4667=DIRECTION('',(0.,0.5,0.866025403784439));
#4668=DIRECTION('',(-1.,0.,0.));
#4669=DIRECTION('',(-0.707106781186548,-0.353553390593273,-0.612372435695794));
#4670=DIRECTION('',(-1.,0.,0.));
#4671=DIRECTION('',(2.35513868802566E-16,-0.866025403784439,0.5));
#4672=DIRECTION('',(0.,-0.5,-0.866025403784439));
#4673=DIRECTION('',(0.,-0.866025403784439,0.5));
#4674=DIRECTION('',(-0.707106781186547,0.353553390593274,0.612372435695795));
#4675=DIRECTION('',(0.654653670707978,0.,0.755928946018454));
#4676=DIRECTION('',(0.,0.866025403784439,-0.5));
#4677=DIRECTION('',(0.,0.5,0.866025403784439));
#4678=DIRECTION('',(0.,-0.866025403784439,0.5));
#4679=DIRECTION('',(1.,0.,0.));
#4680=DIRECTION('',(0.707106781186548,-0.612372435695795,-0.353553390593271));
#4681=DIRECTION('',(-1.,0.,0.));
#4682=DIRECTION('',(0.,0.866025403784441,0.499999999999996));
#4683=DIRECTION('',(-1.,0.,0.));
#4684=DIRECTION('',(0.,0.866025403784442,0.499999999999995));
#4685=DIRECTION('',(0.,-0.499999999999996,0.866025403784441));
#4686=DIRECTION('',(0.,-0.866025403784441,-0.499999999999996));
#4687=DIRECTION('',(0.707106781186547,0.612372435695797,0.353553390593271));
#4688=DIRECTION('',(0.707106781186548,-0.612372435695796,-0.353553390593271));
#4689=DIRECTION('',(0.707106781186548,-0.612372435695795,-0.353553390593271));
#4690=DIRECTION('',(0.707106781186547,0.612372435695796,0.353553390593271));
#4691=DIRECTION('',(0.707106781186548,-0.612372435695796,-0.353553390593271));
#4692=DIRECTION('',(0.,-0.86602540378444,-0.499999999999999));
#4693=DIRECTION('',(1.,0.,0.));
#4694=DIRECTION('',(0.,-0.86602540378444,-0.499999999999999));
#4695=DIRECTION('',(1.,0.,0.));
#4696=DIRECTION('',(0.,0.499999999999999,-0.866025403784439));
#4697=DIRECTION('',(0.,0.866025403784439,0.499999999999999));
#4698=DIRECTION('',(0.,0.866025403784437,-0.500000000000003));
#4699=DIRECTION('',(-1.,0.,0.));
#4700=DIRECTION('',(0.,0.866025403784437,-0.500000000000003));
#4701=DIRECTION('',(-1.,0.,0.));
#4702=DIRECTION('',(0.707106781186548,-0.612372435695793,0.353553390593275));
#4703=DIRECTION('',(0.,0.500000000000003,0.866025403784437));
#4704=DIRECTION('',(0.,-0.866025403784437,0.500000000000003));
#4705=DIRECTION('',(1.,0.,0.));
#4706=DIRECTION('',(0.707106781186548,-0.612372435695793,0.353553390593275));
#4707=DIRECTION('',(-1.,0.,0.));
#4708=DIRECTION('',(0.,0.866025403784437,-0.500000000000003));
#4709=DIRECTION('',(-1.,0.,0.));
#4710=DIRECTION('',(0.,0.866025403784436,-0.500000000000004));
#4711=DIRECTION('',(0.,0.500000000000003,0.866025403784437));
#4712=DIRECTION('',(0.,-0.866025403784437,0.500000000000003));
#4713=DIRECTION('',(0.707106781186547,0.612372435695794,-0.353553390593276));
#4714=DIRECTION('',(0.707106781186548,-0.612372435695793,0.353553390593275));
#4715=DIRECTION('',(0.707106781186547,0.612372435695794,-0.353553390593276));
#4716=DIRECTION('',(0.707106781186548,-0.612372435695793,0.353553390593275));
#4717=DIRECTION('',(0.,-2.34291072916505E-15,-1.));
#4718=DIRECTION('',(-1.,0.,0.));
#4719=DIRECTION('',(0.,-2.34291072916505E-15,-1.));
#4720=DIRECTION('',(-1.,0.,0.));
#4721=DIRECTION('',(0.707106781186548,1.65668806430732E-15,0.707106781186547));
#4722=DIRECTION('',(0.,1.,-2.34291072916505E-15));
#4723=DIRECTION('',(0.,2.34296089474118E-15,1.));
#4724=DIRECTION('',(1.,0.,0.));
#4725=DIRECTION('',(0.707106781186548,1.65668806430732E-15,0.707106781186547));
#4726=DIRECTION('',(-1.,0.,0.));
#4727=DIRECTION('',(0.,-2.34291072916505E-15,-1.));
#4728=DIRECTION('',(-1.,0.,0.));
#4729=DIRECTION('',(0.,-4.31358786496073E-15,-1.));
#4730=DIRECTION('',(0.,1.,-2.34291072916505E-15));
#4731=DIRECTION('',(0.,2.34296089474118E-15,1.));
#4732=DIRECTION('',(0.707106781186547,-1.65668806430733E-15,-0.707106781186548));
#4733=DIRECTION('',(0.707106781186548,1.65668806430732E-15,0.707106781186547));
#4734=DIRECTION('',(0.707106781186547,-1.65668806430733E-15,-0.707106781186548));
#4735=DIRECTION('',(0.707106781186548,1.65666091955785E-15,0.707106781186547));
#4736=DIRECTION('',(0.,-0.86602540378444,-0.499999999999999));
#4737=DIRECTION('',(-1.,0.,0.));
#4738=DIRECTION('',(0.,-0.86602540378444,-0.499999999999999));
#4739=DIRECTION('',(-1.,0.,0.));
#4740=DIRECTION('',(0.707106781186548,0.612372435695794,0.353553390593272));
#4741=DIRECTION('',(0.,0.499999999999999,-0.866025403784439));
#4742=DIRECTION('',(0.,0.866025403784439,0.499999999999999));
#4743=DIRECTION('',(1.,0.,0.));
#4744=DIRECTION('',(0.707106781186548,0.612372435695794,0.353553390593272));
#4745=DIRECTION('',(-1.,0.,0.));
#4746=DIRECTION('',(0.,-0.86602540378444,-0.499999999999999));
#4747=DIRECTION('',(-1.,0.,0.));
#4748=DIRECTION('',(0.,-0.86602540378444,-0.499999999999997));
#4749=DIRECTION('',(0.,0.499999999999999,-0.866025403784439));
#4750=DIRECTION('',(0.,0.866025403784439,0.499999999999999));
#4751=DIRECTION('',(0.707106781186547,-0.612372435695796,-0.353553390593273));
#4752=DIRECTION('',(0.707106781186548,0.612372435695795,0.353553390593273));
#4753=DIRECTION('',(0.707106781186547,-0.612372435695795,-0.353553390593273));
#4754=DIRECTION('',(0.707106781186548,0.612372435695795,0.353553390593273));
#4755=DIRECTION('',(0.707106781186547,-0.612372435695795,0.353553390593275));
#4756=DIRECTION('',(0.707106781186548,0.612372435695794,-0.353553390593274));
#4757=DIRECTION('',(0.707106781186548,0.612372435695794,-0.353553390593274));
#4758=DIRECTION('',(0.707106781186548,0.612372435695794,-0.353553390593274));
#4759=DIRECTION('',(0.707106781186547,-0.612372435695795,0.353553390593274));
#4760=DIRECTION('',(0.707106781186548,0.612372435695794,-0.353553390593274));
#4761=DIRECTION('',(0.,-0.866025403784438,0.500000000000001));
#4762=DIRECTION('',(-1.,0.,0.));
#4763=DIRECTION('',(0.,-0.866025403784438,0.500000000000001));
#4764=DIRECTION('',(-1.,0.,0.));
#4765=DIRECTION('',(0.,-0.500000000000001,-0.866025403784438));
#4766=DIRECTION('',(0.,0.866025403784438,-0.500000000000001));
#4767=DIRECTION('',(1.,0.,0.));
#4768=DIRECTION('',(-1.,0.,0.));
#4769=DIRECTION('',(0.,-0.866025403784438,0.500000000000001));
#4770=DIRECTION('',(-1.,0.,0.));
#4771=DIRECTION('',(0.,-0.866025403784437,0.500000000000002));
#4772=DIRECTION('',(0.,-0.500000000000001,-0.866025403784438));
#4773=DIRECTION('',(0.,0.866025403784438,-0.500000000000001));
#4774=DIRECTION('',(1.,0.,0.));
#4775=DIRECTION('',(0.,1.,-3.94129173741931E-15));
#4776=DIRECTION('',(-1.,0.,0.));
#4777=DIRECTION('',(0.707106781186548,0.707106781186547,-2.88657986402541E-15));
#4778=DIRECTION('',(2.35513868802566E-16,3.94129173741931E-15,1.));
#4779=DIRECTION('',(0.,-1.,3.94129173741931E-15));
#4780=DIRECTION('',(0.,1.,-3.94129173741931E-15));
#4781=DIRECTION('',(1.,0.,0.));
#4782=DIRECTION('',(0.707106781186548,0.707106781186547,-2.88657986402541E-15));
#4783=DIRECTION('',(-1.,0.,0.));
#4784=DIRECTION('',(2.35513868802566E-16,3.94129173741931E-15,1.));
#4785=DIRECTION('',(0.,-1.,3.94129173741931E-15));
#4786=DIRECTION('',(0.,-3.99680288865056E-15,-1.));
#4787=DIRECTION('',(-0.707106781186547,0.707106781186548,-2.83106871279415E-15));
#4788=DIRECTION('',(0.654653670707978,0.654653670707978,0.377964473009224));
#4789=DIRECTION('',(0.,-3.99680288865056E-15,-1.));
#4790=DIRECTION('',(0.,1.,-3.99680288865056E-15));
#4791=DIRECTION('',(0.,3.99680288865056E-15,1.));
#4792=DIRECTION('',(1.,0.,0.));
#4793=DIRECTION('',(0.,0.499999999999998,-0.86602540378444));
#4794=DIRECTION('',(-1.,0.,0.));
#4795=DIRECTION('',(0.707106781186548,0.353553390593272,-0.612372435695795));
#4796=DIRECTION('',(2.35513868802566E-16,0.86602540378444,0.499999999999998));
#4797=DIRECTION('',(0.,-0.499999999999998,0.86602540378444));
#4798=DIRECTION('',(0.,0.499999999999998,-0.86602540378444));
#4799=DIRECTION('',(1.,0.,0.));
#4800=DIRECTION('',(0.707106781186548,0.353553390593272,-0.612372435695795));
#4801=DIRECTION('',(-1.,0.,0.));
#4802=DIRECTION('',(2.35513868802566E-16,0.86602540378444,0.499999999999998));
#4803=DIRECTION('',(0.,-0.499999999999998,0.86602540378444));
#4804=DIRECTION('',(0.,-0.86602540378444,-0.499999999999998));
#4805=DIRECTION('',(-0.707106781186547,0.353553390593272,-0.612372435695796));
#4806=DIRECTION('',(0.654653670707978,0.654653670707976,-0.377964473009229));
#4807=DIRECTION('',(0.,-0.86602540378444,-0.499999999999998));
#4808=DIRECTION('',(0.,0.499999999999998,-0.86602540378444));
#4809=DIRECTION('',(0.,0.86602540378444,0.499999999999998));
#4810=DIRECTION('',(1.,0.,0.));
#4811=DIRECTION('',(0.,-0.500000000000002,-0.866025403784438));
#4812=DIRECTION('',(-1.,0.,0.));
#4813=DIRECTION('',(0.707106781186548,-0.353553390593275,-0.612372435695793));
#4814=DIRECTION('',(2.35513868802566E-16,0.866025403784438,-0.500000000000002));
#4815=DIRECTION('',(0.,0.500000000000002,0.866025403784438));
#4816=DIRECTION('',(0.,-0.500000000000002,-0.866025403784438));
#4817=DIRECTION('',(1.,0.,0.));
#4818=DIRECTION('',(0.707106781186548,-0.353553390593275,-0.612372435695793));
#4819=DIRECTION('',(-1.,0.,0.));
#4820=DIRECTION('',(2.35513868802566E-16,0.866025403784438,-0.500000000000002));
#4821=DIRECTION('',(0.,0.500000000000002,0.866025403784438));
#4822=DIRECTION('',(0.,-0.866025403784438,0.500000000000002));
#4823=DIRECTION('',(-0.707106781186547,-0.353553390593275,-0.612372435695794));
#4824=DIRECTION('',(0.654653670707978,-1.77115266897232E-15,-0.755928946018454));
#4825=DIRECTION('',(0.,-0.866025403784438,0.500000000000002));
#4826=DIRECTION('',(0.,-0.500000000000002,-0.866025403784438));
#4827=DIRECTION('',(0.,0.866025403784438,-0.500000000000002));
#4828=DIRECTION('',(1.,0.,0.));
#4829=DIRECTION('',(0.,-1.,1.16573417585641E-15));
#4830=DIRECTION('',(-1.,0.,0.));
#4831=DIRECTION('',(0.707106781186548,-0.707106781186547,8.88178419700125E-16));
#4832=DIRECTION('',(2.35513868802566E-16,-1.16573417585641E-15,-1.));
#4833=DIRECTION('',(0.,1.,-1.16573417585641E-15));
#4834=DIRECTION('',(0.,-1.,1.16573417585641E-15));
#4835=DIRECTION('',(1.,0.,0.));
#4836=DIRECTION('',(0.707106781186548,-0.707106781186547,8.88178419700125E-16));
#4837=DIRECTION('',(-1.,0.,0.));
#4838=DIRECTION('',(2.35513868802566E-16,-1.16573417585641E-15,-1.));
#4839=DIRECTION('',(0.,1.,-1.16573417585641E-15));
#4840=DIRECTION('',(0.,1.22124532708767E-15,1.));
#4841=DIRECTION('',(-0.707106781186547,-0.707106781186548,7.7715611723761E-16));
#4842=DIRECTION('',(0.654653670707978,-0.654653670707977,-0.377964473009226));
#4843=DIRECTION('',(0.,1.22124532708767E-15,1.));
#4844=DIRECTION('',(0.,-1.,1.22124532708767E-15));
#4845=DIRECTION('',(0.,-1.22124532708767E-15,-1.));
#4846=DIRECTION('',(1.,0.,0.));
#4847=DIRECTION('',(0.,-0.5,0.866025403784439));
#4848=DIRECTION('',(-1.,0.,0.));
#4849=DIRECTION('',(0.707106781186548,-0.353553390593273,0.612372435695794));
#4850=DIRECTION('',(2.35513868802566E-16,-0.866025403784439,-0.5));
#4851=DIRECTION('',(0.,0.5,-0.866025403784439));
#4852=DIRECTION('',(0.,-0.5,0.866025403784439));
#4853=DIRECTION('',(1.,0.,0.));
#4854=DIRECTION('',(0.707106781186548,-0.353553390593273,0.612372435695794));
#4855=DIRECTION('',(-1.,0.,0.));
#4856=DIRECTION('',(2.35513868802566E-16,-0.866025403784439,-0.5));
#4857=DIRECTION('',(0.,0.5,-0.866025403784439));
#4858=DIRECTION('',(0.,0.866025403784439,0.5));
#4859=DIRECTION('',(-0.707106781186547,-0.353553390593274,0.612372435695795));
#4860=DIRECTION('',(0.654653670707978,-0.654653670707976,0.377964473009227));
#4861=DIRECTION('',(0.,0.866025403784439,0.5));
#4862=DIRECTION('',(0.,-0.5,0.866025403784439));
#4863=DIRECTION('',(0.,-0.866025403784439,-0.5));
#4864=DIRECTION('',(-1.,0.,0.));
#4865=DIRECTION('',(0.,0.,-1.));
#4866=DIRECTION('',(-1.,0.,0.));
#4867=DIRECTION('',(0.,0.,-1.));
#4868=DIRECTION('',(1.,0.,0.));
#4869=DIRECTION('',(0.,0.,-1.));
#4870=DIRECTION('',(-1.,0.,0.));
#4871=DIRECTION('',(0.,0.,-1.));
#4872=DIRECTION('',(-1.,0.,0.));
#4873=DIRECTION('',(0.,0.,-1.));
#4874=DIRECTION('',(1.,0.,0.));
#4875=DIRECTION('',(0.,0.,-1.));
#4876=DIRECTION('',(-1.,0.,0.));
#4877=DIRECTION('',(0.,0.,-1.));
#4878=DIRECTION('',(-1.,0.,0.));
#4879=DIRECTION('',(0.,0.,-1.));
#4880=DIRECTION('',(1.,0.,0.));
#4881=DIRECTION('',(0.,0.,-1.));
#4882=DIRECTION('',(-1.,0.,0.));
#4883=DIRECTION('',(0.,0.,-1.));
#4884=DIRECTION('',(-1.,0.,0.));
#4885=DIRECTION('',(0.,0.,-1.));
#4886=DIRECTION('',(1.,0.,0.));
#4887=DIRECTION('',(0.,0.,-1.));
#4888=DIRECTION('',(-1.,0.,0.));
#4889=DIRECTION('',(0.,0.,-1.));
#4890=DIRECTION('',(-1.,0.,0.));
#4891=DIRECTION('',(0.,0.,-1.));
#4892=DIRECTION('',(1.,0.,0.));
#4893=DIRECTION('',(0.,0.,-1.));
#4894=DIRECTION('',(-1.,0.,0.));
#4895=DIRECTION('',(0.,0.,-1.));
#4896=DIRECTION('',(-1.,0.,0.));
#4897=DIRECTION('',(0.,0.,-1.));
#4898=DIRECTION('',(1.,0.,0.));
#4899=DIRECTION('',(0.,0.,-1.));
#4900=DIRECTION('',(1.,0.,0.));
#4901=DIRECTION('',(0.,0.,-1.));
#4902=DIRECTION('',(1.,0.,0.));
#4903=DIRECTION('',(0.,0.,-1.));
#4904=DIRECTION('',(1.,0.,0.));
#4905=DIRECTION('',(0.,0.,-1.));
#4906=DIRECTION('',(1.,0.,0.));
#4907=DIRECTION('',(0.,0.,-1.));
#4908=DIRECTION('',(1.,0.,0.));
#4909=DIRECTION('',(0.,0.,-1.));
#4910=DIRECTION('',(1.,0.,0.));
#4911=DIRECTION('',(0.,0.,-1.));
#4912=DIRECTION('',(1.,0.,0.));
#4913=DIRECTION('',(0.,0.,-1.));
#4914=DIRECTION('',(1.,0.,0.));
#4915=DIRECTION('',(0.,0.,-1.));
#4916=DIRECTION('',(1.,0.,0.));
#4917=DIRECTION('',(0.,0.,-1.));
#4918=DIRECTION('',(1.,0.,0.));
#4919=DIRECTION('',(0.,0.,-1.));
#4920=DIRECTION('',(1.,0.,0.));
#4921=DIRECTION('',(0.,0.,-1.));
#4922=DIRECTION('',(1.,0.,0.));
#4923=DIRECTION('',(0.,0.,-1.));
#4924=DIRECTION('',(-1.,0.,0.));
#4925=DIRECTION('',(0.,0.,-1.));
#4926=DIRECTION('',(1.,0.,0.));
#4927=DIRECTION('',(0.,0.,-1.));
#4928=DIRECTION('',(0.,0.86602540378444,0.499999999999998));
#4929=DIRECTION('',(0.,0.499999999999999,-0.866025403784439));
#4930=DIRECTION('',(1.,0.,0.));
#4931=DIRECTION('',(0.,0.,-1.));
#4932=DIRECTION('',(-1.,0.,0.));
#4933=DIRECTION('',(0.,0.,-1.));
#4934=DIRECTION('',(1.,0.,0.));
#4935=DIRECTION('',(0.,0.,-1.));
#4936=DIRECTION('',(0.,0.866025403784438,-0.500000000000001));
#4937=DIRECTION('',(0.,-0.500000000000001,-0.866025403784438));
#4938=DIRECTION('',(1.,0.,0.));
#4939=DIRECTION('',(0.,0.,-1.));
#4940=DIRECTION('',(-1.,0.,0.));
#4941=DIRECTION('',(0.,0.,-1.));
#4942=DIRECTION('',(1.,0.,0.));
#4943=DIRECTION('',(0.,0.,-1.));
#4944=DIRECTION('',(0.,2.84823227897248E-15,1.));
#4945=DIRECTION('',(0.,1.,-2.34291072916505E-15));
#4946=DIRECTION('',(1.,0.,0.));
#4947=DIRECTION('',(0.,0.,-1.));
#4948=DIRECTION('',(-1.,0.,0.));
#4949=DIRECTION('',(0.,0.,-1.));
#4950=DIRECTION('',(1.,0.,0.));
#4951=DIRECTION('',(0.,0.,-1.));
#4952=DIRECTION('',(0.,-0.866025403784437,0.500000000000003));
#4953=DIRECTION('',(0.,0.500000000000003,0.866025403784437));
#4954=DIRECTION('',(1.,0.,0.));
#4955=DIRECTION('',(0.,0.,-1.));
#4956=DIRECTION('',(-1.,0.,0.));
#4957=DIRECTION('',(0.,0.,-1.));
#4958=DIRECTION('',(1.,0.,0.));
#4959=DIRECTION('',(0.,0.,-1.));
#4960=DIRECTION('',(0.,-0.866025403784441,-0.499999999999996));
#4961=DIRECTION('',(0.,-0.499999999999996,0.866025403784441));
#4962=DIRECTION('',(1.,0.,0.));
#4963=DIRECTION('',(0.,0.,-1.));
#4964=DIRECTION('',(0.,-5.05321549807431E-16,-1.));
#4965=DIRECTION('',(0.,-1.,0.));
#4966=DIRECTION('',(-1.,0.,0.));
#4967=DIRECTION('',(0.,0.,-1.));
#4968=DIRECTION('',(1.,0.,0.));
#4969=DIRECTION('',(0.,0.,-1.));
#4970=DIRECTION('',(1.,0.,0.));
#4971=DIRECTION('',(0.,0.,-1.));
#4972=DIRECTION('',(1.,0.,0.));
#4973=DIRECTION('',(0.,-1.,5.05321549807431E-16));
#4974=DIRECTION('',(0.,-5.05321549807431E-16,-1.));
#4975=DIRECTION('',(0.,0.,1.));
#4976=DIRECTION('',(1.,0.,0.));
#4977=DIRECTION('',(1.,0.,0.));
#4978=DIRECTION('',(0.,-0.499999999999996,0.866025403784441));
#4979=DIRECTION('',(0.,-0.866025403784441,-0.499999999999996));
#4980=DIRECTION('',(0.,0.866025403784441,0.499999999999996));
#4981=DIRECTION('',(1.,0.,0.));
#4982=DIRECTION('',(1.,0.,0.));
#4983=DIRECTION('',(0.,0.500000000000003,0.866025403784437));
#4984=DIRECTION('',(0.,-0.866025403784437,0.500000000000003));
#4985=DIRECTION('',(0.,0.866025403784437,-0.500000000000003));
#4986=DIRECTION('',(1.,0.,0.));
#4987=DIRECTION('',(1.,0.,0.));
#4988=DIRECTION('',(0.,1.,-2.84823227897248E-15));
#4989=DIRECTION('',(0.,2.84823227897248E-15,1.));
#4990=DIRECTION('',(0.,-2.34291072916505E-15,-1.));
#4991=DIRECTION('',(1.,0.,0.));
#4992=DIRECTION('',(1.,0.,0.));
#4993=DIRECTION('',(0.,-0.500000000000001,-0.866025403784438));
#4994=DIRECTION('',(0.,0.866025403784438,-0.500000000000001));
#4995=DIRECTION('',(0.,-0.866025403784438,0.500000000000001));
#4996=DIRECTION('',(1.,0.,0.));
#4997=DIRECTION('',(1.,0.,0.));
#4998=DIRECTION('',(0.,0.499999999999998,-0.86602540378444));
#4999=DIRECTION('',(0.,0.86602540378444,0.499999999999998));
#5000=DIRECTION('',(0.,-0.866025403784439,-0.499999999999999));
#5001=DIRECTION('',(1.,0.,0.));
#5002=CARTESIAN_POINT('',(0.,0.,0.));
#5003=CARTESIAN_POINT('',(3.36659707068755E-15,4.1924020904233,6.4003799116244));
#5004=CARTESIAN_POINT('',(3.36659707068755E-15,4.11897661498256,6.27684711169885));
#5005=CARTESIAN_POINT('',(3.36659707068755E-15,4.26582756586403,6.52391271154995));
#5006=CARTESIAN_POINT('',(3.36659707068755E-15,4.02305015399433,6.66821484752961));
#5007=CARTESIAN_POINT('',(3.36659707068755E-15,3.78027274212462,6.81251698350927));
#5008=CARTESIAN_POINT('',(3.36659707068755E-15,3.70684726668389,6.68898418358372));
#5009=CARTESIAN_POINT('',(3.36659707068755E-15,3.63342179124315,6.56545138365817));
#5010=CARTESIAN_POINT('',(3.36659707068755E-15,3.87619920311286,6.42114924767851));
#5011=CARTESIAN_POINT('',(3.36659707068755E-15,0.,0.));
#5012=CARTESIAN_POINT('',(3.36659707068755E-15,2.76679639200414,7.26891492570618));
#5013=CARTESIAN_POINT('',(3.36659707068755E-15,2.81945237676913,7.26311741709329));
#5014=CARTESIAN_POINT('',(3.36659707068755E-15,2.86298543424134,7.25312020738514));
#5015=CARTESIAN_POINT('',(3.36659707068755E-15,2.89732472498371,7.23977841340363));
#5016=CARTESIAN_POINT('',(3.36659707068755E-15,2.76679639200414,7.26891492570618));
#5017=CARTESIAN_POINT('',(3.36659707068755E-15,2.89732472498371,7.23977841340363));
#5018=CARTESIAN_POINT('',(3.36659707068755E-15,2.89732472498371,7.23977841340363));
#5019=CARTESIAN_POINT('',(3.36659707068755E-15,2.94918937135573,7.21858981071181));
#5020=CARTESIAN_POINT('',(3.36659707068755E-15,2.98515595171952,7.18144743330639));
#5021=CARTESIAN_POINT('',(3.36659707068755E-15,3.02633916792565,7.07421487238349));
#5022=CARTESIAN_POINT('',(3.36659707068755E-15,3.02298274368066,7.01376159218971));
#5023=CARTESIAN_POINT('',(3.36659707068755E-15,2.96761995893169,6.87555032111375));
#5024=CARTESIAN_POINT('',(3.36659707068755E-15,2.92619594512405,6.82683085400471));
#5025=CARTESIAN_POINT('',(3.36659707068755E-15,2.81703345263524,6.77360152548723));
#5026=CARTESIAN_POINT('',(3.36659707068755E-15,2.7625630826513,6.77125912709463));
#5027=CARTESIAN_POINT('',(3.36659707068755E-15,2.65605491241492,6.81392271637283));
#5028=CARTESIAN_POINT('',(3.36659707068755E-15,2.61944573354039,6.84842890387547));
#5029=CARTESIAN_POINT('',(3.36659707068755E-15,2.57485839192806,6.94710367199835));
#5030=CARTESIAN_POINT('',(3.36659707068755E-15,2.58222910336049,7.00451281587447));
#5031=CARTESIAN_POINT('',(3.36659707068755E-15,2.59133884583185,7.07546695931196));
#5032=CARTESIAN_POINT('',(3.36659707068755E-15,2.59133884583185,7.07546695931196));
#5033=CARTESIAN_POINT('',(3.36659707068755E-15,2.45575468621965,7.11158911121024));
#5034=CARTESIAN_POINT('',(3.36659707068755E-15,2.32017052660746,7.14771126310853));
#5035=CARTESIAN_POINT('',(3.36659707068755E-15,2.32017052660746,7.14771126310853));
#5036=CARTESIAN_POINT('',(3.36659707068755E-15,2.28676246505714,7.02509452598365));
#5037=CARTESIAN_POINT('',(3.36659707068755E-15,2.29689653941804,6.91107861349056));
#5038=CARTESIAN_POINT('',(3.36659707068755E-15,2.4050764063459,6.69973836501786));
#5039=CARTESIAN_POINT('',(3.36659707068755E-15,2.49463545000936,6.62146549338196));
#5040=CARTESIAN_POINT('',(3.36659707068755E-15,2.75360347596871,6.51773161577241));
#5041=CARTESIAN_POINT('',(3.36659707068755E-15,2.88200763455203,6.51631505638713));
#5042=CARTESIAN_POINT('',(3.36659707068755E-15,3.12963250700518,6.6169898198458));
#5043=CARTESIAN_POINT('',(3.36659707068755E-15,3.2160797683918,6.70327247988544));
#5044=CARTESIAN_POINT('',(3.36659707068755E-15,3.29883857033615,6.90987695726704));
#5045=CARTESIAN_POINT('',(3.36659707068755E-15,3.30329618193763,6.99117885120828));
#5046=CARTESIAN_POINT('',(3.36659707068755E-15,3.25540114290899,7.14868148757766));
#5047=CARTESIAN_POINT('',(3.36659707068755E-15,3.2071361630925,7.21240706409067));
#5048=CARTESIAN_POINT('',(3.36659707068755E-15,3.1341930933681,7.26146738572834));
#5049=CARTESIAN_POINT('',(3.36659707068755E-15,3.1341930933681,7.26146738572834));
#5050=CARTESIAN_POINT('',(3.36659707068755E-15,3.1341930933681,7.26146738572834));
#5051=CARTESIAN_POINT('',(3.36659707068755E-15,3.29702453029343,7.28098353595955));
#5052=CARTESIAN_POINT('',(3.36659707068755E-15,3.40294659008403,7.35140485933824));
#5053=CARTESIAN_POINT('',(3.36659707068755E-15,3.48641882997616,7.55979040980071));
#5054=CARTESIAN_POINT('',(3.36659707068755E-15,3.4846102922224,7.65021623975017));
#5055=CARTESIAN_POINT('',(3.36659707068755E-15,3.40075872223683,7.85990483132653));
#5056=CARTESIAN_POINT('',(3.36659707068755E-15,3.31288210961999,7.94387830364091));
#5057=CARTESIAN_POINT('',(3.36659707068755E-15,3.10520898838986,8.02706516835393));
#5058=CARTESIAN_POINT('',(3.36659707068755E-15,3.03003963465333,8.04064066367097));
#5059=CARTESIAN_POINT('',(3.36659707068755E-15,2.88367398794813,8.03230380183808));
#5060=CARTESIAN_POINT('',(3.36659707068755E-15,2.81974669232341,8.01202680403313));
#5061=CARTESIAN_POINT('',(3.36659707068755E-15,2.71038068638888,7.93871946898135));
#5062=CARTESIAN_POINT('',(3.36659707068755E-15,2.65728884753269,7.88199109161076));
#5063=CARTESIAN_POINT('',(3.36659707068755E-15,2.60651627482031,7.80477344649226));
#5064=CARTESIAN_POINT('',(3.36659707068755E-15,2.60651627482031,7.80477344649226));
#5065=CARTESIAN_POINT('',(3.36659707068755E-15,2.72116985692484,7.73445822194522));
#5066=CARTESIAN_POINT('',(3.36659707068755E-15,2.83582343902937,7.66414299739818));
#5067=CARTESIAN_POINT('',(3.36659707068755E-15,2.83582343902937,7.66414299739817));
#5068=CARTESIAN_POINT('',(3.36659707068755E-15,2.8673473091675,7.72220194497294));
#5069=CARTESIAN_POINT('',(3.36659707068755E-15,2.90548849969983,7.76066202764996));
#5070=CARTESIAN_POINT('',(3.36659707068755E-15,2.99525764493457,7.79849070789604));
#5071=CARTESIAN_POINT('',(3.36659707068755E-15,3.04046738327277,7.79836227146868));
#5072=CARTESIAN_POINT('',(3.36659707068755E-15,3.13237075424597,7.7615488733624));
#5073=CARTESIAN_POINT('',(3.36659707068755E-15,3.16385225833538,7.73281699401741));
#5074=CARTESIAN_POINT('',(3.36659707068755E-15,3.19726957800852,7.65473800439778));
#5075=CARTESIAN_POINT('',(3.36659707068755E-15,3.19642886223076,7.61187821164209));
#5076=CARTESIAN_POINT('',(3.36659707068755E-15,3.15547752402726,7.50964461679981));
#5077=CARTESIAN_POINT('',(3.36659707068755E-15,3.11854867364846,7.47317913423029));
#5078=CARTESIAN_POINT('',(3.36659707068755E-15,3.01621871206272,7.43707682064667));
#5079=CARTESIAN_POINT('',(3.36659707068755E-15,2.95464354929738,7.44375880546779));
#5080=CARTESIAN_POINT('',(3.36659707068755E-15,2.88340163477779,7.47436277163963));
#5081=CARTESIAN_POINT('',(3.36659707068755E-15,2.88340163477779,7.47436277163963));
#5082=CARTESIAN_POINT('',(3.36659707068755E-15,2.82509901339096,7.3716388486729));
#5083=CARTESIAN_POINT('',(3.36659707068755E-15,0.,0.));
#5084=CARTESIAN_POINT('',(3.36659707068755E-15,5.18722085284546,6.49820756114849));
#5085=CARTESIAN_POINT('',(3.36659707068755E-15,5.23766154618686,6.50377238261657));
#5086=CARTESIAN_POINT('',(3.36659707068755E-15,5.28610946408387,6.48707415512026));
#5087=CARTESIAN_POINT('',(3.36659707068755E-15,5.37891805083207,6.41023217903221));
#5088=CARTESIAN_POINT('',(3.36659707068755E-15,5.40455619042701,6.36658634642525));
#5089=CARTESIAN_POINT('',(3.36659707068755E-15,5.41370902456341,6.26933443142359));
#5090=CARTESIAN_POINT('',(3.36659707068755E-15,5.39568550056468,6.22048924662189));
#5091=CARTESIAN_POINT('',(3.36659707068755E-15,5.31786464580035,6.12649838488328));
#5092=CARTESIAN_POINT('',(3.36659707068755E-15,5.26505296155711,6.09400178929126));
#5093=CARTESIAN_POINT('',(3.36659707068755E-15,5.19667783184784,6.0733947593266));
#5094=CARTESIAN_POINT('',(3.36659707068755E-15,5.18722085284546,6.49820756114849));
#5095=CARTESIAN_POINT('',(3.36659707068755E-15,5.19667783184784,6.0733947593266));
#5096=CARTESIAN_POINT('',(3.36659707068755E-15,5.19667783184784,6.0733947593266));
#5097=CARTESIAN_POINT('',(3.36659707068755E-15,5.14651043534634,6.05913447411317));
#5098=CARTESIAN_POINT('',(3.36659707068755E-15,5.03320241508,6.04683530237069));
#5099=CARTESIAN_POINT('',(3.36659707068755E-15,4.63723225124637,6.02300532401305));
#5100=CARTESIAN_POINT('',(3.36659707068755E-15,4.47752215162086,6.00026090255056));
#5101=CARTESIAN_POINT('',(3.36659707068755E-15,4.27825211164143,5.93073572378654));
#5102=CARTESIAN_POINT('',(3.36659707068755E-15,4.1919635532762,5.87799768183042));
#5103=CARTESIAN_POINT('',(3.36659707068755E-15,4.11932635537777,5.80711525194409));
#5104=CARTESIAN_POINT('',(3.36659707068755E-15,4.11932635537777,5.80711525194409));
#5105=CARTESIAN_POINT('',(3.36659707068755E-15,4.50755590535788,5.48567596662036));
#5106=CARTESIAN_POINT('',(3.36659707068755E-15,4.89578545533798,5.16423668129664));
#5107=CARTESIAN_POINT('',(3.36659707068755E-15,4.98094790017442,5.26709460546343));
#5108=CARTESIAN_POINT('',(3.36659707068755E-15,5.06611034501085,5.36995252963021));
#5109=CARTESIAN_POINT('',(3.36659707068755E-15,4.8462071967922,5.55202396341845));
#5110=CARTESIAN_POINT('',(3.36659707068755E-15,4.62630404857355,5.73409539720669));
#5111=CARTESIAN_POINT('',(3.36659707068755E-15,4.62630404857355,5.73409539720669));
#5112=CARTESIAN_POINT('',(3.36659707068755E-15,4.65422744755787,5.74435443620253));
#5113=CARTESIAN_POINT('',(3.36659707068755E-15,4.68643183052068,5.75256354541235));
#5114=CARTESIAN_POINT('',(3.36659707068755E-15,4.75842368572697,5.76369962926952));
#5115=CARTESIAN_POINT('',(3.36659707068755E-15,4.83799863021394,5.76955357856421));
#5116=CARTESIAN_POINT('',(3.36659707068755E-15,5.08399777824457,5.78233740475752));
#5117=CARTESIAN_POINT('',(3.36659707068755E-15,5.1728121551333,5.79125311759898));
#5118=CARTESIAN_POINT('',(3.36659707068755E-15,5.311138601512,5.82131951113676));
#5119=CARTESIAN_POINT('',(3.36659707068755E-15,5.38135087344399,5.84576441505216));
#5120=CARTESIAN_POINT('',(3.36659707068755E-15,5.49641339040663,5.90892059848793));
#5121=CARTESIAN_POINT('',(3.36659707068755E-15,5.54698449473381,5.95074511867544));
#5122=CARTESIAN_POINT('',(3.36659707068755E-15,5.66567353423286,6.09409596126421));
#5123=CARTESIAN_POINT('',(3.36659707068755E-15,5.69624779753781,6.19781215016088));
#5124=CARTESIAN_POINT('',(3.36659707068755E-15,5.66796699742428,6.42872246768691));
#5125=CARTESIAN_POINT('',(3.36659707068755E-15,5.60359887723567,6.53357933270409));
#5126=CARTESIAN_POINT('',(3.36659707068755E-15,5.38576471025026,6.71393772880883));
#5127=CARTESIAN_POINT('',(3.36659707068755E-15,5.27684272823786,6.75928412423096));
#5128=CARTESIAN_POINT('',(3.36659707068755E-15,5.05036936308753,6.76802005302674));
#5129=CARTESIAN_POINT('',(3.36659707068755E-15,4.936549977705,6.71472087301298));
#5130=CARTESIAN_POINT('',(3.36659707068755E-15,4.82272044915342,6.60371421443852));
#5131=CARTESIAN_POINT('',(3.36659707068755E-15,4.82272044915342,6.60371421443852));
#5132=CARTESIAN_POINT('',(3.36659707068755E-15,4.92393838879402,6.50122759000558));
#5133=CARTESIAN_POINT('',(3.36659707068755E-15,5.02515632843462,6.39874096557264));
#5134=CARTESIAN_POINT('',(3.36659707068755E-15,5.02515632843462,6.39874096557264));
#5135=CARTESIAN_POINT('',(3.36659707068755E-15,5.08288789842748,6.46004444593131));
#5136=CARTESIAN_POINT('',(3.36659707068755E-15,5.13672931042553,6.49318302809708));
#5137=CARTESIAN_POINT('',(3.36659707068755E-15,5.18722085284546,6.49820756114849));
#5138=CARTESIAN_POINT('',(3.36659707068755E-15,0.,0.));
#5139=CARTESIAN_POINT('',(-25.0000000000038,0.5,3.96862696659689));
#5140=CARTESIAN_POINT('',(-20.,0.5,3.96862696659689));
#5141=CARTESIAN_POINT('',(-25.0000000000038,0.5,3.96862696659689));
#5142=CARTESIAN_POINT('',(-20.,0.499999999999995,1.41421356237312));
#5143=CARTESIAN_POINT('',(-20.,0.5,4.));
#5144=CARTESIAN_POINT('',(-20.,0.5,4.));
#5145=CARTESIAN_POINT('',(-2.52531839563537E-15,0.5,4.));
#5146=CARTESIAN_POINT('',(-4.54660459486509E-15,0.5,0.));
#5147=CARTESIAN_POINT('',(2.18184737258426E-15,0.5,13.3151890514336));
#5148=CARTESIAN_POINT('',(2.18184737258426E-15,0.5,13.3151890514336));
#5149=CARTESIAN_POINT('',(-0.888388607061724,0.5,13.8284619498468));
#5150=CARTESIAN_POINT('',(-1.7767951220288,0.5,14.3417038533147));
#5151=CARTESIAN_POINT('',(-2.66521449865766,0.5,14.8549234911239));
#5152=CARTESIAN_POINT('',(-3.51013226598055,0.5,15.3430132400997));
#5153=CARTESIAN_POINT('',(-4.35506172956192,0.5,15.8310827423336));
#5154=CARTESIAN_POINT('',(-5.19999999999999,0.5,16.3191369972503));
#5155=CARTESIAN_POINT('',(-5.19999999999999,0.5,16.3191369972503));
#5156=CARTESIAN_POINT('',(-5.19999999999999,0.5,16.3191369972503));
#5157=CARTESIAN_POINT('',(-5.21578742756432,0.5,16.328256150053));
#5158=CARTESIAN_POINT('',(-5.23299102819998,0.5,16.3352597839449));
#5159=CARTESIAN_POINT('',(-5.25065887568084,0.5,16.3397596708692));
#5160=CARTESIAN_POINT('',(-5.27234630018932,0.5,16.3452833181653));
#5161=CARTESIAN_POINT('',(-5.29528681848736,0.5,16.3471380628154));
#5162=CARTESIAN_POINT('',(-5.31757990482519,0.5,16.3451699767409));
#5163=CARTESIAN_POINT('',(-5.33986798206002,0.5,16.3432023328817));
#5164=CARTESIAN_POINT('',(-5.36212358048659,0.5,16.337359397209));
#5165=CARTESIAN_POINT('',(-5.38250420179777,0.5,16.3281257476514));
#5166=CARTESIAN_POINT('',(-5.40288626327041,0.5,16.3188914456139));
#5167=CARTESIAN_POINT('',(-5.42195502793132,0.5,16.3060115110351));
#5168=CARTESIAN_POINT('',(-5.4381333634744,0.5,16.2905531080436));
#5169=CARTESIAN_POINT('',(-5.45431713812917,0.5,16.2750895079796));
#5170=CARTESIAN_POINT('',(-5.46805471648126,0.5,16.256619576694));
#5171=CARTESIAN_POINT('',(-5.47821085795314,0.5,16.2366723894383));
#5172=CARTESIAN_POINT('',(-5.48837166687007,0.5,16.216716035079));
#5173=CARTESIAN_POINT('',(-5.49522791662791,0.5,16.1947309693537));
#5174=CARTESIAN_POINT('',(-5.49821324174692,0.5,16.1725366919135));
#5175=CARTESIAN_POINT('',(-5.49940175901019,0.5,16.1637007089529));
#5176=CARTESIAN_POINT('',(-5.49999999999999,0.5,16.1547653237652));
#5177=CARTESIAN_POINT('',(-5.49999999999999,0.5,16.1458497661178));
#5178=CARTESIAN_POINT('',(-5.49999999999999,0.5,16.1458497661178));
#5179=CARTESIAN_POINT('',(-5.49999999999999,0.5,16.1535898384862));
#5180=CARTESIAN_POINT('',(-5.49999999999999,0.5,14.5914358443575));
#5181=CARTESIAN_POINT('',(0.,0.5,14.5914358443575));
#5182=CARTESIAN_POINT('',(-9.1,0.5,14.5914358443575));
#5183=CARTESIAN_POINT('',(-9.1,0.5,14.6));
#5184=CARTESIAN_POINT('',(-9.09999999999925,0.5,16.2625671423388));
#5185=CARTESIAN_POINT('',(-9.09999999999925,0.5,16.2625671423388));
#5186=CARTESIAN_POINT('',(-9.09999999999924,0.5,16.2782250434297));
#5187=CARTESIAN_POINT('',(-9.10186239080334,0.5,16.2939896034441));
#5188=CARTESIAN_POINT('',(-9.10551119883007,0.5,16.309216424076));
#5189=CARTESIAN_POINT('',(-9.11073243135261,0.5,16.3310051206902));
#5190=CARTESIAN_POINT('',(-9.11978782917095,0.5,16.3521930199715));
#5191=CARTESIAN_POINT('',(-9.13192833902142,0.5,16.3710242862532));
#5192=CARTESIAN_POINT('',(-9.14406629842266,0.5,16.3898515965075));
#5193=CARTESIAN_POINT('',(-9.15962317779192,0.5,16.4068427715463));
#5194=CARTESIAN_POINT('',(-9.17731086324966,0.5,16.4205884418823));
#5195=CARTESIAN_POINT('',(-9.19499118731001,0.5,16.4343283914393));
#5196=CARTESIAN_POINT('',(-9.21528855590353,0.5,16.4452046444312));
#5197=CARTESIAN_POINT('',(-9.23652130882938,0.5,16.4523145161527));
#5198=CARTESIAN_POINT('',(-9.25774470762951,0.5,16.4594212556079));
#5199=CARTESIAN_POINT('',(-9.28048825764076,0.5,16.4629609884193));
#5200=CARTESIAN_POINT('',(-9.30286760804962,0.5,16.462639931428));
#5201=CARTESIAN_POINT('',(-9.3112138307295,0.5,16.4625201954619));
#5202=CARTESIAN_POINT('',(-9.31956884576537,0.5,16.46187543067));
#5203=CARTESIAN_POINT('',(-9.32783462019201,0.5,16.4607132160377));
#5204=CARTESIAN_POINT('',(-9.32783462019201,0.5,16.4607132160377));
#5205=CARTESIAN_POINT('',(-38.1186889235732,0.5,12.4119477491504));
#5206=CARTESIAN_POINT('',(-29.4867646367056,0.5,13.6260695235148));
#5207=CARTESIAN_POINT('',(-20.8548025899034,0.5,14.8399228426182));
#5208=CARTESIAN_POINT('',(-12.2228237377383,0.5,16.0536566161347));
#5209=CARTESIAN_POINT('',(-11.2578275894039,0.5,16.1893437438033));
#5210=CARTESIAN_POINT('',(-10.2928312113423,0.5,16.3250292376783));
#5211=CARTESIAN_POINT('',(-9.32783462019201,0.5,16.4607132160377));
#5212=CARTESIAN_POINT('',(-38.1186889235732,0.5,12.4119477491504));
#5213=CARTESIAN_POINT('',(-40.0000000000038,0.5,14.293258825581));
#5214=CARTESIAN_POINT('',(-33.1900559479707,0.5,7.48331477354788));
#5215=CARTESIAN_POINT('',(-40.0000000000038,0.5,7.48331477354788));
#5216=CARTESIAN_POINT('',(-25.0000000000038,0.5,7.48331477354788));
#5217=CARTESIAN_POINT('',(-25.0000000000038,0.5,0.));
#5218=CARTESIAN_POINT('',(0.,0.5,0.));
#5219=CARTESIAN_POINT('',(0.,0.,0.));
#5220=CARTESIAN_POINT('',(3.36659707068755E-15,-3.59106314343208E-15,-1.5));
#5221=CARTESIAN_POINT('',(-3.83197200576803E-15,-0.974744871391591,-1.14011948307877));
#5222=CARTESIAN_POINT('',(-20.,-3.59106314343208E-15,-1.5));
#5223=CARTESIAN_POINT('',(-20.,-3.59106314343208E-15,-1.5));
#5224=CARTESIAN_POINT('',(-20.0000000000038,0.,0.));
#5225=CARTESIAN_POINT('',(-20.0000000000038,-0.974744871391591,-1.14011948307877));
#5226=CARTESIAN_POINT('',(-40.0000000000038,-0.974744871391591,-1.14011948307877));
#5227=CARTESIAN_POINT('',(-40.0000000000038,0.,0.));
#5228=CARTESIAN_POINT('',(0.,0.,0.));
#5229=CARTESIAN_POINT('',(3.36659707068755E-15,-1.29903810567666,-0.749999999999998));
#5230=CARTESIAN_POINT('',(-6.22426131481017E-15,-1.47474487139159,0.274094079294329));
#5231=CARTESIAN_POINT('',(-20.,-1.29903810567666,-0.749999999999998));
#5232=CARTESIAN_POINT('',(-20.,-1.29903810567666,-0.749999999999998));
#5233=CARTESIAN_POINT('',(-20.0000000000038,0.,0.));
#5234=CARTESIAN_POINT('',(-20.0000000000038,-1.47474487139159,0.274094079294329));
#5235=CARTESIAN_POINT('',(-40.0000000000038,-1.47474487139159,0.274094079294329));
#5236=CARTESIAN_POINT('',(-40.0000000000038,0.,0.));
#5237=CARTESIAN_POINT('',(0.,0.,0.));
#5238=CARTESIAN_POINT('',(3.36659707068755E-15,-1.29903810567666,0.750000000000001));
#5239=CARTESIAN_POINT('',(-3.83197200576803E-15,-0.5,1.41421356237309));
#5240=CARTESIAN_POINT('',(-20.,-1.29903810567666,0.750000000000001));
#5241=CARTESIAN_POINT('',(-20.,-1.29903810567666,0.750000000000001));
#5242=CARTESIAN_POINT('',(-20.0000000000038,0.,0.));
#5243=CARTESIAN_POINT('',(-20.0000000000038,-0.5,1.41421356237309));
#5244=CARTESIAN_POINT('',(-40.0000000000038,-0.5,1.41421356237309));
#5245=CARTESIAN_POINT('',(-40.0000000000038,0.,0.));
#5246=CARTESIAN_POINT('',(0.,0.,0.));
#5247=CARTESIAN_POINT('',(3.36659707068755E-15,7.6697049684511E-17,1.5));
#5248=CARTESIAN_POINT('',(-5.26123718396215E-15,0.974744871391591,1.14011948307877));
#5249=CARTESIAN_POINT('',(-20.,7.6697049684511E-17,1.5));
#5250=CARTESIAN_POINT('',(-20.,7.6697049684511E-17,1.5));
#5251=CARTESIAN_POINT('',(-20.0000000000038,0.,0.));
#5252=CARTESIAN_POINT('',(-20.0000000000038,0.974744871391591,1.14011948307877));
#5253=CARTESIAN_POINT('',(-40.0000000000038,0.974744871391591,1.14011948307877));
#5254=CARTESIAN_POINT('',(-40.0000000000038,0.,0.));
#5255=CARTESIAN_POINT('',(0.,0.,0.));
#5256=CARTESIAN_POINT('',(3.36659707068755E-15,1.29903810567666,0.749999999999994));
#5257=CARTESIAN_POINT('',(-3.83197200576803E-15,1.47474487139159,-0.274094079294333));
#5258=CARTESIAN_POINT('',(-20.,1.29903810567666,0.749999999999994));
#5259=CARTESIAN_POINT('',(-20.,1.29903810567666,0.749999999999994));
#5260=CARTESIAN_POINT('',(-20.0000000000038,0.,0.));
#5261=CARTESIAN_POINT('',(-20.0000000000038,1.47474487139159,-0.274094079294333));
#5262=CARTESIAN_POINT('',(-40.0000000000038,1.47474487139159,-0.274094079294333));
#5263=CARTESIAN_POINT('',(-40.0000000000038,0.,0.));
#5264=CARTESIAN_POINT('',(-40.0000000000038,10.5553467632442,-17.2823968854467));
#5265=CARTESIAN_POINT('',(-40.0000000000038,6.07163671131886,-9.51638326910473));
#5266=CARTESIAN_POINT('',(-40.0000000000038,4.17467008866615,-6.23074069840787));
#5267=CARTESIAN_POINT('',(-40.0000000000038,0.,0.));
#5268=CARTESIAN_POINT('',(-40.0000000000038,7.48331477354788,-0.50000000000002));
#5269=CARTESIAN_POINT('',(-40.0000000000038,20.244668122704,-0.500000000000082));
#5270=CARTESIAN_POINT('',(-40.0000000000038,11.2772480188532,-0.500000000000045));
#5271=CARTESIAN_POINT('',(-40.0000000000038,0.,0.));
#5272=CARTESIAN_POINT('',(-40.0000000000038,0.,12.1576135792361));
#5273=CARTESIAN_POINT('',(-40.0000000000038,20.244668122704,0.499999999999919));
#5274=CARTESIAN_POINT('',(-40.0000000000038,11.2772480188532,0.499999999999956));
#5275=CARTESIAN_POINT('',(-40.0000000000038,7.48331477354789,0.49999999999998));
#5276=CARTESIAN_POINT('',(-40.0000000000038,0.,0.));
#5277=CARTESIAN_POINT('',(-40.0000000000038,4.17467008866615,6.23074069840787));
#5278=CARTESIAN_POINT('',(-40.0000000000038,10.5553467632442,17.2823968854467));
#5279=CARTESIAN_POINT('',(-40.0000000000038,6.07163671131888,9.51638326910472));
#5280=CARTESIAN_POINT('',(-40.0000000000038,0.,0.));
#5281=CARTESIAN_POINT('',(-40.0000000000038,0.,12.1576135792361));
#5282=CARTESIAN_POINT('',(-40.0000000000038,9.68932135945977,17.7823968854467));
#5283=CARTESIAN_POINT('',(-40.0000000000038,5.20561130753444,10.0163832691047));
#5284=CARTESIAN_POINT('',(-40.0000000000038,3.30864468488171,6.73074069840786));
#5285=CARTESIAN_POINT('',(-40.0000000000038,0.,0.));
#5286=CARTESIAN_POINT('',(-40.0000000000038,-3.30864468488173,6.73074069840786));
#5287=CARTESIAN_POINT('',(-40.0000000000038,-9.68932135945977,17.7823968854467));
#5288=CARTESIAN_POINT('',(-40.0000000000038,-5.20561130753444,10.0163832691047));
#5289=CARTESIAN_POINT('',(-40.0000000000038,0.,0.));
#5290=CARTESIAN_POINT('',(-40.0000000000038,0.,12.1576135792361));
#5291=CARTESIAN_POINT('',(-40.0000000000038,-10.5553467632442,17.2823968854467));
#5292=CARTESIAN_POINT('',(-40.0000000000038,-6.07163671131888,9.51638326910471));
#5293=CARTESIAN_POINT('',(-40.0000000000038,-4.17467008866617,6.23074069840786));
#5294=CARTESIAN_POINT('',(-40.0000000000038,0.,0.));
#5295=CARTESIAN_POINT('',(-40.0000000000038,-7.48331477354788,0.499999999999999));
#5296=CARTESIAN_POINT('',(-40.0000000000038,-20.244668122704,0.500000000000025));
#5297=CARTESIAN_POINT('',(-40.0000000000038,-11.2772480188532,0.500000000000013));
#5298=CARTESIAN_POINT('',(-40.0000000000038,0.,0.));
#5299=CARTESIAN_POINT('',(-40.0000000000038,0.,12.1576135792361));
#5300=CARTESIAN_POINT('',(-40.0000000000038,-20.244668122704,-0.499999999999976));
#5301=CARTESIAN_POINT('',(-40.0000000000038,-11.2772480188532,-0.499999999999988));
#5302=CARTESIAN_POINT('',(-40.0000000000038,-7.48331477354788,-0.500000000000001));
#5303=CARTESIAN_POINT('',(-40.0000000000038,0.,0.));
#5304=CARTESIAN_POINT('',(-40.0000000000038,-4.17467008866616,-6.23074069840786));
#5305=CARTESIAN_POINT('',(-40.0000000000038,-10.5553467632443,-17.2823968854467));
#5306=CARTESIAN_POINT('',(-40.0000000000038,-6.0716367113189,-9.5163832691047));
#5307=CARTESIAN_POINT('',(-40.0000000000038,0.,0.));
#5308=CARTESIAN_POINT('',(-40.0000000000038,0.,12.1576135792361));
#5309=CARTESIAN_POINT('',(1.67523646940377E-15,-6.22458182382458,11.7812919747339));
#5310=CARTESIAN_POINT('',(-1.73327711090626,-6.72528847370531,12.648541332015));
#5311=CARTESIAN_POINT('',(-3.46662079473875,-7.22593751128516,13.5156909018637));
#5312=CARTESIAN_POINT('',(-5.2,-7.72655579673291,14.3827872074572));
#5313=CARTESIAN_POINT('',(1.67523646940377E-15,-6.22458182382458,11.7812919747339));
#5314=CARTESIAN_POINT('',(-5.2,-7.72655579673291,14.3827872074572));
#5315=CARTESIAN_POINT('',(6.7331941413751E-15,0.,0.));
#5316=CARTESIAN_POINT('',(2.18184737258426E-15,-0.5,13.3151890514336));
#5317=CARTESIAN_POINT('',(2.18184737258426E-15,-0.5,13.3151890514336));
#5318=CARTESIAN_POINT('',(-0.888388607061724,-0.5,13.8284619498468));
#5319=CARTESIAN_POINT('',(-1.7767951220288,-0.5,14.3417038533147));
#5320=CARTESIAN_POINT('',(-2.66521449865766,-0.5,14.8549234911239));
#5321=CARTESIAN_POINT('',(-3.51013226598055,-0.5,15.3430132400997));
#5322=CARTESIAN_POINT('',(-4.35506172956192,-0.5,15.8310827423336));
#5323=CARTESIAN_POINT('',(-5.19999999999999,-0.5,16.3191369972503));
#5324=CARTESIAN_POINT('',(-5.19999999999999,-0.5,16.3191369972503));
#5325=CARTESIAN_POINT('',(-5.19999999999999,0.,0.));
#5326=CARTESIAN_POINT('',(6.7331941413751E-15,0.,0.));
#5327=CARTESIAN_POINT('',(1.67523646940377E-15,-13.3151890514336,0.500000000000017));
#5328=CARTESIAN_POINT('',(-1.29069380488293,-14.0608966673691,0.500000000000017));
#5329=CARTESIAN_POINT('',(-2.5814250293316,-14.8065395176404,0.500000000000017));
#5330=CARTESIAN_POINT('',(-3.87217955525556,-15.5521420258404,0.500000000000017));
#5331=CARTESIAN_POINT('',(-4.3147836831117,-15.8078116680856,0.500000000000017));
#5332=CARTESIAN_POINT('',(-4.75739062433267,-16.0634764400022,0.500000000000018));
#5333=CARTESIAN_POINT('',(-5.2,-16.3191369972503,0.500000000000018));
#5334=CARTESIAN_POINT('',(1.67523646940377E-15,-13.3151890514336,0.500000000000017));
#5335=CARTESIAN_POINT('',(-5.2,-16.3191369972503,0.500000000000018));
#5336=CARTESIAN_POINT('',(6.7331941413751E-15,0.,0.));
#5337=CARTESIAN_POINT('',(2.18184737258426E-15,-11.7812919747339,6.22458182382459));
#5338=CARTESIAN_POINT('',(2.18184737258426E-15,-11.7812919747339,6.22458182382459));
#5339=CARTESIAN_POINT('',(-1.73327711090625,-12.6485413320149,6.72528847370533));
#5340=CARTESIAN_POINT('',(-3.46662079473875,-13.5156909018637,7.22593751128518));
#5341=CARTESIAN_POINT('',(-5.2,-14.3827872074572,7.72655579673293));
#5342=CARTESIAN_POINT('',(-5.2,-14.3827872074572,7.72655579673293));
#5343=CARTESIAN_POINT('',(-5.19999999999999,0.,0.));
#5344=CARTESIAN_POINT('',(6.7331941413751E-15,0.,0.));
#5345=CARTESIAN_POINT('',(1.67523646940377E-15,-7.09060722760904,-11.2812919747339));
#5346=CARTESIAN_POINT('',(-1.73327711090626,-7.59131387748978,-12.1485413320149));
#5347=CARTESIAN_POINT('',(-3.46662079473875,-8.09196291506963,-13.0156909018637));
#5348=CARTESIAN_POINT('',(-5.2,-8.59258120051738,-13.8827872074572));
#5349=CARTESIAN_POINT('',(1.67523646940377E-15,-7.09060722760904,-11.2812919747339));
#5350=CARTESIAN_POINT('',(-5.2,-8.59258120051738,-13.8827872074572));
#5351=CARTESIAN_POINT('',(6.7331941413751E-15,0.,0.));
#5352=CARTESIAN_POINT('',(2.18184737258426E-15,-11.2812919747339,-7.090607227609));
#5353=CARTESIAN_POINT('',(2.18184737258426E-15,-11.2812919747339,-7.090607227609));
#5354=CARTESIAN_POINT('',(-1.73327711090626,-12.148541332015,-7.59131387748973));
#5355=CARTESIAN_POINT('',(-3.46662079473875,-13.0156909018637,-8.09196291506958));
#5356=CARTESIAN_POINT('',(-5.2,-13.8827872074573,-8.59258120051733));
#5357=CARTESIAN_POINT('',(-5.2,-13.8827872074573,-8.59258120051733));
#5358=CARTESIAN_POINT('',(-5.19999999999999,0.,0.));
#5359=CARTESIAN_POINT('',(6.7331941413751E-15,0.,0.));
#5360=CARTESIAN_POINT('',(1.67523646940377E-15,6.22458182382455,-11.7812919747339));
#5361=CARTESIAN_POINT('',(-1.73327711090626,6.72528847370528,-12.648541332015));
#5362=CARTESIAN_POINT('',(-3.46662079473875,7.22593751128513,-13.5156909018637));
#5363=CARTESIAN_POINT('',(-5.2,7.72655579673288,-14.3827872074573));
#5364=CARTESIAN_POINT('',(1.67523646940377E-15,6.22458182382455,-11.7812919747339));
#5365=CARTESIAN_POINT('',(-5.2,7.72655579673288,-14.3827872074573));
#5366=CARTESIAN_POINT('',(6.7331941413751E-15,0.,0.));
#5367=CARTESIAN_POINT('',(2.18184737258426E-15,0.499999999999969,-13.3151890514336));
#5368=CARTESIAN_POINT('',(2.18184737258426E-15,0.499999999999969,-13.3151890514336));
#5369=CARTESIAN_POINT('',(-1.73327711090618,0.499999999999966,-14.316602351195));
#5370=CARTESIAN_POINT('',(-3.46662079473859,0.499999999999964,-15.3179004263547));
#5371=CARTESIAN_POINT('',(-5.19999999999976,0.499999999999962,-16.3191369972501));
#5372=CARTESIAN_POINT('',(-5.19999999999976,0.499999999999962,-16.3191369972501));
#5373=CARTESIAN_POINT('',(-5.19999999999999,0.,0.));
#5374=CARTESIAN_POINT('',(6.7331941413751E-15,0.,0.));
#5375=CARTESIAN_POINT('',(1.67523646940377E-15,13.3151890514336,-0.500000000000054));
#5376=CARTESIAN_POINT('',(-1.29069380488293,14.0608966673691,-0.500000000000057));
#5377=CARTESIAN_POINT('',(-2.58142502933159,14.8065395176404,-0.500000000000058));
#5378=CARTESIAN_POINT('',(-3.87217955525555,15.5521420258404,-0.50000000000006));
#5379=CARTESIAN_POINT('',(-4.31478368311169,15.8078116680855,-0.500000000000061));
#5380=CARTESIAN_POINT('',(-4.75739062433266,16.0634764400022,-0.500000000000062));
#5381=CARTESIAN_POINT('',(-5.2,16.3191369972503,-0.500000000000063));
#5382=CARTESIAN_POINT('',(1.67523646940377E-15,13.3151890514336,-0.500000000000054));
#5383=CARTESIAN_POINT('',(-5.2,16.3191369972503,-0.500000000000063));
#5384=CARTESIAN_POINT('',(6.7331941413751E-15,0.,0.));
#5385=CARTESIAN_POINT('',(2.18184737258426E-15,11.7812919747339,-6.22458182382462));
#5386=CARTESIAN_POINT('',(2.18184737258426E-15,11.7812919747339,-6.22458182382462));
#5387=CARTESIAN_POINT('',(-1.73327711090626,12.6485413320149,-6.72528847370535));
#5388=CARTESIAN_POINT('',(-3.46662079473875,13.5156909018637,-7.22593751128521));
#5389=CARTESIAN_POINT('',(-5.2,14.3827872074572,-7.72655579673296));
#5390=CARTESIAN_POINT('',(-5.2,14.3827872074572,-7.72655579673296));
#5391=CARTESIAN_POINT('',(-5.19999999999999,0.,0.));
#5392=CARTESIAN_POINT('',(6.7331941413751E-15,0.,0.));
#5393=CARTESIAN_POINT('',(-5.2,-7.72655579673291,14.3827872074572));
#5394=CARTESIAN_POINT('',(-5.21931104705836,-7.7321330317887,14.3924472619396));
#5395=CARTESIAN_POINT('',(-5.2408052398824,-7.73612595595771,14.3993632094711));
#5396=CARTESIAN_POINT('',(-5.26271502067056,-7.7382056342847,14.4029653179969));
#5397=CARTESIAN_POINT('',(-5.28469953445397,-7.74029240627419,14.4065797131065));
#5398=CARTESIAN_POINT('',(-5.30770795130501,-7.74050992014531,14.4069564581826));
#5399=CARTESIAN_POINT('',(-5.32983450750439,-7.73884012776355,14.4040642929393));
#5400=CARTESIAN_POINT('',(-5.35195847130935,-7.73717053101822,14.4011724665482));
#5401=CARTESIAN_POINT('',(-5.3738108599919,-7.7335680740272,14.3949328280077));
#5402=CARTESIAN_POINT('',(-5.3935828612155,-7.72833147314436,14.3858627692197));
#5403=CARTESIAN_POINT('',(-5.41335733919976,-7.72309421629316,14.3767915742611));
#5404=CARTESIAN_POINT('',(-5.43159608809746,-7.71607809837247,14.3646393015506));
#5405=CARTESIAN_POINT('',(-5.44679089015736,-7.70786433846589,14.3504126520712));
#5406=CARTESIAN_POINT('',(-5.46199134481653,-7.69964752296879,14.3361807101538));
#5407=CARTESIAN_POINT('',(-5.47456466174671,-7.69000573534553,14.3194806441145));
#5408=CARTESIAN_POINT('',(-5.48347192828592,-7.67973711016615,14.30169486358));
#5409=CARTESIAN_POINT('',(-5.49238330262849,-7.66946374935964,14.2839008806986));
#5410=CARTESIAN_POINT('',(-5.49787097147312,-7.65827976705389,14.2645296551141));
#5411=CARTESIAN_POINT('',(-5.4994816277153,-7.6471107681262,14.2451843815017));
#5412=CARTESIAN_POINT('',(-5.49982698602899,-7.64471590165232,14.2410363510916));
#5413=CARTESIAN_POINT('',(-5.49999999999999,-7.64231326498839,14.2368748623175));
#5414=CARTESIAN_POINT('',(-5.49999999999999,-7.63991218116667,14.232716063145));
#5415=CARTESIAN_POINT('',(-5.49999999999999,-7.63991218116667,14.232716063145));
#5416=CARTESIAN_POINT('',(-5.19999999999999,-0.5,16.3191369972503));
#5417=CARTESIAN_POINT('',(-5.21578742756432,-0.5,16.328256150053));
#5418=CARTESIAN_POINT('',(-5.23299102819998,-0.5,16.3352597839449));
#5419=CARTESIAN_POINT('',(-5.25065887568084,-0.5,16.3397596708692));
#5420=CARTESIAN_POINT('',(-5.27234630018932,-0.5,16.3452833181653));
#5421=CARTESIAN_POINT('',(-5.29528681848736,-0.5,16.3471380628154));
#5422=CARTESIAN_POINT('',(-5.31757990482519,-0.5,16.3451699767409));
#5423=CARTESIAN_POINT('',(-5.33986798206002,-0.5,16.3432023328817));
#5424=CARTESIAN_POINT('',(-5.36212358048659,-0.5,16.337359397209));
#5425=CARTESIAN_POINT('',(-5.38250420179777,-0.5,16.3281257476514));
#5426=CARTESIAN_POINT('',(-5.40288626327041,-0.5,16.3188914456139));
#5427=CARTESIAN_POINT('',(-5.42195502793132,-0.5,16.3060115110351));
#5428=CARTESIAN_POINT('',(-5.4381333634744,-0.5,16.2905531080436));
#5429=CARTESIAN_POINT('',(-5.45431713812917,-0.5,16.2750895079796));
#5430=CARTESIAN_POINT('',(-5.46805471648126,-0.5,16.256619576694));
#5431=CARTESIAN_POINT('',(-5.47821085795314,-0.5,16.2366723894383));
#5432=CARTESIAN_POINT('',(-5.48837166687007,-0.5,16.216716035079));
#5433=CARTESIAN_POINT('',(-5.49522791662791,-0.5,16.1947309693537));
#5434=CARTESIAN_POINT('',(-5.49821324174692,-0.5,16.1725366919135));
#5435=CARTESIAN_POINT('',(-5.49940175901019,-0.5,16.1637007089529));
#5436=CARTESIAN_POINT('',(-5.49999999999999,-0.5,16.1547653237652));
#5437=CARTESIAN_POINT('',(-5.49999999999999,-0.5,16.1458497661178));
#5438=CARTESIAN_POINT('',(-5.49999999999999,-0.5,16.1458497661178));
#5439=CARTESIAN_POINT('',(-5.49999999999999,0.,0.));
#5440=CARTESIAN_POINT('',(-5.29999999999999,0.,0.));
#5441=CARTESIAN_POINT('',(-5.2,-16.3191369972503,0.500000000000018));
#5442=CARTESIAN_POINT('',(-5.20154497559707,-16.3200294079035,0.500000000000018));
#5443=CARTESIAN_POINT('',(-5.2031020348605,-16.3209012182745,0.500000000000018));
#5444=CARTESIAN_POINT('',(-5.2046703416111,-16.3217519593078,0.500000000000018));
#5445=CARTESIAN_POINT('',(-5.22434812689919,-16.3324263375065,0.500000000000018));
#5446=CARTESIAN_POINT('',(-5.24614102851274,-16.3398497343583,0.500000000000018));
#5447=CARTESIAN_POINT('',(-5.26824330843355,-16.3434059691755,0.500000000000018));
#5448=CARTESIAN_POINT('',(-5.2903370299755,-16.3469608269581,0.500000000000018));
#5449=CARTESIAN_POINT('',(-5.3133493719285,-16.3467496003057,0.500000000000018));
#5450=CARTESIAN_POINT('',(-5.33537412300552,-16.3427898167986,0.500000000000018));
#5451=CARTESIAN_POINT('',(-5.35739556038973,-16.3388306290533,0.500000000000018));
#5452=CARTESIAN_POINT('',(-5.37903695759691,-16.331014941863,0.500000000000018));
#5453=CARTESIAN_POINT('',(-5.39850710879229,-16.3199907827342,0.500000000000018));
#5454=CARTESIAN_POINT('',(-5.4106805482703,-16.3130980815629,0.500000000000018));
#5455=CARTESIAN_POINT('',(-5.4221891536367,-16.3048762597155,0.500000000000018));
#5456=CARTESIAN_POINT('',(-5.43265620321988,-16.2955949434734,0.500000000000018));
#5457=CARTESIAN_POINT('',(-5.44941314254338,-16.2807362718033,0.500000000000018));
#5458=CARTESIAN_POINT('',(-5.46383485646714,-16.2627786342164,0.500000000000018));
#5459=CARTESIAN_POINT('',(-5.47472811848212,-16.2432104973106,0.500000000000018));
#5460=CARTESIAN_POINT('',(-5.48562124279577,-16.2236426077649,0.500000000000018));
#5461=CARTESIAN_POINT('',(-5.4932865834919,-16.2019246995782,0.500000000000018));
#5462=CARTESIAN_POINT('',(-5.49709078780659,-16.1798545729787,0.500000000000018));
#5463=CARTESIAN_POINT('',(-5.49902321864764,-16.1686435575394,0.500000000000018));
#5464=CARTESIAN_POINT('',(-5.49999999999999,-16.1572261080666,0.500000000000019));
#5465=CARTESIAN_POINT('',(-5.49999999999999,-16.1458497661178,0.500000000000019));
#5466=CARTESIAN_POINT('',(-5.49999999999999,-16.1458497661178,0.500000000000019));
#5467=CARTESIAN_POINT('',(-5.2,-14.3827872074572,7.72655579673293));
#5468=CARTESIAN_POINT('',(-5.21931104705836,-14.3924472619396,7.73213303178872));
#5469=CARTESIAN_POINT('',(-5.2408052398824,-14.3993632094711,7.73612595595773));
#5470=CARTESIAN_POINT('',(-5.26271502067056,-14.4029653179969,7.73820563428472));
#5471=CARTESIAN_POINT('',(-5.28469953445397,-14.4065797131065,7.74029240627421));
#5472=CARTESIAN_POINT('',(-5.30770795130501,-14.4069564581826,7.74050992014532));
#5473=CARTESIAN_POINT('',(-5.32983450750439,-14.4040642929393,7.73884012776356));
#5474=CARTESIAN_POINT('',(-5.35195847130935,-14.4011724665482,7.73717053101824));
#5475=CARTESIAN_POINT('',(-5.3738108599919,-14.3949328280077,7.73356807402722));
#5476=CARTESIAN_POINT('',(-5.3935828612155,-14.3858627692197,7.72833147314437));
#5477=CARTESIAN_POINT('',(-5.41335733919976,-14.3767915742611,7.72309421629317));
#5478=CARTESIAN_POINT('',(-5.43159608809746,-14.3646393015506,7.71607809837249));
#5479=CARTESIAN_POINT('',(-5.44679089015737,-14.3504126520712,7.70786433846591));
#5480=CARTESIAN_POINT('',(-5.46199134481653,-14.3361807101538,7.6996475229688));
#5481=CARTESIAN_POINT('',(-5.47456466174671,-14.3194806441145,7.69000573534555));
#5482=CARTESIAN_POINT('',(-5.48347192828591,-14.30169486358,7.67973711016617));
#5483=CARTESIAN_POINT('',(-5.49238330262849,-14.2839008806986,7.66946374935966));
#5484=CARTESIAN_POINT('',(-5.49787097147312,-14.2645296551141,7.6582797670539));
#5485=CARTESIAN_POINT('',(-5.4994816277153,-14.2451843815017,7.64711076812622));
#5486=CARTESIAN_POINT('',(-5.49982698602899,-14.2410363510915,7.64471590165234));
#5487=CARTESIAN_POINT('',(-5.49999999999999,-14.2368748623175,7.6423132649884));
#5488=CARTESIAN_POINT('',(-5.49999999999999,-14.232716063145,7.63991218116668));
#5489=CARTESIAN_POINT('',(-5.49999999999999,-14.232716063145,7.63991218116668));
#5490=CARTESIAN_POINT('',(-5.49999999999999,0.,0.));
#5491=CARTESIAN_POINT('',(-5.29999999999999,0.,0.));
#5492=CARTESIAN_POINT('',(-5.2,-8.59258120051738,-13.8827872074572));
#5493=CARTESIAN_POINT('',(-5.21931104705846,-8.5981584355732,-13.8924472619397));
#5494=CARTESIAN_POINT('',(-5.24080523988265,-8.60215135974223,-13.8993632094712));
#5495=CARTESIAN_POINT('',(-5.26271502067094,-8.60423103806921,-13.9029653179969));
#5496=CARTESIAN_POINT('',(-5.28469953445435,-8.60631781005868,-13.9065797131065));
#5497=CARTESIAN_POINT('',(-5.30770795130539,-8.60653532392977,-13.9069564581826));
#5498=CARTESIAN_POINT('',(-5.32983450750477,-8.60486553154799,-13.9040642929392));
#5499=CARTESIAN_POINT('',(-5.35195847130971,-8.60319593480264,-13.9011724665481));
#5500=CARTESIAN_POINT('',(-5.37381085999225,-8.5995934778116,-13.8949328280076));
#5501=CARTESIAN_POINT('',(-5.39358286121583,-8.59435687692874,-13.8858627692195));
#5502=CARTESIAN_POINT('',(-5.41335733920007,-8.58911962007752,-13.8767915742609));
#5503=CARTESIAN_POINT('',(-5.43159608809774,-8.58210350215682,-13.8646393015503));
#5504=CARTESIAN_POINT('',(-5.44679089015762,-8.57388974225022,-13.8504126520709));
#5505=CARTESIAN_POINT('',(-5.46199134481675,-8.56567292675311,-13.8361807101535));
#5506=CARTESIAN_POINT('',(-5.4745646617469,-8.55603113912984,-13.8194806441142));
#5507=CARTESIAN_POINT('',(-5.48347192828606,-8.54576251395045,-13.8016948635797));
#5508=CARTESIAN_POINT('',(-5.4923833026286,-8.53548915314393,-13.7839008806983));
#5509=CARTESIAN_POINT('',(-5.49787097147319,-8.52430517083817,-13.7645296551137));
#5510=CARTESIAN_POINT('',(-5.49948162771532,-8.51313617191049,-13.7451843815013));
#5511=CARTESIAN_POINT('',(-5.499826986029,-8.51074130543667,-13.7410363510913));
#5512=CARTESIAN_POINT('',(-5.49999999999999,-8.50833866877279,-13.7368748623174));
#5513=CARTESIAN_POINT('',(-5.49999999999999,-8.50593758495113,-13.732716063145));
#5514=CARTESIAN_POINT('',(-5.49999999999999,-8.50593758495113,-13.732716063145));
#5515=CARTESIAN_POINT('',(-5.2,-13.8827872074573,-8.59258120051733));
#5516=CARTESIAN_POINT('',(-5.21931104705959,-13.8924472619403,-8.59815843557348));
#5517=CARTESIAN_POINT('',(-5.24080523988518,-13.899363209472,-8.60215135974264));
#5518=CARTESIAN_POINT('',(-5.26271502067483,-13.9029653179976,-8.60423103806953));
#5519=CARTESIAN_POINT('',(-5.28469953445832,-13.9065797131068,-8.60631781005878));
#5520=CARTESIAN_POINT('',(-5.30770795130937,-13.9069564581825,-8.60653532392964));
#5521=CARTESIAN_POINT('',(-5.32983450750868,-13.9040642929387,-8.60486553154765));
#5522=CARTESIAN_POINT('',(-5.35195847131356,-13.9011724665473,-8.60319593480208));
#5523=CARTESIAN_POINT('',(-5.37381085999596,-13.8949328280063,-8.59959347781082));
#5524=CARTESIAN_POINT('',(-5.39358286121933,-13.8858627692179,-8.59435687692776));
#5525=CARTESIAN_POINT('',(-5.41335733920336,-13.876791574259,-8.58911962007635));
#5526=CARTESIAN_POINT('',(-5.43159608810076,-13.8646393015481,-8.58210350215546));
#5527=CARTESIAN_POINT('',(-5.44679089016031,-13.8504126520685,-8.57388974224872));
#5528=CARTESIAN_POINT('',(-5.46199134481912,-13.8361807101508,-8.56567292675145));
#5529=CARTESIAN_POINT('',(-5.47456466174889,-13.8194806441113,-8.55603113912806));
#5530=CARTESIAN_POINT('',(-5.48347192828764,-13.8016948635765,-8.54576251394858));
#5531=CARTESIAN_POINT('',(-5.49238330262977,-13.783900880695,-8.53548915314197));
#5532=CARTESIAN_POINT('',(-5.49787097147391,-13.7645296551104,-8.52430517083616));
#5533=CARTESIAN_POINT('',(-5.49948162771561,-13.7451843814979,-8.51313617190846));
#5534=CARTESIAN_POINT('',(-5.4998269860291,-13.7410363510891,-8.5107413054353));
#5535=CARTESIAN_POINT('',(-5.49999999999999,-13.7368748623162,-8.50833866877209));
#5536=CARTESIAN_POINT('',(-5.49999999999999,-13.732716063145,-8.50593758495109));
#5537=CARTESIAN_POINT('',(-5.49999999999999,-13.732716063145,-8.50593758495109));
#5538=CARTESIAN_POINT('',(-5.49999999999999,0.,0.));
#5539=CARTESIAN_POINT('',(-5.29999999999999,0.,0.));
#5540=CARTESIAN_POINT('',(-5.2,7.72655579673288,-14.3827872074573));
#5541=CARTESIAN_POINT('',(-5.21931104705869,7.73213303178876,-14.3924472619398));
#5542=CARTESIAN_POINT('',(-5.24080523988314,7.73612595595782,-14.3993632094714));
#5543=CARTESIAN_POINT('',(-5.2627150206717,7.73820563428478,-14.4029653179971));
#5544=CARTESIAN_POINT('',(-5.28469953445513,7.74029240627421,-14.4065797131066));
#5545=CARTESIAN_POINT('',(-5.30770795130617,7.74050992014525,-14.4069564581826));
#5546=CARTESIAN_POINT('',(-5.32983450750554,7.73884012776343,-14.4040642929392));
#5547=CARTESIAN_POINT('',(-5.35195847131047,7.73717053101804,-14.401172466548));
#5548=CARTESIAN_POINT('',(-5.37381085999298,7.73356807402696,-14.3949328280074));
#5549=CARTESIAN_POINT('',(-5.39358286121652,7.72833147314405,-14.3858627692192));
#5550=CARTESIAN_POINT('',(-5.41335733920072,7.7230942162928,-14.3767915742605));
#5551=CARTESIAN_POINT('',(-5.43159608809834,7.71607809837206,-14.3646393015499));
#5552=CARTESIAN_POINT('',(-5.44679089015815,7.70786433846543,-14.3504126520705));
#5553=CARTESIAN_POINT('',(-5.46199134481722,7.69964752296829,-14.336180710153));
#5554=CARTESIAN_POINT('',(-5.47456466174729,7.690005735345,-14.3194806441137));
#5555=CARTESIAN_POINT('',(-5.48347192828637,7.67973711016559,-14.3016948635791));
#5556=CARTESIAN_POINT('',(-5.49238330262883,7.66946374935905,-14.2839008806977));
#5557=CARTESIAN_POINT('',(-5.49787097147333,7.65827976705328,-14.2645296551131));
#5558=CARTESIAN_POINT('',(-5.49948162771538,7.6471107681256,-14.2451843815007));
#5559=CARTESIAN_POINT('',(-5.49982698602902,7.6447159016519,-14.2410363510909));
#5560=CARTESIAN_POINT('',(-5.49999999999999,7.64231326498816,-14.2368748623172));
#5561=CARTESIAN_POINT('',(-5.49999999999999,7.63991218116663,-14.2327160631451));
#5562=CARTESIAN_POINT('',(-5.49999999999999,7.63991218116663,-14.2327160631451));
#5563=CARTESIAN_POINT('',(-5.19999999999976,0.499999999999962,-16.3191369972501));
#5564=CARTESIAN_POINT('',(-5.20032806619126,0.499999999999962,-16.3193264952363));
#5565=CARTESIAN_POINT('',(-5.20065667222909,0.499999999999962,-16.3195150616783));
#5566=CARTESIAN_POINT('',(-5.20098581015557,0.499999999999962,-16.3197026920013));
#5567=CARTESIAN_POINT('',(-5.22043474073674,0.499999999999962,-16.3307898649861));
#5568=CARTESIAN_POINT('',(-5.24206693476769,0.499999999999962,-16.3386712713327));
#5569=CARTESIAN_POINT('',(-5.26408997501136,0.499999999999962,-16.3426927143538));
#5570=CARTESIAN_POINT('',(-5.28610426528741,0.499999999999962,-16.3467125596166));
#5571=CARTESIAN_POINT('',(-5.30911639791356,0.499999999999962,-16.346986415511));
#5572=CARTESIAN_POINT('',(-5.33122011013426,0.499999999999962,-16.3434915566641));
#5573=CARTESIAN_POINT('',(-5.35332010069607,0.499999999999962,-16.3399972862556));
#5574=CARTESIAN_POINT('',(-5.37512140881411,0.499999999999962,-16.3326393131649));
#5575=CARTESIAN_POINT('',(-5.39481948574887,0.499999999999962,-16.3220277499627));
#5576=CARTESIAN_POINT('',(-5.40713522867336,0.499999999999962,-16.3153931284787));
#5577=CARTESIAN_POINT('',(-5.4188142893432,0.499999999999962,-16.3074156837143));
#5578=CARTESIAN_POINT('',(-5.42947434356012,0.499999999999962,-16.2983570430817));
#5579=CARTESIAN_POINT('',(-5.44654008378605,0.499999999999962,-16.2838550147909));
#5580=CARTESIAN_POINT('',(-5.46133644302512,0.499999999999962,-16.2662055931248));
#5581=CARTESIAN_POINT('',(-5.47263914496826,0.499999999999962,-16.2468717563925));
#5582=CARTESIAN_POINT('',(-5.48394170153333,0.499999999999962,-16.2275381683366));
#5583=CARTESIAN_POINT('',(-5.49206255946385,0.499999999999962,-16.2059871217903));
#5584=CARTESIAN_POINT('',(-5.49633071824503,0.499999999999962,-16.1840026219634));
#5585=CARTESIAN_POINT('',(-5.49876569481952,0.499999999999962,-16.1714605060711));
#5586=CARTESIAN_POINT('',(-5.49999999999999,0.499999999999962,-16.1586260637808));
#5587=CARTESIAN_POINT('',(-5.49999999999999,0.499999999999962,-16.1458497661178));
#5588=CARTESIAN_POINT('',(-5.49999999999999,0.499999999999962,-16.1458497661178));
#5589=CARTESIAN_POINT('',(-5.49999999999999,0.,0.));
#5590=CARTESIAN_POINT('',(-5.29999999999999,0.,0.));
#5591=CARTESIAN_POINT('',(-5.2,16.3191369972503,-0.500000000000063));
#5592=CARTESIAN_POINT('',(-5.21756021027117,16.3292801469216,-0.500000000000063));
#5593=CARTESIAN_POINT('',(-5.23689897223657,16.3368052960659,-0.500000000000063));
#5594=CARTESIAN_POINT('',(-5.25669665740532,16.3411980323408,-0.500000000000063));
#5595=CARTESIAN_POINT('',(-5.27854441226739,16.3460456407602,-0.500000000000063));
#5596=CARTESIAN_POINT('',(-5.30153069523858,16.3471873776058,-0.500000000000063));
#5597=CARTESIAN_POINT('',(-5.32375127196651,16.3445284925427,-0.500000000000063));
#5598=CARTESIAN_POINT('',(-5.34596741094891,16.3418701384944,-0.500000000000063));
#5599=CARTESIAN_POINT('',(-5.36803080778021,16.3353394631411,-0.500000000000063));
#5600=CARTESIAN_POINT('',(-5.38811502905143,16.3254780365983,-0.500000000000063));
#5601=CARTESIAN_POINT('',(-5.40820122437523,16.3156156407884,-0.500000000000063));
#5602=CARTESIAN_POINT('',(-5.42686163531378,16.3021500915468,-0.500000000000063));
#5603=CARTESIAN_POINT('',(-5.44255304137982,16.2861969768237,-0.500000000000063));
#5604=CARTESIAN_POINT('',(-5.45825001553014,16.2702382011493,-0.500000000000063));
#5605=CARTESIAN_POINT('',(-5.47140863653942,16.25135031157,-0.500000000000063));
#5606=CARTESIAN_POINT('',(-5.48094157089087,16.231096899977,-0.500000000000063));
#5607=CARTESIAN_POINT('',(-5.49047890216598,16.2108341468002,-0.500000000000063));
#5608=CARTESIAN_POINT('',(-5.49665018472663,16.1886460486907,-0.500000000000063));
#5609=CARTESIAN_POINT('',(-5.49894563944765,16.1663689137363,-0.500000000000063));
#5610=CARTESIAN_POINT('',(-5.49964762254275,16.159556245204,-0.500000000000063));
#5611=CARTESIAN_POINT('',(-5.49999999999999,16.152698505622,-0.500000000000064));
#5612=CARTESIAN_POINT('',(-5.49999999999999,16.1458497661178,-0.500000000000064));
#5613=CARTESIAN_POINT('',(-5.49999999999999,16.1458497661178,-0.500000000000064));
#5614=CARTESIAN_POINT('',(-5.2,14.3827872074572,-7.72655579673296));
#5615=CARTESIAN_POINT('',(-5.21931104705836,14.3924472619396,-7.73213303178875));
#5616=CARTESIAN_POINT('',(-5.2408052398824,14.3993632094711,-7.73612595595776));
#5617=CARTESIAN_POINT('',(-5.26271502067056,14.4029653179968,-7.73820563428475));
#5618=CARTESIAN_POINT('',(-5.28469953445397,14.4065797131065,-7.74029240627425));
#5619=CARTESIAN_POINT('',(-5.30770795130501,14.4069564581826,-7.74050992014535));
#5620=CARTESIAN_POINT('',(-5.32983450750439,14.4040642929393,-7.7388401277636));
#5621=CARTESIAN_POINT('',(-5.35195847130935,14.4011724665482,-7.73717053101827));
#5622=CARTESIAN_POINT('',(-5.3738108599919,14.3949328280077,-7.73356807402725));
#5623=CARTESIAN_POINT('',(-5.3935828612155,14.3858627692196,-7.7283314731444));
#5624=CARTESIAN_POINT('',(-5.41335733919975,14.3767915742611,-7.72309421629321));
#5625=CARTESIAN_POINT('',(-5.43159608809746,14.3646393015506,-7.71607809837252));
#5626=CARTESIAN_POINT('',(-5.44679089015737,14.3504126520712,-7.70786433846594));
#5627=CARTESIAN_POINT('',(-5.46199134481653,14.3361807101538,-7.69964752296884));
#5628=CARTESIAN_POINT('',(-5.47456466174671,14.3194806441145,-7.69000573534558));
#5629=CARTESIAN_POINT('',(-5.48347192828591,14.3016948635799,-7.6797371101662));
#5630=CARTESIAN_POINT('',(-5.49238330262849,14.2839008806986,-7.66946374935969));
#5631=CARTESIAN_POINT('',(-5.49787097147312,14.2645296551141,-7.65827976705393));
#5632=CARTESIAN_POINT('',(-5.4994816277153,14.2451843815016,-7.64711076812625));
#5633=CARTESIAN_POINT('',(-5.49982698602899,14.2410363510915,-7.64471590165237));
#5634=CARTESIAN_POINT('',(-5.49999999999999,14.2368748623175,-7.64231326498844));
#5635=CARTESIAN_POINT('',(-5.49999999999999,14.232716063145,-7.63991218116671));
#5636=CARTESIAN_POINT('',(-5.49999999999999,14.232716063145,-7.63991218116671));
#5637=CARTESIAN_POINT('',(-5.49999999999999,0.,0.));
#5638=CARTESIAN_POINT('',(-5.29999999999999,0.,0.));
#5639=CARTESIAN_POINT('',(-5.49999999999999,-6.5616968793294,12.3651923788647));
#5640=CARTESIAN_POINT('',(-5.49999999999999,-6.86270522028652,12.8865541189044));
#5641=CARTESIAN_POINT('',(-5.49999999999999,-0.5,16.1535898384862));
#5642=CARTESIAN_POINT('',(-5.49999999999999,-0.5,14.5914358443575));
#5643=CARTESIAN_POINT('',(-5.49999999999999,0.,0.));
#5644=CARTESIAN_POINT('',(-5.49999999999999,0.,16.1535898384862));
#5645=CARTESIAN_POINT('',(-5.49999999999999,-1.82479246495621E-14,0.5));
#5646=CARTESIAN_POINT('',(-5.49999999999999,-14.5914358443575,0.500000000000017));
#5647=CARTESIAN_POINT('',(-5.49999999999999,-7.24470958122163,3.60538475772935));
#5648=CARTESIAN_POINT('',(-5.49999999999999,-12.8865541189044,6.86270522028653));
#5649=CARTESIAN_POINT('',(-5.49999999999999,0.,0.));
#5650=CARTESIAN_POINT('',(-5.49999999999999,0.,16.1535898384862));
#5651=CARTESIAN_POINT('',(-5.49999999999999,6.56169687932942,12.3651923788646));
#5652=CARTESIAN_POINT('',(-5.49999999999999,-7.72873062407099,-12.3865541189044));
#5653=CARTESIAN_POINT('',(-5.49999999999999,7.24470958122161,3.60538475772931));
#5654=CARTESIAN_POINT('',(-5.49999999999999,-12.3865541189044,-7.72873062407094));
#5655=CARTESIAN_POINT('',(-5.49999999999999,0.,0.));
#5656=CARTESIAN_POINT('',(-5.49999999999999,0.,16.1535898384862));
#5657=CARTESIAN_POINT('',(-5.49999999999999,-7.42772228311382,11.8651923788647));
#5658=CARTESIAN_POINT('',(-5.49999999999999,6.86270522028649,-12.8865541189044));
#5659=CARTESIAN_POINT('',(-5.49999999999999,0.500000000000038,16.1535898384862));
#5660=CARTESIAN_POINT('',(-5.49999999999999,0.499999999999966,-14.5914358443575));
#5661=CARTESIAN_POINT('',(-5.49999999999999,0.,0.));
#5662=CARTESIAN_POINT('',(-5.49999999999999,0.,16.1535898384862));
#5663=CARTESIAN_POINT('',(-5.49999999999999,-6.56366560287959E-14,-0.5));
#5664=CARTESIAN_POINT('',(-5.49999999999999,14.5914358443575,-0.500000000000057));
#5665=CARTESIAN_POINT('',(-5.49999999999999,-6.74470958122164,4.47141016151382));
#5666=CARTESIAN_POINT('',(-5.49999999999999,12.8865541189044,-6.86270522028656));
#5667=CARTESIAN_POINT('',(-5.49999999999999,0.,0.));
#5668=CARTESIAN_POINT('',(-5.49999999999999,0.,16.1535898384862));
#5669=CARTESIAN_POINT('',(-1.17756934401283E-16,-6.86270522028652,12.8865541189044));
#5670=CARTESIAN_POINT('',(-9.1,-6.86270522028652,12.8865541189044));
#5671=CARTESIAN_POINT('',(0.,-0.5,14.5914358443575));
#5672=CARTESIAN_POINT('',(-9.1,-0.5,14.5914358443575));
#5673=CARTESIAN_POINT('',(-9.1,0.,0.));
#5674=CARTESIAN_POINT('',(0.,0.,0.));
#5675=CARTESIAN_POINT('',(-1.17756934401283E-16,-14.5914358443575,0.500000000000017));
#5676=CARTESIAN_POINT('',(-9.1,-14.5914358443575,0.500000000000016));
#5677=CARTESIAN_POINT('',(0.,-12.8865541189044,6.86270522028653));
#5678=CARTESIAN_POINT('',(-9.1,-12.8865541189044,6.86270522028653));
#5679=CARTESIAN_POINT('',(-9.1,0.,0.));
#5680=CARTESIAN_POINT('',(0.,0.,0.));
#5681=CARTESIAN_POINT('',(-1.17756934401283E-16,-7.72873062407099,-12.3865541189044));
#5682=CARTESIAN_POINT('',(-9.1,-7.72873062407099,-12.3865541189044));
#5683=CARTESIAN_POINT('',(0.,-12.3865541189044,-7.72873062407094));
#5684=CARTESIAN_POINT('',(-9.1,-12.3865541189044,-7.72873062407095));
#5685=CARTESIAN_POINT('',(-9.1,0.,0.));
#5686=CARTESIAN_POINT('',(0.,0.,0.));
#5687=CARTESIAN_POINT('',(-1.17756934401283E-16,6.86270522028649,-12.8865541189044));
#5688=CARTESIAN_POINT('',(-9.1,6.8627052202865,-12.8865541189044));
#5689=CARTESIAN_POINT('',(0.,0.499999999999966,-14.5914358443575));
#5690=CARTESIAN_POINT('',(-9.1,0.499999999999966,-14.5914358443575));
#5691=CARTESIAN_POINT('',(-9.1,0.,0.));
#5692=CARTESIAN_POINT('',(0.,0.,0.));
#5693=CARTESIAN_POINT('',(-1.17756934401283E-16,14.5914358443575,-0.500000000000057));
#5694=CARTESIAN_POINT('',(-9.1,14.5914358443575,-0.500000000000056));
#5695=CARTESIAN_POINT('',(0.,12.8865541189044,-6.86270522028656));
#5696=CARTESIAN_POINT('',(-9.1,12.8865541189044,-6.86270522028657));
#5697=CARTESIAN_POINT('',(-9.1,0.,0.));
#5698=CARTESIAN_POINT('',(0.,0.,0.));
#5699=CARTESIAN_POINT('',(-9.1,-5.88897274573419,11.2));
#5700=CARTESIAN_POINT('',(-9.1,-7.69827086927724,14.3337962760156));
#5701=CARTESIAN_POINT('',(-9.1,-0.5,14.6));
#5702=CARTESIAN_POINT('',(-9.09999999999925,-0.5,16.2625671423388));
#5703=CARTESIAN_POINT('',(-9.1,0.,0.));
#5704=CARTESIAN_POINT('',(-9.1,0.,14.6));
#5705=CARTESIAN_POINT('',(-9.1,-1.64368518795755E-14,0.499999999999999));
#5706=CARTESIAN_POINT('',(-9.09999999997859,-16.262567142342,0.500000000000017));
#5707=CARTESIAN_POINT('',(-9.1,-6.57198544762642,3.21698729810779));
#5708=CARTESIAN_POINT('',(-9.1,-14.3337962760156,7.69827086927725));
#5709=CARTESIAN_POINT('',(-9.1,0.,0.));
#5710=CARTESIAN_POINT('',(-9.1,0.,14.6));
#5711=CARTESIAN_POINT('',(-9.1,5.88897274573421,11.2));
#5712=CARTESIAN_POINT('',(-9.1,-8.56429627306171,-13.8337962760156));
#5713=CARTESIAN_POINT('',(-9.1,6.5719854476264,3.21698729810776));
#5714=CARTESIAN_POINT('',(-9.1,-13.8337962760156,-8.56429627306166));
#5715=CARTESIAN_POINT('',(-9.1,0.,0.));
#5716=CARTESIAN_POINT('',(-9.1,0.,14.6));
#5717=CARTESIAN_POINT('',(-9.1,-6.75499814951861,10.7000000000001));
#5718=CARTESIAN_POINT('',(-9.1,7.69827086927721,-14.3337962760156));
#5719=CARTESIAN_POINT('',(-9.1,0.500000000000034,14.6));
#5720=CARTESIAN_POINT('',(-9.09999999996245,0.499999999999962,-16.2625671423447));
#5721=CARTESIAN_POINT('',(-9.1,0.,0.));
#5722=CARTESIAN_POINT('',(-9.1,0.,14.6));
#5723=CARTESIAN_POINT('',(-9.1,-5.95135052350316E-14,-0.499999999999999));
#5724=CARTESIAN_POINT('',(-9.09999999999829,16.2625671423387,-0.500000000000062));
#5725=CARTESIAN_POINT('',(-9.1,-6.07198544762643,4.08301270189226));
#5726=CARTESIAN_POINT('',(-9.1,14.3337962760156,-7.69827086927729));
#5727=CARTESIAN_POINT('',(-9.1,0.,0.));
#5728=CARTESIAN_POINT('',(-9.1,0.,14.6));
#5729=CARTESIAN_POINT('',(-9.1,-7.69827086927724,14.3337962760156));
#5730=CARTESIAN_POINT('',(-9.1,-7.70864657953538,14.3517675333473));
#5731=CARTESIAN_POINT('',(-9.10330503982447,-7.71914544326476,14.3699520987484));
#5732=CARTESIAN_POINT('',(-9.10968008736142,-7.72901940172053,14.3870542964656));
#5733=CARTESIAN_POINT('',(-9.11656314212703,-7.73968018446928,14.4055193138349));
#5734=CARTESIAN_POINT('',(-9.12722281512523,-7.74989387580129,14.4232099461547));
#5735=CARTESIAN_POINT('',(-9.14077713866048,-7.75881388016889,14.4386598469232));
#5736=CARTESIAN_POINT('',(-9.15432780541154,-7.7677314780327,14.4541055795047));
#5737=CARTESIAN_POINT('',(-9.17114565410737,-7.77560215399761,14.4677379901659));
#5738=CARTESIAN_POINT('',(-9.18983790543511,-7.78177294236582,14.4784261091424));
#5739=CARTESIAN_POINT('',(-9.20852194380591,-7.78794101942771,14.4891095319986));
#5740=CARTESIAN_POINT('',(-9.22959441633042,-7.79258088313158,14.4971460116739));
#5741=CARTESIAN_POINT('',(-9.25130934037812,-7.79530742223865,14.5018685159361));
#5742=CARTESIAN_POINT('',(-9.27301518271722,-7.79803282104084,14.5065890451324));
#5743=CARTESIAN_POINT('',(-9.29596178417621,-7.79892168302326,14.5081285992469));
#5744=CARTESIAN_POINT('',(-9.31824813482808,-7.79790024276611,14.5063594128246));
#5745=CARTESIAN_POINT('',(-9.32145165142111,-7.79775341743505,14.5061051038914));
#5746=CARTESIAN_POINT('',(-9.32464900856844,-7.79756786363203,14.505783715277));
#5747=CARTESIAN_POINT('',(-9.32783462019201,-7.7973439061266,14.5053958094989));
#5748=CARTESIAN_POINT('',(-9.32783462019201,-7.7973439061266,14.5053958094989));
#5749=CARTESIAN_POINT('',(-9.09999999999925,-0.5,16.2625671423388));
#5750=CARTESIAN_POINT('',(-9.09999999999924,-0.5,16.2782250434297));
#5751=CARTESIAN_POINT('',(-9.10186239080334,-0.5,16.2939896034441));
#5752=CARTESIAN_POINT('',(-9.10551119883007,-0.5,16.309216424076));
#5753=CARTESIAN_POINT('',(-9.11073243135261,-0.5,16.3310051206902));
#5754=CARTESIAN_POINT('',(-9.11978782917095,-0.5,16.3521930199715));
#5755=CARTESIAN_POINT('',(-9.13192833902142,-0.5,16.3710242862532));
#5756=CARTESIAN_POINT('',(-9.14406629842266,-0.5,16.3898515965075));
#5757=CARTESIAN_POINT('',(-9.15962317779192,-0.5,16.4068427715463));
#5758=CARTESIAN_POINT('',(-9.17731086324966,-0.5,16.4205884418823));
#5759=CARTESIAN_POINT('',(-9.19499118731001,-0.5,16.4343283914393));
#5760=CARTESIAN_POINT('',(-9.21528855590353,-0.5,16.4452046444312));
#5761=CARTESIAN_POINT('',(-9.23652130882938,-0.5,16.4523145161527));
#5762=CARTESIAN_POINT('',(-9.25774470762951,-0.5,16.4594212556079));
#5763=CARTESIAN_POINT('',(-9.28048825764076,-0.5,16.4629609884193));
#5764=CARTESIAN_POINT('',(-9.30286760804962,-0.5,16.462639931428));
#5765=CARTESIAN_POINT('',(-9.3112138307295,-0.5,16.4625201954619));
#5766=CARTESIAN_POINT('',(-9.31956884576537,-0.5,16.46187543067));
#5767=CARTESIAN_POINT('',(-9.32783462019201,-0.5,16.4607132160377));
#5768=CARTESIAN_POINT('',(-9.32783462019201,-0.5,16.4607132160377));
#5769=CARTESIAN_POINT('',(-9.32783462019201,0.,0.));
#5770=CARTESIAN_POINT('',(-9.3,0.,0.));
#5771=CARTESIAN_POINT('',(-9.09999999997859,-16.262567142342,0.500000000000017));
#5772=CARTESIAN_POINT('',(-9.09999999997874,-16.2721108314562,0.500000000000017));
#5773=CARTESIAN_POINT('',(-9.10068596118652,-16.2816788298865,0.500000000000017));
#5774=CARTESIAN_POINT('',(-9.10204742293099,-16.2911249096991,0.500000000000017));
#5775=CARTESIAN_POINT('',(-9.10524372104712,-16.3133014322731,0.500000000000017));
#5776=CARTESIAN_POINT('',(-9.11231298576782,-16.3352321038131,0.500000000000017));
#5777=CARTESIAN_POINT('',(-9.12267062227631,-16.3551000136448,0.500000000000017));
#5778=CARTESIAN_POINT('',(-9.13302689120932,-16.3749653002075,0.500000000000017));
#5779=CARTESIAN_POINT('',(-9.14695658833298,-16.3933165067028,0.500000000000017));
#5780=CARTESIAN_POINT('',(-9.16330661440356,-16.4086318115945,0.500000000000017));
#5781=CARTESIAN_POINT('',(-9.17965049839053,-16.4239413631079,0.500000000000017));
#5782=CARTESIAN_POINT('',(-9.19886405102305,-16.4366397237871,0.500000000000017));
#5783=CARTESIAN_POINT('',(-9.21935558855708,-16.4456730952957,0.500000000000017));
#5784=CARTESIAN_POINT('',(-9.23217910118913,-16.4513261388245,0.500000000000017));
#5785=CARTESIAN_POINT('',(-9.24567382447026,-16.4556470549789,0.500000000000017));
#5786=CARTESIAN_POINT('',(-9.25939596659432,-16.4584934900985,0.500000000000017));
#5787=CARTESIAN_POINT('',(-9.28130478508266,-16.4630381180298,0.500000000000017));
#5788=CARTESIAN_POINT('',(-9.30430040221757,-16.4638628147277,0.500000000000017));
#5789=CARTESIAN_POINT('',(-9.32647847146534,-16.4608991657893,0.500000000000017));
#5790=CARTESIAN_POINT('',(-9.32693073059674,-16.4608387305333,0.500000000000017));
#5791=CARTESIAN_POINT('',(-9.32738278547058,-16.4607767465549,0.500000000000017));
#5792=CARTESIAN_POINT('',(-9.32783462019201,-16.4607132160377,0.500000000000017));
#5793=CARTESIAN_POINT('',(-9.32783462019201,-16.4607132160377,0.500000000000017));
#5794=CARTESIAN_POINT('',(-9.1,-14.3337962760156,7.69827086927725));
#5795=CARTESIAN_POINT('',(-9.1,-14.3517675333473,7.70864657953541));
#5796=CARTESIAN_POINT('',(-9.10330503982448,-14.3699520987484,7.71914544326482));
#5797=CARTESIAN_POINT('',(-9.10968008736146,-14.3870542964657,7.7290194017206));
#5798=CARTESIAN_POINT('',(-9.11656314212708,-14.4055193138349,7.73968018446935));
#5799=CARTESIAN_POINT('',(-9.12722281512529,-14.4232099461548,7.74989387580135));
#5800=CARTESIAN_POINT('',(-9.14077713866056,-14.4386598469232,7.75881388016895));
#5801=CARTESIAN_POINT('',(-9.15432780541162,-14.4541055795048,7.76773147803276));
#5802=CARTESIAN_POINT('',(-9.17114565410746,-14.4677379901659,7.77560215399766));
#5803=CARTESIAN_POINT('',(-9.18983790543521,-14.4784261091424,7.78177294236587));
#5804=CARTESIAN_POINT('',(-9.20852194380601,-14.4891095319986,7.78794101942776));
#5805=CARTESIAN_POINT('',(-9.22959441633053,-14.4971460116739,7.79258088313161));
#5806=CARTESIAN_POINT('',(-9.25130934037824,-14.5018685159361,7.79530742223867));
#5807=CARTESIAN_POINT('',(-9.27301518271734,-14.5065890451324,7.79803282104086));
#5808=CARTESIAN_POINT('',(-9.29596178417633,-14.5081285992469,7.79892168302327));
#5809=CARTESIAN_POINT('',(-9.3182481348282,-14.5063594128246,7.79790024276612));
#5810=CARTESIAN_POINT('',(-9.32145165142119,-14.5061051038913,7.79775341743506));
#5811=CARTESIAN_POINT('',(-9.32464900856848,-14.505783715277,7.79756786363204));
#5812=CARTESIAN_POINT('',(-9.32783462019201,-14.5053958094988,7.79734390612662));
#5813=CARTESIAN_POINT('',(-9.32783462019201,-14.5053958094988,7.79734390612662));
#5814=CARTESIAN_POINT('',(-9.32783462019201,0.,0.));
#5815=CARTESIAN_POINT('',(-9.3,0.,0.));
#5816=CARTESIAN_POINT('',(-9.1,-8.56429627306171,-13.8337962760156));
#5817=CARTESIAN_POINT('',(-9.1,-8.57467198331985,-13.8517675333473));
#5818=CARTESIAN_POINT('',(-9.10330503982447,-8.58517084704924,-13.8699520987484));
#5819=CARTESIAN_POINT('',(-9.10968008736143,-8.595044805505,-13.8870542964656));
#5820=CARTESIAN_POINT('',(-9.11656314212704,-8.60570558825376,-13.9055193138349));
#5821=CARTESIAN_POINT('',(-9.12722281512524,-8.61591927958577,-13.9232099461547));
#5822=CARTESIAN_POINT('',(-9.1407771386605,-8.62483928395337,-13.9386598469231));
#5823=CARTESIAN_POINT('',(-9.15432780541155,-8.63375688181717,-13.9541055795047));
#5824=CARTESIAN_POINT('',(-9.17114565410739,-8.64162755778208,-13.9677379901659));
#5825=CARTESIAN_POINT('',(-9.18983790543513,-8.64779834615029,-13.9784261091424));
#5826=CARTESIAN_POINT('',(-9.20852194380593,-8.65396642321219,-13.9891095319986));
#5827=CARTESIAN_POINT('',(-9.22959441633044,-8.65860628691605,-13.9971460116738));
#5828=CARTESIAN_POINT('',(-9.25130934037814,-8.66133282602312,-14.0018685159361));
#5829=CARTESIAN_POINT('',(-9.27301518271724,-8.66405822482531,-14.0065890451324));
#5830=CARTESIAN_POINT('',(-9.29596178417623,-8.66494708680772,-14.0081285992469));
#5831=CARTESIAN_POINT('',(-9.3182481348281,-8.66392564655057,-14.0063594128246));
#5832=CARTESIAN_POINT('',(-9.32145165142112,-8.66377882121951,-14.0061051038913));
#5833=CARTESIAN_POINT('',(-9.32464900856844,-8.66359326741649,-14.005783715277));
#5834=CARTESIAN_POINT('',(-9.32783462019201,-8.66336930991107,-14.0053958094988));
#5835=CARTESIAN_POINT('',(-9.32783462019201,-8.66336930991107,-14.0053958094988));
#5836=CARTESIAN_POINT('',(-9.1,-13.8337962760156,-8.56429627306166));
#5837=CARTESIAN_POINT('',(-9.1,-13.8517675333473,-8.5746719833198));
#5838=CARTESIAN_POINT('',(-9.10330503982447,-13.8699520987484,-8.58517084704918));
#5839=CARTESIAN_POINT('',(-9.10968008736142,-13.8870542964656,-8.59504480550495));
#5840=CARTESIAN_POINT('',(-9.11656314212704,-13.9055193138349,-8.6057055882537));
#5841=CARTESIAN_POINT('',(-9.12722281512523,-13.9232099461547,-8.61591927958571));
#5842=CARTESIAN_POINT('',(-9.14077713866049,-13.9386598469232,-8.62483928395331));
#5843=CARTESIAN_POINT('',(-9.15432780541154,-13.9541055795047,-8.63375688181712));
#5844=CARTESIAN_POINT('',(-9.17114565410737,-13.9677379901659,-8.64162755778203));
#5845=CARTESIAN_POINT('',(-9.18983790543511,-13.9784261091424,-8.64779834615024));
#5846=CARTESIAN_POINT('',(-9.20852194380591,-13.9891095319986,-8.65396642321213));
#5847=CARTESIAN_POINT('',(-9.22959441633042,-13.9971460116739,-8.658606286916));
#5848=CARTESIAN_POINT('',(-9.25130934037813,-14.0018685159361,-8.66133282602307));
#5849=CARTESIAN_POINT('',(-9.27301518271722,-14.0065890451324,-8.66405822482526));
#5850=CARTESIAN_POINT('',(-9.29596178417621,-14.0081285992469,-8.66494708680768));
#5851=CARTESIAN_POINT('',(-9.31824813482808,-14.0063594128246,-8.66392564655052));
#5852=CARTESIAN_POINT('',(-9.32145165142111,-14.0061051038914,-8.66377882121946));
#5853=CARTESIAN_POINT('',(-9.32464900856844,-14.005783715277,-8.66359326741645));
#5854=CARTESIAN_POINT('',(-9.32783462019201,-14.0053958094989,-8.66336930991102));
#5855=CARTESIAN_POINT('',(-9.32783462019201,-14.0053958094989,-8.66336930991102));
#5856=CARTESIAN_POINT('',(-9.32783462019201,0.,0.));
#5857=CARTESIAN_POINT('',(-9.3,0.,0.));
#5858=CARTESIAN_POINT('',(-9.1,7.69827086927721,-14.3337962760156));
#5859=CARTESIAN_POINT('',(-9.1,7.70864657953534,-14.3517675333473));
#5860=CARTESIAN_POINT('',(-9.10330503982447,7.71914544326473,-14.3699520987484));
#5861=CARTESIAN_POINT('',(-9.10968008736142,7.72901940172049,-14.3870542964656));
#5862=CARTESIAN_POINT('',(-9.11656314212703,7.73968018446925,-14.4055193138349));
#5863=CARTESIAN_POINT('',(-9.12722281512522,7.74989387580125,-14.4232099461547));
#5864=CARTESIAN_POINT('',(-9.14077713866048,7.75881388016886,-14.4386598469232));
#5865=CARTESIAN_POINT('',(-9.15432780541154,7.76773147803266,-14.4541055795047));
#5866=CARTESIAN_POINT('',(-9.17114565410737,7.77560215399757,-14.4677379901659));
#5867=CARTESIAN_POINT('',(-9.18983790543511,7.78177294236579,-14.4784261091424));
#5868=CARTESIAN_POINT('',(-9.2085219438059,7.78794101942768,-14.4891095319986));
#5869=CARTESIAN_POINT('',(-9.22959441633042,7.79258088313155,-14.4971460116739));
#5870=CARTESIAN_POINT('',(-9.25130934037812,7.79530742223861,-14.5018685159361));
#5871=CARTESIAN_POINT('',(-9.27301518271722,7.79803282104081,-14.5065890451324));
#5872=CARTESIAN_POINT('',(-9.29596178417621,7.79892168302322,-14.5081285992469));
#5873=CARTESIAN_POINT('',(-9.31824813482807,7.79790024276607,-14.5063594128246));
#5874=CARTESIAN_POINT('',(-9.32145165142111,7.79775341743501,-14.5061051038914));
#5875=CARTESIAN_POINT('',(-9.32464900856844,7.797567863632,-14.505783715277));
#5876=CARTESIAN_POINT('',(-9.32783462019201,7.79734390612657,-14.5053958094989));
#5877=CARTESIAN_POINT('',(-9.32783462019201,7.79734390612657,-14.5053958094989));
#5878=CARTESIAN_POINT('',(-9.09999999996245,0.499999999999962,-16.2625671423447));
#5879=CARTESIAN_POINT('',(-9.09999999996275,0.499999999999962,-16.272668044929));
#5880=CARTESIAN_POINT('',(-9.1007688706829,0.499999999999962,-16.2827977549809));
#5881=CARTESIAN_POINT('',(-9.10229348368064,0.499999999999962,-16.2927829334081));
#5882=CARTESIAN_POINT('',(-9.10567536020764,0.499999999999962,-16.3149319250481));
#5883=CARTESIAN_POINT('',(-9.11292803055196,0.499999999999962,-16.3368026484673));
#5884=CARTESIAN_POINT('',(-9.12345171749764,0.499999999999962,-16.3565831169295));
#5885=CARTESIAN_POINT('',(-9.13397393769032,0.499999999999962,-16.3763608284623));
#5886=CARTESIAN_POINT('',(-9.14805676836213,0.499999999999962,-16.3945945896853));
#5887=CARTESIAN_POINT('',(-9.1645344066777,0.499999999999962,-16.4097722847277));
#5888=CARTESIAN_POINT('',(-9.18100578516853,0.499999999999962,-16.4249442137914));
#5889=CARTESIAN_POINT('',(-9.20032482634372,0.499999999999962,-16.4374810299473));
#5890=CARTESIAN_POINT('',(-9.22089108810085,0.499999999999962,-16.4463423288498));
#5891=CARTESIAN_POINT('',(-9.23376113193908,0.499999999999962,-16.4518875906328));
#5892=CARTESIAN_POINT('',(-9.24729116863563,0.499999999999961,-16.4560952153196));
#5893=CARTESIAN_POINT('',(-9.26103626110472,0.499999999999961,-16.4588265867069));
#5894=CARTESIAN_POINT('',(-9.28288407207656,0.499999999999961,-16.4631680988428));
#5895=CARTESIAN_POINT('',(-9.305776597242,0.499999999999961,-16.463814698816));
#5896=CARTESIAN_POINT('',(-9.32783462019201,0.499999999999961,-16.4607132160377));
#5897=CARTESIAN_POINT('',(-9.32783462019201,0.499999999999961,-16.4607132160377));
#5898=CARTESIAN_POINT('',(-9.32783462019201,0.,0.));
#5899=CARTESIAN_POINT('',(-9.3,0.,0.));
#5900=CARTESIAN_POINT('',(-9.09999999999829,16.2625671423387,-0.500000000000062));
#5901=CARTESIAN_POINT('',(-9.09999999999827,16.2776409546847,-0.500000000000062));
#5902=CARTESIAN_POINT('',(-9.10172431028468,16.2928100022488,-0.500000000000062));
#5903=CARTESIAN_POINT('',(-9.10510769249086,16.3074992004396,-0.500000000000062));
#5904=CARTESIAN_POINT('',(-9.11013672229201,16.32933309651,-0.500000000000062));
#5905=CARTESIAN_POINT('',(-9.119005048578,16.3506000037494,-0.500000000000062));
#5906=CARTESIAN_POINT('',(-9.13097911257019,16.3695375841087,-0.500000000000062));
#5907=CARTESIAN_POINT('',(-9.14295074714622,16.3884713222251,-0.500000000000063));
#5908=CARTESIAN_POINT('',(-9.15835737260214,16.4055991223088,-0.500000000000063));
#5909=CARTESIAN_POINT('',(-9.17592334472969,16.4195003127863,-0.500000000000063));
#5910=CARTESIAN_POINT('',(-9.19348206389684,16.4333957634857,-0.500000000000063));
#5911=CARTESIAN_POINT('',(-9.21368300590845,16.4444506677984,-0.500000000000063));
#5912=CARTESIAN_POINT('',(-9.23485251455203,16.4517475214161,-0.500000000000063));
#5913=CARTESIAN_POINT('',(-9.25601265641833,16.4590411464278,-0.500000000000063));
#5914=CARTESIAN_POINT('',(-9.27872435982663,16.4627812583664,-0.500000000000063));
#5915=CARTESIAN_POINT('',(-9.30110589772865,16.4626574409469,-0.500000000000063));
#5916=CARTESIAN_POINT('',(-9.31003887431035,16.4626080226221,-0.500000000000063));
#5917=CARTESIAN_POINT('',(-9.31898852240631,16.4619570274164,-0.500000000000063));
#5918=CARTESIAN_POINT('',(-9.32783462019201,16.4607132160376,-0.500000000000063));
#5919=CARTESIAN_POINT('',(-9.32783462019201,16.4607132160376,-0.500000000000063));
#5920=CARTESIAN_POINT('',(-9.1,14.3337962760156,-7.69827086927729));
#5921=CARTESIAN_POINT('',(-9.1,14.3517675333473,-7.70864657953543));
#5922=CARTESIAN_POINT('',(-9.10330503982447,14.3699520987484,-7.71914544326482));
#5923=CARTESIAN_POINT('',(-9.10968008736144,14.3870542964656,-7.7290194017206));
#5924=CARTESIAN_POINT('',(-9.11656314212705,14.4055193138349,-7.73968018446935));
#5925=CARTESIAN_POINT('',(-9.12722281512525,14.4232099461547,-7.74989387580136));
#5926=CARTESIAN_POINT('',(-9.14077713866051,14.4386598469232,-7.75881388016896));
#5927=CARTESIAN_POINT('',(-9.15432780541157,14.4541055795047,-7.76773147803276));
#5928=CARTESIAN_POINT('',(-9.17114565410741,14.4677379901659,-7.77560215399767));
#5929=CARTESIAN_POINT('',(-9.18983790543514,14.4784261091424,-7.78177294236588));
#5930=CARTESIAN_POINT('',(-9.20852194380594,14.4891095319986,-7.78794101942777));
#5931=CARTESIAN_POINT('',(-9.22959441633045,14.4971460116738,-7.79258088313164));
#5932=CARTESIAN_POINT('',(-9.25130934037816,14.5018685159361,-7.7953074222387));
#5933=CARTESIAN_POINT('',(-9.27301518271726,14.5065890451324,-7.79803282104089));
#5934=CARTESIAN_POINT('',(-9.29596178417625,14.5081285992468,-7.7989216830233));
#5935=CARTESIAN_POINT('',(-9.31824813482812,14.5063594128246,-7.79790024276615));
#5936=CARTESIAN_POINT('',(-9.32145165142114,14.5061051038913,-7.79775341743509));
#5937=CARTESIAN_POINT('',(-9.32464900856845,14.505783715277,-7.79756786363208));
#5938=CARTESIAN_POINT('',(-9.32783462019201,14.5053958094988,-7.79734390612665));
#5939=CARTESIAN_POINT('',(-9.32783462019201,14.5053958094988,-7.79734390612665));
#5940=CARTESIAN_POINT('',(-9.32783462019201,0.,0.));
#5941=CARTESIAN_POINT('',(-9.3,0.,0.));
#5942=CARTESIAN_POINT('',(-9.32783462019201,-7.7973439061266,14.5053958094989));
#5943=CARTESIAN_POINT('',(-19.2649777855808,-7.09873464130059,13.2953690681818));
#5944=CARTESIAN_POINT('',(-29.2021009866885,-6.40005436150344,12.0852193253267));
#5945=CARTESIAN_POINT('',(-39.1391731009639,-5.70119248231551,10.8747550431002));
#5946=CARTESIAN_POINT('',(-39.1391731009639,-5.70119248231551,10.8747550431002));
#5947=CARTESIAN_POINT('',(-38.1186889235732,-0.5,12.4119477491504));
#5948=CARTESIAN_POINT('',(-29.4867646367056,-0.5,13.6260695235148));
#5949=CARTESIAN_POINT('',(-20.8548025899034,-0.5,14.8399228426182));
#5950=CARTESIAN_POINT('',(-12.2228237377383,-0.5,16.0536566161347));
#5951=CARTESIAN_POINT('',(-11.2578275894039,-0.5,16.1893437438033));
#5952=CARTESIAN_POINT('',(-10.2928312113423,-0.5,16.3250292376783));
#5953=CARTESIAN_POINT('',(-9.32783462019201,-0.5,16.4607132160377));
#5954=CARTESIAN_POINT('',(-38.1186889235732,-0.5,12.4119477491504));
#5955=CARTESIAN_POINT('',(-23.6756662429331,0.,-2.03107493148965));
#5956=CARTESIAN_POINT('',(-9.32783462019201,0.,0.));
#5957=CARTESIAN_POINT('',(-9.32783462019201,7.7973439061266,14.5053958094989));
#5958=CARTESIAN_POINT('',(-9.32783462019201,7.7973439061266,14.5053958094989));
#5959=CARTESIAN_POINT('',(-19.2649777855808,7.09873464130058,13.2953690681819));
#5960=CARTESIAN_POINT('',(-29.2021009866885,6.40005436150343,12.0852193253268));
#5961=CARTESIAN_POINT('',(-39.1391731009639,5.70119248231549,10.8747550431002));
#5962=CARTESIAN_POINT('',(-39.1391731009639,5.70119248231549,10.8747550431002));
#5963=CARTESIAN_POINT('',(-39.1391731009639,0.,0.));
#5964=CARTESIAN_POINT('',(-9.32783462019201,0.,0.));
#5965=CARTESIAN_POINT('',(-9.32783462019201,0.,0.));
#5966=CARTESIAN_POINT('',(-9.32783462019201,-14.0053958094988,8.66336930991106));
#5967=CARTESIAN_POINT('',(-9.32783462019201,-8.66336930991104,14.0053958094989));
#5968=CARTESIAN_POINT('',(-9.32783462019201,-8.66336930991104,14.0053958094989));
#5969=CARTESIAN_POINT('',(-19.2649777855808,-7.96476004508503,12.7953690681818));
#5970=CARTESIAN_POINT('',(-29.2021009866885,-7.26607976528788,11.5852193253267));
#5971=CARTESIAN_POINT('',(-39.1391731009639,-6.56721788609995,10.3747550431002));
#5972=CARTESIAN_POINT('',(-39.1391731009639,-6.56721788609995,10.3747550431002));
#5973=CARTESIAN_POINT('',(-39.1391731009639,0.,0.));
#5974=CARTESIAN_POINT('',(-39.1391731009639,-12.2684103684154,0.500000000000005));
#5975=CARTESIAN_POINT('',(-9.32783462019201,-16.4607132160377,0.500000000000017));
#5976=CARTESIAN_POINT('',(-10.8667883836299,-16.2443276131772,0.500000000000016));
#5977=CARTESIAN_POINT('',(-12.405741605685,-16.0279381599102,0.500000000000016));
#5978=CARTESIAN_POINT('',(-13.944694216787,-15.8115443616921,0.500000000000015));
#5979=CARTESIAN_POINT('',(-22.3428773306844,-14.6306667121549,0.500000000000012));
#5980=CARTESIAN_POINT('',(-30.7410437461912,-13.4496702797949,0.500000000000008));
#5981=CARTESIAN_POINT('',(-39.1391731009639,-12.2684103684154,0.500000000000005));
#5982=CARTESIAN_POINT('',(-9.32783462019201,-14.5053958094988,7.79734390612662));
#5983=CARTESIAN_POINT('',(-18.9248140243406,-13.3367901527609,7.12264911563244));
#5984=CARTESIAN_POINT('',(-28.521774588594,-12.1680684251788,6.44788731160514));
#5985=CARTESIAN_POINT('',(-38.1186889235732,-10.9990620612093,5.772961172683));
#5986=CARTESIAN_POINT('',(-38.1186889235732,-10.9990620612093,5.772961172683));
#5987=CARTESIAN_POINT('',(-23.6756662429331,1.75896248765977,-1.01553746574482));
#5988=CARTESIAN_POINT('',(-38.1186889235732,-10.4990620612093,6.63898657646743));
#5989=CARTESIAN_POINT('',(-9.32783462019201,-14.0053958094988,8.66336930991106));
#5990=CARTESIAN_POINT('',(-18.9248140243406,-12.8367901527609,7.98867451941688));
#5991=CARTESIAN_POINT('',(-28.521774588594,-11.6680684251788,7.31391271538958));
#5992=CARTESIAN_POINT('',(-38.1186889235732,-10.4990620612093,6.63898657646743));
#5993=CARTESIAN_POINT('',(-9.32783462019201,0.,0.));
#5994=CARTESIAN_POINT('',(-9.32783462019201,0.,0.));
#5995=CARTESIAN_POINT('',(-9.32783462019201,-14.5053958094989,-7.79734390612658));
#5996=CARTESIAN_POINT('',(-9.32783462019201,-16.4607132160377,-0.499999999999983));
#5997=CARTESIAN_POINT('',(-9.32783462019201,-16.4607132160377,-0.499999999999983));
#5998=CARTESIAN_POINT('',(-10.8667883836299,-16.2443276131772,-0.499999999999984));
#5999=CARTESIAN_POINT('',(-12.405741605685,-16.0279381599102,-0.499999999999984));
#6000=CARTESIAN_POINT('',(-13.944694216787,-15.8115443616921,-0.499999999999985));
#6001=CARTESIAN_POINT('',(-22.3428773306844,-14.6306667121549,-0.499999999999988));
#6002=CARTESIAN_POINT('',(-30.7410437461912,-13.4496702797949,-0.499999999999992));
#6003=CARTESIAN_POINT('',(-39.1391731009639,-12.2684103684154,-0.499999999999995));
#6004=CARTESIAN_POINT('',(-39.1391731009639,-12.2684103684154,-0.499999999999995));
#6005=CARTESIAN_POINT('',(-39.1391731009639,0.,0.));
#6006=CARTESIAN_POINT('',(-39.1391731009639,-6.56721788609996,-10.3747550431002));
#6007=CARTESIAN_POINT('',(-9.32783462019201,-8.66336930991107,-14.0053958094988));
#6008=CARTESIAN_POINT('',(-19.2649777855808,-7.96476004508505,-12.7953690681818));
#6009=CARTESIAN_POINT('',(-29.2021009866885,-7.2660797652879,-11.5852193253267));
#6010=CARTESIAN_POINT('',(-39.1391731009639,-6.56721788609996,-10.3747550431002));
#6011=CARTESIAN_POINT('',(-9.32783462019201,-14.0053958094989,-8.66336930991102));
#6012=CARTESIAN_POINT('',(-18.9248140243406,-12.8367901527609,-7.98867451941685));
#6013=CARTESIAN_POINT('',(-28.521774588594,-11.6680684251788,-7.31391271538955));
#6014=CARTESIAN_POINT('',(-38.1186889235732,-10.4990620612093,-6.63898657646741));
#6015=CARTESIAN_POINT('',(-38.1186889235732,-10.4990620612093,-6.63898657646741));
#6016=CARTESIAN_POINT('',(-23.6756662429331,1.75896248765978,1.01553746574482));
#6017=CARTESIAN_POINT('',(-38.1186889235732,-10.9990620612093,-5.77296117268297));
#6018=CARTESIAN_POINT('',(-9.32783462019201,-14.5053958094989,-7.79734390612658));
#6019=CARTESIAN_POINT('',(-18.9248140243406,-13.3367901527609,-7.12264911563241));
#6020=CARTESIAN_POINT('',(-28.521774588594,-12.1680684251788,-6.44788731160511));
#6021=CARTESIAN_POINT('',(-38.1186889235732,-10.9990620612093,-5.77296117268297));
#6022=CARTESIAN_POINT('',(-9.32783462019201,0.,0.));
#6023=CARTESIAN_POINT('',(-9.32783462019201,0.,0.));
#6024=CARTESIAN_POINT('',(-9.32783462019201,-0.500000000000039,-16.4607132160377));
#6025=CARTESIAN_POINT('',(-9.32783462019201,-7.79734390612663,-14.5053958094988));
#6026=CARTESIAN_POINT('',(-9.32783462019201,-7.79734390612663,-14.5053958094988));
#6027=CARTESIAN_POINT('',(-19.2649777855808,-7.09873464130061,-13.2953690681818));
#6028=CARTESIAN_POINT('',(-29.2021009866885,-6.40005436150346,-12.0852193253267));
#6029=CARTESIAN_POINT('',(-39.1391731009639,-5.70119248231552,-10.8747550431002));
#6030=CARTESIAN_POINT('',(-39.1391731009639,-5.70119248231552,-10.8747550431002));
#6031=CARTESIAN_POINT('',(-39.1391731009639,0.,0.));
#6032=CARTESIAN_POINT('',(-39.1391731009639,5.70119248231548,-10.8747550431002));
#6033=CARTESIAN_POINT('',(-9.32783462019201,7.79734390612657,-14.5053958094989));
#6034=CARTESIAN_POINT('',(-19.2649777855808,7.09873464130056,-13.2953690681819));
#6035=CARTESIAN_POINT('',(-29.2021009866885,6.40005436150342,-12.0852193253268));
#6036=CARTESIAN_POINT('',(-39.1391731009639,5.70119248231548,-10.8747550431002));
#6037=CARTESIAN_POINT('',(-9.32783462019201,0.499999999999961,-16.4607132160377));
#6038=CARTESIAN_POINT('',(-10.3961598723784,0.499999999999962,-16.3105006435501));
#6039=CARTESIAN_POINT('',(-11.4644848634385,0.499999999999962,-16.1602862138957));
#6040=CARTESIAN_POINT('',(-12.5328095706731,0.499999999999962,-16.0100697657131));
#6041=CARTESIAN_POINT('',(-21.0614593723915,0.499999999999965,-14.8108618167334));
#6042=CARTESIAN_POINT('',(-29.590092597136,0.499999999999968,-13.6115359476295));
#6043=CARTESIAN_POINT('',(-38.1186889235732,0.499999999999971,-12.4119477491504));
#6044=CARTESIAN_POINT('',(-38.1186889235732,0.499999999999971,-12.4119477491504));
#6045=CARTESIAN_POINT('',(-23.6756662429331,4.75862724872526E-15,2.03107493148965));
#6046=CARTESIAN_POINT('',(-38.1186889235732,-0.500000000000029,-12.4119477491504));
#6047=CARTESIAN_POINT('',(-9.32783462019201,-0.500000000000039,-16.4607132160377));
#6048=CARTESIAN_POINT('',(-10.3961598723784,-0.500000000000038,-16.3105006435501));
#6049=CARTESIAN_POINT('',(-11.4644848634385,-0.500000000000038,-16.1602862138957));
#6050=CARTESIAN_POINT('',(-12.5328095706731,-0.500000000000038,-16.0100697657131));
#6051=CARTESIAN_POINT('',(-21.0614593723915,-0.500000000000035,-14.8108618167334));
#6052=CARTESIAN_POINT('',(-29.590092597136,-0.500000000000032,-13.6115359476295));
#6053=CARTESIAN_POINT('',(-38.1186889235732,-0.500000000000029,-12.4119477491504));
#6054=CARTESIAN_POINT('',(-9.32783462019201,0.,0.));
#6055=CARTESIAN_POINT('',(-9.32783462019201,0.,0.));
#6056=CARTESIAN_POINT('',(-9.32783462019201,14.0053958094988,-8.66336930991109));
#6057=CARTESIAN_POINT('',(-9.32783462019201,8.66336930991101,-14.0053958094989));
#6058=CARTESIAN_POINT('',(-9.32783462019201,8.66336930991101,-14.0053958094989));
#6059=CARTESIAN_POINT('',(-19.2649777855808,7.964760045085,-12.7953690681819));
#6060=CARTESIAN_POINT('',(-29.2021009866885,7.26607976528785,-11.5852193253268));
#6061=CARTESIAN_POINT('',(-39.1391731009639,6.56721788609992,-10.3747550431002));
#6062=CARTESIAN_POINT('',(-39.1391731009639,6.56721788609992,-10.3747550431002));
#6063=CARTESIAN_POINT('',(-39.1391731009639,0.,0.));
#6064=CARTESIAN_POINT('',(-39.1391731009639,12.2684103684154,-0.500000000000039));
#6065=CARTESIAN_POINT('',(-9.32783462019201,16.4607132160376,-0.500000000000063));
#6066=CARTESIAN_POINT('',(-10.8667883836299,16.2443276131772,-0.500000000000062));
#6067=CARTESIAN_POINT('',(-12.405741605685,16.0279381599102,-0.50000000000006));
#6068=CARTESIAN_POINT('',(-13.944694216787,15.8115443616921,-0.500000000000059));
#6069=CARTESIAN_POINT('',(-22.3428773306844,14.6306667121549,-0.500000000000052));
#6070=CARTESIAN_POINT('',(-30.7410437461912,13.4496702797949,-0.500000000000046));
#6071=CARTESIAN_POINT('',(-39.1391731009639,12.2684103684154,-0.500000000000039));
#6072=CARTESIAN_POINT('',(-9.32783462019201,14.5053958094988,-7.79734390612665));
#6073=CARTESIAN_POINT('',(-18.9248140243406,13.3367901527609,-7.12264911563247));
#6074=CARTESIAN_POINT('',(-28.521774588594,12.1680684251788,-6.44788731160517));
#6075=CARTESIAN_POINT('',(-38.1186889235732,10.9990620612093,-5.77296117268302));
#6076=CARTESIAN_POINT('',(-38.1186889235732,10.9990620612093,-5.77296117268302));
#6077=CARTESIAN_POINT('',(-23.6756662429331,-1.75896248765977,1.01553746574483));
#6078=CARTESIAN_POINT('',(-38.1186889235732,10.4990620612093,-6.63898657646747));
#6079=CARTESIAN_POINT('',(-9.32783462019201,14.0053958094988,-8.66336930991109));
#6080=CARTESIAN_POINT('',(-18.9248140243406,12.8367901527609,-7.98867451941691));
#6081=CARTESIAN_POINT('',(-28.521774588594,11.6680684251788,-7.31391271538961));
#6082=CARTESIAN_POINT('',(-38.1186889235732,10.4990620612093,-6.63898657646747));
#6083=CARTESIAN_POINT('',(-9.32783462019201,0.,0.));
#6084=CARTESIAN_POINT('',(-40.0000000000038,-5.20561130753444,10.0163832691047));
#6085=CARTESIAN_POINT('',(-40.0000000000038,-5.24805196853745,10.0898926502687));
#6086=CARTESIAN_POINT('',(-39.9890392965555,-5.29083128604167,10.1639886016991));
#6087=CARTESIAN_POINT('',(-39.9676394385533,-5.3319009978223,10.2351234291554));
#6088=CARTESIAN_POINT('',(-39.9393684304537,-5.38615753327613,10.3290985052041));
#6089=CARTESIAN_POINT('',(-39.8919672120725,-5.4387226416408,10.4201439435971));
#6090=CARTESIAN_POINT('',(-39.8293527663087,-5.48523545610754,10.5007065014565));
#6091=CARTESIAN_POINT('',(-39.7667736417208,-5.53172203242292,10.5812236135047));
#6092=CARTESIAN_POINT('',(-39.6872692582928,-5.57344646702314,10.6534924541493));
#6093=CARTESIAN_POINT('',(-39.597423182131,-5.60694212548291,10.7115086364346));
#6094=CARTESIAN_POINT('',(-39.5076534932456,-5.64040930588073,10.7694754932697));
#6095=CARTESIAN_POINT('',(-39.4050805215586,-5.66658545495054,10.8148139134051));
#6096=CARTESIAN_POINT('',(-39.2982064399679,-5.68329425788367,10.843754409019));
#6097=CARTESIAN_POINT('',(-39.2463451570602,-5.69140230375473,10.8577979564177));
#6098=CARTESIAN_POINT('',(-39.1929808390443,-5.69740825125456,10.868200562635));
#6099=CARTESIAN_POINT('',(-39.1391731009639,-5.70119248231551,10.8747550431002));
#6100=CARTESIAN_POINT('',(-40.0000000000038,5.20561130753444,10.0163832691047));
#6101=CARTESIAN_POINT('',(-40.0000000000038,5.24805196853745,10.0898926502687));
#6102=CARTESIAN_POINT('',(-39.9890392965555,5.29083128604165,10.1639886016992));
#6103=CARTESIAN_POINT('',(-39.9676394385533,5.33190099782229,10.2351234291554));
#6104=CARTESIAN_POINT('',(-39.9393684304537,5.38615753327611,10.3290985052041));
#6105=CARTESIAN_POINT('',(-39.8919672120725,5.43872264164079,10.4201439435971));
#6106=CARTESIAN_POINT('',(-39.8293527663087,5.48523545610752,10.5007065014565));
#6107=CARTESIAN_POINT('',(-39.7667736417208,5.53172203242291,10.5812236135047));
#6108=CARTESIAN_POINT('',(-39.6872692582928,5.57344646702312,10.6534924541493));
#6109=CARTESIAN_POINT('',(-39.597423182131,5.60694212548289,10.7115086364346));
#6110=CARTESIAN_POINT('',(-39.5076534932456,5.64040930588071,10.7694754932697));
#6111=CARTESIAN_POINT('',(-39.4050805215586,5.66658545495052,10.8148139134051));
#6112=CARTESIAN_POINT('',(-39.2982064399679,5.68329425788366,10.843754409019));
#6113=CARTESIAN_POINT('',(-39.2463451570602,5.69140230375471,10.8577979564178));
#6114=CARTESIAN_POINT('',(-39.1929808390443,5.69740825125454,10.868200562635));
#6115=CARTESIAN_POINT('',(-39.1391731009639,5.70119248231549,10.8747550431002));
#6116=CARTESIAN_POINT('',(-39.0000000000038,0.,0.));
#6117=CARTESIAN_POINT('',(-40.0000000000038,-6.07163671131888,9.51638326910471));
#6118=CARTESIAN_POINT('',(-40.0000000000038,-6.11407737232189,9.58989265026873));
#6119=CARTESIAN_POINT('',(-39.9890392965555,-6.15685668982611,9.66398860169915));
#6120=CARTESIAN_POINT('',(-39.9676394385533,-6.19792640160674,9.73512342915541));
#6121=CARTESIAN_POINT('',(-39.9393684304537,-6.25218293706056,9.8290985052041));
#6122=CARTESIAN_POINT('',(-39.8919672120725,-6.30474804542524,9.92014394359708));
#6123=CARTESIAN_POINT('',(-39.8293527663087,-6.35126085989198,10.0007065014565));
#6124=CARTESIAN_POINT('',(-39.7667736417208,-6.39774743620736,10.0812236135047));
#6125=CARTESIAN_POINT('',(-39.6872692582929,-6.43947187080758,10.1534924541493));
#6126=CARTESIAN_POINT('',(-39.597423182131,-6.47296752926735,10.2115086364346));
#6127=CARTESIAN_POINT('',(-39.5076534932456,-6.50643470966517,10.2694754932697));
#6128=CARTESIAN_POINT('',(-39.4050805215586,-6.53261085873497,10.3148139134051));
#6129=CARTESIAN_POINT('',(-39.2982064399679,-6.54931966166811,10.343754409019));
#6130=CARTESIAN_POINT('',(-39.2463451570602,-6.55742770753917,10.3577979564177));
#6131=CARTESIAN_POINT('',(-39.1929808390443,-6.563433655039,10.368200562635));
#6132=CARTESIAN_POINT('',(-39.1391731009639,-6.56721788609995,10.3747550431002));
#6133=CARTESIAN_POINT('',(-40.0000000000038,-11.2772480188532,0.500000000000013));
#6134=CARTESIAN_POINT('',(-40.0000000000038,-11.3573707737828,0.500000000000013));
#6135=CARTESIAN_POINT('',(-39.9902508204133,-11.4380639420814,0.500000000000004));
#6136=CARTESIAN_POINT('',(-39.9711662545178,-11.5158806189707,0.500000000000004));
#6137=CARTESIAN_POINT('',(-39.9444562187711,-11.6247898932394,0.500000000000004));
#6138=CARTESIAN_POINT('',(-39.8985694208293,-11.7305913506668,0.500000000000004));
#6139=CARTESIAN_POINT('',(-39.8372972636583,-11.824508222351,0.500000000000004));
#6140=CARTESIAN_POINT('',(-39.7988871209886,-11.8833826052198,0.500000000000005));
#6141=CARTESIAN_POINT('',(-39.7539941165612,-11.938489870303,0.500000000000005));
#6142=CARTESIAN_POINT('',(-39.7040982338743,-11.9880068664659,0.500000000000005));
#6143=CARTESIAN_POINT('',(-39.6246721334737,-12.0668298413686,0.500000000000005));
#6144=CARTESIAN_POINT('',(-39.5305489914839,-12.1330350282117,0.500000000000005));
#6145=CARTESIAN_POINT('',(-39.4295123424205,-12.1811303745915,0.500000000000005));
#6146=CARTESIAN_POINT('',(-39.3382648866295,-12.2245658807491,0.500000000000005));
#6147=CARTESIAN_POINT('',(-39.2392461095928,-12.254334348827,0.500000000000005));
#6148=CARTESIAN_POINT('',(-39.1391731009639,-12.2684103684154,0.500000000000005));
#6149=CARTESIAN_POINT('',(-39.0000000000038,0.,0.));
#6150=CARTESIAN_POINT('',(-40.0000000000038,-11.2772480188532,-0.499999999999988));
#6151=CARTESIAN_POINT('',(-40.0000000000038,-11.3573707737828,-0.499999999999988));
#6152=CARTESIAN_POINT('',(-39.9902508204133,-11.4380639420814,-0.499999999999996));
#6153=CARTESIAN_POINT('',(-39.9711662545178,-11.5158806189707,-0.499999999999996));
#6154=CARTESIAN_POINT('',(-39.9444562187711,-11.6247898932394,-0.499999999999996));
#6155=CARTESIAN_POINT('',(-39.8985694208293,-11.7305913506668,-0.499999999999996));
#6156=CARTESIAN_POINT('',(-39.8372972636583,-11.824508222351,-0.499999999999996));
#6157=CARTESIAN_POINT('',(-39.7988871209886,-11.8833826052198,-0.499999999999995));
#6158=CARTESIAN_POINT('',(-39.7539941165612,-11.938489870303,-0.499999999999995));
#6159=CARTESIAN_POINT('',(-39.7040982338743,-11.9880068664659,-0.499999999999995));
#6160=CARTESIAN_POINT('',(-39.6246721334737,-12.0668298413686,-0.499999999999995));
#6161=CARTESIAN_POINT('',(-39.5305489914839,-12.1330350282117,-0.499999999999995));
#6162=CARTESIAN_POINT('',(-39.4295123424205,-12.1811303745915,-0.499999999999995));
#6163=CARTESIAN_POINT('',(-39.3382648866295,-12.2245658807491,-0.499999999999995));
#6164=CARTESIAN_POINT('',(-39.2392461095928,-12.254334348827,-0.499999999999995));
#6165=CARTESIAN_POINT('',(-39.1391731009639,-12.2684103684154,-0.499999999999995));
#6166=CARTESIAN_POINT('',(-40.0000000000038,-6.0716367113189,-9.5163832691047));
#6167=CARTESIAN_POINT('',(-40.0000000000038,-6.11407737232191,-9.58989265026871));
#6168=CARTESIAN_POINT('',(-39.9890392965555,-6.15685668982611,-9.66398860169913));
#6169=CARTESIAN_POINT('',(-39.9676394385533,-6.19792640160674,-9.7351234291554));
#6170=CARTESIAN_POINT('',(-39.9393684304537,-6.25218293706057,-9.82909850520408));
#6171=CARTESIAN_POINT('',(-39.8919672120725,-6.30474804542525,-9.92014394359707));
#6172=CARTESIAN_POINT('',(-39.8293527663087,-6.35126085989198,-10.0007065014565));
#6173=CARTESIAN_POINT('',(-39.7667736417208,-6.39774743620737,-10.0812236135047));
#6174=CARTESIAN_POINT('',(-39.6872692582929,-6.43947187080759,-10.1534924541493));
#6175=CARTESIAN_POINT('',(-39.597423182131,-6.47296752926735,-10.2115086364346));
#6176=CARTESIAN_POINT('',(-39.5076534932456,-6.50643470966518,-10.2694754932697));
#6177=CARTESIAN_POINT('',(-39.4050805215586,-6.53261085873498,-10.3148139134051));
#6178=CARTESIAN_POINT('',(-39.2982064399679,-6.54931966166812,-10.343754409019));
#6179=CARTESIAN_POINT('',(-39.2463451570602,-6.55742770753918,-10.3577979564177));
#6180=CARTESIAN_POINT('',(-39.1929808390443,-6.56343365503901,-10.368200562635));
#6181=CARTESIAN_POINT('',(-39.1391731009639,-6.56721788609996,-10.3747550431002));
#6182=CARTESIAN_POINT('',(-39.0000000000038,0.,0.));
#6183=CARTESIAN_POINT('',(-40.0000000000038,-5.20561130753446,-10.0163832691047));
#6184=CARTESIAN_POINT('',(-40.0000000000038,-5.24805196853747,-10.0898926502687));
#6185=CARTESIAN_POINT('',(-39.9890392965555,-5.29083128604168,-10.1639886016991));
#6186=CARTESIAN_POINT('',(-39.9676394385533,-5.33190099782231,-10.2351234291554));
#6187=CARTESIAN_POINT('',(-39.9393684304537,-5.38615753327613,-10.3290985052041));
#6188=CARTESIAN_POINT('',(-39.8919672120725,-5.43872264164081,-10.4201439435971));
#6189=CARTESIAN_POINT('',(-39.8293527663087,-5.48523545610754,-10.5007065014565));
#6190=CARTESIAN_POINT('',(-39.7667736417208,-5.53172203242293,-10.5812236135047));
#6191=CARTESIAN_POINT('',(-39.6872692582929,-5.57344646702315,-10.6534924541493));
#6192=CARTESIAN_POINT('',(-39.597423182131,-5.60694212548292,-10.7115086364346));
#6193=CARTESIAN_POINT('',(-39.5076534932456,-5.64040930588074,-10.7694754932697));
#6194=CARTESIAN_POINT('',(-39.4050805215586,-5.66658545495055,-10.8148139134051));
#6195=CARTESIAN_POINT('',(-39.2982064399679,-5.68329425788368,-10.843754409019));
#6196=CARTESIAN_POINT('',(-39.2463451570602,-5.69140230375474,-10.8577979564177));
#6197=CARTESIAN_POINT('',(-39.1929808390443,-5.69740825125456,-10.868200562635));
#6198=CARTESIAN_POINT('',(-39.1391731009639,-5.70119248231552,-10.8747550431002));
#6199=CARTESIAN_POINT('',(-40.0000000000038,-5.20561130753446,-10.0163832691047));
#6200=CARTESIAN_POINT('',(-40.0000000000038,0.,0.));
#6201=CARTESIAN_POINT('',(-40.0000000000038,5.20561130753442,-10.0163832691047));
#6202=CARTESIAN_POINT('',(-40.0000000000038,5.20561130753442,-10.0163832691047));
#6203=CARTESIAN_POINT('',(-40.0000000000038,5.24805196853742,-10.0898926502687));
#6204=CARTESIAN_POINT('',(-39.9890392965555,5.29083128604165,-10.1639886016992));
#6205=CARTESIAN_POINT('',(-39.9676394385533,5.33190099782228,-10.2351234291554));
#6206=CARTESIAN_POINT('',(-39.9393684304537,5.3861575332761,-10.3290985052041));
#6207=CARTESIAN_POINT('',(-39.8919672120725,5.43872264164078,-10.4201439435971));
#6208=CARTESIAN_POINT('',(-39.8293527663087,5.48523545610751,-10.5007065014565));
#6209=CARTESIAN_POINT('',(-39.7667736417208,5.5317220324229,-10.5812236135047));
#6210=CARTESIAN_POINT('',(-39.6872692582928,5.57344646702312,-10.6534924541493));
#6211=CARTESIAN_POINT('',(-39.597423182131,5.60694212548288,-10.7115086364346));
#6212=CARTESIAN_POINT('',(-39.5076534932456,5.64040930588071,-10.7694754932697));
#6213=CARTESIAN_POINT('',(-39.4050805215586,5.66658545495051,-10.8148139134051));
#6214=CARTESIAN_POINT('',(-39.2982064399679,5.68329425788365,-10.843754409019));
#6215=CARTESIAN_POINT('',(-39.2463451570602,5.69140230375471,-10.8577979564178));
#6216=CARTESIAN_POINT('',(-39.1929808390443,5.69740825125453,-10.868200562635));
#6217=CARTESIAN_POINT('',(-39.1391731009639,5.70119248231548,-10.8747550431002));
#6218=CARTESIAN_POINT('',(-39.0000000000038,0.,0.));
#6219=CARTESIAN_POINT('',(-40.0000000000038,6.07163671131886,-9.51638326910473));
#6220=CARTESIAN_POINT('',(-40.0000000000038,6.11407737232186,-9.58989265026874));
#6221=CARTESIAN_POINT('',(-39.9890392965555,6.15685668982608,-9.66398860169915));
#6222=CARTESIAN_POINT('',(-39.9676394385533,6.19792640160671,-9.73512342915541));
#6223=CARTESIAN_POINT('',(-39.9393684304537,6.25218293706054,-9.8290985052041));
#6224=CARTESIAN_POINT('',(-39.8919672120725,6.30474804542522,-9.92014394359709));
#6225=CARTESIAN_POINT('',(-39.8293527663087,6.35126085989195,-10.0007065014565));
#6226=CARTESIAN_POINT('',(-39.7667736417208,6.39774743620733,-10.0812236135047));
#6227=CARTESIAN_POINT('',(-39.6872692582929,6.43947187080755,-10.1534924541493));
#6228=CARTESIAN_POINT('',(-39.597423182131,6.47296752926732,-10.2115086364346));
#6229=CARTESIAN_POINT('',(-39.5076534932457,6.50643470966514,-10.2694754932697));
#6230=CARTESIAN_POINT('',(-39.4050805215586,6.53261085873495,-10.3148139134051));
#6231=CARTESIAN_POINT('',(-39.2982064399679,6.54931966166809,-10.343754409019));
#6232=CARTESIAN_POINT('',(-39.2463451570602,6.55742770753914,-10.3577979564178));
#6233=CARTESIAN_POINT('',(-39.1929808390443,6.56343365503897,-10.368200562635));
#6234=CARTESIAN_POINT('',(-39.1391731009639,6.56721788609992,-10.3747550431002));
#6235=CARTESIAN_POINT('',(-40.0000000000038,11.2772480188532,-0.500000000000045));
#6236=CARTESIAN_POINT('',(-40.0000000000038,11.3591862039626,-0.500000000000045));
#6237=CARTESIAN_POINT('',(-39.9897973489049,11.441734161993,-0.500000000000036));
#6238=CARTESIAN_POINT('',(-39.9698447505582,11.521205917971,-0.500000000000036));
#6239=CARTESIAN_POINT('',(-39.942538685045,11.6299667388659,-0.500000000000036));
#6240=CARTESIAN_POINT('',(-39.896073143099,11.735514765038,-0.500000000000037));
#6241=CARTESIAN_POINT('',(-39.8342875161788,11.8290940024875,-0.500000000000037));
#6242=CARTESIAN_POINT('',(-39.7725359978018,11.9226215798402,-0.500000000000038));
#6243=CARTESIAN_POINT('',(-39.6937749605787,12.0067755362321,-0.500000000000038));
#6244=CARTESIAN_POINT('',(-39.6045261485733,12.0745642322143,-0.500000000000038));
#6245=CARTESIAN_POINT('',(-39.5153529471443,12.1422954983856,-0.500000000000039));
#6246=CARTESIAN_POINT('',(-39.4132469990608,12.195558748444,-0.500000000000039));
#6247=CARTESIAN_POINT('',(-39.3066716693849,12.2299256420298,-0.500000000000039));
#6248=CARTESIAN_POINT('',(-39.2521487159179,12.2475074270966,-0.500000000000039));
#6249=CARTESIAN_POINT('',(-39.1959022911178,12.2604309821375,-0.500000000000039));
#6250=CARTESIAN_POINT('',(-39.1391731009639,12.2684103684154,-0.500000000000039));
#6251=CARTESIAN_POINT('',(-39.0000000000038,0.,0.));
#6252=CARTESIAN_POINT('',(8.67361737988404E-16,-6.09751963130654,9.56121380157159));
#6253=CARTESIAN_POINT('',(8.67361737988404E-16,-6.09751963130654,9.56121380157159));
#6254=CARTESIAN_POINT('',(8.67361737988404E-16,-5.2314942275221,10.0612138015716));
#6255=CARTESIAN_POINT('',(6.71579342887562E-16,-6.09751963130654,9.56121380157159));
#6256=CARTESIAN_POINT('',(1.67523646940377E-15,-7.09060722760902,11.2812919747339));
#6257=CARTESIAN_POINT('',(6.7331941413751E-15,0.,0.));
#6258=CARTESIAN_POINT('',(2.18184737258426E-15,-11.2812919747339,7.09060722760903));
#6259=CARTESIAN_POINT('',(-4.54660459486509E-15,0.25,0.433012701892219));
#6260=CARTESIAN_POINT('',(3.36659707068755E-15,-3.21410161513775,2.43301270189222));
#6261=CARTESIAN_POINT('',(3.36659707068755E-15,-3.21410161513775,2.43301270189222));
#6262=CARTESIAN_POINT('',(3.36659707068755E-15,-3.46410161513775,2.));
#6263=CARTESIAN_POINT('',(3.36659707068755E-15,-3.46410161513775,2.));
#6264=CARTESIAN_POINT('',(-4.54660459486509E-15,-0.5,0.));
#6265=CARTESIAN_POINT('',(6.71579342887562E-16,-5.2314942275221,10.0612138015716));
#6266=CARTESIAN_POINT('',(3.36659707068755E-15,0.,0.));
#6267=CARTESIAN_POINT('',(-4.54660459486509E-15,-0.249999999999999,0.43301270189222));
#6268=CARTESIAN_POINT('',(-1.12750565623145E-14,11.2812919747339,7.090607227609));
#6269=CARTESIAN_POINT('',(6.7331941413751E-15,0.,0.));
#6270=CARTESIAN_POINT('',(1.67523646940377E-15,7.09060722760901,11.2812919747339));
#6271=CARTESIAN_POINT('',(6.71579342887562E-16,6.09751963130654,9.56121380157158));
#6272=CARTESIAN_POINT('',(8.67361737988404E-16,6.09751963130654,9.56121380157158));
#6273=CARTESIAN_POINT('',(8.67361737988404E-16,5.2314942275221,10.0612138015716));
#6274=CARTESIAN_POINT('',(8.67361737988404E-16,5.2314942275221,10.0612138015716));
#6275=CARTESIAN_POINT('',(6.71579342887562E-16,5.2314942275221,10.0612138015716));
#6276=CARTESIAN_POINT('',(1.67523646940377E-15,6.22458182382458,11.7812919747339));
#6277=CARTESIAN_POINT('',(6.7331941413751E-15,0.,0.));
#6278=CARTESIAN_POINT('',(3.36659707068755E-15,0.5,4.));
#6279=CARTESIAN_POINT('',(3.36659707068755E-15,1.34000092420309E-15,4.));
#6280=CARTESIAN_POINT('',(3.36659707068755E-15,1.34000092420309E-15,4.));
#6281=CARTESIAN_POINT('',(3.36659707068755E-15,0.,0.));
#6282=CARTESIAN_POINT('',(8.67361737988404E-16,-11.3290138588286,-0.499999999999985));
#6283=CARTESIAN_POINT('',(8.67361737988404E-16,-11.3290138588286,-0.499999999999985));
#6284=CARTESIAN_POINT('',(8.67361737988404E-16,-11.3290138588286,0.500000000000015));
#6285=CARTESIAN_POINT('',(6.71579342887562E-16,-11.3290138588286,-0.499999999999986));
#6286=CARTESIAN_POINT('',(1.67523646940377E-15,-13.3151890514336,-0.499999999999984));
#6287=CARTESIAN_POINT('',(6.7331941413751E-15,0.,0.));
#6288=CARTESIAN_POINT('',(2.18184737258426E-15,-11.7812919747339,-6.22458182382456));
#6289=CARTESIAN_POINT('',(-4.54660459486509E-15,-0.249999999999999,0.43301270189222));
#6290=CARTESIAN_POINT('',(3.36659707068755E-15,-3.71410161513776,-1.56698729810777));
#6291=CARTESIAN_POINT('',(3.36659707068755E-15,-3.71410161513776,-1.56698729810777));
#6292=CARTESIAN_POINT('',(3.36659707068755E-15,-3.46410161513776,-1.99999999999999));
#6293=CARTESIAN_POINT('',(3.36659707068755E-15,-3.46410161513776,-1.99999999999999));
#6294=CARTESIAN_POINT('',(-4.54660459486509E-15,-0.25,-0.433012701892219));
#6295=CARTESIAN_POINT('',(6.71579342887562E-16,-11.3290138588286,0.500000000000014));
#6296=CARTESIAN_POINT('',(3.36659707068755E-15,0.,0.));
#6297=CARTESIAN_POINT('',(8.67361737988404E-16,-5.23149422752213,-10.0612138015716));
#6298=CARTESIAN_POINT('',(8.67361737988404E-16,-5.23149422752213,-10.0612138015716));
#6299=CARTESIAN_POINT('',(8.67361737988404E-16,-6.09751963130656,-9.56121380157157));
#6300=CARTESIAN_POINT('',(6.71579342887562E-16,-5.23149422752213,-10.0612138015716));
#6301=CARTESIAN_POINT('',(1.67523646940377E-15,-6.2245818238246,-11.7812919747339));
#6302=CARTESIAN_POINT('',(6.7331941413751E-15,0.,0.));
#6303=CARTESIAN_POINT('',(2.18184737258426E-15,-0.500000000000031,-13.3151890514336));
#6304=CARTESIAN_POINT('',(-4.54660459486509E-15,-0.5,1.17145536458252E-15));
#6305=CARTESIAN_POINT('',(3.36659707068755E-15,-0.500000000000009,-4.));
#6306=CARTESIAN_POINT('',(3.36659707068755E-15,-0.500000000000009,-4.));
#6307=CARTESIAN_POINT('',(3.36659707068755E-15,-1.07116438408633E-14,-4.));
#6308=CARTESIAN_POINT('',(3.36659707068755E-15,-1.07116438408633E-14,-4.));
#6309=CARTESIAN_POINT('',(-4.54660459486509E-15,0.249999999999999,-0.43301270189222));
#6310=CARTESIAN_POINT('',(6.71579342887562E-16,-6.09751963130656,-9.56121380157157));
#6311=CARTESIAN_POINT('',(3.36659707068755E-15,0.,0.));
#6312=CARTESIAN_POINT('',(8.67361737988404E-16,6.09751963130652,-9.5612138015716));
#6313=CARTESIAN_POINT('',(8.67361737988404E-16,6.09751963130652,-9.5612138015716));
#6314=CARTESIAN_POINT('',(8.67361737988404E-16,5.23149422752208,-10.0612138015716));
#6315=CARTESIAN_POINT('',(6.71579342887562E-16,6.09751963130652,-9.5612138015716));
#6316=CARTESIAN_POINT('',(1.67523646940377E-15,7.09060722760899,-11.2812919747339));
#6317=CARTESIAN_POINT('',(6.7331941413751E-15,0.,0.));
#6318=CARTESIAN_POINT('',(2.18184737258426E-15,11.2812919747339,-7.09060722760905));
#6319=CARTESIAN_POINT('',(-4.54660459486509E-15,-0.250000000000001,-0.433012701892219));
#6320=CARTESIAN_POINT('',(3.36659707068755E-15,3.21410161513775,-2.43301270189223));
#6321=CARTESIAN_POINT('',(3.36659707068755E-15,3.21410161513775,-2.43301270189223));
#6322=CARTESIAN_POINT('',(3.36659707068755E-15,3.46410161513775,-2.00000000000001));
#6323=CARTESIAN_POINT('',(3.36659707068755E-15,3.46410161513775,-2.00000000000001));
#6324=CARTESIAN_POINT('',(3.36659707068755E-15,1.29903810567666,-0.750000000000004));
#6325=CARTESIAN_POINT('',(0.,0.,0.));
#6326=CARTESIAN_POINT('',(-3.83197200576803E-15,0.499999999999997,-1.4142135623731));
#6327=CARTESIAN_POINT('',(-4.54660459486509E-15,0.5,-1.17145536458252E-15));
#6328=CARTESIAN_POINT('',(6.71579342887562E-16,5.23149422752208,-10.0612138015716));
#6329=CARTESIAN_POINT('',(3.36659707068755E-15,0.,0.));
#6330=CARTESIAN_POINT('',(8.67361737988404E-16,11.3290138588287,0.499999999999954));
#6331=CARTESIAN_POINT('',(8.67361737988404E-16,11.3290138588287,0.499999999999954));
#6332=CARTESIAN_POINT('',(8.67361737988404E-16,11.3290138588286,-0.500000000000047));
#6333=CARTESIAN_POINT('',(6.71579342887562E-16,11.3290138588287,0.499999999999954));
#6334=CARTESIAN_POINT('',(1.67523646940377E-15,13.3151890514336,0.499999999999947));
#6335=CARTESIAN_POINT('',(6.7331941413751E-15,0.,0.));
#6336=CARTESIAN_POINT('',(2.18184737258426E-15,11.7812919747339,6.22458182382453));
#6337=CARTESIAN_POINT('',(-4.54660459486509E-15,0.249999999999998,-0.43301270189222));
#6338=CARTESIAN_POINT('',(3.36659707068755E-15,3.71410161513776,1.56698729810776));
#6339=CARTESIAN_POINT('',(3.36659707068755E-15,3.71410161513776,1.56698729810776));
#6340=CARTESIAN_POINT('',(3.36659707068755E-15,3.46410161513776,1.99999999999998));
#6341=CARTESIAN_POINT('',(3.36659707068755E-15,3.46410161513776,1.99999999999998));
#6342=CARTESIAN_POINT('',(-4.54660459486509E-15,0.250000000000001,0.433012701892219));
#6343=CARTESIAN_POINT('',(6.71579342887562E-16,11.3290138588286,-0.500000000000046));
#6344=CARTESIAN_POINT('',(3.36659707068755E-15,0.,0.));
#6345=CARTESIAN_POINT('',(1.67523646940377E-15,-7.09060722760902,11.2812919747339));
#6346=CARTESIAN_POINT('',(-1.73327711090625,-7.59131387748975,12.148541332015));
#6347=CARTESIAN_POINT('',(-3.46662079473875,-8.0919629150696,13.0156909018637));
#6348=CARTESIAN_POINT('',(-5.19999999999999,-8.59258120051735,13.8827872074572));
#6349=CARTESIAN_POINT('',(-5.19999999999999,-8.59258120051735,13.8827872074572));
#6350=CARTESIAN_POINT('',(-5.19999999999999,0.,0.));
#6351=CARTESIAN_POINT('',(-5.2,-13.8827872074572,8.59258120051737));
#6352=CARTESIAN_POINT('',(2.18184737258426E-15,-11.2812919747339,7.09060722760903));
#6353=CARTESIAN_POINT('',(-1.73327711090625,-12.1485413320149,7.59131387748976));
#6354=CARTESIAN_POINT('',(-3.46662079473875,-13.0156909018637,8.09196291506962));
#6355=CARTESIAN_POINT('',(-5.2,-13.8827872074572,8.59258120051737));
#6356=CARTESIAN_POINT('',(6.7331941413751E-15,0.,0.));
#6357=CARTESIAN_POINT('',(-5.2,13.8827872074573,8.59258120051734));
#6358=CARTESIAN_POINT('',(-3.46662079473876,13.0156909018637,8.09196291506959));
#6359=CARTESIAN_POINT('',(-1.73327711090626,12.148541332015,7.59131387748973));
#6360=CARTESIAN_POINT('',(-1.12750565623145E-14,11.2812919747339,7.090607227609));
#6361=CARTESIAN_POINT('',(-5.2,13.8827872074573,8.59258120051734));
#6362=CARTESIAN_POINT('',(-5.19999999999999,0.,0.));
#6363=CARTESIAN_POINT('',(-5.2,8.59258120051735,13.8827872074572));
#6364=CARTESIAN_POINT('',(1.67523646940377E-15,7.09060722760901,11.2812919747339));
#6365=CARTESIAN_POINT('',(-1.73327711090626,7.59131387748975,12.148541332015));
#6366=CARTESIAN_POINT('',(-3.46662079473875,8.0919629150696,13.0156909018637));
#6367=CARTESIAN_POINT('',(-5.2,8.59258120051735,13.8827872074572));
#6368=CARTESIAN_POINT('',(6.7331941413751E-15,0.,0.));
#6369=CARTESIAN_POINT('',(1.67523646940377E-15,-13.3151890514336,-0.499999999999984));
#6370=CARTESIAN_POINT('',(-1.29069380488293,-14.0608966673691,-0.499999999999983));
#6371=CARTESIAN_POINT('',(-2.5814250293316,-14.8065395176404,-0.499999999999983));
#6372=CARTESIAN_POINT('',(-3.87217955525556,-15.5521420258404,-0.499999999999983));
#6373=CARTESIAN_POINT('',(-4.3147836831117,-15.8078116680856,-0.499999999999983));
#6374=CARTESIAN_POINT('',(-4.75739062433267,-16.0634764400022,-0.499999999999982));
#6375=CARTESIAN_POINT('',(-5.2,-16.3191369972503,-0.499999999999982));
#6376=CARTESIAN_POINT('',(-5.2,-16.3191369972503,-0.499999999999982));
#6377=CARTESIAN_POINT('',(-5.19999999999999,0.,0.));
#6378=CARTESIAN_POINT('',(-5.2,-14.3827872074573,-7.7265557967329));
#6379=CARTESIAN_POINT('',(2.18184737258426E-15,-11.7812919747339,-6.22458182382456));
#6380=CARTESIAN_POINT('',(-1.73327711090626,-12.648541332015,-6.72528847370529));
#6381=CARTESIAN_POINT('',(-3.46662079473875,-13.5156909018637,-7.22593751128514));
#6382=CARTESIAN_POINT('',(-5.2,-14.3827872074573,-7.7265557967329));
#6383=CARTESIAN_POINT('',(6.7331941413751E-15,0.,0.));
#6384=CARTESIAN_POINT('',(1.67523646940377E-15,-6.2245818238246,-11.7812919747339));
#6385=CARTESIAN_POINT('',(-1.73327711090626,-6.72528847370534,-12.6485413320149));
#6386=CARTESIAN_POINT('',(-3.46662079473875,-7.22593751128519,-13.5156909018637));
#6387=CARTESIAN_POINT('',(-5.2,-7.72655579673295,-14.3827872074572));
#6388=CARTESIAN_POINT('',(-5.2,-7.72655579673295,-14.3827872074572));
#6389=CARTESIAN_POINT('',(-5.19999999999999,0.,0.));
#6390=CARTESIAN_POINT('',(-5.19999999999976,-0.500000000000038,-16.3191369972501));
#6391=CARTESIAN_POINT('',(2.18184737258426E-15,-0.500000000000031,-13.3151890514336));
#6392=CARTESIAN_POINT('',(-1.73327711090618,-0.500000000000034,-14.316602351195));
#6393=CARTESIAN_POINT('',(-3.46662079473859,-0.500000000000036,-15.3179004263547));
#6394=CARTESIAN_POINT('',(-5.19999999999976,-0.500000000000038,-16.3191369972501));
#6395=CARTESIAN_POINT('',(6.7331941413751E-15,0.,0.));
#6396=CARTESIAN_POINT('',(1.67523646940377E-15,7.09060722760899,-11.2812919747339));
#6397=CARTESIAN_POINT('',(-1.73327711090626,7.59131387748972,-12.148541332015));
#6398=CARTESIAN_POINT('',(-3.46662079473875,8.09196291506957,-13.0156909018637));
#6399=CARTESIAN_POINT('',(-5.2,8.59258120051732,-13.8827872074573));
#6400=CARTESIAN_POINT('',(-5.2,8.59258120051732,-13.8827872074573));
#6401=CARTESIAN_POINT('',(-5.19999999999999,0.,0.));
#6402=CARTESIAN_POINT('',(-5.2,13.8827872074572,-8.5925812005174));
#6403=CARTESIAN_POINT('',(2.18184737258426E-15,11.2812919747339,-7.09060722760905));
#6404=CARTESIAN_POINT('',(-1.73327711090626,12.1485413320149,-7.59131387748979));
#6405=CARTESIAN_POINT('',(-3.46662079473875,13.0156909018637,-8.09196291506964));
#6406=CARTESIAN_POINT('',(-5.2,13.8827872074572,-8.5925812005174));
#6407=CARTESIAN_POINT('',(6.7331941413751E-15,0.,0.));
#6408=CARTESIAN_POINT('',(1.67523646940377E-15,13.3151890514336,0.499999999999947));
#6409=CARTESIAN_POINT('',(-1.29069380488293,14.0608966673691,0.499999999999944));
#6410=CARTESIAN_POINT('',(-2.58142502933159,14.8065395176404,0.499999999999942));
#6411=CARTESIAN_POINT('',(-3.87217955525555,15.5521420258404,0.49999999999994));
#6412=CARTESIAN_POINT('',(-4.31478368311169,15.8078116680855,0.499999999999939));
#6413=CARTESIAN_POINT('',(-4.75739062433266,16.0634764400022,0.499999999999938));
#6414=CARTESIAN_POINT('',(-5.2,16.3191369972503,0.499999999999937));
#6415=CARTESIAN_POINT('',(-5.2,16.3191369972503,0.499999999999937));
#6416=CARTESIAN_POINT('',(-5.19999999999999,0.,0.));
#6417=CARTESIAN_POINT('',(-5.19999999999999,14.3827872074573,7.72655579673286));
#6418=CARTESIAN_POINT('',(2.18184737258426E-15,11.7812919747339,6.22458182382453));
#6419=CARTESIAN_POINT('',(-1.73327711090626,12.648541332015,6.72528847370526));
#6420=CARTESIAN_POINT('',(-3.46662079473875,13.5156909018637,7.22593751128511));
#6421=CARTESIAN_POINT('',(-5.19999999999999,14.3827872074573,7.72655579673286));
#6422=CARTESIAN_POINT('',(6.7331941413751E-15,0.,0.));
#6423=CARTESIAN_POINT('',(-5.19999999999999,-8.59258120051735,13.8827872074572));
#6424=CARTESIAN_POINT('',(-5.21931104705846,-8.59815843557317,13.8924472619397));
#6425=CARTESIAN_POINT('',(-5.24080523988265,-8.6021513597422,13.8993632094712));
#6426=CARTESIAN_POINT('',(-5.26271502067094,-8.60423103806918,13.9029653179969));
#6427=CARTESIAN_POINT('',(-5.28469953445435,-8.60631781005865,13.9065797131065));
#6428=CARTESIAN_POINT('',(-5.30770795130539,-8.60653532392974,13.9069564581826));
#6429=CARTESIAN_POINT('',(-5.32983450750477,-8.60486553154796,13.9040642929393));
#6430=CARTESIAN_POINT('',(-5.35195847130972,-8.60319593480262,13.9011724665482));
#6431=CARTESIAN_POINT('',(-5.37381085999225,-8.59959347781157,13.8949328280076));
#6432=CARTESIAN_POINT('',(-5.39358286121583,-8.59435687692871,13.8858627692195));
#6433=CARTESIAN_POINT('',(-5.41335733920007,-8.58911962007749,13.8767915742609));
#6434=CARTESIAN_POINT('',(-5.43159608809774,-8.58210350215679,13.8646393015504));
#6435=CARTESIAN_POINT('',(-5.44679089015762,-8.57388974225019,13.850412652071));
#6436=CARTESIAN_POINT('',(-5.46199134481676,-8.56567292675308,13.8361807101535));
#6437=CARTESIAN_POINT('',(-5.4745646617469,-8.55603113912981,13.8194806441143));
#6438=CARTESIAN_POINT('',(-5.48347192828607,-8.54576251395042,13.8016948635797));
#6439=CARTESIAN_POINT('',(-5.4923833026286,-8.5354891531439,13.7839008806983));
#6440=CARTESIAN_POINT('',(-5.49787097147319,-8.52430517083814,13.7645296551138));
#6441=CARTESIAN_POINT('',(-5.49948162771532,-8.51313617191046,13.7451843815013));
#6442=CARTESIAN_POINT('',(-5.499826986029,-8.51074130543664,13.7410363510913));
#6443=CARTESIAN_POINT('',(-5.49999999999999,-8.50833866877276,13.7368748623174));
#6444=CARTESIAN_POINT('',(-5.49999999999999,-8.50593758495111,13.732716063145));
#6445=CARTESIAN_POINT('',(-5.49999999999999,-8.50593758495111,13.732716063145));
#6446=CARTESIAN_POINT('',(-5.49999999999999,0.,0.));
#6447=CARTESIAN_POINT('',(-5.49999999999999,-13.732716063145,8.50593758495112));
#6448=CARTESIAN_POINT('',(-5.2,-13.8827872074572,8.59258120051737));
#6449=CARTESIAN_POINT('',(-5.21931104706129,-13.8924472619411,8.598158435574));
#6450=CARTESIAN_POINT('',(-5.24080523988899,-13.8993632094732,8.60215135974338));
#6451=CARTESIAN_POINT('',(-5.26271502068069,-13.9029653179985,8.60423103807012));
#6452=CARTESIAN_POINT('',(-5.28469953446431,-13.9065797131072,8.60631781005904));
#6453=CARTESIAN_POINT('',(-5.30770795131537,-13.9069564581822,8.60653532392956));
#6454=CARTESIAN_POINT('',(-5.32983450751458,-13.904064292938,8.60486553154724));
#6455=CARTESIAN_POINT('',(-5.35195847131936,-13.9011724665459,8.60319593480134));
#6456=CARTESIAN_POINT('',(-5.37381086000154,-13.8949328280044,8.59959347780975));
#6457=CARTESIAN_POINT('',(-5.3935828612246,-13.8858627692155,8.5943568769264));
#6458=CARTESIAN_POINT('',(-5.41335733920832,-13.876791574256,8.58911962007469));
#6459=CARTESIAN_POINT('',(-5.4315960881053,-13.8646393015447,8.58210350215353));
#6460=CARTESIAN_POINT('',(-5.44679089016436,-13.8504126520646,8.57388974224656));
#6461=CARTESIAN_POINT('',(-5.46199134482268,-13.8361807101466,8.56567292674907));
#6462=CARTESIAN_POINT('',(-5.47456466175187,-13.8194806441067,8.55603113912549));
#6463=CARTESIAN_POINT('',(-5.48347192829002,-13.8016948635718,8.54576251394588));
#6464=CARTESIAN_POINT('',(-5.49238330263153,-13.78390088069,8.53548915313913));
#6465=CARTESIAN_POINT('',(-5.49787097147501,-13.7645296551052,8.52430517083324));
#6466=CARTESIAN_POINT('',(-5.49948162771604,-13.7451843814927,8.51313617190552));
#6467=CARTESIAN_POINT('',(-5.49982698602924,-13.7410363510856,8.51074130543334));
#6468=CARTESIAN_POINT('',(-5.49999999999999,-13.7368748623145,8.50833866877112));
#6469=CARTESIAN_POINT('',(-5.49999999999999,-13.732716063145,8.50593758495112));
#6470=CARTESIAN_POINT('',(-5.29999999999999,0.,0.));
#6471=CARTESIAN_POINT('',(-5.49999999999999,13.732716063145,8.50593758495109));
#6472=CARTESIAN_POINT('',(-5.49999999999999,13.7480051447502,8.51476474033148));
#6473=CARTESIAN_POINT('',(-5.49762366797719,13.7634262447912,8.52366811659134));
#6474=CARTESIAN_POINT('',(-5.49299389927825,13.7781802255311,8.53218633134317));
#6475=CARTESIAN_POINT('',(-5.48711810161085,13.7969050066711,8.54299708877488));
#6476=CARTESIAN_POINT('',(-5.47742789588256,13.8150096105623,8.55344978670502));
#6477=CARTESIAN_POINT('',(-5.46472490937426,13.8309935643204,8.56267812670996));
#6478=CARTESIAN_POINT('',(-5.45202494102184,13.8469737203838,8.57190427411487));
#6479=CARTESIAN_POINT('',(-5.43596300300625,13.8612751834878,8.58016122768774));
#6480=CARTESIAN_POINT('',(-5.41786912677345,13.8727115735249,8.58676403055421));
#6481=CARTESIAN_POINT('',(-5.39978307855389,13.8841430157989,8.59336397682834));
#6482=CARTESIAN_POINT('',(-5.37916764811108,13.893027272569,8.59849330486611));
#6483=CARTESIAN_POINT('',(-5.35773090680582,13.898626943923,8.60172627662972));
#6484=CARTESIAN_POINT('',(-5.33630358066473,13.9042241558629,8.60495782844992));
#6485=CARTESIAN_POINT('',(-5.31346446656231,13.9066940801105,8.60638383987914));
#6486=CARTESIAN_POINT('',(-5.2911057888764,13.9058317230088,8.60588595777436));
#6487=CARTESIAN_POINT('',(-5.26875288692218,13.9049695886727,8.60538820428332));
#6488=CARTESIAN_POINT('',(-5.24626369370381,13.9007531813686,8.60295386039132));
#6489=CARTESIAN_POINT('',(-5.22550025737488,13.8935322237586,8.59878483857137));
#6490=CARTESIAN_POINT('',(-5.21672829414591,13.8904815738744,8.59702354503951));
#6491=CARTESIAN_POINT('',(-5.20818542880279,13.8868818424068,8.59494523910766));
#6492=CARTESIAN_POINT('',(-5.2,13.8827872074573,8.59258120051734));
#6493=CARTESIAN_POINT('',(-5.49999999999999,13.732716063145,8.50593758495109));
#6494=CARTESIAN_POINT('',(-5.49999999999999,0.,0.));
#6495=CARTESIAN_POINT('',(-5.49999999999999,8.5059375849511,13.732716063145));
#6496=CARTESIAN_POINT('',(-5.2,8.59258120051735,13.8827872074572));
#6497=CARTESIAN_POINT('',(-5.21931104705896,8.59815843557332,13.8924472619399));
#6498=CARTESIAN_POINT('',(-5.24080523988377,8.6021513597424,13.8993632094716));
#6499=CARTESIAN_POINT('',(-5.26271502067267,8.60423103806934,13.9029653179972));
#6500=CARTESIAN_POINT('',(-5.28469953445612,8.60631781005871,13.9065797131066));
#6501=CARTESIAN_POINT('',(-5.30770795130716,8.6065353239297,13.9069564581825));
#6502=CARTESIAN_POINT('',(-5.32983450750651,8.60486553154783,13.904064292939));
#6503=CARTESIAN_POINT('',(-5.35195847131143,8.60319593480238,13.9011724665478));
#6504=CARTESIAN_POINT('',(-5.3738108599939,8.59959347781124,13.894932828007));
#6505=CARTESIAN_POINT('',(-5.39358286121739,8.59435687692829,13.8858627692188));
#6506=CARTESIAN_POINT('',(-5.41335733920153,8.58911962007699,13.8767915742601));
#6507=CARTESIAN_POINT('',(-5.43159608809909,8.5821035021562,13.8646393015494));
#6508=CARTESIAN_POINT('',(-5.44679089015882,8.57388974224954,13.8504126520698));
#6509=CARTESIAN_POINT('',(-5.46199134481781,8.56567292675236,13.8361807101523));
#6510=CARTESIAN_POINT('',(-5.47456466174778,8.55603113912904,13.8194806441129));
#6511=CARTESIAN_POINT('',(-5.48347192828677,8.54576251394961,13.8016948635783));
#6512=CARTESIAN_POINT('',(-5.49238330262912,8.53548915314305,13.7839008806968));
#6513=CARTESIAN_POINT('',(-5.49787097147351,8.52430517083726,13.7645296551123));
#6514=CARTESIAN_POINT('',(-5.49948162771545,8.51313617190957,13.7451843814998));
#6515=CARTESIAN_POINT('',(-5.49982698602904,8.51074130543605,13.7410363510903));
#6516=CARTESIAN_POINT('',(-5.49999999999999,8.50833866877246,13.7368748623169));
#6517=CARTESIAN_POINT('',(-5.49999999999999,8.5059375849511,13.732716063145));
#6518=CARTESIAN_POINT('',(-5.29999999999999,0.,0.));
#6519=CARTESIAN_POINT('',(-5.2,-16.3191369972503,-0.499999999999982));
#6520=CARTESIAN_POINT('',(-5.20154497559708,-16.3200294079035,-0.499999999999982));
#6521=CARTESIAN_POINT('',(-5.2031020348605,-16.3209012182746,-0.499999999999982));
#6522=CARTESIAN_POINT('',(-5.20467034161112,-16.3217519593078,-0.499999999999982));
#6523=CARTESIAN_POINT('',(-5.2243481268992,-16.3324263375065,-0.499999999999982));
#6524=CARTESIAN_POINT('',(-5.24614102851275,-16.3398497343583,-0.499999999999982));
#6525=CARTESIAN_POINT('',(-5.26824330843357,-16.3434059691755,-0.499999999999982));
#6526=CARTESIAN_POINT('',(-5.29033702997551,-16.3469608269581,-0.499999999999982));
#6527=CARTESIAN_POINT('',(-5.31334937192852,-16.3467496003057,-0.499999999999982));
#6528=CARTESIAN_POINT('',(-5.33537412300553,-16.3427898167986,-0.499999999999982));
#6529=CARTESIAN_POINT('',(-5.35739556038974,-16.3388306290533,-0.499999999999982));
#6530=CARTESIAN_POINT('',(-5.37903695759692,-16.331014941863,-0.499999999999982));
#6531=CARTESIAN_POINT('',(-5.3985071087923,-16.3199907827342,-0.499999999999982));
#6532=CARTESIAN_POINT('',(-5.41068054827031,-16.3130980815629,-0.499999999999982));
#6533=CARTESIAN_POINT('',(-5.4221891536367,-16.3048762597155,-0.499999999999982));
#6534=CARTESIAN_POINT('',(-5.43265620321988,-16.2955949434734,-0.499999999999982));
#6535=CARTESIAN_POINT('',(-5.44941314254338,-16.2807362718033,-0.499999999999982));
#6536=CARTESIAN_POINT('',(-5.46383485646714,-16.2627786342164,-0.499999999999982));
#6537=CARTESIAN_POINT('',(-5.47472811848212,-16.2432104973106,-0.499999999999982));
#6538=CARTESIAN_POINT('',(-5.48562124279577,-16.2236426077649,-0.499999999999982));
#6539=CARTESIAN_POINT('',(-5.4932865834919,-16.2019246995782,-0.499999999999982));
#6540=CARTESIAN_POINT('',(-5.49709078780659,-16.1798545729787,-0.499999999999982));
#6541=CARTESIAN_POINT('',(-5.49902321864764,-16.1686435575394,-0.499999999999982));
#6542=CARTESIAN_POINT('',(-5.49999999999999,-16.1572261080666,-0.499999999999982));
#6543=CARTESIAN_POINT('',(-5.49999999999999,-16.1458497661178,-0.499999999999982));
#6544=CARTESIAN_POINT('',(-5.49999999999999,-16.1458497661178,-0.499999999999982));
#6545=CARTESIAN_POINT('',(-5.49999999999999,0.,0.));
#6546=CARTESIAN_POINT('',(-5.49999999999999,-14.232716063145,-7.63991218116665));
#6547=CARTESIAN_POINT('',(-5.2,-14.3827872074573,-7.7265557967329));
#6548=CARTESIAN_POINT('',(-5.21931104705836,-14.3924472619396,-7.73213303178868));
#6549=CARTESIAN_POINT('',(-5.24080523988241,-14.3993632094711,-7.7361259559577));
#6550=CARTESIAN_POINT('',(-5.26271502067057,-14.4029653179969,-7.73820563428468));
#6551=CARTESIAN_POINT('',(-5.28469953445397,-14.4065797131065,-7.74029240627418));
#6552=CARTESIAN_POINT('',(-5.30770795130501,-14.4069564581826,-7.74050992014529));
#6553=CARTESIAN_POINT('',(-5.32983450750439,-14.4040642929393,-7.73884012776353));
#6554=CARTESIAN_POINT('',(-5.35195847130935,-14.4011724665483,-7.73717053101821));
#6555=CARTESIAN_POINT('',(-5.3738108599919,-14.3949328280077,-7.73356807402718));
#6556=CARTESIAN_POINT('',(-5.3935828612155,-14.3858627692197,-7.72833147314434));
#6557=CARTESIAN_POINT('',(-5.41335733919976,-14.3767915742611,-7.72309421629314));
#6558=CARTESIAN_POINT('',(-5.43159608809746,-14.3646393015506,-7.71607809837245));
#6559=CARTESIAN_POINT('',(-5.44679089015737,-14.3504126520712,-7.70786433846587));
#6560=CARTESIAN_POINT('',(-5.46199134481653,-14.3361807101538,-7.69964752296877));
#6561=CARTESIAN_POINT('',(-5.47456466174671,-14.3194806441145,-7.69000573534552));
#6562=CARTESIAN_POINT('',(-5.48347192828592,-14.30169486358,-7.67973711016614));
#6563=CARTESIAN_POINT('',(-5.49238330262849,-14.2839008806986,-7.66946374935962));
#6564=CARTESIAN_POINT('',(-5.49787097147312,-14.2645296551141,-7.65827976705387));
#6565=CARTESIAN_POINT('',(-5.4994816277153,-14.2451843815017,-7.64711076812619));
#6566=CARTESIAN_POINT('',(-5.49982698602899,-14.2410363510916,-7.6447159016523));
#6567=CARTESIAN_POINT('',(-5.49999999999999,-14.2368748623175,-7.64231326498837));
#6568=CARTESIAN_POINT('',(-5.49999999999999,-14.232716063145,-7.63991218116665));
#6569=CARTESIAN_POINT('',(-5.29999999999999,0.,0.));
#6570=CARTESIAN_POINT('',(-5.2,-7.72655579673295,-14.3827872074572));
#6571=CARTESIAN_POINT('',(-5.21931104705869,-7.73213303178883,-14.3924472619398));
#6572=CARTESIAN_POINT('',(-5.24080523988314,-7.73612595595788,-14.3993632094713));
#6573=CARTESIAN_POINT('',(-5.2627150206717,-7.73820563428484,-14.402965317997));
#6574=CARTESIAN_POINT('',(-5.28469953445513,-7.74029240627427,-14.4065797131065));
#6575=CARTESIAN_POINT('',(-5.30770795130617,-7.74050992014532,-14.4069564581825));
#6576=CARTESIAN_POINT('',(-5.32983450750553,-7.7388401277635,-14.4040642929391));
#6577=CARTESIAN_POINT('',(-5.35195847131047,-7.7371705310181,-14.401172466548));
#6578=CARTESIAN_POINT('',(-5.37381085999298,-7.73356807402702,-14.3949328280073));
#6579=CARTESIAN_POINT('',(-5.39358286121652,-7.72833147314412,-14.3858627692192));
#6580=CARTESIAN_POINT('',(-5.41335733920071,-7.72309421629286,-14.3767915742605));
#6581=CARTESIAN_POINT('',(-5.43159608809833,-7.71607809837212,-14.3646393015499));
#6582=CARTESIAN_POINT('',(-5.44679089015815,-7.7078643384655,-14.3504126520705));
#6583=CARTESIAN_POINT('',(-5.46199134481722,-7.69964752296835,-14.336180710153));
#6584=CARTESIAN_POINT('',(-5.47456466174729,-7.69000573534506,-14.3194806441137));
#6585=CARTESIAN_POINT('',(-5.48347192828637,-7.67973711016566,-14.301694863579));
#6586=CARTESIAN_POINT('',(-5.49238330262882,-7.66946374935912,-14.2839008806976));
#6587=CARTESIAN_POINT('',(-5.49787097147333,-7.65827976705335,-14.2645296551131));
#6588=CARTESIAN_POINT('',(-5.49948162771538,-7.64711076812566,-14.2451843815006));
#6589=CARTESIAN_POINT('',(-5.49982698602902,-7.64471590165197,-14.2410363510909));
#6590=CARTESIAN_POINT('',(-5.49999999999999,-7.64231326498823,-14.2368748623171));
#6591=CARTESIAN_POINT('',(-5.49999999999999,-7.6399121811667,-14.232716063145));
#6592=CARTESIAN_POINT('',(-5.49999999999999,-7.6399121811667,-14.232716063145));
#6593=CARTESIAN_POINT('',(-5.49999999999999,0.,0.));
#6594=CARTESIAN_POINT('',(-5.49999999999999,-0.500000000000038,-16.1458497661178));
#6595=CARTESIAN_POINT('',(-5.19999999999976,-0.500000000000038,-16.3191369972501));
#6596=CARTESIAN_POINT('',(-5.20032806619125,-0.500000000000038,-16.3193264952363));
#6597=CARTESIAN_POINT('',(-5.20065667222909,-0.500000000000038,-16.3195150616783));
#6598=CARTESIAN_POINT('',(-5.20098581015557,-0.500000000000038,-16.3197026920013));
#6599=CARTESIAN_POINT('',(-5.22043474073674,-0.500000000000038,-16.3307898649861));
#6600=CARTESIAN_POINT('',(-5.24206693476769,-0.500000000000038,-16.3386712713327));
#6601=CARTESIAN_POINT('',(-5.26408997501136,-0.500000000000038,-16.3426927143538));
#6602=CARTESIAN_POINT('',(-5.28610426528741,-0.500000000000038,-16.3467125596166));
#6603=CARTESIAN_POINT('',(-5.30911639791356,-0.500000000000038,-16.346986415511));
#6604=CARTESIAN_POINT('',(-5.33122011013426,-0.500000000000038,-16.3434915566641));
#6605=CARTESIAN_POINT('',(-5.35332010069607,-0.500000000000038,-16.3399972862556));
#6606=CARTESIAN_POINT('',(-5.37512140881411,-0.500000000000038,-16.3326393131649));
#6607=CARTESIAN_POINT('',(-5.39481948574887,-0.500000000000038,-16.3220277499627));
#6608=CARTESIAN_POINT('',(-5.40713522867336,-0.500000000000038,-16.3153931284787));
#6609=CARTESIAN_POINT('',(-5.4188142893432,-0.500000000000038,-16.3074156837143));
#6610=CARTESIAN_POINT('',(-5.42947434356012,-0.500000000000038,-16.2983570430817));
#6611=CARTESIAN_POINT('',(-5.44654008378605,-0.500000000000038,-16.2838550147909));
#6612=CARTESIAN_POINT('',(-5.46133644302512,-0.500000000000038,-16.2662055931248));
#6613=CARTESIAN_POINT('',(-5.47263914496826,-0.500000000000038,-16.2468717563925));
#6614=CARTESIAN_POINT('',(-5.48394170153333,-0.500000000000038,-16.2275381683366));
#6615=CARTESIAN_POINT('',(-5.49206255946385,-0.500000000000038,-16.2059871217903));
#6616=CARTESIAN_POINT('',(-5.49633071824503,-0.500000000000038,-16.1840026219634));
#6617=CARTESIAN_POINT('',(-5.49876569481952,-0.500000000000038,-16.1714605060711));
#6618=CARTESIAN_POINT('',(-5.49999999999999,-0.500000000000038,-16.1586260637808));
#6619=CARTESIAN_POINT('',(-5.49999999999999,-0.500000000000038,-16.1458497661178));
#6620=CARTESIAN_POINT('',(-5.29999999999999,0.,0.));
#6621=CARTESIAN_POINT('',(-5.2,8.59258120051732,-13.8827872074573));
#6622=CARTESIAN_POINT('',(-5.21931104705836,8.59815843557311,-13.8924472619396));
#6623=CARTESIAN_POINT('',(-5.2408052398824,8.60215135974212,-13.8993632094711));
#6624=CARTESIAN_POINT('',(-5.26271502067056,8.60423103806911,-13.9029653179969));
#6625=CARTESIAN_POINT('',(-5.28469953445397,8.6063178100586,-13.9065797131065));
#6626=CARTESIAN_POINT('',(-5.30770795130501,8.60653532392971,-13.9069564581826));
#6627=CARTESIAN_POINT('',(-5.32983450750439,8.60486553154796,-13.9040642929393));
#6628=CARTESIAN_POINT('',(-5.35195847130935,8.60319593480263,-13.9011724665483));
#6629=CARTESIAN_POINT('',(-5.3738108599919,8.59959347781161,-13.8949328280077));
#6630=CARTESIAN_POINT('',(-5.3935828612155,8.59435687692876,-13.8858627692197));
#6631=CARTESIAN_POINT('',(-5.41335733919976,8.58911962007756,-13.8767915742611));
#6632=CARTESIAN_POINT('',(-5.43159608809746,8.58210350215688,-13.8646393015506));
#6633=CARTESIAN_POINT('',(-5.44679089015737,8.5738897422503,-13.8504126520712));
#6634=CARTESIAN_POINT('',(-5.46199134481653,8.5656729267532,-13.8361807101538));
#6635=CARTESIAN_POINT('',(-5.47456466174671,8.55603113912994,-13.8194806441146));
#6636=CARTESIAN_POINT('',(-5.48347192828591,8.54576251395056,-13.80169486358));
#6637=CARTESIAN_POINT('',(-5.49238330262848,8.53548915314405,-13.7839008806986));
#6638=CARTESIAN_POINT('',(-5.49787097147312,8.52430517083829,-13.7645296551141));
#6639=CARTESIAN_POINT('',(-5.4994816277153,8.51313617191061,-13.7451843815017));
#6640=CARTESIAN_POINT('',(-5.49982698602899,8.51074130543673,-13.7410363510916));
#6641=CARTESIAN_POINT('',(-5.49999999999999,8.5083386687728,-13.7368748623175));
#6642=CARTESIAN_POINT('',(-5.49999999999999,8.50593758495107,-13.7327160631451));
#6643=CARTESIAN_POINT('',(-5.49999999999999,8.50593758495107,-13.7327160631451));
#6644=CARTESIAN_POINT('',(-5.49999999999999,0.,0.));
#6645=CARTESIAN_POINT('',(-5.49999999999999,13.732716063145,-8.50593758495115));
#6646=CARTESIAN_POINT('',(-5.2,13.8827872074572,-8.5925812005174));
#6647=CARTESIAN_POINT('',(-5.21931104705959,13.8924472619402,-8.59815843557354));
#6648=CARTESIAN_POINT('',(-5.24080523988518,13.899363209472,-8.60215135974271));
#6649=CARTESIAN_POINT('',(-5.26271502067483,13.9029653179975,-8.60423103806959));
#6650=CARTESIAN_POINT('',(-5.28469953445832,13.9065797131067,-8.60631781005885));
#6651=CARTESIAN_POINT('',(-5.30770795130937,13.9069564581824,-8.60653532392971));
#6652=CARTESIAN_POINT('',(-5.32983450750868,13.9040642929387,-8.60486553154771));
#6653=CARTESIAN_POINT('',(-5.35195847131356,13.9011724665472,-8.60319593480214));
#6654=CARTESIAN_POINT('',(-5.37381085999596,13.8949328280063,-8.59959347781089));
#6655=CARTESIAN_POINT('',(-5.39358286121933,13.8858627692179,-8.59435687692783));
#6656=CARTESIAN_POINT('',(-5.41335733920336,13.8767915742589,-8.58911962007641));
#6657=CARTESIAN_POINT('',(-5.43159608810076,13.8646393015481,-8.58210350215553));
#6658=CARTESIAN_POINT('',(-5.44679089016031,13.8504126520684,-8.57388974224878));
#6659=CARTESIAN_POINT('',(-5.46199134481912,13.8361807101507,-8.56567292675152));
#6660=CARTESIAN_POINT('',(-5.47456466174889,13.8194806441112,-8.55603113912813));
#6661=CARTESIAN_POINT('',(-5.48347192828764,13.8016948635765,-8.54576251394865));
#6662=CARTESIAN_POINT('',(-5.49238330262977,13.783900880695,-8.53548915314204));
#6663=CARTESIAN_POINT('',(-5.49787097147391,13.7645296551103,-8.52430517083623));
#6664=CARTESIAN_POINT('',(-5.49948162771561,13.7451843814979,-8.51313617190853));
#6665=CARTESIAN_POINT('',(-5.4998269860291,13.741036351089,-8.51074130543536));
#6666=CARTESIAN_POINT('',(-5.49999999999999,13.7368748623162,-8.50833866877215));
#6667=CARTESIAN_POINT('',(-5.49999999999999,13.732716063145,-8.50593758495115));
#6668=CARTESIAN_POINT('',(-5.29999999999999,0.,0.));
#6669=CARTESIAN_POINT('',(-5.2,16.3191369972503,0.499999999999937));
#6670=CARTESIAN_POINT('',(-5.21756021027117,16.3292801469216,0.499999999999937));
#6671=CARTESIAN_POINT('',(-5.23689897223657,16.3368052960659,0.499999999999937));
#6672=CARTESIAN_POINT('',(-5.25669665740533,16.3411980323408,0.499999999999937));
#6673=CARTESIAN_POINT('',(-5.27854441226739,16.3460456407602,0.499999999999937));
#6674=CARTESIAN_POINT('',(-5.30153069523858,16.3471873776058,0.499999999999937));
#6675=CARTESIAN_POINT('',(-5.32375127196652,16.3445284925427,0.499999999999937));
#6676=CARTESIAN_POINT('',(-5.34596741094891,16.3418701384944,0.499999999999937));
#6677=CARTESIAN_POINT('',(-5.36803080778022,16.3353394631411,0.499999999999937));
#6678=CARTESIAN_POINT('',(-5.38811502905143,16.3254780365983,0.499999999999937));
#6679=CARTESIAN_POINT('',(-5.40820122437524,16.3156156407884,0.499999999999937));
#6680=CARTESIAN_POINT('',(-5.42686163531378,16.3021500915468,0.499999999999937));
#6681=CARTESIAN_POINT('',(-5.44255304137983,16.2861969768237,0.499999999999937));
#6682=CARTESIAN_POINT('',(-5.45825001553015,16.2702382011493,0.499999999999937));
#6683=CARTESIAN_POINT('',(-5.47140863653942,16.25135031157,0.499999999999937));
#6684=CARTESIAN_POINT('',(-5.48094157089088,16.231096899977,0.499999999999937));
#6685=CARTESIAN_POINT('',(-5.49047890216598,16.2108341468002,0.499999999999937));
#6686=CARTESIAN_POINT('',(-5.49665018472663,16.1886460486907,0.499999999999937));
#6687=CARTESIAN_POINT('',(-5.49894563944765,16.1663689137363,0.499999999999938));
#6688=CARTESIAN_POINT('',(-5.49964762254275,16.159556245204,0.499999999999938));
#6689=CARTESIAN_POINT('',(-5.49999999999999,16.152698505622,0.499999999999937));
#6690=CARTESIAN_POINT('',(-5.49999999999999,16.1458497661178,0.499999999999937));
#6691=CARTESIAN_POINT('',(-5.49999999999999,16.1458497661178,0.499999999999937));
#6692=CARTESIAN_POINT('',(-5.49999999999999,0.,0.));
#6693=CARTESIAN_POINT('',(-5.49999999999999,14.2327160631451,7.63991218116661));
#6694=CARTESIAN_POINT('',(-5.19999999999999,14.3827872074573,7.72655579673286));
#6695=CARTESIAN_POINT('',(-5.21931104705835,14.3924472619397,7.73213303178864));
#6696=CARTESIAN_POINT('',(-5.2408052398824,14.3993632094712,7.73612595595766));
#6697=CARTESIAN_POINT('',(-5.26271502067057,14.4029653179969,7.73820563428464));
#6698=CARTESIAN_POINT('',(-5.28469953445397,14.4065797131065,7.74029240627414));
#6699=CARTESIAN_POINT('',(-5.30770795130501,14.4069564581826,7.74050992014525));
#6700=CARTESIAN_POINT('',(-5.32983450750439,14.4040642929393,7.73884012776349));
#6701=CARTESIAN_POINT('',(-5.35195847130935,14.4011724665483,7.73717053101816));
#6702=CARTESIAN_POINT('',(-5.3738108599919,14.3949328280077,7.73356807402714));
#6703=CARTESIAN_POINT('',(-5.3935828612155,14.3858627692197,7.7283314731443));
#6704=CARTESIAN_POINT('',(-5.41335733919976,14.3767915742611,7.7230942162931));
#6705=CARTESIAN_POINT('',(-5.43159608809746,14.3646393015506,7.71607809837241));
#6706=CARTESIAN_POINT('',(-5.44679089015737,14.3504126520712,7.70786433846583));
#6707=CARTESIAN_POINT('',(-5.46199134481653,14.3361807101538,7.69964752296873));
#6708=CARTESIAN_POINT('',(-5.47456466174671,14.3194806441146,7.69000573534548));
#6709=CARTESIAN_POINT('',(-5.48347192828591,14.30169486358,7.6797371101661));
#6710=CARTESIAN_POINT('',(-5.49238330262849,14.2839008806986,7.66946374935958));
#6711=CARTESIAN_POINT('',(-5.49787097147312,14.2645296551141,7.65827976705383));
#6712=CARTESIAN_POINT('',(-5.4994816277153,14.2451843815017,7.64711076812615));
#6713=CARTESIAN_POINT('',(-5.49982698602899,14.2410363510916,7.64471590165226));
#6714=CARTESIAN_POINT('',(-5.49999999999999,14.2368748623175,7.64231326498833));
#6715=CARTESIAN_POINT('',(-5.49999999999999,14.2327160631451,7.63991218116661));
#6716=CARTESIAN_POINT('',(-5.29999999999999,0.,0.));
#6717=CARTESIAN_POINT('',(-5.49999999999999,-7.42772228311384,11.8651923788647));
#6718=CARTESIAN_POINT('',(-5.49999999999999,-7.72873062407096,12.3865541189044));
#6719=CARTESIAN_POINT('',(-5.49999999999999,0.,0.));
#6720=CARTESIAN_POINT('',(-5.49999999999999,-12.3865541189044,7.72873062407097));
#6721=CARTESIAN_POINT('',(-5.49999999999999,-6.74470958122163,4.47141016151379));
#6722=CARTESIAN_POINT('',(-5.49999999999999,0.,16.1535898384862));
#6723=CARTESIAN_POINT('',(-5.49999999999999,6.74470958122161,4.47141016151375));
#6724=CARTESIAN_POINT('',(-5.49999999999999,12.3865541189044,7.72873062407094));
#6725=CARTESIAN_POINT('',(-5.49999999999999,0.,0.));
#6726=CARTESIAN_POINT('',(-5.49999999999999,7.72873062407096,12.3865541189044));
#6727=CARTESIAN_POINT('',(-5.49999999999999,7.42772228311383,11.8651923788647));
#6728=CARTESIAN_POINT('',(-5.49999999999999,0.,16.1535898384862));
#6729=CARTESIAN_POINT('',(-5.49999999999999,-1.94136588254185E-14,-0.5));
#6730=CARTESIAN_POINT('',(-5.49999999999999,-14.5914358443575,-0.499999999999983));
#6731=CARTESIAN_POINT('',(-5.49999999999999,0.,0.));
#6732=CARTESIAN_POINT('',(-5.49999999999999,-12.8865541189044,-6.8627052202865));
#6733=CARTESIAN_POINT('',(-5.49999999999999,6.74470958122161,4.47141016151375));
#6734=CARTESIAN_POINT('',(-5.49999999999999,0.,16.1535898384862));
#6735=CARTESIAN_POINT('',(-5.49999999999999,7.42772228311386,11.8651923788646));
#6736=CARTESIAN_POINT('',(-5.49999999999999,-6.86270522028655,-12.8865541189044));
#6737=CARTESIAN_POINT('',(-5.49999999999999,0.,0.));
#6738=CARTESIAN_POINT('',(-5.49999999999999,-0.500000000000034,-14.5914358443575));
#6739=CARTESIAN_POINT('',(-5.49999999999999,-0.499999999999962,16.1535898384862));
#6740=CARTESIAN_POINT('',(-5.49999999999999,0.,16.1535898384862));
#6741=CARTESIAN_POINT('',(-5.49999999999999,-6.56169687932938,12.3651923788647));
#6742=CARTESIAN_POINT('',(-5.49999999999999,7.72873062407093,-12.3865541189044));
#6743=CARTESIAN_POINT('',(-5.49999999999999,0.,0.));
#6744=CARTESIAN_POINT('',(-5.49999999999999,12.3865541189044,-7.728730624071));
#6745=CARTESIAN_POINT('',(-5.49999999999999,-7.24470958122165,3.60538475772938));
#6746=CARTESIAN_POINT('',(-5.49999999999999,0.,16.1535898384862));
#6747=CARTESIAN_POINT('',(-5.49999999999999,-6.16953642913766E-14,0.5));
#6748=CARTESIAN_POINT('',(-5.49999999999999,14.5914358443575,0.499999999999942));
#6749=CARTESIAN_POINT('',(-5.49999999999999,0.,0.));
#6750=CARTESIAN_POINT('',(-5.49999999999999,12.8865541189045,6.86270522028647));
#6751=CARTESIAN_POINT('',(-5.49999999999999,7.24470958122158,3.60538475772927));
#6752=CARTESIAN_POINT('',(-5.49999999999999,0.,16.1535898384862));
#6753=CARTESIAN_POINT('',(1.17756934401283E-16,-7.72873062407096,12.3865541189044));
#6754=CARTESIAN_POINT('',(-9.1,-7.72873062407096,12.3865541189044));
#6755=CARTESIAN_POINT('',(-9.1,0.,0.));
#6756=CARTESIAN_POINT('',(-9.1,-12.3865541189044,7.72873062407097));
#6757=CARTESIAN_POINT('',(0.,-12.3865541189044,7.72873062407097));
#6758=CARTESIAN_POINT('',(0.,0.,0.));
#6759=CARTESIAN_POINT('',(0.,12.3865541189044,7.72873062407094));
#6760=CARTESIAN_POINT('',(-9.1,12.3865541189044,7.72873062407095));
#6761=CARTESIAN_POINT('',(-9.1,0.,0.));
#6762=CARTESIAN_POINT('',(-9.1,7.72873062407096,12.3865541189044));
#6763=CARTESIAN_POINT('',(-1.17756934401283E-16,7.72873062407096,12.3865541189044));
#6764=CARTESIAN_POINT('',(0.,0.,0.));
#6765=CARTESIAN_POINT('',(1.17756934401283E-16,-14.5914358443575,-0.499999999999983));
#6766=CARTESIAN_POINT('',(-9.1,-14.5914358443575,-0.499999999999985));
#6767=CARTESIAN_POINT('',(-9.1,0.,0.));
#6768=CARTESIAN_POINT('',(-9.1,-12.8865541189044,-6.86270522028651));
#6769=CARTESIAN_POINT('',(0.,-12.8865541189044,-6.8627052202865));
#6770=CARTESIAN_POINT('',(0.,0.,0.));
#6771=CARTESIAN_POINT('',(1.17756934401283E-16,-6.86270522028655,-12.8865541189044));
#6772=CARTESIAN_POINT('',(-9.1,-6.86270522028655,-12.8865541189044));
#6773=CARTESIAN_POINT('',(-9.1,0.,0.));
#6774=CARTESIAN_POINT('',(-9.1,-0.500000000000034,-14.5914358443575));
#6775=CARTESIAN_POINT('',(0.,-0.500000000000034,-14.5914358443575));
#6776=CARTESIAN_POINT('',(0.,0.,0.));
#6777=CARTESIAN_POINT('',(1.17756934401283E-16,7.72873062407093,-12.3865541189044));
#6778=CARTESIAN_POINT('',(-9.1,7.72873062407094,-12.3865541189044));
#6779=CARTESIAN_POINT('',(-9.1,0.,0.));
#6780=CARTESIAN_POINT('',(-9.1,12.3865541189044,-7.728730624071));
#6781=CARTESIAN_POINT('',(0.,12.3865541189044,-7.728730624071));
#6782=CARTESIAN_POINT('',(0.,0.,0.));
#6783=CARTESIAN_POINT('',(1.17756934401283E-16,14.5914358443575,0.499999999999942));
#6784=CARTESIAN_POINT('',(-9.1,14.5914358443575,0.499999999999945));
#6785=CARTESIAN_POINT('',(-9.1,0.,0.));
#6786=CARTESIAN_POINT('',(-9.1,12.8865541189045,6.86270522028647));
#6787=CARTESIAN_POINT('',(0.,12.8865541189045,6.86270522028647));
#6788=CARTESIAN_POINT('',(0.,0.,0.));
#6789=CARTESIAN_POINT('',(-9.1,-6.75499814951863,10.7));
#6790=CARTESIAN_POINT('',(-9.1,-8.56429627306168,13.8337962760156));
#6791=CARTESIAN_POINT('',(-9.1,0.,0.));
#6792=CARTESIAN_POINT('',(-9.1,-13.8337962760156,8.56429627306169));
#6793=CARTESIAN_POINT('',(-9.1,-6.07198544762642,4.08301270189223));
#6794=CARTESIAN_POINT('',(-9.1,0.,14.6));
#6795=CARTESIAN_POINT('',(-9.1,6.0719854476264,4.0830127018922));
#6796=CARTESIAN_POINT('',(-9.1,13.8337962760156,8.56429627306166));
#6797=CARTESIAN_POINT('',(-9.1,0.,0.));
#6798=CARTESIAN_POINT('',(-9.1,8.56429627306167,13.8337962760156));
#6799=CARTESIAN_POINT('',(-9.1,6.75499814951862,10.7));
#6800=CARTESIAN_POINT('',(-9.1,0.,14.6));
#6801=CARTESIAN_POINT('',(-9.1,-1.76025860554319E-14,-0.500000000000002));
#6802=CARTESIAN_POINT('',(-9.09999999997859,-16.262567142342,-0.499999999999983));
#6803=CARTESIAN_POINT('',(-9.1,0.,0.));
#6804=CARTESIAN_POINT('',(-9.1,-14.3337962760156,-7.69827086927722));
#6805=CARTESIAN_POINT('',(-9.1,6.0719854476264,4.0830127018922));
#6806=CARTESIAN_POINT('',(-9.1,0.,14.6));
#6807=CARTESIAN_POINT('',(-9.1,6.75499814951865,10.7));
#6808=CARTESIAN_POINT('',(-9.1,-7.69827086927727,-14.3337962760156));
#6809=CARTESIAN_POINT('',(-9.1,0.,0.));
#6810=CARTESIAN_POINT('',(-9.09999999996245,-0.500000000000038,-16.2625671423447));
#6811=CARTESIAN_POINT('',(-9.1,-0.499999999999966,14.6));
#6812=CARTESIAN_POINT('',(-9.1,0.,14.6));
#6813=CARTESIAN_POINT('',(-9.1,-5.88897274573417,11.2000000000001));
#6814=CARTESIAN_POINT('',(-9.1,8.56429627306164,-13.8337962760156));
#6815=CARTESIAN_POINT('',(-9.1,0.,0.));
#6816=CARTESIAN_POINT('',(-9.1,13.8337962760156,-8.56429627306172));
#6817=CARTESIAN_POINT('',(-9.1,-6.57198544762643,3.21698729810783));
#6818=CARTESIAN_POINT('',(-9.1,0.,14.6));
#6819=CARTESIAN_POINT('',(-9.1,-5.55722134976123E-14,0.500000000000002));
#6820=CARTESIAN_POINT('',(-9.09999999999829,16.2625671423387,0.499999999999938));
#6821=CARTESIAN_POINT('',(-9.1,0.,0.));
#6822=CARTESIAN_POINT('',(-9.1,14.3337962760156,7.69827086927718));
#6823=CARTESIAN_POINT('',(-9.1,6.57198544762638,3.21698729810773));
#6824=CARTESIAN_POINT('',(-9.1,0.,14.6));
#6825=CARTESIAN_POINT('',(-9.1,-8.56429627306168,13.8337962760156));
#6826=CARTESIAN_POINT('',(-9.1,-8.57467198331982,13.8517675333473));
#6827=CARTESIAN_POINT('',(-9.10330503982447,-8.58517084704921,13.8699520987484));
#6828=CARTESIAN_POINT('',(-9.10968008736143,-8.59504480550497,13.8870542964656));
#6829=CARTESIAN_POINT('',(-9.11656314212704,-8.60570558825373,13.9055193138349));
#6830=CARTESIAN_POINT('',(-9.12722281512524,-8.61591927958573,13.9232099461547));
#6831=CARTESIAN_POINT('',(-9.1407771386605,-8.62483928395334,13.9386598469232));
#6832=CARTESIAN_POINT('',(-9.15432780541155,-8.63375688181714,13.9541055795047));
#6833=CARTESIAN_POINT('',(-9.17114565410738,-8.64162755778205,13.9677379901659));
#6834=CARTESIAN_POINT('',(-9.18983790543512,-8.64779834615026,13.9784261091424));
#6835=CARTESIAN_POINT('',(-9.20852194380592,-8.65396642321216,13.9891095319986));
#6836=CARTESIAN_POINT('',(-9.22959441633043,-8.65860628691602,13.9971460116739));
#6837=CARTESIAN_POINT('',(-9.25130934037814,-8.66133282602309,14.0018685159361));
#6838=CARTESIAN_POINT('',(-9.27301518271724,-8.66405822482528,14.0065890451324));
#6839=CARTESIAN_POINT('',(-9.29596178417623,-8.66494708680769,14.0081285992469));
#6840=CARTESIAN_POINT('',(-9.3182481348281,-8.66392564655054,14.0063594128246));
#6841=CARTESIAN_POINT('',(-9.32145165142112,-8.66377882121948,14.0061051038914));
#6842=CARTESIAN_POINT('',(-9.32464900856844,-8.66359326741647,14.005783715277));
#6843=CARTESIAN_POINT('',(-9.32783462019201,-8.66336930991104,14.0053958094989));
#6844=CARTESIAN_POINT('',(-9.1,-13.8337962760156,8.56429627306169));
#6845=CARTESIAN_POINT('',(-9.1,-13.8517675333473,8.57467198331983));
#6846=CARTESIAN_POINT('',(-9.10330503982447,-13.8699520987483,8.58517084704921));
#6847=CARTESIAN_POINT('',(-9.10968008736142,-13.8870542964656,8.59504480550498));
#6848=CARTESIAN_POINT('',(-9.11656314212703,-13.9055193138349,8.60570558825373));
#6849=CARTESIAN_POINT('',(-9.12722281512523,-13.9232099461547,8.61591927958574));
#6850=CARTESIAN_POINT('',(-9.14077713866049,-13.9386598469231,8.62483928395335));
#6851=CARTESIAN_POINT('',(-9.15432780541154,-13.9541055795047,8.63375688181715));
#6852=CARTESIAN_POINT('',(-9.17114565410737,-13.9677379901659,8.64162755778206));
#6853=CARTESIAN_POINT('',(-9.18983790543511,-13.9784261091424,8.64779834615027));
#6854=CARTESIAN_POINT('',(-9.20852194380591,-13.9891095319986,8.65396642321217));
#6855=CARTESIAN_POINT('',(-9.22959441633042,-13.9971460116738,8.65860628691603));
#6856=CARTESIAN_POINT('',(-9.25130934037812,-14.0018685159361,8.6613328260231));
#6857=CARTESIAN_POINT('',(-9.27301518271722,-14.0065890451324,8.6640582248253));
#6858=CARTESIAN_POINT('',(-9.29596178417621,-14.0081285992469,8.66494708680771));
#6859=CARTESIAN_POINT('',(-9.31824813482808,-14.0063594128246,8.66392564655056));
#6860=CARTESIAN_POINT('',(-9.32145165142111,-14.0061051038913,8.6637788212195));
#6861=CARTESIAN_POINT('',(-9.32464900856844,-14.005783715277,8.66359326741648));
#6862=CARTESIAN_POINT('',(-9.32783462019201,-14.0053958094988,8.66336930991106));
#6863=CARTESIAN_POINT('',(-9.3,0.,0.));
#6864=CARTESIAN_POINT('',(-9.32783462019201,14.0053958094989,8.66336930991102));
#6865=CARTESIAN_POINT('',(-9.30574276971626,14.0080858914868,8.66492242947091));
#6866=CARTESIAN_POINT('',(-9.28281336701382,14.0075198504349,8.66459562551722));
#6867=CARTESIAN_POINT('',(-9.26093431463002,14.0037443724156,8.66241585226645));
#6868=CARTESIAN_POINT('',(-9.23899024890064,13.999957675608,8.66022960184523));
#6869=CARTESIAN_POINT('',(-9.21749865733341,13.9928376984864,8.65611888113746));
#6870=CARTESIAN_POINT('',(-9.19823838719359,13.9829747839136,8.65042452475388));
#6871=CARTESIAN_POINT('',(-9.17897564646132,13.9731106041851,8.64472943793226));
#6872=CARTESIAN_POINT('',(-9.16141372029822,13.9602309794233,8.63729338310896));
#6873=CARTESIAN_POINT('',(-9.14700470168457,13.9454027271982,8.62873228769522));
#6874=CARTESIAN_POINT('',(-9.13259006337161,13.9305686917675,8.62016785334612));
#6875=CARTESIAN_POINT('',(-9.12093337388138,13.9133756935288,8.61024147118484));
#6876=CARTESIAN_POINT('',(-9.11299776722073,13.8952468610891,8.5997747848957));
#6877=CARTESIAN_POINT('',(-9.10505857927602,13.8771098472335,8.58930337506386));
#6878=CARTESIAN_POINT('',(-9.10062490875611,13.8575361396738,8.57800248973521));
#6879=CARTESIAN_POINT('',(-9.10006300992001,13.838145742494,8.56680743870379));
#6880=CARTESIAN_POINT('',(-9.10002100659986,13.8366962626083,8.56597058110159));
#6881=CARTESIAN_POINT('',(-9.1,13.8352462122722,8.56513339414972));
#6882=CARTESIAN_POINT('',(-9.1,13.8337962760156,8.56429627306166));
#6883=CARTESIAN_POINT('',(-9.32783462019201,14.0053958094989,8.66336930991102));
#6884=CARTESIAN_POINT('',(-9.32783462019201,0.,0.));
#6885=CARTESIAN_POINT('',(-9.32783462019201,8.66336930991104,14.0053958094989));
#6886=CARTESIAN_POINT('',(-9.1,8.56429627306167,13.8337962760156));
#6887=CARTESIAN_POINT('',(-9.1,8.57467198331996,13.8517675333476));
#6888=CARTESIAN_POINT('',(-9.10330503982456,8.5851708470495,13.8699520987489));
#6889=CARTESIAN_POINT('',(-9.1096800873617,8.59504480550539,13.8870542964663));
#6890=CARTESIAN_POINT('',(-9.11656314212741,8.60570558825413,13.9055193138356));
#6891=CARTESIAN_POINT('',(-9.12722281512569,8.61591927958611,13.9232099461554));
#6892=CARTESIAN_POINT('',(-9.14077713866103,8.62483928395368,13.9386598469238));
#6893=CARTESIAN_POINT('',(-9.15432780541216,8.63375688181746,13.9541055795053));
#6894=CARTESIAN_POINT('',(-9.17114565410806,8.64162755778233,13.9677379901664));
#6895=CARTESIAN_POINT('',(-9.18983790543585,8.6477983461505,13.9784261091428));
#6896=CARTESIAN_POINT('',(-9.20852194380671,8.65396642321235,13.9891095319989));
#6897=CARTESIAN_POINT('',(-9.22959441633126,8.65860628691617,13.9971460116741));
#6898=CARTESIAN_POINT('',(-9.25130934037899,8.66133282602319,14.0018685159363));
#6899=CARTESIAN_POINT('',(-9.27301518271811,8.66405822482534,14.0065890451325));
#6900=CARTESIAN_POINT('',(-9.29596178417711,8.6649470868077,14.0081285992469));
#6901=CARTESIAN_POINT('',(-9.31824813482897,8.6639256465505,14.0063594128245));
#6902=CARTESIAN_POINT('',(-9.3214516514217,8.66377882121945,14.0061051038913));
#6903=CARTESIAN_POINT('',(-9.32464900856873,8.66359326741644,14.005783715277));
#6904=CARTESIAN_POINT('',(-9.32783462019201,8.66336930991104,14.0053958094989));
#6905=CARTESIAN_POINT('',(-9.3,0.,0.));
#6906=CARTESIAN_POINT('',(-9.09999999997859,-16.262567142342,-0.499999999999983));
#6907=CARTESIAN_POINT('',(-9.09999999997874,-16.2721108314562,-0.499999999999983));
#6908=CARTESIAN_POINT('',(-9.10068596118652,-16.2816788298865,-0.499999999999983));
#6909=CARTESIAN_POINT('',(-9.10204742293099,-16.2911249096991,-0.499999999999983));
#6910=CARTESIAN_POINT('',(-9.10524372104712,-16.3133014322731,-0.499999999999983));
#6911=CARTESIAN_POINT('',(-9.11231298576782,-16.3352321038131,-0.499999999999983));
#6912=CARTESIAN_POINT('',(-9.12267062227631,-16.3551000136448,-0.499999999999983));
#6913=CARTESIAN_POINT('',(-9.13302689120932,-16.3749653002075,-0.499999999999983));
#6914=CARTESIAN_POINT('',(-9.14695658833298,-16.3933165067028,-0.499999999999983));
#6915=CARTESIAN_POINT('',(-9.16330661440357,-16.4086318115945,-0.499999999999983));
#6916=CARTESIAN_POINT('',(-9.17965049839053,-16.4239413631079,-0.499999999999983));
#6917=CARTESIAN_POINT('',(-9.19886405102305,-16.4366397237871,-0.499999999999983));
#6918=CARTESIAN_POINT('',(-9.21935558855708,-16.4456730952957,-0.499999999999983));
#6919=CARTESIAN_POINT('',(-9.23217910118913,-16.4513261388245,-0.499999999999983));
#6920=CARTESIAN_POINT('',(-9.24567382447027,-16.4556470549789,-0.499999999999983));
#6921=CARTESIAN_POINT('',(-9.25939596659432,-16.4584934900985,-0.499999999999983));
#6922=CARTESIAN_POINT('',(-9.28130478508266,-16.4630381180298,-0.499999999999983));
#6923=CARTESIAN_POINT('',(-9.30430040221757,-16.4638628147277,-0.499999999999983));
#6924=CARTESIAN_POINT('',(-9.32647847146535,-16.4608991657893,-0.499999999999983));
#6925=CARTESIAN_POINT('',(-9.32693073059674,-16.4608387305333,-0.499999999999983));
#6926=CARTESIAN_POINT('',(-9.32738278547058,-16.4607767465549,-0.499999999999983));
#6927=CARTESIAN_POINT('',(-9.32783462019201,-16.4607132160377,-0.499999999999983));
#6928=CARTESIAN_POINT('',(-9.1,-14.3337962760156,-7.69827086927722));
#6929=CARTESIAN_POINT('',(-9.1,-14.3517675333473,-7.70864657953536));
#6930=CARTESIAN_POINT('',(-9.10330503982447,-14.3699520987484,-7.71914544326474));
#6931=CARTESIAN_POINT('',(-9.10968008736142,-14.3870542964656,-7.72901940172051));
#6932=CARTESIAN_POINT('',(-9.11656314212703,-14.4055193138349,-7.73968018446926));
#6933=CARTESIAN_POINT('',(-9.12722281512523,-14.4232099461547,-7.74989387580127));
#6934=CARTESIAN_POINT('',(-9.14077713866048,-14.4386598469232,-7.75881388016887));
#6935=CARTESIAN_POINT('',(-9.15432780541154,-14.4541055795047,-7.76773147803268));
#6936=CARTESIAN_POINT('',(-9.17114565410737,-14.4677379901659,-7.77560215399759));
#6937=CARTESIAN_POINT('',(-9.18983790543511,-14.4784261091424,-7.7817729423658));
#6938=CARTESIAN_POINT('',(-9.2085219438059,-14.4891095319986,-7.78794101942769));
#6939=CARTESIAN_POINT('',(-9.22959441633042,-14.4971460116739,-7.79258088313156));
#6940=CARTESIAN_POINT('',(-9.25130934037812,-14.5018685159361,-7.79530742223863));
#6941=CARTESIAN_POINT('',(-9.27301518271722,-14.5065890451324,-7.79803282104082));
#6942=CARTESIAN_POINT('',(-9.29596178417621,-14.5081285992469,-7.79892168302324));
#6943=CARTESIAN_POINT('',(-9.31824813482808,-14.5063594128246,-7.79790024276608));
#6944=CARTESIAN_POINT('',(-9.32145165142111,-14.5061051038914,-7.79775341743503));
#6945=CARTESIAN_POINT('',(-9.32464900856844,-14.505783715277,-7.79756786363201));
#6946=CARTESIAN_POINT('',(-9.32783462019201,-14.5053958094989,-7.79734390612658));
#6947=CARTESIAN_POINT('',(-9.3,0.,0.));
#6948=CARTESIAN_POINT('',(-9.1,-7.69827086927727,-14.3337962760156));
#6949=CARTESIAN_POINT('',(-9.1,-7.70864657953541,-14.3517675333473));
#6950=CARTESIAN_POINT('',(-9.10330503982447,-7.71914544326479,-14.3699520987483));
#6951=CARTESIAN_POINT('',(-9.10968008736142,-7.72901940172056,-14.3870542964656));
#6952=CARTESIAN_POINT('',(-9.11656314212703,-7.73968018446931,-14.4055193138348));
#6953=CARTESIAN_POINT('',(-9.12722281512523,-7.74989387580132,-14.4232099461547));
#6954=CARTESIAN_POINT('',(-9.14077713866048,-7.75881388016892,-14.4386598469231));
#6955=CARTESIAN_POINT('',(-9.15432780541154,-7.76773147803273,-14.4541055795047));
#6956=CARTESIAN_POINT('',(-9.17114565410737,-7.77560215399764,-14.4677379901658));
#6957=CARTESIAN_POINT('',(-9.18983790543511,-7.78177294236585,-14.4784261091423));
#6958=CARTESIAN_POINT('',(-9.2085219438059,-7.78794101942775,-14.4891095319985));
#6959=CARTESIAN_POINT('',(-9.22959441633042,-7.79258088313161,-14.4971460116738));
#6960=CARTESIAN_POINT('',(-9.25130934037812,-7.79530742223867,-14.5018685159361));
#6961=CARTESIAN_POINT('',(-9.27301518271722,-7.79803282104087,-14.5065890451324));
#6962=CARTESIAN_POINT('',(-9.29596178417621,-7.79892168302329,-14.5081285992469));
#6963=CARTESIAN_POINT('',(-9.31824813482807,-7.79790024276614,-14.5063594128246));
#6964=CARTESIAN_POINT('',(-9.32145165142111,-7.79775341743508,-14.5061051038913));
#6965=CARTESIAN_POINT('',(-9.32464900856844,-7.79756786363206,-14.505783715277));
#6966=CARTESIAN_POINT('',(-9.32783462019201,-7.79734390612663,-14.5053958094988));
#6967=CARTESIAN_POINT('',(-9.09999999996245,-0.500000000000038,-16.2625671423447));
#6968=CARTESIAN_POINT('',(-9.09999999996275,-0.500000000000038,-16.272668044929));
#6969=CARTESIAN_POINT('',(-9.1007688706829,-0.500000000000038,-16.2827977549809));
#6970=CARTESIAN_POINT('',(-9.10229348368064,-0.500000000000038,-16.2927829334081));
#6971=CARTESIAN_POINT('',(-9.10567536020764,-0.500000000000038,-16.3149319250481));
#6972=CARTESIAN_POINT('',(-9.11292803055196,-0.500000000000038,-16.3368026484673));
#6973=CARTESIAN_POINT('',(-9.12345171749764,-0.500000000000038,-16.3565831169295));
#6974=CARTESIAN_POINT('',(-9.13397393769032,-0.500000000000038,-16.3763608284623));
#6975=CARTESIAN_POINT('',(-9.14805676836213,-0.500000000000039,-16.3945945896853));
#6976=CARTESIAN_POINT('',(-9.1645344066777,-0.500000000000039,-16.4097722847277));
#6977=CARTESIAN_POINT('',(-9.18100578516853,-0.500000000000039,-16.4249442137914));
#6978=CARTESIAN_POINT('',(-9.20032482634372,-0.500000000000039,-16.4374810299473));
#6979=CARTESIAN_POINT('',(-9.22089108810085,-0.500000000000039,-16.4463423288498));
#6980=CARTESIAN_POINT('',(-9.23376113193908,-0.500000000000039,-16.4518875906328));
#6981=CARTESIAN_POINT('',(-9.24729116863563,-0.500000000000039,-16.4560952153196));
#6982=CARTESIAN_POINT('',(-9.26103626110472,-0.500000000000039,-16.4588265867069));
#6983=CARTESIAN_POINT('',(-9.28288407207656,-0.500000000000039,-16.4631680988428));
#6984=CARTESIAN_POINT('',(-9.305776597242,-0.500000000000039,-16.463814698816));
#6985=CARTESIAN_POINT('',(-9.32783462019201,-0.500000000000039,-16.4607132160377));
#6986=CARTESIAN_POINT('',(-9.3,0.,0.));
#6987=CARTESIAN_POINT('',(-9.1,8.56429627306164,-13.8337962760156));
#6988=CARTESIAN_POINT('',(-9.1,8.57467198331978,-13.8517675333473));
#6989=CARTESIAN_POINT('',(-9.10330503982447,8.58517084704917,-13.8699520987484));
#6990=CARTESIAN_POINT('',(-9.10968008736142,8.59504480550493,-13.8870542964656));
#6991=CARTESIAN_POINT('',(-9.11656314212703,8.60570558825368,-13.9055193138349));
#6992=CARTESIAN_POINT('',(-9.12722281512522,8.61591927958569,-13.9232099461547));
#6993=CARTESIAN_POINT('',(-9.14077713866048,8.6248392839533,-13.9386598469232));
#6994=CARTESIAN_POINT('',(-9.15432780541154,8.6337568818171,-13.9541055795047));
#6995=CARTESIAN_POINT('',(-9.17114565410737,8.64162755778201,-13.9677379901659));
#6996=CARTESIAN_POINT('',(-9.18983790543511,8.64779834615022,-13.9784261091424));
#6997=CARTESIAN_POINT('',(-9.2085219438059,8.65396642321212,-13.9891095319986));
#6998=CARTESIAN_POINT('',(-9.22959441633041,8.65860628691598,-13.9971460116739));
#6999=CARTESIAN_POINT('',(-9.25130934037812,8.66133282602305,-14.0018685159361));
#7000=CARTESIAN_POINT('',(-9.27301518271722,8.66405822482525,-14.0065890451324));
#7001=CARTESIAN_POINT('',(-9.29596178417621,8.66494708680766,-14.0081285992469));
#7002=CARTESIAN_POINT('',(-9.31824813482807,8.66392564655051,-14.0063594128246));
#7003=CARTESIAN_POINT('',(-9.32145165142111,8.66377882121945,-14.0061051038914));
#7004=CARTESIAN_POINT('',(-9.32464900856844,8.66359326741643,-14.005783715277));
#7005=CARTESIAN_POINT('',(-9.32783462019201,8.66336930991101,-14.0053958094989));
#7006=CARTESIAN_POINT('',(-9.1,13.8337962760156,-8.56429627306172));
#7007=CARTESIAN_POINT('',(-9.1,13.8517675333473,-8.57467198331986));
#7008=CARTESIAN_POINT('',(-9.10330503982447,13.8699520987483,-8.58517084704924));
#7009=CARTESIAN_POINT('',(-9.10968008736142,13.8870542964655,-8.59504480550501));
#7010=CARTESIAN_POINT('',(-9.11656314212703,13.9055193138348,-8.60570558825376));
#7011=CARTESIAN_POINT('',(-9.12722281512522,13.9232099461547,-8.61591927958577));
#7012=CARTESIAN_POINT('',(-9.14077713866048,13.9386598469231,-8.62483928395337));
#7013=CARTESIAN_POINT('',(-9.15432780541153,13.9541055795047,-8.63375688181718));
#7014=CARTESIAN_POINT('',(-9.17114565410737,13.9677379901658,-8.64162755778209));
#7015=CARTESIAN_POINT('',(-9.1898379054351,13.9784261091423,-8.6477983461503));
#7016=CARTESIAN_POINT('',(-9.2085219438059,13.9891095319985,-8.6539664232122));
#7017=CARTESIAN_POINT('',(-9.22959441633041,13.9971460116738,-8.65860628691606));
#7018=CARTESIAN_POINT('',(-9.25130934037812,14.0018685159361,-8.66133282602313));
#7019=CARTESIAN_POINT('',(-9.27301518271721,14.0065890451324,-8.66405822482533));
#7020=CARTESIAN_POINT('',(-9.2959617841762,14.0081285992468,-8.66494708680774));
#7021=CARTESIAN_POINT('',(-9.31824813482807,14.0063594128246,-8.66392564655059));
#7022=CARTESIAN_POINT('',(-9.3214516514211,14.0061051038913,-8.66377882121953));
#7023=CARTESIAN_POINT('',(-9.32464900856844,14.005783715277,-8.66359326741651));
#7024=CARTESIAN_POINT('',(-9.32783462019201,14.0053958094988,-8.66336930991109));
#7025=CARTESIAN_POINT('',(-9.3,0.,0.));
#7026=CARTESIAN_POINT('',(-9.09999999999829,16.2625671423387,0.499999999999938));
#7027=CARTESIAN_POINT('',(-9.09999999999827,16.2776409546847,0.499999999999938));
#7028=CARTESIAN_POINT('',(-9.10172431028468,16.2928100022488,0.499999999999938));
#7029=CARTESIAN_POINT('',(-9.10510769249086,16.3074992004396,0.499999999999938));
#7030=CARTESIAN_POINT('',(-9.11013672229201,16.32933309651,0.499999999999938));
#7031=CARTESIAN_POINT('',(-9.119005048578,16.3506000037494,0.499999999999938));
#7032=CARTESIAN_POINT('',(-9.13097911257019,16.3695375841088,0.499999999999938));
#7033=CARTESIAN_POINT('',(-9.14295074714622,16.3884713222251,0.499999999999938));
#7034=CARTESIAN_POINT('',(-9.15835737260213,16.4055991223088,0.499999999999937));
#7035=CARTESIAN_POINT('',(-9.17592334472969,16.4195003127863,0.499999999999937));
#7036=CARTESIAN_POINT('',(-9.19348206389684,16.4333957634857,0.499999999999937));
#7037=CARTESIAN_POINT('',(-9.21368300590845,16.4444506677984,0.499999999999937));
#7038=CARTESIAN_POINT('',(-9.23485251455203,16.4517475214161,0.499999999999937));
#7039=CARTESIAN_POINT('',(-9.25601265641833,16.4590411464278,0.499999999999937));
#7040=CARTESIAN_POINT('',(-9.27872435982663,16.4627812583664,0.499999999999937));
#7041=CARTESIAN_POINT('',(-9.30110589772865,16.4626574409469,0.499999999999937));
#7042=CARTESIAN_POINT('',(-9.31003887431035,16.4626080226221,0.499999999999937));
#7043=CARTESIAN_POINT('',(-9.31898852240631,16.4619570274164,0.499999999999937));
#7044=CARTESIAN_POINT('',(-9.32783462019201,16.4607132160377,0.499999999999937));
#7045=CARTESIAN_POINT('',(-9.32783462019201,16.4607132160377,0.499999999999937));
#7046=CARTESIAN_POINT('',(-9.32783462019201,0.,0.));
#7047=CARTESIAN_POINT('',(-9.32783462019201,14.5053958094989,7.79734390612654));
#7048=CARTESIAN_POINT('',(-9.1,14.3337962760156,7.69827086927718));
#7049=CARTESIAN_POINT('',(-9.1,14.3517675333474,7.70864657953534));
#7050=CARTESIAN_POINT('',(-9.10330503982448,14.3699520987485,7.71914544326474));
#7051=CARTESIAN_POINT('',(-9.10968008736146,14.3870542964657,7.72901940172053));
#7052=CARTESIAN_POINT('',(-9.11656314212708,14.405519313835,7.73968018446927));
#7053=CARTESIAN_POINT('',(-9.12722281512529,14.4232099461548,7.74989387580128));
#7054=CARTESIAN_POINT('',(-9.14077713866056,14.4386598469233,7.75881388016888));
#7055=CARTESIAN_POINT('',(-9.15432780541162,14.4541055795048,7.76773147803268));
#7056=CARTESIAN_POINT('',(-9.17114565410746,14.467737990166,7.77560215399759));
#7057=CARTESIAN_POINT('',(-9.18983790543521,14.4784261091425,7.7817729423658));
#7058=CARTESIAN_POINT('',(-9.20852194380601,14.4891095319986,7.78794101942768));
#7059=CARTESIAN_POINT('',(-9.22959441633053,14.4971460116739,7.79258088313154));
#7060=CARTESIAN_POINT('',(-9.25130934037824,14.5018685159362,7.7953074222386));
#7061=CARTESIAN_POINT('',(-9.27301518271734,14.5065890451325,7.79803282104079));
#7062=CARTESIAN_POINT('',(-9.29596178417633,14.5081285992469,7.7989216830232));
#7063=CARTESIAN_POINT('',(-9.3182481348282,14.5063594128246,7.79790024276604));
#7064=CARTESIAN_POINT('',(-9.32145165142119,14.5061051038914,7.79775341743498));
#7065=CARTESIAN_POINT('',(-9.32464900856848,14.505783715277,7.79756786363196));
#7066=CARTESIAN_POINT('',(-9.32783462019201,14.5053958094989,7.79734390612654));
#7067=CARTESIAN_POINT('',(-9.3,0.,0.));
#7068=CARTESIAN_POINT('',(-9.32783462019201,16.4607132160377,0.499999999999937));
#7069=CARTESIAN_POINT('',(-10.8667883836299,16.2443276131772,0.499999999999939));
#7070=CARTESIAN_POINT('',(-12.405741605685,16.0279381599102,0.49999999999994));
#7071=CARTESIAN_POINT('',(-13.944694216787,15.8115443616921,0.499999999999941));
#7072=CARTESIAN_POINT('',(-22.3428773306844,14.6306667121549,0.499999999999948));
#7073=CARTESIAN_POINT('',(-30.7410437461912,13.4496702797949,0.499999999999954));
#7074=CARTESIAN_POINT('',(-39.1391731009639,12.2684103684154,0.499999999999961));
#7075=CARTESIAN_POINT('',(-39.1391731009639,12.2684103684154,0.499999999999961));
#7076=CARTESIAN_POINT('',(-39.1391731009639,0.,0.));
#7077=CARTESIAN_POINT('',(-39.1391731009639,6.56721788609993,10.3747550431002));
#7078=CARTESIAN_POINT('',(-9.32783462019201,8.66336930991104,14.0053958094989));
#7079=CARTESIAN_POINT('',(-19.2649777855808,7.96476004508502,12.7953690681819));
#7080=CARTESIAN_POINT('',(-29.2021009866885,7.26607976528787,11.5852193253268));
#7081=CARTESIAN_POINT('',(-39.1391731009639,6.56721788609993,10.3747550431002));
#7082=CARTESIAN_POINT('',(-38.1186889235732,10.4990620612094,6.63898657646738));
#7083=CARTESIAN_POINT('',(-31.3432986843344,11.3243767437816,7.11548223061662));
#7084=CARTESIAN_POINT('',(-24.5678847781174,12.1495457091345,7.59189375489004));
#7085=CARTESIAN_POINT('',(-17.7924584054976,12.9746378843815,8.06826094437516));
#7086=CARTESIAN_POINT('',(-14.9709192619783,13.3182369055263,8.26663793172641));
#7087=CARTESIAN_POINT('',(-12.1493778469775,13.6618219372733,8.46500684229508));
#7088=CARTESIAN_POINT('',(-9.32783462019201,14.0053958094989,8.66336930991102));
#7089=CARTESIAN_POINT('',(-38.1186889235732,10.4990620612094,6.63898657646738));
#7090=CARTESIAN_POINT('',(-23.6756662429331,-1.75896248765978,-1.01553746574482));
#7091=CARTESIAN_POINT('',(-38.1186889235732,10.9990620612094,5.77296117268294));
#7092=CARTESIAN_POINT('',(-9.32783462019201,14.5053958094989,7.79734390612654));
#7093=CARTESIAN_POINT('',(-18.9248140243406,13.3367901527609,7.12264911563237));
#7094=CARTESIAN_POINT('',(-28.521774588594,12.1680684251788,6.44788731160508));
#7095=CARTESIAN_POINT('',(-38.1186889235732,10.9990620612094,5.77296117268294));
#7096=CARTESIAN_POINT('',(-9.32783462019201,0.,0.));
#7097=CARTESIAN_POINT('',(-20.,1.29903810567666,-0.750000000000004));
#7098=CARTESIAN_POINT('',(-20.,1.29903810567666,-0.750000000000004));
#7099=CARTESIAN_POINT('',(-20.0000000000038,0.,0.));
#7100=CARTESIAN_POINT('',(-20.0000000000038,0.499999999999997,-1.4142135623731));
#7101=CARTESIAN_POINT('',(-40.0000000000038,0.499999999999997,-1.4142135623731));
#7102=CARTESIAN_POINT('',(-40.0000000000038,0.,0.));
#7103=CARTESIAN_POINT('',(-40.0000000000038,-9.68932135945981,-17.7823968854467));
#7104=CARTESIAN_POINT('',(-40.0000000000038,-3.30864468488173,-6.73074069840786));
#7105=CARTESIAN_POINT('',(-40.0000000000038,0.,0.));
#7106=CARTESIAN_POINT('',(-40.0000000000038,3.30864468488171,-6.73074069840786));
#7107=CARTESIAN_POINT('',(-40.0000000000038,9.68932135945973,-17.7823968854467));
#7108=CARTESIAN_POINT('',(-40.0000000000038,0.,12.1576135792361));
#7109=CARTESIAN_POINT('',(1.67523646940377E-15,6.22458182382458,11.7812919747339));
#7110=CARTESIAN_POINT('',(-1.73327711090626,6.72528847370531,12.648541332015));
#7111=CARTESIAN_POINT('',(-3.46662079473875,7.22593751128516,13.5156909018637));
#7112=CARTESIAN_POINT('',(-5.19999999999999,7.72655579673291,14.3827872074572));
#7113=CARTESIAN_POINT('',(-5.19999999999999,7.72655579673291,14.3827872074572));
#7114=CARTESIAN_POINT('',(-5.19999999999999,0.,0.));
#7115=CARTESIAN_POINT('',(6.7331941413751E-15,0.,0.));
#7116=CARTESIAN_POINT('',(-5.19999999999999,7.72655579673291,14.3827872074572));
#7117=CARTESIAN_POINT('',(-5.21931104705836,7.7321330317887,14.3924472619396));
#7118=CARTESIAN_POINT('',(-5.24080523988241,7.73612595595771,14.3993632094711));
#7119=CARTESIAN_POINT('',(-5.26271502067057,7.7382056342847,14.4029653179969));
#7120=CARTESIAN_POINT('',(-5.28469953445397,7.74029240627419,14.4065797131065));
#7121=CARTESIAN_POINT('',(-5.30770795130501,7.7405099201453,14.4069564581826));
#7122=CARTESIAN_POINT('',(-5.32983450750439,7.73884012776355,14.4040642929393));
#7123=CARTESIAN_POINT('',(-5.35195847130935,7.73717053101822,14.4011724665482));
#7124=CARTESIAN_POINT('',(-5.3738108599919,7.7335680740272,14.3949328280077));
#7125=CARTESIAN_POINT('',(-5.3935828612155,7.72833147314435,14.3858627692197));
#7126=CARTESIAN_POINT('',(-5.41335733919976,7.72309421629316,14.3767915742611));
#7127=CARTESIAN_POINT('',(-5.43159608809746,7.71607809837247,14.3646393015506));
#7128=CARTESIAN_POINT('',(-5.44679089015737,7.70786433846589,14.3504126520712));
#7129=CARTESIAN_POINT('',(-5.46199134481653,7.69964752296879,14.3361807101538));
#7130=CARTESIAN_POINT('',(-5.47456466174671,7.69000573534553,14.3194806441145));
#7131=CARTESIAN_POINT('',(-5.48347192828592,7.67973711016615,14.30169486358));
#7132=CARTESIAN_POINT('',(-5.49238330262849,7.66946374935964,14.2839008806986));
#7133=CARTESIAN_POINT('',(-5.49787097147312,7.65827976705388,14.2645296551141));
#7134=CARTESIAN_POINT('',(-5.4994816277153,7.6471107681262,14.2451843815017));
#7135=CARTESIAN_POINT('',(-5.49982698602899,7.64471590165232,14.2410363510916));
#7136=CARTESIAN_POINT('',(-5.49999999999999,7.64231326498838,14.2368748623175));
#7137=CARTESIAN_POINT('',(-5.49999999999999,7.63991218116666,14.232716063145));
#7138=CARTESIAN_POINT('',(-5.49999999999999,7.63991218116666,14.232716063145));
#7139=CARTESIAN_POINT('',(-5.49999999999999,0.,0.));
#7140=CARTESIAN_POINT('',(-5.29999999999999,0.,0.));
#7141=CARTESIAN_POINT('',(-5.49999999999999,6.5616968793294,12.3651923788647));
#7142=CARTESIAN_POINT('',(-5.49999999999999,6.86270522028652,12.8865541189044));
#7143=CARTESIAN_POINT('',(-5.49999999999999,0.,0.));
#7144=CARTESIAN_POINT('',(-5.49999999999999,0.,16.1535898384862));
#7145=CARTESIAN_POINT('',(1.17756934401283E-16,6.86270522028652,12.8865541189044));
#7146=CARTESIAN_POINT('',(-9.1,6.86270522028652,12.8865541189044));
#7147=CARTESIAN_POINT('',(-9.1,0.,0.));
#7148=CARTESIAN_POINT('',(0.,0.,0.));
#7149=CARTESIAN_POINT('',(-9.1,5.88897274573419,11.2));
#7150=CARTESIAN_POINT('',(-9.1,7.69827086927723,14.3337962760156));
#7151=CARTESIAN_POINT('',(-9.1,0.,0.));
#7152=CARTESIAN_POINT('',(-9.1,0.,14.6));
#7153=CARTESIAN_POINT('',(-9.1,7.69827086927723,14.3337962760156));
#7154=CARTESIAN_POINT('',(-9.1,7.70864657953537,14.3517675333473));
#7155=CARTESIAN_POINT('',(-9.10330503982447,7.71914544326476,14.3699520987484));
#7156=CARTESIAN_POINT('',(-9.10968008736142,7.72901940172053,14.3870542964656));
#7157=CARTESIAN_POINT('',(-9.11656314212704,7.73968018446928,14.4055193138349));
#7158=CARTESIAN_POINT('',(-9.12722281512523,7.74989387580129,14.4232099461547));
#7159=CARTESIAN_POINT('',(-9.14077713866049,7.75881388016889,14.4386598469232));
#7160=CARTESIAN_POINT('',(-9.15432780541154,7.76773147803269,14.4541055795047));
#7161=CARTESIAN_POINT('',(-9.17114565410737,7.7756021539976,14.4677379901659));
#7162=CARTESIAN_POINT('',(-9.18983790543511,7.78177294236582,14.4784261091424));
#7163=CARTESIAN_POINT('',(-9.20852194380591,7.78794101942771,14.4891095319986));
#7164=CARTESIAN_POINT('',(-9.22959441633042,7.79258088313157,14.4971460116739));
#7165=CARTESIAN_POINT('',(-9.25130934037813,7.79530742223864,14.5018685159361));
#7166=CARTESIAN_POINT('',(-9.27301518271722,7.79803282104084,14.5065890451324));
#7167=CARTESIAN_POINT('',(-9.29596178417621,7.79892168302325,14.5081285992469));
#7168=CARTESIAN_POINT('',(-9.31824813482808,7.7979002427661,14.5063594128246));
#7169=CARTESIAN_POINT('',(-9.32145165142111,7.79775341743504,14.5061051038914));
#7170=CARTESIAN_POINT('',(-9.32464900856844,7.79756786363202,14.505783715277));
#7171=CARTESIAN_POINT('',(-9.32783462019201,7.7973439061266,14.5053958094989));
#7172=CARTESIAN_POINT('',(-9.3,0.,0.));
#7173=CARTESIAN_POINT('',(-40.0000000000038,11.2772480188532,0.499999999999956));
#7174=CARTESIAN_POINT('',(-40.0000000000038,11.3591862039626,0.499999999999955));
#7175=CARTESIAN_POINT('',(-39.9897973489049,11.441734161993,0.499999999999964));
#7176=CARTESIAN_POINT('',(-39.9698447505582,11.521205917971,0.499999999999964));
#7177=CARTESIAN_POINT('',(-39.942538685045,11.6299667388659,0.499999999999964));
#7178=CARTESIAN_POINT('',(-39.896073143099,11.735514765038,0.499999999999963));
#7179=CARTESIAN_POINT('',(-39.8342875161788,11.8290940024875,0.499999999999963));
#7180=CARTESIAN_POINT('',(-39.7725359978018,11.9226215798403,0.499999999999962));
#7181=CARTESIAN_POINT('',(-39.6937749605787,12.0067755362321,0.499999999999962));
#7182=CARTESIAN_POINT('',(-39.6045261485733,12.0745642322143,0.499999999999962));
#7183=CARTESIAN_POINT('',(-39.5153529471443,12.1422954983857,0.499999999999961));
#7184=CARTESIAN_POINT('',(-39.4132469990608,12.195558748444,0.499999999999961));
#7185=CARTESIAN_POINT('',(-39.3066716693849,12.2299256420298,0.499999999999961));
#7186=CARTESIAN_POINT('',(-39.2521487159179,12.2475074270966,0.499999999999961));
#7187=CARTESIAN_POINT('',(-39.1959022911178,12.2604309821375,0.499999999999961));
#7188=CARTESIAN_POINT('',(-39.1391731009639,12.2684103684154,0.499999999999961));
#7189=CARTESIAN_POINT('',(-40.0000000000038,6.07163671131888,9.51638326910472));
#7190=CARTESIAN_POINT('',(-40.0000000000038,6.11407737232189,9.58989265026873));
#7191=CARTESIAN_POINT('',(-39.9890392965555,6.15685668982609,9.66398860169916));
#7192=CARTESIAN_POINT('',(-39.9676394385533,6.19792640160673,9.73512342915542));
#7193=CARTESIAN_POINT('',(-39.9393684304537,6.25218293706055,9.82909850520411));
#7194=CARTESIAN_POINT('',(-39.8919672120725,6.30474804542523,9.92014394359709));
#7195=CARTESIAN_POINT('',(-39.8293527663087,6.35126085989196,10.0007065014565));
#7196=CARTESIAN_POINT('',(-39.7667736417208,6.39774743620735,10.0812236135047));
#7197=CARTESIAN_POINT('',(-39.6872692582928,6.43947187080757,10.1534924541493));
#7198=CARTESIAN_POINT('',(-39.597423182131,6.47296752926733,10.2115086364346));
#7199=CARTESIAN_POINT('',(-39.5076534932456,6.50643470966515,10.2694754932697));
#7200=CARTESIAN_POINT('',(-39.4050805215586,6.53261085873496,10.3148139134051));
#7201=CARTESIAN_POINT('',(-39.2982064399679,6.5493196616681,10.343754409019));
#7202=CARTESIAN_POINT('',(-39.2463451570602,6.55742770753915,10.3577979564177));
#7203=CARTESIAN_POINT('',(-39.1929808390443,6.56343365503898,10.368200562635));
#7204=CARTESIAN_POINT('',(-39.1391731009639,6.56721788609993,10.3747550431002));
#7205=CARTESIAN_POINT('',(-39.0000000000038,0.,0.));
#7206=CARTESIAN_POINT('',(-25.7067411744228,0.,0.));
#7207=CARTESIAN_POINT('',(-33.1900559479707,-0.5,7.48331477354789));
#7208=CARTESIAN_POINT('',(-40.0000000000038,-0.5,14.293258825581));
#7209=CARTESIAN_POINT('',(-40.0000000000038,-0.5,14.293258825581));
#7210=CARTESIAN_POINT('',(-20.0000000000038,-0.5,0.));
#7211=CARTESIAN_POINT('',(-20.0000000000038,-0.5,3.96862696659689));
#7212=CARTESIAN_POINT('',(-25.0000000000038,-0.5,3.96862696659689));
#7213=CARTESIAN_POINT('',(-25.0000000000038,-0.5,3.96862696659689));
#7214=CARTESIAN_POINT('',(-25.0000000000038,-0.5,0.));
#7215=CARTESIAN_POINT('',(-25.0000000000038,-0.5,7.48331477354788));
#7216=CARTESIAN_POINT('',(-40.0000000000038,-0.5,7.48331477354788));
#7217=CARTESIAN_POINT('',(0.,-0.5,0.));
#7218=CARTESIAN_POINT('',(-40.0000000000038,2.29688448056609,4.97832061945692));
#7219=CARTESIAN_POINT('',(-5.86921949391204,2.29688448056609,4.97832061945692));
#7220=CARTESIAN_POINT('',(-25.0000000000038,2.29688448056609,4.97832061945692));
#7221=CARTESIAN_POINT('',(-25.0000000000038,-0.433012701892225,0.250000000000003));
#7222=CARTESIAN_POINT('',(-25.0000000000038,3.30864468488171,6.73074069840786));
#7223=CARTESIAN_POINT('',(-40.0000000000038,3.30864468488171,6.73074069840787));
#7224=CARTESIAN_POINT('',(-5.86921949391204,2.29688448056609,4.97832061945692));
#7225=CARTESIAN_POINT('',(0.,-0.433012701892219,0.25));
#7226=CARTESIAN_POINT('',(-25.0000000000038,0.433012701892214,-0.249999999999997));
#7227=CARTESIAN_POINT('',(-25.0000000000038,3.16290988435053,4.47832061945692));
#7228=CARTESIAN_POINT('',(-25.0000000000038,4.17467008866615,6.23074069840787));
#7229=CARTESIAN_POINT('',(-40.0000000000038,3.16290988435053,4.47832061945692));
#7230=CARTESIAN_POINT('',(-5.86921949391204,3.16290988435053,4.47832061945692));
#7231=CARTESIAN_POINT('',(-5.86921949391204,3.16290988435053,4.47832061945692));
#7232=CARTESIAN_POINT('',(-40.0000000000038,4.17467008866615,6.23074069840787));
#7233=CARTESIAN_POINT('',(0.,0.433012701892219,-0.25));
#7234=CARTESIAN_POINT('',(-5.86921949391204,2.29688448056609,4.97832061945692));
#7235=CARTESIAN_POINT('',(-5.86921949391204,2.29688448056609,4.97832061945692));
#7236=CARTESIAN_POINT('',(-25.0000000000038,2.29688448056609,4.97832061945692));
#7237=CARTESIAN_POINT('',(-40.0000000000038,2.29688448056609,4.97832061945692));
#7238=CARTESIAN_POINT('',(-20.,3.71410161513776,1.56698729810776));
#7239=CARTESIAN_POINT('',(-20.,3.71410161513776,1.56698729810776));
#7240=CARTESIAN_POINT('',(-40.0000000000038,12.6283252458193,6.71361671089822));
#7241=CARTESIAN_POINT('',(-33.1900559479707,6.73074069840788,3.3086446848817));
#7242=CARTESIAN_POINT('',(-40.0000000000038,6.73074069840787,3.30864468488169));
#7243=CARTESIAN_POINT('',(-25.0000000000038,6.73074069840787,3.30864468488169));
#7244=CARTESIAN_POINT('',(-25.0000000000038,0.249999999999998,-0.43301270189222));
#7245=CARTESIAN_POINT('',(-25.0000000000038,3.68693177121689,1.55130078140621));
#7246=CARTESIAN_POINT('',(-25.0000000000038,3.68693177121689,1.55130078140621));
#7247=CARTESIAN_POINT('',(-20.0000000000038,3.68693177121689,1.55130078140621));
#7248=CARTESIAN_POINT('',(-20.,1.47474487139161,0.274094079294339));
#7249=CARTESIAN_POINT('',(0.,0.249999999999998,-0.43301270189222));
#7250=CARTESIAN_POINT('',(-25.7067411744228,0.,0.));
#7251=CARTESIAN_POINT('',(-33.1900559479707,6.23074069840787,4.17467008866614));
#7252=CARTESIAN_POINT('',(-40.0000000000038,12.1283252458193,7.57964211468266));
#7253=CARTESIAN_POINT('',(-40.0000000000038,12.1283252458193,7.57964211468266));
#7254=CARTESIAN_POINT('',(-20.0000000000038,-0.249999999999999,0.43301270189222));
#7255=CARTESIAN_POINT('',(-20.0000000000038,3.18693177121688,2.41732618519066));
#7256=CARTESIAN_POINT('',(-25.0000000000038,3.18693177121688,2.41732618519066));
#7257=CARTESIAN_POINT('',(-25.0000000000038,3.18693177121688,2.41732618519066));
#7258=CARTESIAN_POINT('',(-25.0000000000038,-0.249999999999999,0.43301270189222));
#7259=CARTESIAN_POINT('',(-25.0000000000038,6.23074069840787,4.17467008866615));
#7260=CARTESIAN_POINT('',(-40.0000000000038,6.23074069840787,4.17467008866615));
#7261=CARTESIAN_POINT('',(0.,-0.249999999999999,0.43301270189222));
#7262=CARTESIAN_POINT('',(-20.0000000000038,0.250000000000001,0.433012701892219));
#7263=CARTESIAN_POINT('',(-20.0000000000038,3.68693177121688,-1.55130078140623));
#7264=CARTESIAN_POINT('',(-25.0000000000038,3.68693177121688,-1.55130078140623));
#7265=CARTESIAN_POINT('',(-25.0000000000038,3.68693177121688,-1.55130078140623));
#7266=CARTESIAN_POINT('',(-25.0000000000038,0.250000000000001,0.433012701892219));
#7267=CARTESIAN_POINT('',(-25.0000000000038,6.73074069840785,-3.30864468488174));
#7268=CARTESIAN_POINT('',(-40.0000000000038,6.73074069840785,-3.30864468488174));
#7269=CARTESIAN_POINT('',(-33.1900559479707,6.73074069840785,-3.30864468488174));
#7270=CARTESIAN_POINT('',(-40.0000000000038,12.6283252458192,-6.71361671089831));
#7271=CARTESIAN_POINT('',(0.,0.250000000000001,0.433012701892219));
#7272=CARTESIAN_POINT('',(-20.,3.21410161513775,-2.43301270189223));
#7273=CARTESIAN_POINT('',(-20.,3.21410161513775,-2.43301270189223));
#7274=CARTESIAN_POINT('',(-40.0000000000038,12.1283252458192,-7.57964211468275));
#7275=CARTESIAN_POINT('',(-33.1900559479707,6.23074069840785,-4.17467008866618));
#7276=CARTESIAN_POINT('',(-40.0000000000038,6.23074069840785,-4.17467008866618));
#7277=CARTESIAN_POINT('',(-25.0000000000038,6.23074069840785,-4.17467008866618));
#7278=CARTESIAN_POINT('',(-25.0000000000038,-0.250000000000001,-0.433012701892219));
#7279=CARTESIAN_POINT('',(-25.0000000000038,3.18693177121687,-2.41732618519067));
#7280=CARTESIAN_POINT('',(-25.0000000000038,3.18693177121687,-2.41732618519067));
#7281=CARTESIAN_POINT('',(-20.0000000000038,3.18693177121687,-2.41732618519067));
#7282=CARTESIAN_POINT('',(-20.,0.974744871391609,-1.14011948307878));
#7283=CARTESIAN_POINT('',(0.,-0.250000000000001,-0.433012701892219));
#7284=CARTESIAN_POINT('',(-25.7067411744228,0.,0.));
#7285=CARTESIAN_POINT('',(-40.0000000000038,12.6283252458192,-6.71361671089831));
#7286=CARTESIAN_POINT('',(-20.0000000000038,0.5,-1.17145536458252E-15));
#7287=CARTESIAN_POINT('',(-20.0000000000038,0.499999999999991,-3.96862696659689));
#7288=CARTESIAN_POINT('',(-25.0000000000038,0.499999999999991,-3.96862696659689));
#7289=CARTESIAN_POINT('',(-25.0000000000038,0.499999999999991,-3.96862696659689));
#7290=CARTESIAN_POINT('',(-25.0000000000038,0.5,-1.17145536458252E-15));
#7291=CARTESIAN_POINT('',(-25.0000000000038,0.499999999999982,-7.48331477354788));
#7292=CARTESIAN_POINT('',(-40.0000000000038,0.499999999999982,-7.48331477354788));
#7293=CARTESIAN_POINT('',(-33.1900559479707,0.499999999999982,-7.48331477354789));
#7294=CARTESIAN_POINT('',(-40.0000000000038,0.499999999999967,-14.293258825581));
#7295=CARTESIAN_POINT('',(0.,0.5,-1.17145536458252E-15));
#7296=CARTESIAN_POINT('',(-20.,-0.500000000000009,-4.));
#7297=CARTESIAN_POINT('',(-20.,-0.500000000000009,-4.));
#7298=CARTESIAN_POINT('',(-40.0000000000038,-0.500000000000034,-14.293258825581));
#7299=CARTESIAN_POINT('',(-33.1900559479707,-0.500000000000018,-7.48331477354789));
#7300=CARTESIAN_POINT('',(-40.0000000000038,-0.500000000000018,-7.48331477354788));
#7301=CARTESIAN_POINT('',(-25.0000000000038,-0.500000000000017,-7.48331477354788));
#7302=CARTESIAN_POINT('',(-25.0000000000038,-0.5,1.17145536458252E-15));
#7303=CARTESIAN_POINT('',(-25.0000000000038,-0.500000000000009,-3.96862696659689));
#7304=CARTESIAN_POINT('',(-25.0000000000038,-0.500000000000009,-3.96862696659689));
#7305=CARTESIAN_POINT('',(-20.0000000000038,-0.500000000000009,-3.96862696659688));
#7306=CARTESIAN_POINT('',(-20.,-0.499999999999998,-1.41421356237312));
#7307=CARTESIAN_POINT('',(0.,-0.5,1.17145536458252E-15));
#7308=CARTESIAN_POINT('',(-25.7067411744228,0.,0.));
#7309=CARTESIAN_POINT('',(-40.0000000000038,0.499999999999967,-14.293258825581));
#7310=CARTESIAN_POINT('',(-20.0000000000038,0.249999999999999,-0.43301270189222));
#7311=CARTESIAN_POINT('',(-20.0000000000038,-3.18693177121688,-2.41732618519066));
#7312=CARTESIAN_POINT('',(-25.0000000000038,-3.18693177121688,-2.41732618519066));
#7313=CARTESIAN_POINT('',(-25.0000000000038,-3.18693177121688,-2.41732618519066));
#7314=CARTESIAN_POINT('',(-25.0000000000038,0.249999999999999,-0.43301270189222));
#7315=CARTESIAN_POINT('',(-25.0000000000038,-6.23074069840787,-4.17467008866615));
#7316=CARTESIAN_POINT('',(-40.0000000000038,-6.23074069840787,-4.17467008866615));
#7317=CARTESIAN_POINT('',(-33.1900559479707,-6.23074069840787,-4.17467008866615));
#7318=CARTESIAN_POINT('',(-40.0000000000038,-12.1283252458193,-7.57964211468269));
#7319=CARTESIAN_POINT('',(0.,0.249999999999999,-0.43301270189222));
#7320=CARTESIAN_POINT('',(-20.,-3.71410161513776,-1.56698729810777));
#7321=CARTESIAN_POINT('',(-20.,-3.71410161513776,-1.56698729810777));
#7322=CARTESIAN_POINT('',(-40.0000000000038,-12.6283252458193,-6.71361671089825));
#7323=CARTESIAN_POINT('',(-33.1900559479707,-6.73074069840787,-3.30864468488172));
#7324=CARTESIAN_POINT('',(-40.0000000000038,-6.73074069840786,-3.30864468488171));
#7325=CARTESIAN_POINT('',(-25.0000000000038,-6.73074069840787,-3.30864468488171));
#7326=CARTESIAN_POINT('',(-25.0000000000038,-0.249999999999999,0.43301270189222));
#7327=CARTESIAN_POINT('',(-25.0000000000038,-3.68693177121688,-1.55130078140622));
#7328=CARTESIAN_POINT('',(-25.0000000000038,-3.68693177121688,-1.55130078140622));
#7329=CARTESIAN_POINT('',(-20.0000000000038,-3.68693177121688,-1.55130078140622));
#7330=CARTESIAN_POINT('',(-20.,-1.47474487139161,-0.274094079294343));
#7331=CARTESIAN_POINT('',(0.,-0.249999999999999,0.43301270189222));
#7332=CARTESIAN_POINT('',(-25.7067411744228,0.,0.));
#7333=CARTESIAN_POINT('',(-40.0000000000038,-12.1283252458193,-7.57964211468269));
#7334=CARTESIAN_POINT('',(-25.7067411744228,0.,0.));
#7335=CARTESIAN_POINT('',(-33.1900559479707,-6.23074069840786,4.17467008866616));
#7336=CARTESIAN_POINT('',(-33.1900559479707,-6.73074069840786,3.30864468488173));
#7337=CARTESIAN_POINT('',(-40.0000000000038,-12.1283252458193,7.57964211468272));
#7338=CARTESIAN_POINT('',(-40.0000000000038,-12.6283252458193,6.71361671089829));
#7339=CARTESIAN_POINT('',(-40.0000000000038,-12.6283252458193,6.71361671089829));
#7340=CARTESIAN_POINT('',(-20.0000000000038,-0.25,-0.433012701892219));
#7341=CARTESIAN_POINT('',(-20.0000000000038,-3.68693177121688,1.55130078140623));
#7342=CARTESIAN_POINT('',(-25.0000000000038,-3.68693177121688,1.55130078140623));
#7343=CARTESIAN_POINT('',(-25.0000000000038,-3.68693177121688,1.55130078140623));
#7344=CARTESIAN_POINT('',(-25.0000000000038,-0.25,-0.433012701892219));
#7345=CARTESIAN_POINT('',(-25.0000000000038,-6.73074069840786,3.30864468488173));
#7346=CARTESIAN_POINT('',(-40.0000000000038,-6.73074069840786,3.30864468488173));
#7347=CARTESIAN_POINT('',(0.,-0.25,-0.433012701892219));
#7348=CARTESIAN_POINT('',(-20.,-3.21410161513775,2.43301270189222));
#7349=CARTESIAN_POINT('',(-20.,-3.21410161513775,2.43301270189222));
#7350=CARTESIAN_POINT('',(-40.0000000000038,-6.23074069840786,4.17467008866616));
#7351=CARTESIAN_POINT('',(-25.0000000000038,-6.23074069840786,4.17467008866616));
#7352=CARTESIAN_POINT('',(-25.0000000000038,0.25,0.433012701892219));
#7353=CARTESIAN_POINT('',(-25.0000000000038,-3.18693177121688,2.41732618519067));
#7354=CARTESIAN_POINT('',(-25.0000000000038,-3.18693177121688,2.41732618519067));
#7355=CARTESIAN_POINT('',(-20.0000000000038,-3.18693177121688,2.41732618519067));
#7356=CARTESIAN_POINT('',(-20.,-0.974744871391612,1.14011948307878));
#7357=CARTESIAN_POINT('',(0.,0.25,0.433012701892219));
#7358=CARTESIAN_POINT('',(-40.0000000000038,5.45979436491662,0.499999999999978));
#7359=CARTESIAN_POINT('',(-25.0000000000038,5.45979436491662,0.499999999999979));
#7360=CARTESIAN_POINT('',(-5.86921949391204,5.45979436491662,0.499999999999978));
#7361=CARTESIAN_POINT('',(-25.0000000000038,2.00577401909821E-15,0.500000000000006));
#7362=CARTESIAN_POINT('',(-25.0000000000038,7.48331477354789,0.49999999999998));
#7363=CARTESIAN_POINT('',(-40.0000000000038,7.48331477354788,0.49999999999998));
#7364=CARTESIAN_POINT('',(-5.86921949391204,5.45979436491662,0.499999999999978));
#7365=CARTESIAN_POINT('',(0.,2.00577401909818E-15,0.5));
#7366=CARTESIAN_POINT('',(-25.0000000000038,-2.00577401909816E-15,-0.499999999999994));
#7367=CARTESIAN_POINT('',(-25.0000000000038,5.45979436491661,-0.500000000000022));
#7368=CARTESIAN_POINT('',(-25.0000000000038,7.48331477354788,-0.50000000000002));
#7369=CARTESIAN_POINT('',(-40.0000000000038,5.45979436491661,-0.500000000000022));
#7370=CARTESIAN_POINT('',(-5.86921949391204,5.45979436491661,-0.500000000000022));
#7371=CARTESIAN_POINT('',(-5.86921949391204,5.45979436491661,-0.500000000000022));
#7372=CARTESIAN_POINT('',(-40.0000000000038,7.48331477354788,-0.50000000000002));
#7373=CARTESIAN_POINT('',(0.,-2.00577401909818E-15,-0.5));
#7374=CARTESIAN_POINT('',(-5.86921949391204,5.45979436491662,0.499999999999978));
#7375=CARTESIAN_POINT('',(-5.86921949391204,5.45979436491662,0.499999999999978));
#7376=CARTESIAN_POINT('',(-25.0000000000038,5.45979436491662,0.499999999999978));
#7377=CARTESIAN_POINT('',(-40.0000000000038,5.45979436491662,0.499999999999978));
#7378=CARTESIAN_POINT('',(-40.0000000000038,3.16290988435052,-4.47832061945692));
#7379=CARTESIAN_POINT('',(-25.0000000000038,3.16290988435052,-4.47832061945692));
#7380=CARTESIAN_POINT('',(-5.86921949391204,3.16290988435052,-4.47832061945692));
#7381=CARTESIAN_POINT('',(-25.0000000000038,0.433012701892225,0.250000000000002));
#7382=CARTESIAN_POINT('',(-25.0000000000038,4.17467008866615,-6.23074069840787));
#7383=CARTESIAN_POINT('',(-40.0000000000038,4.17467008866615,-6.23074069840787));
#7384=CARTESIAN_POINT('',(-5.86921949391204,3.16290988435052,-4.47832061945692));
#7385=CARTESIAN_POINT('',(0.,0.43301270189222,0.249999999999999));
#7386=CARTESIAN_POINT('',(-25.0000000000038,-0.433012701892215,-0.249999999999996));
#7387=CARTESIAN_POINT('',(-25.0000000000038,2.29688448056608,-4.97832061945692));
#7388=CARTESIAN_POINT('',(-25.0000000000038,3.30864468488171,-6.73074069840786));
#7389=CARTESIAN_POINT('',(-40.0000000000038,2.29688448056608,-4.97832061945692));
#7390=CARTESIAN_POINT('',(-5.86921949391204,2.29688448056608,-4.97832061945692));
#7391=CARTESIAN_POINT('',(-5.86921949391204,2.29688448056608,-4.97832061945692));
#7392=CARTESIAN_POINT('',(-40.0000000000038,3.30864468488171,-6.73074069840786));
#7393=CARTESIAN_POINT('',(0.,-0.43301270189222,-0.249999999999999));
#7394=CARTESIAN_POINT('',(-5.86921949391204,3.16290988435052,-4.47832061945692));
#7395=CARTESIAN_POINT('',(-5.86921949391204,3.16290988435052,-4.47832061945692));
#7396=CARTESIAN_POINT('',(-25.0000000000038,3.16290988435052,-4.47832061945692));
#7397=CARTESIAN_POINT('',(-40.0000000000038,3.16290988435052,-4.47832061945692));
#7398=CARTESIAN_POINT('',(-40.0000000000038,-2.2968844805661,-4.97832061945691));
#7399=CARTESIAN_POINT('',(-25.0000000000038,-2.2968844805661,-4.97832061945691));
#7400=CARTESIAN_POINT('',(-5.86921949391204,-2.2968844805661,-4.97832061945691));
#7401=CARTESIAN_POINT('',(-25.0000000000038,0.433012701892224,-0.250000000000004));
#7402=CARTESIAN_POINT('',(-25.0000000000038,-3.30864468488173,-6.73074069840786));
#7403=CARTESIAN_POINT('',(-40.0000000000038,-3.30864468488173,-6.73074069840786));
#7404=CARTESIAN_POINT('',(-5.86921949391204,-2.2968844805661,-4.97832061945691));
#7405=CARTESIAN_POINT('',(0.,0.433012701892219,-0.250000000000001));
#7406=CARTESIAN_POINT('',(-25.0000000000038,-0.433012701892214,0.249999999999998));
#7407=CARTESIAN_POINT('',(-25.0000000000038,-3.16290988435054,-4.47832061945691));
#7408=CARTESIAN_POINT('',(-25.0000000000038,-4.17467008866616,-6.23074069840786));
#7409=CARTESIAN_POINT('',(-40.0000000000038,-3.16290988435054,-4.47832061945691));
#7410=CARTESIAN_POINT('',(-5.86921949391204,-3.16290988435054,-4.47832061945691));
#7411=CARTESIAN_POINT('',(-5.86921949391204,-3.16290988435054,-4.47832061945691));
#7412=CARTESIAN_POINT('',(-40.0000000000038,-4.17467008866616,-6.23074069840786));
#7413=CARTESIAN_POINT('',(0.,-0.433012701892219,0.250000000000001));
#7414=CARTESIAN_POINT('',(-5.86921949391204,-2.2968844805661,-4.97832061945691));
#7415=CARTESIAN_POINT('',(-5.86921949391204,-2.2968844805661,-4.97832061945691));
#7416=CARTESIAN_POINT('',(-25.0000000000038,-2.2968844805661,-4.97832061945691));
#7417=CARTESIAN_POINT('',(-40.0000000000038,-2.2968844805661,-4.97832061945691));
#7418=CARTESIAN_POINT('',(-40.0000000000038,-5.45979436491662,-0.499999999999994));
#7419=CARTESIAN_POINT('',(-25.0000000000038,-5.45979436491662,-0.499999999999994));
#7420=CARTESIAN_POINT('',(-5.86921949391204,-5.45979436491662,-0.499999999999994));
#7421=CARTESIAN_POINT('',(-25.0000000000038,-5.96311194867034E-16,-0.500000000000006));
#7422=CARTESIAN_POINT('',(-25.0000000000038,-7.48331477354788,-0.500000000000001));
#7423=CARTESIAN_POINT('',(-40.0000000000038,-7.48331477354788,-0.500000000000001));
#7424=CARTESIAN_POINT('',(-5.86921949391204,-5.45979436491662,-0.499999999999994));
#7425=CARTESIAN_POINT('',(0.,-5.96311194867027E-16,-0.5));
#7426=CARTESIAN_POINT('',(-25.0000000000038,5.96311194867021E-16,0.499999999999994));
#7427=CARTESIAN_POINT('',(-25.0000000000038,-5.45979436491662,0.500000000000007));
#7428=CARTESIAN_POINT('',(-25.0000000000038,-7.48331477354788,0.499999999999999));
#7429=CARTESIAN_POINT('',(-40.0000000000038,-5.45979436491662,0.500000000000007));
#7430=CARTESIAN_POINT('',(-5.86921949391204,-5.45979436491662,0.500000000000007));
#7431=CARTESIAN_POINT('',(-5.86921949391204,-5.45979436491662,0.500000000000007));
#7432=CARTESIAN_POINT('',(-40.0000000000038,-7.48331477354788,0.499999999999999));
#7433=CARTESIAN_POINT('',(0.,5.96311194867027E-16,0.5));
#7434=CARTESIAN_POINT('',(-5.86921949391204,-5.45979436491662,-0.499999999999994));
#7435=CARTESIAN_POINT('',(-5.86921949391204,-5.45979436491662,-0.499999999999994));
#7436=CARTESIAN_POINT('',(-25.0000000000038,-5.45979436491662,-0.499999999999994));
#7437=CARTESIAN_POINT('',(-40.0000000000038,-5.45979436491662,-0.499999999999994));
#7438=CARTESIAN_POINT('',(-40.0000000000038,-3.16290988435053,4.47832061945692));
#7439=CARTESIAN_POINT('',(-25.0000000000038,-3.16290988435053,4.47832061945692));
#7440=CARTESIAN_POINT('',(-5.86921949391204,-3.16290988435053,4.47832061945692));
#7441=CARTESIAN_POINT('',(-25.0000000000038,-0.433012701892225,-0.250000000000003));
#7442=CARTESIAN_POINT('',(-25.0000000000038,-4.17467008866617,6.23074069840786));
#7443=CARTESIAN_POINT('',(-40.0000000000038,-4.17467008866617,6.23074069840786));
#7444=CARTESIAN_POINT('',(-5.86921949391204,-3.16290988435053,4.47832061945692));
#7445=CARTESIAN_POINT('',(0.,-0.433012701892219,-0.25));
#7446=CARTESIAN_POINT('',(-25.0000000000038,0.433012701892214,0.249999999999997));
#7447=CARTESIAN_POINT('',(-25.0000000000038,-2.29688448056609,4.97832061945692));
#7448=CARTESIAN_POINT('',(-25.0000000000038,-3.30864468488173,6.73074069840786));
#7449=CARTESIAN_POINT('',(-40.0000000000038,-2.29688448056609,4.97832061945692));
#7450=CARTESIAN_POINT('',(-5.86921949391204,-2.29688448056609,4.97832061945692));
#7451=CARTESIAN_POINT('',(-5.86921949391204,-2.29688448056609,4.97832061945692));
#7452=CARTESIAN_POINT('',(-40.0000000000038,-3.30864468488173,6.73074069840786));
#7453=CARTESIAN_POINT('',(0.,0.433012701892219,0.25));
#7454=CARTESIAN_POINT('',(-5.86921949391204,-3.16290988435053,4.47832061945692));
#7455=CARTESIAN_POINT('',(-5.86921949391204,-3.16290988435053,4.47832061945692));
#7456=CARTESIAN_POINT('',(-25.0000000000038,-3.16290988435053,4.47832061945692));
#7457=CARTESIAN_POINT('',(-40.0000000000038,-3.16290988435053,4.47832061945692));
#7458=CARTESIAN_POINT('',(-25.0000000000038,0.,0.));
#7459=CARTESIAN_POINT('',(-25.0000000000038,0.,0.));
#7460=CARTESIAN_POINT('',(-40.0000000000038,0.,0.));
#7461=CARTESIAN_POINT('',(-25.0000000000038,0.,0.));
#7462=CARTESIAN_POINT('',(-25.0000000000038,0.,0.));
#7463=CARTESIAN_POINT('',(-40.0000000000038,0.,0.));
#7464=CARTESIAN_POINT('',(-25.0000000000038,0.,0.));
#7465=CARTESIAN_POINT('',(-25.0000000000038,0.,0.));
#7466=CARTESIAN_POINT('',(-40.0000000000038,0.,0.));
#7467=CARTESIAN_POINT('',(-25.0000000000038,0.,0.));
#7468=CARTESIAN_POINT('',(-25.0000000000038,0.,0.));
#7469=CARTESIAN_POINT('',(-40.0000000000038,0.,0.));
#7470=CARTESIAN_POINT('',(-25.0000000000038,0.,0.));
#7471=CARTESIAN_POINT('',(-25.0000000000038,0.,0.));
#7472=CARTESIAN_POINT('',(-40.0000000000038,0.,0.));
#7473=CARTESIAN_POINT('',(-25.0000000000038,0.,0.));
#7474=CARTESIAN_POINT('',(-25.0000000000038,0.,0.));
#7475=CARTESIAN_POINT('',(-40.0000000000038,0.,0.));
#7476=CARTESIAN_POINT('',(-25.0000000000038,0.,0.));
#7477=CARTESIAN_POINT('',(-25.0000000000038,0.,0.));
#7478=CARTESIAN_POINT('',(-25.0000000000038,0.,0.));
#7479=CARTESIAN_POINT('',(-25.0000000000038,0.,0.));
#7480=CARTESIAN_POINT('',(-25.0000000000038,0.,0.));
#7481=CARTESIAN_POINT('',(-25.0000000000038,0.,0.));
#7482=CARTESIAN_POINT('',(-25.0000000000038,0.,0.));
#7483=CARTESIAN_POINT('',(-25.0000000000038,0.,0.));
#7484=CARTESIAN_POINT('',(-25.0000000000038,0.,0.));
#7485=CARTESIAN_POINT('',(-25.0000000000038,0.,0.));
#7486=CARTESIAN_POINT('',(-25.0000000000038,0.,0.));
#7487=CARTESIAN_POINT('',(-25.0000000000038,0.,0.));
#7488=CARTESIAN_POINT('',(-20.0000000000038,0.,0.));
#7489=CARTESIAN_POINT('',(-25.0000000000038,0.,0.));
#7490=CARTESIAN_POINT('',(-20.,-3.46410161513776,-1.99999999999999));
#7491=CARTESIAN_POINT('',(-20.,-3.46410161513776,-1.99999999999999));
#7492=CARTESIAN_POINT('',(-20.,-3.71410161513776,-1.56698729810777));
#7493=CARTESIAN_POINT('',(-20.0000000000038,0.,0.));
#7494=CARTESIAN_POINT('',(-20.0000000000038,0.,0.));
#7495=CARTESIAN_POINT('',(-25.0000000000038,0.,0.));
#7496=CARTESIAN_POINT('',(-20.,-3.46410161513775,2.));
#7497=CARTESIAN_POINT('',(-20.,-3.46410161513775,2.));
#7498=CARTESIAN_POINT('',(-20.,-3.21410161513775,2.43301270189222));
#7499=CARTESIAN_POINT('',(-20.0000000000038,0.,0.));
#7500=CARTESIAN_POINT('',(-20.0000000000038,0.,0.));
#7501=CARTESIAN_POINT('',(-25.0000000000038,0.,0.));
#7502=CARTESIAN_POINT('',(-20.,-1.07116438408633E-14,-4.));
#7503=CARTESIAN_POINT('',(-20.,-1.07116438408633E-14,-4.));
#7504=CARTESIAN_POINT('',(-20.,-0.500000000000009,-4.));
#7505=CARTESIAN_POINT('',(-20.0000000000038,0.,0.));
#7506=CARTESIAN_POINT('',(-20.0000000000038,0.,0.));
#7507=CARTESIAN_POINT('',(-25.0000000000038,0.,0.));
#7508=CARTESIAN_POINT('',(-20.,3.46410161513775,-2.00000000000001));
#7509=CARTESIAN_POINT('',(-20.,3.46410161513775,-2.00000000000001));
#7510=CARTESIAN_POINT('',(-20.,3.21410161513775,-2.43301270189223));
#7511=CARTESIAN_POINT('',(-20.0000000000038,0.,0.));
#7512=CARTESIAN_POINT('',(-20.0000000000038,0.,0.));
#7513=CARTESIAN_POINT('',(-25.0000000000038,0.,0.));
#7514=CARTESIAN_POINT('',(-20.,3.46410161513776,1.99999999999998));
#7515=CARTESIAN_POINT('',(-20.,3.46410161513776,1.99999999999998));
#7516=CARTESIAN_POINT('',(-20.,3.71410161513776,1.56698729810776));
#7517=CARTESIAN_POINT('',(-20.0000000000038,0.,0.));
#7518=CARTESIAN_POINT('',(-20.,1.34000092420309E-15,4.));
#7519=CARTESIAN_POINT('',(-20.,1.34000092420309E-15,4.));
#7520=CARTESIAN_POINT('',(-20.,0.5,4.));
#7521=CARTESIAN_POINT('',(-20.0000000000038,0.,0.));
#7522=CARTESIAN_POINT('',(-20.0000000000038,0.,0.));
#7523=CARTESIAN_POINT('',(-25.0000000000038,0.,0.));
#7524=CARTESIAN_POINT('',(-20.,1.34000092420309E-15,4.));
#7525=CARTESIAN_POINT('',(-20.,1.34000092420309E-15,4.));
#7526=CARTESIAN_POINT('',(-20.,0.5,4.));
#7527=CARTESIAN_POINT('',(-20.,3.46410161513776,1.99999999999998));
#7528=CARTESIAN_POINT('',(-20.,3.46410161513776,1.99999999999998));
#7529=CARTESIAN_POINT('',(-20.,3.71410161513776,1.56698729810776));
#7530=CARTESIAN_POINT('',(-20.,3.46410161513775,-2.00000000000001));
#7531=CARTESIAN_POINT('',(-20.,3.46410161513775,-2.00000000000001));
#7532=CARTESIAN_POINT('',(-20.,3.21410161513775,-2.43301270189223));
#7533=CARTESIAN_POINT('',(-20.,-1.07116438408633E-14,-4.));
#7534=CARTESIAN_POINT('',(-20.,-1.07116438408633E-14,-4.));
#7535=CARTESIAN_POINT('',(-20.,-0.500000000000009,-4.));
#7536=CARTESIAN_POINT('',(-20.,-3.46410161513775,2.));
#7537=CARTESIAN_POINT('',(-20.,-3.46410161513775,2.));
#7538=CARTESIAN_POINT('',(-20.,-3.21410161513775,2.43301270189222));
#7539=CARTESIAN_POINT('',(-20.,-3.46410161513776,-1.99999999999999));
#7540=CARTESIAN_POINT('',(-20.,-3.46410161513776,-1.99999999999999));
#7541=CARTESIAN_POINT('',(-20.,-3.71410161513776,-1.56698729810777));
#7542=MECHANICAL_DESIGN_GEOMETRIC_PRESENTATION_REPRESENTATION('',(#27,#23,
#24,#25),#7543);
#7543=(
GEOMETRIC_REPRESENTATION_CONTEXT(3)
GLOBAL_UNCERTAINTY_ASSIGNED_CONTEXT((#7544))
GLOBAL_UNIT_ASSIGNED_CONTEXT((#7550,#7546,#7545))
REPRESENTATION_CONTEXT('Collet ER32 3mm','TOP_LEVEL_ASSEMBLY_PART')
);
#7544=UNCERTAINTY_MEASURE_WITH_UNIT(LENGTH_MEASURE(0.0508),#7550,
'DISTANCE_ACCURACY_VALUE','Maximum Tolerance applied to model');
#7545=(
NAMED_UNIT(*)
SI_UNIT($,.STERADIAN.)
SOLID_ANGLE_UNIT()
);
#7546=(
CONVERSION_BASED_UNIT('DEGREE',#7548)
NAMED_UNIT(#7547)
PLANE_ANGLE_UNIT()
);
#7547=DIMENSIONAL_EXPONENTS(0.,0.,0.,0.,0.,0.,0.);
#7548=PLANE_ANGLE_MEASURE_WITH_UNIT(PLANE_ANGLE_MEASURE(0.0174532925),#7549);
#7549=(
NAMED_UNIT(*)
PLANE_ANGLE_UNIT()
SI_UNIT($,.RADIAN.)
);
#7550=(
LENGTH_UNIT()
NAMED_UNIT(*)
SI_UNIT(.MILLI.,.METRE.)
);
ENDSEC;
END-ISO-10303-21;
