ISO-10303-21;
HEADER;
FILE_DESCRIPTION (( 'STEP AP203' ),
    '1' );
FILE_NAME ('ER20-A.STEP',
    '2018-08-09T10:35:23',
    ( 'User' ),
    ( '' ),
    'SwSTEP 2.0',
    'SolidWorks 2017',
    '' );
FILE_SCHEMA (( 'CONFIG_CONTROL_DESIGN' ));
ENDSEC;

DATA;
#1 = DIRECTION ( 'NONE',  ( 0.5275916040776775800, 0.8494981455581541700, -7.749576248711831800E-013 ) ) ;
#2 = CARTESIAN_POINT ( 'NONE',  ( -12.83253174999999900, -4.169542318109122000, -11.27500000273117700 ) ) ;
#3 = DIRECTION ( 'NONE',  ( 0.9059282113491787800, 0.03585786205336042400, 0.4219102862109907500 ) ) ;
#4 = CARTESIAN_POINT ( 'NONE',  ( 11.74999999999999800, -3.817806430736651700, -17.09999999999999400 ) ) ;
#5 = CARTESIAN_POINT ( 'NONE',  ( 7.261899367811263800, 9.995146998136467800, -18.69999999999999600 ) ) ;
#6 = EDGE_CURVE ( 'NONE', #3434, #5427, #1059, .T. ) ;
#7 = CARTESIAN_POINT ( 'NONE',  ( 9.505949683905631900, 6.906476714436558400, -15.30000000546236500 ) ) ;
#8 = ORIENTED_EDGE ( 'NONE', *, *, #2984, .T. ) ;
#9 = DIRECTION ( 'NONE',  ( -0.0000000000000000000, -0.0000000000000000000, 1.000000000000000000 ) ) ;
#10 = EDGE_CURVE ( 'NONE', #4724, #3025, #1485, .T. ) ;
#11 = CARTESIAN_POINT ( 'NONE',  ( -15.00987524478827200, -7.937963921023430700, -10.00306845199180100 ) ) ;
#12 = CARTESIAN_POINT ( 'NONE',  ( -12.38295538954610300, 0.5831721200712823800, -21.64321024169587600 ) ) ;
#13 = ORIENTED_EDGE ( 'NONE', *, *, #4909, .F. ) ;
#14 = CARTESIAN_POINT ( 'NONE',  ( -15.00000000000000200, -5.386824490634269900, -1.666246719694391300 ) ) ;
#15 = CARTESIAN_POINT ( 'NONE',  ( 9.505949683905630100, -6.906476714436561100, -19.19999999999999600 ) ) ;
#16 =( BOUNDED_CURVE ( )  B_SPLINE_CURVE ( 2, ( #5103, #2125, #2959, #391, #3400, #837, #3834, #1258, #4280, #1714, #4706 ),
 .UNSPECIFIED., .F., .T. ) 
 B_SPLINE_CURVE_WITH_KNOTS ( ( 3, 2, 2, 2, 2, 3 ),
 ( 0.7142857142857141900, 0.7285714285714284300, 0.7428571428571427700, 0.7571428571428571200, 0.7714285714285714600, 0.7857142857142857000 ),
 .UNSPECIFIED. ) 
 CURVE ( )  GEOMETRIC_REPRESENTATION_ITEM ( )  RATIONAL_B_SPLINE_CURVE ( ( 1.000000000000000400, 0.9510565162951532000, 1.000000000000000000, 0.9510565162951535300, 1.000000000000000000, 0.9510565162951535300, 1.000000000000000000, 0.9510565162951535300, 1.000000000000000000, 0.9510565162951535300, 1.000000000000000000 ) ) 
 REPRESENTATION_ITEM ( '' )  );
#17 = VECTOR ( 'NONE', #1967, 1000.000000000000000 ) ;
#18 = DIRECTION ( 'NONE',  ( 1.000000000000000000, 0.0000000000000000000, 0.0000000000000000000 ) ) ;
#19 = ORIENTED_EDGE ( 'NONE', *, *, #5491, .T. ) ;
#20 = CARTESIAN_POINT ( 'NONE',  ( 8.840289046037003800, -8.002042188609600300, -21.14798843615303900 ) ) ;
#21 = DIRECTION ( 'NONE',  ( 0.0000000000000000000, -0.0000000000000000000, 1.000000000000000000 ) ) ;
#22 = CARTESIAN_POINT ( 'NONE',  ( 7.930940783212167700, 10.91600350634071700, -23.82500000273118300 ) ) ;
#23 = CARTESIAN_POINT ( 'NONE',  ( 7.261899367811261100, -9.995146998136467800, -13.29999999999999000 ) ) ;
#24 = EDGE_LOOP ( 'NONE', ( #2767, #293 ) ) ;
#25 = PLANE ( 'NONE',  #2635 ) ;
#26 = B_SPLINE_CURVE_WITH_KNOTS ( 'NONE', 3,
 ( #67, #3378, #2437, #291, #1770, #3404, #3694, #581, #834, #1482, #5044, #152, #3142, #5239, #584, #3386 ),
 .UNSPECIFIED., .F., .F.,
 ( 4, 3, 3, 3, 3, 4 ),
 ( 0.0000000000000000000, 4.682563982912728800E-005, 9.700198158700770900E-005, 0.0001235396555798690800, 0.0001307553798912218600, 0.0001412485351129092400 ),
 .UNSPECIFIED. ) ;
#27 = CARTESIAN_POINT ( 'NONE',  ( -12.83253174999999900, 1.571531893259428100E-015, -19.12500000273118100 ) ) ;
#28 = APPROVAL_PERSON_ORGANIZATION ( #973, #4000, #2025 ) ;
#29 = ADVANCED_FACE ( 'NONE', ( #315 ), #392, .T. ) ;
#30 = CALENDAR_DATE ( 2018, 9, 8 ) ;
#31 = SPHERICAL_SURFACE ( 'NONE', #4446, 0.1000000000000000100 ) ;
#32 = CARTESIAN_POINT ( 'NONE',  ( -7.919785729403222300, 9.770089868294968800, -21.81332245631211100 ) ) ;
#33 = CARTESIAN_POINT ( 'NONE',  ( -13.75000000000000400, 0.0000000000000000000, -23.00000000000000000 ) ) ;
#34 = CARTESIAN_POINT ( 'NONE',  ( -11.75000000000000200, -3.817806430736646400, -17.89999999999999100 ) ) ;
#35 = CARTESIAN_POINT ( 'NONE',  ( -11.74999999999999800, 1.438959988998139800E-015, -12.50000000546236500 ) ) ;
#36 = CARTESIAN_POINT ( 'NONE',  ( 0.1354581808271320100, -12.07045090716260200, -21.31468761654618000 ) ) ;
#37 = CARTESIAN_POINT ( 'NONE',  ( -15.04709094342989700, 7.911071617685561100, -10.09999999999997100 ) ) ;
#38 = CARTESIAN_POINT ( 'NONE',  ( -12.25422499607063500, -3.670560516869802600, -11.00000000000000400 ) ) ;
#39 = CARTESIAN_POINT ( 'NONE',  ( 3.965470391606081200, -12.20446294140195000, -22.52500000273117900 ) ) ;
#40 = DIRECTION ( 'NONE',  ( 1.000000000000000000, 0.0000000000000000000, 0.0000000000000000000 ) ) ;
#41 = EDGE_CURVE ( 'NONE', #2244, #762, #1324, .T. ) ;
#42 = ORIENTED_EDGE ( 'NONE', *, *, #3246, .F. ) ;
#43 = CARTESIAN_POINT ( 'NONE',  ( -0.6723564796411903900, -16.98669881890782900, -10.10000000000004200 ) ) ;
#44 = CARTESIAN_POINT ( 'NONE',  ( 0.0000000000000000000, 0.0000000000000000000, -22.00000000000000000 ) ) ;
#45 = CARTESIAN_POINT ( 'NONE',  ( -14.44146774628551100, 8.969058441831965200, -10.02793065430562400 ) ) ;
#46 =( BOUNDED_CURVE ( )  B_SPLINE_CURVE ( 3, ( #3319, #4200, #2486, #5460 ),
 .UNSPECIFIED., .F., .F. ) 
 B_SPLINE_CURVE_WITH_KNOTS ( ( 4, 4 ),
 ( 2.657554577411157300, 3.625630729768405400 ),
 .UNSPECIFIED. ) 
 CURVE ( )  GEOMETRIC_REPRESENTATION_ITEM ( )  RATIONAL_B_SPLINE_CURVE ( ( 1.000000000000000000, 0.9234153311148978200, 0.9234153311148978200, 1.000000000000000000 ) ) 
 REPRESENTATION_ITEM ( '' )  );
#47 = AXIS2_PLACEMENT_3D ( 'NONE', #3956, #944, #3518 ) ;
#48 = ORIENTED_EDGE ( 'NONE', *, *, #4727, .T. ) ;
#49 = DIRECTION ( 'NONE',  ( -0.0000000000000000000, -0.0000000000000000000, 1.000000000000000000 ) ) ;
#50 = CARTESIAN_POINT ( 'NONE',  ( 1.888384164359487900, 12.59397600048730000, -21.98139372863058600 ) ) ;
#51 = VECTOR ( 'NONE', #1209, 1000.000000000000000 ) ;
#52 = DIRECTION ( 'NONE',  ( -2.003086131649544200E-016, 1.000000000000000000, 2.003086131649550600E-016 ) ) ;
#53 = CARTESIAN_POINT ( 'NONE',  ( 3.630949683905631900, 11.17491406646805200, -16.59999999999999400 ) ) ;
#54 = AXIS2_PLACEMENT_3D ( 'NONE', #1282, #4300, #1739 ) ;
#55 = CARTESIAN_POINT ( 'NONE',  ( -15.66380898531114200, -6.657660836254845700, -10.66380898531114400 ) ) ;
#56 = ORIENTED_EDGE ( 'NONE', *, *, #5295, .F. ) ;
#57 = ADVANCED_FACE ( 'NONE', ( #1198 ), #5061, .F. ) ;
#58 = CIRCLE ( 'NONE', #813, 0.09999999999999939500 ) ;
#59 = CARTESIAN_POINT ( 'NONE',  ( -9.340673050206085300, -7.952288185261354900, -21.49210262170622700 ) ) ;
#60 = CARTESIAN_POINT ( 'NONE',  ( 12.15375191412636900, -10.30353613640399300, -1.724853803131133100 ) ) ;
#61 = CARTESIAN_POINT ( 'NONE',  ( -12.83253174999999600, 4.169542318109126500, -21.22500000273118200 ) ) ;
#62 = ORIENTED_EDGE ( 'NONE', *, *, #2948, .T. ) ;
#63 = CARTESIAN_POINT ( 'NONE',  ( 3.630949683905631900, 11.17491406646805200, -16.59999999999999400 ) ) ;
#64 = CONICAL_SURFACE ( 'NONE', #917, 8.000000000000000000, 0.5235987755983002600 ) ;
#65 = CARTESIAN_POINT ( 'NONE',  ( 0.6015710519885907300, -16.97569139326738300, -9.980734852579274700 ) ) ;
#66 = B_SPLINE_CURVE_WITH_KNOTS ( 'NONE', 3,
 ( #4813, #948, #3078, #3460, #4697, #2013, #2358, #808, #5549, #501, #2883, #3936, #852, #309, #408, #874 ),
 .UNSPECIFIED., .F., .F.,
 ( 4, 3, 3, 3, 3, 4 ),
 ( 0.0000000000000000000, 4.682563982912983000E-005, 9.700198158701678900E-005, 0.0001235396555798793700, 0.0001307553798912274700, 0.0001412485351129177800 ),
 .UNSPECIFIED. ) ;
#67 = CARTESIAN_POINT ( 'NONE',  ( 0.7037567805850144500, 16.94801430471915200, -10.02928932188137500 ) ) ;
#68 = DIRECTION ( 'NONE',  ( 1.000000000000000000, 0.0000000000000000000, 0.0000000000000000000 ) ) ;
#69 = VERTEX_POINT ( 'NONE', #1882 ) ;
#70 = DIRECTION ( 'NONE',  ( 0.9994827765599498800, 0.03215865917623530300, 3.841805742543265300E-013 ) ) ;
#71 = PLANE ( 'NONE',  #4241 ) ;
#72 = DIRECTION ( 'NONE',  ( 0.5000000000005054800, 0.8660254037841468300, 0.0000000000000000000 ) ) ;
#73 = DIRECTION ( 'NONE',  ( 0.8355695038802846100, 0.4824162779919173900, 0.2628652485850501200 ) ) ;
#74 = CARTESIAN_POINT ( 'NONE',  ( 7.261899367811261100, -9.995146998136467800, -15.29999999999999200 ) ) ;
#75 = CARTESIAN_POINT ( 'NONE',  ( -17.00000000000000000, 1.368099629446875000, -12.00000000000000400 ) ) ;
#76 = CARTESIAN_POINT ( 'NONE',  ( 14.32553254129632900, 9.083478402431708800, -10.02928932188129900 ) ) ;
#77 = CARTESIAN_POINT ( 'NONE',  ( 0.0000000000000000000, 0.0000000000000000000, 0.0000000000000000000 ) ) ;
#78 = CARTESIAN_POINT ( 'NONE',  ( 6.308073142706001900, -13.62080850089160400, -1.125359326319952400 ) ) ;
#79 = CARTESIAN_POINT ( 'NONE',  ( 10.38173626660608300, 7.542772912224920700, -19.92500000273118100 ) ) ;
#80 = EDGE_LOOP ( 'NONE', ( #2167, #5021, #2742, #4996 ) ) ;
#81 = DIRECTION ( 'NONE',  ( -0.7071067811865463500, 0.0000000000000000000, -0.7071067811865486800 ) ) ;
#82 = DIRECTION ( 'NONE',  ( 0.0000000000000000000, 1.000000000000000000, 0.0000000000000000000 ) ) ;
#83 = EDGE_CURVE ( 'NONE', #4720, #992, #4958, .T. ) ;
#84 = CARTESIAN_POINT ( 'NONE',  ( 8.665616505786433200, 12.31741205338036600, -1.154227903793623200 ) ) ;
#85 = ADVANCED_FACE ( 'NONE', ( #5026 ), #3607, .F. ) ;
#86 = EDGE_CURVE ( 'NONE', #2955, #2509, #4870, .T. ) ;
#87 = CARTESIAN_POINT ( 'NONE',  ( -12.97320508075688600, 1.588759407683109900E-015, -0.1000000000000000100 ) ) ;
#88 = ORIENTED_EDGE ( 'NONE', *, *, #4726, .F. ) ;
#89 = VERTEX_POINT ( 'NONE', #1248 ) ;
#90 = VECTOR ( 'NONE', #3061, 1000.000000000000000 ) ;
#91 = CARTESIAN_POINT ( 'NONE',  ( -0.4999999999999917800, 0.0000000000000000000, 22.28427124746190200 ) ) ;
#92 = CARTESIAN_POINT ( 'NONE',  ( -15.00954878181092100, 7.939185336773922700, -10.00160207241357700 ) ) ;
#93 = CARTESIAN_POINT ( 'NONE',  ( 0.5466970453336175200, -16.99120720668851100, -9.992710358795214600 ) ) ;
#94 = CARTESIAN_POINT ( 'NONE',  ( -7.930940783212169400, -10.91600350634071700, -16.82500000273118000 ) ) ;
#95 = ORIENTED_EDGE ( 'NONE', *, *, #1755, .F. ) ;
#96 = CARTESIAN_POINT ( 'NONE',  ( -11.74999999999999800, 1.438959988998139800E-015, -13.99999999999999300 ) ) ;
#97 = AXIS2_PLACEMENT_3D ( 'NONE', #3599, #5271, #4183 ) ;
#98 = CARTESIAN_POINT ( 'NONE',  ( -15.04709094342989700, 7.911071617685562900, -10.09999999999997300 ) ) ;
#99 = APPROVAL_DATE_TIME ( #2859, #4000 ) ;
#100 = CARTESIAN_POINT ( 'NONE',  ( -0.5450892730259246900, 16.94123306269151600, -2.280533563299028900 ) ) ;
#101 = DIRECTION ( 'NONE',  ( 5.204170427930386600E-014, -0.4653571539814871900, 0.8851229966723553900 ) ) ;
#102 = CARTESIAN_POINT ( 'NONE',  ( 0.5792995769051222400, -16.98604930902117300, -2.307030028425082000 ) ) ;
#103 = CARTESIAN_POINT ( 'NONE',  ( -2.478609629921899900E-015, -13.49292237646318400, -18.62500000273118100 ) ) ;
#104 = CIRCLE ( 'NONE', #2953, 0.09999999999999939500 ) ;
#105 = CARTESIAN_POINT ( 'NONE',  ( -14.40357986336458400, 9.005837194799994400, -9.973338977103585600 ) ) ;
#106 = CARTESIAN_POINT ( 'NONE',  ( -1.108646300902173400, 12.05059919758536300, -11.16418443118788800 ) ) ;
#107 = CARTESIAN_POINT ( 'NONE',  ( -8.000000000000000000, 9.797174393178825700E-016, 0.0000000000000000000 ) ) ;
#108 = ORIENTED_EDGE ( 'NONE', *, *, #587, .F. ) ;
#109 = CARTESIAN_POINT ( 'NONE',  ( -15.00076980886497300, -7.972083668385386600, -9.971170660346095000 ) ) ;
#110 = CARTESIAN_POINT ( 'NONE',  ( 17.00000000000000000, -2.770003367575442500, -12.04142135623731700 ) ) ;
#111 = PLANE ( 'NONE',  #1729 ) ;
#112 = CARTESIAN_POINT ( 'NONE',  ( 12.83253174999999600, 4.169542318109123800, -24.02500000273117900 ) ) ;
#113 = CARTESIAN_POINT ( 'NONE',  ( 7.261899367811263800, 9.995146998136467800, -12.69999999999999200 ) ) ;
#114 = B_SPLINE_CURVE_WITH_KNOTS ( 'NONE', 3,
 ( #2804, #1530, #691, #3682, #1120, #4135, #1570, #4561, #2000, #4985, #2424, #5404, #2839, #271, #3266, #711 ),
 .UNSPECIFIED., .F., .F.,
 ( 4, 3, 3, 3, 3, 4 ),
 ( 0.0000000000000000000, 1.053116858467008800E-005, 1.777303316951942500E-005, 4.440684471231967900E-005, 9.476495939283343600E-005, 0.0001417602336174796300 ),
 .UNSPECIFIED. ) ;
#115 = ADVANCED_FACE ( 'NONE', ( #1253 ), #4560, .T. ) ;
#116 = DIRECTION ( 'NONE',  ( 1.000000000000000000, 0.0000000000000000000, 0.0000000000000000000 ) ) ;
#117 = CARTESIAN_POINT ( 'NONE',  ( 0.0000000000000000000, 0.0000000000000000000, -7.499999999999997300 ) ) ;
#118 = CIRCLE ( 'NONE', #1309, 12.50000000000000000 ) ;
#119 = CARTESIAN_POINT ( 'NONE',  ( -10.38173626660608100, 7.542772912224922500, -17.32500000273118000 ) ) ;
#120 = EDGE_CURVE ( 'NONE', #3265, #1555, #3519, .T. ) ;
#121 = EDGE_CURVE ( 'NONE', #5351, #4894, #4626, .T. ) ;
#122 = VERTEX_POINT ( 'NONE', #4673 ) ;
#123 =( BOUNDED_CURVE ( )  B_SPLINE_CURVE ( 2, ( #2945, #5189, #7, #4883, #3452, #5175, #2232, #5220, #4638, #2225, #2575 ),
 .UNSPECIFIED., .F., .F. ) 
 B_SPLINE_CURVE_WITH_KNOTS ( ( 3, 2, 2, 2, 2, 3 ),
 ( 0.5714285714285714000, 0.5857142857142857400, 0.5999999999999999800, 0.6142857142857142100, 0.6285714285714284500, 0.6428571428571427900 ),
 .UNSPECIFIED. ) 
 CURVE ( )  GEOMETRIC_REPRESENTATION_ITEM ( )  RATIONAL_B_SPLINE_CURVE ( ( 1.000000000000000000, 0.9510565162951535300, 1.000000000000000000, 0.9510565162951535300, 1.000000000000000000, 0.9510565162951535300, 1.000000000000000000, 0.9510565162951535300, 1.000000000000000000, 0.9510565162951538600, 0.9999999999999996700 ) ) 
 REPRESENTATION_ITEM ( '' )  );
#124 = ORIENTED_EDGE ( 'NONE', *, *, #1091, .F. ) ;
#125 = AXIS2_PLACEMENT_3D ( 'NONE', #4186, #749, #1630 ) ;
#126 = AXIS2_PLACEMENT_3D ( 'NONE', #1153, #1565, #4197 ) ;
#127 = EDGE_LOOP ( 'NONE', ( #1655, #5094, #3306, #2706 ) ) ;
#128 = DIRECTION ( 'NONE',  ( 0.0000000000000000000, 0.0000000000000000000, -1.000000000000000000 ) ) ;
#129 = CARTESIAN_POINT ( 'NONE',  ( -15.04709094342989500, -7.911071617685562900, -10.09999999999997100 ) ) ;
#130 = CARTESIAN_POINT ( 'NONE',  ( -13.26831337651055900, -9.597328938048702800, -1.925392582448126800 ) ) ;
#131 = CARTESIAN_POINT ( 'NONE',  ( 2.048514720206098300, 16.93060768932062000, -10.68659372055871000 ) ) ;
#132 = CARTESIAN_POINT ( 'NONE',  ( 3.630949683905629200, -11.17491406646805400, -11.39999999999999300 ) ) ;
#133 = AXIS2_PLACEMENT_3D ( 'NONE', #1785, #4774, #2200 ) ;
#134 = CARTESIAN_POINT ( 'NONE',  ( -4.535026545690472600, -14.64308366413490100, -1.337025872667490600 ) ) ;
#135 = VERTEX_POINT ( 'NONE', #2109 ) ;
#136 = DIRECTION ( 'NONE',  ( 1.000000000000000000, 0.0000000000000000000, 0.0000000000000000000 ) ) ;
#137 = CARTESIAN_POINT ( 'NONE',  ( 0.0000000000000000000, 0.0000000000000000000, -2.280533563299029300 ) ) ;
#138 = LINE ( 'NONE', #226, #5429 ) ;
#139 = CARTESIAN_POINT ( 'NONE',  ( 12.83253174999999600, 4.169542318109123800, -16.02500000273117900 ) ) ;
#140 = CARTESIAN_POINT ( 'NONE',  ( -6.448175101873987500, -11.12654649389952000, -11.00000000000000500 ) ) ;
#141 = DIRECTION ( 'NONE',  ( 0.0000000000000000000, 0.0000000000000000000, 1.000000000000000000 ) ) ;
#142 = ADVANCED_FACE ( 'NONE', ( #3536 ), #1897, .T. ) ;
#143 = CARTESIAN_POINT ( 'NONE',  ( -7.930940783212169400, -10.91600350634071900, -20.82500000273118000 ) ) ;
#144 = VERTEX_POINT ( 'NONE', #1678 ) ;
#145 = CARTESIAN_POINT ( 'NONE',  ( -6.377175337619897600, 16.72345273632932500, -12.67152257745952700 ) ) ;
#146 = CARTESIAN_POINT ( 'NONE',  ( -11.74999999999999800, 1.438959988998139800E-015, -20.50000000546236800 ) ) ;
#147 = ORIENTED_EDGE ( 'NONE', *, *, #4443, .F. ) ;
#148 = CARTESIAN_POINT ( 'NONE',  ( -0.5450892730259083700, -16.94123306269152000, -2.280533563299028900 ) ) ;
#149 = CARTESIAN_POINT ( 'NONE',  ( -0.6138329411821901200, 16.98893145302073300, -10.06922246954053100 ) ) ;
#150 = CARTESIAN_POINT ( 'NONE',  ( -10.38173626660608100, 7.542772912224922500, -23.57500000273118300 ) ) ;
#151 = CARTESIAN_POINT ( 'NONE',  ( -8.665616505785841600, -12.31741205337918100, -1.154227903794057900 ) ) ;
#152 = CARTESIAN_POINT ( 'NONE',  ( 0.5963579265157185100, 16.97708956499240100, -9.971170660346125200 ) ) ;
#153 = EDGE_LOOP ( 'NONE', ( #3873, #4218, #3308, #3379 ) ) ;
#154 = EDGE_CURVE ( 'NONE', #1952, #1075, #3472, .T. ) ;
#155 = EDGE_LOOP ( 'NONE', ( #3492, #3585, #4849, #3637, #5022, #2384, #4325, #3905, #695, #5087, #2676, #4203, #2692, #4833, #1318 ) ) ;
#156 = CARTESIAN_POINT ( 'NONE',  ( -3.965470391606085600, -12.20446294140194800, -14.72500000273118000 ) ) ;
#157 = LINE ( 'NONE', #165, #1114 ) ;
#158 = CARTESIAN_POINT ( 'NONE',  ( -1.825141957710094900, -12.56880530049229700, -10.99999999999999600 ) ) ;
#159 = ORIENTED_EDGE ( 'NONE', *, *, #3860, .F. ) ;
#160 = AXIS2_PLACEMENT_3D ( 'NONE', #474, #3577, #2325 ) ;
#161 = CARTESIAN_POINT ( 'NONE',  ( -3.965470391606082900, 12.20446294140195000, -19.52500000273117900 ) ) ;
#162 = VERTEX_POINT ( 'NONE', #2983 ) ;
#163 = AXIS2_PLACEMENT_3D ( 'NONE', #4453, #1817, #2392 ) ;
#164 = CARTESIAN_POINT ( 'NONE',  ( -0.4999999999999917800, 0.0000000000000000000, 22.28427124746190200 ) ) ;
#165 = CARTESIAN_POINT ( 'NONE',  ( 11.74999999999999800, 0.0000000000000000000, 0.0000000000000000000 ) ) ;
#166 = CARTESIAN_POINT ( 'NONE',  ( -2.269518105932784400E-015, -12.35468113479963900, -18.00000000546236500 ) ) ;
#167 = CARTESIAN_POINT ( 'NONE',  ( 13.26595698052932400, 9.598693264563646500, -1.924652450117050800 ) ) ;
#168 = CARTESIAN_POINT ( 'NONE',  ( 12.83253174999999600, 4.169542318109123800, -22.27500000273117200 ) ) ;
#169 = CARTESIAN_POINT ( 'NONE',  ( -14.40651865993280500, -9.002900649291200700, -2.367136103677471800 ) ) ;
#170 = ADVANCED_FACE ( 'NONE', ( #1400 ), #4688, .F. ) ;
#171 = CONICAL_SURFACE ( 'NONE', #3171, 10.00000000000000000, 0.7853981633974570500 ) ;
#172 = CARTESIAN_POINT ( 'NONE',  ( 9.505949683905630100, -6.906476714436561100, -15.19999999999999400 ) ) ;
#173 = CARTESIAN_POINT ( 'NONE',  ( -7.930940783212167700, 10.91600350634071700, -13.42500000273117800 ) ) ;
#174 = CARTESIAN_POINT ( 'NONE',  ( -8.661160795059798200, 12.31998455916638200, -1.238596098757265500 ) ) ;
#175 = CARTESIAN_POINT ( 'NONE',  ( 3.630949683905629200, -11.17491406646805400, -13.90000000546236500 ) ) ;
#176 = CARTESIAN_POINT ( 'NONE',  ( -0.5466972059847699000, 16.99120720151951500, 0.0000000000000000000 ) ) ;
#177 = CARTESIAN_POINT ( 'NONE',  ( -14.95000000000000100, -2.090785878581070500E-015, -1.125833024919773900 ) ) ;
#178 = CARTESIAN_POINT ( 'NONE',  ( 1.723392470316131900, -16.32550696903238200, -2.011672711641495900 ) ) ;
#179 = CARTESIAN_POINT ( 'NONE',  ( 12.83253174999999800, -4.169542318109129100, -18.22500000273118200 ) ) ;
#180 = ORIENTED_EDGE ( 'NONE', *, *, #5364, .T. ) ;
#182 = ORIENTED_EDGE ( 'NONE', *, *, #3459, .F. ) ;
#181 = CARTESIAN_POINT ( 'NONE',  ( -3.965470391606085600, -12.20446294140194800, -20.97500000273118200 ) ) ;
#183 = CARTESIAN_POINT ( 'NONE',  ( -5.834749909544116000, 10.69490784055359700, -11.08261230458874800 ) ) ;
#184 = CARTESIAN_POINT ( 'NONE',  ( -0.6605415258660359800, -16.95977337743439200, -10.01562160393510000 ) ) ;
#185 = CARTESIAN_POINT ( 'NONE',  ( 17.00000000000000000, 0.0000000000000000000, -12.04142135623731700 ) ) ;
#186 = CARTESIAN_POINT ( 'NONE',  ( -9.505949683905630100, 6.906476714436559300, -20.70000000546236800 ) ) ;
#187 = CARTESIAN_POINT ( 'NONE',  ( -3.965470391606085600, -12.20446294140194800, -20.97500000273118200 ) ) ;
#188 = CARTESIAN_POINT ( 'NONE',  ( -3.630949683905630600, 11.17491406646805400, -18.90000000546236700 ) ) ;
#189 = CARTESIAN_POINT ( 'NONE',  ( 12.72969073964801900, 11.30057161737918000, -11.15142746775977600 ) ) ;
#190 = VECTOR ( 'NONE', #1704, 1000.000000000000000 ) ;
#191 = VECTOR ( 'NONE', #2101, 1000.000000000000000 ) ;
#192 = CARTESIAN_POINT ( 'NONE',  ( -14.39899356721074900, 8.942677689116632000, -2.280533563299041800 ) ) ;
#193 =( BOUNDED_SURFACE ( )  B_SPLINE_SURFACE ( 3, 2, ( 
 ( #2828, #4973, #1557 ),
 ( #259, #3251, #696 ),
 ( #3689, #1125, #4141 ),
 ( #1576, #4568, #2005 ) ),
 .UNSPECIFIED., .F., .F., .F. ) 
 B_SPLINE_SURFACE_WITH_KNOTS ( ( 4, 4 ),
 ( 3, 3 ),
 ( 0.0002667430622044885800, 0.0004638894166354493300 ),
 ( 0.0000000000000000000, 1.000000000000000000 ),
 .UNSPECIFIED. ) 
 GEOMETRIC_REPRESENTATION_ITEM ( )  RATIONAL_B_SPLINE_SURFACE ( (
 ( 1.000000000000000000, 0.9699630933014211600, 1.000000000000000000),
 ( 1.000000000000000000, 0.9687131023552724200, 1.000000000000000000),
 ( 1.000000000000000000, 0.9339354041471065200, 1.000000000000000000),
 ( 1.000000000000000000, 0.9016308760050619800, 1.000000000000000000) ) ) 
 REPRESENTATION_ITEM ( '' )  SURFACE ( )  );
#194 = CARTESIAN_POINT ( 'NONE',  ( 12.83253174999999900, 0.0000000000000000000, -12.12500000273118100 ) ) ;
#195 = EDGE_CURVE ( 'NONE', #4708, #5432, #118, .T. ) ;
#196 = ORIENTED_EDGE ( 'NONE', *, *, #4795, .F. ) ;
#197 = ORIENTED_EDGE ( 'NONE', *, *, #3244, .F. ) ;
#198 = EDGE_CURVE ( 'NONE', #2275, #3545, #3669, .T. ) ;
#199 = CARTESIAN_POINT ( 'NONE',  ( 14.99999999999999800, -5.370926470393114500, -1.723673645825296800 ) ) ;
#200 = CIRCLE ( 'NONE', #238, 10.16506350946110300 ) ;
#201 = CARTESIAN_POINT ( 'NONE',  ( 14.40651865993279100, -9.002900649291218500, -2.367136103677470500 ) ) ;
#202 = ADVANCED_FACE ( 'NONE', ( #2664 ), #866, .T. ) ;
#203 = CARTESIAN_POINT ( 'NONE',  ( -10.38173626660608300, -7.542772912224919000, -16.92500000273117800 ) ) ;
#204 = ORIENTED_EDGE ( 'NONE', *, *, #1831, .T. ) ;
#205 = FACE_OUTER_BOUND ( 'NONE', #349, .T. ) ;
#206 = CARTESIAN_POINT ( 'NONE',  ( -7.930940783212167700, 10.91600350634071900, -19.67500000273117800 ) ) ;
#207 = DIRECTION ( 'NONE',  ( -0.0000000000000000000, -0.0000000000000000000, 1.000000000000000000 ) ) ;
#208 = CARTESIAN_POINT ( 'NONE',  ( 14.40059446738035800, 9.008821509836886700, -9.980734852578969200 ) ) ;
#209 = DIRECTION ( 'NONE',  ( 1.000000000000000000, 0.0000000000000000000, 0.0000000000000000000 ) ) ;
#210 = DIRECTION ( 'NONE',  ( 0.4999999999999774600, -0.8660254037844515900, 7.806255641895648300E-014 ) ) ;
#211 = CARTESIAN_POINT ( 'NONE',  ( 8.262032099739667100E-016, 13.49292237646318400, -21.62500000273117700 ) ) ;
#212 = CARTESIAN_POINT ( 'NONE',  ( -7.930940783212167700, 10.91600350634071700, -19.67500000273117400 ) ) ;
#213 = ORIENTED_EDGE ( 'NONE', *, *, #3094, .F. ) ;
#214 = CARTESIAN_POINT ( 'NONE',  ( 0.0000000000000000000, 0.0000000000000000000, 0.0000000000000000000 ) ) ;
#215 = CARTESIAN_POINT ( 'NONE',  ( 16.83323723930670100, 2.742804231374511100, -11.87563955296046600 ) ) ;
#216 = CARTESIAN_POINT ( 'NONE',  ( 0.5934813400672154200, 16.97786146424195800, -2.367136103677470500 ) ) ;
#217 = ORIENTED_EDGE ( 'NONE', *, *, #1545, .T. ) ;
#218 = CARTESIAN_POINT ( 'NONE',  ( -7.930940783212169400, -10.91600350634071700, -10.82500000273118000 ) ) ;
#219 = CARTESIAN_POINT ( 'NONE',  ( 14.99999999999999600, -0.6561973828172977800, -1.154064851267651000 ) ) ;
#220 = VERTEX_POINT ( 'NONE', #2723 ) ;
#221 = CARTESIAN_POINT ( 'NONE',  ( 8.262032099739666100E-016, 13.49292237646318100, -15.62500000273117700 ) ) ;
#222 = ORIENTED_EDGE ( 'NONE', *, *, #1758, .F. ) ;
#223 = CARTESIAN_POINT ( 'NONE',  ( 12.83253174999999900, 0.0000000000000000000, -18.37500000273117700 ) ) ;
#224 = CARTESIAN_POINT ( 'NONE',  ( 0.0000000000000000000, 0.0000000000000000000, -2.280533563299027600 ) ) ;
#225 = CARTESIAN_POINT ( 'NONE',  ( -11.32561315463108200, -13.90507955699087700, -12.74223325557816900 ) ) ;
#226 = CARTESIAN_POINT ( 'NONE',  ( 14.99999999999999800, 2.996332143051008200E-015, -9.958578643762688600 ) ) ;
#227 = VERTEX_POINT ( 'NONE', #3271 ) ;
#228 = CARTESIAN_POINT ( 'NONE',  ( 12.83253174999999900, 0.0000000000000000000, -18.37500000273117700 ) ) ;
#229 = CARTESIAN_POINT ( 'NONE',  ( -3.965470391606085600, -12.20446294140194800, -22.97500000273118200 ) ) ;
#230 = ADVANCED_FACE ( 'NONE', ( #2205 ), #288, .T. ) ;
#231 = EDGE_CURVE ( 'NONE', #4629, #556, #534, .T. ) ;
#232 = CARTESIAN_POINT ( 'NONE',  ( 9.806418796035183400, 11.60029740082394600, -1.232699198645898800 ) ) ;
#233 = EDGE_CURVE ( 'NONE', #3714, #1563, #3617, .T. ) ;
#234 = VERTEX_POINT ( 'NONE', #4466 ) ;
#235 = LINE ( 'NONE', #2638, #90 ) ;
#236 = CARTESIAN_POINT ( 'NONE',  ( 14.94567891083728600, 6.698909259950374600, -1.927261973810658400 ) ) ;
#237 = CARTESIAN_POINT ( 'NONE',  ( 7.261899367811263800, 9.995146998136467800, -15.20000000546236400 ) ) ;
#238 = AXIS2_PLACEMENT_3D ( 'NONE', #2827, #5385, #2409 ) ;
#239 = CARTESIAN_POINT ( 'NONE',  ( -14.35651865993284000, -8.916298108912702200, -2.367136103677472700 ) ) ;
#240 = CARTESIAN_POINT ( 'NONE',  ( 10.38173626660608100, -7.542772912224923400, -14.32500000273118000 ) ) ;
#241 = CYLINDRICAL_SURFACE ( 'NONE', #3754, 0.09999999999999999200 ) ;
#242 = CARTESIAN_POINT ( 'NONE',  ( -7.930940783212169400, -10.91600350634071900, -17.07500000273117600 ) ) ;
#243 = AXIS2_PLACEMENT_3D ( 'NONE', #270, #3262, #707 ) ;
#244 = CARTESIAN_POINT ( 'NONE',  ( 12.12136284307137400, -10.26125880627216000, -1.633021506026199000 ) ) ;
#245 = CARTESIAN_POINT ( 'NONE',  ( -7.930940783212169400, -10.91600350634071700, -17.07500000273117300 ) ) ;
#246 = CARTESIAN_POINT ( 'NONE',  ( -7.930940783212167700, 10.91600350634071700, -21.67500000273117400 ) ) ;
#247 = ORIENTED_EDGE ( 'NONE', *, *, #2290, .F. ) ;
#248 = CARTESIAN_POINT ( 'NONE',  ( 0.5466972059847576800, -16.99120720151951100, -9.958578643762596300 ) ) ;
#249 = DIRECTION ( 'NONE',  ( 1.000000000000000000, 0.0000000000000000000, 0.0000000000000000000 ) ) ;
#250 = PRODUCT_DEFINITION ( 'UNKNOWN', '', #1707, #300 ) ;
#251 = VECTOR ( 'NONE', #1467, 999.9999999999998900 ) ;
#252 = ADVANCED_FACE ( 'NONE', ( #1624 ), #5294, .T. ) ;
#253 = CARTESIAN_POINT ( 'NONE',  ( -12.83253175000000100, -4.169542318109122000, -13.02500000273117900 ) ) ;
#254 = CIRCLE ( 'NONE', #2682, 0.09999999999999978400 ) ;
#255 = CARTESIAN_POINT ( 'NONE',  ( -3.965470391606082900, 12.20446294140195000, -15.77500000273118100 ) ) ;
#256 = CARTESIAN_POINT ( 'NONE',  ( 9.505949683905630100, -6.906476714436561100, -17.19999999999999200 ) ) ;
#257 = ORIENTED_EDGE ( 'NONE', *, *, #1426, .T. ) ;
#258 = CARTESIAN_POINT ( 'NONE',  ( -0.6723564796411903900, -16.98669881890782900, -10.10000000000004200 ) ) ;
#259 = CARTESIAN_POINT ( 'NONE',  ( -15.00000000000000000, -7.974959606125077400, -9.993233096986578800 ) ) ;
#260 = CARTESIAN_POINT ( 'NONE',  ( -3.965470391606085600, -12.20446294140194800, -16.72500000273117800 ) ) ;
#261 = CARTESIAN_POINT ( 'NONE',  ( -3.965470391606082900, 12.20446294140195000, -15.77500000273118100 ) ) ;
#262 = CYLINDRICAL_SURFACE ( 'NONE', #5310, 11.74999999999999800 ) ;
#263 = EDGE_CURVE ( 'NONE', #1943, #387, #2615, .T. ) ;
#264 = CARTESIAN_POINT ( 'NONE',  ( 12.83253174999999900, 0.0000000000000000000, -20.37500000273118100 ) ) ;
#265 = VERTEX_POINT ( 'NONE', #2728 ) ;
#266 = CARTESIAN_POINT ( 'NONE',  ( 12.36611448285538200, 3.171644797492352700, -21.99492278469871600 ) ) ;
#267 = FACE_OUTER_BOUND ( 'NONE', #1723, .T. ) ;
#268 = CARTESIAN_POINT ( 'NONE',  ( -0.5656273915401405200, -16.99060422790146800, -10.02281938474087400 ) ) ;
#269 = EDGE_CURVE ( 'NONE', #5502, #2305, #1812, .T. ) ;
#270 = CARTESIAN_POINT ( 'NONE',  ( -14.89999999999997200, 7.974960814950814700, -2.367136103677472700 ) ) ;
#271 = CARTESIAN_POINT ( 'NONE',  ( 14.34693653109207100, -9.062257443025103500, -10.02101836034094600 ) ) ;
#272 = CARTESIAN_POINT ( 'NONE',  ( 3.965470391606083800, 12.20446294140194800, -11.72500000273117800 ) ) ;
#273 = CARTESIAN_POINT ( 'NONE',  ( 12.83253174999999800, -4.169542318109129100, -14.47500000273118000 ) ) ;
#274 = CARTESIAN_POINT ( 'NONE',  ( -3.630949683905633200, -11.17491406646805200, -10.10000000546236600 ) ) ;
#275 = APPROVAL_STATUS ( 'not_yet_approved' ) ;
#276 = CARTESIAN_POINT ( 'NONE',  ( 12.83253174999999600, -4.169542318109129100, -14.47500000273118000 ) ) ;
#277 = ORIENTED_EDGE ( 'NONE', *, *, #1758, .T. ) ;
#278 = CARTESIAN_POINT ( 'NONE',  ( -7.930940783212169400, -10.91600350634071700, -19.07500000273117600 ) ) ;
#279 = CARTESIAN_POINT ( 'NONE',  ( 5.732728443489338400, 10.70293605757096200, -21.36893880388423000 ) ) ;
#280 = CARTESIAN_POINT ( 'NONE',  ( 3.630949683905631900, 11.17491406646805200, -12.59999999999999300 ) ) ;
#281 = ORIENTED_EDGE ( 'NONE', *, *, #1136, .T. ) ;
#282 = CARTESIAN_POINT ( 'NONE',  ( 15.02928932188134300, -7.864535902287415500, -10.02928932188134500 ) ) ;
#283 = VERTEX_POINT ( 'NONE', #5299 ) ;
#284 = CARTESIAN_POINT ( 'NONE',  ( 9.505949683905631900, 6.906476714436558400, -20.79999999999999400 ) ) ;
#285 = CARTESIAN_POINT ( 'NONE',  ( -4.071058449250589200E-013, -11.74999999999999800, -11.50000000000000500 ) ) ;
#286 = ORIENTED_EDGE ( 'NONE', *, *, #1725, .F. ) ;
#287 = CARTESIAN_POINT ( 'NONE',  ( -10.38173626660608300, -7.542772912224919000, -13.17500000273118100 ) ) ;
#288 =( BOUNDED_SURFACE ( )  B_SPLINE_SURFACE ( 3, 2, ( 
 ( #2843, #3984, #2143 ),
 ( #5016, #5290, #1621 ),
 ( #4285, #2483, #4270 ),
 ( #334, #2632, #1077 ),
 ( #4768, #1472, #1506 ),
 ( #1058, #3624, #3556 ) ),
 .UNSPECIFIED., .F., .F., .F. ) 
 B_SPLINE_SURFACE_WITH_KNOTS ( ( 4, 2, 4 ),
 ( 3, 3 ),
 ( 0.0001833793796155424900, 0.0002817301968087418300, 0.0003800810140019412000 ),
 ( 0.0000000000000000000, 1.000000000000000000 ),
 .UNSPECIFIED. ) 
 GEOMETRIC_REPRESENTATION_ITEM ( )  RATIONAL_B_SPLINE_SURFACE ( (
 ( 1.000000000000000000, 0.9016308760046704000, 1.000000000000000000),
 ( 1.000000000000000000, 0.9186058171700566300, 1.000000000000000000),
 ( 1.000000000000000000, 0.9341899376200606400, 1.000000000000000000),
 ( 1.000000000000000000, 0.9601444561880236900, 1.000000000000000000),
 ( 1.000000000000000000, 0.9699816059769402800, 1.000000000000000000),
 ( 1.000000000000000000, 0.9699630933014242700, 1.000000000000000000) ) ) 
 REPRESENTATION_ITEM ( '' )  SURFACE ( )  );
#289 = CARTESIAN_POINT ( 'NONE',  ( -14.98816568047337400, 8.022149932198987100, -9.958578643762692200 ) ) ;
#290 = CARTESIAN_POINT ( 'NONE',  ( -0.6136889516050515500, 16.98893666283526100, -10.06913204489066000 ) ) ;
#291 = CARTESIAN_POINT ( 'NONE',  ( 0.6605415258660521900, 16.95977337743439200, -10.01562160393505800 ) ) ;
#292 = CARTESIAN_POINT ( 'NONE',  ( -10.38173626660608300, -7.542772912224919000, -13.17500000273118100 ) ) ;
#293 = ORIENTED_EDGE ( 'NONE', *, *, #2290, .T. ) ;
#294 = EDGE_CURVE ( 'NONE', #4593, #5221, #3887, .T. ) ;
#295 =( BOUNDED_SURFACE ( )  B_SPLINE_SURFACE ( 3, 2, ( 
 ( #1706, #5446, #5525 ),
 ( #2971, #402, #3408 ),
 ( #848, #3844, #1272 ),
 ( #4286, #1726, #4715 ),
 ( #2150, #5132, #2571 ),
 ( #5542, #2989, #419 ),
 ( #3428, #864, #3866 ),
 ( #1291, #4309, #1744 ),
 ( #4733, #2163, #5150 ),
 ( #2586, #14, #3006 ),
 ( #436, #3448, #882 ),
 ( #3882, #1314, #4326 ) ),
 .UNSPECIFIED., .F., .F., .F. ) 
 B_SPLINE_SURFACE_WITH_KNOTS ( ( 4, 2, 2, 2, 2, 4 ),
 ( 3, 3 ),
 ( 0.04982978226998065200, 0.05385790164012852600, 0.05587196132520246000, 0.05788602101027640100, 0.06191414038042427500, 0.06594225975057214900 ),
 ( 0.0000000000000000000, 1.000000000000000000 ),
 .UNSPECIFIED. ) 
 GEOMETRIC_REPRESENTATION_ITEM ( )  RATIONAL_B_SPLINE_SURFACE ( (
 ( 1.000000000000000000, 0.8487721727197667900, 1.000000000000000000),
 ( 1.000000000000000000, 0.8534474419983892900, 1.000000000000000000),
 ( 1.000000000000000000, 0.8578256894787751300, 1.000000000000000000),
 ( 1.000000000000000000, 0.8625933588196282900, 1.000000000000000000),
 ( 1.000000000000000000, 0.8638705585344105300, 1.000000000000000000),
 ( 1.000000000000000000, 0.8655910603123285800, 1.000000000000000000),
 ( 1.000000000000000000, 0.8660360935789500600, 1.000000000000000000),
 ( 1.000000000000000000, 0.8660034316947874400, 1.000000000000000000),
 ( 1.000000000000000000, 0.8641130957734976000, 1.000000000000000000),
 ( 1.000000000000000000, 0.8578165930656668200, 1.000000000000000000),
 ( 1.000000000000000000, 0.8534668811377231800, 1.000000000000000000),
 ( 1.000000000000000000, 0.8487721727197667900, 1.000000000000000000) ) ) 
 REPRESENTATION_ITEM ( '' )  SURFACE ( )  );
#296 = CIRCLE ( 'NONE', #1686, 0.09999999999999939500 ) ;
#297 = EDGE_CURVE ( 'NONE', #992, #5497, #1547, .T. ) ;
#298 = CIRCLE ( 'NONE', #3059, 16.95000000000000300 ) ;
#299 = CARTESIAN_POINT ( 'NONE',  ( -14.94935704115119900, 2.701012322648400400, -1.233473876947061700 ) ) ;
#300 = DESIGN_CONTEXT ( 'detailed design', #4569, 'design' ) ;
#301 = DIRECTION ( 'NONE',  ( -0.0000000000000000000, -0.0000000000000000000, -1.000000000000000000 ) ) ;
#302 = LINE ( 'NONE', #1629, #2003 ) ;
#303 = AXIS2_PLACEMENT_3D ( 'NONE', #5328, #2860, #4682 ) ;
#304 = CARTESIAN_POINT ( 'NONE',  ( -14.98816568047337400, -8.022149932198983500, -9.958578643762692200 ) ) ;
#305 = CARTESIAN_POINT ( 'NONE',  ( -3.965470391606082900, 12.20446294140195000, -21.77500000273117900 ) ) ;
#306 = CARTESIAN_POINT ( 'NONE',  ( 8.262032099739666100E-016, 13.49292237646318100, -11.87500000273118100 ) ) ;
#307 = AXIS2_PLACEMENT_3D ( 'NONE', #4538, #2822, #3659 ) ;
#308 = CARTESIAN_POINT ( 'NONE',  ( -14.42070042309491900, 8.994712804511980400, -2.307030028425095700 ) ) ;
#309 = CARTESIAN_POINT ( 'NONE',  ( 15.00019640029501600, 7.974227012279941500, -9.965647342848566100 ) ) ;
#310 = CARTESIAN_POINT ( 'NONE',  ( 8.262032099739667100E-016, 13.49292237646318400, -11.87500000273118100 ) ) ;
#311 = ORIENTED_EDGE ( 'NONE', *, *, #2046, .F. ) ;
#312 = CARTESIAN_POINT ( 'NONE',  ( 3.965470391606081200, -12.20446294140195000, -10.52500000273117900 ) ) ;
#313 = DIRECTION ( 'NONE',  ( -0.0000000000000000000, -0.0000000000000000000, 1.000000000000000000 ) ) ;
#314 = CARTESIAN_POINT ( 'NONE',  ( 5.508612708995968000, -10.78321212606993900, -11.14578453133540500 ) ) ;
#315 = FACE_OUTER_BOUND ( 'NONE', #2379, .T. ) ;
#316 = CARTESIAN_POINT ( 'NONE',  ( -0.6723564796412065900, 16.98669881890782900, -10.09999999999993900 ) ) ;
#317 = CIRCLE ( 'NONE', #4565, 10.00000000000000000 ) ;
#318 = CARTESIAN_POINT ( 'NONE',  ( 12.50000000000000000, 0.0000000000000000000, -5.999999999999995600 ) ) ;
#319 = CARTESIAN_POINT ( 'NONE',  ( -9.505949683905631900, -6.906476714436556600, -12.30000000546236700 ) ) ;
#320 = ORIENTED_EDGE ( 'NONE', *, *, #2322, .T. ) ;
#321 = ORIENTED_EDGE ( 'NONE', *, *, #3533, .T. ) ;
#322 = VECTOR ( 'NONE', #5321, 1000.000000000000000 ) ;
#323 = CARTESIAN_POINT ( 'NONE',  ( -8.099999999999999600, 9.919639073093559200E-016, 0.0000000000000000000 ) ) ;
#324 = CARTESIAN_POINT ( 'NONE',  ( 3.421736728112446000, -16.67452137154401000, -11.15142746775981300 ) ) ;
#325 = CARTESIAN_POINT ( 'NONE',  ( 15.04709094342989100, 7.911071617685573500, -10.09999999999996600 ) ) ;
#326 =( BOUNDED_CURVE ( )  B_SPLINE_CURVE ( 2, ( #1982, #3247, #284, #3290, #728, #3722, #1159, #4173, #1610, #4596, #2038 ),
 .UNSPECIFIED., .F., .T. ) 
 B_SPLINE_CURVE_WITH_KNOTS ( ( 3, 2, 2, 2, 2, 3 ),
 ( 0.2857142857142857000, 0.2999999999999999900, 0.3142857142857142800, 0.3285714285714286300, 0.3428571428571429200, 0.3571428571428572100 ),
 .UNSPECIFIED. ) 
 CURVE ( )  GEOMETRIC_REPRESENTATION_ITEM ( )  RATIONAL_B_SPLINE_CURVE ( ( 1.000000000000000000, 0.9510565162951535300, 1.000000000000000000, 0.9510565162951535300, 1.000000000000000000, 0.9510565162951535300, 1.000000000000000000, 0.9510565162951535300, 1.000000000000000000, 0.9510565162951533100, 1.000000000000000200 ) ) 
 REPRESENTATION_ITEM ( '' )  );
#327 = CARTESIAN_POINT ( 'NONE',  ( 14.35651865993284000, -8.916298108912746700, -2.367136103677484700 ) ) ;
#328 = CARTESIAN_POINT ( 'NONE',  ( -2.269518105932784400E-015, -12.35468113479963900, -22.00000000546236500 ) ) ;
#329 = CARTESIAN_POINT ( 'NONE',  ( 10.38173626660608100, -7.542772912224923400, -10.57500000273118000 ) ) ;
#330 = ORIENTED_EDGE ( 'NONE', *, *, #4162, .F. ) ;
#331 = EDGE_CURVE ( 'NONE', #1823, #4106, #4222, .T. ) ;
#332 = VECTOR ( 'NONE', #4363, 1000.000000000000000 ) ;
#333 = CARTESIAN_POINT ( 'NONE',  ( -7.261899367811262900, 9.995146998136467800, -22.80000000546236200 ) ) ;
#334 = CARTESIAN_POINT ( 'NONE',  ( 14.39449818021589200, 9.014918787633266800, -9.990624137873947300 ) ) ;
#335 = CARTESIAN_POINT ( 'NONE',  ( -0.5450892730259246900, 16.94123306269151600, -2.280533563299028900 ) ) ;
#336 = ORIENTED_EDGE ( 'NONE', *, *, #3094, .T. ) ;
#337 = AXIS2_PLACEMENT_3D ( 'NONE', #2651, #5219, #2230 ) ;
#338 = DIRECTION ( 'NONE',  ( -0.0000000000000000000, -0.0000000000000000000, 1.000000000000000000 ) ) ;
#339 = ORIENTED_EDGE ( 'NONE', *, *, #4164, .F. ) ;
#340 = AXIS2_PLACEMENT_3D ( 'NONE', #2580, #3, #2997 ) ;
#341 = CARTESIAN_POINT ( 'NONE',  ( 11.74999999999999800, 0.0000000000000000000, -15.50000000546236700 ) ) ;
#342 = CARTESIAN_POINT ( 'NONE',  ( -10.38173626660608100, 7.542772912224922500, -17.57500000273118000 ) ) ;
#343 = DIRECTION ( 'NONE',  ( 1.000000000000000000, 0.0000000000000000000, 0.0000000000000000000 ) ) ;
#344 = CARTESIAN_POINT ( 'NONE',  ( -14.32553254129633700, 9.083478402431749600, -10.02928932188139100 ) ) ;
#345 = CARTESIAN_POINT ( 'NONE',  ( -14.43158885778294100, -8.984977802035210500, -10.02266954127316700 ) ) ;
#346 = DIRECTION ( 'NONE',  ( -0.5000000000000012200, 0.0000000000000000000, -0.8660254037844380400 ) ) ;
#347 = EDGE_LOOP ( 'NONE', ( #1761, #5251, #5124, #3879 ) ) ;
#348 = DIRECTION ( 'NONE',  ( 1.000000000000000000, 0.0000000000000000000, 0.0000000000000000000 ) ) ;
#349 = EDGE_LOOP ( 'NONE', ( #257, #1137, #2506, #1097 ) ) ;
#350 = CARTESIAN_POINT ( 'NONE',  ( -0.5466972059847699000, 16.99120720151951100, -9.958578643762656700 ) ) ;
#351 = ORIENTED_EDGE ( 'NONE', *, *, #471, .T. ) ;
#352 = CARTESIAN_POINT ( 'NONE',  ( -3.406419148750613700, -16.71158758435159800, -11.22213814587639800 ) ) ;
#353 = CARTESIAN_POINT ( 'NONE',  ( 14.32553254129633700, 9.083478402431747900, -10.02928932188133400 ) ) ;
#354 = DIRECTION ( 'NONE',  ( -0.0000000000000000000, -0.0000000000000000000, 1.000000000000000000 ) ) ;
#355 = CARTESIAN_POINT ( 'NONE',  ( 9.505949683905631900, 6.906476714436558400, -17.30000000546236500 ) ) ;
#356 = ORIENTED_EDGE ( 'NONE', *, *, #4941, .F. ) ;
#357 = DIRECTION ( 'NONE',  ( -0.0000000000000000000, -0.0000000000000000000, 1.000000000000000000 ) ) ;
#358 = CARTESIAN_POINT ( 'NONE',  ( -0.7037567805850124500, 16.94801430471915200, -10.02928932188131300 ) ) ;
#359 = CARTESIAN_POINT ( 'NONE',  ( 12.83253174999999600, 4.169542318109123800, -16.27500000273117900 ) ) ;
#360 = CIRCLE ( 'NONE', #4595, 8.099999999999999600 ) ;
#361 = CARTESIAN_POINT ( 'NONE',  ( 5.153465330237907900, 14.28656564664231100, -1.254496657140623700 ) ) ;
#362 = PLANE ( 'NONE',  #2710 ) ;
#363 = CARTESIAN_POINT ( 'NONE',  ( -14.42823727207095000, 8.990361402726822600, -9.958578643762733100 ) ) ;
#364 = CARTESIAN_POINT ( 'NONE',  ( -10.49999999999999100, 0.0000000000000000000, -6.499999999999995600 ) ) ;
#365 = FACE_OUTER_BOUND ( 'NONE', #1429, .T. ) ;
#366 = CARTESIAN_POINT ( 'NONE',  ( 14.99999999999999600, 7.974960814950764900, -2.367136103677472300 ) ) ;
#367 = EDGE_CURVE ( 'NONE', #1075, #3033, #2488, .T. ) ;
#368 = EDGE_CURVE ( 'NONE', #3756, #2420, #921, .T. ) ;
#369 = CARTESIAN_POINT ( 'NONE',  ( -12.72969073964533800, -11.30057161737860700, -11.15142746775789600 ) ) ;
#370 = DIRECTION ( 'NONE',  ( 1.000000000000000000, 0.0000000000000000000, 0.0000000000000000000 ) ) ;
#371 = CARTESIAN_POINT ( 'NONE',  ( -9.505949683905630100, 6.906476714436559300, -24.19999999999999600 ) ) ;
#372 = AXIS2_PLACEMENT_3D ( 'NONE', #2743, #2316, #2851 ) ;
#373 = DIRECTION ( 'NONE',  ( 1.000000000000000000, 0.0000000000000000000, 0.0000000000000000000 ) ) ;
#374 = CARTESIAN_POINT ( 'NONE',  ( -3.965470391606085600, -12.20446294140194800, -14.97500000273118000 ) ) ;
#375 = FACE_OUTER_BOUND ( 'NONE', #3336, .T. ) ;
#376 = CARTESIAN_POINT ( 'NONE',  ( 6.316653249595424800, 13.67358662165733900, -1.239924261960889200 ) ) ;
#377 = DIRECTION ( 'NONE',  ( -1.224646799147353200E-016, 1.000000000000000000, 0.0000000000000000000 ) ) ;
#378 = ORIENTED_EDGE ( 'NONE', *, *, #4622, .F. ) ;
#379 = CARTESIAN_POINT ( 'NONE',  ( 8.037401281824575200, -12.62238159408872700, -1.125186517200062600 ) ) ;
#380 = CARTESIAN_POINT ( 'NONE',  ( -9.684809034008621300, 14.03838204961197200, -11.99999999999882600 ) ) ;
#381 = DIRECTION ( 'NONE',  ( -0.8660254037844381500, 0.0000000000000000000, -0.5000000000000008900 ) ) ;
#382 = CIRCLE ( 'NONE', #5466, 17.00000000000000000 ) ;
#383 = CARTESIAN_POINT ( 'NONE',  ( 11.74999999999999800, 3.817806430736647700, -22.89999999999999500 ) ) ;
#384 = B_SPLINE_CURVE_WITH_KNOTS ( 'NONE', 3,
 ( #3675, #687, #2835, #268, #3261, #706 ),
 .UNSPECIFIED., .F., .F.,
 ( 4, 2, 4 ),
 ( 0.0000000000000000000, 9.968444671895675100E-005, 0.0001993688934379135000 ),
 .UNSPECIFIED. ) ;
#385 = CARTESIAN_POINT ( 'NONE',  ( 14.98816560462451800, -8.022150073911028300, -9.992710358795305200 ) ) ;
#386 = ORIENTED_EDGE ( 'NONE', *, *, #3167, .T. ) ;
#387 = VERTEX_POINT ( 'NONE', #1868 ) ;
#388 = CARTESIAN_POINT ( 'NONE',  ( -3.630949683905633200, -11.17491406646805200, -22.10000000546237000 ) ) ;
#389 = CIRCLE ( 'NONE', #1391, 16.95000000000000300 ) ;
#390 = CARTESIAN_POINT ( 'NONE',  ( 0.6551119688742630400, 16.96129607696709800, -10.01646926819999300 ) ) ;
#391 = CARTESIAN_POINT ( 'NONE',  ( 7.261899367811263800, 9.995146998136467800, -14.69999999999999400 ) ) ;
#392 =( BOUNDED_SURFACE ( )  B_SPLINE_SURFACE ( 3, 2, ( 
 ( #4623, #4836, #568 ),
 ( #3240, #5231, #3223 ),
 ( #660, #2798, #4943 ),
 ( #684, #3638, #215 ),
 ( #1095, #648, #2782 ),
 ( #1954, #3970, #2048 ),
 ( #4608, #1524, #3584 ),
 ( #4046, #3548, #3528 ),
 ( #1115, #3203, #3673 ),
 ( #4823, #1461, #2302 ) ),
 .UNSPECIFIED., .F., .F., .F. ) 
 B_SPLINE_SURFACE_WITH_KNOTS ( ( 4, 2, 2, 2, 4 ),
 ( 3, 3 ),
 ( 2.657554577411168400, 2.899573615500481000, 3.141592653589793100, 3.383611691679105200, 3.625630729768417400 ),
 ( 0.0000000000000000000, 1.000000000000000000 ),
 .UNSPECIFIED. ) 
 GEOMETRIC_REPRESENTATION_ITEM ( )  RATIONAL_B_SPLINE_SURFACE ( (
 ( 1.000000000000000000, 0.9016308760050207900, 1.000000000000000000),
 ( 1.000000000000000000, 0.9089927772043997500, 1.000000000000000000),
 ( 1.000000000000000000, 0.9145641463645802800, 1.000000000000000000),
 ( 1.000000000000000000, 0.9220081538158694200, 1.000000000000000000),
 ( 1.000000000000000000, 0.9238795325112900700, 1.000000000000000000),
 ( 1.000000000000000000, 0.9238795325112900700, 1.000000000000000000),
 ( 1.000000000000000000, 0.9220081538165687500, 1.000000000000000000),
 ( 1.000000000000000000, 0.9145641463638787300, 1.000000000000000000),
 ( 1.000000000000000000, 0.9089927772049203300, 1.000000000000000000),
 ( 1.000000000000000000, 0.9016308760050265600, 1.000000000000000000) ) ) 
 REPRESENTATION_ITEM ( '' )  SURFACE ( )  );
#393 = CARTESIAN_POINT ( 'NONE',  ( -7.930940783212167700, 10.91600350634071700, -13.67500000273117800 ) ) ;
#394 = EDGE_LOOP ( 'NONE', ( #3999, #2551, #1995, #1628, #5474 ) ) ;
#395 = DIRECTION ( 'NONE',  ( -1.000000000000000000, 0.0000000000000000000, 0.0000000000000000000 ) ) ;
#396 = EDGE_CURVE ( 'NONE', #3374, #3705, #5032, .T. ) ;
#397 = CARTESIAN_POINT ( 'NONE',  ( -8.000000000000000000, 0.0000000000000000000, -0.2500000000000000000 ) ) ;
#398 = DIRECTION ( 'NONE',  ( -0.0000000000000000000, -0.0000000000000000000, 1.000000000000000000 ) ) ;
#399 = EDGE_CURVE ( 'NONE', #234, #5505, #3806, .T. ) ;
#400 = CARTESIAN_POINT ( 'NONE',  ( 7.565060353109282100E-016, 12.35468113479963900, -18.49999999999999600 ) ) ;
#401 = CARTESIAN_POINT ( 'NONE',  ( -2.042861591904561200, 16.93245237570922200, -10.73451920674047200 ) ) ;
#402 = CARTESIAN_POINT ( 'NONE',  ( -15.00000000000000400, 6.703989838580581800, -1.957564661751157100 ) ) ;
#403 = CARTESIAN_POINT ( 'NONE',  ( -3.630949683905633200, -11.17491406646805200, -21.59999999999999400 ) ) ;
#404 = AXIS2_PLACEMENT_3D ( 'NONE', #1311, #1288, #527 ) ;
#405 = ORIENTED_EDGE ( 'NONE', *, *, #3894, .F. ) ;
#406 = DIRECTION ( 'NONE',  ( 0.0000000000000000000, 0.0000000000000000000, -1.000000000000000000 ) ) ;
#407 = EDGE_LOOP ( 'NONE', ( #4332, #4784, #5047, #5309 ) ) ;
#408 = CARTESIAN_POINT ( 'NONE',  ( 14.99999999999999600, 7.974960814950764900, -9.962089033290910200 ) ) ;
#409 = AXIS2_PLACEMENT_3D ( 'NONE', #3869, #2589, #18 ) ;
#410 = ORIENTED_EDGE ( 'NONE', *, *, #2786, .F. ) ;
#411 = CARTESIAN_POINT ( 'NONE',  ( 12.83253174999999900, 0.0000000000000000000, -12.37500000273118100 ) ) ;
#412 = ORIENTED_EDGE ( 'NONE', *, *, #3129, .F. ) ;
#413 = CARTESIAN_POINT ( 'NONE',  ( -11.74999999999999800, 1.438959988998139800E-015, -17.99999999999999600 ) ) ;
#414 = DIRECTION ( 'NONE',  ( 0.8660254037844386000, -0.4999999999999998900, -9.239198305311559300E-015 ) ) ;
#415 = CARTESIAN_POINT ( 'NONE',  ( 11.74999999999999800, 0.0000000000000000000, -21.50000000546236500 ) ) ;
#416 = CARTESIAN_POINT ( 'NONE',  ( 14.36135729932560800, -9.047991645852095000, -10.01646926820017600 ) ) ;
#417 = VERTEX_POINT ( 'NONE', #1387 ) ;
#418 = DIRECTION ( 'NONE',  ( 1.000000000000000000, 0.0000000000000000000, 0.0000000000000000000 ) ) ;
#419 = CARTESIAN_POINT ( 'NONE',  ( -14.94984942879525700, 1.337028146737772300, -1.151505983664941500 ) ) ;
#420 = CARTESIAN_POINT ( 'NONE',  ( 9.666071783244673200, 14.01537961063959200, -11.97071067811868500 ) ) ;
#421 = EDGE_LOOP ( 'NONE', ( #1525, #5533, #5041, #1593 ) ) ;
#422 = CARTESIAN_POINT ( 'NONE',  ( -7.261899367811262900, 9.995146998136467800, -20.29999999999999700 ) ) ;
#423 = CIRCLE ( 'NONE', #3097, 0.09999999999999939500 ) ;
#424 = CARTESIAN_POINT ( 'NONE',  ( -12.63140715061936200, -0.5218840154934205600, -10.99999999999999500 ) ) ;
#425 = LINE ( 'NONE', #3380, #2524 ) ;
#426 = CARTESIAN_POINT ( 'NONE',  ( 0.0000000000000000000, 0.0000000000000000000, -23.00000000000000000 ) ) ;
#427 = CARTESIAN_POINT ( 'NONE',  ( 0.0000000000000000000, 0.0000000000000000000, -2.367136103677472700 ) ) ;
#428 = CARTESIAN_POINT ( 'NONE',  ( -7.930940783212169400, -10.91600350634071700, -11.07500000273117800 ) ) ;
#429 = LINE ( 'NONE', #3363, #5401 ) ;
#430 = EDGE_CURVE ( 'NONE', #3265, #1030, #3199, .T. ) ;
#431 = CARTESIAN_POINT ( 'NONE',  ( -11.74999999999999800, 1.438959988998139800E-015, -13.99999999999999300 ) ) ;
#432 = CARTESIAN_POINT ( 'NONE',  ( 9.505949683905631900, 6.906476714436558400, -17.30000000546236500 ) ) ;
#433 = CARTESIAN_POINT ( 'NONE',  ( 6.041098872748140300, -15.91683035882009100, -11.80492887483962500 ) ) ;
#434 = CARTESIAN_POINT ( 'NONE',  ( -15.01786535021821000, -7.907840947062667600, -10.01562160393502800 ) ) ;
#435 = CARTESIAN_POINT ( 'NONE',  ( -12.32431028516186100, 1.463212458913159000, -21.65741133235785300 ) ) ;
#436 = CARTESIAN_POINT ( 'NONE',  ( -15.00000000000000200, -6.678287851325351600, -2.013862097940767500 ) ) ;
#437 = CARTESIAN_POINT ( 'NONE',  ( 11.74999999999999800, 0.0000000000000000000, -18.99999999999999600 ) ) ;
#438 = ORIENTED_EDGE ( 'NONE', *, *, #1464, .F. ) ;
#439 = CARTESIAN_POINT ( 'NONE',  ( 11.75000000000001600, 3.817806430736622400, -13.40000000546236500 ) ) ;
#440 = ADVANCED_FACE ( 'NONE', ( #375 ), #1491, .T. ) ;
#441 = CIRCLE ( 'NONE', #1803, 0.1000000000000000500 ) ;
#442 = CARTESIAN_POINT ( 'NONE',  ( 7.710652476399774400, -9.105426347445714400, -21.17495320449688400 ) ) ;
#443 = DIRECTION ( 'NONE',  ( -0.0000000000000000000, -0.0000000000000000000, 1.000000000000000000 ) ) ;
#444 = ORIENTED_EDGE ( 'NONE', *, *, #505, .F. ) ;
#445 = CARTESIAN_POINT ( 'NONE',  ( 8.262032099739667100E-016, 13.49292237646318400, -23.62500000273117400 ) ) ;
#446 = DIRECTION ( 'NONE',  ( -0.0000000000000000000, -0.0000000000000000000, 1.000000000000000000 ) ) ;
#447 = CARTESIAN_POINT ( 'NONE',  ( 11.74999999999999800, -3.817806430736651700, -13.09999999999999400 ) ) ;
#448 = DIRECTION ( 'NONE',  ( 1.000000000000000000, 0.0000000000000000000, 0.0000000000000000000 ) ) ;
#449 = B_SPLINE_CURVE_WITH_KNOTS ( 'NONE', 3,
 ( #350, #4026, #3104, #149, #969, #989 ),
 .UNSPECIFIED., .F., .F.,
 ( 4, 2, 4 ),
 ( 0.0000000000000000000, 0.0001009656817895203300, 0.0002019313635790406600 ),
 .UNSPECIFIED. ) ;
#450 = CARTESIAN_POINT ( 'NONE',  ( 14.44146847448860900, -8.969057269320545700, -9.958578643762788100 ) ) ;
#451 = EDGE_LOOP ( 'NONE', ( #5248, #1023, #3846 ) ) ;
#452 = ORIENTED_EDGE ( 'NONE', *, *, #1680, .T. ) ;
#453 = CIRCLE ( 'NONE', #3681, 12.50000000000000000 ) ;
#454 =( BOUNDED_CURVE ( )  B_SPLINE_CURVE ( 3, ( #4155, #5423, #4584, #3706 ),
 .UNSPECIFIED., .F., .F. ) 
 B_SPLINE_CURVE_WITH_KNOTS ( ( 4, 4 ),
 ( 2.657554577411159500, 3.625630729768408500 ),
 .UNSPECIFIED. ) 
 CURVE ( )  GEOMETRIC_REPRESENTATION_ITEM ( )  RATIONAL_B_SPLINE_CURVE ( ( 1.000000000000000000, 0.9234153311148977100, 0.9234153311148977100, 1.000000000000000000 ) ) 
 REPRESENTATION_ITEM ( '' )  );
#455 = ORIENTED_EDGE ( 'NONE', *, *, #2144, .F. ) ;
#456 = CARTESIAN_POINT ( 'NONE',  ( -6.509193648070063200, 10.79447383740776800, -21.84175082752683400 ) ) ;
#457 = DIRECTION ( 'NONE',  ( 1.000000000000000000, 0.0000000000000000000, 0.0000000000000000000 ) ) ;
#458 = EDGE_LOOP ( 'NONE', ( #4844, #4445, #4522 ) ) ;
#459 = CARTESIAN_POINT ( 'NONE',  ( -7.261899367811265500, -9.995146998136466000, -17.69999999999999200 ) ) ;
#460 = LINE ( 'NONE', #1540, #332 ) ;
#461 = B_SPLINE_CURVE_WITH_KNOTS ( 'NONE', 3,
 ( #5033, #2453, #2889, #314, #3318, #759, #3752, #1191, #4199, #1641, #4624, #2065, #5048, #2484 ),
 .UNSPECIFIED., .F., .F.,
 ( 4, 2, 2, 2, 2, 2, 4 ),
 ( 0.0000000000000000000, 0.001998603093130656700, 0.002997904639695987200, 0.003997206186261317700, 0.005995809279391976900, 0.006995110825957306600, 0.007994412372522637100 ),
 .UNSPECIFIED. ) ;
#462 =( BOUNDED_SURFACE ( )  B_SPLINE_SURFACE ( 3, 2, ( 
 ( #1656, #1622, #4641 ),
 ( #2077, #5062, #2502 ),
 ( #5475, #2919, #352 ),
 ( #3355, #790, #3791 ),
 ( #1219, #4231, #1670 ),
 ( #4663, #2096, #5076 ),
 ( #2521, #5493, #2936 ),
 ( #369, #3375, #811 ),
 ( #3804, #1238, #4251 ),
 ( #1689, #4679, #2118 ) ),
 .UNSPECIFIED., .F., .F., .T. ) 
 B_SPLINE_SURFACE_WITH_KNOTS ( ( 4, 2, 2, 2, 4 ),
 ( 3, 3 ),
 ( 2.657554577411177700, 2.899573615500489900, 3.141592653589802400, 3.383611691679115000, 3.625630729768427200 ),
 ( 0.0000000000000000000, 1.000000000000000000 ),
 .UNSPECIFIED. ) 
 GEOMETRIC_REPRESENTATION_ITEM ( )  RATIONAL_B_SPLINE_SURFACE ( (
 ( 1.000000000000000000, 0.9016308760050248900, 1.000000000000000000),
 ( 1.000000000000000000, 0.9089927772047508000, 1.000000000000000000),
 ( 1.000000000000000000, 0.9145641463641101000, 1.000000000000000000),
 ( 1.000000000000000000, 0.9220081538163331600, 1.000000000000000000),
 ( 1.000000000000000000, 0.9238795325112866300, 1.000000000000000000),
 ( 1.000000000000000000, 0.9238795325112866300, 1.000000000000000000),
 ( 1.000000000000000000, 0.9220081538154760700, 1.000000000000000000),
 ( 1.000000000000000000, 0.9145641463649651900, 1.000000000000000000),
 ( 1.000000000000000000, 0.9089927772041045400, 1.000000000000000000),
 ( 1.000000000000000000, 0.9016308760050236700, 1.000000000000000000) ) ) 
 REPRESENTATION_ITEM ( '' )  SURFACE ( )  );
#463 = CARTESIAN_POINT ( 'NONE',  ( -12.22023830438007900, 2.629786262068060800, -10.99999999999999600 ) ) ;
#464 = CARTESIAN_POINT ( 'NONE',  ( -1.837441619194982900, -11.98368063487580000, -21.34816031962197200 ) ) ;
#465 = CARTESIAN_POINT ( 'NONE',  ( 14.40651865993283900, -9.002900649291191800, -2.367136103677485600 ) ) ;
#466 = CARTESIAN_POINT ( 'NONE',  ( 10.38173626660608100, -7.542772912224923400, -22.32500000273118000 ) ) ;
#467 = CARTESIAN_POINT ( 'NONE',  ( 0.0000000000000000000, 0.0000000000000000000, 0.0000000000000000000 ) ) ;
#468 = EDGE_CURVE ( 'NONE', #1943, #4632, #3685, .T. ) ;
#469 = DIRECTION ( 'NONE',  ( -1.000000000000000000, 0.0000000000000000000, 0.0000000000000000000 ) ) ;
#470 = ADVANCED_FACE ( 'NONE', ( #4904 ), #5212, .T. ) ;
#471 = EDGE_CURVE ( 'NONE', #2901, #887, #4355, .T. ) ;
#472 = CARTESIAN_POINT ( 'NONE',  ( -14.39126815083794000, 9.049558886049675600, -10.04229490606270900 ) ) ;
#473 = VERTEX_POINT ( 'NONE', #43 ) ;
#474 = CARTESIAN_POINT ( 'NONE',  ( 0.0000000000000000000, 0.0000000000000000000, 0.0000000000000000000 ) ) ;
#475 = CARTESIAN_POINT ( 'NONE',  ( 2.757400401575116300, 12.44694819821602400, -21.99534868037471100 ) ) ;
#476 = EDGE_LOOP ( 'NONE', ( #5101, #4054, #2039, #2052 ) ) ;
#477 = CARTESIAN_POINT ( 'NONE',  ( 14.35651865993279100, -8.916298108912775100, -2.367136103677470500 ) ) ;
#478 = CARTESIAN_POINT ( 'NONE',  ( -3.630949683905630600, 11.17491406646805400, -16.39999999999999500 ) ) ;
#479 = ORIENTED_EDGE ( 'NONE', *, *, #331, .F. ) ;
#480 = CARTESIAN_POINT ( 'NONE',  ( -15.68536470168723600, -6.697056152848605700, -10.73451920673960400 ) ) ;
#481 = ORIENTED_EDGE ( 'NONE', *, *, #4122, .F. ) ;
#482 = AXIS2_PLACEMENT_3D ( 'NONE', #5541, #2988, #418 ) ;
#483 = CARTESIAN_POINT ( 'NONE',  ( -10.73102052467497600, -6.023654473321112600, -21.53028209520917400 ) ) ;
#484 = CARTESIAN_POINT ( 'NONE',  ( 10.43726729672438400, -11.29454899232025200, -1.365610214338672400 ) ) ;
#485 = CARTESIAN_POINT ( 'NONE',  ( -12.83253174999999900, -4.169542318109122000, -21.02500000273117200 ) ) ;
#486 = CARTESIAN_POINT ( 'NONE',  ( -3.630949683905630600, 11.17491406646805400, -16.39999999999999500 ) ) ;
#487 = ORIENTED_EDGE ( 'NONE', *, *, #1235, .F. ) ;
#488 = DIRECTION ( 'NONE',  ( -0.0000000000000000000, -0.0000000000000000000, 1.000000000000000000 ) ) ;
#489 = B_SPLINE_CURVE_WITH_KNOTS ( 'NONE', 3,
 ( #100, #1873, #3923, #2934, #2700, #2712, #5280, #3483, #3559, #558, #4430, #1432 ),
 .UNSPECIFIED., .F., .F.,
 ( 4, 2, 2, 2, 2, 4 ),
 ( 3.252606517456512800E-019, 0.004061428428104035500, 0.008122856856208070900, 0.01015357107026009000, 0.01218428528431210600, 0.01624571371241614900 ),
 .UNSPECIFIED. ) ;
#490 = VECTOR ( 'NONE', #2777, 999.9999999999998900 ) ;
#491 =( BOUNDED_SURFACE ( )  B_SPLINE_SURFACE ( 3, 2, ( 
 ( #4347, #544, #1418 ),
 ( #4418, #1859, #4842 ),
 ( #2280, #5270, #2697 ),
 ( #134, #3128, #564 ),
 ( #3565, #991, #4007 ),
 ( #1438, #4437, #1879 ),
 ( #4860, #2300, #5285 ),
 ( #2719, #151, #3145 ),
 ( #583, #3582, #1011 ),
 ( #4024, #1458, #4457 ),
 ( #1898, #4882, #2314 ),
 ( #5311, #2739, #169 ) ),
 .UNSPECIFIED., .F., .F., .T. ) 
 B_SPLINE_SURFACE_WITH_KNOTS ( ( 4, 2, 2, 2, 2, 4 ),
 ( 3, 3 ),
 ( 0.004023013775063232100, 0.008040813100152708100, 0.01004971276269744600, 0.01205861242524218500, 0.01607641175033166400, 0.02009421107542113900 ),
 ( 0.0000000000000000000, 1.000000000000000000 ),
 .UNSPECIFIED. ) 
 GEOMETRIC_REPRESENTATION_ITEM ( )  RATIONAL_B_SPLINE_SURFACE ( (
 ( 1.000000000000000000, 0.8487721727197669000, 1.000000000000000000),
 ( 1.000000000000000000, 0.8534553053160474100, 1.000000000000000000),
 ( 1.000000000000000000, 0.8578087571930420600, 1.000000000000000000),
 ( 1.000000000000000000, 0.8625433721195294700, 1.000000000000000000),
 ( 1.000000000000000000, 0.8638187415885570900, 1.000000000000000000),
 ( 1.000000000000000000, 0.8655606458884205200, 1.000000000000000000),
 ( 1.000000000000000000, 0.8660213896689771300, 1.000000000000000000),
 ( 1.000000000000000000, 0.8660333517459886100, 1.000000000000000000),
 ( 1.000000000000000000, 0.8641863681337954600, 1.000000000000000000),
 ( 1.000000000000000000, 0.8578976765412479300, 1.000000000000000000),
 ( 1.000000000000000000, 0.8535037552762130300, 1.000000000000000000),
 ( 1.000000000000000000, 0.8487721727197621300, 1.000000000000000000) ) ) 
 REPRESENTATION_ITEM ( '' )  SURFACE ( )  );
#492 = ORIENTED_EDGE ( 'NONE', *, *, #945, .T. ) ;
#493 = CARTESIAN_POINT ( 'NONE',  ( 2.048514720206243000, -16.93060768932052800, -10.68659372055830500 ) ) ;
#494 = CARTESIAN_POINT ( 'NONE',  ( -15.00000000000000200, 0.0000000000000000000, -10.00000000000000000 ) ) ;
#495 = CARTESIAN_POINT ( 'NONE',  ( 0.6772413775598278300, -16.95525394930354000, -10.02230133649383800 ) ) ;
#496 = LINE ( 'NONE', #5449, #3249 ) ;
#497 = CARTESIAN_POINT ( 'NONE',  ( 11.74999999999999800, -3.817806430736651700, -15.09999999999999100 ) ) ;
#498 = CARTESIAN_POINT ( 'NONE',  ( -16.80492887484059500, 2.726670088836676600, -11.80492887484060000 ) ) ;
#499 = DIRECTION ( 'NONE',  ( 1.000000000000000000, 0.0000000000000000000, 0.0000000000000000000 ) ) ;
#500 = ADVANCED_FACE ( 'NONE', ( #5355 ), #4094, .F. ) ;
#501 = CARTESIAN_POINT ( 'NONE',  ( 15.00142107025696000, 7.969648432329584900, -9.975377292836865800 ) ) ;
#502 = CARTESIAN_POINT ( 'NONE',  ( -14.35651865993279600, 8.916298108912775100, -2.367136103677473200 ) ) ;
#503 = CARTESIAN_POINT ( 'NONE',  ( 6.336974533933120500, -13.66185412267468600, -1.211961866617695700 ) ) ;
#504 = CARTESIAN_POINT ( 'NONE',  ( 3.965470391606083800, 12.20446294140194800, -19.72500000273117800 ) ) ;
#505 = EDGE_CURVE ( 'NONE', #4047, #220, #3478, .T. ) ;
#506 = CARTESIAN_POINT ( 'NONE',  ( 7.930940783212167700, 10.91600350634071700, -18.07500000273117600 ) ) ;
#507 = EDGE_CURVE ( 'NONE', #2773, #1223, #2927, .T. ) ;
#508 = DIRECTION ( 'NONE',  ( 0.0000000000000000000, 0.0000000000000000000, -1.000000000000000000 ) ) ;
#509 = VERTEX_POINT ( 'NONE', #1776 ) ;
#510 = CARTESIAN_POINT ( 'NONE',  ( 0.0000000000000000000, 0.0000000000000000000, -0.1000000000000000100 ) ) ;
#511 = CARTESIAN_POINT ( 'NONE',  ( 10.38173626660608300, 7.542772912224920700, -17.92500000273118100 ) ) ;
#512 = DIRECTION ( 'NONE',  ( -1.000000000000000000, 1.224646799147353900E-016, 0.0000000000000000000 ) ) ;
#513 = AXIS2_PLACEMENT_3D ( 'NONE', #4546, #4119, #1108 ) ;
#514 = ORIENTED_EDGE ( 'NONE', *, *, #5395, .F. ) ;
#515 = DIRECTION ( 'NONE',  ( 0.0000000000000000000, 0.2628652485845923100, 0.9648325559839700000 ) ) ;
#516 = CARTESIAN_POINT ( 'NONE',  ( -10.42975575067707600, 11.29888578545332400, -1.423628413253720200 ) ) ;
#517 = CARTESIAN_POINT ( 'NONE',  ( -15.02348586136345600, 7.886612607547975000, -10.02348586136345400 ) ) ;
#518 = CARTESIAN_POINT ( 'NONE',  ( 0.5717627279290398200, -16.99040071080634500, -9.958578643762596300 ) ) ;
#519 = FACE_OUTER_BOUND ( 'NONE', #1286, .T. ) ;
#520 = CARTESIAN_POINT ( 'NONE',  ( 14.98816568047336900, 8.022149932198997700, -9.958578643762685100 ) ) ;
#521 = CARTESIAN_POINT ( 'NONE',  ( -9.505949683905631900, -6.906476714436556600, -13.79999999999999500 ) ) ;
#522 = AXIS2_PLACEMENT_3D ( 'NONE', #3287, #726, #3720 ) ;
#523 = VERTEX_POINT ( 'NONE', #3897 ) ;
#524 = CARTESIAN_POINT ( 'NONE',  ( 7.312297067978392700, -15.40815247185544300, -12.04142135623731800 ) ) ;
#525 = DIRECTION ( 'NONE',  ( -1.000000000000000000, 0.0000000000000000000, 0.0000000000000000000 ) ) ;
#526 = CIRCLE ( 'NONE', #1184, 17.00000000000000000 ) ;
#527 = DIRECTION ( 'NONE',  ( 1.000000000000000000, 0.0000000000000000000, 0.0000000000000000000 ) ) ;
#528 = CARTESIAN_POINT ( 'NONE',  ( 7.930940783212165900, -10.91600350634071700, -18.42500000273117400 ) ) ;
#529 = EDGE_LOOP ( 'NONE', ( #3332, #1171, #2387, #4036 ) ) ;
#530 = CARTESIAN_POINT ( 'NONE',  ( -14.40505575698844100, 9.004362525602164900, -9.968904743916500200 ) ) ;
#531 = CARTESIAN_POINT ( 'NONE',  ( -9.247257675341218800, 8.043279110112997900, -11.01005756561883300 ) ) ;
#532 = DIRECTION ( 'NONE',  ( -0.0000000000000000000, -0.0000000000000000000, 1.000000000000000000 ) ) ;
#533 =( BOUNDED_CURVE ( )  B_SPLINE_CURVE ( 2, ( #5487, #2515, #800, #3799, #1230, #4245, #1679, #4674, #2110, #5092, #2529 ),
 .UNSPECIFIED., .F., .T. ) 
 B_SPLINE_CURVE_WITH_KNOTS ( ( 3, 2, 2, 2, 2, 3 ),
 ( 0.4999999999999998900, 0.5142857142857141200, 0.5285714285714284700, 0.5428571428571428200, 0.5571428571428571600, 0.5714285714285714000 ),
 .UNSPECIFIED. ) 
 CURVE ( )  GEOMETRIC_REPRESENTATION_ITEM ( )  RATIONAL_B_SPLINE_CURVE ( ( 1.000000000000000400, 0.9510565162951532000, 1.000000000000000000, 0.9510565162951535300, 1.000000000000000000, 0.9510565162951535300, 1.000000000000000000, 0.9510565162951535300, 1.000000000000000000, 0.9510565162951535300, 1.000000000000000000 ) ) 
 REPRESENTATION_ITEM ( '' )  );
#534 = B_SPLINE_CURVE_WITH_KNOTS ( 'NONE', 3,
 ( #201, #2565, #3134, #5335, #2346, #4911, #1922, #4481, #4053, #613, #178, #5317 ),
 .UNSPECIFIED., .F., .F.,
 ( 4, 2, 2, 2, 2, 4 ),
 ( 0.0000000000000000000, 0.004037634735650906500, 0.006056452103476358900, 0.008075269471301813100, 0.01211290420695272000, 0.01615053894260363000 ),
 .UNSPECIFIED. ) ;
#535 = ADVANCED_FACE ( 'NONE', ( #4895, #3413 ), #25, .F. ) ;
#536 = CARTESIAN_POINT ( 'NONE',  ( 0.6684014415256712700, 16.88677706114954400, -10.10000000000000000 ) ) ;
#537 = APPROVAL ( #4992, 'UNSPECIFIED' ) ;
#538 = CARTESIAN_POINT ( 'NONE',  ( 7.499999999999997300, -12.99038105676658700, -9.958578643762692200 ) ) ;
#539 = DIRECTION ( 'NONE',  ( -0.0000000000000000000, -0.0000000000000000000, 1.000000000000000000 ) ) ;
#540 = DIRECTION ( 'NONE',  ( 0.0000000000000000000, -1.000000000000000000, 0.0000000000000000000 ) ) ;
#541 = CARTESIAN_POINT ( 'NONE',  ( -12.83253174999999600, 4.169542318109126500, -19.22500000273118200 ) ) ;
#542 = CARTESIAN_POINT ( 'NONE',  ( 7.565060353109282100E-016, 12.35468113479963900, -12.49999999999999300 ) ) ;
#543 = CARTESIAN_POINT ( 'NONE',  ( -14.44146847448862300, -8.969057269320524400, -2.367136103677472700 ) ) ;
#544 = CARTESIAN_POINT ( 'NONE',  ( -0.5792995769050671700, -16.98604930902119700, -2.307030028425097500 ) ) ;
#545 = EDGE_CURVE ( 'NONE', #2420, #4520, #1474, .T. ) ;
#546 = CARTESIAN_POINT ( 'NONE',  ( -0.5792995769051337800, 16.98604930902117300, -2.307030028425082000 ) ) ;
#547 = EDGE_LOOP ( 'NONE', ( #3359, #3000, #481, #2179 ) ) ;
#548 = DIRECTION ( 'NONE',  ( 1.000000000000000000, 0.0000000000000000000, 0.0000000000000000000 ) ) ;
#549 = CARTESIAN_POINT ( 'NONE',  ( -12.83253174999999900, 1.571531893259428100E-015, -17.12500000273118100 ) ) ;
#550 = ORIENTED_EDGE ( 'NONE', *, *, #2213, .T. ) ;
#551 = CARTESIAN_POINT ( 'NONE',  ( 0.0000000000000000000, 0.0000000000000000000, -11.50000000000000500 ) ) ;
#552 = CARTESIAN_POINT ( 'NONE',  ( 14.35651865993280300, 8.916298108912766200, -2.367136103677472300 ) ) ;
#553 = EDGE_CURVE ( 'NONE', #4894, #829, #4579, .T. ) ;
#554 = ORIENTED_EDGE ( 'NONE', *, *, #2703, .T. ) ;
#555 = CARTESIAN_POINT ( 'NONE',  ( 10.38173626660608300, 7.542772912224920700, -21.92500000273118100 ) ) ;
#556 = VERTEX_POINT ( 'NONE', #822 ) ;
#557 = EDGE_LOOP ( 'NONE', ( #3372, #1569, #2092 ) ) ;
#558 = CARTESIAN_POINT ( 'NONE',  ( -12.12136284307138100, 10.26125880627216000, -1.633021506026200800 ) ) ;
#559 = CARTESIAN_POINT ( 'NONE',  ( 15.04709094342989300, -7.911071617685566400, -10.09999999999996900 ) ) ;
#560 = CARTESIAN_POINT ( 'NONE',  ( -17.00000000000000000, 2.081899558550500300E-015, -12.04142135623731700 ) ) ;
#561 = CARTESIAN_POINT ( 'NONE',  ( -11.74999999999999800, 1.438959988998139800E-015, -20.50000000546236800 ) ) ;
#562 = VERTEX_POINT ( 'NONE', #344 ) ;
#563 = CARTESIAN_POINT ( 'NONE',  ( 9.505949683905630100, -6.906476714436561100, -11.19999999999999200 ) ) ;
#564 = CARTESIAN_POINT ( 'NONE',  ( -4.570244249322666300, -14.68187632807999200, -1.423628413253788200 ) ) ;
#565 = CARTESIAN_POINT ( 'NONE',  ( 13.63807900035849500, 10.23936963238965000, -10.68659372055516200 ) ) ;
#566 = ADVANCED_FACE ( 'NONE', ( #2601 ), #1336, .F. ) ;
#567 = CARTESIAN_POINT ( 'NONE',  ( -0.4999999999999917800, 0.0000000000000000000, -5.999999999999994700 ) ) ;
#568 = CARTESIAN_POINT ( 'NONE',  ( 15.04709094342989300, 7.911071617685573500, -10.09999999999996600 ) ) ;
#569 = ORIENTED_EDGE ( 'NONE', *, *, #2816, .F. ) ;
#570 = DIRECTION ( 'NONE',  ( 1.000000000000000000, 0.0000000000000000000, 0.0000000000000000000 ) ) ;
#571 = CARTESIAN_POINT ( 'NONE',  ( 7.930940783212167700, 10.91600350634071700, -15.82500000273118300 ) ) ;
#572 = FACE_OUTER_BOUND ( 'NONE', #1449, .T. ) ;
#573 = CYLINDRICAL_SURFACE ( 'NONE', #2120, 11.74999999999999800 ) ;
#574 = CARTESIAN_POINT ( 'NONE',  ( -4.931301066283563000, -11.84719970745950600, -11.00000000000007600 ) ) ;
#575 = CARTESIAN_POINT ( 'NONE',  ( -14.39899356721073600, 8.942677689116603500, -2.280533563299028900 ) ) ;
#576 = CARTESIAN_POINT ( 'NONE',  ( -0.5934813400671921100, -16.97786146424195800, -10.00000000000000000 ) ) ;
#577 = CARTESIAN_POINT ( 'NONE',  ( -2.478609629921900300E-015, -13.49292237646318100, -20.62500000273117700 ) ) ;
#578 = CYLINDRICAL_SURFACE ( 'NONE', #2148, 0.09999999999999999200 ) ;
#579 = DIRECTION ( 'NONE',  ( -0.0000000000000000000, -0.0000000000000000000, 1.000000000000000000 ) ) ;
#580 = CARTESIAN_POINT ( 'NONE',  ( -12.50000000000000000, 1.530808498934191500E-015, -5.999999999999995600 ) ) ;
#581 = CARTESIAN_POINT ( 'NONE',  ( 0.6102108561231017700, 16.97336824416974800, -9.988629539007282800 ) ) ;
#582 = CARTESIAN_POINT ( 'NONE',  ( -12.83253174999999900, 1.571531893259428100E-015, -23.37500000273118100 ) ) ;
#583 = CARTESIAN_POINT ( 'NONE',  ( -9.806418796036327400, -11.60029740082393200, -1.232699198646360500 ) ) ;
#584 = CARTESIAN_POINT ( 'NONE',  ( 0.5934813400672153100, 16.97786146424195800, -9.962089033290944000 ) ) ;
#585 = VERTEX_POINT ( 'NONE', #2071 ) ;
#586 = CARTESIAN_POINT ( 'NONE',  ( 3.965470391606081200, -12.20446294140195000, -14.52500000273117900 ) ) ;
#587 = EDGE_CURVE ( 'NONE', #835, #5497, #1254, .T. ) ;
#588 = CIRCLE ( 'NONE', #1316, 12.50000000000000000 ) ;
#589 = EDGE_CURVE ( 'NONE', #3778, #1962, #2582, .T. ) ;
#590 = CARTESIAN_POINT ( 'NONE',  ( -0.5582755146289148900, -12.64438615426188800, -11.00000000000000200 ) ) ;
#591 = CARTESIAN_POINT ( 'NONE',  ( 11.74999999999999800, -3.817806430736651700, -13.60000000546236400 ) ) ;
#592 = VECTOR ( 'NONE', #4889, 1000.000000000000000 ) ;
#593 = ADVANCED_FACE ( 'NONE', ( #5304 ), #3284, .T. ) ;
#594 = CARTESIAN_POINT ( 'NONE',  ( -10.38173626660608100, 7.542772912224922500, -19.32500000273118000 ) ) ;
#595 = LINE ( 'NONE', #3898, #1890 ) ;
#596 = CARTESIAN_POINT ( 'NONE',  ( 4.353009132766511700, 11.17872329955035800, -11.25764430484307100 ) ) ;
#597 = ORIENTED_EDGE ( 'NONE', *, *, #4517, .F. ) ;
#598 = CARTESIAN_POINT ( 'NONE',  ( 14.32553254129632800, -9.083478402431719400, -10.02928932188141100 ) ) ;
#599 = CARTESIAN_POINT ( 'NONE',  ( 7.261899367811261100, -9.995146998136467800, -17.80000000546236500 ) ) ;
#600 = CARTESIAN_POINT ( 'NONE',  ( 12.12873565634875000, 10.31797927956601800, -1.718997585968303800 ) ) ;
#601 = CARTESIAN_POINT ( 'NONE',  ( 7.930940783212167700, 10.91600350634071700, -22.07500000273118000 ) ) ;
#602 = SPHERICAL_SURFACE ( 'NONE', #404, 0.1000000000000000100 ) ;
#603 = AXIS2_PLACEMENT_3D ( 'NONE', #4981, #3697, #5398 ) ;
#604 = ORIENTED_EDGE ( 'NONE', *, *, #2499, .F. ) ;
#605 = CARTESIAN_POINT ( 'NONE',  ( 3.630949683905629200, -11.17491406646805400, -11.90000000546236500 ) ) ;
#606 = CARTESIAN_POINT ( 'NONE',  ( -12.83253174999999600, 4.169542318109126500, -11.22500000273118000 ) ) ;
#607 = ORIENTED_EDGE ( 'NONE', *, *, #3281, .F. ) ;
#608 = CARTESIAN_POINT ( 'NONE',  ( 11.74999999999999800, 0.0000000000000000000, -14.99999999999999500 ) ) ;
#609 = FACE_OUTER_BOUND ( 'NONE', #3068, .T. ) ;
#610 = CARTESIAN_POINT ( 'NONE',  ( -12.83253174999999600, 4.169542318109126500, -13.22500000273117800 ) ) ;
#611 = CARTESIAN_POINT ( 'NONE',  ( -6.322145842979359100, 13.67041547138857500, -1.213070974270559200 ) ) ;
#612 = CARTESIAN_POINT ( 'NONE',  ( 3.630949683905631900, 11.17491406646805200, -11.10000000546236600 ) ) ;
#613 = CARTESIAN_POINT ( 'NONE',  ( 2.866689203492233300, -15.66542429236953800, -1.720218541320928600 ) ) ;
#614 = CARTESIAN_POINT ( 'NONE',  ( 12.83253174999999800, 4.169542318109123800, -18.02500000273117600 ) ) ;
#615 = EDGE_LOOP ( 'NONE', ( #2836, #2242, #1781, #4655 ) ) ;
#616 = CARTESIAN_POINT ( 'NONE',  ( 3.965470391606081200, -12.20446294140195000, -20.77500000273118300 ) ) ;
#617 = DIRECTION ( 'NONE',  ( -0.4718911724817685900, -0.8816568047340087600, -3.357815406710674000E-013 ) ) ;
#618 = CARTESIAN_POINT ( 'NONE',  ( 0.0000000000000000000, 0.0000000000000000000, -2.280533563299029300 ) ) ;
#619 = CARTESIAN_POINT ( 'NONE',  ( -0.6891636416229154300, -16.95199873028472800, -10.02544336615964900 ) ) ;
#620 = CARTESIAN_POINT ( 'NONE',  ( -7.261899367811265500, -9.995146998136466000, -11.69999999999999000 ) ) ;
#621 = CARTESIAN_POINT ( 'NONE',  ( 3.965470391606081200, -12.20446294140195000, -20.77500000273118300 ) ) ;
#622 = ORIENTED_EDGE ( 'NONE', *, *, #2015, .F. ) ;
#623 = CARTESIAN_POINT ( 'NONE',  ( -9.505949683905630100, 6.906476714436559300, -18.70000000546236800 ) ) ;
#624 = ADVANCED_FACE ( 'NONE', ( #2485 ), #2809, .F. ) ;
#625 = ORIENTED_EDGE ( 'NONE', *, *, #1937, .T. ) ;
#626 = EDGE_CURVE ( 'NONE', #2581, #3279, #454, .T. ) ;
#627 = DIRECTION ( 'NONE',  ( 0.5000000000000004400, 0.8660254037844383700, 0.0000000000000000000 ) ) ;
#628 = ORIENTED_EDGE ( 'NONE', *, *, #3388, .F. ) ;
#629 = CARTESIAN_POINT ( 'NONE',  ( -7.261899367811265500, -9.995146998136466000, -19.69999999999999600 ) ) ;
#630 = CARTESIAN_POINT ( 'NONE',  ( 10.38173626660608300, 7.542772912224920700, -11.92500000273118000 ) ) ;
#631 = CARTESIAN_POINT ( 'NONE',  ( 14.94717096312829700, -5.388028448870226600, -1.637071105924022200 ) ) ;
#632 = ORIENTED_EDGE ( 'NONE', *, *, #4299, .F. ) ;
#633 = PLANE ( 'NONE',  #1627 ) ;
#634 = AXIS2_PLACEMENT_3D ( 'NONE', #2598, #5163, #2175 ) ;
#635 = CARTESIAN_POINT ( 'NONE',  ( -3.965470391606085600, -12.20446294140194800, -16.72500000273117800 ) ) ;
#636 = ORIENTED_EDGE ( 'NONE', *, *, #1384, .T. ) ;
#637 = CARTESIAN_POINT ( 'NONE',  ( -12.83253174999999800, 4.169542318109126500, -19.47500000273118200 ) ) ;
#638 = AXIS2_PLACEMENT_3D ( 'NONE', #871, #3872, #1303 ) ;
#639 = CARTESIAN_POINT ( 'NONE',  ( 14.38031057790481000, 9.029057876002855900, -10.00160207241339800 ) ) ;
#640 = CARTESIAN_POINT ( 'NONE',  ( 14.98816568047336900, 8.022149932198994200, -2.367136103677471400 ) ) ;
#641 = PLANE ( 'NONE',  #3024 ) ;
#642 = COORDINATED_UNIVERSAL_TIME_OFFSET ( 2, 0, .AHEAD. ) ;
#643 = CARTESIAN_POINT ( 'NONE',  ( 6.284284884195400000, -13.63453055189494400, -1.127163199466015800 ) ) ;
#644 = CARTESIAN_POINT ( 'NONE',  ( -12.83253174999999600, 4.169542318109126500, -19.47500000273118200 ) ) ;
#645 =( BOUNDED_CURVE ( )  B_SPLINE_CURVE ( 2, ( #5342, #2355, #3630, #1068, #4081, #1517, #4508, #1947, #4934, #2374, #5356 ),
 .UNSPECIFIED., .F., .T. ) 
 B_SPLINE_CURVE_WITH_KNOTS ( ( 3, 2, 2, 2, 2, 3 ),
 ( 0.6428571428571427900, 0.6571428571428570300, 0.6714285714285712600, 0.6857142857142856100, 0.6999999999999998400, 0.7142857142857141900 ),
 .UNSPECIFIED. ) 
 CURVE ( )  GEOMETRIC_REPRESENTATION_ITEM ( )  RATIONAL_B_SPLINE_CURVE ( ( 1.000000000000000400, 0.9510565162951532000, 1.000000000000000000, 0.9510565162951535300, 1.000000000000000000, 0.9510565162951535300, 1.000000000000000000, 0.9510565162951535300, 1.000000000000000000, 0.9510565162951538600, 0.9999999999999996700 ) ) 
 REPRESENTATION_ITEM ( '' )  );
#646 = CARTESIAN_POINT ( 'NONE',  ( 7.930940783212167700, 10.91600350634071700, -24.07500000273117600 ) ) ;
#647 = CARTESIAN_POINT ( 'NONE',  ( -10.38173626660608300, -7.542772912224919000, -20.92500000273117800 ) ) ;
#648 = CARTESIAN_POINT ( 'NONE',  ( 17.00000000000000000, 1.368099629446886300, -12.00000000000000400 ) ) ;
#649 = CARTESIAN_POINT ( 'NONE',  ( -2.478609629921899900E-015, -13.49292237646318400, -10.62500000273117900 ) ) ;
#650 = CARTESIAN_POINT ( 'NONE',  ( 14.99999999999999800, 1.383429615787246500, -1.213745120304733800 ) ) ;
#651 = ADVANCED_FACE ( 'NONE', ( #3480 ), #1963, .F. ) ;
#652 = CARTESIAN_POINT ( 'NONE',  ( -7.930940783212167700, 10.91600350634071900, -15.42500000273118000 ) ) ;
#654 = ORIENTED_EDGE ( 'NONE', *, *, #4978, .T. ) ;
#653 = CARTESIAN_POINT ( 'NONE',  ( 10.38173626660608300, 7.542772912224920700, -18.17500000273118100 ) ) ;
#655 = CARTESIAN_POINT ( 'NONE',  ( 13.63807900035578100, -10.23936963238692700, -10.68659372055357100 ) ) ;
#656 = CARTESIAN_POINT ( 'NONE',  ( -7.500000000000000000, -12.99038105676657800, -9.958578643762688600 ) ) ;
#657 = CARTESIAN_POINT ( 'NONE',  ( 10.38173626660608300, 7.542772912224920700, -18.17500000273118100 ) ) ;
#658 = CARTESIAN_POINT ( 'NONE',  ( 3.965470391606081200, -12.20446294140195000, -22.77500000273117900 ) ) ;
#659 = ORIENTED_EDGE ( 'NONE', *, *, #2172, .T. ) ;
#660 = CARTESIAN_POINT ( 'NONE',  ( 16.15142746775771700, 5.373949754164312000, -11.15142746775772100 ) ) ;
#661 = EDGE_CURVE ( 'NONE', #122, #2045, #200, .T. ) ;
#662 = ORIENTED_EDGE ( 'NONE', *, *, #1899, .F. ) ;
#663 = EDGE_CURVE ( 'NONE', #162, #387, #1006, .T. ) ;
#664 = CARTESIAN_POINT ( 'NONE',  ( 14.99999999999999500, 7.991336504509234800, -2.307030028425094400 ) ) ;
#665 = CARTESIAN_POINT ( 'NONE',  ( -7.261899367811262900, 9.995146998136467800, -14.80000000546236500 ) ) ;
#666 = VECTOR ( 'NONE', #2469, 1000.000000000000000 ) ;
#667 = ORIENTED_EDGE ( 'NONE', *, *, #3165, .F. ) ;
#668 = DIRECTION ( 'NONE',  ( 0.8494981455578215500, 0.5275916040782133700, 0.0000000000000000000 ) ) ;
#669 = CARTESIAN_POINT ( 'NONE',  ( 12.83253174999999900, 0.0000000000000000000, -14.12500000273118100 ) ) ;
#670 = EDGE_LOOP ( 'NONE', ( #3037, #861 ) ) ;
#671 = ORIENTED_EDGE ( 'NONE', *, *, #976, .T. ) ;
#672 = AXIS2_PLACEMENT_3D ( 'NONE', #2818, #2764, #4552 ) ;
#673 = CONICAL_SURFACE ( 'NONE', #4773, 11.74999999999999800, 0.7853981633974412800 ) ;
#674 = CARTESIAN_POINT ( 'NONE',  ( -2.478609629921900300E-015, -13.49292237646318100, -16.87500000273118100 ) ) ;
#675 = CARTESIAN_POINT ( 'NONE',  ( 6.041280477675651500, -15.94941319285706900, -11.87563955295798700 ) ) ;
#676 = CARTESIAN_POINT ( 'NONE',  ( -11.74999999999999800, 1.438959988998139800E-015, 0.0000000000000000000 ) ) ;
#677 = CARTESIAN_POINT ( 'NONE',  ( 0.5434813400671709700, 16.89125892386353900, -2.367136103677486900 ) ) ;
#678 = DIRECTION ( 'NONE',  ( 0.5000000000000004400, -0.8660254037844383700, 0.0000000000000000000 ) ) ;
#679 = CARTESIAN_POINT ( 'NONE',  ( -2.478609629921899900E-015, -13.49292237646318400, -16.87500000273118100 ) ) ;
#680 = CARTESIAN_POINT ( 'NONE',  ( -12.83253174999999600, 4.169542318109126500, -21.47500000273117800 ) ) ;
#681 =( BOUNDED_CURVE ( )  B_SPLINE_CURVE ( 2, ( #1918, #4905, #3187, #629, #3620, #1052, #4070, #1502, #4498, #1934, #4924 ),
 .UNSPECIFIED., .F., .T. ) 
 B_SPLINE_CURVE_WITH_KNOTS ( ( 3, 2, 2, 2, 2, 3 ),
 ( 0.3571428571428572100, 0.3714285714285714400, 0.3857142857142857300, 0.3999999999999999700, 0.4142857142857142600, 0.4285714285714284400 ),
 .UNSPECIFIED. ) 
 CURVE ( )  GEOMETRIC_REPRESENTATION_ITEM ( )  RATIONAL_B_SPLINE_CURVE ( ( 0.9999999999999997800, 0.9510565162951537500, 1.000000000000000000, 0.9510565162951535300, 1.000000000000000000, 0.9510565162951535300, 1.000000000000000000, 0.9510565162951535300, 1.000000000000000000, 0.9510565162951538600, 0.9999999999999996700 ) ) 
 REPRESENTATION_ITEM ( '' )  );
#682 = ADVANCED_FACE ( 'NONE', ( #3615 ), #1901, .T. ) ;
#683 = CARTESIAN_POINT ( 'NONE',  ( 0.7037567805850144500, 16.94801430471915200, -10.02928932188137500 ) ) ;
#684 = CARTESIAN_POINT ( 'NONE',  ( 16.80492887484180600, 2.726670088836688200, -11.80492887484181400 ) ) ;
#685 = PLANE ( 'NONE',  #1548 ) ;
#686 = ORIENTED_EDGE ( 'NONE', *, *, #4686, .T. ) ;
#687 = CARTESIAN_POINT ( 'NONE',  ( -0.6421413489632145100, -16.98789477458533500, -10.08601093817333400 ) ) ;
#688 = CARTESIAN_POINT ( 'NONE',  ( -14.44146847448861200, 8.969057269320542100, -2.367136103677473200 ) ) ;
#689 = EDGE_LOOP ( 'NONE', ( #3235, #659, #788 ) ) ;
#690 = DIRECTION ( 'NONE',  ( -1.000000000000000000, 0.0000000000000000000, 0.0000000000000000000 ) ) ;
#691 = CARTESIAN_POINT ( 'NONE',  ( 14.40598136832600500, -9.003437638271426700, -9.965647342848669200 ) ) ;
#692 = CARTESIAN_POINT ( 'NONE',  ( -7.930940783212169400, -10.91600350634071900, -12.82500000273118000 ) ) ;
#693 = EDGE_LOOP ( 'NONE', ( #1990, #4714 ) ) ;
#694 = CARTESIAN_POINT ( 'NONE',  ( -10.38173626660608100, 7.542772912224922500, -15.57500000273118000 ) ) ;
#695 = ORIENTED_EDGE ( 'NONE', *, *, #3092, .T. ) ;
#696 = CARTESIAN_POINT ( 'NONE',  ( -14.98816633179616900, -8.022148715301513600, -10.02793065430536900 ) ) ;
#697 = CARTESIAN_POINT ( 'NONE',  ( 13.00000000000000000, 1.592040838891559100E-015, 0.0000000000000000000 ) ) ;
#698 = CARTESIAN_POINT ( 'NONE',  ( 3.965470391606081200, -12.20446294140195000, -18.52500000273117900 ) ) ;
#699 = ORIENTED_EDGE ( 'NONE', *, *, #1345, .F. ) ;
#700 = CARTESIAN_POINT ( 'NONE',  ( -10.38173626660608100, 7.542772912224922500, -15.57500000273118000 ) ) ;
#701 = CARTESIAN_POINT ( 'NONE',  ( 10.38173626660608300, 7.542772912224920700, -20.17500000273118100 ) ) ;
#702 = EDGE_CURVE ( 'NONE', #1952, #4235, #58, .T. ) ;
#703 = EDGE_CURVE ( 'NONE', #5443, #4429, #3076, .T. ) ;
#704 = ORIENTED_EDGE ( 'NONE', *, *, #5214, .T. ) ;
#705 = CARTESIAN_POINT ( 'NONE',  ( 11.81549719188676500, 4.549018139834653400, -21.90560065715864400 ) ) ;
#706 = CARTESIAN_POINT ( 'NONE',  ( -0.5466972059847514700, -16.99120720151951100, -9.958578643762763200 ) ) ;
#707 = DIRECTION ( 'NONE',  ( 0.8816568047340418400, -0.4718911724817064800, 0.0000000000000000000 ) ) ;
#708 = ORIENTED_EDGE ( 'NONE', *, *, #1094, .T. ) ;
#709 = AXIS2_PLACEMENT_3D ( 'NONE', #4292, #1805, #515 ) ;
#710 = ORIENTED_EDGE ( 'NONE', *, *, #1265, .T. ) ;
#711 = CARTESIAN_POINT ( 'NONE',  ( 14.32553254129632800, -9.083478402431719400, -10.02928932188141100 ) ) ;
#712 = CARTESIAN_POINT ( 'NONE',  ( -3.965470391606082900, 12.20446294140195000, -11.52500000273118100 ) ) ;
#713 = CYLINDRICAL_SURFACE ( 'NONE', #2128, 11.74999999999999800 ) ;
#714 = CIRCLE ( 'NONE', #2890, 0.09999999999999999200 ) ;
#715 = CARTESIAN_POINT ( 'NONE',  ( 12.83253174999999800, 4.169542318109123800, -14.27500000273117900 ) ) ;
#716 =( BOUNDED_CURVE ( )  B_SPLINE_CURVE ( 3, ( #4699, #4975, #3243, #2734 ),
 .UNSPECIFIED., .F., .F. ) 
 B_SPLINE_CURVE_WITH_KNOTS ( ( 4, 4 ),
 ( 2.657554577411168900, 3.141592653589793100 ),
 .UNSPECIFIED. ) 
 CURVE ( )  GEOMETRIC_REPRESENTATION_ITEM ( )  RATIONAL_B_SPLINE_CURVE ( ( 1.000000000000000000, 0.9805707097901814600, 0.9805707097901814600, 1.000000000000000000 ) ) 
 REPRESENTATION_ITEM ( '' )  );
#717 = CARTESIAN_POINT ( 'NONE',  ( -0.6925794020437905400, 16.98589836832825400, -10.05650919409535700 ) ) ;
#718 = PERSON_AND_ORGANIZATION_ROLE ( 'creator' ) ;
#719 = CARTESIAN_POINT ( 'NONE',  ( 4.535026545691088100, 14.64308366413495600, -1.337025872667614100 ) ) ;
#720 = FACE_OUTER_BOUND ( 'NONE', #3370, .T. ) ;
#721 = CARTESIAN_POINT ( 'NONE',  ( 12.83253174999999600, 4.169542318109123800, -14.27500000273117900 ) ) ;
#722 = CIRCLE ( 'NONE', #2294, 0.1000000000000006300 ) ;
#723 = CARTESIAN_POINT ( 'NONE',  ( -2.478609629921899900E-015, -13.49292237646318400, -18.87500000273118100 ) ) ;
#724 = CARTESIAN_POINT ( 'NONE',  ( 4.006481791363908600, 11.32315073484546500, -21.25549906497960300 ) ) ;
#725 = CARTESIAN_POINT ( 'NONE',  ( -3.630949683905630600, 11.17491406646805400, -12.39999999999999500 ) ) ;
#726 = DIRECTION ( 'NONE',  ( -0.0000000000000000000, -0.0000000000000000000, 1.000000000000000000 ) ) ;
#727 = ORIENTED_EDGE ( 'NONE', *, *, #2047, .F. ) ;
#728 = CARTESIAN_POINT ( 'NONE',  ( 3.630949683905631900, 11.17491406646805200, -20.59999999999999400 ) ) ;
#729 = CARTESIAN_POINT ( 'NONE',  ( -15.04709094342989500, -7.911071617685562900, -10.09999999999997100 ) ) ;
#730 = VECTOR ( 'NONE', #3773, 1000.000000000000000 ) ;
#731 = CARTESIAN_POINT ( 'NONE',  ( -3.965470391606085600, -12.20446294140194800, -12.97500000273118000 ) ) ;
#732 = EDGE_LOOP ( 'NONE', ( #5360, #1649 ) ) ;
#733 = DIRECTION ( 'NONE',  ( 0.0000000000000000000, 0.0000000000000000000, -1.000000000000000000 ) ) ;
#734 = CARTESIAN_POINT ( 'NONE',  ( -0.5901676617349840300, 16.98978588662324900, -10.00569375873979200 ) ) ;
#735 = CARTESIAN_POINT ( 'NONE',  ( 2.846248085871895500, 15.67722597713018500, -1.724853803131134200 ) ) ;
#736 = CARTESIAN_POINT ( 'NONE',  ( -3.965470391606085600, -12.20446294140194800, -12.97500000273118000 ) ) ;
#737 = CIRCLE ( 'NONE', #5192, 0.09999999999999999200 ) ;
#738 = EDGE_CURVE ( 'NONE', #473, #1555, #5498, .T. ) ;
#739 = ORIENTED_EDGE ( 'NONE', *, *, #2674, .T. ) ;
#740 = ORIENTED_EDGE ( 'NONE', *, *, #4265, .F. ) ;
#741 = CARTESIAN_POINT ( 'NONE',  ( 12.83253174999999600, -4.169542318109129100, -18.22500000273118200 ) ) ;
#742 = CARTESIAN_POINT ( 'NONE',  ( -8.094628218828637100, 12.64707229455867900, -1.154939245623676000 ) ) ;
#743 = CARTESIAN_POINT ( 'NONE',  ( -14.95000000000000100, -2.090785878581070500E-015, -1.125833024919773900 ) ) ;
#744 = TOROIDAL_SURFACE ( 'NONE', #126, 8.099999999999999600, 0.1000000000000000100 ) ;
#745 = AXIS2_PLACEMENT_3D ( 'NONE', #3441, #532, #3816 ) ;
#746 = CARTESIAN_POINT ( 'NONE',  ( 15.02928932188134500, -17.00000000000000000, -10.02928932188134700 ) ) ;
#747 = AXIS2_PLACEMENT_3D ( 'NONE', #3013, #1084, #1197 ) ;
#748 = CARTESIAN_POINT ( 'NONE',  ( 12.97320508075688600, 0.0000000000000000000, 0.0000000000000000000 ) ) ;
#749 = DIRECTION ( 'NONE',  ( 0.0000000000000000000, 0.0000000000000000000, -1.000000000000000000 ) ) ;
#750 = ORIENTED_EDGE ( 'NONE', *, *, #2401, .F. ) ;
#751 = ORIENTED_EDGE ( 'NONE', *, *, #5459, .T. ) ;
#752 = CARTESIAN_POINT ( 'NONE',  ( -7.930940783212167700, 10.91600350634071900, -11.67500000273118000 ) ) ;
#753 = CARTESIAN_POINT ( 'NONE',  ( -15.03300451994443800, 7.937864409546978800, -10.08599657518956900 ) ) ;
#754 = CARTESIAN_POINT ( 'NONE',  ( 14.94408284023665900, -7.998555373574925300, -2.280533563299028500 ) ) ;
#755 = DIRECTION ( 'NONE',  ( 1.000000000000000000, 0.0000000000000000000, -5.637851296924623700E-014 ) ) ;
#756 = EDGE_LOOP ( 'NONE', ( #4851, #1994, #4161, #625 ) ) ;
#757 = CARTESIAN_POINT ( 'NONE',  ( -7.930940783212167700, 10.91600350634071700, -11.67500000273118000 ) ) ;
#758 = ORIENTED_EDGE ( 'NONE', *, *, #2074, .F. ) ;
#759 = CARTESIAN_POINT ( 'NONE',  ( 4.575354113785167900, -11.14400639792482300, -11.20788852913380400 ) ) ;
#760 = CARTESIAN_POINT ( 'NONE',  ( 0.0000000000000000000, 0.0000000000000000000, -22.00000000000000000 ) ) ;
#761 = EDGE_LOOP ( 'NONE', ( #5337, #2622, #4633, #3003 ) ) ;
#762 = VERTEX_POINT ( 'NONE', #1085 ) ;
#763 = CARTESIAN_POINT ( 'NONE',  ( -3.630949683905633200, -11.17491406646805200, -12.10000000546236600 ) ) ;
#764 = ORIENTED_EDGE ( 'NONE', *, *, #5183, .F. ) ;
#765 = DIRECTION ( 'NONE',  ( -0.0000000000000000000, -0.9648325559838533100, 0.2628652485850209700 ) ) ;
#766 = DIRECTION ( 'NONE',  ( -0.4999999999994749200, 0.8660254037847418000, 0.0000000000000000000 ) ) ;
#767 = CARTESIAN_POINT ( 'NONE',  ( 3.630949683905631900, 11.17491406646805200, -23.10000000546236600 ) ) ;
#768 = CARTESIAN_POINT ( 'NONE',  ( 12.83253174999999900, 0.0000000000000000000, -10.37500000273118100 ) ) ;
#769 = VERTEX_POINT ( 'NONE', #1515 ) ;
#770 = EDGE_CURVE ( 'NONE', #3449, #3909, #3917, .T. ) ;
#771 = EDGE_CURVE ( 'NONE', #4112, #227, #389, .T. ) ;
#772 = PERSON_AND_ORGANIZATION ( #2658, #1528 ) ;
#773 = CARTESIAN_POINT ( 'NONE',  ( 15.02928932188134000, 7.864535902287420800, -10.02928932188134100 ) ) ;
#774 = CARTESIAN_POINT ( 'NONE',  ( 0.0000000000000000000, 0.0000000000000000000, -3.999999999999997300 ) ) ;
#775 = CARTESIAN_POINT ( 'NONE',  ( -14.95000000000000100, -2.090785878581070500E-015, -1.125833024919773900 ) ) ;
#776 = AXIS2_PLACEMENT_3D ( 'NONE', #5254, #2685, #116 ) ;
#777 = VERTEX_POINT ( 'NONE', #2353 ) ;
#778 = CARTESIAN_POINT ( 'NONE',  ( 0.0000000000000000000, 0.0000000000000000000, 0.0000000000000000000 ) ) ;
#779 = AXIS2_PLACEMENT_3D ( 'NONE', #3234, #2811, #5372 ) ;
#780 = DIRECTION ( 'NONE',  ( 1.000000000000000000, 0.0000000000000000000, 0.0000000000000000000 ) ) ;
#781 = CARTESIAN_POINT ( 'NONE',  ( 11.32561315463107300, 13.90507955699088100, -12.74223325557818900 ) ) ;
#782 = CARTESIAN_POINT ( 'NONE',  ( -12.83253174999999900, 1.571531893259428100E-015, -17.37500000273118100 ) ) ;
#783 = DIRECTION ( 'NONE',  ( -0.3535533905932815000, 0.6123724356957914700, -0.7071067811865462400 ) ) ;
#784 = AXIS2_PLACEMENT_3D ( 'NONE', #4692, #398, #1702 ) ;
#785 = DIRECTION ( 'NONE',  ( 1.000000000000000000, 0.0000000000000000000, 0.0000000000000000000 ) ) ;
#786 = CARTESIAN_POINT ( 'NONE',  ( -14.42823735439885400, -8.990361270920653100, -9.983699572381491200 ) ) ;
#787 = CARTESIAN_POINT ( 'NONE',  ( -12.83253174999999900, 1.571531893259428100E-015, -15.12500000273117900 ) ) ;
#788 = ORIENTED_EDGE ( 'NONE', *, *, #3056, .F. ) ;
#789 = CARTESIAN_POINT ( 'NONE',  ( 11.74999999999999800, 3.817806430736647700, -19.40000000546236700 ) ) ;
#790 = CARTESIAN_POINT ( 'NONE',  ( -6.042170904005397200, -15.94831515472002300, -11.83273152354961500 ) ) ;
#791 = VECTOR ( 'NONE', #799, 1000.000000000000000 ) ;
#792 = CARTESIAN_POINT ( 'NONE',  ( -14.44146847448861100, 8.969057269320542100, 0.0000000000000000000 ) ) ;
#793 = CIRCLE ( 'NONE', #4379, 0.1000000000000000500 ) ;
#794 = DIRECTION ( 'NONE',  ( -0.0000000000000000000, -0.0000000000000000000, 1.000000000000000000 ) ) ;
#795 = EDGE_LOOP ( 'NONE', ( #1035, #1514, #281, #671 ) ) ;
#796 = CARTESIAN_POINT ( 'NONE',  ( 7.930940783212167700, 10.91600350634071700, -16.07500000273118300 ) ) ;
#797 = CIRCLE ( 'NONE', #2336, 12.50000000000000000 ) ;
#798 = CARTESIAN_POINT ( 'NONE',  ( 2.825829379502790200, 15.62803755372466000, -1.633021506026200300 ) ) ;
#799 = DIRECTION ( 'NONE',  ( 0.0000000000000000000, 0.0000000000000000000, 1.000000000000000000 ) ) ;
#800 = CARTESIAN_POINT ( 'NONE',  ( -9.505949683905631900, -6.906476714436556600, -16.30000000546236500 ) ) ;
#801 = EDGE_CURVE ( 'NONE', #5497, #2056, #2428, .T. ) ;
#802 = CARTESIAN_POINT ( 'NONE',  ( 11.74999999999999800, 3.817806430736647700, -23.40000000546236700 ) ) ;
#803 = ORIENTED_EDGE ( 'NONE', *, *, #4862, .F. ) ;
#804 = CARTESIAN_POINT ( 'NONE',  ( 4.372474660377894100, -11.66232785567740000, -10.99999999999999300 ) ) ;
#805 = EDGE_LOOP ( 'NONE', ( #4303, #1986, #1434, #2625 ) ) ;
#806 = EDGE_CURVE ( 'NONE', #1637, #1712, #4575, .T. ) ;
#807 = VECTOR ( 'NONE', #5370, 1000.000000000000000 ) ;
#808 = CARTESIAN_POINT ( 'NONE',  ( 15.00447351530061400, 7.958226019017244500, -9.988629539007247300 ) ) ;
#809 = DIRECTION ( 'NONE',  ( -1.000000000000000000, 0.0000000000000000000, 0.0000000000000000000 ) ) ;
#810 = CARTESIAN_POINT ( 'NONE',  ( -14.37473446378868600, 9.075627201222285800, -10.10000000000002300 ) ) ;
#811 = CARTESIAN_POINT ( 'NONE',  ( -12.76944981123984500, -11.30583931093347200, -11.22213814587632500 ) ) ;
#812 = CARTESIAN_POINT ( 'NONE',  ( -11.74999999999999800, 1.438959988998139800E-015, -23.99999999999999300 ) ) ;
#813 = AXIS2_PLACEMENT_3D ( 'NONE', #4952, #4524, #1534 ) ;
#814 = CARTESIAN_POINT ( 'NONE',  ( 15.02230133649336000, -7.891118737191086500, -10.02230133649408600 ) ) ;
#815 = CARTESIAN_POINT ( 'NONE',  ( -3.630949683905633200, -11.17491406646805200, -14.10000000546236600 ) ) ;
#816 = CARTESIAN_POINT ( 'NONE',  ( 14.94924935156265600, 2.700574942068554800, -1.256636667463061800 ) ) ;
#817 = ORIENTED_EDGE ( 'NONE', *, *, #1170, .F. ) ;
#818 = DIRECTION ( 'NONE',  ( 0.0000000000000000000, -0.0000000000000000000, 1.000000000000000000 ) ) ;
#819 = CARTESIAN_POINT ( 'NONE',  ( -17.00000000000000000, 2.081899558550500300E-015, -12.04142135623731700 ) ) ;
#820 = CARTESIAN_POINT ( 'NONE',  ( 3.965470391606081200, -12.20446294140195000, -14.77500000273117900 ) ) ;
#821 = CARTESIAN_POINT ( 'NONE',  ( -15.00000000000000200, 7.974960814950754300, -9.958578643762692200 ) ) ;
#822 = CARTESIAN_POINT ( 'NONE',  ( 0.5934813400672005500, -16.97786146424195400, -2.367136103677471400 ) ) ;
#823 = CARTESIAN_POINT ( 'NONE',  ( -14.40651865993279700, 9.002900649291213100, -9.958578643762734800 ) ) ;
#824 = CARTESIAN_POINT ( 'NONE',  ( 6.905371781171695900, 13.33368981897413400, -1.154939245623895800 ) ) ;
#825 = ORIENTED_EDGE ( 'NONE', *, *, #4131, .F. ) ;
#826 = PLANE ( 'NONE',  #5195 ) ;
#827 = CARTESIAN_POINT ( 'NONE',  ( 11.74999999999999800, 0.0000000000000000000, 0.0000000000000000000 ) ) ;
#828 = CARTESIAN_POINT ( 'NONE',  ( -7.304638894873972000, 15.37875352441361300, -11.97071067811864400 ) ) ;
#829 = VERTEX_POINT ( 'NONE', #4079 ) ;
#830 = CC_DESIGN_APPROVAL ( #537, ( #250 ) ) ;
#831 = CARTESIAN_POINT ( 'NONE',  ( 7.261899367811263800, 9.995146998136467800, -22.69999999999999200 ) ) ;
#832 = VERTEX_POINT ( 'NONE', #2330 ) ;
#833 = CARTESIAN_POINT ( 'NONE',  ( 14.99999999999999800, -8.000039308079545100, -9.958578643762692200 ) ) ;
#834 = CARTESIAN_POINT ( 'NONE',  ( 0.6034703976166278000, 16.97517989472371600, -9.982719379989344300 ) ) ;
#835 = VERTEX_POINT ( 'NONE', #4782 ) ;
#836 = CARTESIAN_POINT ( 'NONE',  ( 0.6168513702630680200, 16.98889578609618300, -10.07430244343743200 ) ) ;
#837 = CARTESIAN_POINT ( 'NONE',  ( 7.565060353109282100E-016, 12.35468113479963900, -14.49999999999999300 ) ) ;
#838 = CARTESIAN_POINT ( 'NONE',  ( -12.83253174999999600, 4.169542318109126500, -13.47500000273118000 ) ) ;
#839 = EDGE_CURVE ( 'NONE', #265, #562, #3321, .T. ) ;
#840 = CARTESIAN_POINT ( 'NONE',  ( -10.25328265370376400, 6.843455722491532900, -10.99999999999999800 ) ) ;
#841 = ORIENTED_EDGE ( 'NONE', *, *, #1583, .T. ) ;
#842 = CARTESIAN_POINT ( 'NONE',  ( -6.336974533933202200, 13.66185412267464400, -1.211961866617258000 ) ) ;
#843 = CARTESIAN_POINT ( 'NONE',  ( 7.930940783212167700, 10.91600350634071700, -23.82500000273118300 ) ) ;
#844 = CIRCLE ( 'NONE', #4808, 0.09999999999999939500 ) ;
#845 = CARTESIAN_POINT ( 'NONE',  ( 0.0000000000000000000, 0.0000000000000000000, -2.367136103677472700 ) ) ;
#846 = EDGE_CURVE ( 'NONE', #4720, #2056, #4765, .T. ) ;
#847 = CARTESIAN_POINT ( 'NONE',  ( -0.6925794020439134400, 16.98589836832824700, -10.05650919409482900 ) ) ;
#848 = CARTESIAN_POINT ( 'NONE',  ( -15.00000000000000200, 5.370927438206245500, -1.723673878461643400 ) ) ;
#849 = PERSON_AND_ORGANIZATION ( #2658, #1528 ) ;
#850 = CARTESIAN_POINT ( 'NONE',  ( 3.630949683905629200, -11.17491406646805400, -21.39999999999999500 ) ) ;
#851 = DIRECTION ( 'NONE',  ( -0.0000000000000000000, -0.0000000000000000000, 1.000000000000000000 ) ) ;
#852 = CARTESIAN_POINT ( 'NONE',  ( 15.00053457055029000, 7.972962965682209600, -9.968904743916454000 ) ) ;
#853 = DIRECTION ( 'NONE',  ( -0.0000000000000000000, -0.0000000000000000000, 1.000000000000000000 ) ) ;
#854 = CARTESIAN_POINT ( 'NONE',  ( -15.04709094342989700, 7.911071617685561100, -10.09999999999997100 ) ) ;
#855 = CARTESIAN_POINT ( 'NONE',  ( 10.38173626660608300, 7.542772912224920700, -12.17500000273118000 ) ) ;
#856 = ORIENTED_EDGE ( 'NONE', *, *, #4797, .T. ) ;
#857 = CARTESIAN_POINT ( 'NONE',  ( -5.142942842549479600, 14.29275649792802300, -1.232699198645949700 ) ) ;
#858 = CARTESIAN_POINT ( 'NONE',  ( 8.262032099739667100E-016, 13.49292237646318400, -11.62500000273117700 ) ) ;
#859 = CARTESIAN_POINT ( 'NONE',  ( 14.40438964787405000, -9.028656850055316600, -10.07430244343746200 ) ) ;
#860 = CIRCLE ( 'NONE', #4138, 16.95000000000000300 ) ;
#861 = ORIENTED_EDGE ( 'NONE', *, *, #839, .T. ) ;
#862 = ORIENTED_EDGE ( 'NONE', *, *, #2887, .T. ) ;
#863 = CARTESIAN_POINT ( 'NONE',  ( -15.00000000000000200, -7.974960814950754300, -9.958578643762692200 ) ) ;
#864 = CARTESIAN_POINT ( 'NONE',  ( -15.00000000000000200, 0.6561972772516642100, -1.154064858489436600 ) ) ;
#865 = CARTESIAN_POINT ( 'NONE',  ( -11.74999999999999800, 3.817806430736650400, -20.09999999999998700 ) ) ;
#866 = CYLINDRICAL_SURFACE ( 'NONE', #3018, 0.09999999999999939500 ) ;
#867 = LINE ( 'NONE', #827, #5298 ) ;
#868 = CARTESIAN_POINT ( 'NONE',  ( 11.69643539241150300, -1.586768075938183700, -21.02673797618541200 ) ) ;
#869 = DIRECTION ( 'NONE',  ( -1.000000000000000000, 0.0000000000000000000, 0.0000000000000000000 ) ) ;
#870 = CARTESIAN_POINT ( 'NONE',  ( -2.478609629921899900E-015, -13.49292237646318400, -10.87500000273118100 ) ) ;
#871 = CARTESIAN_POINT ( 'NONE',  ( 0.0000000000000000000, 0.0000000000000000000, -0.2232050807568865000 ) ) ;
#872 = FACE_OUTER_BOUND ( 'NONE', #5417, .T. ) ;
#873 = EDGE_CURVE ( 'NONE', #878, #4357, #5228, .T. ) ;
#874 = CARTESIAN_POINT ( 'NONE',  ( 14.99999999999999600, 7.974960814950764900, -9.958578643762686900 ) ) ;
#875 = CARTESIAN_POINT ( 'NONE',  ( 3.630949683905631900, 11.17491406646805200, -17.10000000546236600 ) ) ;
#876 = ADVANCED_FACE ( 'NONE', ( #4901 ), #3889, .F. ) ;
#877 = EDGE_CURVE ( 'NONE', #5443, #4662, #453, .T. ) ;
#878 = VERTEX_POINT ( 'NONE', #1007 ) ;
#879 = AXIS2_PLACEMENT_3D ( 'NONE', #239, #3226, #668 ) ;
#880 = CARTESIAN_POINT ( 'NONE',  ( -15.02544336615958200, -7.879166144132319100, -10.02544336615958000 ) ) ;
#881 = CARTESIAN_POINT ( 'NONE',  ( -12.10085458673726900, 2.905781861792170700, -21.68127528821352000 ) ) ;
#882 = CARTESIAN_POINT ( 'NONE',  ( -14.94567891167994800, -6.698908572021820400, -1.927261786815871200 ) ) ;
#883 = CARTESIAN_POINT ( 'NONE',  ( 2.066201078676506600, 16.89408691943861000, -10.66380898531450100 ) ) ;
#884 = CARTESIAN_POINT ( 'NONE',  ( 9.505949683905631900, 6.906476714436558400, -18.79999999999999400 ) ) ;
#885 = CARTESIAN_POINT ( 'NONE',  ( -14.37473446378869100, 9.075627201222277000, -10.10000000000001700 ) ) ;
#886 = CARTESIAN_POINT ( 'NONE',  ( 6.776755885458757500, -9.844979776454069400, -21.19542111731038100 ) ) ;
#887 = VERTEX_POINT ( 'NONE', #1451 ) ;
#888 = CARTESIAN_POINT ( 'NONE',  ( -7.930940783212167700, 10.91600350634071700, -23.42500000273118500 ) ) ;
#889 = CARTESIAN_POINT ( 'NONE',  ( 0.0000000000000000000, 0.0000000000000000000, -10.99999999999999600 ) ) ;
#890 = EDGE_LOOP ( 'NONE', ( #954, #1774, #5263, #204 ) ) ;
#891 = CARTESIAN_POINT ( 'NONE',  ( -6.373081795828125200, 10.39537135895301900, -11.07228625595834600 ) ) ;
#892 = CARTESIAN_POINT ( 'NONE',  ( 0.0000000000000000000, 0.0000000000000000000, -3.999999999999997300 ) ) ;
#893 = ORIENTED_EDGE ( 'NONE', *, *, #4299, .T. ) ;
#894 = CARTESIAN_POINT ( 'NONE',  ( -4.428511564345633600, 11.88587802748399000, -21.87948452696320000 ) ) ;
#895 = EDGE_LOOP ( 'NONE', ( #4922, #1131 ) ) ;
#896 = CARTESIAN_POINT ( 'NONE',  ( -2.269518105932784400E-015, -12.35468113479963900, -17.49999999999998900 ) ) ;
#897 = CARTESIAN_POINT ( 'NONE',  ( -15.02928932188131500, -7.864535902287415500, -10.02928932188131500 ) ) ;
#898 = ADVANCED_FACE ( 'NONE', ( #267 ), #5034, .T. ) ;
#899 = CIRCLE ( 'NONE', #2403, 0.1000000000000002400 ) ;
#900 = CARTESIAN_POINT ( 'NONE',  ( -3.377243421390931900, -11.65104904593500400, -21.37413558008018200 ) ) ;
#901 = CARTESIAN_POINT ( 'NONE',  ( 14.39899356721074900, -8.942677689116632000, -2.280533563299041800 ) ) ;
#902 = CARTESIAN_POINT ( 'NONE',  ( 12.83253174999999900, 0.0000000000000000000, -22.12500000273118100 ) ) ;
#903 = DIRECTION ( 'NONE',  ( -0.0000000000000000000, -0.0000000000000000000, 1.000000000000000000 ) ) ;
#904 = VECTOR ( 'NONE', #3368, 1000.000000000000000 ) ;
#905 = EDGE_CURVE ( 'NONE', #5223, #1984, #489, .T. ) ;
#906 = CARTESIAN_POINT ( 'NONE',  ( 11.74999999999999800, 3.817806430736647700, -16.89999999999999100 ) ) ;
#907 = CARTESIAN_POINT ( 'NONE',  ( 0.6817360627385395900, -16.95402671311108400, -10.02348586136336200 ) ) ;
#908 = CARTESIAN_POINT ( 'NONE',  ( -2.863740271568824700, -15.66712685900933600, -1.720690003328686500 ) ) ;
#909 = CARTESIAN_POINT ( 'NONE',  ( -14.32553254129632800, 9.083478402431739000, -10.02928932188137300 ) ) ;
#910 = AXIS2_PLACEMENT_3D ( 'NONE', #552, #82, #4794 ) ;
#911 =( BOUNDED_CURVE ( )  B_SPLINE_CURVE ( 2, ( #431, #3440, #1753, #4746, #2173, #5161, #2595, #23, #3015, #447, #3457 ),
 .UNSPECIFIED., .F., .T. ) 
 B_SPLINE_CURVE_WITH_KNOTS ( ( 3, 2, 2, 2, 2, 3 ),
 ( 0.7857142857142857000, 0.8000000000000000400, 0.8142857142857142800, 0.8285714285714286300, 0.8428571428571428600, 0.8571428571428571000 ),
 .UNSPECIFIED. ) 
 CURVE ( )  GEOMETRIC_REPRESENTATION_ITEM ( )  RATIONAL_B_SPLINE_CURVE ( ( 1.000000000000000000, 0.9510565162951535300, 1.000000000000000000, 0.9510565162951535300, 1.000000000000000000, 0.9510565162951535300, 1.000000000000000000, 0.9510565162951535300, 1.000000000000000000, 0.9510565162951535300, 1.000000000000000000 ) ) 
 REPRESENTATION_ITEM ( '' )  );
#912 = CARTESIAN_POINT ( 'NONE',  ( 7.304638894873986200, -15.37875352441360900, -11.97071067811863900 ) ) ;
#913 = CARTESIAN_POINT ( 'NONE',  ( -11.29434723983962200, 13.88452221493110500, -12.67152257745955300 ) ) ;
#914 = CARTESIAN_POINT ( 'NONE',  ( 4.171296049356517900, 12.08124638389429800, -22.01788413428418100 ) ) ;
#915 = DIRECTION ( 'NONE',  ( 1.000000000000000000, 0.0000000000000000000, -3.903127820947839300E-014 ) ) ;
#916 = CARTESIAN_POINT ( 'NONE',  ( -9.505949683905630100, 6.906476714436559300, -16.19999999999999200 ) ) ;
#917 = AXIS2_PLACEMENT_3D ( 'NONE', #4760, #2616, #4336 ) ;
#918 = CARTESIAN_POINT ( 'NONE',  ( -16.17853960580864800, -5.398325893031225700, -11.17853960581230900 ) ) ;
#919 = CARTESIAN_POINT ( 'NONE',  ( -11.56553771723312000, -4.242669727454813100, -21.56289820449939800 ) ) ;
#920 = CARTESIAN_POINT ( 'NONE',  ( 9.833234632879788600, -11.58467067083523700, -1.258923043201414700 ) ) ;
#921 = CIRCLE ( 'NONE', #5050, 0.09999999999999939500 ) ;
#922 = CARTESIAN_POINT ( 'NONE',  ( -7.930940783212169400, -10.91600350634071700, -20.82500000273118000 ) ) ;
#923 = CIRCLE ( 'NONE', #522, 0.09999999999999939500 ) ;
#924 = CARTESIAN_POINT ( 'NONE',  ( -9.505949683905630100, 6.906476714436559300, -16.19999999999999200 ) ) ;
#925 = B_SPLINE_CURVE_WITH_KNOTS ( 'NONE', 3,
 ( #941, #3515, #3953, #1386, #4386, #1829, #4811, #2252, #5236, #2667, #105, #3095, #530, #3531, #957, #3976 ),
 .UNSPECIFIED., .F., .F.,
 ( 4, 3, 3, 3, 3, 4 ),
 ( 0.0000000000000000000, 4.682563982912831800E-005, 9.700198158701340100E-005, 0.0001235396555798767700, 0.0001307553798912256300, 0.0001412485351129141700 ),
 .UNSPECIFIED. ) ;
#926 = ORIENTED_EDGE ( 'NONE', *, *, #4131, .T. ) ;
#927 = ADVANCED_FACE ( 'NONE', ( #2750 ), #2611, .F. ) ;
#928 = CARTESIAN_POINT ( 'NONE',  ( 14.89999999999999700, 7.974960814950764900, -2.367136103677472300 ) ) ;
#929 = FACE_OUTER_BOUND ( 'NONE', #4175, .T. ) ;
#930 = EDGE_LOOP ( 'NONE', ( #3711, #3874, #3702, #4821 ) ) ;
#931 = DIRECTION ( 'NONE',  ( -1.000000000000000000, 0.0000000000000000000, -0.0000000000000000000 ) ) ;
#932 = CARTESIAN_POINT ( 'NONE',  ( 0.6421100295081605400, -16.98789601425166400, -10.08599657518946000 ) ) ;
#933 = ORIENTED_EDGE ( 'NONE', *, *, #5015, .F. ) ;
#934 = CARTESIAN_POINT ( 'NONE',  ( 11.74999999999999800, 3.817806430736647700, -14.89999999999999500 ) ) ;
#935 = B_SPLINE_CURVE_WITH_KNOTS ( 'NONE', 3,
 ( #2277, #130, #987, #4002, #1435, #4432, #1875, #4856, #2296, #5282, #2715, #148 ),
 .UNSPECIFIED., .F., .F.,
 ( 4, 2, 2, 2, 2, 4 ),
 ( 0.0000000000000000000, 0.004061428428104046700, 0.008122856856208093500, 0.01015357107026011900, 0.01218428528431214300, 0.01624571371241619000 ),
 .UNSPECIFIED. ) ;
#936 = CARTESIAN_POINT ( 'NONE',  ( -16.83323723930670500, 2.742804231374500500, -11.87563955295803800 ) ) ;
#937 = CARTESIAN_POINT ( 'NONE',  ( 6.042170904005284400, -15.94831515471745600, -11.83273152354722900 ) ) ;
#938 = DIRECTION ( 'NONE',  ( -0.8494981455581542800, 0.5275916040776775800, 0.0000000000000000000 ) ) ;
#939 = CARTESIAN_POINT ( 'NONE',  ( 5.166649785990314200, -14.33754143093851500, -1.262048645165875700 ) ) ;
#940 = CARTESIAN_POINT ( 'NONE',  ( -3.965470391606082900, 12.20446294140195000, -19.52500000273117900 ) ) ;
#941 = CARTESIAN_POINT ( 'NONE',  ( -14.32553254129633700, 9.083478402431749600, -10.02928932188139100 ) ) ;
#942 = CARTESIAN_POINT ( 'NONE',  ( -11.75000000000000200, -3.817806430736646400, -10.40000000546236700 ) ) ;
#943 = ORIENTED_EDGE ( 'NONE', *, *, #399, .T. ) ;
#944 = DIRECTION ( 'NONE',  ( 0.0000000000000000000, 0.0000000000000000000, -1.000000000000000000 ) ) ;
#945 = EDGE_CURVE ( 'NONE', #227, #4357, #1632, .T. ) ;
#946 = EDGE_CURVE ( 'NONE', #2901, #4057, #1759, .T. ) ;
#947 = VERTEX_POINT ( 'NONE', #2216 ) ;
#948 = CARTESIAN_POINT ( 'NONE',  ( 15.02544336615958200, 7.879166144132310200, -10.02544336615958200 ) ) ;
#949 = CARTESIAN_POINT ( 'NONE',  ( -3.630949683905633200, -11.17491406646805200, -13.59999999999999400 ) ) ;
#950 = AXIS2_PLACEMENT_3D ( 'NONE', #5125, #617, #1720 ) ;
#951 = ORIENTED_EDGE ( 'NONE', *, *, #2569, .F. ) ;
#952 = CARTESIAN_POINT ( 'NONE',  ( -14.39087775712619800, 9.050058108315237600, -10.08601093817331100 ) ) ;
#953 = ADVANCED_FACE ( 'NONE', ( #1488 ), #2879, .T. ) ;
#954 = ORIENTED_EDGE ( 'NONE', *, *, #1202, .F. ) ;
#955 = DIRECTION ( 'NONE',  ( -1.000000000000000000, 0.0000000000000000000, 0.0000000000000000000 ) ) ;
#956 = CARTESIAN_POINT ( 'NONE',  ( 12.83253174999999600, -4.169542318109129100, -18.22500000273118200 ) ) ;
#957 = CARTESIAN_POINT ( 'NONE',  ( -14.40651865993279500, 9.002900649291216700, -9.962089033290956400 ) ) ;
#958 = ORIENTED_EDGE ( 'NONE', *, *, #4622, .T. ) ;
#959 = CARTESIAN_POINT ( 'NONE',  ( -4.709623850419300000, 11.20106339153266900, -11.10306193423367900 ) ) ;
#960 = DIRECTION ( 'NONE',  ( -4.848710861168626100E-015, 7.807119850042175400E-015, 1.000000000000000000 ) ) ;
#961 = B_SPLINE_CURVE_WITH_KNOTS ( 'NONE', 3,
 ( #3402, #840, #3836, #1262, #4284, #1719, #4709, #2141 ),
 .UNSPECIFIED., .F., .F.,
 ( 4, 2, 2, 4 ),
 ( 0.01090372401782076900, 0.01371846902422689400, 0.01512584152742995500, 0.01653321403063301800 ),
 .UNSPECIFIED. ) ;
#962 = DIRECTION ( 'NONE',  ( 0.4221817912889937500, 0.0000000000000000000, 0.9065111886259409300 ) ) ;
#963 = ORIENTED_EDGE ( 'NONE', *, *, #41, .T. ) ;
#964 = CARTESIAN_POINT ( 'NONE',  ( -15.00447351530061900, -7.958226019017234700, -9.988629539007250800 ) ) ;
#965 = TOROIDAL_SURFACE ( 'NONE', #125, 16.90000000000000200, 0.1000000000000000100 ) ;
#966 = CARTESIAN_POINT ( 'NONE',  ( 14.44146847448861400, 8.969057269320533300, -9.992339895041533600 ) ) ;
#967 = DIRECTION ( 'NONE',  ( 0.9059282113491861100, -0.03585786205336410900, 0.4219102862109745900 ) ) ;
#968 = FACE_OUTER_BOUND ( 'NONE', #3100, .T. ) ;
#969 = CARTESIAN_POINT ( 'NONE',  ( -0.6421655732255190400, 16.98789381575631200, -10.08602215357079100 ) ) ;
#970 = CARTESIAN_POINT ( 'NONE',  ( -7.261899367811262900, 9.995146998136467800, -12.29999999999999500 ) ) ;
#971 = DIRECTION ( 'NONE',  ( 0.8355695038802866100, 0.4824162779919195000, -0.2628652485850396200 ) ) ;
#972 = CARTESIAN_POINT ( 'NONE',  ( 3.630949683905631900, 11.17491406646805200, -13.10000000546236600 ) ) ;
#973 = PERSON_AND_ORGANIZATION ( #2658, #1528 ) ;
#974 = DIRECTION ( 'NONE',  ( 0.0000000000000000000, 0.0000000000000000000, -1.000000000000000000 ) ) ;
#975 = CARTESIAN_POINT ( 'NONE',  ( -10.38173626660608300, -7.542772912224919000, -16.92500000273117800 ) ) ;
#976 = EDGE_CURVE ( 'NONE', #1480, #5495, #5155, .T. ) ;
#977 = EDGE_CURVE ( 'NONE', #1952, #1269, #3875, .T. ) ;
#978 = DIRECTION ( 'NONE',  ( 1.000000000000000000, 0.0000000000000000000, 0.0000000000000000000 ) ) ;
#979 = CARTESIAN_POINT ( 'NONE',  ( -7.902032785827604000, 9.327608745540734600, -11.04091346177946100 ) ) ;
#980 = DIRECTION ( 'NONE',  ( 0.0000000000000000000, -1.000000000000000000, 1.734723475976817500E-014 ) ) ;
#981 = ADVANCED_FACE ( 'NONE', ( #1896 ), #744, .T. ) ;
#982 = CARTESIAN_POINT ( 'NONE',  ( 3.965470391606083800, 12.20446294140194800, -21.72500000273118200 ) ) ;
#983 = AXIS2_PLACEMENT_3D ( 'NONE', #3081, #3751, #2149 ) ;
#984 = ORIENTED_EDGE ( 'NONE', *, *, #5075, .F. ) ;
#985 = CARTESIAN_POINT ( 'NONE',  ( -2.269518105932784400E-015, -12.35468113479963900, -10.00000000546236500 ) ) ;
#986 = CARTESIAN_POINT ( 'NONE',  ( 0.5466972059847576800, -16.99120720151951500, 0.0000000000000000000 ) ) ;
#987 = CARTESIAN_POINT ( 'NONE',  ( -12.12421711213379700, -10.25960360904523600, -1.634299878238355500 ) ) ;
#988 = FACE_OUTER_BOUND ( 'NONE', #805, .T. ) ;
#989 = CARTESIAN_POINT ( 'NONE',  ( -0.6723564796412065900, 16.98669881890782900, -10.09999999999993900 ) ) ;
#990 = CARTESIAN_POINT ( 'NONE',  ( 11.74999999999999800, 0.0000000000000000000, -10.99999999999999500 ) ) ;
#991 = CARTESIAN_POINT ( 'NONE',  ( -5.143363110993346900, -14.35098599901673900, -1.287548502070700000 ) ) ;
#992 = VERTEX_POINT ( 'NONE', #2888 ) ;
#993 = CARTESIAN_POINT ( 'NONE',  ( 9.505949683905631900, 6.906476714436558400, -21.30000000546236500 ) ) ;
#994 = FACE_OUTER_BOUND ( 'NONE', #3986, .T. ) ;
#995 = CARTESIAN_POINT ( 'NONE',  ( -11.74999999999999800, 1.438959988998139800E-015, -17.99999999999999600 ) ) ;
#996 = CARTESIAN_POINT ( 'NONE',  ( -9.505949683905631900, -6.906476714436556600, -20.30000000546236500 ) ) ;
#997 = CARTESIAN_POINT ( 'NONE',  ( 8.262032099739667100E-016, 13.49292237646318400, -15.62500000273117700 ) ) ;
#998 = ORIENTED_EDGE ( 'NONE', *, *, #1129, .T. ) ;
#999 = EDGE_LOOP ( 'NONE', ( #841, #4134, #5537, #3439, #2352, #4145, #8, #412, #2427, #2253, #1277, #3761, #3602, #2472, #3109, #3136, #3342, #2940, #4065, #5222, #1793, #3482 ) ) ;
#1000 = CARTESIAN_POINT ( 'NONE',  ( 15.09999999999999800, 3.016363004367503800E-015, -9.958578643762688600 ) ) ;
#1001 = CARTESIAN_POINT ( 'NONE',  ( 11.74999999999999800, 0.0000000000000000000, -17.50000000546236800 ) ) ;
#1002 = CARTESIAN_POINT ( 'NONE',  ( 2.592735141348210300, 11.80575456702814600, -11.22715473610325700 ) ) ;
#1003 = CIRCLE ( 'NONE', #709, 0.09999999999999967200 ) ;
#1004 = DIRECTION ( 'NONE',  ( 0.4718911724822948400, -0.8816568047337269800, 6.097651416993388500E-013 ) ) ;
#1005 = CARTESIAN_POINT ( 'NONE',  ( 7.930940783212165900, -10.91600350634071900, -20.42500000273118100 ) ) ;
#1006 = CIRCLE ( 'NONE', #513, 10.49999999999999500 ) ;
#1007 = CARTESIAN_POINT ( 'NONE',  ( 0.5466972059847576800, -16.99120720151951100, -9.958578643762596300 ) ) ;
#1008 = CARTESIAN_POINT ( 'NONE',  ( -10.38173626660608100, 7.542772912224922500, -11.32500000273118000 ) ) ;
#1009 = CARTESIAN_POINT ( 'NONE',  ( -10.38173626660608300, -7.542772912224919000, -23.17500000273118100 ) ) ;
#1010 = ORIENTED_EDGE ( 'NONE', *, *, #976, .F. ) ;
#1011 = CARTESIAN_POINT ( 'NONE',  ( -9.823955276098693900, -11.64864485252634700, -1.319301739376038500 ) ) ;
#1012 = ADVANCED_FACE ( 'NONE', ( #4176 ), #602, .T. ) ;
#1013 = EDGE_CURVE ( 'NONE', #1703, #2955, #867, .T. ) ;
#1014 = CARTESIAN_POINT ( 'NONE',  ( -0.5466972059847514700, -16.99120720151951100, -9.958578643762763200 ) ) ;
#1015 = CARTESIAN_POINT ( 'NONE',  ( 10.38173626660608100, -7.542772912224923400, -14.32500000273118000 ) ) ;
#1016 = ORIENTED_EDGE ( 'NONE', *, *, #1975, .T. ) ;
#1017 = CARTESIAN_POINT ( 'NONE',  ( 1.336381402117475800, -12.50119194587981600, -10.99999999999999800 ) ) ;
#1018 = CARTESIAN_POINT ( 'NONE',  ( -11.75000000000000200, -3.817806430736646400, -16.40000000546236300 ) ) ;
#1019 = VERTEX_POINT ( 'NONE', #5167 ) ;
#1020 = DIRECTION ( 'NONE',  ( -0.0000000000000000000, -0.0000000000000000000, 1.000000000000000000 ) ) ;
#1021 = ORIENTED_EDGE ( 'NONE', *, *, #121, .F. ) ;
#1022 = CARTESIAN_POINT ( 'NONE',  ( -12.83253174999999900, 1.571531893259428100E-015, -19.12500000273118100 ) ) ;
#1023 = ORIENTED_EDGE ( 'NONE', *, *, #4162, .T. ) ;
#1024 = AXIS2_PLACEMENT_3D ( 'NONE', #2594, #446, #3031 ) ;
#1025 = CARTESIAN_POINT ( 'NONE',  ( -8.820667830448289900, 8.493949103966667000, -11.02025186704742100 ) ) ;
#1026 = CARTESIAN_POINT ( 'NONE',  ( -0.5954788135618357400, -16.97732549128435100, -9.968904743916530400 ) ) ;
#1027 = CARTESIAN_POINT ( 'NONE',  ( 11.74999999999998200, -3.817806430736677500, -17.60000000546236600 ) ) ;
#1028 = DIRECTION ( 'NONE',  ( -0.0000000000000000000, -0.0000000000000000000, 1.000000000000000000 ) ) ;
#1029 = CARTESIAN_POINT ( 'NONE',  ( 10.38173626660608100, -7.542772912224923400, -14.32500000273118000 ) ) ;
#1030 = VERTEX_POINT ( 'NONE', #4074 ) ;
#1031 = CARTESIAN_POINT ( 'NONE',  ( 8.262032099739667100E-016, 13.49292237646318400, -21.87500000273118100 ) ) ;
#1032 = CARTESIAN_POINT ( 'NONE',  ( 12.83253174999999600, 4.169542318109123800, -24.27500000273117600 ) ) ;
#1033 = DIRECTION ( 'NONE',  ( -0.8660254037844384900, 0.5000000000000002200, -2.599838332348680300E-015 ) ) ;
#1034 = CARTESIAN_POINT ( 'NONE',  ( 15.03278196378116700, 7.938424368274632500, -10.04229490606284800 ) ) ;
#1035 = ORIENTED_EDGE ( 'NONE', *, *, #1581, .F. ) ;
#1036 = CARTESIAN_POINT ( 'NONE',  ( -12.83253174999999900, -4.169542318109122000, -13.02500000273117900 ) ) ;
#1037 = FACE_OUTER_BOUND ( 'NONE', #689, .T. ) ;
#1038 = CARTESIAN_POINT ( 'NONE',  ( -2.866689203492246200, 15.66542429236953600, -1.720218541320929900 ) ) ;
#1039 = ADVANCED_FACE ( 'NONE', ( #3004 ), #4306, .F. ) ;
#1040 = CARTESIAN_POINT ( 'NONE',  ( 7.930940783212167700, 10.91600350634071900, -17.82500000273118000 ) ) ;
#1041 = COORDINATED_UNIVERSAL_TIME_OFFSET ( 2, 0, .AHEAD. ) ;
#1042 = CARTESIAN_POINT ( 'NONE',  ( 10.38173626660608100, -7.542772912224923400, -20.57500000273118000 ) ) ;
#1043 = DIRECTION ( 'NONE',  ( 1.000000000000000000, 0.0000000000000000000, 0.0000000000000000000 ) ) ;
#1044 = CARTESIAN_POINT ( 'NONE',  ( 14.35651865993279900, -8.916298108912771500, -2.367136103677472300 ) ) ;
#1045 = CARTESIAN_POINT ( 'NONE',  ( -1.861017173813500400, -11.74999999999993400, -11.55125428154684600 ) ) ;
#1046 = CARTESIAN_POINT ( 'NONE',  ( -3.965470391606085600, -12.20446294140194800, -12.72500000273118000 ) ) ;
#1047 = CARTESIAN_POINT ( 'NONE',  ( 10.38173626660608100, -7.542772912224923400, -20.57500000273118000 ) ) ;
#1048 = CARTESIAN_POINT ( 'NONE',  ( -11.74999999999999800, 1.438959988998139800E-015, -18.50000000546236500 ) ) ;
#1049 = CARTESIAN_POINT ( 'NONE',  ( 14.98816568047337200, -8.022149932198987100, -9.958578643762690400 ) ) ;
#1050 = PLANE ( 'NONE',  #672 ) ;
#1051 = CARTESIAN_POINT ( 'NONE',  ( -3.630949683905630600, 11.17491406646805400, -18.39999999999999100 ) ) ;
#1052 = CARTESIAN_POINT ( 'NONE',  ( -2.269518105932784400E-015, -12.35468113479963900, -19.49999999999998900 ) ) ;
#1053 = EDGE_LOOP ( 'NONE', ( #5109, #607, #3027, #2909 ) ) ;
#1054 = CARTESIAN_POINT ( 'NONE',  ( 3.965470391606083800, 12.20446294140194800, -11.72500000273117800 ) ) ;
#1055 = EDGE_CURVE ( 'NONE', #4999, #1363, #2133, .T. ) ;
#1056 = EDGE_CURVE ( 'NONE', #5390, #4397, #1811, .T. ) ;
#1057 = CARTESIAN_POINT ( 'NONE',  ( 14.99999999999999600, -3.368397756998173800, -1.362491156948757900 ) ) ;
#1058 = CARTESIAN_POINT ( 'NONE',  ( 14.40651865993280500, 9.002900649291209600, -9.958578643762679800 ) ) ;
#1059 = LINE ( 'NONE', #3802, #5467 ) ;
#1060 = AXIS2_PLACEMENT_3D ( 'NONE', #4683, #1280, #4295 ) ;
#1061 = CARTESIAN_POINT ( 'NONE',  ( 3.965470391606081200, -12.20446294140195000, -16.52500000273118300 ) ) ;
#1062 = VECTOR ( 'NONE', #4628, 1000.000000000000000 ) ;
#1063 = CARTESIAN_POINT ( 'NONE',  ( -12.83253175000000100, -4.169542318109122000, -19.27500000273117900 ) ) ;
#1064 = CARTESIAN_POINT ( 'NONE',  ( 8.849118722382829800, 7.976620521529238100, -11.35239971151987100 ) ) ;
#1065 = ORIENTED_EDGE ( 'NONE', *, *, #3670, .T. ) ;
#1066 = CARTESIAN_POINT ( 'NONE',  ( 14.34174979862494900, 9.067414105563056400, -10.02348586136341900 ) ) ;
#1067 = PLANE ( 'NONE',  #2684 ) ;
#1068 = CARTESIAN_POINT ( 'NONE',  ( -7.261899367811265500, -9.995146998136466000, -14.20000000546236600 ) ) ;
#1069 = CARTESIAN_POINT ( 'NONE',  ( 5.125037426069318300, -14.30307837206186900, -1.235131295157022400 ) ) ;
#1070 = CARTESIAN_POINT ( 'NONE',  ( -12.83253174999999900, -4.169542318109122000, -19.27500000273117900 ) ) ;
#1071 = CYLINDRICAL_SURFACE ( 'NONE', #784, 0.09999999999999939500 ) ;
#1072 = CARTESIAN_POINT ( 'NONE',  ( 8.262032099739667100E-016, 13.49292237646318400, -23.87500000273117400 ) ) ;
#1073 = CARTESIAN_POINT ( 'NONE',  ( 13.64250310978129300, 10.23539622286072000, -10.73451920674093300 ) ) ;
#1074 = ADVANCED_FACE ( 'NONE', ( #3283 ), #4436, .F. ) ;
#1075 = VERTEX_POINT ( 'NONE', #3977 ) ;
#1076 = CARTESIAN_POINT ( 'NONE',  ( -2.478609629921899900E-015, -13.49292237646318400, -10.62500000273117900 ) ) ;
#1077 = CARTESIAN_POINT ( 'NONE',  ( 14.43158885778294100, 8.984977802035212200, -10.02266954127329200 ) ) ;
#1078 = CARTESIAN_POINT ( 'NONE',  ( 4.592799002725052500, 14.66885433513162500, -1.420256440430301100 ) ) ;
#1079 = CIRCLE ( 'NONE', #2923, 11.74999999999999800 ) ;
#1080 = CARTESIAN_POINT ( 'NONE',  ( 7.930940783212165900, -10.91600350634071700, -10.42500000273117800 ) ) ;
#1081 = CARTESIAN_POINT ( 'NONE',  ( 14.94999238847886000, 1.388071978207047600, -1.127142580063930100 ) ) ;
#1082 = CARTESIAN_POINT ( 'NONE',  ( -12.83253174999999800, 4.169542318109126500, -15.22500000273117800 ) ) ;
#1083 = CARTESIAN_POINT ( 'NONE',  ( 3.965470391606083800, 12.20446294140194800, -17.97500000273118200 ) ) ;
#1084 = DIRECTION ( 'NONE',  ( 0.4219102862109753700, -0.8024857760600780900, 0.4219102862109753700 ) ) ;
#1085 = CARTESIAN_POINT ( 'NONE',  ( 15.04709094342989300, -7.911071617685566400, -10.09999999999996900 ) ) ;
#1086 = CARTESIAN_POINT ( 'NONE',  ( 14.29017720223699500, 9.022241158862142300, -10.09999999999995900 ) ) ;
#1087 = CARTESIAN_POINT ( 'NONE',  ( -8.000000000000000000, 9.797174393178825700E-016, -0.1000000000000000100 ) ) ;
#1088 = CARTESIAN_POINT ( 'NONE',  ( 3.965470391606083800, 12.20446294140194800, -17.97500000273118200 ) ) ;
#1089 = ORIENTED_EDGE ( 'NONE', *, *, #5515, .T. ) ;
#1090 = CARTESIAN_POINT ( 'NONE',  ( 10.38173626660608100, -7.542772912224923400, -22.57500000273118000 ) ) ;
#1091 = EDGE_CURVE ( 'NONE', #2235, #417, #3144, .T. ) ;
#1092 = CARTESIAN_POINT ( 'NONE',  ( 15.01646926820023600, 7.913304431114700500, -10.01646926820023100 ) ) ;
#1093 = EDGE_LOOP ( 'NONE', ( #4100, #4846, #3156 ) ) ;
#1094 = EDGE_CURVE ( 'NONE', #3153, #2305, #1003, .T. ) ;
#1095 = CARTESIAN_POINT ( 'NONE',  ( 16.97071067811865700, 1.363373913774210200, -11.97071067811866200 ) ) ;
#1096 = CARTESIAN_POINT ( 'NONE',  ( 0.0000000000000000000, 0.0000000000000000000, -2.367136103677473200 ) ) ;
#1097 = ORIENTED_EDGE ( 'NONE', *, *, #5393, .F. ) ;
#1098 = CARTESIAN_POINT ( 'NONE',  ( -9.505949683905631900, -6.906476714436556600, -12.30000000546236700 ) ) ;
#1099 = ORIENTED_EDGE ( 'NONE', *, *, #471, .F. ) ;
#1100 = AXIS2_PLACEMENT_3D ( 'NONE', #3688, #4972, #3664 ) ;
#1101 = CARTESIAN_POINT ( 'NONE',  ( -0.5934813400671923300, -16.97786146424195800, -9.958578643762763200 ) ) ;
#1102 = ADVANCED_FACE ( 'NONE', ( #5540 ), #362, .T. ) ;
#1103 = CARTESIAN_POINT ( 'NONE',  ( 10.38173626660608300, 7.542772912224920700, -13.92500000273118000 ) ) ;
#1104 = ORIENTED_EDGE ( 'NONE', *, *, #1265, .F. ) ;
#1105 = CARTESIAN_POINT ( 'NONE',  ( 7.930940783212165900, -10.91600350634071900, -16.67500000273117800 ) ) ;
#1106 = AXIS2_PLACEMENT_3D ( 'NONE', #1979, #5400, #4557 ) ;
#1107 = CARTESIAN_POINT ( 'NONE',  ( -14.94408284023665700, -7.998555373574927100, -2.280533563299028900 ) ) ;
#1108 = DIRECTION ( 'NONE',  ( 1.000000000000000000, 0.0000000000000000000, 0.0000000000000000000 ) ) ;
#1109 = DIRECTION ( 'NONE',  ( -0.5000000000004806200, -0.8660254037841610400, -4.336808689941962500E-015 ) ) ;
#1110 = LOCAL_TIME ( 13, 35, 23.00000000000000000, #4991 ) ;
#1111 = CARTESIAN_POINT ( 'NONE',  ( -7.550000000000001600, 13.07698359714503100, -9.958578643762697500 ) ) ;
#1112 = CARTESIAN_POINT ( 'NONE',  ( 7.930940783212165900, -10.91600350634071700, -16.67500000273118100 ) ) ;
#1113 = CARTESIAN_POINT ( 'NONE',  ( -12.83253174999999900, -4.169542318109122000, -21.27500000273117200 ) ) ;
#1114 = VECTOR ( 'NONE', #1495, 1000.000000000000000 ) ;
#1115 = CARTESIAN_POINT ( 'NONE',  ( 15.66380898531128800, -6.657660836254566000, -10.66380898531129000 ) ) ;
#1116 = DIRECTION ( 'NONE',  ( 1.000000000000000000, 0.0000000000000000000, 0.0000000000000000000 ) ) ;
#1117 = CARTESIAN_POINT ( 'NONE',  ( 0.5466972059847580200, -16.99120720151951500, -9.992339895041446600 ) ) ;
#1118 = LOCAL_TIME ( 13, 35, 23.00000000000000000, #2011 ) ;
#1119 = CC_DESIGN_PERSON_AND_ORGANIZATION_ASSIGNMENT ( #3790, #5408, ( #250 ) ) ;
#1120 = CARTESIAN_POINT ( 'NONE',  ( 14.40441188234926000, -9.005005896607023900, -9.971170660346190900 ) ) ;
#1121 = CARTESIAN_POINT ( 'NONE',  ( -2.478609629921900300E-015, -13.49292237646318100, -12.62500000273118100 ) ) ;
#1122 = CARTESIAN_POINT ( 'NONE',  ( -12.83253174999999900, 1.571531893259428100E-015, -15.37500000273117900 ) ) ;
#1123 =( BOUNDED_SURFACE ( )  B_SPLINE_SURFACE ( 3, 2, ( 
 ( #2978, #2464, #2027 ),
 ( #3710, #2845, #5409 ),
 ( #1255, #2566, #735 ),
 ( #719, #3850, #4143 ),
 ( #2432, #2311, #2007 ),
 ( #1127, #3274, #376 ),
 ( #4478, #824, #3818 ),
 ( #3297, #84, #1475 ),
 ( #232, #4880, #5307 ),
 ( #4278, #2240, #600 ),
 ( #167, #2656, #3253 ),
 ( #4804, #4389, #3524 ) ),
 .UNSPECIFIED., .F., .F., .F. ) 
 B_SPLINE_SURFACE_WITH_KNOTS ( ( 4, 2, 2, 2, 2, 4 ),
 ( 3, 3 ),
 ( 0.004023013775063274600, 0.008040813100152744600, 0.01004971276269747900, 0.01205861242524221300, 0.01607641175033168400, 0.02009421107542115300 ),
 ( 0.0000000000000000000, 1.000000000000000000 ),
 .UNSPECIFIED. ) 
 GEOMETRIC_REPRESENTATION_ITEM ( )  RATIONAL_B_SPLINE_SURFACE ( (
 ( 1.000000000000000000, 0.8487721727197670200, 1.000000000000000000),
 ( 1.000000000000000000, 0.8534553053158802100, 1.000000000000000000),
 ( 1.000000000000000000, 0.8578087571932656600, 1.000000000000000000),
 ( 1.000000000000000000, 0.8625433721194177800, 1.000000000000000000),
 ( 1.000000000000000000, 0.8638187415899791800, 1.000000000000000000),
 ( 1.000000000000000000, 0.8655606458869900000, 1.000000000000000000),
 ( 1.000000000000000000, 0.8660213896689762400, 1.000000000000000000),
 ( 1.000000000000000000, 0.8660333517459877200, 1.000000000000000000),
 ( 1.000000000000000000, 0.8641863681294641400, 1.000000000000000000),
 ( 1.000000000000000000, 0.8578976765455812400, 1.000000000000000000),
 ( 1.000000000000000000, 0.8535037552729525200, 1.000000000000000000),
 ( 1.000000000000000000, 0.8487721727197646800, 1.000000000000000000) ) ) 
 REPRESENTATION_ITEM ( '' )  SURFACE ( )  );
#1124 = CARTESIAN_POINT ( 'NONE',  ( 13.59760790662809500, -10.23642608317799800, -10.66380898530790900 ) ) ;
#1125 = CARTESIAN_POINT ( 'NONE',  ( -15.03278196378135700, -7.938424368274458400, -10.04229490606289800 ) ) ;
#1126 = DIRECTION ( 'NONE',  ( 1.000000000000000000, 0.0000000000000000000, 0.0000000000000000000 ) ) ;
#1127 = CARTESIAN_POINT ( 'NONE',  ( 6.287602727675315300, 13.63243789303928500, -1.153321721418998800 ) ) ;
#1128 = CARTESIAN_POINT ( 'NONE',  ( -12.83253174999999900, 1.571531893259428100E-015, -15.37500000273117900 ) ) ;
#1129 = EDGE_CURVE ( 'NONE', #4328, #2305, #1367, .T. ) ;
#1130 = CARTESIAN_POINT ( 'NONE',  ( 3.965470391606083800, 12.20446294140194800, -19.97500000273117800 ) ) ;
#1131 = ORIENTED_EDGE ( 'NONE', *, *, #4982, .T. ) ;
#1132 = ADVANCED_FACE ( 'NONE', ( #3414 ), #1724, .T. ) ;
#1133 = CARTESIAN_POINT ( 'NONE',  ( -0.4999999999999917800, 0.0000000000000000000, -6.999999999999988500 ) ) ;
#1134 = CARTESIAN_POINT ( 'NONE',  ( -12.15375191412774700, 10.30353613640319600, -1.724853803131716900 ) ) ;
#1135 = CARTESIAN_POINT ( 'NONE',  ( 11.31416154938047600, 5.532476369557587100, -21.83907585211028000 ) ) ;
#1136 = EDGE_CURVE ( 'NONE', #1223, #1480, #2288, .T. ) ;
#1137 = ORIENTED_EDGE ( 'NONE', *, *, #1617, .F. ) ;
#1138 = CYLINDRICAL_SURFACE ( 'NONE', #4058, 11.74999999999999800 ) ;
#1139 = EDGE_LOOP ( 'NONE', ( #1089, #1709, #5055, #2250 ) ) ;
#1140 = CARTESIAN_POINT ( 'NONE',  ( 14.40651865993279100, -9.002900649291218500, -2.367136103677470500 ) ) ;
#1141 = CARTESIAN_POINT ( 'NONE',  ( -10.38173626660608100, 7.542772912224922500, -11.32500000273118000 ) ) ;
#1142 = ORIENTED_EDGE ( 'NONE', *, *, #839, .F. ) ;
#1143 = EDGE_LOOP ( 'NONE', ( #2841, #1142, #2610, #1912 ) ) ;
#1144 = VECTOR ( 'NONE', #1358, 1000.000000000000000 ) ;
#1145 = CARTESIAN_POINT ( 'NONE',  ( 7.930940783212167700, 10.91600350634071900, -14.07500000273117800 ) ) ;
#1146 = CARTESIAN_POINT ( 'NONE',  ( 0.0000000000000000000, 0.0000000000000000000, -10.99999999999999600 ) ) ;
#1147 = SECURITY_CLASSIFICATION_LEVEL ( 'unclassified' ) ;
#1148 = CARTESIAN_POINT ( 'NONE',  ( 10.38173626660608100, -7.542772912224923400, -18.32500000273118000 ) ) ;
#1149 = CARTESIAN_POINT ( 'NONE',  ( 7.930940783212167700, 10.91600350634071700, -14.07500000273117800 ) ) ;
#1150 = ORIENTED_EDGE ( 'NONE', *, *, #1546, .F. ) ;
#1151 = CYLINDRICAL_SURFACE ( 'NONE', #2221, 0.09999999999999931200 ) ;
#1152 = CARTESIAN_POINT ( 'NONE',  ( 7.930940783212165900, -10.91600350634071700, -18.67500000273117400 ) ) ;
#1153 = CARTESIAN_POINT ( 'NONE',  ( 0.0000000000000000000, 0.0000000000000000000, -0.2232050807568865000 ) ) ;
#1154 = CARTESIAN_POINT ( 'NONE',  ( 2.934185312716140800, 11.57785172037264900, -21.18822765758847700 ) ) ;
#1155 = ORIENTED_EDGE ( 'NONE', *, *, #1465, .T. ) ;
#1156 = CARTESIAN_POINT ( 'NONE',  ( -9.505949683905630100, 6.906476714436559300, -12.19999999999999400 ) ) ;
#1157 = CARTESIAN_POINT ( 'NONE',  ( 15.02348586136342800, -7.886612607548051400, -10.02348586136342900 ) ) ;
#1158 = ORIENTED_EDGE ( 'NONE', *, *, #4695, .T. ) ;
#1159 = CARTESIAN_POINT ( 'NONE',  ( -3.630949683905630600, 11.17491406646805400, -20.39999999999999500 ) ) ;
#1160 = CARTESIAN_POINT ( 'NONE',  ( -14.40651865993280500, -9.002900649291200700, -10.00000000000000000 ) ) ;
#1161 = ORIENTED_EDGE ( 'NONE', *, *, #977, .F. ) ;
#1162 = CARTESIAN_POINT ( 'NONE',  ( 3.965470391606081200, -12.20446294140195000, -12.77500000273117900 ) ) ;
#1163 = ORIENTED_EDGE ( 'NONE', *, *, #430, .T. ) ;
#1164 = CARTESIAN_POINT ( 'NONE',  ( -14.98816560462427500, 8.022150073911479500, -9.992710358795308800 ) ) ;
#1165 =( BOUNDED_CURVE ( )  B_SPLINE_CURVE ( 2, ( #1874, #4431, #2691, #2295, #5281, #2714, #146 ),
 .UNSPECIFIED., .F., .T. ) 
 B_SPLINE_CURVE_WITH_KNOTS ( ( 3, 2, 2, 3 ),
 ( 0.1785714289520497200, 0.1857142857142857200, 0.1999999999999999800, 0.2142857142857142200 ),
 .UNSPECIFIED. ) 
 CURVE ( )  GEOMETRIC_REPRESENTATION_ITEM ( )  RATIONAL_B_SPLINE_CURVE ( ( 0.9755282581475768200, 0.9755282594516014900, 1.000000000000000000, 0.9510565162951535300, 1.000000000000000000, 0.9510565162951537500, 0.9999999999999997800 ) ) 
 REPRESENTATION_ITEM ( '' )  );
#1166 = CARTESIAN_POINT ( 'NONE',  ( -0.5934812179930849500, 16.97786153472148700, -9.975644467433721000 ) ) ;
#1167 = CARTESIAN_POINT ( 'NONE',  ( 12.83253174999999600, -4.169542318109129100, -10.22500000273118000 ) ) ;
#1168 = EDGE_LOOP ( 'NONE', ( #4964, #5320, #764, #4061, #2947, #386, #2489 ) ) ;
#1169 = CARTESIAN_POINT ( 'NONE',  ( 3.965470391606081200, -12.20446294140195000, -12.77500000273117900 ) ) ;
#1170 = EDGE_CURVE ( 'NONE', #3843, #3206, #5420, .T. ) ;
#1171 = ORIENTED_EDGE ( 'NONE', *, *, #801, .F. ) ;
#1172 = EDGE_CURVE ( 'NONE', #2509, #1852, #4705, .T. ) ;
#1173 = EDGE_LOOP ( 'NONE', ( #339, #4296, #5462, #5121 ) ) ;
#1174 = CARTESIAN_POINT ( 'NONE',  ( -11.74999999999999800, 1.438959988998139800E-015, -16.50000000546236800 ) ) ;
#1175 = CARTESIAN_POINT ( 'NONE',  ( 0.6723564796411996000, 16.98669881890782900, -10.09999999999999600 ) ) ;
#1176 = AXIS2_PLACEMENT_3D ( 'NONE', #5255, #1399, #3550 ) ;
#1177 = CARTESIAN_POINT ( 'NONE',  ( 15.00954878181083900, -7.939185336774231800, -10.00160207241341000 ) ) ;
#1178 = ORIENTED_EDGE ( 'NONE', *, *, #3497, .T. ) ;
#1179 = AXIS2_PLACEMENT_3D ( 'NONE', #4594, #1256, #4216 ) ;
#1180 = CARTESIAN_POINT ( 'NONE',  ( 6.379345560682226700, 16.76080848384116700, -12.74223325557819900 ) ) ;
#1181 = CYLINDRICAL_SURFACE ( 'NONE', #3207, 0.1000000000000000500 ) ;
#1182 = LINE ( 'NONE', #3393, #5333 ) ;
#1183 = CARTESIAN_POINT ( 'NONE',  ( -12.83253174999999800, 4.169542318109126500, -11.47500000273118000 ) ) ;
#1184 = AXIS2_PLACEMENT_3D ( 'NONE', #760, #3753, #1192 ) ;
#1185 = CARTESIAN_POINT ( 'NONE',  ( -15.02230133649326000, 7.891118737191011900, -10.02230133649398700 ) ) ;
#1186 = CARTESIAN_POINT ( 'NONE',  ( 14.40651865993279100, -9.002900649291218500, -9.958578643762788100 ) ) ;
#1187 = DIRECTION ( 'NONE',  ( 1.000000000000000000, 0.0000000000000000000, 0.0000000000000000000 ) ) ;
#1188 = LINE ( 'NONE', #3971, #3322 ) ;
#1189 = CARTESIAN_POINT ( 'NONE',  ( -12.83253174999999600, 4.169542318109126500, -11.47500000273118000 ) ) ;
#1190 = VECTOR ( 'NONE', #4394, 1000.000000000000000 ) ;
#1191 = CARTESIAN_POINT ( 'NONE',  ( 3.306785455002768000, -11.51407697643150200, -11.28862917025598200 ) ) ;
#1192 = DIRECTION ( 'NONE',  ( -1.000000000000000000, 0.0000000000000000000, 0.0000000000000000000 ) ) ;
#1193 = ORIENTED_EDGE ( 'NONE', *, *, #4368, .F. ) ;
#1194 = DIRECTION ( 'NONE',  ( 0.7071067811865439100, 0.0000000000000000000, 0.7071067811865512400 ) ) ;
#1195 = CARTESIAN_POINT ( 'NONE',  ( 3.630949683905629200, -11.17491406646805400, -11.90000000546236500 ) ) ;
#1196 = DIRECTION ( 'NONE',  ( -1.000000000000000000, 0.0000000000000000000, 0.0000000000000000000 ) ) ;
#1197 = DIRECTION ( 'NONE',  ( 0.0000000000000000000, -0.4653571539814943000, -0.8851229966723515000 ) ) ;
#1198 = FACE_OUTER_BOUND ( 'NONE', #3162, .T. ) ;
#1199 = CARTESIAN_POINT ( 'NONE',  ( -14.37473446378875300, -9.075627201222177500, -10.10000000000054900 ) ) ;
#1200 = CARTESIAN_POINT ( 'NONE',  ( 7.930940783212165900, -10.91600350634071700, -22.42500000273117800 ) ) ;
#1201 = LINE ( 'NONE', #5081, #4497 ) ;
#1202 = EDGE_CURVE ( 'NONE', #4353, #4419, #3555, .T. ) ;
#1203 = ORIENTED_EDGE ( 'NONE', *, *, #3750, .T. ) ;
#1204 = CARTESIAN_POINT ( 'NONE',  ( 3.965470391606083800, 12.20446294140194800, -19.72500000273117800 ) ) ;
#1205 = CARTESIAN_POINT ( 'NONE',  ( 15.03303038785028200, -7.937815208029075400, -10.08602215357082300 ) ) ;
#1206 = DIRECTION ( 'NONE',  ( 1.000000000000000000, 0.0000000000000000000, 0.0000000000000000000 ) ) ;
#1207 = CIRCLE ( 'NONE', #4921, 0.09999999999999939500 ) ;
#1208 = AXIS2_PLACEMENT_3D ( 'NONE', #510, #3499, #3053 ) ;
#1209 = DIRECTION ( 'NONE',  ( 0.0000000000000000000, -1.000000000000000000, 0.0000000000000000000 ) ) ;
#1210 = CARTESIAN_POINT ( 'NONE',  ( 3.630949683905631900, 11.17491406646805200, -15.10000000546236600 ) ) ;
#1211 = VERTEX_POINT ( 'NONE', #177 ) ;
#1212 = CYLINDRICAL_SURFACE ( 'NONE', #4841, 0.1000000000000000500 ) ;
#1213 = CARTESIAN_POINT ( 'NONE',  ( -0.4999999999999917800, 0.0000000000000000000, -6.999999999999988500 ) ) ;
#1214 = CARTESIAN_POINT ( 'NONE',  ( -10.38173626660608300, -7.542772912224919000, -17.17500000273117800 ) ) ;
#1215 = CARTESIAN_POINT ( 'NONE',  ( 14.39899356721073600, 8.942677689116598200, -2.280533563299026700 ) ) ;
#1216 = CARTESIAN_POINT ( 'NONE',  ( 4.920305936410858100, 10.92957906509325900, -11.26796507060220200 ) ) ;
#1217 = CARTESIAN_POINT ( 'NONE',  ( -14.40651865993281100, -9.002900649291197200, -9.958578643762615800 ) ) ;
#1218 = ORIENTED_EDGE ( 'NONE', *, *, #4130, .T. ) ;
#1219 = CARTESIAN_POINT ( 'NONE',  ( -7.304638894873972000, -15.37875352441359800, -11.97071067811865100 ) ) ;
#1220 = CARTESIAN_POINT ( 'NONE',  ( -14.35651865993284000, 8.916298108912746700, -2.367136103677484700 ) ) ;
#1221 = ORIENTED_EDGE ( 'NONE', *, *, #553, .T. ) ;
#1222 = CARTESIAN_POINT ( 'NONE',  ( 14.94408284023668400, 7.998555373574921700, -2.280533563299040000 ) ) ;
#1223 = VERTEX_POINT ( 'NONE', #4990 ) ;
#1224 = CARTESIAN_POINT ( 'NONE',  ( 27.62586059310836000, 1.404530421407741900, -10.02928932188129500 ) ) ;
#1225 = CARTESIAN_POINT ( 'NONE',  ( -0.6292382039060334700, 16.96824321277707500, -10.00160207241337500 ) ) ;
#1226 = CARTESIAN_POINT ( 'NONE',  ( 8.262032099739667100E-016, 13.49292237646318400, -15.87500000273117900 ) ) ;
#1227 = ORIENTED_EDGE ( 'NONE', *, *, #4939, .F. ) ;
#1228 = CARTESIAN_POINT ( 'NONE',  ( 0.5450892730259496700, 16.94123306269153800, -2.280533563299043100 ) ) ;
#1229 = CARTESIAN_POINT ( 'NONE',  ( 0.0000000000000000000, 0.0000000000000000000, -10.99999999999999600 ) ) ;
#1230 = CARTESIAN_POINT ( 'NONE',  ( -3.630949683905633200, -11.17491406646805200, -16.10000000546236600 ) ) ;
#1231 = ORIENTED_EDGE ( 'NONE', *, *, #1172, .F. ) ;
#1232 = CARTESIAN_POINT ( 'NONE',  ( -3.965470391606085600, -12.20446294140194800, -14.72500000273118000 ) ) ;
#1233 = CARTESIAN_POINT ( 'NONE',  ( 6.036033846905330500, -10.76792350279692400, -10.99999999999999600 ) ) ;
#1234 = ORIENTED_EDGE ( 'NONE', *, *, #3822, .T. ) ;
#1235 = EDGE_CURVE ( 'NONE', #2244, #3756, #3686, .T. ) ;
#1236 = EDGE_CURVE ( 'NONE', #2597, #2771, #2552, .T. ) ;
#1237 = CARTESIAN_POINT ( 'NONE',  ( -13.63807900035210700, 10.23936963237842300, -10.68659372056178800 ) ) ;
#1238 = CARTESIAN_POINT ( 'NONE',  ( -13.63807900035073600, -10.23936963238446500, -10.68659372055897400 ) ) ;
#1239 = DIRECTION ( 'NONE',  ( -0.0000000000000000000, -0.0000000000000000000, 1.000000000000000000 ) ) ;
#1240 = CARTESIAN_POINT ( 'NONE',  ( -9.505949683905631900, -6.906476714436556600, -23.79999999999999400 ) ) ;
#1241 = AXIS2_PLACEMENT_3D ( 'NONE', #5017, #3732, #4609 ) ;
#1242 = CARTESIAN_POINT ( 'NONE',  ( 15.03300451994439500, -7.937864409547055200, -10.08599657518970400 ) ) ;
#1243 = CYLINDRICAL_SURFACE ( 'NONE', #4627, 11.74999999999999800 ) ;
#1244 = CARTESIAN_POINT ( 'NONE',  ( 17.00000000000000000, 0.0000000000000000000, 0.0000000000000000000 ) ) ;
#1245 = DIRECTION ( 'NONE',  ( 0.0000000000000000000, -1.000000000000000000, 0.0000000000000000000 ) ) ;
#1246 = CARTESIAN_POINT ( 'NONE',  ( 10.38173626660608100, -7.542772912224923400, -14.57500000273118200 ) ) ;
#1247 = AXIS2_PLACEMENT_3D ( 'NONE', #1044, #2354, #209 ) ;
#1248 = CARTESIAN_POINT ( 'NONE',  ( -12.50000000000000000, 1.530808498934191500E-015, -10.99999999999999600 ) ) ;
#1249 = CARTESIAN_POINT ( 'NONE',  ( -3.630949683905633200, -11.17491406646805200, -20.10000000546236600 ) ) ;
#1250 = DIRECTION ( 'NONE',  ( 0.8660254037844389300, 0.4999999999999996100, 0.0000000000000000000 ) ) ;
#1251 = CARTESIAN_POINT ( 'NONE',  ( -7.312297067979266700, 15.40815247185493700, -12.04142135623732000 ) ) ;
#1252 = CARTESIAN_POINT ( 'NONE',  ( 7.565060353109282100E-016, 12.35468113479963900, -22.49999999999999600 ) ) ;
#1253 = FACE_OUTER_BOUND ( 'NONE', #1335, .T. ) ;
#1254 = CIRCLE ( 'NONE', #3211, 0.1000000000000002100 ) ;
#1255 = CARTESIAN_POINT ( 'NONE',  ( 2.805015615692123100, 15.64002315975004500, -1.638251263168595300 ) ) ;
#1256 = DIRECTION ( 'NONE',  ( -0.0000000000000000000, -0.0000000000000000000, -1.000000000000000000 ) ) ;
#1257 = CARTESIAN_POINT ( 'NONE',  ( 0.6925794020438919000, 16.98589836832824700, -10.05650919409488400 ) ) ;
#1258 = CARTESIAN_POINT ( 'NONE',  ( -7.261899367811262900, 9.995146998136467800, -14.29999999999999200 ) ) ;
#1259 = ORIENTED_EDGE ( 'NONE', *, *, #3570, .F. ) ;
#1260 = CARTESIAN_POINT ( 'NONE',  ( -12.83253174999999900, -4.169542318109122000, -13.27500000273117900 ) ) ;
#1261 = CIRCLE ( 'NONE', #3757, 13.75000000000000400 ) ;
#1262 = CARTESIAN_POINT ( 'NONE',  ( -11.42420117081216400, 4.830614951740983500, -10.99999999999999100 ) ) ;
#1263 = CARTESIAN_POINT ( 'NONE',  ( 8.000000000000000000, 0.0000000000000000000, 0.0000000000000000000 ) ) ;
#1264 = CARTESIAN_POINT ( 'NONE',  ( -5.166649785990902200, 14.33754143093851500, -1.262048645165731800 ) ) ;
#1265 = EDGE_CURVE ( 'NONE', #3811, #5427, #716, .T. ) ;
#1266 = CARTESIAN_POINT ( 'NONE',  ( -2.478609629921899900E-015, -13.49292237646318400, -16.62500000273118100 ) ) ;
#1267 = VERTEX_POINT ( 'NONE', #1410 ) ;
#1268 = DIRECTION ( 'NONE',  ( -1.000000000000000000, 0.0000000000000000000, 0.0000000000000000000 ) ) ;
#1269 = VERTEX_POINT ( 'NONE', #2122 ) ;
#1270 = EDGE_CURVE ( 'NONE', #234, #4328, #4237, .T. ) ;
#1271 = ORIENTED_EDGE ( 'NONE', *, *, #1725, .T. ) ;
#1272 = CARTESIAN_POINT ( 'NONE',  ( -14.94717096193652800, 5.388029419223539000, -1.637071338559541000 ) ) ;
#1273 = CARTESIAN_POINT ( 'NONE',  ( 10.79056061954213600, 13.20683107423523800, -11.83273152354843200 ) ) ;
#1274 = CARTESIAN_POINT ( 'NONE',  ( 9.505949683905630100, -6.906476714436561100, -21.19999999999999200 ) ) ;
#1275 = VECTOR ( 'NONE', #346, 999.9999999999998900 ) ;
#1276 = CARTESIAN_POINT ( 'NONE',  ( -14.98816568047337600, -8.022149932198983500, 0.0000000000000000000 ) ) ;
#1277 = ORIENTED_EDGE ( 'NONE', *, *, #2113, .T. ) ;
#1278 = VERTEX_POINT ( 'NONE', #5267 ) ;
#1279 = AXIS2_PLACEMENT_3D ( 'NONE', #3544, #971, #3991 ) ;
#1280 = DIRECTION ( 'NONE',  ( 0.0000000000000000000, 0.0000000000000000000, -1.000000000000000000 ) ) ;
#1281 = CARTESIAN_POINT ( 'NONE',  ( 3.965470391606083800, 12.20446294140194800, -11.97500000273118000 ) ) ;
#1282 = CARTESIAN_POINT ( 'NONE',  ( 14.90000000000000000, -7.974960814950757800, -2.367136103677472300 ) ) ;
#1283 = ORIENTED_EDGE ( 'NONE', *, *, #801, .T. ) ;
#1284 = CARTESIAN_POINT ( 'NONE',  ( -2.871264343652207200, 15.66278283396660400, -1.718997585968156100 ) ) ;
#1285 = CARTESIAN_POINT ( 'NONE',  ( 3.965470391606083800, 12.20446294140194800, -23.72500000273117800 ) ) ;
#1286 = EDGE_LOOP ( 'NONE', ( #2142, #740, #2783, #2031 ) ) ;
#1287 = CARTESIAN_POINT ( 'NONE',  ( 14.36392979205096200, -9.092740540471966800, -10.05650919409495200 ) ) ;
#1288 = DIRECTION ( 'NONE',  ( 0.0000000000000000000, 1.000000000000000000, 0.0000000000000000000 ) ) ;
#1289 = CARTESIAN_POINT ( 'NONE',  ( -16.00000000000000000, 0.0000000000000000000, -22.00000000000000000 ) ) ;
#1290 = ORIENTED_EDGE ( 'NONE', *, *, #5013, .T. ) ;
#1291 = CARTESIAN_POINT ( 'NONE',  ( -15.00000000000000200, -1.383428591534065400, -1.213745105051505300 ) ) ;
#1292 = CARTESIAN_POINT ( 'NONE',  ( -11.75000000000000200, -3.817806430736646400, -19.89999999999999500 ) ) ;
#1293 = CIRCLE ( 'NONE', #3366, 8.000000000000000000 ) ;
#1294 = B_SPLINE_CURVE_WITH_KNOTS ( 'NONE', 3,
 ( #5551, #2577, #868, #3870, #1299, #4315, #1749, #4741, #2168, #5156, #2591, #20, #3010, #442, #3453, #886, #3890, #1320, #4333, #1771, #4753, #2186, #5176, #2612, #36, #3028, #464, #3470, #900, #3908, #1337, #4350, #1787, #4775, #2203, #5196, #2624, #59, #3047, #483, #3493, #919, #3929, #1360, #4365, #1806, #4790, #2227 ),
 .UNSPECIFIED., .F., .F.,
 ( 4, 2, 2, 1, 2, 2, 2, 2, 2, 2, 2, 1, 2, 2, 2, 2, 2, 2, 2, 2, 2, 2, 2, 2, 4 ),
 ( 0.0000000000000000000, 0.002377492470808742000, 0.003566238706213112100, 0.004754984941617483100, 0.005943731177021853600, 0.007132477412426224200, 0.009509969883234960900, 0.01069871611863933100, 0.01188746235404370400, 0.01426495482485244300, 0.01545370106025681200, 0.01664244729566118100, 0.01783119353106554800, 0.01901993976646991800, 0.02139743223727865600, 0.02258617847268302300, 0.02377492470808739700, 0.02615241717889613100, 0.02734116341430049500, 0.02852990964970486500, 0.03090740212051359600, 0.03328489459132233400, 0.03447364082672669400, 0.03566238706213106800, 0.03803987953293980200 ),
 .UNSPECIFIED. ) ;
#1295 = CARTESIAN_POINT ( 'NONE',  ( 0.6723564796411870500, -16.98669881890782900, -10.09999999999987400 ) ) ;
#1296 = DIRECTION ( 'NONE',  ( -0.4999999999999929500, -0.8660254037844427000, -1.734723475976792900E-014 ) ) ;
#1297 = ADVANCED_FACE ( 'NONE', ( #4906 ), #3696, .T. ) ;
#1298 = ORIENTED_EDGE ( 'NONE', *, *, #702, .F. ) ;
#1299 = CARTESIAN_POINT ( 'NONE',  ( 11.38384647611808400, -3.147176153204454900, -21.05428284904483500 ) ) ;
#1300 = DIRECTION ( 'NONE',  ( -0.0000000000000000000, -0.0000000000000000000, 1.000000000000000000 ) ) ;
#1301 = CARTESIAN_POINT ( 'NONE',  ( 7.930940783212165900, -10.91600350634071700, -10.67500000273118000 ) ) ;
#1302 = EDGE_CURVE ( 'NONE', #762, #4999, #1639, .T. ) ;
#1303 = DIRECTION ( 'NONE',  ( -1.000000000000000000, 0.0000000000000000000, 0.0000000000000000000 ) ) ;
#1304 = ORIENTED_EDGE ( 'NONE', *, *, #4410, .F. ) ;
#1305 = CARTESIAN_POINT ( 'NONE',  ( -10.38173626660608300, -7.542772912224919000, -14.92500000273118100 ) ) ;
#1306 = FACE_OUTER_BOUND ( 'NONE', #4566, .T. ) ;
#1307 = CARTESIAN_POINT ( 'NONE',  ( -3.630949683905630600, 11.17491406646805400, -16.90000000546236300 ) ) ;
#1308 = CYLINDRICAL_SURFACE ( 'NONE', #1658, 11.74999999999999800 ) ;
#1309 = AXIS2_PLACEMENT_3D ( 'NONE', #3426, #4028, #5519 ) ;
#1310 = CARTESIAN_POINT ( 'NONE',  ( 14.36392979205096600, -9.092740540471963200, -10.05650919409494100 ) ) ;
#1311 = CARTESIAN_POINT ( 'NONE',  ( 0.5434813400672138300, 16.89125892386351800, -2.367136103677471800 ) ) ;
#1312 = FACE_OUTER_BOUND ( 'NONE', #1340, .T. ) ;
#1313 = CARTESIAN_POINT ( 'NONE',  ( -11.60349808778436700, 4.577869902737333500, -21.71002707588220600 ) ) ;
#1314 = CARTESIAN_POINT ( 'NONE',  ( -15.00000000000000400, -7.991336504509231300, -2.307030028425096200 ) ) ;
#1315 = CARTESIAN_POINT ( 'NONE',  ( 3.630949683905631900, 11.17491406646805200, -18.59999999999999400 ) ) ;
#1316 = AXIS2_PLACEMENT_3D ( 'NONE', #5078, #1239, #370 ) ;
#1317 = CARTESIAN_POINT ( 'NONE',  ( 7.261899367811263800, 9.995146998136467800, -13.20000000546236600 ) ) ;
#1318 = ORIENTED_EDGE ( 'NONE', *, *, #5183, .T. ) ;
#1319 = CARTESIAN_POINT ( 'NONE',  ( -12.83253174999999900, 1.571531893259428100E-015, -23.12500000273118100 ) ) ;
#1320 = CARTESIAN_POINT ( 'NONE',  ( 5.099016650868438000, -10.86852551723992400, -21.22896704608140100 ) ) ;
#1321 = CARTESIAN_POINT ( 'NONE',  ( -14.98816568047337600, 8.022149932198980000, -9.992339895041542500 ) ) ;
#1322 = CARTESIAN_POINT ( 'NONE',  ( -12.83253174999999600, 4.169542318109126500, -23.22500000273117100 ) ) ;
#1323 = ORIENTED_EDGE ( 'NONE', *, *, #4795, .T. ) ;
#1324 = B_SPLINE_CURVE_WITH_KNOTS ( 'NONE', 3,
 ( #2853, #4249, #2501, #4213, #1205, #3259 ),
 .UNSPECIFIED., .F., .F.,
 ( 4, 2, 4 ),
 ( 0.0000000000000000000, 0.0001009656817895226000, 0.0002019313635790452100 ),
 .UNSPECIFIED. ) ;
#1325 = CARTESIAN_POINT ( 'NONE',  ( -7.930940783212167700, 10.91600350634071700, -19.42500000273118100 ) ) ;
#1326 = ADVANCED_FACE ( 'NONE', ( #4831 ), #2744, .T. ) ;
#1327 = CIRCLE ( 'NONE', #950, 0.09999999999999972800 ) ;
#1328 =( BOUNDED_CURVE ( )  B_SPLINE_CURVE ( 3, ( #3307, #1180, #781, #3776 ),
 .UNSPECIFIED., .F., .F. ) 
 B_SPLINE_CURVE_WITH_KNOTS ( ( 4, 4 ),
 ( 2.657554577411172000, 3.625630729768419200 ),
 .UNSPECIFIED. ) 
 CURVE ( )  GEOMETRIC_REPRESENTATION_ITEM ( )  RATIONAL_B_SPLINE_CURVE ( ( 1.000000000000000000, 0.9234153311148980400, 0.9234153311148980400, 1.000000000000000000 ) ) 
 REPRESENTATION_ITEM ( '' )  );
#1329 = DIRECTION ( 'NONE',  ( -0.0000000000000000000, -0.0000000000000000000, 1.000000000000000000 ) ) ;
#1330 = CARTESIAN_POINT ( 'NONE',  ( -1.890029335027406400, 12.53201761794532500, -21.92036025813818200 ) ) ;
#1331 = FACE_OUTER_BOUND ( 'NONE', #3914, .T. ) ;
#1332 = CARTESIAN_POINT ( 'NONE',  ( 7.261899367811261100, -9.995146998136467800, -17.29999999999999400 ) ) ;
#1333 = CARTESIAN_POINT ( 'NONE',  ( -15.05650919409484700, -7.893157827856294200, -10.05650919409484700 ) ) ;
#1334 = CARTESIAN_POINT ( 'NONE',  ( -9.505949683905631900, -6.906476714436556600, -14.30000000546236700 ) ) ;
#1335 = EDGE_LOOP ( 'NONE', ( #2699, #3504, #1750, #4694 ) ) ;
#1336 = CONICAL_SURFACE ( 'NONE', #2920, 11.74999999999999800, 0.7853981633974412800 ) ;
#1337 = CARTESIAN_POINT ( 'NONE',  ( -4.511421138958548100, -11.28119187346988100, -21.39342111867629000 ) ) ;
#1338 = CARTESIAN_POINT ( 'NONE',  ( -12.62782318085041100, -0.8403284057823327000, -10.99999999999998900 ) ) ;
#1339 = CARTESIAN_POINT ( 'NONE',  ( 10.38173626660608300, 7.542772912224920700, -21.92500000273118100 ) ) ;
#1340 = EDGE_LOOP ( 'NONE', ( #3516, #2317 ) ) ;
#1341 = CARTESIAN_POINT ( 'NONE',  ( -15.00000000000000000, 17.00000000000000000, -10.00000000000000000 ) ) ;
#1342 = CARTESIAN_POINT ( 'NONE',  ( 11.04505503622052000, 4.267215322299867900, -11.42539759033778800 ) ) ;
#1343 = VECTOR ( 'NONE', #5218, 1000.000000000000100 ) ;
#1344 = CARTESIAN_POINT ( 'NONE',  ( 0.6292382039063261200, -16.96824321277699400, -10.00160207241348200 ) ) ;
#1345 = EDGE_CURVE ( 'NONE', #5432, #220, #460, .T. ) ;
#1346 = CARTESIAN_POINT ( 'NONE',  ( -5.172391696986303500, -14.33422633707954600, -1.342771886063874700 ) ) ;
#1347 = EDGE_CURVE ( 'NONE', #3909, #4969, #3758, .T. ) ;
#1348 = CARTESIAN_POINT ( 'NONE',  ( -14.37473446378868900, 9.075627201222278700, -10.10000000000001600 ) ) ;
#1349 = ORIENTED_EDGE ( 'NONE', *, *, #3568, .T. ) ;
#1350 = AXIS2_PLACEMENT_3D ( 'NONE', #502, #3512, #938 ) ;
#1351 = CARTESIAN_POINT ( 'NONE',  ( -0.7037567805850124500, 16.94801430471915200, -10.02928932188131300 ) ) ;
#1352 = CARTESIAN_POINT ( 'NONE',  ( 5.787018730831567500, 11.42672406924387500, -22.04513964001164800 ) ) ;
#1353 = CARTESIAN_POINT ( 'NONE',  ( -11.74999999999999800, 1.438959988998139800E-015, -15.99999999999999300 ) ) ;
#1354 = ORIENTED_EDGE ( 'NONE', *, *, #2251, .F. ) ;
#1355 = CARTESIAN_POINT ( 'NONE',  ( -16.80492887484057700, -2.726670088837347600, -11.80492887484058300 ) ) ;
#1356 = CARTESIAN_POINT ( 'NONE',  ( 15.02928932188134000, 7.864535902287420800, -10.02928932188134100 ) ) ;
#1357 = CARTESIAN_POINT ( 'NONE',  ( 7.261899367811261100, -9.995146998136467800, -15.80000000546236900 ) ) ;
#1358 = DIRECTION ( 'NONE',  ( -0.0000000000000000000, -0.0000000000000000000, 1.000000000000000000 ) ) ;
#1359 = ADVANCED_FACE ( 'NONE', ( #1626 ), #2756, .T. ) ;
#1360 = CARTESIAN_POINT ( 'NONE',  ( -11.93846556915515600, -3.118167751264153700, -21.58261863206904300 ) ) ;
#1361 = CARTESIAN_POINT ( 'NONE',  ( 9.850836386907795700, -11.63312503596460200, -1.345525583416477400 ) ) ;
#1362 = CARTESIAN_POINT ( 'NONE',  ( -2.478609629921899900E-015, -13.49292237646318400, -20.62500000273117400 ) ) ;
#1363 = VERTEX_POINT ( 'NONE', #1356 ) ;
#1364 = CARTESIAN_POINT ( 'NONE',  ( -14.40059446738011100, -9.008821509837135400, -9.980734852579288900 ) ) ;
#1365 = CARTESIAN_POINT ( 'NONE',  ( -11.74999999999999800, 1.438959988998139800E-015, -15.99999999999999300 ) ) ;
#1366 = DIRECTION ( 'NONE',  ( 0.0000000000000000000, -9.190272975713919500E-015, 1.000000000000000000 ) ) ;
#1367 = B_SPLINE_CURVE_WITH_KNOTS ( 'NONE', 3,
 ( #3838, #1966, #1754, #816, #3178, #3849, #4651, #1222 ),
 .UNSPECIFIED., .F., .F.,
 ( 4, 2, 2, 4 ),
 ( 0.008099641760013678200, 0.01012500508111668100, 0.01215036840221968300, 0.01620109504442568400 ),
 .UNSPECIFIED. ) ;
#1368 = CARTESIAN_POINT ( 'NONE',  ( 12.83253174999999900, 0.0000000000000000000, -24.12500000273118100 ) ) ;
#1369 = DIRECTION ( 'NONE',  ( 0.0000000000000000000, -1.000000000000000000, -1.734723475976817500E-014 ) ) ;
#1370 = EDGE_LOOP ( 'NONE', ( #492, #4659, #758 ) ) ;
#1371 = ORIENTED_EDGE ( 'NONE', *, *, #3385, .T. ) ;
#1372 = CARTESIAN_POINT ( 'NONE',  ( -12.16803909945002400, 10.29528742611101000, -1.666747153036926400 ) ) ;
#1373 = CARTESIAN_POINT ( 'NONE',  ( 0.6366532074006211500, -16.98810585114796700, -10.03788109651208900 ) ) ;
#1374 = EDGE_LOOP ( 'NONE', ( #727, #751, #1021 ) ) ;
#1375 = CARTESIAN_POINT ( 'NONE',  ( 7.261899367811263800, 9.995146998136467800, -14.69999999999999600 ) ) ;
#1376 = ORIENTED_EDGE ( 'NONE', *, *, #4518, .F. ) ;
#1377 = CARTESIAN_POINT ( 'NONE',  ( -16.17853960580624700, 5.398325893031657300, -11.17853960581235900 ) ) ;
#1378 = CARTESIAN_POINT ( 'NONE',  ( 9.505949683905630100, -6.906476714436561100, -15.70000000546236600 ) ) ;
#1379 = DIRECTION ( 'NONE',  ( 0.0000000000000000000, -1.000000000000000000, 8.673617379884087500E-015 ) ) ;
#1380 = CALENDAR_DATE ( 2018, 9, 8 ) ;
#1381 = CARTESIAN_POINT ( 'NONE',  ( 2.830116932016613100, -15.62556615771872800, -1.632395045941097400 ) ) ;
#1382 = CARTESIAN_POINT ( 'NONE',  ( -10.38173626660608100, 7.542772912224922500, -19.32500000273118000 ) ) ;
#1383 = EDGE_CURVE ( 'NONE', #5241, #2922, #1492, .T. ) ;
#1384 = EDGE_CURVE ( 'NONE', #3618, #5458, #5039, .T. ) ;
#1385 = FACE_BOUND ( 'NONE', #24, .T. ) ;
#1386 = CARTESIAN_POINT ( 'NONE',  ( -14.35732382435216400, 9.051932430371735400, -10.01562160393507200 ) ) ;
#1387 = CARTESIAN_POINT ( 'NONE',  ( -14.40651865993280500, -9.002900649291200700, -2.367136103677472300 ) ) ;
#1388 = CARTESIAN_POINT ( 'NONE',  ( 12.83253174999999900, 0.0000000000000000000, -22.12500000273118100 ) ) ;
#1389 = ADVANCED_FACE ( 'NONE', ( #4037 ), #2885, .T. ) ;
#1390 = DIRECTION ( 'NONE',  ( -1.224646799147353200E-016, 1.000000000000000000, 0.0000000000000000000 ) ) ;
#1391 = AXIS2_PLACEMENT_3D ( 'NONE', #618, #4062, #1043 ) ;
#1392 = CARTESIAN_POINT ( 'NONE',  ( 7.315190965990179700, 15.40648167905895600, -12.00000000000001200 ) ) ;
#1393 = CARTESIAN_POINT ( 'NONE',  ( 12.83253174999999600, -4.169542318109129100, -12.22500000273117700 ) ) ;
#1394 = CARTESIAN_POINT ( 'NONE',  ( 3.630949683905629200, -11.17491406646805400, -13.39999999999999300 ) ) ;
#1395 = AXIS2_PLACEMENT_3D ( 'NONE', #3698, #4132, #2016 ) ;
#1396 = CARTESIAN_POINT ( 'NONE',  ( -14.35651865993280700, -8.916298108912757300, -2.367136103677472700 ) ) ;
#1397 = CARTESIAN_POINT ( 'NONE',  ( -13.30451140818940000, 9.639144832731068000, -1.957152748361519600 ) ) ;
#1398 = CARTESIAN_POINT ( 'NONE',  ( 0.5934813400672153100, 16.97786146424195800, -9.958578643762720600 ) ) ;
#1399 = DIRECTION ( 'NONE',  ( -0.0000000000000000000, -0.0000000000000000000, 1.000000000000000000 ) ) ;
#1400 = FACE_OUTER_BOUND ( 'NONE', #421, .T. ) ;
#1401 = CARTESIAN_POINT ( 'NONE',  ( 12.83253174999999600, 4.169542318109123800, -18.02500000273117200 ) ) ;
#1402 = LINE ( 'NONE', #1914, #2423 ) ;
#1403 = CARTESIAN_POINT ( 'NONE',  ( 14.94408284023665900, -7.998555373574925300, -2.280533563299028500 ) ) ;
#1404 = CARTESIAN_POINT ( 'NONE',  ( 11.74999999999999800, -3.817806430736651700, -11.60000000546236600 ) ) ;
#1405 = DIRECTION ( 'NONE',  ( 0.0000000000000000000, -1.000000000000000000, -8.673617379884087500E-015 ) ) ;
#1406 = VERTEX_POINT ( 'NONE', #4540 ) ;
#1407 = CARTESIAN_POINT ( 'NONE',  ( 12.27919431089106100, 4.931145965218486400, -22.00242213187829800 ) ) ;
#1408 = CC_DESIGN_DATE_AND_TIME_ASSIGNMENT ( #3652, #2844, ( #250 ) ) ;
#1409 = ORIENTED_EDGE ( 'NONE', *, *, #198, .T. ) ;
#1410 = CARTESIAN_POINT ( 'NONE',  ( -14.37473446378869100, 9.075627201222277000, -10.10000000000001700 ) ) ;
#1411 = EDGE_LOOP ( 'NONE', ( #708, #2017, #3560, #2215, #5198 ) ) ;
#1412 = CARTESIAN_POINT ( 'NONE',  ( -7.261899367811262900, 9.995146998136467800, -18.29999999999999700 ) ) ;
#1413 = DIRECTION ( 'NONE',  ( -0.3535533905932729500, -0.6123724356957964700, -0.7071067811865462400 ) ) ;
#1414 = ORIENTED_EDGE ( 'NONE', *, *, #120, .F. ) ;
#1415 = CARTESIAN_POINT ( 'NONE',  ( -3.965470391606085600, -12.20446294140194800, -18.72500000273118200 ) ) ;
#1416 = CARTESIAN_POINT ( 'NONE',  ( -11.74999999999999800, 3.817806430736650400, -12.09999999999999600 ) ) ;
#1417 = VECTOR ( 'NONE', #3231, 1000.000000000000000 ) ;
#1418 = CARTESIAN_POINT ( 'NONE',  ( -0.5934813400671469200, -16.97786146424198600, -2.367136103677486500 ) ) ;
#1419 = ADVANCED_FACE ( 'NONE', ( #609 ), #5535, .T. ) ;
#1420 = EDGE_CURVE ( 'NONE', #3153, #2420, #1777, .T. ) ;
#1421 = DIRECTION ( 'NONE',  ( -1.000000000000000000, 0.0000000000000000000, 0.0000000000000000000 ) ) ;
#1422 = CARTESIAN_POINT ( 'NONE',  ( -3.965470391606085600, -12.20446294140194800, -16.72500000273117800 ) ) ;
#1423 = CARTESIAN_POINT ( 'NONE',  ( -11.22073358102338000, -6.449054146152115600, -10.99999999999999800 ) ) ;
#1424 = ORIENTED_EDGE ( 'NONE', *, *, #1791, .T. ) ;
#1425 = DIRECTION ( 'NONE',  ( 8.673617379883937700E-015, 1.620533341279722900E-014, 1.000000000000000000 ) ) ;
#1426 = EDGE_CURVE ( 'NONE', #69, #417, #4298, .T. ) ;
#1427 = CARTESIAN_POINT ( 'NONE',  ( -3.965470391606082900, 12.20446294140195000, -21.52500000273117900 ) ) ;
#1428 = ORIENTED_EDGE ( 'NONE', *, *, #3713, .T. ) ;
#1429 = EDGE_LOOP ( 'NONE', ( #5380, #4696, #4025, #2023 ) ) ;
#1430 = AXIS2_PLACEMENT_3D ( 'NONE', #4020, #1454, #4452 ) ;
#1431 = CARTESIAN_POINT ( 'NONE',  ( 12.50000000000000000, 0.0000000000000000000, 0.0000000000000000000 ) ) ;
#1432 = CARTESIAN_POINT ( 'NONE',  ( -14.39899356721073600, 8.942677689116603500, -2.280533563299028900 ) ) ;
#1433 = CARTESIAN_POINT ( 'NONE',  ( -0.5934813400671923300, -16.97786146424195800, -9.958578643762763200 ) ) ;
#1434 = ORIENTED_EDGE ( 'NONE', *, *, #1236, .F. ) ;
#1435 = CARTESIAN_POINT ( 'NONE',  ( -8.665707384518381000, -12.25961563027923900, -1.127163199466012700 ) ) ;
#1436 = CARTESIAN_POINT ( 'NONE',  ( -12.83253174999999600, 4.169542318109126500, -13.22500000273117800 ) ) ;
#1437 = CARTESIAN_POINT ( 'NONE',  ( 12.83253174999999600, 4.169542318109123800, -24.27500000273117600 ) ) ;
#1438 = CARTESIAN_POINT ( 'NONE',  ( -6.287602727675829500, -13.63243789303914100, -1.153321721419034300 ) ) ;
#1439 = CARTESIAN_POINT ( 'NONE',  ( -1.723975073531290400, -16.32517060290927800, -2.011489428098630000 ) ) ;
#1440 = EDGE_LOOP ( 'NONE', ( #5177, #1631, #1304 ) ) ;
#1441 = CARTESIAN_POINT ( 'NONE',  ( -3.630949683905633200, -11.17491406646805200, -20.10000000546236600 ) ) ;
#1442 = CARTESIAN_POINT ( 'NONE',  ( -7.930940783212167700, 10.91600350634071700, -15.42500000273118000 ) ) ;
#1443 = ORIENTED_EDGE ( 'NONE', *, *, #3857, .T. ) ;
#1444 = CARTESIAN_POINT ( 'NONE',  ( -4.329157456002823400, -12.06834154482626100, -10.99999999999999300 ) ) ;
#1445 = ORIENTED_EDGE ( 'NONE', *, *, #2819, .F. ) ;
#1446 = CARTESIAN_POINT ( 'NONE',  ( -11.74999999999999800, 3.817806430736650400, -10.60000000546236800 ) ) ;
#1447 = ADVANCED_FACE ( 'NONE', ( #2282 ), #4428, .F. ) ;
#1448 = CARTESIAN_POINT ( 'NONE',  ( 12.83253174999999800, -4.169542318109129100, -20.22500000273117800 ) ) ;
#1449 = EDGE_LOOP ( 'NONE', ( #862, #4590, #3840, #597 ) ) ;
#1450 = CARTESIAN_POINT ( 'NONE',  ( 7.274714741218763200, 9.466313893436543800, -11.31532685347213300 ) ) ;
#1451 = CARTESIAN_POINT ( 'NONE',  ( 0.7037567805849787000, -16.94801430471912700, -10.02928932188121900 ) ) ;
#1452 = CIRCLE ( 'NONE', #3677, 0.1000000000000007800 ) ;
#1453 = CARTESIAN_POINT ( 'NONE',  ( 14.32553254129633700, 9.083478402431747900, -10.02928932188133400 ) ) ;
#1454 = DIRECTION ( 'NONE',  ( -0.0000000000000000000, -0.0000000000000000000, 1.000000000000000000 ) ) ;
#1455 = DIRECTION ( 'NONE',  ( -0.5000000000000004400, 0.8660254037844383700, 0.0000000000000000000 ) ) ;
#1456 = CIRCLE ( 'NONE', #2050, 0.09999999999999993600 ) ;
#1457 = CARTESIAN_POINT ( 'NONE',  ( -3.965470391606085600, -12.20446294140194800, -22.97500000273118200 ) ) ;
#1458 = CARTESIAN_POINT ( 'NONE',  ( -12.14296795174815500, -10.30976225998558200, -1.660896675379587100 ) ) ;
#1459 = CIRCLE ( 'NONE', #776, 10.00000000000000000 ) ;
#1460 = LOCAL_TIME ( 13, 35, 23.00000000000000000, #1041 ) ;
#1461 = CARTESIAN_POINT ( 'NONE',  ( 15.05650919409484900, -7.893157827856282600, -10.05650919409485100 ) ) ;
#1462 = CARTESIAN_POINT ( 'NONE',  ( -17.67152257745953000, 2.838930521398229000, -12.67152257745953900 ) ) ;
#1463 = CARTESIAN_POINT ( 'NONE',  ( 12.83253174999999900, 0.0000000000000000000, -14.12500000273118100 ) ) ;
#1464 = EDGE_CURVE ( 'NONE', #4662, #4666, #3442, .T. ) ;
#1465 = EDGE_CURVE ( 'NONE', #234, #4724, #5162, .T. ) ;
#1466 = CARTESIAN_POINT ( 'NONE',  ( 2.587526690320545600, -12.22925613546788500, -10.99999999999999600 ) ) ;
#1467 = DIRECTION ( 'NONE',  ( -0.7071067811865439100, 8.659560562354888500E-017, 0.7071067811865512400 ) ) ;
#1468 = AXIS2_PLACEMENT_3D ( 'NONE', #2404, #5379, #2823 ) ;
#1469 = CARTESIAN_POINT ( 'NONE',  ( -10.38173626660608300, -7.542772912224919000, -18.92500000273118100 ) ) ;
#1470 = AXIS2_PLACEMENT_3D ( 'NONE', #3537, #4399, #499 ) ;
#1471 = VERTEX_POINT ( 'NONE', #683 ) ;
#1472 = CARTESIAN_POINT ( 'NONE',  ( 14.42823735439916900, 8.990361270920484300, -9.983699572381565800 ) ) ;
#1473 = CARTESIAN_POINT ( 'NONE',  ( -0.5974938613612679200, -16.97678466451172200, -9.973338977103614100 ) ) ;
#1474 = LINE ( 'NONE', #2928, #2735 ) ;
#1475 = CARTESIAN_POINT ( 'NONE',  ( 8.663025466066814700, 12.31890799085852200, -1.211961866617258500 ) ) ;
#1476 = CARTESIAN_POINT ( 'NONE',  ( -7.930940783212167700, 10.91600350634071700, -21.67500000273117400 ) ) ;
#1477 = AXIS2_PLACEMENT_3D ( 'NONE', #1220, #4233, #1671 ) ;
#1478 =( BOUNDED_SURFACE ( )  B_SPLINE_SURFACE ( 3, 2, ( 
 ( #5128, #1722, #5110 ),
 ( #2568, #5538, #2986 ),
 ( #416, #3424, #859 ),
 ( #3859, #1287, #4304 ) ),
 .UNSPECIFIED., .F., .F., .F. ) 
 B_SPLINE_SURFACE_WITH_KNOTS ( ( 4, 4 ),
 ( 3, 3 ),
 ( 0.0002667430622045122700, 0.0004638894166354629400 ),
 ( 0.0000000000000000000, 1.000000000000000000 ),
 .UNSPECIFIED. ) 
 GEOMETRIC_REPRESENTATION_ITEM ( )  RATIONAL_B_SPLINE_SURFACE ( (
 ( 1.000000000000000000, 0.9699630933014223900, 1.000000000000000000),
 ( 1.000000000000000000, 0.9687131023552726400, 1.000000000000000000),
 ( 1.000000000000000000, 0.9339354041471084100, 1.000000000000000000),
 ( 1.000000000000000000, 0.9016308760050665300, 1.000000000000000000) ) ) 
 REPRESENTATION_ITEM ( '' )  SURFACE ( )  );
#1479 = CARTESIAN_POINT ( 'NONE',  ( 11.74999999999999800, 3.817806430736647700, -19.40000000546236700 ) ) ;
#1480 = VERTEX_POINT ( 'NONE', #3848 ) ;
#1481 = ADVANCED_FACE ( 'NONE', ( #994 ), #3138, .F. ) ;
#1482 = CARTESIAN_POINT ( 'NONE',  ( 0.5987925335002649600, 16.97643595587445700, -9.975377292836901300 ) ) ;
#1483 = CARTESIAN_POINT ( 'NONE',  ( -15.00000000000000200, -7.974960814950754300, -10.00000000000000000 ) ) ;
#1484 = CARTESIAN_POINT ( 'NONE',  ( -7.930940783212169400, -10.91600350634071700, -12.82500000273118000 ) ) ;
#1485 = CIRCLE ( 'NONE', #3425, 12.97320508075688600 ) ;
#1486 =( BOUNDED_CURVE ( )  B_SPLINE_CURVE ( 3, ( #1453, #4019, #1891, #4877 ),
 .UNSPECIFIED., .F., .T. ) 
 B_SPLINE_CURVE_WITH_KNOTS ( ( 4, 4 ),
 ( 2.657554577411168000, 3.625630729768413400 ),
 .UNSPECIFIED. ) 
 CURVE ( )  GEOMETRIC_REPRESENTATION_ITEM ( )  RATIONAL_B_SPLINE_CURVE ( ( 1.000000000000000000, 0.9234153311148981500, 0.9234153311148981500, 1.000000000000000000 ) ) 
 REPRESENTATION_ITEM ( '' )  );
#1487 = CARTESIAN_POINT ( 'NONE',  ( -0.5934813400672128700, 16.97786146424195400, -2.367136103677471000 ) ) ;
#1488 = FACE_OUTER_BOUND ( 'NONE', #1828, .T. ) ;
#1489 = CARTESIAN_POINT ( 'NONE',  ( 11.74999999999999800, 0.0000000000000000000, -18.99999999999999600 ) ) ;
#1490 = CARTESIAN_POINT ( 'NONE',  ( 8.262032099739666100E-016, 13.49292237646318100, -17.62500000273117700 ) ) ;
#1491 = SPHERICAL_SURFACE ( 'NONE', #910, 0.1000000000000000100 ) ;
#1492 = CIRCLE ( 'NONE', #1179, 11.74999999999999800 ) ;
#1493 = CARTESIAN_POINT ( 'NONE',  ( 12.83253174999999900, 0.0000000000000000000, -20.37500000273118100 ) ) ;
#1494 = CARTESIAN_POINT ( 'NONE',  ( -15.00000000000000200, 7.974960814950754300, -10.00000000000000000 ) ) ;
#1495 = DIRECTION ( 'NONE',  ( -0.0000000000000000000, -0.0000000000000000000, 1.000000000000000000 ) ) ;
#1496 = CARTESIAN_POINT ( 'NONE',  ( 14.94408284023668400, 7.998555373574921700, -2.280533563299040000 ) ) ;
#1497 = CARTESIAN_POINT ( 'NONE',  ( 10.38173626660608300, 7.542772912224920700, -11.92500000273118000 ) ) ;
#1498 = CARTESIAN_POINT ( 'NONE',  ( 12.83253174999999900, 0.0000000000000000000, -20.37500000273118100 ) ) ;
#1499 = CARTESIAN_POINT ( 'NONE',  ( 11.74999999999999800, -3.817806430736651700, -19.60000000546236300 ) ) ;
#1500 = EDGE_CURVE ( 'NONE', #1030, #2581, #3034, .T. ) ;
#1501 = CARTESIAN_POINT ( 'NONE',  ( -12.14214956427357000, 10.24922636107650000, -1.638251263168258900 ) ) ;
#1502 = CARTESIAN_POINT ( 'NONE',  ( 7.261899367811261100, -9.995146998136467800, -19.29999999999999000 ) ) ;
#1503 = CARTESIAN_POINT ( 'NONE',  ( -3.965470391606082900, 12.20446294140195000, -11.52500000273118100 ) ) ;
#1504 = CARTESIAN_POINT ( 'NONE',  ( 14.99999999999999800, -2.684246527575711500, -1.342357281483073500 ) ) ;
#1505 = CARTESIAN_POINT ( 'NONE',  ( 11.74999999999999800, 3.817806430736647700, -17.40000000546236700 ) ) ;
#1506 = CARTESIAN_POINT ( 'NONE',  ( 14.44146855929048500, 8.969057132777368900, -9.992710358795301700 ) ) ;
#1507 = AXIS2_PLACEMENT_3D ( 'NONE', #892, #3458, #448 ) ;
#1508 = ORIENTED_EDGE ( 'NONE', *, *, #4797, .F. ) ;
#1509 = ADVANCED_FACE ( 'NONE', ( #3409 ), #1138, .F. ) ;
#1510 = CARTESIAN_POINT ( 'NONE',  ( 10.38173626660608100, -7.542772912224923400, -16.32500000273118000 ) ) ;
#1511 = ORIENTED_EDGE ( 'NONE', *, *, #4164, .T. ) ;
#1512 = CARTESIAN_POINT ( 'NONE',  ( -7.930940783212169400, -10.91600350634071900, -19.07500000273117600 ) ) ;
#1513 = DIRECTION ( 'NONE',  ( 0.4840179251381890300, 0.7666279140067130400, 0.4219102862109887500 ) ) ;
#1514 = ORIENTED_EDGE ( 'NONE', *, *, #507, .T. ) ;
#1515 = CARTESIAN_POINT ( 'NONE',  ( -12.50000000000000000, 1.530808498934191500E-015, -7.499999999999997300 ) ) ;
#1516 = CARTESIAN_POINT ( 'NONE',  ( 14.35651865993279200, -8.916298108912776900, -9.958578643762788100 ) ) ;
#1517 = CARTESIAN_POINT ( 'NONE',  ( -2.269518105932784400E-015, -12.35468113479963900, -14.00000000546236700 ) ) ;
#1518 = CARTESIAN_POINT ( 'NONE',  ( -0.5466985855109952600, -16.99120715713284100, -10.02793065430573300 ) ) ;
#1519 = VERTEX_POINT ( 'NONE', #450 ) ;
#1520 = CARTESIAN_POINT ( 'NONE',  ( -7.930940783212169400, -10.91600350634071700, -19.07500000273117600 ) ) ;
#1521 = CARTESIAN_POINT ( 'NONE',  ( -7.930940783212167700, 10.91600350634071700, -23.67500000273118500 ) ) ;
#1522 =( BOUNDED_CURVE ( )  B_SPLINE_CURVE ( 2, ( #5153, #439, #3885, #1317, #4330, #1767, #4751, #2183, #5172, #2608, #35 ),
 .UNSPECIFIED., .F., .T. ) 
 B_SPLINE_CURVE_WITH_KNOTS ( ( 3, 2, 2, 2, 2, 3 ),
 ( 0.7142857142857141900, 0.7285714285714284300, 0.7428571428571427700, 0.7571428571428571200, 0.7714285714285714600, 0.7857142857142857000 ),
 .UNSPECIFIED. ) 
 CURVE ( )  GEOMETRIC_REPRESENTATION_ITEM ( )  RATIONAL_B_SPLINE_CURVE ( ( 1.000000000000000400, 0.9510565162951532000, 1.000000000000000000, 0.9510565162951535300, 1.000000000000000000, 0.9510565162951535300, 1.000000000000000000, 0.9510565162951535300, 1.000000000000000000, 0.9510565162951535300, 1.000000000000000000 ) ) 
 REPRESENTATION_ITEM ( '' )  );
#1523 = CARTESIAN_POINT ( 'NONE',  ( 10.38173626660608100, -7.542772912224923400, -16.32500000273118000 ) ) ;
#1524 = CARTESIAN_POINT ( 'NONE',  ( 16.83273152355192800, -2.741484080483445500, -11.83273152354587400 ) ) ;
#1525 = ORIENTED_EDGE ( 'NONE', *, *, #1500, .T. ) ;
#1526 = CARTESIAN_POINT ( 'NONE',  ( 6.338839204940216000, 13.66077755436679600, -1.238596098757266600 ) ) ;
#1527 = CARTESIAN_POINT ( 'NONE',  ( 12.83253174999999600, -4.169542318109129100, -10.22500000273118000 ) ) ;
#1528 = ORGANIZATION ( 'UNSPECIFIED', 'UNSPECIFIED', '' ) ;
#1529 = CARTESIAN_POINT ( 'NONE',  ( 14.99999999999999800, 2.733941890312277000, -1.266498523307087800 ) ) ;
#1530 = CARTESIAN_POINT ( 'NONE',  ( 14.40651865993279100, -9.002900649291218500, -9.962089033291013300 ) ) ;
#1531 = CARTESIAN_POINT ( 'NONE',  ( -12.83253175000000100, -4.169542318109122000, -15.02500000273117700 ) ) ;
#1532 = FACE_OUTER_BOUND ( 'NONE', #3016, .T. ) ;
#1533 = CARTESIAN_POINT ( 'NONE',  ( -3.965470391606082900, 12.20446294140195000, -17.77500000273118300 ) ) ;
#1534 = DIRECTION ( 'NONE',  ( -1.000000000000000000, 0.0000000000000000000, 0.0000000000000000000 ) ) ;
#1535 = DIRECTION ( 'NONE',  ( 0.8455726155169770400, 0.5338604236013178000, 0.0000000000000000000 ) ) ;
#1536 = CARTESIAN_POINT ( 'NONE',  ( -14.90000000000000000, -7.974960814950754300, -2.367136103677472700 ) ) ;
#1537 = CARTESIAN_POINT ( 'NONE',  ( 9.684809034009823800, 14.03838204961195400, -12.00000000000001200 ) ) ;
#1538 = CARTESIAN_POINT ( 'NONE',  ( -3.965470391606082900, 12.20446294140195000, -17.77500000273118300 ) ) ;
#1539 = CARTESIAN_POINT ( 'NONE',  ( 12.83253174999999900, 0.0000000000000000000, -22.37500000273118400 ) ) ;
#1540 = CARTESIAN_POINT ( 'NONE',  ( -12.50000000000000000, 1.530808498934191500E-015, 0.0000000000000000000 ) ) ;
#1541 = ADVANCED_FACE ( 'NONE', ( #2151 ), #5418, .T. ) ;
#1542 = CARTESIAN_POINT ( 'NONE',  ( -7.930940783212169400, -10.91600350634071700, -22.82500000273118000 ) ) ;
#1543 = DIRECTION ( 'NONE',  ( -1.000000000000000000, 0.0000000000000000000, 0.0000000000000000000 ) ) ;
#1544 = CARTESIAN_POINT ( 'NONE',  ( -12.38397459621556300, 1.516599484997752100E-015, -21.63397459621555500 ) ) ;
#1545 = EDGE_CURVE ( 'NONE', #5286, #3348, #1261, .T. ) ;
#1546 = EDGE_CURVE ( 'NONE', #4750, #3714, #123, .T. ) ;
#1547 = CIRCLE ( 'NONE', #2752, 0.09999999999999939500 ) ;
#1548 = AXIS2_PLACEMENT_3D ( 'NONE', #1976, #3674, #1116 ) ;
#1549 = DIRECTION ( 'NONE',  ( 0.9994827765599498800, 0.03215865917623744000, -3.854133094297607900E-013 ) ) ;
#1550 = CARTESIAN_POINT ( 'NONE',  ( 3.965470391606083800, 12.20446294140194800, -13.72500000273117800 ) ) ;
#1551 = CARTESIAN_POINT ( 'NONE',  ( 15.00000000000000000, -2.678140760115023800, -1.318454296850164500 ) ) ;
#1552 = FACE_OUTER_BOUND ( 'NONE', #732, .T. ) ;
#1553 = AXIS2_PLACEMENT_3D ( 'NONE', #5384, #207, #4301 ) ;
#1554 = CARTESIAN_POINT ( 'NONE',  ( 12.83253174999999800, -4.169542318109129100, -16.47500000273117800 ) ) ;
#1555 = VERTEX_POINT ( 'NONE', #2155 ) ;
#1556 = CARTESIAN_POINT ( 'NONE',  ( -27.61121593216766000, -1.379165124599138100, -10.00000000000000000 ) ) ;
#1557 = CARTESIAN_POINT ( 'NONE',  ( -14.98816568047337400, -8.022149932198985300, -9.958578643762690400 ) ) ;
#1558 = CARTESIAN_POINT ( 'NONE',  ( 0.0000000000000000000, 0.0000000000000000000, 0.0000000000000000000 ) ) ;
#1559 = CARTESIAN_POINT ( 'NONE',  ( 8.262032099739667100E-016, 13.49292237646318400, -17.62500000273117700 ) ) ;
#1560 = CARTESIAN_POINT ( 'NONE',  ( 12.83253174999999600, -4.169542318109129100, -16.47500000273117800 ) ) ;
#1561 = CYLINDRICAL_SURFACE ( 'NONE', #603, 8.000000000000000000 ) ;
#1562 = CARTESIAN_POINT ( 'NONE',  ( -7.930940783212169400, -10.91600350634071700, -21.07500000273118000 ) ) ;
#1563 = VERTEX_POINT ( 'NONE', #3583 ) ;
#1564 = EDGE_LOOP ( 'NONE', ( #654, #3962, #2079, #3241 ) ) ;
#1565 = DIRECTION ( 'NONE',  ( 0.0000000000000000000, 0.0000000000000000000, -1.000000000000000000 ) ) ;
#1566 = CARTESIAN_POINT ( 'NONE',  ( 0.0000000000000000000, 0.0000000000000000000, 0.0000000000000000000 ) ) ;
#1567 = CONICAL_SURFACE ( 'NONE', #1553, 10.49999999999999500, 0.7853981633974430600 ) ;
#1568 = CARTESIAN_POINT ( 'NONE',  ( 0.6138329411821739100, -16.98893145302073300, -10.06922246954046200 ) ) ;
#1569 = ORIENTED_EDGE ( 'NONE', *, *, #2500, .T. ) ;
#1570 = CARTESIAN_POINT ( 'NONE',  ( 14.40262853675671400, -9.006787523544899100, -9.975377292836968800 ) ) ;
#1571 = ADVANCED_FACE ( 'NONE', ( #3276 ), #1123, .T. ) ;
#1572 = CARTESIAN_POINT ( 'NONE',  ( 7.930940783212165900, -10.91600350634071900, -12.42500000273117800 ) ) ;
#1573 = ORIENTED_EDGE ( 'NONE', *, *, #1270, .T. ) ;
#1574 = CARTESIAN_POINT ( 'NONE',  ( -10.38173626660608300, -7.542772912224919000, -15.17500000273118100 ) ) ;
#1575 = CARTESIAN_POINT ( 'NONE',  ( 0.0000000000000000000, 0.0000000000000000000, -23.00000000000000000 ) ) ;
#1576 = CARTESIAN_POINT ( 'NONE',  ( -15.02928932188133100, -7.864535902287412000, -10.02928932188133100 ) ) ;
#1577 = PERSON_AND_ORGANIZATION_ROLE ( 'design_owner' ) ;
#1578 = CARTESIAN_POINT ( 'NONE',  ( -0.5934813400671923300, -16.97786146424195800, -2.367136103677470100 ) ) ;
#1579 = CARTESIAN_POINT ( 'NONE',  ( -10.38173626660608300, -7.542772912224919000, -15.17500000273118100 ) ) ;
#1580 = CARTESIAN_POINT ( 'NONE',  ( -3.965470391606082900, 12.20446294140195000, -19.77500000273117900 ) ) ;
#1581 = EDGE_CURVE ( 'NONE', #2773, #5495, #5289, .T. ) ;
#1582 = EDGE_LOOP ( 'NONE', ( #2419, #5438, #4702, #2893 ) ) ;
#1583 = EDGE_CURVE ( 'NONE', #3618, #3434, #2029, .T. ) ;
#1584 = DIRECTION ( 'NONE',  ( 1.000000000000000000, 0.0000000000000000000, 0.0000000000000000000 ) ) ;
#1585 = CARTESIAN_POINT ( 'NONE',  ( 10.31384938419098600, 7.066316449135031000, -21.73044716564198400 ) ) ;
#1586 = CARTESIAN_POINT ( 'NONE',  ( -14.44146847448862300, -8.969057269320526200, -9.958578643762615800 ) ) ;
#1587 = AXIS2_PLACEMENT_3D ( 'NONE', #3341, #2084, #5067 ) ;
#1588 = PLANE ( 'NONE',  #1395 ) ;
#1589 = CARTESIAN_POINT ( 'NONE',  ( 9.505949683905630100, -6.906476714436561100, -17.70000000546236800 ) ) ;
#1590 = ORIENTED_EDGE ( 'NONE', *, *, #1791, .F. ) ;
#1591 = AXIS2_PLACEMENT_3D ( 'NONE', #1396, #960, #1379 ) ;
#1592 = CARTESIAN_POINT ( 'NONE',  ( -12.83253174999999900, 1.571531893259428100E-015, -11.12500000273117900 ) ) ;
#1593 = ORIENTED_EDGE ( 'NONE', *, *, #3937, .F. ) ;
#1594 = CARTESIAN_POINT ( 'NONE',  ( 8.262032099739666100E-016, 13.49292237646318100, -13.87500000273117900 ) ) ;
#1595 =( BOUNDED_SURFACE ( )  B_SPLINE_SURFACE ( 3, 2, ( 
 ( #3707, #717, #4585 ),
 ( #2024, #5007, #2446 ),
 ( #5424, #2864, #290 ),
 ( #3296, #734, #3728 ),
 ( #1166, #4180, #1614 ),
 ( #4601, #2042, #5027 ) ),
 .UNSPECIFIED., .F., .F., .T. ) 
 B_SPLINE_SURFACE_WITH_KNOTS ( ( 4, 2, 4 ),
 ( 3, 3 ),
 ( 0.0001833793796155356000, 0.0002817301968087353800, 0.0003800810140019351300 ),
 ( 0.0000000000000000000, 1.000000000000000000 ),
 .UNSPECIFIED. ) 
 GEOMETRIC_REPRESENTATION_ITEM ( )  RATIONAL_B_SPLINE_SURFACE ( (
 ( 1.000000000000000000, 0.9016308760046705100, 1.000000000000000000),
 ( 1.000000000000000000, 0.9186058171700516300, 1.000000000000000000),
 ( 1.000000000000000000, 0.9341899376200627500, 1.000000000000000000),
 ( 1.000000000000000000, 0.9601444561880258000, 1.000000000000000000),
 ( 1.000000000000000000, 0.9699816059769393900, 1.000000000000000000),
 ( 1.000000000000000000, 0.9699630933014228300, 1.000000000000000000) ) ) 
 REPRESENTATION_ITEM ( '' )  SURFACE ( )  );
#1596 = DIRECTION ( 'NONE',  ( 1.000000000000000000, 0.0000000000000000000, 0.0000000000000000000 ) ) ;
#1597 = DATE_TIME_ROLE ( 'classification_date' ) ;
#1598 = DIRECTION ( 'NONE',  ( -0.8494981455578496400, -0.5275916040781680700, -8.673617379884056000E-015 ) ) ;
#1599 = CARTESIAN_POINT ( 'NONE',  ( -14.32553254129633100, -9.083478402431705200, -10.02928932188123700 ) ) ;
#1600 = CARTESIAN_POINT ( 'NONE',  ( 8.262032099739667100E-016, 13.49292237646318400, -13.87500000273117700 ) ) ;
#1601 = ORIENTED_EDGE ( 'NONE', *, *, #2146, .F. ) ;
#1602 = CARTESIAN_POINT ( 'NONE',  ( 12.83253174999999600, -4.169542318109129100, -18.47500000273118200 ) ) ;
#1603 = CYLINDRICAL_SURFACE ( 'NONE', #3390, 11.74999999999999800 ) ;
#1604 = CARTESIAN_POINT ( 'NONE',  ( 3.630949683905631900, 11.17491406646805200, -18.59999999999999400 ) ) ;
#1605 = CARTESIAN_POINT ( 'NONE',  ( 1.464352618457210200, 11.77724686136720100, -21.09484225314417900 ) ) ;
#1606 = CARTESIAN_POINT ( 'NONE',  ( -11.74999999999999800, 1.438959988998139800E-015, -11.99999999999999300 ) ) ;
#1607 = CARTESIAN_POINT ( 'NONE',  ( -14.99999999999999800, -2.713251181445736700, -1.322703665502703800 ) ) ;
#1608 = FACE_OUTER_BOUND ( 'NONE', #3610, .T. ) ;
#1609 = SPHERICAL_SURFACE ( 'NONE', #5264, 0.1000000000000000100 ) ;
#1610 = CARTESIAN_POINT ( 'NONE',  ( -9.505949683905630100, 6.906476714436559300, -20.19999999999999600 ) ) ;
#1611 = DIRECTION ( 'NONE',  ( 0.0000000000000000000, 0.0000000000000000000, -1.000000000000000000 ) ) ;
#1612 = CARTESIAN_POINT ( 'NONE',  ( 10.38173626660608100, -7.542772912224923400, -12.57500000273118200 ) ) ;
#1613 = CARTESIAN_POINT ( 'NONE',  ( -15.00000000000000000, 7.974960955909845800, -9.975644467433754800 ) ) ;
#1614 = CARTESIAN_POINT ( 'NONE',  ( -0.5466970453336776900, 16.99120720668851100, -9.992710358795278600 ) ) ;
#1615 = CARTESIAN_POINT ( 'NONE',  ( -7.930940783212169400, -10.91600350634071700, -12.82500000273118000 ) ) ;
#1616 = CARTESIAN_POINT ( 'NONE',  ( 10.38173626660608100, -7.542772912224923400, -12.57500000273118200 ) ) ;
#1617 = EDGE_CURVE ( 'NONE', #5221, #417, #4388, .T. ) ;
#1618 = ORIENTED_EDGE ( 'NONE', *, *, #231, .T. ) ;
#1619 = CARTESIAN_POINT ( 'NONE',  ( 12.83253174999999600, -4.169542318109129100, -14.22500000273117700 ) ) ;
#1620 = CYLINDRICAL_SURFACE ( 'NONE', #2757, 0.09999999999999931200 ) ;
#1621 = CARTESIAN_POINT ( 'NONE',  ( 14.39089449043628500, 9.050031604704646100, -10.08599657518955300 ) ) ;
#1622 = CARTESIAN_POINT ( 'NONE',  ( -0.6925794020438683600, -16.98589836832825000, -10.05650919409491800 ) ) ;
#1623 = DIRECTION ( 'NONE',  ( 0.4840179251382022400, -0.7666279140066973900, -0.4219102862110022900 ) ) ;
#1624 = FACE_OUTER_BOUND ( 'NONE', #547, .T. ) ;
#1625 = CARTESIAN_POINT ( 'NONE',  ( 15.00216551936860700, -7.966869883430595300, -9.980734852578978100 ) ) ;
#1626 = FACE_OUTER_BOUND ( 'NONE', #1370, .T. ) ;
#1627 = AXIS2_PLACEMENT_3D ( 'NONE', #2108, #4489, #3327 ) ;
#1628 = ORIENTED_EDGE ( 'NONE', *, *, #703, .F. ) ;
#1629 = CARTESIAN_POINT ( 'NONE',  ( 14.40651865993279100, -9.002900649291218500, -10.00000000000000000 ) ) ;
#1630 = DIRECTION ( 'NONE',  ( -1.000000000000000000, 0.0000000000000000000, 0.0000000000000000000 ) ) ;
#1631 = ORIENTED_EDGE ( 'NONE', *, *, #5295, .T. ) ;
#1632 = CIRCLE ( 'NONE', #4559, 0.09999999999999943700 ) ;
#1633 = CARTESIAN_POINT ( 'NONE',  ( -12.83253175000000100, -4.169542318109122000, -11.27500000273117900 ) ) ;
#1634 = DIRECTION ( 'NONE',  ( 0.3535533905932687300, 0.6123724356957989100, -0.7071067811865462400 ) ) ;
#1635 = CARTESIAN_POINT ( 'NONE',  ( 14.94935704202998200, -2.701011022860664300, -1.233473720333661600 ) ) ;
#1636 = CARTESIAN_POINT ( 'NONE',  ( 14.99999999999999500, 7.974959606124850000, -9.993233096986720900 ) ) ;
#1637 = VERTEX_POINT ( 'NONE', #3477 ) ;
#1638 = CARTESIAN_POINT ( 'NONE',  ( -12.83253174999999900, -4.169542318109122000, -11.27500000273117700 ) ) ;
#1639 = CIRCLE ( 'NONE', #4736, 0.09999999999999993600 ) ;
#1640 = CARTESIAN_POINT ( 'NONE',  ( -7.261899367811262900, 9.995146998136467800, -20.80000000546236500 ) ) ;
#1641 = CARTESIAN_POINT ( 'NONE',  ( 1.669799803794821400, -11.74436427631633600, -11.39214370871432500 ) ) ;
#1642 = DIRECTION ( 'NONE',  ( -0.8660254037844387100, -0.4999999999999999400, -4.876133965135207500E-015 ) ) ;
#1643 = DIRECTION ( 'NONE',  ( 0.0000000000000000000, -1.000000000000000000, 0.0000000000000000000 ) ) ;
#1644 = CARTESIAN_POINT ( 'NONE',  ( 9.505949683905630100, -6.906476714436561100, -11.70000000546236800 ) ) ;
#1645 = CARTESIAN_POINT ( 'NONE',  ( 0.6421413489632346000, 16.98789477458533500, -10.08601093817329000 ) ) ;
#1646 = CARTESIAN_POINT ( 'NONE',  ( 17.00000000000000000, 2.770003367575446500, -12.04142135623731700 ) ) ;
#1647 = CARTESIAN_POINT ( 'NONE',  ( -14.37911235306284200, -9.068759286315575700, -10.04861515701760600 ) ) ;
#1648 = CARTESIAN_POINT ( 'NONE',  ( 7.930940783212165900, -10.91600350634071700, -20.42500000273118100 ) ) ;
#1649 = ORIENTED_EDGE ( 'NONE', *, *, #2987, .T. ) ;
#1650 = DIRECTION ( 'NONE',  ( -1.000000000000000000, 0.0000000000000000000, 0.0000000000000000000 ) ) ;
#1651 = EDGE_CURVE ( 'NONE', #3166, #5031, #5151, .T. ) ;
#1652 = EDGE_LOOP ( 'NONE', ( #2199, #5479, #5060, #487 ) ) ;
#1653 = CARTESIAN_POINT ( 'NONE',  ( -10.38173626660608100, 7.542772912224922500, -21.32500000273118000 ) ) ;
#1654 = EDGE_CURVE ( 'NONE', #1471, #4969, #26, .T. ) ;
#1655 = ORIENTED_EDGE ( 'NONE', *, *, #3459, .T. ) ;
#1656 = CARTESIAN_POINT ( 'NONE',  ( -0.7037567805849787000, -16.94801430471913100, -10.02928932188138400 ) ) ;
#1657 = CARTESIAN_POINT ( 'NONE',  ( -14.94924935153272600, -2.700574979250889300, -1.256636672798437000 ) ) ;
#1658 = AXIS2_PLACEMENT_3D ( 'NONE', #4722, #5135, #1735 ) ;
#1659 = CYLINDRICAL_SURFACE ( 'NONE', #3948, 17.00000000000000000 ) ;
#1660 = DIRECTION ( 'NONE',  ( -0.0000000000000000000, -0.0000000000000000000, 1.000000000000000000 ) ) ;
#1661 = CARTESIAN_POINT ( 'NONE',  ( -2.269518105932784400E-015, -12.35468113479963900, -17.49999999999999300 ) ) ;
#1662 = ORIENTED_EDGE ( 'NONE', *, *, #2847, .F. ) ;
#1663 = CARTESIAN_POINT ( 'NONE',  ( -14.35651865993279600, 8.916298108912775100, -9.958578643762734800 ) ) ;
#1664 = CARTESIAN_POINT ( 'NONE',  ( -3.965470391606085600, -12.20446294140194800, -16.97500000273118200 ) ) ;
#1665 = CARTESIAN_POINT ( 'NONE',  ( 6.532049768607359800, 10.02672075298954900, -11.29934300905981600 ) ) ;
#1666 = CARTESIAN_POINT ( 'NONE',  ( -14.44146847448862800, -8.969057269320519100, -9.958578643762615800 ) ) ;
#1667 = SPHERICAL_SURFACE ( 'NONE', #1241, 0.1000000000000000100 ) ;
#1668 = CARTESIAN_POINT ( 'NONE',  ( 0.6925794020438719200, -16.98589836832825000, -10.05650919409475500 ) ) ;
#1669 = CARTESIAN_POINT ( 'NONE',  ( -11.74999999999998200, 3.817806430736676100, -16.60000000546236600 ) ) ;
#1670 = CARTESIAN_POINT ( 'NONE',  ( -7.312297067978387400, -15.40815247185544300, -12.04142135623731800 ) ) ;
#1671 = DIRECTION ( 'NONE',  ( 0.4999999999995084500, -0.8660254037847224800, 0.0000000000000000000 ) ) ;
#1672 = CARTESIAN_POINT ( 'NONE',  ( -7.261899367811265500, -9.995146998136466000, -12.20000000546236600 ) ) ;
#1673 = DIRECTION ( 'NONE',  ( -0.0000000000000000000, -0.0000000000000000000, 1.000000000000000000 ) ) ;
#1674 = CARTESIAN_POINT ( 'NONE',  ( -0.6015710519882479000, 16.97569139326747500, -9.980734852578946100 ) ) ;
#1675 = CARTESIAN_POINT ( 'NONE',  ( -7.930940783212167700, 10.91600350634071700, -15.67500000273117600 ) ) ;
#1676 = DIRECTION ( 'NONE',  ( 0.0000000000000000000, 0.0000000000000000000, 1.000000000000000000 ) ) ;
#1677 = VECTOR ( 'NONE', #4387, 1000.000000000000000 ) ;
#1678 = CARTESIAN_POINT ( 'NONE',  ( 2.587526690320545600, -12.22925613546788500, -10.99999999999999600 ) ) ;
#1679 = CARTESIAN_POINT ( 'NONE',  ( 3.630949683905629200, -11.17491406646805400, -15.90000000546236700 ) ) ;
#1680 = EDGE_CURVE ( 'NONE', #227, #4196, #4780, .T. ) ;
#1681 = CARTESIAN_POINT ( 'NONE',  ( 15.05650919409484200, 7.893157827856296800, -10.05650919409485400 ) ) ;
#1682 = CARTESIAN_POINT ( 'NONE',  ( 7.187838570580977300, -9.956883824549992200, -10.99999999999999800 ) ) ;
#1683 = FACE_OUTER_BOUND ( 'NONE', #2107, .T. ) ;
#1684 = EDGE_CURVE ( 'NONE', #2922, #3348, #595, .T. ) ;
#1685 = EDGE_LOOP ( 'NONE', ( #3821, #2238, #108 ) ) ;
#1686 = AXIS2_PLACEMENT_3D ( 'NONE', #928, #3938, #1369 ) ;
#1687 = CARTESIAN_POINT ( 'NONE',  ( -6.308073142705497500, 13.62080850089054500, -1.125359326319277400 ) ) ;
#1688 = CARTESIAN_POINT ( 'NONE',  ( -12.72969073964698900, 11.30057161737940800, -11.15142746775949500 ) ) ;
#1689 = CARTESIAN_POINT ( 'NONE',  ( -14.32553254129632400, -9.083478402431719400, -10.02928932188124600 ) ) ;
#1690 = CARTESIAN_POINT ( 'NONE',  ( -3.630949683905633200, -11.17491406646805200, -23.59999999999999400 ) ) ;
#1691 = CARTESIAN_POINT ( 'NONE',  ( 15.03045783297350400, -7.942695074564227300, -10.03788109651219100 ) ) ;
#1692 = EDGE_LOOP ( 'NONE', ( #5112, #1601, #56, #2076 ) ) ;
#1693 = CIRCLE ( 'NONE', #2407, 16.94999999999999900 ) ;
#1694 = AXIS2_PLACEMENT_3D ( 'NONE', #2907, #338, #3338 ) ;
#1695 = EDGE_LOOP ( 'NONE', ( #4321, #5115, #3899 ) ) ;
#1696 = CARTESIAN_POINT ( 'NONE',  ( 12.83253174999999900, 0.0000000000000000000, -14.37500000273118100 ) ) ;
#1697 = ORIENTED_EDGE ( 'NONE', *, *, #2745, .F. ) ;
#1698 = CARTESIAN_POINT ( 'NONE',  ( 0.0000000000000000000, 0.0000000000000000000, -23.00000000000000000 ) ) ;
#1699 = CARTESIAN_POINT ( 'NONE',  ( 9.687702932021601000, -14.03671125681548100, -12.04142135623731800 ) ) ;
#1700 = DIRECTION ( 'NONE',  ( 0.0000000000000000000, 0.0000000000000000000, -1.000000000000000000 ) ) ;
#1701 = CARTESIAN_POINT ( 'NONE',  ( -7.930940783212169400, -10.91600350634071700, -20.82500000273118000 ) ) ;
#1702 = DIRECTION ( 'NONE',  ( 1.000000000000000000, 0.0000000000000000000, 0.0000000000000000000 ) ) ;
#1703 = VERTEX_POINT ( 'NONE', #1856 ) ;
#1704 = DIRECTION ( 'NONE',  ( -0.0000000000000000000, -0.0000000000000000000, 1.000000000000000000 ) ) ;
#1705 = CARTESIAN_POINT ( 'NONE',  ( -6.042170904002965400, 15.94831515471777700, -11.83273152354577300 ) ) ;
#1706 = CARTESIAN_POINT ( 'NONE',  ( -15.00000000000000200, 7.974960814950757800, -2.367136103677473200 ) ) ;
#1707 = PRODUCT_DEFINITION_FORMATION_WITH_SPECIFIED_SOURCE ( 'ANY', '', #5171, .NOT_KNOWN. ) ;
#1708 = CARTESIAN_POINT ( 'NONE',  ( -7.261899367811262900, 9.995146998136467800, -22.29999999999999700 ) ) ;
#1709 = ORIENTED_EDGE ( 'NONE', *, *, #2400, .F. ) ;
#1710 = B_SPLINE_CURVE_WITH_KNOTS ( 'NONE', 3,
 ( #5490, #2517, #804, #3801, #1233, #4247, #1682, #4676 ),
 .UNSPECIFIED., .F., .F.,
 ( 4, 2, 2, 4 ),
 ( 0.007657623288768036100, 0.01048872277526892800, 0.01190427251851937400, 0.01331982226176981800 ),
 .UNSPECIFIED. ) ;
#1711 = CARTESIAN_POINT ( 'NONE',  ( 11.74999999999999800, 3.817806430736647700, -13.40000000546236700 ) ) ;
#1712 = VERTEX_POINT ( 'NONE', #1894 ) ;
#1713 = CARTESIAN_POINT ( 'NONE',  ( -9.505949683905631900, -6.906476714436556600, -18.30000000546236500 ) ) ;
#1714 = CARTESIAN_POINT ( 'NONE',  ( -11.74999999999999800, 3.817806430736650400, -14.09999999999999400 ) ) ;
#1715 = CARTESIAN_POINT ( 'NONE',  ( -7.930940783212169400, -10.91600350634071700, -13.07500000273117600 ) ) ;
#1716 = ORIENTED_EDGE ( 'NONE', *, *, #3641, .F. ) ;
#1717 = CARTESIAN_POINT ( 'NONE',  ( -12.83253175000000100, -4.169542318109122000, -21.27500000273117600 ) ) ;
#1718 = EDGE_CURVE ( 'NONE', #523, #585, #737, .T. ) ;
#1719 = CARTESIAN_POINT ( 'NONE',  ( -11.95869457977619100, 3.524164390283730500, -10.99999999999999100 ) ) ;
#1720 = DIRECTION ( 'NONE',  ( -0.8816568047340125300, 0.4718911724817613800, 0.0000000000000000000 ) ) ;
#1721 = CARTESIAN_POINT ( 'NONE',  ( 8.262032099739667100E-016, 13.49292237646318400, -15.62500000273117700 ) ) ;
#1722 = CARTESIAN_POINT ( 'NONE',  ( 14.42823727207095400, -8.990361402726820800, -9.958578643762786300 ) ) ;
#1723 = EDGE_LOOP ( 'NONE', ( #4217, #1573, #998, #3832, #2181, #1921, #3093, #2709, #1860, #3021 ) ) ;
#1724 =( BOUNDED_SURFACE ( )  B_SPLINE_SURFACE ( 3, 2, ( 
 ( #2106, #1310, #3955 ),
 ( #1124, #655, #3880 ),
 ( #4490, #4178, #4073 ),
 ( #2546, #4381, #5461 ),
 ( #4243, #4276, #1699 ),
 ( #912, #2402, #524 ),
 ( #433, #937, #675 ),
 ( #324, #5070, #4730 ),
 ( #1945, #493, #3895 ),
 ( #2727, #1668, #4869 ) ),
 .UNSPECIFIED., .F., .F., .F. ) 
 B_SPLINE_SURFACE_WITH_KNOTS ( ( 4, 2, 2, 2, 4 ),
 ( 3, 3 ),
 ( 2.657554577411180800, 2.899573615500493000, 3.141592653589805100, 3.383611691679117200, 3.625630729768429400 ),
 ( 0.0000000000000000000, 1.000000000000000000 ),
 .UNSPECIFIED. ) 
 GEOMETRIC_REPRESENTATION_ITEM ( )  RATIONAL_B_SPLINE_SURFACE ( (
 ( 1.000000000000000000, 0.9016308760050266700, 1.000000000000000000),
 ( 1.000000000000000000, 0.9089927772051607000, 1.000000000000000000),
 ( 1.000000000000000000, 0.9145641463635664200, 1.000000000000000000),
 ( 1.000000000000000000, 0.9220081538168790600, 1.000000000000000000),
 ( 1.000000000000000000, 0.9238795325112877400, 1.000000000000000000),
 ( 1.000000000000000000, 0.9238795325112877400, 1.000000000000000000),
 ( 1.000000000000000000, 0.9220081538160220800, 1.000000000000000000),
 ( 1.000000000000000000, 0.9145641463644216300, 1.000000000000000000),
 ( 1.000000000000000000, 0.9089927772045154300, 1.000000000000000000),
 ( 1.000000000000000000, 0.9016308760050242300, 1.000000000000000000) ) ) 
 REPRESENTATION_ITEM ( '' )  SURFACE ( )  );
#1725 = EDGE_CURVE ( 'NONE', #3206, #3058, #2930, .T. ) ;
#1726 = CARTESIAN_POINT ( 'NONE',  ( -15.00000000000000000, 3.368400061074313900, -1.362491459591826000 ) ) ;
#1727 = EDGE_LOOP ( 'NONE', ( #699, #2212, #4762, #2063 ) ) ;
#1728 = CARTESIAN_POINT ( 'NONE',  ( 11.74999999999999800, 0.0000000000000000000, -20.99999999999999300 ) ) ;
#1729 = AXIS2_PLACEMENT_3D ( 'NONE', #4817, #1413, #4415 ) ;
#1730 = CARTESIAN_POINT ( 'NONE',  ( -9.505949683905630100, 6.906476714436559300, -16.70000000546236800 ) ) ;
#1731 = LINE ( 'NONE', #676, #5002 ) ;
#1732 = CARTESIAN_POINT ( 'NONE',  ( -12.59378651895220500, 0.4392426709693594800, -11.00000000000000200 ) ) ;
#1733 = VECTOR ( 'NONE', #4668, 1000.000000000000000 ) ;
#1734 = CARTESIAN_POINT ( 'NONE',  ( -7.261899367811265500, -9.995146998136466000, -18.20000000546236400 ) ) ;
#1735 = DIRECTION ( 'NONE',  ( 1.000000000000000000, 0.0000000000000000000, 0.0000000000000000000 ) ) ;
#1736 = CARTESIAN_POINT ( 'NONE',  ( 9.500000000000008900, 1.224646799147353300E-015, -6.999999999999988500 ) ) ;
#1737 = EDGE_LOOP ( 'NONE', ( #356, #3080, #3950, #4755, #3361 ) ) ;
#1738 = CARTESIAN_POINT ( 'NONE',  ( -3.965470391606082900, 12.20446294140195000, -11.77500000273118100 ) ) ;
#1739 = DIRECTION ( 'NONE',  ( 0.0000000000000000000, 0.2628652485849394300, -0.9648325559838753000 ) ) ;
#1740 = CARTESIAN_POINT ( 'NONE',  ( -1.679733719980077300, 16.28800238293041900, -1.924652450116260500 ) ) ;
#1741 = CARTESIAN_POINT ( 'NONE',  ( 12.83253174999999600, 4.169542318109123800, -20.02500000273117600 ) ) ;
#1742 = CARTESIAN_POINT ( 'NONE',  ( 0.0000000000000000000, 0.0000000000000000000, -0.1000000000000000100 ) ) ;
#1743 = DIRECTION ( 'NONE',  ( 0.0000000000000000000, 0.0000000000000000000, -1.000000000000000000 ) ) ;
#1744 = CARTESIAN_POINT ( 'NONE',  ( -14.94999238856718500, -1.388070950517200200, -1.127142564810459400 ) ) ;
#1745 = CARTESIAN_POINT ( 'NONE',  ( -7.261899367811265500, -9.995146998136466000, -19.69999999999999900 ) ) ;
#1746 = VERTEX_POINT ( 'NONE', #1928 ) ;
#1747 = CARTESIAN_POINT ( 'NONE',  ( -0.5434813400671940600, -16.89125892386351400, -2.367136103677473200 ) ) ;
#1748 = VECTOR ( 'NONE', #5323, 1000.000000000000000 ) ;
#1749 = CARTESIAN_POINT ( 'NONE',  ( 10.90217875446232100, -4.646740995899397900, -21.08162212740465000 ) ) ;
#1750 = ORIENTED_EDGE ( 'NONE', *, *, #4826, .T. ) ;
#1751 = CARTESIAN_POINT ( 'NONE',  ( 12.83253174999999600, -4.169542318109129100, -10.47500000273117800 ) ) ;
#1752 = VECTOR ( 'NONE', #4721, 1000.000000000000000 ) ;
#1753 = CARTESIAN_POINT ( 'NONE',  ( -9.505949683905631900, -6.906476714436556600, -13.79999999999999500 ) ) ;
#1754 = CARTESIAN_POINT ( 'NONE',  ( 14.94984368591517100, 1.353927632803790400, -1.152500836228727200 ) ) ;
#1755 = EDGE_CURVE ( 'NONE', #2482, #1763, #3883, .T. ) ;
#1756 = CARTESIAN_POINT ( 'NONE',  ( -12.83253174999999900, -4.169542318109122000, -11.02500000273117900 ) ) ;
#1757 = EDGE_LOOP ( 'NONE', ( #13, #4169, #410, #5330 ) ) ;
#1758 = EDGE_CURVE ( 'NONE', #887, #3058, #2874, .T. ) ;
#1759 = LINE ( 'NONE', #538, #4033 ) ;
#1760 = AXIS2_PLACEMENT_3D ( 'NONE', #4580, #2019, #5001 ) ;
#1761 = ORIENTED_EDGE ( 'NONE', *, *, #3975, .F. ) ;
#1762 = CARTESIAN_POINT ( 'NONE',  ( -10.86850508107252500, 6.179192482262967800, -21.73874669524378700 ) ) ;
#1763 = VERTEX_POINT ( 'NONE', #2095 ) ;
#1764 = CARTESIAN_POINT ( 'NONE',  ( -3.630949683905630600, 11.17491406646805400, -18.39999999999999100 ) ) ;
#1765 = AXIS2_PLACEMENT_3D ( 'NONE', #3190, #5403, #690 ) ;
#1766 = VECTOR ( 'NONE', #2957, 1000.000000000000000 ) ;
#1767 = CARTESIAN_POINT ( 'NONE',  ( 7.565060353109282100E-016, 12.35468113479963900, -13.00000000546236700 ) ) ;
#1768 = CARTESIAN_POINT ( 'NONE',  ( -9.505949683905630100, 6.906476714436559300, -12.70000000546236600 ) ) ;
#1769 = ADVANCED_FACE ( 'NONE', ( #3420 ), #1151, .F. ) ;
#1770 = CARTESIAN_POINT ( 'NONE',  ( 0.6454501169203389300, 16.96386578447431500, -10.00985984045953000 ) ) ;
#1771 = CARTESIAN_POINT ( 'NONE',  ( 3.621069898024156200, -11.45279414798520500, -21.25510939144380300 ) ) ;
#1772 = CARTESIAN_POINT ( 'NONE',  ( -12.83253174999999900, -4.169542318109122000, -23.02500000273117900 ) ) ;
#1773 = CARTESIAN_POINT ( 'NONE',  ( 0.0000000000000000000, 0.0000000000000000000, -2.280533563299029300 ) ) ;
#1774 = ORIENTED_EDGE ( 'NONE', *, *, #3054, .T. ) ;
#1775 = CARTESIAN_POINT ( 'NONE',  ( 9.505949683905631900, 6.906476714436558400, -11.30000000546236500 ) ) ;
#1776 = CARTESIAN_POINT ( 'NONE',  ( 0.6723564796412088200, 16.98669881890782900, -10.09999999999999600 ) ) ;
#1777 = B_SPLINE_CURVE_WITH_KNOTS ( 'NONE', 3,
 ( #366, #3325, #1797, #3500, #4485, #1851, #1551, #2234, #4076, #3862 ),
 .UNSPECIFIED., .F., .F.,
 ( 4, 2, 2, 2, 4 ),
 ( 0.0000000000000000000, 0.004017804039636325300, 0.008035608079272652300, 0.01205341211890897900, 0.01607121615854530800 ),
 .UNSPECIFIED. ) ;
#1778 = CARTESIAN_POINT ( 'NONE',  ( 12.83253174999999900, 0.0000000000000000000, -10.12500000273118100 ) ) ;
#1779 = CARTESIAN_POINT ( 'NONE',  ( 0.0000000000000000000, 0.0000000000000000000, 0.0000000000000000000 ) ) ;
#1780 = CARTESIAN_POINT ( 'NONE',  ( -1.015598557966310700, 12.64721801865013400, -21.93453745847749700 ) ) ;
#1781 = ORIENTED_EDGE ( 'NONE', *, *, #2785, .F. ) ;
#1782 = CARTESIAN_POINT ( 'NONE',  ( 14.43148119123988100, -8.985149804100840900, -10.02281938474089400 ) ) ;
#1783 = CARTESIAN_POINT ( 'NONE',  ( 6.041280477675043100, 15.94941319285724600, -11.87563955296046800 ) ) ;
#1784 = CARTESIAN_POINT ( 'NONE',  ( 11.74999999999999800, -3.817806430736651700, -17.09999999999999400 ) ) ;
#1785 = CARTESIAN_POINT ( 'NONE',  ( 14.35651865993279800, 8.916298108912766200, -2.367136103677471400 ) ) ;
#1786 = VERTEX_POINT ( 'NONE', #4936 ) ;
#1787 = CARTESIAN_POINT ( 'NONE',  ( -6.295456842903515600, -10.45225787265954200, -21.42609571591423300 ) ) ;
#1788 = CARTESIAN_POINT ( 'NONE',  ( 13.27681480741935800, -9.592406703686515700, -1.928062839145342000 ) ) ;
#1789 = CARTESIAN_POINT ( 'NONE',  ( -12.50410826439622600, -2.421464673084000400, -11.00000000000000200 ) ) ;
#1790 = CARTESIAN_POINT ( 'NONE',  ( 3.965470391606083800, 12.20446294140194800, -21.72500000273118200 ) ) ;
#1791 = EDGE_CURVE ( 'NONE', #4520, #4425, #138, .T. ) ;
#1792 = DIRECTION ( 'NONE',  ( -4.775405918809082500E-014, 2.757081892714122100E-014, 1.000000000000000000 ) ) ;
#1793 = ORIENTED_EDGE ( 'NONE', *, *, #2046, .T. ) ;
#1794 = CARTESIAN_POINT ( 'NONE',  ( 6.012657764813666500, 10.35845970607166000, -11.28880091877052800 ) ) ;
#1795 = CARTESIAN_POINT ( 'NONE',  ( -6.926805478765206000, -13.32131506789950100, -1.212122123358819100 ) ) ;
#1796 = ADVANCED_FACE ( 'NONE', ( #5030 ), #2299, .T. ) ;
#1797 = CARTESIAN_POINT ( 'NONE',  ( 14.99999999999999600, 5.361810654298683000, -1.722641332112828000 ) ) ;
#1798 = AXIS2_PLACEMENT_3D ( 'NONE', #467, #488, #2192 ) ;
#1799 = CARTESIAN_POINT ( 'NONE',  ( 6.814080593656653300, 10.85582571697247700, -22.06385826105200800 ) ) ;
#1800 = CIRCLE ( 'NONE', #1430, 0.09999999999999939500 ) ;
#1801 = CARTESIAN_POINT ( 'NONE',  ( 3.965470391606081200, -12.20446294140195000, -22.52500000273117900 ) ) ;
#1802 = CARTESIAN_POINT ( 'NONE',  ( -9.505949683905631900, -6.906476714436556600, -15.79999999999999500 ) ) ;
#1803 = AXIS2_PLACEMENT_3D ( 'NONE', #4352, #1792, #4778 ) ;
#1804 = CARTESIAN_POINT ( 'NONE',  ( -16.83323723930655200, -2.742804231375137300, -11.87563955295802000 ) ) ;
#1805 = DIRECTION ( 'NONE',  ( -4.492093212603542900E-013, -0.9648325559839684400, 0.2628652485845984800 ) ) ;
#1806 = CARTESIAN_POINT ( 'NONE',  ( -12.28441579244761400, -1.568741328063771600, -21.60883984277944900 ) ) ;
#1807 = CARTESIAN_POINT ( 'NONE',  ( 8.686582335891898800, -12.30530742572421800, -1.182180405592573500 ) ) ;
#1808 = CARTESIAN_POINT ( 'NONE',  ( 7.930940783212165900, -10.91600350634071700, -20.42500000273118100 ) ) ;
#1809 = CARTESIAN_POINT ( 'NONE',  ( 7.982569163428217400, 8.856014216749116500, -11.33136655785292700 ) ) ;
#1810 = ORIENTED_EDGE ( 'NONE', *, *, #4408, .F. ) ;
#1811 = B_SPLINE_CURVE_WITH_KNOTS ( 'NONE', 3,
 ( #3019, #4262, #2174, #2749, #2075, #3663 ),
 .UNSPECIFIED., .F., .F.,
 ( 4, 2, 4 ),
 ( 1.666147490140628000E-017, 0.005030304319169710800, 0.01006060863833940600 ),
 .UNSPECIFIED. ) ;
#1812 = CIRCLE ( 'NONE', #3320, 0.1000000000000006300 ) ;
#1813 = CARTESIAN_POINT ( 'NONE',  ( 9.500000000000008900, 1.224646799147353300E-015, 22.28427124746190200 ) ) ;
#1814 = DIRECTION ( 'NONE',  ( 0.8660254037844389300, 0.4999999999999996100, -1.209557145013967000E-014 ) ) ;
#1815 = CARTESIAN_POINT ( 'NONE',  ( -14.99999999999904600, 7.974960814954476600, -9.970559123675190700 ) ) ;
#1816 = CARTESIAN_POINT ( 'NONE',  ( 0.6098995930360966400, -16.97346049261244600, -9.990624137873853200 ) ) ;
#1817 = DIRECTION ( 'NONE',  ( -0.0000000000000000000, -0.0000000000000000000, 1.000000000000000000 ) ) ;
#1818 = VECTOR ( 'NONE', #4539, 1000.000000000000000 ) ;
#1819 = CARTESIAN_POINT ( 'NONE',  ( -9.505949683905631900, -6.906476714436556600, -22.30000000546236500 ) ) ;
#1820 = CARTESIAN_POINT ( 'NONE',  ( 7.565060353109282100E-016, 12.35468113479963900, -14.49999999999999300 ) ) ;
#1821 = CARTESIAN_POINT ( 'NONE',  ( -15.66380898531128800, 6.657660836254565100, -10.66380898531129300 ) ) ;
#1822 = CARTESIAN_POINT ( 'NONE',  ( -11.75000000000000200, -3.817806430736646400, -14.40000000546236300 ) ) ;
#1823 = VERTEX_POINT ( 'NONE', #3766 ) ;
#1824 = ADVANCED_FACE ( 'NONE', ( #2434 ), #2293, .F. ) ;
#1825 = FACE_OUTER_BOUND ( 'NONE', #3446, .T. ) ;
#1826 = CARTESIAN_POINT ( 'NONE',  ( 2.871264343652637100, -15.66278283396635000, -1.718997585968008900 ) ) ;
#1827 = CARTESIAN_POINT ( 'NONE',  ( -12.83253174999999900, 1.571531893259428100E-015, -19.12500000273118100 ) ) ;
#1828 = EDGE_LOOP ( 'NONE', ( #825, #3921, #3501, #750 ) ) ;
#1829 = CARTESIAN_POINT ( 'NONE',  ( -14.37941603232475000, 9.029951309110112200, -10.00306845199184400 ) ) ;
#1830 = CIRCLE ( 'NONE', #5340, 17.00000000000000000 ) ;
#1831 = EDGE_CURVE ( 'NONE', #4632, #4419, #3558, .T. ) ;
#1832 = CARTESIAN_POINT ( 'NONE',  ( -12.83253174999999900, -4.169542318109122000, -15.02500000273117700 ) ) ;
#1833 = EDGE_CURVE ( 'NONE', #1637, #122, #3149, .T. ) ;
#1834 = CARTESIAN_POINT ( 'NONE',  ( 0.5934813400671999900, -16.97786146424195400, -10.00000000000000000 ) ) ;
#1835 = AXIS2_PLACEMENT_3D ( 'NONE', #774, #3769, #1206 ) ;
#1836 = CARTESIAN_POINT ( 'NONE',  ( -9.640441551148642300, 7.558067656411058300, -11.00000000000000000 ) ) ;
#1837 = CARTESIAN_POINT ( 'NONE',  ( 2.042861591905323200, 16.93245237570919300, -10.73451920674273900 ) ) ;
#1838 = CARTESIAN_POINT ( 'NONE',  ( -15.00000000000000200, -7.974960814950754300, -9.958578643762692200 ) ) ;
#1839 = CARTESIAN_POINT ( 'NONE',  ( 9.505949683905630100, -6.906476714436561100, -13.19999999999999400 ) ) ;
#1840 = CARTESIAN_POINT ( 'NONE',  ( -14.40626769437721000, 9.025520344732902000, -10.06870265263758100 ) ) ;
#1841 = CARTESIAN_POINT ( 'NONE',  ( -2.269518105932784400E-015, -12.35468113479963900, -16.00000000546236500 ) ) ;
#1842 = AXIS2_PLACEMENT_3D ( 'NONE', #1086, #4101, #1535 ) ;
#1843 = ORIENTED_EDGE ( 'NONE', *, *, #877, .T. ) ;
#1844 = CARTESIAN_POINT ( 'NONE',  ( 7.930940783212167700, 10.91600350634071700, -17.82500000273118000 ) ) ;
#1845 = ORIENTED_EDGE ( 'NONE', *, *, #4122, .T. ) ;
#1846 = CARTESIAN_POINT ( 'NONE',  ( 0.0000000000000000000, 0.0000000000000000000, -2.367136103677471400 ) ) ;
#1847 = CARTESIAN_POINT ( 'NONE',  ( 14.89999999999999900, -7.974960814950757800, -2.367136103677472700 ) ) ;
#1848 = ORIENTED_EDGE ( 'NONE', *, *, #587, .T. ) ;
#1849 = ADVANCED_FACE ( 'NONE', ( #872 ), #4912, .T. ) ;
#1850 = DIRECTION ( 'NONE',  ( 0.0000000000000000000, 0.0000000000000000000, -1.000000000000000000 ) ) ;
#1851 = CARTESIAN_POINT ( 'NONE',  ( 14.99999999999999500, -1.330313709013814200, -1.211252969019469800 ) ) ;
#1852 = VERTEX_POINT ( 'NONE', #3369 ) ;
#1853 = EDGE_LOOP ( 'NONE', ( #1845, #3741, #4827 ) ) ;
#1854 = CARTESIAN_POINT ( 'NONE',  ( 14.40592975087733800, 9.026060647253865800, -10.06922246954055000 ) ) ;
#1855 = CARTESIAN_POINT ( 'NONE',  ( 7.782358152714657300, 10.20337065374152600, -22.08253174999999800 ) ) ;
#1856 = CARTESIAN_POINT ( 'NONE',  ( 11.74999999999999800, 0.0000000000000000000, -19.50000000546236800 ) ) ;
#1857 = ORIENTED_EDGE ( 'NONE', *, *, #661, .F. ) ;
#1858 = CARTESIAN_POINT ( 'NONE',  ( -11.75000000000000200, -3.817806430736646400, -11.89999999999999300 ) ) ;
#1859 = CARTESIAN_POINT ( 'NONE',  ( -1.695488591810167900, -16.34161728080008700, -1.957152748358927500 ) ) ;
#1860 = ORIENTED_EDGE ( 'NONE', *, *, #5185, .T. ) ;
#1861 = CARTESIAN_POINT ( 'NONE',  ( 3.965470391606081200, -12.20446294140195000, -16.52500000273118300 ) ) ;
#1862 = EDGE_CURVE ( 'NONE', #1363, #4425, #66, .T. ) ;
#1863 = LINE ( 'NONE', #656, #5127 ) ;
#1864 = EDGE_CURVE ( 'NONE', #878, #2901, #5545, .T. ) ;
#1865 = FACE_OUTER_BOUND ( 'NONE', #3436, .T. ) ;
#1866 = DIRECTION ( 'NONE',  ( -2.003086131649544000E-016, 1.000000000000000000, 2.003086131649550600E-016 ) ) ;
#1867 = CARTESIAN_POINT ( 'NONE',  ( 7.565060353109282100E-016, 12.35468113479963900, -15.00000000546236700 ) ) ;
#1868 = CARTESIAN_POINT ( 'NONE',  ( -10.99999999999998800, 1.285879139104720000E-015, -5.999999999999995600 ) ) ;
#1869 = CARTESIAN_POINT ( 'NONE',  ( -10.38173626660608100, 7.542772912224922500, -21.32500000273118000 ) ) ;
#1870 = CIRCLE ( 'NONE', #3863, 8.013397459621554500 ) ;
#1871 = FACE_OUTER_BOUND ( 'NONE', #2286, .T. ) ;
#1872 = AXIS2_PLACEMENT_3D ( 'NONE', #91, #4854, #4413 ) ;
#1873 = CARTESIAN_POINT ( 'NONE',  ( -1.677373980570439500, 16.28936091845537200, -1.925392582448128400 ) ) ;
#1874 = CARTESIAN_POINT ( 'NONE',  ( -1.983358960689169900E-007, 11.74999999999999800, -20.99999999999999600 ) ) ;
#1875 = CARTESIAN_POINT ( 'NONE',  ( -6.324324435194828500, -13.61125131098964400, -1.151130145085302900 ) ) ;
#1876 = CARTESIAN_POINT ( 'NONE',  ( -10.38173626660608300, -7.542772912224919000, -12.92500000273118100 ) ) ;
#1877 = CARTESIAN_POINT ( 'NONE',  ( 7.930940783212167700, 10.91600350634071700, -24.07500000273117600 ) ) ;
#1878 = AXIS2_PLACEMENT_3D ( 'NONE', #4184, #1623, #4611 ) ;
#1879 = CARTESIAN_POINT ( 'NONE',  ( -6.316653249595847600, -13.67358662165708300, -1.239924261960664300 ) ) ;
#1880 = ADVANCED_FACE ( 'NONE', ( #3289 ), #2145, .T. ) ;
#1881 = CARTESIAN_POINT ( 'NONE',  ( 3.630949683905631900, 11.17491406646805200, -19.10000000546236600 ) ) ;
#1882 = CARTESIAN_POINT ( 'NONE',  ( -14.39899356721075700, -8.942677689116612400, -2.280533563299042700 ) ) ;
#1883 = CARTESIAN_POINT ( 'NONE',  ( 3.630949683905629200, -11.17491406646805400, -19.90000000546236700 ) ) ;
#1884 = ORIENTED_EDGE ( 'NONE', *, *, #263, .T. ) ;
#1885 = CARTESIAN_POINT ( 'NONE',  ( -12.83253174999999600, 4.169542318109126500, -15.22500000273117800 ) ) ;
#1886 = CARTESIAN_POINT ( 'NONE',  ( -10.38173626660608300, -7.542772912224919000, -21.17500000273117800 ) ) ;
#1887 = LINE ( 'NONE', #1276, #730 ) ;
#1888 = ORIENTED_EDGE ( 'NONE', *, *, #4621, .F. ) ;
#1889 = CARTESIAN_POINT ( 'NONE',  ( 12.83253174999999800, 4.169542318109123800, -20.02500000273117900 ) ) ;
#1890 = VECTOR ( 'NONE', #3562, 1000.000000000000100 ) ;
#1891 = CARTESIAN_POINT ( 'NONE',  ( 6.377175337619905600, 16.72345273632932100, -12.67152257745954500 ) ) ;
#1892 = CARTESIAN_POINT ( 'NONE',  ( -11.74999999999999800, 1.438959988998139800E-015, -18.50000000546236500 ) ) ;
#1893 = ORIENTED_EDGE ( 'NONE', *, *, #1136, .F. ) ;
#1894 = CARTESIAN_POINT ( 'NONE',  ( 8.013397459621554500, 1.113109701960608600E-015, -0.2732050807568876000 ) ) ;
#1895 = CARTESIAN_POINT ( 'NONE',  ( 3.965470391606081200, -12.20446294140195000, -22.77500000273117900 ) ) ;
#1896 = FACE_OUTER_BOUND ( 'NONE', #3148, .T. ) ;
#1897 =( BOUNDED_SURFACE ( )  B_SPLINE_SURFACE ( 3, 2, ( 
 ( #192, #308, #5113 ),
 ( #5140, #1397, #3038 ),
 ( #1501, #1372, #1134 ),
 ( #3963, #3354, #516 ),
 ( #5523, #5273, #5430 ),
 ( #5253, #5347, #2033 ),
 ( #3391, #742, #2451 ),
 ( #1687, #3087, #842 ),
 ( #857, #1264, #3421 ),
 ( #4884, #3856, #1284 ),
 ( #1740, #4725, #2160 ),
 ( #2964, #546, #4961 ) ),
 .UNSPECIFIED., .F., .F., .F. ) 
 B_SPLINE_SURFACE_WITH_KNOTS ( ( 4, 2, 2, 2, 2, 4 ),
 ( 3, 3 ),
 ( 0.004023013775063697000, 0.008040813100153164400, 0.01004971276269789700, 0.01205861242524263100, 0.01607641175033209700, 0.02009421107542156600 ),
 ( 0.0000000000000000000, 1.000000000000000000 ),
 .UNSPECIFIED. ) 
 GEOMETRIC_REPRESENTATION_ITEM ( )  RATIONAL_B_SPLINE_SURFACE ( (
 ( 1.000000000000000000, 0.8487721727197673500, 1.000000000000000000),
 ( 1.000000000000000000, 0.8534553053171084500, 1.000000000000000000),
 ( 1.000000000000000000, 0.8578087571916274100, 1.000000000000000000),
 ( 1.000000000000000000, 0.8625433721202383500, 1.000000000000000000),
 ( 1.000000000000000000, 0.8638187415907707700, 1.000000000000000000),
 ( 1.000000000000000000, 0.8655606458862052900, 1.000000000000000000),
 ( 1.000000000000000000, 0.8660213896680724100, 1.000000000000000000),
 ( 1.000000000000000000, 0.8660333517477857300, 1.000000000000000000),
 ( 1.000000000000000000, 0.8641863681252849300, 1.000000000000000000),
 ( 1.000000000000000000, 0.8578976765497677800, 1.000000000000000000),
 ( 1.000000000000000000, 0.8535037552698113700, 1.000000000000000000),
 ( 1.000000000000000000, 0.8487721727197672400, 1.000000000000000000) ) ) 
 REPRESENTATION_ITEM ( '' )  SURFACE ( )  );
#1898 = CARTESIAN_POINT ( 'NONE',  ( -13.26595698053150600, -9.598693264566794200, -1.924652450119079200 ) ) ;
#1899 = EDGE_CURVE ( 'NONE', #1267, #562, #4563, .T. ) ;
#1900 = CARTESIAN_POINT ( 'NONE',  ( -7.261899367811265500, -9.995146998136466000, -15.69999999999999200 ) ) ;
#1901 = SPHERICAL_SURFACE ( 'NONE', #1100, 0.1000000000000000100 ) ;
#1902 = CARTESIAN_POINT ( 'NONE',  ( 10.38173626660608300, 7.542772912224920700, -13.92500000273118000 ) ) ;
#1903 = CARTESIAN_POINT ( 'NONE',  ( 15.00000000000000000, -7.974960814950756000, -2.367136103677471000 ) ) ;
#1904 = ADVANCED_FACE ( 'NONE', ( #4440 ), #4438, .T. ) ;
#1905 = CARTESIAN_POINT ( 'NONE',  ( -3.965470391606085600, -12.20446294140194800, -18.72500000273118200 ) ) ;
#1906 = ORIENTED_EDGE ( 'NONE', *, *, #4402, .T. ) ;
#1907 = AXIS2_PLACEMENT_3D ( 'NONE', #3855, #2026, #4492 ) ;
#1908 = DIRECTION ( 'NONE',  ( -0.0000000000000000000, -0.0000000000000000000, 1.000000000000000000 ) ) ;
#1909 = CARTESIAN_POINT ( 'NONE',  ( -0.6034703976166006000, -16.97517989472372000, -9.982719379989388700 ) ) ;
#1910 = CARTESIAN_POINT ( 'NONE',  ( -0.5434813400671924000, -16.89125892386351400, -2.367136103677470100 ) ) ;
#1911 = DIRECTION ( 'NONE',  ( 3.674207820444272700E-014, 1.182187425425917900E-015, 1.000000000000000000 ) ) ;
#1912 = ORIENTED_EDGE ( 'NONE', *, *, #2856, .F. ) ;
#1913 = CARTESIAN_POINT ( 'NONE',  ( -12.83253174999999600, 4.169542318109126500, -21.47500000273117800 ) ) ;
#1914 = CARTESIAN_POINT ( 'NONE',  ( -13.75000000000000400, 0.0000000000000000000, -23.00000000000000000 ) ) ;
#1915 = CARTESIAN_POINT ( 'NONE',  ( -3.965470391606082900, 12.20446294140195000, -21.52500000273117900 ) ) ;
#1916 = ORIENTED_EDGE ( 'NONE', *, *, #4442, .T. ) ;
#1917 = CARTESIAN_POINT ( 'NONE',  ( -11.74999999999998200, 3.817806430736676100, -18.09999999999999400 ) ) ;
#1918 = CARTESIAN_POINT ( 'NONE',  ( -11.74999999999999800, 1.438959988998139800E-015, -19.99999999999999300 ) ) ;
#1919 = CARTESIAN_POINT ( 'NONE',  ( -2.478609629921899900E-015, -13.49292237646318400, -12.62500000273118100 ) ) ;
#1920 = CARTESIAN_POINT ( 'NONE',  ( -15.02928932188134500, 17.00000000000000000, -10.02928932188134700 ) ) ;
#1921 = ORIENTED_EDGE ( 'NONE', *, *, #2210, .T. ) ;
#1922 = CARTESIAN_POINT ( 'NONE',  ( 8.073194521234784200, -12.65944704563366200, -1.212122123358822600 ) ) ;
#1923 = CARTESIAN_POINT ( 'NONE',  ( -7.930940783212167700, 10.91600350634071900, -17.42500000273117400 ) ) ;
#1924 = ORIENTED_EDGE ( 'NONE', *, *, #4621, .T. ) ;
#1925 = CARTESIAN_POINT ( 'NONE',  ( 10.38173626660608300, 7.542772912224920700, -20.17500000273118100 ) ) ;
#1926 = DIRECTION ( 'NONE',  ( -0.0000000000000000000, -0.0000000000000000000, 1.000000000000000000 ) ) ;
#1927 = DIRECTION ( 'NONE',  ( 1.000000000000000000, 0.0000000000000000000, 1.734723475976817500E-014 ) ) ;
#1928 = CARTESIAN_POINT ( 'NONE',  ( 0.5466972059847716700, 16.99120720151951100, -2.367136103677473200 ) ) ;
#1929 = CARTESIAN_POINT ( 'NONE',  ( 10.38173626660608300, 7.542772912224920700, -20.17500000273118100 ) ) ;
#1930 =( BOUNDED_CURVE ( )  B_SPLINE_CURVE ( 2, ( #3088, #5439, #5235, #2456, #305, #2382, #3286, #2367, #3245, #1717, #1886, #2882, #181, #3176, #616, #3609, #1042, #4059, #1493, #4486, #1925, #4915, #2351, #5339, #2774, #206, #3192, #637, #3628, #1063, #4078, #1512, #4505, #1942, #4932, #2372, #5354, #2792, #223, #3216, #653, #3649, #1083, #4098, #1533, #4523, #1964, #4951, #2388, #5369, #2807, #242, #3230, #674, #3662, #1105, #4117, #1554, #4545, #1985, #4971, #2408, #5383, #2825, #255, #3250, #694, #3687, #1122, #4139, #1574, #4564, #2004, #4989, #2429, #5406, #2842, #273, #3269, #715, #3703, #1145, #4154, #1594, #4582, #2022, #5004, #2445, #5421, #2862, #287, #3292, #731, #3726, #1162, #4177, #1612, #4599, #2040, #5025, #2461, #5440, #2880, #306, #3309, #752, #3739, #1183, #4187, #1633, #4616, #2057, #5042 ),
 .UNSPECIFIED., .F., .T. ) 
 B_SPLINE_CURVE_WITH_KNOTS ( ( 3, 2, 2, 2, 2, 2, 2, 2, 2, 2, 2, 2, 2, 2, 2, 2, 2, 2, 2, 2, 2, 2, 2, 2, 2, 2, 2, 2, 2, 2, 2, 2, 2, 2, 2, 2, 2, 2, 2, 2, 2, 2, 2, 2, 2, 2, 2, 2, 2, 2, 2, 2, 2, 2, 2, 2, 3 ),
 ( 0.1637608266011757700, 0.1714285714285714300, 0.1857142857142857200, 0.2000000000000000100, 0.2142857142857142700, 0.2285714285714285600, 0.2428571428571428500, 0.2571428571428571200, 0.2714285714285714100, 0.2857142857142857000, 0.2999999999999999900, 0.3142857142857142800, 0.3285714285714285100, 0.3428571428571428600, 0.3571428571428571500, 0.3714285714285714400, 0.3857142857142857300, 0.4000000000000000200, 0.4142857142857142600, 0.4285714285714284900, 0.4428571428571428400, 0.4571428571428570700, 0.4714285714285714200, 0.4857142857142856500, 0.5000000000000000000, 0.5142857142857142300, 0.5285714285714285800, 0.5428571428571428200, 0.5571428571428571600, 0.5714285714285714000, 0.5857142857142857400, 0.5999999999999999800, 0.6142857142857143200, 0.6285714285714285600, 0.6428571428571430200, 0.6571428571428572500, 0.6714285714285713700, 0.6857142857142857200, 0.6999999999999999600, 0.7142857142857143000, 0.7285714285714285400, 0.7428571428571428800, 0.7571428571428571200, 0.7714285714285714600, 0.7857142857142857000, 0.8000000000000000400, 0.8142857142857142800, 0.8285714285714285100, 0.8428571428571428600, 0.8571428571428569800, 0.8714285714285714400, 0.8857142857142856800, 0.9000000000000001300, 0.9142857142857142600, 0.9285714285714286000, 0.9428571428571428400, 0.9552981728545371100 ),
 .UNSPECIFIED. ) 
 CURVE ( )  GEOMETRIC_REPRESENTATION_ITEM ( )  RATIONAL_B_SPLINE_CURVE ( ( 0.9756604040557881300, 0.9737299699191207500, 1.000000000000000000, 0.9510565162951535300, 1.000000000000000000, 0.9510565162951535300, 1.000000000000000000, 0.9510565162951535300, 1.000000000000000000, 0.9510565162951535300, 1.000000000000000000, 0.9510565162951535300, 1.000000000000000000, 0.9510565162951535300, 1.000000000000000000, 0.9510565162951535300, 1.000000000000000000, 0.9510565162951535300, 1.000000000000000000, 0.9510565162951535300, 1.000000000000000000, 0.9510565162951535300, 1.000000000000000000, 0.9510565162951535300, 1.000000000000000000, 0.9510565162951535300, 1.000000000000000000, 0.9510565162951535300, 1.000000000000000000, 0.9510565162951535300, 1.000000000000000000, 0.9510565162951535300, 1.000000000000000000, 0.9510565162951535300, 1.000000000000000000, 0.9510565162951535300, 1.000000000000000000, 0.9510565162951535300, 1.000000000000000000, 0.9510565162951535300, 1.000000000000000000, 0.9510565162951535300, 1.000000000000000000, 0.9510565162951535300, 1.000000000000000000, 0.9510565162951535300, 1.000000000000000000, 0.9510565162951535300, 1.000000000000000000, 0.9510565162951535300, 1.000000000000000000, 0.9510565162951535300, 1.000000000000000000, 0.9510565162951535300, 1.000000000000000000, 0.9510565162951535300, 1.000000000000000000, 0.9510565162951535300, 1.000000000000000000, 0.9510565162951535300, 1.000000000000000000, 0.9510565162951535300, 1.000000000000000000, 0.9510565162951535300, 1.000000000000000000, 0.9510565162951535300, 1.000000000000000000, 0.9510565162951535300, 1.000000000000000000, 0.9510565162951535300, 1.000000000000000000, 0.9510565162951535300, 1.000000000000000000, 0.9510565162951535300, 1.000000000000000000, 0.9510565162951535300, 1.000000000000000000, 0.9510565162951535300, 1.000000000000000000, 0.9510565162951535300, 1.000000000000000000, 0.9510565162951535300, 1.000000000000000000, 0.9510565162951535300, 1.000000000000000000, 0.9510565162951535300, 1.000000000000000000, 0.9510565162951535300, 1.000000000000000000, 0.9510565162951535300, 1.000000000000000000, 0.9510565162951535300, 1.000000000000000000, 0.9510565162951535300, 1.000000000000000000, 0.9510565162951535300, 1.000000000000000000, 0.9510565162951535300, 1.000000000000000000, 0.9510565162951535300, 1.000000000000000000, 0.9510565162951535300, 1.000000000000000000, 0.9510565162951535300, 1.000000000000000000, 0.9510565162951535300, 1.000000000000000000, 0.9510565162951535300, 1.000000000000000000, 0.9510565162951535300, 1.000000000000000000, 0.9573764855735716900, 0.9889922301674425300 ) ) 
 REPRESENTATION_ITEM ( '' )  );
#1931 = ADVANCED_FACE ( 'NONE', ( #2475 ), #1050, .F. ) ;
#1932 = CIRCLE ( 'NONE', #4269, 17.00000000000000000 ) ;
#1933 = CARTESIAN_POINT ( 'NONE',  ( 0.0000000000000000000, 0.0000000000000000000, 0.0000000000000000000 ) ) ;
#1934 = CARTESIAN_POINT ( 'NONE',  ( 11.74999999999998200, -3.817806430736677500, -19.09999999999999400 ) ) ;
#1935 = CARTESIAN_POINT ( 'NONE',  ( -10.38173626660608100, 7.542772912224922500, -11.32500000273118000 ) ) ;
#1936 = EDGE_CURVE ( 'NONE', #2972, #3174, #4312, .T. ) ;
#1937 = EDGE_CURVE ( 'NONE', #2972, #135, #449, .T. ) ;
#1938 = CARTESIAN_POINT ( 'NONE',  ( 14.94925432117232100, -2.693133228312529300, -1.255754741214816000 ) ) ;
#1939 = AXIS2_PLACEMENT_3D ( 'NONE', #5232, #2662, #101 ) ;
#1940 = CARTESIAN_POINT ( 'NONE',  ( 12.83253174999999900, 0.0000000000000000000, -16.12500000273118100 ) ) ;
#1941 = AXIS2_PLACEMENT_3D ( 'NONE', #567, #2496, #3487 ) ;
#1943 = VERTEX_POINT ( 'NONE', #364 ) ;
#1942 = CARTESIAN_POINT ( 'NONE',  ( -2.478609629921900300E-015, -13.49292237646318100, -18.87500000273118100 ) ) ;
#1944 = CARTESIAN_POINT ( 'NONE',  ( -4.127926316741643100, 11.41745434271435900, -11.11320611510575400 ) ) ;
#1945 = CARTESIAN_POINT ( 'NONE',  ( 2.066201078676591900, -16.89408691943837900, -10.66380898531424600 ) ) ;
#1946 = DIRECTION ( 'NONE',  ( -1.000000000000000000, -1.734723475976817500E-014, 0.0000000000000000000 ) ) ;
#1947 = CARTESIAN_POINT ( 'NONE',  ( 7.261899367811261100, -9.995146998136467800, -13.80000000546236500 ) ) ;
#1948 = DIRECTION ( 'NONE',  ( -0.0000000000000000000, -0.0000000000000000000, 1.000000000000000000 ) ) ;
#1949 = CARTESIAN_POINT ( 'NONE',  ( -0.5466972059847461400, -16.99120720151951500, -9.958578643762768600 ) ) ;
#1950 = CARTESIAN_POINT ( 'NONE',  ( -2.478609629921899900E-015, -13.49292237646318400, -18.87500000273118100 ) ) ;
#1951 = CARTESIAN_POINT ( 'NONE',  ( -12.83253174999999600, 4.169542318109126500, -23.47500000273117800 ) ) ;
#1952 = VERTEX_POINT ( 'NONE', #1838 ) ;
#1953 = FACE_OUTER_BOUND ( 'NONE', #394, .T. ) ;
#1954 = CARTESIAN_POINT ( 'NONE',  ( 16.97071067811865700, -1.363373913774191100, -11.97071067811866200 ) ) ;
#1955 = CARTESIAN_POINT ( 'NONE',  ( 8.677854157020656000, 12.31034664214459600, -1.213070974270559700 ) ) ;
#1956 = CARTESIAN_POINT ( 'NONE',  ( 14.99999999999999800, 5.370360591962797700, -1.724356344612613600 ) ) ;
#1957 = CARTESIAN_POINT ( 'NONE',  ( -3.630949683905630600, 11.17491406646805400, -16.90000000546236300 ) ) ;
#1958 = CIRCLE ( 'NONE', #4349, 0.09999999999999939500 ) ;
#1959 = ADVANCED_FACE ( 'NONE', ( #3671 ), #3911, .T. ) ;
#1960 = CARTESIAN_POINT ( 'NONE',  ( -7.930940783212169400, -10.91600350634071900, -14.82500000273117800 ) ) ;
#1961 = ORIENTED_EDGE ( 'NONE', *, *, #1465, .F. ) ;
#1962 = VERTEX_POINT ( 'NONE', #3780 ) ;
#1963 = CONICAL_SURFACE ( 'NONE', #4093, 13.75000000000000400, 0.7853981633974482800 ) ;
#1964 = CARTESIAN_POINT ( 'NONE',  ( -10.38173626660608100, 7.542772912224922500, -17.57500000273118000 ) ) ;
#1965 = CARTESIAN_POINT ( 'NONE',  ( 7.549999999999997200, -13.07698359714503100, -9.958578643762692200 ) ) ;
#1966 = CARTESIAN_POINT ( 'NONE',  ( 14.94999999999999800, 0.6768115567902951400, -1.125833024919771200 ) ) ;
#1967 = DIRECTION ( 'NONE',  ( 0.0000000000000000000, 0.0000000000000000000, -1.000000000000000000 ) ) ;
#1968 = ORIENTED_EDGE ( 'NONE', *, *, #3353, .T. ) ;
#1969 = DIRECTION ( 'NONE',  ( -0.8816568047337269800, -0.4718911724822949000, 3.035766082959393500E-014 ) ) ;
#1970 = CARTESIAN_POINT ( 'NONE',  ( -14.35766344740514100, -9.051607242151007400, -10.01658961717478200 ) ) ;
#1971 = CARTESIAN_POINT ( 'NONE',  ( -10.38173626660608100, 7.542772912224922500, -17.57500000273118000 ) ) ;
#1972 = CARTESIAN_POINT ( 'NONE',  ( 10.38173626660608300, 7.542772912224920700, -22.17500000273118100 ) ) ;
#1973 = EDGE_CURVE ( 'NONE', #3756, #2634, #1327, .T. ) ;
#1974 = CARTESIAN_POINT ( 'NONE',  ( -11.74999999999999800, 3.817806430736650400, -20.60000000546236300 ) ) ;
#1975 = EDGE_CURVE ( 'NONE', #1712, #2045, #2490, .T. ) ;
#1976 = CARTESIAN_POINT ( 'NONE',  ( 0.0000000000000000000, 0.0000000000000000000, -7.499999999999997300 ) ) ;
#1977 = ORIENTED_EDGE ( 'NONE', *, *, #2886, .T. ) ;
#1978 = CARTESIAN_POINT ( 'NONE',  ( 0.0000000000000000000, 0.0000000000000000000, -2.280533563299029300 ) ) ;
#1979 = CARTESIAN_POINT ( 'NONE',  ( 0.0000000000000000000, 0.0000000000000000000, 0.0000000000000000000 ) ) ;
#1980 = VERTEX_POINT ( 'NONE', #1107 ) ;
#1981 = CIRCLE ( 'NONE', #482, 13.02320508075688500 ) ;
#1982 = CARTESIAN_POINT ( 'NONE',  ( 11.74999999999999800, 0.0000000000000000000, -20.99999999999999300 ) ) ;
#1983 = CARTESIAN_POINT ( 'NONE',  ( -3.965470391606082900, 12.20446294140195000, -13.52500000273118100 ) ) ;
#1984 = VERTEX_POINT ( 'NONE', #575 ) ;
#1985 = CARTESIAN_POINT ( 'NONE',  ( 12.83253174999999800, 4.169542318109123800, -16.27500000273117900 ) ) ;
#1986 = ORIENTED_EDGE ( 'NONE', *, *, #2984, .F. ) ;
#1987 = CARTESIAN_POINT ( 'NONE',  ( -6.379345560682228500, -16.76080848384116700, -12.74223325557822400 ) ) ;
#1988 = DIRECTION ( 'NONE',  ( 0.0000000000000000000, 0.0000000000000000000, -1.000000000000000000 ) ) ;
#1989 = CARTESIAN_POINT ( 'NONE',  ( 7.930940783212167700, 10.91600350634071700, -11.82500000273118000 ) ) ;
#1990 = ORIENTED_EDGE ( 'NONE', *, *, #626, .T. ) ;
#1991 = CARTESIAN_POINT ( 'NONE',  ( 12.83253174999999600, 4.169542318109123800, -16.27500000273117900 ) ) ;
#1992 = CARTESIAN_POINT ( 'NONE',  ( -2.478609629921899900E-015, -13.49292237646318400, -20.87500000273118100 ) ) ;
#1993 = ADVANCED_FACE ( 'NONE', ( #2821 ), #1567, .F. ) ;
#1994 = ORIENTED_EDGE ( 'NONE', *, *, #4368, .T. ) ;
#1995 = ORIENTED_EDGE ( 'NONE', *, *, #3462, .T. ) ;
#1996 = CARTESIAN_POINT ( 'NONE',  ( 0.6723564796411870500, -16.98669881890782900, -10.09999999999987400 ) ) ;
#1997 = CARTESIAN_POINT ( 'NONE',  ( 0.5434813400672002800, -16.89125892386351400, -2.367136103677473200 ) ) ;
#1998 = EDGE_LOOP ( 'NONE', ( #5008, #2369 ) ) ;
#1999 = APPROVAL ( #275, 'UNSPECIFIED' ) ;
#2000 = CARTESIAN_POINT ( 'NONE',  ( 14.39426265917752600, -9.015142225152528600, -9.988629539007348500 ) ) ;
#2001 = CARTESIAN_POINT ( 'NONE',  ( 12.83253174999999800, -4.169542318109129100, -12.22500000273117800 ) ) ;
#2002 = FACE_OUTER_BOUND ( 'NONE', #1440, .T. ) ;
#2003 = VECTOR ( 'NONE', #4615, 1000.000000000000000 ) ;
#2004 = CARTESIAN_POINT ( 'NONE',  ( -3.965470391606085600, -12.20446294140194800, -14.97500000273118000 ) ) ;
#2005 = CARTESIAN_POINT ( 'NONE',  ( -15.04709094342989300, -7.911071617685562900, -10.09999999999996900 ) ) ;
#2006 = APPLICATION_PROTOCOL_DEFINITION ( 'international standard', 'config_control_design', 1994, #4569 ) ;
#2007 = CARTESIAN_POINT ( 'NONE',  ( 5.149163613092429900, 14.34763707756844300, -1.345525583416406400 ) ) ;
#2008 = FACE_OUTER_BOUND ( 'NONE', #1685, .T. ) ;
#2009 = CARTESIAN_POINT ( 'NONE',  ( -3.965470391606085600, -12.20446294140194800, -14.97500000273118000 ) ) ;
#2010 = EDGE_CURVE ( 'NONE', #2305, #2281, #1693, .T. ) ;
#2011 = COORDINATED_UNIVERSAL_TIME_OFFSET ( 2, 0, .AHEAD. ) ;
#2012 = CARTESIAN_POINT ( 'NONE',  ( -10.38173626660608100, 7.542772912224922500, -19.57500000273118000 ) ) ;
#2013 = CARTESIAN_POINT ( 'NONE',  ( 15.00987524478826700, 7.937963921023440500, -10.00306845199179800 ) ) ;
#2014 = CARTESIAN_POINT ( 'NONE',  ( 9.324688712697572200, 8.170785209381785200, -21.64260475303595800 ) ) ;
#2015 = EDGE_CURVE ( 'NONE', #562, #265, #4970, .T. ) ;
#2016 = DIRECTION ( 'NONE',  ( -0.8660254037844387100, -0.4999999999999999400, 0.0000000000000000000 ) ) ;
#2017 = ORIENTED_EDGE ( 'NONE', *, *, #1129, .F. ) ;
#2018 = AXIS2_PLACEMENT_3D ( 'NONE', #3103, #2262, #2693 ) ;
#2019 = DIRECTION ( 'NONE',  ( -0.0000000000000000000, -0.0000000000000000000, 1.000000000000000000 ) ) ;
#2020 = CARTESIAN_POINT ( 'NONE',  ( -11.86163950859456100, -4.896465999361847600, -10.99999999999999800 ) ) ;
#2021 = CIRCLE ( 'NONE', #4417, 12.50000000000000000 ) ;
#2022 = CARTESIAN_POINT ( 'NONE',  ( -7.930940783212167700, 10.91600350634071900, -13.67500000273117800 ) ) ;
#2023 = ORIENTED_EDGE ( 'NONE', *, *, #198, .F. ) ;
#2024 = CARTESIAN_POINT ( 'NONE',  ( -0.6772413775598301600, 16.95525394930374900, -10.02230133649408100 ) ) ;
#2025 = APPROVAL_ROLE ( '' ) ;
#2026 = DIRECTION ( 'NONE',  ( -0.0000000000000000000, -0.0000000000000000000, 1.000000000000000000 ) ) ;
#2027 = CARTESIAN_POINT ( 'NONE',  ( 0.5934813400671709000, 16.97786146424198600, -2.367136103677486500 ) ) ;
#2028 = CARTESIAN_POINT ( 'NONE',  ( -7.930940783212167700, 10.91600350634071700, -13.67500000273117800 ) ) ;
#2029 = CIRCLE ( 'NONE', #4346, 17.00000000000000000 ) ;
#2030 = CARTESIAN_POINT ( 'NONE',  ( 12.83253174999999600, 4.169542318109123800, -18.27500000273117900 ) ) ;
#2031 = ORIENTED_EDGE ( 'NONE', *, *, #5013, .F. ) ;
#2032 = CARTESIAN_POINT ( 'NONE',  ( -12.83253174999999900, -4.169542318109122000, -19.02500000273117600 ) ) ;
#2033 = CARTESIAN_POINT ( 'NONE',  ( -8.683346750404618700, 12.30717549187581400, -1.239924261961034400 ) ) ;
#2034 = CARTESIAN_POINT ( 'NONE',  ( -1.983358960689169900E-007, 11.74999999999999800, -20.99999999999999600 ) ) ;
#2035 = CARTESIAN_POINT ( 'NONE',  ( 10.76383000209088300, 13.19016026998395000, -11.80492887483975500 ) ) ;
#2036 = CARTESIAN_POINT ( 'NONE',  ( -15.00000000000000500, 1.330311466395094600, -1.211252887411598200 ) ) ;
#2037 = ORIENTED_EDGE ( 'NONE', *, *, #4402, .F. ) ;
#2038 = CARTESIAN_POINT ( 'NONE',  ( -11.74999999999999800, 1.438959988998139800E-015, -19.99999999999999300 ) ) ;
#2039 = ORIENTED_EDGE ( 'NONE', *, *, #5046, .T. ) ;
#2040 = CARTESIAN_POINT ( 'NONE',  ( 12.83253174999999900, 0.0000000000000000000, -12.37500000273118100 ) ) ;
#2041 = CARTESIAN_POINT ( 'NONE',  ( -15.00867001354150600, 7.983792755757037600, -10.00569375873982600 ) ) ;
#2042 = CARTESIAN_POINT ( 'NONE',  ( -0.5717627279290500300, 16.99040071080634500, -9.958578643762656700 ) ) ;
#2043 = CARTESIAN_POINT ( 'NONE',  ( -3.965470391606082900, 12.20446294140195000, -13.52500000273118100 ) ) ;
#2044 = CARTESIAN_POINT ( 'NONE',  ( 12.83253174999999900, 0.0000000000000000000, -12.37500000273118100 ) ) ;
#2045 = VERTEX_POINT ( 'NONE', #4318 ) ;
#2046 = EDGE_CURVE ( 'NONE', #3778, #5458, #2906, .T. ) ;
#2047 = EDGE_CURVE ( 'NONE', #1406, #5351, #5238, .T. ) ;
#2048 = CARTESIAN_POINT ( 'NONE',  ( 17.00000000000000000, -1.371441215039126600, -12.04142135623731700 ) ) ;
#2049 = CARTESIAN_POINT ( 'NONE',  ( -14.40651865993279500, 9.002900649291216700, -9.958578643762734800 ) ) ;
#2050 = AXIS2_PLACEMENT_3D ( 'NONE', #2054, #5040, #2473 ) ;
#2051 = CARTESIAN_POINT ( 'NONE',  ( 15.00000000000000000, -7.974960814950757800, -9.958578643762690400 ) ) ;
#2052 = ORIENTED_EDGE ( 'NONE', *, *, #3857, .F. ) ;
#2053 = AXIS2_PLACEMENT_3D ( 'NONE', #4967, #4256, #3264 ) ;
#2054 = CARTESIAN_POINT ( 'NONE',  ( -14.95857864376266400, 7.864535902287410200, -10.09999999999997100 ) ) ;
#2055 = CARTESIAN_POINT ( 'NONE',  ( 14.94999999999999800, 1.957440337456752300E-015, -1.125833024919771700 ) ) ;
#2056 = VERTEX_POINT ( 'NONE', #821 ) ;
#2057 = CARTESIAN_POINT ( 'NONE',  ( -8.261496295401883600, -10.46103287565070900, -11.08848768517671600 ) ) ;
#2058 = CARTESIAN_POINT ( 'NONE',  ( -9.505949683905630100, 6.906476714436559300, -10.70000000546236600 ) ) ;
#2059 = CARTESIAN_POINT ( 'NONE',  ( -15.02928932188113500, 7.864535902287495400, -10.02928932188183500 ) ) ;
#2060 = CARTESIAN_POINT ( 'NONE',  ( 14.94999999999999800, 1.957440337456752300E-015, -1.125833024919771700 ) ) ;
#2061 = CARTESIAN_POINT ( 'NONE',  ( 2.822968802124788700, -15.62968182462849300, -1.634299878238358000 ) ) ;
#2062 = CARTESIAN_POINT ( 'NONE',  ( -7.930940783212169400, -10.91600350634071700, -11.07500000273117800 ) ) ;
#2063 = ORIENTED_EDGE ( 'NONE', *, *, #505, .T. ) ;
#2064 = CIRCLE ( 'NONE', #4984, 0.09999999999999892300 ) ;
#2065 = CARTESIAN_POINT ( 'NONE',  ( 0.6677091293143013800, -11.77919245200581200, -11.45661102734254500 ) ) ;
#2066 = CARTESIAN_POINT ( 'NONE',  ( 11.74999999999999800, 0.0000000000000000000, -24.99999999999999300 ) ) ;
#2067 = CARTESIAN_POINT ( 'NONE',  ( 0.5934813400672005500, -16.97786146424195400, -9.958578643762596300 ) ) ;
#2068 = CARTESIAN_POINT ( 'NONE',  ( -11.74999999999999800, 3.817806430736650400, -12.60000000546236400 ) ) ;
#2069 = CARTESIAN_POINT ( 'NONE',  ( 11.74999999999999800, 2.085423823319706300E-007, -11.50000000000000700 ) ) ;
#2070 = CARTESIAN_POINT ( 'NONE',  ( -12.61121593216750500, -24.60159698893449200, -10.00000000000000000 ) ) ;
#2071 = CARTESIAN_POINT ( 'NONE',  ( -0.5934813400672128700, 16.97786146424195400, -2.367136103677471000 ) ) ;
#2072 = CARTESIAN_POINT ( 'NONE',  ( -14.36342907450077500, -9.045875041893717500, -10.01385529897077100 ) ) ;
#2073 = CARTESIAN_POINT ( 'NONE',  ( 10.38173626660608100, -7.542772912224923400, -20.32500000273118000 ) ) ;
#2074 = EDGE_CURVE ( 'NONE', #227, #556, #254, .T. ) ;
#2075 = CARTESIAN_POINT ( 'NONE',  ( 12.48863911390252900, 3.394052910041286200, -22.08253174999991200 ) ) ;
#2076 = ORIENTED_EDGE ( 'NONE', *, *, #4695, .F. ) ;
#2077 = CARTESIAN_POINT ( 'NONE',  ( -2.066201078679646800, -16.89408691943149100, -10.66380898530994500 ) ) ;
#2078 = CARTESIAN_POINT ( 'NONE',  ( -14.94718655192347300, -5.370477198952620800, -1.634151802535211500 ) ) ;
#2079 = ORIENTED_EDGE ( 'NONE', *, *, #5074, .T. ) ;
#2080 = CARTESIAN_POINT ( 'NONE',  ( 11.74999999999999800, 0.0000000000000000000, -18.99999999999999600 ) ) ;
#2081 = CYLINDRICAL_SURFACE ( 'NONE', #1106, 12.50000000000000000 ) ;
#2082 = CARTESIAN_POINT ( 'NONE',  ( 14.39899356721074900, -8.942677689116630200, -2.280533563299040900 ) ) ;
#2083 = DIRECTION ( 'NONE',  ( -1.000000000000000000, -1.734723475976817500E-014, 0.0000000000000000000 ) ) ;
#2084 = DIRECTION ( 'NONE',  ( 0.0000000000000000000, 1.000000000000000000, 0.0000000000000000000 ) ) ;
#2085 = ORIENTED_EDGE ( 'NONE', *, *, #3246, .T. ) ;
#2086 = CARTESIAN_POINT ( 'NONE',  ( 3.965470391606081200, -12.20446294140195000, -16.77500000273118300 ) ) ;
#2087 = CONICAL_SURFACE ( 'NONE', #4067, 8.000000000000000000, 0.5235987755983002600 ) ;
#2088 = CARTESIAN_POINT ( 'NONE',  ( 12.12421711213379200, 10.25960360904524800, -1.634299878238358600 ) ) ;
#2089 = CARTESIAN_POINT ( 'NONE',  ( -9.505949683905631900, -6.906476714436556600, -17.79999999999999400 ) ) ;
#2090 = CARTESIAN_POINT ( 'NONE',  ( 0.0000000000000000000, 0.0000000000000000000, -11.50000000000000500 ) ) ;
#2091 = CARTESIAN_POINT ( 'NONE',  ( 3.965470391606081200, -12.20446294140195000, -20.52500000273118300 ) ) ;
#2092 = ORIENTED_EDGE ( 'NONE', *, *, #1973, .F. ) ;
#2093 = DIRECTION ( 'NONE',  ( 0.8355695038803134800, -0.4824162779919417000, -0.2628652485849131700 ) ) ;
#2094 = LINE ( 'NONE', #5138, #4371 ) ;
#2095 = CARTESIAN_POINT ( 'NONE',  ( 14.44146847448861400, 8.969057269320533300, -2.367136103677471400 ) ) ;
#2096 = CARTESIAN_POINT ( 'NONE',  ( -9.684809034009820300, -14.03838204961195600, -12.00000000000001100 ) ) ;
#2097 = ORIENTED_EDGE ( 'NONE', *, *, #3672, .T. ) ;
#2098 = CARTESIAN_POINT ( 'NONE',  ( 7.261899367811263800, 9.995146998136467800, -24.69999999999998900 ) ) ;
#2099 =( BOUNDED_CURVE ( )  B_SPLINE_CURVE ( 2, ( #4576, #4150, #5416, #2855, #280, #3285, #725, #3718, #1156, #4167, #1606 ),
 .UNSPECIFIED., .F., .F. ) 
 B_SPLINE_CURVE_WITH_KNOTS ( ( 3, 2, 2, 2, 2, 3 ),
 ( 0.8571428571428571000, 0.8714285714285714400, 0.8857142857142856800, 0.8999999999999999100, 0.9142857142857141500, 0.9285714285714284900 ),
 .UNSPECIFIED. ) 
 CURVE ( )  GEOMETRIC_REPRESENTATION_ITEM ( )  RATIONAL_B_SPLINE_CURVE ( ( 1.000000000000000000, 0.9510565162951535300, 1.000000000000000000, 0.9510565162951535300, 1.000000000000000000, 0.9510565162951535300, 1.000000000000000000, 0.9510565162951535300, 1.000000000000000000, 0.9510565162951538600, 0.9999999999999996700 ) ) 
 REPRESENTATION_ITEM ( '' )  );
#2100 = B_SPLINE_CURVE_WITH_KNOTS ( 'NONE', 3,
 ( #3985, #966, #4414, #1854, #4837, #2276 ),
 .UNSPECIFIED., .F., .F.,
 ( 4, 2, 4 ),
 ( 0.0000000000000000000, 0.0001009656817895242300, 0.0002019313635790484600 ),
 .UNSPECIFIED. ) ;
#2101 = DIRECTION ( 'NONE',  ( 0.0000000000000000000, 0.0000000000000000000, -1.000000000000000000 ) ) ;
#2102 = CARTESIAN_POINT ( 'NONE',  ( 0.5717627279290589100, 16.99040071080634800, -9.958578643762722400 ) ) ;
#2103 = CARTESIAN_POINT ( 'NONE',  ( -0.5934813400672125400, 16.97786146424195400, -9.958578643762656700 ) ) ;
#2104 = DIRECTION ( 'NONE',  ( -1.000000000000000000, 0.0000000000000000000, 0.0000000000000000000 ) ) ;
#2105 = CARTESIAN_POINT ( 'NONE',  ( -12.83253174999999600, 4.169542318109126500, -15.47500000273117700 ) ) ;
#2106 = CARTESIAN_POINT ( 'NONE',  ( 14.32553254129632800, -9.083478402431719400, -10.02928932188141100 ) ) ;
#2107 = EDGE_LOOP ( 'NONE', ( #3315, #3552, #5073, #4448 ) ) ;
#2108 = CARTESIAN_POINT ( 'NONE',  ( 14.99999999999999800, 3.004629197474315700E-015, -10.00000000000000000 ) ) ;
#2109 = CARTESIAN_POINT ( 'NONE',  ( -0.6723564796412065900, 16.98669881890782900, -10.09999999999993900 ) ) ;
#2110 = CARTESIAN_POINT ( 'NONE',  ( 9.505949683905630100, -6.906476714436561100, -15.70000000546236600 ) ) ;
#2111 = CARTESIAN_POINT ( 'NONE',  ( -12.83253174999999900, 1.571531893259428100E-015, -11.12500000273117900 ) ) ;
#2112 = ORIENTED_EDGE ( 'NONE', *, *, #507, .F. ) ;
#2113 = EDGE_CURVE ( 'NONE', #2972, #523, #4693, .T. ) ;
#2114 = CARTESIAN_POINT ( 'NONE',  ( 12.83253174999999600, 4.169542318109123800, -22.02500000273117600 ) ) ;
#2115 = EDGE_CURVE ( 'NONE', #1763, #2281, #4772, .T. ) ;
#2116 = CARTESIAN_POINT ( 'NONE',  ( -12.76944981124046000, 11.30583931093288400, -11.22213814587882700 ) ) ;
#2117 = ORIENTED_EDGE ( 'NONE', *, *, #3014, .F. ) ;
#2118 = CARTESIAN_POINT ( 'NONE',  ( -14.37473446378869500, -9.075627201222271600, -10.09999999999990000 ) ) ;
#2119 = CARTESIAN_POINT ( 'NONE',  ( 3.630949683905629200, -11.17491406646805400, -23.39999999999999500 ) ) ;
#2120 = AXIS2_PLACEMENT_3D ( 'NONE', #1566, #4554, #4128 ) ;
#2121 = CARTESIAN_POINT ( 'NONE',  ( 15.00439777325195900, -7.958541704979178500, -9.990624137873954400 ) ) ;
#2122 = CARTESIAN_POINT ( 'NONE',  ( -15.02928932188131500, -7.864535902287412000, -10.02928932188131500 ) ) ;
#2123 = ORIENTED_EDGE ( 'NONE', *, *, #2819, .T. ) ;
#2124 = CARTESIAN_POINT ( 'NONE',  ( 0.5934813400672120900, 16.97786146424196100, -9.958578643762720600 ) ) ;
#2125 = CARTESIAN_POINT ( 'NONE',  ( 11.75000000000001600, 3.817806430736622400, -14.89999999999999300 ) ) ;
#2126 = CARTESIAN_POINT ( 'NONE',  ( 10.38173626660608300, 7.542772912224920700, -14.17500000273118000 ) ) ;
#2127 = DIRECTION ( 'NONE',  ( -1.000000000000000000, 0.0000000000000000000, 0.0000000000000000000 ) ) ;
#2128 = AXIS2_PLACEMENT_3D ( 'NONE', #2776, #2373, #4491 ) ;
#2129 = CARTESIAN_POINT ( 'NONE',  ( -14.90000000000000200, -7.974960814950754300, 0.0000000000000000000 ) ) ;
#2130 = CARTESIAN_POINT ( 'NONE',  ( -14.44146847448861200, 8.969057269320538600, -9.958578643762733100 ) ) ;
#2131 = VECTOR ( 'NONE', #3119, 1000.000000000000000 ) ;
#2132 = FACE_OUTER_BOUND ( 'NONE', #3969, .T. ) ;
#2133 =( BOUNDED_CURVE ( )  B_SPLINE_CURVE ( 3, ( #3601, #2820, #3502, #773 ),
 .UNSPECIFIED., .F., .F. ) 
 B_SPLINE_CURVE_WITH_KNOTS ( ( 4, 4 ),
 ( 2.657554577411169700, 3.625630729768416900 ),
 .UNSPECIFIED. ) 
 CURVE ( )  GEOMETRIC_REPRESENTATION_ITEM ( )  RATIONAL_B_SPLINE_CURVE ( ( 1.000000000000000000, 0.9234153311148980400, 0.9234153311148980400, 1.000000000000000000 ) ) 
 REPRESENTATION_ITEM ( '' )  );
#2134 = CARTESIAN_POINT ( 'NONE',  ( -3.421736728114037200, 16.67452137154222000, -11.15142746775909900 ) ) ;
#2135 = CARTESIAN_POINT ( 'NONE',  ( -14.90000000000000200, -7.974960814950809300, -2.367136103677487800 ) ) ;
#2136 = PERSON_AND_ORGANIZATION ( #2658, #1528 ) ;
#2137 = CARTESIAN_POINT ( 'NONE',  ( -11.74999999999999800, 3.817806430736650400, -22.09999999999999100 ) ) ;
#2138 = CARTESIAN_POINT ( 'NONE',  ( -14.35651865993280500, -8.916298108912757300, 0.0000000000000000000 ) ) ;
#2139 = CARTESIAN_POINT ( 'NONE',  ( 12.83253174999999600, -4.169542318109129100, -16.22500000273117800 ) ) ;
#2140 = CARTESIAN_POINT ( 'NONE',  ( -2.478609629921899900E-015, -13.49292237646318400, -12.87500000273117900 ) ) ;
#2141 = CARTESIAN_POINT ( 'NONE',  ( -12.22023830438007900, 2.629786262068060800, -10.99999999999999600 ) ) ;
#2142 = ORIENTED_EDGE ( 'NONE', *, *, #4410, .T. ) ;
#2143 = CARTESIAN_POINT ( 'NONE',  ( 14.37473446378873200, 9.075627201222211200, -10.10000000000062700 ) ) ;
#2144 = EDGE_CURVE ( 'NONE', #4708, #4047, #2683, .T. ) ;
#2145 = CYLINDRICAL_SURFACE ( 'NONE', #5084, 17.00000000000000000 ) ;
#2146 = EDGE_CURVE ( 'NONE', #4266, #1519, #3540, .T. ) ;
#2147 = ORIENTED_EDGE ( 'NONE', *, *, #3533, .F. ) ;
#2148 = AXIS2_PLACEMENT_3D ( 'NONE', #2942, #794, #373 ) ;
#2149 = DIRECTION ( 'NONE',  ( 1.000000000000000000, 0.0000000000000000000, 0.0000000000000000000 ) ) ;
#2150 = CARTESIAN_POINT ( 'NONE',  ( -15.00000000000000200, 2.684248093520093600, -1.342357433485521700 ) ) ;
#2151 = FACE_OUTER_BOUND ( 'NONE', #458, .T. ) ;
#2152 = CARTESIAN_POINT ( 'NONE',  ( 9.505949683905631900, 6.906476714436558400, -20.79999999999999400 ) ) ;
#2153 = ORIENTED_EDGE ( 'NONE', *, *, #4553, .T. ) ;
#2154 = ORIENTED_EDGE ( 'NONE', *, *, #3014, .T. ) ;
#2155 = CARTESIAN_POINT ( 'NONE',  ( -14.37473446378870500, -9.075627201222255600, -10.09999999999989500 ) ) ;
#2156 = CARTESIAN_POINT ( 'NONE',  ( 12.25000000000000000, 0.0000000000000000000, -10.99999999999999600 ) ) ;
#2157 = CARTESIAN_POINT ( 'NONE',  ( 14.99999999999999600, 7.974960814950764900, -9.958578643762686900 ) ) ;
#2158 = CARTESIAN_POINT ( 'NONE',  ( -10.38173626660608100, 7.542772912224922500, -11.57500000273118000 ) ) ;
#2159 = CARTESIAN_POINT ( 'NONE',  ( -0.4899480094314033800, 12.08149868205816100, -11.17467921679893700 ) ) ;
#2160 = CARTESIAN_POINT ( 'NONE',  ( -1.724728775096499700, 16.32473545310772400, -2.011252316784522400 ) ) ;
#2161 = CARTESIAN_POINT ( 'NONE',  ( 7.261899367811263800, 9.995146998136467800, -23.20000000546236100 ) ) ;
#2162 = ORIENTED_EDGE ( 'NONE', *, *, #1236, .T. ) ;
#2163 = CARTESIAN_POINT ( 'NONE',  ( -15.00000000000000000, -2.733940584636447300, -1.266498382348615800 ) ) ;
#2164 = CARTESIAN_POINT ( 'NONE',  ( -2.269518105932784400E-015, -12.35468113479963900, -19.49999999999998600 ) ) ;
#2165 = ORIENTED_EDGE ( 'NONE', *, *, #1302, .F. ) ;
#2166 = DIRECTION ( 'NONE',  ( -0.03215865917557347900, -0.9994827765599712000, 9.540979117872364600E-014 ) ) ;
#2167 = ORIENTED_EDGE ( 'NONE', *, *, #263, .F. ) ;
#2168 = CARTESIAN_POINT ( 'NONE',  ( 10.20082167882818800, -6.060152935451873700, -21.10857823886047400 ) ) ;
#2169 = ORIENTED_EDGE ( 'NONE', *, *, #806, .T. ) ;
#2170 = CARTESIAN_POINT ( 'NONE',  ( 12.83253174999999900, 0.0000000000000000000, -24.12500000273118100 ) ) ;
#2171 = ORIENTED_EDGE ( 'NONE', *, *, #1651, .T. ) ;
#2172 = EDGE_CURVE ( 'NONE', #5221, #3166, #5530, .T. ) ;
#2173 = CARTESIAN_POINT ( 'NONE',  ( -3.630949683905633200, -11.17491406646805200, -13.59999999999999400 ) ) ;
#2174 = CARTESIAN_POINT ( 'NONE',  ( 10.24608214825880200, 7.905695694255412900, -22.08253174999998700 ) ) ;
#2175 = DIRECTION ( 'NONE',  ( -1.000000000000000000, 0.0000000000000000000, 0.0000000000000000000 ) ) ;
#2176 = CARTESIAN_POINT ( 'NONE',  ( -10.38173626660608100, 7.542772912224922500, -23.32500000273118300 ) ) ;
#2177 = ADVANCED_FACE ( 'NONE', ( #4293 ), #5283, .F. ) ;
#2178 = ORIENTED_EDGE ( 'NONE', *, *, #2249, .T. ) ;
#2179 = ORIENTED_EDGE ( 'NONE', *, *, #4828, .F. ) ;
#2180 = CARTESIAN_POINT ( 'NONE',  ( -9.926466295681802200, 7.646013114203858800, -21.76620613958987600 ) ) ;
#2181 = ORIENTED_EDGE ( 'NONE', *, *, #2400, .T. ) ;
#2182 = CARTESIAN_POINT ( 'NONE',  ( -9.505949683905630100, 6.906476714436559300, -18.19999999999999600 ) ) ;
#2183 = CARTESIAN_POINT ( 'NONE',  ( -7.261899367811262900, 9.995146998136467800, -12.80000000546236400 ) ) ;
#2184 = CALENDAR_DATE ( 2018, 9, 8 ) ;
#2185 = DATE_AND_TIME ( #30, #5451 ) ;
#2186 = CARTESIAN_POINT ( 'NONE',  ( 2.099567992719152600, -11.86608859211828600, -21.28119587916535900 ) ) ;
#2187 = CARTESIAN_POINT ( 'NONE',  ( -14.99708653001006000, 8.005496762007251000, -10.02286673850738900 ) ) ;
#2188 = ORIENTED_EDGE ( 'NONE', *, *, #2987, .F. ) ;
#2189 = CARTESIAN_POINT ( 'NONE',  ( -7.930940783212169400, -10.91600350634071700, -22.82500000273118000 ) ) ;
#2190 = CIRCLE ( 'NONE', #1468, 12.97320508075688600 ) ;
#2191 = CARTESIAN_POINT ( 'NONE',  ( -14.32553254129633100, -9.083478402431705200, -10.02928932188123700 ) ) ;
#2192 = DIRECTION ( 'NONE',  ( 1.000000000000000000, 0.0000000000000000000, 0.0000000000000000000 ) ) ;
#2193 = B_SPLINE_CURVE_WITH_KNOTS ( 'NONE', 3,
 ( #282, #1157, #3735, #1177, #4185, #1625, #4612, #2051 ),
 .UNSPECIFIED., .F., .F.,
 ( 4, 2, 2, 4 ),
 ( 0.0000000000000000000, 7.031028170263757200E-005, 0.0001054654225539552500, 0.0001406205634052729500 ),
 .UNSPECIFIED. ) ;
#2194 = DIRECTION ( 'NONE',  ( 0.0000000000000000000, 1.000000000000000000, 0.0000000000000000000 ) ) ;
#2195 = DIRECTION ( 'NONE',  ( -0.0000000000000000000, -0.0000000000000000000, -1.000000000000000000 ) ) ;
#2196 = CARTESIAN_POINT ( 'NONE',  ( 0.1480835890940777600, 12.71584090784379300, -21.95336040113804200 ) ) ;
#2197 = CARTESIAN_POINT ( 'NONE',  ( 14.44146847448860900, -8.969057269320545700, -9.958578643762788100 ) ) ;
#2198 = CARTESIAN_POINT ( 'NONE',  ( 11.74999999999999800, 3.817806430736647700, -16.89999999999998800 ) ) ;
#2199 = ORIENTED_EDGE ( 'NONE', *, *, #5395, .T. ) ;
#2200 = DIRECTION ( 'NONE',  ( 0.0000000000000000000, -1.000000000000000000, 2.168404344971022100E-014 ) ) ;
#2201 = CARTESIAN_POINT ( 'NONE',  ( 7.565060353109282100E-016, 12.35468113479963900, -17.00000000546236500 ) ) ;
#2202 = ADVANCED_FACE ( 'NONE', ( #988 ), #2993, .T. ) ;
#2203 = CARTESIAN_POINT ( 'NONE',  ( -7.602157658224639300, -9.553631853622791300, -21.45277696726127200 ) ) ;
#2204 = CARTESIAN_POINT ( 'NONE',  ( 13.28611331189768500, -9.649766978580782300, -2.014663173715029100 ) ) ;
#2205 = FACE_OUTER_BOUND ( 'NONE', #4793, .T. ) ;
#2206 = CARTESIAN_POINT ( 'NONE',  ( -3.965470391606082900, 12.20446294140195000, -21.52500000273117900 ) ) ;
#2207 = LINE ( 'NONE', #746, #1062 ) ;
#2208 = PLANE ( 'NONE',  #3217 ) ;
#2209 = CARTESIAN_POINT ( 'NONE',  ( 0.5934813400672005500, -16.97786146424195400, -9.958578643762596300 ) ) ;
#2210 = EDGE_CURVE ( 'NONE', #283, #5223, #860, .T. ) ;
#2211 = CARTESIAN_POINT ( 'NONE',  ( -9.835329055383969200, -11.64207819799429300, -1.320849608619178800 ) ) ;
#2212 = ORIENTED_EDGE ( 'NONE', *, *, #195, .F. ) ;
#2213 = EDGE_CURVE ( 'NONE', #4662, #89, #2021, .T. ) ;
#2214 = AXIS2_PLACEMENT_3D ( 'NONE', #77, #3435, #2646 ) ;
#2215 = ORIENTED_EDGE ( 'NONE', *, *, #2500, .F. ) ;
#2216 = CARTESIAN_POINT ( 'NONE',  ( -15.02928932188131800, 7.864535902287412000, -10.02928932188131800 ) ) ;
#2217 = CARTESIAN_POINT ( 'NONE',  ( 7.548269427765069000, 10.37606904240911200, -22.07788289135286100 ) ) ;
#2218 = CARTESIAN_POINT ( 'NONE',  ( 0.6925794020437501300, -16.98589836832825400, -10.05650919409528800 ) ) ;
#2219 = CARTESIAN_POINT ( 'NONE',  ( -3.965470391606082900, 12.20446294140195000, -23.52500000273117900 ) ) ;
#2220 = CARTESIAN_POINT ( 'NONE',  ( -3.630949683905633200, -11.17491406646805200, -15.59999999999999400 ) ) ;
#2221 = AXIS2_PLACEMENT_3D ( 'NONE', #1111, #4527, #678 ) ;
#2222 = FACE_OUTER_BOUND ( 'NONE', #407, .T. ) ;
#2223 = CARTESIAN_POINT ( 'NONE',  ( -17.00000000000000000, -1.368099629446878800, -12.00000000000000400 ) ) ;
#2224 = EDGE_LOOP ( 'NONE', ( #5278, #2154 ) ) ;
#2225 = CARTESIAN_POINT ( 'NONE',  ( -11.74999999999998200, 3.817806430736676100, -14.60000000546237000 ) ) ;
#2226 =( BOUNDED_CURVE ( )  B_SPLINE_CURVE ( 2, ( #4878, #4898, #3181, #620, #3612, #1045, #4063 ),
 .UNSPECIFIED., .F., .T. ) 
 B_SPLINE_CURVE_WITH_KNOTS ( ( 3, 2, 2, 3 ),
 ( 0.9285714285714284900, 0.9428571428571427300, 0.9571428571428571800, 0.9642857142857135200 ),
 .UNSPECIFIED. ) 
 CURVE ( )  GEOMETRIC_REPRESENTATION_ITEM ( )  RATIONAL_B_SPLINE_CURVE ( ( 1.000000000000000400, 0.9510565162951532000, 1.000000000000000000, 0.9510565162951535300, 1.000000000000000000, 0.9755282581475794900, 0.9755282581475768200 ) ) 
 REPRESENTATION_ITEM ( '' )  );
#2227 = CARTESIAN_POINT ( 'NONE',  ( -12.38397459621556300, 1.516599484997752100E-015, -21.63397459621555500 ) ) ;
#2228 = CARTESIAN_POINT ( 'NONE',  ( 8.070288465978675800, -12.60338822487974600, -1.126072266247634800 ) ) ;
#2229 = CARTESIAN_POINT ( 'NONE',  ( 12.83253174999999600, -4.169542318109129100, -20.22500000273117800 ) ) ;
#2230 = DIRECTION ( 'NONE',  ( -1.000000000000000000, 0.0000000000000000000, 0.0000000000000000000 ) ) ;
#2231 = B_SPLINE_CURVE_WITH_KNOTS ( 'NONE', 3,
 ( #885, #952, #1840, #4820, #2266, #5250 ),
 .UNSPECIFIED., .F., .F.,
 ( 4, 2, 4 ),
 ( 0.0000000000000000000, 9.968444671895715700E-005, 0.0001993688934379143100 ),
 .UNSPECIFIED. ) ;
#2232 = CARTESIAN_POINT ( 'NONE',  ( -3.630949683905630600, 11.17491406646805400, -14.90000000546236700 ) ) ;
#2233 = ADVANCED_FACE ( 'NONE', ( #3268 ), #4021, .F. ) ;
#2234 = CARTESIAN_POINT ( 'NONE',  ( 15.00000000000000000, -5.352138695233335900, -1.720145960896779700 ) ) ;
#2235 = VERTEX_POINT ( 'NONE', #543 ) ;
#2236 = CARTESIAN_POINT ( 'NONE',  ( 14.98816568047337400, -8.022149932198987100, 0.0000000000000000000 ) ) ;
#2237 = CARTESIAN_POINT ( 'NONE',  ( -11.74999999999999800, 1.438959988998139800E-015, -14.50000000546236500 ) ) ;
#2238 = ORIENTED_EDGE ( 'NONE', *, *, #297, .T. ) ;
#2239 = CARTESIAN_POINT ( 'NONE',  ( 0.5654246001103101500, -16.99061146883008200, -10.02266954127320300 ) ) ;
#2240 = CARTESIAN_POINT ( 'NONE',  ( 12.14296795174230900, 10.30976225999014200, -1.660896675380192800 ) ) ;
#2241 = CARTESIAN_POINT ( 'NONE',  ( -7.261899367811262900, 9.995146998136467800, -14.29999999999999200 ) ) ;
#2242 = ORIENTED_EDGE ( 'NONE', *, *, #4227, .F. ) ;
#2243 = CARTESIAN_POINT ( 'NONE',  ( -15.68536470168683500, 6.697056152849374800, -10.73451920674237500 ) ) ;
#2244 = VERTEX_POINT ( 'NONE', #1049 ) ;
#2245 = CARTESIAN_POINT ( 'NONE',  ( 0.0000000000000000000, 0.0000000000000000000, -10.99999999999999600 ) ) ;
#2246 = CARTESIAN_POINT ( 'NONE',  ( -12.50000000000000000, 1.530808498934191500E-015, 0.0000000000000000000 ) ) ;
#2247 = CARTESIAN_POINT ( 'NONE',  ( 1.706224990972046600, -16.33541861785047500, -1.953787348531591700 ) ) ;
#2248 = CARTESIAN_POINT ( 'NONE',  ( -10.38173626660608300, -7.542772912224919000, -18.92500000273118100 ) ) ;
#2249 = EDGE_CURVE ( 'NONE', #3033, #4235, #1887, .T. ) ;
#2250 = ORIENTED_EDGE ( 'NONE', *, *, #5107, .F. ) ;
#2251 = EDGE_CURVE ( 'NONE', #1269, #3811, #4163, .T. ) ;
#2252 = CARTESIAN_POINT ( 'NONE',  ( -14.39426265917752600, 9.015142225152532200, -9.988629539007291700 ) ) ;
#2253 = ORIENTED_EDGE ( 'NONE', *, *, #1937, .F. ) ;
#2254 = DIRECTION ( 'NONE',  ( -0.0000000000000000000, -0.0000000000000000000, 1.000000000000000000 ) ) ;
#2255 = DIRECTION ( 'NONE',  ( 1.000000000000000000, 0.0000000000000000000, 0.0000000000000000000 ) ) ;
#2256 = AXIS2_PLACEMENT_3D ( 'NONE', #3960, #1390, #4390 ) ;
#2257 = FACE_OUTER_BOUND ( 'NONE', #4123, .T. ) ;
#2258 = CARTESIAN_POINT ( 'NONE',  ( 0.5434813400672141600, 16.89125892386351400, -2.367136103677473200 ) ) ;
#2259 = AXIS2_PLACEMENT_3D ( 'NONE', #4896, #1908, #4470 ) ;
#2260 = CARTESIAN_POINT ( 'NONE',  ( -15.00267222144989700, -7.964969252593981300, -9.982719379989315900 ) ) ;
#2261 = DIRECTION ( 'NONE',  ( -0.0000000000000000000, -0.0000000000000000000, 1.000000000000000000 ) ) ;
#2262 = DIRECTION ( 'NONE',  ( -0.0000000000000000000, -0.0000000000000000000, 1.000000000000000000 ) ) ;
#2263 = CIRCLE ( 'NONE', #3463, 0.09999999999999939500 ) ;
#2264 = CARTESIAN_POINT ( 'NONE',  ( 11.74999999999999800, 0.0000000000000000000, -23.50000000546236800 ) ) ;
#2265 = CARTESIAN_POINT ( 'NONE',  ( 11.74999999999999800, 0.0000000000000000000, -12.99999999999999500 ) ) ;
#2266 = CARTESIAN_POINT ( 'NONE',  ( -14.44146847448860900, 8.969057269320538600, -9.992252546374173100 ) ) ;
#2267 = ORIENTED_EDGE ( 'NONE', *, *, #2917, .F. ) ;
#2268 = ADVANCED_FACE ( 'NONE', ( #5144 ), #633, .T. ) ;
#2269 = CARTESIAN_POINT ( 'NONE',  ( 3.965470391606083800, 12.20446294140194800, -15.72500000273117800 ) ) ;
#2270 = CARTESIAN_POINT ( 'NONE',  ( 15.00000000000000000, -7.974960814950757800, -9.958578643762690400 ) ) ;
#2271 = CARTESIAN_POINT ( 'NONE',  ( 8.262032099739667100E-016, 13.49292237646318400, -17.62500000273117700 ) ) ;
#2272 = CARTESIAN_POINT ( 'NONE',  ( 0.0000000000000000000, 0.0000000000000000000, -2.367136103677472700 ) ) ;
#2273 = B_SPLINE_CURVE_WITH_KNOTS ( 'NONE', 3,
 ( #1215, #4650, #2088, #5069, #2512, #5485, #2926, #361, #3365, #798, #3797, #1228 ),
 .UNSPECIFIED., .F., .F.,
 ( 4, 2, 2, 2, 2, 4 ),
 ( 0.0000000000000000000, 0.004061428428104035500, 0.008122856856208070900, 0.01015357107026009100, 0.01218428528431211000, 0.01624571371241614200 ),
 .UNSPECIFIED. ) ;
#2274 = CC_DESIGN_APPROVAL ( #1999, ( #1707 ) ) ;
#2275 = VERTEX_POINT ( 'NONE', #5174 ) ;
#2276 = CARTESIAN_POINT ( 'NONE',  ( 14.37473446378869300, 9.075627201222273400, -10.09999999999995900 ) ) ;
#2277 = CARTESIAN_POINT ( 'NONE',  ( -14.39899356721075700, -8.942677689116612400, -2.280533563299042700 ) ) ;
#2278 = VECTOR ( 'NONE', #4433, 1000.000000000000000 ) ;
#2279 = CARTESIAN_POINT ( 'NONE',  ( -7.261899367811265500, -9.995146998136466000, -11.69999999999999000 ) ) ;
#2280 = CARTESIAN_POINT ( 'NONE',  ( -2.805015615693295900, -15.64002315975015700, -1.638251263168830400 ) ) ;
#2281 = VERTEX_POINT ( 'NONE', #3419 ) ;
#2282 = FACE_OUTER_BOUND ( 'NONE', #4310, .T. ) ;
#2283 = EDGE_CURVE ( 'NONE', #220, #4047, #588, .T. ) ;
#2284 = CARTESIAN_POINT ( 'NONE',  ( 15.02928932188134300, -7.864535902287415500, -10.02928932188134500 ) ) ;
#2285 = CARTESIAN_POINT ( 'NONE',  ( 10.38173626660608100, -7.542772912224923400, -16.32500000273118000 ) ) ;
#2286 = EDGE_LOOP ( 'NONE', ( #1323, #1234 ) ) ;
#2287 = CARTESIAN_POINT ( 'NONE',  ( -10.27194960087631500, -7.872606979719535000, -10.99999999999999100 ) ) ;
#2288 = LINE ( 'NONE', #1263, #1144 ) ;
#2289 = PRODUCT_DEFINITION_SHAPE ( 'NONE', 'NONE',  #250 ) ;
#2290 = EDGE_CURVE ( 'NONE', #3705, #3374, #5024, .T. ) ;
#2291 = ADVANCED_FACE ( 'NONE', ( #3132 ), #1620, .F. ) ;
#2292 = CARTESIAN_POINT ( 'NONE',  ( -12.83253174999999900, 1.571531893259428100E-015, -21.12500000273118100 ) ) ;
#2293 = CONICAL_SURFACE ( 'NONE', #1941, 10.49999999999999500, 0.7853981633974430600 ) ;
#2294 = AXIS2_PLACEMENT_3D ( 'NONE', #1536, #4526, #1969 ) ;
#2295 = CARTESIAN_POINT ( 'NONE',  ( -7.261899367811262900, 9.995146998136467800, -20.80000000546236900 ) ) ;
#2296 = CARTESIAN_POINT ( 'NONE',  ( -4.570079980339819800, -14.62287924620891600, -1.331757101211241700 ) ) ;
#2297 = CARTESIAN_POINT ( 'NONE',  ( 12.83253174999999600, 4.169542318109123800, -18.02500000273117200 ) ) ;
#2298 = CARTESIAN_POINT ( 'NONE',  ( 8.262032099739667100E-016, 13.49292237646318400, -23.87500000273117400 ) ) ;
#2299 =( BOUNDED_SURFACE ( )  B_SPLINE_SURFACE ( 3, 2, ( 
 ( #4534, #2794, #1949 ),
 ( #5506, #4401, #1518 ),
 ( #3219, #3653, #2393 ),
 ( #4955, #4102, #2375 ) ),
 .UNSPECIFIED., .F., .F., .F. ) 
 B_SPLINE_SURFACE_WITH_KNOTS ( ( 4, 4 ),
 ( 3, 3 ),
 ( 0.0002667430622044907500, 0.0004638894166354463500 ),
 ( 0.0000000000000000000, 1.000000000000000000 ),
 .UNSPECIFIED. ) 
 GEOMETRIC_REPRESENTATION_ITEM ( )  RATIONAL_B_SPLINE_SURFACE ( (
 ( 1.000000000000000000, 0.9699630933014225000, 1.000000000000000000),
 ( 1.000000000000000000, 0.9687131023552706400, 1.000000000000000000),
 ( 1.000000000000000000, 0.9339354041470999700, 1.000000000000000000),
 ( 1.000000000000000000, 0.9016308760050617500, 1.000000000000000000) ) ) 
 REPRESENTATION_ITEM ( '' )  SURFACE ( )  );
#2300 = CARTESIAN_POINT ( 'NONE',  ( -6.905371781171980100, -13.33368981897471900, -1.154939245623671300 ) ) ;
#2301 = CARTESIAN_POINT ( 'NONE',  ( -2.478609629921899900E-015, -13.49292237646318400, -22.62500000273117400 ) ) ;
#2302 = CARTESIAN_POINT ( 'NONE',  ( 15.04709094342989900, -7.911071617685555800, -10.09999999999997300 ) ) ;
#2303 = CARTESIAN_POINT ( 'NONE',  ( 9.505949683905630100, -6.906476714436561100, -19.70000000546236400 ) ) ;
#2304 = CARTESIAN_POINT ( 'NONE',  ( -12.83253174999999900, -4.169542318109122000, -15.02500000273117700 ) ) ;
#2305 = VERTEX_POINT ( 'NONE', #1496 ) ;
#2306 = CARTESIAN_POINT ( 'NONE',  ( -3.715318909874259400, -12.24368079278036300, -10.99999999999998900 ) ) ;
#2307 = CARTESIAN_POINT ( 'NONE',  ( 7.930940783212167700, 10.91600350634071900, -19.82500000273118000 ) ) ;
#2308 = ORIENTED_EDGE ( 'NONE', *, *, #2630, .F. ) ;
#2309 = DIRECTION ( 'NONE',  ( -1.000000000000000000, 0.0000000000000000000, 0.0000000000000000000 ) ) ;
#2310 = CARTESIAN_POINT ( 'NONE',  ( -9.505949683905631900, -6.906476714436556600, -18.30000000546236500 ) ) ;
#2311 = CARTESIAN_POINT ( 'NONE',  ( 5.143363110995212900, 14.35098599901618300, -1.287548502070763500 ) ) ;
#2312 = EDGE_LOOP ( 'NONE', ( #2426, #1884, #4378, #88 ) ) ;
#2313 = CARTESIAN_POINT ( 'NONE',  ( 10.38173626660608100, -7.542772912224923400, -22.57500000273118000 ) ) ;
#2314 = CARTESIAN_POINT ( 'NONE',  ( -13.27527122490401200, -9.656026660425146300, -2.011252316782401500 ) ) ;
#2315 = ADVANCED_FACE ( 'NONE', ( #2868, #3877 ), #641, .T. ) ;
#2316 = DIRECTION ( 'NONE',  ( -0.0000000000000000000, -0.0000000000000000000, 1.000000000000000000 ) ) ;
#2317 = ORIENTED_EDGE ( 'NONE', *, *, #2401, .T. ) ;
#2318 = CARTESIAN_POINT ( 'NONE',  ( -2.269518105932784400E-015, -12.35468113479963900, -15.49999999999999300 ) ) ;
#2319 = CARTESIAN_POINT ( 'NONE',  ( 3.965470391606083800, 12.20446294140194800, -13.72500000273117800 ) ) ;
#2320 = EDGE_CURVE ( 'NONE', #5190, #1786, #4888, .T. ) ;
#2321 = CIRCLE ( 'NONE', #2918, 12.50000000000000000 ) ;
#2322 = EDGE_CURVE ( 'NONE', #5390, #3105, #1930, .T. ) ;
#2323 = CIRCLE ( 'NONE', #5528, 0.09999999999999942300 ) ;
#2324 = CARTESIAN_POINT ( 'NONE',  ( -12.13625972843116700, 10.31363525452383600, -1.720690003328688900 ) ) ;
#2325 = DIRECTION ( 'NONE',  ( 1.000000000000000000, 0.0000000000000000000, 0.0000000000000000000 ) ) ;
#2326 = CARTESIAN_POINT ( 'NONE',  ( 3.965470391606081200, -12.20446294140195000, -18.52500000273117900 ) ) ;
#2327 = FACE_OUTER_BOUND ( 'NONE', #3169, .T. ) ;
#2328 = AXIS2_PLACEMENT_3D ( 'NONE', #5548, #5119, #1296 ) ;
#2329 = DIRECTION ( 'NONE',  ( -0.0000000000000000000, -0.0000000000000000000, 1.000000000000000000 ) ) ;
#2330 = CARTESIAN_POINT ( 'NONE',  ( 11.74999999999999800, 0.0000000000000000000, -14.99999999999999500 ) ) ;
#2331 = CARTESIAN_POINT ( 'NONE',  ( -0.6172061631523635400, -16.97148436249673500, -9.993617826836608500 ) ) ;
#2332 = CARTESIAN_POINT ( 'NONE',  ( 12.50000000000000000, 0.0000000000000000000, -10.99999999999999600 ) ) ;
#2333 = CARTESIAN_POINT ( 'NONE',  ( 14.44146847448860900, -8.969057269320545700, 0.0000000000000000000 ) ) ;
#2334 = DIRECTION ( 'NONE',  ( 1.000000000000000000, 0.0000000000000000000, -3.469446951953614200E-014 ) ) ;
#2335 = CARTESIAN_POINT ( 'NONE',  ( -12.83253174999999900, -4.169542318109122000, -21.27500000273117200 ) ) ;
#2336 = AXIS2_PLACEMENT_3D ( 'NONE', #5472, #2916, #348 ) ;
#2337 = CARTESIAN_POINT ( 'NONE',  ( 7.261899367811263800, 9.995146998136467800, -19.20000000546236400 ) ) ;
#2338 = CARTESIAN_POINT ( 'NONE',  ( 13.59760790663550600, 10.23642608317987700, -10.66380898531316000 ) ) ;
#2339 =( BOUNDED_CURVE ( )  B_SPLINE_CURVE ( 3, ( #819, #5513, #3416, #854 ),
 .UNSPECIFIED., .F., .T. ) 
 B_SPLINE_CURVE_WITH_KNOTS ( ( 4, 4 ),
 ( 3.141592653589793100, 3.625630729768417400 ),
 .UNSPECIFIED. ) 
 CURVE ( )  GEOMETRIC_REPRESENTATION_ITEM ( )  RATIONAL_B_SPLINE_CURVE ( ( 1.000000000000000000, 0.9805707097901814600, 0.9805707097901814600, 1.000000000000000000 ) ) 
 REPRESENTATION_ITEM ( '' )  );
#2340 = CARTESIAN_POINT ( 'NONE',  ( -3.965470391606082900, 12.20446294140195000, -19.52500000273117900 ) ) ;
#2341 = CARTESIAN_POINT ( 'NONE',  ( -0.4999999999999917800, 0.0000000000000000000, -6.999999999999988500 ) ) ;
#2342 = EDGE_LOOP ( 'NONE', ( #3304, #2995, #1193, #622 ) ) ;
#2343 = CARTESIAN_POINT ( 'NONE',  ( 7.930940783212165900, -10.91600350634071700, -12.42500000273117800 ) ) ;
#2344 = CARTESIAN_POINT ( 'NONE',  ( 15.00000000000000000, -6.682762959015959400, -2.015081325242432400 ) ) ;
#2345 = CARTESIAN_POINT ( 'NONE',  ( 9.505949683905631900, 6.906476714436558400, -13.30000000546236500 ) ) ;
#2346 = CARTESIAN_POINT ( 'NONE',  ( 9.827608303013688500, -11.64653577645362500, -1.342771886063876400 ) ) ;
#2347 = VERTEX_POINT ( 'NONE', #323 ) ;
#2348 = ADVANCED_FACE ( 'NONE', ( #3405 ), #2416, .T. ) ;
#2349 = CARTESIAN_POINT ( 'NONE',  ( -12.83253174999999800, 4.169542318109126500, -17.22500000273118200 ) ) ;
#2350 = LINE ( 'NONE', #792, #191 ) ;
#2351 = CARTESIAN_POINT ( 'NONE',  ( 3.965470391606083800, 12.20446294140194800, -19.97500000273117800 ) ) ;
#2352 = ORIENTED_EDGE ( 'NONE', *, *, #83, .T. ) ;
#2353 = CARTESIAN_POINT ( 'NONE',  ( -15.04709094342989700, 7.911071617685561100, -10.09999999999997100 ) ) ;
#2354 = DIRECTION ( 'NONE',  ( 0.0000000000000000000, 1.000000000000000000, 0.0000000000000000000 ) ) ;
#2355 = CARTESIAN_POINT ( 'NONE',  ( -11.75000000000002100, -3.817806430736621100, -14.40000000546236500 ) ) ;
#2356 = CARTESIAN_POINT ( 'NONE',  ( 0.0000000000000000000, 0.0000000000000000000, -5.999999999999995600 ) ) ;
#2357 = CARTESIAN_POINT ( 'NONE',  ( 9.687702932021606400, 14.03671125681547800, -12.04142135623732200 ) ) ;
#2358 = CARTESIAN_POINT ( 'NONE',  ( 15.00633967942870100, 7.951225964586107900, -9.993617826836533900 ) ) ;
#2359 = CARTESIAN_POINT ( 'NONE',  ( 3.965470391606083800, 12.20446294140194800, -19.97500000273117800 ) ) ;
#2360 = VECTOR ( 'NONE', #3179, 1000.000000000000000 ) ;
#2361 = CARTESIAN_POINT ( 'NONE',  ( 12.83253174999999900, 0.0000000000000000000, -24.37500000273118100 ) ) ;
#2362 = ORIENTED_EDGE ( 'NONE', *, *, #3782, .T. ) ;
#2363 = CARTESIAN_POINT ( 'NONE',  ( 14.99999999999999500, 7.974960814950767600, -9.958578643762686900 ) ) ;
#2364 = EDGE_CURVE ( 'NONE', #509, #1019, #2617, .T. ) ;
#2365 = CYLINDRICAL_SURFACE ( 'NONE', #5407, 0.09999999999999939500 ) ;
#2366 = CARTESIAN_POINT ( 'NONE',  ( -12.83253174999999900, 1.571531893259428100E-015, -11.12500000273117900 ) ) ;
#2367 = CARTESIAN_POINT ( 'NONE',  ( -12.83253174999999800, 4.169542318109126500, -21.47500000273118200 ) ) ;
#2368 = CARTESIAN_POINT ( 'NONE',  ( 14.99999999999999800, -1.336209892651127000, -1.180367364240263900 ) ) ;
#2369 = ORIENTED_EDGE ( 'NONE', *, *, #2917, .T. ) ;
#2370 = AXIS2_PLACEMENT_3D ( 'NONE', #4652, #4223, #785 ) ;
#2371 = CARTESIAN_POINT ( 'NONE',  ( 10.38173626660608300, 7.542772912224920700, -15.92500000273117800 ) ) ;
#2372 = CARTESIAN_POINT ( 'NONE',  ( 7.930940783212165900, -10.91600350634071900, -18.67500000273117800 ) ) ;
#2373 = DIRECTION ( 'NONE',  ( -0.0000000000000000000, -0.0000000000000000000, 1.000000000000000000 ) ) ;
#2374 = CARTESIAN_POINT ( 'NONE',  ( 11.74999999999998200, -3.817806430736677500, -13.60000000546236800 ) ) ;
#2375 = CARTESIAN_POINT ( 'NONE',  ( -0.6723564796411911600, -16.98669881890782900, -10.10000000000004100 ) ) ;
#2376 = CARTESIAN_POINT ( 'NONE',  ( 7.930940783212165900, -10.91600350634071700, -18.67500000273117400 ) ) ;
#2377 = CARTESIAN_POINT ( 'NONE',  ( -12.83253174999999900, -4.169542318109122000, -23.27500000273117600 ) ) ;
#2378 = ADVANCED_FACE ( 'NONE', ( #1552 ), #3345, .F. ) ;
#2379 = EDGE_LOOP ( 'NONE', ( #3676, #4734, #2165, #2609, #311 ) ) ;
#2380 = CARTESIAN_POINT ( 'NONE',  ( 12.13331079650776800, 10.31533782116362400, -1.720218541320930100 ) ) ;
#2381 = ORIENTED_EDGE ( 'NONE', *, *, #3570, .T. ) ;
#2382 = CARTESIAN_POINT ( 'NONE',  ( -7.930940783212167700, 10.91600350634071900, -21.67500000273117800 ) ) ;
#2383 = CARTESIAN_POINT ( 'NONE',  ( 14.94716787776836000, 5.387457481205803600, -1.637753804624390200 ) ) ;
#2384 = ORIENTED_EDGE ( 'NONE', *, *, #4086, .T. ) ;
#2385 = ORIENTED_EDGE ( 'NONE', *, *, #4686, .F. ) ;
#2386 = CARTESIAN_POINT ( 'NONE',  ( -2.478609629921900300E-015, -13.49292237646318100, -14.62500000273118100 ) ) ;
#2387 = ORIENTED_EDGE ( 'NONE', *, *, #297, .F. ) ;
#2388 = CARTESIAN_POINT ( 'NONE',  ( -12.83253174999999900, 1.571531893259428100E-015, -17.37500000273118100 ) ) ;
#2389 = CARTESIAN_POINT ( 'NONE',  ( 12.50000000000000000, 0.0000000000000000000, 0.0000000000000000000 ) ) ;
#2390 = DIRECTION ( 'NONE',  ( -0.5000000000000000000, -0.8660254037844387100, 0.0000000000000000000 ) ) ;
#2391 = CARTESIAN_POINT ( 'NONE',  ( -13.02320508075688500, 0.0000000000000000000, -0.01339745962155441900 ) ) ;
#2392 = DIRECTION ( 'NONE',  ( 1.000000000000000000, 0.0000000000000000000, 0.0000000000000000000 ) ) ;
#2393 = CARTESIAN_POINT ( 'NONE',  ( -0.6168513702631840400, -16.98889578609618000, -10.07430244343747100 ) ) ;
#2394 = CARTESIAN_POINT ( 'NONE',  ( -12.83253174999999900, 1.571531893259428100E-015, -17.37500000273118100 ) ) ;
#2395 = CARTESIAN_POINT ( 'NONE',  ( 3.965470391606083800, 12.20446294140194800, -21.97500000273118200 ) ) ;
#2396 = CARTESIAN_POINT ( 'NONE',  ( 14.44146847448861600, 8.969057269320536800, 0.0000000000000000000 ) ) ;
#2397 = FACE_OUTER_BOUND ( 'NONE', #4090, .T. ) ;
#2398 = CARTESIAN_POINT ( 'NONE',  ( -15.02928932188131500, -7.864535902287412000, -10.02928932188131500 ) ) ;
#2399 = DIRECTION ( 'NONE',  ( 1.000000000000000000, 0.0000000000000000000, 0.0000000000000000000 ) ) ;
#2400 = EDGE_CURVE ( 'NONE', #2281, #283, #2273, .T. ) ;
#2401 = EDGE_CURVE ( 'NONE', #4106, #1823, #2666, .T. ) ;
#2402 = CARTESIAN_POINT ( 'NONE',  ( 7.315190965992537800, -15.40648167905896500, -12.00000000000000900 ) ) ;
#2403 = AXIS2_PLACEMENT_3D ( 'NONE', #2135, #5116, #2555 ) ;
#2404 = CARTESIAN_POINT ( 'NONE',  ( 0.0000000000000000000, 0.0000000000000000000, 0.0000000000000000000 ) ) ;
#2405 = ADVANCED_FACE ( 'NONE', ( #3738 ), #673, .F. ) ;
#2406 = CARTESIAN_POINT ( 'NONE',  ( -10.38173626660608100, 7.542772912224922500, -13.32500000273118000 ) ) ;
#2407 = AXIS2_PLACEMENT_3D ( 'NONE', #224, #2329, #3152 ) ;
#2408 = CARTESIAN_POINT ( 'NONE',  ( 7.930940783212167700, 10.91600350634071900, -16.07500000273118300 ) ) ;
#2409 = DIRECTION ( 'NONE',  ( 1.000000000000000000, 0.0000000000000000000, 0.0000000000000000000 ) ) ;
#2410 =( LENGTH_UNIT ( ) NAMED_UNIT ( * ) SI_UNIT ( .MILLI., .METRE. ) );
#2411 = CARTESIAN_POINT ( 'NONE',  ( 0.0000000000000000000, 0.0000000000000000000, 0.0000000000000000000 ) ) ;
#2412 = CARTESIAN_POINT ( 'NONE',  ( 0.5450892730259289100, -16.94123306269153800, -2.280533563299041800 ) ) ;
#2413 = CARTESIAN_POINT ( 'NONE',  ( 7.930940783212167700, 10.91600350634071700, -16.07500000273118300 ) ) ;
#2414 = AXIS2_PLACEMENT_3D ( 'NONE', #1558, #3651, #1126 ) ;
#2415 = CARTESIAN_POINT ( 'NONE',  ( 7.930940783212165900, -10.91600350634071700, -20.67500000273117800 ) ) ;
#2416 = TOROIDAL_SURFACE ( 'NONE', #3906, 16.90000000000000200, 0.1000000000000000100 ) ;
#2417 = CARTESIAN_POINT ( 'NONE',  ( 12.57173248432176600, 2.461653514028421300, -22.03897853744287600 ) ) ;
#2418 = EDGE_LOOP ( 'NONE', ( #4531, #5375, #3893, #3099 ) ) ;
#2419 = ORIENTED_EDGE ( 'NONE', *, *, #702, .T. ) ;
#2420 = VERTEX_POINT ( 'NONE', #3383 ) ;
#2421 = DIRECTION ( 'NONE',  ( 1.000000000000000000, 0.0000000000000000000, 3.469446951953612300E-014 ) ) ;
#2422 = CARTESIAN_POINT ( 'NONE',  ( 11.74999999999999800, -3.817806430736651700, -17.60000000546236300 ) ) ;
#2423 = VECTOR ( 'NONE', #5345, 1000.000000000000100 ) ;
#2424 = CARTESIAN_POINT ( 'NONE',  ( 14.37941603232475000, -9.029951309110110500, -10.00306845199190100 ) ) ;
#2425 = CARTESIAN_POINT ( 'NONE',  ( 12.83253174999999800, 4.169542318109123800, -12.02500000273117900 ) ) ;
#2426 = ORIENTED_EDGE ( 'NONE', *, *, #4978, .F. ) ;
#2427 = ORIENTED_EDGE ( 'NONE', *, *, #2856, .T. ) ;
#2428 = LINE ( 'NONE', #1494, #2360 ) ;
#2429 = CARTESIAN_POINT ( 'NONE',  ( 3.965470391606081200, -12.20446294140195000, -14.77500000273117900 ) ) ;
#2430 = CARTESIAN_POINT ( 'NONE',  ( 11.76037081723432600, 0.6245333415648965900, -11.48962917168128300 ) ) ;
#2431 = APPROVAL_ROLE ( '' ) ;
#2432 = CARTESIAN_POINT ( 'NONE',  ( 5.116001778980234800, 14.30816632886433100, -1.258923043201408900 ) ) ;
#2433 = CARTESIAN_POINT ( 'NONE',  ( 3.965470391606081200, -12.20446294140195000, -14.77500000273117900 ) ) ;
#2434 = FACE_OUTER_BOUND ( 'NONE', #80, .T. ) ;
#2435 = CARTESIAN_POINT ( 'NONE',  ( -12.83253174999999900, 1.571531893259428100E-015, -19.37500000273118100 ) ) ;
#2436 = EDGE_CURVE ( 'NONE', #3348, #5286, #3967, .T. ) ;
#2437 = CARTESIAN_POINT ( 'NONE',  ( 0.6746768957483202400, 16.95594022392127800, -10.02101836034088400 ) ) ;
#2438 = EDGE_CURVE ( 'NONE', #523, #1746, #1830, .T. ) ;
#2439 = CARTESIAN_POINT ( 'NONE',  ( 8.515104489133225500, 8.918804025683734000, -21.57552856631823000 ) ) ;
#2440 = CARTESIAN_POINT ( 'NONE',  ( -0.7037567805849812600, -16.94801430471912700, -10.02928932188138600 ) ) ;
#2441 = AXIS2_PLACEMENT_3D ( 'NONE', #3810, #5500, #4684 ) ;
#2442 = AXIS2_PLACEMENT_3D ( 'NONE', #4710, #1513, #3901 ) ;
#2443 =( BOUNDED_SURFACE ( )  B_SPLINE_SURFACE ( 3, 2, ( 
 ( #901, #3910, #465 ),
 ( #1788, #4776, #2204 ),
 ( #5197, #2626, #60 ),
 ( #3048, #484, #3494 ),
 ( #920, #3930, #1361 ),
 ( #4366, #1807, #4791 ),
 ( #2228, #5211, #2647 ),
 ( #78, #3071, #503 ),
 ( #3513, #939, #3949 ),
 ( #1381, #4383, #1826 ),
 ( #4809, #2247, #5233 ),
 ( #2663, #102, #3090 ) ),
 .UNSPECIFIED., .F., .F., .F. ) 
 B_SPLINE_SURFACE_WITH_KNOTS ( ( 4, 2, 2, 2, 2, 4 ),
 ( 3, 3 ),
 ( 0.004023013775063679700, 0.008040813100153148700, 0.01004971276269788300, 0.01205861242524261900, 0.01607641175033208700, 0.02009421107542155900 ),
 ( 0.0000000000000000000, 1.000000000000000000 ),
 .UNSPECIFIED. ) 
 GEOMETRIC_REPRESENTATION_ITEM ( )  RATIONAL_B_SPLINE_SURFACE ( (
 ( 1.000000000000000000, 0.8487721727197673500, 1.000000000000000000),
 ( 1.000000000000000000, 0.8534553053174432900, 1.000000000000000000),
 ( 1.000000000000000000, 0.8578087571911803300, 1.000000000000000000),
 ( 1.000000000000000000, 0.8625433721204618400, 1.000000000000000000),
 ( 1.000000000000000000, 0.8638187415897198300, 1.000000000000000000),
 ( 1.000000000000000000, 0.8655606458872562300, 1.000000000000000000),
 ( 1.000000000000000000, 0.8660213896691981700, 1.000000000000000000),
 ( 1.000000000000000000, 0.8660333517455342000, 1.000000000000000000),
 ( 1.000000000000000000, 0.8641863681252849300, 1.000000000000000000),
 ( 1.000000000000000000, 0.8578976765497677800, 1.000000000000000000),
 ( 1.000000000000000000, 0.8535037552698108200, 1.000000000000000000),
 ( 1.000000000000000000, 0.8487721727197672400, 1.000000000000000000) ) ) 
 REPRESENTATION_ITEM ( '' )  SURFACE ( )  );
#2444 = ORIENTED_EDGE ( 'NONE', *, *, #4551, .F. ) ;
#2445 = CARTESIAN_POINT ( 'NONE',  ( -12.83253174999999800, 4.169542318109126500, -13.47500000273118000 ) ) ;
#2446 = CARTESIAN_POINT ( 'NONE',  ( -0.6421100295081070300, 16.98789601425166400, -10.08599657518962000 ) ) ;
#2447 = CARTESIAN_POINT ( 'NONE',  ( 3.965470391606081200, -12.20446294140195000, -12.52500000273117900 ) ) ;
#2448 = ORIENTED_EDGE ( 'NONE', *, *, #5075, .T. ) ;
#2449 = CARTESIAN_POINT ( 'NONE',  ( -12.83253174999999600, 4.169542318109126500, -13.47500000273118000 ) ) ;
#2450 = DIRECTION ( 'NONE',  ( -0.0000000000000000000, -0.0000000000000000000, 1.000000000000000000 ) ) ;
#2451 = CARTESIAN_POINT ( 'NONE',  ( -8.093298228680845700, 12.64784016472797400, -1.212674806666651100 ) ) ;
#2452 = ORIENTED_EDGE ( 'NONE', *, *, #946, .F. ) ;
#2453 = CARTESIAN_POINT ( 'NONE',  ( 6.991216102684976600, -10.03051216964559000, -11.04169035607897700 ) ) ;
#2454 = CARTESIAN_POINT ( 'NONE',  ( 0.6925794020438801300, 16.98589836832825000, -10.05650919409487400 ) ) ;
#2455 = CARTESIAN_POINT ( 'NONE',  ( -0.5934813400672129800, 16.97786146424195400, -10.00000000000000000 ) ) ;
#2456 = CARTESIAN_POINT ( 'NONE',  ( 8.262032099739666100E-016, 13.49292237646318100, -21.87500000273118800 ) ) ;
#2457 = CARTESIAN_POINT ( 'NONE',  ( -15.00000000000000200, 5.352138536018271600, -1.720145938872812200 ) ) ;
#2458 = VERTEX_POINT ( 'NONE', #4672 ) ;
#2459 = CARTESIAN_POINT ( 'NONE',  ( -15.01946374810057300, -7.963433624683293700, -10.06870265263753900 ) ) ;
#2460 = LINE ( 'NONE', #2861, #4277 ) ;
#2461 = CARTESIAN_POINT ( 'NONE',  ( 10.38173626660608300, 7.542772912224920700, -12.17500000273118000 ) ) ;
#2462 = CARTESIAN_POINT ( 'NONE',  ( 1.381370899076943800, 12.02891080270809900, -11.20650669850818900 ) ) ;
#2463 = CARTESIAN_POINT ( 'NONE',  ( -15.00439777325196100, 7.958541704979174900, -9.990624137873954400 ) ) ;
#2464 = CARTESIAN_POINT ( 'NONE',  ( 0.5792995769050912600, 16.98604930902119700, -2.307030028425097100 ) ) ;
#2465 = CIRCLE ( 'NONE', #4729, 12.50000000000000000 ) ;
#2466 = CARTESIAN_POINT ( 'NONE',  ( 10.38173626660608300, 7.542772912224920700, -12.17500000273118000 ) ) ;
#2467 = EDGE_CURVE ( 'NONE', #5351, #4662, #961, .T. ) ;
#2468 = CARTESIAN_POINT ( 'NONE',  ( 11.74999999999999800, 0.0000000000000000000, 0.0000000000000000000 ) ) ;
#2469 = DIRECTION ( 'NONE',  ( 0.0000000000000000000, 0.0000000000000000000, 1.000000000000000000 ) ) ;
#2470 = AXIS2_PLACEMENT_3D ( 'NONE', #4165, #414, #627 ) ;
#2471 = CARTESIAN_POINT ( 'NONE',  ( -11.74999999999999800, 3.817806430736650400, -16.60000000546236300 ) ) ;
#2472 = ORIENTED_EDGE ( 'NONE', *, *, #2364, .F. ) ;
#2473 = DIRECTION ( 'NONE',  ( -0.8851229966723445100, 0.4653571539815079500, 0.0000000000000000000 ) ) ;
#2474 = CARTESIAN_POINT ( 'NONE',  ( 8.099999999999999600, 0.0000000000000000000, 0.0000000000000000000 ) ) ;
#2475 = FACE_OUTER_BOUND ( 'NONE', #670, .T. ) ;
#2476 = EDGE_LOOP ( 'NONE', ( #3291, #3819, #893, #4858 ) ) ;
#2477 = CARTESIAN_POINT ( 'NONE',  ( 14.98816568047336900, 8.022149932198994200, -9.958578643762686900 ) ) ;
#2478 = DIRECTION ( 'NONE',  ( 0.4840179251382015800, 0.7666279140067099300, -0.4219102862109799200 ) ) ;
#2479 = CARTESIAN_POINT ( 'NONE',  ( -2.478609629921899900E-015, -13.49292237646318400, -10.87500000273118100 ) ) ;
#2480 = FACE_OUTER_BOUND ( 'NONE', #3958, .T. ) ;
#2481 = ORIENTED_EDGE ( 'NONE', *, *, #1013, .T. ) ;
#2482 = VERTEX_POINT ( 'NONE', #2563 ) ;
#2483 = CARTESIAN_POINT ( 'NONE',  ( 14.39380462557286800, 9.045410776583809200, -10.03788109651220900 ) ) ;
#2484 = CARTESIAN_POINT ( 'NONE',  ( -4.071058449250589200E-013, -11.74999999999999800, -11.50000000000000500 ) ) ;
#2485 = FACE_OUTER_BOUND ( 'NONE', #693, .T. ) ;
#2486 = CARTESIAN_POINT ( 'NONE',  ( 11.29434723983963500, -13.88452221493110500, -12.67152257745957300 ) ) ;
#2487 = CARTESIAN_POINT ( 'NONE',  ( 11.74999999999999800, 0.0000000000000000000, -20.99999999999999300 ) ) ;
#2488 = CIRCLE ( 'NONE', #4766, 0.09999999999999939500 ) ;
#2489 = ORIENTED_EDGE ( 'NONE', *, *, #2436, .F. ) ;
#2490 = LINE ( 'NONE', #4875, #3621 ) ;
#2491 = DIRECTION ( 'NONE',  ( -0.0000000000000000000, -1.000000000000000000, -0.0000000000000000000 ) ) ;
#2492 = CARTESIAN_POINT ( 'NONE',  ( 8.262032099739667100E-016, 13.49292237646318400, -17.87500000273117700 ) ) ;
#2493 = EDGE_LOOP ( 'NONE', ( #2117, #1349, #1010, #4273 ) ) ;
#2494 = CARTESIAN_POINT ( 'NONE',  ( 0.5656273915401661700, 16.99060422790146400, -10.02281938474082200 ) ) ;
#2495 = CARTESIAN_POINT ( 'NONE',  ( -14.40600625749764100, -9.025938553529435600, -10.06913204489067200 ) ) ;
#2496 = DIRECTION ( 'NONE',  ( -0.0000000000000000000, -0.0000000000000000000, 1.000000000000000000 ) ) ;
#2497 = CARTESIAN_POINT ( 'NONE',  ( 0.0000000000000000000, 0.0000000000000000000, -2.367136103677473200 ) ) ;
#2498 = EDGE_LOOP ( 'NONE', ( #159, #3511, #1409, #5258 ) ) ;
#2499 = EDGE_CURVE ( 'NONE', #4632, #3374, #4752, .T. ) ;
#2500 = EDGE_CURVE ( 'NONE', #2420, #2634, #5414, .T. ) ;
#2501 = CARTESIAN_POINT ( 'NONE',  ( 14.99708653001005300, -8.005496762007256400, -10.02286673850738200 ) ) ;
#2502 = CARTESIAN_POINT ( 'NONE',  ( -2.042861591907795000, -16.93245237570910100, -10.73451920673911200 ) ) ;
#2503 = CARTESIAN_POINT ( 'NONE',  ( -14.94408284023665700, -7.998555373574927100, -2.280533563299028900 ) ) ;
#2504 =( BOUNDED_SURFACE ( )  B_SPLINE_SURFACE ( 3, 2, ( 
 ( #2939, #4665, #3377 ),
 ( #814, #3807, #1242 ),
 ( #4254, #1691, #4681 ),
 ( #2121, #5100, #2538 ),
 ( #5510, #2954, #385 ),
 ( #3396, #833, #3829 ) ),
 .UNSPECIFIED., .F., .F., .F. ) 
 B_SPLINE_SURFACE_WITH_KNOTS ( ( 4, 2, 4 ),
 ( 3, 3 ),
 ( 0.0001833793796155161900, 0.0002817301968087155900, 0.0003800810140019149700 ),
 ( 0.0000000000000000000, 1.000000000000000000 ),
 .UNSPECIFIED. ) 
 GEOMETRIC_REPRESENTATION_ITEM ( )  RATIONAL_B_SPLINE_SURFACE ( (
 ( 1.000000000000000000, 0.9016308760046724000, 1.000000000000000000),
 ( 1.000000000000000000, 0.9186058171700529600, 1.000000000000000000),
 ( 1.000000000000000000, 0.9341899376200588600, 1.000000000000000000),
 ( 1.000000000000000000, 0.9601444561880256900, 1.000000000000000000),
 ( 1.000000000000000000, 0.9699816059769398300, 1.000000000000000000),
 ( 1.000000000000000000, 0.9699630933014221600, 1.000000000000000000) ) ) 
 REPRESENTATION_ITEM ( '' )  SURFACE ( )  );
#2505 = AXIS2_PLACEMENT_3D ( 'NONE', #3070, #3529, #955 ) ;
#2506 = ORIENTED_EDGE ( 'NONE', *, *, #5329, .F. ) ;
#2507 = AXIS2_PLACEMENT_3D ( 'NONE', #1133, #3941, #3258 ) ;
#2508 = DIRECTION ( 'NONE',  ( 1.000000000000000000, 0.0000000000000000000, 0.0000000000000000000 ) ) ;
#2509 = VERTEX_POINT ( 'NONE', #413 ) ;
#2510 = CARTESIAN_POINT ( 'NONE',  ( 10.38173626660608100, -7.542772912224923400, -16.57500000273118000 ) ) ;
#2511 = ORIENTED_EDGE ( 'NONE', *, *, #1345, .T. ) ;
#2512 = CARTESIAN_POINT ( 'NONE',  ( 8.665707384518381000, 12.25961563027924400, -1.127163199466017200 ) ) ;
#2513 = AXIS2_PLACEMENT_3D ( 'NONE', #1289, #4308, #1743 ) ;
#2514 = DIRECTION ( 'NONE',  ( 1.000000000000000000, 0.0000000000000000000, 0.0000000000000000000 ) ) ;
#2515 = CARTESIAN_POINT ( 'NONE',  ( -11.75000000000002100, -3.817806430736621100, -16.40000000546236300 ) ) ;
#2516 = CARTESIAN_POINT ( 'NONE',  ( -7.930940783212169400, -10.91600350634071700, -18.82500000273118000 ) ) ;
#2517 = CARTESIAN_POINT ( 'NONE',  ( 3.498334580786362400, -11.99440672168676500, -11.00000000000000200 ) ) ;
#2518 = ORIENTED_EDGE ( 'NONE', *, *, #2467, .F. ) ;
#2519 = CARTESIAN_POINT ( 'NONE',  ( -12.83253174999999900, -4.169542318109122000, -21.02500000273117200 ) ) ;
#2520 = PERSON_AND_ORGANIZATION ( #2658, #1528 ) ;
#2521 = CARTESIAN_POINT ( 'NONE',  ( -10.76383000209366400, -13.19016026998442600, -11.80492887484153500 ) ) ;
#2522 = CARTESIAN_POINT ( 'NONE',  ( 7.565060353109282100E-016, 12.35468113479963900, -24.49999999999999600 ) ) ;
#2523 = CARTESIAN_POINT ( 'NONE',  ( -12.97320508075688600, 1.591821024680978300E-015, 0.0000000000000000000 ) ) ;
#2524 = VECTOR ( 'NONE', #818, 1000.000000000000000 ) ;
#2525 = CARTESIAN_POINT ( 'NONE',  ( -14.40651865993555300, -9.002900649288516600, -9.970559123675114300 ) ) ;
#2526 = CARTESIAN_POINT ( 'NONE',  ( -12.83253174999999900, -4.169542318109122000, -15.27500000273118100 ) ) ;
#2527 = DIRECTION ( 'NONE',  ( 0.0000000000000000000, 0.0000000000000000000, -1.000000000000000000 ) ) ;
#2528 = CARTESIAN_POINT ( 'NONE',  ( -14.37473446378870500, -9.075627201222255600, -10.09999999999989500 ) ) ;
#2529 = CARTESIAN_POINT ( 'NONE',  ( 11.74999999999999800, 0.0000000000000000000, -15.50000000546236700 ) ) ;
#2530 = EDGE_CURVE ( 'NONE', #135, #265, #5096, .T. ) ;
#2531 = CARTESIAN_POINT ( 'NONE',  ( -11.74999999999999800, 3.817806430736650400, -22.60000000546236300 ) ) ;
#2532 = CARTESIAN_POINT ( 'NONE',  ( 11.74999999999999800, 0.0000000000000000000, -12.99999999999999500 ) ) ;
#2533 = EDGE_CURVE ( 'NONE', #1223, #2773, #2941, .T. ) ;
#2534 = CARTESIAN_POINT ( 'NONE',  ( -10.79056061954704900, 13.20683107423401400, -11.83273152354803600 ) ) ;
#2535 = CARTESIAN_POINT ( 'NONE',  ( 9.505949683905630100, -6.906476714436561100, -23.19999999999999600 ) ) ;
#2536 = AXIS2_PLACEMENT_3D ( 'NONE', #2619, #579, #2309 ) ;
#2537 = VECTOR ( 'NONE', #5105, 1000.000000000000000 ) ;
#2538 = CARTESIAN_POINT ( 'NONE',  ( 14.99701345789324400, -8.005633666794848200, -10.02266954127330000 ) ) ;
#2539 = CARTESIAN_POINT ( 'NONE',  ( 7.261899367811263800, 9.995146998136467800, -13.20000000546236800 ) ) ;
#2540 = AXIS2_PLACEMENT_3D ( 'NONE', #4215, #1660, #4644 ) ;
#2541 = CARTESIAN_POINT ( 'NONE',  ( 0.5934823869418770500, 16.97786085982859200, -9.993233096986982000 ) ) ;
#2542 = CARTESIAN_POINT ( 'NONE',  ( 12.50000000000000000, 0.0000000000000000000, -7.499999999999997300 ) ) ;
#2543 = ORIENTED_EDGE ( 'NONE', *, *, #5107, .T. ) ;
#2544 = CARTESIAN_POINT ( 'NONE',  ( 3.965470391606083800, 12.20446294140194800, -13.97500000273118000 ) ) ;
#2545 = CIRCLE ( 'NONE', #1878, 0.09999999999999945000 ) ;
#2546 = CARTESIAN_POINT ( 'NONE',  ( 10.76383000209366600, -13.19016026998444600, -11.80492887484160700 ) ) ;
#2547 = CARTESIAN_POINT ( 'NONE',  ( -14.42823655831876600, 8.990362548677474300, -10.01014966867708200 ) ) ;
#2548 = CARTESIAN_POINT ( 'NONE',  ( 15.00000063554662700, 8.000038116977044900, -10.01014966867688600 ) ) ;
#2549 = ORIENTED_EDGE ( 'NONE', *, *, #3281, .T. ) ;
#2550 = CARTESIAN_POINT ( 'NONE',  ( -8.099999999999999600, 9.919639073093559200E-016, -0.1000000000000000100 ) ) ;
#2551 = ORIENTED_EDGE ( 'NONE', *, *, #4941, .T. ) ;
#2552 = CIRCLE ( 'NONE', #3288, 0.09999999999999939500 ) ;
#2553 = ORIENTED_EDGE ( 'NONE', *, *, #2948, .F. ) ;
#2554 = CARTESIAN_POINT ( 'NONE',  ( -3.406419148752918100, 16.71158758435093700, -11.22213814587879100 ) ) ;
#2555 = DIRECTION ( 'NONE',  ( 0.0000000000000000000, 0.2628652485846602000, -0.9648325559839514600 ) ) ;
#2556 = ORIENTED_EDGE ( 'NONE', *, *, #1347, .T. ) ;
#2557 = CC_DESIGN_PERSON_AND_ORGANIZATION_ASSIGNMENT ( #2136, #718, ( #1707 ) ) ;
#2558 = CARTESIAN_POINT ( 'NONE',  ( -11.75000000000000200, -3.817806430736646400, -21.89999999999999900 ) ) ;
#2559 = CARTESIAN_POINT ( 'NONE',  ( 0.5434813400672002800, -16.89125892386351400, 0.0000000000000000000 ) ) ;
#2560 = CARTESIAN_POINT ( 'NONE',  ( -10.38173626660608300, -7.542772912224919000, -10.92500000273118100 ) ) ;
#2561 = CARTESIAN_POINT ( 'NONE',  ( 7.930940783212165900, -10.91600350634071700, -12.67500000273118100 ) ) ;
#2562 = EDGE_CURVE ( 'NONE', #1563, #3545, #911, .T. ) ;
#2563 = CARTESIAN_POINT ( 'NONE',  ( 14.44146847448861400, 8.969057269320535000, -9.958578643762679800 ) ) ;
#2564 = ORIENTED_EDGE ( 'NONE', *, *, #2703, .F. ) ;
#2565 = CARTESIAN_POINT ( 'NONE',  ( 13.27602492646869900, -9.655591510623898100, -2.011489428098632200 ) ) ;
#2566 = CARTESIAN_POINT ( 'NONE',  ( 2.831960900551030200, 15.68547468741971000, -1.666747153036249900 ) ) ;
#2567 = EDGE_LOOP ( 'NONE', ( #550, #4260, #2564, #4764, #438 ) ) ;
#2568 = CARTESIAN_POINT ( 'NONE',  ( 14.40651761305840900, -9.002901253704424200, -9.993233096986948300 ) ) ;
#2569 = EDGE_CURVE ( 'NONE', #3265, #2235, #2094, .T. ) ;
#2570 = ORIENTED_EDGE ( 'NONE', *, *, #771, .T. ) ;
#2571 = CARTESIAN_POINT ( 'NONE',  ( -14.94925432031114500, 2.693134799299569800, -1.255754893217584600 ) ) ;
#2572 = CARTESIAN_POINT ( 'NONE',  ( 3.630949683905631900, 11.17491406646805200, -20.59999999999999400 ) ) ;
#2573 = ORIENTED_EDGE ( 'NONE', *, *, #3462, .F. ) ;
#2574 = CARTESIAN_POINT ( 'NONE',  ( -0.4999999999999917800, 0.0000000000000000000, -6.499999999999995600 ) ) ;
#2575 = CARTESIAN_POINT ( 'NONE',  ( -11.74999999999999800, 1.438959988998139800E-015, -14.50000000546236500 ) ) ;
#2576 = ORIENTED_EDGE ( 'NONE', *, *, #231, .F. ) ;
#2577 = CARTESIAN_POINT ( 'NONE',  ( 11.76323755869103100, -0.7971681672979337200, -21.01323755869102800 ) ) ;
#2578 = CARTESIAN_POINT ( 'NONE',  ( 14.35651865993279100, -8.916298108912775100, -2.367136103677472700 ) ) ;
#2579 = CARTESIAN_POINT ( 'NONE',  ( -12.83253174999999900, 1.571531893259428100E-015, -11.37500000273117900 ) ) ;
#2580 = CARTESIAN_POINT ( 'NONE',  ( -0.6684014415256700500, 16.88677706114954400, -10.09999999999993900 ) ) ;
#2581 = VERTEX_POINT ( 'NONE', #2191 ) ;
#2582 = B_SPLINE_CURVE_WITH_KNOTS ( 'NONE', 3,
 ( #325, #5468, #4207, #2898, #5452, #2477 ),
 .UNSPECIFIED., .F., .F.,
 ( 4, 2, 4 ),
 ( 0.0000000000000000000, 9.968444671895554500E-005, 0.0001993688934379110900 ),
 .UNSPECIFIED. ) ;
#2583 = CARTESIAN_POINT ( 'NONE',  ( 8.262032099739667100E-016, 13.49292237646318400, -19.62500000273117700 ) ) ;
#2584 = CIRCLE ( 'NONE', #3979, 0.09999999999999989500 ) ;
#2585 = FACE_OUTER_BOUND ( 'NONE', #529, .T. ) ;
#2586 = CARTESIAN_POINT ( 'NONE',  ( -15.00000000000000200, -5.370359461066670700, -1.724356117403151400 ) ) ;
#2587 = DIRECTION ( 'NONE',  ( -1.591801972936326800E-014, -9.190272975713665500E-015, 1.000000000000000000 ) ) ;
#2588 = CARTESIAN_POINT ( 'NONE',  ( 7.261899367811261100, -9.995146998136467800, -19.29999999999999700 ) ) ;
#2589 = DIRECTION ( 'NONE',  ( 0.0000000000000000000, -0.0000000000000000000, 1.000000000000000000 ) ) ;
#2590 = ADVANCED_FACE ( 'NONE', ( #2222 ), #64, .F. ) ;
#2591 = CARTESIAN_POINT ( 'NONE',  ( 9.338699108501947100, -7.393837201979605000, -21.13498258835233300 ) ) ;
#2592 = CARTESIAN_POINT ( 'NONE',  ( 14.35651865993279200, -8.916298108912776900, 0.0000000000000000000 ) ) ;
#2593 = CARTESIAN_POINT ( 'NONE',  ( 10.38173626660608300, 7.542772912224920700, -23.92500000273118100 ) ) ;
#2594 = CARTESIAN_POINT ( 'NONE',  ( 0.0000000000000000000, 0.0000000000000000000, 0.0000000000000000000 ) ) ;
#2595 = CARTESIAN_POINT ( 'NONE',  ( 3.630949683905629200, -11.17491406646805400, -13.39999999999999300 ) ) ;
#2596 = CARTESIAN_POINT ( 'NONE',  ( 7.261899367811261100, -9.995146998136467800, -9.800000005462367300 ) ) ;
#2597 = VERTEX_POINT ( 'NONE', #3032 ) ;
#2598 = CARTESIAN_POINT ( 'NONE',  ( 0.0000000000000000000, 0.0000000000000000000, -0.2232050807568865000 ) ) ;
#2599 = EDGE_CURVE ( 'NONE', #1278, #1746, #441, .T. ) ;
#2600 = CARTESIAN_POINT ( 'NONE',  ( 1.677373980570426600, -16.28936091845537200, -1.925392582448126600 ) ) ;
#2601 = FACE_OUTER_BOUND ( 'NONE', #1374, .T. ) ;
#2602 = EDGE_CURVE ( 'NONE', #1852, #1786, #5469, .T. ) ;
#2603 = ORIENTED_EDGE ( 'NONE', *, *, #2602, .F. ) ;
#2604 = CARTESIAN_POINT ( 'NONE',  ( -8.778797745507400700, 8.979632911304833000, -21.79434160031414100 ) ) ;
#2605 = FACE_OUTER_BOUND ( 'NONE', #2567, .T. ) ;
#2606 = CARTESIAN_POINT ( 'NONE',  ( -11.74999999999999800, 1.438959988998139800E-015, -17.99999999999999600 ) ) ;
#2607 = AXIS2_PLACEMENT_3D ( 'NONE', #4468, #4670, #2104 ) ;
#2608 = CARTESIAN_POINT ( 'NONE',  ( -11.74999999999999800, 3.817806430736650400, -12.60000000546236400 ) ) ;
#2609 = ORIENTED_EDGE ( 'NONE', *, *, #3786, .F. ) ;
#2610 = ORIENTED_EDGE ( 'NONE', *, *, #2530, .F. ) ;
#2611 = CYLINDRICAL_SURFACE ( 'NONE', #4834, 10.00000000000000000 ) ;
#2612 = CARTESIAN_POINT ( 'NONE',  ( 0.5344258351911856900, -12.05251706080300000, -21.30789806134367100 ) ) ;
#2613 = CARTESIAN_POINT ( 'NONE',  ( -15.03303038785028700, 7.937815208029073600, -10.08602215357082500 ) ) ;
#2614 = CARTESIAN_POINT ( 'NONE',  ( -2.478609629921899900E-015, -13.49292237646318400, -22.62500000273117400 ) ) ;
#2615 = LINE ( 'NONE', #3590, #251 ) ;
#2616 = DIRECTION ( 'NONE',  ( 0.0000000000000000000, 0.0000000000000000000, -1.000000000000000000 ) ) ;
#2617 = B_SPLINE_CURVE_WITH_KNOTS ( 'NONE', 3,
 ( #4634, #1645, #5056, #2494, #5465, #2912 ),
 .UNSPECIFIED., .F., .F.,
 ( 4, 2, 4 ),
 ( 0.0000000000000000000, 9.968444671895273900E-005, 0.0001993688934379054800 ),
 .UNSPECIFIED. ) ;
#2618 = ADVANCED_FACE ( 'NONE', ( #3351 ), #2208, .F. ) ;
#2619 = CARTESIAN_POINT ( 'NONE',  ( -14.90000000000000200, 7.974960814950754300, -9.958578643762692200 ) ) ;
#2620 = CARTESIAN_POINT ( 'NONE',  ( 1.598682362460152100, 12.62927842168175200, -21.97673480866447400 ) ) ;
#2621 = CARTESIAN_POINT ( 'NONE',  ( 7.261899367811263800, 9.995146998136467800, -16.69999999999999200 ) ) ;
#2622 = ORIENTED_EDGE ( 'NONE', *, *, #120, .T. ) ;
#2623 = CARTESIAN_POINT ( 'NONE',  ( -15.04709094342989300, -7.911071617685566400, -10.09999999999996900 ) ) ;
#2624 = CARTESIAN_POINT ( 'NONE',  ( -8.506306568534203200, -8.785760369132825400, -21.47261595358113300 ) ) ;
#2625 = ORIENTED_EDGE ( 'NONE', *, *, #3352, .F. ) ;
#2626 = CARTESIAN_POINT ( 'NONE',  ( 12.16803909944945900, -10.29528742611300500, -1.666747153036737700 ) ) ;
#2627 = CARTESIAN_POINT ( 'NONE',  ( -11.86163950859456100, -4.896465999361847600, -10.99999999999999800 ) ) ;
#2628 = CARTESIAN_POINT ( 'NONE',  ( -10.38173626660608100, 7.542772912224922500, -21.32500000273118000 ) ) ;
#2629 = ORIENTED_EDGE ( 'NONE', *, *, #1270, .F. ) ;
#2630 = EDGE_CURVE ( 'NONE', #562, #3350, #925, .T. ) ;
#2631 = CARTESIAN_POINT ( 'NONE',  ( 7.261899367811263800, 9.995146998136467800, -16.69999999999999200 ) ) ;
#2632 = CARTESIAN_POINT ( 'NONE',  ( 14.41850235180652500, 9.005993130866132300, -10.00569375873978500 ) ) ;
#2633 = CARTESIAN_POINT ( 'NONE',  ( -0.5450892730259083700, -16.94123306269152000, -2.280533563299028900 ) ) ;
#2634 = VERTEX_POINT ( 'NONE', #1403 ) ;
#2635 = AXIS2_PLACEMENT_3D ( 'NONE', #2863, #3798, #4244 ) ;
#2636 = DIRECTION ( 'NONE',  ( -0.8660254037844384900, 0.5000000000000002200, 0.0000000000000000000 ) ) ;
#2637 = DIRECTION ( 'NONE',  ( -0.03215865917623527600, 0.9994827765599498800, 0.0000000000000000000 ) ) ;
#2638 = CARTESIAN_POINT ( 'NONE',  ( -11.74999999999999800, 1.438959988998139800E-015, 0.0000000000000000000 ) ) ;
#2639 = DIRECTION ( 'NONE',  ( 0.8355695038800951000, -0.4824162779924584000, -0.2628652485846597100 ) ) ;
#2640 = DIRECTION ( 'NONE',  ( 0.8455726155169770400, -0.5338604236013178000, 0.0000000000000000000 ) ) ;
#2641 = ORIENTED_EDGE ( 'NONE', *, *, #5293, .T. ) ;
#2642 = CARTESIAN_POINT ( 'NONE',  ( 3.630949683905629200, -11.17491406646805400, -15.39999999999999300 ) ) ;
#2643 = CARTESIAN_POINT ( 'NONE',  ( -16.97071067811865700, 1.363373913774198300, -11.97071067811866200 ) ) ;
#2644 = CARTESIAN_POINT ( 'NONE',  ( 3.630949683905629200, -11.17491406646805400, -17.39999999999999500 ) ) ;
#2645 = ADVANCED_FACE ( 'NONE', ( #1683 ), #5480, .T. ) ;
#2646 = DIRECTION ( 'NONE',  ( 1.000000000000000000, 0.0000000000000000000, 0.0000000000000000000 ) ) ;
#2647 = CARTESIAN_POINT ( 'NONE',  ( 8.093298228680868800, -12.64784016472795800, -1.212674806666429000 ) ) ;
#2648 = CARTESIAN_POINT ( 'NONE',  ( 12.83253174999999600, 4.169542318109123800, -20.02500000273117600 ) ) ;
#2649 = FACE_OUTER_BOUND ( 'NONE', #2731, .T. ) ;
#2650 = DIRECTION ( 'NONE',  ( 0.7071067811865486800, 0.0000000000000000000, -0.7071067811865463500 ) ) ;
#2651 = CARTESIAN_POINT ( 'NONE',  ( -14.35651865993280500, -8.916298108912757300, -9.958578643762615800 ) ) ;
#2652 = CARTESIAN_POINT ( 'NONE',  ( -9.505949683905630100, 6.906476714436559300, -18.70000000546236800 ) ) ;
#2653 = CARTESIAN_POINT ( 'NONE',  ( 15.00000000000000000, -17.00000000000000000, -10.00000000000000000 ) ) ;
#2654 = CARTESIAN_POINT ( 'NONE',  ( -15.00686151243811600, 7.949274494509245100, -9.995830560816850500 ) ) ;
#2655 = CARTESIAN_POINT ( 'NONE',  ( 0.5717625726171515800, -16.99040071620159500, -9.983699572381459200 ) ) ;
#2656 = CARTESIAN_POINT ( 'NONE',  ( 13.29377500902927300, 9.645343495677893800, -1.953787348533705200 ) ) ;
#2657 = CARTESIAN_POINT ( 'NONE',  ( -11.74999999999999800, 3.817806430736650400, -14.09999999999999600 ) ) ;
#2658 = PERSON ( 'UNSPECIFIED', 'UNSPECIFIED', 'UNSPECIFIED', ('UNSPECIFIED'), ('UNSPECIFIED'), ('UNSPECIFIED') ) ;
#2659 = CARTESIAN_POINT ( 'NONE',  ( -15.05650919409484900, 7.893157827856289700, -10.05650919409484900 ) ) ;
#2660 = CARTESIAN_POINT ( 'NONE',  ( 7.261899367811261100, -9.995146998136467800, -17.29999999999999400 ) ) ;
#2661 = DIRECTION ( 'NONE',  ( 1.000000000000000000, 0.0000000000000000000, 0.0000000000000000000 ) ) ;
#2662 = DIRECTION ( 'NONE',  ( 0.4219102862109855300, -0.8024857760600674400, -0.4219102862109855300 ) ) ;
#2663 = CARTESIAN_POINT ( 'NONE',  ( 0.5450892730259804300, -16.94123306269151300, -2.280533563299027100 ) ) ;
#2664 = FACE_OUTER_BOUND ( 'NONE', #1582, .T. ) ;
#2665 = CARTESIAN_POINT ( 'NONE',  ( -3.965470391606085600, -12.20446294140194800, -18.72500000273118200 ) ) ;
#2666 = CIRCLE ( 'NONE', #4204, 16.00000000000000000 ) ;
#2667 = CARTESIAN_POINT ( 'NONE',  ( -14.40262853675671200, 9.006787523544899100, -9.975377292836915500 ) ) ;
#2668 = CARTESIAN_POINT ( 'NONE',  ( -3.630949683905633200, -11.17491406646805200, -18.10000000546236600 ) ) ;
#2669 = CARTESIAN_POINT ( 'NONE',  ( -7.261899367811262900, 9.995146998136467800, -10.80000000546236500 ) ) ;
#2670 = EDGE_CURVE ( 'NONE', #4253, #1406, #1079, .T. ) ;
#2671 = DIRECTION ( 'NONE',  ( -0.0000000000000000000, -0.0000000000000000000, 1.000000000000000000 ) ) ;
#2672 = ORIENTED_EDGE ( 'NONE', *, *, #946, .T. ) ;
#2673 = ADVANCED_FACE ( 'NONE', ( #519 ), #5082, .T. ) ;
#2674 = EDGE_CURVE ( 'NONE', #4666, #3105, #5164, .T. ) ;
#2675 = DIRECTION ( 'NONE',  ( 0.03215865917557456100, 0.9994827765599712000, 0.0000000000000000000 ) ) ;
#2676 = ORIENTED_EDGE ( 'NONE', *, *, #2047, .T. ) ;
#2677 = CARTESIAN_POINT ( 'NONE',  ( -15.00142107025696300, -7.969648432329574200, -9.975377292836871100 ) ) ;
#2678 = CARTESIAN_POINT ( 'NONE',  ( 17.00000000000000000, 0.0000000000000000000, -12.04142135623731700 ) ) ;
#2679 = ORIENTED_EDGE ( 'NONE', *, *, #4442, .F. ) ;
#2680 = CARTESIAN_POINT ( 'NONE',  ( -0.5434813400672069400, 16.89125892386351800, -2.367136103677472300 ) ) ;
#2681 = CARTESIAN_POINT ( 'NONE',  ( 9.505949683905631900, 6.906476714436558400, -12.79999999999999400 ) ) ;
#2682 = AXIS2_PLACEMENT_3D ( 'NONE', #5410, #73, #210 ) ;
#2683 = LINE ( 'NONE', #1431, #2278 ) ;
#2684 = AXIS2_PLACEMENT_3D ( 'NONE', #4953, #2390, #5371 ) ;
#2685 = DIRECTION ( 'NONE',  ( -0.0000000000000000000, -0.0000000000000000000, 1.000000000000000000 ) ) ;
#2686 = CARTESIAN_POINT ( 'NONE',  ( -7.930940783212167700, 10.91600350634071700, -17.42500000273117400 ) ) ;
#2687 = ORIENTED_EDGE ( 'NONE', *, *, #1056, .T. ) ;
#2688 = CARTESIAN_POINT ( 'NONE',  ( -11.86163950859456100, -4.896465999361847600, -10.99999999999999800 ) ) ;
#2689 = EDGE_LOOP ( 'NONE', ( #686, #1810, #1104, #1354, #2808 ) ) ;
#2690 = DIRECTION ( 'NONE',  ( 0.0000000000000000000, 0.0000000000000000000, -1.000000000000000000 ) ) ;
#2691 = CARTESIAN_POINT ( 'NONE',  ( -3.630949683905630600, 11.17491406646805400, -20.90000000546236300 ) ) ;
#2692 = ORIENTED_EDGE ( 'NONE', *, *, #1464, .T. ) ;
#2693 = DIRECTION ( 'NONE',  ( 1.000000000000000000, 0.0000000000000000000, 0.0000000000000000000 ) ) ;
#2694 = CARTESIAN_POINT ( 'NONE',  ( 12.83253174999999600, 4.169542318109123800, -14.02500000273117600 ) ) ;
#2695 = CARTESIAN_POINT ( 'NONE',  ( -2.269518105932784400E-015, -12.35468113479963900, -11.49999999999999500 ) ) ;
#2696 = B_SPLINE_CURVE_WITH_KNOTS ( 'NONE', 3,
 ( #5397, #2417, #266, #3260, #705, #3695, #1135, #4149, #1585, #4574, #2014, #4997, #2439, #5415, #2854, #279, #3282, #724, #3717, #1154, #4166, #1605, #4591, #2034 ),
 .UNSPECIFIED., .F., .F.,
 ( 4, 2, 2, 2, 2, 2, 2, 2, 2, 2, 2, 4 ),
 ( 2.627715044371011400E-015, 0.002221178578617725200, 0.003331767867925272700, 0.004442357157232819700, 0.006663535735847914700, 0.007774125025155465200, 0.008884714314463014800, 0.01110589289307811400, 0.01332707147169321300, 0.01443766076100076400, 0.01554825005030831600, 0.01776942862892341700 ),
 .UNSPECIFIED. ) ;
#2697 = CARTESIAN_POINT ( 'NONE',  ( -2.846248085872748100, -15.67722597712968200, -1.724853803131567000 ) ) ;
#2698 = ADVANCED_FACE ( 'NONE', ( #2806 ), #4097, .F. ) ;
#2699 = ORIENTED_EDGE ( 'NONE', *, *, #3568, .F. ) ;
#2700 = CARTESIAN_POINT ( 'NONE',  ( -6.284284884195407100, 13.63453055189494400, -1.127163199466017000 ) ) ;
#2701 = CARTESIAN_POINT ( 'NONE',  ( -11.75000000000001200, -3.817806430736634400, -20.40000000546236700 ) ) ;
#2702 = CARTESIAN_POINT ( 'NONE',  ( 12.83253174999999900, 0.0000000000000000000, -16.12500000273118100 ) ) ;
#2703 = EDGE_CURVE ( 'NONE', #3105, #144, #4319, .T. ) ;
#2704 = EDGE_CURVE ( 'NONE', #2597, #585, #3077, .T. ) ;
#2705 = CARTESIAN_POINT ( 'NONE',  ( -7.843149828058242800, -10.19136888744417600, -11.00000000000000200 ) ) ;
#2706 = ORIENTED_EDGE ( 'NONE', *, *, #2704, .F. ) ;
#2707 = CARTESIAN_POINT ( 'NONE',  ( -4.994959279556733000, 11.08229712920203400, -11.09796648125319900 ) ) ;
#2708 = CARTESIAN_POINT ( 'NONE',  ( -10.38173626660608300, -7.542772912224919000, -20.92500000273117800 ) ) ;
#2709 = ORIENTED_EDGE ( 'NONE', *, *, #3202, .T. ) ;
#2710 = AXIS2_PLACEMENT_3D ( 'NONE', #5422, #3521, #2636 ) ;
#2711 = CARTESIAN_POINT ( 'NONE',  ( -3.830397993593503500, 11.51539095987249800, -11.11823532524269000 ) ) ;
#2712 = CARTESIAN_POINT ( 'NONE',  ( -8.037401281824584100, 12.62238159408872600, -1.125186517200064600 ) ) ;
#2713 = CIRCLE ( 'NONE', #3789, 0.1000000000000003200 ) ;
#2714 = CARTESIAN_POINT ( 'NONE',  ( -11.74999999999998800, 3.817806430736662400, -20.60000000546235900 ) ) ;
#2715 = CARTESIAN_POINT ( 'NONE',  ( -1.679563575651600100, -16.28810033793965700, -1.924705816178465800 ) ) ;
#2716 = CIRCLE ( 'NONE', #4055, 0.1000000000000000100 ) ;
#2717 = CARTESIAN_POINT ( 'NONE',  ( 15.02928932188132500, 7.864535902287420800, -10.02928932188132500 ) ) ;
#2718 = CARTESIAN_POINT ( 'NONE',  ( -7.930940783212167700, 10.91600350634071700, -23.67500000273118500 ) ) ;
#2719 = CARTESIAN_POINT ( 'NONE',  ( -8.641929610502268500, -12.27335584095894400, -1.125359326319683500 ) ) ;
#2720 = ORIENTED_EDGE ( 'NONE', *, *, #2146, .T. ) ;
#2721 = CARTESIAN_POINT ( 'NONE',  ( -2.478609629921899900E-015, -13.49292237646318400, -20.62500000273117400 ) ) ;
#2722 = CALENDAR_DATE ( 2018, 9, 8 ) ;
#2723 = CARTESIAN_POINT ( 'NONE',  ( -12.50000000000000000, 1.530808498934191500E-015, -3.999999999999997300 ) ) ;
#2724 = CARTESIAN_POINT ( 'NONE',  ( 11.74999999999999800, 0.0000000000000000000, -19.50000000546236800 ) ) ;
#2725 = CARTESIAN_POINT ( 'NONE',  ( -7.930940783212169400, -10.91600350634071700, -14.82500000273117600 ) ) ;
#2726 = CARTESIAN_POINT ( 'NONE',  ( -2.459510162621912200, -12.48850287924326200, -10.99999999999999800 ) ) ;
#2727 = CARTESIAN_POINT ( 'NONE',  ( 0.7037567805849827000, -16.94801430471912700, -10.02928932188122200 ) ) ;
#2728 = CARTESIAN_POINT ( 'NONE',  ( -0.7037567805850124500, 16.94801430471915200, -10.02928932188131300 ) ) ;
#2729 = ADVANCED_FACE ( 'NONE', ( #3952 ), #4502, .T. ) ;
#2730 = CARTESIAN_POINT ( 'NONE',  ( 8.262032099739666100E-016, 13.49292237646318100, -19.62500000273118100 ) ) ;
#2731 = EDGE_LOOP ( 'NONE', ( #1376, #2573 ) ) ;
#2732 = CARTESIAN_POINT ( 'NONE',  ( -7.406147987898542300, 9.712708074670860700, -11.05145414701431300 ) ) ;
#2733 = CARTESIAN_POINT ( 'NONE',  ( -3.630949683905633200, -11.17491406646805200, -18.10000000546236600 ) ) ;
#2734 = CARTESIAN_POINT ( 'NONE',  ( -17.00000000000000000, 2.081899558550500300E-015, -12.04142135623731700 ) ) ;
#2735 = VECTOR ( 'NONE', #5486, 1000.000000000000000 ) ;
#2736 = CARTESIAN_POINT ( 'NONE',  ( -12.83253174999999900, 1.571531893259428100E-015, -17.12500000273118100 ) ) ;
#2737 = CARTESIAN_POINT ( 'NONE',  ( 12.83253174999999900, 0.0000000000000000000, -22.37500000273118400 ) ) ;
#2738 = B_SPLINE_CURVE_WITH_KNOTS ( 'NONE', 3,
 ( #216, #3204, #3639, #1078, #4089, #1526, #4514, #1955, #4944, #2380, #5362, #2799 ),
 .UNSPECIFIED., .F., .F.,
 ( 4, 2, 2, 2, 2, 4 ),
 ( 0.0000000000000000000, 0.004037634735650902200, 0.006056452103476354600, 0.008075269471301807800, 0.01211290420695271600, 0.01615053894260362600 ),
 .UNSPECIFIED. ) ;
#2739 = CARTESIAN_POINT ( 'NONE',  ( -14.42070042309488700, -8.994712804511991100, -2.307030028425081500 ) ) ;
#2740 = ORIENTED_EDGE ( 'NONE', *, *, #5252, .T. ) ;
#2741 =( BOUNDED_SURFACE ( )  B_SPLINE_SURFACE ( 3, 2, ( 
 ( #823, #363, #2130 ),
 ( #5106, #2547, #45 ),
 ( #3036, #472, #3479 ),
 ( #909, #3920, #1348 ) ),
 .UNSPECIFIED., .F., .F., .F. ) 
 B_SPLINE_SURFACE_WITH_KNOTS ( ( 4, 4 ),
 ( 3, 3 ),
 ( 0.0002667430622044858200, 0.0004638894166354487300 ),
 ( 0.0000000000000000000, 1.000000000000000000 ),
 .UNSPECIFIED. ) 
 GEOMETRIC_REPRESENTATION_ITEM ( )  RATIONAL_B_SPLINE_SURFACE ( (
 ( 1.000000000000000000, 0.9699630933014223900, 1.000000000000000000),
 ( 1.000000000000000000, 0.9687131023552733000, 1.000000000000000000),
 ( 1.000000000000000000, 0.9339354041471073000, 1.000000000000000000),
 ( 1.000000000000000000, 0.9016308760050607600, 1.000000000000000000) ) ) 
 REPRESENTATION_ITEM ( '' )  SURFACE ( )  );
#2742 = ORIENTED_EDGE ( 'NONE', *, *, #4726, .T. ) ;
#2743 = CARTESIAN_POINT ( 'NONE',  ( -0.5434813400672124900, 16.89125892386351100, -9.958578643762656700 ) ) ;
#2744 = CYLINDRICAL_SURFACE ( 'NONE', #1470, 0.09999999999999939500 ) ;
#2745 = EDGE_CURVE ( 'NONE', #1269, #947, #4960, .T. ) ;
#2746 = CARTESIAN_POINT ( 'NONE',  ( 7.261899367811261100, -9.995146998136467800, -15.29999999999999200 ) ) ;
#2747 = CARTESIAN_POINT ( 'NONE',  ( -3.965470391606082900, 12.20446294140195000, -13.52500000273118100 ) ) ;
#2748 = CARTESIAN_POINT ( 'NONE',  ( -9.827608303013697400, 11.64653577645362700, -1.342771886063879300 ) ) ;
#2749 = CARTESIAN_POINT ( 'NONE',  ( 11.93267157820698400, 5.009348541046774600, -22.08253174999999400 ) ) ;
#2750 = FACE_OUTER_BOUND ( 'NONE', #890, .T. ) ;
#2751 = CARTESIAN_POINT ( 'NONE',  ( 14.89999999999999700, 7.974960814950764900, 0.0000000000000000000 ) ) ;
#2752 = AXIS2_PLACEMENT_3D ( 'NONE', #4424, #1425, #980 ) ;
#2753 = CARTESIAN_POINT ( 'NONE',  ( 10.38173626660608100, -7.542772912224923400, -18.32500000273118000 ) ) ;
#2754 = EDGE_LOOP ( 'NONE', ( #1371, #3569, #3158, #2549 ) ) ;
#2755 = ORIENTED_EDGE ( 'NONE', *, *, #4267, .T. ) ;
#2756 = SPHERICAL_SURFACE ( 'NONE', #303, 0.1000000000000000100 ) ;
#2757 = AXIS2_PLACEMENT_3D ( 'NONE', #1965, #4064, #1455 ) ;
#2758 = CARTESIAN_POINT ( 'NONE',  ( -0.6454501169203216100, -16.96386578447431500, -10.00985984045957300 ) ) ;
#2759 = CARTESIAN_POINT ( 'NONE',  ( 12.83253174999999900, 0.0000000000000000000, -12.12500000273118100 ) ) ;
#2760 = CARTESIAN_POINT ( 'NONE',  ( -7.930940783212169400, -10.91600350634071700, -21.07500000273118000 ) ) ;
#2761 = ORIENTED_EDGE ( 'NONE', *, *, #3824, .T. ) ;
#2762 = CARTESIAN_POINT ( 'NONE',  ( 7.565060353109282100E-016, 12.35468113479963900, -19.00000000546236500 ) ) ;
#2763 = ADVANCED_FACE ( 'NONE', ( #5215 ), #2929, .T. ) ;
#2764 = DIRECTION ( 'NONE',  ( 0.3535533905932772800, -0.6123724356957939200, -0.7071067811865464600 ) ) ;
#2765 = DIRECTION ( 'NONE',  ( -0.7071067811865463500, 0.0000000000000000000, 0.7071067811865486800 ) ) ;
#2766 = DIRECTION ( 'NONE',  ( 1.000000000000000000, 0.0000000000000000000, 0.0000000000000000000 ) ) ;
#2767 = ORIENTED_EDGE ( 'NONE', *, *, #396, .T. ) ;
#2768 = CARTESIAN_POINT ( 'NONE',  ( 12.83253174999999600, -4.169542318109129100, -12.22500000273117700 ) ) ;
#2769 = CARTESIAN_POINT ( 'NONE',  ( 14.94567340344080900, -6.703393778835831500, -1.928480961863476200 ) ) ;
#2770 = CARTESIAN_POINT ( 'NONE',  ( -11.74999999999999800, 1.438959988998139800E-015, 0.0000000000000000000 ) ) ;
#2771 = VERTEX_POINT ( 'NONE', #688 ) ;
#2772 = CARTESIAN_POINT ( 'NONE',  ( -12.83253175000000100, -4.169542318109122000, -17.02500000273117900 ) ) ;
#2773 = VERTEX_POINT ( 'NONE', #3678 ) ;
#2774 = CARTESIAN_POINT ( 'NONE',  ( -3.965470391606082900, 12.20446294140195000, -19.77500000273117900 ) ) ;
#2775 = CARTESIAN_POINT ( 'NONE',  ( 14.40651865993554600, 9.002900649288520200, -9.970559123675231600 ) ) ;
#2776 = CARTESIAN_POINT ( 'NONE',  ( 0.0000000000000000000, 0.0000000000000000000, 0.0000000000000000000 ) ) ;
#2777 = DIRECTION ( 'NONE',  ( 0.7071067811865425800, 0.0000000000000000000, 0.7071067811865525700 ) ) ;
#2778 = CARTESIAN_POINT ( 'NONE',  ( 14.99999999999999500, 8.000039308079546900, -9.958578643762688600 ) ) ;
#2779 = ORIENTED_EDGE ( 'NONE', *, *, #4653, .F. ) ;
#2780 = CARTESIAN_POINT ( 'NONE',  ( -3.965470391606082900, 12.20446294140195000, -19.77500000273117900 ) ) ;
#2781 = CARTESIAN_POINT ( 'NONE',  ( -0.5934813400672125400, 16.97786146424195400, -9.958578643762656700 ) ) ;
#2782 = CARTESIAN_POINT ( 'NONE',  ( 17.00000000000000000, 1.371441215039145700, -12.04142135623731700 ) ) ;
#2783 = ORIENTED_EDGE ( 'NONE', *, *, #1973, .T. ) ;
#2784 = CARTESIAN_POINT ( 'NONE',  ( -10.38173626660608300, -7.542772912224919000, -10.92500000273118100 ) ) ;
#2785 = EDGE_CURVE ( 'NONE', #4357, #556, #793, .T. ) ;
#2786 = EDGE_CURVE ( 'NONE', #835, #992, #3064, .T. ) ;
#2787 = CARTESIAN_POINT ( 'NONE',  ( 14.99999999999999800, -0.6547412016104160500, -1.211798444724211400 ) ) ;
#2788 = AXIS2_PLACEMENT_3D ( 'NONE', #3549, #974, #3993 ) ;
#2789 = ADVANCED_FACE ( 'NONE', ( #1953 ), #2081, .F. ) ;
#2790 = CARTESIAN_POINT ( 'NONE',  ( 3.965470391606083800, 12.20446294140194800, -15.72500000273117800 ) ) ;
#2791 = FACE_OUTER_BOUND ( 'NONE', #2418, .T. ) ;
#2792 = CARTESIAN_POINT ( 'NONE',  ( 12.83253174999999800, -4.169542318109129100, -18.47500000273118200 ) ) ;
#2793 = CARTESIAN_POINT ( 'NONE',  ( -14.37473446378870500, -9.075627201222255600, -10.09999999999989500 ) ) ;
#2794 = CARTESIAN_POINT ( 'NONE',  ( -0.5717627279290364900, -16.99040071080634800, -9.958578643762766800 ) ) ;
#2795 = CARTESIAN_POINT ( 'NONE',  ( 12.83253174999999600, -4.169542318109129100, -18.47500000273118200 ) ) ;
#2796 = CARTESIAN_POINT ( 'NONE',  ( -7.930940783212169400, -10.91600350634071700, -23.07500000273118000 ) ) ;
#2797 = CARTESIAN_POINT ( 'NONE',  ( 14.95857864376266000, -7.864535902287415500, -10.09999999999996900 ) ) ;
#2798 = CARTESIAN_POINT ( 'NONE',  ( 16.17853960580893600, 5.398325893030651900, -11.17853960580893800 ) ) ;
#2799 = CARTESIAN_POINT ( 'NONE',  ( 14.40651865993280000, 9.002900649291211400, -2.367136103677472700 ) ) ;
#2800 = DIRECTION ( 'NONE',  ( -0.0000000000000000000, -0.0000000000000000000, 1.000000000000000000 ) ) ;
#2801 = CARTESIAN_POINT ( 'NONE',  ( 14.99999999999999300, 6.699561484463473000, -1.956362533150749900 ) ) ;
#2802 = CARTESIAN_POINT ( 'NONE',  ( -9.505949683905630100, 6.906476714436559300, -14.70000000546236600 ) ) ;
#2803 = ORIENTED_EDGE ( 'NONE', *, *, #977, .T. ) ;
#2804 = CARTESIAN_POINT ( 'NONE',  ( 14.40651865993279100, -9.002900649291218500, -9.958578643762788100 ) ) ;
#2805 = CARTESIAN_POINT ( 'NONE',  ( 7.930940783212165900, -10.91600350634071900, -14.42500000273118000 ) ) ;
#2806 = FACE_OUTER_BOUND ( 'NONE', #3443, .T. ) ;
#2807 = CARTESIAN_POINT ( 'NONE',  ( -10.38173626660608300, -7.542772912224919000, -17.17500000273117800 ) ) ;
#2808 = ORIENTED_EDGE ( 'NONE', *, *, #5137, .F. ) ;
#2809 = PLANE ( 'NONE',  #4948 ) ;
#2810 = DIRECTION ( 'NONE',  ( 1.000000000000000000, 0.0000000000000000000, 0.0000000000000000000 ) ) ;
#2811 = DIRECTION ( 'NONE',  ( 0.9059282113491790000, 0.03585786205335944600, -0.4219102862109903600 ) ) ;
#2812 = CARTESIAN_POINT ( 'NONE',  ( -10.38173626660608300, -7.542772912224919000, -17.17500000273117800 ) ) ;
#2813 = CIRCLE ( 'NONE', #1477, 0.1000000000000005600 ) ;
#2814 = CARTESIAN_POINT ( 'NONE',  ( -3.965470391606082900, 12.20446294140195000, -21.77500000273117900 ) ) ;
#2815 = ADVANCED_FACE ( 'NONE', ( #5353 ), #1588, .T. ) ;
#2816 = EDGE_CURVE ( 'NONE', #4425, #1962, #923, .T. ) ;
#2817 = ORIENTED_EDGE ( 'NONE', *, *, #5137, .T. ) ;
#2818 = CARTESIAN_POINT ( 'NONE',  ( 12.61121593216763700, 24.60159698893438200, -10.00000000000000000 ) ) ;
#2819 = EDGE_CURVE ( 'NONE', #1075, #5497, #4747, .T. ) ;
#2820 = CARTESIAN_POINT ( 'NONE',  ( 17.67152257745952700, -2.838930521398227700, -12.67152257745954100 ) ) ;
#2821 = FACE_OUTER_BOUND ( 'NONE', #2312, .T. ) ;
#2822 = DIRECTION ( 'NONE',  ( -0.8660254037844386000, 0.5000000000000002200, -2.599838332348680300E-015 ) ) ;
#2823 = DIRECTION ( 'NONE',  ( 1.000000000000000000, 0.0000000000000000000, 0.0000000000000000000 ) ) ;
#2824 = CARTESIAN_POINT ( 'NONE',  ( -12.83253174999999900, 1.571531893259428100E-015, -13.12500000273117900 ) ) ;
#2825 = CARTESIAN_POINT ( 'NONE',  ( 8.262032099739666100E-016, 13.49292237646318100, -15.87500000273118200 ) ) ;
#2826 = AXIS2_PLACEMENT_3D ( 'NONE', #2921, #354, #3358 ) ;
#2827 = CARTESIAN_POINT ( 'NONE',  ( 0.0000000000000000000, 0.0000000000000000000, -3.999999999999997300 ) ) ;
#2828 = CARTESIAN_POINT ( 'NONE',  ( -15.00000000000000000, -7.974960814950756000, -9.958578643762690400 ) ) ;
#2829 =( NAMED_UNIT ( * ) SI_UNIT ( $, .STERADIAN. ) SOLID_ANGLE_UNIT ( ) );
#2830 = CARTESIAN_POINT ( 'NONE',  ( -7.261899367811265500, -9.995146998136466000, -22.20000000546236400 ) ) ;
#2831 = CARTESIAN_POINT ( 'NONE',  ( 8.262032099739667100E-016, 13.49292237646318400, -15.87500000273117900 ) ) ;
#2832 = CARTESIAN_POINT ( 'NONE',  ( 12.83253174999999600, -4.169542318109129100, -20.47500000273117800 ) ) ;
#2833 = ORIENTED_EDGE ( 'NONE', *, *, #399, .F. ) ;
#2834 = CARTESIAN_POINT ( 'NONE',  ( -14.94568553691589900, 6.693514101500438700, -1.925795454636816300 ) ) ;
#2835 = CARTESIAN_POINT ( 'NONE',  ( -0.6131960537233537300, -16.98895396941618700, -10.06870265263761300 ) ) ;
#2836 = ORIENTED_EDGE ( 'NONE', *, *, #1864, .T. ) ;
#2837 = ORIENTED_EDGE ( 'NONE', *, *, #3822, .F. ) ;
#2838 = CC_DESIGN_PERSON_AND_ORGANIZATION_ASSIGNMENT ( #4412, #3708, ( #1707 ) ) ;
#2839 = CARTESIAN_POINT ( 'NONE',  ( 14.35732382435215900, -9.051932430371737200, -10.01562160393512500 ) ) ;
#2840 = CARTESIAN_POINT ( 'NONE',  ( 7.930940783212167700, 10.91600350634071900, -11.82500000273118000 ) ) ;
#2841 = ORIENTED_EDGE ( 'NONE', *, *, #1899, .T. ) ;
#2842 = CARTESIAN_POINT ( 'NONE',  ( 10.38173626660608100, -7.542772912224923400, -14.57500000273118200 ) ) ;
#2843 = CARTESIAN_POINT ( 'NONE',  ( 14.32553254129628900, 9.083478402431536500, -10.02928932188182600 ) ) ;
#2844 = DATE_TIME_ROLE ( 'creation_date' ) ;
#2845 = CARTESIAN_POINT ( 'NONE',  ( 1.695488591810251400, 16.34161728079925500, -1.957152748357321400 ) ) ;
#2846 = CARTESIAN_POINT ( 'NONE',  ( 10.38173626660608100, -7.542772912224923400, -14.57500000273118200 ) ) ;
#2847 = EDGE_CURVE ( 'NONE', #4999, #4520, #2193, .T. ) ;
#2848 = ORIENTED_EDGE ( 'NONE', *, *, #10, .T. ) ;
#2849 = CARTESIAN_POINT ( 'NONE',  ( -10.38173626660608300, -7.542772912224919000, -19.17500000273118100 ) ) ;
#2850 = FACE_OUTER_BOUND ( 'NONE', #2476, .T. ) ;
#2851 = DIRECTION ( 'NONE',  ( -1.000000000000000000, 6.938893903907224600E-014, 0.0000000000000000000 ) ) ;
#2852 = FACE_OUTER_BOUND ( 'NONE', #557, .T. ) ;
#2853 = CARTESIAN_POINT ( 'NONE',  ( 14.98816568047337200, -8.022149932198987100, -9.958578643762690400 ) ) ;
#2854 = CARTESIAN_POINT ( 'NONE',  ( 7.041969738202459100, 10.00445369011243300, -21.46188329064809600 ) ) ;
#2855 = CARTESIAN_POINT ( 'NONE',  ( 7.261899367811263800, 9.995146998136467800, -12.69999999999999200 ) ) ;
#2856 = EDGE_CURVE ( 'NONE', #1267, #135, #3495, .T. ) ;
#2857 = CARTESIAN_POINT ( 'NONE',  ( -15.00000000000000000, -6.673083388999685900, -2.012444161457497500 ) ) ;
#2858 = CIRCLE ( 'NONE', #5399, 0.1000000000000006600 ) ;
#2859 = DATE_AND_TIME ( #2722, #1460 ) ;
#2860 = DIRECTION ( 'NONE',  ( 0.0000000000000000000, 1.000000000000000000, 0.0000000000000000000 ) ) ;
#2861 = CARTESIAN_POINT ( 'NONE',  ( 0.5466972059847717800, 16.99120720151951500, 0.0000000000000000000 ) ) ;
#2862 = CARTESIAN_POINT ( 'NONE',  ( -12.83253175000000100, -4.169542318109122000, -13.27500000273118100 ) ) ;
#2863 = CARTESIAN_POINT ( 'NONE',  ( 0.0000000000000000000, 0.0000000000000000000, -3.999999999999997300 ) ) ;
#2864 = CARTESIAN_POINT ( 'NONE',  ( -0.6366532074006483500, 16.98810585114790700, -10.03788109651216100 ) ) ;
#2865 = CARTESIAN_POINT ( 'NONE',  ( -10.38173626660608300, -7.542772912224919000, -18.92500000273118100 ) ) ;
#2866 = CARTESIAN_POINT ( 'NONE',  ( -12.83253174999999900, -4.169542318109122000, -13.27500000273117900 ) ) ;
#2867 = ORIENTED_EDGE ( 'NONE', *, *, #86, .T. ) ;
#2868 = FACE_BOUND ( 'NONE', #895, .T. ) ;
#2869 = CARTESIAN_POINT ( 'NONE',  ( -14.94718250611358800, 5.375188348706720000, -1.634905453294852200 ) ) ;
#2870 = DIRECTION ( 'NONE',  ( 0.8660254037844381500, 1.060575238724906300E-016, -0.5000000000000008900 ) ) ;
#2871 = MANIFOLD_SOLID_BREP ( 'Скругление2', #5158 ) ;
#2872 = VERTEX_POINT ( 'NONE', #4202 ) ;
#2873 = CARTESIAN_POINT ( 'NONE',  ( -15.00000000000000200, 7.974960814950754300, -2.367136103677472300 ) ) ;
#2874 = CIRCLE ( 'NONE', #779, 0.1000000000000001200 ) ;
#2875 = DIRECTION ( 'NONE',  ( 0.0000000000000000000, 0.0000000000000000000, -1.000000000000000000 ) ) ;
#2876 = CARTESIAN_POINT ( 'NONE',  ( -14.98816568047337600, -8.022149932198985300, -9.992252546374127000 ) ) ;
#2877 = EDGE_LOOP ( 'NONE', ( #2162, #3851, #182 ) ) ;
#2878 =( BOUNDED_CURVE ( )  B_SPLINE_CURVE ( 2, ( #4713, #5142, #432, #3445, #875, #3876, #1307, #4322, #4230, #1669, #4661 ),
 .UNSPECIFIED., .F., .F. ) 
 B_SPLINE_CURVE_WITH_KNOTS ( ( 3, 2, 2, 2, 2, 3 ),
 ( 0.4285714285714284400, 0.4428571428571427300, 0.4571428571428570200, 0.4714285714285713100, 0.4857142857142856000, 0.4999999999999998900 ),
 .UNSPECIFIED. ) 
 CURVE ( )  GEOMETRIC_REPRESENTATION_ITEM ( )  RATIONAL_B_SPLINE_CURVE ( ( 1.000000000000000400, 0.9510565162951532000, 1.000000000000000000, 0.9510565162951535300, 1.000000000000000000, 0.9510565162951535300, 1.000000000000000000, 0.9510565162951535300, 1.000000000000000000, 0.9510565162951538600, 0.9999999999999996700 ) ) 
 REPRESENTATION_ITEM ( '' )  );
#2879 = TOROIDAL_SURFACE ( 'NONE', #5118, 16.00000000000000000, 1.000000000000000000 ) ;
#2880 = CARTESIAN_POINT ( 'NONE',  ( 3.965470391606083800, 12.20446294140194800, -11.97500000273118000 ) ) ;
#2881 = CARTESIAN_POINT ( 'NONE',  ( -15.03045783297350500, 7.942695074564195300, -10.03788109651219100 ) ) ;
#2882 = CARTESIAN_POINT ( 'NONE',  ( -7.930940783212169400, -10.91600350634071900, -21.07500000273118000 ) ) ;
#2883 = CARTESIAN_POINT ( 'NONE',  ( 15.00107372472586300, 7.970947469711749300, -9.973338977103537700 ) ) ;
#2884 = CARTESIAN_POINT ( 'NONE',  ( 3.965470391606083800, 12.20446294140194800, -11.97500000273118000 ) ) ;
#2885 = TOROIDAL_SURFACE ( 'NONE', #2053, 12.97320508075688600, 0.1000000000000000100 ) ;
#2886 = EDGE_CURVE ( 'NONE', #1363, #4999, #2207, .T. ) ;
#2887 = EDGE_CURVE ( 'NONE', #4969, #1019, #5473, .T. ) ;
#2888 = CARTESIAN_POINT ( 'NONE',  ( -14.98816568047337400, 8.022149932198983500, -2.367136103677473200 ) ) ;
#2889 = CARTESIAN_POINT ( 'NONE',  ( 6.413607801864258400, -10.36025468547032300, -11.08334640514305700 ) ) ;
#2890 = AXIS2_PLACEMENT_3D ( 'NONE', #5053, #2491, #5463 ) ;
#2891 = CARTESIAN_POINT ( 'NONE',  ( -6.379345560682224900, 16.76080848384116400, -12.74223325557818100 ) ) ;
#2892 = AXIS2_PLACEMENT_3D ( 'NONE', #3155, #540, #4658 ) ;
#2893 = ORIENTED_EDGE ( 'NONE', *, *, #154, .F. ) ;
#2894 = CARTESIAN_POINT ( 'NONE',  ( -14.98816568047337400, 8.022149932198983500, -9.958578643762692200 ) ) ;
#2895 = CARTESIAN_POINT ( 'NONE',  ( -11.75000000000000200, -3.817806430736646400, -12.40000000546236700 ) ) ;
#2896 = AXIS2_PLACEMENT_3D ( 'NONE', #4656, #2093, #5072 ) ;
#2897 = CARTESIAN_POINT ( 'NONE',  ( -11.74999999999999800, 1.438959988998139800E-015, -17.99999999999999600 ) ) ;
#2898 = CARTESIAN_POINT ( 'NONE',  ( 14.99710858278002900, 8.005454423800651800, -10.02281938474079200 ) ) ;
#2899 = CARTESIAN_POINT ( 'NONE',  ( -14.32553254129631300, -9.083478402431509800, -10.02928932188175500 ) ) ;
#2900 = CARTESIAN_POINT ( 'NONE',  ( -13.27660752968387200, -9.655255144500779700, -2.011672711641495900 ) ) ;
#2901 = VERTEX_POINT ( 'NONE', #2067 ) ;
#2902 = CARTESIAN_POINT ( 'NONE',  ( 7.930940783212165900, -10.91600350634071700, -10.67500000273118000 ) ) ;
#2903 = CARTESIAN_POINT ( 'NONE',  ( 12.83253174999999600, -4.169542318109129100, -20.22500000273117800 ) ) ;
#2904 = ORIENTED_EDGE ( 'NONE', *, *, #3600, .F. ) ;
#2905 = CARTESIAN_POINT ( 'NONE',  ( -0.5934813400671923300, -16.97786146424195800, -2.367136103677470100 ) ) ;
#2906 =( BOUNDED_CURVE ( )  B_SPLINE_CURVE ( 3, ( #3517, #4916, #1646, #5005 ),
 .UNSPECIFIED., .F., .F. ) 
 B_SPLINE_CURVE_WITH_KNOTS ( ( 4, 4 ),
 ( 2.657554577411168900, 3.141592653589793100 ),
 .UNSPECIFIED. ) 
 CURVE ( )  GEOMETRIC_REPRESENTATION_ITEM ( )  RATIONAL_B_SPLINE_CURVE ( ( 1.000000000000000000, 0.9805707097901814600, 0.9805707097901814600, 1.000000000000000000 ) ) 
 REPRESENTATION_ITEM ( '' )  );
#2907 = CARTESIAN_POINT ( 'NONE',  ( 0.5434813400672141600, 16.89125892386351400, -9.958578643762720600 ) ) ;
#2908 = CARTESIAN_POINT ( 'NONE',  ( 11.74999999999999800, 0.0000000000000000000, -15.50000000546236700 ) ) ;
#2909 = ORIENTED_EDGE ( 'NONE', *, *, #2113, .F. ) ;
#2910 = CARTESIAN_POINT ( 'NONE',  ( -7.930940783212167700, 10.91600350634071700, -17.67500000273117800 ) ) ;
#2911 = PERSON_AND_ORGANIZATION ( #2658, #1528 ) ;
#2912 = CARTESIAN_POINT ( 'NONE',  ( 0.5466972059847716700, 16.99120720151951100, -9.958578643762720600 ) ) ;
#2913 = DIRECTION ( 'NONE',  ( 0.0000000000000000000, 0.0000000000000000000, 1.000000000000000000 ) ) ;
#2914 = CARTESIAN_POINT ( 'NONE',  ( -14.41850235180647700, -9.005993130866116300, -10.00569375873971900 ) ) ;
#2915 = DIRECTION ( 'NONE',  ( -1.000000000000000000, 3.469446951953614200E-014, 0.0000000000000000000 ) ) ;
#2916 = DIRECTION ( 'NONE',  ( -0.0000000000000000000, -0.0000000000000000000, 1.000000000000000000 ) ) ;
#2917 = EDGE_CURVE ( 'NONE', #5432, #4708, #4360, .T. ) ;
#2918 = AXIS2_PLACEMENT_3D ( 'NONE', #1146, #4156, #1596 ) ;
#2919 = CARTESIAN_POINT ( 'NONE',  ( -3.414182441632216400, -16.71018924127738000, -11.17853960580879600 ) ) ;
#2920 = AXIS2_PLACEMENT_3D ( 'NONE', #2090, #2913, #2514 ) ;
#2921 = CARTESIAN_POINT ( 'NONE',  ( -0.5434813400671940600, -16.89125892386351400, -9.958578643762763200 ) ) ;
#2922 = VERTEX_POINT ( 'NONE', #2487 ) ;
#2923 = AXIS2_PLACEMENT_3D ( 'NONE', #551, #3554, #978 ) ;
#2924 = CARTESIAN_POINT ( 'NONE',  ( -0.6817360627384826400, 16.95402671311109800, -10.02348586136339600 ) ) ;
#2925 = CARTESIAN_POINT ( 'NONE',  ( 12.83253174999999900, 0.0000000000000000000, -16.37500000273118100 ) ) ;
#2926 = CARTESIAN_POINT ( 'NONE',  ( 6.324324435194839100, 13.61125131098965100, -1.151130145085308000 ) ) ;
#2927 = CIRCLE ( 'NONE', #634, 8.000000000000000000 ) ;
#2928 = CARTESIAN_POINT ( 'NONE',  ( 15.00000000000000000, -7.974960814950757800, -10.00000000000000000 ) ) ;
#2929 = SPHERICAL_SURFACE ( 'NONE', #3794, 0.1000000000000000100 ) ;
#2930 =( BOUNDED_CURVE ( )  B_SPLINE_CURVE ( 3, ( #3613, #4838, #4940, #5324 ),
 .UNSPECIFIED., .F., .F. ) 
 B_SPLINE_CURVE_WITH_KNOTS ( ( 4, 4 ),
 ( 2.657554577411181300, 3.625630729768429400 ),
 .UNSPECIFIED. ) 
 CURVE ( )  GEOMETRIC_REPRESENTATION_ITEM ( )  RATIONAL_B_SPLINE_CURVE ( ( 1.000000000000000000, 0.9234153311148978200, 0.9234153311148978200, 1.000000000000000000 ) ) 
 REPRESENTATION_ITEM ( '' )  );
#2931 = VERTEX_POINT ( 'NONE', #3771 ) ;
#2932 = ORIENTED_EDGE ( 'NONE', *, *, #4862, .T. ) ;
#2933 = CARTESIAN_POINT ( 'NONE',  ( -12.83253174999999900, 1.571531893259428100E-015, -21.12500000273118100 ) ) ;
#2934 = CARTESIAN_POINT ( 'NONE',  ( -5.125037426069327200, 14.30307837206186900, -1.235131295157023200 ) ) ;
#2935 = CARTESIAN_POINT ( 'NONE',  ( -14.32553254129631700, 9.083478402431733700, -10.02928932188136800 ) ) ;
#2936 = CARTESIAN_POINT ( 'NONE',  ( -10.79195676163269400, -13.20660896148107700, -11.87563955296041700 ) ) ;
#2937 = FACE_OUTER_BOUND ( 'NONE', #4789, .T. ) ;
#2938 = CARTESIAN_POINT ( 'NONE',  ( -7.261899367811262900, 9.995146998136467800, -24.29999999999999000 ) ) ;
#2939 = CARTESIAN_POINT ( 'NONE',  ( 15.02928932188113700, -7.864535902287479500, -10.02928932188183700 ) ) ;
#2940 = ORIENTED_EDGE ( 'NONE', *, *, #4088, .T. ) ;
#2941 = CIRCLE ( 'NONE', #638, 8.000000000000000000 ) ;
#2942 = CARTESIAN_POINT ( 'NONE',  ( -0.5434813400672123800, 16.89125892386351400, 0.0000000000000000000 ) ) ;
#2943 = CARTESIAN_POINT ( 'NONE',  ( -7.930940783212169400, -10.91600350634071700, -15.07500000273118000 ) ) ;
#2944 = CARTESIAN_POINT ( 'NONE',  ( -14.40592975087735200, -9.026060647253848000, -10.06922246954048800 ) ) ;
#2945 = CARTESIAN_POINT ( 'NONE',  ( 11.74999999999999800, 0.0000000000000000000, -15.50000000546236700 ) ) ;
#2946 = CARTESIAN_POINT ( 'NONE',  ( 8.099999999999999600, 9.919639073093559200E-016, -0.2232050807568865000 ) ) ;
#2947 = ORIENTED_EDGE ( 'NONE', *, *, #3670, .F. ) ;
#2948 = EDGE_CURVE ( 'NONE', #4593, #5031, #3339, .T. ) ;
#2949 = EDGE_CURVE ( 'NONE', #2056, #1952, #3201, .T. ) ;
#2950 = CARTESIAN_POINT ( 'NONE',  ( -9.666071783244650100, 14.01537961063960200, -11.97071067811868900 ) ) ;
#2951 = CARTESIAN_POINT ( 'NONE',  ( 11.74999999999999800, 0.0000000000000000000, -22.99999999999999300 ) ) ;
#2952 = EDGE_LOOP ( 'NONE', ( #4289, #3140, #2385, #5325 ) ) ;
#2953 = AXIS2_PLACEMENT_3D ( 'NONE', #477, #3485, #915 ) ;
#2954 = CARTESIAN_POINT ( 'NONE',  ( 14.99999992701641800, -8.000039445280648900, -9.983699572381542700 ) ) ;
#2955 = VERTEX_POINT ( 'NONE', #2080 ) ;
#2956 = CARTESIAN_POINT ( 'NONE',  ( 7.930940783212165900, -10.91600350634071700, -18.42500000273117400 ) ) ;
#2957 = DIRECTION ( 'NONE',  ( -0.0000000000000000000, -0.0000000000000000000, 1.000000000000000000 ) ) ;
#2958 = CARTESIAN_POINT ( 'NONE',  ( 0.5466985855111989900, 16.99120715713283400, -10.02793065430569700 ) ) ;
#2959 = CARTESIAN_POINT ( 'NONE',  ( 9.505949683905631900, 6.906476714436558400, -14.79999999999999400 ) ) ;
#2960 = CARTESIAN_POINT ( 'NONE',  ( -3.965470391606082900, 12.20446294140195000, -13.77500000273118100 ) ) ;
#2961 = ORIENTED_EDGE ( 'NONE', *, *, #1170, .T. ) ;
#2962 = DIRECTION ( 'NONE',  ( 0.0000000000000000000, 0.0000000000000000000, -1.000000000000000000 ) ) ;
#2963 = ORIENTED_EDGE ( 'NONE', *, *, #3935, .F. ) ;
#2964 = CARTESIAN_POINT ( 'NONE',  ( -0.5450892730259918600, 16.94123306269151300, -2.280533563299027100 ) ) ;
#2965 = VERTEX_POINT ( 'NONE', #4234 ) ;
#2966 = CARTESIAN_POINT ( 'NONE',  ( 7.261899367811263800, 9.995146998136467800, -21.20000000546236100 ) ) ;
#2967 = DIRECTION ( 'NONE',  ( -1.000000000000000000, 1.224646799147353900E-016, 0.0000000000000000000 ) ) ;
#2968 = ORIENTED_EDGE ( 'NONE', *, *, #4908, .T. ) ;
#2969 = DIRECTION ( 'NONE',  ( -0.0000000000000000000, -0.0000000000000000000, 1.000000000000000000 ) ) ;
#2970 = CARTESIAN_POINT ( 'NONE',  ( -2.048514720204908100, 16.93060768932061000, -10.68659372055611300 ) ) ;
#2971 = CARTESIAN_POINT ( 'NONE',  ( -15.00000000000000200, 6.682763349924122100, -2.015081431741539800 ) ) ;
#2972 = VERTEX_POINT ( 'NONE', #3792 ) ;
#2973 = CARTESIAN_POINT ( 'NONE',  ( -7.261899367811265500, -9.995146998136466000, -21.69999999999998500 ) ) ;
#2974 = B_SPLINE_CURVE_WITH_KNOTS ( 'NONE', 3,
 ( #358, #2924, #3795, #1225, #4239, #1674, #4669, #2103 ),
 .UNSPECIFIED., .F., .F.,
 ( 4, 2, 2, 4 ),
 ( 0.0000000000000000000, 7.031028170263736900E-005, 0.0001054654225539559300, 0.0001406205634052744900 ),
 .UNSPECIFIED. ) ;
#2975 = CARTESIAN_POINT ( 'NONE',  ( 0.0000000000000000000, 0.0000000000000000000, 0.0000000000000000000 ) ) ;
#2976 = CIRCLE ( 'NONE', #1842, 0.09999999999999999200 ) ;
#2977 = VECTOR ( 'NONE', #4238, 1000.000000000000200 ) ;
#2978 = CARTESIAN_POINT ( 'NONE',  ( 0.5450892730259495600, 16.94123306269153800, -2.280533563299042700 ) ) ;
#2979 = CARTESIAN_POINT ( 'NONE',  ( -2.269518105932784400E-015, -12.35468113479963900, -12.00000000546236500 ) ) ;
#2980 = CARTESIAN_POINT ( 'NONE',  ( 12.83253174999999600, -4.169542318109129100, -12.47500000273118000 ) ) ;
#2981 = FACE_OUTER_BOUND ( 'NONE', #1692, .T. ) ;
#2982 = DIRECTION ( 'NONE',  ( -0.7071067811865536800, 0.0000000000000000000, -0.7071067811865414700 ) ) ;
#2983 = CARTESIAN_POINT ( 'NONE',  ( 10.00000000000000400, 0.0000000000000000000, -5.999999999999995600 ) ) ;
#2984 = EDGE_CURVE ( 'NONE', #2771, #5186, #2350, .T. ) ;
#2985 = CARTESIAN_POINT ( 'NONE',  ( 10.38173626660608300, 7.542772912224920700, -23.92500000273118100 ) ) ;
#2986 = CARTESIAN_POINT ( 'NONE',  ( 14.44146774628555200, -8.969058441831904800, -10.02793065430577900 ) ) ;
#2987 = EDGE_CURVE ( 'NONE', #3843, #887, #1201, .T. ) ;
#2988 = DIRECTION ( 'NONE',  ( 0.0000000000000000000, 0.0000000000000000000, -1.000000000000000000 ) ) ;
#2989 = CARTESIAN_POINT ( 'NONE',  ( -15.00000000000000400, 1.336210780092152600, -1.180367401249315500 ) ) ;
#2990 = CARTESIAN_POINT ( 'NONE',  ( -3.630949683905630600, 11.17491406646805400, -20.39999999999999500 ) ) ;
#2991 = EDGE_LOOP ( 'NONE', ( #5419, #4504 ) ) ;
#2992 = DIRECTION ( 'NONE',  ( 1.000000000000000000, 0.0000000000000000000, 0.0000000000000000000 ) ) ;
#2993 = CYLINDRICAL_SURFACE ( 'NONE', #163, 0.09999999999999939500 ) ;
#2994 = DIRECTION ( 'NONE',  ( 0.8494981455581542800, -0.5275916040776775800, -2.168404344970994700E-014 ) ) ;
#2995 = ORIENTED_EDGE ( 'NONE', *, *, #3385, .F. ) ;
#2996 = CARTESIAN_POINT ( 'NONE',  ( -10.38173626660608300, -7.542772912224919000, -11.17500000273118100 ) ) ;
#2997 = DIRECTION ( 'NONE',  ( 0.4221817912889982400, 0.0000000000000000000, -0.9065111886259389400 ) ) ;
#2998 = DIRECTION ( 'NONE',  ( 0.5000000000000012200, 6.123233995736782100E-017, -0.8660254037844380400 ) ) ;
#2999 = CARTESIAN_POINT ( 'NONE',  ( 3.965470391606083800, 12.20446294140194800, -13.72500000273117800 ) ) ;
#3000 = ORIENTED_EDGE ( 'NONE', *, *, #3973, .F. ) ;
#3001 = CARTESIAN_POINT ( 'NONE',  ( 0.0000000000000000000, 0.0000000000000000000, 0.0000000000000000000 ) ) ;
#3002 = ADVANCED_FACE ( 'NONE', ( #2480 ), #2504, .T. ) ;
#3003 = ORIENTED_EDGE ( 'NONE', *, *, #1500, .F. ) ;
#3004 = FACE_OUTER_BOUND ( 'NONE', #2498, .T. ) ;
#3005 = CARTESIAN_POINT ( 'NONE',  ( -12.35090473430470600, 1.168933777493687000, -21.65263037124764300 ) ) ;
#3006 = CARTESIAN_POINT ( 'NONE',  ( -14.94716787895341200, -5.387456347146837700, -1.637753577414977000 ) ) ;
#3007 = CARTESIAN_POINT ( 'NONE',  ( 11.74999999999999800, -3.817806430736651700, -19.09999999999998700 ) ) ;
#3008 = B_SPLINE_CURVE_WITH_KNOTS ( 'NONE', 3,
 ( #754, #3272, #4190, #1635, #4617, #2060 ),
 .UNSPECIFIED., .F., .F.,
 ( 4, 2, 4 ),
 ( 0.0000000000000000000, 0.004049820880006839100, 0.008099641760013678200 ),
 .UNSPECIFIED. ) ;
#3009 = CARTESIAN_POINT ( 'NONE',  ( -4.931301066283563000, -11.84719970745950600, -11.00000000000007600 ) ) ;
#3010 = CARTESIAN_POINT ( 'NONE',  ( 8.004682036977842000, -8.838704727187133500, -21.16815088731391000 ) ) ;
#3011 = CARTESIAN_POINT ( 'NONE',  ( 0.0000000000000000000, 0.0000000000000000000, -0.2732050807568876000 ) ) ;
#3012 = CARTESIAN_POINT ( 'NONE',  ( 3.965470391606083800, 12.20446294140194800, -23.72500000273117800 ) ) ;
#3013 = CARTESIAN_POINT ( 'NONE',  ( -14.95857864376266000, -7.864535902287412000, -10.09999999999996900 ) ) ;
#3014 = EDGE_CURVE ( 'NONE', #2347, #4337, #4758, .T. ) ;
#3015 = CARTESIAN_POINT ( 'NONE',  ( 9.505949683905630100, -6.906476714436561100, -13.19999999999999400 ) ) ;
#3016 = EDGE_LOOP ( 'NONE', ( #1508, #4863, #4369, #247 ) ) ;
#3017 = DIRECTION ( 'NONE',  ( -0.0000000000000000000, -0.0000000000000000000, 1.000000000000000000 ) ) ;
#3018 = AXIS2_PLACEMENT_3D ( 'NONE', #2129, #4689, #136 ) ;
#3019 = CARTESIAN_POINT ( 'NONE',  ( 7.782358152714657300, 10.20337065374152600, -22.08253174999999800 ) ) ;
#3020 = CARTESIAN_POINT ( 'NONE',  ( -7.465756599985264900, 10.13291493784039200, -21.82280431231230700 ) ) ;
#3021 = ORIENTED_EDGE ( 'NONE', *, *, #5252, .F. ) ;
#3022 = CARTESIAN_POINT ( 'NONE',  ( -0.5434813400671891800, -16.89125892386351800, -2.367136103677472300 ) ) ;
#3023 = CARTESIAN_POINT ( 'NONE',  ( -9.505949683905631900, -6.906476714436556600, -17.79999999999999400 ) ) ;
#3024 = AXIS2_PLACEMENT_3D ( 'NONE', #2356, #3195, #5471 ) ;
#3025 = VERTEX_POINT ( 'NONE', #2523 ) ;
#3026 = ADVANCED_FACE ( 'NONE', ( #3474 ), #1212, .T. ) ;
#3027 = ORIENTED_EDGE ( 'NONE', *, *, #1718, .F. ) ;
#3028 = CARTESIAN_POINT ( 'NONE',  ( -1.055087440188027000, -12.06489628899827300, -21.33491394368188300 ) ) ;
#3029 = CARTESIAN_POINT ( 'NONE',  ( -14.35651865993280800, -8.916298108912755500, -2.367136103677472300 ) ) ;
#3030 = CARTESIAN_POINT ( 'NONE',  ( 7.930940783212165900, -10.91600350634071700, -22.42500000273117800 ) ) ;
#3031 = DIRECTION ( 'NONE',  ( 1.000000000000000000, 0.0000000000000000000, 0.0000000000000000000 ) ) ;
#3032 = CARTESIAN_POINT ( 'NONE',  ( -14.40651865993279500, 9.002900649291216700, -2.367136103677472300 ) ) ;
#3033 = VERTEX_POINT ( 'NONE', #4290 ) ;
#3034 = B_SPLINE_CURVE_WITH_KNOTS ( 'NONE', 3,
 ( #3812, #2525, #1364, #3075, #3532, #1970, #4919, #1599 ),
 .UNSPECIFIED., .F., .F.,
 ( 4, 2, 2, 4 ),
 ( 0.0000000000000000000, 3.557372422146989700E-005, 7.114744844293979300E-005, 0.0001422948968858773600 ),
 .UNSPECIFIED. ) ;
#3035 = DIRECTION ( 'NONE',  ( -0.0000000000000000000, -0.0000000000000000000, 1.000000000000000000 ) ) ;
#3036 = CARTESIAN_POINT ( 'NONE',  ( -14.36135729932576900, 9.047991645852199800, -10.01646926820029300 ) ) ;
#3037 = ORIENTED_EDGE ( 'NONE', *, *, #2015, .T. ) ;
#3038 = CARTESIAN_POINT ( 'NONE',  ( -13.28611331189598700, 9.649766978581764600, -2.014663173717389500 ) ) ;
#3039 = FACE_OUTER_BOUND ( 'NONE', #1757, .T. ) ;
#3040 = CARTESIAN_POINT ( 'NONE',  ( 2.467313070985398800, 12.50293902630990300, -21.99069378433682300 ) ) ;
#3041 = DIRECTION ( 'NONE',  ( 0.0000000000000000000, 1.000000000000000000, 0.0000000000000000000 ) ) ;
#3042 = FACE_OUTER_BOUND ( 'NONE', #4646, .T. ) ;
#3043 = CARTESIAN_POINT ( 'NONE',  ( 7.565060353109282100E-016, 12.35468113479963900, -16.49999999999998900 ) ) ;
#3044 = B_SPLINE_CURVE_WITH_KNOTS ( 'NONE', 3,
 ( #4732, #3427, #12, #3005, #435, #3447, #881, #3881, #1313, #4324, #1762, #4748, #2180, #5168, #2604, #32, #3020, #456, #3465, #894, #3902, #1330, #4343, #1780, #4769, #2196, #5188, #2620, #50, #3040, #475, #3484, #914, #3924, #1352, #4358, #1799, #4783, #2217, #5205 ),
 .UNSPECIFIED., .F., .F.,
 ( 4, 2, 2, 2, 2, 2, 2, 2, 2, 2, 2, 2, 2, 2, 2, 2, 2, 2, 2, 4 ),
 ( 0.03803987953293980200, 0.03891890982035629800, 0.03979794010777279500, 0.04155600068260578700, 0.04331406125743878000, 0.04507212183227177200, 0.04683018240710476500, 0.04858824298193775700, 0.05034630355677075600, 0.05210436413160374900, 0.05562048528126974100, 0.05649951556868623700, 0.05737854585610273300, 0.05913660643093573300, 0.06001563671835222900, 0.06089466700576872500, 0.06265272758060172500, 0.06441078815543471700, 0.06528981844285121300, 0.06616884873026771000 ),
 .UNSPECIFIED. ) ;
#3045 = CARTESIAN_POINT ( 'NONE',  ( -15.68659372055824300, -6.691238056933897800, -10.68659372055823900 ) ) ;
#3046 = CARTESIAN_POINT ( 'NONE',  ( -0.5466972059847515800, -16.99120720151951500, 0.0000000000000000000 ) ) ;
#3047 = CARTESIAN_POINT ( 'NONE',  ( -9.841822560870632200, -7.344841077434541200, -21.50456141179234500 ) ) ;
#3048 = CARTESIAN_POINT ( 'NONE',  ( 10.41376917003736000, -11.24899002747222500, -1.337025872667855400 ) ) ;
#3049 = CARTESIAN_POINT ( 'NONE',  ( -12.58174197790437200, -1.791959613985514300, -10.99999999999998200 ) ) ;
#3050 = CARTESIAN_POINT ( 'NONE',  ( -12.83253174999999900, 1.571531893259428100E-015, -21.12500000273118100 ) ) ;
#3051 = CARTESIAN_POINT ( 'NONE',  ( 7.565060353109282100E-016, 12.35468113479963900, -16.49999999999998900 ) ) ;
#3052 = ORIENTED_EDGE ( 'NONE', *, *, #1347, .F. ) ;
#3053 = DIRECTION ( 'NONE',  ( 1.000000000000000000, 0.0000000000000000000, 0.0000000000000000000 ) ) ;
#3054 = EDGE_CURVE ( 'NONE', #4353, #1943, #317, .T. ) ;
#3055 = ADVANCED_FACE ( 'NONE', ( #1331 ), #2365, .T. ) ;
#3056 = EDGE_CURVE ( 'NONE', #4112, #3166, #3489, .T. ) ;
#3057 = CARTESIAN_POINT ( 'NONE',  ( 0.0000000000000000000, 0.0000000000000000000, 0.0000000000000000000 ) ) ;
#3058 = VERTEX_POINT ( 'NONE', #1295 ) ;
#3059 = AXIS2_PLACEMENT_3D ( 'NONE', #137, #3130, #570 ) ;
#3060 = CARTESIAN_POINT ( 'NONE',  ( -7.261899367811265500, -9.995146998136466000, -17.69999999999999200 ) ) ;
#3061 = DIRECTION ( 'NONE',  ( -0.0000000000000000000, -0.0000000000000000000, 1.000000000000000000 ) ) ;
#3062 = CARTESIAN_POINT ( 'NONE',  ( 0.6723564796410926900, -16.98669881890783600, -10.10000000000052900 ) ) ;
#3063 = CARTESIAN_POINT ( 'NONE',  ( 7.312297067978400700, 15.40815247185543800, -12.04142135623732200 ) ) ;
#3064 = CIRCLE ( 'NONE', #243, 0.1000000000000003400 ) ;
#3065 = CARTESIAN_POINT ( 'NONE',  ( 11.74999999999999800, 0.0000000000000000000, -19.50000000546236800 ) ) ;
#3066 = CARTESIAN_POINT ( 'NONE',  ( 9.505949683905630100, -6.906476714436561100, -15.19999999999999400 ) ) ;
#3067 = CARTESIAN_POINT ( 'NONE',  ( -17.00000000000000000, 1.371441215039134400, -12.04142135623731700 ) ) ;
#3068 = EDGE_LOOP ( 'NONE', ( #2629, #943, #2740, #3749, #958, #4799, #2570, #452, #1290, #5154 ) ) ;
#3069 = FACE_OUTER_BOUND ( 'NONE', #3721, .T. ) ;
#3070 = CARTESIAN_POINT ( 'NONE',  ( 0.0000000000000000000, 0.0000000000000000000, -0.2232050807568865000 ) ) ;
#3071 = CARTESIAN_POINT ( 'NONE',  ( 6.334383494214134400, -13.66335006015433300, -1.154227903793913600 ) ) ;
#3072 =( BOUNDED_SURFACE ( )  B_SPLINE_SURFACE ( 1, 2, ( 
 ( #2361, #1032, #3198, #646, #3634, #1072, #4084, #1521, #4511, #1951, #4938, #2377, #5359, #2796, #229, #3221, #658, #3655, #1090, #4105, #1539, #4532, #1972, #4957, #2395, #5374, #2814, #246, #3237, #680, #3668, #1113, #4124, #1562, #4550, #1992, #4979, #2415, #5391, #2832, #264, #3256, #701, #3693, #1130, #4146, #1580, #4572, #2012, #4995, #2435, #5412, #2849, #278, #3277, #723, #3715, #1152, #4160, #1602, #4589, #2030, #5012, #506, #5054, #2492, #5464, #2910, #342, #3343, #782, #3777, #1214, #4220, #1664, #4649, #2086, #5068, #2510, #5483, #2925, #359, #3364, #796, #3796, #1226, #4240, #1675, #4671, #2105, #5088, #2526, #5501, #2943, #374, #3382, #820, #3813, #1246, #4259, #1696, #4685, #2126, #5104, #2544, #5514, #2960, #393, #3401, #838, #3835, #1260, #4281, #1715, #4707, #2140, #5123, #2561, #5534, #2980, #411, #3417, #855, #3853, #1281, #4297, #1738, #4723, #2158, #5136, #2579, #2, #2996, #428, #3438, #870, #3871, #1301, #4316, #1751, #4744 ),
 ( #2170, #5159, #2593, #22, #3012, #445, #3455, #888, #3892, #1322, #4335, #1772, #4756, #2189, #5179, #2614, #39, #3030, #466, #3473, #902, #3913, #1339, #4351, #1790, #4777, #2206, #5199, #2628, #61, #3050, #485, #3496, #922, #3931, #1362, #4367, #1808, #4792, #2229, #5213, #2648, #79, #3073, #504, #3514, #940, #3951, #1382, #4384, #1827, #4810, #2248, #5234, #2665, #103, #3091, #528, #3530, #956, #3972, #1401, #4405, #1844, #4825, #2271, #5256, #2686, #119, #3112, #549, #3551, #975, #3994, #1422, #4420, #1861, #4845, #2285, #5274, #2702, #139, #3131, #571, #3567, #997, #4014, #1442, #4441, #1885, #4865, #2304, #5292, #2725, #156, #3150, #586, #3587, #1015, #4029, #1463, #4462, #1902, #4887, #2319, #5314, #2747, #173, #3164, #610, #3603, #1036, #4048, #1484, #4480, #1919, #4907, #2343, #5332, #2768, #194, #3188, #630, #3622, #1054, #4071, #1503, #4499, #1935, #4925, #2366, #5349, #2784, #218, #3205, #649, #3640, #1080, #4091, #1527, #4516 ) ),
 .UNSPECIFIED., .F., .F., .F. ) 
 B_SPLINE_SURFACE_WITH_KNOTS ( ( 2, 2 ),
 ( 3, 2, 2, 2, 2, 2, 2, 2, 2, 2, 2, 2, 2, 2, 2, 2, 2, 2, 2, 2, 2, 2, 2, 2, 2, 2, 2, 2, 2, 2, 2, 2, 2, 2, 2, 2, 2, 2, 2, 2, 2, 2, 2, 2, 2, 2, 2, 2, 2, 2, 2, 2, 2, 2, 2, 2, 2, 2, 2, 2, 2, 2, 2, 2, 2, 2, 2, 2, 2, 2, 3 ),
 ( 0.0000000000000000000, 1.000000000000000000 ),
 ( 0.0000000000000000000, 0.01428571428571428500, 0.02857142857142857100, 0.04285714285714285800, 0.05714285714285714100, 0.07142857142857142500, 0.08571428571428571500, 0.1000000000000000100, 0.1142857142857142800, 0.1285714285714285600, 0.1428571428571428500, 0.1571428571428571400, 0.1714285714285714300, 0.1857142857142857200, 0.2000000000000000100, 0.2142857142857142700, 0.2285714285714285600, 0.2428571428571428500, 0.2571428571428571200, 0.2714285714285714100, 0.2857142857142857000, 0.2999999999999999900, 0.3142857142857142800, 0.3285714285714285700, 0.3428571428571428600, 0.3571428571428571500, 0.3714285714285714400, 0.3857142857142857300, 0.4000000000000000200, 0.4142857142857143100, 0.4285714285714285500, 0.4428571428571428400, 0.4571428571428571300, 0.4714285714285714200, 0.4857142857142857100, 0.5000000000000000000, 0.5142857142857142300, 0.5285714285714285800, 0.5428571428571428200, 0.5571428571428571600, 0.5714285714285714000, 0.5857142857142857400, 0.5999999999999999800, 0.6142857142857143200, 0.6285714285714285600, 0.6428571428571429000, 0.6571428571428571400, 0.6714285714285713700, 0.6857142857142857200, 0.6999999999999999600, 0.7142857142857143000, 0.7285714285714285400, 0.7428571428571428800, 0.7571428571428571200, 0.7714285714285714600, 0.7857142857142857000, 0.8000000000000000400, 0.8142857142857142800, 0.8285714285714286300, 0.8428571428571428600, 0.8571428571428571000, 0.8714285714285714400, 0.8857142857142856800, 0.9000000000000000200, 0.9142857142857142600, 0.9285714285714286000, 0.9428571428571428400, 0.9571428571428571800, 0.9714285714285714200, 0.9857142857142857700, 1.000000000000000000 ),
 .UNSPECIFIED. ) 
 GEOMETRIC_REPRESENTATION_ITEM ( )  RATIONAL_B_SPLINE_SURFACE ( (
 ( 1.000000000000000000, 0.9510565162951535300, 1.000000000000000000, 0.9510565162951535300, 1.000000000000000000, 0.9510565162951535300, 1.000000000000000000, 0.9510565162951535300, 1.000000000000000000, 0.9510565162951535300, 1.000000000000000000, 0.9510565162951535300, 1.000000000000000000, 0.9510565162951535300, 1.000000000000000000, 0.9510565162951535300, 1.000000000000000000, 0.9510565162951535300, 1.000000000000000000, 0.9510565162951535300, 1.000000000000000000, 0.9510565162951535300, 1.000000000000000000, 0.9510565162951535300, 1.000000000000000000, 0.9510565162951535300, 1.000000000000000000, 0.9510565162951535300, 1.000000000000000000, 0.9510565162951535300, 1.000000000000000000, 0.9510565162951535300, 1.000000000000000000, 0.9510565162951535300, 1.000000000000000000, 0.9510565162951535300, 1.000000000000000000, 0.9510565162951535300, 1.000000000000000000, 0.9510565162951535300, 1.000000000000000000, 0.9510565162951535300, 1.000000000000000000, 0.9510565162951535300, 1.000000000000000000, 0.9510565162951535300, 1.000000000000000000, 0.9510565162951535300, 1.000000000000000000, 0.9510565162951535300, 1.000000000000000000, 0.9510565162951535300, 1.000000000000000000, 0.9510565162951535300, 1.000000000000000000, 0.9510565162951535300, 1.000000000000000000, 0.9510565162951535300, 1.000000000000000000, 0.9510565162951535300, 1.000000000000000000, 0.9510565162951535300, 1.000000000000000000, 0.9510565162951535300, 1.000000000000000000, 0.9510565162951535300, 1.000000000000000000, 0.9510565162951535300, 1.000000000000000000, 0.9510565162951535300, 1.000000000000000000, 0.9510565162951535300, 1.000000000000000000, 0.9510565162951535300, 1.000000000000000000, 0.9510565162951535300, 1.000000000000000000, 0.9510565162951535300, 1.000000000000000000, 0.9510565162951535300, 1.000000000000000000, 0.9510565162951535300, 1.000000000000000000, 0.9510565162951535300, 1.000000000000000000, 0.9510565162951535300, 1.000000000000000000, 0.9510565162951535300, 1.000000000000000000, 0.9510565162951535300, 1.000000000000000000, 0.9510565162951535300, 1.000000000000000000, 0.9510565162951535300, 1.000000000000000000, 0.9510565162951535300, 1.000000000000000000, 0.9510565162951535300, 1.000000000000000000, 0.9510565162951535300, 1.000000000000000000, 0.9510565162951535300, 1.000000000000000000, 0.9510565162951535300, 1.000000000000000000, 0.9510565162951535300, 1.000000000000000000, 0.9510565162951535300, 1.000000000000000000, 0.9510565162951535300, 1.000000000000000000, 0.9510565162951535300, 1.000000000000000000, 0.9510565162951535300, 1.000000000000000000, 0.9510565162951535300, 1.000000000000000000, 0.9510565162951535300, 1.000000000000000000, 0.9510565162951535300, 1.000000000000000000, 0.9510565162951535300, 1.000000000000000000, 0.9510565162951535300, 1.000000000000000000, 0.9510565162951535300, 1.000000000000000000, 0.9510565162951535300, 1.000000000000000000, 0.9510565162951535300, 1.000000000000000000, 0.9510565162951535300, 1.000000000000000000, 0.9510565162951535300, 1.000000000000000000, 0.9510565162951535300, 1.000000000000000000, 0.9510565162951535300, 1.000000000000000000, 0.9510565162951535300, 1.000000000000000000),
 ( 1.000000000000000000, 0.9510565162951535300, 1.000000000000000000, 0.9510565162951535300, 1.000000000000000000, 0.9510565162951535300, 1.000000000000000000, 0.9510565162951535300, 1.000000000000000000, 0.9510565162951535300, 1.000000000000000000, 0.9510565162951535300, 1.000000000000000000, 0.9510565162951535300, 1.000000000000000000, 0.9510565162951535300, 1.000000000000000000, 0.9510565162951535300, 1.000000000000000000, 0.9510565162951535300, 1.000000000000000000, 0.9510565162951535300, 1.000000000000000000, 0.9510565162951535300, 1.000000000000000000, 0.9510565162951535300, 1.000000000000000000, 0.9510565162951535300, 1.000000000000000000, 0.9510565162951535300, 1.000000000000000000, 0.9510565162951535300, 1.000000000000000000, 0.9510565162951535300, 1.000000000000000000, 0.9510565162951535300, 1.000000000000000000, 0.9510565162951535300, 1.000000000000000000, 0.9510565162951535300, 1.000000000000000000, 0.9510565162951535300, 1.000000000000000000, 0.9510565162951535300, 1.000000000000000000, 0.9510565162951535300, 1.000000000000000000, 0.9510565162951535300, 1.000000000000000000, 0.9510565162951535300, 1.000000000000000000, 0.9510565162951535300, 1.000000000000000000, 0.9510565162951535300, 1.000000000000000000, 0.9510565162951535300, 1.000000000000000000, 0.9510565162951535300, 1.000000000000000000, 0.9510565162951535300, 1.000000000000000000, 0.9510565162951535300, 1.000000000000000000, 0.9510565162951535300, 1.000000000000000000, 0.9510565162951535300, 1.000000000000000000, 0.9510565162951535300, 1.000000000000000000, 0.9510565162951535300, 1.000000000000000000, 0.9510565162951535300, 1.000000000000000000, 0.9510565162951535300, 1.000000000000000000, 0.9510565162951535300, 1.000000000000000000, 0.9510565162951535300, 1.000000000000000000, 0.9510565162951535300, 1.000000000000000000, 0.9510565162951535300, 1.000000000000000000, 0.9510565162951535300, 1.000000000000000000, 0.9510565162951535300, 1.000000000000000000, 0.9510565162951535300, 1.000000000000000000, 0.9510565162951535300, 1.000000000000000000, 0.9510565162951535300, 1.000000000000000000, 0.9510565162951535300, 1.000000000000000000, 0.9510565162951535300, 1.000000000000000000, 0.9510565162951535300, 1.000000000000000000, 0.9510565162951535300, 1.000000000000000000, 0.9510565162951535300, 1.000000000000000000, 0.9510565162951535300, 1.000000000000000000, 0.9510565162951535300, 1.000000000000000000, 0.9510565162951535300, 1.000000000000000000, 0.9510565162951535300, 1.000000000000000000, 0.9510565162951535300, 1.000000000000000000, 0.9510565162951535300, 1.000000000000000000, 0.9510565162951535300, 1.000000000000000000, 0.9510565162951535300, 1.000000000000000000, 0.9510565162951535300, 1.000000000000000000, 0.9510565162951535300, 1.000000000000000000, 0.9510565162951535300, 1.000000000000000000, 0.9510565162951535300, 1.000000000000000000, 0.9510565162951535300, 1.000000000000000000, 0.9510565162951535300, 1.000000000000000000, 0.9510565162951535300, 1.000000000000000000, 0.9510565162951535300, 1.000000000000000000, 0.9510565162951535300, 1.000000000000000000, 0.9510565162951535300, 1.000000000000000000, 0.9510565162951535300, 1.000000000000000000) ) ) 
 REPRESENTATION_ITEM ( '' )  SURFACE ( )  );
#3073 = CARTESIAN_POINT ( 'NONE',  ( 7.930940783212167700, 10.91600350634071700, -19.82500000273117600 ) ) ;
#3074 = ORIENTED_EDGE ( 'NONE', *, *, #2949, .F. ) ;
#3075 = CARTESIAN_POINT ( 'NONE',  ( -14.38770441011976700, -9.021686053591745100, -9.995830560816765200 ) ) ;
#3076 = LINE ( 'NONE', #2389, #807 ) ;
#3077 = B_SPLINE_CURVE_WITH_KNOTS ( 'NONE', 3,
 ( #4847, #4868, #2324, #5315, #2748, #174, #3168, #611, #3604, #1038, #4051, #1487 ),
 .UNSPECIFIED., .F., .F.,
 ( 4, 2, 2, 2, 2, 4 ),
 ( 0.0000000000000000000, 0.004037634735650908300, 0.006056452103476362400, 0.008075269471301816500, 0.01211290420695272100, 0.01615053894260362600 ),
 .UNSPECIFIED. ) ;
#3078 = CARTESIAN_POINT ( 'NONE',  ( 15.02161342684037700, 7.893682780896185100, -10.02101836034084800 ) ) ;
#3079 = DIRECTION ( 'NONE',  ( 1.224646799147353200E-016, 1.000000000000000000, 0.0000000000000000000 ) ) ;
#3080 = ORIENTED_EDGE ( 'NONE', *, *, #2213, .F. ) ;
#3081 = CARTESIAN_POINT ( 'NONE',  ( 0.0000000000000000000, 0.0000000000000000000, 0.0000000000000000000 ) ) ;
#3082 = CARTESIAN_POINT ( 'NONE',  ( -15.01775354048454900, 7.908297663364602500, -10.01658961717486000 ) ) ;
#3083 = CARTESIAN_POINT ( 'NONE',  ( 0.5934813400671928900, -16.97786146424196100, -9.958578643762596300 ) ) ;
#3084 = CARTESIAN_POINT ( 'NONE',  ( -11.75000000000000200, -3.817806430736646400, -13.89999999999999500 ) ) ;
#3085 = B_SPLINE_CURVE_WITH_KNOTS ( 'NONE', 3,
 ( #4800, #1815, #5224, #2654, #92, #3082, #517, #3522 ),
 .UNSPECIFIED., .F., .F.,
 ( 4, 2, 2, 4 ),
 ( 0.0000000000000000000, 3.557372422147283100E-005, 7.114744844294566200E-005, 0.0001422948968858981500 ),
 .UNSPECIFIED. ) ;
#3086 = ADVANCED_FACE ( 'NONE', ( #2605 ), #3431, .F. ) ;
#3087 = CARTESIAN_POINT ( 'NONE',  ( -6.334383494216610600, 13.66335006015139600, -1.154227903794063500 ) ) ;
#3088 = CARTESIAN_POINT ( 'NONE',  ( 7.782358152714657300, 10.20337065374152600, -22.08253174999999800 ) ) ;
#3089 = ORIENTED_EDGE ( 'NONE', *, *, #3534, .F. ) ;
#3090 = CARTESIAN_POINT ( 'NONE',  ( 0.5934813400672015500, -16.97786146424195800, -2.367136103677471000 ) ) ;
#3091 = CARTESIAN_POINT ( 'NONE',  ( 3.965470391606081200, -12.20446294140195000, -18.52500000273117900 ) ) ;
#3092 = EDGE_CURVE ( 'NONE', #2275, #5134, #1522, .T. ) ;
#3093 = ORIENTED_EDGE ( 'NONE', *, *, #905, .T. ) ;
#3094 = EDGE_CURVE ( 'NONE', #1763, #2931, #4640, .T. ) ;
#3095 = CARTESIAN_POINT ( 'NONE',  ( -14.40441188234926200, 9.005005896607023900, -9.971170660346137600 ) ) ;
#3096 = CARTESIAN_POINT ( 'NONE',  ( 8.206006621290008200, 8.642011232340619700, -11.33665531062579400 ) ) ;
#3097 = AXIS2_PLACEMENT_3D ( 'NONE', #87, #3079, #512 ) ;
#3098 = CARTESIAN_POINT ( 'NONE',  ( -14.98816568047337400, -8.022149932198983500, -9.958578643762692200 ) ) ;
#3099 = ORIENTED_EDGE ( 'NONE', *, *, #2670, .T. ) ;
#3100 = EDGE_LOOP ( 'NONE', ( #62, #4988, #5038, #3301 ) ) ;
#3101 = CARTESIAN_POINT ( 'NONE',  ( -15.00107372472586900, -7.970947469711738600, -9.973338977103543000 ) ) ;
#3102 = CARTESIAN_POINT ( 'NONE',  ( 0.0000000000000000000, 0.0000000000000000000, -10.99999999999999600 ) ) ;
#3103 = CARTESIAN_POINT ( 'NONE',  ( 0.0000000000000000000, 0.0000000000000000000, -0.1000000000000000100 ) ) ;
#3104 = CARTESIAN_POINT ( 'NONE',  ( -0.5655796991926949100, 16.99060629874575300, -10.02286673850734800 ) ) ;
#3105 = VERTEX_POINT ( 'NONE', #3009 ) ;
#3106 = CARTESIAN_POINT ( 'NONE',  ( 3.630949683905631900, 11.17491406646805200, -12.59999999999999300 ) ) ;
#3107 = AXIS2_PLACEMENT_3D ( 'NONE', #2975, #406, #3412 ) ;
#3108 = CARTESIAN_POINT ( 'NONE',  ( 14.99999999999999600, 7.974960814950764900, -2.367136103677472300 ) ) ;
#3109 = ORIENTED_EDGE ( 'NONE', *, *, #4341, .T. ) ;
#3110 = CARTESIAN_POINT ( 'NONE',  ( 0.0000000000000000000, 0.0000000000000000000, -22.00000000000000000 ) ) ;
#3111 = DIRECTION ( 'NONE',  ( -0.0000000000000000000, -0.0000000000000000000, 1.000000000000000000 ) ) ;
#3112 = CARTESIAN_POINT ( 'NONE',  ( -12.83253174999999600, 4.169542318109126500, -17.22500000273117800 ) ) ;
#3113 = VECTOR ( 'NONE', #1926, 1000.000000000000000 ) ;
#3114 = CIRCLE ( 'NONE', #1939, 0.1000000000000006700 ) ;
#3115 = DIRECTION ( 'NONE',  ( 0.0000000000000000000, 0.0000000000000000000, -1.000000000000000000 ) ) ;
#3116 = CARTESIAN_POINT ( 'NONE',  ( -3.630949683905633200, -11.17491406646805200, -16.10000000546236600 ) ) ;
#3117 = CARTESIAN_POINT ( 'NONE',  ( 0.0000000000000000000, 0.0000000000000000000, -23.00000000000000000 ) ) ;
#3118 = ADVANCED_FACE ( 'NONE', ( #4893 ), #4635, .T. ) ;
#3119 = DIRECTION ( 'NONE',  ( -0.0000000000000000000, -0.0000000000000000000, -1.000000000000000000 ) ) ;
#3120 = LINE ( 'NONE', #3437, #4151 ) ;
#3121 = CALENDAR_DATE ( 2018, 9, 8 ) ;
#3122 = SECURITY_CLASSIFICATION ( '', '', #1147 ) ;
#3123 = CARTESIAN_POINT ( 'NONE',  ( 0.0000000000000000000, 0.0000000000000000000, -22.00000000000000000 ) ) ;
#3124 = CARTESIAN_POINT ( 'NONE',  ( 16.33613182708398500, -5.459277936184691700, -11.38145829022080400 ) ) ;
#3125 = CARTESIAN_POINT ( 'NONE',  ( -7.930940783212167700, 10.91600350634071700, -23.42500000273118500 ) ) ;
#3126 = CARTESIAN_POINT ( 'NONE',  ( 7.261899367811261100, -9.995146998136467800, -11.29999999999999500 ) ) ;
#3127 = B_SPLINE_CURVE_WITH_KNOTS ( 'NONE', 3,
 ( #4272, #3466, #4344, #1782, #4770, #2197 ),
 .UNSPECIFIED., .F., .F.,
 ( 4, 2, 4 ),
 ( 0.0000000000000000000, 9.968444671895020500E-005, 0.0001993688934379004100 ),
 .UNSPECIFIED. ) ;
#3128 = CARTESIAN_POINT ( 'NONE',  ( -4.562732703276810600, -14.68621312121197800, -1.365610214338270900 ) ) ;
#3129 = EDGE_CURVE ( 'NONE', #1267, #5186, #2231, .T. ) ;
#3130 = DIRECTION ( 'NONE',  ( -0.0000000000000000000, -0.0000000000000000000, 1.000000000000000000 ) ) ;
#3131 = CARTESIAN_POINT ( 'NONE',  ( 10.38173626660608300, 7.542772912224920700, -15.92500000273117800 ) ) ;
#3132 = FACE_OUTER_BOUND ( 'NONE', #3700, .T. ) ;
#3133 = CARTESIAN_POINT ( 'NONE',  ( -5.706650115842105500, -11.52446693606713700, -10.99999999999999600 ) ) ;
#3134 = CARTESIAN_POINT ( 'NONE',  ( 12.13625972843116300, -10.31363525452383500, -1.720690003328688000 ) ) ;
#3135 = EDGE_CURVE ( 'NONE', #585, #5223, #3746, .T. ) ;
#3136 = ORIENTED_EDGE ( 'NONE', *, *, #3782, .F. ) ;
#3137 = CARTESIAN_POINT ( 'NONE',  ( -3.965470391606085600, -12.20446294140194800, -20.72500000273117800 ) ) ;
#3138 = CONICAL_SURFACE ( 'NONE', #2607, 10.00000000000000000, 0.7853981633974570500 ) ;
#3139 = CARTESIAN_POINT ( 'NONE',  ( 9.241753503031331400, 7.501988931137320000, -11.36273434902741100 ) ) ;
#3140 = ORIENTED_EDGE ( 'NONE', *, *, #4479, .T. ) ;
#3141 = CARTESIAN_POINT ( 'NONE',  ( -14.32553254129633700, 9.083478402431749600, -10.02928932188139100 ) ) ;
#3142 = CARTESIAN_POINT ( 'NONE',  ( 0.5954788135618602800, 16.97732549128435100, -9.968904743916486000 ) ) ;
#3143 = CARTESIAN_POINT ( 'NONE',  ( -12.83253174999999600, 4.169542318109126500, -23.47500000273117800 ) ) ;
#3144 = CIRCLE ( 'NONE', #1591, 0.09999999999999939500 ) ;
#3145 = CARTESIAN_POINT ( 'NONE',  ( -8.663025466066876800, -12.31890799085847600, -1.211961866617692800 ) ) ;
#3146 = ADVANCED_FACE ( 'NONE', ( #205 ), #491, .T. ) ;
#3147 = CARTESIAN_POINT ( 'NONE',  ( -10.38173626660608100, 7.542772912224922500, -17.32500000273118000 ) ) ;
#3148 = EDGE_LOOP ( 'NONE', ( #3089, #3772, #48, #5543 ) ) ;
#3149 = LINE ( 'NONE', #397, #1275 ) ;
#3150 = CARTESIAN_POINT ( 'NONE',  ( -2.478609629921899900E-015, -13.49292237646318400, -14.62500000273118100 ) ) ;
#3151 = CARTESIAN_POINT ( 'NONE',  ( -1.508227855126463400, -12.59668010770571200, -10.99999999999999800 ) ) ;
#3152 = DIRECTION ( 'NONE',  ( 1.000000000000000000, 0.0000000000000000000, 0.0000000000000000000 ) ) ;
#3153 = VERTEX_POINT ( 'NONE', #3108 ) ;
#3154 = CARTESIAN_POINT ( 'NONE',  ( -7.930940783212167700, 10.91600350634071900, -19.42500000273118100 ) ) ;
#3155 = CARTESIAN_POINT ( 'NONE',  ( 12.97320508075688600, 0.0000000000000000000, -0.1000000000000000100 ) ) ;
#3156 = ORIENTED_EDGE ( 'NONE', *, *, #1426, .F. ) ;
#3157 = DIRECTION ( 'NONE',  ( -1.000000000000000000, 0.0000000000000000000, 0.0000000000000000000 ) ) ;
#3158 = ORIENTED_EDGE ( 'NONE', *, *, #2704, .T. ) ;
#3159 = CARTESIAN_POINT ( 'NONE',  ( 3.630949683905629200, -11.17491406646805400, -17.90000000546236700 ) ) ;
#3160 = CARTESIAN_POINT ( 'NONE',  ( -7.930940783212169400, -10.91600350634071700, -14.82500000273117600 ) ) ;
#3161 = CARTESIAN_POINT ( 'NONE',  ( 10.38173626660608300, 7.542772912224920700, -22.17500000273118100 ) ) ;
#3162 = EDGE_LOOP ( 'NONE', ( #1977, #5484 ) ) ;
#3163 = CARTESIAN_POINT ( 'NONE',  ( 11.74999999999998200, -3.817806430736677500, -15.09999999999999600 ) ) ;
#3164 = CARTESIAN_POINT ( 'NONE',  ( -10.38173626660608100, 7.542772912224922500, -13.32500000273118000 ) ) ;
#3165 = EDGE_CURVE ( 'NONE', #1703, #4069, #5071, .T. ) ;
#3166 = VERTEX_POINT ( 'NONE', #4043 ) ;
#3167 = EDGE_CURVE ( 'NONE', #3213, #5286, #1402, .T. ) ;
#3168 = CARTESIAN_POINT ( 'NONE',  ( -8.073194521234793100, 12.65944704563366100, -1.212122123358824400 ) ) ;
#3169 = EDGE_LOOP ( 'NONE', ( #5139, #2576, #4228, #4469 ) ) ;
#3170 = CARTESIAN_POINT ( 'NONE',  ( 9.505949683905631900, 6.906476714436558400, -18.79999999999999400 ) ) ;
#3171 = AXIS2_PLACEMENT_3D ( 'NONE', #1213, #3340, #4219 ) ;
#3172 = ADVANCED_FACE ( 'NONE', ( #3808 ), #3072, .T. ) ;
#3173 = CARTESIAN_POINT ( 'NONE',  ( 12.83253174999999900, 0.0000000000000000000, -18.12500000273117700 ) ) ;
#3174 = VERTEX_POINT ( 'NONE', #2781 ) ;
#3175 = AXIS2_PLACEMENT_3D ( 'NONE', #4949, #1643, #3433 ) ;
#3176 = CARTESIAN_POINT ( 'NONE',  ( -2.478609629921900300E-015, -13.49292237646318100, -20.87500000273118100 ) ) ;
#3177 =( BOUNDED_SURFACE ( )  B_SPLINE_SURFACE ( 3, 2, ( 
 ( #2124, #2102, #5102 ),
 ( #2541, #5512, #2958 ),
 ( #390, #3399, #836 ),
 ( #3833, #1257, #4279 ) ),
 .UNSPECIFIED., .F., .F., .F. ) 
 B_SPLINE_SURFACE_WITH_KNOTS ( ( 4, 4 ),
 ( 3, 3 ),
 ( 0.0002667430622044796900, 0.0004638894166354316600 ),
 ( 0.0000000000000000000, 1.000000000000000000 ),
 .UNSPECIFIED. ) 
 GEOMETRIC_REPRESENTATION_ITEM ( )  RATIONAL_B_SPLINE_SURFACE ( (
 ( 1.000000000000000000, 0.9699630933014231600, 1.000000000000000000),
 ( 1.000000000000000000, 0.9687131023552738600, 1.000000000000000000),
 ( 1.000000000000000000, 0.9339354041471035200, 1.000000000000000000),
 ( 1.000000000000000000, 0.9016308760050638600, 1.000000000000000000) ) ) 
 REPRESENTATION_ITEM ( '' )  SURFACE ( )  );
#3178 = CARTESIAN_POINT ( 'NONE',  ( 14.94881260989997600, 3.370404788095641800, -1.333982381763645800 ) ) ;
#3179 = DIRECTION ( 'NONE',  ( -0.0000000000000000000, -0.0000000000000000000, -1.000000000000000000 ) ) ;
#3180 = CARTESIAN_POINT ( 'NONE',  ( -0.6746768957482951500, -16.95594022392127800, -10.02101836034092300 ) ) ;
#3181 = CARTESIAN_POINT ( 'NONE',  ( -9.505949683905631900, -6.906476714436556600, -11.79999999999999500 ) ) ;
#3182 = CARTESIAN_POINT ( 'NONE',  ( 12.83253174999999600, 4.169542318109123800, -12.02500000273117900 ) ) ;
#3183 = CARTESIAN_POINT ( 'NONE',  ( -2.478609629921899900E-015, -13.49292237646318400, -20.87500000273118100 ) ) ;
#3184 = CARTESIAN_POINT ( 'NONE',  ( -7.261899367811262900, 9.995146998136467800, -18.80000000546236900 ) ) ;
#3185 = CIRCLE ( 'NONE', #4556, 17.00000000000000000 ) ;
#3186 = CARTESIAN_POINT ( 'NONE',  ( -3.965470391606085600, -12.20446294140194800, -10.72500000273118000 ) ) ;
#3187 = CARTESIAN_POINT ( 'NONE',  ( -9.505949683905631900, -6.906476714436556600, -19.79999999999999400 ) ) ;
#3188 = CARTESIAN_POINT ( 'NONE',  ( 12.83253174999999600, 4.169542318109123800, -12.02500000273117900 ) ) ;
#3189 = CARTESIAN_POINT ( 'NONE',  ( 14.99999999999999800, -5.387504440052388200, -1.665579286728714500 ) ) ;
#3190 = CARTESIAN_POINT ( 'NONE',  ( 0.0000000000000000000, 0.0000000000000000000, 0.0000000000000000000 ) ) ;
#3191 = CARTESIAN_POINT ( 'NONE',  ( -7.930940783212169400, -10.91600350634071900, -16.82500000273118000 ) ) ;
#3193 = EDGE_LOOP ( 'NONE', ( #3214, #2833, #1155, #3826 ) ) ;
#3192 = CARTESIAN_POINT ( 'NONE',  ( -10.38173626660608100, 7.542772912224922500, -19.57500000273118000 ) ) ;
#3194 = CARTESIAN_POINT ( 'NONE',  ( 14.38770441012001000, 9.021686053591505300, -9.995830560816623100 ) ) ;
#3195 = DIRECTION ( 'NONE',  ( 0.0000000000000000000, -0.0000000000000000000, 1.000000000000000000 ) ) ;
#3196 = CARTESIAN_POINT ( 'NONE',  ( 9.505949683905631900, 6.906476714436558400, -23.30000000546236900 ) ) ;
#3197 = CARTESIAN_POINT ( 'NONE',  ( -10.38173626660608100, 7.542772912224922500, -19.57500000273118000 ) ) ;
#3198 = CARTESIAN_POINT ( 'NONE',  ( 10.38173626660608300, 7.542772912224920700, -24.17500000273118100 ) ) ;
#3199 = CIRCLE ( 'NONE', #337, 0.09999999999999939500 ) ;
#3200 = ADVANCED_FACE ( 'NONE', ( #3215 ), #262, .F. ) ;
#3201 = LINE ( 'NONE', #5476, #51 ) ;
#3202 = EDGE_CURVE ( 'NONE', #1984, #835, #4571, .T. ) ;
#3203 = CARTESIAN_POINT ( 'NONE',  ( 15.68659372055449600, -6.691238056931164900, -10.68659372055967100 ) ) ;
#3204 = CARTESIAN_POINT ( 'NONE',  ( 1.723975073531312000, 16.32517060290928200, -2.011489428098632600 ) ) ;
#3205 = CARTESIAN_POINT ( 'NONE',  ( -3.965470391606085600, -12.20446294140194800, -10.72500000273118000 ) ) ;
#3206 = VERTEX_POINT ( 'NONE', #4111 ) ;
#3207 = AXIS2_PLACEMENT_3D ( 'NONE', #4525, #4547, #2810 ) ;
#3208 = CARTESIAN_POINT ( 'NONE',  ( 14.95000370313420400, -0.6569383104857852200, -1.125195904276947500 ) ) ;
#3209 = CIRCLE ( 'NONE', #2896, 0.09999999999999931200 ) ;
#3210 =( BOUNDED_CURVE ( )  B_SPLINE_CURVE ( 2, ( #1892, #3578, #2310, #5306, #2733, #166, #3159, #599, #3594, #1027, #4040 ),
 .UNSPECIFIED., .F., .T. ) 
 B_SPLINE_CURVE_WITH_KNOTS ( ( 3, 2, 2, 2, 2, 3 ),
 ( 0.3571428571428572100, 0.3714285714285714400, 0.3857142857142857300, 0.3999999999999999700, 0.4142857142857142600, 0.4285714285714284400 ),
 .UNSPECIFIED. ) 
 CURVE ( )  GEOMETRIC_REPRESENTATION_ITEM ( )  RATIONAL_B_SPLINE_CURVE ( ( 0.9999999999999997800, 0.9510565162951537500, 1.000000000000000000, 0.9510565162951535300, 1.000000000000000000, 0.9510565162951535300, 1.000000000000000000, 0.9510565162951535300, 1.000000000000000000, 0.9510565162951538600, 0.9999999999999996700 ) ) 
 REPRESENTATION_ITEM ( '' )  );
#3211 = AXIS2_PLACEMENT_3D ( 'NONE', #3764, #765, #3328 ) ;
#3212 = CARTESIAN_POINT ( 'NONE',  ( -3.965470391606082900, 12.20446294140195000, -15.52500000273118100 ) ) ;
#3213 = VERTEX_POINT ( 'NONE', #1544 ) ;
#3214 = ORIENTED_EDGE ( 'NONE', *, *, #4130, .F. ) ;
#3215 = FACE_OUTER_BOUND ( 'NONE', #5051, .T. ) ;
#3216 = CARTESIAN_POINT ( 'NONE',  ( 12.83253174999999800, 4.169542318109123800, -18.27500000273117900 ) ) ;
#3217 = AXIS2_PLACEMENT_3D ( 'NONE', #1341, #2650, #81 ) ;
#3218 = DIRECTION ( 'NONE',  ( 0.8660254037844386000, -0.4999999999999999400, -9.239198305311559300E-015 ) ) ;
#3219 = CARTESIAN_POINT ( 'NONE',  ( -0.6551119688742946800, -16.96129607696709100, -10.01646926820005100 ) ) ;
#3220 = CARTESIAN_POINT ( 'NONE',  ( 12.83253174999999600, 4.169542318109123800, -18.27500000273117900 ) ) ;
#3221 = CARTESIAN_POINT ( 'NONE',  ( -2.478609629921899900E-015, -13.49292237646318400, -22.87500000273117700 ) ) ;
#3222 = DIRECTION ( 'NONE',  ( -0.0000000000000000000, -0.0000000000000000000, 1.000000000000000000 ) ) ;
#3223 = CARTESIAN_POINT ( 'NONE',  ( 15.68536470168781200, 6.697056152847517700, -10.73451920673961300 ) ) ;
#3224 = DIRECTION ( 'NONE',  ( 1.000000000000000000, 0.0000000000000000000, 0.0000000000000000000 ) ) ;
#3225 = CARTESIAN_POINT ( 'NONE',  ( 14.99999999999999600, 7.974960814950814700, -2.367136103677484700 ) ) ;
#3226 = DIRECTION ( 'NONE',  ( 0.5275916040782134800, -0.8494981455578216600, 3.726501723590202900E-013 ) ) ;
#3227 = ADVANCED_FACE ( 'NONE', ( #4700 ), #3680, .F. ) ;
#3228 = CARTESIAN_POINT ( 'NONE',  ( 12.83253174999999800, -4.169542318109129100, -14.22500000273117800 ) ) ;
#3229 = ORIENTED_EDGE ( 'NONE', *, *, #5364, .F. ) ;
#3230 = CARTESIAN_POINT ( 'NONE',  ( -3.965470391606085600, -12.20446294140194800, -16.97500000273118200 ) ) ;
#3231 = DIRECTION ( 'NONE',  ( -0.0000000000000000000, -0.0000000000000000000, 1.000000000000000000 ) ) ;
#3232 = CARTESIAN_POINT ( 'NONE',  ( 14.98816568047337100, 8.022149932198994200, 0.0000000000000000000 ) ) ;
#3233 = DIRECTION ( 'NONE',  ( 0.0000000000000000000, 0.0000000000000000000, -1.000000000000000000 ) ) ;
#3234 = CARTESIAN_POINT ( 'NONE',  ( 0.6684014415256507300, -16.88677706114954400, -10.09999999999987400 ) ) ;
#3235 = ORIENTED_EDGE ( 'NONE', *, *, #5329, .T. ) ;
#3236 = CARTESIAN_POINT ( 'NONE',  ( -3.965470391606085600, -12.20446294140194800, -16.97500000273118200 ) ) ;
#3237 = CARTESIAN_POINT ( 'NONE',  ( -10.38173626660608100, 7.542772912224922500, -21.57500000273118000 ) ) ;
#3238 = ORIENTED_EDGE ( 'NONE', *, *, #3786, .T. ) ;
#3239 = CARTESIAN_POINT ( 'NONE',  ( -12.83253174999999600, 4.169542318109126500, -23.22500000273117100 ) ) ;
#3240 = CARTESIAN_POINT ( 'NONE',  ( 15.66380898531244800, 6.657660836254844000, -10.66380898531245000 ) ) ;
#3241 = ORIENTED_EDGE ( 'NONE', *, *, #468, .F. ) ;
#3242 = CARTESIAN_POINT ( 'NONE',  ( -14.94408284023668900, 7.998555373574925300, -2.280533563299043100 ) ) ;
#3243 = CARTESIAN_POINT ( 'NONE',  ( -17.00000000000000000, -2.770003367575446500, -12.04142135623731700 ) ) ;
#3244 = EDGE_CURVE ( 'NONE', #878, #3058, #3476, .T. ) ;
#3245 = CARTESIAN_POINT ( 'NONE',  ( -12.83253174999999900, 1.571531893259428100E-015, -21.37500000273118100 ) ) ;
#3246 = EDGE_CURVE ( 'NONE', #473, #5031, #384, .T. ) ;
#3247 = CARTESIAN_POINT ( 'NONE',  ( 11.74999999999999800, 3.817806430736647700, -20.89999999999999500 ) ) ;
#3248 = CARTESIAN_POINT ( 'NONE',  ( -10.38173626660608300, -7.542772912224919000, -12.92500000273118100 ) ) ;
#3249 = VECTOR ( 'NONE', #1194, 999.9999999999998900 ) ;
#3250 = CARTESIAN_POINT ( 'NONE',  ( -7.930940783212167700, 10.91600350634071900, -15.67500000273117800 ) ) ;
#3251 = CARTESIAN_POINT ( 'NONE',  ( -15.00000063554638900, -8.000038116977277600, -10.01014966867684900 ) ) ;
#3252 = APPLICATION_PROTOCOL_DEFINITION ( 'international standard', 'config_control_design', 1994, #3690 ) ;
#3253 = CARTESIAN_POINT ( 'NONE',  ( 13.27527122490391400, 9.656026660425212100, -2.011252316779694300 ) ) ;
#3254 = CARTESIAN_POINT ( 'NONE',  ( -7.930940783212167700, 10.91600350634071700, -15.67500000273117600 ) ) ;
#3255 = DATE_AND_TIME ( #2184, #4471 ) ;
#3256 = CARTESIAN_POINT ( 'NONE',  ( 12.83253174999999600, 4.169542318109123800, -20.27500000273117600 ) ) ;
#3257 = ADVANCED_FACE ( 'NONE', ( #3547 ), #1561, .F. ) ;
#3258 = DIRECTION ( 'NONE',  ( 1.000000000000000000, 0.0000000000000000000, 0.0000000000000000000 ) ) ;
#3259 = CARTESIAN_POINT ( 'NONE',  ( 15.04709094342989300, -7.911071617685566400, -10.09999999999996900 ) ) ;
#3260 = CARTESIAN_POINT ( 'NONE',  ( 11.96496904281999600, 4.208198645540800700, -21.92803828286610100 ) ) ;
#3261 = CARTESIAN_POINT ( 'NONE',  ( -0.5466972059847484700, -16.99120720151951100, -9.992252546374203300 ) ) ;
#3262 = DIRECTION ( 'NONE',  ( -0.4718911724817074800, -0.8816568047340415100, 3.758499111195202300E-013 ) ) ;
#3263 = CARTESIAN_POINT ( 'NONE',  ( 3.630949683905631900, 11.17491406646805200, -17.10000000546236600 ) ) ;
#3264 = DIRECTION ( 'NONE',  ( 1.000000000000000000, 0.0000000000000000000, 0.0000000000000000000 ) ) ;
#3265 = VERTEX_POINT ( 'NONE', #1586 ) ;
#3266 = CARTESIAN_POINT ( 'NONE',  ( 14.33627972453665900, -9.072832586152417300, -10.02544336615967600 ) ) ;
#3267 = CARTESIAN_POINT ( 'NONE',  ( 8.262032099739666100E-016, 13.49292237646318100, -11.62500000273117900 ) ) ;
#3268 = FACE_OUTER_BOUND ( 'NONE', #1737, .T. ) ;
#3269 = CARTESIAN_POINT ( 'NONE',  ( 12.83253174999999900, 0.0000000000000000000, -14.37500000273118100 ) ) ;
#3270 = EDGE_LOOP ( 'NONE', ( #277, #286, #817, #628 ) ) ;
#3271 = CARTESIAN_POINT ( 'NONE',  ( 0.5450892730259289100, -16.94123306269153800, -2.280533563299041800 ) ) ;
#3272 = CARTESIAN_POINT ( 'NONE',  ( 14.94568553705007500, -6.693513992243513400, -1.925795424938448800 ) ) ;
#3273 = APPROVAL_ROLE ( '' ) ;
#3274 = CARTESIAN_POINT ( 'NONE',  ( 6.313417664108285100, 13.67545468780885400, -1.182180405592339500 ) ) ;
#3275 = CARTESIAN_POINT ( 'NONE',  ( 12.83253174999999900, 0.0000000000000000000, -14.37500000273118100 ) ) ;
#3276 = FACE_OUTER_BOUND ( 'NONE', #1139, .T. ) ;
#3277 = CARTESIAN_POINT ( 'NONE',  ( -3.965470391606085600, -12.20446294140194800, -18.97500000273118200 ) ) ;
#3278 = EDGE_CURVE ( 'NONE', #3545, #2965, #2099, .T. ) ;
#3279 = VERTEX_POINT ( 'NONE', #2440 ) ;
#3280 = CARTESIAN_POINT ( 'NONE',  ( 12.83253174999999900, 0.0000000000000000000, -20.12500000273118100 ) ) ;
#3281 = EDGE_CURVE ( 'NONE', #585, #3174, #4822, .T. ) ;
#3282 = CARTESIAN_POINT ( 'NONE',  ( 5.053170535930018300, 10.98896613860563900, -21.32300231190527000 ) ) ;
#3283 = FACE_OUTER_BOUND ( 'NONE', #1564, .T. ) ;
#3284 =( BOUNDED_SURFACE ( )  B_SPLINE_SURFACE ( 3, 2, ( 
 ( #2059, #5043, #4189 ),
 ( #1185, #3743, #753 ),
 ( #3310, #2881, #5442 ),
 ( #2463, #2041, #4600 ),
 ( #1613, #4179, #1164 ),
 ( #3727, #3295, #289 ) ),
 .UNSPECIFIED., .F., .F., .F. ) 
 B_SPLINE_SURFACE_WITH_KNOTS ( ( 4, 2, 4 ),
 ( 3, 3 ),
 ( 0.0001833793796154875700, 0.0002817301968086889200, 0.0003800810140018902500 ),
 ( 0.0000000000000000000, 1.000000000000000000 ),
 .UNSPECIFIED. ) 
 GEOMETRIC_REPRESENTATION_ITEM ( )  RATIONAL_B_SPLINE_SURFACE ( (
 ( 1.000000000000000000, 0.9016308760046830600, 1.000000000000000000),
 ( 1.000000000000000000, 0.9186058171700204300, 1.000000000000000000),
 ( 1.000000000000000000, 0.9341899376200865100, 1.000000000000000000),
 ( 1.000000000000000000, 0.9601444561879980400, 1.000000000000000000),
 ( 1.000000000000000000, 0.9699816059769607000, 1.000000000000000000),
 ( 1.000000000000000000, 0.9699630933014211600, 1.000000000000000000) ) ) 
 REPRESENTATION_ITEM ( '' )  SURFACE ( )  );
#3285 = CARTESIAN_POINT ( 'NONE',  ( 7.565060353109282100E-016, 12.35468113479963900, -12.49999999999999300 ) ) ;
#3286 = CARTESIAN_POINT ( 'NONE',  ( -10.38173626660608100, 7.542772912224922500, -21.57500000273118000 ) ) ;
#3287 = CARTESIAN_POINT ( 'NONE',  ( 14.89999999999999500, 7.974960814950764900, -9.958578643762686900 ) ) ;
#3288 = AXIS2_PLACEMENT_3D ( 'NONE', #4395, #2587, #1927 ) ;
#3289 = FACE_OUTER_BOUND ( 'NONE', #999, .T. ) ;
#3290 = CARTESIAN_POINT ( 'NONE',  ( 7.261899367811263800, 9.995146998136467800, -20.69999999999999600 ) ) ;
#3291 = ORIENTED_EDGE ( 'NONE', *, *, #294, .T. ) ;
#3292 = CARTESIAN_POINT ( 'NONE',  ( -7.930940783212169400, -10.91600350634071900, -13.07500000273117800 ) ) ;
#3293 = CARTESIAN_POINT ( 'NONE',  ( 11.74999999999999800, 3.817806430736647700, -11.40000000546236700 ) ) ;
#3294 = CARTESIAN_POINT ( 'NONE',  ( -11.75000000000002100, -3.817806430736621100, -17.89999999999999100 ) ) ;
#3295 = CARTESIAN_POINT ( 'NONE',  ( -15.00000000000000000, 8.000039308079538000, -9.958578643762692200 ) ) ;
#3296 = CARTESIAN_POINT ( 'NONE',  ( -0.6098995930360977500, 16.97346049261245000, -9.990624137873915300 ) ) ;
#3297 = CARTESIAN_POINT ( 'NONE',  ( 8.641929610502600700, 12.27335584095967700, -1.125359326320146000 ) ) ;
#3298 = CARTESIAN_POINT ( 'NONE',  ( -7.930940783212169400, -10.91600350634071700, -13.07500000273117600 ) ) ;
#3299 = EDGE_LOOP ( 'NONE', ( #2267, #2511, #4528, #455 ) ) ;
#3300 = CARTESIAN_POINT ( 'NONE',  ( -9.505949683905630100, 6.906476714436559300, -18.19999999999999600 ) ) ;
#3301 = ORIENTED_EDGE ( 'NONE', *, *, #294, .F. ) ;
#3302 = CARTESIAN_POINT ( 'NONE',  ( -14.95000000000000300, 1.353320469254059900, -1.125833024919773700 ) ) ;
#3303 = CARTESIAN_POINT ( 'NONE',  ( -11.32561315463106600, 13.90507955699087700, -12.74223325557820800 ) ) ;
#3304 = ORIENTED_EDGE ( 'NONE', *, *, #2630, .T. ) ;
#3305 = CARTESIAN_POINT ( 'NONE',  ( -12.22023830438007900, 2.629786262068060800, -10.99999999999999600 ) ) ;
#3306 = ORIENTED_EDGE ( 'NONE', *, *, #3135, .F. ) ;
#3307 = CARTESIAN_POINT ( 'NONE',  ( 0.6723564796412088200, 16.98669881890782900, -10.09999999999999600 ) ) ;
#3308 = ORIENTED_EDGE ( 'NONE', *, *, #1545, .F. ) ;
#3309 = CARTESIAN_POINT ( 'NONE',  ( -3.965470391606082900, 12.20446294140195000, -11.77500000273118100 ) ) ;
#3310 = CARTESIAN_POINT ( 'NONE',  ( -15.01567212298996000, 7.916156943026799700, -10.01385529897081700 ) ) ;
#3311 = CARTESIAN_POINT ( 'NONE',  ( 12.50000000000000000, 0.0000000000000000000, -3.999999999999997300 ) ) ;
#3312 = CARTESIAN_POINT ( 'NONE',  ( 8.262032099739667100E-016, 13.49292237646318400, -13.62500000273117900 ) ) ;
#3313 = CARTESIAN_POINT ( 'NONE',  ( -3.965470391606082900, 12.20446294140195000, -11.77500000273118100 ) ) ;
#3314 = EDGE_CURVE ( 'NONE', #2581, #1555, #2545, .T. ) ;
#3315 = ORIENTED_EDGE ( 'NONE', *, *, #2115, .T. ) ;
#3316 = APPROVAL_PERSON_ORGANIZATION ( #2520, #1999, #3273 ) ;
#3317 = CIRCLE ( 'NONE', #4313, 0.1000000000000012800 ) ;
#3318 = CARTESIAN_POINT ( 'NONE',  ( 5.199311420457053000, -10.91258168034233100, -11.16666507166645400 ) ) ;
#3319 = CARTESIAN_POINT ( 'NONE',  ( 0.7037567805849787000, -16.94801430471912700, -10.02928932188121900 ) ) ;
#3320 = AXIS2_PLACEMENT_3D ( 'NONE', #4016, #1004, #3573 ) ;
#3321 =( BOUNDED_CURVE ( )  B_SPLINE_CURVE ( 3, ( #1351, #145, #913, #3141 ),
 .UNSPECIFIED., .F., .F. ) 
 B_SPLINE_CURVE_WITH_KNOTS ( ( 4, 4 ),
 ( 2.657554577411165700, 3.625630729768410700 ),
 .UNSPECIFIED. ) 
 CURVE ( )  GEOMETRIC_REPRESENTATION_ITEM ( )  RATIONAL_B_SPLINE_CURVE ( ( 1.000000000000000000, 0.9234153311148982600, 0.9234153311148982600, 1.000000000000000000 ) ) 
 REPRESENTATION_ITEM ( '' )  );
#3322 = VECTOR ( 'NONE', #21, 1000.000000000000000 ) ;
#3323 = CARTESIAN_POINT ( 'NONE',  ( -0.5434813400671941700, -16.89125892386351800, 0.0000000000000000000 ) ) ;
#3324 = CARTESIAN_POINT ( 'NONE',  ( -7.261899367811265500, -9.995146998136466000, -12.20000000546236600 ) ) ;
#3325 = CARTESIAN_POINT ( 'NONE',  ( 14.99999999999999600, 6.673083435794886500, -2.012444174206682800 ) ) ;
#3326 = CARTESIAN_POINT ( 'NONE',  ( 0.0000000000000000000, 0.0000000000000000000, -2.367136103677473200 ) ) ;
#3327 = DIRECTION ( 'NONE',  ( -2.003086131649544200E-016, 1.000000000000000000, 0.0000000000000000000 ) ) ;
#3328 = DIRECTION ( 'NONE',  ( 0.0000000000000000000, 0.2628652485850245200, 0.9648325559838520900 ) ) ;
#3329 = DIRECTION ( 'NONE',  ( 0.8355695038806626500, 0.4824162779914667500, -0.2628652485846758000 ) ) ;
#3330 = CARTESIAN_POINT ( 'NONE',  ( 12.83253174999999900, 0.0000000000000000000, -14.12500000273118100 ) ) ;
#3331 = CARTESIAN_POINT ( 'NONE',  ( 12.83253174999999600, -4.169542318109129100, -10.47500000273117800 ) ) ;
#3332 = ORIENTED_EDGE ( 'NONE', *, *, #846, .T. ) ;
#3333 = CARTESIAN_POINT ( 'NONE',  ( 11.74999999999999800, 3.817806430736647700, -21.40000000546236700 ) ) ;
#3334 = CARTESIAN_POINT ( 'NONE',  ( -15.02928932188131500, -7.864535902287412000, -10.02928932188131500 ) ) ;
#3335 = CARTESIAN_POINT ( 'NONE',  ( -1.983358960689169900E-007, 11.74999999999999800, -20.99999999999999600 ) ) ;
#3336 = EDGE_LOOP ( 'NONE', ( #336, #1178, #4642 ) ) ;
#3337 = ORIENTED_EDGE ( 'NONE', *, *, #1654, .T. ) ;
#3338 = DIRECTION ( 'NONE',  ( -1.000000000000000000, 1.040834085586084400E-013, 0.0000000000000000000 ) ) ;
#3339 = CIRCLE ( 'NONE', #2826, 0.1000000000000000500 ) ;
#3340 = DIRECTION ( 'NONE',  ( 0.0000000000000000000, 0.0000000000000000000, -1.000000000000000000 ) ) ;
#3341 = CARTESIAN_POINT ( 'NONE',  ( -14.90000000000000200, 7.974960814950756000, -2.367136103677472300 ) ) ;
#3342 = ORIENTED_EDGE ( 'NONE', *, *, #1755, .T. ) ;
#3343 = CARTESIAN_POINT ( 'NONE',  ( -12.83253174999999600, 4.169542318109126500, -17.47500000273117800 ) ) ;
#3344 = FACE_OUTER_BOUND ( 'NONE', #1143, .T. ) ;
#3345 = PLANE ( 'NONE',  #4488 ) ;
#3346 = CARTESIAN_POINT ( 'NONE',  ( -14.40651878200644900, -9.002900578811949800, -9.975644467433703300 ) ) ;
#3347 = CARTESIAN_POINT ( 'NONE',  ( -12.83253174999999600, 4.169542318109126500, -17.22500000273117800 ) ) ;
#3348 = VERTEX_POINT ( 'NONE', #3733 ) ;
#3349 = DIRECTION ( 'NONE',  ( -1.000000000000000000, 0.0000000000000000000, 0.0000000000000000000 ) ) ;
#3350 = VERTEX_POINT ( 'NONE', #2049 ) ;
#3351 = FACE_OUTER_BOUND ( 'NONE', #5098, .T. ) ;
#3352 = EDGE_CURVE ( 'NONE', #3350, #2597, #4966, .T. ) ;
#3353 = EDGE_CURVE ( 'NONE', #3434, #3618, #526, .T. ) ;
#3354 = CARTESIAN_POINT ( 'NONE',  ( -10.43726729672365700, 11.29454899232149900, -1.365610214338503200 ) ) ;
#3355 = CARTESIAN_POINT ( 'NONE',  ( -6.041098872748708700, -15.91683035882255800, -11.80492887484210300 ) ) ;
#3356 = CARTESIAN_POINT ( 'NONE',  ( 11.74999999999999800, 3.817806430736647700, -24.89999999999999900 ) ) ;
#3357 = AXIS2_PLACEMENT_3D ( 'NONE', #3110, #4824, #1421 ) ;
#3358 = DIRECTION ( 'NONE',  ( -1.000000000000000000, 0.0000000000000000000, 0.0000000000000000000 ) ) ;
#3359 = ORIENTED_EDGE ( 'NONE', *, *, #2816, .T. ) ;
#3360 = AXIS2_PLACEMENT_3D ( 'NONE', #4496, #3222, #2915 ) ;
#3361 = ORIENTED_EDGE ( 'NONE', *, *, #4518, .T. ) ;
#3362 = CARTESIAN_POINT ( 'NONE',  ( 0.0000000000000000000, 0.0000000000000000000, 0.0000000000000000000 ) ) ;
#3363 = CARTESIAN_POINT ( 'NONE',  ( -27.62586059310822500, -1.404530421407815100, -10.02928932188113000 ) ) ;
#3364 = CARTESIAN_POINT ( 'NONE',  ( 10.38173626660608300, 7.542772912224920700, -16.17500000273117800 ) ) ;
#3365 = CARTESIAN_POINT ( 'NONE',  ( 4.570079980339834900, 14.62287924620891600, -1.331757101211245200 ) ) ;
#3366 = AXIS2_PLACEMENT_3D ( 'NONE', #4816, #2261, #5243 ) ;
#3367 = DIRECTION ( 'NONE',  ( 1.000000000000000000, 0.0000000000000000000, 0.0000000000000000000 ) ) ;
#3368 = DIRECTION ( 'NONE',  ( 0.0000000000000000000, -0.0000000000000000000, -1.000000000000000000 ) ) ;
#3369 = CARTESIAN_POINT ( 'NONE',  ( 11.74999999999999800, 0.0000000000000000000, -16.99999999999999300 ) ) ;
#3370 = EDGE_LOOP ( 'NONE', ( #19, #1259, #2444, #378 ) ) ;
#3371 = CARTESIAN_POINT ( 'NONE',  ( 7.499999999999996400, -12.99038105676658700, -10.00000000000000000 ) ) ;
#3372 = ORIENTED_EDGE ( 'NONE', *, *, #368, .T. ) ;
#3373 = CARTESIAN_POINT ( 'NONE',  ( -14.36392979205096100, 9.092740540471982800, -10.05650919409490000 ) ) ;
#3374 = VERTEX_POINT ( 'NONE', #5035 ) ;
#3375 = CARTESIAN_POINT ( 'NONE',  ( -12.76435716417377000, -11.31186334824749600, -11.17853960580658800 ) ) ;
#3376 = CARTESIAN_POINT ( 'NONE',  ( -11.74999999999999800, 3.817806430736650400, -24.09999999999999100 ) ) ;
#3377 = CARTESIAN_POINT ( 'NONE',  ( 15.04709094342986100, -7.911071617685630400, -10.10000000000063400 ) ) ;
#3378 = CARTESIAN_POINT ( 'NONE',  ( 0.6891636416229505200, 16.95199873028472100, -10.02544336615961200 ) ) ;
#3379 = ORIENTED_EDGE ( 'NONE', *, *, #3167, .F. ) ;
#3380 = CARTESIAN_POINT ( 'NONE',  ( 14.99999999999999600, 7.974960814950764900, -10.00000000000000000 ) ) ;
#3381 = PLANE ( 'NONE',  #2441 ) ;
#3382 = CARTESIAN_POINT ( 'NONE',  ( -2.478609629921899900E-015, -13.49292237646318400, -14.87500000273117900 ) ) ;
#3383 = CARTESIAN_POINT ( 'NONE',  ( 15.00000000000000000, -7.974960814950757800, -2.367136103677472300 ) ) ;
#3384 = CARTESIAN_POINT ( 'NONE',  ( -14.44146847448862300, -8.969057269320526200, -9.958578643762615800 ) ) ;
#3385 = EDGE_CURVE ( 'NONE', #3174, #3350, #5089, .T. ) ;
#3386 = CARTESIAN_POINT ( 'NONE',  ( 0.5934813400672153100, 16.97786146424195800, -9.958578643762720600 ) ) ;
#3387 = DIRECTION ( 'NONE',  ( -1.000000000000000000, -1.224646799147353900E-016, 0.0000000000000000000 ) ) ;
#3388 = EDGE_CURVE ( 'NONE', #887, #3843, #46, .T. ) ;
#3389 = CYLINDRICAL_SURFACE ( 'NONE', #2214, 12.50000000000000000 ) ;
#3390 = AXIS2_PLACEMENT_3D ( 'NONE', #3057, #3817, #68 ) ;
#3391 = CARTESIAN_POINT ( 'NONE',  ( -8.070288465978945800, 12.60338822488027000, -1.126072266247975400 ) ) ;
#3392 = CARTESIAN_POINT ( 'NONE',  ( -9.687702932020698700, 14.03671125681600700, -12.04142135623732000 ) ) ;
#3393 = CARTESIAN_POINT ( 'NONE',  ( -13.00000000000000000, 0.0000000000000000000, 0.0000000000000000000 ) ) ;
#3394 = CARTESIAN_POINT ( 'NONE',  ( 9.505949683905631900, 6.906476714436558400, -22.79999999999999400 ) ) ;
#3395 = AXIS2_PLACEMENT_3D ( 'NONE', #4038, #2195, #3157 ) ;
#3396 = CARTESIAN_POINT ( 'NONE',  ( 14.99999999999999800, -7.974960814950766700, -9.958578643762690400 ) ) ;
#3397 = CARTESIAN_POINT ( 'NONE',  ( 11.74999999999999800, 0.0000000000000000000, -13.50000000546236700 ) ) ;
#3398 = CARTESIAN_POINT ( 'NONE',  ( -9.505949683905630100, 6.906476714436559300, -22.70000000546236800 ) ) ;
#3399 = CARTESIAN_POINT ( 'NONE',  ( 0.6415138129431742200, 16.98798325432389300, -10.04229490606292100 ) ) ;
#3400 = CARTESIAN_POINT ( 'NONE',  ( 3.630949683905631900, 11.17491406646805200, -14.59999999999999300 ) ) ;
#3401 = CARTESIAN_POINT ( 'NONE',  ( -10.38173626660608100, 7.542772912224922500, -13.57500000273118000 ) ) ;
#3402 = CARTESIAN_POINT ( 'NONE',  ( -9.640441551148642300, 7.558067656411058300, -11.00000000000000000 ) ) ;
#3403 = ORIENTED_EDGE ( 'NONE', *, *, #2436, .T. ) ;
#3404 = CARTESIAN_POINT ( 'NONE',  ( 0.6304592124635297600, 16.96791523013352800, -10.00306845199183100 ) ) ;
#3405 = FACE_OUTER_BOUND ( 'NONE', #930, .T. ) ;
#3406 = VECTOR ( 'NONE', #141, 1000.000000000000000 ) ;
#3407 = CARTESIAN_POINT ( 'NONE',  ( -0.7037567805850238900, 16.94801430471912300, -10.02928932188129700 ) ) ;
#3408 = CARTESIAN_POINT ( 'NONE',  ( -14.94567340295872000, 6.703394170634766200, -1.928481068362328600 ) ) ;
#3409 = FACE_OUTER_BOUND ( 'NONE', #347, .T. ) ;
#3410 = CC_DESIGN_PERSON_AND_ORGANIZATION_ASSIGNMENT ( #849, #4157, ( #3122 ) ) ;
#3411 = CARTESIAN_POINT ( 'NONE',  ( -2.269518105932784400E-015, -12.35468113479963900, -21.49999999999999600 ) ) ;
#3412 = DIRECTION ( 'NONE',  ( 1.000000000000000000, 0.0000000000000000000, 0.0000000000000000000 ) ) ;
#3413 = FACE_BOUND ( 'NONE', #2991, .T. ) ;
#3414 = FACE_OUTER_BOUND ( 'NONE', #3270, .T. ) ;
#3415 = CARTESIAN_POINT ( 'NONE',  ( 14.35651865993279900, 8.916298108912768000, -9.958578643762679800 ) ) ;
#3416 = CARTESIAN_POINT ( 'NONE',  ( -16.33613182708398500, 5.459277936184691700, -11.38145829022080400 ) ) ;
#3417 = CARTESIAN_POINT ( 'NONE',  ( 12.83253174999999600, 4.169542318109123800, -12.27500000273117700 ) ) ;
#3418 = EDGE_CURVE ( 'NONE', #1211, #1980, #4717, .T. ) ;
#3419 = CARTESIAN_POINT ( 'NONE',  ( 14.39899356721073600, 8.942677689116598200, -2.280533563299026700 ) ) ;
#3420 = FACE_OUTER_BOUND ( 'NONE', #2342, .T. ) ;
#3421 = CARTESIAN_POINT ( 'NONE',  ( -5.176044723901240400, 14.33211726100685700, -1.319301739375751100 ) ) ;
#3422 =( BOUNDED_CURVE ( )  B_SPLINE_CURVE ( 2, ( #3566, #3586, #4461, #1900, #4885, #2318, #5313, #2746, #172, #3163, #608 ),
 .UNSPECIFIED., .F., .T. ) 
 B_SPLINE_CURVE_WITH_KNOTS ( ( 3, 2, 2, 2, 2, 3 ),
 ( 0.6428571428571427900, 0.6571428571428570300, 0.6714285714285712600, 0.6857142857142856100, 0.6999999999999998400, 0.7142857142857141900 ),
 .UNSPECIFIED. ) 
 CURVE ( )  GEOMETRIC_REPRESENTATION_ITEM ( )  RATIONAL_B_SPLINE_CURVE ( ( 1.000000000000000400, 0.9510565162951532000, 1.000000000000000000, 0.9510565162951535300, 1.000000000000000000, 0.9510565162951535300, 1.000000000000000000, 0.9510565162951535300, 1.000000000000000000, 0.9510565162951538600, 0.9999999999999996700 ) ) 
 REPRESENTATION_ITEM ( '' )  );
#3423 = CARTESIAN_POINT ( 'NONE',  ( -7.261899367811262900, 9.995146998136467800, -18.80000000546236900 ) ) ;
#3424 = CARTESIAN_POINT ( 'NONE',  ( 14.39126815083781400, -9.049558886049782200, -10.04229490606269700 ) ) ;
#3425 = AXIS2_PLACEMENT_3D ( 'NONE', #1933, #1329, #1584 ) ;
#3426 = CARTESIAN_POINT ( 'NONE',  ( 0.0000000000000000000, 0.0000000000000000000, -5.999999999999995600 ) ) ;
#3427 = CARTESIAN_POINT ( 'NONE',  ( -12.38856201671640100, 0.2911607211098005100, -21.63856201671641700 ) ) ;
#3428 = CARTESIAN_POINT ( 'NONE',  ( -15.00000000000000200, 0.6547410961773713100, -1.211798451962394100 ) ) ;
#3429 = CARTESIAN_POINT ( 'NONE',  ( -9.505949683905630100, 6.906476714436559300, -20.19999999999999600 ) ) ;
#3430 = ORIENTED_EDGE ( 'NONE', *, *, #5365, .F. ) ;
#3431 = PLANE ( 'NONE',  #409 ) ;
#3432 = CARTESIAN_POINT ( 'NONE',  ( 11.74999999999999800, 3.817806430736647700, -15.40000000546236500 ) ) ;
#3433 = DIRECTION ( 'NONE',  ( 0.0000000000000000000, 0.0000000000000000000, -1.000000000000000000 ) ) ;
#3434 = VERTEX_POINT ( 'NONE', #5049 ) ;
#3435 = DIRECTION ( 'NONE',  ( -0.0000000000000000000, -0.0000000000000000000, 1.000000000000000000 ) ) ;
#3436 = EDGE_LOOP ( 'NONE', ( #147, #3742, #2112, #3983 ) ) ;
#3437 = CARTESIAN_POINT ( 'NONE',  ( 14.40651865993280000, 9.002900649291213100, -10.00000000000000000 ) ) ;
#3438 = CARTESIAN_POINT ( 'NONE',  ( -3.965470391606085600, -12.20446294140194800, -10.97500000273118000 ) ) ;
#3439 = ORIENTED_EDGE ( 'NONE', *, *, #4479, .F. ) ;
#3440 = CARTESIAN_POINT ( 'NONE',  ( -11.75000000000000200, -3.817806430736646400, -13.89999999999999300 ) ) ;
#3441 = CARTESIAN_POINT ( 'NONE',  ( 0.0000000000000000000, 0.0000000000000000000, -0.1000000000000000100 ) ) ;
#3442 = B_SPLINE_CURVE_WITH_KNOTS ( 'NONE', 3,
 ( #463, #3636, #3747, #1732, #3946, #424, #1338, #3049, #1789, #38, #3912, #2627 ),
 .UNSPECIFIED., .F., .F.,
 ( 4, 2, 2, 2, 2, 4 ),
 ( 0.01653321403063301800, 0.01845077327583058400, 0.01940955289842936600, 0.02036833252102814700, 0.02228589176622571000, 0.02420345101142327600 ),
 .UNSPECIFIED. ) ;
#3443 = EDGE_LOOP ( 'NONE', ( #3648, #1590, #1662, #4236 ) ) ;
#3444 = DIRECTION ( 'NONE',  ( 1.000000000000000000, 0.0000000000000000000, 0.0000000000000000000 ) ) ;
#3445 = CARTESIAN_POINT ( 'NONE',  ( 7.261899367811263800, 9.995146998136467800, -17.20000000546236800 ) ) ;
#3446 = EDGE_LOOP ( 'NONE', ( #2153, #3469, #330, #3974 ) ) ;
#3447 = CARTESIAN_POINT ( 'NONE',  ( -12.21433863324333700, 2.334957551630176800, -21.67171727569434100 ) ) ;
#3448 = CARTESIAN_POINT ( 'NONE',  ( -15.00000000000000200, -6.699560804590093200, -1.956362348584302200 ) ) ;
#3449 = VERTEX_POINT ( 'NONE', #353 ) ;
#3450 = CARTESIAN_POINT ( 'NONE',  ( 11.74999999999999800, 3.817806430736647700, -18.89999999999999100 ) ) ;
#3451 = CIRCLE ( 'NONE', #879, 0.1000000000000010300 ) ;
#3452 = CARTESIAN_POINT ( 'NONE',  ( 3.630949683905631900, 11.17491406646805200, -15.10000000546236600 ) ) ;
#3453 = CARTESIAN_POINT ( 'NONE',  ( 7.094784737909557200, -9.610065414227401300, -21.18862999225103400 ) ) ;
#3454 = DIRECTION ( 'NONE',  ( 1.000000000000000000, 0.0000000000000000000, 0.0000000000000000000 ) ) ;
#3455 = CARTESIAN_POINT ( 'NONE',  ( -3.965470391606082900, 12.20446294140195000, -23.52500000273117900 ) ) ;
#3456 = LINE ( 'NONE', #1224, #2977 ) ;
#3457 = CARTESIAN_POINT ( 'NONE',  ( 11.74999999999999800, 0.0000000000000000000, -12.99999999999999500 ) ) ;
#3458 = DIRECTION ( 'NONE',  ( -0.0000000000000000000, -0.0000000000000000000, 1.000000000000000000 ) ) ;
#3459 = EDGE_CURVE ( 'NONE', #2597, #1984, #2813, .T. ) ;
#3460 = CARTESIAN_POINT ( 'NONE',  ( 15.01786535021820500, 7.907840947062677400, -10.01562160393502200 ) ) ;
#3461 = ADVANCED_FACE ( 'NONE', ( #2937 ), #3625, .T. ) ;
#3462 = EDGE_CURVE ( 'NONE', #769, #4429, #797, .T. ) ;
#3463 = AXIS2_PLACEMENT_3D ( 'NONE', #1663, #4647, #2083 ) ;
#3464 = CARTESIAN_POINT ( 'NONE',  ( -15.00633967942870600, -7.951225964586098100, -9.993617826836535700 ) ) ;
#3465 = CARTESIAN_POINT ( 'NONE',  ( -6.004444977761852300, 11.09431173187178000, -21.85125507079257500 ) ) ;
#3466 = CARTESIAN_POINT ( 'NONE',  ( 14.39087775712620100, -9.050058108315228700, -10.08601093817335400 ) ) ;
#3467 = CARTESIAN_POINT ( 'NONE',  ( -3.630949683905633200, -11.17491406646805200, -17.59999999999999400 ) ) ;
#3468 = AXIS2_PLACEMENT_3D ( 'NONE', #2680, #2194, #2255 ) ;
#3469 = ORIENTED_EDGE ( 'NONE', *, *, #2210, .F. ) ;
#3470 = CARTESIAN_POINT ( 'NONE',  ( -2.994382008841980400, -11.74848272780204700, -21.36768717555031200 ) ) ;
#3471 = DIRECTION ( 'NONE',  ( 1.000000000000000000, 0.0000000000000000000, 0.0000000000000000000 ) ) ;
#3472 = LINE ( 'NONE', #1483, #791 ) ;
#3473 = CARTESIAN_POINT ( 'NONE',  ( 12.83253174999999600, -4.169542318109129100, -22.22500000273117500 ) ) ;
#3474 = FACE_OUTER_BOUND ( 'NONE', #615, .T. ) ;
#3475 = CARTESIAN_POINT ( 'NONE',  ( 0.7037567805849787000, -16.94801430471912700, -10.02928932188121900 ) ) ;
#3476 = B_SPLINE_CURVE_WITH_KNOTS ( 'NONE', 3,
 ( #248, #1117, #4129, #1568, #4555, #1996 ),
 .UNSPECIFIED., .F., .F.,
 ( 4, 2, 4 ),
 ( 0.0000000000000000000, 0.0001009656817895174300, 0.0002019313635790348500 ),
 .UNSPECIFIED. ) ;
#3477 = CARTESIAN_POINT ( 'NONE',  ( -8.013397459621554500, 0.0000000000000000000, -0.2732050807568876000 ) ) ;
#3478 = CIRCLE ( 'NONE', #1507, 12.50000000000000000 ) ;
#3479 = CARTESIAN_POINT ( 'NONE',  ( -14.40438964787409000, 9.028656850055254400, -10.07430244343755300 ) ) ;
#3480 = FACE_OUTER_BOUND ( 'NONE', #153, .T. ) ;
#3481 = CARTESIAN_POINT ( 'NONE',  ( -3.630949683905633200, -11.17491406646805200, -17.59999999999999400 ) ) ;
#3482 = ORIENTED_EDGE ( 'NONE', *, *, #1384, .F. ) ;
#3483 = CARTESIAN_POINT ( 'NONE',  ( -9.795796117707347200, 11.60631471682955000, -1.254496657140624200 ) ) ;
#3484 = CARTESIAN_POINT ( 'NONE',  ( 3.614347794587441600, 12.25047731746327900, -22.00908502709029700 ) ) ;
#3485 = DIRECTION ( 'NONE',  ( 3.979504932340942500E-014, 2.297568243928489600E-014, 1.000000000000000000 ) ) ;
#3486 = ORIENTED_EDGE ( 'NONE', *, *, #4588, .T. ) ;
#3487 = DIRECTION ( 'NONE',  ( 1.000000000000000000, 0.0000000000000000000, 0.0000000000000000000 ) ) ;
#3488 = CARTESIAN_POINT ( 'NONE',  ( -7.261899367811262900, 9.995146998136467800, -16.29999999999999400 ) ) ;
#3489 = CIRCLE ( 'NONE', #5122, 0.1000000000000007800 ) ;
#3490 = CARTESIAN_POINT ( 'NONE',  ( -16.15142746775892500, -5.373949754163751500, -11.15142746775892100 ) ) ;
#3491 = ADVANCED_FACE ( 'NONE', ( #1825 ), #4104, .T. ) ;
#3492 = ORIENTED_EDGE ( 'NONE', *, *, #3815, .T. ) ;
#3493 = CARTESIAN_POINT ( 'NONE',  ( -11.10621066108851300, -5.328683222511493500, -21.54329054776613000 ) ) ;
#3494 = CARTESIAN_POINT ( 'NONE',  ( 10.42975575067776400, -11.29888578545292600, -1.423628413254009600 ) ) ;
#3495 =( BOUNDED_CURVE ( )  B_SPLINE_CURVE ( 3, ( #5036, #3303, #2891, #316 ),
 .UNSPECIFIED., .F., .T. ) 
 B_SPLINE_CURVE_WITH_KNOTS ( ( 4, 4 ),
 ( 2.657554577411175100, 3.625630729768421400 ),
 .UNSPECIFIED. ) 
 CURVE ( )  GEOMETRIC_REPRESENTATION_ITEM ( )  RATIONAL_B_SPLINE_CURVE ( ( 1.000000000000000000, 0.9234153311148981500, 0.9234153311148981500, 1.000000000000000000 ) ) 
 REPRESENTATION_ITEM ( '' )  );
#3496 = CARTESIAN_POINT ( 'NONE',  ( -10.38173626660608300, -7.542772912224919000, -20.92500000273117800 ) ) ;
#3497 = EDGE_CURVE ( 'NONE', #2931, #2281, #3209, .T. ) ;
#3498 = CARTESIAN_POINT ( 'NONE',  ( -7.261899367811262900, 9.995146998136467800, -16.29999999999999400 ) ) ;
#3499 = DIRECTION ( 'NONE',  ( -0.0000000000000000000, -0.0000000000000000000, 1.000000000000000000 ) ) ;
#3500 = CARTESIAN_POINT ( 'NONE',  ( 14.99999999999999800, 2.713250660217599600, -1.322703599421999800 ) ) ;
#3501 = ORIENTED_EDGE ( 'NONE', *, *, #3643, .T. ) ;
#3502 = CARTESIAN_POINT ( 'NONE',  ( 17.67152257745952700, 2.838930521398229900, -12.67152257745953600 ) ) ;
#3503 = CARTESIAN_POINT ( 'NONE',  ( 14.98816568047337200, -8.022149932198987100, -2.367136103677472700 ) ) ;
#3504 = ORIENTED_EDGE ( 'NONE', *, *, #5522, .F. ) ;
#3505 = CARTESIAN_POINT ( 'NONE',  ( 0.6642197462239891600, -16.98705622478085800, -10.04861515701730900 ) ) ;
#3506 = CARTESIAN_POINT ( 'NONE',  ( 11.74999999999999800, 0.0000000000000000000, -14.99999999999999500 ) ) ;
#3507 = AXIS2_PLACEMENT_3D ( 'NONE', #1846, #508, #4829 ) ;
#3508 = ORIENTED_EDGE ( 'NONE', *, *, #5456, .F. ) ;
#3509 = CARTESIAN_POINT ( 'NONE',  ( -16.83273152355192800, 2.741484080483445500, -11.83273152354587400 ) ) ;
#3510 = CARTESIAN_POINT ( 'NONE',  ( 9.505949683905630100, -6.906476714436561100, -13.70000000546236800 ) ) ;
#3511 = ORIENTED_EDGE ( 'NONE', *, *, #3092, .F. ) ;
#3512 = DIRECTION ( 'NONE',  ( 0.5275916040776775800, 0.8494981455581542800, 7.262451840399350100E-013 ) ) ;
#3513 = CARTESIAN_POINT ( 'NONE',  ( 5.142942842548915600, -14.29275649792812100, -1.232699198645919300 ) ) ;
#3514 = CARTESIAN_POINT ( 'NONE',  ( 8.262032099739667100E-016, 13.49292237646318400, -19.62500000273117700 ) ) ;
#3515 = CARTESIAN_POINT ( 'NONE',  ( -14.33627972453664200, 9.072832586152431500, -10.02544336615963000 ) ) ;
#3516 = ORIENTED_EDGE ( 'NONE', *, *, #331, .T. ) ;
#3517 = CARTESIAN_POINT ( 'NONE',  ( 15.04709094342989100, 7.911071617685573500, -10.09999999999996600 ) ) ;
#3518 = DIRECTION ( 'NONE',  ( 1.000000000000000000, 0.0000000000000000000, 0.0000000000000000000 ) ) ;
#3519 = B_SPLINE_CURVE_WITH_KNOTS ( 'NONE', 3,
 ( #3384, #4263, #5129, #2944, #5091, #2528 ),
 .UNSPECIFIED., .F., .F.,
 ( 4, 2, 4 ),
 ( 0.0000000000000000000, 0.0001009656817895201700, 0.0002019313635790403300 ),
 .UNSPECIFIED. ) ;
#3520 = ADVANCED_FACE ( 'NONE', ( #4232 ), #2087, .F. ) ;
#3521 = DIRECTION ( 'NONE',  ( 0.5000000000000003300, 0.8660254037844386000, 0.0000000000000000000 ) ) ;
#3522 = CARTESIAN_POINT ( 'NONE',  ( -15.02928932188131800, 7.864535902287412000, -10.02928932188131800 ) ) ;
#3523 = CARTESIAN_POINT ( 'NONE',  ( 0.5466972059847500200, -16.99120720151951500, -9.958578643762596300 ) ) ;
#3524 = CARTESIAN_POINT ( 'NONE',  ( 14.40651865993280200, 9.002900649291211400, -2.367136103677472700 ) ) ;
#3525 = CARTESIAN_POINT ( 'NONE',  ( -7.261899367811265500, -9.995146998136466000, -13.69999999999999200 ) ) ;
#3526 = CARTESIAN_POINT ( 'NONE',  ( 14.36392979205096900, 9.092740540471954300, -10.05650919409483300 ) ) ;
#3527 = CARTESIAN_POINT ( 'NONE',  ( 7.565060353109282100E-016, 12.35468113479963900, -13.00000000546236700 ) ) ;
#3528 = CARTESIAN_POINT ( 'NONE',  ( 16.17586895999257000, -5.405748273419379600, -11.22213814587881200 ) ) ;
#3529 = DIRECTION ( 'NONE',  ( 0.0000000000000000000, 0.0000000000000000000, -1.000000000000000000 ) ) ;
#3530 = CARTESIAN_POINT ( 'NONE',  ( 10.38173626660608100, -7.542772912224923400, -18.32500000273118000 ) ) ;
#3531 = CARTESIAN_POINT ( 'NONE',  ( -14.40598136832600700, 9.003437638271426700, -9.965647342848614100 ) ) ;
#3532 = CARTESIAN_POINT ( 'NONE',  ( -14.38031057790459700, -9.029057876003063800, -10.00160207241349900 ) ) ;
#3533 = EDGE_CURVE ( 'NONE', #144, #829, #1710, .T. ) ;
#3534 = EDGE_CURVE ( 'NONE', #1712, #1223, #1958, .T. ) ;
#3535 = DIRECTION ( 'NONE',  ( 0.9059282113491815600, -0.03585786205335571300, -0.4219102862109852000 ) ) ;
#3536 = FACE_OUTER_BOUND ( 'NONE', #127, .T. ) ;
#3537 = CARTESIAN_POINT ( 'NONE',  ( 14.35651865993279900, 8.916298108912768000, 0.0000000000000000000 ) ) ;
#3538 = DIRECTION ( 'NONE',  ( 1.000000000000000000, 0.0000000000000000000, 0.0000000000000000000 ) ) ;
#3539 = CARTESIAN_POINT ( 'NONE',  ( -0.6684014415256543900, -16.88677706114954400, -10.10000000000004100 ) ) ;
#3540 = LINE ( 'NONE', #2333, #4421 ) ;
#3541 = CARTESIAN_POINT ( 'NONE',  ( 10.38173626660608300, 7.542772912224920700, -15.92500000273117800 ) ) ;
#3542 = CARTESIAN_POINT ( 'NONE',  ( -3.630949683905630600, 11.17491406646805400, -12.39999999999999500 ) ) ;
#3543 = AXIS2_PLACEMENT_3D ( 'NONE', #5245, #3561, #1598 ) ;
#3544 = CARTESIAN_POINT ( 'NONE',  ( -0.5434813400672128300, 16.89125892386351100, -2.367136103677471000 ) ) ;
#3545 = VERTEX_POINT ( 'NONE', #2532 ) ;
#3546 = ADVANCED_FACE ( 'NONE', ( #3069 ), #826, .T. ) ;
#3547 = FACE_OUTER_BOUND ( 'NONE', #795, .T. ) ;
#3548 = CARTESIAN_POINT ( 'NONE',  ( 16.17853960580624700, -5.398325893031661800, -11.17853960581235600 ) ) ;
#3549 = CARTESIAN_POINT ( 'NONE',  ( -0.4999999999999917800, 0.0000000000000000000, -5.999999999999995600 ) ) ;
#3550 = DIRECTION ( 'NONE',  ( 1.000000000000000000, 0.0000000000000000000, 0.0000000000000000000 ) ) ;
#3551 = CARTESIAN_POINT ( 'NONE',  ( -12.83253174999999900, -4.169542318109122000, -17.02500000273117600 ) ) ;
#3552 = ORIENTED_EDGE ( 'NONE', *, *, #2010, .F. ) ;
#3553 = ORIENTED_EDGE ( 'NONE', *, *, #553, .F. ) ;
#3554 = DIRECTION ( 'NONE',  ( 0.0000000000000000000, 0.0000000000000000000, 1.000000000000000000 ) ) ;
#3555 = LINE ( 'NONE', #1813, #4704 ) ;
#3556 = CARTESIAN_POINT ( 'NONE',  ( 14.44146847448861900, 8.969057269320533300, -9.958578643762679800 ) ) ;
#3557 = CARTESIAN_POINT ( 'NONE',  ( 7.930940783212167700, 10.91600350634071900, -21.82500000273118000 ) ) ;
#3558 = CIRCLE ( 'NONE', #2507, 10.00000000000000000 ) ;
#3559 = CARTESIAN_POINT ( 'NONE',  ( -10.37874491351924900, 11.26924498340544300, -1.331757101211245900 ) ) ;
#3560 = ORIENTED_EDGE ( 'NONE', *, *, #4049, .F. ) ;
#3561 = DIRECTION ( 'NONE',  ( 0.5275916040781728500, -0.8494981455578467500, -3.450464558879760600E-013 ) ) ;
#3562 = DIRECTION ( 'NONE',  ( 0.7071067811865474600, 8.659560562354932900E-017, -0.7071067811865474600 ) ) ;
#3563 = CARTESIAN_POINT ( 'NONE',  ( 11.74999999999999800, -3.817806430736651700, -11.09999999999999400 ) ) ;
#3564 = B_SPLINE_CURVE_WITH_KNOTS ( 'NONE', 3,
 ( #1433, #4855, #3593, #1026, #4039, #1473, #4472, #1909, #4897, #2331, #5322, #2758, #184, #3180, #619, #3611 ),
 .UNSPECIFIED., .F., .F.,
 ( 4, 3, 3, 3, 3, 4 ),
 ( 0.0000000000000000000, 1.053116858466961900E-005, 1.777303316952237700E-005, 4.440684471232882700E-005, 9.476495939284534900E-005, 0.0001417602336175094000 ),
 .UNSPECIFIED. ) ;
#3565 = CARTESIAN_POINT ( 'NONE',  ( -5.116001778979685900, -14.30816632886447000, -1.258923043201363400 ) ) ;
#3566 = CARTESIAN_POINT ( 'NONE',  ( -11.74999999999999800, 1.438959988998139800E-015, -15.99999999999999300 ) ) ;
#3567 = CARTESIAN_POINT ( 'NONE',  ( 3.965470391606083800, 12.20446294140194800, -15.72500000273117800 ) ) ;
#3568 = EDGE_CURVE ( 'NONE', #2347, #5495, #1207, .T. ) ;
#3569 = ORIENTED_EDGE ( 'NONE', *, *, #3352, .T. ) ;
#3570 = EDGE_CURVE ( 'NONE', #2235, #3033, #382, .T. ) ;
#3571 = CARTESIAN_POINT ( 'NONE',  ( 11.74999999999999800, -3.817806430736651700, -15.60000000546236400 ) ) ;
#3572 = CARTESIAN_POINT ( 'NONE',  ( 9.505949683905630100, -6.906476714436561100, -11.70000000546236800 ) ) ;
#3573 = DIRECTION ( 'NONE',  ( 0.8816568047337269800, 0.4718911724822949000, 0.0000000000000000000 ) ) ;
#3574 = ADVANCED_FACE ( 'NONE', ( #5358 ), #1071, .T. ) ;
#3575 = CARTESIAN_POINT ( 'NONE',  ( 3.965470391606081200, -12.20446294140195000, -20.52500000273118300 ) ) ;
#3576 = ORIENTED_EDGE ( 'NONE', *, *, #5046, .F. ) ;
#3577 = DIRECTION ( 'NONE',  ( -0.0000000000000000000, -0.0000000000000000000, 1.000000000000000000 ) ) ;
#3578 = CARTESIAN_POINT ( 'NONE',  ( -11.74999999999999100, -3.817806430736658800, -18.40000000546236300 ) ) ;
#3579 = CARTESIAN_POINT ( 'NONE',  ( 7.565060353109282100E-016, 12.35468113479963900, -21.00000000546236800 ) ) ;
#3580 = ORIENTED_EDGE ( 'NONE', *, *, #4517, .T. ) ;
#3581 = CARTESIAN_POINT ( 'NONE',  ( -12.83253174999999900, -4.169542318109122000, -23.27500000273117600 ) ) ;
#3582 = CARTESIAN_POINT ( 'NONE',  ( -9.833350214019271000, -11.64322068258926500, -1.262048645169864000 ) ) ;
#3583 = CARTESIAN_POINT ( 'NONE',  ( -11.74999999999999800, 1.438959988998139800E-015, -13.99999999999999300 ) ) ;
#3584 = CARTESIAN_POINT ( 'NONE',  ( 16.83323723930670500, -2.742804231374500500, -11.87563955295803800 ) ) ;
#3585 = ORIENTED_EDGE ( 'NONE', *, *, #5015, .T. ) ;
#3586 = CARTESIAN_POINT ( 'NONE',  ( -11.75000000000002100, -3.817806430736621100, -15.89999999999999300 ) ) ;
#3587 = CARTESIAN_POINT ( 'NONE',  ( 7.930940783212165900, -10.91600350634071700, -14.42500000273118000 ) ) ;
#3588 = FACE_OUTER_BOUND ( 'NONE', #2877, .T. ) ;
#3589 = CARTESIAN_POINT ( 'NONE',  ( 0.07397711968293922700, -12.62849742581721700, -10.99999999999999600 ) ) ;
#3590 = CARTESIAN_POINT ( 'NONE',  ( -10.99999999999998800, 1.285879139104720200E-015, -5.999999999999994700 ) ) ;
#3591 = CARTESIAN_POINT ( 'NONE',  ( -12.83253174999999800, 4.169542318109126500, -19.22500000273118200 ) ) ;
#3592 = CIRCLE ( 'NONE', #5300, 0.09999999999999945000 ) ;
#3593 = CARTESIAN_POINT ( 'NONE',  ( -0.5942150319689952800, -16.97766465055134700, -9.965647342848642500 ) ) ;
#3594 = CARTESIAN_POINT ( 'NONE',  ( 9.505949683905630100, -6.906476714436561100, -17.70000000546236800 ) ) ;
#3595 = CARTESIAN_POINT ( 'NONE',  ( 3.965470391606083800, 12.20446294140194800, -11.72500000273117800 ) ) ;
#3596 = CARTESIAN_POINT ( 'NONE',  ( 3.965470391606083800, 12.20446294140194800, -21.97500000273118200 ) ) ;
#3597 = CARTESIAN_POINT ( 'NONE',  ( 10.79195676163074700, 13.20660896148294200, -11.87563955295803300 ) ) ;
#3598 = ADVANCED_FACE ( 'NONE', ( #929 ), #1478, .T. ) ;
#3599 = CARTESIAN_POINT ( 'NONE',  ( 0.0000000000000000000, 0.0000000000000000000, -10.99999999999999600 ) ) ;
#3600 = EDGE_CURVE ( 'NONE', #2872, #5190, #2878, .T. ) ;
#3601 = CARTESIAN_POINT ( 'NONE',  ( 15.02928932188134300, -7.864535902287415500, -10.02928932188134500 ) ) ;
#3602 = ORIENTED_EDGE ( 'NONE', *, *, #4657, .T. ) ;
#3603 = CARTESIAN_POINT ( 'NONE',  ( -12.83253174999999900, 1.571531893259428100E-015, -13.12500000273117900 ) ) ;
#3604 = CARTESIAN_POINT ( 'NONE',  ( -5.164670944616038800, 14.33868391553886900, -1.320849608619183400 ) ) ;
#3605 = CARTESIAN_POINT ( 'NONE',  ( -7.261899367811265500, -9.995146998136466000, -14.20000000546236600 ) ) ;
#3606 = CARTESIAN_POINT ( 'NONE',  ( 11.75000000000001600, 3.817806430736622400, -18.89999999999999100 ) ) ;
#3607 = CYLINDRICAL_SURFACE ( 'NONE', #160, 8.000000000000000000 ) ;
#3608 = CARTESIAN_POINT ( 'NONE',  ( 10.38173626660608300, 7.542772912224920700, -17.92500000273118100 ) ) ;
#3609 = CARTESIAN_POINT ( 'NONE',  ( 7.930940783212165900, -10.91600350634071900, -20.67500000273117800 ) ) ;
#3610 = EDGE_LOOP ( 'NONE', ( #2848, #3486 ) ) ;
#3611 = CARTESIAN_POINT ( 'NONE',  ( -0.7037567805849812600, -16.94801430471912700, -10.02928932188138600 ) ) ;
#3612 = CARTESIAN_POINT ( 'NONE',  ( -3.630949683905633200, -11.17491406646805200, -11.59999999999999400 ) ) ;
#3613 = CARTESIAN_POINT ( 'NONE',  ( 14.37473446378869500, -9.075627201222269800, -10.10000000000006200 ) ) ;
#3614 = CARTESIAN_POINT ( 'NONE',  ( 7.930940783212165900, -10.91600350634071700, -20.67500000273117800 ) ) ;
#3615 = FACE_OUTER_BOUND ( 'NONE', #1695, .T. ) ;
#3616 = CARTESIAN_POINT ( 'NONE',  ( -11.75000000000000500, 3.817806430736638400, -18.60000000546236300 ) ) ;
#3617 = LINE ( 'NONE', #2770, #592 ) ;
#3618 = VERTEX_POINT ( 'NONE', #5492 ) ;
#3619 = DIRECTION ( 'NONE',  ( -0.7071067811865486800, 0.0000000000000000000, -0.7071067811865463500 ) ) ;
#3620 = CARTESIAN_POINT ( 'NONE',  ( -3.630949683905633200, -11.17491406646805200, -19.59999999999999100 ) ) ;
#3621 = VECTOR ( 'NONE', #2998, 999.9999999999998900 ) ;
#3622 = CARTESIAN_POINT ( 'NONE',  ( 7.930940783212167700, 10.91600350634071700, -11.82500000273118000 ) ) ;
#3623 = CARTESIAN_POINT ( 'NONE',  ( 14.99999999999999800, -3.359752344473881300, -1.420500138817817100 ) ) ;
#3624 = CARTESIAN_POINT ( 'NONE',  ( 14.42823727207095700, 8.990361402726817300, -9.958578643762679800 ) ) ;
#3625 =( BOUNDED_SURFACE ( )  B_SPLINE_SURFACE ( 1, 2, ( 
 ( #2066, #3356, #4664, #2098, #5079, #2522, #5494, #2938, #371, #3376, #812, #3805, #1240, #4252, #1690, #4680, #2119, #5099, #2535, #5509, #2951, #383, #3394, #831, #3827, #1252, #4274, #1708, #4701, #2137, #5117, #2558, #5526, #2973, #403, #3411, #850, #3845, #1274, #4288, #1728, #4716, #2152, #5133, #2572, #5544, #2990, #422, #3429, #865, #3868, #1292, #4311, #1745, #4735, #2164, #5152, #2588, #15, #3007, #437, #3450, #884, #3884, #1315, #4327, #1764, #4749, #2182, #5170, #2606, #34, #3023, #459, #3467, #896, #3904, #1332, #4345, #1784, #4771, #2198, #5191, #2621, #53, #3043, #478, #3488, #916, #3927, #1353, #4361, #1802, #4786, #2220, #5207, #2642, #74, #3066, #497, #3506, #934, #3942, #1375, #4377, #1820, #4805, #2241, #5227, #2657, #96, #3084, #521, #3525, #949, #3966, #1394, #4398, #1839, #4819, #2265, #5247, #2681, #113, #3106, #542, #3542, #970, #3990, #1416, #4416, #1858, #4839, #2279, #5269, #2695, #132, #3126, #563, #3563, #990 ),
 ( #4006, #1437, #4435, #1877, #4859, #2298, #5284, #2718, #150, #3143, #582, #3581, #1009, #4023, #1457, #4455, #1895, #4881, #2313, #5308, #2737, #168, #3161, #601, #3596, #1031, #4042, #1476, #4475, #1913, #4900, #2335, #5326, #2760, #187, #3183, #621, #3614, #1047, #4066, #1498, #4494, #1929, #4920, #2359, #5344, #2780, #212, #3197, #644, #3632, #1070, #4083, #1520, #4509, #1950, #4937, #2376, #5357, #2795, #228, #3220, #657, #3654, #1088, #4103, #1538, #4529, #1971, #4956, #2394, #5373, #2812, #245, #3236, #679, #3667, #1112, #4121, #1560, #4549, #1991, #4977, #2413, #5389, #2831, #261, #3254, #700, #3692, #1128, #4144, #1579, #4570, #2009, #4994, #2433, #5411, #2846, #276, #3275, #721, #3712, #1149, #4159, #1600, #4587, #2028, #5011, #2449, #5426, #2866, #292, #3298, #736, #3731, #1169, #4182, #1616, #4603, #2044, #5029, #2466, #5444, #2884, #310, #3313, #757, #3745, #1189, #4193, #1638, #4619, #2062, #5045, #2479, #5455, #2902, #329, #3331, #768 ) ),
 .UNSPECIFIED., .F., .F., .F. ) 
 B_SPLINE_SURFACE_WITH_KNOTS ( ( 2, 2 ),
 ( 3, 2, 2, 2, 2, 2, 2, 2, 2, 2, 2, 2, 2, 2, 2, 2, 2, 2, 2, 2, 2, 2, 2, 2, 2, 2, 2, 2, 2, 2, 2, 2, 2, 2, 2, 2, 2, 2, 2, 2, 2, 2, 2, 2, 2, 2, 2, 2, 2, 2, 2, 2, 2, 2, 2, 2, 2, 2, 2, 2, 2, 2, 2, 2, 2, 2, 2, 2, 2, 2, 3 ),
 ( 0.0000000000000000000, 1.000000000000000000 ),
 ( 0.0000000000000000000, 0.01428571428571428500, 0.02857142857142857100, 0.04285714285714285800, 0.05714285714285714100, 0.07142857142857142500, 0.08571428571428571500, 0.1000000000000000100, 0.1142857142857142800, 0.1285714285714285600, 0.1428571428571428500, 0.1571428571428571400, 0.1714285714285714300, 0.1857142857142857200, 0.2000000000000000100, 0.2142857142857142700, 0.2285714285714285600, 0.2428571428571428500, 0.2571428571428571200, 0.2714285714285714100, 0.2857142857142857000, 0.2999999999999999900, 0.3142857142857142800, 0.3285714285714285700, 0.3428571428571428600, 0.3571428571428571500, 0.3714285714285714400, 0.3857142857142857300, 0.4000000000000000200, 0.4142857142857143100, 0.4285714285714285500, 0.4428571428571428400, 0.4571428571428571300, 0.4714285714285714200, 0.4857142857142857100, 0.5000000000000000000, 0.5142857142857142300, 0.5285714285714285800, 0.5428571428571428200, 0.5571428571428571600, 0.5714285714285714000, 0.5857142857142857400, 0.5999999999999999800, 0.6142857142857143200, 0.6285714285714285600, 0.6428571428571429000, 0.6571428571428571400, 0.6714285714285713700, 0.6857142857142857200, 0.6999999999999999600, 0.7142857142857143000, 0.7285714285714285400, 0.7428571428571428800, 0.7571428571428571200, 0.7714285714285714600, 0.7857142857142857000, 0.8000000000000000400, 0.8142857142857142800, 0.8285714285714286300, 0.8428571428571428600, 0.8571428571428571000, 0.8714285714285714400, 0.8857142857142856800, 0.9000000000000000200, 0.9142857142857142600, 0.9285714285714286000, 0.9428571428571428400, 0.9571428571428571800, 0.9714285714285714200, 0.9857142857142857700, 1.000000000000000000 ),
 .UNSPECIFIED. ) 
 GEOMETRIC_REPRESENTATION_ITEM ( )  RATIONAL_B_SPLINE_SURFACE ( (
 ( 1.000000000000000000, 0.9510565162951535300, 1.000000000000000000, 0.9510565162951535300, 1.000000000000000000, 0.9510565162951535300, 1.000000000000000000, 0.9510565162951535300, 1.000000000000000000, 0.9510565162951535300, 1.000000000000000000, 0.9510565162951535300, 1.000000000000000000, 0.9510565162951535300, 1.000000000000000000, 0.9510565162951535300, 1.000000000000000000, 0.9510565162951535300, 1.000000000000000000, 0.9510565162951535300, 1.000000000000000000, 0.9510565162951535300, 1.000000000000000000, 0.9510565162951535300, 1.000000000000000000, 0.9510565162951535300, 1.000000000000000000, 0.9510565162951535300, 1.000000000000000000, 0.9510565162951535300, 1.000000000000000000, 0.9510565162951535300, 1.000000000000000000, 0.9510565162951535300, 1.000000000000000000, 0.9510565162951535300, 1.000000000000000000, 0.9510565162951535300, 1.000000000000000000, 0.9510565162951535300, 1.000000000000000000, 0.9510565162951535300, 1.000000000000000000, 0.9510565162951535300, 1.000000000000000000, 0.9510565162951535300, 1.000000000000000000, 0.9510565162951535300, 1.000000000000000000, 0.9510565162951535300, 1.000000000000000000, 0.9510565162951535300, 1.000000000000000000, 0.9510565162951535300, 1.000000000000000000, 0.9510565162951535300, 1.000000000000000000, 0.9510565162951535300, 1.000000000000000000, 0.9510565162951535300, 1.000000000000000000, 0.9510565162951535300, 1.000000000000000000, 0.9510565162951535300, 1.000000000000000000, 0.9510565162951535300, 1.000000000000000000, 0.9510565162951535300, 1.000000000000000000, 0.9510565162951535300, 1.000000000000000000, 0.9510565162951535300, 1.000000000000000000, 0.9510565162951535300, 1.000000000000000000, 0.9510565162951535300, 1.000000000000000000, 0.9510565162951535300, 1.000000000000000000, 0.9510565162951535300, 1.000000000000000000, 0.9510565162951535300, 1.000000000000000000, 0.9510565162951535300, 1.000000000000000000, 0.9510565162951535300, 1.000000000000000000, 0.9510565162951535300, 1.000000000000000000, 0.9510565162951535300, 1.000000000000000000, 0.9510565162951535300, 1.000000000000000000, 0.9510565162951535300, 1.000000000000000000, 0.9510565162951535300, 1.000000000000000000, 0.9510565162951535300, 1.000000000000000000, 0.9510565162951535300, 1.000000000000000000, 0.9510565162951535300, 1.000000000000000000, 0.9510565162951535300, 1.000000000000000000, 0.9510565162951535300, 1.000000000000000000, 0.9510565162951535300, 1.000000000000000000, 0.9510565162951535300, 1.000000000000000000, 0.9510565162951535300, 1.000000000000000000, 0.9510565162951535300, 1.000000000000000000, 0.9510565162951535300, 1.000000000000000000, 0.9510565162951535300, 1.000000000000000000, 0.9510565162951535300, 1.000000000000000000, 0.9510565162951535300, 1.000000000000000000, 0.9510565162951535300, 1.000000000000000000, 0.9510565162951535300, 1.000000000000000000, 0.9510565162951535300, 1.000000000000000000, 0.9510565162951535300, 1.000000000000000000, 0.9510565162951535300, 1.000000000000000000, 0.9510565162951535300, 1.000000000000000000, 0.9510565162951535300, 1.000000000000000000, 0.9510565162951535300, 1.000000000000000000, 0.9510565162951535300, 1.000000000000000000),
 ( 1.000000000000000000, 0.9510565162951535300, 1.000000000000000000, 0.9510565162951535300, 1.000000000000000000, 0.9510565162951535300, 1.000000000000000000, 0.9510565162951535300, 1.000000000000000000, 0.9510565162951535300, 1.000000000000000000, 0.9510565162951535300, 1.000000000000000000, 0.9510565162951535300, 1.000000000000000000, 0.9510565162951535300, 1.000000000000000000, 0.9510565162951535300, 1.000000000000000000, 0.9510565162951535300, 1.000000000000000000, 0.9510565162951535300, 1.000000000000000000, 0.9510565162951535300, 1.000000000000000000, 0.9510565162951535300, 1.000000000000000000, 0.9510565162951535300, 1.000000000000000000, 0.9510565162951535300, 1.000000000000000000, 0.9510565162951535300, 1.000000000000000000, 0.9510565162951535300, 1.000000000000000000, 0.9510565162951535300, 1.000000000000000000, 0.9510565162951535300, 1.000000000000000000, 0.9510565162951535300, 1.000000000000000000, 0.9510565162951535300, 1.000000000000000000, 0.9510565162951535300, 1.000000000000000000, 0.9510565162951535300, 1.000000000000000000, 0.9510565162951535300, 1.000000000000000000, 0.9510565162951535300, 1.000000000000000000, 0.9510565162951535300, 1.000000000000000000, 0.9510565162951535300, 1.000000000000000000, 0.9510565162951535300, 1.000000000000000000, 0.9510565162951535300, 1.000000000000000000, 0.9510565162951535300, 1.000000000000000000, 0.9510565162951535300, 1.000000000000000000, 0.9510565162951535300, 1.000000000000000000, 0.9510565162951535300, 1.000000000000000000, 0.9510565162951535300, 1.000000000000000000, 0.9510565162951535300, 1.000000000000000000, 0.9510565162951535300, 1.000000000000000000, 0.9510565162951535300, 1.000000000000000000, 0.9510565162951535300, 1.000000000000000000, 0.9510565162951535300, 1.000000000000000000, 0.9510565162951535300, 1.000000000000000000, 0.9510565162951535300, 1.000000000000000000, 0.9510565162951535300, 1.000000000000000000, 0.9510565162951535300, 1.000000000000000000, 0.9510565162951535300, 1.000000000000000000, 0.9510565162951535300, 1.000000000000000000, 0.9510565162951535300, 1.000000000000000000, 0.9510565162951535300, 1.000000000000000000, 0.9510565162951535300, 1.000000000000000000, 0.9510565162951535300, 1.000000000000000000, 0.9510565162951535300, 1.000000000000000000, 0.9510565162951535300, 1.000000000000000000, 0.9510565162951535300, 1.000000000000000000, 0.9510565162951535300, 1.000000000000000000, 0.9510565162951535300, 1.000000000000000000, 0.9510565162951535300, 1.000000000000000000, 0.9510565162951535300, 1.000000000000000000, 0.9510565162951535300, 1.000000000000000000, 0.9510565162951535300, 1.000000000000000000, 0.9510565162951535300, 1.000000000000000000, 0.9510565162951535300, 1.000000000000000000, 0.9510565162951535300, 1.000000000000000000, 0.9510565162951535300, 1.000000000000000000, 0.9510565162951535300, 1.000000000000000000, 0.9510565162951535300, 1.000000000000000000, 0.9510565162951535300, 1.000000000000000000, 0.9510565162951535300, 1.000000000000000000, 0.9510565162951535300, 1.000000000000000000, 0.9510565162951535300, 1.000000000000000000, 0.9510565162951535300, 1.000000000000000000, 0.9510565162951535300, 1.000000000000000000) ) ) 
 REPRESENTATION_ITEM ( '' )  SURFACE ( )  );
#3626 = ADVANCED_FACE ( 'NONE', ( #3344 ), #4835, .T. ) ;
#3627 = CARTESIAN_POINT ( 'NONE',  ( -2.478609629921900300E-015, -13.49292237646318100, -16.62500000273118100 ) ) ;
#3628 = CARTESIAN_POINT ( 'NONE',  ( -12.83253174999999900, 1.571531893259428100E-015, -19.37500000273118100 ) ) ;
#3629 = CARTESIAN_POINT ( 'NONE',  ( 14.35766344740526000, 9.051607242150890200, -10.01658961717479500 ) ) ;
#3630 = CARTESIAN_POINT ( 'NONE',  ( -9.505949683905631900, -6.906476714436556600, -14.30000000546236700 ) ) ;
#3631 = CARTESIAN_POINT ( 'NONE',  ( 14.98816633179631600, 8.022148715301238300, -10.02793065430559100 ) ) ;
#3632 = CARTESIAN_POINT ( 'NONE',  ( -12.83253174999999900, 1.571531893259428100E-015, -19.37500000273118100 ) ) ;
#3633 = EDGE_LOOP ( 'NONE', ( #1511, #2837, #2963, #5378 ) ) ;
#3634 = CARTESIAN_POINT ( 'NONE',  ( 3.965470391606083800, 12.20446294140194800, -23.97500000273117800 ) ) ;
#3635 = CARTESIAN_POINT ( 'NONE',  ( 14.37473446378870000, 9.075627201222261000, -10.09999999999995500 ) ) ;
#3636 = CARTESIAN_POINT ( 'NONE',  ( -12.38112402432452600, 2.016476390930722800, -10.99999999999999500 ) ) ;
#3637 = ORIENTED_EDGE ( 'NONE', *, *, #5428, .T. ) ;
#3638 = CARTESIAN_POINT ( 'NONE',  ( 16.83273152354975000, 2.741484080482451600, -11.83273152354975200 ) ) ;
#3639 = CARTESIAN_POINT ( 'NONE',  ( 2.863740271568845100, 15.66712685900934300, -1.720690003328690700 ) ) ;
#3640 = CARTESIAN_POINT ( 'NONE',  ( 3.965470391606081200, -12.20446294140195000, -10.52500000273117900 ) ) ;
#3641 = EDGE_CURVE ( 'NONE', #5505, #234, #1981, .T. ) ;
#3642 = CIRCLE ( 'NONE', #4530, 12.50000000000000000 ) ;
#3643 = EDGE_CURVE ( 'NONE', #3434, #1823, #3719, .T. ) ;
#3644 = CARTESIAN_POINT ( 'NONE',  ( 14.99999999999999800, 1.386558769942054700, -1.156007196296323900 ) ) ;
#3645 = ORIENTED_EDGE ( 'NONE', *, *, #5074, .F. ) ;
#3646 = AXIS2_PLACEMENT_3D ( 'NONE', #2341, #5331, #2766 ) ;
#3647 = CARTESIAN_POINT ( 'NONE',  ( -10.38173626660608100, 7.542772912224922500, -15.32500000273118000 ) ) ;
#3648 = ORIENTED_EDGE ( 'NONE', *, *, #1862, .T. ) ;
#3649 = CARTESIAN_POINT ( 'NONE',  ( 7.930940783212167700, 10.91600350634071900, -18.07500000273117600 ) ) ;
#3650 = CARTESIAN_POINT ( 'NONE',  ( 9.954165047123963100, 6.490095798131190600, -11.38307183061267300 ) ) ;
#3651 = DIRECTION ( 'NONE',  ( 0.0000000000000000000, 0.0000000000000000000, 1.000000000000000000 ) ) ;
#3652 = DATE_AND_TIME ( #1380, #1110 ) ;
#3653 = CARTESIAN_POINT ( 'NONE',  ( -0.6415138129431978700, -16.98798325432399600, -10.04229490606294200 ) ) ;
#3654 = CARTESIAN_POINT ( 'NONE',  ( 7.930940783212167700, 10.91600350634071700, -18.07500000273117600 ) ) ;
#3655 = CARTESIAN_POINT ( 'NONE',  ( 7.930940783212165900, -10.91600350634071700, -22.67500000273117400 ) ) ;
#3656 = ADVANCED_FACE ( 'NONE', ( #2257 ), #1659, .T. ) ;
#3657 = CIRCLE ( 'NONE', #2788, 10.49999999999999500 ) ;
#3658 = CARTESIAN_POINT ( 'NONE',  ( -11.74999999999999800, 1.438959988998139800E-015, -12.50000000546236500 ) ) ;
#3659 = DIRECTION ( 'NONE',  ( -0.5000000000000004400, -0.8660254037844383700, 0.0000000000000000000 ) ) ;
#3660 = CARTESIAN_POINT ( 'NONE',  ( 14.94408284023668400, 7.998555373574928900, -2.280533563299040900 ) ) ;
#3661 = CARTESIAN_POINT ( 'NONE',  ( 12.83253174999999800, 4.169542318109123800, -14.02500000273117700 ) ) ;
#3662 = CARTESIAN_POINT ( 'NONE',  ( 3.965470391606081200, -12.20446294140195000, -16.77500000273118300 ) ) ;
#3663 = CARTESIAN_POINT ( 'NONE',  ( 12.71503537895146600, 1.732554884201536100, -22.08253174999993000 ) ) ;
#3664 = DIRECTION ( 'NONE',  ( 1.000000000000000000, 0.0000000000000000000, 0.0000000000000000000 ) ) ;
#3665 = DIRECTION ( 'NONE',  ( -0.0000000000000000000, -0.0000000000000000000, 1.000000000000000000 ) ) ;
#3666 = DIRECTION ( 'NONE',  ( 0.8355695038801037600, -0.4824162779924474600, 0.2628652485846521600 ) ) ;
#3667 = CARTESIAN_POINT ( 'NONE',  ( 3.965470391606081200, -12.20446294140195000, -16.77500000273118300 ) ) ;
#3668 = CARTESIAN_POINT ( 'NONE',  ( -12.83253174999999900, 1.571531893259428100E-015, -21.37500000273118100 ) ) ;
#3669 = LINE ( 'NONE', #2468, #2537 ) ;
#3670 = EDGE_CURVE ( 'NONE', #3213, #5390, #3044, .T. ) ;
#3671 = FACE_OUTER_BOUND ( 'NONE', #155, .T. ) ;
#3672 = EDGE_CURVE ( 'NONE', #4069, #2509, #235, .T. ) ;
#3673 = CARTESIAN_POINT ( 'NONE',  ( 15.68536470168739200, -6.697056152848305500, -10.73451920673975800 ) ) ;
#3674 = DIRECTION ( 'NONE',  ( 0.0000000000000000000, -0.0000000000000000000, 1.000000000000000000 ) ) ;
#3675 = CARTESIAN_POINT ( 'NONE',  ( -0.6723564796411903900, -16.98669881890782900, -10.10000000000004200 ) ) ;
#3676 = ORIENTED_EDGE ( 'NONE', *, *, #4939, .T. ) ;
#3677 = AXIS2_PLACEMENT_3D ( 'NONE', #2258, #5240, #2675 ) ;
#3678 = CARTESIAN_POINT ( 'NONE',  ( -8.000000000000000000, 9.797174393178825700E-016, -0.2232050807568865000 ) ) ;
#3679 = CARTESIAN_POINT ( 'NONE',  ( -3.630949683905630600, 11.17491406646805400, -14.90000000546236700 ) ) ;
#3680 = CYLINDRICAL_SURFACE ( 'NONE', #307, 0.09999999999999931200 ) ;
#3681 = AXIS2_PLACEMENT_3D ( 'NONE', #2245, #313, #2661 ) ;
#3682 = CARTESIAN_POINT ( 'NONE',  ( 14.40505575698843900, -9.004362525602164900, -9.968904743916555200 ) ) ;
#3683 = ADVANCED_FACE ( 'NONE', ( #3775 ), #71, .T. ) ;
#3684 = CARTESIAN_POINT ( 'NONE',  ( -3.965470391606085600, -12.20446294140194800, -12.72500000273118000 ) ) ;
#3685 = LINE ( 'NONE', #4372, #1677 ) ;
#3686 = LINE ( 'NONE', #2236, #1417 ) ;
#3687 = CARTESIAN_POINT ( 'NONE',  ( -12.83253174999999800, 4.169542318109126500, -15.47500000273117800 ) ) ;
#3688 = CARTESIAN_POINT ( 'NONE',  ( -14.90000000000000200, -7.974960814950757800, -2.367136103677471800 ) ) ;
#3689 = CARTESIAN_POINT ( 'NONE',  ( -15.01646926820042800, -7.913304431114580600, -10.01646926820042400 ) ) ;
#3690 = APPLICATION_CONTEXT ( 'configuration controlled 3d designs of mechanical parts and assemblies' ) ;
#3691 = CARTESIAN_POINT ( 'NONE',  ( 10.38173626660608100, -7.542772912224923400, -12.32500000273118000 ) ) ;
#3692 = CARTESIAN_POINT ( 'NONE',  ( -12.83253174999999600, 4.169542318109126500, -15.47500000273117700 ) ) ;
#3693 = CARTESIAN_POINT ( 'NONE',  ( 7.930940783212167700, 10.91600350634071700, -20.07500000273117600 ) ) ;
#3694 = CARTESIAN_POINT ( 'NONE',  ( 0.6172061631523833000, 16.97148436249673500, -9.993617826836567600 ) ) ;
#3695 = CARTESIAN_POINT ( 'NONE',  ( 11.49034174942164200, 5.210453148906352400, -21.86116424446591800 ) ) ;
#3696 =( BOUNDED_SURFACE ( )  B_SPLINE_SURFACE ( 3, 2, ( 
 ( #5077, #2454, #1175 ),
 ( #883, #131, #1837 ),
 ( #5018, #4610, #5387 ),
 ( #3867, #4918, #1783 ),
 ( #3709, #1392, #3063 ),
 ( #420, #1537, #2357 ),
 ( #2035, #1273, #3597 ),
 ( #189, #4533, #4085 ),
 ( #2338, #565, #1073 ),
 ( #76, #3526, #3635 ) ),
 .UNSPECIFIED., .F., .F., .F. ) 
 B_SPLINE_SURFACE_WITH_KNOTS ( ( 4, 2, 2, 2, 4 ),
 ( 3, 3 ),
 ( 2.657554577411171500, 2.899573615500483200, 3.141592653589794900, 3.383611691679107000, 3.625630729768418700 ),
 ( 0.0000000000000000000, 1.000000000000000000 ),
 .UNSPECIFIED. ) 
 GEOMETRIC_REPRESENTATION_ITEM ( )  RATIONAL_B_SPLINE_SURFACE ( (
 ( 1.000000000000000000, 0.9016308760050247800, 1.000000000000000000),
 ( 1.000000000000000000, 0.9089927772047518000, 1.000000000000000000),
 ( 1.000000000000000000, 0.9145641463641102100, 1.000000000000000000),
 ( 1.000000000000000000, 0.9220081538163332800, 1.000000000000000000),
 ( 1.000000000000000000, 0.9238795325112866300, 1.000000000000000000),
 ( 1.000000000000000000, 0.9238795325112866300, 1.000000000000000000),
 ( 1.000000000000000000, 0.9220081538161765100, 1.000000000000000000),
 ( 1.000000000000000000, 0.9145641463642647500, 1.000000000000000000),
 ( 1.000000000000000000, 0.9089927772046299000, 1.000000000000000000),
 ( 1.000000000000000000, 0.9016308760050257800, 1.000000000000000000) ) ) 
 REPRESENTATION_ITEM ( '' )  SURFACE ( )  );
#3697 = DIRECTION ( 'NONE',  ( -0.0000000000000000000, -0.0000000000000000000, 1.000000000000000000 ) ) ;
#3698 = CARTESIAN_POINT ( 'NONE',  ( -7.500000000000002700, 12.99038105676658700, -10.00000000000000000 ) ) ;
#3699 = CC_DESIGN_DATE_AND_TIME_ASSIGNMENT ( #3255, #1597, ( #3122 ) ) ;
#3700 = EDGE_LOOP ( 'NONE', ( #351, #2188, #1888, #2452 ) ) ;
#3701 = CARTESIAN_POINT ( 'NONE',  ( -7.930940783212167700, 10.91600350634071900, -11.42500000273117800 ) ) ;
#3702 = ORIENTED_EDGE ( 'NONE', *, *, #945, .F. ) ;
#3703 = CARTESIAN_POINT ( 'NONE',  ( 10.38173626660608300, 7.542772912224920700, -14.17500000273118000 ) ) ;
#3704 = CARTESIAN_POINT ( 'NONE',  ( -7.261899367811265500, -9.995146998136466000, -10.20000000546236400 ) ) ;
#3705 = VERTEX_POINT ( 'NONE', #5149 ) ;
#3706 = CARTESIAN_POINT ( 'NONE',  ( -0.7037567805849812600, -16.94801430471912700, -10.02928932188138600 ) ) ;
#3707 = CARTESIAN_POINT ( 'NONE',  ( -0.7037567805848545800, 16.94801430471900300, -10.02928932188180500 ) ) ;
#3708 = PERSON_AND_ORGANIZATION_ROLE ( 'design_supplier' ) ;
#3709 = CARTESIAN_POINT ( 'NONE',  ( 7.304638894873987100, 15.37875352441359700, -11.97071067811865000 ) ) ;
#3710 = CARTESIAN_POINT ( 'NONE',  ( 1.668860485119166000, 16.29426225641235600, -1.928062839146882600 ) ) ;
#3711 = ORIENTED_EDGE ( 'NONE', *, *, #3056, .T. ) ;
#3712 = CARTESIAN_POINT ( 'NONE',  ( 10.38173626660608300, 7.542772912224920700, -14.17500000273118000 ) ) ;
#3713 = EDGE_CURVE ( 'NONE', #2056, #947, #3085, .T. ) ;
#3714 = VERTEX_POINT ( 'NONE', #2237 ) ;
#3715 = CARTESIAN_POINT ( 'NONE',  ( 3.965470391606081200, -12.20446294140195000, -18.77500000273117900 ) ) ;
#3716 = EDGE_LOOP ( 'NONE', ( #2932, #2679, #213, #95 ) ) ;
#3717 = CARTESIAN_POINT ( 'NONE',  ( 3.652583759603551500, 11.41909680141648800, -21.23341877667450800 ) ) ;
#3718 = CARTESIAN_POINT ( 'NONE',  ( -7.261899367811262900, 9.995146998136467800, -12.29999999999999400 ) ) ;
#3719 = CIRCLE ( 'NONE', #2513, 1.000000000000000900 ) ;
#3720 = DIRECTION ( 'NONE',  ( -1.000000000000000000, 0.0000000000000000000, 0.0000000000000000000 ) ) ;
#3721 = EDGE_LOOP ( 'NONE', ( #1158, #1618, #4192, #2672 ) ) ;
#3722 = CARTESIAN_POINT ( 'NONE',  ( 7.565060353109282100E-016, 12.35468113479963900, -20.49999999999999300 ) ) ;
#3723 = CARTESIAN_POINT ( 'NONE',  ( 14.44146847448860700, -8.969057269320543900, -2.367136103677472700 ) ) ;
#3724 = FACE_OUTER_BOUND ( 'NONE', #4198, .T. ) ;
#3725 = FACE_OUTER_BOUND ( 'NONE', #3299, .T. ) ;
#3726 = CARTESIAN_POINT ( 'NONE',  ( -2.478609629921900300E-015, -13.49292237646318100, -12.87500000273117900 ) ) ;
#3727 = CARTESIAN_POINT ( 'NONE',  ( -15.00000000000000000, 7.974960814950757800, -9.958578643762692200 ) ) ;
#3728 = CARTESIAN_POINT ( 'NONE',  ( -0.5654246001103174800, 16.99061146883008200, -10.02266954127326800 ) ) ;
#3729 = CARTESIAN_POINT ( 'NONE',  ( 10.38173626660608100, -7.542772912224923400, -22.32500000273118000 ) ) ;
#3730 = FACE_OUTER_BOUND ( 'NONE', #4268, .T. ) ;
#3731 = CARTESIAN_POINT ( 'NONE',  ( -2.478609629921899900E-015, -13.49292237646318400, -12.87500000273117900 ) ) ;
#3732 = DIRECTION ( 'NONE',  ( 0.0000000000000000000, 1.000000000000000000, 0.0000000000000000000 ) ) ;
#3733 = CARTESIAN_POINT ( 'NONE',  ( 13.75000000000000400, 1.683889348827611200E-015, -23.00000000000000000 ) ) ;
#3734 =( BOUNDED_CURVE ( )  B_SPLINE_CURVE ( 2, ( #5450, #2895, #319, #3324, #763, #3760, #1195, #4205, #1644, #4631, #2069 ),
 .UNSPECIFIED., .F., .F. ) 
 B_SPLINE_CURVE_WITH_KNOTS ( ( 3, 2, 2, 2, 2, 3 ),
 ( 0.7857142857142857000, 0.8000000000000000400, 0.8142857142857142800, 0.8285714285714286300, 0.8428571428571428600, 0.8571428575531047100 ),
 .UNSPECIFIED. ) 
 CURVE ( )  GEOMETRIC_REPRESENTATION_ITEM ( )  RATIONAL_B_SPLINE_CURVE ( ( 1.000000000000000000, 0.9510565162951535300, 1.000000000000000000, 0.9510565162951535300, 1.000000000000000000, 0.9510565162951535300, 1.000000000000000000, 0.9510565162951535300, 1.000000000000000000, 0.9510565162951535300, 1.000000000000000000 ) ) 
 REPRESENTATION_ITEM ( '' )  );
#3735 = CARTESIAN_POINT ( 'NONE',  ( 15.01775354048450100, -7.908297663364782800, -10.01658961717480500 ) ) ;
#3736 = ORIENTED_EDGE ( 'NONE', *, *, #770, .T. ) ;
#3737 = CARTESIAN_POINT ( 'NONE',  ( -11.86163950859456100, -4.896465999361847600, -10.99999999999999800 ) ) ;
#3738 = FACE_OUTER_BOUND ( 'NONE', #5095, .T. ) ;
#3739 = CARTESIAN_POINT ( 'NONE',  ( -10.38173626660608100, 7.542772912224922500, -11.57500000273118000 ) ) ;
#3740 = CARTESIAN_POINT ( 'NONE',  ( 11.72142258099525200, 1.244403045685206400, -11.47909627033290500 ) ) ;
#3741 = ORIENTED_EDGE ( 'NONE', *, *, #269, .T. ) ;
#3742 = ORIENTED_EDGE ( 'NONE', *, *, #3534, .T. ) ;
#3743 = CARTESIAN_POINT ( 'NONE',  ( -15.04333209928675300, 7.918296938465166700, -10.04861515701739600 ) ) ;
#3744 = CARTESIAN_POINT ( 'NONE',  ( 3.965470391606083800, 12.20446294140194800, -21.72500000273118200 ) ) ;
#3745 = CARTESIAN_POINT ( 'NONE',  ( -10.38173626660608100, 7.542772912224922500, -11.57500000273118000 ) ) ;
#3746 = CIRCLE ( 'NONE', #1279, 0.1000000000000007000 ) ;
#3747 = CARTESIAN_POINT ( 'NONE',  ( -12.49501251015188100, 1.392267370658726500, -11.00000000000000000 ) ) ;
#3748 = EDGE_CURVE ( 'NONE', #5495, #1480, #1293, .T. ) ;
#3749 = ORIENTED_EDGE ( 'NONE', *, *, #3418, .T. ) ;
#3750 = EDGE_CURVE ( 'NONE', #144, #5443, #3642, .T. ) ;
#3751 = DIRECTION ( 'NONE',  ( -0.0000000000000000000, -0.0000000000000000000, 1.000000000000000000 ) ) ;
#3752 = CARTESIAN_POINT ( 'NONE',  ( 4.260395241377191100, -11.24633086402091700, -11.22825620463945400 ) ) ;
#3753 = DIRECTION ( 'NONE',  ( -0.0000000000000000000, -0.0000000000000000000, 1.000000000000000000 ) ) ;
#3754 = AXIS2_PLACEMENT_3D ( 'NONE', #3323, #3759, #4630 ) ;
#3755 = ORIENTED_EDGE ( 'NONE', *, *, #4267, .F. ) ;
#3756 = VERTEX_POINT ( 'NONE', #3503 ) ;
#3757 = AXIS2_PLACEMENT_3D ( 'NONE', #426, #1673, #525 ) ;
#3758 = LINE ( 'NONE', #3886, #3896 ) ;
#3759 = DIRECTION ( 'NONE',  ( -0.0000000000000000000, -0.0000000000000000000, 1.000000000000000000 ) ) ;
#3760 = CARTESIAN_POINT ( 'NONE',  ( -2.269518105932784400E-015, -12.35468113479963900, -12.00000000546236500 ) ) ;
#3761 = ORIENTED_EDGE ( 'NONE', *, *, #2438, .T. ) ;
#3762 = DIRECTION ( 'NONE',  ( 0.0000000000000000000, 0.0000000000000000000, -1.000000000000000000 ) ) ;
#3763 = AXIS2_PLACEMENT_3D ( 'NONE', #2497, #5059, #3349 ) ;
#3764 = CARTESIAN_POINT ( 'NONE',  ( -14.90000000000000200, 7.974960814950754300, -2.367136103677472300 ) ) ;
#3765 = CARTESIAN_POINT ( 'NONE',  ( -11.74999999999999800, 1.438959988998139800E-015, -18.50000000546236500 ) ) ;
#3766 = CARTESIAN_POINT ( 'NONE',  ( -16.00000000000000000, 0.0000000000000000000, -23.00000000000000000 ) ) ;
#3767 = ORIENTED_EDGE ( 'NONE', *, *, #1581, .T. ) ;
#3768 = ORIENTED_EDGE ( 'NONE', *, *, #3314, .T. ) ;
#3769 = DIRECTION ( 'NONE',  ( -0.0000000000000000000, -0.0000000000000000000, 1.000000000000000000 ) ) ;
#3770 = ORIENTED_EDGE ( 'NONE', *, *, #3129, .T. ) ;
#3771 = CARTESIAN_POINT ( 'NONE',  ( 14.40651865993280000, 9.002900649291211400, -2.367136103677472700 ) ) ;
#3772 = ORIENTED_EDGE ( 'NONE', *, *, #806, .F. ) ;
#3773 = DIRECTION ( 'NONE',  ( 0.0000000000000000000, 0.0000000000000000000, -1.000000000000000000 ) ) ;
#3774 = ORIENTED_EDGE ( 'NONE', *, *, #738, .F. ) ;
#3775 = FACE_OUTER_BOUND ( 'NONE', #4577, .T. ) ;
#3776 = CARTESIAN_POINT ( 'NONE',  ( 14.37473446378869300, 9.075627201222273400, -10.09999999999995900 ) ) ;
#3777 = CARTESIAN_POINT ( 'NONE',  ( -12.83253174999999900, -4.169542318109122000, -17.27500000273118300 ) ) ;
#3778 = VERTEX_POINT ( 'NONE', #4393 ) ;
#3779 = DIRECTION ( 'NONE',  ( 0.0000000000000000000, 0.7559289460184555100, 0.6546536707079759800 ) ) ;
#3780 = CARTESIAN_POINT ( 'NONE',  ( 14.98816568047336900, 8.022149932198994200, -9.958578643762686900 ) ) ;
#3781 = CARTESIAN_POINT ( 'NONE',  ( -14.44146855929041000, -8.969057132777489700, -9.992710358795275000 ) ) ;
#3782 = EDGE_CURVE ( 'NONE', #2482, #3907, #2100, .T. ) ;
#3783 = LINE ( 'NONE', #4450, #3113 ) ;
#3784 = CARTESIAN_POINT ( 'NONE',  ( 15.04709094342989000, 7.911071617685571800, -10.09999999999996400 ) ) ;
#3785 = CARTESIAN_POINT ( 'NONE',  ( 0.0000000000000000000, 0.0000000000000000000, -0.2500000000000000000 ) ) ;
#3786 = EDGE_CURVE ( 'NONE', #5458, #762, #4195, .T. ) ;
#3787 = EDGE_LOOP ( 'NONE', ( #2518, #5550, #1221, #2147, #1203, #1843 ) ) ;
#3788 = DIRECTION ( 'NONE',  ( -0.0000000000000000000, -0.0000000000000000000, -1.000000000000000000 ) ) ;
#3789 = AXIS2_PLACEMENT_3D ( 'NONE', #327, #3329, #766 ) ;
#3790 = PERSON_AND_ORGANIZATION ( #2658, #1528 ) ;
#3791 = CARTESIAN_POINT ( 'NONE',  ( -6.041280477676073300, -15.94941319285695200, -11.87563955296048900 ) ) ;
#3792 = CARTESIAN_POINT ( 'NONE',  ( -0.5466972059847699000, 16.99120720151951100, -9.958578643762656700 ) ) ;
#3793 = CARTESIAN_POINT ( 'NONE',  ( -9.505949683905631900, -6.906476714436556600, -20.30000000546236500 ) ) ;
#3794 = AXIS2_PLACEMENT_3D ( 'NONE', #5376, #4965, #249 ) ;
#3795 = CARTESIAN_POINT ( 'NONE',  ( -0.6600900930792434900, 16.95990490551566400, -10.01658961717477700 ) ) ;
#3796 = CARTESIAN_POINT ( 'NONE',  ( 3.965470391606083800, 12.20446294140194800, -15.97500000273118000 ) ) ;
#3797 = CARTESIAN_POINT ( 'NONE',  ( 1.679563575651623400, 16.28810033793965700, -1.924705816178466500 ) ) ;
#3798 = DIRECTION ( 'NONE',  ( 0.0000000000000000000, -0.0000000000000000000, 1.000000000000000000 ) ) ;
#3799 = CARTESIAN_POINT ( 'NONE',  ( -7.261899367811265500, -9.995146998136466000, -16.20000000546236400 ) ) ;
#3800 = CARTESIAN_POINT ( 'NONE',  ( -3.630949683905630600, 11.17491406646805400, -18.90000000546236700 ) ) ;
#3801 = CARTESIAN_POINT ( 'NONE',  ( 5.626168453140800300, -11.01169756321393600, -10.99999999999998600 ) ) ;
#3802 = CARTESIAN_POINT ( 'NONE',  ( -17.00000000000000000, 2.081899558550500300E-015, 0.0000000000000000000 ) ) ;
#3803 = CARTESIAN_POINT ( 'NONE',  ( -13.59760790663379200, 10.23642608317908800, -10.66380898531166100 ) ) ;
#3804 = CARTESIAN_POINT ( 'NONE',  ( -13.59760790662972400, -10.23642608317840600, -10.66380898530894300 ) ) ;
#3805 = CARTESIAN_POINT ( 'NONE',  ( -11.75000000000000200, -3.817806430736646400, -23.89999999999999500 ) ) ;
#3806 = CIRCLE ( 'NONE', #47, 13.02320508075688500 ) ;
#3807 = CARTESIAN_POINT ( 'NONE',  ( 15.04333209928693200, -7.918296938465275900, -10.04861515701743000 ) ) ;
#3808 = FACE_OUTER_BOUND ( 'NONE', #4620, .T. ) ;
#3809 = CARTESIAN_POINT ( 'NONE',  ( 8.099999999999999600, 0.0000000000000000000, -0.1000000000000000100 ) ) ;
#3810 = CARTESIAN_POINT ( 'NONE',  ( 0.0000000000000000000, 0.0000000000000000000, 0.0000000000000000000 ) ) ;
#3811 = VERTEX_POINT ( 'NONE', #129 ) ;
#3812 = CARTESIAN_POINT ( 'NONE',  ( -14.40651865993280500, -9.002900649291200700, -9.958578643762615800 ) ) ;
#3813 = CARTESIAN_POINT ( 'NONE',  ( 7.930940783212165900, -10.91600350634071700, -14.67500000273117800 ) ) ;
#3814 = VECTOR ( 'NONE', #301, 1000.000000000000000 ) ;
#3815 = EDGE_CURVE ( 'NONE', #5241, #4464, #1165, .T. ) ;
#3816 = DIRECTION ( 'NONE',  ( 1.000000000000000000, 0.0000000000000000000, 0.0000000000000000000 ) ) ;
#3817 = DIRECTION ( 'NONE',  ( -0.0000000000000000000, -0.0000000000000000000, 1.000000000000000000 ) ) ;
#3818 = CARTESIAN_POINT ( 'NONE',  ( 6.906701771319170300, 13.33292194880519500, -1.212674806666651500 ) ) ;
#3819 = ORIENTED_EDGE ( 'NONE', *, *, #1617, .T. ) ;
#3820 = DIRECTION ( 'NONE',  ( 0.4999999999999996100, -0.8660254037844389300, 0.0000000000000000000 ) ) ;
#3821 = ORIENTED_EDGE ( 'NONE', *, *, #2786, .T. ) ;
#3822 = EDGE_CURVE ( 'NONE', #3449, #1471, #1486, .T. ) ;
#3823 = CARTESIAN_POINT ( 'NONE',  ( -12.83253174999999900, 1.571531893259428100E-015, -13.12500000273117900 ) ) ;
#3824 = EDGE_CURVE ( 'NONE', #4593, #3279, #3564, .T. ) ;
#3825 = CARTESIAN_POINT ( 'NONE',  ( -7.315190965991345000, 15.40648167905897200, -12.00000000000119400 ) ) ;
#3826 = ORIENTED_EDGE ( 'NONE', *, *, #4588, .F. ) ;
#3827 = CARTESIAN_POINT ( 'NONE',  ( 3.630949683905631900, 11.17491406646805200, -22.59999999999999400 ) ) ;
#3828 = AXIS2_PLACEMENT_3D ( 'NONE', #3022, #5169, #457 ) ;
#3829 = CARTESIAN_POINT ( 'NONE',  ( 14.98816568047337200, -8.022149932198996000, -9.958578643762690400 ) ) ;
#3830 = CARTESIAN_POINT ( 'NONE',  ( -2.269518105932784400E-015, -12.35468113479963900, -14.00000000546236700 ) ) ;
#3831 = AXIS2_PLACEMENT_3D ( 'NONE', #1910, #4879, #755 ) ;
#3832 = ORIENTED_EDGE ( 'NONE', *, *, #2010, .T. ) ;
#3833 = CARTESIAN_POINT ( 'NONE',  ( 0.7037567805850073500, 16.94801430471914100, -10.02928932188135900 ) ) ;
#3834 = CARTESIAN_POINT ( 'NONE',  ( -3.630949683905630600, 11.17491406646805400, -14.39999999999999500 ) ) ;
#3835 = CARTESIAN_POINT ( 'NONE',  ( -12.83253174999999900, 1.571531893259428100E-015, -13.37500000273117900 ) ) ;
#3836 = CARTESIAN_POINT ( 'NONE',  ( -10.77423901921622100, 6.071270620702617500, -10.99999999999999100 ) ) ;
#3837 = CARTESIAN_POINT ( 'NONE',  ( 7.517143090531558200, 9.268073343326884500, -11.32070628189155100 ) ) ;
#3838 = CARTESIAN_POINT ( 'NONE',  ( 14.94999999999999800, 1.957440337456752300E-015, -1.125833024919771700 ) ) ;
#3839 = CARTESIAN_POINT ( 'NONE',  ( -3.630949683905630600, 11.17491406646805400, -22.90000000546236700 ) ) ;
#3840 = ORIENTED_EDGE ( 'NONE', *, *, #2599, .F. ) ;
#3841 = DIRECTION ( 'NONE',  ( 0.0000000000000000000, 0.0000000000000000000, -1.000000000000000000 ) ) ;
#3842 = CARTESIAN_POINT ( 'NONE',  ( -0.6723564796412328000, 16.98669881890782600, -10.09999999999995300 ) ) ;
#3843 = VERTEX_POINT ( 'NONE', #598 ) ;
#3844 = CARTESIAN_POINT ( 'NONE',  ( -15.00000000000000400, 5.387505404981989300, -1.665579518498601800 ) ) ;
#3845 = CARTESIAN_POINT ( 'NONE',  ( 7.261899367811261100, -9.995146998136467800, -21.29999999999999400 ) ) ;
#3846 = ORIENTED_EDGE ( 'NONE', *, *, #5515, .F. ) ;
#3847 = DIRECTION ( 'NONE',  ( -0.0000000000000000000, -0.0000000000000000000, 1.000000000000000000 ) ) ;
#3848 = CARTESIAN_POINT ( 'NONE',  ( 8.000000000000000000, 0.0000000000000000000, -0.1000000000000000100 ) ) ;
#3849 = CARTESIAN_POINT ( 'NONE',  ( 14.94718655177626900, 5.370477362664208200, -1.634151830153387700 ) ) ;
#3850 = CARTESIAN_POINT ( 'NONE',  ( 4.562732703277482900, 14.68621312121193300, -1.365610214338552500 ) ) ;
#3851 = ORIENTED_EDGE ( 'NONE', *, *, #4909, .T. ) ;
#3852 = DIRECTION ( 'NONE',  ( -1.000000000000000000, 0.0000000000000000000, 0.0000000000000000000 ) ) ;
#3853 = CARTESIAN_POINT ( 'NONE',  ( 7.930940783212167700, 10.91600350634071700, -12.07500000273117800 ) ) ;
#3854 = ORIENTED_EDGE ( 'NONE', *, *, #3672, .F. ) ;
#3855 = CARTESIAN_POINT ( 'NONE',  ( -0.4999999999999917800, 0.0000000000000000000, -7.499999999999997300 ) ) ;
#3856 = CARTESIAN_POINT ( 'NONE',  ( -2.857032048264523700, 15.67099985353976500, -1.660896675379802000 ) ) ;
#3857 = EDGE_CURVE ( 'NONE', #4750, #832, #157, .T. ) ;
#3858 = FACE_OUTER_BOUND ( 'NONE', #4536, .T. ) ;
#3859 = CARTESIAN_POINT ( 'NONE',  ( 14.32553254129633300, -9.083478402431733700, -10.02928932188142500 ) ) ;
#3860 = EDGE_CURVE ( 'NONE', #5134, #2965, #3783, .T. ) ;
#3861 = CIRCLE ( 'NONE', #1835, 10.16506350946110300 ) ;
#3862 = CARTESIAN_POINT ( 'NONE',  ( 15.00000000000000000, -7.974960814950757800, -2.367136103677472300 ) ) ;
#3863 = AXIS2_PLACEMENT_3D ( 'NONE', #3011, #443, #3454 ) ;
#3864 = DIRECTION ( 'NONE',  ( -0.0000000000000000000, -0.0000000000000000000, 1.000000000000000000 ) ) ;
#3865 = FACE_OUTER_BOUND ( 'NONE', #1053, .T. ) ;
#3866 = CARTESIAN_POINT ( 'NONE',  ( -14.95000370309230100, 0.6569382046991452100, -1.125195911515251400 ) ) ;
#3867 = CARTESIAN_POINT ( 'NONE',  ( 6.041098872747641100, 15.91683035882142700, -11.80492887484057500 ) ) ;
#3868 = CARTESIAN_POINT ( 'NONE',  ( -11.74999999999999800, 1.438959988998139800E-015, -19.99999999999999300 ) ) ;
#3869 = CARTESIAN_POINT ( 'NONE',  ( 0.0000000000000000000, 0.0000000000000000000, -10.99999999999999600 ) ) ;
#3870 = CARTESIAN_POINT ( 'NONE',  ( 11.47690044152159800, -2.759884522023472500, -21.04737204658380600 ) ) ;
#3871 = CARTESIAN_POINT ( 'NONE',  ( 3.965470391606081200, -12.20446294140195000, -10.77500000273117900 ) ) ;
#3872 = DIRECTION ( 'NONE',  ( 0.0000000000000000000, 0.0000000000000000000, -1.000000000000000000 ) ) ;
#3873 = ORIENTED_EDGE ( 'NONE', *, *, #4908, .F. ) ;
#3874 = ORIENTED_EDGE ( 'NONE', *, *, #4194, .F. ) ;
#3875 = B_SPLINE_CURVE_WITH_KNOTS ( 'NONE', 3,
 ( #863, #5265, #4815, #4392, #109, #3101, #2677, #2260, #964, #3464, #11, #4108, #434, #4127, #880, #3334 ),
 .UNSPECIFIED., .F., .F.,
 ( 4, 3, 3, 3, 3, 4 ),
 ( 0.0000000000000000000, 1.053116858467053400E-005, 1.777303316952240000E-005, 4.440684471232286400E-005, 9.476495939284198800E-005, 0.0001417602336175058500 ),
 .UNSPECIFIED. ) ;
#3876 = CARTESIAN_POINT ( 'NONE',  ( 7.565060353109282100E-016, 12.35468113479963900, -17.00000000546236500 ) ) ;
#3877 = FACE_OUTER_BOUND ( 'NONE', #1998, .T. ) ;
#3878 = ORIENTED_EDGE ( 'NONE', *, *, #1172, .T. ) ;
#3879 = ORIENTED_EDGE ( 'NONE', *, *, #4653, .T. ) ;
#3880 = CARTESIAN_POINT ( 'NONE',  ( 13.64250310978070100, -10.23539622286166100, -10.73451920673633200 ) ) ;
#3881 = CARTESIAN_POINT ( 'NONE',  ( -11.79543196396376600, 4.027237432489088500, -21.70043018886523700 ) ) ;
#3882 = CARTESIAN_POINT ( 'NONE',  ( -15.00000000000000200, -7.974960814950811100, -2.367136103677486900 ) ) ;
#3883 = LINE ( 'NONE', #2396, #4027 ) ;
#3884 = CARTESIAN_POINT ( 'NONE',  ( 7.261899367811263800, 9.995146998136467800, -18.69999999999999600 ) ) ;
#3885 = CARTESIAN_POINT ( 'NONE',  ( 9.505949683905631900, 6.906476714436558400, -13.30000000546236500 ) ) ;
#3886 = CARTESIAN_POINT ( 'NONE',  ( 7.500000000000007100, 12.99038105676658500, -9.958578643762701100 ) ) ;
#3887 = LINE ( 'NONE', #576, #3406 ) ;
#3888 = ADVANCED_FACE ( 'NONE', ( #2002 ), #3932, .T. ) ;
#3889 = CONICAL_SURFACE ( 'NONE', #3395, 13.75000000000000400, 0.7853981633974482800 ) ;
#3890 = CARTESIAN_POINT ( 'NONE',  ( 5.793376915094263800, -10.49921861342713700, -21.21565759717632500 ) ) ;
#3891 = CARTESIAN_POINT ( 'NONE',  ( -11.74999999999999800, 1.438959988998139800E-015, -20.50000000546236800 ) ) ;
#3892 = CARTESIAN_POINT ( 'NONE',  ( -10.38173626660608100, 7.542772912224922500, -23.32500000273118300 ) ) ;
#3893 = ORIENTED_EDGE ( 'NONE', *, *, #5456, .T. ) ;
#3894 = EDGE_CURVE ( 'NONE', #4057, #1519, #844, .T. ) ;
#3895 = CARTESIAN_POINT ( 'NONE',  ( 2.042861591905091400, -16.93245237570920400, -10.73451920674215300 ) ) ;
#3896 = VECTOR ( 'NONE', #1033, 1000.000000000000000 ) ;
#3897 = CARTESIAN_POINT ( 'NONE',  ( -0.5466972059847699000, 16.99120720151951100, -2.367136103677473200 ) ) ;
#3898 = CARTESIAN_POINT ( 'NONE',  ( 13.75000000000000400, 1.683889348827611200E-015, -23.00000000000000000 ) ) ;
#3899 = ORIENTED_EDGE ( 'NONE', *, *, #5491, .F. ) ;
#3900 = ORIENTED_EDGE ( 'NONE', *, *, #545, .T. ) ;
#3901 = DIRECTION ( 'NONE',  ( -0.8455726155169898100, 0.5338604236012976000, 0.0000000000000000000 ) ) ;
#3902 = CARTESIAN_POINT ( 'NONE',  ( -3.327506179583963800, 12.25744462818982000, -21.89701102649662100 ) ) ;
#3903 = CARTESIAN_POINT ( 'NONE',  ( -14.35651865993279800, 8.916298108912771500, -2.367136103677472300 ) ) ;
#3904 = CARTESIAN_POINT ( 'NONE',  ( 3.630949683905629200, -11.17491406646805400, -17.39999999999999500 ) ) ;
#3905 = ORIENTED_EDGE ( 'NONE', *, *, #5488, .T. ) ;
#3906 = AXIS2_PLACEMENT_3D ( 'NONE', #3326, #3762, #1196 ) ;
#3907 = VERTEX_POINT ( 'NONE', #4080 ) ;
#3908 = CARTESIAN_POINT ( 'NONE',  ( -4.137223118956947900, -11.41693744401028000, -21.38692804224079300 ) ) ;
#3909 = VERTEX_POINT ( 'NONE', #4933 ) ;
#3910 = CARTESIAN_POINT ( 'NONE',  ( 14.42070042309491900, -8.994712804511980400, -2.307030028425095700 ) ) ;
#3911 =( BOUNDED_SURFACE ( )  B_SPLINE_SURFACE ( 1, 2, ( 
 ( #1368, #112, #2985, #843, #1285, #4210, #2219, #3125, #2176, #3239, #1319, #4660, #4796, #1542, #4899, #2301, #1801, #1200, #3729, #5246, #1388, #2114, #4302, #4212, #3744, #211, #1915, #4087, #1653, #4010, #2933, #2519, #647, #1701, #4654, #2721, #2091, #1648, #2073, #2903, #3280, #1741, #4454, #5288, #1204, #2583, #2340, #1325, #4677, #541, #27, #2032, #2865, #2516, #1415, #4376, #698, #2956, #1148, #741, #4120, #2297, #511, #4474, #4857, #1559, #5531, #4246, #3147, #3347, #2736, #3947, #4459, #94, #260, #1266, #5058, #4320, #1523, #2139, #5028, #5226, #3541, #4712, #2269, #1721, #4602, #4181, #4041, #5126, #787, #1832, #1305, #3160, #1232, #3965, #4703, #5388, #1029, #1619, #3330, #2694, #5489, #5120, #2999, #3312, #2043, #5009, #5425, #1436, #3823, #4493, #1876, #1615, #1046, #4005, #2447, #4434, #3691, #1393, #2759, #3182, #1497, #1989, #3595, #858, #4861, #4340, #1008, #606, #2111, #1756, #2560, #5083, #3186, #1076, #312, #4513, #4976, #1167, #1778 ),
 ( #2264, #802, #3196, #2161, #767, #4225, #3839, #333, #3398, #2531, #3988, #4691, #1819, #2830, #388, #328, #5093, #5361, #5536, #5184, #415, #3333, #993, #2966, #4606, #3579, #4761, #1640, #186, #1974, #561, #5457, #3793, #4675, #1249, #5520, #5108, #4396, #4618, #1499, #3065, #789, #3957, #5165, #1881, #4373, #3800, #3423, #2652, #4191, #5141, #5504, #1713, #1734, #2668, #5477, #4558, #5064, #1589, #2422, #1001, #1505, #355, #4133, #3263, #2201, #1957, #5276, #1730, #2471, #4613, #1018, #3968, #4331, #3116, #1841, #4422, #1357, #1378, #3571, #2908, #3432, #5547, #237, #1210, #1867, #3679, #665, #2802, #4291, #4719, #1822, #1334, #3605, #815, #3830, #175, #4645, #3510, #591, #3397, #1711, #2345, #2539, #972, #3527, #4314, #5316, #1768, #2068, #5037, #5377, #1098, #1672, #5302, #2979, #605, #5297, #3572, #1404, #4140, #3293, #1775, #3954, #612, #5279, #4465, #2669, #2058, #1446, #4338, #942, #4423, #3704, #274, #985, #4583, #2596, #4118, #4848, #4015 ) ),
 .UNSPECIFIED., .F., .F., .F. ) 
 B_SPLINE_SURFACE_WITH_KNOTS ( ( 2, 2 ),
 ( 3, 2, 2, 2, 2, 2, 2, 2, 2, 2, 2, 2, 2, 2, 2, 2, 2, 2, 2, 2, 2, 2, 2, 2, 2, 2, 2, 2, 2, 2, 2, 2, 2, 2, 2, 2, 2, 2, 2, 2, 2, 2, 2, 2, 2, 2, 2, 2, 2, 2, 2, 2, 2, 2, 2, 2, 2, 2, 2, 2, 2, 2, 2, 2, 2, 2, 2, 2, 2, 2, 3 ),
 ( 0.0000000000000000000, 1.000000000000000000 ),
 ( 0.0000000000000000000, 0.01428571428571428500, 0.02857142857142857100, 0.04285714285714285800, 0.05714285714285714100, 0.07142857142857142500, 0.08571428571428571500, 0.1000000000000000100, 0.1142857142857142800, 0.1285714285714285600, 0.1428571428571428500, 0.1571428571428571400, 0.1714285714285714300, 0.1857142857142857200, 0.2000000000000000100, 0.2142857142857142700, 0.2285714285714285600, 0.2428571428571428500, 0.2571428571428571200, 0.2714285714285714100, 0.2857142857142857000, 0.2999999999999999900, 0.3142857142857142800, 0.3285714285714285700, 0.3428571428571428600, 0.3571428571428571500, 0.3714285714285714400, 0.3857142857142857300, 0.4000000000000000200, 0.4142857142857143100, 0.4285714285714285500, 0.4428571428571428400, 0.4571428571428571300, 0.4714285714285714200, 0.4857142857142857100, 0.5000000000000000000, 0.5142857142857142300, 0.5285714285714285800, 0.5428571428571428200, 0.5571428571428571600, 0.5714285714285714000, 0.5857142857142857400, 0.5999999999999999800, 0.6142857142857143200, 0.6285714285714285600, 0.6428571428571429000, 0.6571428571428571400, 0.6714285714285713700, 0.6857142857142857200, 0.6999999999999999600, 0.7142857142857143000, 0.7285714285714285400, 0.7428571428571428800, 0.7571428571428571200, 0.7714285714285714600, 0.7857142857142857000, 0.8000000000000000400, 0.8142857142857142800, 0.8285714285714286300, 0.8428571428571428600, 0.8571428571428571000, 0.8714285714285714400, 0.8857142857142856800, 0.9000000000000000200, 0.9142857142857142600, 0.9285714285714286000, 0.9428571428571428400, 0.9571428571428571800, 0.9714285714285714200, 0.9857142857142857700, 1.000000000000000000 ),
 .UNSPECIFIED. ) 
 GEOMETRIC_REPRESENTATION_ITEM ( )  RATIONAL_B_SPLINE_SURFACE ( (
 ( 1.000000000000000000, 0.9510565162951535300, 1.000000000000000000, 0.9510565162951535300, 1.000000000000000000, 0.9510565162951535300, 1.000000000000000000, 0.9510565162951535300, 1.000000000000000000, 0.9510565162951535300, 1.000000000000000000, 0.9510565162951535300, 1.000000000000000000, 0.9510565162951535300, 1.000000000000000000, 0.9510565162951535300, 1.000000000000000000, 0.9510565162951535300, 1.000000000000000000, 0.9510565162951535300, 1.000000000000000000, 0.9510565162951535300, 1.000000000000000000, 0.9510565162951535300, 1.000000000000000000, 0.9510565162951535300, 1.000000000000000000, 0.9510565162951535300, 1.000000000000000000, 0.9510565162951535300, 1.000000000000000000, 0.9510565162951535300, 1.000000000000000000, 0.9510565162951535300, 1.000000000000000000, 0.9510565162951535300, 1.000000000000000000, 0.9510565162951535300, 1.000000000000000000, 0.9510565162951535300, 1.000000000000000000, 0.9510565162951535300, 1.000000000000000000, 0.9510565162951535300, 1.000000000000000000, 0.9510565162951535300, 1.000000000000000000, 0.9510565162951535300, 1.000000000000000000, 0.9510565162951535300, 1.000000000000000000, 0.9510565162951535300, 1.000000000000000000, 0.9510565162951535300, 1.000000000000000000, 0.9510565162951535300, 1.000000000000000000, 0.9510565162951535300, 1.000000000000000000, 0.9510565162951535300, 1.000000000000000000, 0.9510565162951535300, 1.000000000000000000, 0.9510565162951535300, 1.000000000000000000, 0.9510565162951535300, 1.000000000000000000, 0.9510565162951535300, 1.000000000000000000, 0.9510565162951535300, 1.000000000000000000, 0.9510565162951535300, 1.000000000000000000, 0.9510565162951535300, 1.000000000000000000, 0.9510565162951535300, 1.000000000000000000, 0.9510565162951535300, 1.000000000000000000, 0.9510565162951535300, 1.000000000000000000, 0.9510565162951535300, 1.000000000000000000, 0.9510565162951535300, 1.000000000000000000, 0.9510565162951535300, 1.000000000000000000, 0.9510565162951535300, 1.000000000000000000, 0.9510565162951535300, 1.000000000000000000, 0.9510565162951535300, 1.000000000000000000, 0.9510565162951535300, 1.000000000000000000, 0.9510565162951535300, 1.000000000000000000, 0.9510565162951535300, 1.000000000000000000, 0.9510565162951535300, 1.000000000000000000, 0.9510565162951535300, 1.000000000000000000, 0.9510565162951535300, 1.000000000000000000, 0.9510565162951535300, 1.000000000000000000, 0.9510565162951535300, 1.000000000000000000, 0.9510565162951535300, 1.000000000000000000, 0.9510565162951535300, 1.000000000000000000, 0.9510565162951535300, 1.000000000000000000, 0.9510565162951535300, 1.000000000000000000, 0.9510565162951535300, 1.000000000000000000, 0.9510565162951535300, 1.000000000000000000, 0.9510565162951535300, 1.000000000000000000, 0.9510565162951535300, 1.000000000000000000, 0.9510565162951535300, 1.000000000000000000, 0.9510565162951535300, 1.000000000000000000, 0.9510565162951535300, 1.000000000000000000, 0.9510565162951535300, 1.000000000000000000, 0.9510565162951535300, 1.000000000000000000, 0.9510565162951535300, 1.000000000000000000, 0.9510565162951535300, 1.000000000000000000, 0.9510565162951535300, 1.000000000000000000),
 ( 1.000000000000000000, 0.9510565162951535300, 1.000000000000000000, 0.9510565162951535300, 1.000000000000000000, 0.9510565162951535300, 1.000000000000000000, 0.9510565162951535300, 1.000000000000000000, 0.9510565162951535300, 1.000000000000000000, 0.9510565162951535300, 1.000000000000000000, 0.9510565162951535300, 1.000000000000000000, 0.9510565162951535300, 1.000000000000000000, 0.9510565162951535300, 1.000000000000000000, 0.9510565162951535300, 1.000000000000000000, 0.9510565162951535300, 1.000000000000000000, 0.9510565162951535300, 1.000000000000000000, 0.9510565162951535300, 1.000000000000000000, 0.9510565162951535300, 1.000000000000000000, 0.9510565162951535300, 1.000000000000000000, 0.9510565162951535300, 1.000000000000000000, 0.9510565162951535300, 1.000000000000000000, 0.9510565162951535300, 1.000000000000000000, 0.9510565162951535300, 1.000000000000000000, 0.9510565162951535300, 1.000000000000000000, 0.9510565162951535300, 1.000000000000000000, 0.9510565162951535300, 1.000000000000000000, 0.9510565162951535300, 1.000000000000000000, 0.9510565162951535300, 1.000000000000000000, 0.9510565162951535300, 1.000000000000000000, 0.9510565162951535300, 1.000000000000000000, 0.9510565162951535300, 1.000000000000000000, 0.9510565162951535300, 1.000000000000000000, 0.9510565162951535300, 1.000000000000000000, 0.9510565162951535300, 1.000000000000000000, 0.9510565162951535300, 1.000000000000000000, 0.9510565162951535300, 1.000000000000000000, 0.9510565162951535300, 1.000000000000000000, 0.9510565162951535300, 1.000000000000000000, 0.9510565162951535300, 1.000000000000000000, 0.9510565162951535300, 1.000000000000000000, 0.9510565162951535300, 1.000000000000000000, 0.9510565162951535300, 1.000000000000000000, 0.9510565162951535300, 1.000000000000000000, 0.9510565162951535300, 1.000000000000000000, 0.9510565162951535300, 1.000000000000000000, 0.9510565162951535300, 1.000000000000000000, 0.9510565162951535300, 1.000000000000000000, 0.9510565162951535300, 1.000000000000000000, 0.9510565162951535300, 1.000000000000000000, 0.9510565162951535300, 1.000000000000000000, 0.9510565162951535300, 1.000000000000000000, 0.9510565162951535300, 1.000000000000000000, 0.9510565162951535300, 1.000000000000000000, 0.9510565162951535300, 1.000000000000000000, 0.9510565162951535300, 1.000000000000000000, 0.9510565162951535300, 1.000000000000000000, 0.9510565162951535300, 1.000000000000000000, 0.9510565162951535300, 1.000000000000000000, 0.9510565162951535300, 1.000000000000000000, 0.9510565162951535300, 1.000000000000000000, 0.9510565162951535300, 1.000000000000000000, 0.9510565162951535300, 1.000000000000000000, 0.9510565162951535300, 1.000000000000000000, 0.9510565162951535300, 1.000000000000000000, 0.9510565162951535300, 1.000000000000000000, 0.9510565162951535300, 1.000000000000000000, 0.9510565162951535300, 1.000000000000000000, 0.9510565162951535300, 1.000000000000000000, 0.9510565162951535300, 1.000000000000000000, 0.9510565162951535300, 1.000000000000000000, 0.9510565162951535300, 1.000000000000000000, 0.9510565162951535300, 1.000000000000000000, 0.9510565162951535300, 1.000000000000000000, 0.9510565162951535300, 1.000000000000000000) ) ) 
 REPRESENTATION_ITEM ( '' )  SURFACE ( )  );
#3912 = CARTESIAN_POINT ( 'NONE',  ( -12.08082470127836700, -4.292200642043257000, -11.00000000000000000 ) ) ;
#3913 = CARTESIAN_POINT ( 'NONE',  ( 12.83253174999999600, 4.169542318109123800, -22.02500000273117600 ) ) ;
#3914 = EDGE_LOOP ( 'NONE', ( #1163, #632, #124, #951 ) ) ;
#3915 = CARTESIAN_POINT ( 'NONE',  ( 11.74999999999999800, 0.0000000000000000000, -16.99999999999999300 ) ) ;
#3916 = CARTESIAN_POINT ( 'NONE',  ( 0.6600900930794040300, -16.95990490551562100, -10.01658961717476100 ) ) ;
#3917 = B_SPLINE_CURVE_WITH_KNOTS ( 'NONE', 3,
 ( #4506, #1066, #3629, #639, #3194, #208, #2775, #5341 ),
 .UNSPECIFIED., .F., .F.,
 ( 4, 2, 2, 4 ),
 ( 0.0000000000000000000, 7.031028170263827700E-005, 0.0001054654225539585200, 0.0001406205634052787500 ),
 .UNSPECIFIED. ) ;
#3918 = CARTESIAN_POINT ( 'NONE',  ( -4.592799002725038300, -14.66885433513162900, -1.420256440430296400 ) ) ;
#3919 = ADVANCED_FACE ( 'NONE', ( #4147 ), #713, .F. ) ;
#3920 = CARTESIAN_POINT ( 'NONE',  ( -14.36392979205095900, 9.092740540471975700, -10.05650919409490200 ) ) ;
#3921 = ORIENTED_EDGE ( 'NONE', *, *, #3353, .F. ) ;
#3922 = ORIENTED_EDGE ( 'NONE', *, *, #396, .F. ) ;
#3923 = CARTESIAN_POINT ( 'NONE',  ( -2.822968802124798500, 15.62968182462849300, -1.634299878238358200 ) ) ;
#3924 = CARTESIAN_POINT ( 'NONE',  ( 5.257646378434199800, 11.66941130447663800, -22.03595502809542600 ) ) ;
#3925 = DIRECTION ( 'NONE',  ( 1.000000000000000000, 0.0000000000000000000, 0.0000000000000000000 ) ) ;
#3926 = ORIENTED_EDGE ( 'NONE', *, *, #1420, .T. ) ;
#3927 = CARTESIAN_POINT ( 'NONE',  ( -11.74999999999999800, 3.817806430736650400, -16.09999999999999400 ) ) ;
#3928 = CARTESIAN_POINT ( 'NONE',  ( -16.17586895999269500, -5.405748273418868000, -11.22213814587879500 ) ) ;
#3929 = CARTESIAN_POINT ( 'NONE',  ( -11.70150062336120400, -3.873027105259076600, -21.56945647541822100 ) ) ;
#3930 = CARTESIAN_POINT ( 'NONE',  ( 9.856636889004970900, -11.62977611451688500, -1.287548502070558400 ) ) ;
#3931 = CARTESIAN_POINT ( 'NONE',  ( -3.965470391606085600, -12.20446294140194800, -20.72500000273117800 ) ) ;
#3932 = SPHERICAL_SURFACE ( 'NONE', #1247, 0.1000000000000000100 ) ;
#3933 = CARTESIAN_POINT ( 'NONE',  ( -11.74999999999998200, 3.817806430736676100, -16.10000000000000100 ) ) ;
#3934 = CARTESIAN_POINT ( 'NONE',  ( 0.5934813400634978400, -16.97786146424298800, -9.970559123675093000 ) ) ;
#3935 = EDGE_CURVE ( 'NONE', #3907, #3449, #2976, .T. ) ;
#3936 = CARTESIAN_POINT ( 'NONE',  ( 15.00076980886496800, 7.972083668385397300, -9.971170660346089700 ) ) ;
#3937 = EDGE_CURVE ( 'NONE', #1030, #4593, #1863, .T. ) ;
#3938 = DIRECTION ( 'NONE',  ( 0.0000000000000000000, -1.838054595142783900E-014, 1.000000000000000000 ) ) ;
#3939 = DIRECTION ( 'NONE',  ( -0.0000000000000000000, 0.0000000000000000000, 1.000000000000000000 ) ) ;
#3940 = CARTESIAN_POINT ( 'NONE',  ( 0.6522430484892033400, -16.96203198492052200, -10.01385529897072300 ) ) ;
#3941 = DIRECTION ( 'NONE',  ( 0.0000000000000000000, 0.0000000000000000000, -1.000000000000000000 ) ) ;
#3942 = CARTESIAN_POINT ( 'NONE',  ( 9.505949683905631900, 6.906476714436558400, -14.79999999999999400 ) ) ;
#3943 = EDGE_LOOP ( 'NONE', ( #217, #3403 ) ) ;
#3944 = CARTESIAN_POINT ( 'NONE',  ( -16.15142746775893900, 5.373949754164295100, -11.15142746775894100 ) ) ;
#3945 = ADVANCED_FACE ( 'NONE', ( #2850 ), #1067, .T. ) ;
#3946 = CARTESIAN_POINT ( 'NONE',  ( -12.61452397778471700, 0.1175249490689449100, -10.99999999999999500 ) ) ;
#3947 = CARTESIAN_POINT ( 'NONE',  ( -12.83253174999999900, -4.169542318109122000, -17.02500000273117600 ) ) ;
#3948 = AXIS2_PLACEMENT_3D ( 'NONE', #3001, #9, #5131 ) ;
#3949 = CARTESIAN_POINT ( 'NONE',  ( 5.176044723900796300, -14.33211726100710900, -1.319301739375895500 ) ) ;
#3950 = ORIENTED_EDGE ( 'NONE', *, *, #877, .F. ) ;
#3951 = CARTESIAN_POINT ( 'NONE',  ( -7.930940783212167700, 10.91600350634071700, -19.42500000273118100 ) ) ;
#3952 = FACE_OUTER_BOUND ( 'NONE', #1411, .T. ) ;
#3953 = CARTESIAN_POINT ( 'NONE',  ( -14.34693653109206800, 9.062257443025112400, -10.02101836034089800 ) ) ;
#3954 = CARTESIAN_POINT ( 'NONE',  ( 7.261899367811263800, 9.995146998136467800, -11.20000000546236800 ) ) ;
#3955 = CARTESIAN_POINT ( 'NONE',  ( 14.37473446378869600, -9.075627201222271600, -10.10000000000006500 ) ) ;
#3956 = CARTESIAN_POINT ( 'NONE',  ( 0.0000000000000000000, 0.0000000000000000000, -0.01339745962155441900 ) ) ;
#3957 = CARTESIAN_POINT ( 'NONE',  ( 9.505949683905631900, 6.906476714436558400, -19.30000000546236500 ) ) ;
#3958 = EDGE_LOOP ( 'NONE', ( #4451, #4255, #514, #963 ) ) ;
#3959 = ORIENTED_EDGE ( 'NONE', *, *, #3935, .T. ) ;
#3960 = CARTESIAN_POINT ( 'NONE',  ( 16.00000000000000000, 1.959434878635765100E-015, -22.00000000000000000 ) ) ;
#3961 = VECTOR ( 'NONE', #1642, 1000.000000000000000 ) ;
#3962 = ORIENTED_EDGE ( 'NONE', *, *, #1202, .T. ) ;
#3963 = CARTESIAN_POINT ( 'NONE',  ( -10.41376917003669300, 11.24899002747271800, -1.337025872667783300 ) ) ;
#3964 = ORIENTED_EDGE ( 'NONE', *, *, #2251, .T. ) ;
#3965 = CARTESIAN_POINT ( 'NONE',  ( -2.478609629921899900E-015, -13.49292237646318400, -14.62500000273118100 ) ) ;
#3966 = CARTESIAN_POINT ( 'NONE',  ( -2.269518105932784400E-015, -12.35468113479963900, -13.49999999999999300 ) ) ;
#3967 = CIRCLE ( 'NONE', #5052, 13.75000000000000400 ) ;
#3968 = CARTESIAN_POINT ( 'NONE',  ( -9.505949683905631900, -6.906476714436556600, -16.30000000546236500 ) ) ;
#3969 = EDGE_LOOP ( 'NONE', ( #4168, #926, #479, #4018 ) ) ;
#3970 = CARTESIAN_POINT ( 'NONE',  ( 17.00000000000000000, -1.368099629446867200, -12.00000000000000400 ) ) ;
#3971 = CARTESIAN_POINT ( 'NONE',  ( 0.5934813400672155300, 16.97786146424195800, -10.00000000000000000 ) ) ;
#3972 = CARTESIAN_POINT ( 'NONE',  ( 12.83253174999999900, 0.0000000000000000000, -18.12500000273117700 ) ) ;
#3973 = EDGE_CURVE ( 'NONE', #5502, #1962, #4001, .T. ) ;
#3974 = ORIENTED_EDGE ( 'NONE', *, *, #2438, .F. ) ;
#3975 = EDGE_CURVE ( 'NONE', #4464, #2458, #1731, .T. ) ;
#3976 = CARTESIAN_POINT ( 'NONE',  ( -14.40651865993279500, 9.002900649291216700, -9.958578643762734800 ) ) ;
#3977 = CARTESIAN_POINT ( 'NONE',  ( -15.00000000000000200, -7.974960814950754300, -2.367136103677472300 ) ) ;
#3978 = ORIENTED_EDGE ( 'NONE', *, *, #10, .F. ) ;
#3979 = AXIS2_PLACEMENT_3D ( 'NONE', #536, #3535, #962 ) ;
#3980 = ADVANCED_FACE ( 'NONE', ( #572 ), #1181, .T. ) ;
#3981 = CARTESIAN_POINT ( 'NONE',  ( 14.39899356721074900, -8.942677689116630200, -2.280533563299040900 ) ) ;
#3982 = AXIS2_PLACEMENT_3D ( 'NONE', #1779, #4535, #5305 ) ;
#3983 = ORIENTED_EDGE ( 'NONE', *, *, #4727, .F. ) ;
#3984 = CARTESIAN_POINT ( 'NONE',  ( 14.36392979205101200, 9.092740540471885100, -10.05650919409537800 ) ) ;
#3985 = CARTESIAN_POINT ( 'NONE',  ( 14.44146847448861400, 8.969057269320535000, -9.958578643762679800 ) ) ;
#3986 = EDGE_LOOP ( 'NONE', ( #3645, #856, #3922, #604 ) ) ;
#3987 = DIRECTION ( 'NONE',  ( 0.4221817912889849200, 0.0000000000000000000, -0.9065111886259452600 ) ) ;
#3988 = CARTESIAN_POINT ( 'NONE',  ( -11.74999999999999800, 1.438959988998139800E-015, -22.50000000546236500 ) ) ;
#3989 = EDGE_LOOP ( 'NONE', ( #1424, #4728, #3926, #3900 ) ) ;
#3990 = CARTESIAN_POINT ( 'NONE',  ( -9.505949683905630100, 6.906476714436559300, -12.19999999999999400 ) ) ;
#3991 = DIRECTION ( 'NONE',  ( -0.4999999999999913400, 0.8660254037844437000, 0.0000000000000000000 ) ) ;
#3992 = EDGE_LOOP ( 'NONE', ( #2556, #3580, #2543, #1916 ) ) ;
#3993 = DIRECTION ( 'NONE',  ( 1.000000000000000000, 0.0000000000000000000, 0.0000000000000000000 ) ) ;
#3994 = CARTESIAN_POINT ( 'NONE',  ( -7.930940783212169400, -10.91600350634071700, -16.82500000273118000 ) ) ;
#3995 = DIRECTION ( 'NONE',  ( -1.000000000000000000, 0.0000000000000000000, 0.0000000000000000000 ) ) ;
#3996 = ORIENTED_EDGE ( 'NONE', *, *, #1235, .T. ) ;
#3997 = CARTESIAN_POINT ( 'NONE',  ( -9.640441551148642300, 7.558067656411058300, -11.00000000000000000 ) ) ;
#3998 = CARTESIAN_POINT ( 'NONE',  ( 8.262032099739666100E-016, 13.49292237646318100, -21.62500000273117700 ) ) ;
#3999 = ORIENTED_EDGE ( 'NONE', *, *, #4011, .F. ) ;
#4000 = APPROVAL ( #4586, 'UNSPECIFIED' ) ;
#4001 = LINE ( 'NONE', #3232, #17 ) ;
#4002 = CARTESIAN_POINT ( 'NONE',  ( -9.824310509490688400, -11.58995179235297700, -1.235131295157019000 ) ) ;
#4003 = CARTESIAN_POINT ( 'NONE',  ( -11.74999999999999800, 1.438959988998139800E-015, 0.0000000000000000000 ) ) ;
#4004 = CYLINDRICAL_SURFACE ( 'NONE', #4913, 12.50000000000000000 ) ;
#4005 = CARTESIAN_POINT ( 'NONE',  ( -2.478609629921899900E-015, -13.49292237646318400, -12.62500000273118100 ) ) ;
#4006 = CARTESIAN_POINT ( 'NONE',  ( 12.83253174999999900, 0.0000000000000000000, -24.37500000273118100 ) ) ;
#4007 = CARTESIAN_POINT ( 'NONE',  ( -5.149163613091971600, -14.34763707756869500, -1.345525583416621300 ) ) ;
#4008 = ADVANCED_FACE ( 'NONE', ( #3858 ), #193, .T. ) ;
#4009 = FACE_OUTER_BOUND ( 'NONE', #1093, .T. ) ;
#4010 = CARTESIAN_POINT ( 'NONE',  ( -12.83253174999999600, 4.169542318109126500, -21.22500000273118200 ) ) ;
#4011 = EDGE_CURVE ( 'NONE', #89, #144, #2321, .T. ) ;
#4012 = TOROIDAL_SURFACE ( 'NONE', #2018, 8.099999999999999600, 0.1000000000000000100 ) ;
#4013 = CARTESIAN_POINT ( 'NONE',  ( -7.261899367811265500, -9.995146998136466000, -20.20000000546236400 ) ) ;
#4014 = CARTESIAN_POINT ( 'NONE',  ( -3.965470391606082900, 12.20446294140195000, -15.52500000273118100 ) ) ;
#4015 = CARTESIAN_POINT ( 'NONE',  ( 11.74999999999999800, 0.0000000000000000000, -9.500000005462366600 ) ) ;
#4016 = CARTESIAN_POINT ( 'NONE',  ( 14.89999999999999500, 7.974960814950764900, -2.367136103677471400 ) ) ;
#4017 = CARTESIAN_POINT ( 'NONE',  ( 10.38173626660608100, -7.542772912224923400, -20.32500000273118000 ) ) ;
#4018 = ORIENTED_EDGE ( 'NONE', *, *, #3643, .F. ) ;
#4019 = CARTESIAN_POINT ( 'NONE',  ( 11.29434723983962900, 13.88452221493110100, -12.67152257745953200 ) ) ;
#4020 = CARTESIAN_POINT ( 'NONE',  ( 14.90000000000000000, -7.974960814950757800, -9.958578643762690400 ) ) ;
#4021 = CYLINDRICAL_SURFACE ( 'NONE', #1024, 12.50000000000000000 ) ;
#4022 = CARTESIAN_POINT ( 'NONE',  ( -0.5434813400672123800, 16.89125892386351400, -2.367136103677473200 ) ) ;
#4023 = CARTESIAN_POINT ( 'NONE',  ( -7.930940783212169400, -10.91600350634071700, -23.07500000273118000 ) ) ;
#4024 = CARTESIAN_POINT ( 'NONE',  ( -12.11707877509057800, -10.26373623766506800, -1.632395045940651100 ) ) ;
#4025 = ORIENTED_EDGE ( 'NONE', *, *, #2562, .T. ) ;
#4026 = CARTESIAN_POINT ( 'NONE',  ( -0.5466972059847694500, 16.99120720151951500, -9.992339895041508800 ) ) ;
#4027 = VECTOR ( 'NONE', #2450, 1000.000000000000000 ) ;
#4028 = DIRECTION ( 'NONE',  ( -0.0000000000000000000, -0.0000000000000000000, 1.000000000000000000 ) ) ;
#4029 = CARTESIAN_POINT ( 'NONE',  ( 12.83253174999999600, -4.169542318109129100, -14.22500000273117700 ) ) ;
#4030 = ORIENTED_EDGE ( 'NONE', *, *, #3278, .F. ) ;
#4031 = ORIENTED_EDGE ( 'NONE', *, *, #6, .F. ) ;
#4032 = CARTESIAN_POINT ( 'NONE',  ( 1.971633134929975200, -12.38806266530709400, -11.00000000000000200 ) ) ;
#4033 = VECTOR ( 'NONE', #1814, 1000.000000000000000 ) ;
#4034 = ADVANCED_FACE ( 'NONE', ( #5266 ), #1595, .T. ) ;
#4035 = CARTESIAN_POINT ( 'NONE',  ( -12.83253175000000100, -4.169542318109122000, -19.02500000273117600 ) ) ;
#4036 = ORIENTED_EDGE ( 'NONE', *, *, #83, .F. ) ;
#4037 = FACE_OUTER_BOUND ( 'NONE', #5000, .T. ) ;
#4038 = CARTESIAN_POINT ( 'NONE',  ( 0.0000000000000000000, 0.0000000000000000000, -23.00000000000000000 ) ) ;
#4039 = CARTESIAN_POINT ( 'NONE',  ( -0.5963579265156936400, -16.97708956499240100, -9.971170660346166100 ) ) ;
#4040 = CARTESIAN_POINT ( 'NONE',  ( 11.74999999999999800, 0.0000000000000000000, -17.50000000546236800 ) ) ;
#4041 = CARTESIAN_POINT ( 'NONE',  ( -10.38173626660608100, 7.542772912224922500, -15.32500000273118000 ) ) ;
#4042 = CARTESIAN_POINT ( 'NONE',  ( -3.965470391606082900, 12.20446294140195000, -21.77500000273117900 ) ) ;
#4043 = CARTESIAN_POINT ( 'NONE',  ( -0.5466972059847514700, -16.99120720151951100, -2.367136103677473200 ) ) ;
#4044 = DIRECTION ( 'NONE',  ( -0.4219102862109896400, -0.8024857760600738700, 0.4219102862109689300 ) ) ;
#4045 = CARTESIAN_POINT ( 'NONE',  ( 0.0000000000000000000, 0.0000000000000000000, 0.0000000000000000000 ) ) ;
#4046 = CARTESIAN_POINT ( 'NONE',  ( 16.15142746775893600, -5.373949754164297800, -11.15142746775893900 ) ) ;
#4047 = VERTEX_POINT ( 'NONE', #3311 ) ;
#4048 = CARTESIAN_POINT ( 'NONE',  ( -10.38173626660608300, -7.542772912224919000, -12.92500000273118100 ) ) ;
#4049 = EDGE_CURVE ( 'NONE', #2634, #4328, #3008, .T. ) ;
#4050 = EDGE_CURVE ( 'NONE', #4196, #4629, #2713, .T. ) ;
#4051 = CARTESIAN_POINT ( 'NONE',  ( -1.723392470316143600, 16.32550696903237500, -2.011672711641495400 ) ) ;
#4052 = CARTESIAN_POINT ( 'NONE',  ( 5.197875862541508200, 10.79452677848924400, -11.27315327394797400 ) ) ;
#4053 = CARTESIAN_POINT ( 'NONE',  ( 5.164670944616031700, -14.33868391553887300, -1.320849608619182100 ) ) ;
#4054 = ORIENTED_EDGE ( 'NONE', *, *, #2320, .T. ) ;
#4055 = AXIS2_PLACEMENT_3D ( 'NONE', #3809, #1245, #4257 ) ;
#4056 = CARTESIAN_POINT ( 'NONE',  ( 3.965470391606083800, 12.20446294140194800, -17.72500000273118200 ) ) ;
#4057 = VERTEX_POINT ( 'NONE', #1186 ) ;
#4058 = AXIS2_PLACEMENT_3D ( 'NONE', #778, #3017, #1187 ) ;
#4059 = CARTESIAN_POINT ( 'NONE',  ( 12.83253174999999800, -4.169542318109129100, -20.47500000273117800 ) ) ;
#4060 = CARTESIAN_POINT ( 'NONE',  ( 11.40900153897414700, 3.087137541776409300, -11.44683986786851400 ) ) ;
#4061 = ORIENTED_EDGE ( 'NONE', *, *, #1056, .F. ) ;
#4062 = DIRECTION ( 'NONE',  ( -0.0000000000000000000, -0.0000000000000000000, 1.000000000000000000 ) ) ;
#4063 = CARTESIAN_POINT ( 'NONE',  ( -4.071058449250589200E-013, -11.74999999999999800, -11.50000000000000500 ) ) ;
#4064 = DIRECTION ( 'NONE',  ( 0.8660254037844388200, 0.4999999999999996100, -1.209557145013967000E-014 ) ) ;
#4065 = ORIENTED_EDGE ( 'NONE', *, *, #3973, .T. ) ;
#4066 = CARTESIAN_POINT ( 'NONE',  ( 12.83253174999999600, -4.169542318109129100, -20.47500000273117800 ) ) ;
#4067 = AXIS2_PLACEMENT_3D ( 'NONE', #3785, #4226, #1650 ) ;
#4068 = ADVANCED_FACE ( 'NONE', ( #4605 ), #4945, .T. ) ;
#4069 = VERTEX_POINT ( 'NONE', #3765 ) ;
#4070 = CARTESIAN_POINT ( 'NONE',  ( 3.630949683905629200, -11.17491406646805400, -19.39999999999999500 ) ) ;
#4071 = CARTESIAN_POINT ( 'NONE',  ( 8.262032099739667100E-016, 13.49292237646318400, -11.62500000273117700 ) ) ;
#4072 = CARTESIAN_POINT ( 'NONE',  ( 14.94881295721988600, -3.370783644724411500, -1.333897598200788800 ) ) ;
#4073 = CARTESIAN_POINT ( 'NONE',  ( 12.76944981123983600, -11.30583931093348000, -11.22213814587641200 ) ) ;
#4074 = CARTESIAN_POINT ( 'NONE',  ( -14.40651865993280500, -9.002900649291200700, -9.958578643762615800 ) ) ;
#4075 = CARTESIAN_POINT ( 'NONE',  ( 7.930940783212165900, -10.91600350634071900, -16.42500000273117800 ) ) ;
#4076 = CARTESIAN_POINT ( 'NONE',  ( 15.00000000000000200, -6.670220955351124900, -2.011664301441456400 ) ) ;
#4077 = FACE_OUTER_BOUND ( 'NONE', #2493, .T. ) ;
#4078 = CARTESIAN_POINT ( 'NONE',  ( -10.38173626660608300, -7.542772912224919000, -19.17500000273118100 ) ) ;
#4079 = CARTESIAN_POINT ( 'NONE',  ( 7.542782835390641000, -9.652405249373666500, -10.99999999999999800 ) ) ;
#4080 = CARTESIAN_POINT ( 'NONE',  ( 14.37473446378869300, 9.075627201222273400, -10.09999999999995900 ) ) ;
#4081 = CARTESIAN_POINT ( 'NONE',  ( -3.630949683905633200, -11.17491406646805200, -14.10000000546236600 ) ) ;
#4082 = CARTESIAN_POINT ( 'NONE',  ( 10.37874491351924700, -11.26924498340544300, -1.331757101211244100 ) ) ;
#4083 = CARTESIAN_POINT ( 'NONE',  ( -10.38173626660608300, -7.542772912224919000, -19.17500000273118100 ) ) ;
#4084 = CARTESIAN_POINT ( 'NONE',  ( -3.965470391606082900, 12.20446294140195000, -23.77500000273117900 ) ) ;
#4085 = CARTESIAN_POINT ( 'NONE',  ( 12.76944981124169200, 11.30583931093170200, -11.22213814587880700 ) ) ;
#4086 = EDGE_CURVE ( 'NONE', #5190, #4750, #533, .T. ) ;
#4087 = CARTESIAN_POINT ( 'NONE',  ( -7.930940783212167700, 10.91600350634071700, -21.42500000273117800 ) ) ;
#4088 = EDGE_CURVE ( 'NONE', #1763, #5502, #4738, .T. ) ;
#4089 = CARTESIAN_POINT ( 'NONE',  ( 5.172391696986316000, 14.33422633707954800, -1.342771886063880000 ) ) ;
#4090 = EDGE_LOOP ( 'NONE', ( #1848, #1445, #4209, #4639, #5244 ) ) ;
#4091 = CARTESIAN_POINT ( 'NONE',  ( 10.38173626660608100, -7.542772912224923400, -10.32500000273117800 ) ) ;
#4092 = CARTESIAN_POINT ( 'NONE',  ( 14.99999999999999800, 2.723027171357174800, -1.323758841471564900 ) ) ;
#4093 = AXIS2_PLACEMENT_3D ( 'NONE', #1575, #4636, #4567 ) ;
#4094 = CYLINDRICAL_SURFACE ( 'NONE', #1798, 11.74999999999999800 ) ;
#4095 = ADVANCED_FACE ( 'NONE', ( #1306 ), #2741, .T. ) ;
#4096 = CARTESIAN_POINT ( 'NONE',  ( -12.83253174999999900, 1.571531893259428100E-015, -15.12500000273117900 ) ) ;
#4097 = CYLINDRICAL_SURFACE ( 'NONE', #4667, 0.09999999999999939500 ) ;
#4098 = CARTESIAN_POINT ( 'NONE',  ( 8.262032099739666100E-016, 13.49292237646318100, -17.87500000273117700 ) ) ;
#4099 = AXIS2_PLACEMENT_3D ( 'NONE', #2272, #3115, #3995 ) ;
#4100 = ORIENTED_EDGE ( 'NONE', *, *, #4551, .T. ) ;
#4101 = DIRECTION ( 'NONE',  ( 0.4840179251382020800, -0.7666279140066970500, 0.4219102862110025700 ) ) ;
#4102 = CARTESIAN_POINT ( 'NONE',  ( -0.6925794020438743600, -16.98589836832825000, -10.05650919409493000 ) ) ;
#4103 = CARTESIAN_POINT ( 'NONE',  ( 8.262032099739667100E-016, 13.49292237646318400, -17.87500000273117700 ) ) ;
#4104 = TOROIDAL_SURFACE ( 'NONE', #3763, 16.90000000000000200, 0.1000000000000000100 ) ;
#4105 = CARTESIAN_POINT ( 'NONE',  ( 12.83253174999999600, -4.169542318109129100, -22.47500000273118200 ) ) ;
#4106 = VERTEX_POINT ( 'NONE', #5202 ) ;
#4107 = CARTESIAN_POINT ( 'NONE',  ( 8.625527195013857500, -12.28265127814823100, -1.151130145085306600 ) ) ;
#4108 = CARTESIAN_POINT ( 'NONE',  ( -15.01386377420455400, -7.922956694108519200, -10.00985984045950000 ) ) ;
#4109 = DIRECTION ( 'NONE',  ( 0.0000000000000000000, 0.0000000000000000000, -1.000000000000000000 ) ) ;
#4110 = VECTOR ( 'NONE', #2870, 1000.000000000000000 ) ;
#4111 = CARTESIAN_POINT ( 'NONE',  ( 14.37473446378869500, -9.075627201222269800, -10.10000000000006200 ) ) ;
#4112 = VERTEX_POINT ( 'NONE', #2633 ) ;
#4113 = ORIENTED_EDGE ( 'NONE', *, *, #3244, .T. ) ;
#4114 = CARTESIAN_POINT ( 'NONE',  ( -0.5434813400671462100, 16.89125892386351800, -2.367136103677472700 ) ) ;
#4115 = CARTESIAN_POINT ( 'NONE',  ( 7.930940783212167700, 10.91600350634071900, -13.82500000273118000 ) ) ;
#4116 = EDGE_LOOP ( 'NONE', ( #2169, #1016, #1857, #5166 ) ) ;
#4117 = CARTESIAN_POINT ( 'NONE',  ( 10.38173626660608100, -7.542772912224923400, -16.57500000273118000 ) ) ;
#4118 = CARTESIAN_POINT ( 'NONE',  ( 9.505949683905630100, -6.906476714436561100, -9.700000005462365800 ) ) ;
#4119 = DIRECTION ( 'NONE',  ( 0.0000000000000000000, 0.0000000000000000000, -1.000000000000000000 ) ) ;
#4120 = CARTESIAN_POINT ( 'NONE',  ( 12.83253174999999900, 0.0000000000000000000, -18.12500000273117700 ) ) ;
#4121 = CARTESIAN_POINT ( 'NONE',  ( 10.38173626660608100, -7.542772912224923400, -16.57500000273118000 ) ) ;
#4122 = EDGE_CURVE ( 'NONE', #3153, #5502, #296, .T. ) ;
#4123 = EDGE_LOOP ( 'NONE', ( #4031, #1968, #636, #3238, #5180, #3996, #4500, #2720, #4385, #1271, #197, #5208, #4487, #2171, #42, #4573, #1414, #4890, #2381, #2178, #3755, #710 ) ) ;
#4124 = CARTESIAN_POINT ( 'NONE',  ( -10.38173626660608300, -7.542772912224919000, -21.17500000273117800 ) ) ;
#4125 = ADVANCED_FACE ( 'NONE', ( #3724 ), #1603, .F. ) ;
#4126 = ORIENTED_EDGE ( 'NONE', *, *, #154, .T. ) ;
#4127 = CARTESIAN_POINT ( 'NONE',  ( -15.02161342684037800, -7.893682780896185100, -10.02101836034085000 ) ) ;
#4128 = DIRECTION ( 'NONE',  ( 1.000000000000000000, 0.0000000000000000000, 0.0000000000000000000 ) ) ;
#4129 = CARTESIAN_POINT ( 'NONE',  ( 0.5655796991926836900, -16.99060629874575300, -10.02286673850728400 ) ) ;
#4130 = EDGE_CURVE ( 'NONE', #5505, #3025, #423, .T. ) ;
#4131 = EDGE_CURVE ( 'NONE', #3618, #4106, #4866, .T. ) ;
#4132 = DIRECTION ( 'NONE',  ( -0.4999999999999999400, 0.8660254037844387100, 0.0000000000000000000 ) ) ;
#4133 = CARTESIAN_POINT ( 'NONE',  ( 7.261899367811263800, 9.995146998136467800, -17.20000000546236800 ) ) ;
#4134 = ORIENTED_EDGE ( 'NONE', *, *, #6, .T. ) ;
#4135 = CARTESIAN_POINT ( 'NONE',  ( 14.40357986336458600, -9.005837194799996200, -9.973338977103640700 ) ) ;
#4136 = CARTESIAN_POINT ( 'NONE',  ( 3.965470391606081200, -12.20446294140195000, -12.52500000273117900 ) ) ;
#4137 = EDGE_LOOP ( 'NONE', ( #444, #5448 ) ) ;
#4138 = AXIS2_PLACEMENT_3D ( 'NONE', #1773, #5160, #4757 ) ;
#4139 = CARTESIAN_POINT ( 'NONE',  ( -12.83253175000000100, -4.169542318109122000, -15.27500000273118100 ) ) ;
#4140 = CARTESIAN_POINT ( 'NONE',  ( 11.74999999999999800, 0.0000000000000000000, -11.50000000546236700 ) ) ;
#4141 = CARTESIAN_POINT ( 'NONE',  ( -15.02124101813750200, -7.960238936040505000, -10.07430244343778400 ) ) ;
#4142 = MECHANICAL_CONTEXT ( 'NONE', #3690, 'mechanical' ) ;
#4143 = CARTESIAN_POINT ( 'NONE',  ( 4.570244249323120100, 14.68187632807974000, -1.423628413254010500 ) ) ;
#4144 = CARTESIAN_POINT ( 'NONE',  ( -12.83253174999999900, -4.169542318109122000, -15.27500000273118100 ) ) ;
#4145 = ORIENTED_EDGE ( 'NONE', *, *, #5111, .T. ) ;
#4146 = CARTESIAN_POINT ( 'NONE',  ( 8.262032099739667100E-016, 13.49292237646318400, -19.87500000273118100 ) ) ;
#4147 = FACE_OUTER_BOUND ( 'NONE', #476, .T. ) ;
#4148 = LINE ( 'NONE', #2246, #4867 ) ;
#4149 = CARTESIAN_POINT ( 'NONE',  ( 10.74553845436873100, 6.472926966344448200, -21.77319919373320200 ) ) ;
#4150 = CARTESIAN_POINT ( 'NONE',  ( 11.74999999999999800, 3.817806430736647700, -12.89999999999999300 ) ) ;
#4151 = VECTOR ( 'NONE', #4742, 1000.000000000000000 ) ;
#4152 = CARTESIAN_POINT ( 'NONE',  ( -10.49999999999999100, 0.0000000000000000000, -6.999999999999988500 ) ) ;
#4153 = CARTESIAN_POINT ( 'NONE',  ( -12.83253174999999800, 4.169542318109126500, -11.22500000273118200 ) ) ;
#4154 = CARTESIAN_POINT ( 'NONE',  ( 3.965470391606083800, 12.20446294140194800, -13.97500000273118000 ) ) ;
#4155 = CARTESIAN_POINT ( 'NONE',  ( -14.32553254129633100, -9.083478402431705200, -10.02928932188123700 ) ) ;
#4156 = DIRECTION ( 'NONE',  ( -0.0000000000000000000, -0.0000000000000000000, 1.000000000000000000 ) ) ;
#4157 = PERSON_AND_ORGANIZATION_ROLE ( 'classification_officer' ) ;
#4158 = DIRECTION ( 'NONE',  ( -0.0000000000000000000, -0.0000000000000000000, 1.000000000000000000 ) ) ;
#4159 = CARTESIAN_POINT ( 'NONE',  ( 3.965470391606083800, 12.20446294140194800, -13.97500000273118000 ) ) ;
#4160 = CARTESIAN_POINT ( 'NONE',  ( 10.38173626660608100, -7.542772912224923400, -18.57500000273118000 ) ) ;
#4161 = ORIENTED_EDGE ( 'NONE', *, *, #1936, .F. ) ;
#4162 = EDGE_CURVE ( 'NONE', #1746, #283, #1452, .T. ) ;
#4163 = CIRCLE ( 'NONE', #747, 0.09999999999999914500 ) ;
#4164 = EDGE_CURVE ( 'NONE', #509, #1471, #2584, .T. ) ;
#4165 = CARTESIAN_POINT ( 'NONE',  ( -7.549999999999999800, -13.07698359714502200, -9.958578643762688600 ) ) ;
#4166 = CARTESIAN_POINT ( 'NONE',  ( 2.568166787057342600, 11.64089587125420700, -21.16507621779246400 ) ) ;
#4167 = CARTESIAN_POINT ( 'NONE',  ( -11.74999999999998200, 3.817806430736676100, -12.09999999999999600 ) ) ;
#4168 = ORIENTED_EDGE ( 'NONE', *, *, #1583, .F. ) ;
#4169 = ORIENTED_EDGE ( 'NONE', *, *, #5111, .F. ) ;
#4170 = AXIS2_PLACEMENT_3D ( 'NONE', #427, #5532, #869 ) ;
#4171 = CARTESIAN_POINT ( 'NONE',  ( -15.00000000000000500, -5.361810680356124500, -1.722641348673323400 ) ) ;
#4172 = VECTOR ( 'NONE', #4158, 1000.000000000000000 ) ;
#4173 = CARTESIAN_POINT ( 'NONE',  ( -7.261899367811262900, 9.995146998136467800, -20.29999999999999400 ) ) ;
#4174 = CARTESIAN_POINT ( 'NONE',  ( 0.0000000000000000000, 0.0000000000000000000, -2.367136103677472700 ) ) ;
#4175 = EDGE_LOOP ( 'NONE', ( #2961, #2641, #405, #1924 ) ) ;
#4176 = FACE_OUTER_BOUND ( 'NONE', #451, .T. ) ;
#4177 = CARTESIAN_POINT ( 'NONE',  ( 7.930940783212165900, -10.91600350634071900, -12.67500000273118000 ) ) ;
#4178 = CARTESIAN_POINT ( 'NONE',  ( 12.76435716417406000, -11.31186334824726600, -11.17853960580617200 ) ) ;
#4179 = CARTESIAN_POINT ( 'NONE',  ( -14.99999992701642200, 8.000039445281235100, -9.983699572381548000 ) ) ;
#4180 = CARTESIAN_POINT ( 'NONE',  ( -0.5717625726172119700, 16.99040071620159200, -9.983699572381512500 ) ) ;
#4181 = CARTESIAN_POINT ( 'NONE',  ( -7.930940783212167700, 10.91600350634071700, -15.42500000273118000 ) ) ;
#4182 = CARTESIAN_POINT ( 'NONE',  ( 7.930940783212165900, -10.91600350634071700, -12.67500000273118100 ) ) ;
#4183 = DIRECTION ( 'NONE',  ( 1.000000000000000000, 0.0000000000000000000, 0.0000000000000000000 ) ) ;
#4184 = CARTESIAN_POINT ( 'NONE',  ( -14.29017720223700700, -9.022241158862122700, -10.09999999999989500 ) ) ;
#4185 = CARTESIAN_POINT ( 'NONE',  ( 15.00686151243802500, -7.949274494509588800, -9.995830560816635600 ) ) ;
#4186 = CARTESIAN_POINT ( 'NONE',  ( 0.0000000000000000000, 0.0000000000000000000, -2.367136103677473200 ) ) ;
#4187 = CARTESIAN_POINT ( 'NONE',  ( -12.83253174999999900, 1.571531893259428100E-015, -11.37500000273117900 ) ) ;
#4188 = CARTESIAN_POINT ( 'NONE',  ( 10.81815699950870500, 4.839636618028023900, -11.41475552185913100 ) ) ;
#4189 = CARTESIAN_POINT ( 'NONE',  ( -15.04709094342985400, 7.911071617685646400, -10.10000000000062800 ) ) ;
#4190 = CARTESIAN_POINT ( 'NONE',  ( 14.94718250658533300, -5.375187987650402700, -1.634905360592133500 ) ) ;
#4191 = CARTESIAN_POINT ( 'NONE',  ( -11.74999999999999800, 3.817806430736650400, -18.60000000546235900 ) ) ;
#4192 = ORIENTED_EDGE ( 'NONE', *, *, #4227, .T. ) ;
#4193 = CARTESIAN_POINT ( 'NONE',  ( -12.83253174999999900, 1.571531893259428100E-015, -11.37500000273117900 ) ) ;
#4194 = EDGE_CURVE ( 'NONE', #4357, #3166, #1932, .T. ) ;
#4195 =( BOUNDED_CURVE ( )  B_SPLINE_CURVE ( 3, ( #2678, #110, #3124, #559 ),
 .UNSPECIFIED., .F., .T. ) 
 B_SPLINE_CURVE_WITH_KNOTS ( ( 4, 4 ),
 ( 3.141592653589793100, 3.625630729768417400 ),
 .UNSPECIFIED. ) 
 CURVE ( )  GEOMETRIC_REPRESENTATION_ITEM ( )  RATIONAL_B_SPLINE_CURVE ( ( 1.000000000000000000, 0.9805707097901814600, 0.9805707097901814600, 1.000000000000000000 ) ) 
 REPRESENTATION_ITEM ( '' )  );
#4196 = VERTEX_POINT ( 'NONE', #3981 ) ;
#4197 = DIRECTION ( 'NONE',  ( -1.000000000000000000, 0.0000000000000000000, 0.0000000000000000000 ) ) ;
#4198 = EDGE_LOOP ( 'NONE', ( #933, #4510, #2448, #5539 ) ) ;
#4199 = CARTESIAN_POINT ( 'NONE',  ( 2.659280812266245700, -11.63939567070695900, -11.32905059323637800 ) ) ;
#4200 = CARTESIAN_POINT ( 'NONE',  ( 6.377175337619890500, -16.72345273632933200, -12.67152257745950400 ) ) ;
#4201 = AXIS2_PLACEMENT_3D ( 'NONE', #2751, #1020, #4711 ) ;
#4202 = CARTESIAN_POINT ( 'NONE',  ( 11.74999999999999800, 0.0000000000000000000, -17.50000000546236800 ) ) ;
#4203 = ORIENTED_EDGE ( 'NONE', *, *, #2467, .T. ) ;
#4204 = AXIS2_PLACEMENT_3D ( 'NONE', #5090, #2527, #5503 ) ;
#4205 = CARTESIAN_POINT ( 'NONE',  ( 7.261899367811261100, -9.995146998136467800, -11.80000000546236500 ) ) ;
#4206 = CARTESIAN_POINT ( 'NONE',  ( 0.0000000000000000000, 0.0000000000000000000, -11.50000000000000500 ) ) ;
#4207 = CARTESIAN_POINT ( 'NONE',  ( 15.01946374810057000, 7.963433624683306200, -10.06870265263753300 ) ) ;
#4208 = CARTESIAN_POINT ( 'NONE',  ( -14.34505995893355600, -9.064135212112656600, -10.02230133649404000 ) ) ;
#4209 = ORIENTED_EDGE ( 'NONE', *, *, #5260, .F. ) ;
#4210 = CARTESIAN_POINT ( 'NONE',  ( 8.262032099739667100E-016, 13.49292237646318400, -23.62500000273117400 ) ) ;
#4211 = LINE ( 'NONE', #1834, #904 ) ;
#4212 = CARTESIAN_POINT ( 'NONE',  ( 7.930940783212167700, 10.91600350634071700, -21.82500000273118000 ) ) ;
#4213 = CARTESIAN_POINT ( 'NONE',  ( 15.01976269205952100, -7.962870805766882200, -10.06922246954056100 ) ) ;
#4214 = CARTESIAN_POINT ( 'NONE',  ( -14.94984368585903300, -1.353927790662117700, -1.152500845975795500 ) ) ;
#4215 = CARTESIAN_POINT ( 'NONE',  ( 0.0000000000000000000, 0.0000000000000000000, -5.999999999999995600 ) ) ;
#4216 = DIRECTION ( 'NONE',  ( -1.000000000000000000, 0.0000000000000000000, 0.0000000000000000000 ) ) ;
#4217 = ORIENTED_EDGE ( 'NONE', *, *, #3641, .T. ) ;
#4218 = ORIENTED_EDGE ( 'NONE', *, *, #1684, .T. ) ;
#4219 = DIRECTION ( 'NONE',  ( -1.000000000000000000, 0.0000000000000000000, 0.0000000000000000000 ) ) ;
#4220 = CARTESIAN_POINT ( 'NONE',  ( -7.930940783212169400, -10.91600350634071700, -17.07500000273117300 ) ) ;
#4221 = UNCERTAINTY_MEASURE_WITH_UNIT (LENGTH_MEASURE( 1.000000000000000100E-005 ), #2410, 'distance_accuracy_value', 'NONE');
#4222 = CIRCLE ( 'NONE', #4482, 16.00000000000000000 ) ;
#4223 = DIRECTION ( 'NONE',  ( 0.0000000000000000000, 0.0000000000000000000, -1.000000000000000000 ) ) ;
#4224 = CARTESIAN_POINT ( 'NONE',  ( -14.42823727207096600, -8.990361402726806600, -9.958578643762615800 ) ) ;
#4225 = CARTESIAN_POINT ( 'NONE',  ( 7.565060353109282100E-016, 12.35468113479963900, -23.00000000546236500 ) ) ;
#4226 = DIRECTION ( 'NONE',  ( 0.0000000000000000000, 0.0000000000000000000, -1.000000000000000000 ) ) ;
#4227 = EDGE_CURVE ( 'NONE', #556, #2901, #4211, .T. ) ;
#4228 = ORIENTED_EDGE ( 'NONE', *, *, #4050, .F. ) ;
#4229 = EDGE_CURVE ( 'NONE', #4397, #4666, #4743, .T. ) ;
#4230 = CARTESIAN_POINT ( 'NONE',  ( -9.505949683905630100, 6.906476714436559300, -16.70000000546236800 ) ) ;
#4231 = CARTESIAN_POINT ( 'NONE',  ( -7.315190965990167300, -15.40648167905896300, -12.00000000000001100 ) ) ;
#4232 = FACE_OUTER_BOUND ( 'NONE', #4116, .T. ) ;
#4233 = DIRECTION ( 'NONE',  ( 0.8355695038806464400, 0.4824162779915058300, 0.2628652485846559900 ) ) ;
#4234 = CARTESIAN_POINT ( 'NONE',  ( -11.74999999999999800, 1.438959988998139800E-015, -11.99999999999999300 ) ) ;
#4235 = VERTEX_POINT ( 'NONE', #3098 ) ;
#4236 = ORIENTED_EDGE ( 'NONE', *, *, #2886, .F. ) ;
#4237 = LINE ( 'NONE', #697, #4110 ) ;
#4238 = DIRECTION ( 'NONE',  ( 0.8660254037844384900, -0.5000000000000002200, 2.568680394950994500E-015 ) ) ;
#4239 = CARTESIAN_POINT ( 'NONE',  ( -0.6191571023180193500, 16.97096054810109000, -9.995830560816601800 ) ) ;
#4240 = CARTESIAN_POINT ( 'NONE',  ( -3.965470391606082900, 12.20446294140195000, -15.77500000273118100 ) ) ;
#4241 = AXIS2_PLACEMENT_3D ( 'NONE', #494, #931, #3939 ) ;
#4242 = CARTESIAN_POINT ( 'NONE',  ( 4.062007212035126700, 11.29323581140674700, -11.25249001158948800 ) ) ;
#4243 = CARTESIAN_POINT ( 'NONE',  ( 9.666071783244666100, -14.01537961063958800, -11.97071067811869000 ) ) ;
#4244 = DIRECTION ( 'NONE',  ( 1.000000000000000000, 0.0000000000000000000, 0.0000000000000000000 ) ) ;
#4245 = CARTESIAN_POINT ( 'NONE',  ( -2.269518105932784400E-015, -12.35468113479963900, -16.00000000546236500 ) ) ;
#4246 = CARTESIAN_POINT ( 'NONE',  ( -7.930940783212167700, 10.91600350634071700, -17.42500000273117400 ) ) ;
#4247 = CARTESIAN_POINT ( 'NONE',  ( 6.815625616732204700, -10.24103117889831800, -10.99999999999999500 ) ) ;
#4248 = CARTESIAN_POINT ( 'NONE',  ( 9.795796117707343600, -11.60631471682954400, -1.254496657140622400 ) ) ;
#4249 = CARTESIAN_POINT ( 'NONE',  ( 14.98816568047337400, -8.022149932198987100, -9.992339895041542500 ) ) ;
#4250 = CARTESIAN_POINT ( 'NONE',  ( -13.64250310978248700, 10.23539622285882800, -10.73451920674312600 ) ) ;
#4251 = CARTESIAN_POINT ( 'NONE',  ( -13.64250310978176900, -10.23539622285996800, -10.73451920674057000 ) ) ;
#4252 = CARTESIAN_POINT ( 'NONE',  ( -7.261899367811265500, -9.995146998136466000, -23.69999999999999200 ) ) ;
#4253 = VERTEX_POINT ( 'NONE', #285 ) ;
#4254 = CARTESIAN_POINT ( 'NONE',  ( 15.01567212298995800, -7.916156943026803300, -10.01385529897081400 ) ) ;
#4255 = ORIENTED_EDGE ( 'NONE', *, *, #2847, .T. ) ;
#4256 = DIRECTION ( 'NONE',  ( -0.0000000000000000000, -0.0000000000000000000, 1.000000000000000000 ) ) ;
#4257 = DIRECTION ( 'NONE',  ( 0.0000000000000000000, 0.0000000000000000000, -1.000000000000000000 ) ) ;
#4258 = CARTESIAN_POINT ( 'NONE',  ( 12.71503537895146600, 1.732554884201536100, -22.08253174999993000 ) ) ;
#4259 = CARTESIAN_POINT ( 'NONE',  ( 12.83253174999999600, -4.169542318109129100, -14.47500000273118000 ) ) ;
#4260 = ORIENTED_EDGE ( 'NONE', *, *, #4011, .T. ) ;
#4261 = CARTESIAN_POINT ( 'NONE',  ( -10.49999999999999100, 0.0000000000000000000, -6.999999999999988500 ) ) ;
#4262 = CARTESIAN_POINT ( 'NONE',  ( 9.115839002819498700, 9.186292482471053200, -22.08253174999998700 ) ) ;
#4263 = CARTESIAN_POINT ( 'NONE',  ( -14.44146847448862300, -8.969057269320526200, -9.992339895041471500 ) ) ;
#4264 = CARTESIAN_POINT ( 'NONE',  ( 0.0000000000000000000, 0.0000000000000000000, -2.367136103677471400 ) ) ;
#4265 = EDGE_CURVE ( 'NONE', #3756, #4266, #3185, .T. ) ;
#4266 = VERTEX_POINT ( 'NONE', #3723 ) ;
#4267 = EDGE_CURVE ( 'NONE', #3811, #4235, #5249, .T. ) ;
#4268 = EDGE_LOOP ( 'NONE', ( #4598, #1150, #1443, #1906 ) ) ;
#4269 = AXIS2_PLACEMENT_3D ( 'NONE', #4411, #1850, #4832 ) ;
#4270 = CARTESIAN_POINT ( 'NONE',  ( 14.40600625749762300, 9.025938553529464100, -10.06913204489068300 ) ) ;
#4271 = CARTESIAN_POINT ( 'NONE',  ( -6.041098872746548700, 15.91683035882187800, -11.80492887484039800 ) ) ;
#4272 = CARTESIAN_POINT ( 'NONE',  ( 14.37473446378869500, -9.075627201222269800, -10.10000000000006200 ) ) ;
#4273 = ORIENTED_EDGE ( 'NONE', *, *, #4826, .F. ) ;
#4274 = CARTESIAN_POINT ( 'NONE',  ( -3.630949683905630600, 11.17491406646805400, -22.39999999999999100 ) ) ;
#4275 = AXIS2_PLACEMENT_3D ( 'NONE', #1742, #3864, #4307 ) ;
#4276 = CARTESIAN_POINT ( 'NONE',  ( 9.684809034007461300, -14.03838204961196300, -12.00000000000000900 ) ) ;
#4277 = VECTOR ( 'NONE', #2875, 1000.000000000000000 ) ;
#4278 = CARTESIAN_POINT ( 'NONE',  ( 12.11707877509173900, 10.26373623766506100, -1.632395045941123800 ) ) ;
#4279 = CARTESIAN_POINT ( 'NONE',  ( 0.6723564796412089300, 16.98669881890782900, -10.09999999999999800 ) ) ;
#4280 = CARTESIAN_POINT ( 'NONE',  ( -9.505949683905630100, 6.906476714436559300, -14.19999999999999400 ) ) ;
#4281 = CARTESIAN_POINT ( 'NONE',  ( -10.38173626660608300, -7.542772912224919000, -13.17500000273118100 ) ) ;
#4282 = SPHERICAL_SURFACE ( 'NONE', #1587, 0.1000000000000000100 ) ;
#4283 = DATE_AND_TIME ( #3121, #1118 ) ;
#4284 = CARTESIAN_POINT ( 'NONE',  ( -11.61951248090328400, 4.400537369140565100, -10.99999999999999300 ) ) ;
#4285 = CARTESIAN_POINT ( 'NONE',  ( 14.36342907450071500, 9.045875041893745900, -10.01385529897080300 ) ) ;
#4286 = CARTESIAN_POINT ( 'NONE',  ( -15.00000000000000200, 3.359754644839815500, -1.420500442213599600 ) ) ;
#4287 = CC_DESIGN_APPROVAL ( #4000, ( #3122 ) ) ;
#4288 = CARTESIAN_POINT ( 'NONE',  ( 11.74999999999999800, -3.817806430736651700, -21.09999999999999100 ) ) ;
#4289 = ORIENTED_EDGE ( 'NONE', *, *, #846, .F. ) ;
#4290 = CARTESIAN_POINT ( 'NONE',  ( -14.98816568047337400, -8.022149932198983500, -2.367136103677472700 ) ) ;
#4291 = CARTESIAN_POINT ( 'NONE',  ( -11.74999999999999800, 3.817806430736650400, -14.60000000546236400 ) ) ;
#4292 = CARTESIAN_POINT ( 'NONE',  ( 14.89999999999999700, 7.974960814950807600, -2.367136103677483800 ) ) ;
#4293 = FACE_OUTER_BOUND ( 'NONE', #5146, .T. ) ;
#4294 = CARTESIAN_POINT ( 'NONE',  ( -14.40651865993280500, -9.002900649291200700, -2.367136103677472300 ) ) ;
#4295 = DIRECTION ( 'NONE',  ( -1.000000000000000000, 0.0000000000000000000, -0.0000000000000000000 ) ) ;
#4296 = ORIENTED_EDGE ( 'NONE', *, *, #2364, .T. ) ;
#4297 = CARTESIAN_POINT ( 'NONE',  ( 8.262032099739667100E-016, 13.49292237646318400, -11.87500000273118100 ) ) ;
#4298 = CIRCLE ( 'NONE', #2328, 0.1000000000000008100 ) ;
#4299 = EDGE_CURVE ( 'NONE', #417, #1030, #5394, .T. ) ;
#4300 = DIRECTION ( 'NONE',  ( 0.0000000000000000000, -0.9648325559838736300, -0.2628652485849465900 ) ) ;
#4301 = DIRECTION ( 'NONE',  ( 1.000000000000000000, 0.0000000000000000000, 0.0000000000000000000 ) ) ;
#4302 = CARTESIAN_POINT ( 'NONE',  ( 10.38173626660608300, 7.542772912224920700, -21.92500000273118100 ) ) ;
#4303 = ORIENTED_EDGE ( 'NONE', *, *, #4759, .T. ) ;
#4304 = CARTESIAN_POINT ( 'NONE',  ( 14.37473446378869300, -9.075627201222271600, -10.10000000000006200 ) ) ;
#4305 = EDGE_LOOP ( 'NONE', ( #4840, #3767, #4515, #1893 ) ) ;
#4306 = CYLINDRICAL_SURFACE ( 'NONE', #983, 11.74999999999999800 ) ;
#4307 = DIRECTION ( 'NONE',  ( 1.000000000000000000, 0.0000000000000000000, 0.0000000000000000000 ) ) ;
#4308 = DIRECTION ( 'NONE',  ( -0.0000000000000000000, -1.000000000000000000, -0.0000000000000000000 ) ) ;
#4309 = CARTESIAN_POINT ( 'NONE',  ( -14.99999999999999800, -1.386557742984882800, -1.156007181076501600 ) ) ;
#4310 = EDGE_LOOP ( 'NONE', ( #1428, #1697, #1161, #3074 ) ) ;
#4311 = CARTESIAN_POINT ( 'NONE',  ( -9.505949683905631900, -6.906476714436556600, -19.79999999999999400 ) ) ;
#4312 = CIRCLE ( 'NONE', #372, 0.1000000000000000500 ) ;
#4313 = AXIS2_PLACEMENT_3D ( 'NONE', #677, #3666, #1109 ) ;
#4314 = CARTESIAN_POINT ( 'NONE',  ( -3.630949683905630600, 11.17491406646805400, -12.90000000546236700 ) ) ;
#4315 = CARTESIAN_POINT ( 'NONE',  ( 11.16143794782934900, -3.904184208449083600, -21.06798488092946500 ) ) ;
#4316 = CARTESIAN_POINT ( 'NONE',  ( 10.38173626660608100, -7.542772912224923400, -10.57500000273118000 ) ) ;
#4317 = DIRECTION ( 'NONE',  ( -0.0000000000000000000, -0.0000000000000000000, 1.000000000000000000 ) ) ;
#4318 = CARTESIAN_POINT ( 'NONE',  ( 10.16506350946110300, 1.244861248999109900E-015, -3.999999999999996400 ) ) ;
#4319 = B_SPLINE_CURVE_WITH_KNOTS ( 'NONE', 3,
 ( #4444, #1444, #2306, #5296, #2726, #158, #3151, #590, #3589, #1017, #4032, #1466 ),
 .UNSPECIFIED., .F., .F.,
 ( 4, 2, 2, 2, 2, 4 ),
 ( 3.207278649540323000E-015, 0.001914405822194413100, 0.002871608733290017100, 0.003828811644385621400, 0.005743217466576829400, 0.007657623288768036100 ),
 .UNSPECIFIED. ) ;
#4320 = CARTESIAN_POINT ( 'NONE',  ( 7.930940783212165900, -10.91600350634071700, -16.42500000273117800 ) ) ;
#4321 = ORIENTED_EDGE ( 'NONE', *, *, #5260, .T. ) ;
#4322 = CARTESIAN_POINT ( 'NONE',  ( -7.261899367811262900, 9.995146998136467800, -16.80000000546236500 ) ) ;
#4323 = ADVANCED_FACE ( 'NONE', ( #3039 ), #965, .T. ) ;
#4324 = CARTESIAN_POINT ( 'NONE',  ( -11.13833170300233600, 5.658209745287877000, -21.72926218411535600 ) ) ;
#4325 = ORIENTED_EDGE ( 'NONE', *, *, #1546, .T. ) ;
#4326 = CARTESIAN_POINT ( 'NONE',  ( -14.94408284023668900, -7.998555373574925300, -2.280533563299043100 ) ) ;
#4327 = CARTESIAN_POINT ( 'NONE',  ( 7.565060353109282100E-016, 12.35468113479963900, -18.49999999999998900 ) ) ;
#4328 = VERTEX_POINT ( 'NONE', #2055 ) ;
#4329 = B_SPLINE_CURVE_WITH_KNOTS ( 'NONE', 3,
 ( #4334, #1321, #2187, #5178, #2613, #37 ),
 .UNSPECIFIED., .F., .F.,
 ( 4, 2, 4 ),
 ( 0.0000000000000000000, 0.0001009656817895274600, 0.0002019313635790549100 ),
 .UNSPECIFIED. ) ;
#4330 = CARTESIAN_POINT ( 'NONE',  ( 3.630949683905631900, 11.17491406646805200, -13.10000000546236600 ) ) ;
#4331 = CARTESIAN_POINT ( 'NONE',  ( -7.261899367811265500, -9.995146998136466000, -16.20000000546236800 ) ) ;
#4332 = ORIENTED_EDGE ( 'NONE', *, *, #1975, .F. ) ;
#4333 = CARTESIAN_POINT ( 'NONE',  ( 3.998001639035023900, -11.31994303122287900, -21.24865974921583600 ) ) ;
#4334 = CARTESIAN_POINT ( 'NONE',  ( -14.98816568047337400, 8.022149932198983500, -9.958578643762692200 ) ) ;
#4335 = CARTESIAN_POINT ( 'NONE',  ( -12.83253174999999900, 1.571531893259428100E-015, -23.12500000273118100 ) ) ;
#4336 = DIRECTION ( 'NONE',  ( -1.000000000000000000, 0.0000000000000000000, 0.0000000000000000000 ) ) ;
#4337 = VERTEX_POINT ( 'NONE', #2474 ) ;
#4338 = CARTESIAN_POINT ( 'NONE',  ( -11.74999999999999800, 1.438959988998139800E-015, -10.50000000546236500 ) ) ;
#4339 = EDGE_CURVE ( 'NONE', #5134, #1406, #3734, .T. ) ;
#4340 = CARTESIAN_POINT ( 'NONE',  ( -7.930940783212167700, 10.91600350634071700, -11.42500000273117600 ) ) ;
#4341 = EDGE_CURVE ( 'NONE', #509, #3907, #1328, .T. ) ;
#4342 = AXIS2_PLACEMENT_3D ( 'NONE', #3415, #853, #3852 ) ;
#4343 = CARTESIAN_POINT ( 'NONE',  ( -1.598265791935245600, 12.57734601839033100, -21.92509419693977400 ) ) ;
#4344 = CARTESIAN_POINT ( 'NONE',  ( 14.40626769437721000, -9.025520344732902000, -10.06870265263763100 ) ) ;
#4345 = CARTESIAN_POINT ( 'NONE',  ( 9.505949683905630100, -6.906476714436561100, -17.19999999999999200 ) ) ;
#4346 = AXIS2_PLACEMENT_3D ( 'NONE', #44, #3035, #469 ) ;
#4347 = CARTESIAN_POINT ( 'NONE',  ( -0.5450892730259254700, -16.94123306269153800, -2.280533563299042700 ) ) ;
#4348 = ADVANCED_FACE ( 'NONE', ( #2008 ), #4282, .T. ) ;
#4349 = AXIS2_PLACEMENT_3D ( 'NONE', #2946, #377, #3387 ) ;
#4350 = CARTESIAN_POINT ( 'NONE',  ( -5.602962102264478400, -10.82432424836201100, -21.41293724800075200 ) ) ;
#4351 = CARTESIAN_POINT ( 'NONE',  ( 7.930940783212167700, 10.91600350634071700, -21.82500000273118000 ) ) ;
#4352 = CARTESIAN_POINT ( 'NONE',  ( 0.5434813400672154900, 16.89125892386351400, -2.367136103677470500 ) ) ;
#4353 = VERTEX_POINT ( 'NONE', #4648 ) ;
#4354 = CARTESIAN_POINT ( 'NONE',  ( 0.6191571023183484200, -16.97096054810099000, -9.995830560816749300 ) ) ;
#4355 = B_SPLINE_CURVE_WITH_KNOTS ( 'NONE', 3,
 ( #2209, #3934, #65, #4354, #1344, #3916, #907, #3475 ),
 .UNSPECIFIED., .F., .F.,
 ( 4, 2, 2, 4 ),
 ( 0.0000000000000000000, 3.557372422146860900E-005, 7.114744844293721800E-005, 0.0001422948968858747100 ),
 .UNSPECIFIED. ) ;
#4356 = CARTESIAN_POINT ( 'NONE',  ( -6.338839204940202700, -13.66077755436679400, -1.238596098757260800 ) ) ;
#4357 = VERTEX_POINT ( 'NONE', #5482 ) ;
#4358 = CARTESIAN_POINT ( 'NONE',  ( 6.559757049424929300, 11.00589762209862800, -22.05914487508972100 ) ) ;
#4359 = CARTESIAN_POINT ( 'NONE',  ( 0.7037567805848166100, -16.94801430471901300, -10.02928932188173800 ) ) ;
#4360 = CIRCLE ( 'NONE', #2540, 12.50000000000000000 ) ;
#4361 = CARTESIAN_POINT ( 'NONE',  ( -11.75000000000000200, -3.817806430736646400, -15.89999999999999100 ) ) ;
#4362 = CARTESIAN_POINT ( 'NONE',  ( -16.83273152354946200, -2.741484080484224400, -11.83273152354582800 ) ) ;
#4363 = DIRECTION ( 'NONE',  ( -0.0000000000000000000, -0.0000000000000000000, 1.000000000000000000 ) ) ;
#4364 = ORIENTED_EDGE ( 'NONE', *, *, #5214, .F. ) ;
#4365 = CARTESIAN_POINT ( 'NONE',  ( -12.03972972416642800, -2.731081161690470900, -21.58925328083338300 ) ) ;
#4366 = CARTESIAN_POINT ( 'NONE',  ( 8.662236167047700200, -12.26144263759098200, -1.153321721418988600 ) ) ;
#4367 = CARTESIAN_POINT ( 'NONE',  ( 3.965470391606081200, -12.20446294140195000, -20.52500000273118300 ) ) ;
#4368 = EDGE_CURVE ( 'NONE', #265, #3174, #2974, .T. ) ;
#4369 = ORIENTED_EDGE ( 'NONE', *, *, #2499, .T. ) ;
#4370 = EDGE_CURVE ( 'NONE', #3279, #2581, #429, .T. ) ;
#4371 = VECTOR ( 'NONE', #4317, 1000.000000000000000 ) ;
#4372 = CARTESIAN_POINT ( 'NONE',  ( -10.49999999999999100, 0.0000000000000000000, 22.28427124746190200 ) ) ;
#4373 = CARTESIAN_POINT ( 'NONE',  ( 7.565060353109282100E-016, 12.35468113479963900, -19.00000000546236500 ) ) ;
#4374 = ADVANCED_FACE ( 'NONE', ( #3865 ), #578, .T. ) ;
#4375 = CARTESIAN_POINT ( 'NONE',  ( 0.6136889516050311200, -16.98893666283526100, -10.06913204489059400 ) ) ;
#4376 = CARTESIAN_POINT ( 'NONE',  ( -2.478609629921899900E-015, -13.49292237646318400, -18.62500000273118100 ) ) ;
#4377 = CARTESIAN_POINT ( 'NONE',  ( 3.630949683905631900, 11.17491406646805200, -14.59999999999999300 ) ) ;
#4378 = ORIENTED_EDGE ( 'NONE', *, *, #663, .F. ) ;
#4379 = AXIS2_PLACEMENT_3D ( 'NONE', #1997, #4983, #2421 ) ;
#4380 = CARTESIAN_POINT ( 'NONE',  ( -16.17586895999257400, 5.405748273419377800, -11.22213814587881200 ) ) ;
#4381 = CARTESIAN_POINT ( 'NONE',  ( 10.79056061954776900, -13.20683107423448500, -11.83273152355185500 ) ) ;
#4382 = DIRECTION ( 'NONE',  ( -0.0000000000000000000, -0.0000000000000000000, 1.000000000000000000 ) ) ;
#4383 = CARTESIAN_POINT ( 'NONE',  ( 2.857032048265101900, -15.67099985353976500, -1.660896675379654400 ) ) ;
#4384 = CARTESIAN_POINT ( 'NONE',  ( -12.83253174999999600, 4.169542318109126500, -19.22500000273118200 ) ) ;
#4385 = ORIENTED_EDGE ( 'NONE', *, *, #5293, .F. ) ;
#4386 = CARTESIAN_POINT ( 'NONE',  ( -14.36841365728422200, 9.040909090365808300, -10.00985984045954400 ) ) ;
#4387 = DIRECTION ( 'NONE',  ( -0.0000000000000000000, -0.0000000000000000000, -1.000000000000000000 ) ) ;
#4388 = B_SPLINE_CURVE_WITH_KNOTS ( 'NONE', 3,
 ( #1578, #1439, #908, #3918, #1346, #4356, #1795, #4781, #2211, #5454, #2900, #4294 ),
 .UNSPECIFIED., .F., .F.,
 ( 4, 2, 2, 2, 2, 4 ),
 ( 0.0000000000000000000, 0.004037634735650914300, 0.006056452103476371900, 0.008075269471301828700, 0.01211290420695274400, 0.01615053894260365700 ),
 .UNSPECIFIED. ) ;
#4389 = CARTESIAN_POINT ( 'NONE',  ( 14.42070042309488000, 8.994712804511999900, -2.307030028425082000 ) ) ;
#4390 = DIRECTION ( 'NONE',  ( -1.000000000000000000, -1.224646799147353500E-016, 0.0000000000000000000 ) ) ;
#4391 = ORIENTED_EDGE ( 'NONE', *, *, #5365, .T. ) ;
#4392 = CARTESIAN_POINT ( 'NONE',  ( -15.00053457055029500, -7.972962965682199000, -9.968904743916459300 ) ) ;
#4393 = CARTESIAN_POINT ( 'NONE',  ( 15.04709094342989100, 7.911071617685573500, -10.09999999999996600 ) ) ;
#4394 = DIRECTION ( 'NONE',  ( -0.0000000000000000000, -0.0000000000000000000, 1.000000000000000000 ) ) ;
#4395 = CARTESIAN_POINT ( 'NONE',  ( -14.35651865993279400, 8.916298108912775100, -2.367136103677472300 ) ) ;
#4396 = CARTESIAN_POINT ( 'NONE',  ( 7.261899367811261100, -9.995146998136467800, -19.80000000546236500 ) ) ;
#4397 = VERTEX_POINT ( 'NONE', #4258 ) ;
#4398 = CARTESIAN_POINT ( 'NONE',  ( 7.261899367811261100, -9.995146998136467800, -13.29999999999999200 ) ) ;
#4399 = DIRECTION ( 'NONE',  ( -0.0000000000000000000, -0.0000000000000000000, 1.000000000000000000 ) ) ;
#4400 = ADVANCED_FACE ( 'NONE', ( #1608, #5010 ), #3381, .T. ) ;
#4401 = CARTESIAN_POINT ( 'NONE',  ( -0.5717640772274901200, -16.99040066565401100, -10.01014966867694700 ) ) ;
#4402 = EDGE_CURVE ( 'NONE', #832, #1563, #16, .T. ) ;
#4403 = CARTESIAN_POINT ( 'NONE',  ( -11.74999999999999800, 1.438959988998139800E-015, -20.50000000546236800 ) ) ;
#4404 = ORIENTED_EDGE ( 'NONE', *, *, #2320, .F. ) ;
#4405 = CARTESIAN_POINT ( 'NONE',  ( 10.38173626660608300, 7.542772912224920700, -17.92500000273118100 ) ) ;
#4406 = CIRCLE ( 'NONE', #5080, 17.00000000000000000 ) ;
#4407 = DIRECTION ( 'NONE',  ( -4.336808689941968800E-015, -8.102666706398614300E-015, 1.000000000000000000 ) ) ;
#4408 = EDGE_CURVE ( 'NONE', #5427, #777, #2339, .T. ) ;
#4409 = ORIENTED_EDGE ( 'NONE', *, *, #589, .T. ) ;
#4410 = EDGE_CURVE ( 'NONE', #4196, #4266, #2858, .T. ) ;
#4411 = CARTESIAN_POINT ( 'NONE',  ( 0.0000000000000000000, 0.0000000000000000000, -2.367136103677473200 ) ) ;
#4412 = PERSON_AND_ORGANIZATION ( #2658, #1528 ) ;
#4413 = DIRECTION ( 'NONE',  ( -1.000000000000000000, 0.0000000000000000000, 0.0000000000000000000 ) ) ;
#4414 = CARTESIAN_POINT ( 'NONE',  ( 14.43150683081736800, 8.985109536738511000, -10.02286673850737300 ) ) ;
#4415 = DIRECTION ( 'NONE',  ( 0.0000000000000000000, 0.7559289460184528400, -0.6546536707079789700 ) ) ;
#4416 = CARTESIAN_POINT ( 'NONE',  ( -11.74999999999999800, 1.438959988998139800E-015, -11.99999999999999300 ) ) ;
#4417 = AXIS2_PLACEMENT_3D ( 'NONE', #889, #903, #40 ) ;
#4418 = CARTESIAN_POINT ( 'NONE',  ( -1.668860485119278300, -16.29426225641357500, -1.928062839147587100 ) ) ;
#4419 = VERTEX_POINT ( 'NONE', #1736 ) ;
#4420 = CARTESIAN_POINT ( 'NONE',  ( -2.478609629921899900E-015, -13.49292237646318400, -16.62500000273118100 ) ) ;
#4421 = VECTOR ( 'NONE', #3233, 1000.000000000000000 ) ;
#4422 = CARTESIAN_POINT ( 'NONE',  ( 3.630949683905629200, -11.17491406646805400, -15.90000000546236700 ) ) ;
#4423 = CARTESIAN_POINT ( 'NONE',  ( -9.505949683905631900, -6.906476714436556600, -10.30000000546236700 ) ) ;
#4424 = CARTESIAN_POINT ( 'NONE',  ( -14.90000000000000000, 7.974960814950754300, -2.367136103677473200 ) ) ;
#4425 = VERTEX_POINT ( 'NONE', #2157 ) ;
#4426 = ADVANCED_FACE ( 'NONE', ( #720 ), #5130, .T. ) ;
#4427 = CARTESIAN_POINT ( 'NONE',  ( -7.930940783212167700, 10.91600350634071900, -21.42500000273117800 ) ) ;
#4428 = CYLINDRICAL_SURFACE ( 'NONE', #3175, 0.09999999999999939500 ) ;
#4429 = VERTEX_POINT ( 'NONE', #2542 ) ;
#4430 = CARTESIAN_POINT ( 'NONE',  ( -13.26612688421983500, 9.598594892755160800, -1.924705816178464500 ) ) ;
#4431 = CARTESIAN_POINT ( 'NONE',  ( -1.861017270493557700, 11.74999996858668000, -20.94874572125284800 ) ) ;
#4432 = CARTESIAN_POINT ( 'NONE',  ( -6.912602475829654500, -13.27178448751405400, -1.125186517200059900 ) ) ;
#4433 = DIRECTION ( 'NONE',  ( -0.0000000000000000000, -0.0000000000000000000, 1.000000000000000000 ) ) ;
#4434 = CARTESIAN_POINT ( 'NONE',  ( 7.930940783212165900, -10.91600350634071700, -12.42500000273117800 ) ) ;
#4435 = CARTESIAN_POINT ( 'NONE',  ( 10.38173626660608300, 7.542772912224920700, -24.17500000273118100 ) ) ;
#4436 = CYLINDRICAL_SURFACE ( 'NONE', #1872, 10.00000000000000000 ) ;
#4437 = CARTESIAN_POINT ( 'NONE',  ( -6.313417664108182900, -13.67545468780940300, -1.182180405592568400 ) ) ;
#4438 = PLANE ( 'NONE',  #97 ) ;
#4439 = CARTESIAN_POINT ( 'NONE',  ( -2.269518105932784400E-015, -12.35468113479963900, -20.00000000546236800 ) ) ;
#4440 = FACE_OUTER_BOUND ( 'NONE', #3787, .T. ) ;
#4441 = CARTESIAN_POINT ( 'NONE',  ( -10.38173626660608100, 7.542772912224922500, -15.32500000273118000 ) ) ;
#4442 = EDGE_CURVE ( 'NONE', #2931, #3909, #3120, .T. ) ;
#4443 = EDGE_CURVE ( 'NONE', #1712, #1637, #1870, .T. ) ;
#4444 = CARTESIAN_POINT ( 'NONE',  ( -4.931301066283563000, -11.84719970745950600, -11.00000000000007600 ) ) ;
#4445 = ORIENTED_EDGE ( 'NONE', *, *, #3135, .T. ) ;
#4446 = AXIS2_PLACEMENT_3D ( 'NONE', #3029, #4754, #3471 ) ;
#4447 = CARTESIAN_POINT ( 'NONE',  ( 12.83253174999999900, 0.0000000000000000000, -20.12500000273118100 ) ) ;
#4448 = ORIENTED_EDGE ( 'NONE', *, *, #4088, .F. ) ;
#4449 = CARTESIAN_POINT ( 'NONE',  ( 11.74999999999999800, 2.085423823319706300E-007, -11.50000000000000700 ) ) ;
#4450 = CARTESIAN_POINT ( 'NONE',  ( -11.74999999999999800, 1.438959988998139800E-015, 0.0000000000000000000 ) ) ;
#4451 = ORIENTED_EDGE ( 'NONE', *, *, #1302, .T. ) ;
#4452 = DIRECTION ( 'NONE',  ( -1.000000000000000000, 0.0000000000000000000, 0.0000000000000000000 ) ) ;
#4453 = CARTESIAN_POINT ( 'NONE',  ( -14.35651865993279400, 8.916298108912775100, 0.0000000000000000000 ) ) ;
#4454 = CARTESIAN_POINT ( 'NONE',  ( 10.38173626660608300, 7.542772912224920700, -19.92500000273118100 ) ) ;
#4455 = CARTESIAN_POINT ( 'NONE',  ( -2.478609629921899900E-015, -13.49292237646318400, -22.87500000273117700 ) ) ;
#4456 = AXIS2_PLACEMENT_3D ( 'NONE', #1978, #4963, #2399 ) ;
#4457 = CARTESIAN_POINT ( 'NONE',  ( -12.12873565634786700, -10.31797927956651900, -1.718997585967861000 ) ) ;
#4458 = ADVANCED_FACE ( 'NONE', ( #2981 ), #4477, .T. ) ;
#4459 = CARTESIAN_POINT ( 'NONE',  ( -10.38173626660608300, -7.542772912224919000, -16.92500000273117800 ) ) ;
#4460 = EDGE_LOOP ( 'NONE', ( #3768, #3774, #3430, #4931 ) ) ;
#4461 = CARTESIAN_POINT ( 'NONE',  ( -9.505949683905631900, -6.906476714436556600, -15.79999999999999500 ) ) ;
#4462 = CARTESIAN_POINT ( 'NONE',  ( 12.83253174999999600, 4.169542318109123800, -14.02500000273117600 ) ) ;
#4463 = CARTESIAN_POINT ( 'NONE',  ( 14.99999999999999800, -7.991336504509176200, -2.307030028425079800 ) ) ;
#4464 = VERTEX_POINT ( 'NONE', #3891 ) ;
#4465 = CARTESIAN_POINT ( 'NONE',  ( -3.630949683905630600, 11.17491406646805400, -10.90000000546236700 ) ) ;
#4466 = CARTESIAN_POINT ( 'NONE',  ( 13.02320508075688500, 1.835329483116807100E-015, -0.01339745962155441900 ) ) ;
#4467 = CARTESIAN_POINT ( 'NONE',  ( -7.930940783212169400, -10.91600350634071900, -18.82500000273118000 ) ) ;
#4468 = CARTESIAN_POINT ( 'NONE',  ( -0.4999999999999917800, 0.0000000000000000000, -6.999999999999988500 ) ) ;
#4469 = ORIENTED_EDGE ( 'NONE', *, *, #1680, .F. ) ;
#4470 = DIRECTION ( 'NONE',  ( 1.000000000000000000, 0.0000000000000000000, 0.0000000000000000000 ) ) ;
#4471 = LOCAL_TIME ( 13, 35, 23.00000000000000000, #5516 ) ;
#4472 = CARTESIAN_POINT ( 'NONE',  ( -0.5987925335002367600, -16.97643595587446100, -9.975377292836942200 ) ) ;
#4473 = APPROVAL_DATE_TIME ( #2185, #537 ) ;
#4474 = CARTESIAN_POINT ( 'NONE',  ( 7.930940783212167700, 10.91600350634071700, -17.82500000273118000 ) ) ;
#4475 = CARTESIAN_POINT ( 'NONE',  ( -10.38173626660608100, 7.542772912224922500, -21.57500000273118000 ) ) ;
#4476 = CARTESIAN_POINT ( 'NONE',  ( 11.74999999999999800, 0.0000000000000000000, -19.50000000546236800 ) ) ;
#4477 = CYLINDRICAL_SURFACE ( 'NONE', #5019, 0.09999999999999939500 ) ;
#4478 = CARTESIAN_POINT ( 'NONE',  ( 6.879710143513965400, 13.29076893984589300, -1.126072266247541800 ) ) ;
#4479 = EDGE_CURVE ( 'NONE', #4720, #777, #4329, .T. ) ;
#4480 = CARTESIAN_POINT ( 'NONE',  ( -3.965470391606085600, -12.20446294140194800, -12.72500000273118000 ) ) ;
#4481 = CARTESIAN_POINT ( 'NONE',  ( 6.322145842979350200, -13.67041547138857300, -1.213070974270557200 ) ) ;
#4482 = AXIS2_PLACEMENT_3D ( 'NONE', #3117, #2690, #5182 ) ;
#4483 = ADVANCED_FACE ( 'NONE', ( #4009 ), #31, .T. ) ;
#4484 = CARTESIAN_POINT ( 'NONE',  ( -3.965470391606082900, 12.20446294140195000, -17.52500000273118300 ) ) ;
#4485 = CARTESIAN_POINT ( 'NONE',  ( 14.99999999999999800, 1.375808592469472700, -1.213638211743003300 ) ) ;
#4487 = ORIENTED_EDGE ( 'NONE', *, *, #4194, .T. ) ;
#4486 = CARTESIAN_POINT ( 'NONE',  ( 12.83253174999999800, 4.169542318109123800, -20.27500000273117600 ) ) ;
#4488 = AXIS2_PLACEMENT_3D ( 'NONE', #2070, #783, #3779 ) ;
#4489 = DIRECTION ( 'NONE',  ( 1.000000000000000000, 2.003086131649544200E-016, 0.0000000000000000000 ) ) ;
#4490 = CARTESIAN_POINT ( 'NONE',  ( 12.72969073964532400, -11.30057161737860300, -11.15142746775799800 ) ) ;
#4491 = DIRECTION ( 'NONE',  ( 1.000000000000000000, 0.0000000000000000000, 0.0000000000000000000 ) ) ;
#4492 = DIRECTION ( 'NONE',  ( 1.000000000000000000, 0.0000000000000000000, 0.0000000000000000000 ) ) ;
#4493 = CARTESIAN_POINT ( 'NONE',  ( -12.83253174999999900, -4.169542318109122000, -13.02500000273117900 ) ) ;
#4494 = CARTESIAN_POINT ( 'NONE',  ( 12.83253174999999600, 4.169542318109123800, -20.27500000273117600 ) ) ;
#4495 = EDGE_LOOP ( 'NONE', ( #4391, #2085, #2553, #2761 ) ) ;
#4496 = CARTESIAN_POINT ( 'NONE',  ( 0.5434813400672006100, -16.89125892386351100, -9.958578643762596300 ) ) ;
#4497 = VECTOR ( 'NONE', #5496, 999.9999999999998900 ) ;
#4498 = CARTESIAN_POINT ( 'NONE',  ( 9.505949683905630100, -6.906476714436561100, -19.19999999999999600 ) ) ;
#4499 = CARTESIAN_POINT ( 'NONE',  ( -7.930940783212167700, 10.91600350634071700, -11.42500000273117600 ) ) ;
#4500 = ORIENTED_EDGE ( 'NONE', *, *, #4265, .T. ) ;
#4501 = CARTESIAN_POINT ( 'NONE',  ( 14.99999999999999600, -2.690872124771784600, -1.284385829652338100 ) ) ;
#4502 =( BOUNDED_SURFACE ( )  B_SPLINE_SURFACE ( 3, 2, ( 
 ( #1903, #4463, #4910 ),
 ( #2344, #5334, #2769 ),
 ( #199, #3189, #631 ),
 ( #3623, #1057, #4072 ),
 ( #1504, #4501, #1938 ),
 ( #4927, #2368, #5350 ),
 ( #2787, #219, #3208 ),
 ( #650, #3644, #1081 ),
 ( #4092, #1529, #4519 ),
 ( #1956, #4947, #2383 ),
 ( #5366, #2801, #236 ),
 ( #3225, #664, #3660 ) ),
 .UNSPECIFIED., .F., .F., .F. ) 
 B_SPLINE_SURFACE_WITH_KNOTS ( ( 4, 2, 2, 2, 2, 4 ),
 ( 3, 3 ),
 ( 0.04982963540110413300, 0.05385775505299649600, 0.05587181487894267400, 0.05788587470488885900, 0.06191399435678122300, 0.06594211400867358600 ),
 ( 0.0000000000000000000, 1.000000000000000000 ),
 .UNSPECIFIED. ) 
 GEOMETRIC_REPRESENTATION_ITEM ( )  RATIONAL_B_SPLINE_SURFACE ( (
 ( 1.000000000000000000, 0.8487721727197626900, 1.000000000000000000),
 ( 1.000000000000000000, 0.8534474433319770800, 1.000000000000000000),
 ( 1.000000000000000000, 0.8578256929560523800, 1.000000000000000000),
 ( 1.000000000000000000, 0.8625933636813618600, 1.000000000000000000),
 ( 1.000000000000000000, 0.8638705610253357700, 1.000000000000000000),
 ( 1.000000000000000000, 0.8655910609403231200, 1.000000000000000000),
 ( 1.000000000000000000, 0.8660360936998176000, 1.000000000000000000),
 ( 1.000000000000000000, 0.8660034314400247800, 1.000000000000000000),
 ( 1.000000000000000000, 0.8641130934379797100, 1.000000000000000000),
 ( 1.000000000000000000, 0.8578165896140137500, 1.000000000000000000),
 ( 1.000000000000000000, 0.8534668785665661100, 1.000000000000000000),
 ( 1.000000000000000000, 0.8487721727197667900, 1.000000000000000000) ) ) 
 REPRESENTATION_ITEM ( '' )  SURFACE ( )  );
#4503 = CARTESIAN_POINT ( 'NONE',  ( 12.83253174999999800, -4.169542318109129100, -16.22500000273117800 ) ) ;
#4504 = ORIENTED_EDGE ( 'NONE', *, *, #5216, .T. ) ;
#4505 = CARTESIAN_POINT ( 'NONE',  ( -3.965470391606085600, -12.20446294140194800, -18.97500000273118200 ) ) ;
#4506 = CARTESIAN_POINT ( 'NONE',  ( 14.32553254129633700, 9.083478402431747900, -10.02928932188133400 ) ) ;
#4507 = DIRECTION ( 'NONE',  ( -0.0000000000000000000, -0.0000000000000000000, 1.000000000000000000 ) ) ;
#4508 = CARTESIAN_POINT ( 'NONE',  ( 3.630949683905629200, -11.17491406646805400, -13.90000000546236500 ) ) ;
#4509 = CARTESIAN_POINT ( 'NONE',  ( -3.965470391606085600, -12.20446294140194800, -18.97500000273118200 ) ) ;
#4510 = ORIENTED_EDGE ( 'NONE', *, *, #3975, .T. ) ;
#4511 = CARTESIAN_POINT ( 'NONE',  ( -10.38173626660608100, 7.542772912224922500, -23.57500000273118300 ) ) ;
#4512 = ADVANCED_FACE ( 'NONE', ( #2327 ), #2443, .T. ) ;
#4513 = CARTESIAN_POINT ( 'NONE',  ( 7.930940783212165900, -10.91600350634071700, -10.42500000273117800 ) ) ;
#4514 = CARTESIAN_POINT ( 'NONE',  ( 6.926805478765218500, 13.32131506789951000, -1.212122123358824400 ) ) ;
#4515 = ORIENTED_EDGE ( 'NONE', *, *, #3748, .T. ) ;
#4516 = CARTESIAN_POINT ( 'NONE',  ( 12.83253174999999900, 0.0000000000000000000, -10.12500000273118100 ) ) ;
#4517 = EDGE_CURVE ( 'NONE', #4969, #1278, #1188, .T. ) ;
#4518 = EDGE_CURVE ( 'NONE', #4429, #769, #2465, .T. ) ;
#4519 = CARTESIAN_POINT ( 'NONE',  ( 14.94933630556919200, 2.732139871930722800, -1.237156300702900700 ) ) ;
#4520 = VERTEX_POINT ( 'NONE', #2270 ) ;
#4521 = CARTESIAN_POINT ( 'NONE',  ( -10.38173626660608300, -7.542772912224919000, -14.92500000273118100 ) ) ;
#4522 = ORIENTED_EDGE ( 'NONE', *, *, #4553, .F. ) ;
#4523 = CARTESIAN_POINT ( 'NONE',  ( -7.930940783212167700, 10.91600350634071900, -17.67500000273118100 ) ) ;
#4524 = DIRECTION ( 'NONE',  ( 0.0000000000000000000, -0.0000000000000000000, 1.000000000000000000 ) ) ;
#4525 = CARTESIAN_POINT ( 'NONE',  ( 0.5434813400672141600, 16.89125892386351400, 0.0000000000000000000 ) ) ;
#4526 = DIRECTION ( 'NONE',  ( 0.4718911724822949000, -0.8816568047337268700, -7.523206670731345100E-013 ) ) ;
#4527 = DIRECTION ( 'NONE',  ( -0.8660254037844387100, -0.4999999999999998900, -4.876133965135207500E-015 ) ) ;
#4528 = ORIENTED_EDGE ( 'NONE', *, *, #2283, .T. ) ;
#4529 = CARTESIAN_POINT ( 'NONE',  ( -7.930940783212167700, 10.91600350634071700, -17.67500000273117800 ) ) ;
#4530 = AXIS2_PLACEMENT_3D ( 'NONE', #3102, #539, #3538 ) ;
#4531 = ORIENTED_EDGE ( 'NONE', *, *, #4339, .F. ) ;
#4532 = CARTESIAN_POINT ( 'NONE',  ( 12.83253174999999600, 4.169542318109123800, -22.27500000273117200 ) ) ;
#4533 = CARTESIAN_POINT ( 'NONE',  ( 12.76435716417814000, 11.31186334824803600, -11.17853960581004800 ) ) ;
#4534 = CARTESIAN_POINT ( 'NONE',  ( -0.5934813400671893300, -16.97786146424196100, -9.958578643762765000 ) ) ;
#4535 = DIRECTION ( 'NONE',  ( 0.0000000000000000000, 0.0000000000000000000, -1.000000000000000000 ) ) ;
#4536 = EDGE_LOOP ( 'NONE', ( #3964, #2755, #1298, #2803 ) ) ;
#4537 = CARTESIAN_POINT ( 'NONE',  ( -15.02928932188131800, 7.864535902287412000, -10.02928932188131800 ) ) ;
#4538 = CARTESIAN_POINT ( 'NONE',  ( 7.550000000000006000, 13.07698359714502900, -9.958578643762701100 ) ) ;
#4539 = DIRECTION ( 'NONE',  ( -0.0000000000000000000, 1.000000000000000000, -0.0000000000000000000 ) ) ;
#4540 = CARTESIAN_POINT ( 'NONE',  ( 11.74999999999999800, 2.085423823319706300E-007, -11.50000000000000700 ) ) ;
#4541 = DIRECTION ( 'NONE',  ( 0.03215865917623744000, -0.9994827765599497700, 0.0000000000000000000 ) ) ;
#4542 = ADVANCED_FACE ( 'NONE', ( #2585 ), #4740, .T. ) ;
#4543 = CARTESIAN_POINT ( 'NONE',  ( 8.262032099739666100E-016, 13.49292237646318100, -13.62500000273118100 ) ) ;
#4544 = LINE ( 'NONE', #5066, #1733 ) ;
#4545 = CARTESIAN_POINT ( 'NONE',  ( 12.83253174999999900, 0.0000000000000000000, -16.37500000273118100 ) ) ;
#4546 = CARTESIAN_POINT ( 'NONE',  ( -0.4999999999999917800, 0.0000000000000000000, -5.999999999999995600 ) ) ;
#4547 = DIRECTION ( 'NONE',  ( -0.0000000000000000000, -0.0000000000000000000, 1.000000000000000000 ) ) ;
#4548 = CARTESIAN_POINT ( 'NONE',  ( 0.0000000000000000000, 0.0000000000000000000, 0.0000000000000000000 ) ) ;
#4549 = CARTESIAN_POINT ( 'NONE',  ( 12.83253174999999900, 0.0000000000000000000, -16.37500000273118100 ) ) ;
#4550 = CARTESIAN_POINT ( 'NONE',  ( -3.965470391606085600, -12.20446294140194800, -20.97500000273118200 ) ) ;
#4551 = EDGE_CURVE ( 'NONE', #69, #2235, #3451, .T. ) ;
#4552 = DIRECTION ( 'NONE',  ( 0.0000000000000000000, 0.7559289460184542800, -0.6546536707079773100 ) ) ;
#4553 = EDGE_CURVE ( 'NONE', #523, #5223, #3592, .T. ) ;
#4554 = DIRECTION ( 'NONE',  ( -0.0000000000000000000, -0.0000000000000000000, 1.000000000000000000 ) ) ;
#4555 = CARTESIAN_POINT ( 'NONE',  ( 0.6421655732255009400, -16.98789381575631200, -10.08602215357072200 ) ) ;
#4556 = AXIS2_PLACEMENT_3D ( 'NONE', #4174, #1611, #4597 ) ;
#4557 = DIRECTION ( 'NONE',  ( 1.000000000000000000, 0.0000000000000000000, 0.0000000000000000000 ) ) ;
#4558 = CARTESIAN_POINT ( 'NONE',  ( 3.630949683905629200, -11.17491406646805400, -17.90000000546236700 ) ) ;
#4559 = AXIS2_PLACEMENT_3D ( 'NONE', #5148, #70, #2637 ) ;
#4560 = TOROIDAL_SURFACE ( 'NONE', #745, 8.099999999999999600, 0.1000000000000000100 ) ;
#4561 = CARTESIAN_POINT ( 'NONE',  ( 14.39920182383328400, -9.010210642129749200, -9.982719379989411800 ) ) ;
#4562 = CARTESIAN_POINT ( 'NONE',  ( 10.38173626660608100, -7.542772912224923400, -12.32500000273118000 ) ) ;
#4563 = CIRCLE ( 'NONE', #4806, 0.09999999999999999200 ) ;
#4564 = CARTESIAN_POINT ( 'NONE',  ( -7.930940783212169400, -10.91600350634071900, -15.07500000273118000 ) ) ;
#4565 = AXIS2_PLACEMENT_3D ( 'NONE', #2574, #5546, #2992 ) ;
#4566 = EDGE_LOOP ( 'NONE', ( #662, #3770, #4891, #2308 ) ) ;
#4567 = DIRECTION ( 'NONE',  ( -1.000000000000000000, 0.0000000000000000000, 0.0000000000000000000 ) ) ;
#4568 = CARTESIAN_POINT ( 'NONE',  ( -15.05650919409484700, -7.893157827856288800, -10.05650919409486100 ) ) ;
#4569 = APPLICATION_CONTEXT ( 'configuration controlled 3d designs of mechanical parts and assemblies' ) ;
#4570 = CARTESIAN_POINT ( 'NONE',  ( -7.930940783212169400, -10.91600350634071700, -15.07500000273118000 ) ) ;
#4571 = CIRCLE ( 'NONE', #4456, 16.95000000000000300 ) ;
#4572 = CARTESIAN_POINT ( 'NONE',  ( -7.930940783212167700, 10.91600350634071700, -19.67500000273117400 ) ) ;
#4573 = ORIENTED_EDGE ( 'NONE', *, *, #738, .T. ) ;
#4574 = CARTESIAN_POINT ( 'NONE',  ( 9.582133383086738100, 7.902433887718640200, -21.66487223312632800 ) ) ;
#4575 = CIRCLE ( 'NONE', #2259, 8.013397459621554500 ) ;
#4576 = CARTESIAN_POINT ( 'NONE',  ( 11.74999999999999800, 0.0000000000000000000, -12.99999999999999500 ) ) ;
#4577 = EDGE_LOOP ( 'NONE', ( #4126, #2123, #1283, #4926 ) ) ;
#4578 = CC_DESIGN_SECURITY_CLASSIFICATION ( #3122, ( #1707 ) ) ;
#4579 = CIRCLE ( 'NONE', #2370, 12.25000000000000000 ) ;
#4580 = CARTESIAN_POINT ( 'NONE',  ( 0.0000000000000000000, 0.0000000000000000000, -2.280533563299029300 ) ) ;
#4581 = CARTESIAN_POINT ( 'NONE',  ( -12.83253175000000300, -2.544489334815704900, -11.06397437591923000 ) ) ;
#4582 = CARTESIAN_POINT ( 'NONE',  ( -3.965470391606082900, 12.20446294140195000, -13.77500000273118100 ) ) ;
#4583 = CARTESIAN_POINT ( 'NONE',  ( 3.630949683905629200, -11.17491406646805400, -9.900000005462365100 ) ) ;
#4584 = CARTESIAN_POINT ( 'NONE',  ( -6.377175337619894100, -16.72345273632933500, -12.67152257745956900 ) ) ;
#4585 = CARTESIAN_POINT ( 'NONE',  ( -0.6723564796411352100, 16.98669881890783300, -10.10000000000060400 ) ) ;
#4586 = APPROVAL_STATUS ( 'not_yet_approved' ) ;
#4587 = CARTESIAN_POINT ( 'NONE',  ( -3.965470391606082900, 12.20446294140195000, -13.77500000273118100 ) ) ;
#4588 = EDGE_CURVE ( 'NONE', #3025, #4724, #2190, .T. ) ;
#4589 = CARTESIAN_POINT ( 'NONE',  ( 12.83253174999999900, 0.0000000000000000000, -18.37500000273117700 ) ) ;
#4590 = ORIENTED_EDGE ( 'NONE', *, *, #4657, .F. ) ;
#4591 = CARTESIAN_POINT ( 'NONE',  ( 0.7309713946151995500, 11.79763210616609500, -21.04763209382755200 ) ) ;
#4592 = CARTESIAN_POINT ( 'NONE',  ( -15.00000000000000400, -1.375809538359241200, -1.213638296161407400 ) ) ;
#4593 = VERTEX_POINT ( 'NONE', #1101 ) ;
#4594 = CARTESIAN_POINT ( 'NONE',  ( 0.0000000000000000000, 0.0000000000000000000, -20.99999999999999300 ) ) ;
#4595 = AXIS2_PLACEMENT_3D ( 'NONE', #4548, #1988, #4974 ) ;
#4596 = CARTESIAN_POINT ( 'NONE',  ( -11.75000000000000500, 3.817806430736638400, -20.09999999999999100 ) ) ;
#4597 = DIRECTION ( 'NONE',  ( -1.000000000000000000, 0.0000000000000000000, 0.0000000000000000000 ) ) ;
#4598 = ORIENTED_EDGE ( 'NONE', *, *, #233, .F. ) ;
#4599 = CARTESIAN_POINT ( 'NONE',  ( 12.83253174999999800, -4.169542318109129100, -12.47500000273118000 ) ) ;
#4600 = CARTESIAN_POINT ( 'NONE',  ( -14.99701345789324600, 8.005633666794846400, -10.02266954127330000 ) ) ;
#4601 = CARTESIAN_POINT ( 'NONE',  ( -0.5934813400672032100, 16.97786146424196100, -9.958578643762656700 ) ) ;
#4602 = CARTESIAN_POINT ( 'NONE',  ( -3.965470391606082900, 12.20446294140195000, -15.52500000273118100 ) ) ;
#4603 = CARTESIAN_POINT ( 'NONE',  ( 12.83253174999999600, -4.169542318109129100, -12.47500000273118000 ) ) ;
#4604 = ORIENTED_EDGE ( 'NONE', *, *, #2562, .F. ) ;
#4605 = FACE_OUTER_BOUND ( 'NONE', #761, .T. ) ;
#4606 = CARTESIAN_POINT ( 'NONE',  ( 3.630949683905631900, 11.17491406646805200, -21.10000000546236600 ) ) ;
#4607 = SPHERICAL_SURFACE ( 'NONE', #3828, 0.1000000000000000100 ) ;
#4608 = CARTESIAN_POINT ( 'NONE',  ( 16.80492887484059500, -2.726670088836676600, -11.80492887484060000 ) ) ;
#4609 = DIRECTION ( 'NONE',  ( 1.000000000000000000, 0.0000000000000000000, 0.0000000000000000000 ) ) ;
#4610 = CARTESIAN_POINT ( 'NONE',  ( 3.414182441633449600, 16.71018924127981700, -11.17853960580877600 ) ) ;
#4611 = DIRECTION ( 'NONE',  ( -0.8455726155169642800, -0.5338604236013381200, 3.469446951953633100E-014 ) ) ;
#4612 = CARTESIAN_POINT ( 'NONE',  ( 14.99999999999905000, -7.974960814954483700, -9.970559123675245800 ) ) ;
#4613 = CARTESIAN_POINT ( 'NONE',  ( -11.74999999999999800, 1.438959988998139800E-015, -16.50000000546236800 ) ) ;
#4614 = FACE_OUTER_BOUND ( 'NONE', #1727, .T. ) ;
#4615 = DIRECTION ( 'NONE',  ( -0.0000000000000000000, 0.0000000000000000000, 1.000000000000000000 ) ) ;
#4616 = CARTESIAN_POINT ( 'NONE',  ( -10.38173626660608300, -7.542772912224919000, -11.17500000273118100 ) ) ;
#4617 = CARTESIAN_POINT ( 'NONE',  ( 14.94999999999999800, -1.353320436861935100, -1.125833024919771400 ) ) ;
#4618 = CARTESIAN_POINT ( 'NONE',  ( 9.505949683905630100, -6.906476714436561100, -19.70000000546236400 ) ) ;
#4619 = CARTESIAN_POINT ( 'NONE',  ( -10.38173626660608300, -7.542772912224919000, -11.17500000273118100 ) ) ;
#4620 = EDGE_LOOP ( 'NONE', ( #5303, #2687, #5527, #739 ) ) ;
#4621 = EDGE_CURVE ( 'NONE', #4057, #3843, #114, .T. ) ;
#4622 = EDGE_CURVE ( 'NONE', #1980, #69, #5268, .T. ) ;
#4623 = CARTESIAN_POINT ( 'NONE',  ( 15.02928932188131300, 7.864535902287422600, -10.02928932188131100 ) ) ;
#4624 = CARTESIAN_POINT ( 'NONE',  ( 1.335852613040659800, -11.76555399976897200, -11.41354883071427700 ) ) ;
#4625 = CARTESIAN_POINT ( 'NONE',  ( -14.94999999999999600, -0.6768117234257369200, -1.125833024919773900 ) ) ;
#4626 = CIRCLE ( 'NONE', #5434, 12.25000000000000000 ) ;
#4627 = AXIS2_PLACEMENT_3D ( 'NONE', #5481, #357, #2508 ) ;
#4628 = DIRECTION ( 'NONE',  ( 2.003086131649544000E-016, -1.000000000000000000, -2.003086131649550600E-016 ) ) ;
#4629 = VERTEX_POINT ( 'NONE', #1140 ) ;
#4630 = DIRECTION ( 'NONE',  ( 1.000000000000000000, 0.0000000000000000000, 0.0000000000000000000 ) ) ;
#4631 = CARTESIAN_POINT ( 'NONE',  ( 11.74999999999999800, -3.817806430736651700, -11.60000000546236600 ) ) ;
#4632 = VERTEX_POINT ( 'NONE', #4152 ) ;
#4633 = ORIENTED_EDGE ( 'NONE', *, *, #3314, .F. ) ;
#4634 = CARTESIAN_POINT ( 'NONE',  ( 0.6723564796412088200, 16.98669881890782900, -10.09999999999999600 ) ) ;
#4635 =( BOUNDED_SURFACE ( )  B_SPLINE_SURFACE ( 3, 2, ( 
 ( #897, #1333, #2623 ),
 ( #55, #3045, #480 ),
 ( #3490, #918, #3928 ),
 ( #1355, #4362, #1804 ),
 ( #4787, #2223, #5210 ),
 ( #2643, #75, #3067 ),
 ( #498, #3509, #936 ),
 ( #3944, #1377, #4380 ),
 ( #1821, #4807, #2243 ),
 ( #5229, #2659, #98 ) ),
 .UNSPECIFIED., .F., .F., .F. ) 
 B_SPLINE_SURFACE_WITH_KNOTS ( ( 4, 2, 2, 2, 4 ),
 ( 3, 3 ),
 ( 2.657554577411168900, 2.899573615500481000, 3.141592653589793100, 3.383611691679105200, 3.625630729768416900 ),
 ( 0.0000000000000000000, 1.000000000000000000 ),
 .UNSPECIFIED. ) 
 GEOMETRIC_REPRESENTATION_ITEM ( )  RATIONAL_B_SPLINE_SURFACE ( (
 ( 1.000000000000000000, 0.9016308760050236700, 1.000000000000000000),
 ( 1.000000000000000000, 0.9089927772049852800, 1.000000000000000000),
 ( 1.000000000000000000, 0.9145641463638020100, 1.000000000000000000),
 ( 1.000000000000000000, 0.9220081538166476900, 1.000000000000000000),
 ( 1.000000000000000000, 0.9238795325112900700, 1.000000000000000000),
 ( 1.000000000000000000, 0.9238795325112900700, 1.000000000000000000),
 ( 1.000000000000000000, 0.9220081538165687500, 1.000000000000000000),
 ( 1.000000000000000000, 0.9145641463638787300, 1.000000000000000000),
 ( 1.000000000000000000, 0.9089927772049230000, 1.000000000000000000),
 ( 1.000000000000000000, 0.9016308760050236700, 1.000000000000000000) ) ) 
 REPRESENTATION_ITEM ( '' )  SURFACE ( )  );
#4636 = DIRECTION ( 'NONE',  ( -0.0000000000000000000, -0.0000000000000000000, -1.000000000000000000 ) ) ;
#4637 = CARTESIAN_POINT ( 'NONE',  ( -14.39089449043633600, -9.050031604704564400, -10.08599657518967300 ) ) ;
#4638 = CARTESIAN_POINT ( 'NONE',  ( -9.505949683905630100, 6.906476714436559300, -14.70000000546236600 ) ) ;
#4639 = ORIENTED_EDGE ( 'NONE', *, *, #3418, .F. ) ;
#4640 = CIRCLE ( 'NONE', #133, 0.09999999999999939500 ) ;
#4641 = CARTESIAN_POINT ( 'NONE',  ( -0.6723564796411882800, -16.98669881890783300, -10.10000000000003900 ) ) ;
#4642 = ORIENTED_EDGE ( 'NONE', *, *, #2115, .F. ) ;
#4643 = CARTESIAN_POINT ( 'NONE',  ( -14.94881260990678100, -3.370404771059842800, -1.333982380731159700 ) ) ;
#4644 = DIRECTION ( 'NONE',  ( 1.000000000000000000, 0.0000000000000000000, 0.0000000000000000000 ) ) ;
#4645 = CARTESIAN_POINT ( 'NONE',  ( 7.261899367811261100, -9.995146998136467800, -13.80000000546236500 ) ) ;
#4646 = EDGE_LOOP ( 'NONE', ( #5445, #4113, #222, #1099 ) ) ;
#4647 = DIRECTION ( 'NONE',  ( -0.0000000000000000000, -0.0000000000000000000, 1.000000000000000000 ) ) ;
#4648 = CARTESIAN_POINT ( 'NONE',  ( 9.500000000000008900, 1.224646799147353300E-015, -6.499999999999995600 ) ) ;
#4649 = CARTESIAN_POINT ( 'NONE',  ( -2.478609629921899900E-015, -13.49292237646318400, -16.87500000273118100 ) ) ;
#4650 = CARTESIAN_POINT ( 'NONE',  ( 13.26831337651054300, 9.597328938048708100, -1.925392582448124800 ) ) ;
#4651 = CARTESIAN_POINT ( 'NONE',  ( 14.94568578508113700, 6.693312025910345600, -1.925740526172732900 ) ) ;
#4652 = CARTESIAN_POINT ( 'NONE',  ( 0.0000000000000000000, 0.0000000000000000000, -10.99999999999999600 ) ) ;
#4653 = EDGE_CURVE ( 'NONE', #2922, #2458, #326, .T. ) ;
#4654 = CARTESIAN_POINT ( 'NONE',  ( -3.965470391606085600, -12.20446294140194800, -20.72500000273117800 ) ) ;
#4655 = ORIENTED_EDGE ( 'NONE', *, *, #873, .F. ) ;
#4656 = CARTESIAN_POINT ( 'NONE',  ( 14.35651865993279900, 8.916298108912768000, -2.367136103677472700 ) ) ;
#4657 = EDGE_CURVE ( 'NONE', #1746, #1019, #2460, .T. ) ;
#4658 = DIRECTION ( 'NONE',  ( 0.0000000000000000000, 0.0000000000000000000, -1.000000000000000000 ) ) ;
#4659 = ORIENTED_EDGE ( 'NONE', *, *, #2785, .T. ) ;
#4660 = CARTESIAN_POINT ( 'NONE',  ( -12.83253174999999900, -4.169542318109122000, -23.02500000273117900 ) ) ;
#4661 = CARTESIAN_POINT ( 'NONE',  ( -11.74999999999999800, 1.438959988998139800E-015, -16.50000000546236800 ) ) ;
#4662 = VERTEX_POINT ( 'NONE', #3305 ) ;
#4663 = CARTESIAN_POINT ( 'NONE',  ( -9.666071783244669600, -14.01537961063959900, -11.97071067811867600 ) ) ;
#4664 = CARTESIAN_POINT ( 'NONE',  ( 9.505949683905631900, 6.906476714436558400, -24.79999999999999700 ) ) ;
#4665 = CARTESIAN_POINT ( 'NONE',  ( 15.05650919409479700, -7.893157827856379400, -10.05650919409539100 ) ) ;
#4666 = VERTEX_POINT ( 'NONE', #3737 ) ;
#4667 = AXIS2_PLACEMENT_3D ( 'NONE', #1000, #1866, #5217 ) ;
#4668 = DIRECTION ( 'NONE',  ( 0.7071067811865536800, 8.659560562355008000E-017, -0.7071067811865414700 ) ) ;
#4669 = CARTESIAN_POINT ( 'NONE',  ( -0.5934813400635077200, 16.97786146424298400, -9.970559123675210200 ) ) ;
#4670 = DIRECTION ( 'NONE',  ( 0.0000000000000000000, 0.0000000000000000000, -1.000000000000000000 ) ) ;
#4671 = CARTESIAN_POINT ( 'NONE',  ( -10.38173626660608100, 7.542772912224922500, -15.57500000273118000 ) ) ;
#4672 = CARTESIAN_POINT ( 'NONE',  ( -11.74999999999999800, 1.438959988998139800E-015, -19.99999999999999300 ) ) ;
#4673 = CARTESIAN_POINT ( 'NONE',  ( -10.16506350946110300, 0.0000000000000000000, -3.999999999999996400 ) ) ;
#4674 = CARTESIAN_POINT ( 'NONE',  ( 7.261899367811261100, -9.995146998136467800, -15.80000000546236900 ) ) ;
#4675 = CARTESIAN_POINT ( 'NONE',  ( -7.261899367811265500, -9.995146998136466000, -20.20000000546236100 ) ) ;
#4676 = CARTESIAN_POINT ( 'NONE',  ( 7.542782835390641000, -9.652405249373666500, -10.99999999999999800 ) ) ;
#4677 = CARTESIAN_POINT ( 'NONE',  ( -10.38173626660608100, 7.542772912224922500, -19.32500000273118000 ) ) ;
#4678 = CARTESIAN_POINT ( 'NONE',  ( -12.76435716417578100, 11.31186334824679600, -11.17853960580965000 ) ) ;
#4679 = CARTESIAN_POINT ( 'NONE',  ( -14.36392979205096400, -9.092740540471965000, -10.05650919409477800 ) ) ;
#4680 = CARTESIAN_POINT ( 'NONE',  ( -2.269518105932784400E-015, -12.35468113479963900, -23.49999999999999600 ) ) ;
#4681 = CARTESIAN_POINT ( 'NONE',  ( 15.01969520910267200, -7.962998109305842400, -10.06913204489069200 ) ) ;
#4682 = DIRECTION ( 'NONE',  ( 1.000000000000000000, 0.0000000000000000000, 0.0000000000000000000 ) ) ;
#4683 = CARTESIAN_POINT ( 'NONE',  ( 0.0000000000000000000, -1.519948188474915700E-014, -23.00000000000000000 ) ) ;
#4684 = DIRECTION ( 'NONE',  ( 1.000000000000000000, 0.0000000000000000000, 0.0000000000000000000 ) ) ;
#4685 = CARTESIAN_POINT ( 'NONE',  ( 12.83253174999999600, 4.169542318109123800, -14.27500000273117900 ) ) ;
#4686 = EDGE_CURVE ( 'NONE', #947, #777, #1456, .T. ) ;
#4687 = DIRECTION ( 'NONE',  ( -0.0000000000000000000, -0.0000000000000000000, 1.000000000000000000 ) ) ;
#4688 = CYLINDRICAL_SURFACE ( 'NONE', #2470, 0.09999999999999931200 ) ;
#4689 = DIRECTION ( 'NONE',  ( -0.0000000000000000000, -0.0000000000000000000, 1.000000000000000000 ) ) ;
#4690 = DIRECTION ( 'NONE',  ( -1.000000000000000000, 0.0000000000000000000, 0.0000000000000000000 ) ) ;
#4691 = CARTESIAN_POINT ( 'NONE',  ( -11.75000000000000200, -3.817806430736646400, -22.40000000546236700 ) ) ;
#4692 = CARTESIAN_POINT ( 'NONE',  ( 14.90000000000000000, -7.974960814950757800, 0.0000000000000000000 ) ) ;
#4693 = LINE ( 'NONE', #176, #4818 ) ;
#4694 = ORIENTED_EDGE ( 'NONE', *, *, #3748, .F. ) ;
#4695 = EDGE_CURVE ( 'NONE', #4057, #4629, #302, .T. ) ;
#4696 = ORIENTED_EDGE ( 'NONE', *, *, #233, .T. ) ;
#4697 = CARTESIAN_POINT ( 'NONE',  ( 15.01386377420454800, 7.922956694108528100, -10.00985984045949500 ) ) ;
#4698 = CARTESIAN_POINT ( 'NONE',  ( -6.041280477673876000, 15.94941319285758000, -11.87563955295801700 ) ) ;
#4699 = CARTESIAN_POINT ( 'NONE',  ( -15.04709094342989500, -7.911071617685562900, -10.09999999999997100 ) ) ;
#4700 = FACE_OUTER_BOUND ( 'NONE', #5413, .T. ) ;
#4701 = CARTESIAN_POINT ( 'NONE',  ( -9.505949683905630100, 6.906476714436559300, -22.19999999999999600 ) ) ;
#4702 = ORIENTED_EDGE ( 'NONE', *, *, #367, .F. ) ;
#4703 = CARTESIAN_POINT ( 'NONE',  ( 3.965470391606081200, -12.20446294140195000, -14.52500000273117900 ) ) ;
#4704 = VECTOR ( 'NONE', #3788, 1000.000000000000000 ) ;
#4705 =( BOUNDED_CURVE ( )  B_SPLINE_CURVE ( 2, ( #2897, #3294, #2089, #3060, #3481, #1661, #2644, #2660, #256, #4, #5147 ),
 .UNSPECIFIED., .F., .F. ) 
 B_SPLINE_CURVE_WITH_KNOTS ( ( 3, 2, 2, 2, 2, 3 ),
 ( 0.4999999999999998900, 0.5142857142857141200, 0.5285714285714284700, 0.5428571428571428200, 0.5571428571428571600, 0.5714285714285714000 ),
 .UNSPECIFIED. ) 
 CURVE ( )  GEOMETRIC_REPRESENTATION_ITEM ( )  RATIONAL_B_SPLINE_CURVE ( ( 1.000000000000000400, 0.9510565162951532000, 1.000000000000000000, 0.9510565162951535300, 1.000000000000000000, 0.9510565162951535300, 1.000000000000000000, 0.9510565162951535300, 1.000000000000000000, 0.9510565162951535300, 1.000000000000000000 ) ) 
 REPRESENTATION_ITEM ( '' )  );
#4706 = CARTESIAN_POINT ( 'NONE',  ( -11.74999999999999800, 1.438959988998139800E-015, -13.99999999999999300 ) ) ;
#4707 = CARTESIAN_POINT ( 'NONE',  ( -3.965470391606085600, -12.20446294140194800, -12.97500000273118000 ) ) ;
#4708 = VERTEX_POINT ( 'NONE', #318 ) ;
#4709 = CARTESIAN_POINT ( 'NONE',  ( -12.10215791704658100, 3.079918611690858600, -10.99999999999999300 ) ) ;
#4710 = CARTESIAN_POINT ( 'NONE',  ( 14.29017720223699900, -9.022241158862138700, -10.10000000000006500 ) ) ;
#4711 = DIRECTION ( 'NONE',  ( 1.000000000000000000, 0.0000000000000000000, 0.0000000000000000000 ) ) ;
#4712 = CARTESIAN_POINT ( 'NONE',  ( 7.930940783212167700, 10.91600350634071700, -15.82500000273118300 ) ) ;
#4713 = CARTESIAN_POINT ( 'NONE',  ( 11.74999999999999800, 0.0000000000000000000, -17.50000000546236800 ) ) ;
#4714 = ORIENTED_EDGE ( 'NONE', *, *, #4370, .T. ) ;
#4715 = CARTESIAN_POINT ( 'NONE',  ( -14.94881295554259500, 3.370785952224510500, -1.333897901596985000 ) ) ;
#4716 = CARTESIAN_POINT ( 'NONE',  ( 11.74999999999999800, 3.817806430736647700, -20.89999999999999900 ) ) ;
#4717 = B_SPLINE_CURVE_WITH_KNOTS ( 'NONE', 3,
 ( #775, #4625, #4214, #1657, #4643, #2078, #5063, #2503 ),
 .UNSPECIFIED., .F., .F.,
 ( 4, 2, 2, 4 ),
 ( 0.008099639985142535700, 0.01012500331260846000, 0.01215036664007438700, 0.01620109329500623800 ),
 .UNSPECIFIED. ) ;
#4718 = DIRECTION ( 'NONE',  ( 1.000000000000000000, 0.0000000000000000000, 0.0000000000000000000 ) ) ;
#4719 = CARTESIAN_POINT ( 'NONE',  ( -11.74999999999999800, 1.438959988998139800E-015, -14.50000000546236500 ) ) ;
#4720 = VERTEX_POINT ( 'NONE', #2894 ) ;
#4721 = DIRECTION ( 'NONE',  ( 0.0000000000000000000, 0.0000000000000000000, -1.000000000000000000 ) ) ;
#4722 = CARTESIAN_POINT ( 'NONE',  ( 0.0000000000000000000, 0.0000000000000000000, 0.0000000000000000000 ) ) ;
#4723 = CARTESIAN_POINT ( 'NONE',  ( -7.930940783212167700, 10.91600350634071700, -11.67500000273118000 ) ) ;
#4724 = VERTEX_POINT ( 'NONE', #748 ) ;
#4725 = CARTESIAN_POINT ( 'NONE',  ( -1.706224990974083200, 16.33541861785059600, -1.953787348536339500 ) ) ;
#4726 = EDGE_CURVE ( 'NONE', #4353, #162, #496, .T. ) ;
#4727 = EDGE_CURVE ( 'NONE', #1637, #2773, #714, .T. ) ;
#4728 = ORIENTED_EDGE ( 'NONE', *, *, #4828, .T. ) ;
#4729 = AXIS2_PLACEMENT_3D ( 'NONE', #117, #3111, #548 ) ;
#4730 = CARTESIAN_POINT ( 'NONE',  ( 3.406419148751141700, -16.71158758435145200, -11.22213814587876300 ) ) ;
#4731 = DIRECTION ( 'NONE',  ( -1.000000000000000000, 0.0000000000000000000, 0.0000000000000000000 ) ) ;
#4732 = CARTESIAN_POINT ( 'NONE',  ( -12.38397459621556300, 1.516599484997752100E-015, -21.63397459621555500 ) ) ;
#4733 = CARTESIAN_POINT ( 'NONE',  ( -15.00000000000000200, -2.723025869065752500, -1.323758700488374900 ) ) ;
#4734 = ORIENTED_EDGE ( 'NONE', *, *, #1055, .F. ) ;
#4735 = CARTESIAN_POINT ( 'NONE',  ( -3.630949683905633200, -11.17491406646805200, -19.59999999999999100 ) ) ;
#4736 = AXIS2_PLACEMENT_3D ( 'NONE', #2797, #4044, #5193 ) ;
#4737 = DIRECTION ( 'NONE',  ( 0.9994827765599712000, -0.03215865917557347900, -7.452107997900399800E-013 ) ) ;
#4738 = CIRCLE ( 'NONE', #4946, 17.00000000000000000 ) ;
#4739 = ADVANCED_FACE ( 'NONE', ( #968 ), #241, .T. ) ;
#4740 = CYLINDRICAL_SURFACE ( 'NONE', #1176, 0.09999999999999939500 ) ;
#4741 = CARTESIAN_POINT ( 'NONE',  ( 10.57005793662192500, -5.360724530154181300, -21.09513206319790500 ) ) ;
#4742 = DIRECTION ( 'NONE',  ( -0.0000000000000000000, 0.0000000000000000000, -1.000000000000000000 ) ) ;
#4743 =( BOUNDED_CURVE ( )  B_SPLINE_CURVE ( 2, ( #5262, #1407, #555, #3557, #982, #3998, #1427, #4427, #1869, #4850, #2292, #5277, #2708, #143, #3137, #577, #3575, #1005, #4017, #1448, #4447, #1889, #4872, #2307, #5301, #2730, #161, #3154, #594, #3591, #1022, #4035, #1469, #4467, #1905, #4892, #2326, #5319, #2753, #179, #3173, #614, #3608, #1040, #4056, #1490, #4484, #1923, #4914, #2349, #5338, #2772, #203, #3191, #635, #3627, #1061, #4075, #1510, #4503, #1940, #4930, #2371, #5352, #2790, #221, #3212, #652, #3647, #1082, #4096, #1531, #4521, #1960, #4950, #2386, #5368, #2805, #240, #3228, #669, #3661, #1103, #4115, #1550, #4543, #1983, #4968, #2406, #5381, #2824, #253, #3248, #692, #3684, #1121, #4136, #1572, #4562, #2001, #4987, #2425, #5405, #2840, #272, #3267, #712, #3701, #1141, #4153, #1592, #4581, #2020 ),
 .UNSPECIFIED., .F., .F. ) 
 B_SPLINE_CURVE_WITH_KNOTS ( ( 3, 2, 2, 2, 2, 2, 2, 2, 2, 2, 2, 2, 2, 2, 2, 2, 2, 2, 2, 2, 2, 2, 2, 2, 2, 2, 2, 2, 2, 2, 2, 2, 2, 2, 2, 2, 2, 2, 2, 2, 2, 2, 2, 2, 2, 2, 2, 2, 2, 2, 2, 2, 2, 2, 2, 2, 3 ),
 ( 0.1459589665530862400, 0.1571428571428571400, 0.1714285714285714300, 0.1857142857142857200, 0.2000000000000000100, 0.2142857142857142700, 0.2285714285714285600, 0.2428571428571428500, 0.2571428571428571200, 0.2714285714285714100, 0.2857142857142857000, 0.2999999999999999900, 0.3142857142857142800, 0.3285714285714285700, 0.3428571428571428600, 0.3571428571428571000, 0.3714285714285714400, 0.3857142857142857300, 0.4000000000000000200, 0.4142857142857143700, 0.4285714285714286000, 0.4428571428571428400, 0.4571428571428571800, 0.4714285714285714200, 0.4857142857142857700, 0.4999999999999998900, 0.5142857142857142300, 0.5285714285714285800, 0.5428571428571428200, 0.5571428571428571600, 0.5714285714285714000, 0.5857142857142857400, 0.5999999999999999800, 0.6142857142857143200, 0.6285714285714285600, 0.6428571428571429000, 0.6571428571428571400, 0.6714285714285713700, 0.6857142857142857200, 0.6999999999999999600, 0.7142857142857143000, 0.7285714285714285400, 0.7428571428571428800, 0.7571428571428571200, 0.7714285714285714600, 0.7857142857142857000, 0.8000000000000000400, 0.8142857142857142800, 0.8285714285714286300, 0.8428571428571427500, 0.8571428571428572100, 0.8714285714285713300, 0.8857142857142857900, 0.8999999999999999100, 0.9142857142857143700, 0.9285714285714287100, 0.9374589076187842500 ),
 .UNSPECIFIED. ) 
 CURVE ( )  GEOMETRIC_REPRESENTATION_ITEM ( )  RATIONAL_B_SPLINE_CURVE ( ( 0.9833608562691806800, 0.9616835003213933800, 1.000000000000000000, 0.9510565162951535300, 1.000000000000000000, 0.9510565162951535300, 1.000000000000000000, 0.9510565162951535300, 1.000000000000000000, 0.9510565162951535300, 1.000000000000000000, 0.9510565162951535300, 1.000000000000000000, 0.9510565162951535300, 1.000000000000000000, 0.9510565162951535300, 1.000000000000000000, 0.9510565162951535300, 1.000000000000000000, 0.9510565162951535300, 1.000000000000000000, 0.9510565162951535300, 1.000000000000000000, 0.9510565162951535300, 1.000000000000000000, 0.9510565162951535300, 1.000000000000000000, 0.9510565162951535300, 1.000000000000000000, 0.9510565162951535300, 1.000000000000000000, 0.9510565162951535300, 1.000000000000000000, 0.9510565162951535300, 1.000000000000000000, 0.9510565162951535300, 1.000000000000000000, 0.9510565162951535300, 1.000000000000000000, 0.9510565162951535300, 1.000000000000000000, 0.9510565162951535300, 1.000000000000000000, 0.9510565162951535300, 1.000000000000000000, 0.9510565162951535300, 1.000000000000000000, 0.9510565162951535300, 1.000000000000000000, 0.9510565162951535300, 1.000000000000000000, 0.9510565162951535300, 1.000000000000000000, 0.9510565162951535300, 1.000000000000000000, 0.9510565162951535300, 1.000000000000000000, 0.9510565162951535300, 1.000000000000000000, 0.9510565162951535300, 1.000000000000000000, 0.9510565162951535300, 1.000000000000000000, 0.9510565162951535300, 1.000000000000000000, 0.9510565162951535300, 1.000000000000000000, 0.9510565162951535300, 1.000000000000000000, 0.9510565162951535300, 1.000000000000000000, 0.9510565162951535300, 1.000000000000000000, 0.9510565162951535300, 1.000000000000000000, 0.9510565162951535300, 1.000000000000000000, 0.9510565162951535300, 1.000000000000000000, 0.9510565162951535300, 1.000000000000000000, 0.9510565162951535300, 1.000000000000000000, 0.9510565162951535300, 1.000000000000000000, 0.9510565162951535300, 1.000000000000000000, 0.9510565162951535300, 1.000000000000000000, 0.9510565162951535300, 1.000000000000000000, 0.9510565162951535300, 1.000000000000000000, 0.9510565162951535300, 1.000000000000000000, 0.9510565162951535300, 1.000000000000000000, 0.9510565162951535300, 1.000000000000000000, 0.9510565162951535300, 1.000000000000000000, 0.9510565162951535300, 1.000000000000000000, 0.9510565162951535300, 1.000000000000000000, 0.9510565162951535300, 1.000000000000000000, 0.9510565162951535300, 1.000000000000000000, 0.9510565162951535300, 1.000000000000000000, 0.9695511069848007400, 0.9769881597858877100 ) ) 
 REPRESENTATION_ITEM ( '' )  );
#4744 = CARTESIAN_POINT ( 'NONE',  ( 12.83253174999999900, 0.0000000000000000000, -10.37500000273118100 ) ) ;
#4745 = FACE_BOUND ( 'NONE', #3943, .T. ) ;
#4746 = CARTESIAN_POINT ( 'NONE',  ( -7.261899367811265500, -9.995146998136466000, -13.69999999999999200 ) ) ;
#4747 = B_SPLINE_CURVE_WITH_KNOTS ( 'NONE', 3,
 ( #4998, #2857, #4171, #1607, #4592, #2036, #5020, #2457, #5435, #2873 ),
 .UNSPECIFIED., .F., .F.,
 ( 4, 2, 2, 2, 4 ),
 ( 0.0000000000000000000, 0.004017803247551037300, 0.008035606495102074600, 0.01205340974265311200, 0.01607121299020414900 ),
 .UNSPECIFIED. ) ;
#4748 = CARTESIAN_POINT ( 'NONE',  ( -10.26304549864450000, 7.172104614777196300, -21.75724426483962000 ) ) ;
#4749 = CARTESIAN_POINT ( 'NONE',  ( -7.261899367811262900, 9.995146998136467800, -18.29999999999999700 ) ) ;
#4750 = VERTEX_POINT ( 'NONE', #341 ) ;
#4751 = CARTESIAN_POINT ( 'NONE',  ( -3.630949683905630600, 11.17491406646805400, -12.90000000546236700 ) ) ;
#4752 = LINE ( 'NONE', #4261, #5363 ) ;
#4753 = CARTESIAN_POINT ( 'NONE',  ( 2.863992541455742100, -11.67853879317567200, -21.26810018760263800 ) ) ;
#4754 = DIRECTION ( 'NONE',  ( 0.0000000000000000000, 1.000000000000000000, 0.0000000000000000000 ) ) ;
#4755 = ORIENTED_EDGE ( 'NONE', *, *, #703, .T. ) ;
#4756 = CARTESIAN_POINT ( 'NONE',  ( -10.38173626660608300, -7.542772912224919000, -22.92500000273118100 ) ) ;
#4757 = DIRECTION ( 'NONE',  ( 1.000000000000000000, 0.0000000000000000000, 0.0000000000000000000 ) ) ;
#4758 = CIRCLE ( 'NONE', #3107, 8.099999999999999600 ) ;
#4759 = EDGE_CURVE ( 'NONE', #3350, #5186, #2263, .T. ) ;
#4760 = CARTESIAN_POINT ( 'NONE',  ( 0.0000000000000000000, 0.0000000000000000000, -0.2500000000000000000 ) ) ;
#4761 = CARTESIAN_POINT ( 'NONE',  ( -3.630949683905630600, 11.17491406646805400, -20.90000000546236300 ) ) ;
#4762 = ORIENTED_EDGE ( 'NONE', *, *, #2144, .T. ) ;
#4763 = ADVANCED_FACE ( 'NONE', ( #1532 ), #171, .F. ) ;
#4764 = ORIENTED_EDGE ( 'NONE', *, *, #2674, .F. ) ;
#4765 = CIRCLE ( 'NONE', #2536, 0.09999999999999939500 ) ;
#4766 = AXIS2_PLACEMENT_3D ( 'NONE', #4923, #1366, #5259 ) ;
#4767 = ORIENTED_EDGE ( 'NONE', *, *, #5459, .F. ) ;
#4768 = CARTESIAN_POINT ( 'NONE',  ( 14.40651878200667600, 9.002900578811825500, -9.975644467433737000 ) ) ;
#4769 = CARTESIAN_POINT ( 'NONE',  ( -0.7245032568620232100, 12.67189616735557500, -21.93924994355486600 ) ) ;
#4770 = CARTESIAN_POINT ( 'NONE',  ( 14.44146847448860900, -8.969057269320543900, -9.992252546374224700 ) ) ;
#4771 = CARTESIAN_POINT ( 'NONE',  ( 11.74999999999999800, 0.0000000000000000000, -16.99999999999999300 ) ) ;
#4772 = CIRCLE ( 'NONE', #3543, 0.09999999999999977000 ) ;
#4773 = AXIS2_PLACEMENT_3D ( 'NONE', #4206, #1676, #343 ) ;
#4774 = DIRECTION ( 'NONE',  ( -1.454613258350598900E-014, 2.342135955012670300E-014, 1.000000000000000000 ) ) ;
#4775 = CARTESIAN_POINT ( 'NONE',  ( -7.281012537574683000, -9.792183150289732300, -21.44605277405584700 ) ) ;
#4776 = CARTESIAN_POINT ( 'NONE',  ( 13.30451140818885800, -9.639144832724802800, -1.957152748359899800 ) ) ;
#4777 = CARTESIAN_POINT ( 'NONE',  ( 8.262032099739667100E-016, 13.49292237646318400, -21.62500000273117700 ) ) ;
#4778 = DIRECTION ( 'NONE',  ( 1.000000000000000000, 0.0000000000000000000, 4.770489558936217000E-014 ) ) ;
#4779 = CARTESIAN_POINT ( 'NONE',  ( 12.59657127122701700, 24.62696228574315400, -10.02928932188123800 ) ) ;
#4780 = B_SPLINE_CURVE_WITH_KNOTS ( 'NONE', 3,
 ( #2412, #2600, #2061, #1069, #643, #379, #4107, #4248, #4082, #244, #5014, #2082 ),
 .UNSPECIFIED., .F., .F.,
 ( 4, 2, 2, 2, 2, 4 ),
 ( 0.0000000000000000000, 0.004061428428104039800, 0.008122856856208079600, 0.01015357107026009800, 0.01218428528431211500, 0.01624571371241615900 ),
 .UNSPECIFIED. ) ;
#4781 = CARTESIAN_POINT ( 'NONE',  ( -8.677854157020647100, -12.31034664214458900, -1.213070974270554300 ) ) ;
#4782 = CARTESIAN_POINT ( 'NONE',  ( -14.94408284023668900, 7.998555373574925300, -2.280533563299043100 ) ) ;
#4783 = CARTESIAN_POINT ( 'NONE',  ( 7.307844954059338400, 10.54115832038933400, -22.07321854326305300 ) ) ;
#4784 = ORIENTED_EDGE ( 'NONE', *, *, #4443, .T. ) ;
#4785 = CARTESIAN_POINT ( 'NONE',  ( 11.74999999999999800, 0.0000000000000000000, 0.0000000000000000000 ) ) ;
#4786 = CARTESIAN_POINT ( 'NONE',  ( -7.261899367811265500, -9.995146998136466000, -15.69999999999999200 ) ) ;
#4787 = CARTESIAN_POINT ( 'NONE',  ( -16.97071067811865700, -1.363373913774202500, -11.97071067811866200 ) ) ;
#4788 = ADVANCED_FACE ( 'NONE', ( #2791 ), #1243, .F. ) ;
#4789 = EDGE_LOOP ( 'NONE', ( #321, #704, #3508, #4030, #4604, #2037, #3576, #2603, #1231, #4980, #984, #2779, #2968, #1065, #320, #554 ) ) ;
#4790 = CARTESIAN_POINT ( 'NONE',  ( -12.37156710826282700, -0.7874955301805147700, -21.62156710826283800 ) ) ;
#4791 = CARTESIAN_POINT ( 'NONE',  ( 8.683346750404359300, -12.30717549187595800, -1.239924261960813700 ) ) ;
#4792 = CARTESIAN_POINT ( 'NONE',  ( 10.38173626660608100, -7.542772912224923400, -20.32500000273118000 ) ) ;
#4793 = EDGE_LOOP ( 'NONE', ( #3959, #3736, #803, #2362 ) ) ;
#4794 = DIRECTION ( 'NONE',  ( 1.000000000000000000, 0.0000000000000000000, 0.0000000000000000000 ) ) ;
#4795 = EDGE_CURVE ( 'NONE', #1471, #3449, #3456, .T. ) ;
#4796 = CARTESIAN_POINT ( 'NONE',  ( -10.38173626660608300, -7.542772912224919000, -22.92500000273118100 ) ) ;
#4797 = EDGE_CURVE ( 'NONE', #4419, #3705, #4544, .T. ) ;
#4798 = APPROVAL_PERSON_ORGANIZATION ( #772, #537, #2431 ) ;
#4799 = ORIENTED_EDGE ( 'NONE', *, *, #5393, .T. ) ;
#4800 = CARTESIAN_POINT ( 'NONE',  ( -15.00000000000000200, 7.974960814950754300, -9.958578643762692200 ) ) ;
#4801 = CARTESIAN_POINT ( 'NONE',  ( 0.5901676617349841400, -16.98978588662319200, -10.00569375873972600 ) ) ;
#4802 = DIRECTION ( 'NONE',  ( 1.000000000000000000, 0.0000000000000000000, 0.0000000000000000000 ) ) ;
#4803 = CIRCLE ( 'NONE', #4342, 0.09999999999999939500 ) ;
#4804 = CARTESIAN_POINT ( 'NONE',  ( 14.39899356721070900, 8.942677689116649700, -2.280533563299028900 ) ) ;
#4805 = CARTESIAN_POINT ( 'NONE',  ( -3.630949683905630600, 11.17491406646805400, -14.39999999999999500 ) ) ;
#4806 = AXIS2_PLACEMENT_3D ( 'NONE', #5312, #2478, #2640 ) ;
#4807 = CARTESIAN_POINT ( 'NONE',  ( -15.68659372055615900, 6.691238056932924400, -10.68659372056133900 ) ) ;
#4808 = AXIS2_PLACEMENT_3D ( 'NONE', #1516, #4507, #1946 ) ;
#4809 = CARTESIAN_POINT ( 'NONE',  ( 1.679733719977892100, -16.28800238292816300, -1.924652450114918500 ) ) ;
#4810 = CARTESIAN_POINT ( 'NONE',  ( -12.83253174999999900, -4.169542318109122000, -19.02500000273117600 ) ) ;
#4811 = CARTESIAN_POINT ( 'NONE',  ( -14.38913351627633300, 9.020258397910655600, -9.993617826836580100 ) ) ;
#4812 = DIRECTION ( 'NONE',  ( 1.000000000000000000, 0.0000000000000000000, 0.0000000000000000000 ) ) ;
#4813 = CARTESIAN_POINT ( 'NONE',  ( 15.02928932188134000, 7.864535902287420800, -10.02928932188134100 ) ) ;
#4814 = ADVANCED_FACE ( 'NONE', ( #3725 ), #4004, .F. ) ;
#4815 = CARTESIAN_POINT ( 'NONE',  ( -15.00019640029502100, -7.974227012279930800, -9.965647342848571500 ) ) ;
#4816 = CARTESIAN_POINT ( 'NONE',  ( 0.0000000000000000000, 0.0000000000000000000, -0.1000000000000000100 ) ) ;
#4817 = CARTESIAN_POINT ( 'NONE',  ( 27.61121593216771300, 1.379165124598921400, -10.00000000000000000 ) ) ;
#4818 = VECTOR ( 'NONE', #1028, 1000.000000000000000 ) ;
#4819 = CARTESIAN_POINT ( 'NONE',  ( 11.74999999999999800, -3.817806430736651700, -13.09999999999999400 ) ) ;
#4820 = CARTESIAN_POINT ( 'NONE',  ( -14.43148119123988100, 8.985149804100844400, -10.02281938474084400 ) ) ;
#4821 = ORIENTED_EDGE ( 'NONE', *, *, #771, .F. ) ;
#4822 = LINE ( 'NONE', #2455, #3814 ) ;
#4823 = CARTESIAN_POINT ( 'NONE',  ( 15.02928932188132000, -7.864535902287404800, -10.02928932188131800 ) ) ;
#4824 = DIRECTION ( 'NONE',  ( 0.0000000000000000000, 0.0000000000000000000, -1.000000000000000000 ) ) ;
#4825 = CARTESIAN_POINT ( 'NONE',  ( 3.965470391606083800, 12.20446294140194800, -17.72500000273118200 ) ) ;
#4826 = EDGE_CURVE ( 'NONE', #4337, #1480, #2716, .T. ) ;
#4827 = ORIENTED_EDGE ( 'NONE', *, *, #1094, .F. ) ;
#4828 = EDGE_CURVE ( 'NONE', #4425, #3153, #425, .T. ) ;
#4829 = DIRECTION ( 'NONE',  ( -1.000000000000000000, 0.0000000000000000000, 0.0000000000000000000 ) ) ;
#4830 = CARTESIAN_POINT ( 'NONE',  ( -2.934640428473230100, 11.77233143958588400, -11.13331532676960300 ) ) ;
#4831 = FACE_OUTER_BOUND ( 'NONE', #3716, .T. ) ;
#4832 = DIRECTION ( 'NONE',  ( -1.000000000000000000, 0.0000000000000000000, 0.0000000000000000000 ) ) ;
#4833 = ORIENTED_EDGE ( 'NONE', *, *, #4229, .F. ) ;
#4834 = AXIS2_PLACEMENT_3D ( 'NONE', #164, #5204, #809 ) ;
#4835 =( BOUNDED_SURFACE ( )  B_SPLINE_SURFACE ( 3, 2, ( 
 ( #2935, #3373, #810 ),
 ( #3803, #1237, #4250 ),
 ( #1688, #4678, #2116 ),
 ( #5097, #2534, #5507 ),
 ( #2950, #380, #3392 ),
 ( #828, #3825, #1251 ),
 ( #4271, #1705, #4698 ),
 ( #2134, #5114, #2554 ),
 ( #5524, #2970, #401 ),
 ( #3407, #847, #3842 ) ),
 .UNSPECIFIED., .F., .F., .F. ) 
 B_SPLINE_SURFACE_WITH_KNOTS ( ( 4, 2, 2, 2, 4 ),
 ( 3, 3 ),
 ( 2.657554577411175100, 2.899573615500486800, 3.141592653589798400, 3.383611691679109700, 3.625630729768421400 ),
 ( 0.0000000000000000000, 1.000000000000000000 ),
 .UNSPECIFIED. ) 
 GEOMETRIC_REPRESENTATION_ITEM ( )  RATIONAL_B_SPLINE_SURFACE ( (
 ( 1.000000000000000000, 0.9016308760050287800, 1.000000000000000000),
 ( 1.000000000000000000, 0.9089927772055057500, 1.000000000000000000),
 ( 1.000000000000000000, 0.9145641463631014600, 1.000000000000000000),
 ( 1.000000000000000000, 0.9220081538173480200, 1.000000000000000000),
 ( 1.000000000000000000, 0.9238795325112877400, 1.000000000000000000),
 ( 1.000000000000000000, 0.9238795325112877400, 1.000000000000000000),
 ( 1.000000000000000000, 0.9220081538168002400, 1.000000000000000000),
 ( 1.000000000000000000, 0.9145641463636432500, 1.000000000000000000),
 ( 1.000000000000000000, 0.9089927772051025200, 1.000000000000000000),
 ( 1.000000000000000000, 0.9016308760050246700, 1.000000000000000000) ) ) 
 REPRESENTATION_ITEM ( '' )  SURFACE ( )  );
#4836 = CARTESIAN_POINT ( 'NONE',  ( 15.05650919409484500, 7.893157827856300400, -10.05650919409484300 ) ) ;
#4837 = CARTESIAN_POINT ( 'NONE',  ( 14.39086481462477200, 9.050078607727254400, -10.08602215357080900 ) ) ;
#4838 = CARTESIAN_POINT ( 'NONE',  ( 11.32561315463106900, -13.90507955699088400, -12.74223325557823100 ) ) ;
#4839 = CARTESIAN_POINT ( 'NONE',  ( -9.505949683905631900, -6.906476714436556600, -11.79999999999999500 ) ) ;
#4840 = ORIENTED_EDGE ( 'NONE', *, *, #2533, .T. ) ;
#4841 = AXIS2_PLACEMENT_3D ( 'NONE', #2559, #851, #5529 ) ;
#4842 = CARTESIAN_POINT ( 'NONE',  ( -1.713886688103056300, -16.33099513495195500, -2.014663173715097100 ) ) ;
#4843 = ADVANCED_FACE ( 'NONE', ( #5003 ), #3177, .T. ) ;
#4844 = ORIENTED_EDGE ( 'NONE', *, *, #1718, .T. ) ;
#4845 = CARTESIAN_POINT ( 'NONE',  ( 7.930940783212165900, -10.91600350634071700, -16.42500000273117800 ) ) ;
#4846 = ORIENTED_EDGE ( 'NONE', *, *, #1091, .T. ) ;
#4847 = CARTESIAN_POINT ( 'NONE',  ( -14.40651865993279500, 9.002900649291216700, -2.367136103677472300 ) ) ;
#4848 = CARTESIAN_POINT ( 'NONE',  ( 11.74999999999999800, -3.817806430736651700, -9.600000005462366200 ) ) ;
#4849 = ORIENTED_EDGE ( 'NONE', *, *, #3165, .T. ) ;
#4850 = CARTESIAN_POINT ( 'NONE',  ( -12.83253174999999800, 4.169542318109126500, -21.22500000273118200 ) ) ;
#4851 = ORIENTED_EDGE ( 'NONE', *, *, #2530, .T. ) ;
#4852 = PRODUCT_RELATED_PRODUCT_CATEGORY ( 'detail', '', ( #5171 ) ) ;
#4853 = CARTESIAN_POINT ( 'NONE',  ( -2.330500184478690300, 11.89600554942630800, -11.14351085310737100 ) ) ;
#4854 = DIRECTION ( 'NONE',  ( -0.0000000000000000000, -0.0000000000000000000, -1.000000000000000000 ) ) ;
#4855 = CARTESIAN_POINT ( 'NONE',  ( -0.5934813400671924400, -16.97786146424195800, -9.962089033290984800 ) ) ;
#4856 = CARTESIAN_POINT ( 'NONE',  ( -5.153465330237894500, -14.28656564664230500, -1.254496657140619300 ) ) ;
#4857 = CARTESIAN_POINT ( 'NONE',  ( 3.965470391606083800, 12.20446294140194800, -17.72500000273118200 ) ) ;
#4858 = ORIENTED_EDGE ( 'NONE', *, *, #3937, .T. ) ;
#4859 = CARTESIAN_POINT ( 'NONE',  ( 3.965470391606083800, 12.20446294140194800, -23.97500000273117800 ) ) ;
#4860 = CARTESIAN_POINT ( 'NONE',  ( -6.879710143514119000, -13.29076893984624900, -1.126072266247764900 ) ) ;
#4861 = CARTESIAN_POINT ( 'NONE',  ( -3.965470391606082900, 12.20446294140195000, -11.52500000273118100 ) ) ;
#4862 = EDGE_CURVE ( 'NONE', #2482, #3909, #4803, .T. ) ;
#4863 = ORIENTED_EDGE ( 'NONE', *, *, #1831, .F. ) ;
#4864 = CARTESIAN_POINT ( 'NONE',  ( 7.261899367811261100, -9.995146998136467800, -19.80000000546236500 ) ) ;
#4865 = CARTESIAN_POINT ( 'NONE',  ( -12.83253174999999900, 1.571531893259428100E-015, -15.12500000273117900 ) ) ;
#4866 = CIRCLE ( 'NONE', #2256, 1.000000000000000900 ) ;
#4867 = VECTOR ( 'NONE', #4382, 1000.000000000000000 ) ;
#4868 = CARTESIAN_POINT ( 'NONE',  ( -13.27602492646869900, 9.655591510623899900, -2.011489428098634400 ) ) ;
#4869 = CARTESIAN_POINT ( 'NONE',  ( 0.6723564796411908300, -16.98669881890782900, -10.09999999999987700 ) ) ;
#4870 =( BOUNDED_CURVE ( )  B_SPLINE_CURVE ( 2, ( #1489, #3606, #3170, #5, #1604, #400, #1051, #1412, #3300, #1917, #995 ),
 .UNSPECIFIED., .F., .F. ) 
 B_SPLINE_CURVE_WITH_KNOTS ( ( 3, 2, 2, 2, 2, 3 ),
 ( 0.4285714285714284400, 0.4428571428571427300, 0.4571428571428570200, 0.4714285714285713100, 0.4857142857142856000, 0.4999999999999998900 ),
 .UNSPECIFIED. ) 
 CURVE ( )  GEOMETRIC_REPRESENTATION_ITEM ( )  RATIONAL_B_SPLINE_CURVE ( ( 1.000000000000000400, 0.9510565162951532000, 1.000000000000000000, 0.9510565162951535300, 1.000000000000000000, 0.9510565162951535300, 1.000000000000000000, 0.9510565162951535300, 1.000000000000000000, 0.9510565162951538600, 0.9999999999999996700 ) ) 
 REPRESENTATION_ITEM ( '' )  );
#4871 = ADVANCED_FACE ( 'NONE', ( #1312, #4745 ), #5499, .T. ) ;
#4872 = CARTESIAN_POINT ( 'NONE',  ( 10.38173626660608300, 7.542772912224920700, -19.92500000273118100 ) ) ;
#4873 = CIRCLE ( 'NONE', #1350, 0.1000000000000006600 ) ;
#4874 =( GEOMETRIC_REPRESENTATION_CONTEXT ( 3 ) GLOBAL_UNCERTAINTY_ASSIGNED_CONTEXT ( ( #4221 ) ) GLOBAL_UNIT_ASSIGNED_CONTEXT ( ( #2410, #5386, #2829 ) ) REPRESENTATION_CONTEXT ( 'NONE', 'WORKASPACE' ) );
#4875 = CARTESIAN_POINT ( 'NONE',  ( 8.000000000000000000, 9.797174393178825700E-016, -0.2500000000000000000 ) ) ;
#4876 =( BOUNDED_CURVE ( )  B_SPLINE_CURVE ( 3, ( #4537, #1462, #4962, #2398 ),
 .UNSPECIFIED., .F., .T. ) 
 B_SPLINE_CURVE_WITH_KNOTS ( ( 4, 4 ),
 ( 2.657554577411169300, 3.625630729768417400 ),
 .UNSPECIFIED. ) 
 CURVE ( )  GEOMETRIC_REPRESENTATION_ITEM ( )  RATIONAL_B_SPLINE_CURVE ( ( 1.000000000000000000, 0.9234153311148978200, 0.9234153311148978200, 1.000000000000000000 ) ) 
 REPRESENTATION_ITEM ( '' )  );
#4877 = CARTESIAN_POINT ( 'NONE',  ( 0.7037567805850144500, 16.94801430471915200, -10.02928932188137500 ) ) ;
#4878 = CARTESIAN_POINT ( 'NONE',  ( -11.74999999999999800, 1.438959988998139800E-015, -11.99999999999999300 ) ) ;
#4879 = DIRECTION ( 'NONE',  ( 5.571306905277562100E-014, -3.216595541499981700E-014, 1.000000000000000000 ) ) ;
#4880 = CARTESIAN_POINT ( 'NONE',  ( 9.833350214013513800, 11.64322068259143400, -1.262048645167275200 ) ) ;
#4881 = CARTESIAN_POINT ( 'NONE',  ( 7.930940783212165900, -10.91600350634071700, -22.67500000273117400 ) ) ;
#4882 = CARTESIAN_POINT ( 'NONE',  ( -13.29377500903506100, -9.645343495679217200, -1.953787348536975700 ) ) ;
#4883 = CARTESIAN_POINT ( 'NONE',  ( 7.261899367811263800, 9.995146998136467800, -15.20000000546236400 ) ) ;
#4884 = CARTESIAN_POINT ( 'NONE',  ( -2.830116932016062400, 15.62556615771882000, -1.632395045941069900 ) ) ;
#4885 = CARTESIAN_POINT ( 'NONE',  ( -3.630949683905633200, -11.17491406646805200, -15.59999999999999400 ) ) ;
#4886 = EDGE_LOOP ( 'NONE', ( #3854, #667, #2481, #2867 ) ) ;
#4887 = CARTESIAN_POINT ( 'NONE',  ( 7.930940783212167700, 10.91600350634071700, -13.82500000273118000 ) ) ;
#4888 = LINE ( 'NONE', #4003, #1748 ) ;
#4889 = DIRECTION ( 'NONE',  ( -0.0000000000000000000, -0.0000000000000000000, 1.000000000000000000 ) ) ;
#4890 = ORIENTED_EDGE ( 'NONE', *, *, #2569, .T. ) ;
#4891 = ORIENTED_EDGE ( 'NONE', *, *, #4759, .F. ) ;
#4892 = CARTESIAN_POINT ( 'NONE',  ( -2.478609629921900300E-015, -13.49292237646318100, -18.62500000273118100 ) ) ;
#4893 = FACE_OUTER_BOUND ( 'NONE', #2689, .T. ) ;
#4894 = VERTEX_POINT ( 'NONE', #2156 ) ;
#4895 = FACE_OUTER_BOUND ( 'NONE', #4137, .T. ) ;
#4896 = CARTESIAN_POINT ( 'NONE',  ( 0.0000000000000000000, 0.0000000000000000000, -0.2732050807568876000 ) ) ;
#4897 = CARTESIAN_POINT ( 'NONE',  ( -0.6102108561230803500, -16.97336824416974800, -9.988629539007321900 ) ) ;
#4898 = CARTESIAN_POINT ( 'NONE',  ( -11.75000000000002100, -3.817806430736621100, -11.89999999999999300 ) ) ;
#4899 = CARTESIAN_POINT ( 'NONE',  ( -3.965470391606085600, -12.20446294140194800, -22.72500000273118200 ) ) ;
#4900 = CARTESIAN_POINT ( 'NONE',  ( -12.83253174999999900, 1.571531893259428100E-015, -21.37500000273118100 ) ) ;
#4901 = FACE_OUTER_BOUND ( 'NONE', #1168, .T. ) ;
#4902 = CARTESIAN_POINT ( 'NONE',  ( 9.505949683905631900, 6.906476714436558400, -19.30000000546236500 ) ) ;
#4903 = ADVANCED_FACE ( 'NONE', ( #3730 ), #1308, .F. ) ;
#4904 = FACE_OUTER_BOUND ( 'NONE', #3193, .T. ) ;
#4905 = CARTESIAN_POINT ( 'NONE',  ( -11.74999999999999100, -3.817806430736658800, -19.89999999999999100 ) ) ;
#4906 = FACE_OUTER_BOUND ( 'NONE', #3633, .T. ) ;
#4907 = CARTESIAN_POINT ( 'NONE',  ( 3.965470391606081200, -12.20446294140195000, -12.52500000273117900 ) ) ;
#4908 = EDGE_CURVE ( 'NONE', #2922, #3213, #1294, .T. ) ;
#4909 = EDGE_CURVE ( 'NONE', #2771, #1984, #4873, .T. ) ;
#4910 = CARTESIAN_POINT ( 'NONE',  ( 14.94408284023668700, -7.998555373574870200, -2.280533563299027100 ) ) ;
#4911 = CARTESIAN_POINT ( 'NONE',  ( 8.661160795059791100, -12.31998455916637700, -1.238596098757263100 ) ) ;
#4912 =( BOUNDED_SURFACE ( )  B_SPLINE_SURFACE ( 3, 2, ( 
 ( #2363, #2778, #520 ),
 ( #1636, #2548, #3631 ),
 ( #1092, #1034, #5343 ),
 ( #2717, #1681, #3784 ) ),
 .UNSPECIFIED., .F., .F., .F. ) 
 B_SPLINE_SURFACE_WITH_KNOTS ( ( 4, 4 ),
 ( 3, 3 ),
 ( 0.0002667430622045143800, 0.0004638894166354748100 ),
 ( 0.0000000000000000000, 1.000000000000000000 ),
 .UNSPECIFIED. ) 
 GEOMETRIC_REPRESENTATION_ITEM ( )  RATIONAL_B_SPLINE_SURFACE ( (
 ( 1.000000000000000000, 0.9699630933014221600, 1.000000000000000000),
 ( 1.000000000000000000, 0.9687131023552695300, 1.000000000000000000),
 ( 1.000000000000000000, 0.9339354041471071800, 1.000000000000000000),
 ( 1.000000000000000000, 0.9016308760050619800, 1.000000000000000000) ) ) 
 REPRESENTATION_ITEM ( '' )  SURFACE ( )  );
#4913 = AXIS2_PLACEMENT_3D ( 'NONE', #3362, #5085, #780 ) ;
#4914 = CARTESIAN_POINT ( 'NONE',  ( -10.38173626660608100, 7.542772912224922500, -17.32500000273118000 ) ) ;
#4915 = CARTESIAN_POINT ( 'NONE',  ( 7.930940783212167700, 10.91600350634071900, -20.07500000273118000 ) ) ;
#4916 = CARTESIAN_POINT ( 'NONE',  ( 16.33613182708398500, 5.459277936184695300, -11.38145829022080400 ) ) ;
#4917 = CARTESIAN_POINT ( 'NONE',  ( 11.74999999999999800, 0.0000000000000000000, -11.50000000000000500 ) ) ;
#4918 = CARTESIAN_POINT ( 'NONE',  ( 6.042170904004190200, 15.94831515471759800, -11.83273152354958800 ) ) ;
#4919 = CARTESIAN_POINT ( 'NONE',  ( -14.34174979862491600, -9.067414105563097200, -10.02348586136337800 ) ) ;
#4920 = CARTESIAN_POINT ( 'NONE',  ( 7.930940783212167700, 10.91600350634071700, -20.07500000273117600 ) ) ;
#4921 = AXIS2_PLACEMENT_3D ( 'NONE', #2550, #5521, #2967 ) ;
#4922 = ORIENTED_EDGE ( 'NONE', *, *, #663, .T. ) ;
#4923 = CARTESIAN_POINT ( 'NONE',  ( -14.90000000000000200, -7.974960814950754300, -2.367136103677472300 ) ) ;
#4924 = CARTESIAN_POINT ( 'NONE',  ( 11.74999999999999800, 0.0000000000000000000, -18.99999999999999600 ) ) ;
#4925 = CARTESIAN_POINT ( 'NONE',  ( -12.83253174999999600, 4.169542318109126500, -11.22500000273118000 ) ) ;
#4926 = ORIENTED_EDGE ( 'NONE', *, *, #2949, .T. ) ;
#4927 = CARTESIAN_POINT ( 'NONE',  ( 14.99999999999999800, -1.332555565781333300, -1.238108487174395000 ) ) ;
#4928 = ORIENTED_EDGE ( 'NONE', *, *, #2670, .F. ) ;
#4929 = ADVANCED_FACE ( 'NONE', ( #4614 ), #3389, .F. ) ;
#4930 = CARTESIAN_POINT ( 'NONE',  ( 12.83253174999999800, 4.169542318109123800, -16.02500000273117900 ) ) ;
#4931 = ORIENTED_EDGE ( 'NONE', *, *, #626, .F. ) ;
#4932 = CARTESIAN_POINT ( 'NONE',  ( 3.965470391606081200, -12.20446294140195000, -18.77500000273117900 ) ) ;
#4933 = CARTESIAN_POINT ( 'NONE',  ( 14.40651865993280000, 9.002900649291211400, -9.958578643762679800 ) ) ;
#4934 = CARTESIAN_POINT ( 'NONE',  ( 9.505949683905630100, -6.906476714436561100, -13.70000000546236800 ) ) ;
#4935 = LINE ( 'NONE', #4917, #490 ) ;
#4936 = CARTESIAN_POINT ( 'NONE',  ( -11.74999999999999800, 1.438959988998139800E-015, -15.99999999999999300 ) ) ;
#4937 = CARTESIAN_POINT ( 'NONE',  ( 3.965470391606081200, -12.20446294140195000, -18.77500000273117900 ) ) ;
#4938 = CARTESIAN_POINT ( 'NONE',  ( -12.83253174999999900, 1.571531893259428100E-015, -23.37500000273118100 ) ) ;
#4939 = EDGE_CURVE ( 'NONE', #3778, #1363, #3114, .T. ) ;
#4940 = CARTESIAN_POINT ( 'NONE',  ( 6.379345560682219600, -16.76080848384117400, -12.74223325557816400 ) ) ;
#4941 = EDGE_CURVE ( 'NONE', #89, #769, #4148, .T. ) ;
#4942 = TOROIDAL_SURFACE ( 'NONE', #3357, 16.00000000000000000, 1.000000000000000000 ) ;
#4943 = CARTESIAN_POINT ( 'NONE',  ( 16.17586895999256700, 5.405748273419392900, -11.22213814587637500 ) ) ;
#4944 = CARTESIAN_POINT ( 'NONE',  ( 9.835329055383974500, 11.64207819799429800, -1.320849608619183900 ) ) ;
#4945 =( BOUNDED_SURFACE ( )  B_SPLINE_SURFACE ( 3, 2, ( 
 ( #2899, #5453, #1199 ),
 ( #4208, #1647, #4637 ),
 ( #2072, #5057, #2495 ),
 ( #5470, #2914, #345 ),
 ( #3346, #786, #3781 ),
 ( #1217, #4224, #1666 ) ),
 .UNSPECIFIED., .F., .F., .T. ) 
 B_SPLINE_SURFACE_WITH_KNOTS ( ( 4, 2, 4 ),
 ( 3, 3 ),
 ( 0.0001833793796154674300, 0.0002817301968086634400, 0.0003800810140018594500 ),
 ( 0.0000000000000000000, 1.000000000000000000 ),
 .UNSPECIFIED. ) 
 GEOMETRIC_REPRESENTATION_ITEM ( )  RATIONAL_B_SPLINE_SURFACE ( (
 ( 1.000000000000000000, 0.9016308760046847200, 1.000000000000000000),
 ( 1.000000000000000000, 0.9186058171700298700, 1.000000000000000000),
 ( 1.000000000000000000, 0.9341899376200738500, 1.000000000000000000),
 ( 1.000000000000000000, 0.9601444561880138100, 1.000000000000000000),
 ( 1.000000000000000000, 0.9699816059769459400, 1.000000000000000000),
 ( 1.000000000000000000, 0.9699630933014220500, 1.000000000000000000) ) ) 
 REPRESENTATION_ITEM ( '' )  SURFACE ( )  );
#4946 = AXIS2_PLACEMENT_3D ( 'NONE', #4264, #1700, #4690 ) ;
#4947 = CARTESIAN_POINT ( 'NONE',  ( 15.00000000000000000, 5.386825624338057700, -1.666246946722013100 ) ) ;
#4948 = AXIS2_PLACEMENT_3D ( 'NONE', #1556, #1634, #5006 ) ;
#4949 = CARTESIAN_POINT ( 'NONE',  ( -15.10000000000000100, 0.0000000000000000000, -9.958578643762692200 ) ) ;
#4950 = CARTESIAN_POINT ( 'NONE',  ( -3.965470391606085600, -12.20446294140194800, -14.72500000273118000 ) ) ;
#4951 = CARTESIAN_POINT ( 'NONE',  ( -12.83253174999999800, 4.169542318109126500, -17.47500000273118200 ) ) ;
#4952 = CARTESIAN_POINT ( 'NONE',  ( -14.90000000000000000, -7.974960814950754300, -9.958578643762692200 ) ) ;
#4953 = CARTESIAN_POINT ( 'NONE',  ( -7.500000000000000000, -12.99038105676657800, -10.00000000000000000 ) ) ;
#4954 = CARTESIAN_POINT ( 'NONE',  ( -15.00000000000000200, 7.974960814950754300, -2.367136103677472300 ) ) ;
#4955 = CARTESIAN_POINT ( 'NONE',  ( -0.7037567805849891400, -16.94801430471914100, -10.02928932188140000 ) ) ;
#4956 = CARTESIAN_POINT ( 'NONE',  ( -12.83253174999999600, 4.169542318109126500, -17.47500000273117800 ) ) ;
#4957 = CARTESIAN_POINT ( 'NONE',  ( 7.930940783212167700, 10.91600350634071700, -22.07500000273118000 ) ) ;
#4958 = LINE ( 'NONE', #5187, #190 ) ;
#4959 = ADVANCED_FACE ( 'NONE', ( #1865 ), #5511, .T. ) ;
#4960 = LINE ( 'NONE', #1920, #1818 ) ;
#4961 = CARTESIAN_POINT ( 'NONE',  ( -0.5934813400672132000, 16.97786146424195800, -2.367136103677471000 ) ) ;
#4962 = CARTESIAN_POINT ( 'NONE',  ( -17.67152257745953000, -2.838930521398232500, -12.67152257745953900 ) ) ;
#4963 = DIRECTION ( 'NONE',  ( -0.0000000000000000000, -0.0000000000000000000, 1.000000000000000000 ) ) ;
#4964 = ORIENTED_EDGE ( 'NONE', *, *, #1684, .F. ) ;
#4965 = DIRECTION ( 'NONE',  ( 0.0000000000000000000, 1.000000000000000000, 0.0000000000000000000 ) ) ;
#4966 = LINE ( 'NONE', #5433, #666 ) ;
#4967 = CARTESIAN_POINT ( 'NONE',  ( 0.0000000000000000000, 0.0000000000000000000, -0.1000000000000000100 ) ) ;
#4968 = CARTESIAN_POINT ( 'NONE',  ( -7.930940783212167700, 10.91600350634071900, -13.42500000273117800 ) ) ;
#4969 = VERTEX_POINT ( 'NONE', #1398 ) ;
#4970 = LINE ( 'NONE', #4779, #1343 ) ;
#4971 = CARTESIAN_POINT ( 'NONE',  ( 10.38173626660608300, 7.542772912224920700, -16.17500000273117800 ) ) ;
#4972 = DIRECTION ( 'NONE',  ( 0.0000000000000000000, 1.000000000000000000, 0.0000000000000000000 ) ) ;
#4973 = CARTESIAN_POINT ( 'NONE',  ( -15.00000000000000000, -8.000039308079536200, -9.958578643762690400 ) ) ;
#4974 = DIRECTION ( 'NONE',  ( 1.000000000000000000, 0.0000000000000000000, 0.0000000000000000000 ) ) ;
#4975 = CARTESIAN_POINT ( 'NONE',  ( -16.33613182708398500, -5.459277936184695300, -11.38145829022080400 ) ) ;
#4976 = CARTESIAN_POINT ( 'NONE',  ( 10.38173626660608100, -7.542772912224923400, -10.32500000273117800 ) ) ;
#4977 = CARTESIAN_POINT ( 'NONE',  ( 10.38173626660608300, 7.542772912224920700, -16.17500000273117800 ) ) ;
#4978 = EDGE_CURVE ( 'NONE', #1943, #4353, #1459, .T. ) ;
#4979 = CARTESIAN_POINT ( 'NONE',  ( 3.965470391606081200, -12.20446294140195000, -20.77500000273118300 ) ) ;
#4980 = ORIENTED_EDGE ( 'NONE', *, *, #86, .F. ) ;
#4981 = CARTESIAN_POINT ( 'NONE',  ( 0.0000000000000000000, 0.0000000000000000000, 0.0000000000000000000 ) ) ;
#4982 = EDGE_CURVE ( 'NONE', #387, #162, #3657, .T. ) ;
#4983 = DIRECTION ( 'NONE',  ( -3.674207820444256300E-014, -1.182187425425872900E-015, 1.000000000000000000 ) ) ;
#4984 = AXIS2_PLACEMENT_3D ( 'NONE', #5206, #2639, #72 ) ;
#4985 = CARTESIAN_POINT ( 'NONE',  ( 14.38913351627633300, -9.020258397910653900, -9.993617826836635100 ) ) ;
#4986 = ADVANCED_FACE ( 'NONE', ( #2132 ), #4942, .T. ) ;
#4987 = CARTESIAN_POINT ( 'NONE',  ( 12.83253174999999900, 0.0000000000000000000, -12.12500000273118100 ) ) ;
#4988 = ORIENTED_EDGE ( 'NONE', *, *, #1651, .F. ) ;
#4989 = CARTESIAN_POINT ( 'NONE',  ( -2.478609629921900300E-015, -13.49292237646318100, -14.87500000273117900 ) ) ;
#4990 = CARTESIAN_POINT ( 'NONE',  ( 8.000000000000000000, 0.0000000000000000000, -0.2232050807568865000 ) ) ;
#4991 = COORDINATED_UNIVERSAL_TIME_OFFSET ( 2, 0, .AHEAD. ) ;
#4992 = APPROVAL_STATUS ( 'not_yet_approved' ) ;
#4993 = ORIENTED_EDGE ( 'NONE', *, *, #770, .F. ) ;
#4994 = CARTESIAN_POINT ( 'NONE',  ( -2.478609629921899900E-015, -13.49292237646318400, -14.87500000273117900 ) ) ;
#4995 = CARTESIAN_POINT ( 'NONE',  ( -12.83253174999999600, 4.169542318109126500, -19.47500000273118200 ) ) ;
#4996 = ORIENTED_EDGE ( 'NONE', *, *, #4982, .F. ) ;
#4997 = CARTESIAN_POINT ( 'NONE',  ( 8.791752480486351800, 8.678290591735258600, -21.59798531385369800 ) ) ;
#4998 = CARTESIAN_POINT ( 'NONE',  ( -15.00000000000000200, -7.974960814950754300, -2.367136103677472300 ) ) ;
#4999 = VERTEX_POINT ( 'NONE', #2284 ) ;
#5000 = EDGE_LOOP ( 'NONE', ( #1716, #1218, #3978, #1961 ) ) ;
#5001 = DIRECTION ( 'NONE',  ( 1.000000000000000000, 0.0000000000000000000, 0.0000000000000000000 ) ) ;
#5002 = VECTOR ( 'NONE', #3665, 1000.000000000000000 ) ;
#5003 = FACE_OUTER_BOUND ( 'NONE', #1173, .T. ) ;
#5004 = CARTESIAN_POINT ( 'NONE',  ( -10.38173626660608100, 7.542772912224922500, -13.57500000273118000 ) ) ;
#5005 = CARTESIAN_POINT ( 'NONE',  ( 17.00000000000000000, 0.0000000000000000000, -12.04142135623731700 ) ) ;
#5006 = DIRECTION ( 'NONE',  ( 0.0000000000000000000, 0.7559289460184516200, 0.6546536707079805300 ) ) ;
#5007 = CARTESIAN_POINT ( 'NONE',  ( -0.6642197462239746200, 16.98705622478097900, -10.04861515701740300 ) ) ;
#5008 = ORIENTED_EDGE ( 'NONE', *, *, #195, .T. ) ;
#5009 = CARTESIAN_POINT ( 'NONE',  ( -7.930940783212167700, 10.91600350634071700, -13.42500000273117800 ) ) ;
#5010 = FACE_BOUND ( 'NONE', #2224, .T. ) ;
#5011 = CARTESIAN_POINT ( 'NONE',  ( -10.38173626660608100, 7.542772912224922500, -13.57500000273118000 ) ) ;
#5012 = CARTESIAN_POINT ( 'NONE',  ( 10.38173626660608300, 7.542772912224920700, -18.17500000273118100 ) ) ;
#5013 = EDGE_CURVE ( 'NONE', #4196, #2634, #298, .T. ) ;
#5014 = CARTESIAN_POINT ( 'NONE',  ( 13.26612688421982800, -9.598594892755155400, -1.924705816178462900 ) ) ;
#5015 = EDGE_CURVE ( 'NONE', #4464, #1703, #5242, .T. ) ;
#5016 = CARTESIAN_POINT ( 'NONE',  ( 14.34505995893355000, 9.064135212112624600, -10.02230133649407100 ) ) ;
#5017 = CARTESIAN_POINT ( 'NONE',  ( 14.90000000000000000, -7.974960814950756000, -2.367136103677472300 ) ) ;
#5018 = CARTESIAN_POINT ( 'NONE',  ( 3.421736728112853200, 16.67452137154269200, -11.15142746775896000 ) ) ;
#5019 = AXIS2_PLACEMENT_3D ( 'NONE', #2592, #1300, #5157 ) ;
#5020 = CARTESIAN_POINT ( 'NONE',  ( -15.00000000000000400, 2.678141000535662300, -1.318454331072949100 ) ) ;
#5021 = ORIENTED_EDGE ( 'NONE', *, *, #3054, .F. ) ;
#5022 = ORIENTED_EDGE ( 'NONE', *, *, #3600, .T. ) ;
#5023 = CARTESIAN_POINT ( 'NONE',  ( -15.03301910608942800, -7.937836666270108300, -10.08601093817326200 ) ) ;
#5024 = CIRCLE ( 'NONE', #1907, 10.50000000000001800 ) ;
#5025 = CARTESIAN_POINT ( 'NONE',  ( 12.83253174999999800, 4.169542318109123800, -12.27500000273117700 ) ) ;
#5026 = FACE_OUTER_BOUND ( 'NONE', #4305, .T. ) ;
#5027 = CARTESIAN_POINT ( 'NONE',  ( -0.5466972059847603500, 16.99120720151951500, -9.958578643762656700 ) ) ;
#5028 = CARTESIAN_POINT ( 'NONE',  ( 12.83253174999999900, 0.0000000000000000000, -16.12500000273118100 ) ) ;
#5029 = CARTESIAN_POINT ( 'NONE',  ( 12.83253174999999600, 4.169542318109123800, -12.27500000273117700 ) ) ;
#5030 = FACE_OUTER_BOUND ( 'NONE', #4495, .T. ) ;
#5031 = VERTEX_POINT ( 'NONE', #1014 ) ;
#5032 = CIRCLE ( 'NONE', #5336, 10.50000000000001800 ) ;
#5033 = CARTESIAN_POINT ( 'NONE',  ( 7.542782835390641000, -9.652405249373666500, -10.99999999999999800 ) ) ;
#5034 = CONICAL_SURFACE ( 'NONE', #3982, 13.00000000000000000, 1.047197551196596700 ) ;
#5035 = CARTESIAN_POINT ( 'NONE',  ( -11.00000000000001100, 0.0000000000000000000, -7.499999999999997300 ) ) ;
#5036 = CARTESIAN_POINT ( 'NONE',  ( -14.37473446378869100, 9.075627201222277000, -10.10000000000001700 ) ) ;
#5037 = CARTESIAN_POINT ( 'NONE',  ( -11.74999999999999800, 1.438959988998139800E-015, -12.50000000546236500 ) ) ;
#5038 = ORIENTED_EDGE ( 'NONE', *, *, #2172, .F. ) ;
#5039 = LINE ( 'NONE', #1244, #1766 ) ;
#5040 = DIRECTION ( 'NONE',  ( -0.4219102862109877500, -0.8024857760600701000, -0.4219102862109783700 ) ) ;
#5041 = ORIENTED_EDGE ( 'NONE', *, *, #3824, .F. ) ;
#5042 = CARTESIAN_POINT ( 'NONE',  ( -4.931301066283563000, -11.84719970745950600, -11.00000000000007600 ) ) ;
#5043 = CARTESIAN_POINT ( 'NONE',  ( -15.05650919409479500, 7.893157827856396300, -10.05650919409538700 ) ) ;
#5044 = CARTESIAN_POINT ( 'NONE',  ( 0.5974938613612954500, 16.97678466451171900, -9.973338977103571400 ) ) ;
#5045 = CARTESIAN_POINT ( 'NONE',  ( -3.965470391606085600, -12.20446294140194800, -10.97500000273118000 ) ) ;
#5046 = EDGE_CURVE ( 'NONE', #1786, #832, #3422, .T. ) ;
#5047 = ORIENTED_EDGE ( 'NONE', *, *, #1833, .T. ) ;
#5048 = CARTESIAN_POINT ( 'NONE',  ( 0.3337819464898776900, -11.77175013793833200, -11.47824986206168200 ) ) ;
#5049 = CARTESIAN_POINT ( 'NONE',  ( -17.00000000000000000, 2.081899558550500300E-015, -22.00000000000000000 ) ) ;
#5050 = AXIS2_PLACEMENT_3D ( 'NONE', #1847, #4407, #1405 ) ;
#5051 = EDGE_LOOP ( 'NONE', ( #4404, #2904, #180, #5257 ) ) ;
#5052 = AXIS2_PLACEMENT_3D ( 'NONE', #1698, #4687, #2127 ) ;
#5053 = CARTESIAN_POINT ( 'NONE',  ( -8.099999999999999600, 0.0000000000000000000, -0.2232050807568865000 ) ) ;
#5054 = CARTESIAN_POINT ( 'NONE',  ( 3.965470391606083800, 12.20446294140194800, -17.97500000273118200 ) ) ;
#5055 = ORIENTED_EDGE ( 'NONE', *, *, #3497, .F. ) ;
#5056 = CARTESIAN_POINT ( 'NONE',  ( 0.6131960537233762700, 16.98895396941618700, -10.06870265263756500 ) ) ;
#5057 = CARTESIAN_POINT ( 'NONE',  ( -14.39380462557293700, -9.045410776583787900, -10.03788109651214500 ) ) ;
#5058 = CARTESIAN_POINT ( 'NONE',  ( 3.965470391606081200, -12.20446294140195000, -16.52500000273118300 ) ) ;
#5059 = DIRECTION ( 'NONE',  ( 0.0000000000000000000, 0.0000000000000000000, -1.000000000000000000 ) ) ;
#5060 = ORIENTED_EDGE ( 'NONE', *, *, #368, .F. ) ;
#5061 = PLANE ( 'NONE',  #5145 ) ;
#5062 = CARTESIAN_POINT ( 'NONE',  ( -2.048514720206439800, -16.93060768931528100, -10.68659372055931400 ) ) ;
#5063 = CARTESIAN_POINT ( 'NONE',  ( -14.94568578523811700, -6.693311898086147200, -1.925740491427387700 ) ) ;
#5064 = CARTESIAN_POINT ( 'NONE',  ( 7.261899367811261100, -9.995146998136467800, -17.80000000546236500 ) ) ;
#5065 = FACE_OUTER_BOUND ( 'NONE', #4460, .T. ) ;
#5066 = CARTESIAN_POINT ( 'NONE',  ( 9.500000000000008900, 1.224646799147353300E-015, -6.999999999999988500 ) ) ;
#5067 = DIRECTION ( 'NONE',  ( 1.000000000000000000, 0.0000000000000000000, 0.0000000000000000000 ) ) ;
#5068 = CARTESIAN_POINT ( 'NONE',  ( 7.930940783212165900, -10.91600350634071700, -16.67500000273118100 ) ) ;
#5069 = CARTESIAN_POINT ( 'NONE',  ( 9.824310509490688400, 11.58995179235298400, -1.235131295157024400 ) ) ;
#5070 = CARTESIAN_POINT ( 'NONE',  ( 3.414182441633332800, -16.71018924127967500, -11.17853960581127900 ) ) ;
#5071 =( BOUNDED_CURVE ( )  B_SPLINE_CURVE ( 2, ( #4476, #1479, #4902, #2337, #5327, #2762, #188, #3184, #623, #3616, #1048 ),
 .UNSPECIFIED., .F., .T. ) 
 B_SPLINE_CURVE_WITH_KNOTS ( ( 3, 2, 2, 2, 2, 3 ),
 ( 0.2857142857142857000, 0.2999999999999999900, 0.3142857142857142800, 0.3285714285714286300, 0.3428571428571429200, 0.3571428571428572100 ),
 .UNSPECIFIED. ) 
 CURVE ( )  GEOMETRIC_REPRESENTATION_ITEM ( )  RATIONAL_B_SPLINE_CURVE ( ( 1.000000000000000000, 0.9510565162951535300, 1.000000000000000000, 0.9510565162951535300, 1.000000000000000000, 0.9510565162951535300, 1.000000000000000000, 0.9510565162951535300, 1.000000000000000000, 0.9510565162951533100, 1.000000000000000200 ) ) 
 REPRESENTATION_ITEM ( '' )  );
#5072 = DIRECTION ( 'NONE',  ( 0.5000000000000004400, 0.8660254037844383700, 0.0000000000000000000 ) ) ;
#5073 = ORIENTED_EDGE ( 'NONE', *, *, #269, .F. ) ;
#5074 = EDGE_CURVE ( 'NONE', #4419, #4632, #5396, .T. ) ;
#5075 = EDGE_CURVE ( 'NONE', #2458, #2955, #681, .T. ) ;
#5076 = CARTESIAN_POINT ( 'NONE',  ( -9.687702932021599300, -14.03671125681548100, -12.04142135623731800 ) ) ;
#5077 = CARTESIAN_POINT ( 'NONE',  ( 0.7037567805849904700, 16.94801430471912700, -10.02928932188134100 ) ) ;
#5078 = CARTESIAN_POINT ( 'NONE',  ( 0.0000000000000000000, 0.0000000000000000000, -3.999999999999997300 ) ) ;
#5079 = CARTESIAN_POINT ( 'NONE',  ( 3.630949683905631900, 11.17491406646805200, -24.59999999999999400 ) ) ;
#5080 = AXIS2_PLACEMENT_3D ( 'NONE', #1096, #4109, #1543 ) ;
#5081 = CARTESIAN_POINT ( 'NONE',  ( -12.59657127122697200, -24.62696228574311500, -10.02928932188106600 ) ) ;
#5082 = TOROIDAL_SURFACE ( 'NONE', #4099, 16.90000000000000200, 0.1000000000000000100 ) ;
#5083 = CARTESIAN_POINT ( 'NONE',  ( -7.930940783212169400, -10.91600350634071700, -10.82500000273118000 ) ) ;
#5084 = AXIS2_PLACEMENT_3D ( 'NONE', #4045, #2671, #3444 ) ;
#5085 = DIRECTION ( 'NONE',  ( -0.0000000000000000000, -0.0000000000000000000, 1.000000000000000000 ) ) ;
#5086 = DIRECTION ( 'NONE',  ( -0.8660254037844386000, 0.4999999999999999400, 9.212119594305804300E-015 ) ) ;
#5087 = ORIENTED_EDGE ( 'NONE', *, *, #4339, .T. ) ;
#5088 = CARTESIAN_POINT ( 'NONE',  ( -12.83253174999999900, 1.571531893259428100E-015, -15.37500000273117900 ) ) ;
#5089 = LINE ( 'NONE', #5447, #3961 ) ;
#5090 = CARTESIAN_POINT ( 'NONE',  ( 0.0000000000000000000, 0.0000000000000000000, -23.00000000000000000 ) ) ;
#5091 = CARTESIAN_POINT ( 'NONE',  ( -14.39086481462478200, -9.050078607727238400, -10.08602215357074300 ) ) ;
#5092 = CARTESIAN_POINT ( 'NONE',  ( 11.74999999999999800, -3.817806430736651700, -15.60000000546236400 ) ) ;
#5093 = CARTESIAN_POINT ( 'NONE',  ( 3.630949683905629200, -11.17491406646805400, -21.90000000546236700 ) ) ;
#5094 = ORIENTED_EDGE ( 'NONE', *, *, #905, .F. ) ;
#5095 = EDGE_LOOP ( 'NONE', ( #4767, #4928, #4364, #3553 ) ) ;
#5096 = CIRCLE ( 'NONE', #340, 0.1000000000000001200 ) ;
#5097 = CARTESIAN_POINT ( 'NONE',  ( -10.76383000209198600, 13.19016026998365700, -11.80492887484007300 ) ) ;
#5098 = EDGE_LOOP ( 'NONE', ( #2817, #5348 ) ) ;
#5099 = CARTESIAN_POINT ( 'NONE',  ( 7.261899367811261100, -9.995146998136467800, -23.29999999999999700 ) ) ;
#5100 = CARTESIAN_POINT ( 'NONE',  ( 15.00867001354150600, -7.983792755757012700, -10.00569375873982200 ) ) ;
#5101 = ORIENTED_EDGE ( 'NONE', *, *, #4086, .F. ) ;
#5102 = CARTESIAN_POINT ( 'NONE',  ( 0.5466972059847695600, 16.99120720151951500, -9.958578643762720600 ) ) ;
#5103 = CARTESIAN_POINT ( 'NONE',  ( 11.74999999999999800, 0.0000000000000000000, -14.99999999999999500 ) ) ;
#5104 = CARTESIAN_POINT ( 'NONE',  ( 7.930940783212167700, 10.91600350634071700, -14.07500000273117800 ) ) ;
#5105 = DIRECTION ( 'NONE',  ( -0.0000000000000000000, -0.0000000000000000000, 1.000000000000000000 ) ) ;
#5106 = CARTESIAN_POINT ( 'NONE',  ( -14.40651761305837100, 9.002901253704443700, -9.993233096986779500 ) ) ;
#5107 = EDGE_CURVE ( 'NONE', #1278, #2931, #2738, .T. ) ;
#5108 = CARTESIAN_POINT ( 'NONE',  ( 3.630949683905629200, -11.17491406646805400, -19.90000000546236700 ) ) ;
#5109 = ORIENTED_EDGE ( 'NONE', *, *, #1936, .T. ) ;
#5110 = CARTESIAN_POINT ( 'NONE',  ( 14.44146847448861600, -8.969057269320536800, -9.958578643762788100 ) ) ;
#5111 = EDGE_CURVE ( 'NONE', #992, #2771, #4406, .T. ) ;
#5112 = ORIENTED_EDGE ( 'NONE', *, *, #3894, .T. ) ;
#5113 = CARTESIAN_POINT ( 'NONE',  ( -14.40651865993283900, 9.002900649291191800, -2.367136103677485600 ) ) ;
#5114 = CARTESIAN_POINT ( 'NONE',  ( -3.414182441633434100, 16.71018924128000200, -11.17853960581225100 ) ) ;
#5115 = ORIENTED_EDGE ( 'NONE', *, *, #367, .T. ) ;
#5116 = DIRECTION ( 'NONE',  ( -5.766295258771112100E-013, -0.9648325559839519000, -0.2628652485846588700 ) ) ;
#5117 = CARTESIAN_POINT ( 'NONE',  ( -11.74999999999999800, 1.438959988998139800E-015, -21.99999999999999600 ) ) ;
#5118 = AXIS2_PLACEMENT_3D ( 'NONE', #3123, #128, #4731 ) ;
#5119 = DIRECTION ( 'NONE',  ( 0.8355695038802960500, -0.4824162779919314900, 0.2628652485849877200 ) ) ;
#5120 = CARTESIAN_POINT ( 'NONE',  ( 7.930940783212167700, 10.91600350634071700, -13.82500000273118000 ) ) ;
#5121 = ORIENTED_EDGE ( 'NONE', *, *, #1654, .F. ) ;
#5122 = AXIS2_PLACEMENT_3D ( 'NONE', #1747, #4737, #2166 ) ;
#5123 = CARTESIAN_POINT ( 'NONE',  ( 3.965470391606081200, -12.20446294140195000, -12.77500000273117900 ) ) ;
#5124 = ORIENTED_EDGE ( 'NONE', *, *, #1383, .T. ) ;
#5125 = CARTESIAN_POINT ( 'NONE',  ( 14.89999999999997200, -7.974960814950811100, -2.367136103677472300 ) ) ;
#5126 = CARTESIAN_POINT ( 'NONE',  ( -12.83253174999999600, 4.169542318109126500, -15.22500000273117800 ) ) ;
#5127 = VECTOR ( 'NONE', #3218, 1000.000000000000100 ) ;
#5128 = CARTESIAN_POINT ( 'NONE',  ( 14.40651865993280000, -9.002900649291213100, -9.958578643762788100 ) ) ;
#5129 = CARTESIAN_POINT ( 'NONE',  ( -14.43150683081737800, -8.985109536738495000, -10.02286673850731300 ) ) ;
#5130 = TOROIDAL_SURFACE ( 'NONE', #4170, 16.90000000000000200, 0.1000000000000000100 ) ;
#5131 = DIRECTION ( 'NONE',  ( 1.000000000000000000, 0.0000000000000000000, 0.0000000000000000000 ) ) ;
#5132 = CARTESIAN_POINT ( 'NONE',  ( -15.00000000000000200, 2.690873695196820800, -1.284385981433915800 ) ) ;
#5133 = CARTESIAN_POINT ( 'NONE',  ( 7.261899367811263800, 9.995146998136467800, -20.69999999999999600 ) ) ;
#5134 = VERTEX_POINT ( 'NONE', #3658 ) ;
#5135 = DIRECTION ( 'NONE',  ( -0.0000000000000000000, -0.0000000000000000000, 1.000000000000000000 ) ) ;
#5136 = CARTESIAN_POINT ( 'NONE',  ( -12.83253174999999600, 4.169542318109126500, -11.47500000273118000 ) ) ;
#5137 = EDGE_CURVE ( 'NONE', #947, #1269, #4876, .T. ) ;
#5138 = CARTESIAN_POINT ( 'NONE',  ( -14.44146847448862300, -8.969057269320524400, 0.0000000000000000000 ) ) ;
#5139 = ORIENTED_EDGE ( 'NONE', *, *, #2074, .T. ) ;
#5140 = CARTESIAN_POINT ( 'NONE',  ( -13.27681480741929600, 9.592406703689405800, -1.928062839146191800 ) ) ;
#5141 = CARTESIAN_POINT ( 'NONE',  ( -11.74999999999999800, 1.438959988998139800E-015, -18.50000000546236500 ) ) ;
#5142 = CARTESIAN_POINT ( 'NONE',  ( 11.75000000000001600, 3.817806430736622400, -17.40000000546236700 ) ) ;
#5143 = ADVANCED_FACE ( 'NONE', ( #1385, #2649 ), #685, .F. ) ;
#5144 = FACE_OUTER_BOUND ( 'NONE', #3989, .T. ) ;
#5145 = AXIS2_PLACEMENT_3D ( 'NONE', #2653, #3619, #2765 ) ;
#5146 = EDGE_LOOP ( 'NONE', ( #5478, #2097, #3878, #3229 ) ) ;
#5147 = CARTESIAN_POINT ( 'NONE',  ( 11.74999999999999800, 0.0000000000000000000, -16.99999999999999300 ) ) ;
#5148 = CARTESIAN_POINT ( 'NONE',  ( 0.5434813400671342200, -16.89125892386352100, -2.367136103677472700 ) ) ;
#5149 = CARTESIAN_POINT ( 'NONE',  ( 10.00000000000002700, 1.285879139104723000E-015, -7.499999999999997300 ) ) ;
#5150 = CARTESIAN_POINT ( 'NONE',  ( -14.94933630637716600, -2.732138565463801100, -1.237156159719661600 ) ) ;
#5151 = LINE ( 'NONE', #3046, #1752 ) ;
#5152 = CARTESIAN_POINT ( 'NONE',  ( 3.630949683905629200, -11.17491406646805400, -19.39999999999999500 ) ) ;
#5153 = CARTESIAN_POINT ( 'NONE',  ( 11.74999999999999800, 0.0000000000000000000, -13.50000000546236700 ) ) ;
#5154 = ORIENTED_EDGE ( 'NONE', *, *, #4049, .T. ) ;
#5155 = CIRCLE ( 'NONE', #4275, 8.000000000000000000 ) ;
#5156 = CARTESIAN_POINT ( 'NONE',  ( 9.996393692947062700, -6.404245517302500800, -21.11530310988776500 ) ) ;
#5157 = DIRECTION ( 'NONE',  ( 1.000000000000000000, 0.0000000000000000000, 0.0000000000000000000 ) ) ;
#5158 = CLOSED_SHELL ( 'NONE', ( #4959, #5392, #1389, #1993, #1481, #1074, #566, #4986, #651, #4814, #3520, #85, #2789, #898, #4125, #2177, #3919, #5173, #4788, #500, #3200, #4903, #1039, #1880, #3656, #1904, #1509, #4871, #1419, #5143, #2233, #4400, #3257, #2590, #535, #4929, #2315, #2268, #3546, #3945, #3683, #2815, #1102, #57, #5367, #1931, #2618, #624, #2378, #3172, #3461, #1959, #3086, #876, #953, #2405, #927, #4763, #1824, #593, #4095, #3118, #1447, #4542, #4323, #2202, #1769, #3626, #4008, #4348, #5318, #4034, #202, #5261, #142, #4374, #4068, #682, #1541, #4843, #5230, #170, #3055, #4426, #3491, #3980, #3227, #1297, #1796, #4483, #1012, #230, #4739, #3146, #1571, #1326, #5346, #5287, #440, #1849, #1132, #2291, #3026, #2348, #2645, #252, #2698, #29, #3598, #1359, #2763, #3002, #4458, #4512, #2729, #3574, #3888, #5201, #2673, #470, #115, #981 ) ) ;
#5159 = CARTESIAN_POINT ( 'NONE',  ( 12.83253174999999600, 4.169542318109123800, -24.02500000273117900 ) ) ;
#5160 = DIRECTION ( 'NONE',  ( -0.0000000000000000000, -0.0000000000000000000, 1.000000000000000000 ) ) ;
#5161 = CARTESIAN_POINT ( 'NONE',  ( -2.269518105932784400E-015, -12.35468113479963900, -13.49999999999999300 ) ) ;
#5162 = CIRCLE ( 'NONE', #2892, 0.1000000000000000100 ) ;
#5163 = DIRECTION ( 'NONE',  ( 0.0000000000000000000, 0.0000000000000000000, -1.000000000000000000 ) ) ;
#5164 = B_SPLINE_CURVE_WITH_KNOTS ( 'NONE', 3,
 ( #2688, #1423, #2287, #5275, #2705, #140, #3133, #574 ),
 .UNSPECIFIED., .F., .F.,
 ( 4, 2, 2, 4 ),
 ( 0.0000000000000000000, 0.005038052452102390600, 0.007557078678153588900, 0.01007610490420478600 ),
 .UNSPECIFIED. ) ;
#5165 = CARTESIAN_POINT ( 'NONE',  ( 7.261899367811263800, 9.995146998136467800, -19.20000000546236400 ) ) ;
#5166 = ORIENTED_EDGE ( 'NONE', *, *, #1833, .F. ) ;
#5167 = CARTESIAN_POINT ( 'NONE',  ( 0.5466972059847716700, 16.99120720151951100, -9.958578643762720600 ) ) ;
#5168 = CARTESIAN_POINT ( 'NONE',  ( -9.185803508263873600, 8.548840859987311800, -21.78478490476181100 ) ) ;
#5169 = DIRECTION ( 'NONE',  ( 0.0000000000000000000, 1.000000000000000000, 0.0000000000000000000 ) ) ;
#5170 = CARTESIAN_POINT ( 'NONE',  ( -11.74999999999999800, 3.817806430736650400, -18.09999999999999100 ) ) ;
#5171 = PRODUCT ( 'ER20-A', 'ER20-A', '', ( #4142 ) ) ;
#5172 = CARTESIAN_POINT ( 'NONE',  ( -9.505949683905630100, 6.906476714436559300, -12.70000000546236600 ) ) ;
#5173 = ADVANCED_FACE ( 'NONE', ( #365 ), #573, .F. ) ;
#5174 = CARTESIAN_POINT ( 'NONE',  ( 11.74999999999999800, 0.0000000000000000000, -13.50000000546236700 ) ) ;
#5175 = CARTESIAN_POINT ( 'NONE',  ( 7.565060353109282100E-016, 12.35468113479963900, -15.00000000546236700 ) ) ;
#5176 = CARTESIAN_POINT ( 'NONE',  ( 1.320666628405851700, -11.97837997906348000, -21.29449560794067900 ) ) ;
#5177 = ORIENTED_EDGE ( 'NONE', *, *, #4050, .T. ) ;
#5178 = CARTESIAN_POINT ( 'NONE',  ( -15.01976269205951900, 7.962870805766880400, -10.06922246954056300 ) ) ;
#5179 = CARTESIAN_POINT ( 'NONE',  ( -3.965470391606085600, -12.20446294140194800, -22.72500000273118200 ) ) ;
#5180 = ORIENTED_EDGE ( 'NONE', *, *, #41, .F. ) ;
#5181 = CARTESIAN_POINT ( 'NONE',  ( 10.27435593533064700, 5.949183022246301400, -11.39362716026378100 ) ) ;
#5182 = DIRECTION ( 'NONE',  ( -1.000000000000000000, 0.0000000000000000000, 0.0000000000000000000 ) ) ;
#5183 = EDGE_CURVE ( 'NONE', #4397, #5241, #2696, .T. ) ;
#5184 = CARTESIAN_POINT ( 'NONE',  ( 11.74999999999999800, -3.817806430736651700, -21.60000000546236600 ) ) ;
#5185 = EDGE_CURVE ( 'NONE', #835, #1211, #5209, .T. ) ;
#5186 = VERTEX_POINT ( 'NONE', #5431 ) ;
#5187 = CARTESIAN_POINT ( 'NONE',  ( -14.98816568047337600, 8.022149932198983500, 0.0000000000000000000 ) ) ;
#5188 = CARTESIAN_POINT ( 'NONE',  ( 0.7288792939095123400, 12.70515622819328300, -21.96273142855569200 ) ) ;
#5189 = CARTESIAN_POINT ( 'NONE',  ( 11.74999999999999800, 3.817806430736647700, -15.40000000546236500 ) ) ;
#5190 = VERTEX_POINT ( 'NONE', #1174 ) ;
#5191 = CARTESIAN_POINT ( 'NONE',  ( 9.505949683905631900, 6.906476714436558400, -16.79999999999999700 ) ) ;
#5192 = AXIS2_PLACEMENT_3D ( 'NONE', #4022, #1911, #2334 ) ;
#5193 = DIRECTION ( 'NONE',  ( 0.8851229966723445100, -0.4653571539815079500, 0.0000000000000000000 ) ) ;
#5194 = SHAPE_DEFINITION_REPRESENTATION ( #2289, #5441 ) ;
#5195 = AXIS2_PLACEMENT_3D ( 'NONE', #3371, #3820, #1250 ) ;
#5196 = CARTESIAN_POINT ( 'NONE',  ( -8.214358555052358600, -9.050587099093148100, -21.46605076802220000 ) ) ;
#5197 = CARTESIAN_POINT ( 'NONE',  ( 12.14214956427222500, -10.24922636107748800, -1.638251263168109200 ) ) ;
#5198 = ORIENTED_EDGE ( 'NONE', *, *, #1420, .F. ) ;
#5199 = CARTESIAN_POINT ( 'NONE',  ( -7.930940783212167700, 10.91600350634071700, -21.42500000273117800 ) ) ;
#5200 = CARTESIAN_POINT ( 'NONE',  ( 9.505949683905631900, 6.906476714436558400, -16.79999999999999700 ) ) ;
#5201 = ADVANCED_FACE ( 'NONE', ( #2852 ), #1667, .T. ) ;
#5202 = CARTESIAN_POINT ( 'NONE',  ( 16.00000000000000000, 2.020667218593133100E-015, -23.00000000000000000 ) ) ;
#5203 =( BOUNDED_SURFACE ( )  B_SPLINE_SURFACE ( 3, 2, ( 
 ( #4359, #2218, #3062 ),
 ( #495, #3505, #932 ),
 ( #3940, #1373, #4375 ),
 ( #1816, #4801, #2239 ),
 ( #5225, #2655, #93 ),
 ( #3083, #518, #3523 ) ),
 .UNSPECIFIED., .F., .F., .F. ) 
 B_SPLINE_SURFACE_WITH_KNOTS ( ( 4, 2, 4 ),
 ( 3, 3 ),
 ( 0.0001833793796154652400, 0.0002817301968086604100, 0.0003800810140018555500 ),
 ( 0.0000000000000000000, 1.000000000000000000 ),
 .UNSPECIFIED. ) 
 GEOMETRIC_REPRESENTATION_ITEM ( )  RATIONAL_B_SPLINE_SURFACE ( (
 ( 1.000000000000000000, 0.9016308760046886100, 1.000000000000000000),
 ( 1.000000000000000000, 0.9186058171700366400, 1.000000000000000000),
 ( 1.000000000000000000, 0.9341899376200690800, 1.000000000000000000),
 ( 1.000000000000000000, 0.9601444561880199100, 1.000000000000000000),
 ( 1.000000000000000000, 0.9699816059769427200, 1.000000000000000000),
 ( 1.000000000000000000, 0.9699630933014228300, 1.000000000000000000) ) ) 
 REPRESENTATION_ITEM ( '' )  SURFACE ( )  );
#5204 = DIRECTION ( 'NONE',  ( -0.0000000000000000000, -0.0000000000000000000, -1.000000000000000000 ) ) ;
#5205 = CARTESIAN_POINT ( 'NONE',  ( 7.782358152714657300, 10.20337065374152600, -22.08253174999999800 ) ) ;
#5206 = CARTESIAN_POINT ( 'NONE',  ( -0.5434813400671458800, -16.89125892386353900, -2.367136103677485200 ) ) ;
#5207 = CARTESIAN_POINT ( 'NONE',  ( -2.269518105932784400E-015, -12.35468113479963900, -15.49999999999999300 ) ) ;
#5208 = ORIENTED_EDGE ( 'NONE', *, *, #873, .T. ) ;
#5209 = B_SPLINE_CURVE_WITH_KNOTS ( 'NONE', 3,
 ( #3242, #2834, #2869, #299, #3302, #743 ),
 .UNSPECIFIED., .F., .F.,
 ( 4, 2, 4 ),
 ( 0.0000000000000000000, 0.004049819992571267900, 0.008099639985142535700 ),
 .UNSPECIFIED. ) ;
#5210 = CARTESIAN_POINT ( 'NONE',  ( -17.00000000000000000, -1.371441215039138900, -12.04142135623731700 ) ) ;
#5211 = CARTESIAN_POINT ( 'NONE',  ( 8.094628218827567800, -12.64707229455853500, -1.154939245623746800 ) ) ;
#5212 = TOROIDAL_SURFACE ( 'NONE', #1208, 12.97320508075688600, 0.1000000000000000100 ) ;
#5213 = CARTESIAN_POINT ( 'NONE',  ( 12.83253174999999900, 0.0000000000000000000, -20.12500000273118100 ) ) ;
#5214 = EDGE_CURVE ( 'NONE', #829, #4253, #461, .T. ) ;
#5215 = FACE_OUTER_BOUND ( 'NONE', #1853, .T. ) ;
#5216 = EDGE_CURVE ( 'NONE', #2045, #122, #3861, .T. ) ;
#5217 = DIRECTION ( 'NONE',  ( 0.0000000000000000000, -2.003086131649554600E-016, 1.000000000000000000 ) ) ;
#5218 = DIRECTION ( 'NONE',  ( 0.8660254037844387100, 0.4999999999999998900, 4.898275343164900900E-015 ) ) ;
#5219 = DIRECTION ( 'NONE',  ( -0.0000000000000000000, -0.0000000000000000000, 1.000000000000000000 ) ) ;
#5220 = CARTESIAN_POINT ( 'NONE',  ( -7.261899367811262900, 9.995146998136467800, -14.80000000546236500 ) ) ;
#5221 = VERTEX_POINT ( 'NONE', #2905 ) ;
#5222 = ORIENTED_EDGE ( 'NONE', *, *, #589, .F. ) ;
#5223 = VERTEX_POINT ( 'NONE', #335 ) ;
#5224 = CARTESIAN_POINT ( 'NONE',  ( -15.00216551936870200, 7.966869883430243600, -9.980734852579368900 ) ) ;
#5225 = CARTESIAN_POINT ( 'NONE',  ( 0.5934812179930358800, -16.97786153472150900, -9.975644467433669500 ) ) ;
#5226 = CARTESIAN_POINT ( 'NONE',  ( 12.83253174999999600, 4.169542318109123800, -16.02500000273117900 ) ) ;
#5227 = CARTESIAN_POINT ( 'NONE',  ( -9.505949683905630100, 6.906476714436559300, -14.19999999999999400 ) ) ;
#5228 = LINE ( 'NONE', #986, #322 ) ;
#5229 = CARTESIAN_POINT ( 'NONE',  ( -15.02928932188131800, 7.864535902287412000, -10.02928932188131800 ) ) ;
#5230 = ADVANCED_FACE ( 'NONE', ( #5065 ), #462, .T. ) ;
#5231 = CARTESIAN_POINT ( 'NONE',  ( 15.68659372055820200, 6.691238056931502400, -10.68659372055949500 ) ) ;
#5232 = CARTESIAN_POINT ( 'NONE',  ( 14.95857864376265500, 7.864535902287420800, -10.09999999999996400 ) ) ;
#5233 = CARTESIAN_POINT ( 'NONE',  ( 1.724728775095029300, -16.32473545310856600, -2.011252316779799100 ) ) ;
#5234 = CARTESIAN_POINT ( 'NONE',  ( -7.930940783212169400, -10.91600350634071700, -18.82500000273118000 ) ) ;
#5235 = CARTESIAN_POINT ( 'NONE',  ( 3.965470391606083800, 12.20446294140194800, -21.97500000273118200 ) ) ;
#5236 = CARTESIAN_POINT ( 'NONE',  ( -14.39920182383328200, 9.010210642129749200, -9.982719379989358500 ) ) ;
#5237 = CARTESIAN_POINT ( 'NONE',  ( -0.4999999999999917800, 0.0000000000000000000, -7.499999999999997300 ) ) ;
#5238 = B_SPLINE_CURVE_WITH_KNOTS ( 'NONE', 3,
 ( #4449, #2430, #3740, #5518, #4060, #1342, #4188, #5181, #3650, #3139, #1064, #3096, #1809, #3837, #1450, #1665, #1794, #4052, #1216, #596, #4242, #1002, #2462, #2159, #106, #4853, #4830, #2711, #1944, #959, #2707, #183, #891, #2732, #979, #1025, #531, #3997 ),
 .UNSPECIFIED., .F., .F.,
 ( 4, 2, 2, 2, 2, 2, 2, 2, 2, 2, 2, 2, 2, 2, 2, 2, 2, 2, 4 ),
 ( 1.918996724083141300E-019, 0.001862621818040603900, 0.003725243636081207300, 0.005587865454121807900, 0.007450487272162410200, 0.009313109090203010000, 0.01024441999922331100, 0.01117573090824361200, 0.01303835272628421600, 0.01396966363530451600, 0.01490097454432481700, 0.01862621818040601600, 0.02048883999844661900, 0.02235146181648721800, 0.02328277272550751500, 0.02421408363452781300, 0.02607670545256841200, 0.02793932727060901100, 0.02980194908864961300 ),
 .UNSPECIFIED. ) ;
#5239 = CARTESIAN_POINT ( 'NONE',  ( 0.5942150319690201500, 16.97766465055134700, -9.965647342848601700 ) ) ;
#5240 = DIRECTION ( 'NONE',  ( 0.9994827765599712000, -0.03215865917557456800, 7.082615776668798300E-013 ) ) ;
#5241 = VERTEX_POINT ( 'NONE', #3335 ) ;
#5242 =( BOUNDED_CURVE ( )  B_SPLINE_CURVE ( 2, ( #4403, #2701, #996, #4013, #1441, #4439, #1883, #4864, #2303, #5291, #2724 ),
 .UNSPECIFIED., .F., .T. ) 
 B_SPLINE_CURVE_WITH_KNOTS ( ( 3, 2, 2, 2, 2, 3 ),
 ( 0.2142857142857142200, 0.2285714285714285100, 0.2428571428571428300, 0.2571428571428571200, 0.2714285714285714100, 0.2857142857142857000 ),
 .UNSPECIFIED. ) 
 CURVE ( )  GEOMETRIC_REPRESENTATION_ITEM ( )  RATIONAL_B_SPLINE_CURVE ( ( 1.000000000000000000, 0.9510565162951532000, 1.000000000000000000, 0.9510565162951535300, 1.000000000000000000, 0.9510565162951535300, 1.000000000000000000, 0.9510565162951535300, 1.000000000000000000, 0.9510565162951535300, 1.000000000000000000 ) ) 
 REPRESENTATION_ITEM ( '' )  );
#5243 = DIRECTION ( 'NONE',  ( 1.000000000000000000, 0.0000000000000000000, 0.0000000000000000000 ) ) ;
#5244 = ORIENTED_EDGE ( 'NONE', *, *, #5185, .F. ) ;
#5245 = CARTESIAN_POINT ( 'NONE',  ( 14.35651865993282800, 8.916298108912714700, -2.367136103677470500 ) ) ;
#5246 = CARTESIAN_POINT ( 'NONE',  ( 12.83253174999999600, -4.169542318109129100, -22.22500000273117500 ) ) ;
#5247 = CARTESIAN_POINT ( 'NONE',  ( 11.74999999999999800, 3.817806430736647700, -12.89999999999999300 ) ) ;
#5248 = ORIENTED_EDGE ( 'NONE', *, *, #2599, .T. ) ;
#5249 = B_SPLINE_CURVE_WITH_KNOTS ( 'NONE', 3,
 ( #729, #5023, #2459, #5437, #2876, #304 ),
 .UNSPECIFIED., .F., .F.,
 ( 4, 2, 4 ),
 ( 0.0000000000000000000, 9.968444671895547700E-005, 0.0001993688934379109500 ),
 .UNSPECIFIED. ) ;
#5250 = CARTESIAN_POINT ( 'NONE',  ( -14.44146847448861200, 8.969057269320543900, -9.958578643762734800 ) ) ;
#5251 = ORIENTED_EDGE ( 'NONE', *, *, #3815, .F. ) ;
#5252 = EDGE_CURVE ( 'NONE', #5505, #1211, #1182, .T. ) ;
#5253 = CARTESIAN_POINT ( 'NONE',  ( -8.662236167047833400, 12.26144263759056200, -1.153321721418843600 ) ) ;
#5254 = CARTESIAN_POINT ( 'NONE',  ( -0.4999999999999917800, 0.0000000000000000000, -6.499999999999995600 ) ) ;
#5255 = CARTESIAN_POINT ( 'NONE',  ( -14.90000000000000200, 7.974960814950754300, 0.0000000000000000000 ) ) ;
#5256 = CARTESIAN_POINT ( 'NONE',  ( -3.965470391606082900, 12.20446294140195000, -17.52500000273118300 ) ) ;
#5257 = ORIENTED_EDGE ( 'NONE', *, *, #2602, .T. ) ;
#5258 = ORIENTED_EDGE ( 'NONE', *, *, #3278, .T. ) ;
#5259 = DIRECTION ( 'NONE',  ( 0.0000000000000000000, -1.000000000000000000, -8.673617379884087500E-015 ) ) ;
#5260 = EDGE_CURVE ( 'NONE', #1980, #1075, #899, .T. ) ;
#5261 = ADVANCED_FACE ( 'NONE', ( #2397 ), #295, .T. ) ;
#5262 = CARTESIAN_POINT ( 'NONE',  ( 12.71503537895146600, 1.732554884201536100, -22.08253174999993000 ) ) ;
#5263 = ORIENTED_EDGE ( 'NONE', *, *, #468, .T. ) ;
#5264 = AXIS2_PLACEMENT_3D ( 'NONE', #3903, #3041, #3925 ) ;
#5265 = CARTESIAN_POINT ( 'NONE',  ( -15.00000000000000200, -7.974960814950754300, -9.962089033290915600 ) ) ;
#5266 = FACE_OUTER_BOUND ( 'NONE', #756, .T. ) ;
#5267 = CARTESIAN_POINT ( 'NONE',  ( 0.5934813400672154200, 16.97786146424195800, -2.367136103677470500 ) ) ;
#5268 = CIRCLE ( 'NONE', #1760, 16.95000000000000300 ) ;
#5269 = CARTESIAN_POINT ( 'NONE',  ( -3.630949683905633200, -11.17491406646805200, -11.59999999999999400 ) ) ;
#5270 = CARTESIAN_POINT ( 'NONE',  ( -2.831960900551876700, -15.68547468741988700, -1.666747153036883100 ) ) ;
#5271 = DIRECTION ( 'NONE',  ( 0.0000000000000000000, -0.0000000000000000000, 1.000000000000000000 ) ) ;
#5272 = APPROVAL_DATE_TIME ( #4283, #1999 ) ;
#5273 = CARTESIAN_POINT ( 'NONE',  ( -9.856636889004262200, 11.62977611451847100, -1.287548502070567900 ) ) ;
#5274 = CARTESIAN_POINT ( 'NONE',  ( 12.83253174999999600, -4.169542318109129100, -16.22500000273117800 ) ) ;
#5275 = CARTESIAN_POINT ( 'NONE',  ( -8.494266229245646100, -9.655338775919950900, -10.99999999999998600 ) ) ;
#5276 = CARTESIAN_POINT ( 'NONE',  ( -7.261899367811262900, 9.995146998136467800, -16.80000000546236500 ) ) ;
#5277 = CARTESIAN_POINT ( 'NONE',  ( -12.83253175000000100, -4.169542318109122000, -21.02500000273117600 ) ) ;
#5278 = ORIENTED_EDGE ( 'NONE', *, *, #5522, .T. ) ;
#5279 = CARTESIAN_POINT ( 'NONE',  ( 7.565060353109282100E-016, 12.35468113479963900, -11.00000000546236500 ) ) ;
#5280 = CARTESIAN_POINT ( 'NONE',  ( -8.625527195013861000, 12.28265127814822900, -1.151130145085308400 ) ) ;
#5281 = CARTESIAN_POINT ( 'NONE',  ( -9.505949683905630100, 6.906476714436559300, -20.70000000546236800 ) ) ;
#5282 = CARTESIAN_POINT ( 'NONE',  ( -2.825829379502766200, -15.62803755372465800, -1.633021506026197400 ) ) ;
#5283 = CYLINDRICAL_SURFACE ( 'NONE', #5436, 11.74999999999999800 ) ;
#5284 = CARTESIAN_POINT ( 'NONE',  ( -3.965470391606082900, 12.20446294140195000, -23.77500000273117900 ) ) ;
#5285 = CARTESIAN_POINT ( 'NONE',  ( -6.906701771319125900, -13.33292194880520800, -1.212674806666426100 ) ) ;
#5286 = VERTEX_POINT ( 'NONE', #33 ) ;
#5287 = ADVANCED_FACE ( 'NONE', ( #1037 ), #4607, .T. ) ;
#5288 = CARTESIAN_POINT ( 'NONE',  ( 7.930940783212167700, 10.91600350634071700, -19.82500000273117600 ) ) ;
#5289 = LINE ( 'NONE', #107, #4172 ) ;
#5290 = CARTESIAN_POINT ( 'NONE',  ( 14.37911235306303900, 9.068759286315678700, -10.04861515701765000 ) ) ;
#5291 = CARTESIAN_POINT ( 'NONE',  ( 11.74999999999999800, -3.817806430736651700, -19.60000000546236300 ) ) ;
#5292 = CARTESIAN_POINT ( 'NONE',  ( -10.38173626660608300, -7.542772912224919000, -14.92500000273118100 ) ) ;
#5293 = EDGE_CURVE ( 'NONE', #3206, #1519, #3127, .T. ) ;
#5294 = CYLINDRICAL_SURFACE ( 'NONE', #4201, 0.09999999999999939500 ) ;
#5295 = EDGE_CURVE ( 'NONE', #4629, #4266, #104, .T. ) ;
#5296 = CARTESIAN_POINT ( 'NONE',  ( -2.776519176348086800, -12.43602947423183200, -10.99999999999998900 ) ) ;
#5297 = CARTESIAN_POINT ( 'NONE',  ( 7.261899367811261100, -9.995146998136467800, -11.80000000546236400 ) ) ;
#5298 = VECTOR ( 'NONE', #2969, 1000.000000000000000 ) ;
#5299 = CARTESIAN_POINT ( 'NONE',  ( 0.5450892730259496700, 16.94123306269153800, -2.280533563299043100 ) ) ;
#5300 = AXIS2_PLACEMENT_3D ( 'NONE', #4114, #1549, #4541 ) ;
#5301 = CARTESIAN_POINT ( 'NONE',  ( 3.965470391606083800, 12.20446294140194800, -19.72500000273117800 ) ) ;
#5302 = CARTESIAN_POINT ( 'NONE',  ( -3.630949683905633200, -11.17491406646805200, -12.10000000546236600 ) ) ;
#5303 = ORIENTED_EDGE ( 'NONE', *, *, #2322, .F. ) ;
#5304 = FACE_OUTER_BOUND ( 'NONE', #2952, .T. ) ;
#5305 = DIRECTION ( 'NONE',  ( -1.000000000000000000, 0.0000000000000000000, 0.0000000000000000000 ) ) ;
#5306 = CARTESIAN_POINT ( 'NONE',  ( -7.261899367811265500, -9.995146998136466000, -18.20000000546236400 ) ) ;
#5307 = CARTESIAN_POINT ( 'NONE',  ( 9.823955276097828800, 11.64864485252685400, -1.319301739375606600 ) ) ;
#5308 = CARTESIAN_POINT ( 'NONE',  ( 12.83253174999999600, -4.169542318109129100, -22.47500000273118200 ) ) ;
#5309 = ORIENTED_EDGE ( 'NONE', *, *, #5216, .F. ) ;
#5310 = AXIS2_PLACEMENT_3D ( 'NONE', #214, #2800, #3224 ) ;
#5311 = CARTESIAN_POINT ( 'NONE',  ( -14.39899356721071300, -8.942677689116640800, -2.280533563299028000 ) ) ;
#5312 = CARTESIAN_POINT ( 'NONE',  ( -14.29017720223699300, 9.022241158862145800, -10.10000000000001900 ) ) ;
#5313 = CARTESIAN_POINT ( 'NONE',  ( 3.630949683905629200, -11.17491406646805400, -15.39999999999999300 ) ) ;
#5314 = CARTESIAN_POINT ( 'NONE',  ( 8.262032099739667100E-016, 13.49292237646318400, -13.62500000273117900 ) ) ;
#5315 = CARTESIAN_POINT ( 'NONE',  ( -10.40720099727495700, 11.31190777840154600, -1.420256440430299500 ) ) ;
#5316 = CARTESIAN_POINT ( 'NONE',  ( -7.261899367811262900, 9.995146998136467800, -12.80000000546236400 ) ) ;
#5317 = CARTESIAN_POINT ( 'NONE',  ( 0.5934813400672005500, -16.97786146424195400, -2.367136103677471400 ) ) ;
#5318 = ADVANCED_FACE ( 'NONE', ( #3588 ), #1609, .T. ) ;
#5319 = CARTESIAN_POINT ( 'NONE',  ( 7.930940783212165900, -10.91600350634071900, -18.42500000273117800 ) ) ;
#5320 = ORIENTED_EDGE ( 'NONE', *, *, #1383, .F. ) ;
#5321 = DIRECTION ( 'NONE',  ( -0.0000000000000000000, -0.0000000000000000000, 1.000000000000000000 ) ) ;
#5322 = CARTESIAN_POINT ( 'NONE',  ( -0.6304592124635107800, -16.96791523013352800, -10.00306845199187400 ) ) ;
#5323 = DIRECTION ( 'NONE',  ( -0.0000000000000000000, -0.0000000000000000000, 1.000000000000000000 ) ) ;
#5324 = CARTESIAN_POINT ( 'NONE',  ( 0.6723564796411870500, -16.98669881890782900, -10.09999999999987400 ) ) ;
#5325 = ORIENTED_EDGE ( 'NONE', *, *, #3713, .F. ) ;
#5326 = CARTESIAN_POINT ( 'NONE',  ( -10.38173626660608300, -7.542772912224919000, -21.17500000273117800 ) ) ;
#5327 = CARTESIAN_POINT ( 'NONE',  ( 3.630949683905631900, 11.17491406646805200, -19.10000000546236600 ) ) ;
#5328 = CARTESIAN_POINT ( 'NONE',  ( 0.5434813400671949500, -16.89125892386351800, -2.367136103677472300 ) ) ;
#5329 = EDGE_CURVE ( 'NONE', #4112, #5221, #2064, .T. ) ;
#5330 = ORIENTED_EDGE ( 'NONE', *, *, #3202, .F. ) ;
#5331 = DIRECTION ( 'NONE',  ( 0.0000000000000000000, 0.0000000000000000000, -1.000000000000000000 ) ) ;
#5332 = CARTESIAN_POINT ( 'NONE',  ( 10.38173626660608100, -7.542772912224923400, -12.32500000273118000 ) ) ;
#5333 = VECTOR ( 'NONE', #381, 1000.000000000000000 ) ;
#5334 = CARTESIAN_POINT ( 'NONE',  ( 14.99999999999999800, -6.703989451149291200, -1.957564556580815700 ) ) ;
#5335 = CARTESIAN_POINT ( 'NONE',  ( 10.40720099727495000, -11.31190777840154000, -1.420256440430298000 ) ) ;
#5336 = AXIS2_PLACEMENT_3D ( 'NONE', #5237, #2254, #4812 ) ;
#5337 = ORIENTED_EDGE ( 'NONE', *, *, #430, .F. ) ;
#5338 = CARTESIAN_POINT ( 'NONE',  ( -12.83253174999999900, 1.571531893259428100E-015, -17.12500000273118100 ) ) ;
#5339 = CARTESIAN_POINT ( 'NONE',  ( 8.262032099739666100E-016, 13.49292237646318100, -19.87500000273118100 ) ) ;
#5340 = AXIS2_PLACEMENT_3D ( 'NONE', #5517, #2962, #395 ) ;
#5341 = CARTESIAN_POINT ( 'NONE',  ( 14.40651865993280000, 9.002900649291211400, -9.958578643762679800 ) ) ;
#5342 = CARTESIAN_POINT ( 'NONE',  ( -11.74999999999999800, 1.438959988998139800E-015, -14.50000000546236500 ) ) ;
#5343 = CARTESIAN_POINT ( 'NONE',  ( 15.02124101813741000, 7.960238936040679100, -10.07430244343748300 ) ) ;
#5344 = CARTESIAN_POINT ( 'NONE',  ( 8.262032099739667100E-016, 13.49292237646318400, -19.87500000273118100 ) ) ;
#5345 = DIRECTION ( 'NONE',  ( -0.7071067811865474600, 0.0000000000000000000, -0.7071067811865474600 ) ) ;
#5346 = ADVANCED_FACE ( 'NONE', ( #3042 ), #5203, .T. ) ;
#5347 = CARTESIAN_POINT ( 'NONE',  ( -8.686582335891193600, 12.30530742572345700, -1.182180405592437400 ) ) ;
#5348 = ORIENTED_EDGE ( 'NONE', *, *, #2745, .T. ) ;
#5349 = CARTESIAN_POINT ( 'NONE',  ( -12.83253174999999900, -4.169542318109122000, -11.02500000273117900 ) ) ;
#5350 = CARTESIAN_POINT ( 'NONE',  ( 14.94984942901288600, -1.337027259380201900, -1.151505946685764900 ) ) ;
#5351 = VERTEX_POINT ( 'NONE', #1836 ) ;
#5352 = CARTESIAN_POINT ( 'NONE',  ( 7.930940783212167700, 10.91600350634071900, -15.82500000273118000 ) ) ;
#5353 = FACE_OUTER_BOUND ( 'NONE', #2754, .T. ) ;
#5354 = CARTESIAN_POINT ( 'NONE',  ( 10.38173626660608100, -7.542772912224923400, -18.57500000273118000 ) ) ;
#5355 = FACE_OUTER_BOUND ( 'NONE', #4886, .T. ) ;
#5356 = CARTESIAN_POINT ( 'NONE',  ( 11.74999999999999800, 0.0000000000000000000, -13.50000000546236700 ) ) ;
#5357 = CARTESIAN_POINT ( 'NONE',  ( 10.38173626660608100, -7.542772912224923400, -18.57500000273118000 ) ) ;
#5358 = FACE_OUTER_BOUND ( 'NONE', #1652, .T. ) ;
#5359 = CARTESIAN_POINT ( 'NONE',  ( -10.38173626660608300, -7.542772912224919000, -23.17500000273118100 ) ) ;
#5360 = ORIENTED_EDGE ( 'NONE', *, *, #3388, .T. ) ;
#5361 = CARTESIAN_POINT ( 'NONE',  ( 7.261899367811261100, -9.995146998136467800, -21.80000000546236200 ) ) ;
#5362 = CARTESIAN_POINT ( 'NONE',  ( 13.27660752968386300, 9.655255144500783300, -2.011672711641497200 ) ) ;
#5363 = VECTOR ( 'NONE', #2982, 1000.000000000000000 ) ;
#5364 = EDGE_CURVE ( 'NONE', #2872, #1852, #5402, .T. ) ;
#5365 = EDGE_CURVE ( 'NONE', #3279, #473, #2323, .T. ) ;
#5366 = CARTESIAN_POINT ( 'NONE',  ( 14.99999999999999600, 6.678288537693002300, -2.013862284943675800 ) ) ;
#5367 = ADVANCED_FACE ( 'NONE', ( #1871 ), #111, .F. ) ;
#5368 = CARTESIAN_POINT ( 'NONE',  ( 3.965470391606081200, -12.20446294140195000, -14.52500000273117900 ) ) ;
#5369 = CARTESIAN_POINT ( 'NONE',  ( -12.83253175000000100, -4.169542318109122000, -17.27500000273118300 ) ) ;
#5370 = DIRECTION ( 'NONE',  ( -0.0000000000000000000, -0.0000000000000000000, 1.000000000000000000 ) ) ;
#5371 = DIRECTION ( 'NONE',  ( 0.8660254037844386000, -0.4999999999999999400, 0.0000000000000000000 ) ) ;
#5372 = DIRECTION ( 'NONE',  ( 0.4221817912889982400, 0.0000000000000000000, 0.9065111886259389400 ) ) ;
#5373 = CARTESIAN_POINT ( 'NONE',  ( -12.83253174999999900, -4.169542318109122000, -17.27500000273118300 ) ) ;
#5374 = CARTESIAN_POINT ( 'NONE',  ( 8.262032099739667100E-016, 13.49292237646318400, -21.87500000273118100 ) ) ;
#5375 = ORIENTED_EDGE ( 'NONE', *, *, #3860, .T. ) ;
#5376 = CARTESIAN_POINT ( 'NONE',  ( 14.89999999999999700, 7.974960814950763100, -2.367136103677472300 ) ) ;
#5377 = CARTESIAN_POINT ( 'NONE',  ( -11.75000000000000200, -3.817806430736646400, -12.40000000546236700 ) ) ;
#5378 = ORIENTED_EDGE ( 'NONE', *, *, #4341, .F. ) ;
#5379 = DIRECTION ( 'NONE',  ( -0.0000000000000000000, -0.0000000000000000000, 1.000000000000000000 ) ) ;
#5380 = ORIENTED_EDGE ( 'NONE', *, *, #5488, .F. ) ;
#5381 = CARTESIAN_POINT ( 'NONE',  ( -12.83253174999999800, 4.169542318109126500, -13.22500000273117800 ) ) ;
#5382 = ORIENTED_EDGE ( 'NONE', *, *, #1862, .F. ) ;
#5383 = CARTESIAN_POINT ( 'NONE',  ( 3.965470391606083800, 12.20446294140194800, -15.97500000273118000 ) ) ;
#5384 = CARTESIAN_POINT ( 'NONE',  ( -0.4999999999999917800, 0.0000000000000000000, -5.999999999999994700 ) ) ;
#5385 = DIRECTION ( 'NONE',  ( -0.0000000000000000000, -0.0000000000000000000, 1.000000000000000000 ) ) ;
#5386 =( NAMED_UNIT ( * ) PLANE_ANGLE_UNIT ( ) SI_UNIT ( $, .RADIAN. ) );
#5387 = CARTESIAN_POINT ( 'NONE',  ( 3.406419148751659500, 16.71158758435129600, -11.22213814587637900 ) ) ;
#5388 = CARTESIAN_POINT ( 'NONE',  ( 7.930940783212165900, -10.91600350634071700, -14.42500000273118000 ) ) ;
#5389 = CARTESIAN_POINT ( 'NONE',  ( 3.965470391606083800, 12.20446294140194800, -15.97500000273118000 ) ) ;
#5390 = VERTEX_POINT ( 'NONE', #1855 ) ;
#5391 = CARTESIAN_POINT ( 'NONE',  ( 10.38173626660608100, -7.542772912224923400, -20.57500000273118000 ) ) ;
#5392 = ADVANCED_FACE ( 'NONE', ( #4077 ), #4012, .T. ) ;
#5393 = EDGE_CURVE ( 'NONE', #69, #4112, #935, .T. ) ;
#5394 = LINE ( 'NONE', #1160, #2131 ) ;
#5395 = EDGE_CURVE ( 'NONE', #2244, #4520, #1800, .T. ) ;
#5396 = CIRCLE ( 'NONE', #3646, 10.00000000000000000 ) ;
#5397 = CARTESIAN_POINT ( 'NONE',  ( 12.71503537895146600, 1.732554884201536100, -22.08253174999993000 ) ) ;
#5398 = DIRECTION ( 'NONE',  ( 1.000000000000000000, 0.0000000000000000000, 0.0000000000000000000 ) ) ;
#5399 = AXIS2_PLACEMENT_3D ( 'NONE', #2578, #1, #2994 ) ;
#5400 = DIRECTION ( 'NONE',  ( -0.0000000000000000000, -0.0000000000000000000, 1.000000000000000000 ) ) ;
#5401 = VECTOR ( 'NONE', #5086, 1000.000000000000100 ) ;
#5402 = LINE ( 'NONE', #4785, #1190 ) ;
#5403 = DIRECTION ( 'NONE',  ( 0.0000000000000000000, 0.0000000000000000000, -1.000000000000000000 ) ) ;
#5404 = CARTESIAN_POINT ( 'NONE',  ( 14.36841365728421800, -9.040909090365810000, -10.00985984045959800 ) ) ;
#5405 = CARTESIAN_POINT ( 'NONE',  ( 10.38173626660608300, 7.542772912224920700, -11.92500000273118000 ) ) ;
#5406 = CARTESIAN_POINT ( 'NONE',  ( 7.930940783212165900, -10.91600350634071900, -14.67500000273118000 ) ) ;
#5407 = AXIS2_PLACEMENT_3D ( 'NONE', #2138, #3847, #4718 ) ;
#5408 = PERSON_AND_ORGANIZATION_ROLE ( 'creator' ) ;
#5409 = CARTESIAN_POINT ( 'NONE',  ( 1.713886688103304600, 16.33099513495182700, -2.014663173713606300 ) ) ;
#5410 = CARTESIAN_POINT ( 'NONE',  ( 0.5434813400672009500, -16.89125892386351100, -2.367136103677471000 ) ) ;
#5411 = CARTESIAN_POINT ( 'NONE',  ( 7.930940783212165900, -10.91600350634071700, -14.67500000273117800 ) ) ;
#5412 = CARTESIAN_POINT ( 'NONE',  ( -12.83253174999999900, -4.169542318109122000, -19.27500000273117900 ) ) ;
#5413 = EDGE_LOOP ( 'NONE', ( #3337, #3052, #4993, #196 ) ) ;
#5414 = CIRCLE ( 'NONE', #54, 0.09999999999999960300 ) ;
#5415 = CARTESIAN_POINT ( 'NONE',  ( 7.655111417056673400, 9.601262451870466600, -21.50770412418733100 ) ) ;
#5416 = CARTESIAN_POINT ( 'NONE',  ( 9.505949683905631900, 6.906476714436558400, -12.79999999999999400 ) ) ;
#5417 = EDGE_LOOP ( 'NONE', ( #1227, #4409, #569, #5382 ) ) ;
#5418 = SPHERICAL_SURFACE ( 'NONE', #3468, 0.1000000000000000100 ) ;
#5419 = ORIENTED_EDGE ( 'NONE', *, *, #661, .T. ) ;
#5420 = CIRCLE ( 'NONE', #2442, 0.1000000000000005300 ) ;
#5421 = CARTESIAN_POINT ( 'NONE',  ( -12.83253174999999900, 1.571531893259428100E-015, -13.37500000273117900 ) ) ;
#5422 = CARTESIAN_POINT ( 'NONE',  ( 7.500000000000007100, 12.99038105676658500, -10.00000000000000000 ) ) ;
#5423 = CARTESIAN_POINT ( 'NONE',  ( -11.29434723983963800, -13.88452221493109900, -12.67152257745951400 ) ) ;
#5424 = CARTESIAN_POINT ( 'NONE',  ( -0.6522430484892269800, 16.96203198492051800, -10.01385529897078900 ) ) ;
#5425 = CARTESIAN_POINT ( 'NONE',  ( -10.38173626660608100, 7.542772912224922500, -13.32500000273118000 ) ) ;
#5426 = CARTESIAN_POINT ( 'NONE',  ( -12.83253174999999900, 1.571531893259428100E-015, -13.37500000273117900 ) ) ;
#5427 = VERTEX_POINT ( 'NONE', #560 ) ;
#5428 = EDGE_CURVE ( 'NONE', #4069, #2872, #3210, .T. ) ;
#5429 = VECTOR ( 'NONE', #52, 1000.000000000000000 ) ;
#5430 = CARTESIAN_POINT ( 'NONE',  ( -9.850836386907545300, 11.63312503596475100, -1.345525583416258300 ) ) ;
#5431 = CARTESIAN_POINT ( 'NONE',  ( -14.44146847448861200, 8.969057269320543900, -9.958578643762734800 ) ) ;
#5432 = VERTEX_POINT ( 'NONE', #580 ) ;
#5433 = CARTESIAN_POINT ( 'NONE',  ( -14.40651865993279300, 9.002900649291216700, -10.00000000000000000 ) ) ;
#5434 = AXIS2_PLACEMENT_3D ( 'NONE', #1229, #733, #3367 ) ;
#5435 = CARTESIAN_POINT ( 'NONE',  ( -15.00000000000000400, 6.670220806904223000, -2.011664260997619200 ) ) ;
#5436 = AXIS2_PLACEMENT_3D ( 'NONE', #2411, #1948, #4802 ) ;
#5437 = CARTESIAN_POINT ( 'NONE',  ( -14.99710858278003700, -8.005454423800637500, -10.02281938474079900 ) ) ;
#5438 = ORIENTED_EDGE ( 'NONE', *, *, #2249, .F. ) ;
#5439 = CARTESIAN_POINT ( 'NONE',  ( 6.044344506506525300, 11.52899579548204500, -22.02742440411622500 ) ) ;
#5440 = CARTESIAN_POINT ( 'NONE',  ( 7.930940783212167700, 10.91600350634071900, -12.07500000273117800 ) ) ;
#5441 = ADVANCED_BREP_SHAPE_REPRESENTATION ( 'ER20-A', ( #2871, #2414 ), #4874 ) ;
#5442 = CARTESIAN_POINT ( 'NONE',  ( -15.01969520910267300, 7.962998109305838000, -10.06913204489069500 ) ) ;
#5443 = VERTEX_POINT ( 'NONE', #2332 ) ;
#5444 = CARTESIAN_POINT ( 'NONE',  ( 7.930940783212167700, 10.91600350634071700, -12.07500000273117800 ) ) ;
#5445 = ORIENTED_EDGE ( 'NONE', *, *, #1864, .F. ) ;
#5446 = CARTESIAN_POINT ( 'NONE',  ( -15.00000000000000400, 7.991336504509177100, -2.307030028425082900 ) ) ;
#5447 = CARTESIAN_POINT ( 'NONE',  ( -7.500000000000002700, 12.99038105676658700, -9.958578643762697500 ) ) ;
#5448 = ORIENTED_EDGE ( 'NONE', *, *, #2283, .F. ) ;
#5449 = CARTESIAN_POINT ( 'NONE',  ( 10.00000000000000400, 0.0000000000000000000, -5.999999999999994700 ) ) ;
#5450 = CARTESIAN_POINT ( 'NONE',  ( -11.74999999999999800, 1.438959988998139800E-015, -12.50000000546236500 ) ) ;
#5451 = LOCAL_TIME ( 13, 35, 23.00000000000000000, #642 ) ;
#5452 = CARTESIAN_POINT ( 'NONE',  ( 14.98816568047337100, 8.022149932198996000, -9.992252546374123400 ) ) ;
#5453 = CARTESIAN_POINT ( 'NONE',  ( -14.36392979205103500, -9.092740540471853100, -10.05650919409530700 ) ) ;
#5454 = CARTESIAN_POINT ( 'NONE',  ( -12.13331079650777000, -10.31533782116361800, -1.720218541320927200 ) ) ;
#5455 = CARTESIAN_POINT ( 'NONE',  ( 3.965470391606081200, -12.20446294140195000, -10.77500000273117900 ) ) ;
#5456 = EDGE_CURVE ( 'NONE', #2965, #4253, #2226, .T. ) ;
#5457 = CARTESIAN_POINT ( 'NONE',  ( -11.75000000000000200, -3.817806430736646400, -20.40000000546236700 ) ) ;
#5458 = VERTEX_POINT ( 'NONE', #185 ) ;
#5459 = EDGE_CURVE ( 'NONE', #1406, #4894, #4935, .T. ) ;
#5460 = CARTESIAN_POINT ( 'NONE',  ( 14.32553254129632800, -9.083478402431719400, -10.02928932188141100 ) ) ;
#5461 = CARTESIAN_POINT ( 'NONE',  ( 10.79195676163268800, -13.20660896148108200, -11.87563955296050200 ) ) ;
#5462 = ORIENTED_EDGE ( 'NONE', *, *, #2887, .F. ) ;
#5463 = DIRECTION ( 'NONE',  ( 0.0000000000000000000, 0.0000000000000000000, -1.000000000000000000 ) ) ;
#5464 = CARTESIAN_POINT ( 'NONE',  ( -3.965470391606082900, 12.20446294140195000, -17.77500000273118300 ) ) ;
#5465 = CARTESIAN_POINT ( 'NONE',  ( 0.5466972059847711200, 16.99120720151951100, -9.992252546374157200 ) ) ;
#5466 = AXIS2_PLACEMENT_3D ( 'NONE', #845, #3841, #1268 ) ;
#5467 = VECTOR ( 'NONE', #49, 1000.000000000000000 ) ;
#5468 = CARTESIAN_POINT ( 'NONE',  ( 15.03301910608942600, 7.937836666270120700, -10.08601093817326200 ) ) ;
#5469 =( BOUNDED_CURVE ( )  B_SPLINE_CURVE ( 2, ( #3915, #906, #5200, #2631, #63, #3051, #486, #3498, #924, #3933, #1365 ),
 .UNSPECIFIED., .F., .T. ) 
 B_SPLINE_CURVE_WITH_KNOTS ( ( 3, 2, 2, 2, 2, 3 ),
 ( 0.5714285714285714000, 0.5857142857142857400, 0.5999999999999999800, 0.6142857142857142100, 0.6285714285714284500, 0.6428571428571427900 ),
 .UNSPECIFIED. ) 
 CURVE ( )  GEOMETRIC_REPRESENTATION_ITEM ( )  RATIONAL_B_SPLINE_CURVE ( ( 1.000000000000000000, 0.9510565162951535300, 1.000000000000000000, 0.9510565162951535300, 1.000000000000000000, 0.9510565162951535300, 1.000000000000000000, 0.9510565162951535300, 1.000000000000000000, 0.9510565162951538600, 0.9999999999999996700 ) ) 
 REPRESENTATION_ITEM ( '' )  );
#5470 = CARTESIAN_POINT ( 'NONE',  ( -14.39449818021585000, -9.014918787633263300, -9.990624137873846100 ) ) ;
#5471 = DIRECTION ( 'NONE',  ( 1.000000000000000000, 0.0000000000000000000, 0.0000000000000000000 ) ) ;
#5472 = CARTESIAN_POINT ( 'NONE',  ( 0.0000000000000000000, 0.0000000000000000000, -7.499999999999997300 ) ) ;
#5473 = CIRCLE ( 'NONE', #1694, 0.09999999999999999200 ) ;
#5474 = ORIENTED_EDGE ( 'NONE', *, *, #3750, .F. ) ;
#5475 = CARTESIAN_POINT ( 'NONE',  ( -3.421736728111769700, -16.67452137154156900, -11.15142746775747700 ) ) ;
#5476 = CARTESIAN_POINT ( 'NONE',  ( -15.00000000000000200, 0.0000000000000000000, -9.958578643762692200 ) ) ;
#5477 = CARTESIAN_POINT ( 'NONE',  ( -2.269518105932784400E-015, -12.35468113479963900, -18.00000000546236500 ) ) ;
#5478 = ORIENTED_EDGE ( 'NONE', *, *, #5428, .F. ) ;
#5479 = ORIENTED_EDGE ( 'NONE', *, *, #545, .F. ) ;
#5480 = TOROIDAL_SURFACE ( 'NONE', #3507, 16.89999999999999900, 0.1000000000000000100 ) ;
#5481 = CARTESIAN_POINT ( 'NONE',  ( 0.0000000000000000000, 0.0000000000000000000, 0.0000000000000000000 ) ) ;
#5482 = CARTESIAN_POINT ( 'NONE',  ( 0.5466972059847576800, -16.99120720151951100, -2.367136103677473200 ) ) ;
#5483 = CARTESIAN_POINT ( 'NONE',  ( 12.83253174999999600, -4.169542318109129100, -16.47500000273117800 ) ) ;
#5484 = ORIENTED_EDGE ( 'NONE', *, *, #1055, .T. ) ;
#5485 = CARTESIAN_POINT ( 'NONE',  ( 6.912602475829662500, 13.27178448751406100, -1.125186517200065000 ) ) ;
#5486 = DIRECTION ( 'NONE',  ( -0.0000000000000000000, 0.0000000000000000000, -1.000000000000000000 ) ) ;
#5487 = CARTESIAN_POINT ( 'NONE',  ( -11.74999999999999800, 1.438959988998139800E-015, -16.50000000546236800 ) ) ;
#5488 = EDGE_CURVE ( 'NONE', #3714, #2275, #645, .T. ) ;
#5489 = CARTESIAN_POINT ( 'NONE',  ( 10.38173626660608300, 7.542772912224920700, -13.92500000273118000 ) ) ;
#5490 = CARTESIAN_POINT ( 'NONE',  ( 2.587526690320545600, -12.22925613546788500, -10.99999999999999600 ) ) ;
#5491 = EDGE_CURVE ( 'NONE', #1980, #3033, #722, .T. ) ;
#5492 = CARTESIAN_POINT ( 'NONE',  ( 17.00000000000000000, 0.0000000000000000000, -22.00000000000000000 ) ) ;
#5493 = CARTESIAN_POINT ( 'NONE',  ( -10.79056061954506900, -13.20683107423711500, -11.83273152355226200 ) ) ;
#5494 = CARTESIAN_POINT ( 'NONE',  ( -3.630949683905630600, 11.17491406646805400, -24.39999999999999500 ) ) ;
#5495 = VERTEX_POINT ( 'NONE', #1087 ) ;
#5496 = DIRECTION ( 'NONE',  ( -0.8660254037844389300, -0.4999999999999996100, 1.207301553526880300E-014 ) ) ;
#5497 = VERTEX_POINT ( 'NONE', #4954 ) ;
#5498 =( BOUNDED_CURVE ( )  B_SPLINE_CURVE ( 3, ( #258, #1987, #225, #2793 ),
 .UNSPECIFIED., .F., .F. ) 
 B_SPLINE_CURVE_WITH_KNOTS ( ( 4, 4 ),
 ( 2.657554577411178200, 3.625630729768427200 ),
 .UNSPECIFIED. ) 
 CURVE ( )  GEOMETRIC_REPRESENTATION_ITEM ( )  RATIONAL_B_SPLINE_CURVE ( ( 1.000000000000000000, 0.9234153311148977100, 0.9234153311148977100, 1.000000000000000000 ) ) 
 REPRESENTATION_ITEM ( '' )  );
#5499 = PLANE ( 'NONE',  #1060 ) ;
#5500 = DIRECTION ( 'NONE',  ( 0.0000000000000000000, -0.0000000000000000000, 1.000000000000000000 ) ) ;
#5501 = CARTESIAN_POINT ( 'NONE',  ( -10.38173626660608300, -7.542772912224919000, -15.17500000273118100 ) ) ;
#5502 = VERTEX_POINT ( 'NONE', #640 ) ;
#5503 = DIRECTION ( 'NONE',  ( -1.000000000000000000, 0.0000000000000000000, 0.0000000000000000000 ) ) ;
#5504 = CARTESIAN_POINT ( 'NONE',  ( -11.75000000000000200, -3.817806430736646400, -18.40000000546236700 ) ) ;
#5505 = VERTEX_POINT ( 'NONE', #2391 ) ;
#5506 = CARTESIAN_POINT ( 'NONE',  ( -0.5934823869417900100, -16.97786085982862800, -9.993233096987008700 ) ) ;
#5507 = CARTESIAN_POINT ( 'NONE',  ( -10.79195676163205100, 13.20660896148169700, -11.87563955295805100 ) ) ;
#5508 = CC_DESIGN_PERSON_AND_ORGANIZATION_ASSIGNMENT ( #2911, #1577, ( #5171 ) ) ;
#5509 = CARTESIAN_POINT ( 'NONE',  ( 11.74999999999999800, -3.817806430736651700, -23.09999999999999400 ) ) ;
#5510 = CARTESIAN_POINT ( 'NONE',  ( 14.99999999999999800, -7.974960955909261400, -9.975644467433749400 ) ) ;
#5511 = TOROIDAL_SURFACE ( 'NONE', #2505, 8.099999999999999600, 0.1000000000000000100 ) ;
#5512 = CARTESIAN_POINT ( 'NONE',  ( 0.5717640772275622800, 16.99040066565388700, -10.01014966867688600 ) ) ;
#5513 = CARTESIAN_POINT ( 'NONE',  ( -17.00000000000000000, 2.770003367575442500, -12.04142135623731700 ) ) ;
#5514 = CARTESIAN_POINT ( 'NONE',  ( 8.262032099739667100E-016, 13.49292237646318400, -13.87500000273117700 ) ) ;
#5515 = EDGE_CURVE ( 'NONE', #1278, #283, #3317, .T. ) ;
#5516 = COORDINATED_UNIVERSAL_TIME_OFFSET ( 2, 0, .AHEAD. ) ;
#5517 = CARTESIAN_POINT ( 'NONE',  ( 0.0000000000000000000, 0.0000000000000000000, -2.367136103677473200 ) ) ;
#5518 = CARTESIAN_POINT ( 'NONE',  ( 11.54636914195833200, 2.474955749618736900, -11.45771715588312700 ) ) ;
#5519 = DIRECTION ( 'NONE',  ( 1.000000000000000000, 0.0000000000000000000, 0.0000000000000000000 ) ) ;
#5520 = CARTESIAN_POINT ( 'NONE',  ( -2.269518105932784400E-015, -12.35468113479963900, -20.00000000546236800 ) ) ;
#5521 = DIRECTION ( 'NONE',  ( 1.224646799147353200E-016, 1.000000000000000000, 0.0000000000000000000 ) ) ;
#5522 = EDGE_CURVE ( 'NONE', #4337, #2347, #360, .T. ) ;
#5523 = CARTESIAN_POINT ( 'NONE',  ( -9.833234632879662500, 11.58467067083565800, -1.258923043201561000 ) ) ;
#5524 = CARTESIAN_POINT ( 'NONE',  ( -2.066201078676005200, 16.89408691943770800, -10.66380898531342100 ) ) ;
#5525 = CARTESIAN_POINT ( 'NONE',  ( -14.94408284023668900, 7.998555373574872000, -2.280533563299029300 ) ) ;
#5526 = CARTESIAN_POINT ( 'NONE',  ( -9.505949683905631900, -6.906476714436556600, -21.79999999999999400 ) ) ;
#5527 = ORIENTED_EDGE ( 'NONE', *, *, #4229, .T. ) ;
#5528 = AXIS2_PLACEMENT_3D ( 'NONE', #3539, #967, #3987 ) ;
#5529 = DIRECTION ( 'NONE',  ( 1.000000000000000000, 0.0000000000000000000, 0.0000000000000000000 ) ) ;
#5530 = CIRCLE ( 'NONE', #3831, 0.09999999999999999200 ) ;
#5531 = CARTESIAN_POINT ( 'NONE',  ( -3.965470391606082900, 12.20446294140195000, -17.52500000273118300 ) ) ;
#5532 = DIRECTION ( 'NONE',  ( 0.0000000000000000000, 0.0000000000000000000, -1.000000000000000000 ) ) ;
#5533 = ORIENTED_EDGE ( 'NONE', *, *, #4370, .F. ) ;
#5534 = CARTESIAN_POINT ( 'NONE',  ( 10.38173626660608100, -7.542772912224923400, -12.57500000273118200 ) ) ;
#5535 = CONICAL_SURFACE ( 'NONE', #1765, 13.00000000000000000, 1.047197551196596700 ) ;
#5536 = CARTESIAN_POINT ( 'NONE',  ( 9.505949683905630100, -6.906476714436561100, -21.70000000546236800 ) ) ;
#5537 = ORIENTED_EDGE ( 'NONE', *, *, #4408, .T. ) ;
#5538 = CARTESIAN_POINT ( 'NONE',  ( 14.42823655831876600, -8.990362548677229200, -10.01014966867717400 ) ) ;
#5539 = ORIENTED_EDGE ( 'NONE', *, *, #1013, .F. ) ;
#5540 = FACE_OUTER_BOUND ( 'NONE', #3992, .T. ) ;
#5541 = CARTESIAN_POINT ( 'NONE',  ( 0.0000000000000000000, 0.0000000000000000000, -0.01339745962155441900 ) ) ;
#5542 = CARTESIAN_POINT ( 'NONE',  ( -15.00000000000000200, 1.332556450178049800, -1.238108524153892100 ) ) ;
#5543 = ORIENTED_EDGE ( 'NONE', *, *, #2533, .F. ) ;
#5544 = CARTESIAN_POINT ( 'NONE',  ( 7.565060353109282100E-016, 12.35468113479963900, -20.49999999999999300 ) ) ;
#5545 = CIRCLE ( 'NONE', #3360, 0.09999999999999999200 ) ;
#5546 = DIRECTION ( 'NONE',  ( -0.0000000000000000000, -0.0000000000000000000, 1.000000000000000000 ) ) ;
#5547 = CARTESIAN_POINT ( 'NONE',  ( 9.505949683905631900, 6.906476714436558400, -15.30000000546236500 ) ) ;
#5548 = CARTESIAN_POINT ( 'NONE',  ( -14.35651865993280500, -8.916298108912757300, -2.367136103677472300 ) ) ;
#5549 = CARTESIAN_POINT ( 'NONE',  ( 15.00267222144989200, 7.964969252593991000, -9.982719379989310600 ) ) ;
#5550 = ORIENTED_EDGE ( 'NONE', *, *, #121, .T. ) ;
#5551 = CARTESIAN_POINT ( 'NONE',  ( 11.74999999999999800, 0.0000000000000000000, -20.99999999999999300 ) ) ;
ENDSEC;
END-ISO-10303-21;
