ISO-10303-21;
HEADER;
/* Generated by software containing ST-Developer
 * from STEP Tools, Inc. (www.steptools.com) 
 */
/* OPTION: using custom renumber hook */

FILE_DESCRIPTION(
/* description */ ('STEP AP242 Edition 2',
'CAx-IF Rec.Pracs.---Representation and Presentation of Product Manufa
cturing Information (PMI)---4.0---2014-10-13',
'CAx-IF Rec.Pracs.---3D Tessellated Geometry---0.4---2014-09-14','2;1',
'CAx-IF Rec.Pracs.---User Defined Attributes---1.5---2016-08-15'),
/* implementation_level */ '2;1');

FILE_NAME(
/* name */ '2f-85_finger_rotator - 2f-85_finger_rotator',
/* time_stamp */ '2026-04-28T10:55:15Z',
/* author */ (''),
/* organization */ (''),
/* preprocessor_version */ 'ST-DEVELOPER v20',
/* originating_system */ 'ONSHAPE BY PTC INC, 1.214',
/* authorisation */ '  ');

FILE_SCHEMA (('AP242_MANAGED_MODEL_BASED_3D_ENGINEERING_MIM_LF { 1 0 10303 442 3 1 4 }'));
ENDSEC;

DATA;
#10=SHAPE_REPRESENTATION_RELATIONSHIP('','',#1933,#11);
#11=ADVANCED_BREP_SHAPE_REPRESENTATION('',(#1931),#3467);
#12=TOROIDAL_SURFACE('',#2123,0.0052,0.002);
#13=TOROIDAL_SURFACE('',#2125,0.0052,0.002);
#14=TOROIDAL_SURFACE('',#2126,0.0052,0.002);
#15=TOROIDAL_SURFACE('',#2128,0.0052,0.002);
#16=TOROIDAL_SURFACE('',#2129,0.0085,0.002);
#17=TOROIDAL_SURFACE('',#2132,0.0140001005714285,0.002);
#18=TOROIDAL_SURFACE('',#2134,0.0140001005714287,0.002);
#19=TOROIDAL_SURFACE('',#2140,0.005,0.002);
#20=TOROIDAL_SURFACE('',#2141,0.0140001005714287,0.002);
#21=TOROIDAL_SURFACE('',#2146,0.0085,0.002);
#22=TOROIDAL_SURFACE('',#2148,0.005,0.002);
#23=TOROIDAL_SURFACE('',#2150,0.0140001005714285,0.002);
#24=TOROIDAL_SURFACE('',#2155,0.003,0.002);
#25=TOROIDAL_SURFACE('',#2157,0.0052,0.002);
#26=TOROIDAL_SURFACE('',#2161,0.004,0.002);
#27=TOROIDAL_SURFACE('',#2165,0.0052,0.002);
#28=TOROIDAL_SURFACE('',#2167,0.003,0.002);
#29=TOROIDAL_SURFACE('',#2172,0.00300000000000005,0.002);
#30=TOROIDAL_SURFACE('',#2174,0.0052,0.002);
#31=TOROIDAL_SURFACE('',#2178,0.004,0.002);
#32=TOROIDAL_SURFACE('',#2182,0.0052,0.002);
#33=TOROIDAL_SURFACE('',#2184,0.00300000000000005,0.002);
#34=TOROIDAL_SURFACE('',#2187,0.0021,0.0005);
#35=TOROIDAL_SURFACE('',#2188,0.00285,0.0005);
#36=TOROIDAL_SURFACE('',#2189,0.0021,0.0005);
#37=TOROIDAL_SURFACE('',#2190,0.00285,0.0005);
#38=CONICAL_SURFACE('',#2085,0.0036,0.78539816339745);
#39=CONICAL_SURFACE('',#2086,0.0036,0.785398163397448);
#40=CONICAL_SURFACE('',#2117,0.0036,0.785398163397448);
#41=CONICAL_SURFACE('',#2118,0.0036,0.785398163397449);
#42=B_SPLINE_CURVE_WITH_KNOTS('',3,(#3035,#3036,#3037,#3038),
 .UNSPECIFIED.,.F.,.F.,(4,4),(0.,0.00199563506233487),.UNSPECIFIED.);
#43=B_SPLINE_CURVE_WITH_KNOTS('',3,(#3054,#3055,#3056,#3057),
 .UNSPECIFIED.,.F.,.F.,(4,4),(0.,0.00199563506233485),.UNSPECIFIED.);
#44=B_SPLINE_CURVE_WITH_KNOTS('',3,(#3086,#3087,#3088,#3089),
 .UNSPECIFIED.,.F.,.F.,(4,4),(0.,0.00199563506233429),.UNSPECIFIED.);
#45=B_SPLINE_CURVE_WITH_KNOTS('',3,(#3090,#3091,#3092,#3093),
 .UNSPECIFIED.,.F.,.F.,(4,4),(0.,0.00199563506233429),.UNSPECIFIED.);
#46=B_SPLINE_CURVE_WITH_KNOTS('',3,(#3174,#3175,#3176,#3177,#3178),
 .UNSPECIFIED.,.F.,.F.,(4,1,4),(7.25272097947221E-17,0.00123243023716474,
0.0024648604743294),.UNSPECIFIED.);
#47=B_SPLINE_CURVE_WITH_KNOTS('',3,(#3179,#3180,#3181,#3182,#3183,#3184,
#3185),.UNSPECIFIED.,.F.,.F.,(4,1,1,1,4),(0.,0.000965673430041189,0.00193134686008238,
0.00289702029012357,0.00386269372016476),.UNSPECIFIED.);
#48=B_SPLINE_CURVE_WITH_KNOTS('',3,(#3186,#3187,#3188,#3189,#3190,#3191,
#3192),.UNSPECIFIED.,.F.,.F.,(4,1,1,1,4),(1.38777878078145E-17,0.000958000185568789,
0.00191600037113756,0.00287400055670634,0.00383200074227511),
 .UNSPECIFIED.);
#49=B_SPLINE_CURVE_WITH_KNOTS('',3,(#3193,#3194,#3195,#3196,#3197),
 .UNSPECIFIED.,.F.,.F.,(4,1,4),(0.,0.00123281175051161,0.00246562350102321),
 .UNSPECIFIED.);
#50=B_SPLINE_CURVE_WITH_KNOTS('',3,(#3257,#3258,#3259,#3260,#3261,#3262,
#3263,#3264,#3265),.UNSPECIFIED.,.F.,.F.,(4,1,1,1,1,1,4),(0.,0.00109257662994487,
0.0016388649449173,0.00218515325988974,0.00273144157486217,0.00327772988983461,
0.00437030651977948),.UNSPECIFIED.);
#51=B_SPLINE_CURVE_WITH_KNOTS('',3,(#3277,#3278,#3279,#3280,#3281),
 .UNSPECIFIED.,.F.,.F.,(4,1,4),(1.41999259053827E-14,0.00123243023717175,
0.0024648604743293),.UNSPECIFIED.);
#52=B_SPLINE_CURVE_WITH_KNOTS('',3,(#3282,#3283,#3284,#3285,#3286,#3287,
#3288),.UNSPECIFIED.,.F.,.F.,(4,1,1,1,4),(0.,0.000965673430040449,0.0019313468600809,
0.00289702029012135,0.00386269372016179),.UNSPECIFIED.);
#53=B_SPLINE_CURVE_WITH_KNOTS('',3,(#3289,#3290,#3291,#3292,#3293,#3294,
#3295),.UNSPECIFIED.,.F.,.F.,(4,1,1,1,4),(3.07365587740396E-15,0.000958000185571093,
0.00191600037113911,0.00287400055670713,0.00383200074227515),
 .UNSPECIFIED.);
#54=B_SPLINE_CURVE_WITH_KNOTS('',3,(#3296,#3297,#3298,#3299,#3300),
 .UNSPECIFIED.,.F.,.F.,(4,1,4),(0.,0.0012328117505187,0.00246562350103739),
 .UNSPECIFIED.);
#55=B_SPLINE_CURVE_WITH_KNOTS('',3,(#3360,#3361,#3362,#3363,#3364,#3365,
#3366,#3367,#3368),.UNSPECIFIED.,.F.,.F.,(4,1,1,1,1,1,4),(0.,0.00109257662994495,
0.00163886494491743,0.0021851532598899,0.00273144157486238,0.00327772988983485,
0.00437030651977981),.UNSPECIFIED.);
#56=B_SPLINE_CURVE_WITH_KNOTS('',3,(#3379,#3380,#3381,#3382,#3383),
 .UNSPECIFIED.,.F.,.F.,(4,1,4),(0.,0.5,1.),.UNSPECIFIED.);
#57=B_SPLINE_CURVE_WITH_KNOTS('',3,(#3385,#3386,#3387,#3388,#3389),
 .UNSPECIFIED.,.F.,.F.,(4,1,4),(0.,0.5,1.),.UNSPECIFIED.);
#58=B_SPLINE_CURVE_WITH_KNOTS('',3,(#3392,#3393,#3394,#3395,#3396),
 .UNSPECIFIED.,.F.,.F.,(4,1,4),(0.,0.5,1.),.UNSPECIFIED.);
#59=B_SPLINE_CURVE_WITH_KNOTS('',3,(#3398,#3399,#3400,#3401,#3402),
 .UNSPECIFIED.,.F.,.F.,(4,1,4),(0.,0.5,1.),.UNSPECIFIED.);
#60=CYLINDRICAL_SURFACE('',#1969,0.0032);
#61=CYLINDRICAL_SURFACE('',#1972,0.0032);
#62=CYLINDRICAL_SURFACE('',#1975,0.0032);
#63=CYLINDRICAL_SURFACE('',#1978,0.0032);
#64=CYLINDRICAL_SURFACE('',#1986,0.0032);
#65=CYLINDRICAL_SURFACE('',#1989,0.005);
#66=CYLINDRICAL_SURFACE('',#2011,0.0032);
#67=CYLINDRICAL_SURFACE('',#2015,0.0032);
#68=CYLINDRICAL_SURFACE('',#2030,0.005);
#69=CYLINDRICAL_SURFACE('',#2033,0.0032);
#70=CYLINDRICAL_SURFACE('',#2040,0.0032);
#71=CYLINDRICAL_SURFACE('',#2043,0.0032);
#72=CYLINDRICAL_SURFACE('',#2047,0.00235);
#73=CYLINDRICAL_SURFACE('',#2049,0.0016);
#74=CYLINDRICAL_SURFACE('',#2051,0.0016);
#75=CYLINDRICAL_SURFACE('',#2053,0.00235);
#76=CYLINDRICAL_SURFACE('',#2055,0.007);
#77=CYLINDRICAL_SURFACE('',#2058,0.0120001005714287);
#78=CYLINDRICAL_SURFACE('',#2060,0.0105);
#79=CYLINDRICAL_SURFACE('',#2062,0.0120001005714285);
#80=CYLINDRICAL_SURFACE('',#2065,0.0078);
#81=CYLINDRICAL_SURFACE('',#2067,0.0147001005714285);
#82=CYLINDRICAL_SURFACE('',#2070,0.0043);
#83=CYLINDRICAL_SURFACE('',#2073,0.0147001005714286);
#84=CYLINDRICAL_SURFACE('',#2080,0.0016);
#85=CYLINDRICAL_SURFACE('',#2082,0.0016);
#86=CYLINDRICAL_SURFACE('',#2083,0.0016);
#87=CYLINDRICAL_SURFACE('',#2087,0.007);
#88=CYLINDRICAL_SURFACE('',#2090,0.0120001005714285);
#89=CYLINDRICAL_SURFACE('',#2092,0.0105);
#90=CYLINDRICAL_SURFACE('',#2094,0.0120001005714287);
#91=CYLINDRICAL_SURFACE('',#2097,0.0078);
#92=CYLINDRICAL_SURFACE('',#2099,0.0147001005714286);
#93=CYLINDRICAL_SURFACE('',#2102,0.0043);
#94=CYLINDRICAL_SURFACE('',#2105,0.0147001005714285);
#95=CYLINDRICAL_SURFACE('',#2112,0.0016);
#96=CYLINDRICAL_SURFACE('',#2114,0.0016);
#97=CYLINDRICAL_SURFACE('',#2115,0.0016);
#98=CYLINDRICAL_SURFACE('',#2119,0.006);
#99=CYLINDRICAL_SURFACE('',#2121,0.006);
#100=CYLINDRICAL_SURFACE('',#2124,0.002);
#101=CYLINDRICAL_SURFACE('',#2127,0.002);
#102=CYLINDRICAL_SURFACE('',#2136,0.002);
#103=CYLINDRICAL_SURFACE('',#2138,0.002);
#104=CYLINDRICAL_SURFACE('',#2144,0.002);
#105=CYLINDRICAL_SURFACE('',#2152,0.002);
#106=CYLINDRICAL_SURFACE('',#2153,0.002);
#107=CYLINDRICAL_SURFACE('',#2159,0.002);
#108=CYLINDRICAL_SURFACE('',#2163,0.002);
#109=CYLINDRICAL_SURFACE('',#2169,0.002);
#110=CYLINDRICAL_SURFACE('',#2170,0.002);
#111=CYLINDRICAL_SURFACE('',#2176,0.002);
#112=CYLINDRICAL_SURFACE('',#2180,0.002);
#113=CYLINDRICAL_SURFACE('',#2186,0.002);
#114=CIRCLE('',#1936,0.007);
#115=CIRCLE('',#1938,0.0021);
#116=CIRCLE('',#1939,0.0016);
#117=CIRCLE('',#1940,0.0016);
#118=CIRCLE('',#1941,0.0016);
#119=CIRCLE('',#1942,0.0147001005714285);
#120=CIRCLE('',#1943,0.0078);
#121=CIRCLE('',#1944,0.0147001005714286);
#122=CIRCLE('',#1945,0.0043);
#123=CIRCLE('',#1947,0.0052);
#124=CIRCLE('',#1948,0.0052);
#125=CIRCLE('',#1949,0.003);
#126=CIRCLE('',#1950,0.0052);
#127=CIRCLE('',#1951,0.0032);
#128=CIRCLE('',#1952,0.0032);
#129=CIRCLE('',#1953,0.0032);
#130=CIRCLE('',#1954,0.0032);
#131=CIRCLE('',#1955,0.0052);
#132=CIRCLE('',#1956,0.00300000000000005);
#133=CIRCLE('',#1958,0.0052);
#134=CIRCLE('',#1959,0.00300000000000005);
#135=CIRCLE('',#1960,0.0052);
#136=CIRCLE('',#1961,0.0032);
#137=CIRCLE('',#1962,0.0032);
#138=CIRCLE('',#1963,0.0052);
#139=CIRCLE('',#1964,0.003);
#140=CIRCLE('',#1965,0.0052);
#141=CIRCLE('',#1967,0.00235);
#142=CIRCLE('',#1968,0.006);
#143=CIRCLE('',#1970,0.0032);
#144=CIRCLE('',#1973,0.0032);
#145=CIRCLE('',#1976,0.0032);
#146=CIRCLE('',#1979,0.0032);
#147=CIRCLE('',#1981,0.00235);
#148=CIRCLE('',#1982,0.006);
#149=CIRCLE('',#1984,0.00285);
#150=CIRCLE('',#1985,0.004);
#151=CIRCLE('',#1987,0.0032);
#152=CIRCLE('',#1988,0.0032);
#153=CIRCLE('',#1990,0.005);
#154=CIRCLE('',#1991,0.005);
#155=CIRCLE('',#1993,0.0021);
#156=CIRCLE('',#1994,0.0016);
#157=CIRCLE('',#1995,0.0016);
#158=CIRCLE('',#1996,0.0016);
#159=CIRCLE('',#1997,0.0078);
#160=CIRCLE('',#1998,0.0147001005714285);
#161=CIRCLE('',#1999,0.0043);
#162=CIRCLE('',#2000,0.0147001005714286);
#163=CIRCLE('',#2002,0.0036);
#164=CIRCLE('',#2003,0.0016);
#165=CIRCLE('',#2004,0.0036);
#166=CIRCLE('',#2005,0.0016);
#167=CIRCLE('',#2006,0.007);
#168=CIRCLE('',#2007,0.0120001005714287);
#169=CIRCLE('',#2008,0.0105);
#170=CIRCLE('',#2009,0.0120001005714285);
#171=CIRCLE('',#2010,0.007);
#172=CIRCLE('',#2012,0.0032);
#173=CIRCLE('',#2013,0.0032);
#174=CIRCLE('',#2016,0.0032);
#175=CIRCLE('',#2017,0.0032);
#176=CIRCLE('',#2019,0.0036);
#177=CIRCLE('',#2020,0.0016);
#178=CIRCLE('',#2021,0.0036);
#179=CIRCLE('',#2022,0.007);
#180=CIRCLE('',#2023,0.007);
#181=CIRCLE('',#2024,0.0120001005714285);
#182=CIRCLE('',#2025,0.0105);
#183=CIRCLE('',#2026,0.0120001005714287);
#184=CIRCLE('',#2027,0.0016);
#185=CIRCLE('',#2029,0.007);
#186=CIRCLE('',#2031,0.005);
#187=CIRCLE('',#2032,0.005);
#188=CIRCLE('',#2034,0.0032);
#189=CIRCLE('',#2035,0.0032);
#190=CIRCLE('',#2037,0.00285);
#191=CIRCLE('',#2038,0.004);
#192=CIRCLE('',#2041,0.0032);
#193=CIRCLE('',#2044,0.0032);
#194=CIRCLE('',#2048,0.00235);
#195=CIRCLE('',#2050,0.0016);
#196=CIRCLE('',#2052,0.0016);
#197=CIRCLE('',#2054,0.00235);
#198=CIRCLE('',#2056,0.007);
#199=CIRCLE('',#2059,0.0120001005714287);
#200=CIRCLE('',#2061,0.0105);
#201=CIRCLE('',#2063,0.0120001005714285);
#202=CIRCLE('',#2066,0.0078);
#203=CIRCLE('',#2068,0.0147001005714285);
#204=CIRCLE('',#2071,0.0043);
#205=CIRCLE('',#2074,0.0147001005714286);
#206=CIRCLE('',#2076,0.0140001005714285);
#207=CIRCLE('',#2077,0.005);
#208=CIRCLE('',#2078,0.0140001005714287);
#209=CIRCLE('',#2079,0.0085);
#210=CIRCLE('',#2081,0.0016);
#211=CIRCLE('',#2084,0.0016);
#212=CIRCLE('',#2088,0.007);
#213=CIRCLE('',#2091,0.0120001005714285);
#214=CIRCLE('',#2093,0.0105);
#215=CIRCLE('',#2095,0.0120001005714287);
#216=CIRCLE('',#2098,0.0078);
#217=CIRCLE('',#2100,0.0147001005714286);
#218=CIRCLE('',#2103,0.0043);
#219=CIRCLE('',#2106,0.0147001005714285);
#220=CIRCLE('',#2108,0.005);
#221=CIRCLE('',#2109,0.0140001005714285);
#222=CIRCLE('',#2110,0.0085);
#223=CIRCLE('',#2111,0.0140001005714287);
#224=CIRCLE('',#2113,0.0016);
#225=CIRCLE('',#2116,0.0016);
#226=CIRCLE('',#2120,0.006);
#227=CIRCLE('',#2122,0.006);
#228=CIRCLE('',#2130,0.002);
#229=CIRCLE('',#2131,0.002);
#230=CIRCLE('',#2133,0.002);
#231=CIRCLE('',#2135,0.002);
#232=CIRCLE('',#2137,0.002);
#233=CIRCLE('',#2139,0.002);
#234=CIRCLE('',#2142,0.002);
#235=CIRCLE('',#2143,0.002);
#236=CIRCLE('',#2145,0.002);
#237=CIRCLE('',#2147,0.002);
#238=CIRCLE('',#2149,0.002);
#239=CIRCLE('',#2151,0.002);
#240=CIRCLE('',#2154,0.002);
#241=CIRCLE('',#2156,0.002);
#242=CIRCLE('',#2158,0.002);
#243=CIRCLE('',#2160,0.002);
#244=CIRCLE('',#2162,0.002);
#245=CIRCLE('',#2164,0.002);
#246=CIRCLE('',#2166,0.002);
#247=CIRCLE('',#2168,0.002);
#248=CIRCLE('',#2171,0.002);
#249=CIRCLE('',#2173,0.002);
#250=CIRCLE('',#2175,0.002);
#251=CIRCLE('',#2177,0.002);
#252=CIRCLE('',#2179,0.002);
#253=CIRCLE('',#2181,0.002);
#254=CIRCLE('',#2183,0.002);
#255=CIRCLE('',#2185,0.002);
#256=ORIENTED_EDGE('',*,*,#800,.T.);
#257=ORIENTED_EDGE('',*,*,#801,.T.);
#258=ORIENTED_EDGE('',*,*,#802,.T.);
#259=ORIENTED_EDGE('',*,*,#803,.T.);
#260=ORIENTED_EDGE('',*,*,#804,.T.);
#261=ORIENTED_EDGE('',*,*,#805,.F.);
#262=ORIENTED_EDGE('',*,*,#806,.F.);
#263=ORIENTED_EDGE('',*,*,#807,.F.);
#264=ORIENTED_EDGE('',*,*,#808,.F.);
#265=ORIENTED_EDGE('',*,*,#809,.T.);
#266=ORIENTED_EDGE('',*,*,#810,.F.);
#267=ORIENTED_EDGE('',*,*,#811,.F.);
#268=ORIENTED_EDGE('',*,*,#812,.T.);
#269=ORIENTED_EDGE('',*,*,#813,.T.);
#270=ORIENTED_EDGE('',*,*,#814,.F.);
#271=ORIENTED_EDGE('',*,*,#815,.T.);
#272=ORIENTED_EDGE('',*,*,#816,.T.);
#273=ORIENTED_EDGE('',*,*,#817,.T.);
#274=ORIENTED_EDGE('',*,*,#818,.T.);
#275=ORIENTED_EDGE('',*,*,#819,.T.);
#276=ORIENTED_EDGE('',*,*,#820,.T.);
#277=ORIENTED_EDGE('',*,*,#821,.T.);
#278=ORIENTED_EDGE('',*,*,#822,.T.);
#279=ORIENTED_EDGE('',*,*,#823,.T.);
#280=ORIENTED_EDGE('',*,*,#824,.F.);
#281=ORIENTED_EDGE('',*,*,#825,.T.);
#282=ORIENTED_EDGE('',*,*,#826,.F.);
#283=ORIENTED_EDGE('',*,*,#827,.T.);
#284=ORIENTED_EDGE('',*,*,#828,.T.);
#285=ORIENTED_EDGE('',*,*,#829,.T.);
#286=ORIENTED_EDGE('',*,*,#830,.F.);
#287=ORIENTED_EDGE('',*,*,#831,.T.);
#288=ORIENTED_EDGE('',*,*,#832,.T.);
#289=ORIENTED_EDGE('',*,*,#833,.T.);
#290=ORIENTED_EDGE('',*,*,#834,.T.);
#291=ORIENTED_EDGE('',*,*,#835,.T.);
#292=ORIENTED_EDGE('',*,*,#836,.T.);
#293=ORIENTED_EDGE('',*,*,#837,.T.);
#294=ORIENTED_EDGE('',*,*,#838,.T.);
#295=ORIENTED_EDGE('',*,*,#839,.T.);
#296=ORIENTED_EDGE('',*,*,#840,.T.);
#297=ORIENTED_EDGE('',*,*,#841,.T.);
#298=ORIENTED_EDGE('',*,*,#842,.T.);
#299=ORIENTED_EDGE('',*,*,#843,.T.);
#300=ORIENTED_EDGE('',*,*,#844,.T.);
#301=ORIENTED_EDGE('',*,*,#845,.T.);
#302=ORIENTED_EDGE('',*,*,#846,.F.);
#303=ORIENTED_EDGE('',*,*,#847,.T.);
#304=ORIENTED_EDGE('',*,*,#848,.T.);
#305=ORIENTED_EDGE('',*,*,#849,.T.);
#306=ORIENTED_EDGE('',*,*,#850,.T.);
#307=ORIENTED_EDGE('',*,*,#851,.F.);
#308=ORIENTED_EDGE('',*,*,#852,.T.);
#309=ORIENTED_EDGE('',*,*,#853,.T.);
#310=ORIENTED_EDGE('',*,*,#854,.T.);
#311=ORIENTED_EDGE('',*,*,#855,.T.);
#312=ORIENTED_EDGE('',*,*,#856,.T.);
#313=ORIENTED_EDGE('',*,*,#857,.T.);
#314=ORIENTED_EDGE('',*,*,#858,.F.);
#315=ORIENTED_EDGE('',*,*,#859,.T.);
#316=ORIENTED_EDGE('',*,*,#860,.F.);
#317=ORIENTED_EDGE('',*,*,#824,.T.);
#318=ORIENTED_EDGE('',*,*,#861,.T.);
#319=ORIENTED_EDGE('',*,*,#852,.F.);
#320=ORIENTED_EDGE('',*,*,#862,.F.);
#321=ORIENTED_EDGE('',*,*,#863,.F.);
#322=ORIENTED_EDGE('',*,*,#863,.T.);
#323=ORIENTED_EDGE('',*,*,#864,.T.);
#324=ORIENTED_EDGE('',*,*,#865,.F.);
#325=ORIENTED_EDGE('',*,*,#825,.F.);
#326=ORIENTED_EDGE('',*,*,#866,.F.);
#327=ORIENTED_EDGE('',*,*,#867,.F.);
#328=ORIENTED_EDGE('',*,*,#826,.T.);
#329=ORIENTED_EDGE('',*,*,#865,.T.);
#330=ORIENTED_EDGE('',*,*,#867,.T.);
#331=ORIENTED_EDGE('',*,*,#868,.T.);
#332=ORIENTED_EDGE('',*,*,#869,.F.);
#333=ORIENTED_EDGE('',*,*,#827,.F.);
#334=ORIENTED_EDGE('',*,*,#869,.T.);
#335=ORIENTED_EDGE('',*,*,#870,.T.);
#336=ORIENTED_EDGE('',*,*,#871,.F.);
#337=ORIENTED_EDGE('',*,*,#828,.F.);
#338=ORIENTED_EDGE('',*,*,#871,.T.);
#339=ORIENTED_EDGE('',*,*,#872,.T.);
#340=ORIENTED_EDGE('',*,*,#873,.F.);
#341=ORIENTED_EDGE('',*,*,#829,.F.);
#342=ORIENTED_EDGE('',*,*,#874,.F.);
#343=ORIENTED_EDGE('',*,*,#875,.F.);
#344=ORIENTED_EDGE('',*,*,#830,.T.);
#345=ORIENTED_EDGE('',*,*,#873,.T.);
#346=ORIENTED_EDGE('',*,*,#875,.T.);
#347=ORIENTED_EDGE('',*,*,#876,.T.);
#348=ORIENTED_EDGE('',*,*,#877,.F.);
#349=ORIENTED_EDGE('',*,*,#831,.F.);
#350=ORIENTED_EDGE('',*,*,#878,.T.);
#351=ORIENTED_EDGE('',*,*,#846,.T.);
#352=ORIENTED_EDGE('',*,*,#879,.T.);
#353=ORIENTED_EDGE('',*,*,#832,.F.);
#354=ORIENTED_EDGE('',*,*,#877,.T.);
#355=ORIENTED_EDGE('',*,*,#880,.T.);
#356=ORIENTED_EDGE('',*,*,#881,.T.);
#357=ORIENTED_EDGE('',*,*,#882,.F.);
#358=ORIENTED_EDGE('',*,*,#883,.T.);
#359=ORIENTED_EDGE('',*,*,#884,.T.);
#360=ORIENTED_EDGE('',*,*,#885,.T.);
#361=ORIENTED_EDGE('',*,*,#882,.T.);
#362=ORIENTED_EDGE('',*,*,#886,.T.);
#363=ORIENTED_EDGE('',*,*,#887,.F.);
#364=ORIENTED_EDGE('',*,*,#888,.T.);
#365=ORIENTED_EDGE('',*,*,#887,.T.);
#366=ORIENTED_EDGE('',*,*,#889,.T.);
#367=ORIENTED_EDGE('',*,*,#800,.F.);
#368=ORIENTED_EDGE('',*,*,#890,.T.);
#369=ORIENTED_EDGE('',*,*,#891,.T.);
#370=ORIENTED_EDGE('',*,*,#892,.T.);
#371=ORIENTED_EDGE('',*,*,#893,.T.);
#372=ORIENTED_EDGE('',*,*,#894,.T.);
#373=ORIENTED_EDGE('',*,*,#895,.F.);
#374=ORIENTED_EDGE('',*,*,#896,.T.);
#375=ORIENTED_EDGE('',*,*,#897,.F.);
#376=ORIENTED_EDGE('',*,*,#898,.F.);
#377=ORIENTED_EDGE('',*,*,#899,.T.);
#378=ORIENTED_EDGE('',*,*,#900,.T.);
#379=ORIENTED_EDGE('',*,*,#901,.T.);
#380=ORIENTED_EDGE('',*,*,#902,.T.);
#381=ORIENTED_EDGE('',*,*,#903,.T.);
#382=ORIENTED_EDGE('',*,*,#904,.F.);
#383=ORIENTED_EDGE('',*,*,#905,.F.);
#384=ORIENTED_EDGE('',*,*,#906,.T.);
#385=ORIENTED_EDGE('',*,*,#907,.T.);
#386=ORIENTED_EDGE('',*,*,#908,.T.);
#387=ORIENTED_EDGE('',*,*,#909,.F.);
#388=ORIENTED_EDGE('',*,*,#910,.T.);
#389=ORIENTED_EDGE('',*,*,#911,.F.);
#390=ORIENTED_EDGE('',*,*,#912,.F.);
#391=ORIENTED_EDGE('',*,*,#913,.T.);
#392=ORIENTED_EDGE('',*,*,#914,.T.);
#393=ORIENTED_EDGE('',*,*,#915,.F.);
#394=ORIENTED_EDGE('',*,*,#916,.T.);
#395=ORIENTED_EDGE('',*,*,#905,.T.);
#396=ORIENTED_EDGE('',*,*,#917,.T.);
#397=ORIENTED_EDGE('',*,*,#918,.F.);
#398=ORIENTED_EDGE('',*,*,#919,.T.);
#399=ORIENTED_EDGE('',*,*,#915,.T.);
#400=ORIENTED_EDGE('',*,*,#920,.T.);
#401=ORIENTED_EDGE('',*,*,#921,.F.);
#402=ORIENTED_EDGE('',*,*,#922,.T.);
#403=ORIENTED_EDGE('',*,*,#918,.T.);
#404=ORIENTED_EDGE('',*,*,#923,.T.);
#405=ORIENTED_EDGE('',*,*,#924,.T.);
#406=ORIENTED_EDGE('',*,*,#925,.T.);
#407=ORIENTED_EDGE('',*,*,#926,.T.);
#408=ORIENTED_EDGE('',*,*,#927,.F.);
#409=ORIENTED_EDGE('',*,*,#928,.T.);
#410=ORIENTED_EDGE('',*,*,#921,.T.);
#411=ORIENTED_EDGE('',*,*,#929,.T.);
#412=ORIENTED_EDGE('',*,*,#930,.F.);
#413=ORIENTED_EDGE('',*,*,#931,.T.);
#414=ORIENTED_EDGE('',*,*,#932,.T.);
#415=ORIENTED_EDGE('',*,*,#933,.F.);
#416=ORIENTED_EDGE('',*,*,#934,.T.);
#417=ORIENTED_EDGE('',*,*,#935,.F.);
#418=ORIENTED_EDGE('',*,*,#936,.F.);
#419=ORIENTED_EDGE('',*,*,#937,.F.);
#420=ORIENTED_EDGE('',*,*,#938,.T.);
#421=ORIENTED_EDGE('',*,*,#939,.F.);
#422=ORIENTED_EDGE('',*,*,#940,.T.);
#423=ORIENTED_EDGE('',*,*,#941,.F.);
#424=ORIENTED_EDGE('',*,*,#942,.T.);
#425=ORIENTED_EDGE('',*,*,#937,.T.);
#426=ORIENTED_EDGE('',*,*,#943,.T.);
#427=ORIENTED_EDGE('',*,*,#944,.F.);
#428=ORIENTED_EDGE('',*,*,#945,.T.);
#429=ORIENTED_EDGE('',*,*,#941,.T.);
#430=ORIENTED_EDGE('',*,*,#946,.T.);
#431=ORIENTED_EDGE('',*,*,#947,.T.);
#432=ORIENTED_EDGE('',*,*,#948,.T.);
#433=ORIENTED_EDGE('',*,*,#949,.T.);
#434=ORIENTED_EDGE('',*,*,#944,.T.);
#435=ORIENTED_EDGE('',*,*,#950,.T.);
#436=ORIENTED_EDGE('',*,*,#851,.T.);
#437=ORIENTED_EDGE('',*,*,#951,.F.);
#438=ORIENTED_EDGE('',*,*,#952,.F.);
#439=ORIENTED_EDGE('',*,*,#862,.T.);
#440=ORIENTED_EDGE('',*,*,#850,.F.);
#441=ORIENTED_EDGE('',*,*,#953,.F.);
#442=ORIENTED_EDGE('',*,*,#954,.T.);
#443=ORIENTED_EDGE('',*,*,#951,.T.);
#444=ORIENTED_EDGE('',*,*,#849,.F.);
#445=ORIENTED_EDGE('',*,*,#955,.F.);
#446=ORIENTED_EDGE('',*,*,#956,.T.);
#447=ORIENTED_EDGE('',*,*,#953,.T.);
#448=ORIENTED_EDGE('',*,*,#848,.F.);
#449=ORIENTED_EDGE('',*,*,#957,.F.);
#450=ORIENTED_EDGE('',*,*,#958,.T.);
#451=ORIENTED_EDGE('',*,*,#955,.T.);
#452=ORIENTED_EDGE('',*,*,#847,.F.);
#453=ORIENTED_EDGE('',*,*,#880,.F.);
#454=ORIENTED_EDGE('',*,*,#959,.T.);
#455=ORIENTED_EDGE('',*,*,#957,.T.);
#456=ORIENTED_EDGE('',*,*,#866,.T.);
#457=ORIENTED_EDGE('',*,*,#864,.F.);
#458=ORIENTED_EDGE('',*,*,#952,.T.);
#459=ORIENTED_EDGE('',*,*,#954,.F.);
#460=ORIENTED_EDGE('',*,*,#956,.F.);
#461=ORIENTED_EDGE('',*,*,#958,.F.);
#462=ORIENTED_EDGE('',*,*,#959,.F.);
#463=ORIENTED_EDGE('',*,*,#876,.F.);
#464=ORIENTED_EDGE('',*,*,#874,.T.);
#465=ORIENTED_EDGE('',*,*,#872,.F.);
#466=ORIENTED_EDGE('',*,*,#870,.F.);
#467=ORIENTED_EDGE('',*,*,#868,.F.);
#468=ORIENTED_EDGE('',*,*,#960,.T.);
#469=ORIENTED_EDGE('',*,*,#860,.T.);
#470=ORIENTED_EDGE('',*,*,#961,.T.);
#471=ORIENTED_EDGE('',*,*,#936,.T.);
#472=ORIENTED_EDGE('',*,*,#962,.T.);
#473=ORIENTED_EDGE('',*,*,#904,.T.);
#474=ORIENTED_EDGE('',*,*,#963,.T.);
#475=ORIENTED_EDGE('',*,*,#878,.F.);
#476=ORIENTED_EDGE('',*,*,#964,.T.);
#477=ORIENTED_EDGE('',*,*,#965,.T.);
#478=ORIENTED_EDGE('',*,*,#966,.F.);
#479=ORIENTED_EDGE('',*,*,#930,.T.);
#480=ORIENTED_EDGE('',*,*,#967,.T.);
#481=ORIENTED_EDGE('',*,*,#858,.T.);
#482=ORIENTED_EDGE('',*,*,#968,.T.);
#483=ORIENTED_EDGE('',*,*,#939,.T.);
#484=ORIENTED_EDGE('',*,*,#969,.T.);
#485=ORIENTED_EDGE('',*,*,#818,.F.);
#486=ORIENTED_EDGE('',*,*,#970,.T.);
#487=ORIENTED_EDGE('',*,*,#927,.T.);
#488=ORIENTED_EDGE('',*,*,#971,.T.);
#489=ORIENTED_EDGE('',*,*,#972,.T.);
#490=ORIENTED_EDGE('',*,*,#964,.F.);
#491=ORIENTED_EDGE('',*,*,#935,.T.);
#492=ORIENTED_EDGE('',*,*,#973,.T.);
#493=ORIENTED_EDGE('',*,*,#974,.T.);
#494=ORIENTED_EDGE('',*,*,#971,.F.);
#495=ORIENTED_EDGE('',*,*,#934,.F.);
#496=ORIENTED_EDGE('',*,*,#975,.T.);
#497=ORIENTED_EDGE('',*,*,#976,.T.);
#498=ORIENTED_EDGE('',*,*,#973,.F.);
#499=ORIENTED_EDGE('',*,*,#933,.T.);
#500=ORIENTED_EDGE('',*,*,#977,.T.);
#501=ORIENTED_EDGE('',*,*,#978,.T.);
#502=ORIENTED_EDGE('',*,*,#975,.F.);
#503=ORIENTED_EDGE('',*,*,#932,.F.);
#504=ORIENTED_EDGE('',*,*,#966,.T.);
#505=ORIENTED_EDGE('',*,*,#979,.T.);
#506=ORIENTED_EDGE('',*,*,#977,.F.);
#507=ORIENTED_EDGE('',*,*,#931,.F.);
#508=ORIENTED_EDGE('',*,*,#809,.F.);
#509=ORIENTED_EDGE('',*,*,#980,.F.);
#510=ORIENTED_EDGE('',*,*,#981,.T.);
#511=ORIENTED_EDGE('',*,*,#982,.T.);
#512=ORIENTED_EDGE('',*,*,#808,.T.);
#513=ORIENTED_EDGE('',*,*,#983,.F.);
#514=ORIENTED_EDGE('',*,*,#984,.F.);
#515=ORIENTED_EDGE('',*,*,#980,.T.);
#516=ORIENTED_EDGE('',*,*,#813,.F.);
#517=ORIENTED_EDGE('',*,*,#985,.F.);
#518=ORIENTED_EDGE('',*,*,#986,.T.);
#519=ORIENTED_EDGE('',*,*,#983,.T.);
#520=ORIENTED_EDGE('',*,*,#812,.F.);
#521=ORIENTED_EDGE('',*,*,#987,.F.);
#522=ORIENTED_EDGE('',*,*,#988,.T.);
#523=ORIENTED_EDGE('',*,*,#985,.T.);
#524=ORIENTED_EDGE('',*,*,#811,.T.);
#525=ORIENTED_EDGE('',*,*,#989,.F.);
#526=ORIENTED_EDGE('',*,*,#990,.F.);
#527=ORIENTED_EDGE('',*,*,#987,.T.);
#528=ORIENTED_EDGE('',*,*,#810,.T.);
#529=ORIENTED_EDGE('',*,*,#982,.F.);
#530=ORIENTED_EDGE('',*,*,#991,.F.);
#531=ORIENTED_EDGE('',*,*,#989,.T.);
#532=ORIENTED_EDGE('',*,*,#992,.T.);
#533=ORIENTED_EDGE('',*,*,#993,.T.);
#534=ORIENTED_EDGE('',*,*,#994,.T.);
#535=ORIENTED_EDGE('',*,*,#995,.T.);
#536=ORIENTED_EDGE('',*,*,#996,.T.);
#537=ORIENTED_EDGE('',*,*,#997,.T.);
#538=ORIENTED_EDGE('',*,*,#981,.F.);
#539=ORIENTED_EDGE('',*,*,#984,.T.);
#540=ORIENTED_EDGE('',*,*,#986,.F.);
#541=ORIENTED_EDGE('',*,*,#988,.F.);
#542=ORIENTED_EDGE('',*,*,#990,.T.);
#543=ORIENTED_EDGE('',*,*,#991,.T.);
#544=ORIENTED_EDGE('',*,*,#998,.T.);
#545=ORIENTED_EDGE('',*,*,#807,.T.);
#546=ORIENTED_EDGE('',*,*,#806,.T.);
#547=ORIENTED_EDGE('',*,*,#925,.F.);
#548=ORIENTED_EDGE('',*,*,#999,.T.);
#549=ORIENTED_EDGE('',*,*,#1000,.T.);
#550=ORIENTED_EDGE('',*,*,#805,.T.);
#551=ORIENTED_EDGE('',*,*,#1000,.F.);
#552=ORIENTED_EDGE('',*,*,#924,.F.);
#553=ORIENTED_EDGE('',*,*,#998,.F.);
#554=ORIENTED_EDGE('',*,*,#999,.F.);
#555=ORIENTED_EDGE('',*,*,#926,.F.);
#556=ORIENTED_EDGE('',*,*,#1001,.T.);
#557=ORIENTED_EDGE('',*,*,#1002,.T.);
#558=ORIENTED_EDGE('',*,*,#1003,.F.);
#559=ORIENTED_EDGE('',*,*,#907,.F.);
#560=ORIENTED_EDGE('',*,*,#1004,.T.);
#561=ORIENTED_EDGE('',*,*,#814,.T.);
#562=ORIENTED_EDGE('',*,*,#1005,.T.);
#563=ORIENTED_EDGE('',*,*,#802,.F.);
#564=ORIENTED_EDGE('',*,*,#1006,.T.);
#565=ORIENTED_EDGE('',*,*,#840,.F.);
#566=ORIENTED_EDGE('',*,*,#1007,.T.);
#567=ORIENTED_EDGE('',*,*,#913,.F.);
#568=ORIENTED_EDGE('',*,*,#1008,.T.);
#569=ORIENTED_EDGE('',*,*,#1009,.T.);
#570=ORIENTED_EDGE('',*,*,#1001,.F.);
#571=ORIENTED_EDGE('',*,*,#912,.T.);
#572=ORIENTED_EDGE('',*,*,#1010,.T.);
#573=ORIENTED_EDGE('',*,*,#1011,.T.);
#574=ORIENTED_EDGE('',*,*,#1008,.F.);
#575=ORIENTED_EDGE('',*,*,#911,.T.);
#576=ORIENTED_EDGE('',*,*,#1012,.T.);
#577=ORIENTED_EDGE('',*,*,#1013,.T.);
#578=ORIENTED_EDGE('',*,*,#1010,.F.);
#579=ORIENTED_EDGE('',*,*,#910,.F.);
#580=ORIENTED_EDGE('',*,*,#1014,.T.);
#581=ORIENTED_EDGE('',*,*,#1015,.T.);
#582=ORIENTED_EDGE('',*,*,#1012,.F.);
#583=ORIENTED_EDGE('',*,*,#909,.T.);
#584=ORIENTED_EDGE('',*,*,#1003,.T.);
#585=ORIENTED_EDGE('',*,*,#1016,.T.);
#586=ORIENTED_EDGE('',*,*,#1014,.F.);
#587=ORIENTED_EDGE('',*,*,#908,.F.);
#588=ORIENTED_EDGE('',*,*,#895,.T.);
#589=ORIENTED_EDGE('',*,*,#1017,.F.);
#590=ORIENTED_EDGE('',*,*,#1018,.F.);
#591=ORIENTED_EDGE('',*,*,#1019,.T.);
#592=ORIENTED_EDGE('',*,*,#900,.F.);
#593=ORIENTED_EDGE('',*,*,#1020,.F.);
#594=ORIENTED_EDGE('',*,*,#1021,.T.);
#595=ORIENTED_EDGE('',*,*,#1017,.T.);
#596=ORIENTED_EDGE('',*,*,#899,.F.);
#597=ORIENTED_EDGE('',*,*,#1022,.F.);
#598=ORIENTED_EDGE('',*,*,#1023,.T.);
#599=ORIENTED_EDGE('',*,*,#1020,.T.);
#600=ORIENTED_EDGE('',*,*,#898,.T.);
#601=ORIENTED_EDGE('',*,*,#1024,.F.);
#602=ORIENTED_EDGE('',*,*,#1025,.F.);
#603=ORIENTED_EDGE('',*,*,#1022,.T.);
#604=ORIENTED_EDGE('',*,*,#897,.T.);
#605=ORIENTED_EDGE('',*,*,#1026,.F.);
#606=ORIENTED_EDGE('',*,*,#1027,.F.);
#607=ORIENTED_EDGE('',*,*,#1024,.T.);
#608=ORIENTED_EDGE('',*,*,#896,.F.);
#609=ORIENTED_EDGE('',*,*,#1019,.F.);
#610=ORIENTED_EDGE('',*,*,#1028,.T.);
#611=ORIENTED_EDGE('',*,*,#1026,.T.);
#612=ORIENTED_EDGE('',*,*,#1029,.T.);
#613=ORIENTED_EDGE('',*,*,#1030,.T.);
#614=ORIENTED_EDGE('',*,*,#1031,.T.);
#615=ORIENTED_EDGE('',*,*,#1032,.T.);
#616=ORIENTED_EDGE('',*,*,#1033,.T.);
#617=ORIENTED_EDGE('',*,*,#1034,.T.);
#618=ORIENTED_EDGE('',*,*,#1018,.T.);
#619=ORIENTED_EDGE('',*,*,#1021,.F.);
#620=ORIENTED_EDGE('',*,*,#1023,.F.);
#621=ORIENTED_EDGE('',*,*,#1025,.T.);
#622=ORIENTED_EDGE('',*,*,#1027,.T.);
#623=ORIENTED_EDGE('',*,*,#1028,.F.);
#624=ORIENTED_EDGE('',*,*,#1035,.T.);
#625=ORIENTED_EDGE('',*,*,#894,.F.);
#626=ORIENTED_EDGE('',*,*,#902,.F.);
#627=ORIENTED_EDGE('',*,*,#1036,.T.);
#628=ORIENTED_EDGE('',*,*,#893,.F.);
#629=ORIENTED_EDGE('',*,*,#1037,.T.);
#630=ORIENTED_EDGE('',*,*,#892,.F.);
#631=ORIENTED_EDGE('',*,*,#1037,.F.);
#632=ORIENTED_EDGE('',*,*,#901,.F.);
#633=ORIENTED_EDGE('',*,*,#1035,.F.);
#634=ORIENTED_EDGE('',*,*,#1036,.F.);
#635=ORIENTED_EDGE('',*,*,#903,.F.);
#636=ORIENTED_EDGE('',*,*,#823,.F.);
#637=ORIENTED_EDGE('',*,*,#1038,.T.);
#638=ORIENTED_EDGE('',*,*,#853,.F.);
#639=ORIENTED_EDGE('',*,*,#861,.F.);
#640=ORIENTED_EDGE('',*,*,#845,.F.);
#641=ORIENTED_EDGE('',*,*,#1039,.T.);
#642=ORIENTED_EDGE('',*,*,#833,.F.);
#643=ORIENTED_EDGE('',*,*,#879,.F.);
#644=ORIENTED_EDGE('',*,*,#970,.F.);
#645=ORIENTED_EDGE('',*,*,#817,.F.);
#646=ORIENTED_EDGE('',*,*,#1040,.F.);
#647=ORIENTED_EDGE('',*,*,#922,.F.);
#648=ORIENTED_EDGE('',*,*,#928,.F.);
#649=ORIENTED_EDGE('',*,*,#1040,.T.);
#650=ORIENTED_EDGE('',*,*,#816,.F.);
#651=ORIENTED_EDGE('',*,*,#1041,.F.);
#652=ORIENTED_EDGE('',*,*,#919,.F.);
#653=ORIENTED_EDGE('',*,*,#906,.F.);
#654=ORIENTED_EDGE('',*,*,#916,.F.);
#655=ORIENTED_EDGE('',*,*,#1041,.T.);
#656=ORIENTED_EDGE('',*,*,#815,.F.);
#657=ORIENTED_EDGE('',*,*,#1004,.F.);
#658=ORIENTED_EDGE('',*,*,#929,.F.);
#659=ORIENTED_EDGE('',*,*,#923,.F.);
#660=ORIENTED_EDGE('',*,*,#1042,.F.);
#661=ORIENTED_EDGE('',*,*,#859,.F.);
#662=ORIENTED_EDGE('',*,*,#967,.F.);
#663=ORIENTED_EDGE('',*,*,#1042,.T.);
#664=ORIENTED_EDGE('',*,*,#920,.F.);
#665=ORIENTED_EDGE('',*,*,#1043,.F.);
#666=ORIENTED_EDGE('',*,*,#838,.F.);
#667=ORIENTED_EDGE('',*,*,#1007,.F.);
#668=ORIENTED_EDGE('',*,*,#839,.F.);
#669=ORIENTED_EDGE('',*,*,#1043,.T.);
#670=ORIENTED_EDGE('',*,*,#917,.F.);
#671=ORIENTED_EDGE('',*,*,#914,.F.);
#672=ORIENTED_EDGE('',*,*,#1044,.F.);
#673=ORIENTED_EDGE('',*,*,#1033,.F.);
#674=ORIENTED_EDGE('',*,*,#1045,.F.);
#675=ORIENTED_EDGE('',*,*,#1013,.F.);
#676=ORIENTED_EDGE('',*,*,#1045,.T.);
#677=ORIENTED_EDGE('',*,*,#1032,.F.);
#678=ORIENTED_EDGE('',*,*,#1046,.F.);
#679=ORIENTED_EDGE('',*,*,#1011,.F.);
#680=ORIENTED_EDGE('',*,*,#1044,.T.);
#681=ORIENTED_EDGE('',*,*,#1015,.F.);
#682=ORIENTED_EDGE('',*,*,#1047,.F.);
#683=ORIENTED_EDGE('',*,*,#1034,.F.);
#684=ORIENTED_EDGE('',*,*,#1046,.T.);
#685=ORIENTED_EDGE('',*,*,#1031,.F.);
#686=ORIENTED_EDGE('',*,*,#1048,.F.);
#687=ORIENTED_EDGE('',*,*,#1009,.F.);
#688=ORIENTED_EDGE('',*,*,#1047,.T.);
#689=ORIENTED_EDGE('',*,*,#1016,.F.);
#690=ORIENTED_EDGE('',*,*,#1049,.F.);
#691=ORIENTED_EDGE('',*,*,#1029,.F.);
#692=ORIENTED_EDGE('',*,*,#1048,.T.);
#693=ORIENTED_EDGE('',*,*,#1030,.F.);
#694=ORIENTED_EDGE('',*,*,#1049,.T.);
#695=ORIENTED_EDGE('',*,*,#1002,.F.);
#696=ORIENTED_EDGE('',*,*,#1050,.F.);
#697=ORIENTED_EDGE('',*,*,#996,.F.);
#698=ORIENTED_EDGE('',*,*,#1051,.F.);
#699=ORIENTED_EDGE('',*,*,#974,.F.);
#700=ORIENTED_EDGE('',*,*,#1051,.T.);
#701=ORIENTED_EDGE('',*,*,#995,.F.);
#702=ORIENTED_EDGE('',*,*,#1052,.F.);
#703=ORIENTED_EDGE('',*,*,#972,.F.);
#704=ORIENTED_EDGE('',*,*,#1050,.T.);
#705=ORIENTED_EDGE('',*,*,#976,.F.);
#706=ORIENTED_EDGE('',*,*,#1053,.F.);
#707=ORIENTED_EDGE('',*,*,#997,.F.);
#708=ORIENTED_EDGE('',*,*,#1052,.T.);
#709=ORIENTED_EDGE('',*,*,#994,.F.);
#710=ORIENTED_EDGE('',*,*,#1054,.F.);
#711=ORIENTED_EDGE('',*,*,#965,.F.);
#712=ORIENTED_EDGE('',*,*,#1053,.T.);
#713=ORIENTED_EDGE('',*,*,#978,.F.);
#714=ORIENTED_EDGE('',*,*,#1055,.F.);
#715=ORIENTED_EDGE('',*,*,#992,.F.);
#716=ORIENTED_EDGE('',*,*,#1054,.T.);
#717=ORIENTED_EDGE('',*,*,#993,.F.);
#718=ORIENTED_EDGE('',*,*,#1055,.T.);
#719=ORIENTED_EDGE('',*,*,#979,.F.);
#720=ORIENTED_EDGE('',*,*,#968,.F.);
#721=ORIENTED_EDGE('',*,*,#857,.F.);
#722=ORIENTED_EDGE('',*,*,#1056,.F.);
#723=ORIENTED_EDGE('',*,*,#940,.F.);
#724=ORIENTED_EDGE('',*,*,#1056,.T.);
#725=ORIENTED_EDGE('',*,*,#856,.F.);
#726=ORIENTED_EDGE('',*,*,#1057,.F.);
#727=ORIENTED_EDGE('',*,*,#943,.F.);
#728=ORIENTED_EDGE('',*,*,#1057,.T.);
#729=ORIENTED_EDGE('',*,*,#855,.F.);
#730=ORIENTED_EDGE('',*,*,#1058,.F.);
#731=ORIENTED_EDGE('',*,*,#946,.F.);
#732=ORIENTED_EDGE('',*,*,#1058,.T.);
#733=ORIENTED_EDGE('',*,*,#854,.F.);
#734=ORIENTED_EDGE('',*,*,#1059,.F.);
#735=ORIENTED_EDGE('',*,*,#950,.F.);
#736=ORIENTED_EDGE('',*,*,#1059,.T.);
#737=ORIENTED_EDGE('',*,*,#1038,.F.);
#738=ORIENTED_EDGE('',*,*,#1060,.F.);
#739=ORIENTED_EDGE('',*,*,#948,.F.);
#740=ORIENTED_EDGE('',*,*,#1060,.T.);
#741=ORIENTED_EDGE('',*,*,#822,.F.);
#742=ORIENTED_EDGE('',*,*,#1061,.F.);
#743=ORIENTED_EDGE('',*,*,#949,.F.);
#744=ORIENTED_EDGE('',*,*,#1061,.T.);
#745=ORIENTED_EDGE('',*,*,#821,.F.);
#746=ORIENTED_EDGE('',*,*,#1062,.F.);
#747=ORIENTED_EDGE('',*,*,#945,.F.);
#748=ORIENTED_EDGE('',*,*,#1062,.T.);
#749=ORIENTED_EDGE('',*,*,#820,.F.);
#750=ORIENTED_EDGE('',*,*,#1063,.F.);
#751=ORIENTED_EDGE('',*,*,#942,.F.);
#752=ORIENTED_EDGE('',*,*,#1063,.T.);
#753=ORIENTED_EDGE('',*,*,#819,.F.);
#754=ORIENTED_EDGE('',*,*,#969,.F.);
#755=ORIENTED_EDGE('',*,*,#938,.F.);
#756=ORIENTED_EDGE('',*,*,#1005,.F.);
#757=ORIENTED_EDGE('',*,*,#837,.F.);
#758=ORIENTED_EDGE('',*,*,#1064,.F.);
#759=ORIENTED_EDGE('',*,*,#803,.F.);
#760=ORIENTED_EDGE('',*,*,#1064,.T.);
#761=ORIENTED_EDGE('',*,*,#836,.F.);
#762=ORIENTED_EDGE('',*,*,#1065,.F.);
#763=ORIENTED_EDGE('',*,*,#890,.F.);
#764=ORIENTED_EDGE('',*,*,#1065,.T.);
#765=ORIENTED_EDGE('',*,*,#835,.F.);
#766=ORIENTED_EDGE('',*,*,#1066,.F.);
#767=ORIENTED_EDGE('',*,*,#888,.F.);
#768=ORIENTED_EDGE('',*,*,#1066,.T.);
#769=ORIENTED_EDGE('',*,*,#834,.F.);
#770=ORIENTED_EDGE('',*,*,#1067,.F.);
#771=ORIENTED_EDGE('',*,*,#883,.F.);
#772=ORIENTED_EDGE('',*,*,#1067,.T.);
#773=ORIENTED_EDGE('',*,*,#1039,.F.);
#774=ORIENTED_EDGE('',*,*,#1068,.F.);
#775=ORIENTED_EDGE('',*,*,#884,.F.);
#776=ORIENTED_EDGE('',*,*,#1068,.T.);
#777=ORIENTED_EDGE('',*,*,#844,.F.);
#778=ORIENTED_EDGE('',*,*,#1069,.F.);
#779=ORIENTED_EDGE('',*,*,#885,.F.);
#780=ORIENTED_EDGE('',*,*,#1069,.T.);
#781=ORIENTED_EDGE('',*,*,#843,.F.);
#782=ORIENTED_EDGE('',*,*,#1070,.F.);
#783=ORIENTED_EDGE('',*,*,#886,.F.);
#784=ORIENTED_EDGE('',*,*,#1070,.T.);
#785=ORIENTED_EDGE('',*,*,#842,.F.);
#786=ORIENTED_EDGE('',*,*,#1071,.F.);
#787=ORIENTED_EDGE('',*,*,#889,.F.);
#788=ORIENTED_EDGE('',*,*,#1006,.F.);
#789=ORIENTED_EDGE('',*,*,#801,.F.);
#790=ORIENTED_EDGE('',*,*,#1071,.T.);
#791=ORIENTED_EDGE('',*,*,#841,.F.);
#792=ORIENTED_EDGE('',*,*,#804,.F.);
#793=ORIENTED_EDGE('',*,*,#961,.F.);
#794=ORIENTED_EDGE('',*,*,#947,.F.);
#795=ORIENTED_EDGE('',*,*,#960,.F.);
#796=ORIENTED_EDGE('',*,*,#891,.F.);
#797=ORIENTED_EDGE('',*,*,#962,.F.);
#798=ORIENTED_EDGE('',*,*,#881,.F.);
#799=ORIENTED_EDGE('',*,*,#963,.F.);
#800=EDGE_CURVE('',#1072,#1073,#1250,.T.);
#801=EDGE_CURVE('',#1073,#1074,#1251,.F.);
#802=EDGE_CURVE('',#1074,#1075,#114,.T.);
#803=EDGE_CURVE('',#1075,#1072,#1252,.T.);
#804=EDGE_CURVE('',#1076,#1076,#115,.F.);
#805=EDGE_CURVE('',#1077,#1077,#116,.T.);
#806=EDGE_CURVE('',#1078,#1078,#117,.T.);
#807=EDGE_CURVE('',#1079,#1079,#118,.T.);
#808=EDGE_CURVE('',#1080,#1081,#119,.T.);
#809=EDGE_CURVE('',#1080,#1082,#120,.T.);
#810=EDGE_CURVE('',#1083,#1082,#121,.T.);
#811=EDGE_CURVE('',#1084,#1083,#1253,.T.);
#812=EDGE_CURVE('',#1084,#1085,#122,.T.);
#813=EDGE_CURVE('',#1085,#1081,#1254,.T.);
#814=EDGE_CURVE('',#1086,#1087,#1255,.T.);
#815=EDGE_CURVE('',#1086,#1088,#123,.F.);
#816=EDGE_CURVE('',#1088,#1089,#1256,.T.);
#817=EDGE_CURVE('',#1089,#1090,#124,.F.);
#818=EDGE_CURVE('',#1090,#1091,#1257,.T.);
#819=EDGE_CURVE('',#1091,#1092,#1258,.F.);
#820=EDGE_CURVE('',#1092,#1093,#125,.T.);
#821=EDGE_CURVE('',#1093,#1094,#126,.F.);
#822=EDGE_CURVE('',#1094,#1095,#1259,.F.);
#823=EDGE_CURVE('',#1095,#1096,#1260,.F.);
#824=EDGE_CURVE('',#1097,#1096,#1261,.T.);
#825=EDGE_CURVE('',#1097,#1098,#127,.T.);
#826=EDGE_CURVE('',#1099,#1098,#1262,.T.);
#827=EDGE_CURVE('',#1099,#1100,#128,.T.);
#828=EDGE_CURVE('',#1100,#1101,#1263,.T.);
#829=EDGE_CURVE('',#1101,#1102,#129,.T.);
#830=EDGE_CURVE('',#1103,#1102,#1264,.T.);
#831=EDGE_CURVE('',#1103,#1104,#130,.T.);
#832=EDGE_CURVE('',#1104,#1105,#1265,.T.);
#833=EDGE_CURVE('',#1105,#1106,#1266,.F.);
#834=EDGE_CURVE('',#1106,#1107,#1267,.F.);
#835=EDGE_CURVE('',#1107,#1108,#131,.F.);
#836=EDGE_CURVE('',#1108,#1109,#132,.T.);
#837=EDGE_CURVE('',#1109,#1087,#1268,.F.);
#838=EDGE_CURVE('',#1110,#1111,#1269,.F.);
#839=EDGE_CURVE('',#1111,#1112,#133,.T.);
#840=EDGE_CURVE('',#1112,#1113,#1270,.T.);
#841=EDGE_CURVE('',#1113,#1114,#1271,.T.);
#842=EDGE_CURVE('',#1114,#1115,#134,.F.);
#843=EDGE_CURVE('',#1115,#1116,#135,.T.);
#844=EDGE_CURVE('',#1116,#1117,#1272,.T.);
#845=EDGE_CURVE('',#1117,#1118,#1273,.T.);
#846=EDGE_CURVE('',#1119,#1118,#1274,.T.);
#847=EDGE_CURVE('',#1119,#1120,#1275,.T.);
#848=EDGE_CURVE('',#1120,#1121,#136,.T.);
#849=EDGE_CURVE('',#1121,#1122,#1276,.T.);
#850=EDGE_CURVE('',#1122,#1123,#137,.T.);
#851=EDGE_CURVE('',#1124,#1123,#1277,.T.);
#852=EDGE_CURVE('',#1124,#1125,#1278,.T.);
#853=EDGE_CURVE('',#1125,#1126,#1279,.T.);
#854=EDGE_CURVE('',#1126,#1127,#1280,.T.);
#855=EDGE_CURVE('',#1127,#1128,#138,.T.);
#856=EDGE_CURVE('',#1128,#1129,#139,.F.);
#857=EDGE_CURVE('',#1129,#1130,#1281,.T.);
#858=EDGE_CURVE('',#1131,#1130,#1282,.T.);
#859=EDGE_CURVE('',#1131,#1110,#140,.T.);
#860=EDGE_CURVE('',#1132,#1132,#141,.T.);
#861=EDGE_CURVE('',#1096,#1125,#142,.T.);
#862=EDGE_CURVE('',#1133,#1124,#1283,.T.);
#863=EDGE_CURVE('',#1097,#1133,#1284,.T.);
#864=EDGE_CURVE('',#1133,#1134,#143,.T.);
#865=EDGE_CURVE('',#1098,#1134,#1285,.T.);
#866=EDGE_CURVE('',#1135,#1134,#1286,.T.);
#867=EDGE_CURVE('',#1099,#1135,#1287,.T.);
#868=EDGE_CURVE('',#1135,#1136,#144,.T.);
#869=EDGE_CURVE('',#1100,#1136,#1288,.T.);
#870=EDGE_CURVE('',#1136,#1137,#1289,.T.);
#871=EDGE_CURVE('',#1101,#1137,#1290,.T.);
#872=EDGE_CURVE('',#1137,#1138,#145,.T.);
#873=EDGE_CURVE('',#1102,#1138,#1291,.T.);
#874=EDGE_CURVE('',#1139,#1138,#1292,.T.);
#875=EDGE_CURVE('',#1103,#1139,#1293,.T.);
#876=EDGE_CURVE('',#1139,#1140,#146,.T.);
#877=EDGE_CURVE('',#1104,#1140,#1294,.T.);
#878=EDGE_CURVE('',#1141,#1141,#147,.T.);
#879=EDGE_CURVE('',#1118,#1105,#148,.F.);
#880=EDGE_CURVE('',#1140,#1119,#1295,.T.);
#881=EDGE_CURVE('',#1142,#1142,#149,.F.);
#882=EDGE_CURVE('',#1143,#1144,#1296,.T.);
#883=EDGE_CURVE('',#1143,#1145,#1297,.T.);
#884=EDGE_CURVE('',#1145,#1146,#150,.T.);
#885=EDGE_CURVE('',#1146,#1144,#1298,.F.);
#886=EDGE_CURVE('',#1144,#1147,#151,.F.);
#887=EDGE_CURVE('',#1148,#1147,#1299,.T.);
#888=EDGE_CURVE('',#1148,#1143,#152,.T.);
#889=EDGE_CURVE('',#1147,#1073,#153,.T.);
#890=EDGE_CURVE('',#1072,#1148,#154,.F.);
#891=EDGE_CURVE('',#1149,#1149,#155,.F.);
#892=EDGE_CURVE('',#1150,#1150,#156,.T.);
#893=EDGE_CURVE('',#1151,#1151,#157,.T.);
#894=EDGE_CURVE('',#1152,#1152,#158,.T.);
#895=EDGE_CURVE('',#1153,#1154,#159,.T.);
#896=EDGE_CURVE('',#1153,#1155,#160,.T.);
#897=EDGE_CURVE('',#1156,#1155,#1300,.T.);
#898=EDGE_CURVE('',#1157,#1156,#161,.T.);
#899=EDGE_CURVE('',#1157,#1158,#1301,.T.);
#900=EDGE_CURVE('',#1158,#1154,#162,.T.);
#901=EDGE_CURVE('',#1159,#1159,#163,.F.);
#902=EDGE_CURVE('',#1160,#1161,#164,.F.);
#903=EDGE_CURVE('',#1161,#1160,#165,.F.);
#904=EDGE_CURVE('',#1162,#1162,#166,.T.);
#905=EDGE_CURVE('',#1163,#1164,#1302,.T.);
#906=EDGE_CURVE('',#1163,#1165,#42,.F.);
#907=EDGE_CURVE('',#1165,#1166,#167,.T.);
#908=EDGE_CURVE('',#1166,#1167,#1303,.T.);
#909=EDGE_CURVE('',#1168,#1167,#168,.T.);
#910=EDGE_CURVE('',#1168,#1169,#169,.T.);
#911=EDGE_CURVE('',#1170,#1169,#170,.T.);
#912=EDGE_CURVE('',#1171,#1170,#1304,.T.);
#913=EDGE_CURVE('',#1171,#1172,#171,.T.);
#914=EDGE_CURVE('',#1172,#1164,#43,.T.);
#915=EDGE_CURVE('',#1173,#1174,#1305,.T.);
#916=EDGE_CURVE('',#1173,#1163,#172,.T.);
#917=EDGE_CURVE('',#1164,#1174,#173,.F.);
#918=EDGE_CURVE('',#1175,#1176,#1306,.T.);
#919=EDGE_CURVE('',#1175,#1173,#1307,.F.);
#920=EDGE_CURVE('',#1174,#1176,#1308,.T.);
#921=EDGE_CURVE('',#1177,#1178,#1309,.T.);
#922=EDGE_CURVE('',#1177,#1175,#174,.T.);
#923=EDGE_CURVE('',#1176,#1178,#175,.F.);
#924=EDGE_CURVE('',#1179,#1179,#176,.F.);
#925=EDGE_CURVE('',#1180,#1181,#177,.F.);
#926=EDGE_CURVE('',#1181,#1180,#178,.F.);
#927=EDGE_CURVE('',#1182,#1183,#179,.T.);
#928=EDGE_CURVE('',#1182,#1177,#44,.T.);
#929=EDGE_CURVE('',#1178,#1184,#45,.F.);
#930=EDGE_CURVE('',#1185,#1184,#180,.T.);
#931=EDGE_CURVE('',#1185,#1186,#1310,.T.);
#932=EDGE_CURVE('',#1186,#1187,#181,.T.);
#933=EDGE_CURVE('',#1188,#1187,#182,.T.);
#934=EDGE_CURVE('',#1188,#1189,#183,.T.);
#935=EDGE_CURVE('',#1183,#1189,#1311,.T.);
#936=EDGE_CURVE('',#1190,#1190,#184,.T.);
#937=EDGE_CURVE('',#1191,#1192,#1312,.T.);
#938=EDGE_CURVE('',#1191,#1193,#1313,.T.);
#939=EDGE_CURVE('',#1194,#1193,#185,.T.);
#940=EDGE_CURVE('',#1194,#1192,#1314,.F.);
#941=EDGE_CURVE('',#1195,#1196,#1315,.T.);
#942=EDGE_CURVE('',#1195,#1191,#186,.F.);
#943=EDGE_CURVE('',#1192,#1196,#187,.T.);
#944=EDGE_CURVE('',#1197,#1198,#1316,.T.);
#945=EDGE_CURVE('',#1197,#1195,#188,.T.);
#946=EDGE_CURVE('',#1196,#1198,#189,.F.);
#947=EDGE_CURVE('',#1199,#1199,#190,.F.);
#948=EDGE_CURVE('',#1200,#1201,#191,.T.);
#949=EDGE_CURVE('',#1201,#1197,#1317,.T.);
#950=EDGE_CURVE('',#1198,#1200,#1318,.F.);
#951=EDGE_CURVE('',#1202,#1123,#1319,.T.);
#952=EDGE_CURVE('',#1133,#1202,#1320,.T.);
#953=EDGE_CURVE('',#1203,#1122,#1321,.T.);
#954=EDGE_CURVE('',#1203,#1202,#192,.T.);
#955=EDGE_CURVE('',#1204,#1121,#1322,.T.);
#956=EDGE_CURVE('',#1204,#1203,#1323,.T.);
#957=EDGE_CURVE('',#1205,#1120,#1324,.T.);
#958=EDGE_CURVE('',#1205,#1204,#193,.T.);
#959=EDGE_CURVE('',#1140,#1205,#1325,.T.);
#960=EDGE_CURVE('',#1206,#1206,#194,.T.);
#961=EDGE_CURVE('',#1207,#1207,#195,.T.);
#962=EDGE_CURVE('',#1208,#1208,#196,.T.);
#963=EDGE_CURVE('',#1209,#1209,#197,.T.);
#964=EDGE_CURVE('',#1183,#1210,#1326,.T.);
#965=EDGE_CURVE('',#1210,#1211,#198,.F.);
#966=EDGE_CURVE('',#1185,#1211,#1327,.T.);
#967=EDGE_CURVE('',#1184,#1131,#46,.T.);
#968=EDGE_CURVE('',#1130,#1194,#47,.T.);
#969=EDGE_CURVE('',#1193,#1091,#48,.T.);
#970=EDGE_CURVE('',#1090,#1182,#49,.T.);
#971=EDGE_CURVE('',#1189,#1212,#1328,.T.);
#972=EDGE_CURVE('',#1212,#1210,#1329,.F.);
#973=EDGE_CURVE('',#1188,#1213,#1330,.T.);
#974=EDGE_CURVE('',#1213,#1212,#199,.T.);
#975=EDGE_CURVE('',#1187,#1214,#1331,.T.);
#976=EDGE_CURVE('',#1214,#1213,#200,.F.);
#977=EDGE_CURVE('',#1186,#1215,#1332,.T.);
#978=EDGE_CURVE('',#1215,#1214,#201,.T.);
#979=EDGE_CURVE('',#1211,#1215,#1333,.T.);
#980=EDGE_CURVE('',#1216,#1080,#1334,.T.);
#981=EDGE_CURVE('',#1216,#1217,#202,.T.);
#982=EDGE_CURVE('',#1217,#1082,#1335,.T.);
#983=EDGE_CURVE('',#1218,#1081,#1336,.T.);
#984=EDGE_CURVE('',#1216,#1218,#203,.T.);
#985=EDGE_CURVE('',#1219,#1085,#1337,.T.);
#986=EDGE_CURVE('',#1219,#1218,#1338,.T.);
#987=EDGE_CURVE('',#1220,#1084,#1339,.T.);
#988=EDGE_CURVE('',#1220,#1219,#204,.T.);
#989=EDGE_CURVE('',#1221,#1083,#1340,.T.);
#990=EDGE_CURVE('',#1220,#1221,#1341,.T.);
#991=EDGE_CURVE('',#1221,#1217,#205,.T.);
#992=EDGE_CURVE('',#1222,#1223,#206,.F.);
#993=EDGE_CURVE('',#1223,#1224,#1342,.F.);
#994=EDGE_CURVE('',#1224,#1225,#207,.T.);
#995=EDGE_CURVE('',#1225,#1226,#1343,.T.);
#996=EDGE_CURVE('',#1226,#1227,#208,.F.);
#997=EDGE_CURVE('',#1227,#1222,#209,.T.);
#998=EDGE_CURVE('',#1228,#1228,#210,.T.);
#999=EDGE_CURVE('',#1180,#1181,#50,.T.);
#1000=EDGE_CURVE('',#1229,#1229,#211,.T.);
#1001=EDGE_CURVE('',#1171,#1230,#1344,.T.);
#1002=EDGE_CURVE('',#1230,#1231,#212,.F.);
#1003=EDGE_CURVE('',#1166,#1231,#1345,.T.);
#1004=EDGE_CURVE('',#1165,#1086,#51,.T.);
#1005=EDGE_CURVE('',#1087,#1075,#52,.T.);
#1006=EDGE_CURVE('',#1074,#1113,#53,.T.);
#1007=EDGE_CURVE('',#1112,#1172,#54,.T.);
#1008=EDGE_CURVE('',#1170,#1232,#1346,.T.);
#1009=EDGE_CURVE('',#1232,#1230,#1347,.F.);
#1010=EDGE_CURVE('',#1169,#1233,#1348,.T.);
#1011=EDGE_CURVE('',#1233,#1232,#213,.T.);
#1012=EDGE_CURVE('',#1168,#1234,#1349,.T.);
#1013=EDGE_CURVE('',#1234,#1233,#214,.F.);
#1014=EDGE_CURVE('',#1167,#1235,#1350,.T.);
#1015=EDGE_CURVE('',#1235,#1234,#215,.T.);
#1016=EDGE_CURVE('',#1231,#1235,#1351,.T.);
#1017=EDGE_CURVE('',#1236,#1154,#1352,.T.);
#1018=EDGE_CURVE('',#1237,#1236,#216,.T.);
#1019=EDGE_CURVE('',#1237,#1153,#1353,.T.);
#1020=EDGE_CURVE('',#1238,#1158,#1354,.T.);
#1021=EDGE_CURVE('',#1238,#1236,#217,.T.);
#1022=EDGE_CURVE('',#1239,#1157,#1355,.T.);
#1023=EDGE_CURVE('',#1239,#1238,#1356,.T.);
#1024=EDGE_CURVE('',#1240,#1156,#1357,.T.);
#1025=EDGE_CURVE('',#1239,#1240,#218,.T.);
#1026=EDGE_CURVE('',#1241,#1155,#1358,.T.);
#1027=EDGE_CURVE('',#1240,#1241,#1359,.T.);
#1028=EDGE_CURVE('',#1237,#1241,#219,.T.);
#1029=EDGE_CURVE('',#1242,#1243,#1360,.F.);
#1030=EDGE_CURVE('',#1243,#1244,#220,.T.);
#1031=EDGE_CURVE('',#1244,#1245,#1361,.T.);
#1032=EDGE_CURVE('',#1245,#1246,#221,.F.);
#1033=EDGE_CURVE('',#1246,#1247,#222,.T.);
#1034=EDGE_CURVE('',#1247,#1242,#223,.F.);
#1035=EDGE_CURVE('',#1248,#1248,#224,.T.);
#1036=EDGE_CURVE('',#1160,#1161,#55,.T.);
#1037=EDGE_CURVE('',#1249,#1249,#225,.T.);
#1038=EDGE_CURVE('',#1095,#1126,#226,.F.);
#1039=EDGE_CURVE('',#1117,#1106,#227,.F.);
#1040=EDGE_CURVE('',#1175,#1089,#56,.T.);
#1041=EDGE_CURVE('',#1173,#1088,#57,.F.);
#1042=EDGE_CURVE('',#1110,#1176,#58,.T.);
#1043=EDGE_CURVE('',#1111,#1174,#59,.F.);
#1044=EDGE_CURVE('',#1247,#1234,#228,.T.);
#1045=EDGE_CURVE('',#1233,#1246,#229,.T.);
#1046=EDGE_CURVE('',#1232,#1245,#230,.T.);
#1047=EDGE_CURVE('',#1242,#1235,#231,.T.);
#1048=EDGE_CURVE('',#1230,#1244,#232,.T.);
#1049=EDGE_CURVE('',#1243,#1231,#233,.T.);
#1050=EDGE_CURVE('',#1227,#1213,#234,.T.);
#1051=EDGE_CURVE('',#1212,#1226,#235,.T.);
#1052=EDGE_CURVE('',#1210,#1225,#236,.T.);
#1053=EDGE_CURVE('',#1222,#1214,#237,.T.);
#1054=EDGE_CURVE('',#1211,#1224,#238,.T.);
#1055=EDGE_CURVE('',#1223,#1215,#239,.T.);
#1056=EDGE_CURVE('',#1192,#1129,#240,.T.);
#1057=EDGE_CURVE('',#1196,#1128,#241,.T.);
#1058=EDGE_CURVE('',#1198,#1127,#242,.T.);
#1059=EDGE_CURVE('',#1200,#1126,#243,.T.);
#1060=EDGE_CURVE('',#1201,#1095,#244,.T.);
#1061=EDGE_CURVE('',#1197,#1094,#245,.T.);
#1062=EDGE_CURVE('',#1195,#1093,#246,.T.);
#1063=EDGE_CURVE('',#1191,#1092,#247,.T.);
#1064=EDGE_CURVE('',#1072,#1109,#248,.T.);
#1065=EDGE_CURVE('',#1148,#1108,#249,.T.);
#1066=EDGE_CURVE('',#1143,#1107,#250,.T.);
#1067=EDGE_CURVE('',#1145,#1106,#251,.T.);
#1068=EDGE_CURVE('',#1146,#1117,#252,.T.);
#1069=EDGE_CURVE('',#1144,#1116,#253,.T.);
#1070=EDGE_CURVE('',#1147,#1115,#254,.T.);
#1071=EDGE_CURVE('',#1073,#1114,#255,.T.);
#1072=VERTEX_POINT('',#2820);
#1073=VERTEX_POINT('',#2821);
#1074=VERTEX_POINT('',#2823);
#1075=VERTEX_POINT('',#2825);
#1076=VERTEX_POINT('',#2829);
#1077=VERTEX_POINT('',#2831);
#1078=VERTEX_POINT('',#2833);
#1079=VERTEX_POINT('',#2835);
#1080=VERTEX_POINT('',#2837);
#1081=VERTEX_POINT('',#2838);
#1082=VERTEX_POINT('',#2840);
#1083=VERTEX_POINT('',#2842);
#1084=VERTEX_POINT('',#2844);
#1085=VERTEX_POINT('',#2846);
#1086=VERTEX_POINT('',#2850);
#1087=VERTEX_POINT('',#2851);
#1088=VERTEX_POINT('',#2853);
#1089=VERTEX_POINT('',#2855);
#1090=VERTEX_POINT('',#2857);
#1091=VERTEX_POINT('',#2859);
#1092=VERTEX_POINT('',#2861);
#1093=VERTEX_POINT('',#2863);
#1094=VERTEX_POINT('',#2865);
#1095=VERTEX_POINT('',#2867);
#1096=VERTEX_POINT('',#2869);
#1097=VERTEX_POINT('',#2871);
#1098=VERTEX_POINT('',#2873);
#1099=VERTEX_POINT('',#2875);
#1100=VERTEX_POINT('',#2877);
#1101=VERTEX_POINT('',#2879);
#1102=VERTEX_POINT('',#2881);
#1103=VERTEX_POINT('',#2883);
#1104=VERTEX_POINT('',#2885);
#1105=VERTEX_POINT('',#2887);
#1106=VERTEX_POINT('',#2889);
#1107=VERTEX_POINT('',#2891);
#1108=VERTEX_POINT('',#2893);
#1109=VERTEX_POINT('',#2895);
#1110=VERTEX_POINT('',#2899);
#1111=VERTEX_POINT('',#2900);
#1112=VERTEX_POINT('',#2902);
#1113=VERTEX_POINT('',#2904);
#1114=VERTEX_POINT('',#2906);
#1115=VERTEX_POINT('',#2908);
#1116=VERTEX_POINT('',#2910);
#1117=VERTEX_POINT('',#2912);
#1118=VERTEX_POINT('',#2914);
#1119=VERTEX_POINT('',#2916);
#1120=VERTEX_POINT('',#2918);
#1121=VERTEX_POINT('',#2920);
#1122=VERTEX_POINT('',#2922);
#1123=VERTEX_POINT('',#2924);
#1124=VERTEX_POINT('',#2926);
#1125=VERTEX_POINT('',#2928);
#1126=VERTEX_POINT('',#2930);
#1127=VERTEX_POINT('',#2932);
#1128=VERTEX_POINT('',#2934);
#1129=VERTEX_POINT('',#2936);
#1130=VERTEX_POINT('',#2938);
#1131=VERTEX_POINT('',#2940);
#1132=VERTEX_POINT('',#2944);
#1133=VERTEX_POINT('',#2947);
#1134=VERTEX_POINT('',#2951);
#1135=VERTEX_POINT('',#2955);
#1136=VERTEX_POINT('',#2959);
#1137=VERTEX_POINT('',#2963);
#1138=VERTEX_POINT('',#2967);
#1139=VERTEX_POINT('',#2971);
#1140=VERTEX_POINT('',#2975);
#1141=VERTEX_POINT('',#2979);
#1142=VERTEX_POINT('',#2984);
#1143=VERTEX_POINT('',#2986);
#1144=VERTEX_POINT('',#2987);
#1145=VERTEX_POINT('',#2989);
#1146=VERTEX_POINT('',#2991);
#1147=VERTEX_POINT('',#2995);
#1148=VERTEX_POINT('',#2997);
#1149=VERTEX_POINT('',#3004);
#1150=VERTEX_POINT('',#3006);
#1151=VERTEX_POINT('',#3008);
#1152=VERTEX_POINT('',#3010);
#1153=VERTEX_POINT('',#3012);
#1154=VERTEX_POINT('',#3013);
#1155=VERTEX_POINT('',#3015);
#1156=VERTEX_POINT('',#3017);
#1157=VERTEX_POINT('',#3019);
#1158=VERTEX_POINT('',#3021);
#1159=VERTEX_POINT('',#3025);
#1160=VERTEX_POINT('',#3027);
#1161=VERTEX_POINT('',#3028);
#1162=VERTEX_POINT('',#3031);
#1163=VERTEX_POINT('',#3033);
#1164=VERTEX_POINT('',#3034);
#1165=VERTEX_POINT('',#3039);
#1166=VERTEX_POINT('',#3041);
#1167=VERTEX_POINT('',#3043);
#1168=VERTEX_POINT('',#3045);
#1169=VERTEX_POINT('',#3047);
#1170=VERTEX_POINT('',#3049);
#1171=VERTEX_POINT('',#3051);
#1172=VERTEX_POINT('',#3053);
#1173=VERTEX_POINT('',#3060);
#1174=VERTEX_POINT('',#3061);
#1175=VERTEX_POINT('',#3066);
#1176=VERTEX_POINT('',#3067);
#1177=VERTEX_POINT('',#3072);
#1178=VERTEX_POINT('',#3073);
#1179=VERTEX_POINT('',#3078);
#1180=VERTEX_POINT('',#3080);
#1181=VERTEX_POINT('',#3081);
#1182=VERTEX_POINT('',#3084);
#1183=VERTEX_POINT('',#3085);
#1184=VERTEX_POINT('',#3094);
#1185=VERTEX_POINT('',#3096);
#1186=VERTEX_POINT('',#3098);
#1187=VERTEX_POINT('',#3100);
#1188=VERTEX_POINT('',#3102);
#1189=VERTEX_POINT('',#3104);
#1190=VERTEX_POINT('',#3107);
#1191=VERTEX_POINT('',#3110);
#1192=VERTEX_POINT('',#3111);
#1193=VERTEX_POINT('',#3113);
#1194=VERTEX_POINT('',#3115);
#1195=VERTEX_POINT('',#3119);
#1196=VERTEX_POINT('',#3120);
#1197=VERTEX_POINT('',#3125);
#1198=VERTEX_POINT('',#3126);
#1199=VERTEX_POINT('',#3131);
#1200=VERTEX_POINT('',#3133);
#1201=VERTEX_POINT('',#3134);
#1202=VERTEX_POINT('',#3139);
#1203=VERTEX_POINT('',#3143);
#1204=VERTEX_POINT('',#3147);
#1205=VERTEX_POINT('',#3151);
#1206=VERTEX_POINT('',#3158);
#1207=VERTEX_POINT('',#3161);
#1208=VERTEX_POINT('',#3164);
#1209=VERTEX_POINT('',#3167);
#1210=VERTEX_POINT('',#3170);
#1211=VERTEX_POINT('',#3172);
#1212=VERTEX_POINT('',#3200);
#1213=VERTEX_POINT('',#3204);
#1214=VERTEX_POINT('',#3208);
#1215=VERTEX_POINT('',#3212);
#1216=VERTEX_POINT('',#3218);
#1217=VERTEX_POINT('',#3220);
#1218=VERTEX_POINT('',#3224);
#1219=VERTEX_POINT('',#3228);
#1220=VERTEX_POINT('',#3232);
#1221=VERTEX_POINT('',#3236);
#1222=VERTEX_POINT('',#3242);
#1223=VERTEX_POINT('',#3243);
#1224=VERTEX_POINT('',#3245);
#1225=VERTEX_POINT('',#3247);
#1226=VERTEX_POINT('',#3249);
#1227=VERTEX_POINT('',#3251);
#1228=VERTEX_POINT('',#3255);
#1229=VERTEX_POINT('',#3268);
#1230=VERTEX_POINT('',#3273);
#1231=VERTEX_POINT('',#3275);
#1232=VERTEX_POINT('',#3303);
#1233=VERTEX_POINT('',#3307);
#1234=VERTEX_POINT('',#3311);
#1235=VERTEX_POINT('',#3315);
#1236=VERTEX_POINT('',#3321);
#1237=VERTEX_POINT('',#3323);
#1238=VERTEX_POINT('',#3327);
#1239=VERTEX_POINT('',#3331);
#1240=VERTEX_POINT('',#3335);
#1241=VERTEX_POINT('',#3339);
#1242=VERTEX_POINT('',#3345);
#1243=VERTEX_POINT('',#3346);
#1244=VERTEX_POINT('',#3348);
#1245=VERTEX_POINT('',#3350);
#1246=VERTEX_POINT('',#3352);
#1247=VERTEX_POINT('',#3354);
#1248=VERTEX_POINT('',#3358);
#1249=VERTEX_POINT('',#3371);
#1250=LINE('',#2819,#1362);
#1251=LINE('',#2822,#1363);
#1252=LINE('',#2826,#1364);
#1253=LINE('',#2843,#1365);
#1254=LINE('',#2847,#1366);
#1255=LINE('',#2849,#1367);
#1256=LINE('',#2854,#1368);
#1257=LINE('',#2858,#1369);
#1258=LINE('',#2860,#1370);
#1259=LINE('',#2866,#1371);
#1260=LINE('',#2868,#1372);
#1261=LINE('',#2870,#1373);
#1262=LINE('',#2874,#1374);
#1263=LINE('',#2878,#1375);
#1264=LINE('',#2882,#1376);
#1265=LINE('',#2886,#1377);
#1266=LINE('',#2888,#1378);
#1267=LINE('',#2890,#1379);
#1268=LINE('',#2896,#1380);
#1269=LINE('',#2898,#1381);
#1270=LINE('',#2903,#1382);
#1271=LINE('',#2905,#1383);
#1272=LINE('',#2911,#1384);
#1273=LINE('',#2913,#1385);
#1274=LINE('',#2915,#1386);
#1275=LINE('',#2917,#1387);
#1276=LINE('',#2921,#1388);
#1277=LINE('',#2925,#1389);
#1278=LINE('',#2927,#1390);
#1279=LINE('',#2929,#1391);
#1280=LINE('',#2931,#1392);
#1281=LINE('',#2937,#1393);
#1282=LINE('',#2939,#1394);
#1283=LINE('',#2946,#1395);
#1284=LINE('',#2948,#1396);
#1285=LINE('',#2952,#1397);
#1286=LINE('',#2954,#1398);
#1287=LINE('',#2956,#1399);
#1288=LINE('',#2960,#1400);
#1289=LINE('',#2962,#1401);
#1290=LINE('',#2964,#1402);
#1291=LINE('',#2968,#1403);
#1292=LINE('',#2970,#1404);
#1293=LINE('',#2972,#1405);
#1294=LINE('',#2976,#1406);
#1295=LINE('',#2981,#1407);
#1296=LINE('',#2985,#1408);
#1297=LINE('',#2988,#1409);
#1298=LINE('',#2992,#1410);
#1299=LINE('',#2996,#1411);
#1300=LINE('',#3016,#1412);
#1301=LINE('',#3020,#1413);
#1302=LINE('',#3032,#1414);
#1303=LINE('',#3042,#1415);
#1304=LINE('',#3050,#1416);
#1305=LINE('',#3059,#1417);
#1306=LINE('',#3065,#1418);
#1307=LINE('',#3068,#1419);
#1308=LINE('',#3069,#1420);
#1309=LINE('',#3071,#1421);
#1310=LINE('',#3097,#1422);
#1311=LINE('',#3105,#1423);
#1312=LINE('',#3109,#1424);
#1313=LINE('',#3112,#1425);
#1314=LINE('',#3116,#1426);
#1315=LINE('',#3118,#1427);
#1316=LINE('',#3124,#1428);
#1317=LINE('',#3135,#1429);
#1318=LINE('',#3136,#1430);
#1319=LINE('',#3138,#1431);
#1320=LINE('',#3140,#1432);
#1321=LINE('',#3142,#1433);
#1322=LINE('',#3146,#1434);
#1323=LINE('',#3148,#1435);
#1324=LINE('',#3150,#1436);
#1325=LINE('',#3154,#1437);
#1326=LINE('',#3169,#1438);
#1327=LINE('',#3173,#1439);
#1328=LINE('',#3199,#1440);
#1329=LINE('',#3201,#1441);
#1330=LINE('',#3203,#1442);
#1331=LINE('',#3207,#1443);
#1332=LINE('',#3211,#1444);
#1333=LINE('',#3215,#1445);
#1334=LINE('',#3217,#1446);
#1335=LINE('',#3221,#1447);
#1336=LINE('',#3223,#1448);
#1337=LINE('',#3227,#1449);
#1338=LINE('',#3229,#1450);
#1339=LINE('',#3231,#1451);
#1340=LINE('',#3235,#1452);
#1341=LINE('',#3237,#1453);
#1342=LINE('',#3244,#1454);
#1343=LINE('',#3248,#1455);
#1344=LINE('',#3272,#1456);
#1345=LINE('',#3276,#1457);
#1346=LINE('',#3302,#1458);
#1347=LINE('',#3304,#1459);
#1348=LINE('',#3306,#1460);
#1349=LINE('',#3310,#1461);
#1350=LINE('',#3314,#1462);
#1351=LINE('',#3318,#1463);
#1352=LINE('',#3320,#1464);
#1353=LINE('',#3324,#1465);
#1354=LINE('',#3326,#1466);
#1355=LINE('',#3330,#1467);
#1356=LINE('',#3332,#1468);
#1357=LINE('',#3334,#1469);
#1358=LINE('',#3338,#1470);
#1359=LINE('',#3340,#1471);
#1360=LINE('',#3344,#1472);
#1361=LINE('',#3349,#1473);
#1362=VECTOR('',#2195,1.);
#1363=VECTOR('',#2196,1.);
#1364=VECTOR('',#2199,1.);
#1365=VECTOR('',#2216,1.);
#1366=VECTOR('',#2219,1.);
#1367=VECTOR('',#2222,1.);
#1368=VECTOR('',#2225,1.);
#1369=VECTOR('',#2228,1.);
#1370=VECTOR('',#2229,1.);
#1371=VECTOR('',#2234,1.);
#1372=VECTOR('',#2235,1.);
#1373=VECTOR('',#2236,1.);
#1374=VECTOR('',#2239,1.);
#1375=VECTOR('',#2242,1.);
#1376=VECTOR('',#2245,1.);
#1377=VECTOR('',#2248,1.);
#1378=VECTOR('',#2249,1.);
#1379=VECTOR('',#2250,1.);
#1380=VECTOR('',#2255,1.);
#1381=VECTOR('',#2258,1.);
#1382=VECTOR('',#2261,1.);
#1383=VECTOR('',#2262,1.);
#1384=VECTOR('',#2267,1.);
#1385=VECTOR('',#2268,1.);
#1386=VECTOR('',#2269,1.);
#1387=VECTOR('',#2270,1.);
#1388=VECTOR('',#2273,1.);
#1389=VECTOR('',#2276,1.);
#1390=VECTOR('',#2277,1.);
#1391=VECTOR('',#2278,1.);
#1392=VECTOR('',#2279,1.);
#1393=VECTOR('',#2284,1.);
#1394=VECTOR('',#2285,1.);
#1395=VECTOR('',#2294,1.);
#1396=VECTOR('',#2295,1.);
#1397=VECTOR('',#2300,1.);
#1398=VECTOR('',#2303,1.);
#1399=VECTOR('',#2304,1.);
#1400=VECTOR('',#2309,1.);
#1401=VECTOR('',#2312,1.);
#1402=VECTOR('',#2313,1.);
#1403=VECTOR('',#2318,1.);
#1404=VECTOR('',#2321,1.);
#1405=VECTOR('',#2322,1.);
#1406=VECTOR('',#2327,1.);
#1407=VECTOR('',#2334,1.);
#1408=VECTOR('',#2339,1.);
#1409=VECTOR('',#2340,1.);
#1410=VECTOR('',#2343,1.);
#1411=VECTOR('',#2348,1.);
#1412=VECTOR('',#2371,1.);
#1413=VECTOR('',#2374,1.);
#1414=VECTOR('',#2387,1.);
#1415=VECTOR('',#2390,1.);
#1416=VECTOR('',#2397,1.);
#1417=VECTOR('',#2402,1.);
#1418=VECTOR('',#2409,1.);
#1419=VECTOR('',#2410,1.);
#1420=VECTOR('',#2411,1.);
#1421=VECTOR('',#2414,1.);
#1422=VECTOR('',#2431,1.);
#1423=VECTOR('',#2438,1.);
#1424=VECTOR('',#2443,1.);
#1425=VECTOR('',#2444,1.);
#1426=VECTOR('',#2447,1.);
#1427=VECTOR('',#2450,1.);
#1428=VECTOR('',#2457,1.);
#1429=VECTOR('',#2468,1.);
#1430=VECTOR('',#2469,1.);
#1431=VECTOR('',#2472,1.);
#1432=VECTOR('',#2473,1.);
#1433=VECTOR('',#2476,1.);
#1434=VECTOR('',#2481,1.);
#1435=VECTOR('',#2482,1.);
#1436=VECTOR('',#2485,1.);
#1437=VECTOR('',#2490,1.);
#1438=VECTOR('',#2511,1.);
#1439=VECTOR('',#2514,1.);
#1440=VECTOR('',#2517,1.);
#1441=VECTOR('',#2518,1.);
#1442=VECTOR('',#2521,1.);
#1443=VECTOR('',#2526,1.);
#1444=VECTOR('',#2531,1.);
#1445=VECTOR('',#2536,1.);
#1446=VECTOR('',#2539,1.);
#1447=VECTOR('',#2542,1.);
#1448=VECTOR('',#2545,1.);
#1449=VECTOR('',#2550,1.);
#1450=VECTOR('',#2551,1.);
#1451=VECTOR('',#2554,1.);
#1452=VECTOR('',#2559,1.);
#1453=VECTOR('',#2560,1.);
#1454=VECTOR('',#2569,1.);
#1455=VECTOR('',#2572,1.);
#1456=VECTOR('',#2593,1.);
#1457=VECTOR('',#2596,1.);
#1458=VECTOR('',#2599,1.);
#1459=VECTOR('',#2600,1.);
#1460=VECTOR('',#2603,1.);
#1461=VECTOR('',#2608,1.);
#1462=VECTOR('',#2613,1.);
#1463=VECTOR('',#2618,1.);
#1464=VECTOR('',#2621,1.);
#1465=VECTOR('',#2624,1.);
#1466=VECTOR('',#2627,1.);
#1467=VECTOR('',#2632,1.);
#1468=VECTOR('',#2633,1.);
#1469=VECTOR('',#2636,1.);
#1470=VECTOR('',#2641,1.);
#1471=VECTOR('',#2642,1.);
#1472=VECTOR('',#2649,1.);
#1473=VECTOR('',#2652,1.);
#1474=EDGE_LOOP('',(#256,#257,#258,#259));
#1475=EDGE_LOOP('',(#260));
#1476=EDGE_LOOP('',(#261));
#1477=EDGE_LOOP('',(#262));
#1478=EDGE_LOOP('',(#263));
#1479=EDGE_LOOP('',(#264,#265,#266,#267,#268,#269));
#1480=EDGE_LOOP('',(#270,#271,#272,#273,#274,#275,#276,#277,#278,#279,#280,
#281,#282,#283,#284,#285,#286,#287,#288,#289,#290,#291,#292,#293));
#1481=EDGE_LOOP('',(#294,#295,#296,#297,#298,#299,#300,#301,#302,#303,#304,
#305,#306,#307,#308,#309,#310,#311,#312,#313,#314,#315));
#1482=EDGE_LOOP('',(#316));
#1483=EDGE_LOOP('',(#317,#318,#319,#320,#321));
#1484=EDGE_LOOP('',(#322,#323,#324,#325));
#1485=EDGE_LOOP('',(#326,#327,#328,#329));
#1486=EDGE_LOOP('',(#330,#331,#332,#333));
#1487=EDGE_LOOP('',(#334,#335,#336,#337));
#1488=EDGE_LOOP('',(#338,#339,#340,#341));
#1489=EDGE_LOOP('',(#342,#343,#344,#345));
#1490=EDGE_LOOP('',(#346,#347,#348,#349));
#1491=EDGE_LOOP('',(#350));
#1492=EDGE_LOOP('',(#351,#352,#353,#354,#355));
#1493=EDGE_LOOP('',(#356));
#1494=EDGE_LOOP('',(#357,#358,#359,#360));
#1495=EDGE_LOOP('',(#361,#362,#363,#364));
#1496=EDGE_LOOP('',(#365,#366,#367,#368));
#1497=EDGE_LOOP('',(#369));
#1498=EDGE_LOOP('',(#370));
#1499=EDGE_LOOP('',(#371));
#1500=EDGE_LOOP('',(#372));
#1501=EDGE_LOOP('',(#373,#374,#375,#376,#377,#378));
#1502=EDGE_LOOP('',(#379));
#1503=EDGE_LOOP('',(#380,#381));
#1504=EDGE_LOOP('',(#382));
#1505=EDGE_LOOP('',(#383,#384,#385,#386,#387,#388,#389,#390,#391,#392));
#1506=EDGE_LOOP('',(#393,#394,#395,#396));
#1507=EDGE_LOOP('',(#397,#398,#399,#400));
#1508=EDGE_LOOP('',(#401,#402,#403,#404));
#1509=EDGE_LOOP('',(#405));
#1510=EDGE_LOOP('',(#406,#407));
#1511=EDGE_LOOP('',(#408,#409,#410,#411,#412,#413,#414,#415,#416,#417));
#1512=EDGE_LOOP('',(#418));
#1513=EDGE_LOOP('',(#419,#420,#421,#422));
#1514=EDGE_LOOP('',(#423,#424,#425,#426));
#1515=EDGE_LOOP('',(#427,#428,#429,#430));
#1516=EDGE_LOOP('',(#431));
#1517=EDGE_LOOP('',(#432,#433,#434,#435));
#1518=EDGE_LOOP('',(#436,#437,#438,#439));
#1519=EDGE_LOOP('',(#440,#441,#442,#443));
#1520=EDGE_LOOP('',(#444,#445,#446,#447));
#1521=EDGE_LOOP('',(#448,#449,#450,#451));
#1522=EDGE_LOOP('',(#452,#453,#454,#455));
#1523=EDGE_LOOP('',(#456,#457,#458,#459,#460,#461,#462,#463,#464,#465,#466,
#467));
#1524=EDGE_LOOP('',(#468));
#1525=EDGE_LOOP('',(#469));
#1526=EDGE_LOOP('',(#470));
#1527=EDGE_LOOP('',(#471));
#1528=EDGE_LOOP('',(#472));
#1529=EDGE_LOOP('',(#473));
#1530=EDGE_LOOP('',(#474));
#1531=EDGE_LOOP('',(#475));
#1532=EDGE_LOOP('',(#476,#477,#478,#479,#480,#481,#482,#483,#484,#485,#486,
#487));
#1533=EDGE_LOOP('',(#488,#489,#490,#491));
#1534=EDGE_LOOP('',(#492,#493,#494,#495));
#1535=EDGE_LOOP('',(#496,#497,#498,#499));
#1536=EDGE_LOOP('',(#500,#501,#502,#503));
#1537=EDGE_LOOP('',(#504,#505,#506,#507));
#1538=EDGE_LOOP('',(#508,#509,#510,#511));
#1539=EDGE_LOOP('',(#512,#513,#514,#515));
#1540=EDGE_LOOP('',(#516,#517,#518,#519));
#1541=EDGE_LOOP('',(#520,#521,#522,#523));
#1542=EDGE_LOOP('',(#524,#525,#526,#527));
#1543=EDGE_LOOP('',(#528,#529,#530,#531));
#1544=EDGE_LOOP('',(#532,#533,#534,#535,#536,#537));
#1545=EDGE_LOOP('',(#538,#539,#540,#541,#542,#543));
#1546=EDGE_LOOP('',(#544));
#1547=EDGE_LOOP('',(#545));
#1548=EDGE_LOOP('',(#546));
#1549=EDGE_LOOP('',(#547,#548));
#1550=EDGE_LOOP('',(#549));
#1551=EDGE_LOOP('',(#550));
#1552=EDGE_LOOP('',(#551));
#1553=EDGE_LOOP('',(#552));
#1554=EDGE_LOOP('',(#553));
#1555=EDGE_LOOP('',(#554,#555));
#1556=EDGE_LOOP('',(#556,#557,#558,#559,#560,#561,#562,#563,#564,#565,#566,
#567));
#1557=EDGE_LOOP('',(#568,#569,#570,#571));
#1558=EDGE_LOOP('',(#572,#573,#574,#575));
#1559=EDGE_LOOP('',(#576,#577,#578,#579));
#1560=EDGE_LOOP('',(#580,#581,#582,#583));
#1561=EDGE_LOOP('',(#584,#585,#586,#587));
#1562=EDGE_LOOP('',(#588,#589,#590,#591));
#1563=EDGE_LOOP('',(#592,#593,#594,#595));
#1564=EDGE_LOOP('',(#596,#597,#598,#599));
#1565=EDGE_LOOP('',(#600,#601,#602,#603));
#1566=EDGE_LOOP('',(#604,#605,#606,#607));
#1567=EDGE_LOOP('',(#608,#609,#610,#611));
#1568=EDGE_LOOP('',(#612,#613,#614,#615,#616,#617));
#1569=EDGE_LOOP('',(#618,#619,#620,#621,#622,#623));
#1570=EDGE_LOOP('',(#624));
#1571=EDGE_LOOP('',(#625));
#1572=EDGE_LOOP('',(#626,#627));
#1573=EDGE_LOOP('',(#628));
#1574=EDGE_LOOP('',(#629));
#1575=EDGE_LOOP('',(#630));
#1576=EDGE_LOOP('',(#631));
#1577=EDGE_LOOP('',(#632));
#1578=EDGE_LOOP('',(#633));
#1579=EDGE_LOOP('',(#634,#635));
#1580=EDGE_LOOP('',(#636,#637,#638,#639));
#1581=EDGE_LOOP('',(#640,#641,#642,#643));
#1582=EDGE_LOOP('',(#644,#645,#646,#647,#648));
#1583=EDGE_LOOP('',(#649,#650,#651,#652));
#1584=EDGE_LOOP('',(#653,#654,#655,#656,#657));
#1585=EDGE_LOOP('',(#658,#659,#660,#661,#662));
#1586=EDGE_LOOP('',(#663,#664,#665,#666));
#1587=EDGE_LOOP('',(#667,#668,#669,#670,#671));
#1588=EDGE_LOOP('',(#672,#673,#674,#675));
#1589=EDGE_LOOP('',(#676,#677,#678,#679));
#1590=EDGE_LOOP('',(#680,#681,#682,#683));
#1591=EDGE_LOOP('',(#684,#685,#686,#687));
#1592=EDGE_LOOP('',(#688,#689,#690,#691));
#1593=EDGE_LOOP('',(#692,#693,#694,#695));
#1594=EDGE_LOOP('',(#696,#697,#698,#699));
#1595=EDGE_LOOP('',(#700,#701,#702,#703));
#1596=EDGE_LOOP('',(#704,#705,#706,#707));
#1597=EDGE_LOOP('',(#708,#709,#710,#711));
#1598=EDGE_LOOP('',(#712,#713,#714,#715));
#1599=EDGE_LOOP('',(#716,#717,#718,#719));
#1600=EDGE_LOOP('',(#720,#721,#722,#723));
#1601=EDGE_LOOP('',(#724,#725,#726,#727));
#1602=EDGE_LOOP('',(#728,#729,#730,#731));
#1603=EDGE_LOOP('',(#732,#733,#734,#735));
#1604=EDGE_LOOP('',(#736,#737,#738,#739));
#1605=EDGE_LOOP('',(#740,#741,#742,#743));
#1606=EDGE_LOOP('',(#744,#745,#746,#747));
#1607=EDGE_LOOP('',(#748,#749,#750,#751));
#1608=EDGE_LOOP('',(#752,#753,#754,#755));
#1609=EDGE_LOOP('',(#756,#757,#758,#759));
#1610=EDGE_LOOP('',(#760,#761,#762,#763));
#1611=EDGE_LOOP('',(#764,#765,#766,#767));
#1612=EDGE_LOOP('',(#768,#769,#770,#771));
#1613=EDGE_LOOP('',(#772,#773,#774,#775));
#1614=EDGE_LOOP('',(#776,#777,#778,#779));
#1615=EDGE_LOOP('',(#780,#781,#782,#783));
#1616=EDGE_LOOP('',(#784,#785,#786,#787));
#1617=EDGE_LOOP('',(#788,#789,#790,#791));
#1618=EDGE_LOOP('',(#792));
#1619=EDGE_LOOP('',(#793));
#1620=EDGE_LOOP('',(#794));
#1621=EDGE_LOOP('',(#795));
#1622=EDGE_LOOP('',(#796));
#1623=EDGE_LOOP('',(#797));
#1624=EDGE_LOOP('',(#798));
#1625=EDGE_LOOP('',(#799));
#1626=FACE_BOUND('',#1474,.T.);
#1627=FACE_BOUND('',#1475,.T.);
#1628=FACE_BOUND('',#1476,.T.);
#1629=FACE_BOUND('',#1477,.T.);
#1630=FACE_BOUND('',#1478,.T.);
#1631=FACE_BOUND('',#1479,.T.);
#1632=FACE_BOUND('',#1480,.T.);
#1633=FACE_BOUND('',#1481,.T.);
#1634=FACE_BOUND('',#1482,.T.);
#1635=FACE_BOUND('',#1483,.T.);
#1636=FACE_BOUND('',#1484,.T.);
#1637=FACE_BOUND('',#1485,.T.);
#1638=FACE_BOUND('',#1486,.T.);
#1639=FACE_BOUND('',#1487,.T.);
#1640=FACE_BOUND('',#1488,.T.);
#1641=FACE_BOUND('',#1489,.T.);
#1642=FACE_BOUND('',#1490,.T.);
#1643=FACE_BOUND('',#1491,.T.);
#1644=FACE_BOUND('',#1492,.T.);
#1645=FACE_BOUND('',#1493,.T.);
#1646=FACE_BOUND('',#1494,.T.);
#1647=FACE_BOUND('',#1495,.T.);
#1648=FACE_BOUND('',#1496,.T.);
#1649=FACE_BOUND('',#1497,.T.);
#1650=FACE_BOUND('',#1498,.T.);
#1651=FACE_BOUND('',#1499,.T.);
#1652=FACE_BOUND('',#1500,.T.);
#1653=FACE_BOUND('',#1501,.T.);
#1654=FACE_BOUND('',#1502,.T.);
#1655=FACE_BOUND('',#1503,.T.);
#1656=FACE_BOUND('',#1504,.T.);
#1657=FACE_BOUND('',#1505,.T.);
#1658=FACE_BOUND('',#1506,.T.);
#1659=FACE_BOUND('',#1507,.T.);
#1660=FACE_BOUND('',#1508,.T.);
#1661=FACE_BOUND('',#1509,.T.);
#1662=FACE_BOUND('',#1510,.T.);
#1663=FACE_BOUND('',#1511,.T.);
#1664=FACE_BOUND('',#1512,.T.);
#1665=FACE_BOUND('',#1513,.T.);
#1666=FACE_BOUND('',#1514,.T.);
#1667=FACE_BOUND('',#1515,.T.);
#1668=FACE_BOUND('',#1516,.T.);
#1669=FACE_BOUND('',#1517,.T.);
#1670=FACE_BOUND('',#1518,.T.);
#1671=FACE_BOUND('',#1519,.T.);
#1672=FACE_BOUND('',#1520,.T.);
#1673=FACE_BOUND('',#1521,.T.);
#1674=FACE_BOUND('',#1522,.T.);
#1675=FACE_BOUND('',#1523,.T.);
#1676=FACE_BOUND('',#1524,.T.);
#1677=FACE_BOUND('',#1525,.T.);
#1678=FACE_BOUND('',#1526,.T.);
#1679=FACE_BOUND('',#1527,.T.);
#1680=FACE_BOUND('',#1528,.T.);
#1681=FACE_BOUND('',#1529,.T.);
#1682=FACE_BOUND('',#1530,.T.);
#1683=FACE_BOUND('',#1531,.T.);
#1684=FACE_BOUND('',#1532,.T.);
#1685=FACE_BOUND('',#1533,.T.);
#1686=FACE_BOUND('',#1534,.T.);
#1687=FACE_BOUND('',#1535,.T.);
#1688=FACE_BOUND('',#1536,.T.);
#1689=FACE_BOUND('',#1537,.T.);
#1690=FACE_BOUND('',#1538,.T.);
#1691=FACE_BOUND('',#1539,.T.);
#1692=FACE_BOUND('',#1540,.T.);
#1693=FACE_BOUND('',#1541,.T.);
#1694=FACE_BOUND('',#1542,.T.);
#1695=FACE_BOUND('',#1543,.T.);
#1696=FACE_BOUND('',#1544,.T.);
#1697=FACE_BOUND('',#1545,.T.);
#1698=FACE_BOUND('',#1546,.T.);
#1699=FACE_BOUND('',#1547,.T.);
#1700=FACE_BOUND('',#1548,.T.);
#1701=FACE_BOUND('',#1549,.T.);
#1702=FACE_BOUND('',#1550,.T.);
#1703=FACE_BOUND('',#1551,.T.);
#1704=FACE_BOUND('',#1552,.T.);
#1705=FACE_BOUND('',#1553,.T.);
#1706=FACE_BOUND('',#1554,.T.);
#1707=FACE_BOUND('',#1555,.T.);
#1708=FACE_BOUND('',#1556,.T.);
#1709=FACE_BOUND('',#1557,.T.);
#1710=FACE_BOUND('',#1558,.T.);
#1711=FACE_BOUND('',#1559,.T.);
#1712=FACE_BOUND('',#1560,.T.);
#1713=FACE_BOUND('',#1561,.T.);
#1714=FACE_BOUND('',#1562,.T.);
#1715=FACE_BOUND('',#1563,.T.);
#1716=FACE_BOUND('',#1564,.T.);
#1717=FACE_BOUND('',#1565,.T.);
#1718=FACE_BOUND('',#1566,.T.);
#1719=FACE_BOUND('',#1567,.T.);
#1720=FACE_BOUND('',#1568,.T.);
#1721=FACE_BOUND('',#1569,.T.);
#1722=FACE_BOUND('',#1570,.T.);
#1723=FACE_BOUND('',#1571,.T.);
#1724=FACE_BOUND('',#1572,.T.);
#1725=FACE_BOUND('',#1573,.T.);
#1726=FACE_BOUND('',#1574,.T.);
#1727=FACE_BOUND('',#1575,.T.);
#1728=FACE_BOUND('',#1576,.T.);
#1729=FACE_BOUND('',#1577,.T.);
#1730=FACE_BOUND('',#1578,.T.);
#1731=FACE_BOUND('',#1579,.T.);
#1732=FACE_BOUND('',#1580,.T.);
#1733=FACE_BOUND('',#1581,.T.);
#1734=FACE_BOUND('',#1582,.T.);
#1735=FACE_BOUND('',#1583,.T.);
#1736=FACE_BOUND('',#1584,.T.);
#1737=FACE_BOUND('',#1585,.T.);
#1738=FACE_BOUND('',#1586,.T.);
#1739=FACE_BOUND('',#1587,.T.);
#1740=FACE_BOUND('',#1588,.T.);
#1741=FACE_BOUND('',#1589,.T.);
#1742=FACE_BOUND('',#1590,.T.);
#1743=FACE_BOUND('',#1591,.T.);
#1744=FACE_BOUND('',#1592,.T.);
#1745=FACE_BOUND('',#1593,.T.);
#1746=FACE_BOUND('',#1594,.T.);
#1747=FACE_BOUND('',#1595,.T.);
#1748=FACE_BOUND('',#1596,.T.);
#1749=FACE_BOUND('',#1597,.T.);
#1750=FACE_BOUND('',#1598,.T.);
#1751=FACE_BOUND('',#1599,.T.);
#1752=FACE_BOUND('',#1600,.T.);
#1753=FACE_BOUND('',#1601,.T.);
#1754=FACE_BOUND('',#1602,.T.);
#1755=FACE_BOUND('',#1603,.T.);
#1756=FACE_BOUND('',#1604,.T.);
#1757=FACE_BOUND('',#1605,.T.);
#1758=FACE_BOUND('',#1606,.T.);
#1759=FACE_BOUND('',#1607,.T.);
#1760=FACE_BOUND('',#1608,.T.);
#1761=FACE_BOUND('',#1609,.T.);
#1762=FACE_BOUND('',#1610,.T.);
#1763=FACE_BOUND('',#1611,.T.);
#1764=FACE_BOUND('',#1612,.T.);
#1765=FACE_BOUND('',#1613,.T.);
#1766=FACE_BOUND('',#1614,.T.);
#1767=FACE_BOUND('',#1615,.T.);
#1768=FACE_BOUND('',#1616,.T.);
#1769=FACE_BOUND('',#1617,.T.);
#1770=FACE_BOUND('',#1618,.T.);
#1771=FACE_BOUND('',#1619,.T.);
#1772=FACE_BOUND('',#1620,.T.);
#1773=FACE_BOUND('',#1621,.T.);
#1774=FACE_BOUND('',#1622,.T.);
#1775=FACE_BOUND('',#1623,.T.);
#1776=FACE_BOUND('',#1624,.T.);
#1777=FACE_BOUND('',#1625,.T.);
#1778=PLANE('',#1935);
#1779=PLANE('',#1937);
#1780=PLANE('',#1946);
#1781=PLANE('',#1957);
#1782=PLANE('',#1966);
#1783=PLANE('',#1971);
#1784=PLANE('',#1974);
#1785=PLANE('',#1977);
#1786=PLANE('',#1980);
#1787=PLANE('',#1983);
#1788=PLANE('',#1992);
#1789=PLANE('',#2001);
#1790=PLANE('',#2014);
#1791=PLANE('',#2018);
#1792=PLANE('',#2028);
#1793=PLANE('',#2036);
#1794=PLANE('',#2039);
#1795=PLANE('',#2042);
#1796=PLANE('',#2045);
#1797=PLANE('',#2046);
#1798=PLANE('',#2057);
#1799=PLANE('',#2064);
#1800=PLANE('',#2069);
#1801=PLANE('',#2072);
#1802=PLANE('',#2075);
#1803=PLANE('',#2089);
#1804=PLANE('',#2096);
#1805=PLANE('',#2101);
#1806=PLANE('',#2104);
#1807=PLANE('',#2107);
#1808=ADVANCED_FACE('',(#1626),#1778,.T.);
#1809=ADVANCED_FACE('',(#1627,#1628,#1629,#1630,#1631),#1779,.T.);
#1810=ADVANCED_FACE('',(#1632),#1780,.T.);
#1811=ADVANCED_FACE('',(#1633),#1781,.F.);
#1812=ADVANCED_FACE('',(#1634,#1635),#1782,.T.);
#1813=ADVANCED_FACE('',(#1636),#60,.F.);
#1814=ADVANCED_FACE('',(#1637),#1783,.T.);
#1815=ADVANCED_FACE('',(#1638),#61,.F.);
#1816=ADVANCED_FACE('',(#1639),#1784,.F.);
#1817=ADVANCED_FACE('',(#1640),#62,.F.);
#1818=ADVANCED_FACE('',(#1641),#1785,.T.);
#1819=ADVANCED_FACE('',(#1642),#63,.F.);
#1820=ADVANCED_FACE('',(#1643,#1644),#1786,.F.);
#1821=ADVANCED_FACE('',(#1645,#1646),#1787,.T.);
#1822=ADVANCED_FACE('',(#1647),#64,.F.);
#1823=ADVANCED_FACE('',(#1648),#65,.T.);
#1824=ADVANCED_FACE('',(#1649,#1650,#1651,#1652,#1653),#1788,.T.);
#1825=ADVANCED_FACE('',(#1654,#1655,#1656,#1657),#1789,.T.);
#1826=ADVANCED_FACE('',(#1658),#66,.F.);
#1827=ADVANCED_FACE('',(#1659),#1790,.F.);
#1828=ADVANCED_FACE('',(#1660),#67,.F.);
#1829=ADVANCED_FACE('',(#1661,#1662,#1663,#1664),#1791,.T.);
#1830=ADVANCED_FACE('',(#1665),#1792,.T.);
#1831=ADVANCED_FACE('',(#1666),#68,.T.);
#1832=ADVANCED_FACE('',(#1667),#69,.F.);
#1833=ADVANCED_FACE('',(#1668,#1669),#1793,.T.);
#1834=ADVANCED_FACE('',(#1670),#1794,.F.);
#1835=ADVANCED_FACE('',(#1671),#70,.F.);
#1836=ADVANCED_FACE('',(#1672),#1795,.T.);
#1837=ADVANCED_FACE('',(#1673),#71,.F.);
#1838=ADVANCED_FACE('',(#1674),#1796,.T.);
#1839=ADVANCED_FACE('',(#1675),#1797,.T.);
#1840=ADVANCED_FACE('',(#1676,#1677),#72,.F.);
#1841=ADVANCED_FACE('',(#1678,#1679),#73,.F.);
#1842=ADVANCED_FACE('',(#1680,#1681),#74,.F.);
#1843=ADVANCED_FACE('',(#1682,#1683),#75,.F.);
#1844=ADVANCED_FACE('',(#1684),#76,.T.);
#1845=ADVANCED_FACE('',(#1685),#1798,.T.);
#1846=ADVANCED_FACE('',(#1686),#77,.F.);
#1847=ADVANCED_FACE('',(#1687),#78,.T.);
#1848=ADVANCED_FACE('',(#1688),#79,.F.);
#1849=ADVANCED_FACE('',(#1689),#1799,.F.);
#1850=ADVANCED_FACE('',(#1690),#80,.F.);
#1851=ADVANCED_FACE('',(#1691),#81,.T.);
#1852=ADVANCED_FACE('',(#1692),#1800,.T.);
#1853=ADVANCED_FACE('',(#1693),#82,.F.);
#1854=ADVANCED_FACE('',(#1694),#1801,.F.);
#1855=ADVANCED_FACE('',(#1695),#83,.T.);
#1856=ADVANCED_FACE('',(#1696,#1697),#1802,.T.);
#1857=ADVANCED_FACE('',(#1698,#1699),#84,.F.);
#1858=ADVANCED_FACE('',(#1700,#1701),#85,.F.);
#1859=ADVANCED_FACE('',(#1702,#1703),#86,.F.);
#1860=ADVANCED_FACE('',(#1704,#1705),#38,.F.);
#1861=ADVANCED_FACE('',(#1706,#1707),#39,.F.);
#1862=ADVANCED_FACE('',(#1708),#87,.T.);
#1863=ADVANCED_FACE('',(#1709),#1803,.T.);
#1864=ADVANCED_FACE('',(#1710),#88,.F.);
#1865=ADVANCED_FACE('',(#1711),#89,.T.);
#1866=ADVANCED_FACE('',(#1712),#90,.F.);
#1867=ADVANCED_FACE('',(#1713),#1804,.F.);
#1868=ADVANCED_FACE('',(#1714),#91,.F.);
#1869=ADVANCED_FACE('',(#1715),#92,.T.);
#1870=ADVANCED_FACE('',(#1716),#1805,.T.);
#1871=ADVANCED_FACE('',(#1717),#93,.F.);
#1872=ADVANCED_FACE('',(#1718),#1806,.F.);
#1873=ADVANCED_FACE('',(#1719),#94,.T.);
#1874=ADVANCED_FACE('',(#1720,#1721),#1807,.T.);
#1875=ADVANCED_FACE('',(#1722,#1723),#95,.F.);
#1876=ADVANCED_FACE('',(#1724,#1725),#96,.F.);
#1877=ADVANCED_FACE('',(#1726,#1727),#97,.F.);
#1878=ADVANCED_FACE('',(#1728,#1729),#40,.F.);
#1879=ADVANCED_FACE('',(#1730,#1731),#41,.F.);
#1880=ADVANCED_FACE('',(#1732),#98,.T.);
#1881=ADVANCED_FACE('',(#1733),#99,.T.);
#1882=ADVANCED_FACE('',(#1734),#12,.T.);
#1883=ADVANCED_FACE('',(#1735),#100,.T.);
#1884=ADVANCED_FACE('',(#1736),#13,.T.);
#1885=ADVANCED_FACE('',(#1737),#14,.T.);
#1886=ADVANCED_FACE('',(#1738),#101,.T.);
#1887=ADVANCED_FACE('',(#1739),#15,.T.);
#1888=ADVANCED_FACE('',(#1740),#16,.T.);
#1889=ADVANCED_FACE('',(#1741),#17,.T.);
#1890=ADVANCED_FACE('',(#1742),#18,.T.);
#1891=ADVANCED_FACE('',(#1743),#102,.T.);
#1892=ADVANCED_FACE('',(#1744),#103,.T.);
#1893=ADVANCED_FACE('',(#1745),#19,.T.);
#1894=ADVANCED_FACE('',(#1746),#20,.T.);
#1895=ADVANCED_FACE('',(#1747),#104,.T.);
#1896=ADVANCED_FACE('',(#1748),#21,.T.);
#1897=ADVANCED_FACE('',(#1749),#22,.T.);
#1898=ADVANCED_FACE('',(#1750),#23,.T.);
#1899=ADVANCED_FACE('',(#1751),#105,.T.);
#1900=ADVANCED_FACE('',(#1752),#106,.T.);
#1901=ADVANCED_FACE('',(#1753),#24,.T.);
#1902=ADVANCED_FACE('',(#1754),#25,.T.);
#1903=ADVANCED_FACE('',(#1755),#107,.T.);
#1904=ADVANCED_FACE('',(#1756),#26,.T.);
#1905=ADVANCED_FACE('',(#1757),#108,.T.);
#1906=ADVANCED_FACE('',(#1758),#27,.T.);
#1907=ADVANCED_FACE('',(#1759),#28,.T.);
#1908=ADVANCED_FACE('',(#1760),#109,.T.);
#1909=ADVANCED_FACE('',(#1761),#110,.T.);
#1910=ADVANCED_FACE('',(#1762),#29,.T.);
#1911=ADVANCED_FACE('',(#1763),#30,.T.);
#1912=ADVANCED_FACE('',(#1764),#111,.T.);
#1913=ADVANCED_FACE('',(#1765),#31,.T.);
#1914=ADVANCED_FACE('',(#1766),#112,.T.);
#1915=ADVANCED_FACE('',(#1767),#32,.T.);
#1916=ADVANCED_FACE('',(#1768),#33,.T.);
#1917=ADVANCED_FACE('',(#1769),#113,.T.);
#1918=ADVANCED_FACE('',(#1770,#1771),#34,.T.);
#1919=ADVANCED_FACE('',(#1772,#1773),#35,.T.);
#1920=ADVANCED_FACE('',(#1774,#1775),#36,.T.);
#1921=ADVANCED_FACE('',(#1776,#1777),#37,.T.);
#1922=CLOSED_SHELL('',(#1808,#1809,#1810,#1811,#1812,#1813,#1814,#1815,
#1816,#1817,#1818,#1819,#1820,#1821,#1822,#1823,#1824,#1825,#1826,#1827,
#1828,#1829,#1830,#1831,#1832,#1833,#1834,#1835,#1836,#1837,#1838,#1839,
#1840,#1841,#1842,#1843,#1844,#1845,#1846,#1847,#1848,#1849,#1850,#1851,
#1852,#1853,#1854,#1855,#1856,#1857,#1858,#1859,#1860,#1861,#1862,#1863,
#1864,#1865,#1866,#1867,#1868,#1869,#1870,#1871,#1872,#1873,#1874,#1875,
#1876,#1877,#1878,#1879,#1880,#1881,#1882,#1883,#1884,#1885,#1886,#1887,
#1888,#1889,#1890,#1891,#1892,#1893,#1894,#1895,#1896,#1897,#1898,#1899,
#1900,#1901,#1902,#1903,#1904,#1905,#1906,#1907,#1908,#1909,#1910,#1911,
#1912,#1913,#1914,#1915,#1916,#1917,#1918,#1919,#1920,#1921));
#1923=STYLED_ITEM('',(#1924),#1931);
#1924=PRESENTATION_STYLE_ASSIGNMENT((#1925));
#1925=SURFACE_STYLE_USAGE(.BOTH.,#1926);
#1926=SURFACE_SIDE_STYLE('',(#1927));
#1927=SURFACE_STYLE_FILL_AREA(#1928);
#1928=FILL_AREA_STYLE('',(#1929));
#1929=FILL_AREA_STYLE_COLOUR('',#1930);
#1930=COLOUR_RGB('',0.768627450980392,0.886274509803922,0.952941176470588);
#1931=MANIFOLD_SOLID_BREP('2f-85_finger_rotator',#1922);
#1932=SHAPE_DEFINITION_REPRESENTATION(#3472,#1933);
#1933=SHAPE_REPRESENTATION('2f-85_finger_rotator',(#1934),#3467);
#1934=AXIS2_PLACEMENT_3D('',#2817,#2191,#2192);
#1935=AXIS2_PLACEMENT_3D('',#2818,#2193,#2194);
#1936=AXIS2_PLACEMENT_3D('',#2824,#2197,#2198);
#1937=AXIS2_PLACEMENT_3D('',#2827,#2200,#2201);
#1938=AXIS2_PLACEMENT_3D('',#2828,#2202,#2203);
#1939=AXIS2_PLACEMENT_3D('',#2830,#2204,#2205);
#1940=AXIS2_PLACEMENT_3D('',#2832,#2206,#2207);
#1941=AXIS2_PLACEMENT_3D('',#2834,#2208,#2209);
#1942=AXIS2_PLACEMENT_3D('',#2836,#2210,#2211);
#1943=AXIS2_PLACEMENT_3D('',#2839,#2212,#2213);
#1944=AXIS2_PLACEMENT_3D('',#2841,#2214,#2215);
#1945=AXIS2_PLACEMENT_3D('',#2845,#2217,#2218);
#1946=AXIS2_PLACEMENT_3D('',#2848,#2220,#2221);
#1947=AXIS2_PLACEMENT_3D('',#2852,#2223,#2224);
#1948=AXIS2_PLACEMENT_3D('',#2856,#2226,#2227);
#1949=AXIS2_PLACEMENT_3D('',#2862,#2230,#2231);
#1950=AXIS2_PLACEMENT_3D('',#2864,#2232,#2233);
#1951=AXIS2_PLACEMENT_3D('',#2872,#2237,#2238);
#1952=AXIS2_PLACEMENT_3D('',#2876,#2240,#2241);
#1953=AXIS2_PLACEMENT_3D('',#2880,#2243,#2244);
#1954=AXIS2_PLACEMENT_3D('',#2884,#2246,#2247);
#1955=AXIS2_PLACEMENT_3D('',#2892,#2251,#2252);
#1956=AXIS2_PLACEMENT_3D('',#2894,#2253,#2254);
#1957=AXIS2_PLACEMENT_3D('',#2897,#2256,#2257);
#1958=AXIS2_PLACEMENT_3D('',#2901,#2259,#2260);
#1959=AXIS2_PLACEMENT_3D('',#2907,#2263,#2264);
#1960=AXIS2_PLACEMENT_3D('',#2909,#2265,#2266);
#1961=AXIS2_PLACEMENT_3D('',#2919,#2271,#2272);
#1962=AXIS2_PLACEMENT_3D('',#2923,#2274,#2275);
#1963=AXIS2_PLACEMENT_3D('',#2933,#2280,#2281);
#1964=AXIS2_PLACEMENT_3D('',#2935,#2282,#2283);
#1965=AXIS2_PLACEMENT_3D('',#2941,#2286,#2287);
#1966=AXIS2_PLACEMENT_3D('',#2942,#2288,#2289);
#1967=AXIS2_PLACEMENT_3D('',#2943,#2290,#2291);
#1968=AXIS2_PLACEMENT_3D('',#2945,#2292,#2293);
#1969=AXIS2_PLACEMENT_3D('',#2949,#2296,#2297);
#1970=AXIS2_PLACEMENT_3D('',#2950,#2298,#2299);
#1971=AXIS2_PLACEMENT_3D('',#2953,#2301,#2302);
#1972=AXIS2_PLACEMENT_3D('',#2957,#2305,#2306);
#1973=AXIS2_PLACEMENT_3D('',#2958,#2307,#2308);
#1974=AXIS2_PLACEMENT_3D('',#2961,#2310,#2311);
#1975=AXIS2_PLACEMENT_3D('',#2965,#2314,#2315);
#1976=AXIS2_PLACEMENT_3D('',#2966,#2316,#2317);
#1977=AXIS2_PLACEMENT_3D('',#2969,#2319,#2320);
#1978=AXIS2_PLACEMENT_3D('',#2973,#2323,#2324);
#1979=AXIS2_PLACEMENT_3D('',#2974,#2325,#2326);
#1980=AXIS2_PLACEMENT_3D('',#2977,#2328,#2329);
#1981=AXIS2_PLACEMENT_3D('',#2978,#2330,#2331);
#1982=AXIS2_PLACEMENT_3D('',#2980,#2332,#2333);
#1983=AXIS2_PLACEMENT_3D('',#2982,#2335,#2336);
#1984=AXIS2_PLACEMENT_3D('',#2983,#2337,#2338);
#1985=AXIS2_PLACEMENT_3D('',#2990,#2341,#2342);
#1986=AXIS2_PLACEMENT_3D('',#2993,#2344,#2345);
#1987=AXIS2_PLACEMENT_3D('',#2994,#2346,#2347);
#1988=AXIS2_PLACEMENT_3D('',#2998,#2349,#2350);
#1989=AXIS2_PLACEMENT_3D('',#2999,#2351,#2352);
#1990=AXIS2_PLACEMENT_3D('',#3000,#2353,#2354);
#1991=AXIS2_PLACEMENT_3D('',#3001,#2355,#2356);
#1992=AXIS2_PLACEMENT_3D('',#3002,#2357,#2358);
#1993=AXIS2_PLACEMENT_3D('',#3003,#2359,#2360);
#1994=AXIS2_PLACEMENT_3D('',#3005,#2361,#2362);
#1995=AXIS2_PLACEMENT_3D('',#3007,#2363,#2364);
#1996=AXIS2_PLACEMENT_3D('',#3009,#2365,#2366);
#1997=AXIS2_PLACEMENT_3D('',#3011,#2367,#2368);
#1998=AXIS2_PLACEMENT_3D('',#3014,#2369,#2370);
#1999=AXIS2_PLACEMENT_3D('',#3018,#2372,#2373);
#2000=AXIS2_PLACEMENT_3D('',#3022,#2375,#2376);
#2001=AXIS2_PLACEMENT_3D('',#3023,#2377,#2378);
#2002=AXIS2_PLACEMENT_3D('',#3024,#2379,#2380);
#2003=AXIS2_PLACEMENT_3D('',#3026,#2381,#2382);
#2004=AXIS2_PLACEMENT_3D('',#3029,#2383,#2384);
#2005=AXIS2_PLACEMENT_3D('',#3030,#2385,#2386);
#2006=AXIS2_PLACEMENT_3D('',#3040,#2388,#2389);
#2007=AXIS2_PLACEMENT_3D('',#3044,#2391,#2392);
#2008=AXIS2_PLACEMENT_3D('',#3046,#2393,#2394);
#2009=AXIS2_PLACEMENT_3D('',#3048,#2395,#2396);
#2010=AXIS2_PLACEMENT_3D('',#3052,#2398,#2399);
#2011=AXIS2_PLACEMENT_3D('',#3058,#2400,#2401);
#2012=AXIS2_PLACEMENT_3D('',#3062,#2403,#2404);
#2013=AXIS2_PLACEMENT_3D('',#3063,#2405,#2406);
#2014=AXIS2_PLACEMENT_3D('',#3064,#2407,#2408);
#2015=AXIS2_PLACEMENT_3D('',#3070,#2412,#2413);
#2016=AXIS2_PLACEMENT_3D('',#3074,#2415,#2416);
#2017=AXIS2_PLACEMENT_3D('',#3075,#2417,#2418);
#2018=AXIS2_PLACEMENT_3D('',#3076,#2419,#2420);
#2019=AXIS2_PLACEMENT_3D('',#3077,#2421,#2422);
#2020=AXIS2_PLACEMENT_3D('',#3079,#2423,#2424);
#2021=AXIS2_PLACEMENT_3D('',#3082,#2425,#2426);
#2022=AXIS2_PLACEMENT_3D('',#3083,#2427,#2428);
#2023=AXIS2_PLACEMENT_3D('',#3095,#2429,#2430);
#2024=AXIS2_PLACEMENT_3D('',#3099,#2432,#2433);
#2025=AXIS2_PLACEMENT_3D('',#3101,#2434,#2435);
#2026=AXIS2_PLACEMENT_3D('',#3103,#2436,#2437);
#2027=AXIS2_PLACEMENT_3D('',#3106,#2439,#2440);
#2028=AXIS2_PLACEMENT_3D('',#3108,#2441,#2442);
#2029=AXIS2_PLACEMENT_3D('',#3114,#2445,#2446);
#2030=AXIS2_PLACEMENT_3D('',#3117,#2448,#2449);
#2031=AXIS2_PLACEMENT_3D('',#3121,#2451,#2452);
#2032=AXIS2_PLACEMENT_3D('',#3122,#2453,#2454);
#2033=AXIS2_PLACEMENT_3D('',#3123,#2455,#2456);
#2034=AXIS2_PLACEMENT_3D('',#3127,#2458,#2459);
#2035=AXIS2_PLACEMENT_3D('',#3128,#2460,#2461);
#2036=AXIS2_PLACEMENT_3D('',#3129,#2462,#2463);
#2037=AXIS2_PLACEMENT_3D('',#3130,#2464,#2465);
#2038=AXIS2_PLACEMENT_3D('',#3132,#2466,#2467);
#2039=AXIS2_PLACEMENT_3D('',#3137,#2470,#2471);
#2040=AXIS2_PLACEMENT_3D('',#3141,#2474,#2475);
#2041=AXIS2_PLACEMENT_3D('',#3144,#2477,#2478);
#2042=AXIS2_PLACEMENT_3D('',#3145,#2479,#2480);
#2043=AXIS2_PLACEMENT_3D('',#3149,#2483,#2484);
#2044=AXIS2_PLACEMENT_3D('',#3152,#2486,#2487);
#2045=AXIS2_PLACEMENT_3D('',#3153,#2488,#2489);
#2046=AXIS2_PLACEMENT_3D('',#3155,#2491,#2492);
#2047=AXIS2_PLACEMENT_3D('',#3156,#2493,#2494);
#2048=AXIS2_PLACEMENT_3D('',#3157,#2495,#2496);
#2049=AXIS2_PLACEMENT_3D('',#3159,#2497,#2498);
#2050=AXIS2_PLACEMENT_3D('',#3160,#2499,#2500);
#2051=AXIS2_PLACEMENT_3D('',#3162,#2501,#2502);
#2052=AXIS2_PLACEMENT_3D('',#3163,#2503,#2504);
#2053=AXIS2_PLACEMENT_3D('',#3165,#2505,#2506);
#2054=AXIS2_PLACEMENT_3D('',#3166,#2507,#2508);
#2055=AXIS2_PLACEMENT_3D('',#3168,#2509,#2510);
#2056=AXIS2_PLACEMENT_3D('',#3171,#2512,#2513);
#2057=AXIS2_PLACEMENT_3D('',#3198,#2515,#2516);
#2058=AXIS2_PLACEMENT_3D('',#3202,#2519,#2520);
#2059=AXIS2_PLACEMENT_3D('',#3205,#2522,#2523);
#2060=AXIS2_PLACEMENT_3D('',#3206,#2524,#2525);
#2061=AXIS2_PLACEMENT_3D('',#3209,#2527,#2528);
#2062=AXIS2_PLACEMENT_3D('',#3210,#2529,#2530);
#2063=AXIS2_PLACEMENT_3D('',#3213,#2532,#2533);
#2064=AXIS2_PLACEMENT_3D('',#3214,#2534,#2535);
#2065=AXIS2_PLACEMENT_3D('',#3216,#2537,#2538);
#2066=AXIS2_PLACEMENT_3D('',#3219,#2540,#2541);
#2067=AXIS2_PLACEMENT_3D('',#3222,#2543,#2544);
#2068=AXIS2_PLACEMENT_3D('',#3225,#2546,#2547);
#2069=AXIS2_PLACEMENT_3D('',#3226,#2548,#2549);
#2070=AXIS2_PLACEMENT_3D('',#3230,#2552,#2553);
#2071=AXIS2_PLACEMENT_3D('',#3233,#2555,#2556);
#2072=AXIS2_PLACEMENT_3D('',#3234,#2557,#2558);
#2073=AXIS2_PLACEMENT_3D('',#3238,#2561,#2562);
#2074=AXIS2_PLACEMENT_3D('',#3239,#2563,#2564);
#2075=AXIS2_PLACEMENT_3D('',#3240,#2565,#2566);
#2076=AXIS2_PLACEMENT_3D('',#3241,#2567,#2568);
#2077=AXIS2_PLACEMENT_3D('',#3246,#2570,#2571);
#2078=AXIS2_PLACEMENT_3D('',#3250,#2573,#2574);
#2079=AXIS2_PLACEMENT_3D('',#3252,#2575,#2576);
#2080=AXIS2_PLACEMENT_3D('',#3253,#2577,#2578);
#2081=AXIS2_PLACEMENT_3D('',#3254,#2579,#2580);
#2082=AXIS2_PLACEMENT_3D('',#3256,#2581,#2582);
#2083=AXIS2_PLACEMENT_3D('',#3266,#2583,#2584);
#2084=AXIS2_PLACEMENT_3D('',#3267,#2585,#2586);
#2085=AXIS2_PLACEMENT_3D('',#3269,#2587,#2588);
#2086=AXIS2_PLACEMENT_3D('',#3270,#2589,#2590);
#2087=AXIS2_PLACEMENT_3D('',#3271,#2591,#2592);
#2088=AXIS2_PLACEMENT_3D('',#3274,#2594,#2595);
#2089=AXIS2_PLACEMENT_3D('',#3301,#2597,#2598);
#2090=AXIS2_PLACEMENT_3D('',#3305,#2601,#2602);
#2091=AXIS2_PLACEMENT_3D('',#3308,#2604,#2605);
#2092=AXIS2_PLACEMENT_3D('',#3309,#2606,#2607);
#2093=AXIS2_PLACEMENT_3D('',#3312,#2609,#2610);
#2094=AXIS2_PLACEMENT_3D('',#3313,#2611,#2612);
#2095=AXIS2_PLACEMENT_3D('',#3316,#2614,#2615);
#2096=AXIS2_PLACEMENT_3D('',#3317,#2616,#2617);
#2097=AXIS2_PLACEMENT_3D('',#3319,#2619,#2620);
#2098=AXIS2_PLACEMENT_3D('',#3322,#2622,#2623);
#2099=AXIS2_PLACEMENT_3D('',#3325,#2625,#2626);
#2100=AXIS2_PLACEMENT_3D('',#3328,#2628,#2629);
#2101=AXIS2_PLACEMENT_3D('',#3329,#2630,#2631);
#2102=AXIS2_PLACEMENT_3D('',#3333,#2634,#2635);
#2103=AXIS2_PLACEMENT_3D('',#3336,#2637,#2638);
#2104=AXIS2_PLACEMENT_3D('',#3337,#2639,#2640);
#2105=AXIS2_PLACEMENT_3D('',#3341,#2643,#2644);
#2106=AXIS2_PLACEMENT_3D('',#3342,#2645,#2646);
#2107=AXIS2_PLACEMENT_3D('',#3343,#2647,#2648);
#2108=AXIS2_PLACEMENT_3D('',#3347,#2650,#2651);
#2109=AXIS2_PLACEMENT_3D('',#3351,#2653,#2654);
#2110=AXIS2_PLACEMENT_3D('',#3353,#2655,#2656);
#2111=AXIS2_PLACEMENT_3D('',#3355,#2657,#2658);
#2112=AXIS2_PLACEMENT_3D('',#3356,#2659,#2660);
#2113=AXIS2_PLACEMENT_3D('',#3357,#2661,#2662);
#2114=AXIS2_PLACEMENT_3D('',#3359,#2663,#2664);
#2115=AXIS2_PLACEMENT_3D('',#3369,#2665,#2666);
#2116=AXIS2_PLACEMENT_3D('',#3370,#2667,#2668);
#2117=AXIS2_PLACEMENT_3D('',#3372,#2669,#2670);
#2118=AXIS2_PLACEMENT_3D('',#3373,#2671,#2672);
#2119=AXIS2_PLACEMENT_3D('',#3374,#2673,#2674);
#2120=AXIS2_PLACEMENT_3D('',#3375,#2675,#2676);
#2121=AXIS2_PLACEMENT_3D('',#3376,#2677,#2678);
#2122=AXIS2_PLACEMENT_3D('',#3377,#2679,#2680);
#2123=AXIS2_PLACEMENT_3D('',#3378,#2681,#2682);
#2124=AXIS2_PLACEMENT_3D('',#3384,#2683,#2684);
#2125=AXIS2_PLACEMENT_3D('',#3390,#2685,#2686);
#2126=AXIS2_PLACEMENT_3D('',#3391,#2687,#2688);
#2127=AXIS2_PLACEMENT_3D('',#3397,#2689,#2690);
#2128=AXIS2_PLACEMENT_3D('',#3403,#2691,#2692);
#2129=AXIS2_PLACEMENT_3D('',#3404,#2693,#2694);
#2130=AXIS2_PLACEMENT_3D('',#3405,#2695,#2696);
#2131=AXIS2_PLACEMENT_3D('',#3406,#2697,#2698);
#2132=AXIS2_PLACEMENT_3D('',#3407,#2699,#2700);
#2133=AXIS2_PLACEMENT_3D('',#3408,#2701,#2702);
#2134=AXIS2_PLACEMENT_3D('',#3409,#2703,#2704);
#2135=AXIS2_PLACEMENT_3D('',#3410,#2705,#2706);
#2136=AXIS2_PLACEMENT_3D('',#3411,#2707,#2708);
#2137=AXIS2_PLACEMENT_3D('',#3412,#2709,#2710);
#2138=AXIS2_PLACEMENT_3D('',#3413,#2711,#2712);
#2139=AXIS2_PLACEMENT_3D('',#3414,#2713,#2714);
#2140=AXIS2_PLACEMENT_3D('',#3415,#2715,#2716);
#2141=AXIS2_PLACEMENT_3D('',#3416,#2717,#2718);
#2142=AXIS2_PLACEMENT_3D('',#3417,#2719,#2720);
#2143=AXIS2_PLACEMENT_3D('',#3418,#2721,#2722);
#2144=AXIS2_PLACEMENT_3D('',#3419,#2723,#2724);
#2145=AXIS2_PLACEMENT_3D('',#3420,#2725,#2726);
#2146=AXIS2_PLACEMENT_3D('',#3421,#2727,#2728);
#2147=AXIS2_PLACEMENT_3D('',#3422,#2729,#2730);
#2148=AXIS2_PLACEMENT_3D('',#3423,#2731,#2732);
#2149=AXIS2_PLACEMENT_3D('',#3424,#2733,#2734);
#2150=AXIS2_PLACEMENT_3D('',#3425,#2735,#2736);
#2151=AXIS2_PLACEMENT_3D('',#3426,#2737,#2738);
#2152=AXIS2_PLACEMENT_3D('',#3427,#2739,#2740);
#2153=AXIS2_PLACEMENT_3D('',#3428,#2741,#2742);
#2154=AXIS2_PLACEMENT_3D('',#3429,#2743,#2744);
#2155=AXIS2_PLACEMENT_3D('',#3430,#2745,#2746);
#2156=AXIS2_PLACEMENT_3D('',#3431,#2747,#2748);
#2157=AXIS2_PLACEMENT_3D('',#3432,#2749,#2750);
#2158=AXIS2_PLACEMENT_3D('',#3433,#2751,#2752);
#2159=AXIS2_PLACEMENT_3D('',#3434,#2753,#2754);
#2160=AXIS2_PLACEMENT_3D('',#3435,#2755,#2756);
#2161=AXIS2_PLACEMENT_3D('',#3436,#2757,#2758);
#2162=AXIS2_PLACEMENT_3D('',#3437,#2759,#2760);
#2163=AXIS2_PLACEMENT_3D('',#3438,#2761,#2762);
#2164=AXIS2_PLACEMENT_3D('',#3439,#2763,#2764);
#2165=AXIS2_PLACEMENT_3D('',#3440,#2765,#2766);
#2166=AXIS2_PLACEMENT_3D('',#3441,#2767,#2768);
#2167=AXIS2_PLACEMENT_3D('',#3442,#2769,#2770);
#2168=AXIS2_PLACEMENT_3D('',#3443,#2771,#2772);
#2169=AXIS2_PLACEMENT_3D('',#3444,#2773,#2774);
#2170=AXIS2_PLACEMENT_3D('',#3445,#2775,#2776);
#2171=AXIS2_PLACEMENT_3D('',#3446,#2777,#2778);
#2172=AXIS2_PLACEMENT_3D('',#3447,#2779,#2780);
#2173=AXIS2_PLACEMENT_3D('',#3448,#2781,#2782);
#2174=AXIS2_PLACEMENT_3D('',#3449,#2783,#2784);
#2175=AXIS2_PLACEMENT_3D('',#3450,#2785,#2786);
#2176=AXIS2_PLACEMENT_3D('',#3451,#2787,#2788);
#2177=AXIS2_PLACEMENT_3D('',#3452,#2789,#2790);
#2178=AXIS2_PLACEMENT_3D('',#3453,#2791,#2792);
#2179=AXIS2_PLACEMENT_3D('',#3454,#2793,#2794);
#2180=AXIS2_PLACEMENT_3D('',#3455,#2795,#2796);
#2181=AXIS2_PLACEMENT_3D('',#3456,#2797,#2798);
#2182=AXIS2_PLACEMENT_3D('',#3457,#2799,#2800);
#2183=AXIS2_PLACEMENT_3D('',#3458,#2801,#2802);
#2184=AXIS2_PLACEMENT_3D('',#3459,#2803,#2804);
#2185=AXIS2_PLACEMENT_3D('',#3460,#2805,#2806);
#2186=AXIS2_PLACEMENT_3D('',#3461,#2807,#2808);
#2187=AXIS2_PLACEMENT_3D('',#3462,#2809,#2810);
#2188=AXIS2_PLACEMENT_3D('',#3463,#2811,#2812);
#2189=AXIS2_PLACEMENT_3D('',#3464,#2813,#2814);
#2190=AXIS2_PLACEMENT_3D('',#3465,#2815,#2816);
#2191=DIRECTION('',(0.,0.,1.));
#2192=DIRECTION('',(1.,0.,0.));
#2193=DIRECTION('',(3.01960478780577E-16,3.44503401949812E-17,-1.));
#2194=DIRECTION('',(-1.,0.,-3.01960478780577E-16));
#2195=DIRECTION('',(0.743662716531525,0.668554982062772,2.47588696506236E-16));
#2196=DIRECTION('',(-0.668554982062772,0.743662716531525,-1.7625774889998E-16));
#2197=DIRECTION('',(4.19798474934827E-16,-9.66259761617091E-17,1.));
#2198=DIRECTION('',(1.,0.,-4.19798474934827E-16));
#2199=DIRECTION('',(-0.668554982062772,0.743662716531525,-1.7625774889998E-16));
#2200=DIRECTION('',(-4.19798474934827E-16,9.66259761617091E-17,1.));
#2201=DIRECTION('',(1.,0.,4.19798474934827E-16));
#2202=DIRECTION('',(-4.19798474934827E-16,9.66259761617091E-17,1.));
#2203=DIRECTION('',(1.,0.,4.19798474934827E-16));
#2204=DIRECTION('',(-4.19798474934827E-16,9.66259761617091E-17,1.));
#2205=DIRECTION('',(1.,0.,4.19798474934827E-16));
#2206=DIRECTION('',(-4.19798474934827E-16,9.66259761617091E-17,1.));
#2207=DIRECTION('',(1.,0.,4.19798474934827E-16));
#2208=DIRECTION('',(-4.19798474934827E-16,9.66259761617091E-17,1.));
#2209=DIRECTION('',(1.,0.,4.19798474934827E-16));
#2210=DIRECTION('',(-4.19798474934827E-16,9.66259761617091E-17,1.));
#2211=DIRECTION('',(1.,0.,4.19798474934827E-16));
#2212=DIRECTION('',(-4.19798474934827E-16,9.66259761617091E-17,1.));
#2213=DIRECTION('',(1.,0.,4.19798474934827E-16));
#2214=DIRECTION('',(-4.19798474934827E-16,9.66259761617091E-17,1.));
#2215=DIRECTION('',(1.,0.,4.19798474934827E-16));
#2216=DIRECTION('',(0.668554982062772,-0.743662716531525,3.5251549779996E-16));
#2217=DIRECTION('',(-4.19798474934827E-16,9.66259761617091E-17,1.));
#2218=DIRECTION('',(1.,0.,4.19798474934827E-16));
#2219=DIRECTION('',(0.668554982062772,-0.743662716531525,3.5251549779996E-16));
#2220=DIRECTION('',(-0.743662716531525,-0.668554982062772,-2.47588696506236E-16));
#2221=DIRECTION('',(0.668554982062772,-0.743662716531525,2.22582970575283E-16));
#2222=DIRECTION('',(-4.19798474934827E-16,9.66259761617091E-17,-1.));
#2223=DIRECTION('',(-0.743662716531525,-0.668554982062772,-2.47588696506236E-16));
#2224=DIRECTION('',(0.668554982062772,-0.743662716531525,0.));
#2225=DIRECTION('',(-4.02620933863002E-16,7.75186518584907E-17,1.));
#2226=DIRECTION('',(-0.743662716531525,-0.668554982062772,-2.47588696506236E-16));
#2227=DIRECTION('',(0.668554982062772,-0.743662716531525,0.));
#2228=DIRECTION('',(-4.19798474934827E-16,9.66259761617091E-17,1.));
#2229=DIRECTION('',(0.668554982062772,-0.743662716531525,3.5251549779996E-16));
#2230=DIRECTION('',(-0.743662716531525,-0.668554982062772,-2.47588696506236E-16));
#2231=DIRECTION('',(0.668554982062772,-0.743662716531525,0.));
#2232=DIRECTION('',(-0.743662716531525,-0.668554982062772,-2.47588696506236E-16));
#2233=DIRECTION('',(0.668554982062772,-0.743662716531525,0.));
#2234=DIRECTION('',(0.668554982062772,-0.743662716531525,1.52168725962877E-16));
#2235=DIRECTION('',(-1.84122482626326E-16,-1.65526656551671E-16,1.));
#2236=DIRECTION('',(-0.668554982062772,0.743662716531525,-2.89120579329464E-16));
#2237=DIRECTION('',(0.743662716531524,0.668554982062772,2.47588696506236E-16));
#2238=DIRECTION('',(0.668554982062772,-0.743662716531524,2.71050543121376E-16));
#2239=DIRECTION('',(-0.668554982062772,0.743662716531525,-1.82861508001912E-16));
#2240=DIRECTION('',(0.743662716531524,0.668554982062772,2.47588696506236E-16));
#2241=DIRECTION('',(0.668554982062772,-0.743662716531524,2.71050543121376E-16));
#2242=DIRECTION('',(3.06375454828517E-16,2.95393707619178E-17,-1.));
#2243=DIRECTION('',(0.743662716531524,0.668554982062772,2.47588696506236E-16));
#2244=DIRECTION('',(0.668554982062772,-0.743662716531524,2.71050543121376E-16));
#2245=DIRECTION('',(0.668554982062772,-0.743662716531525,1.82861508001912E-16));
#2246=DIRECTION('',(0.743662716531524,0.668554982062772,2.47588696506236E-16));
#2247=DIRECTION('',(0.668554982062772,-0.743662716531524,2.71050543121376E-16));
#2248=DIRECTION('',(-0.668554982062772,0.743662716531525,-3.16301775384744E-16));
#2249=DIRECTION('',(-1.84122482626326E-16,-1.65526656551671E-16,1.));
#2250=DIRECTION('',(-0.668554982062772,0.743662716531525,-3.04337451925754E-16));
#2251=DIRECTION('',(-0.743662716531525,-0.668554982062772,-2.47588696506236E-16));
#2252=DIRECTION('',(0.668554982062772,-0.743662716531525,0.));
#2253=DIRECTION('',(-0.743662716531525,-0.668554982062772,-2.47588696506236E-16));
#2254=DIRECTION('',(0.668554982062772,-0.743662716531525,0.));
#2255=DIRECTION('',(-0.668554982062772,0.743662716531525,-1.7625774889998E-16));
#2256=DIRECTION('',(-0.743662716531525,-0.668554982062772,-2.47588696506236E-16));
#2257=DIRECTION('',(0.668554982062772,-0.743662716531525,2.22582970575283E-16));
#2258=DIRECTION('',(-4.02620933863002E-16,7.75186518584908E-17,1.));
#2259=DIRECTION('',(-0.743662716531525,-0.668554982062772,-2.47588696506236E-16));
#2260=DIRECTION('',(0.668554982062772,-0.743662716531525,0.));
#2261=DIRECTION('',(-4.19798474934827E-16,9.66259761617091E-17,-1.));
#2262=DIRECTION('',(-0.668554982062772,0.743662716531525,-1.7625774889998E-16));
#2263=DIRECTION('',(-0.743662716531525,-0.668554982062772,-2.47588696506236E-16));
#2264=DIRECTION('',(0.668554982062772,-0.743662716531525,0.));
#2265=DIRECTION('',(-0.743662716531525,-0.668554982062772,-2.47588696506236E-16));
#2266=DIRECTION('',(0.668554982062772,-0.743662716531525,0.));
#2267=DIRECTION('',(-0.668554982062772,0.743662716531525,-3.04337451925754E-16));
#2268=DIRECTION('',(-1.84122482626326E-16,-1.65526656551671E-16,1.));
#2269=DIRECTION('',(-0.668554982062772,0.743662716531525,-3.16301775384744E-16));
#2270=DIRECTION('',(-1.84122482626326E-16,-1.65526656551671E-16,1.));
#2271=DIRECTION('',(-0.743662716531525,-0.668554982062772,-2.47588696506236E-16));
#2272=DIRECTION('',(0.668554982062772,-0.743662716531525,0.));
#2273=DIRECTION('',(1.76412332339386E-14,-1.99934432991305E-14,1.));
#2274=DIRECTION('',(-0.743662716531525,-0.668554982062772,-2.47588696506236E-16));
#2275=DIRECTION('',(0.668554982062772,-0.743662716531525,0.));
#2276=DIRECTION('',(1.84122482626326E-16,1.65526656551671E-16,-1.));
#2277=DIRECTION('',(-0.668554982062772,0.743662716531525,-2.89120579329464E-16));
#2278=DIRECTION('',(-1.84122482626326E-16,-1.65526656551671E-16,1.));
#2279=DIRECTION('',(0.668554982062772,-0.743662716531525,1.52168725962877E-16));
#2280=DIRECTION('',(-0.743662716531525,-0.668554982062772,-2.47588696506236E-16));
#2281=DIRECTION('',(0.668554982062772,-0.743662716531525,0.));
#2282=DIRECTION('',(-0.743662716531525,-0.668554982062772,-2.47588696506236E-16));
#2283=DIRECTION('',(0.668554982062772,-0.743662716531525,0.));
#2284=DIRECTION('',(0.668554982062772,-0.743662716531525,3.5251549779996E-16));
#2285=DIRECTION('',(-4.19798474934827E-16,9.66259761617091E-17,1.));
#2286=DIRECTION('',(-0.743662716531525,-0.668554982062772,-2.47588696506236E-16));
#2287=DIRECTION('',(0.668554982062772,-0.743662716531525,0.));
#2288=DIRECTION('',(3.77415486353914E-16,-4.94815388776453E-17,-1.));
#2289=DIRECTION('',(-1.,0.,-3.77415486353914E-16));
#2290=DIRECTION('',(3.77415486353914E-16,-4.94815388776453E-17,-1.));
#2291=DIRECTION('',(-1.,0.,-3.77415486353914E-16));
#2292=DIRECTION('',(3.77415486353914E-16,-4.94815388776453E-17,-1.));
#2293=DIRECTION('',(-1.,0.,-3.77415486353914E-16));
#2294=DIRECTION('',(0.743662716531525,0.668554982062772,2.47588696506236E-16));
#2295=DIRECTION('',(0.743662716531525,0.668554982062772,2.47588696506236E-16));
#2296=DIRECTION('',(0.743662716531525,0.668554982062772,2.47588696506236E-16));
#2297=DIRECTION('',(-0.668554982062772,0.743662716531525,0.));
#2298=DIRECTION('',(0.743662716531524,0.668554982062772,2.47588696506236E-16));
#2299=DIRECTION('',(0.668554982062772,-0.743662716531524,2.71050543121376E-16));
#2300=DIRECTION('',(0.743662716531525,0.668554982062772,2.47588696506236E-16));
#2301=DIRECTION('',(3.06375454828517E-16,2.95393707619186E-17,-1.));
#2302=DIRECTION('',(-1.,0.,-3.06375454828517E-16));
#2303=DIRECTION('',(-0.668554982062772,0.743662716531525,-1.82861508001912E-16));
#2304=DIRECTION('',(0.743662716531525,0.668554982062772,2.47588696506236E-16));
#2305=DIRECTION('',(0.743662716531525,0.668554982062772,2.47588696506236E-16));
#2306=DIRECTION('',(-0.668554982062772,0.743662716531525,0.));
#2307=DIRECTION('',(0.743662716531524,0.668554982062772,2.47588696506236E-16));
#2308=DIRECTION('',(0.668554982062772,-0.743662716531524,2.71050543121376E-16));
#2309=DIRECTION('',(0.743662716531525,0.668554982062772,2.47588696506236E-16));
#2310=DIRECTION('',(0.668554982062772,-0.743662716531525,1.82861508001913E-16));
#2311=DIRECTION('',(0.743662716531525,0.668554982062772,0.));
#2312=DIRECTION('',(3.06375454828517E-16,2.95393707619178E-17,-1.));
#2313=DIRECTION('',(0.743662716531525,0.668554982062772,2.47588696506236E-16));
#2314=DIRECTION('',(0.743662716531525,0.668554982062772,2.47588696506236E-16));
#2315=DIRECTION('',(-0.668554982062772,0.743662716531525,0.));
#2316=DIRECTION('',(0.743662716531524,0.668554982062772,2.47588696506236E-16));
#2317=DIRECTION('',(0.668554982062772,-0.743662716531524,2.71050543121376E-16));
#2318=DIRECTION('',(0.743662716531525,0.668554982062772,2.47588696506236E-16));
#2319=DIRECTION('',(-3.06375454828517E-16,-2.95393707619186E-17,1.));
#2320=DIRECTION('',(1.,0.,3.06375454828517E-16));
#2321=DIRECTION('',(0.668554982062772,-0.743662716531525,1.82861508001912E-16));
#2322=DIRECTION('',(0.743662716531525,0.668554982062772,2.47588696506236E-16));
#2323=DIRECTION('',(0.743662716531525,0.668554982062772,2.47588696506236E-16));
#2324=DIRECTION('',(-0.668554982062772,0.743662716531525,0.));
#2325=DIRECTION('',(0.743662716531524,0.668554982062772,2.47588696506236E-16));
#2326=DIRECTION('',(0.668554982062772,-0.743662716531524,2.71050543121376E-16));
#2327=DIRECTION('',(0.743662716531525,0.668554982062772,2.47588696506236E-16));
#2328=DIRECTION('',(3.95587610395097E-16,-6.96951809746913E-17,-1.));
#2329=DIRECTION('',(-1.,0.,-3.95587610395097E-16));
#2330=DIRECTION('',(3.95587610395097E-16,-6.96951809746913E-17,-1.));
#2331=DIRECTION('',(-1.,0.,-3.95587610395097E-16));
#2332=DIRECTION('',(3.95587610395097E-16,-6.96951809746913E-17,-1.));
#2333=DIRECTION('',(-1.,0.,-3.95587610395097E-16));
#2334=DIRECTION('',(0.743662716531525,0.668554982062772,2.47588696506236E-16));
#2335=DIRECTION('',(3.87588802339579E-16,-6.07977596897168E-17,-1.));
#2336=DIRECTION('',(-1.,0.,-3.87588802339579E-16));
#2337=DIRECTION('',(3.87588802339579E-16,-6.07977596897168E-17,-1.));
#2338=DIRECTION('',(-1.,0.,-3.87588802339579E-16));
#2339=DIRECTION('',(0.743662716531525,0.668554982062772,2.47588696506236E-16));
#2340=DIRECTION('',(-0.668554982062772,0.743662716531525,-3.04337451925754E-16));
#2341=DIRECTION('',(3.87588802339579E-16,-6.07977596897168E-17,-1.));
#2342=DIRECTION('',(-1.,0.,-3.87588802339579E-16));
#2343=DIRECTION('',(-0.668554982062772,0.743662716531525,-3.04337451925754E-16));
#2344=DIRECTION('',(0.743662716531525,0.668554982062772,2.47588696506236E-16));
#2345=DIRECTION('',(-0.668554982062772,0.743662716531525,0.));
#2346=DIRECTION('',(-0.743662716531525,-0.668554982062772,-2.47588696506236E-16));
#2347=DIRECTION('',(0.668554982062772,-0.743662716531525,0.));
#2348=DIRECTION('',(0.743662716531525,0.668554982062772,2.47588696506236E-16));
#2349=DIRECTION('',(-0.743662716531525,-0.668554982062772,-2.47588696506236E-16));
#2350=DIRECTION('',(0.668554982062772,-0.743662716531525,0.));
#2351=DIRECTION('',(0.743662716531525,0.668554982062772,2.47588696506236E-16));
#2352=DIRECTION('',(-0.668554982062772,0.743662716531525,0.));
#2353=DIRECTION('',(-0.743662716531525,-0.668554982062772,-2.47588696506236E-16));
#2354=DIRECTION('',(0.668554982062772,-0.743662716531525,0.));
#2355=DIRECTION('',(-0.743662716531525,-0.668554982062772,-2.47588696506236E-16));
#2356=DIRECTION('',(0.668554982062772,-0.743662716531525,0.));
#2357=DIRECTION('',(3.01960478780577E-16,3.44503401949812E-17,-1.));
#2358=DIRECTION('',(-1.,0.,-3.01960478780577E-16));
#2359=DIRECTION('',(3.01960478780577E-16,3.44503401949812E-17,-1.));
#2360=DIRECTION('',(-1.,0.,-3.01960478780577E-16));
#2361=DIRECTION('',(4.19798474934827E-16,-9.66259761617091E-17,1.));
#2362=DIRECTION('',(1.,0.,-4.19798474934827E-16));
#2363=DIRECTION('',(4.19798474934827E-16,-9.66259761617091E-17,1.));
#2364=DIRECTION('',(1.,0.,-4.19798474934827E-16));
#2365=DIRECTION('',(4.19798474934827E-16,-9.66259761617091E-17,1.));
#2366=DIRECTION('',(1.,0.,-4.19798474934827E-16));
#2367=DIRECTION('',(4.19798474934827E-16,-9.66259761617091E-17,1.));
#2368=DIRECTION('',(1.,0.,-4.19798474934827E-16));
#2369=DIRECTION('',(4.19798474934827E-16,-9.66259761617091E-17,1.));
#2370=DIRECTION('',(1.,0.,-4.19798474934827E-16));
#2371=DIRECTION('',(0.668554982062772,-0.743662716531525,-3.5251549779996E-16));
#2372=DIRECTION('',(4.19798474934827E-16,-9.66259761617091E-17,1.));
#2373=DIRECTION('',(1.,0.,-4.19798474934827E-16));
#2374=DIRECTION('',(0.668554982062772,-0.743662716531525,-3.5251549779996E-16));
#2375=DIRECTION('',(4.19798474934827E-16,-9.66259761617091E-17,1.));
#2376=DIRECTION('',(1.,0.,-4.19798474934827E-16));
#2377=DIRECTION('',(-5.46724613502497E-16,2.37811427678137E-16,1.));
#2378=DIRECTION('',(1.,0.,5.46724613502497E-16));
#2379=DIRECTION('',(-5.46724613502497E-16,2.37811427678137E-16,1.));
#2380=DIRECTION('',(1.,0.,5.46724613502497E-16));
#2381=DIRECTION('',(-5.46724613502497E-16,2.37811427678137E-16,1.));
#2382=DIRECTION('',(1.,0.,5.46724613502497E-16));
#2383=DIRECTION('',(-5.46724613502497E-16,2.37811427678137E-16,1.));
#2384=DIRECTION('',(1.,0.,5.46724613502497E-16));
#2385=DIRECTION('',(-5.46724613502497E-16,2.37811427678137E-16,1.));
#2386=DIRECTION('',(1.,0.,5.46724613502497E-16));
#2387=DIRECTION('',(0.743662716531525,0.668554982062772,2.47588696506236E-16));
#2388=DIRECTION('',(4.19798474934827E-16,-9.66259761617091E-17,1.));
#2389=DIRECTION('',(1.,0.,-4.19798474934827E-16));
#2390=DIRECTION('',(0.668554982062772,-0.743662716531525,-3.5251549779996E-16));
#2391=DIRECTION('',(4.19798474934827E-16,-9.66259761617091E-17,1.));
#2392=DIRECTION('',(1.,0.,-4.19798474934827E-16));
#2393=DIRECTION('',(4.19798474934827E-16,-9.66259761617091E-17,1.));
#2394=DIRECTION('',(1.,0.,-4.19798474934827E-16));
#2395=DIRECTION('',(4.19798474934827E-16,-9.66259761617091E-17,1.));
#2396=DIRECTION('',(1.,0.,-4.19798474934827E-16));
#2397=DIRECTION('',(0.668554982062772,-0.743662716531525,-3.5251549779996E-16));
#2398=DIRECTION('',(4.19798474934827E-16,-9.66259761617091E-17,1.));
#2399=DIRECTION('',(1.,0.,-4.19798474934827E-16));
#2400=DIRECTION('',(0.743662716531525,0.668554982062772,2.47588696506236E-16));
#2401=DIRECTION('',(-0.668554982062772,0.743662716531525,0.));
#2402=DIRECTION('',(0.743662716531525,0.668554982062772,2.47588696506236E-16));
#2403=DIRECTION('',(-0.743662716531525,-0.668554982062772,-2.47588696506236E-16));
#2404=DIRECTION('',(0.668554982062772,-0.743662716531525,0.));
#2405=DIRECTION('',(-0.743662716531525,-0.668554982062772,-2.47588696506236E-16));
#2406=DIRECTION('',(0.668554982062772,-0.743662716531525,0.));
#2407=DIRECTION('',(-0.668554982062772,0.743662716531525,-3.26821962439822E-16));
#2408=DIRECTION('',(-0.743662716531525,-0.668554982062772,0.));
#2409=DIRECTION('',(0.743662716531525,0.668554982062772,2.47588696506236E-16));
#2410=DIRECTION('',(-4.02620933863002E-16,7.75186518584907E-17,1.));
#2411=DIRECTION('',(-4.02620933863002E-16,7.75186518584907E-17,1.));
#2412=DIRECTION('',(0.743662716531525,0.668554982062772,2.47588696506236E-16));
#2413=DIRECTION('',(-0.668554982062772,0.743662716531525,0.));
#2414=DIRECTION('',(0.743662716531525,0.668554982062772,2.47588696506236E-16));
#2415=DIRECTION('',(-0.743662716531525,-0.668554982062772,-2.47588696506236E-16));
#2416=DIRECTION('',(0.668554982062772,-0.743662716531525,0.));
#2417=DIRECTION('',(-0.743662716531525,-0.668554982062772,-2.47588696506236E-16));
#2418=DIRECTION('',(0.668554982062772,-0.743662716531525,0.));
#2419=DIRECTION('',(3.06375454828517E-16,2.95393707619186E-17,-1.));
#2420=DIRECTION('',(-1.,0.,-3.06375454828517E-16));
#2421=DIRECTION('',(3.06375454828517E-16,2.95393707619186E-17,-1.));
#2422=DIRECTION('',(-1.,0.,-3.06375454828517E-16));
#2423=DIRECTION('',(3.06375454828517E-16,2.95393707619186E-17,-1.));
#2424=DIRECTION('',(-1.,0.,-3.06375454828517E-16));
#2425=DIRECTION('',(3.06375454828517E-16,2.95393707619186E-17,-1.));
#2426=DIRECTION('',(-1.,0.,-3.06375454828517E-16));
#2427=DIRECTION('',(-4.19798474934827E-16,9.66259761617091E-17,1.));
#2428=DIRECTION('',(1.,0.,4.19798474934827E-16));
#2429=DIRECTION('',(-4.19798474934827E-16,9.66259761617091E-17,1.));
#2430=DIRECTION('',(1.,0.,4.19798474934827E-16));
#2431=DIRECTION('',(0.668554982062772,-0.743662716531525,3.5251549779996E-16));
#2432=DIRECTION('',(-4.19798474934827E-16,9.66259761617091E-17,1.));
#2433=DIRECTION('',(1.,0.,4.19798474934827E-16));
#2434=DIRECTION('',(-4.19798474934827E-16,9.66259761617091E-17,1.));
#2435=DIRECTION('',(1.,0.,4.19798474934827E-16));
#2436=DIRECTION('',(-4.19798474934827E-16,9.66259761617091E-17,1.));
#2437=DIRECTION('',(1.,0.,4.19798474934827E-16));
#2438=DIRECTION('',(0.668554982062772,-0.743662716531525,3.5251549779996E-16));
#2439=DIRECTION('',(3.06375454828517E-16,2.95393707619186E-17,-1.));
#2440=DIRECTION('',(-1.,0.,-3.06375454828517E-16));
#2441=DIRECTION('',(-4.19798474934827E-16,9.66259761617091E-17,1.));
#2442=DIRECTION('',(1.,0.,4.19798474934827E-16));
#2443=DIRECTION('',(0.743662716531525,0.668554982062772,2.47588696506236E-16));
#2444=DIRECTION('',(0.668554982062772,-0.743662716531525,3.5251549779996E-16));
#2445=DIRECTION('',(-4.19798474934827E-16,9.66259761617091E-17,1.));
#2446=DIRECTION('',(1.,0.,4.19798474934827E-16));
#2447=DIRECTION('',(0.668554982062772,-0.743662716531525,3.5251549779996E-16));
#2448=DIRECTION('',(0.743662716531525,0.668554982062772,2.47588696506236E-16));
#2449=DIRECTION('',(-0.668554982062772,0.743662716531525,0.));
#2450=DIRECTION('',(0.743662716531525,0.668554982062772,2.47588696506236E-16));
#2451=DIRECTION('',(-0.743662716531525,-0.668554982062772,-2.47588696506236E-16));
#2452=DIRECTION('',(0.668554982062772,-0.743662716531525,0.));
#2453=DIRECTION('',(-0.743662716531525,-0.668554982062772,-2.47588696506236E-16));
#2454=DIRECTION('',(0.668554982062772,-0.743662716531525,0.));
#2455=DIRECTION('',(0.743662716531525,0.668554982062772,2.47588696506236E-16));
#2456=DIRECTION('',(-0.668554982062772,0.743662716531525,0.));
#2457=DIRECTION('',(0.743662716531525,0.668554982062772,2.47588696506236E-16));
#2458=DIRECTION('',(-0.743662716531525,-0.668554982062772,-2.47588696506236E-16));
#2459=DIRECTION('',(0.668554982062772,-0.743662716531525,0.));
#2460=DIRECTION('',(-0.743662716531525,-0.668554982062772,-2.47588696506236E-16));
#2461=DIRECTION('',(0.668554982062772,-0.743662716531525,0.));
#2462=DIRECTION('',(-2.85855642482952E-16,-5.23644484309774E-17,1.));
#2463=DIRECTION('',(1.,0.,2.85855642482952E-16));
#2464=DIRECTION('',(-2.85855642482952E-16,-5.23644484309774E-17,1.));
#2465=DIRECTION('',(1.,0.,2.85855642482952E-16));
#2466=DIRECTION('',(-2.85855642482952E-16,-5.23644484309774E-17,1.));
#2467=DIRECTION('',(1.,0.,2.85855642482952E-16));
#2468=DIRECTION('',(0.668554982062772,-0.743662716531525,1.52168725962877E-16));
#2469=DIRECTION('',(0.668554982062772,-0.743662716531525,1.52168725962877E-16));
#2470=DIRECTION('',(0.668554982062772,-0.743662716531525,-2.40741243048404E-32));
#2471=DIRECTION('',(0.743662716531525,0.668554982062772,0.));
#2472=DIRECTION('',(0.743662716531525,0.668554982062772,2.47588696506236E-16));
#2473=DIRECTION('',(1.84122482626326E-16,1.65526656551671E-16,-1.));
#2474=DIRECTION('',(0.743662716531525,0.668554982062772,2.47588696506236E-16));
#2475=DIRECTION('',(-0.668554982062772,0.743662716531525,0.));
#2476=DIRECTION('',(0.743662716531525,0.668554982062772,2.47588696506236E-16));
#2477=DIRECTION('',(-0.743662716531525,-0.668554982062772,-2.47588696506236E-16));
#2478=DIRECTION('',(0.668554982062772,-0.743662716531525,0.));
#2479=DIRECTION('',(-0.668554982062772,0.743662716531525,2.66625127249314E-14));
#2480=DIRECTION('',(-0.743662716531525,-0.668554982062772,0.));
#2481=DIRECTION('',(0.743662716531525,0.668554982062772,2.47588696506236E-16));
#2482=DIRECTION('',(1.76412332339386E-14,-1.99934432991305E-14,1.));
#2483=DIRECTION('',(0.743662716531525,0.668554982062772,2.47588696506236E-16));
#2484=DIRECTION('',(-0.668554982062772,0.743662716531525,0.));
#2485=DIRECTION('',(0.743662716531525,0.668554982062772,2.47588696506236E-16));
#2486=DIRECTION('',(-0.743662716531525,-0.668554982062772,-2.47588696506236E-16));
#2487=DIRECTION('',(0.668554982062772,-0.743662716531525,0.));
#2488=DIRECTION('',(-0.668554982062772,0.743662716531525,2.40741243048404E-32));
#2489=DIRECTION('',(-0.743662716531525,-0.668554982062772,0.));
#2490=DIRECTION('',(-1.84122482626326E-16,-1.65526656551671E-16,1.));
#2491=DIRECTION('',(-0.743662716531525,-0.668554982062772,-2.47588696506236E-16));
#2492=DIRECTION('',(0.668554982062772,-0.743662716531525,2.22582970575283E-16));
#2493=DIRECTION('',(3.01960478780577E-16,3.44503401949812E-17,-1.));
#2494=DIRECTION('',(-1.,0.,-3.01960478780577E-16));
#2495=DIRECTION('',(-2.85855642482952E-16,-5.23644484309774E-17,1.));
#2496=DIRECTION('',(1.,0.,2.85855642482952E-16));
#2497=DIRECTION('',(3.01960478780577E-16,3.44503401949812E-17,-1.));
#2498=DIRECTION('',(-1.,0.,-3.01960478780577E-16));
#2499=DIRECTION('',(-4.19798474934827E-16,9.66259761617091E-17,1.));
#2500=DIRECTION('',(1.,0.,4.19798474934827E-16));
#2501=DIRECTION('',(3.01960478780577E-16,3.44503401949812E-17,-1.));
#2502=DIRECTION('',(-1.,0.,-3.01960478780577E-16));
#2503=DIRECTION('',(3.01960478780577E-16,3.44503401949812E-17,-1.));
#2504=DIRECTION('',(-1.,0.,-3.01960478780577E-16));
#2505=DIRECTION('',(3.01960478780577E-16,3.44503401949812E-17,-1.));
#2506=DIRECTION('',(-1.,0.,-3.01960478780577E-16));
#2507=DIRECTION('',(3.87588802339579E-16,-6.07977596897168E-17,-1.));
#2508=DIRECTION('',(-1.,0.,-3.87588802339579E-16));
#2509=DIRECTION('',(-4.19798474934827E-16,9.66259761617091E-17,1.));
#2510=DIRECTION('',(1.,0.,4.19798474934827E-16));
#2511=DIRECTION('',(-4.19798474934827E-16,9.66259761617091E-17,1.));
#2512=DIRECTION('',(-4.19798474934827E-16,9.66259761617091E-17,1.));
#2513=DIRECTION('',(1.,0.,4.19798474934827E-16));
#2514=DIRECTION('',(-4.19798474934827E-16,9.66259761617091E-17,1.));
#2515=DIRECTION('',(-0.743662716531525,-0.668554982062772,-2.47588696506236E-16));
#2516=DIRECTION('',(0.668554982062772,-0.743662716531525,0.));
#2517=DIRECTION('',(-4.19798474934827E-16,9.66259761617091E-17,1.));
#2518=DIRECTION('',(0.668554982062772,-0.743662716531525,3.5251549779996E-16));
#2519=DIRECTION('',(-4.19798474934827E-16,9.66259761617091E-17,1.));
#2520=DIRECTION('',(1.,0.,4.19798474934827E-16));
#2521=DIRECTION('',(-4.19798474934827E-16,9.66259761617091E-17,1.));
#2522=DIRECTION('',(-4.19798474934827E-16,9.66259761617091E-17,1.));
#2523=DIRECTION('',(1.,0.,4.19798474934827E-16));
#2524=DIRECTION('',(-4.19798474934827E-16,9.66259761617091E-17,1.));
#2525=DIRECTION('',(1.,0.,4.19798474934827E-16));
#2526=DIRECTION('',(-4.19798474934827E-16,9.66259761617091E-17,1.));
#2527=DIRECTION('',(-4.19798474934827E-16,9.66259761617091E-17,1.));
#2528=DIRECTION('',(1.,0.,4.19798474934827E-16));
#2529=DIRECTION('',(-4.19798474934827E-16,9.66259761617091E-17,1.));
#2530=DIRECTION('',(1.,0.,4.19798474934827E-16));
#2531=DIRECTION('',(-4.19798474934827E-16,9.66259761617091E-17,1.));
#2532=DIRECTION('',(-4.19798474934827E-16,9.66259761617091E-17,1.));
#2533=DIRECTION('',(1.,0.,4.19798474934827E-16));
#2534=DIRECTION('',(-0.743662716531525,-0.668554982062772,-2.47588696506236E-16));
#2535=DIRECTION('',(0.668554982062772,-0.743662716531525,0.));
#2536=DIRECTION('',(0.668554982062772,-0.743662716531525,3.5251549779996E-16));
#2537=DIRECTION('',(4.19798474934827E-16,-9.66259761617091E-17,-1.));
#2538=DIRECTION('',(-1.,0.,-4.19798474934827E-16));
#2539=DIRECTION('',(4.19798474934827E-16,-9.66259761617091E-17,-1.));
#2540=DIRECTION('',(-4.19798474934827E-16,9.66259761617091E-17,1.));
#2541=DIRECTION('',(1.,0.,4.19798474934827E-16));
#2542=DIRECTION('',(4.19798474934827E-16,-9.66259761617091E-17,-1.));
#2543=DIRECTION('',(4.19798474934827E-16,-9.66259761617091E-17,-1.));
#2544=DIRECTION('',(-1.,0.,-4.19798474934827E-16));
#2545=DIRECTION('',(4.19798474934827E-16,-9.66259761617091E-17,-1.));
#2546=DIRECTION('',(-4.19798474934827E-16,9.66259761617091E-17,1.));
#2547=DIRECTION('',(1.,0.,4.19798474934827E-16));
#2548=DIRECTION('',(0.743662716531525,0.668554982062771,2.47588696506236E-16));
#2549=DIRECTION('',(-0.668554982062772,0.743662716531525,0.));
#2550=DIRECTION('',(4.19798474934827E-16,-9.66259761617091E-17,-1.));
#2551=DIRECTION('',(0.668554982062772,-0.743662716531525,3.5251549779996E-16));
#2552=DIRECTION('',(4.19798474934827E-16,-9.66259761617091E-17,-1.));
#2553=DIRECTION('',(-1.,0.,-4.19798474934827E-16));
#2554=DIRECTION('',(4.19798474934827E-16,-9.66259761617091E-17,-1.));
#2555=DIRECTION('',(-4.19798474934827E-16,9.66259761617091E-17,1.));
#2556=DIRECTION('',(1.,0.,4.19798474934827E-16));
#2557=DIRECTION('',(0.743662716531525,0.668554982062772,2.47588696506236E-16));
#2558=DIRECTION('',(-0.668554982062772,0.743662716531525,0.));
#2559=DIRECTION('',(4.19798474934827E-16,-9.66259761617091E-17,-1.));
#2560=DIRECTION('',(0.668554982062772,-0.743662716531525,3.5251549779996E-16));
#2561=DIRECTION('',(4.19798474934827E-16,-9.66259761617091E-17,-1.));
#2562=DIRECTION('',(-1.,0.,-4.19798474934827E-16));
#2563=DIRECTION('',(-4.19798474934827E-16,9.66259761617091E-17,1.));
#2564=DIRECTION('',(1.,0.,4.19798474934827E-16));
#2565=DIRECTION('',(-4.19798474934827E-16,9.66259761617091E-17,1.));
#2566=DIRECTION('',(1.,4.05634374317745E-32,4.19798474934827E-16));
#2567=DIRECTION('',(-4.19798474934827E-16,9.66259761617091E-17,1.));
#2568=DIRECTION('',(1.,0.,4.19798474934827E-16));
#2569=DIRECTION('',(0.668554982062772,-0.743662716531525,3.5251549779996E-16));
#2570=DIRECTION('',(-4.19798474934827E-16,9.66259761617091E-17,1.));
#2571=DIRECTION('',(1.,0.,4.19798474934827E-16));
#2572=DIRECTION('',(0.668554982062772,-0.743662716531525,3.5251549779996E-16));
#2573=DIRECTION('',(-4.19798474934827E-16,9.66259761617091E-17,1.));
#2574=DIRECTION('',(1.,0.,4.19798474934827E-16));
#2575=DIRECTION('',(-4.19798474934827E-16,9.66259761617091E-17,1.));
#2576=DIRECTION('',(1.,0.,4.19798474934827E-16));
#2577=DIRECTION('',(-4.19798474934827E-16,9.66259761617091E-17,1.));
#2578=DIRECTION('',(1.,0.,4.19798474934827E-16));
#2579=DIRECTION('',(0.,0.,-1.));
#2580=DIRECTION('',(-1.,0.,0.));
#2581=DIRECTION('',(-4.19798474934827E-16,9.66259761617091E-17,1.));
#2582=DIRECTION('',(1.,0.,4.19798474934827E-16));
#2583=DIRECTION('',(-4.19798474934827E-16,9.66259761617091E-17,1.));
#2584=DIRECTION('',(1.,0.,4.19798474934827E-16));
#2585=DIRECTION('',(0.,0.,-1.));
#2586=DIRECTION('',(-1.,0.,0.));
#2587=DIRECTION('',(0.,0.,-1.));
#2588=DIRECTION('',(-1.,0.,0.));
#2589=DIRECTION('',(0.,0.,-1.));
#2590=DIRECTION('',(-1.,0.,0.));
#2591=DIRECTION('',(-4.19798474934827E-16,9.66259761617091E-17,-1.));
#2592=DIRECTION('',(-1.,0.,4.19798474934827E-16));
#2593=DIRECTION('',(-4.19798474934827E-16,9.66259761617091E-17,-1.));
#2594=DIRECTION('',(-4.19798474934827E-16,9.66259761617091E-17,-1.));
#2595=DIRECTION('',(-1.,0.,4.19798474934827E-16));
#2596=DIRECTION('',(-4.19798474934827E-16,9.66259761617091E-17,-1.));
#2597=DIRECTION('',(0.743662716531525,0.668554982062772,-2.47588696506236E-16));
#2598=DIRECTION('',(-0.668554982062772,0.743662716531525,0.));
#2599=DIRECTION('',(-4.19798474934827E-16,9.66259761617091E-17,-1.));
#2600=DIRECTION('',(0.668554982062772,-0.743662716531525,-3.5251549779996E-16));
#2601=DIRECTION('',(-4.19798474934827E-16,9.66259761617091E-17,-1.));
#2602=DIRECTION('',(-1.,0.,4.19798474934827E-16));
#2603=DIRECTION('',(-4.19798474934827E-16,9.66259761617091E-17,-1.));
#2604=DIRECTION('',(-4.19798474934827E-16,9.66259761617091E-17,-1.));
#2605=DIRECTION('',(-1.,0.,4.19798474934827E-16));
#2606=DIRECTION('',(-4.19798474934827E-16,9.66259761617091E-17,-1.));
#2607=DIRECTION('',(-1.,0.,4.19798474934827E-16));
#2608=DIRECTION('',(-4.19798474934827E-16,9.66259761617091E-17,-1.));
#2609=DIRECTION('',(-4.19798474934827E-16,9.66259761617091E-17,-1.));
#2610=DIRECTION('',(-1.,0.,4.19798474934827E-16));
#2611=DIRECTION('',(-4.19798474934827E-16,9.66259761617091E-17,-1.));
#2612=DIRECTION('',(-1.,0.,4.19798474934827E-16));
#2613=DIRECTION('',(-4.19798474934827E-16,9.66259761617091E-17,-1.));
#2614=DIRECTION('',(-4.19798474934827E-16,9.66259761617091E-17,-1.));
#2615=DIRECTION('',(-1.,0.,4.19798474934827E-16));
#2616=DIRECTION('',(0.743662716531525,0.668554982062772,-2.47588696506236E-16));
#2617=DIRECTION('',(-0.668554982062772,0.743662716531525,0.));
#2618=DIRECTION('',(0.668554982062772,-0.743662716531525,-3.5251549779996E-16));
#2619=DIRECTION('',(4.19798474934827E-16,-9.66259761617091E-17,1.));
#2620=DIRECTION('',(1.,0.,-4.19798474934827E-16));
#2621=DIRECTION('',(4.19798474934827E-16,-9.66259761617091E-17,1.));
#2622=DIRECTION('',(4.19798474934827E-16,-9.66259761617091E-17,1.));
#2623=DIRECTION('',(1.,0.,-4.19798474934827E-16));
#2624=DIRECTION('',(4.19798474934827E-16,-9.66259761617091E-17,1.));
#2625=DIRECTION('',(4.19798474934827E-16,-9.66259761617091E-17,1.));
#2626=DIRECTION('',(1.,0.,-4.19798474934827E-16));
#2627=DIRECTION('',(4.19798474934827E-16,-9.66259761617091E-17,1.));
#2628=DIRECTION('',(4.19798474934827E-16,-9.66259761617091E-17,1.));
#2629=DIRECTION('',(1.,0.,-4.19798474934827E-16));
#2630=DIRECTION('',(-0.743662716531525,-0.668554982062772,2.47588696506236E-16));
#2631=DIRECTION('',(0.668554982062772,-0.743662716531525,0.));
#2632=DIRECTION('',(4.19798474934827E-16,-9.66259761617091E-17,1.));
#2633=DIRECTION('',(0.668554982062772,-0.743662716531525,-3.5251549779996E-16));
#2634=DIRECTION('',(4.19798474934827E-16,-9.66259761617091E-17,1.));
#2635=DIRECTION('',(1.,0.,-4.19798474934827E-16));
#2636=DIRECTION('',(4.19798474934827E-16,-9.66259761617091E-17,1.));
#2637=DIRECTION('',(4.19798474934827E-16,-9.66259761617091E-17,1.));
#2638=DIRECTION('',(1.,0.,-4.19798474934827E-16));
#2639=DIRECTION('',(-0.743662716531525,-0.668554982062771,2.47588696506236E-16));
#2640=DIRECTION('',(0.668554982062772,-0.743662716531525,0.));
#2641=DIRECTION('',(4.19798474934827E-16,-9.66259761617091E-17,1.));
#2642=DIRECTION('',(0.668554982062772,-0.743662716531525,-3.5251549779996E-16));
#2643=DIRECTION('',(4.19798474934827E-16,-9.66259761617091E-17,1.));
#2644=DIRECTION('',(1.,0.,-4.19798474934827E-16));
#2645=DIRECTION('',(4.19798474934827E-16,-9.66259761617091E-17,1.));
#2646=DIRECTION('',(1.,0.,-4.19798474934827E-16));
#2647=DIRECTION('',(-4.19798474934827E-16,9.66259761617091E-17,-1.));
#2648=DIRECTION('',(1.,4.05634374317745E-32,-4.19798474934827E-16));
#2649=DIRECTION('',(0.668554982062772,-0.743662716531525,-3.5251549779996E-16));
#2650=DIRECTION('',(-4.19798474934827E-16,9.66259761617091E-17,-1.));
#2651=DIRECTION('',(-1.,0.,4.19798474934827E-16));
#2652=DIRECTION('',(0.668554982062772,-0.743662716531525,-3.5251549779996E-16));
#2653=DIRECTION('',(-4.19798474934827E-16,9.66259761617091E-17,-1.));
#2654=DIRECTION('',(-1.,0.,4.19798474934827E-16));
#2655=DIRECTION('',(-4.19798474934827E-16,9.66259761617091E-17,-1.));
#2656=DIRECTION('',(-1.,0.,4.19798474934827E-16));
#2657=DIRECTION('',(-4.19798474934827E-16,9.66259761617091E-17,-1.));
#2658=DIRECTION('',(-1.,0.,4.19798474934827E-16));
#2659=DIRECTION('',(-4.19798474934827E-16,9.66259761617091E-17,-1.));
#2660=DIRECTION('',(-1.,0.,4.19798474934827E-16));
#2661=DIRECTION('',(3.46944695195361E-15,0.,1.));
#2662=DIRECTION('',(1.,0.,-3.46944695195361E-15));
#2663=DIRECTION('',(-4.19798474934827E-16,9.66259761617091E-17,-1.));
#2664=DIRECTION('',(-1.,0.,4.19798474934827E-16));
#2665=DIRECTION('',(-4.19798474934827E-16,9.66259761617091E-17,-1.));
#2666=DIRECTION('',(-1.,0.,4.19798474934827E-16));
#2667=DIRECTION('',(0.,0.,1.));
#2668=DIRECTION('',(1.,0.,0.));
#2669=DIRECTION('',(0.,0.,1.));
#2670=DIRECTION('',(1.,0.,0.));
#2671=DIRECTION('',(3.46944695195361E-15,0.,1.));
#2672=DIRECTION('',(1.,0.,-3.46944695195361E-15));
#2673=DIRECTION('',(1.84122482626326E-16,1.65526656551671E-16,-1.));
#2674=DIRECTION('',(-1.,0.,-1.84122482626326E-16));
#2675=DIRECTION('',(-2.85855642482952E-16,-5.23644484309774E-17,1.));
#2676=DIRECTION('',(1.,0.,2.85855642482952E-16));
#2677=DIRECTION('',(-1.84122482626326E-16,-1.65526656551671E-16,1.));
#2678=DIRECTION('',(1.,0.,1.84122482626326E-16));
#2679=DIRECTION('',(3.87588802339579E-16,-6.07977596897168E-17,-1.));
#2680=DIRECTION('',(-1.,0.,-3.87588802339579E-16));
#2681=DIRECTION('',(-0.743662716531525,-0.668554982062772,-2.47588696506236E-16));
#2682=DIRECTION('',(0.668554982062772,-0.743662716531525,0.));
#2683=DIRECTION('',(4.02620933863002E-16,-7.75186518584907E-17,-1.));
#2684=DIRECTION('',(-1.,0.,-4.02620933863002E-16));
#2685=DIRECTION('',(-0.743662716531525,-0.668554982062772,-2.47588696506236E-16));
#2686=DIRECTION('',(0.668554982062772,-0.743662716531525,0.));
#2687=DIRECTION('',(-0.743662716531525,-0.668554982062772,-2.47588696506236E-16));
#2688=DIRECTION('',(0.668554982062772,-0.743662716531525,0.));
#2689=DIRECTION('',(-4.02620933863002E-16,7.75186518584908E-17,1.));
#2690=DIRECTION('',(1.,0.,4.02620933863002E-16));
#2691=DIRECTION('',(-0.743662716531525,-0.668554982062772,-2.47588696506236E-16));
#2692=DIRECTION('',(0.668554982062772,-0.743662716531525,0.));
#2693=DIRECTION('',(-4.19798474934827E-16,9.66259761617091E-17,-1.));
#2694=DIRECTION('',(-1.,0.,4.19798474934827E-16));
#2695=DIRECTION('',(-0.166220983111233,0.986088527858191,0.));
#2696=DIRECTION('',(-0.986088527858192,-0.166220983111233,0.));
#2697=DIRECTION('',(-0.962895027405856,0.269876205318429,9.36321177946831E-16));
#2698=DIRECTION('',(-0.269876205318429,-0.962895027405856,0.));
#2699=DIRECTION('',(-4.19798474934827E-16,9.66259761617091E-17,-1.));
#2700=DIRECTION('',(-1.,0.,4.19798474934827E-16));
#2701=DIRECTION('',(-0.668554982062767,0.743662716531529,1.15975802236553E-15));
#2702=DIRECTION('',(-0.743662716531529,-0.668554982062767,0.));
#2703=DIRECTION('',(-4.19798474934827E-16,9.66259761617091E-17,-1.));
#2704=DIRECTION('',(-1.,0.,4.19798474934827E-16));
#2705=DIRECTION('',(-0.668554982062773,0.743662716531524,0.));
#2706=DIRECTION('',(-0.743662716531524,-0.668554982062773,0.));
#2707=DIRECTION('',(0.668554982062772,-0.743662716531525,-3.5251549779996E-16));
#2708=DIRECTION('',(0.743662716531525,0.668554982062772,0.));
#2709=DIRECTION('',(-0.668554982062773,0.743662716531524,0.));
#2710=DIRECTION('',(-0.743662716531524,-0.668554982062773,0.));
#2711=DIRECTION('',(-0.668554982062772,0.743662716531525,3.5251549779996E-16));
#2712=DIRECTION('',(-0.743662716531525,-0.668554982062772,0.));
#2713=DIRECTION('',(-0.668554982062771,0.743662716531525,0.));
#2714=DIRECTION('',(-0.743662716531525,-0.668554982062771,0.));
#2715=DIRECTION('',(-4.19798474934827E-16,9.66259761617091E-17,-1.));
#2716=DIRECTION('',(-1.,0.,4.19798474934827E-16));
#2717=DIRECTION('',(-4.19798474934827E-16,9.66259761617091E-17,1.));
#2718=DIRECTION('',(1.,0.,4.19798474934827E-16));
#2719=DIRECTION('',(0.166220983111226,-0.986088527858193,0.));
#2720=DIRECTION('',(0.986088527858193,0.166220983111226,0.));
#2721=DIRECTION('',(-0.668554982062771,0.743662716531526,0.));
#2722=DIRECTION('',(-0.743662716531526,-0.668554982062771,0.));
#2723=DIRECTION('',(0.668554982062772,-0.743662716531525,3.5251549779996E-16));
#2724=DIRECTION('',(0.743662716531525,0.668554982062772,0.));
#2725=DIRECTION('',(-0.668554982062773,0.743662716531524,-2.31951604473109E-15));
#2726=DIRECTION('',(-0.743662716531524,-0.668554982062773,0.));
#2727=DIRECTION('',(-4.19798474934827E-16,9.66259761617091E-17,1.));
#2728=DIRECTION('',(1.,0.,4.19798474934827E-16));
#2729=DIRECTION('',(-0.962895027405855,0.269876205318433,0.));
#2730=DIRECTION('',(-0.269876205318433,-0.962895027405855,0.));
#2731=DIRECTION('',(-4.19798474934827E-16,9.66259761617091E-17,1.));
#2732=DIRECTION('',(1.,0.,4.19798474934827E-16));
#2733=DIRECTION('',(0.668554982062773,-0.743662716531524,0.));
#2734=DIRECTION('',(0.743662716531524,0.668554982062773,0.));
#2735=DIRECTION('',(-4.19798474934827E-16,9.66259761617091E-17,1.));
#2736=DIRECTION('',(1.,0.,4.19798474934827E-16));
#2737=DIRECTION('',(-0.668554982062773,0.743662716531524,0.));
#2738=DIRECTION('',(-0.743662716531524,-0.668554982062773,0.));
#2739=DIRECTION('',(-0.668554982062772,0.743662716531525,-3.5251549779996E-16));
#2740=DIRECTION('',(-0.743662716531525,-0.668554982062772,0.));
#2741=DIRECTION('',(-0.668554982062772,0.743662716531525,-3.5251549779996E-16));
#2742=DIRECTION('',(-0.743662716531525,-0.668554982062772,0.));
#2743=DIRECTION('',(-0.668554982062773,0.743662716531524,0.));
#2744=DIRECTION('',(-0.743662716531524,-0.668554982062773,0.));
#2745=DIRECTION('',(-0.743662716531525,-0.668554982062772,-2.47588696506236E-16));
#2746=DIRECTION('',(0.668554982062772,-0.743662716531525,0.));
#2747=DIRECTION('',(-0.350583710106093,0.389969473303123,-0.85147805144932));
#2748=DIRECTION('',(0.,0.9091825986015,0.416397649369233));
#2749=DIRECTION('',(-0.743662716531525,-0.668554982062772,-2.47588696506236E-16));
#2750=DIRECTION('',(0.668554982062772,-0.743662716531525,0.));
#2751=DIRECTION('',(-0.668554982062771,0.743662716531525,-2.31951604473109E-15));
#2752=DIRECTION('',(-0.743662716531525,-0.668554982062771,0.));
#2753=DIRECTION('',(-0.668554982062772,0.743662716531525,-1.52168725962877E-16));
#2754=DIRECTION('',(-0.743662716531525,-0.668554982062772,0.));
#2755=DIRECTION('',(-0.668554982062773,0.743662716531524,0.));
#2756=DIRECTION('',(-0.743662716531524,-0.668554982062773,0.));
#2757=DIRECTION('',(-2.85855642482952E-16,-5.23644484309774E-17,1.));
#2758=DIRECTION('',(1.,0.,2.85855642482952E-16));
#2759=DIRECTION('',(0.668554982062771,-0.743662716531525,0.));
#2760=DIRECTION('',(0.743662716531525,0.668554982062771,0.));
#2761=DIRECTION('',(0.668554982062772,-0.743662716531525,1.52168725962877E-16));
#2762=DIRECTION('',(0.743662716531525,0.668554982062772,0.));
#2763=DIRECTION('',(0.668554982062773,-0.743662716531524,0.));
#2764=DIRECTION('',(0.743662716531524,0.668554982062773,0.));
#2765=DIRECTION('',(-0.743662716531525,-0.668554982062772,-2.47588696506236E-16));
#2766=DIRECTION('',(0.668554982062772,-0.743662716531525,0.));
#2767=DIRECTION('',(0.350583710106083,-0.389969473303123,0.851478051449325));
#2768=DIRECTION('',(0.,-0.909182598601502,-0.416397649369231));
#2769=DIRECTION('',(-0.743662716531525,-0.668554982062772,-2.47588696506236E-16));
#2770=DIRECTION('',(0.668554982062772,-0.743662716531525,0.));
#2771=DIRECTION('',(0.668554982062771,-0.743662716531525,0.));
#2772=DIRECTION('',(0.743662716531525,0.668554982062771,0.));
#2773=DIRECTION('',(0.668554982062772,-0.743662716531525,3.5251549779996E-16));
#2774=DIRECTION('',(0.743662716531525,0.668554982062772,0.));
#2775=DIRECTION('',(-0.668554982062772,0.743662716531525,-1.7625774889998E-16));
#2776=DIRECTION('',(-0.743662716531525,-0.668554982062772,0.));
#2777=DIRECTION('',(-0.668554982062771,0.743662716531525,0.));
#2778=DIRECTION('',(-0.743662716531525,-0.668554982062771,0.));
#2779=DIRECTION('',(-0.743662716531525,-0.668554982062772,-2.47588696506236E-16));
#2780=DIRECTION('',(0.668554982062772,-0.743662716531525,0.));
#2781=DIRECTION('',(-0.350583710106082,0.389969473303113,0.851478051449329));
#2782=DIRECTION('',(0.,-0.909182598601506,0.41639764936922));
#2783=DIRECTION('',(-0.743662716531525,-0.668554982062772,-2.47588696506236E-16));
#2784=DIRECTION('',(0.668554982062772,-0.743662716531525,0.));
#2785=DIRECTION('',(-0.668554982062771,0.743662716531525,0.));
#2786=DIRECTION('',(-0.743662716531525,-0.668554982062771,0.));
#2787=DIRECTION('',(-0.668554982062772,0.743662716531525,-3.04337451925754E-16));
#2788=DIRECTION('',(-0.743662716531525,-0.668554982062772,0.));
#2789=DIRECTION('',(-0.668554982062771,0.743662716531525,0.));
#2790=DIRECTION('',(-0.743662716531525,-0.668554982062771,0.));
#2791=DIRECTION('',(3.87588802339579E-16,-6.07977596897168E-17,-1.));
#2792=DIRECTION('',(-1.,0.,-3.87588802339579E-16));
#2793=DIRECTION('',(0.668554982062773,-0.743662716531524,0.));
#2794=DIRECTION('',(0.743662716531524,0.668554982062773,0.));
#2795=DIRECTION('',(0.668554982062772,-0.743662716531525,3.04337451925754E-16));
#2796=DIRECTION('',(0.743662716531525,0.668554982062772,0.));
#2797=DIRECTION('',(0.668554982062773,-0.743662716531524,0.));
#2798=DIRECTION('',(0.743662716531524,0.668554982062773,0.));
#2799=DIRECTION('',(-0.743662716531525,-0.668554982062772,-2.47588696506236E-16));
#2800=DIRECTION('',(0.668554982062772,-0.743662716531525,0.));
#2801=DIRECTION('',(0.350583710106086,-0.389969473303104,-0.851478051449332));
#2802=DIRECTION('',(0.,0.90918259860151,-0.416397649369211));
#2803=DIRECTION('',(-0.743662716531525,-0.668554982062772,-2.47588696506236E-16));
#2804=DIRECTION('',(0.668554982062772,-0.743662716531525,0.));
#2805=DIRECTION('',(0.668554982062773,-0.743662716531524,0.));
#2806=DIRECTION('',(0.743662716531524,0.668554982062773,0.));
#2807=DIRECTION('',(0.668554982062772,-0.743662716531525,1.7625774889998E-16));
#2808=DIRECTION('',(0.743662716531525,0.668554982062772,0.));
#2809=DIRECTION('',(-4.19798474934827E-16,9.66259761617091E-17,1.));
#2810=DIRECTION('',(1.,0.,4.19798474934827E-16));
#2811=DIRECTION('',(-2.85855642482952E-16,-5.23644484309774E-17,1.));
#2812=DIRECTION('',(1.,0.,2.85855642482952E-16));
#2813=DIRECTION('',(3.01960478780577E-16,3.44503401949812E-17,-1.));
#2814=DIRECTION('',(-1.,0.,-3.01960478780577E-16));
#2815=DIRECTION('',(3.87588802339579E-16,-6.07977596897168E-17,-1.));
#2816=DIRECTION('',(-1.,0.,-3.87588802339579E-16));
#2817=CARTESIAN_POINT('',(0.,0.,0.));
#2818=CARTESIAN_POINT('',(-0.0352343951515,0.0595622463079872,-0.0175000000000099));
#2819=CARTESIAN_POINT('',(-0.0483941912978092,0.0742004585922934,-0.0175000000000099));
#2820=CARTESIAN_POINT('',(-0.0469068658647461,0.075537568556419,-0.0175000000000099));
#2821=CARTESIAN_POINT('',(-0.0409575641324939,0.0808860084129211,-0.0175000000000099));
#2822=CARTESIAN_POINT('',(-0.0369045640754341,0.0763776805814003,-0.0175000000000099));
#2823=CARTESIAN_POINT('',(-0.0383346107842545,0.077968383588305,-0.0174999999999902));
#2824=CARTESIAN_POINT('',(-0.0374687056732659,0.0710221465970439,-0.0174999999999902));
#2825=CARTESIAN_POINT('',(-0.0442839125165067,0.0726199437318028,-0.0174999999999902));
#2826=CARTESIAN_POINT('',(-0.0337470697184369,0.0608993562721127,-0.0175000000000099));
#2827=CARTESIAN_POINT('',(-0.0352343951515,0.0595622463079872,0.0174999999999902));
#2828=CARTESIAN_POINT('',(-0.0216239525983783,0.0533973402152468,0.0174999999999902));
#2829=CARTESIAN_POINT('',(-0.0195239525983783,0.0533973402152468,0.0174999999999902));
#2830=CARTESIAN_POINT('',(-0.0273066699459119,0.0597184733057647,0.0174999999999902));
#2831=CARTESIAN_POINT('',(-0.0257066699459119,0.0597184733057647,0.0174999999999902));
#2832=CARTESIAN_POINT('',(-0.0376692721678848,0.0712452454120034,0.0174999999999902));
#2833=CARTESIAN_POINT('',(-0.0360692721678848,0.0712452454120034,0.0174999999999902));
#2834=CARTESIAN_POINT('',(-0.0349950522396337,0.0682705945458773,0.0174999999999902));
#2835=CARTESIAN_POINT('',(-0.0333950522396337,0.0682705945458773,0.0174999999999902));
#2836=CARTESIAN_POINT('',(-0.0438110436475196,0.0496573513781624,0.0174999999999902));
#2837=CARTESIAN_POINT('',(-0.0293154431156722,0.0521008165469792,0.0174999999999902));
#2838=CARTESIAN_POINT('',(-0.0328791269232843,0.0594851768520148,0.0174999999999902));
#2839=CARTESIAN_POINT('',(-0.0216239525983783,0.0533973402152468,0.0174999999999902));
#2840=CARTESIAN_POINT('',(-0.0195189181968945,0.0609079214290124,0.0174999999999902));
#2841=CARTESIAN_POINT('',(-0.0155517108368781,0.0750625751716071,0.0174999999999902));
#2842=CARTESIAN_POINT('',(-0.0264836275611132,0.0652347496977546,0.0174999999999902));
#2843=CARTESIAN_POINT('',(-0.0303772917766468,0.0695658413588342,0.0174999999999902));
#2844=CARTESIAN_POINT('',(-0.0342709559921804,0.0738969330199138,0.0174999999999902));
#2845=CARTESIAN_POINT('',(-0.0374687056732659,0.0710221465970439,0.0174999999999902));
#2846=CARTESIAN_POINT('',(-0.0406664553543516,0.068147360174174,0.0174999999999902));
#2847=CARTESIAN_POINT('',(-0.0367727911388179,0.0638162685130944,0.0174999999999902));
#2848=CARTESIAN_POINT('',(-0.0451898875100112,0.0706361724477585,-9.80582443257829E-15));
#2849=CARTESIAN_POINT('',(-0.0443411912407493,0.0696921307607726,-0.0121499999999902));
#2850=CARTESIAN_POINT('',(-0.0443411912407493,0.0696921307607726,-0.0141253664515645));
#2851=CARTESIAN_POINT('',(-0.0443411912407493,0.0696921307607726,-0.0155000000000099));
#2852=CARTESIAN_POINT('',(-0.0440032024168496,0.069316171125915,-0.00895000000000987));
#2853=CARTESIAN_POINT('',(-0.0474796883235762,0.073183217251879,-0.00895000000000987));
#2854=CARTESIAN_POINT('',(-0.0474796883235762,0.073183217251879,0.00894999999999013));
#2855=CARTESIAN_POINT('',(-0.0474796883235762,0.073183217251879,0.00894999999999013));
#2856=CARTESIAN_POINT('',(-0.0440032024168497,0.069316171125915,0.00894999999999013));
#2857=CARTESIAN_POINT('',(-0.0443411912407493,0.0696921307607726,0.0141253664515447));
#2858=CARTESIAN_POINT('',(-0.0443411912407493,0.0696921307607726,0.0121499999999902));
#2859=CARTESIAN_POINT('',(-0.0443411912407493,0.0696921307607726,0.0154999999999902));
#2860=CARTESIAN_POINT('',(-0.0451898875100112,0.0706361724477585,0.0154999999999902));
#2861=CARTESIAN_POINT('',(-0.0483941912978092,0.0742004585922934,0.0154999999999901));
#2862=CARTESIAN_POINT('',(-0.0483941912978092,0.0742004585922934,0.0124999999999901));
#2863=CARTESIAN_POINT('',(-0.0501019709780499,0.0761000960347168,0.0140731707316975));
#2864=CARTESIAN_POINT('',(-0.0530621224238003,0.0793928009349172,0.0167999999999902));
#2865=CARTESIAN_POINT('',(-0.0530621224238003,0.0793928009349172,0.0115999999999902));
#2866=CARTESIAN_POINT('',(-0.0451898875100112,0.0706361724477585,0.0115999999999902));
#2867=CARTESIAN_POINT('',(-0.064293846122455,0.0918863345726469,0.0115999999999902));
#2868=CARTESIAN_POINT('',(-0.064293846122455,0.0918863345726469,-9.80582443257829E-15));
#2869=CARTESIAN_POINT('',(-0.064293846122455,0.0918863345726469,0.00909999999999013));
#2870=CARTESIAN_POINT('',(-0.0642938461224549,0.0918863345726469,0.00909999999999013));
#2871=CARTESIAN_POINT('',(-0.0602825162300782,0.0874243582734576,0.00909999999999013));
#2872=CARTESIAN_POINT('',(-0.0597518671639848,0.0868340942912816,0.00599999999999013));
#2873=CARTESIAN_POINT('',(-0.0597518671639848,0.0868340942912816,0.00919999999999013));
#2874=CARTESIAN_POINT('',(-0.0509227464811994,0.0770130802420162,0.00919999999999014));
#2875=CARTESIAN_POINT('',(-0.0530621224238003,0.0793928009349171,0.00919999999999014));
#2876=CARTESIAN_POINT('',(-0.0530621224238003,0.0793928009349171,0.00599999999999014));
#2877=CARTESIAN_POINT('',(-0.0509227464811994,0.0770130802420162,0.00599999999999014));
#2878=CARTESIAN_POINT('',(-0.0509227464811994,0.0770130802420162,-0.0175000000000099));
#2879=CARTESIAN_POINT('',(-0.0509227464811994,0.0770130802420162,-0.00600000000000986));
#2880=CARTESIAN_POINT('',(-0.0530621224238003,0.0793928009349171,-0.00600000000000986));
#2881=CARTESIAN_POINT('',(-0.0530621224238003,0.0793928009349171,-0.00920000000000986));
#2882=CARTESIAN_POINT('',(-0.0509227464811994,0.0770130802420162,-0.00920000000000986));
#2883=CARTESIAN_POINT('',(-0.0597518671639848,0.0868340942912816,-0.00920000000000987));
#2884=CARTESIAN_POINT('',(-0.0597518671639848,0.0868340942912816,-0.00600000000000987));
#2885=CARTESIAN_POINT('',(-0.0602825162300782,0.0874243582734576,-0.00910000000000987));
#2886=CARTESIAN_POINT('',(-0.0642938461224548,0.0918863345726467,-0.00910000000000987));
#2887=CARTESIAN_POINT('',(-0.064293846122455,0.0918863345726469,-0.00910000000000987));
#2888=CARTESIAN_POINT('',(-0.064293846122455,0.0918863345726469,-9.80582443257829E-15));
#2889=CARTESIAN_POINT('',(-0.064293846122455,0.0918863345726469,-0.0116000000000099));
#2890=CARTESIAN_POINT('',(-0.0451898875100112,0.0706361724477585,-0.0116000000000099));
#2891=CARTESIAN_POINT('',(-0.0530621224238003,0.0793928009349172,-0.0116000000000099));
#2892=CARTESIAN_POINT('',(-0.0530621224238003,0.0793928009349172,-0.0168000000000098));
#2893=CARTESIAN_POINT('',(-0.0501019709780498,0.0761000960347168,-0.0140731707317172));
#2894=CARTESIAN_POINT('',(-0.0483941912978092,0.0742004585922934,-0.0125000000000098));
#2895=CARTESIAN_POINT('',(-0.0483941912978092,0.0742004585922934,-0.0155000000000099));
#2896=CARTESIAN_POINT('',(-0.0451898875100112,0.0706361724477585,-0.0155000000000099));
#2897=CARTESIAN_POINT('',(-0.0362659349116329,0.0786588322325118,-9.80285336822022E-15));
#2898=CARTESIAN_POINT('',(-0.0385557357251979,0.0812058770366323,-9.80397273344157E-15));
#2899=CARTESIAN_POINT('',(-0.0385557357251979,0.0812058770366323,0.00894999999999013));
#2900=CARTESIAN_POINT('',(-0.0385557357251979,0.0812058770366323,-0.00895000000000987));
#2901=CARTESIAN_POINT('',(-0.0350792498184714,0.0773388309106682,-0.00895000000000987));
#2902=CARTESIAN_POINT('',(-0.035417238642371,0.0777147905455258,-0.0141253664515645));
#2903=CARTESIAN_POINT('',(-0.035417238642371,0.0777147905455258,-0.0121499999999902));
#2904=CARTESIAN_POINT('',(-0.035417238642371,0.0777147905455258,-0.0155000000000099));
#2905=CARTESIAN_POINT('',(-0.0394702386994309,0.0822231183770467,-0.0155000000000099));
#2906=CARTESIAN_POINT('',(-0.0394702386994309,0.0822231183770467,-0.0155000000000099));
#2907=CARTESIAN_POINT('',(-0.0394702386994309,0.0822231183770467,-0.0125000000000098));
#2908=CARTESIAN_POINT('',(-0.0411780183796715,0.08412275581947,-0.0140731707317172));
#2909=CARTESIAN_POINT('',(-0.044138169825422,0.0874154607196705,-0.0168000000000098));
#2910=CARTESIAN_POINT('',(-0.044138169825422,0.0874154607196705,-0.0116000000000099));
#2911=CARTESIAN_POINT('',(-0.0553698935240767,0.0999089943574002,-0.0116000000000099));
#2912=CARTESIAN_POINT('',(-0.0553698935240767,0.0999089943574002,-0.0116000000000099));
#2913=CARTESIAN_POINT('',(-0.0553698935240767,0.0999089943574002,-0.00910000000000987));
#2914=CARTESIAN_POINT('',(-0.0553698935240767,0.0999089943574002,-0.00910000000000987));
#2915=CARTESIAN_POINT('',(-0.0553698935240765,0.0999089943574,-0.00910000000000987));
#2916=CARTESIAN_POINT('',(-0.0513585636316999,0.0954470180582108,-0.00910000000000988));
#2917=CARTESIAN_POINT('',(-0.0513585636316999,0.0954470180582108,-0.00909295323221728));
#2918=CARTESIAN_POINT('',(-0.0513585636316999,0.0954470180582108,-0.0090859064644247));
#2919=CARTESIAN_POINT('',(-0.0511579971370812,0.0952239192432516,-0.00590000000000988));
#2920=CARTESIAN_POINT('',(-0.0490186211944803,0.0928441985503507,-0.00590000000000987));
#2921=CARTESIAN_POINT('',(-0.0490186211944802,0.0928441985503506,-9.95818011384486E-15));
#2922=CARTESIAN_POINT('',(-0.0490186211944801,0.0928441985503505,0.00589999999999004));
#2923=CARTESIAN_POINT('',(-0.051157997137081,0.0952239192432514,0.00589999999999011));
#2924=CARTESIAN_POINT('',(-0.0513585636316999,0.0954470180582109,0.00908590646440491));
#2925=CARTESIAN_POINT('',(-0.0513585636316999,0.0954470180582109,0.00909295323219752));
#2926=CARTESIAN_POINT('',(-0.0513585636316999,0.0954470180582108,0.00909999999999014));
#2927=CARTESIAN_POINT('',(-0.0553698935240766,0.0999089943574001,0.00909999999999013));
#2928=CARTESIAN_POINT('',(-0.0553698935240767,0.0999089943574002,0.00909999999999013));
#2929=CARTESIAN_POINT('',(-0.0553698935240767,0.0999089943574002,0.0135999999999902));
#2930=CARTESIAN_POINT('',(-0.0553698935240767,0.0999089943574002,0.0115999999999902));
#2931=CARTESIAN_POINT('',(-0.044138169825422,0.0874154607196705,0.0115999999999902));
#2932=CARTESIAN_POINT('',(-0.044138169825422,0.0874154607196704,0.0115999999999902));
#2933=CARTESIAN_POINT('',(-0.044138169825422,0.0874154607196705,0.0167999999999902));
#2934=CARTESIAN_POINT('',(-0.0411780183796715,0.08412275581947,0.0140731707316975));
#2935=CARTESIAN_POINT('',(-0.0394702386994309,0.0822231183770467,0.0124999999999901));
#2936=CARTESIAN_POINT('',(-0.0394702386994309,0.0822231183770467,0.0154999999999901));
#2937=CARTESIAN_POINT('',(-0.035417238642371,0.0777147905455258,0.0154999999999902));
#2938=CARTESIAN_POINT('',(-0.035417238642371,0.0777147905455258,0.0154999999999902));
#2939=CARTESIAN_POINT('',(-0.035417238642371,0.0777147905455258,0.0121499999999902));
#2940=CARTESIAN_POINT('',(-0.035417238642371,0.0777147905455258,0.0141253664515447));
#2941=CARTESIAN_POINT('',(-0.0350792498184714,0.0773388309106682,0.00894999999999013));
#2942=CARTESIAN_POINT('',(-0.0642938461224549,0.0918863345726469,0.00909999999999013));
#2943=CARTESIAN_POINT('',(-0.0598318698232658,0.0958976644650236,0.00909999999999013));
#2944=CARTESIAN_POINT('',(-0.0621818698232658,0.0958976644650236,0.00909999999999013));
#2945=CARTESIAN_POINT('',(-0.0598318698232658,0.0958976644650236,0.00909999999999013));
#2946=CARTESIAN_POINT('',(-0.0528458890647629,0.0941099080940853,0.00909999999999014));
#2947=CARTESIAN_POINT('',(-0.0528458890647629,0.0941099080940853,0.00909999999999014));
#2948=CARTESIAN_POINT('',(-0.0602825162300782,0.0874243582734576,0.00909999999999013));
#2949=CARTESIAN_POINT('',(-0.0597518671639848,0.0868340942912816,0.00599999999999013));
#2950=CARTESIAN_POINT('',(-0.0523152399986696,0.0935196441119094,0.00599999999999013));
#2951=CARTESIAN_POINT('',(-0.0523152399986695,0.0935196441119093,0.00919999999999014));
#2952=CARTESIAN_POINT('',(-0.0597518671639848,0.0868340942912816,0.00919999999999013));
#2953=CARTESIAN_POINT('',(-0.0509227464811994,0.0770130802420162,0.00919999999999014));
#2954=CARTESIAN_POINT('',(-0.0434861193158841,0.083698630062644,0.00919999999999014));
#2955=CARTESIAN_POINT('',(-0.045625495258485,0.0860783507555449,0.00919999999999014));
#2956=CARTESIAN_POINT('',(-0.0530621224238003,0.0793928009349171,0.00919999999999014));
#2957=CARTESIAN_POINT('',(-0.0530621224238003,0.0793928009349171,0.00599999999999014));
#2958=CARTESIAN_POINT('',(-0.0456254952584851,0.0860783507555449,0.00599999999999014));
#2959=CARTESIAN_POINT('',(-0.0434861193158841,0.083698630062644,0.00599999999999014));
#2960=CARTESIAN_POINT('',(-0.0509227464811994,0.0770130802420162,0.00599999999999014));
#2961=CARTESIAN_POINT('',(-0.0509227464811994,0.0770130802420162,-0.0175000000000099));
#2962=CARTESIAN_POINT('',(-0.0434861193158841,0.083698630062644,-0.0175000000000099));
#2963=CARTESIAN_POINT('',(-0.0434861193158841,0.083698630062644,-0.00600000000000986));
#2964=CARTESIAN_POINT('',(-0.0509227464811994,0.0770130802420162,-0.00600000000000986));
#2965=CARTESIAN_POINT('',(-0.0530621224238003,0.0793928009349171,-0.00600000000000986));
#2966=CARTESIAN_POINT('',(-0.0456254952584851,0.0860783507555449,-0.00600000000000986));
#2967=CARTESIAN_POINT('',(-0.045625495258485,0.0860783507555449,-0.00920000000000986));
#2968=CARTESIAN_POINT('',(-0.0530621224238003,0.0793928009349171,-0.00920000000000986));
#2969=CARTESIAN_POINT('',(-0.0509227464811994,0.0770130802420162,-0.00920000000000986));
#2970=CARTESIAN_POINT('',(-0.0434861193158841,0.083698630062644,-0.00920000000000986));
#2971=CARTESIAN_POINT('',(-0.0523152399986699,0.0935196441119097,-0.00920000000000984));
#2972=CARTESIAN_POINT('',(-0.0597518671639848,0.0868340942912816,-0.00920000000000987));
#2973=CARTESIAN_POINT('',(-0.0597518671639848,0.0868340942912816,-0.00600000000000987));
#2974=CARTESIAN_POINT('',(-0.0523152399986696,0.0935196441119094,-0.00600000000000987));
#2975=CARTESIAN_POINT('',(-0.0528458890647629,0.0941099080940853,-0.00910000000000987));
#2976=CARTESIAN_POINT('',(-0.0602825162300782,0.0874243582734576,-0.00910000000000987));
#2977=CARTESIAN_POINT('',(-0.0642938461224548,0.0918863345726467,-0.00910000000000987));
#2978=CARTESIAN_POINT('',(-0.0598318698232658,0.0958976644650236,-0.00910000000000988));
#2979=CARTESIAN_POINT('',(-0.0621818698232658,0.0958976644650236,-0.00910000000000988));
#2980=CARTESIAN_POINT('',(-0.0598318698232658,0.0958976644650236,-0.00910000000000987));
#2981=CARTESIAN_POINT('',(-0.0528458890647629,0.0941099080940853,-0.00910000000000988));
#2982=CARTESIAN_POINT('',(-0.0606836492193159,0.0878705559033766,-0.0136000000000099));
#2983=CARTESIAN_POINT('',(-0.0598318698232658,0.0958976644650236,-0.0136000000000099));
#2984=CARTESIAN_POINT('',(-0.0626818698232658,0.0958976644650236,-0.0136000000000099));
#2985=CARTESIAN_POINT('',(-0.0530621224238003,0.0793928009349172,-0.0136000000000098));
#2986=CARTESIAN_POINT('',(-0.0515747969907373,0.0807299108990427,-0.0136000000000098));
#2987=CARTESIAN_POINT('',(-0.0456254952584851,0.0860783507555449,-0.0136000000000098));
#2988=CARTESIAN_POINT('',(-0.0591963237862529,0.0892076658675022,-0.0136000000000099));
#2989=CARTESIAN_POINT('',(-0.0628065206893919,0.0932234445367725,-0.0136000000000099));
#2990=CARTESIAN_POINT('',(-0.0598318698232658,0.0958976644650236,-0.0136000000000099));
#2991=CARTESIAN_POINT('',(-0.0568572189571397,0.0985718843932746,-0.0136000000000099));
#2992=CARTESIAN_POINT('',(-0.0456254952584851,0.0860783507555449,-0.0136000000000099));
#2993=CARTESIAN_POINT('',(-0.0530621224238003,0.0793928009349172,-0.0168000000000098));
#2994=CARTESIAN_POINT('',(-0.0456254952584851,0.0860783507555449,-0.0168000000000098));
#2995=CARTESIAN_POINT('',(-0.0438038635995617,0.08405207081696,-0.015121951219522));
#2996=CARTESIAN_POINT('',(-0.0512404907648769,0.0773665209963323,-0.015121951219522));
#2997=CARTESIAN_POINT('',(-0.0497531653318139,0.0787036309604579,-0.015121951219522));
#2998=CARTESIAN_POINT('',(-0.0515747969907373,0.0807299108990428,-0.0168000000000098));
#2999=CARTESIAN_POINT('',(-0.0483941912978092,0.0742004585922934,-0.0125000000000098));
#3000=CARTESIAN_POINT('',(-0.0409575641324939,0.0808860084129211,-0.0125000000000098));
#3001=CARTESIAN_POINT('',(-0.0469068658647461,0.0755375685564189,-0.0125000000000098));
#3002=CARTESIAN_POINT('',(-0.0352343951515,0.0595622463079872,-0.0175000000000099));
#3003=CARTESIAN_POINT('',(-0.0216239525983783,0.0533973402152468,-0.0175000000000099));
#3004=CARTESIAN_POINT('',(-0.0237239525983783,0.0533973402152468,-0.0175000000000099));
#3005=CARTESIAN_POINT('',(-0.0273066699459119,0.0597184733057647,-0.0174999999999902));
#3006=CARTESIAN_POINT('',(-0.0257066699459119,0.0597184733057647,-0.0174999999999902));
#3007=CARTESIAN_POINT('',(-0.0376692721678848,0.0712452454120034,-0.0174999999999902));
#3008=CARTESIAN_POINT('',(-0.0360692721678848,0.0712452454120034,-0.0174999999999902));
#3009=CARTESIAN_POINT('',(-0.0349950522396337,0.0682705945458773,-0.0174999999999902));
#3010=CARTESIAN_POINT('',(-0.0333950522396337,0.0682705945458773,-0.0174999999999902));
#3011=CARTESIAN_POINT('',(-0.0216239525983783,0.0533973402152468,-0.0174999999999902));
#3012=CARTESIAN_POINT('',(-0.0293154431156722,0.0521008165469792,-0.0174999999999902));
#3013=CARTESIAN_POINT('',(-0.0195189181968945,0.0609079214290124,-0.0174999999999902));
#3014=CARTESIAN_POINT('',(-0.0438110436475196,0.0496573513781624,-0.0174999999999902));
#3015=CARTESIAN_POINT('',(-0.0328791269232843,0.0594851768520148,-0.0174999999999902));
#3016=CARTESIAN_POINT('',(-0.0367727911388179,0.0638162685130944,-0.0174999999999902));
#3017=CARTESIAN_POINT('',(-0.0406664553543516,0.068147360174174,-0.0174999999999902));
#3018=CARTESIAN_POINT('',(-0.0374687056732659,0.0710221465970439,-0.0174999999999902));
#3019=CARTESIAN_POINT('',(-0.0342709559921804,0.0738969330199138,-0.0174999999999902));
#3020=CARTESIAN_POINT('',(-0.0303772917766468,0.0695658413588342,-0.0174999999999902));
#3021=CARTESIAN_POINT('',(-0.0264836275611132,0.0652347496977546,-0.0174999999999902));
#3022=CARTESIAN_POINT('',(-0.0155517108368781,0.0750625751716071,-0.0174999999999902));
#3023=CARTESIAN_POINT('',(-0.0263512534306141,0.0496811423139581,-0.0121500000000099));
#3024=CARTESIAN_POINT('',(-0.0273066699459118,0.0597184733057647,-0.0121500000000099));
#3025=CARTESIAN_POINT('',(-0.0237066699459118,0.0597184733057647,-0.0121500000000099));
#3026=CARTESIAN_POINT('',(-0.0376692721678848,0.0712452454120034,-0.0121500000000099));
#3027=CARTESIAN_POINT('',(-0.0382712280100371,0.069762798393018,-0.0121500000000099));
#3028=CARTESIAN_POINT('',(-0.0361313393508446,0.0716865646278446,-0.0121500000000099));
#3029=CARTESIAN_POINT('',(-0.0349950522396337,0.0682705945458773,-0.0121500000000099));
#3030=CARTESIAN_POINT('',(-0.0216239525983783,0.0533973402152468,-0.0121500000000099));
#3031=CARTESIAN_POINT('',(-0.0200239525983783,0.0533973402152468,-0.0121500000000099));
#3032=CARTESIAN_POINT('',(-0.0440032024168496,0.069316171125915,-0.0121500000000099));
#3033=CARTESIAN_POINT('',(-0.0425158769837867,0.0706532810900405,-0.0121500000000099));
#3034=CARTESIAN_POINT('',(-0.0365665752515344,0.0760017209465427,-0.0121500000000099));
#3035=CARTESIAN_POINT('',(-0.0444685746061642,0.0710649825894505,-0.0121500000000099));
#3036=CARTESIAN_POINT('',(-0.0438282931144773,0.0708774298060914,-0.0121500000000099));
#3037=CARTESIAN_POINT('',(-0.0431715478792944,0.0707655409042995,-0.0121500000000099));
#3038=CARTESIAN_POINT('',(-0.0425158769837867,0.0706532810900405,-0.0121500000000099));
#3039=CARTESIAN_POINT('',(-0.0444685746061642,0.0710649825894505,-0.0121499999999902));
#3040=CARTESIAN_POINT('',(-0.0374687056732659,0.0710221465970439,-0.0121499999999902));
#3041=CARTESIAN_POINT('',(-0.0426743446889866,0.0663422617226045,-0.0121499999999902));
#3042=CARTESIAN_POINT('',(-0.0387806804734531,0.0620111700615249,-0.0121499999999902));
#3043=CARTESIAN_POINT('',(-0.0348870162579194,0.0576800784004453,-0.0121499999999902));
#3044=CARTESIAN_POINT('',(-0.0438110436475196,0.0496573513781624,-0.0121499999999902));
#3045=CARTESIAN_POINT('',(-0.0319778821408893,0.0516520198925789,-0.0121499999999902));
#3046=CARTESIAN_POINT('',(-0.0216239525983783,0.0533973402152467,-0.0121499999999902));
#3047=CARTESIAN_POINT('',(-0.0187902524425347,0.0635077380030082,-0.0121499999999902));
#3048=CARTESIAN_POINT('',(-0.0155517108368781,0.0750625751716069,-0.0121499999999902));
#3049=CARTESIAN_POINT('',(-0.0244757382264781,0.0670398481493241,-0.0121499999999902));
#3050=CARTESIAN_POINT('',(-0.0283694024420117,0.0713709398104037,-0.0121499999999902));
#3051=CARTESIAN_POINT('',(-0.0322630666575453,0.0757020314714833,-0.0121499999999902));
#3052=CARTESIAN_POINT('',(-0.0374687056732659,0.0710221465970439,-0.0121499999999902));
#3053=CARTESIAN_POINT('',(-0.0367688346191417,0.0779870716151327,-0.0121499999999902));
#3054=CARTESIAN_POINT('',(-0.0367688346191417,0.0779870716151327,-0.0121500000000099));
#3055=CARTESIAN_POINT('',(-0.0366502535326714,0.0773305086241911,-0.0121500000000099));
#3056=CARTESIAN_POINT('',(-0.0366086557789363,0.0766656003168555,-0.0121500000000099));
#3057=CARTESIAN_POINT('',(-0.0365665752515344,0.0760017209465427,-0.0121500000000099));
#3058=CARTESIAN_POINT('',(-0.0440032024168496,0.069316171125915,-0.00895000000000987));
#3059=CARTESIAN_POINT('',(-0.0461425783594505,0.0716958918188159,-0.00895000000000987));
#3060=CARTESIAN_POINT('',(-0.0446552529263875,0.0730330017829414,-0.00895000000000988));
#3061=CARTESIAN_POINT('',(-0.0387059511941353,0.0783814416394436,-0.00895000000000987));
#3062=CARTESIAN_POINT('',(-0.0425158769837867,0.0706532810900405,-0.00895000000000987));
#3063=CARTESIAN_POINT('',(-0.0365665752515344,0.0760017209465427,-0.00895000000000987));
#3064=CARTESIAN_POINT('',(-0.0461425783594506,0.0716958918188159,-0.0175000000000099));
#3065=CARTESIAN_POINT('',(-0.0461425783594505,0.0716958918188159,0.00894999999999013));
#3066=CARTESIAN_POINT('',(-0.0446552529263875,0.0730330017829414,0.00894999999999012));
#3067=CARTESIAN_POINT('',(-0.0387059511941353,0.0783814416394436,0.00894999999999012));
#3068=CARTESIAN_POINT('',(-0.0446552529263875,0.0730330017829415,-0.00895000000000987));
#3069=CARTESIAN_POINT('',(-0.0387059511941353,0.0783814416394437,-0.0175000000000099));
#3070=CARTESIAN_POINT('',(-0.0440032024168496,0.069316171125915,0.00894999999999013));
#3071=CARTESIAN_POINT('',(-0.0440032024168496,0.069316171125915,0.0121499999999901));
#3072=CARTESIAN_POINT('',(-0.0425158769837866,0.0706532810900405,0.0121499999999901));
#3073=CARTESIAN_POINT('',(-0.0365665752515344,0.0760017209465427,0.0121499999999901));
#3074=CARTESIAN_POINT('',(-0.0425158769837866,0.0706532810900405,0.00894999999999013));
#3075=CARTESIAN_POINT('',(-0.0365665752515344,0.0760017209465427,0.00894999999999013));
#3076=CARTESIAN_POINT('',(-0.030097258789944,0.0538479866220593,0.0121499999999901));
#3077=CARTESIAN_POINT('',(-0.0273066699459118,0.0597184733057647,0.0121499999999901));
#3078=CARTESIAN_POINT('',(-0.0309066699459118,0.0597184733057647,0.0121499999999901));
#3079=CARTESIAN_POINT('',(-0.0376692721678848,0.0712452454120034,0.0121499999999901));
#3080=CARTESIAN_POINT('',(-0.0361313393508446,0.0716865646278446,0.0121499999999901));
#3081=CARTESIAN_POINT('',(-0.0382712280100371,0.069762798393018,0.0121499999999901));
#3082=CARTESIAN_POINT('',(-0.0349950522396337,0.0682705945458773,0.0121499999999901));
#3083=CARTESIAN_POINT('',(-0.0374687056732659,0.0710221465970439,0.0121499999999902));
#3084=CARTESIAN_POINT('',(-0.0444685746061642,0.0710649825894506,0.0121499999999902));
#3085=CARTESIAN_POINT('',(-0.0426743446889866,0.0663422617226045,0.0121499999999902));
#3086=CARTESIAN_POINT('',(-0.0444685746061642,0.0710649825894506,0.0121499999999901));
#3087=CARTESIAN_POINT('',(-0.0438282931144771,0.0708774298060914,0.0121499999999901));
#3088=CARTESIAN_POINT('',(-0.0431715478791431,0.0707655409051818,0.0121499999999901));
#3089=CARTESIAN_POINT('',(-0.0425158769837867,0.0706532810900405,0.0121499999999901));
#3090=CARTESIAN_POINT('',(-0.0367688346191418,0.0779870716151327,0.0121499999999901));
#3091=CARTESIAN_POINT('',(-0.0366502535326715,0.0773305086241909,0.0121499999999901));
#3092=CARTESIAN_POINT('',(-0.036608655779821,0.0766656003167992,0.0121499999999901));
#3093=CARTESIAN_POINT('',(-0.0365665752515344,0.0760017209465427,0.0121499999999901));
#3094=CARTESIAN_POINT('',(-0.0367688346191418,0.0779870716151327,0.0121499999999902));
#3095=CARTESIAN_POINT('',(-0.0374687056732659,0.0710221465970439,0.0121499999999902));
#3096=CARTESIAN_POINT('',(-0.0322630666575453,0.0757020314714833,0.0121499999999902));
#3097=CARTESIAN_POINT('',(-0.0283694024420117,0.0713709398104037,0.0121499999999902));
#3098=CARTESIAN_POINT('',(-0.0244757382264781,0.0670398481493241,0.0121499999999902));
#3099=CARTESIAN_POINT('',(-0.0155517108368781,0.0750625751716069,0.0121499999999902));
#3100=CARTESIAN_POINT('',(-0.0187902524425347,0.0635077380030082,0.0121499999999902));
#3101=CARTESIAN_POINT('',(-0.0216239525983783,0.0533973402152467,0.0121499999999902));
#3102=CARTESIAN_POINT('',(-0.0319778821408893,0.0516520198925789,0.0121499999999902));
#3103=CARTESIAN_POINT('',(-0.0438110436475196,0.0496573513781624,0.0121499999999902));
#3104=CARTESIAN_POINT('',(-0.0348870162579194,0.0576800784004453,0.0121499999999902));
#3105=CARTESIAN_POINT('',(-0.0387806804734531,0.0620111700615249,0.0121499999999902));
#3106=CARTESIAN_POINT('',(-0.0216239525983783,0.0533973402152468,0.0121499999999901));
#3107=CARTESIAN_POINT('',(-0.0232239525983783,0.0533973402152468,0.0121499999999901));
#3108=CARTESIAN_POINT('',(-0.0352343951515,0.0595622463079872,0.0174999999999902));
#3109=CARTESIAN_POINT('',(-0.0483941912978092,0.0742004585922934,0.0174999999999901));
#3110=CARTESIAN_POINT('',(-0.0469068658647461,0.075537568556419,0.0174999999999901));
#3111=CARTESIAN_POINT('',(-0.0409575641324939,0.0808860084129211,0.0174999999999901));
#3112=CARTESIAN_POINT('',(-0.033747069718437,0.0608993562721127,0.0174999999999902));
#3113=CARTESIAN_POINT('',(-0.0442839125165067,0.0726199437318028,0.0174999999999902));
#3114=CARTESIAN_POINT('',(-0.0374687056732659,0.0710221465970439,0.0174999999999902));
#3115=CARTESIAN_POINT('',(-0.0383346107842545,0.077968383588305,0.0174999999999902));
#3116=CARTESIAN_POINT('',(-0.0409575641324939,0.0808860084129211,0.0174999999999902));
#3117=CARTESIAN_POINT('',(-0.0483941912978092,0.0742004585922934,0.0124999999999901));
#3118=CARTESIAN_POINT('',(-0.0512404907648769,0.0773665209963323,0.0151219512195024));
#3119=CARTESIAN_POINT('',(-0.0497531653318138,0.0787036309604578,0.0151219512195024));
#3120=CARTESIAN_POINT('',(-0.0438038635995616,0.08405207081696,0.0151219512195024));
#3121=CARTESIAN_POINT('',(-0.0469068658647461,0.075537568556419,0.0124999999999901));
#3122=CARTESIAN_POINT('',(-0.0409575641324939,0.0808860084129211,0.0124999999999901));
#3123=CARTESIAN_POINT('',(-0.0530621224238003,0.0793928009349172,0.0167999999999902));
#3124=CARTESIAN_POINT('',(-0.0530621224238003,0.0793928009349172,0.0135999999999902));
#3125=CARTESIAN_POINT('',(-0.0515747969907372,0.0807299108990427,0.0135999999999902));
#3126=CARTESIAN_POINT('',(-0.045625495258485,0.0860783507555449,0.0135999999999902));
#3127=CARTESIAN_POINT('',(-0.0515747969907372,0.0807299108990427,0.0167999999999902));
#3128=CARTESIAN_POINT('',(-0.045625495258485,0.0860783507555449,0.0167999999999902));
#3129=CARTESIAN_POINT('',(-0.060683649219316,0.0878705559033766,0.0135999999999902));
#3130=CARTESIAN_POINT('',(-0.0598318698232658,0.0958976644650236,0.0135999999999902));
#3131=CARTESIAN_POINT('',(-0.0569818698232658,0.0958976644650236,0.0135999999999902));
#3132=CARTESIAN_POINT('',(-0.0598318698232658,0.0958976644650236,0.0135999999999902));
#3133=CARTESIAN_POINT('',(-0.0568572189571397,0.0985718843932746,0.0135999999999902));
#3134=CARTESIAN_POINT('',(-0.0628065206893919,0.0932234445367725,0.0135999999999902));
#3135=CARTESIAN_POINT('',(-0.0591963237862529,0.0892076658675022,0.0135999999999902));
#3136=CARTESIAN_POINT('',(-0.0568572189571397,0.0985718843932746,0.0135999999999902));
#3137=CARTESIAN_POINT('',(-0.052845889064763,0.0941099080940854,0.00909295323219752));
#3138=CARTESIAN_POINT('',(-0.052845889064763,0.0941099080940854,0.00908590646440491));
#3139=CARTESIAN_POINT('',(-0.052845889064763,0.0941099080940854,0.00908590646440491));
#3140=CARTESIAN_POINT('',(-0.052845889064763,0.0941099080940854,0.00909295323219752));
#3141=CARTESIAN_POINT('',(-0.052645322570144,0.0938868092791258,0.0058999999999901));
#3142=CARTESIAN_POINT('',(-0.0505059466275432,0.0915070885862249,0.00589999999999004));
#3143=CARTESIAN_POINT('',(-0.0505059466275432,0.0915070885862249,0.00589999999999004));
#3144=CARTESIAN_POINT('',(-0.052645322570144,0.0938868092791258,0.0058999999999901));
#3145=CARTESIAN_POINT('',(-0.0505059466275433,0.091507088586225,-9.95867529123787E-15));
#3146=CARTESIAN_POINT('',(-0.0505059466275434,0.0915070885862252,-0.00590000000000987));
#3147=CARTESIAN_POINT('',(-0.0505059466275434,0.0915070885862252,-0.00590000000000987));
#3148=CARTESIAN_POINT('',(-0.0505059466275433,0.091507088586225,-9.95867529123787E-15));
#3149=CARTESIAN_POINT('',(-0.0526453225701443,0.093886809279126,-0.00590000000000988));
#3150=CARTESIAN_POINT('',(-0.0528458890647629,0.0941099080940853,-0.0090859064644247));
#3151=CARTESIAN_POINT('',(-0.0528458890647629,0.0941099080940853,-0.0090859064644247));
#3152=CARTESIAN_POINT('',(-0.0526453225701443,0.093886809279126,-0.00590000000000988));
#3153=CARTESIAN_POINT('',(-0.0528458890647629,0.0941099080940853,-0.00909295323221728));
#3154=CARTESIAN_POINT('',(-0.0528458890647629,0.0941099080940853,-0.00909295323221728));
#3155=CARTESIAN_POINT('',(-0.0377532603446959,0.0773217222683863,-9.80334854561323E-15));
#3156=CARTESIAN_POINT('',(-0.0598318698232658,0.0958976644650236,0.078661329372625));
#3157=CARTESIAN_POINT('',(-0.0598318698232658,0.0958976644650236,0.0130999999999902));
#3158=CARTESIAN_POINT('',(-0.0574818698232658,0.0958976644650236,0.0130999999999902));
#3159=CARTESIAN_POINT('',(-0.0216239525983783,0.0533973402152468,0.078661329372625));
#3160=CARTESIAN_POINT('',(-0.0216239525983783,0.0533973402152468,0.0169999999999902));
#3161=CARTESIAN_POINT('',(-0.0200239525983783,0.0533973402152468,0.0169999999999902));
#3162=CARTESIAN_POINT('',(-0.0216239525983783,0.0533973402152468,0.078661329372625));
#3163=CARTESIAN_POINT('',(-0.0216239525983783,0.0533973402152468,-0.0170000000000099));
#3164=CARTESIAN_POINT('',(-0.0232239525983783,0.0533973402152468,-0.0170000000000099));
#3165=CARTESIAN_POINT('',(-0.0598318698232658,0.0958976644650236,0.078661329372625));
#3166=CARTESIAN_POINT('',(-0.0598318698232658,0.0958976644650236,-0.0131000000000099));
#3167=CARTESIAN_POINT('',(-0.0621818698232658,0.0958976644650236,-0.0131000000000099));
#3168=CARTESIAN_POINT('',(-0.0374687056732659,0.0710221465970439,0.0121499999999902));
#3169=CARTESIAN_POINT('',(-0.0426743446889866,0.0663422617226045,0.0121499999999902));
#3170=CARTESIAN_POINT('',(-0.0426743446889866,0.0663422617226045,0.0191999999999902));
#3171=CARTESIAN_POINT('',(-0.0374687056732659,0.0710221465970439,0.0191999999999902));
#3172=CARTESIAN_POINT('',(-0.0322630666575453,0.0757020314714833,0.0191999999999902));
#3173=CARTESIAN_POINT('',(-0.0322630666575453,0.0757020314714833,0.0121499999999902));
#3174=CARTESIAN_POINT('',(-0.0367688346191418,0.0779870716151327,0.0121499999999901));
#3175=CARTESIAN_POINT('',(-0.0364672210761804,0.0779567639538582,0.0124291768358496));
#3176=CARTESIAN_POINT('',(-0.0358811174704514,0.0778577871813241,0.0129805542290277));
#3177=CARTESIAN_POINT('',(-0.0354172386423711,0.0777147905455259,0.0137081302251952));
#3178=CARTESIAN_POINT('',(-0.0354172386423711,0.0777147905455259,0.0141253664515447));
#3179=CARTESIAN_POINT('',(-0.035417238642371,0.0777147905455258,0.0154999999999902));
#3180=CARTESIAN_POINT('',(-0.035417238642371,0.0777147905455258,0.0158271406361547));
#3181=CARTESIAN_POINT('',(-0.0357267648678828,0.0778126808492425,0.0164246655632258));
#3182=CARTESIAN_POINT('',(-0.0364897648008506,0.0779706716180085,0.0170100555615964));
#3183=CARTESIAN_POINT('',(-0.0373751772196249,0.0780418788812161,0.0173964344689591));
#3184=CARTESIAN_POINT('',(-0.0380126933038304,0.0780085132285644,0.0174999999999902));
#3185=CARTESIAN_POINT('',(-0.0383346107842545,0.077968383588305,0.0174999999999902));
#3186=CARTESIAN_POINT('',(-0.0442839125165068,0.0726199437318028,0.0174999999999902));
#3187=CARTESIAN_POINT('',(-0.0443578944518618,0.0723043829004938,0.0174999999999902));
#3188=CARTESIAN_POINT('',(-0.0444585031605444,0.0716765806547069,0.0173973259149708));
#3189=CARTESIAN_POINT('',(-0.0444819508883367,0.0707848989311896,0.0170097596458221));
#3190=CARTESIAN_POINT('',(-0.0444055939615648,0.0700099556594577,0.0164244449538873));
#3191=CARTESIAN_POINT('',(-0.0443411912407493,0.0696921307607726,0.015826272807608));
#3192=CARTESIAN_POINT('',(-0.0443411912407493,0.0696921307607726,0.0154999999999902));
#3193=CARTESIAN_POINT('',(-0.0443411912407493,0.0696921307607726,0.0141253664515447));
#3194=CARTESIAN_POINT('',(-0.0443411912407493,0.0696921307607726,0.0137069871526337));
#3195=CARTESIAN_POINT('',(-0.0444340406817895,0.0701674966390314,0.0129824202693871));
#3196=CARTESIAN_POINT('',(-0.044470430724798,0.0707616725356762,0.0124293456324745));
#3197=CARTESIAN_POINT('',(-0.0444685746061642,0.0710649825894506,0.0121499999999901));
#3198=CARTESIAN_POINT('',(-0.0387806804734531,0.0620111700615249,0.0121499999999902));
#3199=CARTESIAN_POINT('',(-0.0348870162579194,0.0576800784004453,0.0121499999999902));
#3200=CARTESIAN_POINT('',(-0.0348870162579194,0.0576800784004453,0.0191999999999902));
#3201=CARTESIAN_POINT('',(-0.0387806804734531,0.0620111700615249,0.0191999999999902));
#3202=CARTESIAN_POINT('',(-0.0438110436475196,0.0496573513781624,0.0121499999999902));
#3203=CARTESIAN_POINT('',(-0.0319778821408893,0.0516520198925789,0.0121499999999902));
#3204=CARTESIAN_POINT('',(-0.0319778821408893,0.0516520198925789,0.0191999999999902));
#3205=CARTESIAN_POINT('',(-0.0438110436475196,0.0496573513781624,0.0191999999999902));
#3206=CARTESIAN_POINT('',(-0.0216239525983783,0.0533973402152467,0.0121499999999902));
#3207=CARTESIAN_POINT('',(-0.0187902524425347,0.0635077380030082,0.0121499999999902));
#3208=CARTESIAN_POINT('',(-0.0187902524425347,0.0635077380030082,0.0191999999999902));
#3209=CARTESIAN_POINT('',(-0.0216239525983783,0.0533973402152467,0.0191999999999902));
#3210=CARTESIAN_POINT('',(-0.0155517108368781,0.0750625751716069,0.0121499999999902));
#3211=CARTESIAN_POINT('',(-0.0244757382264781,0.0670398481493241,0.0121499999999902));
#3212=CARTESIAN_POINT('',(-0.0244757382264781,0.0670398481493241,0.0191999999999902));
#3213=CARTESIAN_POINT('',(-0.0155517108368781,0.0750625751716069,0.0191999999999902));
#3214=CARTESIAN_POINT('',(-0.0283694024420117,0.0713709398104037,0.0121499999999902));
#3215=CARTESIAN_POINT('',(-0.0244757382264781,0.0670398481493241,0.0191999999999902));
#3216=CARTESIAN_POINT('',(-0.0216239525983783,0.0533973402152468,0.0211999999999902));
#3217=CARTESIAN_POINT('',(-0.0293154431156722,0.0521008165469792,0.0211999999999902));
#3218=CARTESIAN_POINT('',(-0.0293154431156722,0.0521008165469792,0.0211999999999902));
#3219=CARTESIAN_POINT('',(-0.0216239525983783,0.0533973402152468,0.0211999999999902));
#3220=CARTESIAN_POINT('',(-0.0195189181968945,0.0609079214290124,0.0211999999999902));
#3221=CARTESIAN_POINT('',(-0.0195189181968945,0.0609079214290124,0.0211999999999902));
#3222=CARTESIAN_POINT('',(-0.0438110436475196,0.0496573513781624,0.0211999999999902));
#3223=CARTESIAN_POINT('',(-0.0328791269232843,0.0594851768520148,0.0211999999999902));
#3224=CARTESIAN_POINT('',(-0.0328791269232843,0.0594851768520148,0.0211999999999902));
#3225=CARTESIAN_POINT('',(-0.0438110436475196,0.0496573513781624,0.0211999999999902));
#3226=CARTESIAN_POINT('',(-0.0367727911388179,0.0638162685130944,0.0211999999999902));
#3227=CARTESIAN_POINT('',(-0.0406664553543516,0.068147360174174,0.0211999999999902));
#3228=CARTESIAN_POINT('',(-0.0406664553543516,0.068147360174174,0.0211999999999902));
#3229=CARTESIAN_POINT('',(-0.0367727911388179,0.0638162685130944,0.0211999999999902));
#3230=CARTESIAN_POINT('',(-0.0374687056732659,0.0710221465970439,0.0211999999999902));
#3231=CARTESIAN_POINT('',(-0.0342709559921804,0.0738969330199138,0.0211999999999902));
#3232=CARTESIAN_POINT('',(-0.0342709559921804,0.0738969330199138,0.0211999999999902));
#3233=CARTESIAN_POINT('',(-0.0374687056732659,0.0710221465970439,0.0211999999999902));
#3234=CARTESIAN_POINT('',(-0.0303772917766468,0.0695658413588342,0.0211999999999902));
#3235=CARTESIAN_POINT('',(-0.0264836275611132,0.0652347496977546,0.0211999999999902));
#3236=CARTESIAN_POINT('',(-0.0264836275611132,0.0652347496977546,0.0211999999999902));
#3237=CARTESIAN_POINT('',(-0.0303772917766468,0.0695658413588342,0.0211999999999902));
#3238=CARTESIAN_POINT('',(-0.0155517108368781,0.0750625751716071,0.0211999999999902));
#3239=CARTESIAN_POINT('',(-0.0155517108368781,0.0750625751716071,0.0211999999999902));
#3240=CARTESIAN_POINT('',(-0.0297590719480937,0.0625602292961467,0.0211999999999902));
#3241=CARTESIAN_POINT('',(-0.0155517108368781,0.0750625751716069,0.0211999999999902));
#3242=CARTESIAN_POINT('',(-0.0193300048531716,0.0615819479481965,0.0211999999999902));
#3243=CARTESIAN_POINT('',(-0.0259630636595412,0.0657027381851986,0.0211999999999902));
#3244=CARTESIAN_POINT('',(-0.0337503920906083,0.0743649215073577,0.0211999999999902));
#3245=CARTESIAN_POINT('',(-0.0337503920906083,0.0743649215073578,0.0211999999999902));
#3246=CARTESIAN_POINT('',(-0.0374687056732659,0.0710221465970439,0.0211999999999902));
#3247=CARTESIAN_POINT('',(-0.0411870192559236,0.06767937168673,0.0211999999999902));
#3248=CARTESIAN_POINT('',(-0.0335339858415562,0.0591665705389844,0.0211999999999902));
#3249=CARTESIAN_POINT('',(-0.0333996908248564,0.0590171883645708,0.0211999999999902));
#3250=CARTESIAN_POINT('',(-0.0438110436475196,0.0496573513781624,0.0211999999999902));
#3251=CARTESIAN_POINT('',(-0.0300057050851729,0.0519844618588013,0.0211999999999902));
#3252=CARTESIAN_POINT('',(-0.0216239525983783,0.0533973402152467,0.0211999999999902));
#3253=CARTESIAN_POINT('',(-0.0349950522396337,0.0682705945458773,0.0121479999999901));
#3254=CARTESIAN_POINT('',(-0.0349950522396337,0.0682705945458773,0.0141499999999901));
#3255=CARTESIAN_POINT('',(-0.0365950522396337,0.0682705945458773,0.0141499999999901));
#3256=CARTESIAN_POINT('',(-0.0376692721678848,0.0712452454120034,0.0121479999999901));
#3257=CARTESIAN_POINT('',(-0.0361313393508446,0.0716865646278446,0.0121499999999901));
#3258=CARTESIAN_POINT('',(-0.0360592760060373,0.0714354344279654,0.0124110383053682));
#3259=CARTESIAN_POINT('',(-0.036039397389666,0.0710394725581428,0.0127975166457221));
#3260=CARTESIAN_POINT('',(-0.0362398864447426,0.0704692903193265,0.0132357555940492));
#3261=CARTESIAN_POINT('',(-0.0365779296499429,0.0700293274524137,0.0134074218150986));
#3262=CARTESIAN_POINT('',(-0.0370509390788391,0.069741183452383,0.0132345531625999));
#3263=CARTESIAN_POINT('',(-0.0376364477049384,0.0696029872209298,0.012798342255722));
#3264=CARTESIAN_POINT('',(-0.0380294062784826,0.0696646053363998,0.0124107707095802));
#3265=CARTESIAN_POINT('',(-0.0382712280100371,0.069762798393018,0.0121499999999901));
#3266=CARTESIAN_POINT('',(-0.0273066699459118,0.0597184733057647,0.0121479999999901));
#3267=CARTESIAN_POINT('',(-0.0273066699459118,0.0597184733057647,0.0141499999999901));
#3268=CARTESIAN_POINT('',(-0.0289066699459118,0.0597184733057647,0.0141499999999901));
#3269=CARTESIAN_POINT('',(-0.0273066699459118,0.0597184733057647,0.0121499999999901));
#3270=CARTESIAN_POINT('',(-0.0349950522396337,0.0682705945458773,0.0121499999999901));
#3271=CARTESIAN_POINT('',(-0.0374687056732659,0.0710221465970439,-0.0121499999999902));
#3272=CARTESIAN_POINT('',(-0.0322630666575453,0.0757020314714833,-0.0121499999999902));
#3273=CARTESIAN_POINT('',(-0.0322630666575453,0.0757020314714833,-0.0191999999999902));
#3274=CARTESIAN_POINT('',(-0.0374687056732659,0.0710221465970439,-0.0191999999999902));
#3275=CARTESIAN_POINT('',(-0.0426743446889866,0.0663422617226045,-0.0191999999999902));
#3276=CARTESIAN_POINT('',(-0.0426743446889866,0.0663422617226045,-0.0121499999999902));
#3277=CARTESIAN_POINT('',(-0.0444685746061643,0.0710649825894505,-0.0121500000000099));
#3278=CARTESIAN_POINT('',(-0.0444704296032249,0.0707618558129782,-0.0124291768358678));
#3279=CARTESIAN_POINT('',(-0.0444341782895109,0.0701685602033385,-0.012980554229058));
#3280=CARTESIAN_POINT('',(-0.0443411912407494,0.0696921307607726,-0.0137081302252174));
#3281=CARTESIAN_POINT('',(-0.0443411912407494,0.0696921307607726,-0.0141253664515645));
#3282=CARTESIAN_POINT('',(-0.0443411912407494,0.0696921307607726,-0.0155000000000099));
#3283=CARTESIAN_POINT('',(-0.0443411912407494,0.0696921307607726,-0.0158271406361742));
#3284=CARTESIAN_POINT('',(-0.0444056983546888,0.0700102939706069,-0.0164246655632449));
#3285=CARTESIAN_POINT('',(-0.0444818676334254,0.0707857475293068,-0.0170100555616154));
#3286=CARTESIAN_POINT('',(-0.0444587588619533,0.0716737180301286,-0.0173964344689779));
#3287=CARTESIAN_POINT('',(-0.0443579610738044,0.072304098732805,-0.0175000000000099));
#3288=CARTESIAN_POINT('',(-0.0442839125165068,0.0726199437318029,-0.0175000000000099));
#3289=CARTESIAN_POINT('',(-0.0383346107842546,0.077968383588305,-0.0175000000000099));
#3290=CARTESIAN_POINT('',(-0.0380129829349687,0.0780084771236801,-0.0175000000000099));
#3291=CARTESIAN_POINT('',(-0.0373780508174968,0.0780419282564775,-0.0173973259149896));
#3292=CARTESIAN_POINT('',(-0.0364889121590981,0.0779706643937585,-0.017009759645841));
#3293=CARTESIAN_POINT('',(-0.0357264395380229,0.0778125411608712,-0.0164244449539063));
#3294=CARTESIAN_POINT('',(-0.035417238642371,0.0777147905455258,-0.0158262728076274));
#3295=CARTESIAN_POINT('',(-0.035417238642371,0.0777147905455258,-0.0155000000000099));
#3296=CARTESIAN_POINT('',(-0.035417238642371,0.0777147905455258,-0.0141253664515645));
#3297=CARTESIAN_POINT('',(-0.035417238642371,0.0777147905455258,-0.0137069871526511));
#3298=CARTESIAN_POINT('',(-0.035880074501734,0.0778575375392307,-0.0129824202693963));
#3299=CARTESIAN_POINT('',(-0.0364670387138135,0.077956745629161,-0.0124293456324959));
#3300=CARTESIAN_POINT('',(-0.0367688346191417,0.0779870716151327,-0.0121500000000099));
#3301=CARTESIAN_POINT('',(-0.0283694024420117,0.0713709398104037,-0.0121499999999902));
#3302=CARTESIAN_POINT('',(-0.0244757382264781,0.0670398481493241,-0.0121499999999902));
#3303=CARTESIAN_POINT('',(-0.0244757382264781,0.0670398481493241,-0.0191999999999902));
#3304=CARTESIAN_POINT('',(-0.0283694024420117,0.0713709398104037,-0.0191999999999902));
#3305=CARTESIAN_POINT('',(-0.0155517108368781,0.0750625751716069,-0.0121499999999902));
#3306=CARTESIAN_POINT('',(-0.0187902524425347,0.0635077380030082,-0.0121499999999902));
#3307=CARTESIAN_POINT('',(-0.0187902524425347,0.0635077380030082,-0.0191999999999902));
#3308=CARTESIAN_POINT('',(-0.0155517108368781,0.0750625751716069,-0.0191999999999902));
#3309=CARTESIAN_POINT('',(-0.0216239525983783,0.0533973402152467,-0.0121499999999902));
#3310=CARTESIAN_POINT('',(-0.0319778821408893,0.0516520198925789,-0.0121499999999902));
#3311=CARTESIAN_POINT('',(-0.0319778821408893,0.0516520198925789,-0.0191999999999902));
#3312=CARTESIAN_POINT('',(-0.0216239525983783,0.0533973402152467,-0.0191999999999902));
#3313=CARTESIAN_POINT('',(-0.0438110436475196,0.0496573513781624,-0.0121499999999902));
#3314=CARTESIAN_POINT('',(-0.0348870162579194,0.0576800784004453,-0.0121499999999902));
#3315=CARTESIAN_POINT('',(-0.0348870162579194,0.0576800784004453,-0.0191999999999902));
#3316=CARTESIAN_POINT('',(-0.0438110436475196,0.0496573513781624,-0.0191999999999902));
#3317=CARTESIAN_POINT('',(-0.0387806804734531,0.0620111700615249,-0.0121499999999902));
#3318=CARTESIAN_POINT('',(-0.0348870162579195,0.0576800784004453,-0.0191999999999902));
#3319=CARTESIAN_POINT('',(-0.0216239525983783,0.0533973402152468,-0.0211999999999902));
#3320=CARTESIAN_POINT('',(-0.0195189181968945,0.0609079214290124,-0.0211999999999902));
#3321=CARTESIAN_POINT('',(-0.0195189181968945,0.0609079214290124,-0.0211999999999902));
#3322=CARTESIAN_POINT('',(-0.0216239525983783,0.0533973402152468,-0.0211999999999902));
#3323=CARTESIAN_POINT('',(-0.0293154431156722,0.0521008165469792,-0.0211999999999902));
#3324=CARTESIAN_POINT('',(-0.0293154431156722,0.0521008165469792,-0.0211999999999902));
#3325=CARTESIAN_POINT('',(-0.0155517108368781,0.0750625751716071,-0.0211999999999902));
#3326=CARTESIAN_POINT('',(-0.0264836275611132,0.0652347496977546,-0.0211999999999902));
#3327=CARTESIAN_POINT('',(-0.0264836275611132,0.0652347496977546,-0.0211999999999902));
#3328=CARTESIAN_POINT('',(-0.0155517108368781,0.0750625751716071,-0.0211999999999902));
#3329=CARTESIAN_POINT('',(-0.0303772917766468,0.0695658413588342,-0.0211999999999902));
#3330=CARTESIAN_POINT('',(-0.0342709559921804,0.0738969330199138,-0.0211999999999902));
#3331=CARTESIAN_POINT('',(-0.0342709559921804,0.0738969330199138,-0.0211999999999902));
#3332=CARTESIAN_POINT('',(-0.0303772917766468,0.0695658413588342,-0.0211999999999902));
#3333=CARTESIAN_POINT('',(-0.0374687056732659,0.0710221465970439,-0.0211999999999902));
#3334=CARTESIAN_POINT('',(-0.0406664553543516,0.068147360174174,-0.0211999999999902));
#3335=CARTESIAN_POINT('',(-0.0406664553543516,0.068147360174174,-0.0211999999999902));
#3336=CARTESIAN_POINT('',(-0.0374687056732659,0.0710221465970439,-0.0211999999999902));
#3337=CARTESIAN_POINT('',(-0.0367727911388179,0.0638162685130944,-0.0211999999999902));
#3338=CARTESIAN_POINT('',(-0.0328791269232843,0.0594851768520148,-0.0211999999999902));
#3339=CARTESIAN_POINT('',(-0.0328791269232843,0.0594851768520148,-0.0211999999999902));
#3340=CARTESIAN_POINT('',(-0.0367727911388179,0.0638162685130944,-0.0211999999999902));
#3341=CARTESIAN_POINT('',(-0.0438110436475196,0.0496573513781624,-0.0211999999999902));
#3342=CARTESIAN_POINT('',(-0.0438110436475196,0.0496573513781624,-0.0211999999999902));
#3343=CARTESIAN_POINT('',(-0.0297590719480937,0.0625602292961467,-0.0211999999999902));
#3344=CARTESIAN_POINT('',(-0.0411870192559236,0.06767937168673,-0.0211999999999902));
#3345=CARTESIAN_POINT('',(-0.0333996908248564,0.0590171883645708,-0.0211999999999902));
#3346=CARTESIAN_POINT('',(-0.0411870192559236,0.06767937168673,-0.0211999999999902));
#3347=CARTESIAN_POINT('',(-0.0374687056732659,0.0710221465970439,-0.0211999999999902));
#3348=CARTESIAN_POINT('',(-0.0337503920906083,0.0743649215073577,-0.0211999999999902));
#3349=CARTESIAN_POINT('',(-0.0260973586762409,0.0658521203596122,-0.0211999999999902));
#3350=CARTESIAN_POINT('',(-0.0259630636595412,0.0657027381851986,-0.0211999999999902));
#3351=CARTESIAN_POINT('',(-0.0155517108368781,0.0750625751716069,-0.0211999999999902));
#3352=CARTESIAN_POINT('',(-0.0193300048531716,0.0615819479481965,-0.0211999999999902));
#3353=CARTESIAN_POINT('',(-0.0216239525983783,0.0533973402152467,-0.0211999999999902));
#3354=CARTESIAN_POINT('',(-0.0300057050851729,0.0519844618588014,-0.0211999999999902));
#3355=CARTESIAN_POINT('',(-0.0438110436475196,0.0496573513781624,-0.0211999999999902));
#3356=CARTESIAN_POINT('',(-0.0349950522396337,0.0682705945458773,0.0121519999999901));
#3357=CARTESIAN_POINT('',(-0.0349950522396337,0.0682705945458773,-0.0141500000000099));
#3358=CARTESIAN_POINT('',(-0.0333950522396337,0.0682705945458773,-0.0141500000000099));
#3359=CARTESIAN_POINT('',(-0.0376692721678848,0.0712452454120034,0.0121519999999901));
#3360=CARTESIAN_POINT('',(-0.0382712280100371,0.069762798393018,-0.0121500000000099));
#3361=CARTESIAN_POINT('',(-0.0380291581276189,0.0696645045733639,-0.012411038305388));
#3362=CARTESIAN_POINT('',(-0.0376375384411833,0.0696027390252123,-0.0127975166457418));
#3363=CARTESIAN_POINT('',(-0.0370493071306121,0.0697416187283038,-0.013235755594069));
#3364=CARTESIAN_POINT('',(-0.0365759704435891,0.0700310887847213,-0.0134074218151184));
#3365=CARTESIAN_POINT('',(-0.0362392805260333,0.0704708668924014,-0.0132345531626197));
#3366=CARTESIAN_POINT('',(-0.0360397598779955,0.0710384143006688,-0.0127983422557418));
#3367=CARTESIAN_POINT('',(-0.0360593498796687,0.0714356918667488,-0.0124107707095999));
#3368=CARTESIAN_POINT('',(-0.0361313393508446,0.0716865646278447,-0.0121500000000099));
#3369=CARTESIAN_POINT('',(-0.0273066699459118,0.0597184733057647,0.0121519999999901));
#3370=CARTESIAN_POINT('',(-0.0273066699459118,0.0597184733057647,-0.0141500000000099));
#3371=CARTESIAN_POINT('',(-0.0257066699459118,0.0597184733057647,-0.0141500000000099));
#3372=CARTESIAN_POINT('',(-0.0273066699459118,0.0597184733057647,-0.0121500000000099));
#3373=CARTESIAN_POINT('',(-0.0349950522396337,0.0682705945458773,-0.0121500000000099));
#3374=CARTESIAN_POINT('',(-0.0598318698232658,0.0958976644650236,-9.80433890039925E-15));
#3375=CARTESIAN_POINT('',(-0.0598318698232658,0.0958976644650236,0.0115999999999902));
#3376=CARTESIAN_POINT('',(-0.0598318698232658,0.0958976644650236,-0.0113500000000099));
#3377=CARTESIAN_POINT('',(-0.0598318698232658,0.0958976644650236,-0.0116000000000099));
#3378=CARTESIAN_POINT('',(-0.0425158769837867,0.0706532810900405,0.00894999999999013));
#3379=CARTESIAN_POINT('',(-0.0446552529263876,0.0730330017829415,0.00894999999999019));
#3380=CARTESIAN_POINT('',(-0.0450446338142216,0.0726829472129132,0.00894999999999019));
#3381=CARTESIAN_POINT('',(-0.0461100287505911,0.0723079077987792,0.00894999999999019));
#3382=CARTESIAN_POINT('',(-0.047129633753548,0.0727938363640449,0.00894999999999019));
#3383=CARTESIAN_POINT('',(-0.0474796883235762,0.073183217251879,0.00894999999999019));
#3384=CARTESIAN_POINT('',(-0.0459923628905131,0.0745203272160045,-9.80644862040663E-15));
#3385=CARTESIAN_POINT('',(-0.0474796883235761,0.0731832172518789,-0.00895000000000981));
#3386=CARTESIAN_POINT('',(-0.0471296337535478,0.0727938363640449,-0.00895000000000981));
#3387=CARTESIAN_POINT('',(-0.046110028750591,0.0723079077987792,-0.00895000000000981));
#3388=CARTESIAN_POINT('',(-0.0450446338142215,0.0726829472129133,-0.00895000000000981));
#3389=CARTESIAN_POINT('',(-0.0446552529263875,0.0730330017829414,-0.00895000000000981));
#3390=CARTESIAN_POINT('',(-0.0425158769837867,0.0706532810900405,-0.00895000000000987));
#3391=CARTESIAN_POINT('',(-0.0365665752515344,0.0760017209465427,0.00894999999999013));
#3392=CARTESIAN_POINT('',(-0.0385557357251979,0.0812058770366322,0.0089499999999901));
#3393=CARTESIAN_POINT('',(-0.0382056811551697,0.0808164961487982,0.0089499999999901));
#3394=CARTESIAN_POINT('',(-0.0378306417410356,0.0797511012124287,0.0089499999999901));
#3395=CARTESIAN_POINT('',(-0.0383165703063014,0.0787314962094718,0.0089499999999901));
#3396=CARTESIAN_POINT('',(-0.0387059511941354,0.0783814416394436,0.0089499999999901));
#3397=CARTESIAN_POINT('',(-0.0400430611582609,0.0798687670725067,-0.0175000000000099));
#3398=CARTESIAN_POINT('',(-0.0387059511941354,0.0783814416394436,-0.0089500000000099));
#3399=CARTESIAN_POINT('',(-0.0383165703063014,0.0787314962094718,-0.0089500000000099));
#3400=CARTESIAN_POINT('',(-0.0378306417410356,0.0797511012124286,-0.0089500000000099));
#3401=CARTESIAN_POINT('',(-0.0382056811551696,0.0808164961487981,-0.0089500000000099));
#3402=CARTESIAN_POINT('',(-0.0385557357251978,0.0812058770366322,-0.0089500000000099));
#3403=CARTESIAN_POINT('',(-0.0365665752515344,0.0760017209465427,-0.00895000000000987));
#3404=CARTESIAN_POINT('',(-0.0216239525983783,0.0533973402152467,-0.0191999999999902));
#3405=CARTESIAN_POINT('',(-0.0300057050851729,0.0519844618588014,-0.0191999999999902));
#3406=CARTESIAN_POINT('',(-0.0193300048531716,0.0615819479481965,-0.0191999999999902));
#3407=CARTESIAN_POINT('',(-0.0155517108368781,0.0750625751716069,-0.0191999999999902));
#3408=CARTESIAN_POINT('',(-0.0259630636595412,0.0657027381851986,-0.0191999999999902));
#3409=CARTESIAN_POINT('',(-0.0438110436475196,0.0496573513781624,-0.0191999999999902));
#3410=CARTESIAN_POINT('',(-0.0333996908248564,0.0590171883645708,-0.0191999999999902));
#3411=CARTESIAN_POINT('',(-0.0260973586762409,0.0658521203596122,-0.0191999999999902));
#3412=CARTESIAN_POINT('',(-0.0337503920906083,0.0743649215073577,-0.0191999999999902));
#3413=CARTESIAN_POINT('',(-0.03729335504039,0.0633482800256504,-0.0191999999999902));
#3414=CARTESIAN_POINT('',(-0.0411870192559236,0.06767937168673,-0.0191999999999902));
#3415=CARTESIAN_POINT('',(-0.0374687056732659,0.0710221465970439,-0.0191999999999902));
#3416=CARTESIAN_POINT('',(-0.0438110436475196,0.0496573513781624,0.0191999999999902));
#3417=CARTESIAN_POINT('',(-0.0300057050851729,0.0519844618588013,0.0191999999999902));
#3418=CARTESIAN_POINT('',(-0.0333996908248564,0.0590171883645708,0.0191999999999902));
#3419=CARTESIAN_POINT('',(-0.0335339858415562,0.0591665705389844,0.0191999999999902));
#3420=CARTESIAN_POINT('',(-0.0411870192559236,0.06767937168673,0.0191999999999902));
#3421=CARTESIAN_POINT('',(-0.0216239525983783,0.0533973402152467,0.0191999999999902));
#3422=CARTESIAN_POINT('',(-0.0193300048531716,0.0615819479481965,0.0191999999999902));
#3423=CARTESIAN_POINT('',(-0.0374687056732659,0.0710221465970439,0.0191999999999902));
#3424=CARTESIAN_POINT('',(-0.0337503920906083,0.0743649215073578,0.0191999999999902));
#3425=CARTESIAN_POINT('',(-0.0155517108368781,0.0750625751716069,0.0191999999999902));
#3426=CARTESIAN_POINT('',(-0.0259630636595412,0.0657027381851986,0.0191999999999902));
#3427=CARTESIAN_POINT('',(-0.0298567278750747,0.0700338298462781,0.0191999999999902));
#3428=CARTESIAN_POINT('',(-0.0377532603446959,0.0773217222683863,0.0154999999999902));
#3429=CARTESIAN_POINT('',(-0.0409575641324939,0.0808860084129211,0.0154999999999902));
#3430=CARTESIAN_POINT('',(-0.0409575641324939,0.0808860084129211,0.0124999999999901));
#3431=CARTESIAN_POINT('',(-0.0426653438127345,0.0827856458553444,0.0140731707316974));
#3432=CARTESIAN_POINT('',(-0.045625495258485,0.0860783507555449,0.0167999999999902));
#3433=CARTESIAN_POINT('',(-0.045625495258485,0.0860783507555449,0.0115999999999902));
#3434=CARTESIAN_POINT('',(-0.0377532603446959,0.0773217222683863,0.0115999999999902));
#3435=CARTESIAN_POINT('',(-0.0568572189571397,0.0985718843932746,0.0115999999999902));
#3436=CARTESIAN_POINT('',(-0.0598318698232658,0.0958976644650236,0.0115999999999902));
#3437=CARTESIAN_POINT('',(-0.0628065206893919,0.0932234445367725,0.0115999999999902));
#3438=CARTESIAN_POINT('',(-0.0591963237862529,0.0892076658675022,0.0115999999999902));
#3439=CARTESIAN_POINT('',(-0.0515747969907372,0.0807299108990427,0.0115999999999902));
#3440=CARTESIAN_POINT('',(-0.0515747969907372,0.0807299108990427,0.0167999999999902));
#3441=CARTESIAN_POINT('',(-0.0486146455449868,0.0774372059988423,0.0140731707316975));
#3442=CARTESIAN_POINT('',(-0.0469068658647461,0.075537568556419,0.0124999999999901));
#3443=CARTESIAN_POINT('',(-0.0469068658647461,0.075537568556419,0.0154999999999901));
#3444=CARTESIAN_POINT('',(-0.033747069718437,0.0608993562721127,0.0154999999999902));
#3445=CARTESIAN_POINT('',(-0.0337470697184369,0.0608993562721127,-0.0155000000000099));
#3446=CARTESIAN_POINT('',(-0.0469068658647461,0.075537568556419,-0.0155000000000099));
#3447=CARTESIAN_POINT('',(-0.0469068658647461,0.0755375685564189,-0.0125000000000098));
#3448=CARTESIAN_POINT('',(-0.0486146455449868,0.0774372059988423,-0.0140731707317172));
#3449=CARTESIAN_POINT('',(-0.0515747969907373,0.0807299108990428,-0.0168000000000098));
#3450=CARTESIAN_POINT('',(-0.0515747969907372,0.0807299108990428,-0.0116000000000098));
#3451=CARTESIAN_POINT('',(-0.0591963237862529,0.0892076658675022,-0.0116000000000099));
#3452=CARTESIAN_POINT('',(-0.0628065206893919,0.0932234445367725,-0.0116000000000099));
#3453=CARTESIAN_POINT('',(-0.0598318698232658,0.0958976644650236,-0.0116000000000099));
#3454=CARTESIAN_POINT('',(-0.0568572189571397,0.0985718843932746,-0.0116000000000099));
#3455=CARTESIAN_POINT('',(-0.0377532603446959,0.0773217222683863,-0.0116000000000099));
#3456=CARTESIAN_POINT('',(-0.0456254952584851,0.0860783507555449,-0.0116000000000099));
#3457=CARTESIAN_POINT('',(-0.0456254952584851,0.0860783507555449,-0.0168000000000098));
#3458=CARTESIAN_POINT('',(-0.0426653438127346,0.0827856458553445,-0.0140731707317172));
#3459=CARTESIAN_POINT('',(-0.0409575641324939,0.0808860084129211,-0.0125000000000098));
#3460=CARTESIAN_POINT('',(-0.0409575641324939,0.0808860084129211,-0.0155000000000099));
#3461=CARTESIAN_POINT('',(-0.0377532603446959,0.0773217222683863,-0.0155000000000099));
#3462=CARTESIAN_POINT('',(-0.0216239525983783,0.0533973402152468,0.0169999999999902));
#3463=CARTESIAN_POINT('',(-0.0598318698232658,0.0958976644650236,0.0130999999999902));
#3464=CARTESIAN_POINT('',(-0.0216239525983783,0.0533973402152468,-0.0170000000000099));
#3465=CARTESIAN_POINT('',(-0.0598318698232658,0.0958976644650236,-0.0131000000000099));
#3466=MECHANICAL_DESIGN_GEOMETRIC_PRESENTATION_REPRESENTATION('',(#1923),
#3467);
#3467=(
GEOMETRIC_REPRESENTATION_CONTEXT(3)
GLOBAL_UNCERTAINTY_ASSIGNED_CONTEXT((#3468))
GLOBAL_UNIT_ASSIGNED_CONTEXT((#3471,#3470,#3469))
REPRESENTATION_CONTEXT('2f-85_finger_rotator','TOP_LEVEL_ASSEMBLY_PART')
);
#3468=UNCERTAINTY_MEASURE_WITH_UNIT(LENGTH_MEASURE(2.E-5),#3471,
'DISTANCE_ACCURACY_VALUE','Maximum Tolerance applied to model');
#3469=(
NAMED_UNIT(*)
SI_UNIT($,.STERADIAN.)
SOLID_ANGLE_UNIT()
);
#3470=(
NAMED_UNIT(*)
PLANE_ANGLE_UNIT()
SI_UNIT($,.RADIAN.)
);
#3471=(
LENGTH_UNIT()
NAMED_UNIT(*)
SI_UNIT($,.METRE.)
);
#3472=PRODUCT_DEFINITION_SHAPE('','',#3473);
#3473=PRODUCT_DEFINITION('','',#3475,#3474);
#3474=PRODUCT_DEFINITION_CONTEXT('',#3481,'design');
#3475=PRODUCT_DEFINITION_FORMATION_WITH_SPECIFIED_SOURCE('','',#3477,
 .NOT_KNOWN.);
#3476=PRODUCT_RELATED_PRODUCT_CATEGORY('','',(#3477));
#3477=PRODUCT('2f-85_finger_rotator','2f-85_finger_rotator',
'2f-85_finger_rotator',(#3479));
#3478=PRODUCT_CATEGORY('','');
#3479=PRODUCT_CONTEXT('',#3481,'mechanical');
#3480=APPLICATION_PROTOCOL_DEFINITION('international standard',
'ap242_managed_model_based_3d_engineering',2020,#3481);
#3481=APPLICATION_CONTEXT('managed model based 3d engineering');
ENDSEC;
END-ISO-10303-21;
