ISO-10303-21;
HEADER;
/* Generated by software containing ST-Developer
 * from STEP Tools, Inc. (www.steptools.com) 
 */
/* OPTION: using custom renumber hook */

FILE_DESCRIPTION(
/* description */ ('STEP AP242 Edition 2',
'CAx-IF Rec.Pracs.---Representation and Presentation of Product Manufa
cturing Information (PMI)---4.0---2014-10-13',
'CAx-IF Rec.Pracs.---3D Tessellated Geometry---0.4---2014-09-14','2;1',
'CAx-IF Rec.Pracs.---User Defined Attributes---1.5---2016-08-15'),
/* implementation_level */ '2;1');

FILE_NAME(
/* name */ '2f-85_finger_supporter - 2f-85_finger_supporter',
/* time_stamp */ '2026-04-28T10:53:38Z',
/* author */ (''),
/* organization */ (''),
/* preprocessor_version */ 'ST-DEVELOPER v20',
/* originating_system */ 'ONSHAPE BY PTC INC, 1.214',
/* authorisation */ '  ');

FILE_SCHEMA (('AP242_MANAGED_MODEL_BASED_3D_ENGINEERING_MIM_LF { 1 0 10303 442 3 1 4 }'));
ENDSEC;

DATA;
#10=SHAPE_REPRESENTATION_RELATIONSHIP('','',#1465,#11);
#11=ADVANCED_BREP_SHAPE_REPRESENTATION('',(#1463),#2591);
#12=TOROIDAL_SURFACE('',#1595,0.004,0.002);
#13=TOROIDAL_SURFACE('',#1602,0.00400000000000029,0.002);
#14=TOROIDAL_SURFACE('',#1604,0.0084,0.002);
#15=TOROIDAL_SURFACE('',#1610,0.004,0.002);
#16=TOROIDAL_SURFACE('',#1612,0.0084,0.002);
#17=TOROIDAL_SURFACE('',#1618,0.004,0.002);
#18=TOROIDAL_SURFACE('',#1620,0.00400000000000056,0.002);
#19=TOROIDAL_SURFACE('',#1623,0.00400000000000175,0.002);
#20=TOROIDAL_SURFACE('',#1624,0.004,0.002);
#21=TOROIDAL_SURFACE('',#1631,0.00400000000000029,0.002);
#22=TOROIDAL_SURFACE('',#1633,0.0084,0.002);
#23=TOROIDAL_SURFACE('',#1639,0.004,0.002);
#24=TOROIDAL_SURFACE('',#1641,0.0084,0.002);
#25=TOROIDAL_SURFACE('',#1647,0.004,0.002);
#26=TOROIDAL_SURFACE('',#1649,0.00400000000000056,0.002);
#27=TOROIDAL_SURFACE('',#1652,0.00400000000000175,0.002);
#28=B_SPLINE_CURVE_WITH_KNOTS('',3,(#2248,#2249,#2250,#2251),
 .UNSPECIFIED.,.F.,.F.,(4,4),(7.45668384042408E-15,0.000144456680331789),
 .UNSPECIFIED.);
#29=B_SPLINE_CURVE_WITH_KNOTS('',3,(#2395,#2396,#2397,#2398),
 .UNSPECIFIED.,.F.,.F.,(4,4),(3.72068392853715E-15,0.000144456680346929),
 .UNSPECIFIED.);
#30=B_SPLINE_CURVE_WITH_KNOTS('',3,(#2477,#2478,#2479,#2480),
 .UNSPECIFIED.,.F.,.F.,(4,4),(0.,1.),.UNSPECIFIED.);
#31=B_SPLINE_CURVE_WITH_KNOTS('',3,(#2482,#2483,#2484,#2485),
 .UNSPECIFIED.,.F.,.F.,(4,4),(2.08330542898695E-8,1.),.UNSPECIFIED.);
#32=B_SPLINE_CURVE_WITH_KNOTS('',3,(#2487,#2488,#2489,#2490),
 .UNSPECIFIED.,.F.,.F.,(4,4),(0.,1.),.UNSPECIFIED.);
#33=B_SPLINE_CURVE_WITH_KNOTS('',3,(#2495,#2496,#2497,#2498),
 .UNSPECIFIED.,.F.,.F.,(4,4),(2.08333745243106E-8,1.),.UNSPECIFIED.);
#34=B_SPLINE_CURVE_WITH_KNOTS('',3,(#2544,#2545,#2546,#2547,#2548),
 .UNSPECIFIED.,.F.,.F.,(4,1,4),(0.,0.00158164741356108,0.00316329482712216),
 .UNSPECIFIED.);
#35=B_SPLINE_CURVE_WITH_KNOTS('',3,(#2578,#2579,#2580,#2581,#2582),
 .UNSPECIFIED.,.F.,.F.,(4,1,4),(0.,0.00158164741356108,0.00316329482712216),
 .UNSPECIFIED.);
#36=ELLIPSE('',#1494,0.00602175163624298,0.006);
#37=ELLIPSE('',#1498,0.00642320174532592,0.00640000000000007);
#38=ELLIPSE('',#1549,0.00602175163624298,0.006);
#39=ELLIPSE('',#1555,0.00642320174532592,0.00640000000000007);
#40=CIRCLE('',#1470,0.006);
#41=CIRCLE('',#1471,0.006);
#42=CIRCLE('',#1473,0.006);
#43=CIRCLE('',#1474,0.006);
#44=CIRCLE('',#1476,0.00147617518256623);
#45=CIRCLE('',#1477,0.0032);
#46=CIRCLE('',#1478,0.0032);
#47=CIRCLE('',#1479,0.00150358459371983);
#48=CIRCLE('',#1480,0.00151219071479688);
#49=CIRCLE('',#1481,0.0032);
#50=CIRCLE('',#1482,0.0032);
#51=CIRCLE('',#1483,0.00151219071250971);
#52=CIRCLE('',#1485,0.006);
#53=CIRCLE('',#1486,0.006);
#54=CIRCLE('',#1488,0.00600000000000029);
#55=CIRCLE('',#1489,0.00600000000000029);
#56=CIRCLE('',#1492,0.006);
#57=CIRCLE('',#1493,0.006);
#58=CIRCLE('',#1497,0.00640000000000007);
#59=CIRCLE('',#1499,0.00640000000000007);
#60=CIRCLE('',#1501,0.0032);
#61=CIRCLE('',#1502,0.0032);
#62=CIRCLE('',#1503,0.00150358459371983);
#63=CIRCLE('',#1504,0.0032);
#64=CIRCLE('',#1505,0.0032);
#65=CIRCLE('',#1506,0.00147617518256623);
#66=CIRCLE('',#1508,0.00640000000000007);
#67=CIRCLE('',#1509,0.00640000000000007);
#68=CIRCLE('',#1511,0.00640000000000007);
#69=CIRCLE('',#1512,0.00640000000000007);
#70=CIRCLE('',#1516,0.00600000000000055);
#71=CIRCLE('',#1517,0.00600000000000055);
#72=CIRCLE('',#1519,0.00600000000000055);
#73=CIRCLE('',#1520,0.00600000000000055);
#74=CIRCLE('',#1522,0.00600000000000176);
#75=CIRCLE('',#1523,0.00600000000000176);
#76=CIRCLE('',#1525,0.00600000000000176);
#77=CIRCLE('',#1526,0.00600000000000176);
#78=CIRCLE('',#1528,0.00265);
#79=CIRCLE('',#1529,0.00265);
#80=CIRCLE('',#1531,0.00265);
#81=CIRCLE('',#1532,0.00265);
#82=CIRCLE('',#1534,0.00265);
#83=CIRCLE('',#1535,0.00265);
#84=CIRCLE('',#1537,0.00265);
#85=CIRCLE('',#1538,0.00265);
#86=CIRCLE('',#1540,0.006);
#87=CIRCLE('',#1541,0.006);
#88=CIRCLE('',#1544,0.00600000000000029);
#89=CIRCLE('',#1545,0.00600000000000029);
#90=CIRCLE('',#1548,0.006);
#91=CIRCLE('',#1550,0.006);
#92=CIRCLE('',#1553,0.00640000000000007);
#93=CIRCLE('',#1554,0.00640000000000007);
#94=CIRCLE('',#1557,0.00265);
#95=CIRCLE('',#1558,0.00265);
#96=CIRCLE('',#1560,0.00265);
#97=CIRCLE('',#1561,0.00265);
#98=CIRCLE('',#1564,0.00400000000000175);
#99=CIRCLE('',#1565,0.00400000000000056);
#100=CIRCLE('',#1566,0.0084);
#101=CIRCLE('',#1567,0.0084);
#102=CIRCLE('',#1568,0.004);
#103=CIRCLE('',#1569,0.00400000000000029);
#104=CIRCLE('',#1570,0.004);
#105=CIRCLE('',#1571,0.004);
#106=CIRCLE('',#1573,0.00400000000000056);
#107=CIRCLE('',#1574,0.00400000000000175);
#108=CIRCLE('',#1575,0.004);
#109=CIRCLE('',#1576,0.004);
#110=CIRCLE('',#1577,0.00400000000000029);
#111=CIRCLE('',#1578,0.004);
#112=CIRCLE('',#1579,0.0084);
#113=CIRCLE('',#1580,0.0084);
#114=CIRCLE('',#1596,0.002);
#115=CIRCLE('',#1597,0.002);
#116=CIRCLE('',#1599,0.002);
#117=CIRCLE('',#1601,0.002);
#118=CIRCLE('',#1603,0.002);
#119=CIRCLE('',#1605,0.002);
#120=CIRCLE('',#1607,0.002);
#121=CIRCLE('',#1609,0.002);
#122=CIRCLE('',#1611,0.002);
#123=CIRCLE('',#1613,0.002);
#124=CIRCLE('',#1615,0.002);
#125=CIRCLE('',#1617,0.002);
#126=CIRCLE('',#1619,0.002);
#127=CIRCLE('',#1622,0.002);
#128=CIRCLE('',#1625,0.002);
#129=CIRCLE('',#1626,0.002);
#130=CIRCLE('',#1628,0.002);
#131=CIRCLE('',#1630,0.002);
#132=CIRCLE('',#1632,0.002);
#133=CIRCLE('',#1634,0.002);
#134=CIRCLE('',#1636,0.002);
#135=CIRCLE('',#1638,0.002);
#136=CIRCLE('',#1640,0.002);
#137=CIRCLE('',#1642,0.002);
#138=CIRCLE('',#1644,0.002);
#139=CIRCLE('',#1646,0.002);
#140=CIRCLE('',#1648,0.002);
#141=CIRCLE('',#1651,0.002);
#142=CYLINDRICAL_SURFACE('',#1469,0.006);
#143=CYLINDRICAL_SURFACE('',#1472,0.006);
#144=CYLINDRICAL_SURFACE('',#1484,0.006);
#145=CYLINDRICAL_SURFACE('',#1487,0.00600000000000029);
#146=CYLINDRICAL_SURFACE('',#1491,0.006);
#147=CYLINDRICAL_SURFACE('',#1496,0.00640000000000007);
#148=CYLINDRICAL_SURFACE('',#1507,0.00640000000000007);
#149=CYLINDRICAL_SURFACE('',#1510,0.00640000000000007);
#150=CYLINDRICAL_SURFACE('',#1515,0.00600000000000055);
#151=CYLINDRICAL_SURFACE('',#1518,0.00600000000000055);
#152=CYLINDRICAL_SURFACE('',#1521,0.00600000000000176);
#153=CYLINDRICAL_SURFACE('',#1524,0.00600000000000176);
#154=CYLINDRICAL_SURFACE('',#1527,0.00265);
#155=CYLINDRICAL_SURFACE('',#1530,0.00265);
#156=CYLINDRICAL_SURFACE('',#1533,0.00265);
#157=CYLINDRICAL_SURFACE('',#1536,0.00265);
#158=CYLINDRICAL_SURFACE('',#1539,0.006);
#159=CYLINDRICAL_SURFACE('',#1543,0.00600000000000029);
#160=CYLINDRICAL_SURFACE('',#1547,0.006);
#161=CYLINDRICAL_SURFACE('',#1552,0.00640000000000007);
#162=CYLINDRICAL_SURFACE('',#1556,0.00265);
#163=CYLINDRICAL_SURFACE('',#1559,0.00265);
#164=CYLINDRICAL_SURFACE('',#1583,0.0032);
#165=CYLINDRICAL_SURFACE('',#1585,0.0032);
#166=CYLINDRICAL_SURFACE('',#1591,0.0032);
#167=CYLINDRICAL_SURFACE('',#1593,0.0032);
#168=CYLINDRICAL_SURFACE('',#1598,0.002);
#169=CYLINDRICAL_SURFACE('',#1600,0.002);
#170=CYLINDRICAL_SURFACE('',#1606,0.002);
#171=CYLINDRICAL_SURFACE('',#1608,0.002);
#172=CYLINDRICAL_SURFACE('',#1614,0.002);
#173=CYLINDRICAL_SURFACE('',#1616,0.002);
#174=CYLINDRICAL_SURFACE('',#1621,0.002);
#175=CYLINDRICAL_SURFACE('',#1627,0.002);
#176=CYLINDRICAL_SURFACE('',#1629,0.002);
#177=CYLINDRICAL_SURFACE('',#1635,0.002);
#178=CYLINDRICAL_SURFACE('',#1637,0.002);
#179=CYLINDRICAL_SURFACE('',#1643,0.002);
#180=CYLINDRICAL_SURFACE('',#1645,0.002);
#181=CYLINDRICAL_SURFACE('',#1650,0.002);
#182=CYLINDRICAL_SURFACE('',#1653,0.00150358459371983);
#183=CYLINDRICAL_SURFACE('',#1654,0.00147617518256623);
#184=CYLINDRICAL_SURFACE('',#1655,0.00151219071479688);
#185=CYLINDRICAL_SURFACE('',#1656,0.00151219071250971);
#186=ORIENTED_EDGE('',*,*,#606,.T.);
#187=ORIENTED_EDGE('',*,*,#607,.T.);
#188=ORIENTED_EDGE('',*,*,#608,.F.);
#189=ORIENTED_EDGE('',*,*,#609,.T.);
#190=ORIENTED_EDGE('',*,*,#610,.T.);
#191=ORIENTED_EDGE('',*,*,#611,.T.);
#192=ORIENTED_EDGE('',*,*,#612,.F.);
#193=ORIENTED_EDGE('',*,*,#613,.F.);
#194=ORIENTED_EDGE('',*,*,#614,.F.);
#195=ORIENTED_EDGE('',*,*,#615,.T.);
#196=ORIENTED_EDGE('',*,*,#616,.T.);
#197=ORIENTED_EDGE('',*,*,#617,.T.);
#198=ORIENTED_EDGE('',*,*,#618,.T.);
#199=ORIENTED_EDGE('',*,*,#619,.T.);
#200=ORIENTED_EDGE('',*,*,#610,.F.);
#201=ORIENTED_EDGE('',*,*,#620,.T.);
#202=ORIENTED_EDGE('',*,*,#621,.T.);
#203=ORIENTED_EDGE('',*,*,#622,.T.);
#204=ORIENTED_EDGE('',*,*,#618,.F.);
#205=ORIENTED_EDGE('',*,*,#623,.T.);
#206=ORIENTED_EDGE('',*,*,#624,.T.);
#207=ORIENTED_EDGE('',*,*,#625,.T.);
#208=ORIENTED_EDGE('',*,*,#626,.T.);
#209=ORIENTED_EDGE('',*,*,#627,.T.);
#210=ORIENTED_EDGE('',*,*,#628,.T.);
#211=ORIENTED_EDGE('',*,*,#629,.T.);
#212=ORIENTED_EDGE('',*,*,#616,.F.);
#213=ORIENTED_EDGE('',*,*,#630,.T.);
#214=ORIENTED_EDGE('',*,*,#631,.T.);
#215=ORIENTED_EDGE('',*,*,#632,.F.);
#216=ORIENTED_EDGE('',*,*,#633,.F.);
#217=ORIENTED_EDGE('',*,*,#634,.T.);
#218=ORIENTED_EDGE('',*,*,#635,.T.);
#219=ORIENTED_EDGE('',*,*,#636,.F.);
#220=ORIENTED_EDGE('',*,*,#637,.T.);
#221=ORIENTED_EDGE('',*,*,#638,.F.);
#222=ORIENTED_EDGE('',*,*,#639,.T.);
#223=ORIENTED_EDGE('',*,*,#640,.T.);
#224=ORIENTED_EDGE('',*,*,#641,.T.);
#225=ORIENTED_EDGE('',*,*,#642,.T.);
#226=ORIENTED_EDGE('',*,*,#608,.T.);
#227=ORIENTED_EDGE('',*,*,#643,.T.);
#228=ORIENTED_EDGE('',*,*,#621,.F.);
#229=ORIENTED_EDGE('',*,*,#644,.T.);
#230=ORIENTED_EDGE('',*,*,#645,.T.);
#231=ORIENTED_EDGE('',*,*,#646,.T.);
#232=ORIENTED_EDGE('',*,*,#606,.F.);
#233=ORIENTED_EDGE('',*,*,#647,.T.);
#234=ORIENTED_EDGE('',*,*,#648,.T.);
#235=ORIENTED_EDGE('',*,*,#649,.T.);
#236=ORIENTED_EDGE('',*,*,#645,.F.);
#237=ORIENTED_EDGE('',*,*,#650,.T.);
#238=ORIENTED_EDGE('',*,*,#651,.T.);
#239=ORIENTED_EDGE('',*,*,#652,.T.);
#240=ORIENTED_EDGE('',*,*,#648,.F.);
#241=ORIENTED_EDGE('',*,*,#653,.T.);
#242=ORIENTED_EDGE('',*,*,#654,.T.);
#243=ORIENTED_EDGE('',*,*,#655,.T.);
#244=ORIENTED_EDGE('',*,*,#656,.T.);
#245=ORIENTED_EDGE('',*,*,#651,.F.);
#246=ORIENTED_EDGE('',*,*,#657,.T.);
#247=ORIENTED_EDGE('',*,*,#658,.T.);
#248=ORIENTED_EDGE('',*,*,#659,.T.);
#249=ORIENTED_EDGE('',*,*,#655,.F.);
#250=ORIENTED_EDGE('',*,*,#660,.F.);
#251=ORIENTED_EDGE('',*,*,#661,.T.);
#252=ORIENTED_EDGE('',*,*,#662,.F.);
#253=ORIENTED_EDGE('',*,*,#663,.T.);
#254=ORIENTED_EDGE('',*,*,#664,.T.);
#255=ORIENTED_EDGE('',*,*,#658,.F.);
#256=ORIENTED_EDGE('',*,*,#665,.T.);
#257=ORIENTED_EDGE('',*,*,#666,.F.);
#258=ORIENTED_EDGE('',*,*,#667,.T.);
#259=ORIENTED_EDGE('',*,*,#668,.F.);
#260=ORIENTED_EDGE('',*,*,#669,.T.);
#261=ORIENTED_EDGE('',*,*,#670,.F.);
#262=ORIENTED_EDGE('',*,*,#671,.T.);
#263=ORIENTED_EDGE('',*,*,#672,.T.);
#264=ORIENTED_EDGE('',*,*,#673,.T.);
#265=ORIENTED_EDGE('',*,*,#674,.T.);
#266=ORIENTED_EDGE('',*,*,#675,.T.);
#267=ORIENTED_EDGE('',*,*,#676,.T.);
#268=ORIENTED_EDGE('',*,*,#677,.T.);
#269=ORIENTED_EDGE('',*,*,#678,.T.);
#270=ORIENTED_EDGE('',*,*,#679,.T.);
#271=ORIENTED_EDGE('',*,*,#672,.F.);
#272=ORIENTED_EDGE('',*,*,#680,.T.);
#273=ORIENTED_EDGE('',*,*,#681,.T.);
#274=ORIENTED_EDGE('',*,*,#682,.F.);
#275=ORIENTED_EDGE('',*,*,#683,.T.);
#276=ORIENTED_EDGE('',*,*,#684,.T.);
#277=ORIENTED_EDGE('',*,*,#663,.F.);
#278=ORIENTED_EDGE('',*,*,#685,.F.);
#279=ORIENTED_EDGE('',*,*,#681,.F.);
#280=ORIENTED_EDGE('',*,*,#686,.T.);
#281=ORIENTED_EDGE('',*,*,#687,.T.);
#282=ORIENTED_EDGE('',*,*,#688,.T.);
#283=ORIENTED_EDGE('',*,*,#689,.T.);
#284=ORIENTED_EDGE('',*,*,#690,.T.);
#285=ORIENTED_EDGE('',*,*,#683,.F.);
#286=ORIENTED_EDGE('',*,*,#691,.T.);
#287=ORIENTED_EDGE('',*,*,#687,.F.);
#288=ORIENTED_EDGE('',*,*,#692,.T.);
#289=ORIENTED_EDGE('',*,*,#693,.T.);
#290=ORIENTED_EDGE('',*,*,#694,.T.);
#291=ORIENTED_EDGE('',*,*,#695,.T.);
#292=ORIENTED_EDGE('',*,*,#696,.T.);
#293=ORIENTED_EDGE('',*,*,#689,.F.);
#294=ORIENTED_EDGE('',*,*,#697,.T.);
#295=ORIENTED_EDGE('',*,*,#693,.F.);
#296=ORIENTED_EDGE('',*,*,#698,.T.);
#297=ORIENTED_EDGE('',*,*,#699,.T.);
#298=ORIENTED_EDGE('',*,*,#700,.T.);
#299=ORIENTED_EDGE('',*,*,#612,.T.);
#300=ORIENTED_EDGE('',*,*,#701,.T.);
#301=ORIENTED_EDGE('',*,*,#695,.F.);
#302=ORIENTED_EDGE('',*,*,#702,.T.);
#303=ORIENTED_EDGE('',*,*,#703,.T.);
#304=ORIENTED_EDGE('',*,*,#704,.F.);
#305=ORIENTED_EDGE('',*,*,#705,.T.);
#306=ORIENTED_EDGE('',*,*,#706,.F.);
#307=ORIENTED_EDGE('',*,*,#707,.F.);
#308=ORIENTED_EDGE('',*,*,#708,.F.);
#309=ORIENTED_EDGE('',*,*,#709,.T.);
#310=ORIENTED_EDGE('',*,*,#710,.F.);
#311=ORIENTED_EDGE('',*,*,#631,.F.);
#312=ORIENTED_EDGE('',*,*,#711,.T.);
#313=ORIENTED_EDGE('',*,*,#712,.T.);
#314=ORIENTED_EDGE('',*,*,#713,.F.);
#315=ORIENTED_EDGE('',*,*,#712,.F.);
#316=ORIENTED_EDGE('',*,*,#714,.T.);
#317=ORIENTED_EDGE('',*,*,#715,.T.);
#318=ORIENTED_EDGE('',*,*,#716,.F.);
#319=ORIENTED_EDGE('',*,*,#715,.F.);
#320=ORIENTED_EDGE('',*,*,#717,.T.);
#321=ORIENTED_EDGE('',*,*,#718,.T.);
#322=ORIENTED_EDGE('',*,*,#719,.F.);
#323=ORIENTED_EDGE('',*,*,#718,.F.);
#324=ORIENTED_EDGE('',*,*,#720,.T.);
#325=ORIENTED_EDGE('',*,*,#721,.T.);
#326=ORIENTED_EDGE('',*,*,#722,.F.);
#327=ORIENTED_EDGE('',*,*,#721,.F.);
#328=ORIENTED_EDGE('',*,*,#723,.T.);
#329=ORIENTED_EDGE('',*,*,#724,.T.);
#330=ORIENTED_EDGE('',*,*,#725,.F.);
#331=ORIENTED_EDGE('',*,*,#726,.F.);
#332=ORIENTED_EDGE('',*,*,#724,.F.);
#333=ORIENTED_EDGE('',*,*,#727,.T.);
#334=ORIENTED_EDGE('',*,*,#728,.T.);
#335=ORIENTED_EDGE('',*,*,#729,.F.);
#336=ORIENTED_EDGE('',*,*,#728,.F.);
#337=ORIENTED_EDGE('',*,*,#730,.T.);
#338=ORIENTED_EDGE('',*,*,#670,.T.);
#339=ORIENTED_EDGE('',*,*,#731,.F.);
#340=ORIENTED_EDGE('',*,*,#732,.T.);
#341=ORIENTED_EDGE('',*,*,#733,.T.);
#342=ORIENTED_EDGE('',*,*,#734,.T.);
#343=ORIENTED_EDGE('',*,*,#735,.F.);
#344=ORIENTED_EDGE('',*,*,#736,.T.);
#345=ORIENTED_EDGE('',*,*,#737,.F.);
#346=ORIENTED_EDGE('',*,*,#699,.F.);
#347=ORIENTED_EDGE('',*,*,#738,.T.);
#348=ORIENTED_EDGE('',*,*,#614,.T.);
#349=ORIENTED_EDGE('',*,*,#739,.T.);
#350=ORIENTED_EDGE('',*,*,#740,.T.);
#351=ORIENTED_EDGE('',*,*,#741,.T.);
#352=ORIENTED_EDGE('',*,*,#742,.T.);
#353=ORIENTED_EDGE('',*,*,#743,.T.);
#354=ORIENTED_EDGE('',*,*,#744,.T.);
#355=ORIENTED_EDGE('',*,*,#745,.T.);
#356=ORIENTED_EDGE('',*,*,#746,.T.);
#357=ORIENTED_EDGE('',*,*,#747,.T.);
#358=ORIENTED_EDGE('',*,*,#748,.T.);
#359=ORIENTED_EDGE('',*,*,#749,.T.);
#360=ORIENTED_EDGE('',*,*,#750,.T.);
#361=ORIENTED_EDGE('',*,*,#751,.T.);
#362=ORIENTED_EDGE('',*,*,#752,.T.);
#363=ORIENTED_EDGE('',*,*,#753,.T.);
#364=ORIENTED_EDGE('',*,*,#754,.T.);
#365=ORIENTED_EDGE('',*,*,#737,.T.);
#366=ORIENTED_EDGE('',*,*,#735,.T.);
#367=ORIENTED_EDGE('',*,*,#707,.T.);
#368=ORIENTED_EDGE('',*,*,#755,.T.);
#369=ORIENTED_EDGE('',*,*,#756,.T.);
#370=ORIENTED_EDGE('',*,*,#757,.T.);
#371=ORIENTED_EDGE('',*,*,#758,.T.);
#372=ORIENTED_EDGE('',*,*,#759,.T.);
#373=ORIENTED_EDGE('',*,*,#760,.T.);
#374=ORIENTED_EDGE('',*,*,#761,.T.);
#375=ORIENTED_EDGE('',*,*,#762,.T.);
#376=ORIENTED_EDGE('',*,*,#763,.T.);
#377=ORIENTED_EDGE('',*,*,#764,.T.);
#378=ORIENTED_EDGE('',*,*,#765,.T.);
#379=ORIENTED_EDGE('',*,*,#766,.T.);
#380=ORIENTED_EDGE('',*,*,#767,.T.);
#381=ORIENTED_EDGE('',*,*,#768,.T.);
#382=ORIENTED_EDGE('',*,*,#769,.T.);
#383=ORIENTED_EDGE('',*,*,#705,.F.);
#384=ORIENTED_EDGE('',*,*,#703,.F.);
#385=ORIENTED_EDGE('',*,*,#709,.F.);
#386=ORIENTED_EDGE('',*,*,#629,.F.);
#387=ORIENTED_EDGE('',*,*,#770,.T.);
#388=ORIENTED_EDGE('',*,*,#673,.F.);
#389=ORIENTED_EDGE('',*,*,#682,.T.);
#390=ORIENTED_EDGE('',*,*,#688,.F.);
#391=ORIENTED_EDGE('',*,*,#694,.F.);
#392=ORIENTED_EDGE('',*,*,#700,.F.);
#393=ORIENTED_EDGE('',*,*,#739,.F.);
#394=ORIENTED_EDGE('',*,*,#617,.F.);
#395=ORIENTED_EDGE('',*,*,#708,.T.);
#396=ORIENTED_EDGE('',*,*,#679,.F.);
#397=ORIENTED_EDGE('',*,*,#771,.T.);
#398=ORIENTED_EDGE('',*,*,#623,.F.);
#399=ORIENTED_EDGE('',*,*,#620,.F.);
#400=ORIENTED_EDGE('',*,*,#613,.T.);
#401=ORIENTED_EDGE('',*,*,#702,.F.);
#402=ORIENTED_EDGE('',*,*,#697,.F.);
#403=ORIENTED_EDGE('',*,*,#691,.F.);
#404=ORIENTED_EDGE('',*,*,#685,.T.);
#405=ORIENTED_EDGE('',*,*,#710,.T.);
#406=ORIENTED_EDGE('',*,*,#625,.F.);
#407=ORIENTED_EDGE('',*,*,#772,.T.);
#408=ORIENTED_EDGE('',*,*,#677,.F.);
#409=ORIENTED_EDGE('',*,*,#773,.F.);
#410=ORIENTED_EDGE('',*,*,#773,.T.);
#411=ORIENTED_EDGE('',*,*,#676,.F.);
#412=ORIENTED_EDGE('',*,*,#774,.F.);
#413=ORIENTED_EDGE('',*,*,#626,.F.);
#414=ORIENTED_EDGE('',*,*,#675,.F.);
#415=ORIENTED_EDGE('',*,*,#775,.T.);
#416=ORIENTED_EDGE('',*,*,#627,.F.);
#417=ORIENTED_EDGE('',*,*,#774,.T.);
#418=ORIENTED_EDGE('',*,*,#635,.F.);
#419=ORIENTED_EDGE('',*,*,#776,.T.);
#420=ORIENTED_EDGE('',*,*,#731,.T.);
#421=ORIENTED_EDGE('',*,*,#669,.F.);
#422=ORIENTED_EDGE('',*,*,#777,.F.);
#423=ORIENTED_EDGE('',*,*,#662,.T.);
#424=ORIENTED_EDGE('',*,*,#778,.T.);
#425=ORIENTED_EDGE('',*,*,#639,.F.);
#426=ORIENTED_EDGE('',*,*,#779,.T.);
#427=ORIENTED_EDGE('',*,*,#665,.F.);
#428=ORIENTED_EDGE('',*,*,#632,.T.);
#429=ORIENTED_EDGE('',*,*,#713,.T.);
#430=ORIENTED_EDGE('',*,*,#716,.T.);
#431=ORIENTED_EDGE('',*,*,#719,.T.);
#432=ORIENTED_EDGE('',*,*,#722,.T.);
#433=ORIENTED_EDGE('',*,*,#726,.T.);
#434=ORIENTED_EDGE('',*,*,#780,.F.);
#435=ORIENTED_EDGE('',*,*,#736,.F.);
#436=ORIENTED_EDGE('',*,*,#734,.F.);
#437=ORIENTED_EDGE('',*,*,#781,.T.);
#438=ORIENTED_EDGE('',*,*,#653,.F.);
#439=ORIENTED_EDGE('',*,*,#650,.F.);
#440=ORIENTED_EDGE('',*,*,#647,.F.);
#441=ORIENTED_EDGE('',*,*,#609,.F.);
#442=ORIENTED_EDGE('',*,*,#644,.F.);
#443=ORIENTED_EDGE('',*,*,#642,.F.);
#444=ORIENTED_EDGE('',*,*,#706,.T.);
#445=ORIENTED_EDGE('',*,*,#704,.T.);
#446=ORIENTED_EDGE('',*,*,#733,.F.);
#447=ORIENTED_EDGE('',*,*,#782,.T.);
#448=ORIENTED_EDGE('',*,*,#633,.T.);
#449=ORIENTED_EDGE('',*,*,#780,.T.);
#450=ORIENTED_EDGE('',*,*,#725,.T.);
#451=ORIENTED_EDGE('',*,*,#729,.T.);
#452=ORIENTED_EDGE('',*,*,#636,.T.);
#453=ORIENTED_EDGE('',*,*,#777,.T.);
#454=ORIENTED_EDGE('',*,*,#668,.T.);
#455=ORIENTED_EDGE('',*,*,#783,.F.);
#456=ORIENTED_EDGE('',*,*,#783,.T.);
#457=ORIENTED_EDGE('',*,*,#667,.F.);
#458=ORIENTED_EDGE('',*,*,#784,.F.);
#459=ORIENTED_EDGE('',*,*,#637,.F.);
#460=ORIENTED_EDGE('',*,*,#638,.T.);
#461=ORIENTED_EDGE('',*,*,#784,.T.);
#462=ORIENTED_EDGE('',*,*,#666,.T.);
#463=ORIENTED_EDGE('',*,*,#779,.F.);
#464=ORIENTED_EDGE('',*,*,#641,.F.);
#465=ORIENTED_EDGE('',*,*,#785,.T.);
#466=ORIENTED_EDGE('',*,*,#660,.T.);
#467=ORIENTED_EDGE('',*,*,#657,.F.);
#468=ORIENTED_EDGE('',*,*,#654,.F.);
#469=ORIENTED_EDGE('',*,*,#781,.F.);
#470=ORIENTED_EDGE('',*,*,#786,.F.);
#471=ORIENTED_EDGE('',*,*,#764,.F.);
#472=ORIENTED_EDGE('',*,*,#787,.F.);
#473=ORIENTED_EDGE('',*,*,#652,.F.);
#474=ORIENTED_EDGE('',*,*,#787,.T.);
#475=ORIENTED_EDGE('',*,*,#763,.F.);
#476=ORIENTED_EDGE('',*,*,#788,.F.);
#477=ORIENTED_EDGE('',*,*,#649,.F.);
#478=ORIENTED_EDGE('',*,*,#786,.T.);
#479=ORIENTED_EDGE('',*,*,#656,.F.);
#480=ORIENTED_EDGE('',*,*,#789,.F.);
#481=ORIENTED_EDGE('',*,*,#765,.F.);
#482=ORIENTED_EDGE('',*,*,#788,.T.);
#483=ORIENTED_EDGE('',*,*,#762,.F.);
#484=ORIENTED_EDGE('',*,*,#790,.F.);
#485=ORIENTED_EDGE('',*,*,#646,.F.);
#486=ORIENTED_EDGE('',*,*,#789,.T.);
#487=ORIENTED_EDGE('',*,*,#659,.F.);
#488=ORIENTED_EDGE('',*,*,#791,.F.);
#489=ORIENTED_EDGE('',*,*,#766,.F.);
#490=ORIENTED_EDGE('',*,*,#790,.T.);
#491=ORIENTED_EDGE('',*,*,#761,.F.);
#492=ORIENTED_EDGE('',*,*,#792,.F.);
#493=ORIENTED_EDGE('',*,*,#607,.F.);
#494=ORIENTED_EDGE('',*,*,#791,.T.);
#495=ORIENTED_EDGE('',*,*,#664,.F.);
#496=ORIENTED_EDGE('',*,*,#793,.F.);
#497=ORIENTED_EDGE('',*,*,#767,.F.);
#498=ORIENTED_EDGE('',*,*,#792,.T.);
#499=ORIENTED_EDGE('',*,*,#760,.F.);
#500=ORIENTED_EDGE('',*,*,#794,.F.);
#501=ORIENTED_EDGE('',*,*,#643,.F.);
#502=ORIENTED_EDGE('',*,*,#793,.T.);
#503=ORIENTED_EDGE('',*,*,#684,.F.);
#504=ORIENTED_EDGE('',*,*,#795,.F.);
#505=ORIENTED_EDGE('',*,*,#768,.F.);
#506=ORIENTED_EDGE('',*,*,#794,.T.);
#507=ORIENTED_EDGE('',*,*,#759,.F.);
#508=ORIENTED_EDGE('',*,*,#796,.F.);
#509=ORIENTED_EDGE('',*,*,#622,.F.);
#510=ORIENTED_EDGE('',*,*,#795,.T.);
#511=ORIENTED_EDGE('',*,*,#690,.F.);
#512=ORIENTED_EDGE('',*,*,#797,.F.);
#513=ORIENTED_EDGE('',*,*,#769,.F.);
#514=ORIENTED_EDGE('',*,*,#796,.T.);
#515=ORIENTED_EDGE('',*,*,#758,.F.);
#516=ORIENTED_EDGE('',*,*,#798,.F.);
#517=ORIENTED_EDGE('',*,*,#619,.F.);
#518=ORIENTED_EDGE('',*,*,#797,.T.);
#519=ORIENTED_EDGE('',*,*,#696,.F.);
#520=ORIENTED_EDGE('',*,*,#799,.F.);
#521=ORIENTED_EDGE('',*,*,#755,.F.);
#522=ORIENTED_EDGE('',*,*,#798,.T.);
#523=ORIENTED_EDGE('',*,*,#757,.F.);
#524=ORIENTED_EDGE('',*,*,#800,.F.);
#525=ORIENTED_EDGE('',*,*,#611,.F.);
#526=ORIENTED_EDGE('',*,*,#799,.T.);
#527=ORIENTED_EDGE('',*,*,#701,.F.);
#528=ORIENTED_EDGE('',*,*,#800,.T.);
#529=ORIENTED_EDGE('',*,*,#756,.F.);
#530=ORIENTED_EDGE('',*,*,#801,.F.);
#531=ORIENTED_EDGE('',*,*,#723,.F.);
#532=ORIENTED_EDGE('',*,*,#802,.F.);
#533=ORIENTED_EDGE('',*,*,#748,.F.);
#534=ORIENTED_EDGE('',*,*,#802,.T.);
#535=ORIENTED_EDGE('',*,*,#720,.F.);
#536=ORIENTED_EDGE('',*,*,#803,.F.);
#537=ORIENTED_EDGE('',*,*,#749,.F.);
#538=ORIENTED_EDGE('',*,*,#801,.T.);
#539=ORIENTED_EDGE('',*,*,#747,.F.);
#540=ORIENTED_EDGE('',*,*,#804,.F.);
#541=ORIENTED_EDGE('',*,*,#727,.F.);
#542=ORIENTED_EDGE('',*,*,#803,.T.);
#543=ORIENTED_EDGE('',*,*,#717,.F.);
#544=ORIENTED_EDGE('',*,*,#805,.F.);
#545=ORIENTED_EDGE('',*,*,#750,.F.);
#546=ORIENTED_EDGE('',*,*,#804,.T.);
#547=ORIENTED_EDGE('',*,*,#746,.F.);
#548=ORIENTED_EDGE('',*,*,#806,.F.);
#549=ORIENTED_EDGE('',*,*,#730,.F.);
#550=ORIENTED_EDGE('',*,*,#805,.T.);
#551=ORIENTED_EDGE('',*,*,#714,.F.);
#552=ORIENTED_EDGE('',*,*,#807,.F.);
#553=ORIENTED_EDGE('',*,*,#751,.F.);
#554=ORIENTED_EDGE('',*,*,#806,.T.);
#555=ORIENTED_EDGE('',*,*,#745,.F.);
#556=ORIENTED_EDGE('',*,*,#808,.F.);
#557=ORIENTED_EDGE('',*,*,#671,.F.);
#558=ORIENTED_EDGE('',*,*,#807,.T.);
#559=ORIENTED_EDGE('',*,*,#711,.F.);
#560=ORIENTED_EDGE('',*,*,#809,.F.);
#561=ORIENTED_EDGE('',*,*,#752,.F.);
#562=ORIENTED_EDGE('',*,*,#808,.T.);
#563=ORIENTED_EDGE('',*,*,#744,.F.);
#564=ORIENTED_EDGE('',*,*,#810,.F.);
#565=ORIENTED_EDGE('',*,*,#680,.F.);
#566=ORIENTED_EDGE('',*,*,#809,.T.);
#567=ORIENTED_EDGE('',*,*,#630,.F.);
#568=ORIENTED_EDGE('',*,*,#811,.F.);
#569=ORIENTED_EDGE('',*,*,#753,.F.);
#570=ORIENTED_EDGE('',*,*,#810,.T.);
#571=ORIENTED_EDGE('',*,*,#743,.F.);
#572=ORIENTED_EDGE('',*,*,#812,.F.);
#573=ORIENTED_EDGE('',*,*,#686,.F.);
#574=ORIENTED_EDGE('',*,*,#811,.T.);
#575=ORIENTED_EDGE('',*,*,#615,.F.);
#576=ORIENTED_EDGE('',*,*,#813,.F.);
#577=ORIENTED_EDGE('',*,*,#754,.F.);
#578=ORIENTED_EDGE('',*,*,#812,.T.);
#579=ORIENTED_EDGE('',*,*,#742,.F.);
#580=ORIENTED_EDGE('',*,*,#814,.F.);
#581=ORIENTED_EDGE('',*,*,#692,.F.);
#582=ORIENTED_EDGE('',*,*,#813,.T.);
#583=ORIENTED_EDGE('',*,*,#738,.F.);
#584=ORIENTED_EDGE('',*,*,#815,.F.);
#585=ORIENTED_EDGE('',*,*,#740,.F.);
#586=ORIENTED_EDGE('',*,*,#814,.T.);
#587=ORIENTED_EDGE('',*,*,#741,.F.);
#588=ORIENTED_EDGE('',*,*,#815,.T.);
#589=ORIENTED_EDGE('',*,*,#698,.F.);
#590=ORIENTED_EDGE('',*,*,#628,.F.);
#591=ORIENTED_EDGE('',*,*,#775,.F.);
#592=ORIENTED_EDGE('',*,*,#674,.F.);
#593=ORIENTED_EDGE('',*,*,#770,.F.);
#594=ORIENTED_EDGE('',*,*,#624,.F.);
#595=ORIENTED_EDGE('',*,*,#771,.F.);
#596=ORIENTED_EDGE('',*,*,#678,.F.);
#597=ORIENTED_EDGE('',*,*,#772,.F.);
#598=ORIENTED_EDGE('',*,*,#634,.F.);
#599=ORIENTED_EDGE('',*,*,#782,.F.);
#600=ORIENTED_EDGE('',*,*,#732,.F.);
#601=ORIENTED_EDGE('',*,*,#776,.F.);
#602=ORIENTED_EDGE('',*,*,#640,.F.);
#603=ORIENTED_EDGE('',*,*,#778,.F.);
#604=ORIENTED_EDGE('',*,*,#661,.F.);
#605=ORIENTED_EDGE('',*,*,#785,.F.);
#606=EDGE_CURVE('',#816,#817,#950,.T.);
#607=EDGE_CURVE('',#817,#818,#951,.F.);
#608=EDGE_CURVE('',#819,#818,#952,.T.);
#609=EDGE_CURVE('',#819,#816,#953,.T.);
#610=EDGE_CURVE('',#820,#821,#954,.T.);
#611=EDGE_CURVE('',#821,#822,#955,.T.);
#612=EDGE_CURVE('',#823,#822,#956,.T.);
#613=EDGE_CURVE('',#820,#823,#957,.T.);
#614=EDGE_CURVE('',#824,#825,#958,.T.);
#615=EDGE_CURVE('',#824,#826,#40,.T.);
#616=EDGE_CURVE('',#826,#827,#959,.T.);
#617=EDGE_CURVE('',#827,#825,#41,.F.);
#618=EDGE_CURVE('',#828,#829,#960,.T.);
#619=EDGE_CURVE('',#829,#821,#42,.F.);
#620=EDGE_CURVE('',#820,#828,#43,.F.);
#621=EDGE_CURVE('',#830,#831,#961,.T.);
#622=EDGE_CURVE('',#831,#829,#962,.F.);
#623=EDGE_CURVE('',#828,#832,#963,.T.);
#624=EDGE_CURVE('',#832,#833,#44,.F.);
#625=EDGE_CURVE('',#833,#834,#45,.F.);
#626=EDGE_CURVE('',#834,#835,#964,.T.);
#627=EDGE_CURVE('',#835,#836,#46,.F.);
#628=EDGE_CURVE('',#836,#837,#47,.F.);
#629=EDGE_CURVE('',#837,#827,#965,.T.);
#630=EDGE_CURVE('',#826,#838,#966,.T.);
#631=EDGE_CURVE('',#838,#839,#967,.T.);
#632=EDGE_CURVE('',#840,#839,#968,.T.);
#633=EDGE_CURVE('',#841,#840,#969,.T.);
#634=EDGE_CURVE('',#841,#842,#48,.F.);
#635=EDGE_CURVE('',#842,#843,#970,.T.);
#636=EDGE_CURVE('',#844,#843,#49,.T.);
#637=EDGE_CURVE('',#844,#845,#971,.T.);
#638=EDGE_CURVE('',#846,#845,#50,.T.);
#639=EDGE_CURVE('',#846,#847,#972,.T.);
#640=EDGE_CURVE('',#847,#848,#51,.F.);
#641=EDGE_CURVE('',#848,#849,#973,.T.);
#642=EDGE_CURVE('',#849,#830,#974,.T.);
#643=EDGE_CURVE('',#818,#831,#52,.F.);
#644=EDGE_CURVE('',#830,#819,#53,.F.);
#645=EDGE_CURVE('',#850,#851,#975,.T.);
#646=EDGE_CURVE('',#851,#817,#54,.F.);
#647=EDGE_CURVE('',#816,#850,#55,.F.);
#648=EDGE_CURVE('',#852,#853,#976,.T.);
#649=EDGE_CURVE('',#853,#851,#977,.F.);
#650=EDGE_CURVE('',#850,#852,#978,.T.);
#651=EDGE_CURVE('',#854,#855,#979,.T.);
#652=EDGE_CURVE('',#855,#853,#56,.F.);
#653=EDGE_CURVE('',#852,#856,#57,.F.);
#654=EDGE_CURVE('',#856,#854,#36,.F.);
#655=EDGE_CURVE('',#857,#858,#980,.T.);
#656=EDGE_CURVE('',#858,#855,#981,.F.);
#657=EDGE_CURVE('',#854,#857,#982,.T.);
#658=EDGE_CURVE('',#859,#860,#983,.T.);
#659=EDGE_CURVE('',#860,#858,#58,.T.);
#660=EDGE_CURVE('',#861,#857,#37,.F.);
#661=EDGE_CURVE('',#861,#862,#28,.T.);
#662=EDGE_CURVE('',#859,#862,#59,.F.);
#663=EDGE_CURVE('',#863,#864,#984,.T.);
#664=EDGE_CURVE('',#864,#860,#985,.F.);
#665=EDGE_CURVE('',#859,#865,#986,.T.);
#666=EDGE_CURVE('',#866,#865,#60,.T.);
#667=EDGE_CURVE('',#866,#867,#987,.T.);
#668=EDGE_CURVE('',#868,#867,#61,.T.);
#669=EDGE_CURVE('',#868,#869,#988,.T.);
#670=EDGE_CURVE('',#870,#869,#989,.T.);
#671=EDGE_CURVE('',#870,#871,#990,.T.);
#672=EDGE_CURVE('',#871,#872,#991,.T.);
#673=EDGE_CURVE('',#872,#873,#992,.T.);
#674=EDGE_CURVE('',#873,#874,#62,.T.);
#675=EDGE_CURVE('',#874,#875,#63,.F.);
#676=EDGE_CURVE('',#875,#876,#993,.T.);
#677=EDGE_CURVE('',#876,#877,#64,.F.);
#678=EDGE_CURVE('',#877,#878,#65,.T.);
#679=EDGE_CURVE('',#878,#863,#994,.T.);
#680=EDGE_CURVE('',#871,#879,#66,.F.);
#681=EDGE_CURVE('',#879,#880,#995,.T.);
#682=EDGE_CURVE('',#872,#880,#67,.F.);
#683=EDGE_CURVE('',#881,#882,#996,.T.);
#684=EDGE_CURVE('',#882,#864,#68,.T.);
#685=EDGE_CURVE('',#881,#863,#69,.F.);
#686=EDGE_CURVE('',#879,#883,#997,.T.);
#687=EDGE_CURVE('',#883,#884,#998,.T.);
#688=EDGE_CURVE('',#884,#880,#999,.T.);
#689=EDGE_CURVE('',#885,#886,#1000,.T.);
#690=EDGE_CURVE('',#886,#882,#1001,.F.);
#691=EDGE_CURVE('',#881,#885,#1002,.T.);
#692=EDGE_CURVE('',#883,#887,#70,.T.);
#693=EDGE_CURVE('',#887,#888,#1003,.T.);
#694=EDGE_CURVE('',#888,#884,#71,.F.);
#695=EDGE_CURVE('',#889,#890,#1004,.T.);
#696=EDGE_CURVE('',#890,#886,#72,.F.);
#697=EDGE_CURVE('',#885,#889,#73,.F.);
#698=EDGE_CURVE('',#887,#891,#74,.T.);
#699=EDGE_CURVE('',#891,#892,#1005,.T.);
#700=EDGE_CURVE('',#892,#888,#75,.F.);
#701=EDGE_CURVE('',#822,#890,#76,.F.);
#702=EDGE_CURVE('',#889,#823,#77,.F.);
#703=EDGE_CURVE('',#893,#893,#78,.T.);
#704=EDGE_CURVE('',#894,#894,#79,.F.);
#705=EDGE_CURVE('',#895,#895,#80,.T.);
#706=EDGE_CURVE('',#896,#896,#81,.F.);
#707=EDGE_CURVE('',#897,#897,#82,.T.);
#708=EDGE_CURVE('',#898,#898,#83,.F.);
#709=EDGE_CURVE('',#899,#899,#84,.T.);
#710=EDGE_CURVE('',#900,#900,#85,.F.);
#711=EDGE_CURVE('',#838,#901,#86,.T.);
#712=EDGE_CURVE('',#901,#902,#1006,.T.);
#713=EDGE_CURVE('',#839,#902,#87,.F.);
#714=EDGE_CURVE('',#901,#903,#1007,.T.);
#715=EDGE_CURVE('',#903,#904,#1008,.T.);
#716=EDGE_CURVE('',#902,#904,#1009,.T.);
#717=EDGE_CURVE('',#903,#905,#88,.T.);
#718=EDGE_CURVE('',#905,#906,#1010,.T.);
#719=EDGE_CURVE('',#904,#906,#89,.F.);
#720=EDGE_CURVE('',#905,#907,#1011,.T.);
#721=EDGE_CURVE('',#907,#908,#1012,.T.);
#722=EDGE_CURVE('',#906,#908,#1013,.T.);
#723=EDGE_CURVE('',#907,#909,#90,.T.);
#724=EDGE_CURVE('',#909,#910,#1014,.T.);
#725=EDGE_CURVE('',#911,#910,#38,.F.);
#726=EDGE_CURVE('',#908,#911,#91,.F.);
#727=EDGE_CURVE('',#909,#912,#1015,.T.);
#728=EDGE_CURVE('',#912,#913,#1016,.T.);
#729=EDGE_CURVE('',#910,#913,#1017,.T.);
#730=EDGE_CURVE('',#912,#870,#92,.F.);
#731=EDGE_CURVE('',#914,#869,#93,.F.);
#732=EDGE_CURVE('',#914,#915,#29,.T.);
#733=EDGE_CURVE('',#915,#913,#39,.F.);
#734=EDGE_CURVE('',#916,#916,#94,.F.);
#735=EDGE_CURVE('',#917,#917,#95,.T.);
#736=EDGE_CURVE('',#918,#918,#96,.F.);
#737=EDGE_CURVE('',#919,#919,#97,.T.);
#738=EDGE_CURVE('',#891,#824,#1018,.F.);
#739=EDGE_CURVE('',#825,#892,#1019,.T.);
#740=EDGE_CURVE('',#920,#921,#1020,.T.);
#741=EDGE_CURVE('',#921,#922,#98,.F.);
#742=EDGE_CURVE('',#922,#923,#99,.F.);
#743=EDGE_CURVE('',#923,#924,#1021,.F.);
#744=EDGE_CURVE('',#924,#925,#100,.T.);
#745=EDGE_CURVE('',#925,#926,#1022,.F.);
#746=EDGE_CURVE('',#926,#927,#101,.T.);
#747=EDGE_CURVE('',#927,#928,#1023,.F.);
#748=EDGE_CURVE('',#928,#929,#102,.F.);
#749=EDGE_CURVE('',#929,#930,#1024,.F.);
#750=EDGE_CURVE('',#930,#931,#103,.F.);
#751=EDGE_CURVE('',#931,#932,#1025,.F.);
#752=EDGE_CURVE('',#932,#933,#104,.F.);
#753=EDGE_CURVE('',#933,#934,#1026,.F.);
#754=EDGE_CURVE('',#934,#920,#105,.F.);
#755=EDGE_CURVE('',#935,#936,#106,.T.);
#756=EDGE_CURVE('',#936,#937,#107,.T.);
#757=EDGE_CURVE('',#937,#938,#1027,.F.);
#758=EDGE_CURVE('',#938,#939,#108,.T.);
#759=EDGE_CURVE('',#939,#940,#1028,.T.);
#760=EDGE_CURVE('',#940,#941,#109,.T.);
#761=EDGE_CURVE('',#941,#942,#1029,.T.);
#762=EDGE_CURVE('',#942,#943,#110,.T.);
#763=EDGE_CURVE('',#943,#944,#1030,.T.);
#764=EDGE_CURVE('',#944,#945,#111,.T.);
#765=EDGE_CURVE('',#945,#946,#1031,.T.);
#766=EDGE_CURVE('',#946,#947,#112,.F.);
#767=EDGE_CURVE('',#947,#948,#1032,.T.);
#768=EDGE_CURVE('',#948,#949,#113,.F.);
#769=EDGE_CURVE('',#949,#935,#1033,.T.);
#770=EDGE_CURVE('',#837,#873,#30,.T.);
#771=EDGE_CURVE('',#878,#832,#31,.T.);
#772=EDGE_CURVE('',#833,#877,#32,.T.);
#773=EDGE_CURVE('',#834,#876,#1034,.T.);
#774=EDGE_CURVE('',#835,#875,#1035,.T.);
#775=EDGE_CURVE('',#874,#836,#33,.T.);
#776=EDGE_CURVE('',#842,#914,#1036,.F.);
#777=EDGE_CURVE('',#843,#868,#1037,.T.);
#778=EDGE_CURVE('',#862,#847,#1038,.F.);
#779=EDGE_CURVE('',#846,#865,#1039,.T.);
#780=EDGE_CURVE('',#840,#911,#1040,.T.);
#781=EDGE_CURVE('',#849,#856,#1041,.T.);
#782=EDGE_CURVE('',#915,#841,#1042,.T.);
#783=EDGE_CURVE('',#844,#867,#1043,.T.);
#784=EDGE_CURVE('',#845,#866,#1044,.T.);
#785=EDGE_CURVE('',#848,#861,#1045,.T.);
#786=EDGE_CURVE('',#945,#855,#114,.T.);
#787=EDGE_CURVE('',#853,#944,#115,.T.);
#788=EDGE_CURVE('',#851,#943,#116,.T.);
#789=EDGE_CURVE('',#946,#858,#117,.T.);
#790=EDGE_CURVE('',#817,#942,#118,.T.);
#791=EDGE_CURVE('',#947,#860,#119,.T.);
#792=EDGE_CURVE('',#818,#941,#120,.T.);
#793=EDGE_CURVE('',#948,#864,#121,.T.);
#794=EDGE_CURVE('',#831,#940,#122,.T.);
#795=EDGE_CURVE('',#949,#882,#123,.T.);
#796=EDGE_CURVE('',#829,#939,#124,.T.);
#797=EDGE_CURVE('',#935,#886,#125,.T.);
#798=EDGE_CURVE('',#821,#938,#126,.T.);
#799=EDGE_CURVE('',#936,#890,#34,.F.);
#800=EDGE_CURVE('',#822,#937,#127,.T.);
#801=EDGE_CURVE('',#909,#928,#128,.T.);
#802=EDGE_CURVE('',#929,#907,#129,.T.);
#803=EDGE_CURVE('',#930,#905,#130,.T.);
#804=EDGE_CURVE('',#912,#927,#131,.T.);
#805=EDGE_CURVE('',#931,#903,#132,.T.);
#806=EDGE_CURVE('',#870,#926,#133,.T.);
#807=EDGE_CURVE('',#932,#901,#134,.T.);
#808=EDGE_CURVE('',#871,#925,#135,.T.);
#809=EDGE_CURVE('',#933,#838,#136,.T.);
#810=EDGE_CURVE('',#879,#924,#137,.T.);
#811=EDGE_CURVE('',#934,#826,#138,.T.);
#812=EDGE_CURVE('',#883,#923,#139,.T.);
#813=EDGE_CURVE('',#920,#824,#140,.T.);
#814=EDGE_CURVE('',#887,#922,#35,.T.);
#815=EDGE_CURVE('',#921,#891,#141,.T.);
#816=VERTEX_POINT('',#2138);
#817=VERTEX_POINT('',#2139);
#818=VERTEX_POINT('',#2141);
#819=VERTEX_POINT('',#2143);
#820=VERTEX_POINT('',#2147);
#821=VERTEX_POINT('',#2148);
#822=VERTEX_POINT('',#2150);
#823=VERTEX_POINT('',#2152);
#824=VERTEX_POINT('',#2156);
#825=VERTEX_POINT('',#2157);
#826=VERTEX_POINT('',#2159);
#827=VERTEX_POINT('',#2161);
#828=VERTEX_POINT('',#2165);
#829=VERTEX_POINT('',#2166);
#830=VERTEX_POINT('',#2171);
#831=VERTEX_POINT('',#2172);
#832=VERTEX_POINT('',#2175);
#833=VERTEX_POINT('',#2177);
#834=VERTEX_POINT('',#2179);
#835=VERTEX_POINT('',#2181);
#836=VERTEX_POINT('',#2183);
#837=VERTEX_POINT('',#2185);
#838=VERTEX_POINT('',#2188);
#839=VERTEX_POINT('',#2190);
#840=VERTEX_POINT('',#2192);
#841=VERTEX_POINT('',#2194);
#842=VERTEX_POINT('',#2196);
#843=VERTEX_POINT('',#2198);
#844=VERTEX_POINT('',#2200);
#845=VERTEX_POINT('',#2202);
#846=VERTEX_POINT('',#2204);
#847=VERTEX_POINT('',#2206);
#848=VERTEX_POINT('',#2208);
#849=VERTEX_POINT('',#2210);
#850=VERTEX_POINT('',#2217);
#851=VERTEX_POINT('',#2218);
#852=VERTEX_POINT('',#2223);
#853=VERTEX_POINT('',#2224);
#854=VERTEX_POINT('',#2229);
#855=VERTEX_POINT('',#2230);
#856=VERTEX_POINT('',#2233);
#857=VERTEX_POINT('',#2237);
#858=VERTEX_POINT('',#2238);
#859=VERTEX_POINT('',#2243);
#860=VERTEX_POINT('',#2244);
#861=VERTEX_POINT('',#2247);
#862=VERTEX_POINT('',#2252);
#863=VERTEX_POINT('',#2256);
#864=VERTEX_POINT('',#2257);
#865=VERTEX_POINT('',#2260);
#866=VERTEX_POINT('',#2262);
#867=VERTEX_POINT('',#2264);
#868=VERTEX_POINT('',#2266);
#869=VERTEX_POINT('',#2268);
#870=VERTEX_POINT('',#2270);
#871=VERTEX_POINT('',#2272);
#872=VERTEX_POINT('',#2274);
#873=VERTEX_POINT('',#2276);
#874=VERTEX_POINT('',#2278);
#875=VERTEX_POINT('',#2280);
#876=VERTEX_POINT('',#2282);
#877=VERTEX_POINT('',#2284);
#878=VERTEX_POINT('',#2286);
#879=VERTEX_POINT('',#2290);
#880=VERTEX_POINT('',#2292);
#881=VERTEX_POINT('',#2296);
#882=VERTEX_POINT('',#2297);
#883=VERTEX_POINT('',#2302);
#884=VERTEX_POINT('',#2304);
#885=VERTEX_POINT('',#2308);
#886=VERTEX_POINT('',#2309);
#887=VERTEX_POINT('',#2314);
#888=VERTEX_POINT('',#2316);
#889=VERTEX_POINT('',#2320);
#890=VERTEX_POINT('',#2321);
#891=VERTEX_POINT('',#2326);
#892=VERTEX_POINT('',#2328);
#893=VERTEX_POINT('',#2335);
#894=VERTEX_POINT('',#2337);
#895=VERTEX_POINT('',#2340);
#896=VERTEX_POINT('',#2342);
#897=VERTEX_POINT('',#2345);
#898=VERTEX_POINT('',#2347);
#899=VERTEX_POINT('',#2350);
#900=VERTEX_POINT('',#2352);
#901=VERTEX_POINT('',#2355);
#902=VERTEX_POINT('',#2357);
#903=VERTEX_POINT('',#2361);
#904=VERTEX_POINT('',#2363);
#905=VERTEX_POINT('',#2367);
#906=VERTEX_POINT('',#2369);
#907=VERTEX_POINT('',#2373);
#908=VERTEX_POINT('',#2375);
#909=VERTEX_POINT('',#2379);
#910=VERTEX_POINT('',#2381);
#911=VERTEX_POINT('',#2383);
#912=VERTEX_POINT('',#2387);
#913=VERTEX_POINT('',#2389);
#914=VERTEX_POINT('',#2394);
#915=VERTEX_POINT('',#2399);
#916=VERTEX_POINT('',#2403);
#917=VERTEX_POINT('',#2405);
#918=VERTEX_POINT('',#2408);
#919=VERTEX_POINT('',#2410);
#920=VERTEX_POINT('',#2416);
#921=VERTEX_POINT('',#2417);
#922=VERTEX_POINT('',#2419);
#923=VERTEX_POINT('',#2421);
#924=VERTEX_POINT('',#2423);
#925=VERTEX_POINT('',#2425);
#926=VERTEX_POINT('',#2427);
#927=VERTEX_POINT('',#2429);
#928=VERTEX_POINT('',#2431);
#929=VERTEX_POINT('',#2433);
#930=VERTEX_POINT('',#2435);
#931=VERTEX_POINT('',#2437);
#932=VERTEX_POINT('',#2439);
#933=VERTEX_POINT('',#2441);
#934=VERTEX_POINT('',#2443);
#935=VERTEX_POINT('',#2447);
#936=VERTEX_POINT('',#2448);
#937=VERTEX_POINT('',#2450);
#938=VERTEX_POINT('',#2452);
#939=VERTEX_POINT('',#2454);
#940=VERTEX_POINT('',#2456);
#941=VERTEX_POINT('',#2458);
#942=VERTEX_POINT('',#2460);
#943=VERTEX_POINT('',#2462);
#944=VERTEX_POINT('',#2464);
#945=VERTEX_POINT('',#2466);
#946=VERTEX_POINT('',#2468);
#947=VERTEX_POINT('',#2470);
#948=VERTEX_POINT('',#2472);
#949=VERTEX_POINT('',#2474);
#950=LINE('',#2137,#1046);
#951=LINE('',#2140,#1047);
#952=LINE('',#2142,#1048);
#953=LINE('',#2144,#1049);
#954=LINE('',#2146,#1050);
#955=LINE('',#2149,#1051);
#956=LINE('',#2151,#1052);
#957=LINE('',#2153,#1053);
#958=LINE('',#2155,#1054);
#959=LINE('',#2160,#1055);
#960=LINE('',#2164,#1056);
#961=LINE('',#2170,#1057);
#962=LINE('',#2173,#1058);
#963=LINE('',#2174,#1059);
#964=LINE('',#2180,#1060);
#965=LINE('',#2186,#1061);
#966=LINE('',#2187,#1062);
#967=LINE('',#2189,#1063);
#968=LINE('',#2191,#1064);
#969=LINE('',#2193,#1065);
#970=LINE('',#2197,#1066);
#971=LINE('',#2201,#1067);
#972=LINE('',#2205,#1068);
#973=LINE('',#2209,#1069);
#974=LINE('',#2211,#1070);
#975=LINE('',#2216,#1071);
#976=LINE('',#2222,#1072);
#977=LINE('',#2225,#1073);
#978=LINE('',#2226,#1074);
#979=LINE('',#2228,#1075);
#980=LINE('',#2236,#1076);
#981=LINE('',#2239,#1077);
#982=LINE('',#2240,#1078);
#983=LINE('',#2242,#1079);
#984=LINE('',#2255,#1080);
#985=LINE('',#2258,#1081);
#986=LINE('',#2259,#1082);
#987=LINE('',#2263,#1083);
#988=LINE('',#2267,#1084);
#989=LINE('',#2269,#1085);
#990=LINE('',#2271,#1086);
#991=LINE('',#2273,#1087);
#992=LINE('',#2275,#1088);
#993=LINE('',#2281,#1089);
#994=LINE('',#2287,#1090);
#995=LINE('',#2291,#1091);
#996=LINE('',#2295,#1092);
#997=LINE('',#2301,#1093);
#998=LINE('',#2303,#1094);
#999=LINE('',#2305,#1095);
#1000=LINE('',#2307,#1096);
#1001=LINE('',#2310,#1097);
#1002=LINE('',#2311,#1098);
#1003=LINE('',#2315,#1099);
#1004=LINE('',#2319,#1100);
#1005=LINE('',#2327,#1101);
#1006=LINE('',#2356,#1102);
#1007=LINE('',#2360,#1103);
#1008=LINE('',#2362,#1104);
#1009=LINE('',#2364,#1105);
#1010=LINE('',#2368,#1106);
#1011=LINE('',#2372,#1107);
#1012=LINE('',#2374,#1108);
#1013=LINE('',#2376,#1109);
#1014=LINE('',#2380,#1110);
#1015=LINE('',#2386,#1111);
#1016=LINE('',#2388,#1112);
#1017=LINE('',#2390,#1113);
#1018=LINE('',#2412,#1114);
#1019=LINE('',#2413,#1115);
#1020=LINE('',#2415,#1116);
#1021=LINE('',#2422,#1117);
#1022=LINE('',#2426,#1118);
#1023=LINE('',#2430,#1119);
#1024=LINE('',#2434,#1120);
#1025=LINE('',#2438,#1121);
#1026=LINE('',#2442,#1122);
#1027=LINE('',#2451,#1123);
#1028=LINE('',#2455,#1124);
#1029=LINE('',#2459,#1125);
#1030=LINE('',#2463,#1126);
#1031=LINE('',#2467,#1127);
#1032=LINE('',#2471,#1128);
#1033=LINE('',#2475,#1129);
#1034=LINE('',#2491,#1130);
#1035=LINE('',#2493,#1131);
#1036=LINE('',#2500,#1132);
#1037=LINE('',#2501,#1133);
#1038=LINE('',#2503,#1134);
#1039=LINE('',#2504,#1135);
#1040=LINE('',#2506,#1136);
#1041=LINE('',#2508,#1137);
#1042=LINE('',#2510,#1138);
#1043=LINE('',#2512,#1139);
#1044=LINE('',#2514,#1140);
#1045=LINE('',#2517,#1141);
#1046=VECTOR('',#1661,1.);
#1047=VECTOR('',#1662,1.);
#1048=VECTOR('',#1663,1.);
#1049=VECTOR('',#1664,1.);
#1050=VECTOR('',#1667,1.);
#1051=VECTOR('',#1668,1.);
#1052=VECTOR('',#1669,1.);
#1053=VECTOR('',#1670,1.);
#1054=VECTOR('',#1673,1.);
#1055=VECTOR('',#1676,1.);
#1056=VECTOR('',#1681,1.);
#1057=VECTOR('',#1688,1.);
#1058=VECTOR('',#1689,1.);
#1059=VECTOR('',#1690,1.);
#1060=VECTOR('',#1695,1.);
#1061=VECTOR('',#1700,1.);
#1062=VECTOR('',#1701,1.);
#1063=VECTOR('',#1702,1.);
#1064=VECTOR('',#1703,1.);
#1065=VECTOR('',#1704,1.);
#1066=VECTOR('',#1707,1.);
#1067=VECTOR('',#1710,1.);
#1068=VECTOR('',#1713,1.);
#1069=VECTOR('',#1716,1.);
#1070=VECTOR('',#1717,1.);
#1071=VECTOR('',#1726,1.);
#1072=VECTOR('',#1733,1.);
#1073=VECTOR('',#1734,1.);
#1074=VECTOR('',#1735,1.);
#1075=VECTOR('',#1738,1.);
#1076=VECTOR('',#1747,1.);
#1077=VECTOR('',#1748,1.);
#1078=VECTOR('',#1749,1.);
#1079=VECTOR('',#1752,1.);
#1080=VECTOR('',#1761,1.);
#1081=VECTOR('',#1762,1.);
#1082=VECTOR('',#1763,1.);
#1083=VECTOR('',#1766,1.);
#1084=VECTOR('',#1769,1.);
#1085=VECTOR('',#1770,1.);
#1086=VECTOR('',#1771,1.);
#1087=VECTOR('',#1772,1.);
#1088=VECTOR('',#1773,1.);
#1089=VECTOR('',#1778,1.);
#1090=VECTOR('',#1783,1.);
#1091=VECTOR('',#1788,1.);
#1092=VECTOR('',#1793,1.);
#1093=VECTOR('',#1800,1.);
#1094=VECTOR('',#1801,1.);
#1095=VECTOR('',#1802,1.);
#1096=VECTOR('',#1805,1.);
#1097=VECTOR('',#1806,1.);
#1098=VECTOR('',#1807,1.);
#1099=VECTOR('',#1812,1.);
#1100=VECTOR('',#1817,1.);
#1101=VECTOR('',#1826,1.);
#1102=VECTOR('',#1863,1.);
#1103=VECTOR('',#1868,1.);
#1104=VECTOR('',#1869,1.);
#1105=VECTOR('',#1870,1.);
#1106=VECTOR('',#1875,1.);
#1107=VECTOR('',#1880,1.);
#1108=VECTOR('',#1881,1.);
#1109=VECTOR('',#1882,1.);
#1110=VECTOR('',#1887,1.);
#1111=VECTOR('',#1894,1.);
#1112=VECTOR('',#1895,1.);
#1113=VECTOR('',#1896,1.);
#1114=VECTOR('',#1919,1.);
#1115=VECTOR('',#1920,1.);
#1116=VECTOR('',#1923,1.);
#1117=VECTOR('',#1928,1.);
#1118=VECTOR('',#1931,1.);
#1119=VECTOR('',#1934,1.);
#1120=VECTOR('',#1937,1.);
#1121=VECTOR('',#1940,1.);
#1122=VECTOR('',#1943,1.);
#1123=VECTOR('',#1952,1.);
#1124=VECTOR('',#1955,1.);
#1125=VECTOR('',#1958,1.);
#1126=VECTOR('',#1961,1.);
#1127=VECTOR('',#1964,1.);
#1128=VECTOR('',#1967,1.);
#1129=VECTOR('',#1970,1.);
#1130=VECTOR('',#1977,1.);
#1131=VECTOR('',#1980,1.);
#1132=VECTOR('',#1985,1.);
#1133=VECTOR('',#1986,1.);
#1134=VECTOR('',#1989,1.);
#1135=VECTOR('',#1990,1.);
#1136=VECTOR('',#1993,1.);
#1137=VECTOR('',#1996,1.);
#1138=VECTOR('',#1999,1.);
#1139=VECTOR('',#2002,1.);
#1140=VECTOR('',#2005,1.);
#1141=VECTOR('',#2010,1.);
#1142=EDGE_LOOP('',(#186,#187,#188,#189));
#1143=EDGE_LOOP('',(#190,#191,#192,#193));
#1144=EDGE_LOOP('',(#194,#195,#196,#197));
#1145=EDGE_LOOP('',(#198,#199,#200,#201));
#1146=EDGE_LOOP('',(#202,#203,#204,#205,#206,#207,#208,#209,#210,#211,#212,
#213,#214,#215,#216,#217,#218,#219,#220,#221,#222,#223,#224,#225));
#1147=EDGE_LOOP('',(#226,#227,#228,#229));
#1148=EDGE_LOOP('',(#230,#231,#232,#233));
#1149=EDGE_LOOP('',(#234,#235,#236,#237));
#1150=EDGE_LOOP('',(#238,#239,#240,#241,#242));
#1151=EDGE_LOOP('',(#243,#244,#245,#246));
#1152=EDGE_LOOP('',(#247,#248,#249,#250,#251,#252));
#1153=EDGE_LOOP('',(#253,#254,#255,#256,#257,#258,#259,#260,#261,#262,#263,
#264,#265,#266,#267,#268,#269,#270));
#1154=EDGE_LOOP('',(#271,#272,#273,#274));
#1155=EDGE_LOOP('',(#275,#276,#277,#278));
#1156=EDGE_LOOP('',(#279,#280,#281,#282));
#1157=EDGE_LOOP('',(#283,#284,#285,#286));
#1158=EDGE_LOOP('',(#287,#288,#289,#290));
#1159=EDGE_LOOP('',(#291,#292,#293,#294));
#1160=EDGE_LOOP('',(#295,#296,#297,#298));
#1161=EDGE_LOOP('',(#299,#300,#301,#302));
#1162=EDGE_LOOP('',(#303));
#1163=EDGE_LOOP('',(#304));
#1164=EDGE_LOOP('',(#305));
#1165=EDGE_LOOP('',(#306));
#1166=EDGE_LOOP('',(#307));
#1167=EDGE_LOOP('',(#308));
#1168=EDGE_LOOP('',(#309));
#1169=EDGE_LOOP('',(#310));
#1170=EDGE_LOOP('',(#311,#312,#313,#314));
#1171=EDGE_LOOP('',(#315,#316,#317,#318));
#1172=EDGE_LOOP('',(#319,#320,#321,#322));
#1173=EDGE_LOOP('',(#323,#324,#325,#326));
#1174=EDGE_LOOP('',(#327,#328,#329,#330,#331));
#1175=EDGE_LOOP('',(#332,#333,#334,#335));
#1176=EDGE_LOOP('',(#336,#337,#338,#339,#340,#341));
#1177=EDGE_LOOP('',(#342));
#1178=EDGE_LOOP('',(#343));
#1179=EDGE_LOOP('',(#344));
#1180=EDGE_LOOP('',(#345));
#1181=EDGE_LOOP('',(#346,#347,#348,#349));
#1182=EDGE_LOOP('',(#350,#351,#352,#353,#354,#355,#356,#357,#358,#359,#360,
#361,#362,#363,#364));
#1183=EDGE_LOOP('',(#365));
#1184=EDGE_LOOP('',(#366));
#1185=EDGE_LOOP('',(#367));
#1186=EDGE_LOOP('',(#368,#369,#370,#371,#372,#373,#374,#375,#376,#377,#378,
#379,#380,#381,#382));
#1187=EDGE_LOOP('',(#383));
#1188=EDGE_LOOP('',(#384));
#1189=EDGE_LOOP('',(#385));
#1190=EDGE_LOOP('',(#386,#387,#388,#389,#390,#391,#392,#393,#394));
#1191=EDGE_LOOP('',(#395));
#1192=EDGE_LOOP('',(#396,#397,#398,#399,#400,#401,#402,#403,#404));
#1193=EDGE_LOOP('',(#405));
#1194=EDGE_LOOP('',(#406,#407,#408,#409));
#1195=EDGE_LOOP('',(#410,#411,#412,#413));
#1196=EDGE_LOOP('',(#414,#415,#416,#417));
#1197=EDGE_LOOP('',(#418,#419,#420,#421,#422));
#1198=EDGE_LOOP('',(#423,#424,#425,#426,#427));
#1199=EDGE_LOOP('',(#428,#429,#430,#431,#432,#433,#434));
#1200=EDGE_LOOP('',(#435));
#1201=EDGE_LOOP('',(#436));
#1202=EDGE_LOOP('',(#437,#438,#439,#440,#441,#442,#443));
#1203=EDGE_LOOP('',(#444));
#1204=EDGE_LOOP('',(#445));
#1205=EDGE_LOOP('',(#446,#447,#448,#449,#450,#451));
#1206=EDGE_LOOP('',(#452,#453,#454,#455));
#1207=EDGE_LOOP('',(#456,#457,#458,#459));
#1208=EDGE_LOOP('',(#460,#461,#462,#463));
#1209=EDGE_LOOP('',(#464,#465,#466,#467,#468,#469));
#1210=EDGE_LOOP('',(#470,#471,#472,#473));
#1211=EDGE_LOOP('',(#474,#475,#476,#477));
#1212=EDGE_LOOP('',(#478,#479,#480,#481));
#1213=EDGE_LOOP('',(#482,#483,#484,#485));
#1214=EDGE_LOOP('',(#486,#487,#488,#489));
#1215=EDGE_LOOP('',(#490,#491,#492,#493));
#1216=EDGE_LOOP('',(#494,#495,#496,#497));
#1217=EDGE_LOOP('',(#498,#499,#500,#501));
#1218=EDGE_LOOP('',(#502,#503,#504,#505));
#1219=EDGE_LOOP('',(#506,#507,#508,#509));
#1220=EDGE_LOOP('',(#510,#511,#512,#513));
#1221=EDGE_LOOP('',(#514,#515,#516,#517));
#1222=EDGE_LOOP('',(#518,#519,#520,#521));
#1223=EDGE_LOOP('',(#522,#523,#524,#525));
#1224=EDGE_LOOP('',(#526,#527,#528,#529));
#1225=EDGE_LOOP('',(#530,#531,#532,#533));
#1226=EDGE_LOOP('',(#534,#535,#536,#537));
#1227=EDGE_LOOP('',(#538,#539,#540,#541));
#1228=EDGE_LOOP('',(#542,#543,#544,#545));
#1229=EDGE_LOOP('',(#546,#547,#548,#549));
#1230=EDGE_LOOP('',(#550,#551,#552,#553));
#1231=EDGE_LOOP('',(#554,#555,#556,#557));
#1232=EDGE_LOOP('',(#558,#559,#560,#561));
#1233=EDGE_LOOP('',(#562,#563,#564,#565));
#1234=EDGE_LOOP('',(#566,#567,#568,#569));
#1235=EDGE_LOOP('',(#570,#571,#572,#573));
#1236=EDGE_LOOP('',(#574,#575,#576,#577));
#1237=EDGE_LOOP('',(#578,#579,#580,#581));
#1238=EDGE_LOOP('',(#582,#583,#584,#585));
#1239=EDGE_LOOP('',(#586,#587,#588,#589));
#1240=EDGE_LOOP('',(#590,#591,#592,#593));
#1241=EDGE_LOOP('',(#594,#595,#596,#597));
#1242=EDGE_LOOP('',(#598,#599,#600,#601));
#1243=EDGE_LOOP('',(#602,#603,#604,#605));
#1244=FACE_BOUND('',#1142,.T.);
#1245=FACE_BOUND('',#1143,.T.);
#1246=FACE_BOUND('',#1144,.T.);
#1247=FACE_BOUND('',#1145,.T.);
#1248=FACE_BOUND('',#1146,.T.);
#1249=FACE_BOUND('',#1147,.T.);
#1250=FACE_BOUND('',#1148,.T.);
#1251=FACE_BOUND('',#1149,.T.);
#1252=FACE_BOUND('',#1150,.T.);
#1253=FACE_BOUND('',#1151,.T.);
#1254=FACE_BOUND('',#1152,.T.);
#1255=FACE_BOUND('',#1153,.T.);
#1256=FACE_BOUND('',#1154,.T.);
#1257=FACE_BOUND('',#1155,.T.);
#1258=FACE_BOUND('',#1156,.T.);
#1259=FACE_BOUND('',#1157,.T.);
#1260=FACE_BOUND('',#1158,.T.);
#1261=FACE_BOUND('',#1159,.T.);
#1262=FACE_BOUND('',#1160,.T.);
#1263=FACE_BOUND('',#1161,.T.);
#1264=FACE_BOUND('',#1162,.T.);
#1265=FACE_BOUND('',#1163,.T.);
#1266=FACE_BOUND('',#1164,.T.);
#1267=FACE_BOUND('',#1165,.T.);
#1268=FACE_BOUND('',#1166,.T.);
#1269=FACE_BOUND('',#1167,.T.);
#1270=FACE_BOUND('',#1168,.T.);
#1271=FACE_BOUND('',#1169,.T.);
#1272=FACE_BOUND('',#1170,.T.);
#1273=FACE_BOUND('',#1171,.T.);
#1274=FACE_BOUND('',#1172,.T.);
#1275=FACE_BOUND('',#1173,.T.);
#1276=FACE_BOUND('',#1174,.T.);
#1277=FACE_BOUND('',#1175,.T.);
#1278=FACE_BOUND('',#1176,.T.);
#1279=FACE_BOUND('',#1177,.T.);
#1280=FACE_BOUND('',#1178,.T.);
#1281=FACE_BOUND('',#1179,.T.);
#1282=FACE_BOUND('',#1180,.T.);
#1283=FACE_BOUND('',#1181,.T.);
#1284=FACE_BOUND('',#1182,.T.);
#1285=FACE_BOUND('',#1183,.T.);
#1286=FACE_BOUND('',#1184,.T.);
#1287=FACE_BOUND('',#1185,.T.);
#1288=FACE_BOUND('',#1186,.T.);
#1289=FACE_BOUND('',#1187,.T.);
#1290=FACE_BOUND('',#1188,.T.);
#1291=FACE_BOUND('',#1189,.T.);
#1292=FACE_BOUND('',#1190,.T.);
#1293=FACE_BOUND('',#1191,.T.);
#1294=FACE_BOUND('',#1192,.T.);
#1295=FACE_BOUND('',#1193,.T.);
#1296=FACE_BOUND('',#1194,.T.);
#1297=FACE_BOUND('',#1195,.T.);
#1298=FACE_BOUND('',#1196,.T.);
#1299=FACE_BOUND('',#1197,.T.);
#1300=FACE_BOUND('',#1198,.T.);
#1301=FACE_BOUND('',#1199,.T.);
#1302=FACE_BOUND('',#1200,.T.);
#1303=FACE_BOUND('',#1201,.T.);
#1304=FACE_BOUND('',#1202,.T.);
#1305=FACE_BOUND('',#1203,.T.);
#1306=FACE_BOUND('',#1204,.T.);
#1307=FACE_BOUND('',#1205,.T.);
#1308=FACE_BOUND('',#1206,.T.);
#1309=FACE_BOUND('',#1207,.T.);
#1310=FACE_BOUND('',#1208,.T.);
#1311=FACE_BOUND('',#1209,.T.);
#1312=FACE_BOUND('',#1210,.T.);
#1313=FACE_BOUND('',#1211,.T.);
#1314=FACE_BOUND('',#1212,.T.);
#1315=FACE_BOUND('',#1213,.T.);
#1316=FACE_BOUND('',#1214,.T.);
#1317=FACE_BOUND('',#1215,.T.);
#1318=FACE_BOUND('',#1216,.T.);
#1319=FACE_BOUND('',#1217,.T.);
#1320=FACE_BOUND('',#1218,.T.);
#1321=FACE_BOUND('',#1219,.T.);
#1322=FACE_BOUND('',#1220,.T.);
#1323=FACE_BOUND('',#1221,.T.);
#1324=FACE_BOUND('',#1222,.T.);
#1325=FACE_BOUND('',#1223,.T.);
#1326=FACE_BOUND('',#1224,.T.);
#1327=FACE_BOUND('',#1225,.T.);
#1328=FACE_BOUND('',#1226,.T.);
#1329=FACE_BOUND('',#1227,.T.);
#1330=FACE_BOUND('',#1228,.T.);
#1331=FACE_BOUND('',#1229,.T.);
#1332=FACE_BOUND('',#1230,.T.);
#1333=FACE_BOUND('',#1231,.T.);
#1334=FACE_BOUND('',#1232,.T.);
#1335=FACE_BOUND('',#1233,.T.);
#1336=FACE_BOUND('',#1234,.T.);
#1337=FACE_BOUND('',#1235,.T.);
#1338=FACE_BOUND('',#1236,.T.);
#1339=FACE_BOUND('',#1237,.T.);
#1340=FACE_BOUND('',#1238,.T.);
#1341=FACE_BOUND('',#1239,.T.);
#1342=FACE_BOUND('',#1240,.T.);
#1343=FACE_BOUND('',#1241,.T.);
#1344=FACE_BOUND('',#1242,.T.);
#1345=FACE_BOUND('',#1243,.T.);
#1346=PLANE('',#1467);
#1347=PLANE('',#1468);
#1348=PLANE('',#1475);
#1349=PLANE('',#1490);
#1350=PLANE('',#1495);
#1351=PLANE('',#1500);
#1352=PLANE('',#1513);
#1353=PLANE('',#1514);
#1354=PLANE('',#1542);
#1355=PLANE('',#1546);
#1356=PLANE('',#1551);
#1357=PLANE('',#1562);
#1358=PLANE('',#1563);
#1359=PLANE('',#1572);
#1360=PLANE('',#1581);
#1361=PLANE('',#1582);
#1362=PLANE('',#1584);
#1363=PLANE('',#1586);
#1364=PLANE('',#1587);
#1365=PLANE('',#1588);
#1366=PLANE('',#1589);
#1367=PLANE('',#1590);
#1368=PLANE('',#1592);
#1369=PLANE('',#1594);
#1370=ADVANCED_FACE('',(#1244),#1346,.T.);
#1371=ADVANCED_FACE('',(#1245),#1347,.F.);
#1372=ADVANCED_FACE('',(#1246),#142,.T.);
#1373=ADVANCED_FACE('',(#1247),#143,.T.);
#1374=ADVANCED_FACE('',(#1248),#1348,.T.);
#1375=ADVANCED_FACE('',(#1249),#144,.T.);
#1376=ADVANCED_FACE('',(#1250),#145,.T.);
#1377=ADVANCED_FACE('',(#1251),#1349,.T.);
#1378=ADVANCED_FACE('',(#1252),#146,.T.);
#1379=ADVANCED_FACE('',(#1253),#1350,.T.);
#1380=ADVANCED_FACE('',(#1254),#147,.F.);
#1381=ADVANCED_FACE('',(#1255),#1351,.T.);
#1382=ADVANCED_FACE('',(#1256),#148,.F.);
#1383=ADVANCED_FACE('',(#1257),#149,.F.);
#1384=ADVANCED_FACE('',(#1258),#1352,.T.);
#1385=ADVANCED_FACE('',(#1259),#1353,.T.);
#1386=ADVANCED_FACE('',(#1260),#150,.T.);
#1387=ADVANCED_FACE('',(#1261),#151,.T.);
#1388=ADVANCED_FACE('',(#1262),#152,.T.);
#1389=ADVANCED_FACE('',(#1263),#153,.T.);
#1390=ADVANCED_FACE('',(#1264,#1265),#154,.F.);
#1391=ADVANCED_FACE('',(#1266,#1267),#155,.F.);
#1392=ADVANCED_FACE('',(#1268,#1269),#156,.F.);
#1393=ADVANCED_FACE('',(#1270,#1271),#157,.F.);
#1394=ADVANCED_FACE('',(#1272),#158,.T.);
#1395=ADVANCED_FACE('',(#1273),#1354,.T.);
#1396=ADVANCED_FACE('',(#1274),#159,.T.);
#1397=ADVANCED_FACE('',(#1275),#1355,.T.);
#1398=ADVANCED_FACE('',(#1276),#160,.T.);
#1399=ADVANCED_FACE('',(#1277),#1356,.T.);
#1400=ADVANCED_FACE('',(#1278),#161,.F.);
#1401=ADVANCED_FACE('',(#1279,#1280),#162,.F.);
#1402=ADVANCED_FACE('',(#1281,#1282),#163,.F.);
#1403=ADVANCED_FACE('',(#1283),#1357,.F.);
#1404=ADVANCED_FACE('',(#1284,#1285,#1286,#1287),#1358,.F.);
#1405=ADVANCED_FACE('',(#1288,#1289,#1290,#1291),#1359,.T.);
#1406=ADVANCED_FACE('',(#1292,#1293),#1360,.T.);
#1407=ADVANCED_FACE('',(#1294,#1295),#1361,.T.);
#1408=ADVANCED_FACE('',(#1296),#164,.F.);
#1409=ADVANCED_FACE('',(#1297),#1362,.T.);
#1410=ADVANCED_FACE('',(#1298),#165,.F.);
#1411=ADVANCED_FACE('',(#1299),#1363,.T.);
#1412=ADVANCED_FACE('',(#1300),#1364,.T.);
#1413=ADVANCED_FACE('',(#1301,#1302,#1303),#1365,.F.);
#1414=ADVANCED_FACE('',(#1304,#1305,#1306),#1366,.T.);
#1415=ADVANCED_FACE('',(#1307),#1367,.F.);
#1416=ADVANCED_FACE('',(#1308),#166,.F.);
#1417=ADVANCED_FACE('',(#1309),#1368,.T.);
#1418=ADVANCED_FACE('',(#1310),#167,.F.);
#1419=ADVANCED_FACE('',(#1311),#1369,.T.);
#1420=ADVANCED_FACE('',(#1312),#12,.T.);
#1421=ADVANCED_FACE('',(#1313),#168,.T.);
#1422=ADVANCED_FACE('',(#1314),#169,.T.);
#1423=ADVANCED_FACE('',(#1315),#13,.T.);
#1424=ADVANCED_FACE('',(#1316),#14,.T.);
#1425=ADVANCED_FACE('',(#1317),#170,.T.);
#1426=ADVANCED_FACE('',(#1318),#171,.T.);
#1427=ADVANCED_FACE('',(#1319),#15,.T.);
#1428=ADVANCED_FACE('',(#1320),#16,.T.);
#1429=ADVANCED_FACE('',(#1321),#172,.T.);
#1430=ADVANCED_FACE('',(#1322),#173,.T.);
#1431=ADVANCED_FACE('',(#1323),#17,.T.);
#1432=ADVANCED_FACE('',(#1324),#18,.T.);
#1433=ADVANCED_FACE('',(#1325),#174,.T.);
#1434=ADVANCED_FACE('',(#1326),#19,.T.);
#1435=ADVANCED_FACE('',(#1327),#20,.T.);
#1436=ADVANCED_FACE('',(#1328),#175,.T.);
#1437=ADVANCED_FACE('',(#1329),#176,.T.);
#1438=ADVANCED_FACE('',(#1330),#21,.T.);
#1439=ADVANCED_FACE('',(#1331),#22,.T.);
#1440=ADVANCED_FACE('',(#1332),#177,.T.);
#1441=ADVANCED_FACE('',(#1333),#178,.T.);
#1442=ADVANCED_FACE('',(#1334),#23,.T.);
#1443=ADVANCED_FACE('',(#1335),#24,.T.);
#1444=ADVANCED_FACE('',(#1336),#179,.T.);
#1445=ADVANCED_FACE('',(#1337),#180,.T.);
#1446=ADVANCED_FACE('',(#1338),#25,.T.);
#1447=ADVANCED_FACE('',(#1339),#26,.T.);
#1448=ADVANCED_FACE('',(#1340),#181,.T.);
#1449=ADVANCED_FACE('',(#1341),#27,.T.);
#1450=ADVANCED_FACE('',(#1342),#182,.F.);
#1451=ADVANCED_FACE('',(#1343),#183,.F.);
#1452=ADVANCED_FACE('',(#1344),#184,.F.);
#1453=ADVANCED_FACE('',(#1345),#185,.F.);
#1454=CLOSED_SHELL('',(#1370,#1371,#1372,#1373,#1374,#1375,#1376,#1377,
#1378,#1379,#1380,#1381,#1382,#1383,#1384,#1385,#1386,#1387,#1388,#1389,
#1390,#1391,#1392,#1393,#1394,#1395,#1396,#1397,#1398,#1399,#1400,#1401,
#1402,#1403,#1404,#1405,#1406,#1407,#1408,#1409,#1410,#1411,#1412,#1413,
#1414,#1415,#1416,#1417,#1418,#1419,#1420,#1421,#1422,#1423,#1424,#1425,
#1426,#1427,#1428,#1429,#1430,#1431,#1432,#1433,#1434,#1435,#1436,#1437,
#1438,#1439,#1440,#1441,#1442,#1443,#1444,#1445,#1446,#1447,#1448,#1449,
#1450,#1451,#1452,#1453));
#1455=STYLED_ITEM('',(#1456),#1463);
#1456=PRESENTATION_STYLE_ASSIGNMENT((#1457));
#1457=SURFACE_STYLE_USAGE(.BOTH.,#1458);
#1458=SURFACE_SIDE_STYLE('',(#1459));
#1459=SURFACE_STYLE_FILL_AREA(#1460);
#1460=FILL_AREA_STYLE('',(#1461));
#1461=FILL_AREA_STYLE_COLOUR('',#1462);
#1462=COLOUR_RGB('',0.917647058823529,0.917647058823529,0.917647058823529);
#1463=MANIFOLD_SOLID_BREP('2f-85_finger_supporter',#1454);
#1464=SHAPE_DEFINITION_REPRESENTATION(#2596,#1465);
#1465=SHAPE_REPRESENTATION('2f-85_finger_supporter',(#1466),#2591);
#1466=AXIS2_PLACEMENT_3D('',#2135,#1657,#1658);
#1467=AXIS2_PLACEMENT_3D('',#2136,#1659,#1660);
#1468=AXIS2_PLACEMENT_3D('',#2145,#1665,#1666);
#1469=AXIS2_PLACEMENT_3D('',#2154,#1671,#1672);
#1470=AXIS2_PLACEMENT_3D('',#2158,#1674,#1675);
#1471=AXIS2_PLACEMENT_3D('',#2162,#1677,#1678);
#1472=AXIS2_PLACEMENT_3D('',#2163,#1679,#1680);
#1473=AXIS2_PLACEMENT_3D('',#2167,#1682,#1683);
#1474=AXIS2_PLACEMENT_3D('',#2168,#1684,#1685);
#1475=AXIS2_PLACEMENT_3D('',#2169,#1686,#1687);
#1476=AXIS2_PLACEMENT_3D('',#2176,#1691,#1692);
#1477=AXIS2_PLACEMENT_3D('',#2178,#1693,#1694);
#1478=AXIS2_PLACEMENT_3D('',#2182,#1696,#1697);
#1479=AXIS2_PLACEMENT_3D('',#2184,#1698,#1699);
#1480=AXIS2_PLACEMENT_3D('',#2195,#1705,#1706);
#1481=AXIS2_PLACEMENT_3D('',#2199,#1708,#1709);
#1482=AXIS2_PLACEMENT_3D('',#2203,#1711,#1712);
#1483=AXIS2_PLACEMENT_3D('',#2207,#1714,#1715);
#1484=AXIS2_PLACEMENT_3D('',#2212,#1718,#1719);
#1485=AXIS2_PLACEMENT_3D('',#2213,#1720,#1721);
#1486=AXIS2_PLACEMENT_3D('',#2214,#1722,#1723);
#1487=AXIS2_PLACEMENT_3D('',#2215,#1724,#1725);
#1488=AXIS2_PLACEMENT_3D('',#2219,#1727,#1728);
#1489=AXIS2_PLACEMENT_3D('',#2220,#1729,#1730);
#1490=AXIS2_PLACEMENT_3D('',#2221,#1731,#1732);
#1491=AXIS2_PLACEMENT_3D('',#2227,#1736,#1737);
#1492=AXIS2_PLACEMENT_3D('',#2231,#1739,#1740);
#1493=AXIS2_PLACEMENT_3D('',#2232,#1741,#1742);
#1494=AXIS2_PLACEMENT_3D('',#2234,#1743,#1744);
#1495=AXIS2_PLACEMENT_3D('',#2235,#1745,#1746);
#1496=AXIS2_PLACEMENT_3D('',#2241,#1750,#1751);
#1497=AXIS2_PLACEMENT_3D('',#2245,#1753,#1754);
#1498=AXIS2_PLACEMENT_3D('',#2246,#1755,#1756);
#1499=AXIS2_PLACEMENT_3D('',#2253,#1757,#1758);
#1500=AXIS2_PLACEMENT_3D('',#2254,#1759,#1760);
#1501=AXIS2_PLACEMENT_3D('',#2261,#1764,#1765);
#1502=AXIS2_PLACEMENT_3D('',#2265,#1767,#1768);
#1503=AXIS2_PLACEMENT_3D('',#2277,#1774,#1775);
#1504=AXIS2_PLACEMENT_3D('',#2279,#1776,#1777);
#1505=AXIS2_PLACEMENT_3D('',#2283,#1779,#1780);
#1506=AXIS2_PLACEMENT_3D('',#2285,#1781,#1782);
#1507=AXIS2_PLACEMENT_3D('',#2288,#1784,#1785);
#1508=AXIS2_PLACEMENT_3D('',#2289,#1786,#1787);
#1509=AXIS2_PLACEMENT_3D('',#2293,#1789,#1790);
#1510=AXIS2_PLACEMENT_3D('',#2294,#1791,#1792);
#1511=AXIS2_PLACEMENT_3D('',#2298,#1794,#1795);
#1512=AXIS2_PLACEMENT_3D('',#2299,#1796,#1797);
#1513=AXIS2_PLACEMENT_3D('',#2300,#1798,#1799);
#1514=AXIS2_PLACEMENT_3D('',#2306,#1803,#1804);
#1515=AXIS2_PLACEMENT_3D('',#2312,#1808,#1809);
#1516=AXIS2_PLACEMENT_3D('',#2313,#1810,#1811);
#1517=AXIS2_PLACEMENT_3D('',#2317,#1813,#1814);
#1518=AXIS2_PLACEMENT_3D('',#2318,#1815,#1816);
#1519=AXIS2_PLACEMENT_3D('',#2322,#1818,#1819);
#1520=AXIS2_PLACEMENT_3D('',#2323,#1820,#1821);
#1521=AXIS2_PLACEMENT_3D('',#2324,#1822,#1823);
#1522=AXIS2_PLACEMENT_3D('',#2325,#1824,#1825);
#1523=AXIS2_PLACEMENT_3D('',#2329,#1827,#1828);
#1524=AXIS2_PLACEMENT_3D('',#2330,#1829,#1830);
#1525=AXIS2_PLACEMENT_3D('',#2331,#1831,#1832);
#1526=AXIS2_PLACEMENT_3D('',#2332,#1833,#1834);
#1527=AXIS2_PLACEMENT_3D('',#2333,#1835,#1836);
#1528=AXIS2_PLACEMENT_3D('',#2334,#1837,#1838);
#1529=AXIS2_PLACEMENT_3D('',#2336,#1839,#1840);
#1530=AXIS2_PLACEMENT_3D('',#2338,#1841,#1842);
#1531=AXIS2_PLACEMENT_3D('',#2339,#1843,#1844);
#1532=AXIS2_PLACEMENT_3D('',#2341,#1845,#1846);
#1533=AXIS2_PLACEMENT_3D('',#2343,#1847,#1848);
#1534=AXIS2_PLACEMENT_3D('',#2344,#1849,#1850);
#1535=AXIS2_PLACEMENT_3D('',#2346,#1851,#1852);
#1536=AXIS2_PLACEMENT_3D('',#2348,#1853,#1854);
#1537=AXIS2_PLACEMENT_3D('',#2349,#1855,#1856);
#1538=AXIS2_PLACEMENT_3D('',#2351,#1857,#1858);
#1539=AXIS2_PLACEMENT_3D('',#2353,#1859,#1860);
#1540=AXIS2_PLACEMENT_3D('',#2354,#1861,#1862);
#1541=AXIS2_PLACEMENT_3D('',#2358,#1864,#1865);
#1542=AXIS2_PLACEMENT_3D('',#2359,#1866,#1867);
#1543=AXIS2_PLACEMENT_3D('',#2365,#1871,#1872);
#1544=AXIS2_PLACEMENT_3D('',#2366,#1873,#1874);
#1545=AXIS2_PLACEMENT_3D('',#2370,#1876,#1877);
#1546=AXIS2_PLACEMENT_3D('',#2371,#1878,#1879);
#1547=AXIS2_PLACEMENT_3D('',#2377,#1883,#1884);
#1548=AXIS2_PLACEMENT_3D('',#2378,#1885,#1886);
#1549=AXIS2_PLACEMENT_3D('',#2382,#1888,#1889);
#1550=AXIS2_PLACEMENT_3D('',#2384,#1890,#1891);
#1551=AXIS2_PLACEMENT_3D('',#2385,#1892,#1893);
#1552=AXIS2_PLACEMENT_3D('',#2391,#1897,#1898);
#1553=AXIS2_PLACEMENT_3D('',#2392,#1899,#1900);
#1554=AXIS2_PLACEMENT_3D('',#2393,#1901,#1902);
#1555=AXIS2_PLACEMENT_3D('',#2400,#1903,#1904);
#1556=AXIS2_PLACEMENT_3D('',#2401,#1905,#1906);
#1557=AXIS2_PLACEMENT_3D('',#2402,#1907,#1908);
#1558=AXIS2_PLACEMENT_3D('',#2404,#1909,#1910);
#1559=AXIS2_PLACEMENT_3D('',#2406,#1911,#1912);
#1560=AXIS2_PLACEMENT_3D('',#2407,#1913,#1914);
#1561=AXIS2_PLACEMENT_3D('',#2409,#1915,#1916);
#1562=AXIS2_PLACEMENT_3D('',#2411,#1917,#1918);
#1563=AXIS2_PLACEMENT_3D('',#2414,#1921,#1922);
#1564=AXIS2_PLACEMENT_3D('',#2418,#1924,#1925);
#1565=AXIS2_PLACEMENT_3D('',#2420,#1926,#1927);
#1566=AXIS2_PLACEMENT_3D('',#2424,#1929,#1930);
#1567=AXIS2_PLACEMENT_3D('',#2428,#1932,#1933);
#1568=AXIS2_PLACEMENT_3D('',#2432,#1935,#1936);
#1569=AXIS2_PLACEMENT_3D('',#2436,#1938,#1939);
#1570=AXIS2_PLACEMENT_3D('',#2440,#1941,#1942);
#1571=AXIS2_PLACEMENT_3D('',#2444,#1944,#1945);
#1572=AXIS2_PLACEMENT_3D('',#2445,#1946,#1947);
#1573=AXIS2_PLACEMENT_3D('',#2446,#1948,#1949);
#1574=AXIS2_PLACEMENT_3D('',#2449,#1950,#1951);
#1575=AXIS2_PLACEMENT_3D('',#2453,#1953,#1954);
#1576=AXIS2_PLACEMENT_3D('',#2457,#1956,#1957);
#1577=AXIS2_PLACEMENT_3D('',#2461,#1959,#1960);
#1578=AXIS2_PLACEMENT_3D('',#2465,#1962,#1963);
#1579=AXIS2_PLACEMENT_3D('',#2469,#1965,#1966);
#1580=AXIS2_PLACEMENT_3D('',#2473,#1968,#1969);
#1581=AXIS2_PLACEMENT_3D('',#2476,#1971,#1972);
#1582=AXIS2_PLACEMENT_3D('',#2481,#1973,#1974);
#1583=AXIS2_PLACEMENT_3D('',#2486,#1975,#1976);
#1584=AXIS2_PLACEMENT_3D('',#2492,#1978,#1979);
#1585=AXIS2_PLACEMENT_3D('',#2494,#1981,#1982);
#1586=AXIS2_PLACEMENT_3D('',#2499,#1983,#1984);
#1587=AXIS2_PLACEMENT_3D('',#2502,#1987,#1988);
#1588=AXIS2_PLACEMENT_3D('',#2505,#1991,#1992);
#1589=AXIS2_PLACEMENT_3D('',#2507,#1994,#1995);
#1590=AXIS2_PLACEMENT_3D('',#2509,#1997,#1998);
#1591=AXIS2_PLACEMENT_3D('',#2511,#2000,#2001);
#1592=AXIS2_PLACEMENT_3D('',#2513,#2003,#2004);
#1593=AXIS2_PLACEMENT_3D('',#2515,#2006,#2007);
#1594=AXIS2_PLACEMENT_3D('',#2516,#2008,#2009);
#1595=AXIS2_PLACEMENT_3D('',#2518,#2011,#2012);
#1596=AXIS2_PLACEMENT_3D('',#2519,#2013,#2014);
#1597=AXIS2_PLACEMENT_3D('',#2520,#2015,#2016);
#1598=AXIS2_PLACEMENT_3D('',#2521,#2017,#2018);
#1599=AXIS2_PLACEMENT_3D('',#2522,#2019,#2020);
#1600=AXIS2_PLACEMENT_3D('',#2523,#2021,#2022);
#1601=AXIS2_PLACEMENT_3D('',#2524,#2023,#2024);
#1602=AXIS2_PLACEMENT_3D('',#2525,#2025,#2026);
#1603=AXIS2_PLACEMENT_3D('',#2526,#2027,#2028);
#1604=AXIS2_PLACEMENT_3D('',#2527,#2029,#2030);
#1605=AXIS2_PLACEMENT_3D('',#2528,#2031,#2032);
#1606=AXIS2_PLACEMENT_3D('',#2529,#2033,#2034);
#1607=AXIS2_PLACEMENT_3D('',#2530,#2035,#2036);
#1608=AXIS2_PLACEMENT_3D('',#2531,#2037,#2038);
#1609=AXIS2_PLACEMENT_3D('',#2532,#2039,#2040);
#1610=AXIS2_PLACEMENT_3D('',#2533,#2041,#2042);
#1611=AXIS2_PLACEMENT_3D('',#2534,#2043,#2044);
#1612=AXIS2_PLACEMENT_3D('',#2535,#2045,#2046);
#1613=AXIS2_PLACEMENT_3D('',#2536,#2047,#2048);
#1614=AXIS2_PLACEMENT_3D('',#2537,#2049,#2050);
#1615=AXIS2_PLACEMENT_3D('',#2538,#2051,#2052);
#1616=AXIS2_PLACEMENT_3D('',#2539,#2053,#2054);
#1617=AXIS2_PLACEMENT_3D('',#2540,#2055,#2056);
#1618=AXIS2_PLACEMENT_3D('',#2541,#2057,#2058);
#1619=AXIS2_PLACEMENT_3D('',#2542,#2059,#2060);
#1620=AXIS2_PLACEMENT_3D('',#2543,#2061,#2062);
#1621=AXIS2_PLACEMENT_3D('',#2549,#2063,#2064);
#1622=AXIS2_PLACEMENT_3D('',#2550,#2065,#2066);
#1623=AXIS2_PLACEMENT_3D('',#2551,#2067,#2068);
#1624=AXIS2_PLACEMENT_3D('',#2552,#2069,#2070);
#1625=AXIS2_PLACEMENT_3D('',#2553,#2071,#2072);
#1626=AXIS2_PLACEMENT_3D('',#2554,#2073,#2074);
#1627=AXIS2_PLACEMENT_3D('',#2555,#2075,#2076);
#1628=AXIS2_PLACEMENT_3D('',#2556,#2077,#2078);
#1629=AXIS2_PLACEMENT_3D('',#2557,#2079,#2080);
#1630=AXIS2_PLACEMENT_3D('',#2558,#2081,#2082);
#1631=AXIS2_PLACEMENT_3D('',#2559,#2083,#2084);
#1632=AXIS2_PLACEMENT_3D('',#2560,#2085,#2086);
#1633=AXIS2_PLACEMENT_3D('',#2561,#2087,#2088);
#1634=AXIS2_PLACEMENT_3D('',#2562,#2089,#2090);
#1635=AXIS2_PLACEMENT_3D('',#2563,#2091,#2092);
#1636=AXIS2_PLACEMENT_3D('',#2564,#2093,#2094);
#1637=AXIS2_PLACEMENT_3D('',#2565,#2095,#2096);
#1638=AXIS2_PLACEMENT_3D('',#2566,#2097,#2098);
#1639=AXIS2_PLACEMENT_3D('',#2567,#2099,#2100);
#1640=AXIS2_PLACEMENT_3D('',#2568,#2101,#2102);
#1641=AXIS2_PLACEMENT_3D('',#2569,#2103,#2104);
#1642=AXIS2_PLACEMENT_3D('',#2570,#2105,#2106);
#1643=AXIS2_PLACEMENT_3D('',#2571,#2107,#2108);
#1644=AXIS2_PLACEMENT_3D('',#2572,#2109,#2110);
#1645=AXIS2_PLACEMENT_3D('',#2573,#2111,#2112);
#1646=AXIS2_PLACEMENT_3D('',#2574,#2113,#2114);
#1647=AXIS2_PLACEMENT_3D('',#2575,#2115,#2116);
#1648=AXIS2_PLACEMENT_3D('',#2576,#2117,#2118);
#1649=AXIS2_PLACEMENT_3D('',#2577,#2119,#2120);
#1650=AXIS2_PLACEMENT_3D('',#2583,#2121,#2122);
#1651=AXIS2_PLACEMENT_3D('',#2584,#2123,#2124);
#1652=AXIS2_PLACEMENT_3D('',#2585,#2125,#2126);
#1653=AXIS2_PLACEMENT_3D('',#2586,#2127,#2128);
#1654=AXIS2_PLACEMENT_3D('',#2587,#2129,#2130);
#1655=AXIS2_PLACEMENT_3D('',#2588,#2131,#2132);
#1656=AXIS2_PLACEMENT_3D('',#2589,#2133,#2134);
#1657=DIRECTION('',(0.,0.,1.));
#1658=DIRECTION('',(1.,0.,0.));
#1659=DIRECTION('',(0.142747384324036,-0.989759154677867,-3.78804165783962E-26));
#1660=DIRECTION('',(0.989759154677867,0.142747384324036,0.));
#1661=DIRECTION('',(5.84247141568992E-26,-2.98460906504408E-26,1.));
#1662=DIRECTION('',(0.989759154677867,0.142747384324036,-5.35659443235801E-26));
#1663=DIRECTION('',(5.84247141568992E-26,-2.98460906504408E-26,1.));
#1664=DIRECTION('',(0.989759154677865,0.142747384324048,-5.3565824831996E-26));
#1665=DIRECTION('',(0.142747384324036,-0.989759154677867,-3.78804165783962E-26));
#1666=DIRECTION('',(0.989759154677867,0.142747384324036,0.));
#1667=DIRECTION('',(5.84247141568992E-26,-2.98460906504408E-26,1.));
#1668=DIRECTION('',(0.989759154677867,0.142747384324036,-5.35659443235801E-26));
#1669=DIRECTION('',(5.84247141568992E-26,-2.98460906504408E-26,1.));
#1670=DIRECTION('',(0.989759154677865,0.142747384324048,-5.3565824831996E-26));
#1671=DIRECTION('',(5.84247141568992E-26,-2.98460906504408E-26,1.));
#1672=DIRECTION('',(1.,0.,-5.84247141568992E-26));
#1673=DIRECTION('',(5.84247141568992E-26,-2.98460906504408E-26,1.));
#1674=DIRECTION('',(5.84247141568992E-26,-2.98460906504408E-26,1.));
#1675=DIRECTION('',(1.,0.,-5.84247141568992E-26));
#1676=DIRECTION('',(5.84247141568992E-26,-2.98460906504408E-26,1.));
#1677=DIRECTION('',(2.35540764030462E-17,-1.63315515774419E-16,1.));
#1678=DIRECTION('',(0.,-1.,-1.63315515774419E-16));
#1679=DIRECTION('',(5.84247141568992E-26,-2.98460906504408E-26,1.));
#1680=DIRECTION('',(1.,0.,-5.84247141568992E-26));
#1681=DIRECTION('',(5.84247141568992E-26,-2.98460906504408E-26,1.));
#1682=DIRECTION('',(5.84247141568992E-26,-2.98460906504408E-26,1.));
#1683=DIRECTION('',(1.,0.,-5.84247141568992E-26));
#1684=DIRECTION('',(-5.84245958890105E-26,2.98461077075519E-26,-1.));
#1685=DIRECTION('',(-1.,0.,5.84245958890105E-26));
#1686=DIRECTION('',(-0.989759154677865,-0.142747384324048,5.35659443235796E-26));
#1687=DIRECTION('',(0.142747384324048,-0.989759154677865,0.));
#1688=DIRECTION('',(5.84247141568992E-26,-2.98460906504408E-26,1.));
#1689=DIRECTION('',(0.142747384324048,-0.989759154677865,-3.78804165783968E-26));
#1690=DIRECTION('',(0.142747384324048,-0.989759154677865,-3.78804165783968E-26));
#1691=DIRECTION('',(-0.989759154684187,-0.142747384280216,9.462641353411E-12));
#1692=DIRECTION('',(0.142747384280216,-0.989759154684187,0.));
#1693=DIRECTION('',(-0.989759154677865,-0.142747384324048,5.35659443235796E-26));
#1694=DIRECTION('',(0.142747384324048,-0.989759154677865,0.));
#1695=DIRECTION('',(-5.84247149700918E-26,2.98460962888262E-26,-1.));
#1696=DIRECTION('',(-0.989759154677865,-0.142747384324048,5.35659443235796E-26));
#1697=DIRECTION('',(0.142747384324048,-0.989759154677865,0.));
#1698=DIRECTION('',(-0.989759154678391,-0.1427473843204,-6.46559518767096E-13));
#1699=DIRECTION('',(0.1427473843204,-0.989759154678391,0.));
#1700=DIRECTION('',(-0.142747384324048,0.989759154677865,1.65005309635372E-16));
#1701=DIRECTION('',(0.142747384324048,-0.989759154677865,-3.78804165783968E-26));
#1702=DIRECTION('',(5.84247141568992E-26,-2.98460906504408E-26,1.));
#1703=DIRECTION('',(0.142747384324048,-0.989759154677865,-3.44383110592467E-41));
#1704=DIRECTION('',(0.142231755423021,-0.986183968851346,0.0849194166836615));
#1705=DIRECTION('',(-0.989759154677865,-0.142747384324048,5.35659443235796E-26));
#1706=DIRECTION('',(0.142747384324048,-0.989759154677865,0.));
#1707=DIRECTION('',(-0.142747384324048,0.989759154677865,4.16129591965898E-41));
#1708=DIRECTION('',(-0.989759154677865,-0.142747384324048,5.35659443235796E-26));
#1709=DIRECTION('',(0.142747384324048,-0.989759154677865,0.));
#1710=DIRECTION('',(5.30173837732278E-26,7.64639844103858E-27,1.));
#1711=DIRECTION('',(-0.989759154677865,-0.142747384324048,5.35659443235796E-26));
#1712=DIRECTION('',(0.142747384324048,-0.989759154677865,0.));
#1713=DIRECTION('',(0.142747384324048,-0.989759154677865,-4.16129591965898E-41));
#1714=DIRECTION('',(-0.989759154677865,-0.142747384324048,5.35659443235796E-26));
#1715=DIRECTION('',(0.142747384324048,-0.989759154677865,0.));
#1716=DIRECTION('',(0.142231755423021,-0.986183968851346,-0.0849194166836615));
#1717=DIRECTION('',(0.142747384324048,-0.989759154677865,-3.44383110592467E-41));
#1718=DIRECTION('',(5.84247141568992E-26,-2.98460906504408E-26,1.));
#1719=DIRECTION('',(1.,0.,-5.84247141568992E-26));
#1720=DIRECTION('',(5.84247141568992E-26,-2.98460906504408E-26,1.));
#1721=DIRECTION('',(1.,0.,-5.84247141568992E-26));
#1722=DIRECTION('',(-5.3017265505339E-26,-7.64638138392754E-27,-1.));
#1723=DIRECTION('',(-1.,0.,5.3017265505339E-26));
#1724=DIRECTION('',(5.84247141568992E-26,-2.98460906504408E-26,1.));
#1725=DIRECTION('',(1.,0.,-5.84247141568992E-26));
#1726=DIRECTION('',(5.84247141568992E-26,-2.98460906504408E-26,1.));
#1727=DIRECTION('',(5.84247141568992E-26,-2.98460906504408E-26,1.));
#1728=DIRECTION('',(1.,0.,-5.84247141568992E-26));
#1729=DIRECTION('',(-5.3017265505339E-26,-7.64638138392754E-27,-1.));
#1730=DIRECTION('',(-1.,0.,5.3017265505339E-26));
#1731=DIRECTION('',(0.547663359483902,-0.836698777744301,-5.69692627997235E-26));
#1732=DIRECTION('',(0.836698777744301,0.547663359483902,0.));
#1733=DIRECTION('',(5.84247141568992E-26,-2.98460906504408E-26,1.));
#1734=DIRECTION('',(0.836698777744301,0.547663359483902,-3.25382766520562E-26));
#1735=DIRECTION('',(0.836698777744301,0.547663359483902,-4.85471241642791E-26));
#1736=DIRECTION('',(5.84247141568992E-26,-2.98460906504408E-26,1.));
#1737=DIRECTION('',(1.,0.,-5.84247141568992E-26));
#1738=DIRECTION('',(5.84247141568992E-26,-2.98460906504408E-26,1.));
#1739=DIRECTION('',(5.84247141568992E-26,-2.98460906504408E-26,1.));
#1740=DIRECTION('',(1.,0.,-5.84247141568992E-26));
#1741=DIRECTION('',(-5.3017265505339E-26,-7.64638138392754E-27,-1.));
#1742=DIRECTION('',(-1.,0.,5.3017265505339E-26));
#1743=DIRECTION('',(-0.0121220246099166,0.0840497700725582,-0.996387822421624));
#1744=DIRECTION('',(-0.142231755423021,0.986183968851346,0.0849194166836615));
#1745=DIRECTION('',(0.526854080669552,0.849955750425774,-5.41344268944342E-27));
#1746=DIRECTION('',(-0.849955750425774,0.526854080669552,0.));
#1747=DIRECTION('',(5.84247141568992E-26,-2.98460906504408E-26,1.));
#1748=DIRECTION('',(-0.849955750425774,0.526854080669552,6.53829564158567E-26));
#1749=DIRECTION('',(-0.848683178635847,0.526065263557447,0.054701012593815));
#1750=DIRECTION('',(5.84247141568992E-26,-2.98460906504408E-26,1.));
#1751=DIRECTION('',(1.,0.,-5.84247141568992E-26));
#1752=DIRECTION('',(5.84247141568992E-26,-2.98460906504408E-26,1.));
#1753=DIRECTION('',(5.84247141568992E-26,-2.98460906504408E-26,1.));
#1754=DIRECTION('',(1.,0.,-5.84247141568992E-26));
#1755=DIRECTION('',(-0.0121220246099166,0.0840497700725582,-0.996387822421624));
#1756=DIRECTION('',(-0.142231755423021,0.986183968851346,0.0849194166836615));
#1757=DIRECTION('',(-5.3017265505339E-26,-7.64638138392753E-27,-1.));
#1758=DIRECTION('',(-1.,0.,5.3017265505339E-26));
#1759=DIRECTION('',(0.989759154677866,0.142747384324045,-5.35659443235797E-26));
#1760=DIRECTION('',(-0.142747384324045,0.989759154677866,0.));
#1761=DIRECTION('',(5.84247141568992E-26,-2.98460906504408E-26,1.));
#1762=DIRECTION('',(-0.142747384324045,0.989759154677866,3.78804165783966E-26));
#1763=DIRECTION('',(-0.142747384324045,0.989759154677866,-1.1335944057002E-40));
#1764=DIRECTION('',(0.989759154677866,0.142747384324045,-5.35659443235797E-26));
#1765=DIRECTION('',(-0.142747384324045,0.989759154677866,0.));
#1766=DIRECTION('',(-5.30173837732279E-26,-7.6463984410386E-27,-1.));
#1767=DIRECTION('',(0.989759154677866,0.142747384324045,-5.35659443235797E-26));
#1768=DIRECTION('',(-0.142747384324045,0.989759154677866,0.));
#1769=DIRECTION('',(0.142747384324045,-0.989759154677866,1.1335944057002E-40));
#1770=DIRECTION('',(5.84247141568992E-26,-2.98460906504408E-26,1.));
#1771=DIRECTION('',(-0.142747384324045,0.989759154677866,3.78804165783966E-26));
#1772=DIRECTION('',(5.84247141568992E-26,-2.98460906504408E-26,1.));
#1773=DIRECTION('',(0.142747384324045,-0.989759154677866,-1.65005309635372E-16));
#1774=DIRECTION('',(-0.989759154678391,-0.1427473843204,-6.46559518767096E-13));
#1775=DIRECTION('',(0.1427473843204,-0.989759154678391,0.));
#1776=DIRECTION('',(0.989759154677866,0.142747384324045,-5.35659443235797E-26));
#1777=DIRECTION('',(-0.142747384324045,0.989759154677866,0.));
#1778=DIRECTION('',(5.84247149700918E-26,-2.98460962888262E-26,1.));
#1779=DIRECTION('',(0.989759154677866,0.142747384324045,-5.35659443235797E-26));
#1780=DIRECTION('',(-0.142747384324045,0.989759154677866,0.));
#1781=DIRECTION('',(-0.989759154684187,-0.142747384280216,9.462641353411E-12));
#1782=DIRECTION('',(0.142747384280216,-0.989759154684187,0.));
#1783=DIRECTION('',(-0.142747384324045,0.989759154677866,3.78804165783967E-26));
#1784=DIRECTION('',(5.84247141568992E-26,-2.98460906504408E-26,1.));
#1785=DIRECTION('',(1.,0.,-5.84247141568992E-26));
#1786=DIRECTION('',(5.84247141568992E-26,-2.98460906504408E-26,1.));
#1787=DIRECTION('',(1.,0.,-5.84247141568992E-26));
#1788=DIRECTION('',(5.84247141568992E-26,-2.98460906504408E-26,1.));
#1789=DIRECTION('',(2.35540764030462E-17,-1.63315515774419E-16,1.));
#1790=DIRECTION('',(0.,-1.,-1.63315515774419E-16));
#1791=DIRECTION('',(5.84247141568992E-26,-2.98460906504408E-26,1.));
#1792=DIRECTION('',(1.,0.,-5.84247141568992E-26));
#1793=DIRECTION('',(5.84247141568992E-26,-2.98460906504408E-26,1.));
#1794=DIRECTION('',(5.84247141568992E-26,-2.98460906504408E-26,1.));
#1795=DIRECTION('',(1.,0.,-5.84247141568992E-26));
#1796=DIRECTION('',(-5.84245958890105E-26,2.98461077075519E-26,-1.));
#1797=DIRECTION('',(-1.,0.,5.84245958890105E-26));
#1798=DIRECTION('',(0.987283271296328,-0.158970884813608,-6.24264023563041E-26));
#1799=DIRECTION('',(0.158970884813608,0.987283271296328,0.));
#1800=DIRECTION('',(0.158970884813608,0.987283271296328,2.01787175082696E-26));
#1801=DIRECTION('',(5.84247141568992E-26,-2.98460906504408E-26,1.));
#1802=DIRECTION('',(-0.158970884813608,-0.987283271296328,-1.57494264300455E-16));
#1803=DIRECTION('',(0.987283271296328,-0.158970884813608,-6.24264023563041E-26));
#1804=DIRECTION('',(0.158970884813608,0.987283271296328,0.));
#1805=DIRECTION('',(5.84247141568992E-26,-2.98460906504408E-26,1.));
#1806=DIRECTION('',(0.158970884813608,0.987283271296328,2.01787175082696E-26));
#1807=DIRECTION('',(0.158970884813608,0.987283271296328,2.01787531496209E-26));
#1808=DIRECTION('',(5.84247141568992E-26,-2.98460906504408E-26,1.));
#1809=DIRECTION('',(1.,0.,-5.84247141568992E-26));
#1810=DIRECTION('',(5.84247141568992E-26,-2.98460906504408E-26,1.));
#1811=DIRECTION('',(1.,0.,-5.84247141568992E-26));
#1812=DIRECTION('',(5.84247141568992E-26,-2.98460906504408E-26,1.));
#1813=DIRECTION('',(2.35540764030462E-17,-1.63315515774419E-16,1.));
#1814=DIRECTION('',(0.,-1.,-1.63315515774419E-16));
#1815=DIRECTION('',(5.84247141568992E-26,-2.98460906504408E-26,1.));
#1816=DIRECTION('',(1.,0.,-5.84247141568992E-26));
#1817=DIRECTION('',(5.84247141568992E-26,-2.98460906504408E-26,1.));
#1818=DIRECTION('',(5.84247141568992E-26,-2.98460906504408E-26,1.));
#1819=DIRECTION('',(1.,0.,-5.84247141568992E-26));
#1820=DIRECTION('',(-5.84245958890105E-26,2.98461077075519E-26,-1.));
#1821=DIRECTION('',(-1.,0.,5.84245958890105E-26));
#1822=DIRECTION('',(5.84247141568992E-26,-2.98460906504408E-26,1.));
#1823=DIRECTION('',(1.,0.,-5.84247141568992E-26));
#1824=DIRECTION('',(5.84247141568992E-26,-2.98460906504408E-26,1.));
#1825=DIRECTION('',(1.,0.,-5.84247141568992E-26));
#1826=DIRECTION('',(5.84247141568992E-26,-2.98460906504408E-26,1.));
#1827=DIRECTION('',(2.35540764030462E-17,-1.63315515774419E-16,1.));
#1828=DIRECTION('',(0.,-1.,-1.63315515774419E-16));
#1829=DIRECTION('',(5.84247141568992E-26,-2.98460906504408E-26,1.));
#1830=DIRECTION('',(1.,0.,-5.84247141568992E-26));
#1831=DIRECTION('',(5.84247141568992E-26,-2.98460906504408E-26,1.));
#1832=DIRECTION('',(1.,0.,-5.84247141568992E-26));
#1833=DIRECTION('',(-5.84245958890105E-26,2.98461077075519E-26,-1.));
#1834=DIRECTION('',(-1.,0.,5.84245958890105E-26));
#1835=DIRECTION('',(5.84247141568992E-26,-2.98460906504408E-26,1.));
#1836=DIRECTION('',(1.,0.,-5.84247141568992E-26));
#1837=DIRECTION('',(5.84247141568992E-26,-2.98460906504408E-26,1.));
#1838=DIRECTION('',(1.,0.,-5.84247141568992E-26));
#1839=DIRECTION('',(-5.3017265505339E-26,-7.64638138392754E-27,-1.));
#1840=DIRECTION('',(-1.,0.,5.3017265505339E-26));
#1841=DIRECTION('',(5.84247141568992E-26,-2.98460906504408E-26,1.));
#1842=DIRECTION('',(1.,0.,-5.84247141568992E-26));
#1843=DIRECTION('',(5.84247141568992E-26,-2.98460906504408E-26,1.));
#1844=DIRECTION('',(1.,0.,-5.84247141568992E-26));
#1845=DIRECTION('',(-5.3017265505339E-26,-7.64638138392754E-27,-1.));
#1846=DIRECTION('',(-1.,0.,5.3017265505339E-26));
#1847=DIRECTION('',(5.84247141568992E-26,-2.98460906504408E-26,1.));
#1848=DIRECTION('',(1.,0.,-5.84247141568992E-26));
#1849=DIRECTION('',(5.84247141568992E-26,-2.98460906504408E-26,1.));
#1850=DIRECTION('',(1.,0.,-5.84247141568992E-26));
#1851=DIRECTION('',(2.35540764030462E-17,-1.63315515774419E-16,1.));
#1852=DIRECTION('',(0.,-1.,-1.63315515774419E-16));
#1853=DIRECTION('',(5.84247141568992E-26,-2.98460906504408E-26,1.));
#1854=DIRECTION('',(1.,0.,-5.84247141568992E-26));
#1855=DIRECTION('',(5.84247141568992E-26,-2.98460906504408E-26,1.));
#1856=DIRECTION('',(1.,0.,-5.84247141568992E-26));
#1857=DIRECTION('',(-5.84245958890105E-26,2.98461077075519E-26,-1.));
#1858=DIRECTION('',(-1.,0.,5.84245958890105E-26));
#1859=DIRECTION('',(5.84247141568992E-26,-2.98460906504408E-26,1.));
#1860=DIRECTION('',(1.,0.,-5.84247141568992E-26));
#1861=DIRECTION('',(5.84247141568992E-26,-2.98460906504408E-26,1.));
#1862=DIRECTION('',(1.,0.,-5.84247141568992E-26));
#1863=DIRECTION('',(5.84247141568992E-26,-2.98460906504408E-26,1.));
#1864=DIRECTION('',(-5.3017265505339E-26,-7.64638138392754E-27,-1.));
#1865=DIRECTION('',(-1.,0.,5.3017265505339E-26));
#1866=DIRECTION('',(0.142747384324036,-0.989759154677867,-3.78804165783962E-26));
#1867=DIRECTION('',(0.989759154677867,0.142747384324036,0.));
#1868=DIRECTION('',(0.989759154677867,0.142747384324036,-5.35659443235801E-26));
#1869=DIRECTION('',(5.84247141568992E-26,-2.98460906504408E-26,1.));
#1870=DIRECTION('',(0.989759154677865,0.142747384324048,-5.3565824831996E-26));
#1871=DIRECTION('',(5.84247141568992E-26,-2.98460906504408E-26,1.));
#1872=DIRECTION('',(1.,0.,-5.84247141568992E-26));
#1873=DIRECTION('',(5.84247141568992E-26,-2.98460906504408E-26,1.));
#1874=DIRECTION('',(1.,0.,-5.84247141568992E-26));
#1875=DIRECTION('',(5.84247141568992E-26,-2.98460906504408E-26,1.));
#1876=DIRECTION('',(-5.3017265505339E-26,-7.64638138392754E-27,-1.));
#1877=DIRECTION('',(-1.,0.,5.3017265505339E-26));
#1878=DIRECTION('',(0.547663359483902,-0.836698777744301,-5.69692627997235E-26));
#1879=DIRECTION('',(0.836698777744301,0.547663359483902,0.));
#1880=DIRECTION('',(0.836698777744301,0.547663359483902,-3.25382766520562E-26));
#1881=DIRECTION('',(5.84247141568992E-26,-2.98460906504408E-26,1.));
#1882=DIRECTION('',(0.836698777744301,0.547663359483902,-4.85471241642791E-26));
#1883=DIRECTION('',(5.84247141568992E-26,-2.98460906504408E-26,1.));
#1884=DIRECTION('',(1.,0.,-5.84247141568992E-26));
#1885=DIRECTION('',(5.84247141568992E-26,-2.98460906504408E-26,1.));
#1886=DIRECTION('',(1.,0.,-5.84247141568992E-26));
#1887=DIRECTION('',(5.84247141568992E-26,-2.98460906504408E-26,1.));
#1888=DIRECTION('',(0.0121220246099166,-0.0840497700725582,-0.996387822421624));
#1889=DIRECTION('',(0.142231755423021,-0.986183968851346,0.0849194166836615));
#1890=DIRECTION('',(-5.3017265505339E-26,-7.64638138392754E-27,-1.));
#1891=DIRECTION('',(-1.,0.,5.3017265505339E-26));
#1892=DIRECTION('',(0.526854080669552,0.849955750425774,-5.41344268944342E-27));
#1893=DIRECTION('',(-0.849955750425774,0.526854080669552,0.));
#1894=DIRECTION('',(-0.849955750425774,0.526854080669552,6.53829564158567E-26));
#1895=DIRECTION('',(5.84247141568992E-26,-2.98460906504408E-26,1.));
#1896=DIRECTION('',(-0.848683178635847,0.526065263557447,-0.054701012593815));
#1897=DIRECTION('',(5.84247141568992E-26,-2.98460906504408E-26,1.));
#1898=DIRECTION('',(1.,0.,-5.84247141568992E-26));
#1899=DIRECTION('',(5.84247141568992E-26,-2.98460906504408E-26,1.));
#1900=DIRECTION('',(1.,0.,-5.84247141568992E-26));
#1901=DIRECTION('',(5.3017265505339E-26,7.64638138392753E-27,1.));
#1902=DIRECTION('',(1.,0.,-5.3017265505339E-26));
#1903=DIRECTION('',(0.0121220246099166,-0.0840497700725582,-0.996387822421624));
#1904=DIRECTION('',(0.142231755423021,-0.986183968851346,0.0849194166836615));
#1905=DIRECTION('',(5.84247141568992E-26,-2.98460906504408E-26,1.));
#1906=DIRECTION('',(1.,0.,-5.84247141568992E-26));
#1907=DIRECTION('',(-5.3017265505339E-26,-7.64638138392754E-27,-1.));
#1908=DIRECTION('',(-1.,0.,5.3017265505339E-26));
#1909=DIRECTION('',(5.84247141568992E-26,-2.98460906504408E-26,1.));
#1910=DIRECTION('',(1.,0.,-5.84247141568992E-26));
#1911=DIRECTION('',(5.84247141568992E-26,-2.98460906504408E-26,1.));
#1912=DIRECTION('',(1.,0.,-5.84247141568992E-26));
#1913=DIRECTION('',(-5.3017265505339E-26,-7.64638138392754E-27,-1.));
#1914=DIRECTION('',(-1.,0.,5.3017265505339E-26));
#1915=DIRECTION('',(5.84247141568992E-26,-2.98460906504408E-26,1.));
#1916=DIRECTION('',(1.,0.,-5.84247141568992E-26));
#1917=DIRECTION('',(0.142747384324036,-0.989759154677867,-3.78804165783962E-26));
#1918=DIRECTION('',(0.989759154677867,0.142747384324036,0.));
#1919=DIRECTION('',(0.989759154677867,0.142747384324036,-5.35659443235801E-26));
#1920=DIRECTION('',(0.989759154677865,0.142747384324048,-5.3565824831996E-26));
#1921=DIRECTION('',(5.84247141568992E-26,-2.98460906504408E-26,1.));
#1922=DIRECTION('',(1.,1.74374931495291E-51,-5.84247141568992E-26));
#1923=DIRECTION('',(0.989759154677867,0.142747384324036,-5.35659443235801E-26));
#1924=DIRECTION('',(5.84247141568992E-26,-2.98460906504408E-26,1.));
#1925=DIRECTION('',(1.,0.,-5.84247141568992E-26));
#1926=DIRECTION('',(5.84247141568992E-26,-2.98460906504408E-26,1.));
#1927=DIRECTION('',(1.,0.,-5.84247141568992E-26));
#1928=DIRECTION('',(0.158970884813608,0.987283271296328,2.01787175082696E-26));
#1929=DIRECTION('',(5.84247141568992E-26,-2.98460906504408E-26,1.));
#1930=DIRECTION('',(1.,0.,-5.84247141568992E-26));
#1931=DIRECTION('',(-0.142747384324045,0.989759154677866,3.78804165783966E-26));
#1932=DIRECTION('',(5.84247141568992E-26,-2.98460906504408E-26,1.));
#1933=DIRECTION('',(1.,0.,-5.84247141568992E-26));
#1934=DIRECTION('',(-0.849955750425774,0.526854080669552,6.53829564158567E-26));
#1935=DIRECTION('',(5.84247141568992E-26,-2.98460906504408E-26,1.));
#1936=DIRECTION('',(1.,0.,-5.84247141568992E-26));
#1937=DIRECTION('',(0.836698777744301,0.547663359483902,-3.25382766520562E-26));
#1938=DIRECTION('',(5.84247141568992E-26,-2.98460906504408E-26,1.));
#1939=DIRECTION('',(1.,0.,-5.84247141568992E-26));
#1940=DIRECTION('',(0.989759154677867,0.142747384324036,-5.35659443235801E-26));
#1941=DIRECTION('',(5.84247141568992E-26,-2.98460906504408E-26,1.));
#1942=DIRECTION('',(1.,0.,-5.84247141568992E-26));
#1943=DIRECTION('',(0.142747384324048,-0.989759154677865,-3.78804165783968E-26));
#1944=DIRECTION('',(5.84247141568992E-26,-2.98460906504408E-26,1.));
#1945=DIRECTION('',(1.,0.,-5.84247141568992E-26));
#1946=DIRECTION('',(5.84247141568992E-26,-2.98460906504408E-26,1.));
#1947=DIRECTION('',(1.,1.74374931495291E-51,-5.84247141568992E-26));
#1948=DIRECTION('',(5.84247141568992E-26,-2.98460906504408E-26,1.));
#1949=DIRECTION('',(1.,0.,-5.84247141568992E-26));
#1950=DIRECTION('',(5.84247141568992E-26,-2.98460906504408E-26,1.));
#1951=DIRECTION('',(1.,0.,-5.84247141568992E-26));
#1952=DIRECTION('',(0.989759154677867,0.142747384324036,-5.35659443235801E-26));
#1953=DIRECTION('',(5.84247141568992E-26,-2.98460906504408E-26,1.));
#1954=DIRECTION('',(1.,0.,-5.84247141568992E-26));
#1955=DIRECTION('',(0.142747384324048,-0.989759154677865,-3.78804165783968E-26));
#1956=DIRECTION('',(5.84247141568992E-26,-2.98460906504408E-26,1.));
#1957=DIRECTION('',(1.,0.,-5.84247141568992E-26));
#1958=DIRECTION('',(0.989759154677867,0.142747384324036,-5.35659443235801E-26));
#1959=DIRECTION('',(5.84247141568992E-26,-2.98460906504408E-26,1.));
#1960=DIRECTION('',(1.,0.,-5.84247141568992E-26));
#1961=DIRECTION('',(0.836698777744301,0.547663359483902,-3.25382766520562E-26));
#1962=DIRECTION('',(5.84247141568992E-26,-2.98460906504408E-26,1.));
#1963=DIRECTION('',(1.,0.,-5.84247141568992E-26));
#1964=DIRECTION('',(-0.849955750425774,0.526854080669552,6.53829564158567E-26));
#1965=DIRECTION('',(5.84247141568992E-26,-2.98460906504408E-26,1.));
#1966=DIRECTION('',(1.,0.,-5.84247141568992E-26));
#1967=DIRECTION('',(-0.142747384324045,0.989759154677866,3.78804165783966E-26));
#1968=DIRECTION('',(5.84247141568992E-26,-2.98460906504408E-26,1.));
#1969=DIRECTION('',(1.,0.,-5.84247141568992E-26));
#1970=DIRECTION('',(0.158970884813608,0.987283271296328,2.01787175082696E-26));
#1971=DIRECTION('',(2.35540764030462E-17,-1.63315515774419E-16,1.));
#1972=DIRECTION('',(0.,-1.,-1.63315515774419E-16));
#1973=DIRECTION('',(-5.84245958890105E-26,2.98461077075519E-26,-1.));
#1974=DIRECTION('',(-1.,0.,5.84245958890105E-26));
#1975=DIRECTION('',(0.989759154677865,0.142747384324048,-5.3565824831996E-26));
#1976=DIRECTION('',(-0.142747384324048,0.989759154677865,0.));
#1977=DIRECTION('',(0.989759154677865,0.142747384324048,-5.3565824831996E-26));
#1978=DIRECTION('',(-0.142747384324048,0.989759154677865,3.78804222751214E-26));
#1979=DIRECTION('',(-0.989759154677865,-0.142747384324048,0.));
#1980=DIRECTION('',(0.989759154677865,0.142747384324048,-5.3565824831996E-26));
#1981=DIRECTION('',(0.989759154677865,0.142747384324048,-5.3565824831996E-26));
#1982=DIRECTION('',(-0.142747384324048,0.989759154677865,0.));
#1983=DIRECTION('',(5.3017265505339E-26,7.64638138392753E-27,1.));
#1984=DIRECTION('',(1.,0.,-5.3017265505339E-26));
#1985=DIRECTION('',(-0.989759154674425,-0.142747384347901,2.10923210926938E-13));
#1986=DIRECTION('',(0.989759154677865,0.142747384324048,-5.3565824831996E-26));
#1987=DIRECTION('',(-5.3017265505339E-26,-7.64638138392753E-27,-1.));
#1988=DIRECTION('',(-1.,0.,5.3017265505339E-26));
#1989=DIRECTION('',(0.989759154673326,0.142747384355519,6.3873557288459E-13));
#1990=DIRECTION('',(0.989759154677865,0.142747384324048,-5.3565824831996E-26));
#1991=DIRECTION('',(-5.3017265505339E-26,-7.64638138392754E-27,-1.));
#1992=DIRECTION('',(-1.,0.,5.3017265505339E-26));
#1993=DIRECTION('',(0.989759154677865,0.142747384324048,-5.3565824831996E-26));
#1994=DIRECTION('',(-5.3017265505339E-26,-7.64638138392754E-27,-1.));
#1995=DIRECTION('',(-1.,0.,5.3017265505339E-26));
#1996=DIRECTION('',(0.989759154677865,0.142747384324048,-5.3565824831996E-26));
#1997=DIRECTION('',(0.0121220246099166,-0.0840497700725582,-0.996387822421624));
#1998=DIRECTION('',(0.,0.996461036837858,-0.0840559460360856));
#1999=DIRECTION('',(-0.989759154674425,-0.142747384347901,2.10923210926938E-13));
#2000=DIRECTION('',(0.989759154677865,0.142747384324048,-5.3565824831996E-26));
#2001=DIRECTION('',(-0.142747384324048,0.989759154677865,0.));
#2002=DIRECTION('',(0.989759154677865,0.142747384324048,-5.3565824831996E-26));
#2003=DIRECTION('',(0.142747384324048,-0.989759154677865,1.24794345927226E-42));
#2004=DIRECTION('',(0.989759154677865,0.142747384324048,0.));
#2005=DIRECTION('',(0.989759154677865,0.142747384324048,-5.3565824831996E-26));
#2006=DIRECTION('',(0.989759154677865,0.142747384324048,-5.3565824831996E-26));
#2007=DIRECTION('',(-0.142747384324048,0.989759154677865,0.));
#2008=DIRECTION('',(-0.0121220246099166,0.0840497700725582,-0.996387822421624));
#2009=DIRECTION('',(0.,0.996461036837858,0.0840559460360856));
#2010=DIRECTION('',(0.989759154673326,0.142747384355519,6.3873557288459E-13));
#2011=DIRECTION('',(5.84247141568992E-26,-2.98460906504408E-26,1.));
#2012=DIRECTION('',(1.,0.,-5.84247141568992E-26));
#2013=DIRECTION('',(-0.849955750425774,0.526854080669552,0.));
#2014=DIRECTION('',(-0.526854080669552,-0.849955750425774,0.));
#2015=DIRECTION('',(-0.836698777744303,-0.547663359483898,-2.90288202414829E-15));
#2016=DIRECTION('',(0.547663359483898,-0.836698777744303,0.));
#2017=DIRECTION('',(0.836698777744301,0.547663359483902,-3.25382766520562E-26));
#2018=DIRECTION('',(-0.547663359483902,0.836698777744301,0.));
#2019=DIRECTION('',(-0.836698777744301,-0.547663359483902,1.06087350457029E-14));
#2020=DIRECTION('',(0.547663359483902,-0.836698777744301,0.));
#2021=DIRECTION('',(-0.849955750425774,0.526854080669552,6.53829564158567E-26));
#2022=DIRECTION('',(-0.526854080669552,-0.849955750425774,0.));
#2023=DIRECTION('',(-0.84995575042577,0.526854080669559,0.));
#2024=DIRECTION('',(-0.526854080669559,-0.84995575042577,0.));
#2025=DIRECTION('',(5.84247141568992E-26,-2.98460906504408E-26,1.));
#2026=DIRECTION('',(1.,0.,-5.84247141568992E-26));
#2027=DIRECTION('',(-0.989759154677865,-0.142747384324047,1.07970051245383E-14));
#2028=DIRECTION('',(0.142747384324047,-0.989759154677866,0.));
#2029=DIRECTION('',(5.84247141568992E-26,-2.98460906504408E-26,1.));
#2030=DIRECTION('',(1.,0.,-5.84247141568992E-26));
#2031=DIRECTION('',(-0.142747384324044,0.989759154677866,0.));
#2032=DIRECTION('',(-0.989759154677866,-0.142747384324044,0.));
#2033=DIRECTION('',(0.989759154677867,0.142747384324036,-5.35659443235801E-26));
#2034=DIRECTION('',(-0.142747384324036,0.989759154677867,0.));
#2035=DIRECTION('',(-0.989759154677867,-0.142747384324036,0.));
#2036=DIRECTION('',(0.142747384324036,-0.989759154677867,0.));
#2037=DIRECTION('',(-0.142747384324045,0.989759154677866,3.78804165783966E-26));
#2038=DIRECTION('',(-0.989759154677866,-0.142747384324045,0.));
#2039=DIRECTION('',(-0.142747384324043,0.989759154677866,0.));
#2040=DIRECTION('',(-0.989759154677866,-0.142747384324043,0.));
#2041=DIRECTION('',(5.84247141568992E-26,-2.98460906504408E-26,1.));
#2042=DIRECTION('',(1.,0.,-5.84247141568992E-26));
#2043=DIRECTION('',(-0.142747384324047,0.989759154677866,3.43391688236531E-15));
#2044=DIRECTION('',(-0.989759154677866,-0.142747384324047,0.));
#2045=DIRECTION('',(5.84247141568992E-26,-2.98460906504408E-26,1.));
#2046=DIRECTION('',(1.,0.,-5.84247141568992E-26));
#2047=DIRECTION('',(0.158970884813605,0.987283271296328,0.));
#2048=DIRECTION('',(-0.987283271296328,0.158970884813605,0.));
#2049=DIRECTION('',(0.142747384324048,-0.989759154677865,-3.78804165783968E-26));
#2050=DIRECTION('',(0.989759154677865,0.142747384324048,0.));
#2051=DIRECTION('',(-0.14274738432405,0.989759154677865,9.90508954884853E-16));
#2052=DIRECTION('',(-0.989759154677865,-0.14274738432405,0.));
#2053=DIRECTION('',(0.158970884813608,0.987283271296328,2.01787175082696E-26));
#2054=DIRECTION('',(-0.987283271296328,0.158970884813608,0.));
#2055=DIRECTION('',(0.158970884813584,0.987283271296332,0.));
#2056=DIRECTION('',(-0.987283271296332,0.158970884813584,0.));
#2057=DIRECTION('',(5.84247141568992E-26,-2.98460906504408E-26,1.));
#2058=DIRECTION('',(1.,0.,-5.84247141568992E-26));
#2059=DIRECTION('',(0.989759154677867,0.142747384324036,0.));
#2060=DIRECTION('',(-0.142747384324036,0.989759154677867,0.));
#2061=DIRECTION('',(5.84247141568992E-26,-2.98460906504408E-26,1.));
#2062=DIRECTION('',(1.,0.,-5.84247141568992E-26));
#2063=DIRECTION('',(-0.989759154677867,-0.142747384324036,5.35659443235801E-26));
#2064=DIRECTION('',(0.142747384324036,-0.989759154677867,0.));
#2065=DIRECTION('',(0.989759154677867,0.142747384324036,2.94392071847995E-13));
#2066=DIRECTION('',(-0.142747384324036,0.989759154677867,0.));
#2067=DIRECTION('',(5.84247141568992E-26,-2.98460906504408E-26,1.));
#2068=DIRECTION('',(1.,0.,-5.84247141568992E-26));
#2069=DIRECTION('',(5.84247141568992E-26,-2.98460906504408E-26,1.));
#2070=DIRECTION('',(1.,0.,-5.84247141568992E-26));
#2071=DIRECTION('',(-0.849955750425774,0.526854080669552,2.94887638761015E-15));
#2072=DIRECTION('',(-0.526854080669552,-0.849955750425774,0.));
#2073=DIRECTION('',(-0.836698777744302,-0.5476633594839,0.));
#2074=DIRECTION('',(0.5476633594839,-0.836698777744302,0.));
#2075=DIRECTION('',(-0.836698777744301,-0.547663359483902,3.25382766520562E-26));
#2076=DIRECTION('',(0.547663359483902,-0.836698777744301,0.));
#2077=DIRECTION('',(-0.836698777744306,-0.547663359483894,0.));
#2078=DIRECTION('',(0.547663359483894,-0.836698777744306,0.));
#2079=DIRECTION('',(0.849955750425774,-0.526854080669552,-6.53829564158567E-26));
#2080=DIRECTION('',(0.526854080669552,0.849955750425774,0.));
#2081=DIRECTION('',(-0.849955750425775,0.52685408066955,9.5535373438269E-15));
#2082=DIRECTION('',(-0.52685408066955,-0.849955750425775,0.));
#2083=DIRECTION('',(5.84247141568992E-26,-2.98460906504408E-26,1.));
#2084=DIRECTION('',(1.,0.,-5.84247141568992E-26));
#2085=DIRECTION('',(-0.989759154677867,-0.142747384324036,0.));
#2086=DIRECTION('',(0.142747384324036,-0.989759154677867,0.));
#2087=DIRECTION('',(5.84247141568992E-26,-2.98460906504408E-26,1.));
#2088=DIRECTION('',(1.,0.,-5.84247141568992E-26));
#2089=DIRECTION('',(-0.14274738432405,0.989759154677865,6.86783376473061E-15));
#2090=DIRECTION('',(-0.989759154677865,-0.14274738432405,0.));
#2091=DIRECTION('',(-0.989759154677867,-0.142747384324036,5.35659443235801E-26));
#2092=DIRECTION('',(0.142747384324036,-0.989759154677867,0.));
#2093=DIRECTION('',(-0.989759154677867,-0.142747384324036,0.));
#2094=DIRECTION('',(0.142747384324036,-0.989759154677867,0.));
#2095=DIRECTION('',(0.142747384324045,-0.989759154677866,-3.78804165783966E-26));
#2096=DIRECTION('',(0.989759154677866,0.142747384324045,0.));
#2097=DIRECTION('',(-0.142747384324043,0.989759154677866,0.));
#2098=DIRECTION('',(-0.989759154677866,-0.142747384324043,0.));
#2099=DIRECTION('',(5.84247141568992E-26,-2.98460906504408E-26,1.));
#2100=DIRECTION('',(1.,0.,-5.84247141568992E-26));
#2101=DIRECTION('',(-0.142747384324047,0.989759154677866,0.));
#2102=DIRECTION('',(-0.989759154677866,-0.142747384324047,0.));
#2103=DIRECTION('',(5.84247141568992E-26,-2.98460906504408E-26,1.));
#2104=DIRECTION('',(1.,0.,-5.84247141568992E-26));
#2105=DIRECTION('',(0.158970884813605,0.987283271296328,0.));
#2106=DIRECTION('',(-0.987283271296328,0.158970884813605,0.));
#2107=DIRECTION('',(-0.142747384324048,0.989759154677865,3.78804165783968E-26));
#2108=DIRECTION('',(-0.989759154677865,-0.142747384324048,0.));
#2109=DIRECTION('',(-0.14274738432405,0.989759154677865,0.));
#2110=DIRECTION('',(-0.989759154677865,-0.14274738432405,0.));
#2111=DIRECTION('',(-0.158970884813608,-0.987283271296328,-2.01787175082696E-26));
#2112=DIRECTION('',(0.987283271296328,-0.158970884813608,0.));
#2113=DIRECTION('',(0.158970884813605,0.987283271296328,-2.05519616178831E-14));
#2114=DIRECTION('',(-0.987283271296328,0.158970884813605,0.));
#2115=DIRECTION('',(5.84247141568992E-26,-2.98460906504408E-26,1.));
#2116=DIRECTION('',(1.,0.,-5.84247141568992E-26));
#2117=DIRECTION('',(0.989759154677867,0.142747384324036,0.));
#2118=DIRECTION('',(-0.142747384324036,0.989759154677867,0.));
#2119=DIRECTION('',(5.84247141568992E-26,-2.98460906504408E-26,1.));
#2120=DIRECTION('',(1.,0.,-5.84247141568992E-26));
#2121=DIRECTION('',(0.989759154677867,0.142747384324036,-5.35659443235801E-26));
#2122=DIRECTION('',(-0.142747384324036,0.989759154677867,0.));
#2123=DIRECTION('',(0.989759154677909,0.142747384323745,0.));
#2124=DIRECTION('',(-0.142747384323745,0.989759154677909,0.));
#2125=DIRECTION('',(5.84247141568992E-26,-2.98460906504408E-26,1.));
#2126=DIRECTION('',(1.,0.,-5.84247141568992E-26));
#2127=DIRECTION('',(-0.989759154678391,-0.1427473843204,-6.46559518767096E-13));
#2128=DIRECTION('',(0.1427473843204,-0.989759154678391,0.));
#2129=DIRECTION('',(-0.989759154684187,-0.142747384280216,9.462641353411E-12));
#2130=DIRECTION('',(0.142747384280216,-0.989759154684187,0.));
#2131=DIRECTION('',(-0.989759154674425,-0.142747384347901,2.10923210926938E-13));
#2132=DIRECTION('',(0.142747384347901,-0.989759154674425,0.));
#2133=DIRECTION('',(0.989759154673326,0.142747384355519,6.3873557288459E-13));
#2134=DIRECTION('',(-0.142747384355519,0.989759154673326,0.));
#2135=CARTESIAN_POINT('',(0.,0.,0.));
#2136=CARTESIAN_POINT('',(-0.0624067122236354,0.0442552976542879,-0.0136000000000099));
#2137=CARTESIAN_POINT('',(-0.0611695132802881,0.0444337318846929,-0.0136000000000099));
#2138=CARTESIAN_POINT('',(-0.0611695132802881,0.0444337318846929,0.00549999999999011));
#2139=CARTESIAN_POINT('',(-0.0611695132802881,0.0444337318846929,0.0115999999999901));
#2140=CARTESIAN_POINT('',(-0.0624067122236354,0.0442552976542879,0.0115999999999901));
#2141=CARTESIAN_POINT('',(-0.0636439111669828,0.0440768634238828,0.0115999999999901));
#2142=CARTESIAN_POINT('',(-0.0636439111669828,0.0440768634238828,-0.0136000000000099));
#2143=CARTESIAN_POINT('',(-0.0636439111669827,0.0440768634238828,0.00549999999999011));
#2144=CARTESIAN_POINT('',(-0.13625731000794,0.0336042421781626,0.00549999999999011));
#2145=CARTESIAN_POINT('',(-0.0709030365386026,0.103165762540714,-0.0136000000000099));
#2146=CARTESIAN_POINT('',(-0.0721402354819499,0.102987328310309,-0.0136000000000099));
#2147=CARTESIAN_POINT('',(-0.0721402354819499,0.102987328310309,0.00909999999999012));
#2148=CARTESIAN_POINT('',(-0.0721402354819499,0.102987328310309,0.0115999999999901));
#2149=CARTESIAN_POINT('',(-0.0696658375952552,0.103344196771119,0.0115999999999901));
#2150=CARTESIAN_POINT('',(-0.0696658375952552,0.103344196771119,0.0115999999999901));
#2151=CARTESIAN_POINT('',(-0.0696658375952552,0.103344196771119,-0.0136000000000099));
#2152=CARTESIAN_POINT('',(-0.0696658375952552,0.103344196771119,0.00909999999999012));
#2153=CARTESIAN_POINT('',(-0.144753634322907,0.0925147070645887,0.00909999999999012));
#2154=CARTESIAN_POINT('',(-0.0712837511760057,0.0970487733822422,-0.0136000000000099));
#2155=CARTESIAN_POINT('',(-0.0721402354819499,0.102987328310309,-0.0136000000000099));
#2156=CARTESIAN_POINT('',(-0.0721402354819499,0.102987328310309,-0.0116000000000099));
#2157=CARTESIAN_POINT('',(-0.0721402354819499,0.102987328310309,-0.00910000000000988));
#2158=CARTESIAN_POINT('',(-0.0712837511760057,0.0970487733822422,-0.0116000000000099));
#2159=CARTESIAN_POINT('',(-0.0772223061040729,0.0961922890762979,-0.0116000000000099));
#2160=CARTESIAN_POINT('',(-0.0772223061040729,0.0961922890762979,-0.0136000000000099));
#2161=CARTESIAN_POINT('',(-0.0772223061040729,0.0961922890762979,-0.00910000000000988));
#2162=CARTESIAN_POINT('',(-0.0712837511760057,0.0970487733822422,-0.00910000000000988));
#2163=CARTESIAN_POINT('',(-0.0712837511760057,0.0970487733822422,-0.0136000000000099));
#2164=CARTESIAN_POINT('',(-0.0772223061040729,0.0961922890762979,-0.0136000000000099));
#2165=CARTESIAN_POINT('',(-0.0772223061040729,0.0961922890762979,0.00909999999999012));
#2166=CARTESIAN_POINT('',(-0.0772223061040729,0.0961922890762979,0.0115999999999901));
#2167=CARTESIAN_POINT('',(-0.0712837511760057,0.0970487733822422,0.0115999999999901));
#2168=CARTESIAN_POINT('',(-0.0712837511760057,0.0970487733822422,0.00909999999999012));
#2169=CARTESIAN_POINT('',(-0.0738306282525335,0.0726756115611518,-0.0136000000000099));
#2170=CARTESIAN_POINT('',(-0.0704389504009942,0.0491589340460057,-0.0136000000000099));
#2171=CARTESIAN_POINT('',(-0.0704389504009942,0.0491589340460057,0.00549999999999011));
#2172=CARTESIAN_POINT('',(-0.0704389504009942,0.0491589340460057,0.0115999999999901));
#2173=CARTESIAN_POINT('',(-0.0738306282525335,0.0726756115611518,0.0115999999999901));
#2174=CARTESIAN_POINT('',(-0.0738306282525335,0.0726756115611518,0.00909999999999012));
#2175=CARTESIAN_POINT('',(-0.0748820403292949,0.0799657257250203,0.00909994938047989));
#2176=CARTESIAN_POINT('',(-0.0748812943365104,0.0799605532787111,0.00762373282829429));
#2177=CARTESIAN_POINT('',(-0.074809678870978,0.0794639973314852,0.00901189387828165));
#2178=CARTESIAN_POINT('',(-0.0749640424840665,0.0805342992492941,0.00599999999999012));
#2179=CARTESIAN_POINT('',(-0.0745072508542295,0.0773670699543249,0.00599999999999012));
#2180=CARTESIAN_POINT('',(-0.0745072508542295,0.0773670699543249,-0.0136000000000099));
#2181=CARTESIAN_POINT('',(-0.0745072508542295,0.0773670699543249,-0.00600000000000988));
#2182=CARTESIAN_POINT('',(-0.0749640424840665,0.0805342992492941,-0.00600000000000988));
#2183=CARTESIAN_POINT('',(-0.0748096780719331,0.07946399179119,-0.00901191042030355));
#2184=CARTESIAN_POINT('',(-0.0748821554684113,0.0799665240583252,-0.00759680990700027));
#2185=CARTESIAN_POINT('',(-0.0748820403397802,0.0799657257977171,-0.00910019714218264));
#2186=CARTESIAN_POINT('',(-0.0738306282525335,0.0726756115611518,-0.00910000000000988));
#2187=CARTESIAN_POINT('',(-0.0704389504009941,0.0491589340460057,-0.0116000000000099));
#2188=CARTESIAN_POINT('',(-0.0704389504009942,0.0491589340460057,-0.0116000000000099));
#2189=CARTESIAN_POINT('',(-0.0704389504009942,0.0491589340460057,-0.0136000000000099));
#2190=CARTESIAN_POINT('',(-0.0704389504009942,0.0491589340460057,-0.00550000000000988));
#2191=CARTESIAN_POINT('',(-0.0738306282525335,0.0726756115611518,-0.00550000000000988));
#2192=CARTESIAN_POINT('',(-0.0715666547371541,0.0569780313679608,-0.00550000000000988));
#2193=CARTESIAN_POINT('',(-0.0739121357691331,0.0732407554418019,-0.00690036857794009));
#2194=CARTESIAN_POINT('',(-0.0728148326567661,0.0656324492996986,-0.00624522416277846));
#2195=CARTESIAN_POINT('',(-0.0728320236545586,0.0657516455114106,-0.00473783652496717));
#2196=CARTESIAN_POINT('',(-0.0728307280094001,0.0657426619726731,-0.00625000000000989));
#2197=CARTESIAN_POINT('',(-0.0738306282525335,0.0726756115611518,-0.00625000000000989));
#2198=CARTESIAN_POINT('',(-0.0734794696870964,0.0702408040406443,-0.00625000000000989));
#2199=CARTESIAN_POINT('',(-0.0734794696870964,0.0702408040406443,-0.00305000000000989));
#2200=CARTESIAN_POINT('',(-0.0739362613169333,0.0734080333356135,-0.00305000000000989));
#2201=CARTESIAN_POINT('',(-0.0739362613169333,0.0734080333356135,-0.0136000000000099));
#2202=CARTESIAN_POINT('',(-0.0739362613169333,0.0734080333356135,0.00304999999999011));
#2203=CARTESIAN_POINT('',(-0.0734794696870964,0.0702408040406443,0.00304999999999011));
#2204=CARTESIAN_POINT('',(-0.0734794696870964,0.0702408040406443,0.00624999999999011));
#2205=CARTESIAN_POINT('',(-0.0738306282525335,0.0726756115611518,0.00624999999999011));
#2206=CARTESIAN_POINT('',(-0.0728307280093191,0.0657426619721121,0.00624999999998199));
#2207=CARTESIAN_POINT('',(-0.0728320236545346,0.0657516455112444,0.00473783652722887));
#2208=CARTESIAN_POINT('',(-0.0728148326574087,0.0656324493041533,0.0062452241631187));
#2209=CARTESIAN_POINT('',(-0.073583607703573,0.0709628596891303,0.00670422101854721));
#2210=CARTESIAN_POINT('',(-0.0715666547371541,0.0569780313679608,0.00549999999999011));
#2211=CARTESIAN_POINT('',(-0.0738306282525335,0.0726756115611518,0.00549999999999011));
#2212=CARTESIAN_POINT('',(-0.064500395472927,0.05001541835195,-0.0136000000000099));
#2213=CARTESIAN_POINT('',(-0.064500395472927,0.05001541835195,0.0115999999999901));
#2214=CARTESIAN_POINT('',(-0.064500395472927,0.05001541835195,0.00549999999999011));
#2215=CARTESIAN_POINT('',(-0.0620259975862324,0.0503722868127604,-0.0136000000000099));
#2216=CARTESIAN_POINT('',(-0.0587400174293289,0.0453520941462943,-0.0136000000000099));
#2217=CARTESIAN_POINT('',(-0.0587400174293289,0.0453520941462943,0.00549999999999011));
#2218=CARTESIAN_POINT('',(-0.0587400174293289,0.0453520941462943,0.0115999999999901));
#2219=CARTESIAN_POINT('',(-0.0620259975862324,0.0503722868127604,0.0115999999999901));
#2220=CARTESIAN_POINT('',(-0.0620259975862324,0.0503722868127604,0.00549999999999011));
#2221=CARTESIAN_POINT('',(-0.0545565235406074,0.0480904109437138,-0.0136000000000099));
#2222=CARTESIAN_POINT('',(-0.0503730296518859,0.0508287277411333,-0.0136000000000099));
#2223=CARTESIAN_POINT('',(-0.0503730296518859,0.0508287277411333,0.00549999999999011));
#2224=CARTESIAN_POINT('',(-0.0503730296518859,0.0508287277411333,0.0115999999999901));
#2225=CARTESIAN_POINT('',(-0.0545565235406074,0.0480904109437138,0.0115999999999901));
#2226=CARTESIAN_POINT('',(-0.0545565235406074,0.0480904109437138,0.00549999999999011));
#2227=CARTESIAN_POINT('',(-0.0536590098087893,0.0558489204075991,-0.0136000000000099));
#2228=CARTESIAN_POINT('',(-0.050497885324772,0.0609486549101538,-0.0136000000000099));
#2229=CARTESIAN_POINT('',(-0.050497885324772,0.0609486549101538,0.00557861783602313));
#2230=CARTESIAN_POINT('',(-0.050497885324772,0.0609486549101538,0.0115999999999901));
#2231=CARTESIAN_POINT('',(-0.0536590098087893,0.0558489204075991,0.0115999999999901));
#2232=CARTESIAN_POINT('',(-0.0536590098087893,0.0558489204075991,0.00549999999999011));
#2233=CARTESIAN_POINT('',(-0.0494882778875247,0.0601622712211713,0.00549999999999011));
#2234=CARTESIAN_POINT('',(-0.0536590098087893,0.0558489204075991,0.00518689056397365));
#2235=CARTESIAN_POINT('',(-0.0544554115425075,0.0634017694824432,-0.0136000000000099));
#2236=CARTESIAN_POINT('',(-0.0584129377602429,0.0658548840547326,-0.0136000000000099));
#2237=CARTESIAN_POINT('',(-0.0584129377602429,0.0658548840547326,0.00608877450443894));
#2238=CARTESIAN_POINT('',(-0.0584129377602429,0.0658548840547326,0.0115999999999901));
#2239=CARTESIAN_POINT('',(-0.0544554115425075,0.0634017694824432,0.0115999999999901));
#2240=CARTESIAN_POINT('',(-0.0535532249499453,0.0628425395606754,0.0057755466494157));
#2241=CARTESIAN_POINT('',(-0.0550410716439577,0.0712946008574576,-0.0136000000000099));
#2242=CARTESIAN_POINT('',(-0.0613755302338961,0.0703810175977837,-0.0136000000000099));
#2243=CARTESIAN_POINT('',(-0.0613755302338962,0.0703810175977837,0.00624999999999011));
#2244=CARTESIAN_POINT('',(-0.0613755302338961,0.0703810175977837,0.0115999999999901));
#2245=CARTESIAN_POINT('',(-0.0550410716439577,0.0712946008574576,0.0115999999999901));
#2246=CARTESIAN_POINT('',(-0.0550410716439577,0.0712946008574576,0.00650661692795838));
#2247=CARTESIAN_POINT('',(-0.0601578294340749,0.0674502817087297,0.00624458173362332));
#2248=CARTESIAN_POINT('',(-0.0601578284892347,0.0674502804510777,0.00624460285158103));
#2249=CARTESIAN_POINT('',(-0.0601866937870707,0.0674886999100928,0.00624818232395671));
#2250=CARTESIAN_POINT('',(-0.0602151623074845,0.0675274921582759,0.00625001048610561));
#2251=CARTESIAN_POINT('',(-0.0602432317371303,0.0675666616995576,0.00625002712533828));
#2252=CARTESIAN_POINT('',(-0.0602432317425816,0.0675666617071648,0.00624999999999011));
#2253=CARTESIAN_POINT('',(-0.0550410716439577,0.0712946008574576,0.00624999999999011));
#2254=CARTESIAN_POINT('',(-0.0625055412349564,0.0782161085066802,-0.0136000000000099));
#2255=CARTESIAN_POINT('',(-0.0636355522360167,0.0860511994155767,-0.0136000000000099));
#2256=CARTESIAN_POINT('',(-0.0636355522360166,0.0860511994155767,0.00909999999999012));
#2257=CARTESIAN_POINT('',(-0.0636355522360167,0.0860511994155767,0.0115999999999901));
#2258=CARTESIAN_POINT('',(-0.0625055412349564,0.0782161085066802,0.0115999999999901));
#2259=CARTESIAN_POINT('',(-0.0625055412349564,0.0782161085066802,0.00624999999999011));
#2260=CARTESIAN_POINT('',(-0.0616023598309621,0.0719537726525329,0.00624999999999011));
#2261=CARTESIAN_POINT('',(-0.0616023598309621,0.0719537726525329,0.00304999999999011));
#2262=CARTESIAN_POINT('',(-0.062059151460799,0.0751210019475021,0.00304999999999011));
#2263=CARTESIAN_POINT('',(-0.062059151460799,0.075121001947502,-0.0136000000000099));
#2264=CARTESIAN_POINT('',(-0.062059151460799,0.0751210019475021,-0.00305000000000989));
#2265=CARTESIAN_POINT('',(-0.0616023598309621,0.0719537726525329,-0.00305000000000989));
#2266=CARTESIAN_POINT('',(-0.0616023598309621,0.0719537726525329,-0.00625000000000989));
#2267=CARTESIAN_POINT('',(-0.0625055412349564,0.0782161085066802,-0.00625000000000989));
#2268=CARTESIAN_POINT('',(-0.0613755302338962,0.0703810175977837,-0.00625000000000989));
#2269=CARTESIAN_POINT('',(-0.0613755302338961,0.0703810175977837,-0.0136000000000099));
#2270=CARTESIAN_POINT('',(-0.0613755302338961,0.0703810175977837,-0.0116000000000099));
#2271=CARTESIAN_POINT('',(-0.0636355522360167,0.0860511994155767,-0.0116000000000099));
#2272=CARTESIAN_POINT('',(-0.0636355522360167,0.0860511994155767,-0.0116000000000099));
#2273=CARTESIAN_POINT('',(-0.0636355522360167,0.0860511994155767,-0.0136000000000099));
#2274=CARTESIAN_POINT('',(-0.0636355522360166,0.0860511994155767,-0.00910000000000988));
#2275=CARTESIAN_POINT('',(-0.0625055412349564,0.0782161085066802,-0.00910000000000988));
#2276=CARTESIAN_POINT('',(-0.0630049304836512,0.0816786944096093,-0.00910019714217878));
#2277=CARTESIAN_POINT('',(-0.0630050456122687,0.0816794926701703,-0.00759680990699251));
#2278=CARTESIAN_POINT('',(-0.062932568463237,0.0811769603674017,-0.00901191042031105));
#2279=CARTESIAN_POINT('',(-0.0630869326279321,0.0822472678611827,-0.00600000000000988));
#2280=CARTESIAN_POINT('',(-0.0626301409980952,0.0790800385662135,-0.00600000000000988));
#2281=CARTESIAN_POINT('',(-0.0626301409980952,0.0790800385662135,-0.0136000000000099));
#2282=CARTESIAN_POINT('',(-0.0626301409980952,0.0790800385662135,0.00599999999999012));
#2283=CARTESIAN_POINT('',(-0.0630869326279321,0.0822472678611827,0.00599999999999012));
#2284=CARTESIAN_POINT('',(-0.0629325690148441,0.0811769659433889,0.00901189387832631));
#2285=CARTESIAN_POINT('',(-0.0630041844803232,0.0816735218900704,0.00762373282818074));
#2286=CARTESIAN_POINT('',(-0.0630049307206082,0.0816786943012358,0.00909994938042214));
#2287=CARTESIAN_POINT('',(-0.0625055412349564,0.0782161085066802,0.00909999999999012));
#2288=CARTESIAN_POINT('',(-0.0573010936460782,0.0869647826752506,-0.0136000000000099));
#2289=CARTESIAN_POINT('',(-0.0573010936460782,0.0869647826752506,-0.0116000000000099));
#2290=CARTESIAN_POINT('',(-0.0636197065823748,0.0879821963380577,-0.0116000000000099));
#2291=CARTESIAN_POINT('',(-0.0636197065823748,0.0879821963380577,-0.0136000000000099));
#2292=CARTESIAN_POINT('',(-0.0636197065823748,0.0879821963380577,-0.00910000000000988));
#2293=CARTESIAN_POINT('',(-0.0573010936460782,0.0869647826752506,-0.00910000000000988));
#2294=CARTESIAN_POINT('',(-0.0573010936460782,0.0869647826752506,-0.0136000000000099));
#2295=CARTESIAN_POINT('',(-0.0636197065823748,0.0879821963380577,-0.0136000000000099));
#2296=CARTESIAN_POINT('',(-0.0636197065823748,0.0879821963380577,0.00909999999999012));
#2297=CARTESIAN_POINT('',(-0.0636197065823748,0.0879821963380577,0.0115999999999901));
#2298=CARTESIAN_POINT('',(-0.0573010936460782,0.0869647826752506,0.0115999999999901));
#2299=CARTESIAN_POINT('',(-0.0573010936460782,0.0869647826752506,0.00909999999999012));
#2300=CARTESIAN_POINT('',(-0.0631039134756354,0.0911855118780754,-0.0136000000000099));
#2301=CARTESIAN_POINT('',(-0.062588120368896,0.0943888274180932,-0.0116000000000099));
#2302=CARTESIAN_POINT('',(-0.0625881203688959,0.0943888274180932,-0.0116000000000099));
#2303=CARTESIAN_POINT('',(-0.0625881203688959,0.0943888274180932,-0.0136000000000099));
#2304=CARTESIAN_POINT('',(-0.0625881203688959,0.0943888274180932,-0.00910000000000988));
#2305=CARTESIAN_POINT('',(-0.0631039134756354,0.0911855118780754,-0.00910000000000988));
#2306=CARTESIAN_POINT('',(-0.0631039134756354,0.0911855118780754,-0.0136000000000099));
#2307=CARTESIAN_POINT('',(-0.0625881203688959,0.0943888274180932,-0.0136000000000099));
#2308=CARTESIAN_POINT('',(-0.0625881203688959,0.0943888274180932,0.00909999999999012));
#2309=CARTESIAN_POINT('',(-0.0625881203688959,0.0943888274180932,0.0115999999999901));
#2310=CARTESIAN_POINT('',(-0.0631039134756354,0.0911855118780754,0.0115999999999901));
#2311=CARTESIAN_POINT('',(-0.0631039134756354,0.0911855118780754,0.00909999999999012));
#2312=CARTESIAN_POINT('',(-0.0685118199966745,0.0953426527269748,-0.0136000000000099));
#2313=CARTESIAN_POINT('',(-0.0685118199966745,0.0953426527269748,-0.0116000000000099));
#2314=CARTESIAN_POINT('',(-0.0628123002606059,0.0972176126673926,-0.0116000000000099));
#2315=CARTESIAN_POINT('',(-0.0628123002606059,0.0972176126673926,-0.0136000000000099));
#2316=CARTESIAN_POINT('',(-0.0628123002606059,0.0972176126673926,-0.00910000000000988));
#2317=CARTESIAN_POINT('',(-0.0685118199966745,0.0953426527269748,-0.00910000000000988));
#2318=CARTESIAN_POINT('',(-0.0685118199966745,0.0953426527269748,-0.0136000000000099));
#2319=CARTESIAN_POINT('',(-0.0628123002606059,0.0972176126673926,-0.0136000000000099));
#2320=CARTESIAN_POINT('',(-0.0628123002606059,0.0972176126673926,0.00909999999999012));
#2321=CARTESIAN_POINT('',(-0.0628123002606059,0.0972176126673926,0.0115999999999901));
#2322=CARTESIAN_POINT('',(-0.0685118199966745,0.0953426527269748,0.0115999999999901));
#2323=CARTESIAN_POINT('',(-0.0685118199966745,0.0953426527269748,0.00909999999999012));
#2324=CARTESIAN_POINT('',(-0.0688093532893128,0.0974056418430521,-0.0136000000000099));
#2325=CARTESIAN_POINT('',(-0.0688093532893128,0.0974056418430521,-0.0116000000000099));
#2326=CARTESIAN_POINT('',(-0.0696658375952552,0.103344196771119,-0.0116000000000099));
#2327=CARTESIAN_POINT('',(-0.0696658375952552,0.103344196771119,-0.0136000000000099));
#2328=CARTESIAN_POINT('',(-0.069665837595257,0.103344196771119,-0.00910000000000988));
#2329=CARTESIAN_POINT('',(-0.0688093532893128,0.0974056418430521,-0.00910000000000988));
#2330=CARTESIAN_POINT('',(-0.0688093532893128,0.0974056418430521,-0.0136000000000099));
#2331=CARTESIAN_POINT('',(-0.0688093532893128,0.0974056418430521,0.0115999999999901));
#2332=CARTESIAN_POINT('',(-0.0688093532893128,0.0974056418430521,0.00909999999999012));
#2333=CARTESIAN_POINT('',(-0.0536590098087893,0.0558489204075991,-0.0136000000000099));
#2334=CARTESIAN_POINT('',(-0.0536590098087893,0.0558489204075991,0.0135999999999901));
#2335=CARTESIAN_POINT('',(-0.0510090098087893,0.0558489204075991,0.0135999999999901));
#2336=CARTESIAN_POINT('',(-0.0536590098087893,0.0558489204075991,0.00549999999999011));
#2337=CARTESIAN_POINT('',(-0.0563090098087893,0.0558489204075991,0.00549999999999011));
#2338=CARTESIAN_POINT('',(-0.0620259975862323,0.0503722868127601,-0.0136000000000099));
#2339=CARTESIAN_POINT('',(-0.0620259975862323,0.0503722868127601,0.0135999999999901));
#2340=CARTESIAN_POINT('',(-0.0593759975862323,0.0503722868127601,0.0135999999999901));
#2341=CARTESIAN_POINT('',(-0.0620259975862323,0.0503722868127601,0.00549999999999011));
#2342=CARTESIAN_POINT('',(-0.0646759975862323,0.0503722868127601,0.00549999999999011));
#2343=CARTESIAN_POINT('',(-0.068809353289311,0.0974056418430523,-0.0136000000000099));
#2344=CARTESIAN_POINT('',(-0.068809353289311,0.0974056418430523,-0.0136000000000099));
#2345=CARTESIAN_POINT('',(-0.066159353289311,0.0974056418430523,-0.0136000000000099));
#2346=CARTESIAN_POINT('',(-0.068809353289311,0.0974056418430523,-0.00910000000000988));
#2347=CARTESIAN_POINT('',(-0.068809353289311,0.0947556418430523,-0.00910000000000988));
#2348=CARTESIAN_POINT('',(-0.068809353289311,0.0974056418430523,-0.0136000000000099));
#2349=CARTESIAN_POINT('',(-0.068809353289311,0.0974056418430523,0.0135999999999901));
#2350=CARTESIAN_POINT('',(-0.066159353289311,0.0974056418430523,0.0135999999999901));
#2351=CARTESIAN_POINT('',(-0.068809353289311,0.0974056418430523,0.00909999999999012));
#2352=CARTESIAN_POINT('',(-0.071459353289311,0.0974056418430523,0.00909999999999012));
#2353=CARTESIAN_POINT('',(-0.064500395472927,0.05001541835195,-0.0136000000000099));
#2354=CARTESIAN_POINT('',(-0.064500395472927,0.05001541835195,-0.0116000000000099));
#2355=CARTESIAN_POINT('',(-0.0636439111669828,0.0440768634238828,-0.0116000000000099));
#2356=CARTESIAN_POINT('',(-0.0636439111669828,0.0440768634238828,-0.0136000000000099));
#2357=CARTESIAN_POINT('',(-0.0636439111669827,0.0440768634238828,-0.00550000000000988));
#2358=CARTESIAN_POINT('',(-0.064500395472927,0.05001541835195,-0.00550000000000988));
#2359=CARTESIAN_POINT('',(-0.0624067122236354,0.0442552976542879,-0.0136000000000099));
#2360=CARTESIAN_POINT('',(-0.0611695132802881,0.0444337318846929,-0.0116000000000099));
#2361=CARTESIAN_POINT('',(-0.0611695132802881,0.0444337318846929,-0.0116000000000099));
#2362=CARTESIAN_POINT('',(-0.0611695132802881,0.0444337318846929,-0.0136000000000099));
#2363=CARTESIAN_POINT('',(-0.0611695132802881,0.0444337318846929,-0.00550000000000988));
#2364=CARTESIAN_POINT('',(-0.13625731000794,0.0336042421781626,-0.00550000000000988));
#2365=CARTESIAN_POINT('',(-0.0620259975862324,0.0503722868127604,-0.0136000000000099));
#2366=CARTESIAN_POINT('',(-0.0620259975862324,0.0503722868127604,-0.0116000000000099));
#2367=CARTESIAN_POINT('',(-0.0587400174293289,0.0453520941462943,-0.0116000000000099));
#2368=CARTESIAN_POINT('',(-0.0587400174293289,0.0453520941462943,-0.0136000000000099));
#2369=CARTESIAN_POINT('',(-0.0587400174293289,0.0453520941462943,-0.00550000000000988));
#2370=CARTESIAN_POINT('',(-0.0620259975862324,0.0503722868127604,-0.00550000000000988));
#2371=CARTESIAN_POINT('',(-0.0545565235406074,0.0480904109437138,-0.0136000000000099));
#2372=CARTESIAN_POINT('',(-0.0503730296518859,0.0508287277411333,-0.0116000000000099));
#2373=CARTESIAN_POINT('',(-0.0503730296518859,0.0508287277411333,-0.0116000000000099));
#2374=CARTESIAN_POINT('',(-0.0503730296518859,0.0508287277411333,-0.0136000000000099));
#2375=CARTESIAN_POINT('',(-0.0503730296518859,0.0508287277411333,-0.00550000000000988));
#2376=CARTESIAN_POINT('',(-0.0545565235406074,0.0480904109437138,-0.00550000000000988));
#2377=CARTESIAN_POINT('',(-0.0536590098087893,0.0558489204075991,-0.0136000000000099));
#2378=CARTESIAN_POINT('',(-0.0536590098087893,0.0558489204075991,-0.0116000000000099));
#2379=CARTESIAN_POINT('',(-0.050497885324772,0.0609486549101538,-0.0116000000000099));
#2380=CARTESIAN_POINT('',(-0.050497885324772,0.0609486549101538,-0.0136000000000099));
#2381=CARTESIAN_POINT('',(-0.050497885324772,0.0609486549101538,-0.00557861783604291));
#2382=CARTESIAN_POINT('',(-0.0536590098087893,0.0558489204075991,-0.00518689056399343));
#2383=CARTESIAN_POINT('',(-0.0494882778875247,0.0601622712211713,-0.00550000000000988));
#2384=CARTESIAN_POINT('',(-0.0536590098087893,0.0558489204075991,-0.00550000000000988));
#2385=CARTESIAN_POINT('',(-0.0544554115425075,0.0634017694824432,-0.0136000000000099));
#2386=CARTESIAN_POINT('',(-0.0584129377602429,0.0658548840547326,-0.0116000000000099));
#2387=CARTESIAN_POINT('',(-0.0584129377602429,0.0658548840547326,-0.0116000000000099));
#2388=CARTESIAN_POINT('',(-0.0584129377602429,0.0658548840547326,-0.0136000000000099));
#2389=CARTESIAN_POINT('',(-0.0584129377602429,0.0658548840547326,-0.00608877450445872));
#2390=CARTESIAN_POINT('',(-0.0548159531053473,0.0636252549915864,-0.00585693451061853));
#2391=CARTESIAN_POINT('',(-0.0550410716439577,0.0712946008574576,-0.0136000000000099));
#2392=CARTESIAN_POINT('',(-0.0550410716439577,0.0712946008574576,-0.0116000000000099));
#2393=CARTESIAN_POINT('',(-0.0550410716439577,0.0712946008574576,-0.00625000000000989));
#2394=CARTESIAN_POINT('',(-0.0602432317425908,0.0675666617071776,-0.00625000000000989));
#2395=CARTESIAN_POINT('',(-0.0602432317371981,0.0675666616995191,-0.00625002712543587));
#2396=CARTESIAN_POINT('',(-0.0602151623075477,0.0675274921582307,-0.00625001048620042));
#2397=CARTESIAN_POINT('',(-0.0601866937870336,0.0674886999101209,-0.00624818232393024));
#2398=CARTESIAN_POINT('',(-0.0601578284891949,0.0674502804511024,-0.00624460285155814));
#2399=CARTESIAN_POINT('',(-0.0601578294340731,0.0674502817087273,-0.00624458173364289));
#2400=CARTESIAN_POINT('',(-0.0550410716439577,0.0712946008574576,-0.00650661692797817));
#2401=CARTESIAN_POINT('',(-0.0536590098087893,0.0558489204075991,-0.0136000000000099));
#2402=CARTESIAN_POINT('',(-0.0536590098087893,0.0558489204075991,-0.00550000000000988));
#2403=CARTESIAN_POINT('',(-0.0563090098087893,0.0558489204075991,-0.00550000000000988));
#2404=CARTESIAN_POINT('',(-0.0536590098087893,0.0558489204075991,-0.0136000000000099));
#2405=CARTESIAN_POINT('',(-0.0510090098087893,0.0558489204075991,-0.0136000000000099));
#2406=CARTESIAN_POINT('',(-0.0620259975862323,0.0503722868127601,-0.0136000000000099));
#2407=CARTESIAN_POINT('',(-0.0620259975862323,0.0503722868127601,-0.00550000000000988));
#2408=CARTESIAN_POINT('',(-0.0646759975862323,0.0503722868127601,-0.00550000000000988));
#2409=CARTESIAN_POINT('',(-0.0620259975862323,0.0503722868127601,-0.0136000000000099));
#2410=CARTESIAN_POINT('',(-0.0593759975862323,0.0503722868127601,-0.0136000000000099));
#2411=CARTESIAN_POINT('',(-0.0709030365386026,0.103165762540714,-0.0136000000000099));
#2412=CARTESIAN_POINT('',(-0.0709030365386026,0.103165762540714,-0.0116000000000099));
#2413=CARTESIAN_POINT('',(-0.144753634322907,0.0925147070645887,-0.00910000000000988));
#2414=CARTESIAN_POINT('',(-0.0624713804923975,0.0737105300975011,-0.0136000000000099));
#2415=CARTESIAN_POINT('',(-0.0665192941653165,0.101777311384524,-0.0136000000000099));
#2416=CARTESIAN_POINT('',(-0.0718547407133019,0.101007810000954,-0.0136000000000099));
#2417=CARTESIAN_POINT('',(-0.0693803428266077,0.101364678461764,-0.0136000000000099));
#2418=CARTESIAN_POINT('',(-0.0688093532893128,0.0974056418430521,-0.0136000000000099));
#2419=CARTESIAN_POINT('',(-0.0648382849901876,0.0969254163088529,-0.0136000000000099));
#2420=CARTESIAN_POINT('',(-0.0685118199966745,0.0953426527269748,-0.0136000000000099));
#2421=CARTESIAN_POINT('',(-0.0645626869114886,0.0947067691877203,-0.0136000000000099));
#2422=CARTESIAN_POINT('',(-0.0655942731249675,0.0883001381076849,-0.0136000000000099));
#2423=CARTESIAN_POINT('',(-0.0655942731249675,0.0883001381076849,-0.0136000000000099));
#2424=CARTESIAN_POINT('',(-0.0573010936460782,0.0869647826752506,-0.0136000000000099));
#2425=CARTESIAN_POINT('',(-0.0656150705453724,0.0857657046469286,-0.0136000000000099));
#2426=CARTESIAN_POINT('',(-0.0633550485432519,0.0700955228291356,-0.0136000000000099));
#2427=CARTESIAN_POINT('',(-0.0633550485432519,0.0700955228291356,-0.0136000000000099));
#2428=CARTESIAN_POINT('',(-0.0550410716439577,0.0712946008574576,-0.0136000000000099));
#2429=CARTESIAN_POINT('',(-0.0594666459215821,0.0641549725538811,-0.0136000000000099));
#2430=CARTESIAN_POINT('',(-0.0515515934861111,0.0592487434093022,-0.0136000000000099));
#2431=CARTESIAN_POINT('',(-0.0515515934861111,0.0592487434093022,-0.0136000000000099));
#2432=CARTESIAN_POINT('',(-0.0536590098087893,0.0558489204075991,-0.0136000000000099));
#2433=CARTESIAN_POINT('',(-0.0514683563708537,0.0525021252966219,-0.0136000000000099));
#2434=CARTESIAN_POINT('',(-0.0598353441482967,0.0470254917017829,-0.0136000000000099));
#2435=CARTESIAN_POINT('',(-0.0598353441482967,0.0470254917017829,-0.0136000000000099));
#2436=CARTESIAN_POINT('',(-0.0620259975862324,0.0503722868127604,-0.0136000000000099));
#2437=CARTESIAN_POINT('',(-0.0614550080489362,0.0464132501940486,-0.0136000000000099));
#2438=CARTESIAN_POINT('',(-0.0639294059356309,0.0460563817332385,-0.0136000000000099));
#2439=CARTESIAN_POINT('',(-0.0639294059356309,0.0460563817332385,-0.0136000000000099));
#2440=CARTESIAN_POINT('',(-0.064500395472927,0.05001541835195,-0.0136000000000099));
#2441=CARTESIAN_POINT('',(-0.0684594320916385,0.0494444288146538,-0.0136000000000099));
#2442=CARTESIAN_POINT('',(-0.0752427877947172,0.096477783844946,-0.0136000000000099));
#2443=CARTESIAN_POINT('',(-0.0752427877947172,0.096477783844946,-0.0136000000000099));
#2444=CARTESIAN_POINT('',(-0.0712837511760057,0.0970487733822422,-0.0136000000000099));
#2445=CARTESIAN_POINT('',(-0.0624713804923975,0.0737105300975011,0.0135999999999901));
#2446=CARTESIAN_POINT('',(-0.0685118199966745,0.0953426527269748,0.0135999999999901));
#2447=CARTESIAN_POINT('',(-0.0645626869114886,0.0947067691877203,0.0135999999999901));
#2448=CARTESIAN_POINT('',(-0.0648382849901876,0.0969254163088529,0.0135999999999901));
#2449=CARTESIAN_POINT('',(-0.0688093532893128,0.0974056418430521,0.0135999999999901));
#2450=CARTESIAN_POINT('',(-0.0693803428266077,0.101364678461764,0.0135999999999901));
#2451=CARTESIAN_POINT('',(-0.0718547407133019,0.101007810000954,0.0135999999999901));
#2452=CARTESIAN_POINT('',(-0.0718547407133019,0.101007810000954,0.0135999999999901));
#2453=CARTESIAN_POINT('',(-0.0712837511760057,0.0970487733822422,0.0135999999999901));
#2454=CARTESIAN_POINT('',(-0.0752427877947171,0.096477783844946,0.0135999999999901));
#2455=CARTESIAN_POINT('',(-0.071765863659094,0.072370039176635,0.0135999999999901));
#2456=CARTESIAN_POINT('',(-0.0684594320916385,0.0494444288146538,0.0135999999999901));
#2457=CARTESIAN_POINT('',(-0.064500395472927,0.05001541835195,0.0135999999999901));
#2458=CARTESIAN_POINT('',(-0.0639294059356309,0.0460563817332385,0.0135999999999901));
#2459=CARTESIAN_POINT('',(-0.058593959387646,0.0468258831168084,0.0135999999999901));
#2460=CARTESIAN_POINT('',(-0.0614550080489362,0.0464132501940486,0.0135999999999901));
#2461=CARTESIAN_POINT('',(-0.0620259975862324,0.0503722868127604,0.0135999999999901));
#2462=CARTESIAN_POINT('',(-0.0598353441482967,0.0470254917017829,0.0135999999999901));
#2463=CARTESIAN_POINT('',(-0.0494528750316777,0.0538213638452499,0.0135999999999901));
#2464=CARTESIAN_POINT('',(-0.0514683563708537,0.0525021252966219,0.0135999999999901));
#2465=CARTESIAN_POINT('',(-0.0536590098087893,0.0558489204075991,0.0135999999999901));
#2466=CARTESIAN_POINT('',(-0.0515515934861111,0.0592487434093022,0.0135999999999901));
#2467=CARTESIAN_POINT('',(-0.065916344668716,0.0681528866833103,0.0135999999999901));
#2468=CARTESIAN_POINT('',(-0.0594666459215821,0.0641549725538811,0.0135999999999901));
#2469=CARTESIAN_POINT('',(-0.0550410716439577,0.0712946008574576,0.0135999999999901));
#2470=CARTESIAN_POINT('',(-0.0633550485432519,0.0700955228291356,0.0135999999999901));
#2471=CARTESIAN_POINT('',(-0.0638477904216712,0.0735120182512274,0.0135999999999901));
#2472=CARTESIAN_POINT('',(-0.0656150705453724,0.0857657046469286,0.0135999999999901));
#2473=CARTESIAN_POINT('',(-0.0573010936460782,0.0869647826752506,0.0135999999999901));
#2474=CARTESIAN_POINT('',(-0.0655942731249675,0.0883001381076849,0.0135999999999901));
#2475=CARTESIAN_POINT('',(-0.0678051808818189,0.0745693707078684,0.0135999999999901));
#2476=CARTESIAN_POINT('',(-0.143252911471816,0.0821092331742225,-0.00910000000000988));
#2477=CARTESIAN_POINT('',(-0.0748820403548755,0.0799657259023949,-0.00910000000000988));
#2478=CARTESIAN_POINT('',(-0.0709230037361674,0.080536715439692,-0.00910000000000988));
#2479=CARTESIAN_POINT('',(-0.0669639671174593,0.0811077049769892,-0.00910000000000988));
#2480=CARTESIAN_POINT('',(-0.0630049304987512,0.0816786945142863,-0.00910000000000988));
#2481=CARTESIAN_POINT('',(-0.144753634322907,0.0925147070645889,0.00909999999999012));
#2482=CARTESIAN_POINT('',(-0.0630049307461884,0.0816786944785994,0.00909999999999012));
#2483=CARTESIAN_POINT('',(-0.0669639672824164,0.0811077049531943,0.00909999999999012));
#2484=CARTESIAN_POINT('',(-0.0709230038186445,0.0805367154277891,0.00909999999999012));
#2485=CARTESIAN_POINT('',(-0.0748820403548725,0.079965725902384,0.00909999999999012));
#2486=CARTESIAN_POINT('',(-0.141638886396956,0.0709181623095182,0.00599999999999012));
#2487=CARTESIAN_POINT('',(-0.0748096855350057,0.0794640435374576,0.00901176470586574));
#2488=CARTESIAN_POINT('',(-0.0708506489162945,0.0800350330747631,0.00901176470586904));
#2489=CARTESIAN_POINT('',(-0.0668916122975833,0.0806060226120685,0.00901176470587234));
#2490=CARTESIAN_POINT('',(-0.062932575678872,0.081177012149374,0.00901176470587564));
#2491=CARTESIAN_POINT('',(-0.141182094767119,0.067750933014549,0.00599999999999012));
#2492=CARTESIAN_POINT('',(-0.141182094767119,0.067750933014549,0.00599999999999012));
#2493=CARTESIAN_POINT('',(-0.141182094767119,0.067750933014549,-0.00600000000000988));
#2494=CARTESIAN_POINT('',(-0.141638886396956,0.0709181623095182,-0.00600000000000988));
#2495=CARTESIAN_POINT('',(-0.0629325759263121,0.0811770121136874,-0.00901176470589553));
#2496=CARTESIAN_POINT('',(-0.0668916124625443,0.0806060225882831,-0.00901176470589422));
#2497=CARTESIAN_POINT('',(-0.0708506489987764,0.0800350330628788,-0.00901176470589292));
#2498=CARTESIAN_POINT('',(-0.0748096855350086,0.0794640435374744,-0.00901176470589162));
#2499=CARTESIAN_POINT('',(-0.139825994616041,0.0583482210451093,-0.00625000000000989));
#2500=CARTESIAN_POINT('',(-0.0728307280094046,0.0657426619726725,-0.00625000000000989));
#2501=CARTESIAN_POINT('',(-0.140154313599986,0.0606246671008684,-0.00625000000000989));
#2502=CARTESIAN_POINT('',(-0.139825994616041,0.0583482210451093,0.00624999999999011));
#2503=CARTESIAN_POINT('',(-0.0602420200645081,0.0675582603659764,0.00624999999999011));
#2504=CARTESIAN_POINT('',(-0.140154313599986,0.0606246671008684,0.00624999999999011));
#2505=CARTESIAN_POINT('',(-0.137249404328992,0.0404830683031738,-0.00550000000000988));
#2506=CARTESIAN_POINT('',(-0.138241498650044,0.0473618944281849,-0.00550000000000988));
#2507=CARTESIAN_POINT('',(-0.137249404328992,0.0404830683031738,0.00549999999999011));
#2508=CARTESIAN_POINT('',(-0.138241498650044,0.0473618944281849,0.00549999999999011));
#2509=CARTESIAN_POINT('',(-0.139459025271441,0.0558037872537417,-0.00622692381655423));
#2510=CARTESIAN_POINT('',(-0.0601589054402882,0.0674577423501518,-0.00624522416278116));
#2511=CARTESIAN_POINT('',(-0.140154313599986,0.0606246671008684,-0.00305000000000989));
#2512=CARTESIAN_POINT('',(-0.140611105229823,0.0637918963958376,-0.00305000000000989));
#2513=CARTESIAN_POINT('',(-0.140611105229823,0.0637918963958376,-9.89009221740892E-15));
#2514=CARTESIAN_POINT('',(-0.140611105229823,0.0637918963958376,0.00304999999999011));
#2515=CARTESIAN_POINT('',(-0.140154313599986,0.0606246671008684,0.00304999999999011));
#2516=CARTESIAN_POINT('',(-0.139459025271441,0.0558037872537417,0.00622692381653445));
#2517=CARTESIAN_POINT('',(-0.0728148326573565,0.0656324493041608,0.0062452241631187));
#2518=CARTESIAN_POINT('',(-0.0536590098087893,0.0558489204075991,0.0115999999999901));
#2519=CARTESIAN_POINT('',(-0.0515515934861111,0.0592487434093022,0.0115999999999901));
#2520=CARTESIAN_POINT('',(-0.0514683563708537,0.0525021252966219,0.0115999999999901));
#2521=CARTESIAN_POINT('',(-0.0494528750316777,0.0538213638452499,0.0115999999999901));
#2522=CARTESIAN_POINT('',(-0.0598353441482967,0.0470254917017829,0.0115999999999901));
#2523=CARTESIAN_POINT('',(-0.065916344668716,0.0681528866833103,0.0115999999999901));
#2524=CARTESIAN_POINT('',(-0.0594666459215821,0.0641549725538811,0.0115999999999901));
#2525=CARTESIAN_POINT('',(-0.0620259975862324,0.0503722868127604,0.0115999999999901));
#2526=CARTESIAN_POINT('',(-0.0614550080489362,0.0464132501940486,0.0115999999999901));
#2527=CARTESIAN_POINT('',(-0.0550410716439577,0.0712946008574576,0.0115999999999901));
#2528=CARTESIAN_POINT('',(-0.0633550485432519,0.0700955228291356,0.0115999999999901));
#2529=CARTESIAN_POINT('',(-0.058593959387646,0.0468258831168084,0.0115999999999901));
#2530=CARTESIAN_POINT('',(-0.0639294059356309,0.0460563817332385,0.0115999999999901));
#2531=CARTESIAN_POINT('',(-0.0638477904216712,0.0735120182512274,0.0115999999999901));
#2532=CARTESIAN_POINT('',(-0.0656150705453724,0.0857657046469286,0.0115999999999901));
#2533=CARTESIAN_POINT('',(-0.064500395472927,0.05001541835195,0.0115999999999901));
#2534=CARTESIAN_POINT('',(-0.0684594320916385,0.0494444288146538,0.0115999999999901));
#2535=CARTESIAN_POINT('',(-0.0573010936460782,0.0869647826752506,0.0115999999999901));
#2536=CARTESIAN_POINT('',(-0.0655942731249675,0.0883001381076849,0.0115999999999901));
#2537=CARTESIAN_POINT('',(-0.071765863659094,0.072370039176635,0.0115999999999901));
#2538=CARTESIAN_POINT('',(-0.0752427877947172,0.096477783844946,0.0115999999999901));
#2539=CARTESIAN_POINT('',(-0.0678051808818189,0.0745693707078684,0.0115999999999901));
#2540=CARTESIAN_POINT('',(-0.0645626869114886,0.0947067691877203,0.0115999999999901));
#2541=CARTESIAN_POINT('',(-0.0712837511760057,0.0970487733822422,0.0115999999999901));
#2542=CARTESIAN_POINT('',(-0.0718547407133019,0.101007810000954,0.0115999999999901));
#2543=CARTESIAN_POINT('',(-0.0685118199966745,0.0953426527269748,0.0115999999999901));
#2544=CARTESIAN_POINT('',(-0.0628123002606059,0.0972176126673926,0.0115999999999901));
#2545=CARTESIAN_POINT('',(-0.0628123002606059,0.0972176126673926,0.0121348415784418));
#2546=CARTESIAN_POINT('',(-0.0632592489853,0.0971531517719576,0.0131802763522841));
#2547=CARTESIAN_POINT('',(-0.064316466067162,0.0970006753110029,0.0135999999999901));
#2548=CARTESIAN_POINT('',(-0.0648382849901876,0.0969254163088529,0.0135999999999901));
#2549=CARTESIAN_POINT('',(-0.0706175417699545,0.101186244231359,0.0115999999999901));
#2550=CARTESIAN_POINT('',(-0.0693803428266072,0.101364678461764,0.0115999999999901));
#2551=CARTESIAN_POINT('',(-0.0688093532893128,0.0974056418430521,0.0115999999999901));
#2552=CARTESIAN_POINT('',(-0.0536590098087893,0.0558489204075991,-0.0116000000000099));
#2553=CARTESIAN_POINT('',(-0.0515515934861111,0.0592487434093022,-0.0116000000000099));
#2554=CARTESIAN_POINT('',(-0.0514683563708537,0.0525021252966219,-0.0116000000000099));
#2555=CARTESIAN_POINT('',(-0.0556518502595752,0.0497638084992024,-0.0116000000000099));
#2556=CARTESIAN_POINT('',(-0.0598353441482967,0.0470254917017829,-0.0116000000000099));
#2557=CARTESIAN_POINT('',(-0.0555091197038466,0.0617018579815917,-0.0116000000000099));
#2558=CARTESIAN_POINT('',(-0.059466645921582,0.0641549725538811,-0.0116000000000099));
#2559=CARTESIAN_POINT('',(-0.0620259975862324,0.0503722868127604,-0.0116000000000099));
#2560=CARTESIAN_POINT('',(-0.0614550080489362,0.0464132501940486,-0.0116000000000099));
#2561=CARTESIAN_POINT('',(-0.0550410716439577,0.0712946008574576,-0.0116000000000099));
#2562=CARTESIAN_POINT('',(-0.0633550485432519,0.0700955228291356,-0.0116000000000099));
#2563=CARTESIAN_POINT('',(-0.0626922069922835,0.0462348159636436,-0.0116000000000099));
#2564=CARTESIAN_POINT('',(-0.0639294059356309,0.0460563817332385,-0.0116000000000099));
#2565=CARTESIAN_POINT('',(-0.0644850595443121,0.0779306137380321,-0.0116000000000099));
#2566=CARTESIAN_POINT('',(-0.0656150705453724,0.0857657046469286,-0.0116000000000099));
#2567=CARTESIAN_POINT('',(-0.064500395472927,0.05001541835195,-0.0116000000000099));
#2568=CARTESIAN_POINT('',(-0.0684594320916385,0.0494444288146538,-0.0116000000000099));
#2569=CARTESIAN_POINT('',(-0.0573010936460782,0.0869647826752506,-0.0116000000000099));
#2570=CARTESIAN_POINT('',(-0.0655942731249675,0.0883001381076849,-0.0116000000000099));
#2571=CARTESIAN_POINT('',(-0.0718511099431778,0.0729611063297999,-0.0116000000000099));
#2572=CARTESIAN_POINT('',(-0.0752427877947172,0.096477783844946,-0.0116000000000099));
#2573=CARTESIAN_POINT('',(-0.065078480018228,0.0915034536477026,-0.0116000000000099));
#2574=CARTESIAN_POINT('',(-0.0645626869114886,0.0947067691877204,-0.0116000000000099));
#2575=CARTESIAN_POINT('',(-0.0712837511760057,0.0970487733822422,-0.0116000000000099));
#2576=CARTESIAN_POINT('',(-0.0718547407133019,0.101007810000954,-0.0116000000000099));
#2577=CARTESIAN_POINT('',(-0.0685118199966745,0.0953426527269748,-0.0116000000000099));
#2578=CARTESIAN_POINT('',(-0.0628123002606059,0.0972176126673926,-0.0116000000000099));
#2579=CARTESIAN_POINT('',(-0.0628123002606059,0.0972176126673926,-0.0121348415784616));
#2580=CARTESIAN_POINT('',(-0.0632592489853001,0.0971531517719576,-0.0131802763523039));
#2581=CARTESIAN_POINT('',(-0.064316466067162,0.0970006753110029,-0.0136000000000099));
#2582=CARTESIAN_POINT('',(-0.0648382849901876,0.0969254163088529,-0.0136000000000099));
#2583=CARTESIAN_POINT('',(-0.0665192941653165,0.101777311384524,-0.0116000000000099));
#2584=CARTESIAN_POINT('',(-0.0693803428266077,0.101364678461764,-0.0116000000000099));
#2585=CARTESIAN_POINT('',(-0.0688093532893128,0.0974056418430521,-0.0116000000000099));
#2586=CARTESIAN_POINT('',(-0.0728630467928539,0.0802577287223407,-0.00759680990699895));
#2587=CARTESIAN_POINT('',(-0.0728621856609458,0.080251757942644,0.00762373282827499));
#2588=CARTESIAN_POINT('',(-0.0706805160277548,0.066061945329988,-0.00473783652496763));
#2589=CARTESIAN_POINT('',(-0.0623276040648918,0.0672666387431982,0.00473783652723565));
#2590=MECHANICAL_DESIGN_GEOMETRIC_PRESENTATION_REPRESENTATION('',(#1455),
#2591);
#2591=(
GEOMETRIC_REPRESENTATION_CONTEXT(3)
GLOBAL_UNCERTAINTY_ASSIGNED_CONTEXT((#2592))
GLOBAL_UNIT_ASSIGNED_CONTEXT((#2595,#2594,#2593))
REPRESENTATION_CONTEXT('2f-85_finger_supporter',
'TOP_LEVEL_ASSEMBLY_PART')
);
#2592=UNCERTAINTY_MEASURE_WITH_UNIT(LENGTH_MEASURE(2.02E-5),#2595,
'DISTANCE_ACCURACY_VALUE','Maximum Tolerance applied to model');
#2593=(
NAMED_UNIT(*)
SI_UNIT($,.STERADIAN.)
SOLID_ANGLE_UNIT()
);
#2594=(
NAMED_UNIT(*)
PLANE_ANGLE_UNIT()
SI_UNIT($,.RADIAN.)
);
#2595=(
LENGTH_UNIT()
NAMED_UNIT(*)
SI_UNIT($,.METRE.)
);
#2596=PRODUCT_DEFINITION_SHAPE('','',#2597);
#2597=PRODUCT_DEFINITION('','',#2599,#2598);
#2598=PRODUCT_DEFINITION_CONTEXT('',#2605,'design');
#2599=PRODUCT_DEFINITION_FORMATION_WITH_SPECIFIED_SOURCE('','',#2601,
 .NOT_KNOWN.);
#2600=PRODUCT_RELATED_PRODUCT_CATEGORY('','',(#2601));
#2601=PRODUCT('2f-85_finger_supporter','2f-85_finger_supporter',
'2f-85_finger_supporter',(#2603));
#2602=PRODUCT_CATEGORY('','');
#2603=PRODUCT_CONTEXT('',#2605,'mechanical');
#2604=APPLICATION_PROTOCOL_DEFINITION('international standard',
'ap242_managed_model_based_3d_engineering',2020,#2605);
#2605=APPLICATION_CONTEXT('managed model based 3d engineering');
ENDSEC;
END-ISO-10303-21;
