ISO-10303-21;
HEADER;
/* Generated by software containing ST-Developer
 * from STEP Tools, Inc. (www.steptools.com) 
 */
/* OPTION: using custom renumber hook */

FILE_DESCRIPTION(
/* description */ ('STEP AP214'),
/* implementation_level */ '2;1');

FILE_NAME(
/* name */ '60949dc19ecec20f3f07b1a1',
/* time_stamp */ '2021-05-07T01:54:10+00:00',
/* author */ (''),
/* organization */ (''),
/* preprocessor_version */ 'ST-DEVELOPER v18.1',
/* originating_system */ '  ',
/* authorisation */ '  ');

FILE_SCHEMA (('AUTOMOTIVE_DESIGN {1 0 10303 214 3 1 1}'));
ENDSEC;

DATA;
#10=PROPERTY_DEFINITION_REPRESENTATION(#14,#12);
#11=PROPERTY_DEFINITION_REPRESENTATION(#15,#13);
#12=REPRESENTATION('',(#16),#4543);
#13=REPRESENTATION('',(#17),#4543);
#14=PROPERTY_DEFINITION('pmi validation property','',#4548);
#15=PROPERTY_DEFINITION('pmi validation property','',#4548);
#16=VALUE_REPRESENTATION_ITEM('number of annotations',COUNT_MEASURE(0.));
#17=VALUE_REPRESENTATION_ITEM('number of views',COUNT_MEASURE(0.));
#18=SHAPE_REPRESENTATION_RELATIONSHIP('','',#2549,#19);
#19=ADVANCED_BREP_SHAPE_REPRESENTATION('',(#2547),#4543);
#20=CONICAL_SURFACE('',#2652,0.0121572882076961,0.139626340159547);
#21=CONICAL_SURFACE('',#2661,0.0165,0.523598775598299);
#22=CONICAL_SURFACE('',#2731,0.0165,0.523598775598299);
#23=CONICAL_SURFACE('',#2733,0.0165,0.523598775598299);
#24=CONICAL_SURFACE('',#2735,0.0165,0.523598775598299);
#25=CONICAL_SURFACE('',#2737,0.0165,0.523598775598299);
#26=CONICAL_SURFACE('',#2739,0.0165,0.523598775598299);
#27=CONICAL_SURFACE('',#2741,0.0165,0.523598775598299);
#28=CONICAL_SURFACE('',#2743,0.0165,0.523598775598299);
#29=CONICAL_SURFACE('',#2766,0.0121572882076961,0.139626340159547);
#30=CONICAL_SURFACE('',#2768,0.0121572882076961,0.139626340159547);
#31=CONICAL_SURFACE('',#2770,0.0121572882076961,0.139626340159547);
#32=CONICAL_SURFACE('',#2772,0.0121572882076961,0.139626340159547);
#33=CONICAL_SURFACE('',#2774,0.0121572882076961,0.139626340159547);
#34=CONICAL_SURFACE('',#2776,0.0121572882076961,0.139626340159547);
#35=CONICAL_SURFACE('',#2814,0.0121572882076961,0.139626340159547);
#36=CYLINDRICAL_SURFACE('',#2642,0.0146);
#37=CYLINDRICAL_SURFACE('',#2657,0.0146);
#38=CYLINDRICAL_SURFACE('',#2682,0.0146);
#39=CYLINDRICAL_SURFACE('',#2684,0.0146);
#40=CYLINDRICAL_SURFACE('',#2686,0.0146);
#41=CYLINDRICAL_SURFACE('',#2688,0.0146);
#42=CYLINDRICAL_SURFACE('',#2690,0.0146);
#43=CYLINDRICAL_SURFACE('',#2692,0.0146);
#44=CYLINDRICAL_SURFACE('',#2694,0.0146);
#45=CYLINDRICAL_SURFACE('',#2793,0.0146);
#46=CYLINDRICAL_SURFACE('',#2795,0.0146);
#47=CYLINDRICAL_SURFACE('',#2797,0.0146);
#48=CYLINDRICAL_SURFACE('',#2799,0.0146);
#49=CYLINDRICAL_SURFACE('',#2801,0.0146);
#50=CYLINDRICAL_SURFACE('',#2803,0.0146);
#51=CYLINDRICAL_SURFACE('',#2805,0.0146);
#52=CYLINDRICAL_SURFACE('',#2815,0.008);
#53=CIRCLE('',#2552,71.8215341352526);
#54=CIRCLE('',#2555,0.008);
#55=CIRCLE('',#2556,0.0150566243270259);
#56=CIRCLE('',#2558,0.008);
#57=CIRCLE('',#2559,0.0150566243270259);
#58=CIRCLE('',#2561,71.8214946344878);
#59=CIRCLE('',#2564,0.008);
#60=CIRCLE('',#2565,0.0150566243270259);
#61=CIRCLE('',#2567,71.8215341598094);
#62=CIRCLE('',#2570,0.008);
#63=CIRCLE('',#2571,0.0150566243270259);
#64=CIRCLE('',#2573,71.8214946854466);
#65=CIRCLE('',#2576,0.008);
#66=CIRCLE('',#2577,0.0150566243270259);
#67=CIRCLE('',#2579,71.821494710037);
#68=CIRCLE('',#2582,0.008);
#69=CIRCLE('',#2583,0.0150566243270259);
#70=CIRCLE('',#2585,71.8215341216658);
#71=CIRCLE('',#2588,0.008);
#72=CIRCLE('',#2589,0.0150566243270259);
#73=CIRCLE('',#2591,71.8215736905756);
#74=CIRCLE('',#2596,0.008);
#75=CIRCLE('',#2597,0.0125789107118033);
#76=CIRCLE('',#2599,0.008);
#77=CIRCLE('',#2600,0.0125789107118033);
#78=CIRCLE('',#2604,0.008);
#79=CIRCLE('',#2605,0.0125789107118033);
#80=CIRCLE('',#2609,0.008);
#81=CIRCLE('',#2610,0.0125789107118033);
#82=CIRCLE('',#2614,0.008);
#83=CIRCLE('',#2615,0.0125789107118033);
#84=CIRCLE('',#2619,0.008);
#85=CIRCLE('',#2620,0.0125789107118033);
#86=CIRCLE('',#2624,0.008);
#87=CIRCLE('',#2625,0.0125789107118033);
#88=CIRCLE('',#2629,0.008);
#89=CIRCLE('',#2630,0.0150566243270259);
#90=CIRCLE('',#2633,71.8214947667659);
#91=CIRCLE('',#2635,0.008);
#92=CIRCLE('',#2636,0.0125789107118033);
#93=CIRCLE('',#2640,0.0165);
#94=CIRCLE('',#2641,0.0146);
#95=CIRCLE('',#2643,0.0146);
#96=CIRCLE('',#2645,0.0165);
#97=CIRCLE('',#2647,0.008);
#98=CIRCLE('',#2648,0.013324573519457);
#99=CIRCLE('',#2650,0.008);
#100=CIRCLE('',#2651,0.0121572882076961);
#101=CIRCLE('',#2653,0.0165);
#102=CIRCLE('',#2654,0.0165);
#103=CIRCLE('',#2656,0.0146);
#104=CIRCLE('',#2658,0.0146);
#105=CIRCLE('',#2660,0.0165);
#106=CIRCLE('',#2663,0.0146);
#107=CIRCLE('',#2665,0.0146);
#108=CIRCLE('',#2666,0.0165);
#109=CIRCLE('',#2668,0.0146);
#110=CIRCLE('',#2669,0.0165);
#111=CIRCLE('',#2671,0.0146);
#112=CIRCLE('',#2672,0.0165);
#113=CIRCLE('',#2674,0.0146);
#114=CIRCLE('',#2675,0.0165);
#115=CIRCLE('',#2677,0.0146);
#116=CIRCLE('',#2678,0.0165);
#117=CIRCLE('',#2680,0.0146);
#118=CIRCLE('',#2681,0.0165);
#119=CIRCLE('',#2683,0.0146);
#120=CIRCLE('',#2685,0.0146);
#121=CIRCLE('',#2687,0.0146);
#122=CIRCLE('',#2689,0.0146);
#123=CIRCLE('',#2691,0.0146);
#124=CIRCLE('',#2693,0.0146);
#125=CIRCLE('',#2695,0.0146);
#126=CIRCLE('',#2697,0.0165);
#127=CIRCLE('',#2699,0.0165);
#128=CIRCLE('',#2701,0.0165);
#129=CIRCLE('',#2703,0.0165);
#130=CIRCLE('',#2705,0.0165);
#131=CIRCLE('',#2707,0.0165);
#132=CIRCLE('',#2709,0.0165);
#133=CIRCLE('',#2711,0.008);
#134=CIRCLE('',#2712,0.013324573519457);
#135=CIRCLE('',#2714,0.008);
#136=CIRCLE('',#2715,0.013324573519457);
#137=CIRCLE('',#2717,0.008);
#138=CIRCLE('',#2718,0.013324573519457);
#139=CIRCLE('',#2720,0.008);
#140=CIRCLE('',#2721,0.013324573519457);
#141=CIRCLE('',#2723,0.008);
#142=CIRCLE('',#2724,0.013324573519457);
#143=CIRCLE('',#2726,0.008);
#144=CIRCLE('',#2727,0.013324573519457);
#145=CIRCLE('',#2729,0.008);
#146=CIRCLE('',#2730,0.013324573519457);
#147=CIRCLE('',#2732,0.0165);
#148=CIRCLE('',#2734,0.0165);
#149=CIRCLE('',#2736,0.0165);
#150=CIRCLE('',#2738,0.0165);
#151=CIRCLE('',#2740,0.0165);
#152=CIRCLE('',#2742,0.0165);
#153=CIRCLE('',#2744,0.0165);
#154=CIRCLE('',#2746,0.008);
#155=CIRCLE('',#2747,0.0121572882076961);
#156=CIRCLE('',#2749,0.008);
#157=CIRCLE('',#2750,0.0121572882076961);
#158=CIRCLE('',#2752,0.008);
#159=CIRCLE('',#2753,0.0121572882076961);
#160=CIRCLE('',#2755,0.008);
#161=CIRCLE('',#2756,0.0121572882076961);
#162=CIRCLE('',#2758,0.008);
#163=CIRCLE('',#2759,0.0121572882076961);
#164=CIRCLE('',#2761,0.008);
#165=CIRCLE('',#2762,0.0121572882076961);
#166=CIRCLE('',#2764,0.008);
#167=CIRCLE('',#2765,0.0121572882076961);
#168=CIRCLE('',#2767,0.0165);
#169=CIRCLE('',#2769,0.0165);
#170=CIRCLE('',#2771,0.0165);
#171=CIRCLE('',#2773,0.0165);
#172=CIRCLE('',#2775,0.0165);
#173=CIRCLE('',#2777,0.0165);
#174=CIRCLE('',#2779,0.0146);
#175=CIRCLE('',#2781,0.0146);
#176=CIRCLE('',#2783,0.0146);
#177=CIRCLE('',#2785,0.0146);
#178=CIRCLE('',#2786,0.0165);
#179=CIRCLE('',#2788,0.0146);
#180=CIRCLE('',#2790,0.0146);
#181=CIRCLE('',#2792,0.0146);
#182=CIRCLE('',#2794,0.0146);
#183=CIRCLE('',#2796,0.0146);
#184=CIRCLE('',#2798,0.0146);
#185=CIRCLE('',#2800,0.0146);
#186=CIRCLE('',#2802,0.0146);
#187=CIRCLE('',#2804,0.0146);
#188=CIRCLE('',#2806,0.0146);
#189=B_SPLINE_CURVE_WITH_KNOTS('',3,(#3563,#3564,#3565,#3566),
 .UNSPECIFIED.,.F.,.F.,(4,4),(2.2721322621256E-7,0.0312042763047987),
 .UNSPECIFIED.);
#190=B_SPLINE_CURVE_WITH_KNOTS('',3,(#3611,#3612,#3613,#3614),
 .UNSPECIFIED.,.F.,.F.,(4,4),(2.2721322621256E-7,0.0312042763047987),
 .UNSPECIFIED.);
#191=B_SPLINE_CURVE_WITH_KNOTS('',3,(#3651,#3652,#3653,#3654),
 .UNSPECIFIED.,.F.,.F.,(4,4),(2.2721322621256E-7,0.0312042763047987),
 .UNSPECIFIED.);
#192=B_SPLINE_CURVE_WITH_KNOTS('',3,(#3691,#3692,#3693,#3694),
 .UNSPECIFIED.,.F.,.F.,(4,4),(2.2721322621256E-7,0.0312042763047987),
 .UNSPECIFIED.);
#193=B_SPLINE_CURVE_WITH_KNOTS('',3,(#3731,#3732,#3733,#3734),
 .UNSPECIFIED.,.F.,.F.,(4,4),(2.2721322621256E-7,0.0312042763047987),
 .UNSPECIFIED.);
#194=B_SPLINE_CURVE_WITH_KNOTS('',3,(#3771,#3772,#3773,#3774),
 .UNSPECIFIED.,.F.,.F.,(4,4),(2.2721322621256E-7,0.0312042763047987),
 .UNSPECIFIED.);
#195=B_SPLINE_CURVE_WITH_KNOTS('',3,(#3811,#3812,#3813,#3814),
 .UNSPECIFIED.,.F.,.F.,(4,4),(2.2721322621256E-7,0.0312042763047987),
 .UNSPECIFIED.);
#196=B_SPLINE_CURVE_WITH_KNOTS('',3,(#3843,#3844,#3845,#3846),
 .UNSPECIFIED.,.F.,.F.,(4,4),(2.59815078113935E-7,0.0063513385127759),
 .UNSPECIFIED.);
#197=B_SPLINE_CURVE_WITH_KNOTS('',3,(#3854,#3855,#3856,#3857,#3858,#3859,
#3860),.UNSPECIFIED.,.F.,.F.,(4,3,4),(2.01966287401312E-7,0.0220842338942432,
0.0281744734293192),.UNSPECIFIED.);
#198=B_SPLINE_CURVE_WITH_KNOTS('',3,(#3871,#3872,#3873,#3874,#3875,#3876,
#3877),.UNSPECIFIED.,.F.,.F.,(4,3,4),(2.01966287401654E-7,0.0220842338942432,
0.0281744734293192),.UNSPECIFIED.);
#199=B_SPLINE_CURVE_WITH_KNOTS('',3,(#3885,#3886,#3887,#3888),
 .UNSPECIFIED.,.F.,.F.,(4,4),(2.59815078119944E-7,0.0063513385127759),
 .UNSPECIFIED.);
#200=B_SPLINE_CURVE_WITH_KNOTS('',3,(#3906,#3907,#3908,#3909,#3910,#3911,
#3912,#3913,#3914,#3915),.UNSPECIFIED.,.F.,.F.,(4,3,3,4),(0.0194798887274996,
0.0229264035186531,0.0458528070365183,0.047654160190208),.UNSPECIFIED.);
#201=B_SPLINE_CURVE_WITH_KNOTS('',3,(#3923,#3924,#3925,#3926,#3927,#3928,
#3929),.UNSPECIFIED.,.F.,.F.,(4,3,4),(0.0163760680571441,0.0197504703796153,
0.0227271467559656),.UNSPECIFIED.);
#202=B_SPLINE_CURVE_WITH_KNOTS('',3,(#3935,#3936,#3937,#3938,#3939,#3940,
#3941),.UNSPECIFIED.,.F.,.F.,(4,3,4),(0.0163760680571441,0.0197504703796153,
0.0227271467559656),.UNSPECIFIED.);
#203=B_SPLINE_CURVE_WITH_KNOTS('',3,(#3949,#3950,#3951,#3952,#3953,#3954,
#3955,#3956,#3957,#3958),.UNSPECIFIED.,.F.,.F.,(4,3,3,4),(0.0194798887274996,
0.0229264035186531,0.0458528070365183,0.047654160190208),.UNSPECIFIED.);
#204=B_SPLINE_CURVE_WITH_KNOTS('',3,(#3973,#3974,#3975,#3976,#3977,#3978,
#3979),.UNSPECIFIED.,.F.,.F.,(4,3,4),(2.01966287400883E-7,0.0220842338942432,
0.0281744734293192),.UNSPECIFIED.);
#205=B_SPLINE_CURVE_WITH_KNOTS('',3,(#3987,#3988,#3989,#3990),
 .UNSPECIFIED.,.F.,.F.,(4,4),(2.59815078113935E-7,0.0063513385127759),
 .UNSPECIFIED.);
#206=B_SPLINE_CURVE_WITH_KNOTS('',3,(#3996,#3997,#3998,#3999),
 .UNSPECIFIED.,.F.,.F.,(4,4),(2.59815078113935E-7,0.0063513385127759),
 .UNSPECIFIED.);
#207=B_SPLINE_CURVE_WITH_KNOTS('',3,(#4007,#4008,#4009,#4010,#4011,#4012,
#4013),.UNSPECIFIED.,.F.,.F.,(4,3,4),(2.01966287400883E-7,0.0220842338942432,
0.0281744734293192),.UNSPECIFIED.);
#208=B_SPLINE_CURVE_WITH_KNOTS('',3,(#4028,#4029,#4030,#4031,#4032,#4033,
#4034,#4035,#4036,#4037),.UNSPECIFIED.,.F.,.F.,(4,3,3,4),(0.0194798887274996,
0.0229264035186531,0.0458528070365183,0.047654160190208),.UNSPECIFIED.);
#209=B_SPLINE_CURVE_WITH_KNOTS('',3,(#4045,#4046,#4047,#4048,#4049,#4050,
#4051),.UNSPECIFIED.,.F.,.F.,(4,3,4),(0.0163760680571441,0.0197504703796153,
0.0227271467559656),.UNSPECIFIED.);
#210=B_SPLINE_CURVE_WITH_KNOTS('',3,(#4057,#4058,#4059,#4060,#4061,#4062,
#4063),.UNSPECIFIED.,.F.,.F.,(4,3,4),(0.0163760680571441,0.0197504703796153,
0.0227271467559656),.UNSPECIFIED.);
#211=B_SPLINE_CURVE_WITH_KNOTS('',3,(#4071,#4072,#4073,#4074,#4075,#4076,
#4077,#4078,#4079,#4080),.UNSPECIFIED.,.F.,.F.,(4,3,3,4),(0.0194798887274996,
0.0229264035186531,0.0458528070365183,0.047654160190208),.UNSPECIFIED.);
#212=B_SPLINE_CURVE_WITH_KNOTS('',3,(#4095,#4096,#4097,#4098,#4099,#4100,
#4101),.UNSPECIFIED.,.F.,.F.,(4,3,4),(2.01966287400883E-7,0.0220842338942432,
0.0281744734293192),.UNSPECIFIED.);
#213=B_SPLINE_CURVE_WITH_KNOTS('',3,(#4109,#4110,#4111,#4112),
 .UNSPECIFIED.,.F.,.F.,(4,4),(2.59815078113935E-7,0.0063513385127759),
 .UNSPECIFIED.);
#214=B_SPLINE_CURVE_WITH_KNOTS('',3,(#4118,#4119,#4120,#4121),
 .UNSPECIFIED.,.F.,.F.,(4,4),(2.59815078113935E-7,0.0063513385127759),
 .UNSPECIFIED.);
#215=B_SPLINE_CURVE_WITH_KNOTS('',3,(#4129,#4130,#4131,#4132,#4133,#4134,
#4135),.UNSPECIFIED.,.F.,.F.,(4,3,4),(2.01966287400883E-7,0.0220842338942432,
0.0281744734293192),.UNSPECIFIED.);
#216=B_SPLINE_CURVE_WITH_KNOTS('',3,(#4150,#4151,#4152,#4153,#4154,#4155,
#4156,#4157,#4158,#4159),.UNSPECIFIED.,.F.,.F.,(4,3,3,4),(0.0194798887274996,
0.0229264035186531,0.0458528070365183,0.047654160190208),.UNSPECIFIED.);
#217=B_SPLINE_CURVE_WITH_KNOTS('',3,(#4167,#4168,#4169,#4170,#4171,#4172,
#4173),.UNSPECIFIED.,.F.,.F.,(4,3,4),(0.0163760680571441,0.0197504703796153,
0.0227271467559656),.UNSPECIFIED.);
#218=B_SPLINE_CURVE_WITH_KNOTS('',3,(#4179,#4180,#4181,#4182,#4183,#4184,
#4185),.UNSPECIFIED.,.F.,.F.,(4,3,4),(0.0163760680571441,0.0197504703796153,
0.0227271467559656),.UNSPECIFIED.);
#219=B_SPLINE_CURVE_WITH_KNOTS('',3,(#4193,#4194,#4195,#4196,#4197,#4198,
#4199,#4200,#4201,#4202),.UNSPECIFIED.,.F.,.F.,(4,3,3,4),(0.0194798887274996,
0.0229264035186531,0.0458528070365183,0.047654160190208),.UNSPECIFIED.);
#220=B_SPLINE_CURVE_WITH_KNOTS('',3,(#4217,#4218,#4219,#4220,#4221,#4222,
#4223),.UNSPECIFIED.,.F.,.F.,(4,3,4),(2.01966287400883E-7,0.0220842338942432,
0.0281744734293192),.UNSPECIFIED.);
#221=B_SPLINE_CURVE_WITH_KNOTS('',3,(#4231,#4232,#4233,#4234),
 .UNSPECIFIED.,.F.,.F.,(4,4),(2.59815078113935E-7,0.0063513385127759),
 .UNSPECIFIED.);
#222=B_SPLINE_CURVE_WITH_KNOTS('',3,(#4240,#4241,#4242,#4243),
 .UNSPECIFIED.,.F.,.F.,(4,4),(2.59815078113935E-7,0.0063513385127759),
 .UNSPECIFIED.);
#223=B_SPLINE_CURVE_WITH_KNOTS('',3,(#4251,#4252,#4253,#4254,#4255,#4256,
#4257),.UNSPECIFIED.,.F.,.F.,(4,3,4),(2.01966287400453E-7,0.0220842338942432,
0.0281744734293192),.UNSPECIFIED.);
#224=B_SPLINE_CURVE_WITH_KNOTS('',3,(#4286,#4287,#4288,#4289),
 .UNSPECIFIED.,.F.,.F.,(4,4),(2.01967312188569E-7,0.0312042631770144),
 .UNSPECIFIED.);
#225=B_SPLINE_CURVE_WITH_KNOTS('',3,(#4312,#4313,#4314,#4315,#4316,#4317,
#4318,#4319,#4320,#4321),.UNSPECIFIED.,.F.,.F.,(4,3,3,4),(0.0194957630714849,
0.0229212706137758,0.0458425412267632,0.0476700345341931),.UNSPECIFIED.);
#226=B_SPLINE_CURVE_WITH_KNOTS('',3,(#4329,#4330,#4331,#4332,#4333,#4334,
#4335),.UNSPECIFIED.,.F.,.F.,(4,3,4),(0.0163135738056037,0.0197254732138469,
0.0226646663613954),.UNSPECIFIED.);
#227=B_SPLINE_CURVE_WITH_KNOTS('',3,(#4341,#4342,#4343,#4344,#4345,#4346,
#4347),.UNSPECIFIED.,.F.,.F.,(4,3,4),(0.0163135738056037,0.0197254732138469,
0.0226646663613954),.UNSPECIFIED.);
#228=B_SPLINE_CURVE_WITH_KNOTS('',3,(#4355,#4356,#4357,#4358,#4359,#4360,
#4361,#4362,#4363,#4364),.UNSPECIFIED.,.F.,.F.,(4,3,3,4),(0.0194957630714849,
0.0229212706137758,0.0458425412267632,0.0476700345341931),.UNSPECIFIED.);
#229=ORIENTED_EDGE('',*,*,#997,.F.);
#230=ORIENTED_EDGE('',*,*,#998,.F.);
#231=ORIENTED_EDGE('',*,*,#999,.F.);
#232=ORIENTED_EDGE('',*,*,#1000,.F.);
#233=ORIENTED_EDGE('',*,*,#1001,.F.);
#234=ORIENTED_EDGE('',*,*,#1002,.F.);
#235=ORIENTED_EDGE('',*,*,#1003,.F.);
#236=ORIENTED_EDGE('',*,*,#1004,.F.);
#237=ORIENTED_EDGE('',*,*,#1005,.T.);
#238=ORIENTED_EDGE('',*,*,#1006,.T.);
#239=ORIENTED_EDGE('',*,*,#1007,.T.);
#240=ORIENTED_EDGE('',*,*,#1008,.T.);
#241=ORIENTED_EDGE('',*,*,#1009,.T.);
#242=ORIENTED_EDGE('',*,*,#1010,.T.);
#243=ORIENTED_EDGE('',*,*,#1011,.T.);
#244=ORIENTED_EDGE('',*,*,#1012,.T.);
#245=ORIENTED_EDGE('',*,*,#1007,.F.);
#246=ORIENTED_EDGE('',*,*,#1013,.T.);
#247=ORIENTED_EDGE('',*,*,#1004,.T.);
#248=ORIENTED_EDGE('',*,*,#1014,.T.);
#249=ORIENTED_EDGE('',*,*,#1015,.F.);
#250=ORIENTED_EDGE('',*,*,#1016,.T.);
#251=ORIENTED_EDGE('',*,*,#1017,.T.);
#252=ORIENTED_EDGE('',*,*,#1018,.T.);
#253=ORIENTED_EDGE('',*,*,#1019,.F.);
#254=ORIENTED_EDGE('',*,*,#1020,.F.);
#255=ORIENTED_EDGE('',*,*,#1021,.F.);
#256=ORIENTED_EDGE('',*,*,#1022,.F.);
#257=ORIENTED_EDGE('',*,*,#1023,.F.);
#258=ORIENTED_EDGE('',*,*,#1024,.F.);
#259=ORIENTED_EDGE('',*,*,#1025,.F.);
#260=ORIENTED_EDGE('',*,*,#1017,.F.);
#261=ORIENTED_EDGE('',*,*,#1026,.T.);
#262=ORIENTED_EDGE('',*,*,#1027,.T.);
#263=ORIENTED_EDGE('',*,*,#1015,.T.);
#264=ORIENTED_EDGE('',*,*,#1028,.T.);
#265=ORIENTED_EDGE('',*,*,#1029,.T.);
#266=ORIENTED_EDGE('',*,*,#1030,.T.);
#267=ORIENTED_EDGE('',*,*,#1031,.T.);
#268=ORIENTED_EDGE('',*,*,#1032,.T.);
#269=ORIENTED_EDGE('',*,*,#1033,.F.);
#270=ORIENTED_EDGE('',*,*,#1034,.T.);
#271=ORIENTED_EDGE('',*,*,#1035,.T.);
#272=ORIENTED_EDGE('',*,*,#1036,.T.);
#273=ORIENTED_EDGE('',*,*,#1037,.F.);
#274=ORIENTED_EDGE('',*,*,#1038,.F.);
#275=ORIENTED_EDGE('',*,*,#1039,.F.);
#276=ORIENTED_EDGE('',*,*,#1040,.F.);
#277=ORIENTED_EDGE('',*,*,#1041,.F.);
#278=ORIENTED_EDGE('',*,*,#1042,.F.);
#279=ORIENTED_EDGE('',*,*,#1043,.F.);
#280=ORIENTED_EDGE('',*,*,#1035,.F.);
#281=ORIENTED_EDGE('',*,*,#1044,.T.);
#282=ORIENTED_EDGE('',*,*,#1045,.T.);
#283=ORIENTED_EDGE('',*,*,#1033,.T.);
#284=ORIENTED_EDGE('',*,*,#1046,.T.);
#285=ORIENTED_EDGE('',*,*,#1047,.T.);
#286=ORIENTED_EDGE('',*,*,#1048,.T.);
#287=ORIENTED_EDGE('',*,*,#1049,.T.);
#288=ORIENTED_EDGE('',*,*,#1050,.T.);
#289=ORIENTED_EDGE('',*,*,#1051,.F.);
#290=ORIENTED_EDGE('',*,*,#1052,.T.);
#291=ORIENTED_EDGE('',*,*,#1053,.T.);
#292=ORIENTED_EDGE('',*,*,#1054,.T.);
#293=ORIENTED_EDGE('',*,*,#1055,.F.);
#294=ORIENTED_EDGE('',*,*,#1056,.F.);
#295=ORIENTED_EDGE('',*,*,#1057,.F.);
#296=ORIENTED_EDGE('',*,*,#1058,.F.);
#297=ORIENTED_EDGE('',*,*,#1059,.F.);
#298=ORIENTED_EDGE('',*,*,#1060,.F.);
#299=ORIENTED_EDGE('',*,*,#1061,.F.);
#300=ORIENTED_EDGE('',*,*,#1053,.F.);
#301=ORIENTED_EDGE('',*,*,#1062,.T.);
#302=ORIENTED_EDGE('',*,*,#1063,.T.);
#303=ORIENTED_EDGE('',*,*,#1051,.T.);
#304=ORIENTED_EDGE('',*,*,#1064,.T.);
#305=ORIENTED_EDGE('',*,*,#1065,.T.);
#306=ORIENTED_EDGE('',*,*,#1066,.T.);
#307=ORIENTED_EDGE('',*,*,#1067,.T.);
#308=ORIENTED_EDGE('',*,*,#1068,.T.);
#309=ORIENTED_EDGE('',*,*,#1069,.F.);
#310=ORIENTED_EDGE('',*,*,#1070,.T.);
#311=ORIENTED_EDGE('',*,*,#1071,.T.);
#312=ORIENTED_EDGE('',*,*,#1072,.T.);
#313=ORIENTED_EDGE('',*,*,#1073,.F.);
#314=ORIENTED_EDGE('',*,*,#1074,.F.);
#315=ORIENTED_EDGE('',*,*,#1075,.F.);
#316=ORIENTED_EDGE('',*,*,#1076,.F.);
#317=ORIENTED_EDGE('',*,*,#1077,.F.);
#318=ORIENTED_EDGE('',*,*,#1078,.F.);
#319=ORIENTED_EDGE('',*,*,#1079,.F.);
#320=ORIENTED_EDGE('',*,*,#1071,.F.);
#321=ORIENTED_EDGE('',*,*,#1080,.T.);
#322=ORIENTED_EDGE('',*,*,#1081,.T.);
#323=ORIENTED_EDGE('',*,*,#1069,.T.);
#324=ORIENTED_EDGE('',*,*,#1082,.T.);
#325=ORIENTED_EDGE('',*,*,#1083,.T.);
#326=ORIENTED_EDGE('',*,*,#1084,.T.);
#327=ORIENTED_EDGE('',*,*,#1085,.T.);
#328=ORIENTED_EDGE('',*,*,#1086,.T.);
#329=ORIENTED_EDGE('',*,*,#1087,.F.);
#330=ORIENTED_EDGE('',*,*,#1088,.T.);
#331=ORIENTED_EDGE('',*,*,#1089,.T.);
#332=ORIENTED_EDGE('',*,*,#1090,.T.);
#333=ORIENTED_EDGE('',*,*,#1091,.F.);
#334=ORIENTED_EDGE('',*,*,#1092,.F.);
#335=ORIENTED_EDGE('',*,*,#1093,.F.);
#336=ORIENTED_EDGE('',*,*,#1094,.F.);
#337=ORIENTED_EDGE('',*,*,#1095,.F.);
#338=ORIENTED_EDGE('',*,*,#1096,.F.);
#339=ORIENTED_EDGE('',*,*,#1097,.F.);
#340=ORIENTED_EDGE('',*,*,#1089,.F.);
#341=ORIENTED_EDGE('',*,*,#1098,.T.);
#342=ORIENTED_EDGE('',*,*,#1099,.T.);
#343=ORIENTED_EDGE('',*,*,#1087,.T.);
#344=ORIENTED_EDGE('',*,*,#1100,.T.);
#345=ORIENTED_EDGE('',*,*,#1101,.T.);
#346=ORIENTED_EDGE('',*,*,#1102,.T.);
#347=ORIENTED_EDGE('',*,*,#1103,.T.);
#348=ORIENTED_EDGE('',*,*,#1104,.T.);
#349=ORIENTED_EDGE('',*,*,#1105,.F.);
#350=ORIENTED_EDGE('',*,*,#1106,.T.);
#351=ORIENTED_EDGE('',*,*,#1107,.T.);
#352=ORIENTED_EDGE('',*,*,#1108,.T.);
#353=ORIENTED_EDGE('',*,*,#1109,.F.);
#354=ORIENTED_EDGE('',*,*,#1110,.F.);
#355=ORIENTED_EDGE('',*,*,#1111,.F.);
#356=ORIENTED_EDGE('',*,*,#1112,.F.);
#357=ORIENTED_EDGE('',*,*,#1113,.F.);
#358=ORIENTED_EDGE('',*,*,#1114,.F.);
#359=ORIENTED_EDGE('',*,*,#1115,.F.);
#360=ORIENTED_EDGE('',*,*,#1107,.F.);
#361=ORIENTED_EDGE('',*,*,#1116,.T.);
#362=ORIENTED_EDGE('',*,*,#1117,.T.);
#363=ORIENTED_EDGE('',*,*,#1105,.T.);
#364=ORIENTED_EDGE('',*,*,#1118,.T.);
#365=ORIENTED_EDGE('',*,*,#1119,.T.);
#366=ORIENTED_EDGE('',*,*,#1120,.T.);
#367=ORIENTED_EDGE('',*,*,#1121,.T.);
#368=ORIENTED_EDGE('',*,*,#1122,.T.);
#369=ORIENTED_EDGE('',*,*,#1123,.F.);
#370=ORIENTED_EDGE('',*,*,#1124,.F.);
#371=ORIENTED_EDGE('',*,*,#1125,.F.);
#372=ORIENTED_EDGE('',*,*,#1126,.F.);
#373=ORIENTED_EDGE('',*,*,#1127,.F.);
#374=ORIENTED_EDGE('',*,*,#1128,.F.);
#375=ORIENTED_EDGE('',*,*,#1129,.F.);
#376=ORIENTED_EDGE('',*,*,#1130,.F.);
#377=ORIENTED_EDGE('',*,*,#1131,.T.);
#378=ORIENTED_EDGE('',*,*,#1132,.T.);
#379=ORIENTED_EDGE('',*,*,#1133,.T.);
#380=ORIENTED_EDGE('',*,*,#1134,.T.);
#381=ORIENTED_EDGE('',*,*,#1135,.T.);
#382=ORIENTED_EDGE('',*,*,#1136,.T.);
#383=ORIENTED_EDGE('',*,*,#1137,.T.);
#384=ORIENTED_EDGE('',*,*,#1138,.T.);
#385=ORIENTED_EDGE('',*,*,#1133,.F.);
#386=ORIENTED_EDGE('',*,*,#1139,.T.);
#387=ORIENTED_EDGE('',*,*,#1130,.T.);
#388=ORIENTED_EDGE('',*,*,#1140,.T.);
#389=ORIENTED_EDGE('',*,*,#1141,.F.);
#390=ORIENTED_EDGE('',*,*,#1142,.T.);
#391=ORIENTED_EDGE('',*,*,#1143,.T.);
#392=ORIENTED_EDGE('',*,*,#1144,.T.);
#393=ORIENTED_EDGE('',*,*,#1145,.T.);
#394=ORIENTED_EDGE('',*,*,#1146,.T.);
#395=ORIENTED_EDGE('',*,*,#1141,.T.);
#396=ORIENTED_EDGE('',*,*,#1147,.T.);
#397=ORIENTED_EDGE('',*,*,#1148,.T.);
#398=ORIENTED_EDGE('',*,*,#1149,.T.);
#399=ORIENTED_EDGE('',*,*,#1150,.T.);
#400=ORIENTED_EDGE('',*,*,#1151,.T.);
#401=ORIENTED_EDGE('',*,*,#1152,.F.);
#402=ORIENTED_EDGE('',*,*,#1153,.F.);
#403=ORIENTED_EDGE('',*,*,#1154,.F.);
#404=ORIENTED_EDGE('',*,*,#1155,.F.);
#405=ORIENTED_EDGE('',*,*,#1156,.F.);
#406=ORIENTED_EDGE('',*,*,#1157,.F.);
#407=ORIENTED_EDGE('',*,*,#1158,.F.);
#408=ORIENTED_EDGE('',*,*,#1143,.F.);
#409=ORIENTED_EDGE('',*,*,#1159,.F.);
#410=ORIENTED_EDGE('',*,*,#1160,.T.);
#411=ORIENTED_EDGE('',*,*,#1161,.T.);
#412=ORIENTED_EDGE('',*,*,#1162,.T.);
#413=ORIENTED_EDGE('',*,*,#1163,.T.);
#414=ORIENTED_EDGE('',*,*,#1164,.T.);
#415=ORIENTED_EDGE('',*,*,#1159,.T.);
#416=ORIENTED_EDGE('',*,*,#1165,.T.);
#417=ORIENTED_EDGE('',*,*,#1166,.T.);
#418=ORIENTED_EDGE('',*,*,#1167,.T.);
#419=ORIENTED_EDGE('',*,*,#1168,.T.);
#420=ORIENTED_EDGE('',*,*,#1169,.T.);
#421=ORIENTED_EDGE('',*,*,#1170,.F.);
#422=ORIENTED_EDGE('',*,*,#1171,.F.);
#423=ORIENTED_EDGE('',*,*,#1172,.F.);
#424=ORIENTED_EDGE('',*,*,#1173,.F.);
#425=ORIENTED_EDGE('',*,*,#1174,.F.);
#426=ORIENTED_EDGE('',*,*,#1175,.F.);
#427=ORIENTED_EDGE('',*,*,#1176,.F.);
#428=ORIENTED_EDGE('',*,*,#1161,.F.);
#429=ORIENTED_EDGE('',*,*,#1177,.F.);
#430=ORIENTED_EDGE('',*,*,#1178,.T.);
#431=ORIENTED_EDGE('',*,*,#1179,.T.);
#432=ORIENTED_EDGE('',*,*,#1180,.T.);
#433=ORIENTED_EDGE('',*,*,#1181,.T.);
#434=ORIENTED_EDGE('',*,*,#1182,.T.);
#435=ORIENTED_EDGE('',*,*,#1177,.T.);
#436=ORIENTED_EDGE('',*,*,#1183,.T.);
#437=ORIENTED_EDGE('',*,*,#1184,.T.);
#438=ORIENTED_EDGE('',*,*,#1185,.T.);
#439=ORIENTED_EDGE('',*,*,#1186,.T.);
#440=ORIENTED_EDGE('',*,*,#1187,.T.);
#441=ORIENTED_EDGE('',*,*,#1188,.F.);
#442=ORIENTED_EDGE('',*,*,#1189,.F.);
#443=ORIENTED_EDGE('',*,*,#1190,.F.);
#444=ORIENTED_EDGE('',*,*,#1191,.F.);
#445=ORIENTED_EDGE('',*,*,#1192,.F.);
#446=ORIENTED_EDGE('',*,*,#1193,.F.);
#447=ORIENTED_EDGE('',*,*,#1194,.F.);
#448=ORIENTED_EDGE('',*,*,#1179,.F.);
#449=ORIENTED_EDGE('',*,*,#1195,.F.);
#450=ORIENTED_EDGE('',*,*,#1196,.T.);
#451=ORIENTED_EDGE('',*,*,#1197,.T.);
#452=ORIENTED_EDGE('',*,*,#1198,.T.);
#453=ORIENTED_EDGE('',*,*,#1199,.T.);
#454=ORIENTED_EDGE('',*,*,#1200,.T.);
#455=ORIENTED_EDGE('',*,*,#1195,.T.);
#456=ORIENTED_EDGE('',*,*,#1201,.T.);
#457=ORIENTED_EDGE('',*,*,#1202,.T.);
#458=ORIENTED_EDGE('',*,*,#1203,.T.);
#459=ORIENTED_EDGE('',*,*,#1204,.T.);
#460=ORIENTED_EDGE('',*,*,#1205,.T.);
#461=ORIENTED_EDGE('',*,*,#1206,.F.);
#462=ORIENTED_EDGE('',*,*,#1207,.F.);
#463=ORIENTED_EDGE('',*,*,#1208,.F.);
#464=ORIENTED_EDGE('',*,*,#1209,.F.);
#465=ORIENTED_EDGE('',*,*,#1210,.F.);
#466=ORIENTED_EDGE('',*,*,#1211,.F.);
#467=ORIENTED_EDGE('',*,*,#1212,.F.);
#468=ORIENTED_EDGE('',*,*,#1197,.F.);
#469=ORIENTED_EDGE('',*,*,#1213,.F.);
#470=ORIENTED_EDGE('',*,*,#1214,.T.);
#471=ORIENTED_EDGE('',*,*,#1215,.T.);
#472=ORIENTED_EDGE('',*,*,#1216,.T.);
#473=ORIENTED_EDGE('',*,*,#1217,.T.);
#474=ORIENTED_EDGE('',*,*,#1218,.T.);
#475=ORIENTED_EDGE('',*,*,#1213,.T.);
#476=ORIENTED_EDGE('',*,*,#1219,.T.);
#477=ORIENTED_EDGE('',*,*,#1220,.T.);
#478=ORIENTED_EDGE('',*,*,#1221,.T.);
#479=ORIENTED_EDGE('',*,*,#1222,.T.);
#480=ORIENTED_EDGE('',*,*,#1223,.T.);
#481=ORIENTED_EDGE('',*,*,#1224,.F.);
#482=ORIENTED_EDGE('',*,*,#1225,.F.);
#483=ORIENTED_EDGE('',*,*,#1226,.F.);
#484=ORIENTED_EDGE('',*,*,#1227,.F.);
#485=ORIENTED_EDGE('',*,*,#1228,.F.);
#486=ORIENTED_EDGE('',*,*,#1229,.F.);
#487=ORIENTED_EDGE('',*,*,#1230,.F.);
#488=ORIENTED_EDGE('',*,*,#1215,.F.);
#489=ORIENTED_EDGE('',*,*,#1231,.F.);
#490=ORIENTED_EDGE('',*,*,#1232,.T.);
#491=ORIENTED_EDGE('',*,*,#1233,.T.);
#492=ORIENTED_EDGE('',*,*,#1234,.T.);
#493=ORIENTED_EDGE('',*,*,#1235,.T.);
#494=ORIENTED_EDGE('',*,*,#1236,.T.);
#495=ORIENTED_EDGE('',*,*,#1231,.T.);
#496=ORIENTED_EDGE('',*,*,#1237,.T.);
#497=ORIENTED_EDGE('',*,*,#1238,.T.);
#498=ORIENTED_EDGE('',*,*,#1239,.T.);
#499=ORIENTED_EDGE('',*,*,#1240,.T.);
#500=ORIENTED_EDGE('',*,*,#1241,.T.);
#501=ORIENTED_EDGE('',*,*,#1242,.F.);
#502=ORIENTED_EDGE('',*,*,#1243,.F.);
#503=ORIENTED_EDGE('',*,*,#1244,.F.);
#504=ORIENTED_EDGE('',*,*,#1245,.F.);
#505=ORIENTED_EDGE('',*,*,#1246,.F.);
#506=ORIENTED_EDGE('',*,*,#1247,.F.);
#507=ORIENTED_EDGE('',*,*,#1248,.F.);
#508=ORIENTED_EDGE('',*,*,#1233,.F.);
#509=ORIENTED_EDGE('',*,*,#1249,.F.);
#510=ORIENTED_EDGE('',*,*,#1250,.T.);
#511=ORIENTED_EDGE('',*,*,#1251,.T.);
#512=ORIENTED_EDGE('',*,*,#1252,.T.);
#513=ORIENTED_EDGE('',*,*,#1253,.T.);
#514=ORIENTED_EDGE('',*,*,#1254,.T.);
#515=ORIENTED_EDGE('',*,*,#1249,.T.);
#516=ORIENTED_EDGE('',*,*,#1255,.T.);
#517=ORIENTED_EDGE('',*,*,#1256,.T.);
#518=ORIENTED_EDGE('',*,*,#1257,.T.);
#519=ORIENTED_EDGE('',*,*,#1258,.T.);
#520=ORIENTED_EDGE('',*,*,#1259,.T.);
#521=ORIENTED_EDGE('',*,*,#1260,.F.);
#522=ORIENTED_EDGE('',*,*,#1261,.F.);
#523=ORIENTED_EDGE('',*,*,#1262,.F.);
#524=ORIENTED_EDGE('',*,*,#1263,.F.);
#525=ORIENTED_EDGE('',*,*,#1264,.F.);
#526=ORIENTED_EDGE('',*,*,#1265,.F.);
#527=ORIENTED_EDGE('',*,*,#1266,.F.);
#528=ORIENTED_EDGE('',*,*,#1251,.F.);
#529=ORIENTED_EDGE('',*,*,#1267,.F.);
#530=ORIENTED_EDGE('',*,*,#1268,.T.);
#531=ORIENTED_EDGE('',*,*,#1269,.T.);
#532=ORIENTED_EDGE('',*,*,#1270,.T.);
#533=ORIENTED_EDGE('',*,*,#1271,.T.);
#534=ORIENTED_EDGE('',*,*,#1272,.T.);
#535=ORIENTED_EDGE('',*,*,#1267,.T.);
#536=ORIENTED_EDGE('',*,*,#1273,.T.);
#537=ORIENTED_EDGE('',*,*,#1274,.T.);
#538=ORIENTED_EDGE('',*,*,#1275,.T.);
#539=ORIENTED_EDGE('',*,*,#1276,.T.);
#540=ORIENTED_EDGE('',*,*,#1277,.T.);
#541=ORIENTED_EDGE('',*,*,#1278,.F.);
#542=ORIENTED_EDGE('',*,*,#1279,.F.);
#543=ORIENTED_EDGE('',*,*,#1280,.F.);
#544=ORIENTED_EDGE('',*,*,#1281,.F.);
#545=ORIENTED_EDGE('',*,*,#1282,.F.);
#546=ORIENTED_EDGE('',*,*,#1283,.F.);
#547=ORIENTED_EDGE('',*,*,#1284,.F.);
#548=ORIENTED_EDGE('',*,*,#1269,.F.);
#549=ORIENTED_EDGE('',*,*,#1135,.F.);
#550=ORIENTED_EDGE('',*,*,#1285,.F.);
#551=ORIENTED_EDGE('',*,*,#1258,.F.);
#552=ORIENTED_EDGE('',*,*,#1286,.T.);
#553=ORIENTED_EDGE('',*,*,#1136,.F.);
#554=ORIENTED_EDGE('',*,*,#1286,.F.);
#555=ORIENTED_EDGE('',*,*,#1257,.F.);
#556=ORIENTED_EDGE('',*,*,#1287,.T.);
#557=ORIENTED_EDGE('',*,*,#1137,.F.);
#558=ORIENTED_EDGE('',*,*,#1287,.F.);
#559=ORIENTED_EDGE('',*,*,#1256,.F.);
#560=ORIENTED_EDGE('',*,*,#1288,.T.);
#561=ORIENTED_EDGE('',*,*,#1289,.F.);
#562=ORIENTED_EDGE('',*,*,#1131,.F.);
#563=ORIENTED_EDGE('',*,*,#1290,.F.);
#564=ORIENTED_EDGE('',*,*,#1279,.T.);
#565=ORIENTED_EDGE('',*,*,#1291,.F.);
#566=ORIENTED_EDGE('',*,*,#1116,.F.);
#567=ORIENTED_EDGE('',*,*,#1292,.T.);
#568=ORIENTED_EDGE('',*,*,#1261,.T.);
#569=ORIENTED_EDGE('',*,*,#1122,.F.);
#570=ORIENTED_EDGE('',*,*,#1293,.T.);
#571=ORIENTED_EDGE('',*,*,#1273,.F.);
#572=ORIENTED_EDGE('',*,*,#1270,.F.);
#573=ORIENTED_EDGE('',*,*,#1284,.T.);
#574=ORIENTED_EDGE('',*,*,#1294,.T.);
#575=ORIENTED_EDGE('',*,*,#1262,.T.);
#576=ORIENTED_EDGE('',*,*,#1292,.F.);
#577=ORIENTED_EDGE('',*,*,#1295,.T.);
#578=ORIENTED_EDGE('',*,*,#1263,.T.);
#579=ORIENTED_EDGE('',*,*,#1294,.F.);
#580=ORIENTED_EDGE('',*,*,#1283,.T.);
#581=ORIENTED_EDGE('',*,*,#1296,.T.);
#582=ORIENTED_EDGE('',*,*,#1264,.T.);
#583=ORIENTED_EDGE('',*,*,#1295,.F.);
#584=ORIENTED_EDGE('',*,*,#1282,.T.);
#585=ORIENTED_EDGE('',*,*,#1297,.T.);
#586=ORIENTED_EDGE('',*,*,#1265,.T.);
#587=ORIENTED_EDGE('',*,*,#1296,.F.);
#588=ORIENTED_EDGE('',*,*,#1281,.T.);
#589=ORIENTED_EDGE('',*,*,#1138,.F.);
#590=ORIENTED_EDGE('',*,*,#1288,.F.);
#591=ORIENTED_EDGE('',*,*,#1255,.F.);
#592=ORIENTED_EDGE('',*,*,#1252,.F.);
#593=ORIENTED_EDGE('',*,*,#1266,.T.);
#594=ORIENTED_EDGE('',*,*,#1297,.F.);
#595=ORIENTED_EDGE('',*,*,#1280,.T.);
#596=ORIENTED_EDGE('',*,*,#1290,.T.);
#597=ORIENTED_EDGE('',*,*,#1121,.F.);
#598=ORIENTED_EDGE('',*,*,#1298,.T.);
#599=ORIENTED_EDGE('',*,*,#1274,.F.);
#600=ORIENTED_EDGE('',*,*,#1293,.F.);
#601=ORIENTED_EDGE('',*,*,#1103,.F.);
#602=ORIENTED_EDGE('',*,*,#1299,.T.);
#603=ORIENTED_EDGE('',*,*,#1238,.F.);
#604=ORIENTED_EDGE('',*,*,#1300,.F.);
#605=ORIENTED_EDGE('',*,*,#1085,.F.);
#606=ORIENTED_EDGE('',*,*,#1301,.T.);
#607=ORIENTED_EDGE('',*,*,#1220,.F.);
#608=ORIENTED_EDGE('',*,*,#1302,.F.);
#609=ORIENTED_EDGE('',*,*,#1067,.F.);
#610=ORIENTED_EDGE('',*,*,#1303,.T.);
#611=ORIENTED_EDGE('',*,*,#1202,.F.);
#612=ORIENTED_EDGE('',*,*,#1304,.F.);
#613=ORIENTED_EDGE('',*,*,#1049,.F.);
#614=ORIENTED_EDGE('',*,*,#1305,.T.);
#615=ORIENTED_EDGE('',*,*,#1184,.F.);
#616=ORIENTED_EDGE('',*,*,#1306,.F.);
#617=ORIENTED_EDGE('',*,*,#1031,.F.);
#618=ORIENTED_EDGE('',*,*,#1307,.T.);
#619=ORIENTED_EDGE('',*,*,#1166,.F.);
#620=ORIENTED_EDGE('',*,*,#1308,.F.);
#621=ORIENTED_EDGE('',*,*,#1011,.F.);
#622=ORIENTED_EDGE('',*,*,#1309,.T.);
#623=ORIENTED_EDGE('',*,*,#1148,.F.);
#624=ORIENTED_EDGE('',*,*,#1310,.F.);
#625=ORIENTED_EDGE('',*,*,#1120,.F.);
#626=ORIENTED_EDGE('',*,*,#1311,.T.);
#627=ORIENTED_EDGE('',*,*,#1275,.F.);
#628=ORIENTED_EDGE('',*,*,#1298,.F.);
#629=ORIENTED_EDGE('',*,*,#1102,.F.);
#630=ORIENTED_EDGE('',*,*,#1312,.T.);
#631=ORIENTED_EDGE('',*,*,#1239,.F.);
#632=ORIENTED_EDGE('',*,*,#1299,.F.);
#633=ORIENTED_EDGE('',*,*,#1084,.F.);
#634=ORIENTED_EDGE('',*,*,#1313,.T.);
#635=ORIENTED_EDGE('',*,*,#1221,.F.);
#636=ORIENTED_EDGE('',*,*,#1301,.F.);
#637=ORIENTED_EDGE('',*,*,#1066,.F.);
#638=ORIENTED_EDGE('',*,*,#1314,.T.);
#639=ORIENTED_EDGE('',*,*,#1203,.F.);
#640=ORIENTED_EDGE('',*,*,#1303,.F.);
#641=ORIENTED_EDGE('',*,*,#1048,.F.);
#642=ORIENTED_EDGE('',*,*,#1315,.T.);
#643=ORIENTED_EDGE('',*,*,#1185,.F.);
#644=ORIENTED_EDGE('',*,*,#1305,.F.);
#645=ORIENTED_EDGE('',*,*,#1030,.F.);
#646=ORIENTED_EDGE('',*,*,#1316,.T.);
#647=ORIENTED_EDGE('',*,*,#1167,.F.);
#648=ORIENTED_EDGE('',*,*,#1307,.F.);
#649=ORIENTED_EDGE('',*,*,#1010,.F.);
#650=ORIENTED_EDGE('',*,*,#1317,.T.);
#651=ORIENTED_EDGE('',*,*,#1149,.F.);
#652=ORIENTED_EDGE('',*,*,#1309,.F.);
#653=ORIENTED_EDGE('',*,*,#1119,.F.);
#654=ORIENTED_EDGE('',*,*,#1318,.T.);
#655=ORIENTED_EDGE('',*,*,#1276,.F.);
#656=ORIENTED_EDGE('',*,*,#1311,.F.);
#657=ORIENTED_EDGE('',*,*,#1101,.F.);
#658=ORIENTED_EDGE('',*,*,#1319,.T.);
#659=ORIENTED_EDGE('',*,*,#1240,.F.);
#660=ORIENTED_EDGE('',*,*,#1312,.F.);
#661=ORIENTED_EDGE('',*,*,#1083,.F.);
#662=ORIENTED_EDGE('',*,*,#1320,.T.);
#663=ORIENTED_EDGE('',*,*,#1222,.F.);
#664=ORIENTED_EDGE('',*,*,#1313,.F.);
#665=ORIENTED_EDGE('',*,*,#1065,.F.);
#666=ORIENTED_EDGE('',*,*,#1321,.T.);
#667=ORIENTED_EDGE('',*,*,#1204,.F.);
#668=ORIENTED_EDGE('',*,*,#1314,.F.);
#669=ORIENTED_EDGE('',*,*,#1047,.F.);
#670=ORIENTED_EDGE('',*,*,#1322,.T.);
#671=ORIENTED_EDGE('',*,*,#1186,.F.);
#672=ORIENTED_EDGE('',*,*,#1315,.F.);
#673=ORIENTED_EDGE('',*,*,#1029,.F.);
#674=ORIENTED_EDGE('',*,*,#1323,.T.);
#675=ORIENTED_EDGE('',*,*,#1168,.F.);
#676=ORIENTED_EDGE('',*,*,#1316,.F.);
#677=ORIENTED_EDGE('',*,*,#1009,.F.);
#678=ORIENTED_EDGE('',*,*,#1324,.T.);
#679=ORIENTED_EDGE('',*,*,#1150,.F.);
#680=ORIENTED_EDGE('',*,*,#1317,.F.);
#681=ORIENTED_EDGE('',*,*,#1325,.F.);
#682=ORIENTED_EDGE('',*,*,#1271,.F.);
#683=ORIENTED_EDGE('',*,*,#1326,.F.);
#684=ORIENTED_EDGE('',*,*,#1243,.T.);
#685=ORIENTED_EDGE('',*,*,#1327,.F.);
#686=ORIENTED_EDGE('',*,*,#1235,.F.);
#687=ORIENTED_EDGE('',*,*,#1328,.F.);
#688=ORIENTED_EDGE('',*,*,#1225,.T.);
#689=ORIENTED_EDGE('',*,*,#1329,.F.);
#690=ORIENTED_EDGE('',*,*,#1217,.F.);
#691=ORIENTED_EDGE('',*,*,#1330,.F.);
#692=ORIENTED_EDGE('',*,*,#1207,.T.);
#693=ORIENTED_EDGE('',*,*,#1331,.F.);
#694=ORIENTED_EDGE('',*,*,#1199,.F.);
#695=ORIENTED_EDGE('',*,*,#1332,.F.);
#696=ORIENTED_EDGE('',*,*,#1189,.T.);
#697=ORIENTED_EDGE('',*,*,#1333,.F.);
#698=ORIENTED_EDGE('',*,*,#1181,.F.);
#699=ORIENTED_EDGE('',*,*,#1334,.F.);
#700=ORIENTED_EDGE('',*,*,#1171,.T.);
#701=ORIENTED_EDGE('',*,*,#1335,.F.);
#702=ORIENTED_EDGE('',*,*,#1163,.F.);
#703=ORIENTED_EDGE('',*,*,#1336,.F.);
#704=ORIENTED_EDGE('',*,*,#1153,.T.);
#705=ORIENTED_EDGE('',*,*,#1337,.F.);
#706=ORIENTED_EDGE('',*,*,#1145,.F.);
#707=ORIENTED_EDGE('',*,*,#1338,.F.);
#708=ORIENTED_EDGE('',*,*,#1124,.T.);
#709=ORIENTED_EDGE('',*,*,#1118,.F.);
#710=ORIENTED_EDGE('',*,*,#1108,.F.);
#711=ORIENTED_EDGE('',*,*,#1115,.T.);
#712=ORIENTED_EDGE('',*,*,#1339,.F.);
#713=ORIENTED_EDGE('',*,*,#1244,.T.);
#714=ORIENTED_EDGE('',*,*,#1326,.T.);
#715=ORIENTED_EDGE('',*,*,#1277,.F.);
#716=ORIENTED_EDGE('',*,*,#1318,.F.);
#717=ORIENTED_EDGE('',*,*,#1100,.F.);
#718=ORIENTED_EDGE('',*,*,#1090,.F.);
#719=ORIENTED_EDGE('',*,*,#1097,.T.);
#720=ORIENTED_EDGE('',*,*,#1340,.F.);
#721=ORIENTED_EDGE('',*,*,#1226,.T.);
#722=ORIENTED_EDGE('',*,*,#1328,.T.);
#723=ORIENTED_EDGE('',*,*,#1241,.F.);
#724=ORIENTED_EDGE('',*,*,#1319,.F.);
#725=ORIENTED_EDGE('',*,*,#1082,.F.);
#726=ORIENTED_EDGE('',*,*,#1072,.F.);
#727=ORIENTED_EDGE('',*,*,#1079,.T.);
#728=ORIENTED_EDGE('',*,*,#1341,.F.);
#729=ORIENTED_EDGE('',*,*,#1208,.T.);
#730=ORIENTED_EDGE('',*,*,#1330,.T.);
#731=ORIENTED_EDGE('',*,*,#1223,.F.);
#732=ORIENTED_EDGE('',*,*,#1320,.F.);
#733=ORIENTED_EDGE('',*,*,#1064,.F.);
#734=ORIENTED_EDGE('',*,*,#1054,.F.);
#735=ORIENTED_EDGE('',*,*,#1061,.T.);
#736=ORIENTED_EDGE('',*,*,#1342,.F.);
#737=ORIENTED_EDGE('',*,*,#1190,.T.);
#738=ORIENTED_EDGE('',*,*,#1332,.T.);
#739=ORIENTED_EDGE('',*,*,#1205,.F.);
#740=ORIENTED_EDGE('',*,*,#1321,.F.);
#741=ORIENTED_EDGE('',*,*,#1046,.F.);
#742=ORIENTED_EDGE('',*,*,#1036,.F.);
#743=ORIENTED_EDGE('',*,*,#1043,.T.);
#744=ORIENTED_EDGE('',*,*,#1343,.F.);
#745=ORIENTED_EDGE('',*,*,#1172,.T.);
#746=ORIENTED_EDGE('',*,*,#1334,.T.);
#747=ORIENTED_EDGE('',*,*,#1187,.F.);
#748=ORIENTED_EDGE('',*,*,#1322,.F.);
#749=ORIENTED_EDGE('',*,*,#1028,.F.);
#750=ORIENTED_EDGE('',*,*,#1018,.F.);
#751=ORIENTED_EDGE('',*,*,#1025,.T.);
#752=ORIENTED_EDGE('',*,*,#1344,.F.);
#753=ORIENTED_EDGE('',*,*,#1154,.T.);
#754=ORIENTED_EDGE('',*,*,#1336,.T.);
#755=ORIENTED_EDGE('',*,*,#1169,.F.);
#756=ORIENTED_EDGE('',*,*,#1323,.F.);
#757=ORIENTED_EDGE('',*,*,#1008,.F.);
#758=ORIENTED_EDGE('',*,*,#1014,.F.);
#759=ORIENTED_EDGE('',*,*,#1003,.T.);
#760=ORIENTED_EDGE('',*,*,#1345,.F.);
#761=ORIENTED_EDGE('',*,*,#1125,.T.);
#762=ORIENTED_EDGE('',*,*,#1338,.T.);
#763=ORIENTED_EDGE('',*,*,#1151,.F.);
#764=ORIENTED_EDGE('',*,*,#1324,.F.);
#765=ORIENTED_EDGE('',*,*,#1346,.F.);
#766=ORIENTED_EDGE('',*,*,#1098,.F.);
#767=ORIENTED_EDGE('',*,*,#1347,.T.);
#768=ORIENTED_EDGE('',*,*,#1110,.T.);
#769=ORIENTED_EDGE('',*,*,#1348,.F.);
#770=ORIENTED_EDGE('',*,*,#1080,.F.);
#771=ORIENTED_EDGE('',*,*,#1349,.T.);
#772=ORIENTED_EDGE('',*,*,#1092,.T.);
#773=ORIENTED_EDGE('',*,*,#1350,.F.);
#774=ORIENTED_EDGE('',*,*,#1062,.F.);
#775=ORIENTED_EDGE('',*,*,#1351,.T.);
#776=ORIENTED_EDGE('',*,*,#1074,.T.);
#777=ORIENTED_EDGE('',*,*,#1352,.F.);
#778=ORIENTED_EDGE('',*,*,#1044,.F.);
#779=ORIENTED_EDGE('',*,*,#1353,.T.);
#780=ORIENTED_EDGE('',*,*,#1056,.T.);
#781=ORIENTED_EDGE('',*,*,#1354,.F.);
#782=ORIENTED_EDGE('',*,*,#1026,.F.);
#783=ORIENTED_EDGE('',*,*,#1355,.T.);
#784=ORIENTED_EDGE('',*,*,#1038,.T.);
#785=ORIENTED_EDGE('',*,*,#1356,.F.);
#786=ORIENTED_EDGE('',*,*,#1005,.F.);
#787=ORIENTED_EDGE('',*,*,#1357,.T.);
#788=ORIENTED_EDGE('',*,*,#1020,.T.);
#789=ORIENTED_EDGE('',*,*,#1358,.F.);
#790=ORIENTED_EDGE('',*,*,#1253,.F.);
#791=ORIENTED_EDGE('',*,*,#1359,.T.);
#792=ORIENTED_EDGE('',*,*,#998,.T.);
#793=ORIENTED_EDGE('',*,*,#1104,.F.);
#794=ORIENTED_EDGE('',*,*,#1300,.T.);
#795=ORIENTED_EDGE('',*,*,#1237,.F.);
#796=ORIENTED_EDGE('',*,*,#1234,.F.);
#797=ORIENTED_EDGE('',*,*,#1248,.T.);
#798=ORIENTED_EDGE('',*,*,#1360,.T.);
#799=ORIENTED_EDGE('',*,*,#1111,.T.);
#800=ORIENTED_EDGE('',*,*,#1347,.F.);
#801=ORIENTED_EDGE('',*,*,#1086,.F.);
#802=ORIENTED_EDGE('',*,*,#1302,.T.);
#803=ORIENTED_EDGE('',*,*,#1219,.F.);
#804=ORIENTED_EDGE('',*,*,#1216,.F.);
#805=ORIENTED_EDGE('',*,*,#1230,.T.);
#806=ORIENTED_EDGE('',*,*,#1361,.T.);
#807=ORIENTED_EDGE('',*,*,#1093,.T.);
#808=ORIENTED_EDGE('',*,*,#1349,.F.);
#809=ORIENTED_EDGE('',*,*,#1068,.F.);
#810=ORIENTED_EDGE('',*,*,#1304,.T.);
#811=ORIENTED_EDGE('',*,*,#1201,.F.);
#812=ORIENTED_EDGE('',*,*,#1198,.F.);
#813=ORIENTED_EDGE('',*,*,#1212,.T.);
#814=ORIENTED_EDGE('',*,*,#1362,.T.);
#815=ORIENTED_EDGE('',*,*,#1075,.T.);
#816=ORIENTED_EDGE('',*,*,#1351,.F.);
#817=ORIENTED_EDGE('',*,*,#1032,.F.);
#818=ORIENTED_EDGE('',*,*,#1308,.T.);
#819=ORIENTED_EDGE('',*,*,#1165,.F.);
#820=ORIENTED_EDGE('',*,*,#1162,.F.);
#821=ORIENTED_EDGE('',*,*,#1176,.T.);
#822=ORIENTED_EDGE('',*,*,#1363,.T.);
#823=ORIENTED_EDGE('',*,*,#1039,.T.);
#824=ORIENTED_EDGE('',*,*,#1355,.F.);
#825=ORIENTED_EDGE('',*,*,#1012,.F.);
#826=ORIENTED_EDGE('',*,*,#1310,.T.);
#827=ORIENTED_EDGE('',*,*,#1147,.F.);
#828=ORIENTED_EDGE('',*,*,#1144,.F.);
#829=ORIENTED_EDGE('',*,*,#1158,.T.);
#830=ORIENTED_EDGE('',*,*,#1364,.T.);
#831=ORIENTED_EDGE('',*,*,#1021,.T.);
#832=ORIENTED_EDGE('',*,*,#1357,.F.);
#833=ORIENTED_EDGE('',*,*,#1365,.T.);
#834=ORIENTED_EDGE('',*,*,#999,.T.);
#835=ORIENTED_EDGE('',*,*,#1359,.F.);
#836=ORIENTED_EDGE('',*,*,#1259,.F.);
#837=ORIENTED_EDGE('',*,*,#1285,.T.);
#838=ORIENTED_EDGE('',*,*,#1134,.F.);
#839=ORIENTED_EDGE('',*,*,#1140,.F.);
#840=ORIENTED_EDGE('',*,*,#1129,.T.);
#841=ORIENTED_EDGE('',*,*,#1366,.T.);
#842=ORIENTED_EDGE('',*,*,#1112,.T.);
#843=ORIENTED_EDGE('',*,*,#1360,.F.);
#844=ORIENTED_EDGE('',*,*,#1247,.T.);
#845=ORIENTED_EDGE('',*,*,#1367,.T.);
#846=ORIENTED_EDGE('',*,*,#1094,.T.);
#847=ORIENTED_EDGE('',*,*,#1361,.F.);
#848=ORIENTED_EDGE('',*,*,#1229,.T.);
#849=ORIENTED_EDGE('',*,*,#1368,.T.);
#850=ORIENTED_EDGE('',*,*,#1076,.T.);
#851=ORIENTED_EDGE('',*,*,#1362,.F.);
#852=ORIENTED_EDGE('',*,*,#1211,.T.);
#853=ORIENTED_EDGE('',*,*,#1369,.T.);
#854=ORIENTED_EDGE('',*,*,#1058,.T.);
#855=ORIENTED_EDGE('',*,*,#1370,.F.);
#856=ORIENTED_EDGE('',*,*,#1193,.T.);
#857=ORIENTED_EDGE('',*,*,#1371,.T.);
#858=ORIENTED_EDGE('',*,*,#1040,.T.);
#859=ORIENTED_EDGE('',*,*,#1363,.F.);
#860=ORIENTED_EDGE('',*,*,#1175,.T.);
#861=ORIENTED_EDGE('',*,*,#1372,.T.);
#862=ORIENTED_EDGE('',*,*,#1022,.T.);
#863=ORIENTED_EDGE('',*,*,#1364,.F.);
#864=ORIENTED_EDGE('',*,*,#1157,.T.);
#865=ORIENTED_EDGE('',*,*,#1373,.T.);
#866=ORIENTED_EDGE('',*,*,#1000,.T.);
#867=ORIENTED_EDGE('',*,*,#1365,.F.);
#868=ORIENTED_EDGE('',*,*,#1128,.T.);
#869=ORIENTED_EDGE('',*,*,#1374,.T.);
#870=ORIENTED_EDGE('',*,*,#1113,.T.);
#871=ORIENTED_EDGE('',*,*,#1366,.F.);
#872=ORIENTED_EDGE('',*,*,#1246,.T.);
#873=ORIENTED_EDGE('',*,*,#1375,.T.);
#874=ORIENTED_EDGE('',*,*,#1095,.T.);
#875=ORIENTED_EDGE('',*,*,#1367,.F.);
#876=ORIENTED_EDGE('',*,*,#1228,.T.);
#877=ORIENTED_EDGE('',*,*,#1376,.T.);
#878=ORIENTED_EDGE('',*,*,#1077,.T.);
#879=ORIENTED_EDGE('',*,*,#1368,.F.);
#880=ORIENTED_EDGE('',*,*,#1210,.T.);
#881=ORIENTED_EDGE('',*,*,#1377,.T.);
#882=ORIENTED_EDGE('',*,*,#1059,.T.);
#883=ORIENTED_EDGE('',*,*,#1369,.F.);
#884=ORIENTED_EDGE('',*,*,#1192,.T.);
#885=ORIENTED_EDGE('',*,*,#1378,.T.);
#886=ORIENTED_EDGE('',*,*,#1041,.T.);
#887=ORIENTED_EDGE('',*,*,#1371,.F.);
#888=ORIENTED_EDGE('',*,*,#1174,.T.);
#889=ORIENTED_EDGE('',*,*,#1379,.T.);
#890=ORIENTED_EDGE('',*,*,#1023,.T.);
#891=ORIENTED_EDGE('',*,*,#1372,.F.);
#892=ORIENTED_EDGE('',*,*,#1156,.T.);
#893=ORIENTED_EDGE('',*,*,#1380,.T.);
#894=ORIENTED_EDGE('',*,*,#1001,.T.);
#895=ORIENTED_EDGE('',*,*,#1373,.F.);
#896=ORIENTED_EDGE('',*,*,#1127,.T.);
#897=ORIENTED_EDGE('',*,*,#1339,.T.);
#898=ORIENTED_EDGE('',*,*,#1114,.T.);
#899=ORIENTED_EDGE('',*,*,#1374,.F.);
#900=ORIENTED_EDGE('',*,*,#1245,.T.);
#901=ORIENTED_EDGE('',*,*,#1340,.T.);
#902=ORIENTED_EDGE('',*,*,#1096,.T.);
#903=ORIENTED_EDGE('',*,*,#1375,.F.);
#904=ORIENTED_EDGE('',*,*,#1227,.T.);
#905=ORIENTED_EDGE('',*,*,#1341,.T.);
#906=ORIENTED_EDGE('',*,*,#1078,.T.);
#907=ORIENTED_EDGE('',*,*,#1376,.F.);
#908=ORIENTED_EDGE('',*,*,#1209,.T.);
#909=ORIENTED_EDGE('',*,*,#1342,.T.);
#910=ORIENTED_EDGE('',*,*,#1060,.T.);
#911=ORIENTED_EDGE('',*,*,#1377,.F.);
#912=ORIENTED_EDGE('',*,*,#1191,.T.);
#913=ORIENTED_EDGE('',*,*,#1343,.T.);
#914=ORIENTED_EDGE('',*,*,#1042,.T.);
#915=ORIENTED_EDGE('',*,*,#1378,.F.);
#916=ORIENTED_EDGE('',*,*,#1173,.T.);
#917=ORIENTED_EDGE('',*,*,#1344,.T.);
#918=ORIENTED_EDGE('',*,*,#1024,.T.);
#919=ORIENTED_EDGE('',*,*,#1379,.F.);
#920=ORIENTED_EDGE('',*,*,#1155,.T.);
#921=ORIENTED_EDGE('',*,*,#1345,.T.);
#922=ORIENTED_EDGE('',*,*,#1002,.T.);
#923=ORIENTED_EDGE('',*,*,#1380,.F.);
#924=ORIENTED_EDGE('',*,*,#1126,.T.);
#925=ORIENTED_EDGE('',*,*,#1353,.F.);
#926=ORIENTED_EDGE('',*,*,#1050,.F.);
#927=ORIENTED_EDGE('',*,*,#1306,.T.);
#928=ORIENTED_EDGE('',*,*,#1183,.F.);
#929=ORIENTED_EDGE('',*,*,#1180,.F.);
#930=ORIENTED_EDGE('',*,*,#1194,.T.);
#931=ORIENTED_EDGE('',*,*,#1370,.T.);
#932=ORIENTED_EDGE('',*,*,#1057,.T.);
#933=ORIENTED_EDGE('',*,*,#997,.T.);
#934=ORIENTED_EDGE('',*,*,#1013,.F.);
#935=ORIENTED_EDGE('',*,*,#1006,.F.);
#936=ORIENTED_EDGE('',*,*,#1356,.T.);
#937=ORIENTED_EDGE('',*,*,#1019,.T.);
#938=ORIENTED_EDGE('',*,*,#1016,.F.);
#939=ORIENTED_EDGE('',*,*,#1027,.F.);
#940=ORIENTED_EDGE('',*,*,#1354,.T.);
#941=ORIENTED_EDGE('',*,*,#1037,.T.);
#942=ORIENTED_EDGE('',*,*,#1034,.F.);
#943=ORIENTED_EDGE('',*,*,#1045,.F.);
#944=ORIENTED_EDGE('',*,*,#1352,.T.);
#945=ORIENTED_EDGE('',*,*,#1055,.T.);
#946=ORIENTED_EDGE('',*,*,#1052,.F.);
#947=ORIENTED_EDGE('',*,*,#1063,.F.);
#948=ORIENTED_EDGE('',*,*,#1350,.T.);
#949=ORIENTED_EDGE('',*,*,#1073,.T.);
#950=ORIENTED_EDGE('',*,*,#1070,.F.);
#951=ORIENTED_EDGE('',*,*,#1081,.F.);
#952=ORIENTED_EDGE('',*,*,#1348,.T.);
#953=ORIENTED_EDGE('',*,*,#1091,.T.);
#954=ORIENTED_EDGE('',*,*,#1088,.F.);
#955=ORIENTED_EDGE('',*,*,#1099,.F.);
#956=ORIENTED_EDGE('',*,*,#1346,.T.);
#957=ORIENTED_EDGE('',*,*,#1109,.T.);
#958=ORIENTED_EDGE('',*,*,#1106,.F.);
#959=ORIENTED_EDGE('',*,*,#1117,.F.);
#960=ORIENTED_EDGE('',*,*,#1291,.T.);
#961=ORIENTED_EDGE('',*,*,#1260,.T.);
#962=ORIENTED_EDGE('',*,*,#1250,.F.);
#963=ORIENTED_EDGE('',*,*,#1254,.F.);
#964=ORIENTED_EDGE('',*,*,#1358,.T.);
#965=ORIENTED_EDGE('',*,*,#1329,.T.);
#966=ORIENTED_EDGE('',*,*,#1206,.T.);
#967=ORIENTED_EDGE('',*,*,#1196,.F.);
#968=ORIENTED_EDGE('',*,*,#1200,.F.);
#969=ORIENTED_EDGE('',*,*,#1331,.T.);
#970=ORIENTED_EDGE('',*,*,#1188,.T.);
#971=ORIENTED_EDGE('',*,*,#1178,.F.);
#972=ORIENTED_EDGE('',*,*,#1182,.F.);
#973=ORIENTED_EDGE('',*,*,#1333,.T.);
#974=ORIENTED_EDGE('',*,*,#1170,.T.);
#975=ORIENTED_EDGE('',*,*,#1160,.F.);
#976=ORIENTED_EDGE('',*,*,#1164,.F.);
#977=ORIENTED_EDGE('',*,*,#1335,.T.);
#978=ORIENTED_EDGE('',*,*,#1152,.T.);
#979=ORIENTED_EDGE('',*,*,#1142,.F.);
#980=ORIENTED_EDGE('',*,*,#1146,.F.);
#981=ORIENTED_EDGE('',*,*,#1337,.T.);
#982=ORIENTED_EDGE('',*,*,#1123,.T.);
#983=ORIENTED_EDGE('',*,*,#1139,.F.);
#984=ORIENTED_EDGE('',*,*,#1132,.F.);
#985=ORIENTED_EDGE('',*,*,#1289,.T.);
#986=ORIENTED_EDGE('',*,*,#1278,.T.);
#987=ORIENTED_EDGE('',*,*,#1268,.F.);
#988=ORIENTED_EDGE('',*,*,#1272,.F.);
#989=ORIENTED_EDGE('',*,*,#1325,.T.);
#990=ORIENTED_EDGE('',*,*,#1242,.T.);
#991=ORIENTED_EDGE('',*,*,#1232,.F.);
#992=ORIENTED_EDGE('',*,*,#1236,.F.);
#993=ORIENTED_EDGE('',*,*,#1327,.T.);
#994=ORIENTED_EDGE('',*,*,#1224,.T.);
#995=ORIENTED_EDGE('',*,*,#1214,.F.);
#996=ORIENTED_EDGE('',*,*,#1218,.F.);
#997=EDGE_CURVE('',#1381,#1382,#1637,.F.);
#998=EDGE_CURVE('',#1383,#1381,#1638,.T.);
#999=EDGE_CURVE('',#1384,#1383,#189,.T.);
#1000=EDGE_CURVE('',#1385,#1384,#1639,.T.);
#1001=EDGE_CURVE('',#1386,#1385,#1640,.T.);
#1002=EDGE_CURVE('',#1387,#1386,#1641,.T.);
#1003=EDGE_CURVE('',#1388,#1387,#53,.T.);
#1004=EDGE_CURVE('',#1382,#1388,#1642,.T.);
#1005=EDGE_CURVE('',#1389,#1390,#1643,.T.);
#1006=EDGE_CURVE('',#1390,#1391,#1644,.F.);
#1007=EDGE_CURVE('',#1391,#1392,#1645,.T.);
#1008=EDGE_CURVE('',#1392,#1393,#1646,.T.);
#1009=EDGE_CURVE('',#1393,#1394,#1647,.T.);
#1010=EDGE_CURVE('',#1394,#1395,#1648,.T.);
#1011=EDGE_CURVE('',#1395,#1396,#1649,.T.);
#1012=EDGE_CURVE('',#1396,#1389,#1650,.T.);
#1013=EDGE_CURVE('',#1391,#1382,#54,.T.);
#1014=EDGE_CURVE('',#1388,#1392,#55,.T.);
#1015=EDGE_CURVE('',#1397,#1398,#1651,.T.);
#1016=EDGE_CURVE('',#1397,#1399,#56,.T.);
#1017=EDGE_CURVE('',#1399,#1400,#1652,.T.);
#1018=EDGE_CURVE('',#1400,#1398,#57,.T.);
#1019=EDGE_CURVE('',#1401,#1399,#1653,.F.);
#1020=EDGE_CURVE('',#1402,#1401,#1654,.T.);
#1021=EDGE_CURVE('',#1403,#1402,#190,.T.);
#1022=EDGE_CURVE('',#1404,#1403,#1655,.T.);
#1023=EDGE_CURVE('',#1405,#1404,#1656,.T.);
#1024=EDGE_CURVE('',#1406,#1405,#1657,.T.);
#1025=EDGE_CURVE('',#1400,#1406,#58,.T.);
#1026=EDGE_CURVE('',#1407,#1408,#1658,.T.);
#1027=EDGE_CURVE('',#1408,#1397,#1659,.F.);
#1028=EDGE_CURVE('',#1398,#1409,#1660,.T.);
#1029=EDGE_CURVE('',#1409,#1410,#1661,.T.);
#1030=EDGE_CURVE('',#1410,#1411,#1662,.T.);
#1031=EDGE_CURVE('',#1411,#1412,#1663,.T.);
#1032=EDGE_CURVE('',#1412,#1407,#1664,.T.);
#1033=EDGE_CURVE('',#1413,#1414,#1665,.T.);
#1034=EDGE_CURVE('',#1413,#1415,#59,.T.);
#1035=EDGE_CURVE('',#1415,#1416,#1666,.T.);
#1036=EDGE_CURVE('',#1416,#1414,#60,.T.);
#1037=EDGE_CURVE('',#1417,#1415,#1667,.F.);
#1038=EDGE_CURVE('',#1418,#1417,#1668,.T.);
#1039=EDGE_CURVE('',#1419,#1418,#191,.T.);
#1040=EDGE_CURVE('',#1420,#1419,#1669,.T.);
#1041=EDGE_CURVE('',#1421,#1420,#1670,.T.);
#1042=EDGE_CURVE('',#1422,#1421,#1671,.T.);
#1043=EDGE_CURVE('',#1416,#1422,#61,.T.);
#1044=EDGE_CURVE('',#1423,#1424,#1672,.T.);
#1045=EDGE_CURVE('',#1424,#1413,#1673,.F.);
#1046=EDGE_CURVE('',#1414,#1425,#1674,.T.);
#1047=EDGE_CURVE('',#1425,#1426,#1675,.T.);
#1048=EDGE_CURVE('',#1426,#1427,#1676,.T.);
#1049=EDGE_CURVE('',#1427,#1428,#1677,.T.);
#1050=EDGE_CURVE('',#1428,#1423,#1678,.T.);
#1051=EDGE_CURVE('',#1429,#1430,#1679,.T.);
#1052=EDGE_CURVE('',#1429,#1431,#62,.T.);
#1053=EDGE_CURVE('',#1431,#1432,#1680,.T.);
#1054=EDGE_CURVE('',#1432,#1430,#63,.T.);
#1055=EDGE_CURVE('',#1433,#1431,#1681,.F.);
#1056=EDGE_CURVE('',#1434,#1433,#1682,.T.);
#1057=EDGE_CURVE('',#1435,#1434,#192,.T.);
#1058=EDGE_CURVE('',#1436,#1435,#1683,.T.);
#1059=EDGE_CURVE('',#1437,#1436,#1684,.T.);
#1060=EDGE_CURVE('',#1438,#1437,#1685,.T.);
#1061=EDGE_CURVE('',#1432,#1438,#64,.T.);
#1062=EDGE_CURVE('',#1439,#1440,#1686,.T.);
#1063=EDGE_CURVE('',#1440,#1429,#1687,.F.);
#1064=EDGE_CURVE('',#1430,#1441,#1688,.T.);
#1065=EDGE_CURVE('',#1441,#1442,#1689,.T.);
#1066=EDGE_CURVE('',#1442,#1443,#1690,.T.);
#1067=EDGE_CURVE('',#1443,#1444,#1691,.T.);
#1068=EDGE_CURVE('',#1444,#1439,#1692,.T.);
#1069=EDGE_CURVE('',#1445,#1446,#1693,.T.);
#1070=EDGE_CURVE('',#1445,#1447,#65,.T.);
#1071=EDGE_CURVE('',#1447,#1448,#1694,.T.);
#1072=EDGE_CURVE('',#1448,#1446,#66,.T.);
#1073=EDGE_CURVE('',#1449,#1447,#1695,.F.);
#1074=EDGE_CURVE('',#1450,#1449,#1696,.T.);
#1075=EDGE_CURVE('',#1451,#1450,#193,.T.);
#1076=EDGE_CURVE('',#1452,#1451,#1697,.T.);
#1077=EDGE_CURVE('',#1453,#1452,#1698,.T.);
#1078=EDGE_CURVE('',#1454,#1453,#1699,.T.);
#1079=EDGE_CURVE('',#1448,#1454,#67,.T.);
#1080=EDGE_CURVE('',#1455,#1456,#1700,.T.);
#1081=EDGE_CURVE('',#1456,#1445,#1701,.F.);
#1082=EDGE_CURVE('',#1446,#1457,#1702,.T.);
#1083=EDGE_CURVE('',#1457,#1458,#1703,.T.);
#1084=EDGE_CURVE('',#1458,#1459,#1704,.T.);
#1085=EDGE_CURVE('',#1459,#1460,#1705,.T.);
#1086=EDGE_CURVE('',#1460,#1455,#1706,.T.);
#1087=EDGE_CURVE('',#1461,#1462,#1707,.T.);
#1088=EDGE_CURVE('',#1461,#1463,#68,.T.);
#1089=EDGE_CURVE('',#1463,#1464,#1708,.T.);
#1090=EDGE_CURVE('',#1464,#1462,#69,.T.);
#1091=EDGE_CURVE('',#1465,#1463,#1709,.F.);
#1092=EDGE_CURVE('',#1466,#1465,#1710,.T.);
#1093=EDGE_CURVE('',#1467,#1466,#194,.T.);
#1094=EDGE_CURVE('',#1468,#1467,#1711,.T.);
#1095=EDGE_CURVE('',#1469,#1468,#1712,.T.);
#1096=EDGE_CURVE('',#1470,#1469,#1713,.T.);
#1097=EDGE_CURVE('',#1464,#1470,#70,.T.);
#1098=EDGE_CURVE('',#1471,#1472,#1714,.T.);
#1099=EDGE_CURVE('',#1472,#1461,#1715,.F.);
#1100=EDGE_CURVE('',#1462,#1473,#1716,.T.);
#1101=EDGE_CURVE('',#1473,#1474,#1717,.T.);
#1102=EDGE_CURVE('',#1474,#1475,#1718,.T.);
#1103=EDGE_CURVE('',#1475,#1476,#1719,.T.);
#1104=EDGE_CURVE('',#1476,#1471,#1720,.T.);
#1105=EDGE_CURVE('',#1477,#1478,#1721,.T.);
#1106=EDGE_CURVE('',#1477,#1479,#71,.T.);
#1107=EDGE_CURVE('',#1479,#1480,#1722,.T.);
#1108=EDGE_CURVE('',#1480,#1478,#72,.T.);
#1109=EDGE_CURVE('',#1481,#1479,#1723,.F.);
#1110=EDGE_CURVE('',#1482,#1481,#1724,.T.);
#1111=EDGE_CURVE('',#1483,#1482,#195,.T.);
#1112=EDGE_CURVE('',#1484,#1483,#1725,.T.);
#1113=EDGE_CURVE('',#1485,#1484,#1726,.T.);
#1114=EDGE_CURVE('',#1486,#1485,#1727,.T.);
#1115=EDGE_CURVE('',#1480,#1486,#73,.T.);
#1116=EDGE_CURVE('',#1487,#1488,#1728,.T.);
#1117=EDGE_CURVE('',#1488,#1477,#1729,.F.);
#1118=EDGE_CURVE('',#1478,#1489,#1730,.T.);
#1119=EDGE_CURVE('',#1489,#1490,#1731,.T.);
#1120=EDGE_CURVE('',#1490,#1491,#1732,.T.);
#1121=EDGE_CURVE('',#1491,#1492,#1733,.T.);
#1122=EDGE_CURVE('',#1492,#1487,#1734,.T.);
#1123=EDGE_CURVE('',#1493,#1494,#1735,.T.);
#1124=EDGE_CURVE('',#1495,#1493,#1736,.T.);
#1125=EDGE_CURVE('',#1496,#1495,#196,.T.);
#1126=EDGE_CURVE('',#1497,#1496,#1737,.T.);
#1127=EDGE_CURVE('',#1498,#1497,#1738,.T.);
#1128=EDGE_CURVE('',#1499,#1498,#1739,.T.);
#1129=EDGE_CURVE('',#1500,#1499,#197,.T.);
#1130=EDGE_CURVE('',#1494,#1500,#1740,.T.);
#1131=EDGE_CURVE('',#1501,#1502,#1741,.T.);
#1132=EDGE_CURVE('',#1502,#1503,#1742,.T.);
#1133=EDGE_CURVE('',#1503,#1504,#1743,.T.);
#1134=EDGE_CURVE('',#1504,#1505,#198,.T.);
#1135=EDGE_CURVE('',#1505,#1506,#1744,.T.);
#1136=EDGE_CURVE('',#1506,#1507,#1745,.T.);
#1137=EDGE_CURVE('',#1507,#1508,#1746,.T.);
#1138=EDGE_CURVE('',#1508,#1501,#199,.T.);
#1139=EDGE_CURVE('',#1503,#1494,#74,.T.);
#1140=EDGE_CURVE('',#1500,#1504,#75,.T.);
#1141=EDGE_CURVE('',#1509,#1510,#1747,.T.);
#1142=EDGE_CURVE('',#1509,#1511,#76,.T.);
#1143=EDGE_CURVE('',#1511,#1512,#1748,.T.);
#1144=EDGE_CURVE('',#1512,#1510,#77,.T.);
#1145=EDGE_CURVE('',#1513,#1514,#1749,.T.);
#1146=EDGE_CURVE('',#1514,#1509,#1750,.T.);
#1147=EDGE_CURVE('',#1510,#1515,#200,.T.);
#1148=EDGE_CURVE('',#1515,#1516,#1751,.T.);
#1149=EDGE_CURVE('',#1516,#1517,#1752,.T.);
#1150=EDGE_CURVE('',#1517,#1518,#1753,.T.);
#1151=EDGE_CURVE('',#1518,#1513,#201,.T.);
#1152=EDGE_CURVE('',#1519,#1511,#1754,.T.);
#1153=EDGE_CURVE('',#1520,#1519,#1755,.T.);
#1154=EDGE_CURVE('',#1521,#1520,#202,.T.);
#1155=EDGE_CURVE('',#1522,#1521,#1756,.T.);
#1156=EDGE_CURVE('',#1523,#1522,#1757,.T.);
#1157=EDGE_CURVE('',#1524,#1523,#1758,.T.);
#1158=EDGE_CURVE('',#1512,#1524,#203,.T.);
#1159=EDGE_CURVE('',#1525,#1526,#1759,.T.);
#1160=EDGE_CURVE('',#1525,#1527,#78,.T.);
#1161=EDGE_CURVE('',#1527,#1528,#1760,.T.);
#1162=EDGE_CURVE('',#1528,#1526,#79,.T.);
#1163=EDGE_CURVE('',#1529,#1530,#1761,.T.);
#1164=EDGE_CURVE('',#1530,#1525,#1762,.T.);
#1165=EDGE_CURVE('',#1526,#1531,#204,.T.);
#1166=EDGE_CURVE('',#1531,#1532,#1763,.T.);
#1167=EDGE_CURVE('',#1532,#1533,#1764,.T.);
#1168=EDGE_CURVE('',#1533,#1534,#1765,.T.);
#1169=EDGE_CURVE('',#1534,#1529,#205,.T.);
#1170=EDGE_CURVE('',#1535,#1527,#1766,.T.);
#1171=EDGE_CURVE('',#1536,#1535,#1767,.T.);
#1172=EDGE_CURVE('',#1537,#1536,#206,.T.);
#1173=EDGE_CURVE('',#1538,#1537,#1768,.T.);
#1174=EDGE_CURVE('',#1539,#1538,#1769,.T.);
#1175=EDGE_CURVE('',#1540,#1539,#1770,.T.);
#1176=EDGE_CURVE('',#1528,#1540,#207,.T.);
#1177=EDGE_CURVE('',#1541,#1542,#1771,.T.);
#1178=EDGE_CURVE('',#1541,#1543,#80,.T.);
#1179=EDGE_CURVE('',#1543,#1544,#1772,.T.);
#1180=EDGE_CURVE('',#1544,#1542,#81,.T.);
#1181=EDGE_CURVE('',#1545,#1546,#1773,.T.);
#1182=EDGE_CURVE('',#1546,#1541,#1774,.T.);
#1183=EDGE_CURVE('',#1542,#1547,#208,.T.);
#1184=EDGE_CURVE('',#1547,#1548,#1775,.T.);
#1185=EDGE_CURVE('',#1548,#1549,#1776,.T.);
#1186=EDGE_CURVE('',#1549,#1550,#1777,.T.);
#1187=EDGE_CURVE('',#1550,#1545,#209,.T.);
#1188=EDGE_CURVE('',#1551,#1543,#1778,.T.);
#1189=EDGE_CURVE('',#1552,#1551,#1779,.T.);
#1190=EDGE_CURVE('',#1553,#1552,#210,.T.);
#1191=EDGE_CURVE('',#1554,#1553,#1780,.T.);
#1192=EDGE_CURVE('',#1555,#1554,#1781,.T.);
#1193=EDGE_CURVE('',#1556,#1555,#1782,.T.);
#1194=EDGE_CURVE('',#1544,#1556,#211,.T.);
#1195=EDGE_CURVE('',#1557,#1558,#1783,.T.);
#1196=EDGE_CURVE('',#1557,#1559,#82,.T.);
#1197=EDGE_CURVE('',#1559,#1560,#1784,.T.);
#1198=EDGE_CURVE('',#1560,#1558,#83,.T.);
#1199=EDGE_CURVE('',#1561,#1562,#1785,.T.);
#1200=EDGE_CURVE('',#1562,#1557,#1786,.T.);
#1201=EDGE_CURVE('',#1558,#1563,#212,.T.);
#1202=EDGE_CURVE('',#1563,#1564,#1787,.T.);
#1203=EDGE_CURVE('',#1564,#1565,#1788,.T.);
#1204=EDGE_CURVE('',#1565,#1566,#1789,.T.);
#1205=EDGE_CURVE('',#1566,#1561,#213,.T.);
#1206=EDGE_CURVE('',#1567,#1559,#1790,.T.);
#1207=EDGE_CURVE('',#1568,#1567,#1791,.T.);
#1208=EDGE_CURVE('',#1569,#1568,#214,.T.);
#1209=EDGE_CURVE('',#1570,#1569,#1792,.T.);
#1210=EDGE_CURVE('',#1571,#1570,#1793,.T.);
#1211=EDGE_CURVE('',#1572,#1571,#1794,.T.);
#1212=EDGE_CURVE('',#1560,#1572,#215,.T.);
#1213=EDGE_CURVE('',#1573,#1574,#1795,.T.);
#1214=EDGE_CURVE('',#1573,#1575,#84,.T.);
#1215=EDGE_CURVE('',#1575,#1576,#1796,.T.);
#1216=EDGE_CURVE('',#1576,#1574,#85,.T.);
#1217=EDGE_CURVE('',#1577,#1578,#1797,.T.);
#1218=EDGE_CURVE('',#1578,#1573,#1798,.T.);
#1219=EDGE_CURVE('',#1574,#1579,#216,.T.);
#1220=EDGE_CURVE('',#1579,#1580,#1799,.T.);
#1221=EDGE_CURVE('',#1580,#1581,#1800,.T.);
#1222=EDGE_CURVE('',#1581,#1582,#1801,.T.);
#1223=EDGE_CURVE('',#1582,#1577,#217,.T.);
#1224=EDGE_CURVE('',#1583,#1575,#1802,.T.);
#1225=EDGE_CURVE('',#1584,#1583,#1803,.T.);
#1226=EDGE_CURVE('',#1585,#1584,#218,.T.);
#1227=EDGE_CURVE('',#1586,#1585,#1804,.T.);
#1228=EDGE_CURVE('',#1587,#1586,#1805,.T.);
#1229=EDGE_CURVE('',#1588,#1587,#1806,.T.);
#1230=EDGE_CURVE('',#1576,#1588,#219,.T.);
#1231=EDGE_CURVE('',#1589,#1590,#1807,.T.);
#1232=EDGE_CURVE('',#1589,#1591,#86,.T.);
#1233=EDGE_CURVE('',#1591,#1592,#1808,.T.);
#1234=EDGE_CURVE('',#1592,#1590,#87,.T.);
#1235=EDGE_CURVE('',#1593,#1594,#1809,.T.);
#1236=EDGE_CURVE('',#1594,#1589,#1810,.T.);
#1237=EDGE_CURVE('',#1590,#1595,#220,.T.);
#1238=EDGE_CURVE('',#1595,#1596,#1811,.T.);
#1239=EDGE_CURVE('',#1596,#1597,#1812,.T.);
#1240=EDGE_CURVE('',#1597,#1598,#1813,.T.);
#1241=EDGE_CURVE('',#1598,#1593,#221,.T.);
#1242=EDGE_CURVE('',#1599,#1591,#1814,.T.);
#1243=EDGE_CURVE('',#1600,#1599,#1815,.T.);
#1244=EDGE_CURVE('',#1601,#1600,#222,.T.);
#1245=EDGE_CURVE('',#1602,#1601,#1816,.T.);
#1246=EDGE_CURVE('',#1603,#1602,#1817,.T.);
#1247=EDGE_CURVE('',#1604,#1603,#1818,.T.);
#1248=EDGE_CURVE('',#1592,#1604,#223,.T.);
#1249=EDGE_CURVE('',#1605,#1606,#1819,.T.);
#1250=EDGE_CURVE('',#1605,#1607,#88,.T.);
#1251=EDGE_CURVE('',#1607,#1608,#1820,.T.);
#1252=EDGE_CURVE('',#1608,#1606,#89,.T.);
#1253=EDGE_CURVE('',#1609,#1610,#1821,.T.);
#1254=EDGE_CURVE('',#1610,#1605,#1822,.F.);
#1255=EDGE_CURVE('',#1606,#1611,#1823,.T.);
#1256=EDGE_CURVE('',#1611,#1612,#1824,.T.);
#1257=EDGE_CURVE('',#1612,#1613,#1825,.T.);
#1258=EDGE_CURVE('',#1613,#1614,#1826,.T.);
#1259=EDGE_CURVE('',#1614,#1609,#1827,.T.);
#1260=EDGE_CURVE('',#1615,#1607,#1828,.F.);
#1261=EDGE_CURVE('',#1616,#1615,#1829,.T.);
#1262=EDGE_CURVE('',#1617,#1616,#224,.T.);
#1263=EDGE_CURVE('',#1618,#1617,#1830,.T.);
#1264=EDGE_CURVE('',#1619,#1618,#1831,.T.);
#1265=EDGE_CURVE('',#1620,#1619,#1832,.T.);
#1266=EDGE_CURVE('',#1608,#1620,#90,.T.);
#1267=EDGE_CURVE('',#1621,#1622,#1833,.T.);
#1268=EDGE_CURVE('',#1621,#1623,#91,.T.);
#1269=EDGE_CURVE('',#1623,#1624,#1834,.T.);
#1270=EDGE_CURVE('',#1624,#1622,#92,.T.);
#1271=EDGE_CURVE('',#1625,#1626,#1835,.T.);
#1272=EDGE_CURVE('',#1626,#1621,#1836,.T.);
#1273=EDGE_CURVE('',#1622,#1627,#225,.T.);
#1274=EDGE_CURVE('',#1627,#1628,#1837,.T.);
#1275=EDGE_CURVE('',#1628,#1629,#1838,.T.);
#1276=EDGE_CURVE('',#1629,#1630,#1839,.T.);
#1277=EDGE_CURVE('',#1630,#1625,#226,.T.);
#1278=EDGE_CURVE('',#1631,#1623,#1840,.T.);
#1279=EDGE_CURVE('',#1632,#1631,#1841,.T.);
#1280=EDGE_CURVE('',#1633,#1632,#227,.T.);
#1281=EDGE_CURVE('',#1634,#1633,#1842,.T.);
#1282=EDGE_CURVE('',#1635,#1634,#1843,.T.);
#1283=EDGE_CURVE('',#1636,#1635,#1844,.T.);
#1284=EDGE_CURVE('',#1624,#1636,#228,.T.);
#1285=EDGE_CURVE('',#1614,#1505,#93,.T.);
#1286=EDGE_CURVE('',#1613,#1506,#94,.T.);
#1287=EDGE_CURVE('',#1612,#1507,#95,.T.);
#1288=EDGE_CURVE('',#1611,#1508,#96,.T.);
#1289=EDGE_CURVE('',#1502,#1631,#97,.T.);
#1290=EDGE_CURVE('',#1632,#1501,#98,.T.);
#1291=EDGE_CURVE('',#1488,#1615,#99,.T.);
#1292=EDGE_CURVE('',#1487,#1616,#100,.T.);
#1293=EDGE_CURVE('',#1492,#1627,#101,.T.);
#1294=EDGE_CURVE('',#1636,#1617,#102,.T.);
#1295=EDGE_CURVE('',#1635,#1618,#103,.T.);
#1296=EDGE_CURVE('',#1634,#1619,#104,.T.);
#1297=EDGE_CURVE('',#1633,#1620,#105,.T.);
#1298=EDGE_CURVE('',#1491,#1628,#106,.T.);
#1299=EDGE_CURVE('',#1475,#1596,#107,.T.);
#1300=EDGE_CURVE('',#1476,#1595,#108,.T.);
#1301=EDGE_CURVE('',#1459,#1580,#109,.T.);
#1302=EDGE_CURVE('',#1460,#1579,#110,.T.);
#1303=EDGE_CURVE('',#1443,#1564,#111,.T.);
#1304=EDGE_CURVE('',#1444,#1563,#112,.T.);
#1305=EDGE_CURVE('',#1427,#1548,#113,.T.);
#1306=EDGE_CURVE('',#1428,#1547,#114,.T.);
#1307=EDGE_CURVE('',#1411,#1532,#115,.T.);
#1308=EDGE_CURVE('',#1412,#1531,#116,.T.);
#1309=EDGE_CURVE('',#1395,#1516,#117,.T.);
#1310=EDGE_CURVE('',#1396,#1515,#118,.T.);
#1311=EDGE_CURVE('',#1490,#1629,#119,.T.);
#1312=EDGE_CURVE('',#1474,#1597,#120,.T.);
#1313=EDGE_CURVE('',#1458,#1581,#121,.T.);
#1314=EDGE_CURVE('',#1442,#1565,#122,.T.);
#1315=EDGE_CURVE('',#1426,#1549,#123,.T.);
#1316=EDGE_CURVE('',#1410,#1533,#124,.T.);
#1317=EDGE_CURVE('',#1394,#1517,#125,.T.);
#1318=EDGE_CURVE('',#1489,#1630,#126,.T.);
#1319=EDGE_CURVE('',#1473,#1598,#127,.T.);
#1320=EDGE_CURVE('',#1457,#1582,#128,.T.);
#1321=EDGE_CURVE('',#1441,#1566,#129,.T.);
#1322=EDGE_CURVE('',#1425,#1550,#130,.T.);
#1323=EDGE_CURVE('',#1409,#1534,#131,.T.);
#1324=EDGE_CURVE('',#1393,#1518,#132,.T.);
#1325=EDGE_CURVE('',#1626,#1599,#133,.T.);
#1326=EDGE_CURVE('',#1600,#1625,#134,.T.);
#1327=EDGE_CURVE('',#1594,#1583,#135,.T.);
#1328=EDGE_CURVE('',#1584,#1593,#136,.T.);
#1329=EDGE_CURVE('',#1578,#1567,#137,.T.);
#1330=EDGE_CURVE('',#1568,#1577,#138,.T.);
#1331=EDGE_CURVE('',#1562,#1551,#139,.T.);
#1332=EDGE_CURVE('',#1552,#1561,#140,.T.);
#1333=EDGE_CURVE('',#1546,#1535,#141,.T.);
#1334=EDGE_CURVE('',#1536,#1545,#142,.T.);
#1335=EDGE_CURVE('',#1530,#1519,#143,.T.);
#1336=EDGE_CURVE('',#1520,#1529,#144,.T.);
#1337=EDGE_CURVE('',#1514,#1493,#145,.T.);
#1338=EDGE_CURVE('',#1495,#1513,#146,.T.);
#1339=EDGE_CURVE('',#1601,#1486,#147,.T.);
#1340=EDGE_CURVE('',#1585,#1470,#148,.T.);
#1341=EDGE_CURVE('',#1569,#1454,#149,.T.);
#1342=EDGE_CURVE('',#1553,#1438,#150,.T.);
#1343=EDGE_CURVE('',#1537,#1422,#151,.T.);
#1344=EDGE_CURVE('',#1521,#1406,#152,.T.);
#1345=EDGE_CURVE('',#1496,#1387,#153,.T.);
#1346=EDGE_CURVE('',#1472,#1481,#154,.T.);
#1347=EDGE_CURVE('',#1471,#1482,#155,.T.);
#1348=EDGE_CURVE('',#1456,#1465,#156,.T.);
#1349=EDGE_CURVE('',#1455,#1466,#157,.T.);
#1350=EDGE_CURVE('',#1440,#1449,#158,.T.);
#1351=EDGE_CURVE('',#1439,#1450,#159,.T.);
#1352=EDGE_CURVE('',#1424,#1433,#160,.T.);
#1353=EDGE_CURVE('',#1423,#1434,#161,.T.);
#1354=EDGE_CURVE('',#1408,#1417,#162,.T.);
#1355=EDGE_CURVE('',#1407,#1418,#163,.T.);
#1356=EDGE_CURVE('',#1390,#1401,#164,.T.);
#1357=EDGE_CURVE('',#1389,#1402,#165,.T.);
#1358=EDGE_CURVE('',#1610,#1381,#166,.T.);
#1359=EDGE_CURVE('',#1609,#1383,#167,.T.);
#1360=EDGE_CURVE('',#1604,#1483,#168,.T.);
#1361=EDGE_CURVE('',#1588,#1467,#169,.T.);
#1362=EDGE_CURVE('',#1572,#1451,#170,.T.);
#1363=EDGE_CURVE('',#1540,#1419,#171,.T.);
#1364=EDGE_CURVE('',#1524,#1403,#172,.T.);
#1365=EDGE_CURVE('',#1499,#1384,#173,.T.);
#1366=EDGE_CURVE('',#1603,#1484,#174,.T.);
#1367=EDGE_CURVE('',#1587,#1468,#175,.T.);
#1368=EDGE_CURVE('',#1571,#1452,#176,.T.);
#1369=EDGE_CURVE('',#1555,#1436,#177,.T.);
#1370=EDGE_CURVE('',#1556,#1435,#178,.T.);
#1371=EDGE_CURVE('',#1539,#1420,#179,.T.);
#1372=EDGE_CURVE('',#1523,#1404,#180,.T.);
#1373=EDGE_CURVE('',#1498,#1385,#181,.T.);
#1374=EDGE_CURVE('',#1602,#1485,#182,.T.);
#1375=EDGE_CURVE('',#1586,#1469,#183,.T.);
#1376=EDGE_CURVE('',#1570,#1453,#184,.T.);
#1377=EDGE_CURVE('',#1554,#1437,#185,.T.);
#1378=EDGE_CURVE('',#1538,#1421,#186,.T.);
#1379=EDGE_CURVE('',#1522,#1405,#187,.T.);
#1380=EDGE_CURVE('',#1497,#1386,#188,.T.);
#1381=VERTEX_POINT('',#3559);
#1382=VERTEX_POINT('',#3560);
#1383=VERTEX_POINT('',#3562);
#1384=VERTEX_POINT('',#3567);
#1385=VERTEX_POINT('',#3569);
#1386=VERTEX_POINT('',#3571);
#1387=VERTEX_POINT('',#3573);
#1388=VERTEX_POINT('',#3575);
#1389=VERTEX_POINT('',#3579);
#1390=VERTEX_POINT('',#3580);
#1391=VERTEX_POINT('',#3582);
#1392=VERTEX_POINT('',#3584);
#1393=VERTEX_POINT('',#3586);
#1394=VERTEX_POINT('',#3588);
#1395=VERTEX_POINT('',#3590);
#1396=VERTEX_POINT('',#3592);
#1397=VERTEX_POINT('',#3599);
#1398=VERTEX_POINT('',#3600);
#1399=VERTEX_POINT('',#3602);
#1400=VERTEX_POINT('',#3604);
#1401=VERTEX_POINT('',#3608);
#1402=VERTEX_POINT('',#3610);
#1403=VERTEX_POINT('',#3615);
#1404=VERTEX_POINT('',#3617);
#1405=VERTEX_POINT('',#3619);
#1406=VERTEX_POINT('',#3621);
#1407=VERTEX_POINT('',#3625);
#1408=VERTEX_POINT('',#3626);
#1409=VERTEX_POINT('',#3629);
#1410=VERTEX_POINT('',#3631);
#1411=VERTEX_POINT('',#3633);
#1412=VERTEX_POINT('',#3635);
#1413=VERTEX_POINT('',#3639);
#1414=VERTEX_POINT('',#3640);
#1415=VERTEX_POINT('',#3642);
#1416=VERTEX_POINT('',#3644);
#1417=VERTEX_POINT('',#3648);
#1418=VERTEX_POINT('',#3650);
#1419=VERTEX_POINT('',#3655);
#1420=VERTEX_POINT('',#3657);
#1421=VERTEX_POINT('',#3659);
#1422=VERTEX_POINT('',#3661);
#1423=VERTEX_POINT('',#3665);
#1424=VERTEX_POINT('',#3666);
#1425=VERTEX_POINT('',#3669);
#1426=VERTEX_POINT('',#3671);
#1427=VERTEX_POINT('',#3673);
#1428=VERTEX_POINT('',#3675);
#1429=VERTEX_POINT('',#3679);
#1430=VERTEX_POINT('',#3680);
#1431=VERTEX_POINT('',#3682);
#1432=VERTEX_POINT('',#3684);
#1433=VERTEX_POINT('',#3688);
#1434=VERTEX_POINT('',#3690);
#1435=VERTEX_POINT('',#3695);
#1436=VERTEX_POINT('',#3697);
#1437=VERTEX_POINT('',#3699);
#1438=VERTEX_POINT('',#3701);
#1439=VERTEX_POINT('',#3705);
#1440=VERTEX_POINT('',#3706);
#1441=VERTEX_POINT('',#3709);
#1442=VERTEX_POINT('',#3711);
#1443=VERTEX_POINT('',#3713);
#1444=VERTEX_POINT('',#3715);
#1445=VERTEX_POINT('',#3719);
#1446=VERTEX_POINT('',#3720);
#1447=VERTEX_POINT('',#3722);
#1448=VERTEX_POINT('',#3724);
#1449=VERTEX_POINT('',#3728);
#1450=VERTEX_POINT('',#3730);
#1451=VERTEX_POINT('',#3735);
#1452=VERTEX_POINT('',#3737);
#1453=VERTEX_POINT('',#3739);
#1454=VERTEX_POINT('',#3741);
#1455=VERTEX_POINT('',#3745);
#1456=VERTEX_POINT('',#3746);
#1457=VERTEX_POINT('',#3749);
#1458=VERTEX_POINT('',#3751);
#1459=VERTEX_POINT('',#3753);
#1460=VERTEX_POINT('',#3755);
#1461=VERTEX_POINT('',#3759);
#1462=VERTEX_POINT('',#3760);
#1463=VERTEX_POINT('',#3762);
#1464=VERTEX_POINT('',#3764);
#1465=VERTEX_POINT('',#3768);
#1466=VERTEX_POINT('',#3770);
#1467=VERTEX_POINT('',#3775);
#1468=VERTEX_POINT('',#3777);
#1469=VERTEX_POINT('',#3779);
#1470=VERTEX_POINT('',#3781);
#1471=VERTEX_POINT('',#3785);
#1472=VERTEX_POINT('',#3786);
#1473=VERTEX_POINT('',#3789);
#1474=VERTEX_POINT('',#3791);
#1475=VERTEX_POINT('',#3793);
#1476=VERTEX_POINT('',#3795);
#1477=VERTEX_POINT('',#3799);
#1478=VERTEX_POINT('',#3800);
#1479=VERTEX_POINT('',#3802);
#1480=VERTEX_POINT('',#3804);
#1481=VERTEX_POINT('',#3808);
#1482=VERTEX_POINT('',#3810);
#1483=VERTEX_POINT('',#3815);
#1484=VERTEX_POINT('',#3817);
#1485=VERTEX_POINT('',#3819);
#1486=VERTEX_POINT('',#3821);
#1487=VERTEX_POINT('',#3825);
#1488=VERTEX_POINT('',#3826);
#1489=VERTEX_POINT('',#3829);
#1490=VERTEX_POINT('',#3831);
#1491=VERTEX_POINT('',#3833);
#1492=VERTEX_POINT('',#3835);
#1493=VERTEX_POINT('',#3839);
#1494=VERTEX_POINT('',#3840);
#1495=VERTEX_POINT('',#3842);
#1496=VERTEX_POINT('',#3847);
#1497=VERTEX_POINT('',#3849);
#1498=VERTEX_POINT('',#3851);
#1499=VERTEX_POINT('',#3853);
#1500=VERTEX_POINT('',#3861);
#1501=VERTEX_POINT('',#3865);
#1502=VERTEX_POINT('',#3866);
#1503=VERTEX_POINT('',#3868);
#1504=VERTEX_POINT('',#3870);
#1505=VERTEX_POINT('',#3878);
#1506=VERTEX_POINT('',#3880);
#1507=VERTEX_POINT('',#3882);
#1508=VERTEX_POINT('',#3884);
#1509=VERTEX_POINT('',#3894);
#1510=VERTEX_POINT('',#3895);
#1511=VERTEX_POINT('',#3897);
#1512=VERTEX_POINT('',#3899);
#1513=VERTEX_POINT('',#3903);
#1514=VERTEX_POINT('',#3904);
#1515=VERTEX_POINT('',#3916);
#1516=VERTEX_POINT('',#3918);
#1517=VERTEX_POINT('',#3920);
#1518=VERTEX_POINT('',#3922);
#1519=VERTEX_POINT('',#3932);
#1520=VERTEX_POINT('',#3934);
#1521=VERTEX_POINT('',#3942);
#1522=VERTEX_POINT('',#3944);
#1523=VERTEX_POINT('',#3946);
#1524=VERTEX_POINT('',#3948);
#1525=VERTEX_POINT('',#3961);
#1526=VERTEX_POINT('',#3962);
#1527=VERTEX_POINT('',#3964);
#1528=VERTEX_POINT('',#3966);
#1529=VERTEX_POINT('',#3970);
#1530=VERTEX_POINT('',#3971);
#1531=VERTEX_POINT('',#3980);
#1532=VERTEX_POINT('',#3982);
#1533=VERTEX_POINT('',#3984);
#1534=VERTEX_POINT('',#3986);
#1535=VERTEX_POINT('',#3993);
#1536=VERTEX_POINT('',#3995);
#1537=VERTEX_POINT('',#4000);
#1538=VERTEX_POINT('',#4002);
#1539=VERTEX_POINT('',#4004);
#1540=VERTEX_POINT('',#4006);
#1541=VERTEX_POINT('',#4016);
#1542=VERTEX_POINT('',#4017);
#1543=VERTEX_POINT('',#4019);
#1544=VERTEX_POINT('',#4021);
#1545=VERTEX_POINT('',#4025);
#1546=VERTEX_POINT('',#4026);
#1547=VERTEX_POINT('',#4038);
#1548=VERTEX_POINT('',#4040);
#1549=VERTEX_POINT('',#4042);
#1550=VERTEX_POINT('',#4044);
#1551=VERTEX_POINT('',#4054);
#1552=VERTEX_POINT('',#4056);
#1553=VERTEX_POINT('',#4064);
#1554=VERTEX_POINT('',#4066);
#1555=VERTEX_POINT('',#4068);
#1556=VERTEX_POINT('',#4070);
#1557=VERTEX_POINT('',#4083);
#1558=VERTEX_POINT('',#4084);
#1559=VERTEX_POINT('',#4086);
#1560=VERTEX_POINT('',#4088);
#1561=VERTEX_POINT('',#4092);
#1562=VERTEX_POINT('',#4093);
#1563=VERTEX_POINT('',#4102);
#1564=VERTEX_POINT('',#4104);
#1565=VERTEX_POINT('',#4106);
#1566=VERTEX_POINT('',#4108);
#1567=VERTEX_POINT('',#4115);
#1568=VERTEX_POINT('',#4117);
#1569=VERTEX_POINT('',#4122);
#1570=VERTEX_POINT('',#4124);
#1571=VERTEX_POINT('',#4126);
#1572=VERTEX_POINT('',#4128);
#1573=VERTEX_POINT('',#4138);
#1574=VERTEX_POINT('',#4139);
#1575=VERTEX_POINT('',#4141);
#1576=VERTEX_POINT('',#4143);
#1577=VERTEX_POINT('',#4147);
#1578=VERTEX_POINT('',#4148);
#1579=VERTEX_POINT('',#4160);
#1580=VERTEX_POINT('',#4162);
#1581=VERTEX_POINT('',#4164);
#1582=VERTEX_POINT('',#4166);
#1583=VERTEX_POINT('',#4176);
#1584=VERTEX_POINT('',#4178);
#1585=VERTEX_POINT('',#4186);
#1586=VERTEX_POINT('',#4188);
#1587=VERTEX_POINT('',#4190);
#1588=VERTEX_POINT('',#4192);
#1589=VERTEX_POINT('',#4205);
#1590=VERTEX_POINT('',#4206);
#1591=VERTEX_POINT('',#4208);
#1592=VERTEX_POINT('',#4210);
#1593=VERTEX_POINT('',#4214);
#1594=VERTEX_POINT('',#4215);
#1595=VERTEX_POINT('',#4224);
#1596=VERTEX_POINT('',#4226);
#1597=VERTEX_POINT('',#4228);
#1598=VERTEX_POINT('',#4230);
#1599=VERTEX_POINT('',#4237);
#1600=VERTEX_POINT('',#4239);
#1601=VERTEX_POINT('',#4244);
#1602=VERTEX_POINT('',#4246);
#1603=VERTEX_POINT('',#4248);
#1604=VERTEX_POINT('',#4250);
#1605=VERTEX_POINT('',#4260);
#1606=VERTEX_POINT('',#4261);
#1607=VERTEX_POINT('',#4263);
#1608=VERTEX_POINT('',#4265);
#1609=VERTEX_POINT('',#4269);
#1610=VERTEX_POINT('',#4270);
#1611=VERTEX_POINT('',#4273);
#1612=VERTEX_POINT('',#4275);
#1613=VERTEX_POINT('',#4277);
#1614=VERTEX_POINT('',#4279);
#1615=VERTEX_POINT('',#4283);
#1616=VERTEX_POINT('',#4285);
#1617=VERTEX_POINT('',#4290);
#1618=VERTEX_POINT('',#4292);
#1619=VERTEX_POINT('',#4294);
#1620=VERTEX_POINT('',#4296);
#1621=VERTEX_POINT('',#4300);
#1622=VERTEX_POINT('',#4301);
#1623=VERTEX_POINT('',#4303);
#1624=VERTEX_POINT('',#4305);
#1625=VERTEX_POINT('',#4309);
#1626=VERTEX_POINT('',#4310);
#1627=VERTEX_POINT('',#4322);
#1628=VERTEX_POINT('',#4324);
#1629=VERTEX_POINT('',#4326);
#1630=VERTEX_POINT('',#4328);
#1631=VERTEX_POINT('',#4338);
#1632=VERTEX_POINT('',#4340);
#1633=VERTEX_POINT('',#4348);
#1634=VERTEX_POINT('',#4350);
#1635=VERTEX_POINT('',#4352);
#1636=VERTEX_POINT('',#4354);
#1637=LINE('',#3558,#1845);
#1638=LINE('',#3561,#1846);
#1639=LINE('',#3568,#1847);
#1640=LINE('',#3570,#1848);
#1641=LINE('',#3572,#1849);
#1642=LINE('',#3576,#1850);
#1643=LINE('',#3578,#1851);
#1644=LINE('',#3581,#1852);
#1645=LINE('',#3583,#1853);
#1646=LINE('',#3585,#1854);
#1647=LINE('',#3587,#1855);
#1648=LINE('',#3589,#1856);
#1649=LINE('',#3591,#1857);
#1650=LINE('',#3593,#1858);
#1651=LINE('',#3598,#1859);
#1652=LINE('',#3603,#1860);
#1653=LINE('',#3607,#1861);
#1654=LINE('',#3609,#1862);
#1655=LINE('',#3616,#1863);
#1656=LINE('',#3618,#1864);
#1657=LINE('',#3620,#1865);
#1658=LINE('',#3624,#1866);
#1659=LINE('',#3627,#1867);
#1660=LINE('',#3628,#1868);
#1661=LINE('',#3630,#1869);
#1662=LINE('',#3632,#1870);
#1663=LINE('',#3634,#1871);
#1664=LINE('',#3636,#1872);
#1665=LINE('',#3638,#1873);
#1666=LINE('',#3643,#1874);
#1667=LINE('',#3647,#1875);
#1668=LINE('',#3649,#1876);
#1669=LINE('',#3656,#1877);
#1670=LINE('',#3658,#1878);
#1671=LINE('',#3660,#1879);
#1672=LINE('',#3664,#1880);
#1673=LINE('',#3667,#1881);
#1674=LINE('',#3668,#1882);
#1675=LINE('',#3670,#1883);
#1676=LINE('',#3672,#1884);
#1677=LINE('',#3674,#1885);
#1678=LINE('',#3676,#1886);
#1679=LINE('',#3678,#1887);
#1680=LINE('',#3683,#1888);
#1681=LINE('',#3687,#1889);
#1682=LINE('',#3689,#1890);
#1683=LINE('',#3696,#1891);
#1684=LINE('',#3698,#1892);
#1685=LINE('',#3700,#1893);
#1686=LINE('',#3704,#1894);
#1687=LINE('',#3707,#1895);
#1688=LINE('',#3708,#1896);
#1689=LINE('',#3710,#1897);
#1690=LINE('',#3712,#1898);
#1691=LINE('',#3714,#1899);
#1692=LINE('',#3716,#1900);
#1693=LINE('',#3718,#1901);
#1694=LINE('',#3723,#1902);
#1695=LINE('',#3727,#1903);
#1696=LINE('',#3729,#1904);
#1697=LINE('',#3736,#1905);
#1698=LINE('',#3738,#1906);
#1699=LINE('',#3740,#1907);
#1700=LINE('',#3744,#1908);
#1701=LINE('',#3747,#1909);
#1702=LINE('',#3748,#1910);
#1703=LINE('',#3750,#1911);
#1704=LINE('',#3752,#1912);
#1705=LINE('',#3754,#1913);
#1706=LINE('',#3756,#1914);
#1707=LINE('',#3758,#1915);
#1708=LINE('',#3763,#1916);
#1709=LINE('',#3767,#1917);
#1710=LINE('',#3769,#1918);
#1711=LINE('',#3776,#1919);
#1712=LINE('',#3778,#1920);
#1713=LINE('',#3780,#1921);
#1714=LINE('',#3784,#1922);
#1715=LINE('',#3787,#1923);
#1716=LINE('',#3788,#1924);
#1717=LINE('',#3790,#1925);
#1718=LINE('',#3792,#1926);
#1719=LINE('',#3794,#1927);
#1720=LINE('',#3796,#1928);
#1721=LINE('',#3798,#1929);
#1722=LINE('',#3803,#1930);
#1723=LINE('',#3807,#1931);
#1724=LINE('',#3809,#1932);
#1725=LINE('',#3816,#1933);
#1726=LINE('',#3818,#1934);
#1727=LINE('',#3820,#1935);
#1728=LINE('',#3824,#1936);
#1729=LINE('',#3827,#1937);
#1730=LINE('',#3828,#1938);
#1731=LINE('',#3830,#1939);
#1732=LINE('',#3832,#1940);
#1733=LINE('',#3834,#1941);
#1734=LINE('',#3836,#1942);
#1735=LINE('',#3838,#1943);
#1736=LINE('',#3841,#1944);
#1737=LINE('',#3848,#1945);
#1738=LINE('',#3850,#1946);
#1739=LINE('',#3852,#1947);
#1740=LINE('',#3862,#1948);
#1741=LINE('',#3864,#1949);
#1742=LINE('',#3867,#1950);
#1743=LINE('',#3869,#1951);
#1744=LINE('',#3879,#1952);
#1745=LINE('',#3881,#1953);
#1746=LINE('',#3883,#1954);
#1747=LINE('',#3893,#1955);
#1748=LINE('',#3898,#1956);
#1749=LINE('',#3902,#1957);
#1750=LINE('',#3905,#1958);
#1751=LINE('',#3917,#1959);
#1752=LINE('',#3919,#1960);
#1753=LINE('',#3921,#1961);
#1754=LINE('',#3931,#1962);
#1755=LINE('',#3933,#1963);
#1756=LINE('',#3943,#1964);
#1757=LINE('',#3945,#1965);
#1758=LINE('',#3947,#1966);
#1759=LINE('',#3960,#1967);
#1760=LINE('',#3965,#1968);
#1761=LINE('',#3969,#1969);
#1762=LINE('',#3972,#1970);
#1763=LINE('',#3981,#1971);
#1764=LINE('',#3983,#1972);
#1765=LINE('',#3985,#1973);
#1766=LINE('',#3992,#1974);
#1767=LINE('',#3994,#1975);
#1768=LINE('',#4001,#1976);
#1769=LINE('',#4003,#1977);
#1770=LINE('',#4005,#1978);
#1771=LINE('',#4015,#1979);
#1772=LINE('',#4020,#1980);
#1773=LINE('',#4024,#1981);
#1774=LINE('',#4027,#1982);
#1775=LINE('',#4039,#1983);
#1776=LINE('',#4041,#1984);
#1777=LINE('',#4043,#1985);
#1778=LINE('',#4053,#1986);
#1779=LINE('',#4055,#1987);
#1780=LINE('',#4065,#1988);
#1781=LINE('',#4067,#1989);
#1782=LINE('',#4069,#1990);
#1783=LINE('',#4082,#1991);
#1784=LINE('',#4087,#1992);
#1785=LINE('',#4091,#1993);
#1786=LINE('',#4094,#1994);
#1787=LINE('',#4103,#1995);
#1788=LINE('',#4105,#1996);
#1789=LINE('',#4107,#1997);
#1790=LINE('',#4114,#1998);
#1791=LINE('',#4116,#1999);
#1792=LINE('',#4123,#2000);
#1793=LINE('',#4125,#2001);
#1794=LINE('',#4127,#2002);
#1795=LINE('',#4137,#2003);
#1796=LINE('',#4142,#2004);
#1797=LINE('',#4146,#2005);
#1798=LINE('',#4149,#2006);
#1799=LINE('',#4161,#2007);
#1800=LINE('',#4163,#2008);
#1801=LINE('',#4165,#2009);
#1802=LINE('',#4175,#2010);
#1803=LINE('',#4177,#2011);
#1804=LINE('',#4187,#2012);
#1805=LINE('',#4189,#2013);
#1806=LINE('',#4191,#2014);
#1807=LINE('',#4204,#2015);
#1808=LINE('',#4209,#2016);
#1809=LINE('',#4213,#2017);
#1810=LINE('',#4216,#2018);
#1811=LINE('',#4225,#2019);
#1812=LINE('',#4227,#2020);
#1813=LINE('',#4229,#2021);
#1814=LINE('',#4236,#2022);
#1815=LINE('',#4238,#2023);
#1816=LINE('',#4245,#2024);
#1817=LINE('',#4247,#2025);
#1818=LINE('',#4249,#2026);
#1819=LINE('',#4259,#2027);
#1820=LINE('',#4264,#2028);
#1821=LINE('',#4268,#2029);
#1822=LINE('',#4271,#2030);
#1823=LINE('',#4272,#2031);
#1824=LINE('',#4274,#2032);
#1825=LINE('',#4276,#2033);
#1826=LINE('',#4278,#2034);
#1827=LINE('',#4280,#2035);
#1828=LINE('',#4282,#2036);
#1829=LINE('',#4284,#2037);
#1830=LINE('',#4291,#2038);
#1831=LINE('',#4293,#2039);
#1832=LINE('',#4295,#2040);
#1833=LINE('',#4299,#2041);
#1834=LINE('',#4304,#2042);
#1835=LINE('',#4308,#2043);
#1836=LINE('',#4311,#2044);
#1837=LINE('',#4323,#2045);
#1838=LINE('',#4325,#2046);
#1839=LINE('',#4327,#2047);
#1840=LINE('',#4337,#2048);
#1841=LINE('',#4339,#2049);
#1842=LINE('',#4349,#2050);
#1843=LINE('',#4351,#2051);
#1844=LINE('',#4353,#2052);
#1845=VECTOR('',#2820,1.);
#1846=VECTOR('',#2821,1.);
#1847=VECTOR('',#2822,1.);
#1848=VECTOR('',#2823,1.);
#1849=VECTOR('',#2824,1.);
#1850=VECTOR('',#2827,1.);
#1851=VECTOR('',#2830,1.);
#1852=VECTOR('',#2831,1.);
#1853=VECTOR('',#2832,1.);
#1854=VECTOR('',#2833,1.);
#1855=VECTOR('',#2834,1.);
#1856=VECTOR('',#2835,1.);
#1857=VECTOR('',#2836,1.);
#1858=VECTOR('',#2837,1.);
#1859=VECTOR('',#2846,1.);
#1860=VECTOR('',#2849,1.);
#1861=VECTOR('',#2854,1.);
#1862=VECTOR('',#2855,1.);
#1863=VECTOR('',#2856,1.);
#1864=VECTOR('',#2857,1.);
#1865=VECTOR('',#2858,1.);
#1866=VECTOR('',#2863,1.);
#1867=VECTOR('',#2864,1.);
#1868=VECTOR('',#2865,1.);
#1869=VECTOR('',#2866,1.);
#1870=VECTOR('',#2867,1.);
#1871=VECTOR('',#2868,1.);
#1872=VECTOR('',#2869,1.);
#1873=VECTOR('',#2872,1.);
#1874=VECTOR('',#2875,1.);
#1875=VECTOR('',#2880,1.);
#1876=VECTOR('',#2881,1.);
#1877=VECTOR('',#2882,1.);
#1878=VECTOR('',#2883,1.);
#1879=VECTOR('',#2884,1.);
#1880=VECTOR('',#2889,1.);
#1881=VECTOR('',#2890,1.);
#1882=VECTOR('',#2891,1.);
#1883=VECTOR('',#2892,1.);
#1884=VECTOR('',#2893,1.);
#1885=VECTOR('',#2894,1.);
#1886=VECTOR('',#2895,1.);
#1887=VECTOR('',#2898,1.);
#1888=VECTOR('',#2901,1.);
#1889=VECTOR('',#2906,1.);
#1890=VECTOR('',#2907,1.);
#1891=VECTOR('',#2908,1.);
#1892=VECTOR('',#2909,1.);
#1893=VECTOR('',#2910,1.);
#1894=VECTOR('',#2915,1.);
#1895=VECTOR('',#2916,1.);
#1896=VECTOR('',#2917,1.);
#1897=VECTOR('',#2918,1.);
#1898=VECTOR('',#2919,1.);
#1899=VECTOR('',#2920,1.);
#1900=VECTOR('',#2921,1.);
#1901=VECTOR('',#2924,1.);
#1902=VECTOR('',#2927,1.);
#1903=VECTOR('',#2932,1.);
#1904=VECTOR('',#2933,1.);
#1905=VECTOR('',#2934,1.);
#1906=VECTOR('',#2935,1.);
#1907=VECTOR('',#2936,1.);
#1908=VECTOR('',#2941,1.);
#1909=VECTOR('',#2942,1.);
#1910=VECTOR('',#2943,1.);
#1911=VECTOR('',#2944,1.);
#1912=VECTOR('',#2945,1.);
#1913=VECTOR('',#2946,1.);
#1914=VECTOR('',#2947,1.);
#1915=VECTOR('',#2950,1.);
#1916=VECTOR('',#2953,1.);
#1917=VECTOR('',#2958,1.);
#1918=VECTOR('',#2959,1.);
#1919=VECTOR('',#2960,1.);
#1920=VECTOR('',#2961,1.);
#1921=VECTOR('',#2962,1.);
#1922=VECTOR('',#2967,1.);
#1923=VECTOR('',#2968,1.);
#1924=VECTOR('',#2969,1.);
#1925=VECTOR('',#2970,1.);
#1926=VECTOR('',#2971,1.);
#1927=VECTOR('',#2972,1.);
#1928=VECTOR('',#2973,1.);
#1929=VECTOR('',#2976,1.);
#1930=VECTOR('',#2979,1.);
#1931=VECTOR('',#2984,1.);
#1932=VECTOR('',#2985,1.);
#1933=VECTOR('',#2986,1.);
#1934=VECTOR('',#2987,1.);
#1935=VECTOR('',#2988,1.);
#1936=VECTOR('',#2993,1.);
#1937=VECTOR('',#2994,1.);
#1938=VECTOR('',#2995,1.);
#1939=VECTOR('',#2996,1.);
#1940=VECTOR('',#2997,1.);
#1941=VECTOR('',#2998,1.);
#1942=VECTOR('',#2999,1.);
#1943=VECTOR('',#3002,1.);
#1944=VECTOR('',#3003,1.);
#1945=VECTOR('',#3004,1.);
#1946=VECTOR('',#3005,1.);
#1947=VECTOR('',#3006,1.);
#1948=VECTOR('',#3007,1.);
#1949=VECTOR('',#3010,1.);
#1950=VECTOR('',#3011,1.);
#1951=VECTOR('',#3012,1.);
#1952=VECTOR('',#3013,1.);
#1953=VECTOR('',#3014,1.);
#1954=VECTOR('',#3015,1.);
#1955=VECTOR('',#3024,1.);
#1956=VECTOR('',#3027,1.);
#1957=VECTOR('',#3032,1.);
#1958=VECTOR('',#3033,1.);
#1959=VECTOR('',#3034,1.);
#1960=VECTOR('',#3035,1.);
#1961=VECTOR('',#3036,1.);
#1962=VECTOR('',#3039,1.);
#1963=VECTOR('',#3040,1.);
#1964=VECTOR('',#3041,1.);
#1965=VECTOR('',#3042,1.);
#1966=VECTOR('',#3043,1.);
#1967=VECTOR('',#3046,1.);
#1968=VECTOR('',#3049,1.);
#1969=VECTOR('',#3054,1.);
#1970=VECTOR('',#3055,1.);
#1971=VECTOR('',#3056,1.);
#1972=VECTOR('',#3057,1.);
#1973=VECTOR('',#3058,1.);
#1974=VECTOR('',#3061,1.);
#1975=VECTOR('',#3062,1.);
#1976=VECTOR('',#3063,1.);
#1977=VECTOR('',#3064,1.);
#1978=VECTOR('',#3065,1.);
#1979=VECTOR('',#3068,1.);
#1980=VECTOR('',#3071,1.);
#1981=VECTOR('',#3076,1.);
#1982=VECTOR('',#3077,1.);
#1983=VECTOR('',#3078,1.);
#1984=VECTOR('',#3079,1.);
#1985=VECTOR('',#3080,1.);
#1986=VECTOR('',#3083,1.);
#1987=VECTOR('',#3084,1.);
#1988=VECTOR('',#3085,1.);
#1989=VECTOR('',#3086,1.);
#1990=VECTOR('',#3087,1.);
#1991=VECTOR('',#3090,1.);
#1992=VECTOR('',#3093,1.);
#1993=VECTOR('',#3098,1.);
#1994=VECTOR('',#3099,1.);
#1995=VECTOR('',#3100,1.);
#1996=VECTOR('',#3101,1.);
#1997=VECTOR('',#3102,1.);
#1998=VECTOR('',#3105,1.);
#1999=VECTOR('',#3106,1.);
#2000=VECTOR('',#3107,1.);
#2001=VECTOR('',#3108,1.);
#2002=VECTOR('',#3109,1.);
#2003=VECTOR('',#3112,1.);
#2004=VECTOR('',#3115,1.);
#2005=VECTOR('',#3120,1.);
#2006=VECTOR('',#3121,1.);
#2007=VECTOR('',#3122,1.);
#2008=VECTOR('',#3123,1.);
#2009=VECTOR('',#3124,1.);
#2010=VECTOR('',#3127,1.);
#2011=VECTOR('',#3128,1.);
#2012=VECTOR('',#3129,1.);
#2013=VECTOR('',#3130,1.);
#2014=VECTOR('',#3131,1.);
#2015=VECTOR('',#3134,1.);
#2016=VECTOR('',#3137,1.);
#2017=VECTOR('',#3142,1.);
#2018=VECTOR('',#3143,1.);
#2019=VECTOR('',#3144,1.);
#2020=VECTOR('',#3145,1.);
#2021=VECTOR('',#3146,1.);
#2022=VECTOR('',#3149,1.);
#2023=VECTOR('',#3150,1.);
#2024=VECTOR('',#3151,1.);
#2025=VECTOR('',#3152,1.);
#2026=VECTOR('',#3153,1.);
#2027=VECTOR('',#3156,1.);
#2028=VECTOR('',#3159,1.);
#2029=VECTOR('',#3164,1.);
#2030=VECTOR('',#3165,1.);
#2031=VECTOR('',#3166,1.);
#2032=VECTOR('',#3167,1.);
#2033=VECTOR('',#3168,1.);
#2034=VECTOR('',#3169,1.);
#2035=VECTOR('',#3170,1.);
#2036=VECTOR('',#3173,1.);
#2037=VECTOR('',#3174,1.);
#2038=VECTOR('',#3175,1.);
#2039=VECTOR('',#3176,1.);
#2040=VECTOR('',#3177,1.);
#2041=VECTOR('',#3182,1.);
#2042=VECTOR('',#3185,1.);
#2043=VECTOR('',#3190,1.);
#2044=VECTOR('',#3191,1.);
#2045=VECTOR('',#3192,1.);
#2046=VECTOR('',#3193,1.);
#2047=VECTOR('',#3194,1.);
#2048=VECTOR('',#3197,1.);
#2049=VECTOR('',#3198,1.);
#2050=VECTOR('',#3199,1.);
#2051=VECTOR('',#3200,1.);
#2052=VECTOR('',#3201,1.);
#2053=EDGE_LOOP('',(#229,#230,#231,#232,#233,#234,#235,#236));
#2054=EDGE_LOOP('',(#237,#238,#239,#240,#241,#242,#243,#244));
#2055=EDGE_LOOP('',(#245,#246,#247,#248));
#2056=EDGE_LOOP('',(#249,#250,#251,#252));
#2057=EDGE_LOOP('',(#253,#254,#255,#256,#257,#258,#259,#260));
#2058=EDGE_LOOP('',(#261,#262,#263,#264,#265,#266,#267,#268));
#2059=EDGE_LOOP('',(#269,#270,#271,#272));
#2060=EDGE_LOOP('',(#273,#274,#275,#276,#277,#278,#279,#280));
#2061=EDGE_LOOP('',(#281,#282,#283,#284,#285,#286,#287,#288));
#2062=EDGE_LOOP('',(#289,#290,#291,#292));
#2063=EDGE_LOOP('',(#293,#294,#295,#296,#297,#298,#299,#300));
#2064=EDGE_LOOP('',(#301,#302,#303,#304,#305,#306,#307,#308));
#2065=EDGE_LOOP('',(#309,#310,#311,#312));
#2066=EDGE_LOOP('',(#313,#314,#315,#316,#317,#318,#319,#320));
#2067=EDGE_LOOP('',(#321,#322,#323,#324,#325,#326,#327,#328));
#2068=EDGE_LOOP('',(#329,#330,#331,#332));
#2069=EDGE_LOOP('',(#333,#334,#335,#336,#337,#338,#339,#340));
#2070=EDGE_LOOP('',(#341,#342,#343,#344,#345,#346,#347,#348));
#2071=EDGE_LOOP('',(#349,#350,#351,#352));
#2072=EDGE_LOOP('',(#353,#354,#355,#356,#357,#358,#359,#360));
#2073=EDGE_LOOP('',(#361,#362,#363,#364,#365,#366,#367,#368));
#2074=EDGE_LOOP('',(#369,#370,#371,#372,#373,#374,#375,#376));
#2075=EDGE_LOOP('',(#377,#378,#379,#380,#381,#382,#383,#384));
#2076=EDGE_LOOP('',(#385,#386,#387,#388));
#2077=EDGE_LOOP('',(#389,#390,#391,#392));
#2078=EDGE_LOOP('',(#393,#394,#395,#396,#397,#398,#399,#400));
#2079=EDGE_LOOP('',(#401,#402,#403,#404,#405,#406,#407,#408));
#2080=EDGE_LOOP('',(#409,#410,#411,#412));
#2081=EDGE_LOOP('',(#413,#414,#415,#416,#417,#418,#419,#420));
#2082=EDGE_LOOP('',(#421,#422,#423,#424,#425,#426,#427,#428));
#2083=EDGE_LOOP('',(#429,#430,#431,#432));
#2084=EDGE_LOOP('',(#433,#434,#435,#436,#437,#438,#439,#440));
#2085=EDGE_LOOP('',(#441,#442,#443,#444,#445,#446,#447,#448));
#2086=EDGE_LOOP('',(#449,#450,#451,#452));
#2087=EDGE_LOOP('',(#453,#454,#455,#456,#457,#458,#459,#460));
#2088=EDGE_LOOP('',(#461,#462,#463,#464,#465,#466,#467,#468));
#2089=EDGE_LOOP('',(#469,#470,#471,#472));
#2090=EDGE_LOOP('',(#473,#474,#475,#476,#477,#478,#479,#480));
#2091=EDGE_LOOP('',(#481,#482,#483,#484,#485,#486,#487,#488));
#2092=EDGE_LOOP('',(#489,#490,#491,#492));
#2093=EDGE_LOOP('',(#493,#494,#495,#496,#497,#498,#499,#500));
#2094=EDGE_LOOP('',(#501,#502,#503,#504,#505,#506,#507,#508));
#2095=EDGE_LOOP('',(#509,#510,#511,#512));
#2096=EDGE_LOOP('',(#513,#514,#515,#516,#517,#518,#519,#520));
#2097=EDGE_LOOP('',(#521,#522,#523,#524,#525,#526,#527,#528));
#2098=EDGE_LOOP('',(#529,#530,#531,#532));
#2099=EDGE_LOOP('',(#533,#534,#535,#536,#537,#538,#539,#540));
#2100=EDGE_LOOP('',(#541,#542,#543,#544,#545,#546,#547,#548));
#2101=EDGE_LOOP('',(#549,#550,#551,#552));
#2102=EDGE_LOOP('',(#553,#554,#555,#556));
#2103=EDGE_LOOP('',(#557,#558,#559,#560));
#2104=EDGE_LOOP('',(#561,#562,#563,#564));
#2105=EDGE_LOOP('',(#565,#566,#567,#568));
#2106=EDGE_LOOP('',(#569,#570,#571,#572,#573,#574,#575,#576));
#2107=EDGE_LOOP('',(#577,#578,#579,#580));
#2108=EDGE_LOOP('',(#581,#582,#583,#584));
#2109=EDGE_LOOP('',(#585,#586,#587,#588));
#2110=EDGE_LOOP('',(#589,#590,#591,#592,#593,#594,#595,#596));
#2111=EDGE_LOOP('',(#597,#598,#599,#600));
#2112=EDGE_LOOP('',(#601,#602,#603,#604));
#2113=EDGE_LOOP('',(#605,#606,#607,#608));
#2114=EDGE_LOOP('',(#609,#610,#611,#612));
#2115=EDGE_LOOP('',(#613,#614,#615,#616));
#2116=EDGE_LOOP('',(#617,#618,#619,#620));
#2117=EDGE_LOOP('',(#621,#622,#623,#624));
#2118=EDGE_LOOP('',(#625,#626,#627,#628));
#2119=EDGE_LOOP('',(#629,#630,#631,#632));
#2120=EDGE_LOOP('',(#633,#634,#635,#636));
#2121=EDGE_LOOP('',(#637,#638,#639,#640));
#2122=EDGE_LOOP('',(#641,#642,#643,#644));
#2123=EDGE_LOOP('',(#645,#646,#647,#648));
#2124=EDGE_LOOP('',(#649,#650,#651,#652));
#2125=EDGE_LOOP('',(#653,#654,#655,#656));
#2126=EDGE_LOOP('',(#657,#658,#659,#660));
#2127=EDGE_LOOP('',(#661,#662,#663,#664));
#2128=EDGE_LOOP('',(#665,#666,#667,#668));
#2129=EDGE_LOOP('',(#669,#670,#671,#672));
#2130=EDGE_LOOP('',(#673,#674,#675,#676));
#2131=EDGE_LOOP('',(#677,#678,#679,#680));
#2132=EDGE_LOOP('',(#681,#682,#683,#684));
#2133=EDGE_LOOP('',(#685,#686,#687,#688));
#2134=EDGE_LOOP('',(#689,#690,#691,#692));
#2135=EDGE_LOOP('',(#693,#694,#695,#696));
#2136=EDGE_LOOP('',(#697,#698,#699,#700));
#2137=EDGE_LOOP('',(#701,#702,#703,#704));
#2138=EDGE_LOOP('',(#705,#706,#707,#708));
#2139=EDGE_LOOP('',(#709,#710,#711,#712,#713,#714,#715,#716));
#2140=EDGE_LOOP('',(#717,#718,#719,#720,#721,#722,#723,#724));
#2141=EDGE_LOOP('',(#725,#726,#727,#728,#729,#730,#731,#732));
#2142=EDGE_LOOP('',(#733,#734,#735,#736,#737,#738,#739,#740));
#2143=EDGE_LOOP('',(#741,#742,#743,#744,#745,#746,#747,#748));
#2144=EDGE_LOOP('',(#749,#750,#751,#752,#753,#754,#755,#756));
#2145=EDGE_LOOP('',(#757,#758,#759,#760,#761,#762,#763,#764));
#2146=EDGE_LOOP('',(#765,#766,#767,#768));
#2147=EDGE_LOOP('',(#769,#770,#771,#772));
#2148=EDGE_LOOP('',(#773,#774,#775,#776));
#2149=EDGE_LOOP('',(#777,#778,#779,#780));
#2150=EDGE_LOOP('',(#781,#782,#783,#784));
#2151=EDGE_LOOP('',(#785,#786,#787,#788));
#2152=EDGE_LOOP('',(#789,#790,#791,#792));
#2153=EDGE_LOOP('',(#793,#794,#795,#796,#797,#798,#799,#800));
#2154=EDGE_LOOP('',(#801,#802,#803,#804,#805,#806,#807,#808));
#2155=EDGE_LOOP('',(#809,#810,#811,#812,#813,#814,#815,#816));
#2156=EDGE_LOOP('',(#817,#818,#819,#820,#821,#822,#823,#824));
#2157=EDGE_LOOP('',(#825,#826,#827,#828,#829,#830,#831,#832));
#2158=EDGE_LOOP('',(#833,#834,#835,#836,#837,#838,#839,#840));
#2159=EDGE_LOOP('',(#841,#842,#843,#844));
#2160=EDGE_LOOP('',(#845,#846,#847,#848));
#2161=EDGE_LOOP('',(#849,#850,#851,#852));
#2162=EDGE_LOOP('',(#853,#854,#855,#856));
#2163=EDGE_LOOP('',(#857,#858,#859,#860));
#2164=EDGE_LOOP('',(#861,#862,#863,#864));
#2165=EDGE_LOOP('',(#865,#866,#867,#868));
#2166=EDGE_LOOP('',(#869,#870,#871,#872));
#2167=EDGE_LOOP('',(#873,#874,#875,#876));
#2168=EDGE_LOOP('',(#877,#878,#879,#880));
#2169=EDGE_LOOP('',(#881,#882,#883,#884));
#2170=EDGE_LOOP('',(#885,#886,#887,#888));
#2171=EDGE_LOOP('',(#889,#890,#891,#892));
#2172=EDGE_LOOP('',(#893,#894,#895,#896));
#2173=EDGE_LOOP('',(#897,#898,#899,#900));
#2174=EDGE_LOOP('',(#901,#902,#903,#904));
#2175=EDGE_LOOP('',(#905,#906,#907,#908));
#2176=EDGE_LOOP('',(#909,#910,#911,#912));
#2177=EDGE_LOOP('',(#913,#914,#915,#916));
#2178=EDGE_LOOP('',(#917,#918,#919,#920));
#2179=EDGE_LOOP('',(#921,#922,#923,#924));
#2180=EDGE_LOOP('',(#925,#926,#927,#928,#929,#930,#931,#932));
#2181=EDGE_LOOP('',(#933,#934,#935,#936,#937,#938,#939,#940,#941,#942,#943,
#944,#945,#946,#947,#948,#949,#950,#951,#952,#953,#954,#955,#956,#957,#958,
#959,#960,#961,#962,#963,#964));
#2182=EDGE_LOOP('',(#965,#966,#967,#968,#969,#970,#971,#972,#973,#974,#975,
#976,#977,#978,#979,#980,#981,#982,#983,#984,#985,#986,#987,#988,#989,#990,
#991,#992,#993,#994,#995,#996));
#2183=FACE_BOUND('',#2053,.T.);
#2184=FACE_BOUND('',#2054,.T.);
#2185=FACE_BOUND('',#2055,.T.);
#2186=FACE_BOUND('',#2056,.T.);
#2187=FACE_BOUND('',#2057,.T.);
#2188=FACE_BOUND('',#2058,.T.);
#2189=FACE_BOUND('',#2059,.T.);
#2190=FACE_BOUND('',#2060,.T.);
#2191=FACE_BOUND('',#2061,.T.);
#2192=FACE_BOUND('',#2062,.T.);
#2193=FACE_BOUND('',#2063,.T.);
#2194=FACE_BOUND('',#2064,.T.);
#2195=FACE_BOUND('',#2065,.T.);
#2196=FACE_BOUND('',#2066,.T.);
#2197=FACE_BOUND('',#2067,.T.);
#2198=FACE_BOUND('',#2068,.T.);
#2199=FACE_BOUND('',#2069,.T.);
#2200=FACE_BOUND('',#2070,.T.);
#2201=FACE_BOUND('',#2071,.T.);
#2202=FACE_BOUND('',#2072,.T.);
#2203=FACE_BOUND('',#2073,.T.);
#2204=FACE_BOUND('',#2074,.T.);
#2205=FACE_BOUND('',#2075,.T.);
#2206=FACE_BOUND('',#2076,.T.);
#2207=FACE_BOUND('',#2077,.T.);
#2208=FACE_BOUND('',#2078,.T.);
#2209=FACE_BOUND('',#2079,.T.);
#2210=FACE_BOUND('',#2080,.T.);
#2211=FACE_BOUND('',#2081,.T.);
#2212=FACE_BOUND('',#2082,.T.);
#2213=FACE_BOUND('',#2083,.T.);
#2214=FACE_BOUND('',#2084,.T.);
#2215=FACE_BOUND('',#2085,.T.);
#2216=FACE_BOUND('',#2086,.T.);
#2217=FACE_BOUND('',#2087,.T.);
#2218=FACE_BOUND('',#2088,.T.);
#2219=FACE_BOUND('',#2089,.T.);
#2220=FACE_BOUND('',#2090,.T.);
#2221=FACE_BOUND('',#2091,.T.);
#2222=FACE_BOUND('',#2092,.T.);
#2223=FACE_BOUND('',#2093,.T.);
#2224=FACE_BOUND('',#2094,.T.);
#2225=FACE_BOUND('',#2095,.T.);
#2226=FACE_BOUND('',#2096,.T.);
#2227=FACE_BOUND('',#2097,.T.);
#2228=FACE_BOUND('',#2098,.T.);
#2229=FACE_BOUND('',#2099,.T.);
#2230=FACE_BOUND('',#2100,.T.);
#2231=FACE_BOUND('',#2101,.T.);
#2232=FACE_BOUND('',#2102,.T.);
#2233=FACE_BOUND('',#2103,.T.);
#2234=FACE_BOUND('',#2104,.T.);
#2235=FACE_BOUND('',#2105,.T.);
#2236=FACE_BOUND('',#2106,.T.);
#2237=FACE_BOUND('',#2107,.T.);
#2238=FACE_BOUND('',#2108,.T.);
#2239=FACE_BOUND('',#2109,.T.);
#2240=FACE_BOUND('',#2110,.T.);
#2241=FACE_BOUND('',#2111,.T.);
#2242=FACE_BOUND('',#2112,.T.);
#2243=FACE_BOUND('',#2113,.T.);
#2244=FACE_BOUND('',#2114,.T.);
#2245=FACE_BOUND('',#2115,.T.);
#2246=FACE_BOUND('',#2116,.T.);
#2247=FACE_BOUND('',#2117,.T.);
#2248=FACE_BOUND('',#2118,.T.);
#2249=FACE_BOUND('',#2119,.T.);
#2250=FACE_BOUND('',#2120,.T.);
#2251=FACE_BOUND('',#2121,.T.);
#2252=FACE_BOUND('',#2122,.T.);
#2253=FACE_BOUND('',#2123,.T.);
#2254=FACE_BOUND('',#2124,.T.);
#2255=FACE_BOUND('',#2125,.T.);
#2256=FACE_BOUND('',#2126,.T.);
#2257=FACE_BOUND('',#2127,.T.);
#2258=FACE_BOUND('',#2128,.T.);
#2259=FACE_BOUND('',#2129,.T.);
#2260=FACE_BOUND('',#2130,.T.);
#2261=FACE_BOUND('',#2131,.T.);
#2262=FACE_BOUND('',#2132,.T.);
#2263=FACE_BOUND('',#2133,.T.);
#2264=FACE_BOUND('',#2134,.T.);
#2265=FACE_BOUND('',#2135,.T.);
#2266=FACE_BOUND('',#2136,.T.);
#2267=FACE_BOUND('',#2137,.T.);
#2268=FACE_BOUND('',#2138,.T.);
#2269=FACE_BOUND('',#2139,.T.);
#2270=FACE_BOUND('',#2140,.T.);
#2271=FACE_BOUND('',#2141,.T.);
#2272=FACE_BOUND('',#2142,.T.);
#2273=FACE_BOUND('',#2143,.T.);
#2274=FACE_BOUND('',#2144,.T.);
#2275=FACE_BOUND('',#2145,.T.);
#2276=FACE_BOUND('',#2146,.T.);
#2277=FACE_BOUND('',#2147,.T.);
#2278=FACE_BOUND('',#2148,.T.);
#2279=FACE_BOUND('',#2149,.T.);
#2280=FACE_BOUND('',#2150,.T.);
#2281=FACE_BOUND('',#2151,.T.);
#2282=FACE_BOUND('',#2152,.T.);
#2283=FACE_BOUND('',#2153,.T.);
#2284=FACE_BOUND('',#2154,.T.);
#2285=FACE_BOUND('',#2155,.T.);
#2286=FACE_BOUND('',#2156,.T.);
#2287=FACE_BOUND('',#2157,.T.);
#2288=FACE_BOUND('',#2158,.T.);
#2289=FACE_BOUND('',#2159,.T.);
#2290=FACE_BOUND('',#2160,.T.);
#2291=FACE_BOUND('',#2161,.T.);
#2292=FACE_BOUND('',#2162,.T.);
#2293=FACE_BOUND('',#2163,.T.);
#2294=FACE_BOUND('',#2164,.T.);
#2295=FACE_BOUND('',#2165,.T.);
#2296=FACE_BOUND('',#2166,.T.);
#2297=FACE_BOUND('',#2167,.T.);
#2298=FACE_BOUND('',#2168,.T.);
#2299=FACE_BOUND('',#2169,.T.);
#2300=FACE_BOUND('',#2170,.T.);
#2301=FACE_BOUND('',#2171,.T.);
#2302=FACE_BOUND('',#2172,.T.);
#2303=FACE_BOUND('',#2173,.T.);
#2304=FACE_BOUND('',#2174,.T.);
#2305=FACE_BOUND('',#2175,.T.);
#2306=FACE_BOUND('',#2176,.T.);
#2307=FACE_BOUND('',#2177,.T.);
#2308=FACE_BOUND('',#2178,.T.);
#2309=FACE_BOUND('',#2179,.T.);
#2310=FACE_BOUND('',#2180,.T.);
#2311=FACE_BOUND('',#2181,.T.);
#2312=FACE_BOUND('',#2182,.T.);
#2313=PLANE('',#2551);
#2314=PLANE('',#2553);
#2315=PLANE('',#2554);
#2316=PLANE('',#2557);
#2317=PLANE('',#2560);
#2318=PLANE('',#2562);
#2319=PLANE('',#2563);
#2320=PLANE('',#2566);
#2321=PLANE('',#2568);
#2322=PLANE('',#2569);
#2323=PLANE('',#2572);
#2324=PLANE('',#2574);
#2325=PLANE('',#2575);
#2326=PLANE('',#2578);
#2327=PLANE('',#2580);
#2328=PLANE('',#2581);
#2329=PLANE('',#2584);
#2330=PLANE('',#2586);
#2331=PLANE('',#2587);
#2332=PLANE('',#2590);
#2333=PLANE('',#2592);
#2334=PLANE('',#2593);
#2335=PLANE('',#2594);
#2336=PLANE('',#2595);
#2337=PLANE('',#2598);
#2338=PLANE('',#2601);
#2339=PLANE('',#2602);
#2340=PLANE('',#2603);
#2341=PLANE('',#2606);
#2342=PLANE('',#2607);
#2343=PLANE('',#2608);
#2344=PLANE('',#2611);
#2345=PLANE('',#2612);
#2346=PLANE('',#2613);
#2347=PLANE('',#2616);
#2348=PLANE('',#2617);
#2349=PLANE('',#2618);
#2350=PLANE('',#2621);
#2351=PLANE('',#2622);
#2352=PLANE('',#2623);
#2353=PLANE('',#2626);
#2354=PLANE('',#2627);
#2355=PLANE('',#2628);
#2356=PLANE('',#2631);
#2357=PLANE('',#2632);
#2358=PLANE('',#2634);
#2359=PLANE('',#2637);
#2360=PLANE('',#2638);
#2361=PLANE('',#2639);
#2362=PLANE('',#2644);
#2363=PLANE('',#2646);
#2364=PLANE('',#2649);
#2365=PLANE('',#2655);
#2366=PLANE('',#2659);
#2367=PLANE('',#2662);
#2368=PLANE('',#2664);
#2369=PLANE('',#2667);
#2370=PLANE('',#2670);
#2371=PLANE('',#2673);
#2372=PLANE('',#2676);
#2373=PLANE('',#2679);
#2374=PLANE('',#2696);
#2375=PLANE('',#2698);
#2376=PLANE('',#2700);
#2377=PLANE('',#2702);
#2378=PLANE('',#2704);
#2379=PLANE('',#2706);
#2380=PLANE('',#2708);
#2381=PLANE('',#2710);
#2382=PLANE('',#2713);
#2383=PLANE('',#2716);
#2384=PLANE('',#2719);
#2385=PLANE('',#2722);
#2386=PLANE('',#2725);
#2387=PLANE('',#2728);
#2388=PLANE('',#2745);
#2389=PLANE('',#2748);
#2390=PLANE('',#2751);
#2391=PLANE('',#2754);
#2392=PLANE('',#2757);
#2393=PLANE('',#2760);
#2394=PLANE('',#2763);
#2395=PLANE('',#2778);
#2396=PLANE('',#2780);
#2397=PLANE('',#2782);
#2398=PLANE('',#2784);
#2399=PLANE('',#2787);
#2400=PLANE('',#2789);
#2401=PLANE('',#2791);
#2402=PLANE('',#2807);
#2403=PLANE('',#2808);
#2404=PLANE('',#2809);
#2405=PLANE('',#2810);
#2406=PLANE('',#2811);
#2407=PLANE('',#2812);
#2408=PLANE('',#2813);
#2409=ADVANCED_FACE('',(#2183),#2313,.T.);
#2410=ADVANCED_FACE('',(#2184),#2314,.F.);
#2411=ADVANCED_FACE('',(#2185),#2315,.F.);
#2412=ADVANCED_FACE('',(#2186),#2316,.F.);
#2413=ADVANCED_FACE('',(#2187),#2317,.T.);
#2414=ADVANCED_FACE('',(#2188),#2318,.F.);
#2415=ADVANCED_FACE('',(#2189),#2319,.F.);
#2416=ADVANCED_FACE('',(#2190),#2320,.T.);
#2417=ADVANCED_FACE('',(#2191),#2321,.F.);
#2418=ADVANCED_FACE('',(#2192),#2322,.F.);
#2419=ADVANCED_FACE('',(#2193),#2323,.T.);
#2420=ADVANCED_FACE('',(#2194),#2324,.F.);
#2421=ADVANCED_FACE('',(#2195),#2325,.F.);
#2422=ADVANCED_FACE('',(#2196),#2326,.T.);
#2423=ADVANCED_FACE('',(#2197),#2327,.F.);
#2424=ADVANCED_FACE('',(#2198),#2328,.F.);
#2425=ADVANCED_FACE('',(#2199),#2329,.T.);
#2426=ADVANCED_FACE('',(#2200),#2330,.F.);
#2427=ADVANCED_FACE('',(#2201),#2331,.F.);
#2428=ADVANCED_FACE('',(#2202),#2332,.T.);
#2429=ADVANCED_FACE('',(#2203),#2333,.F.);
#2430=ADVANCED_FACE('',(#2204),#2334,.T.);
#2431=ADVANCED_FACE('',(#2205),#2335,.F.);
#2432=ADVANCED_FACE('',(#2206),#2336,.F.);
#2433=ADVANCED_FACE('',(#2207),#2337,.F.);
#2434=ADVANCED_FACE('',(#2208),#2338,.F.);
#2435=ADVANCED_FACE('',(#2209),#2339,.T.);
#2436=ADVANCED_FACE('',(#2210),#2340,.F.);
#2437=ADVANCED_FACE('',(#2211),#2341,.F.);
#2438=ADVANCED_FACE('',(#2212),#2342,.T.);
#2439=ADVANCED_FACE('',(#2213),#2343,.F.);
#2440=ADVANCED_FACE('',(#2214),#2344,.F.);
#2441=ADVANCED_FACE('',(#2215),#2345,.T.);
#2442=ADVANCED_FACE('',(#2216),#2346,.F.);
#2443=ADVANCED_FACE('',(#2217),#2347,.F.);
#2444=ADVANCED_FACE('',(#2218),#2348,.T.);
#2445=ADVANCED_FACE('',(#2219),#2349,.F.);
#2446=ADVANCED_FACE('',(#2220),#2350,.F.);
#2447=ADVANCED_FACE('',(#2221),#2351,.T.);
#2448=ADVANCED_FACE('',(#2222),#2352,.F.);
#2449=ADVANCED_FACE('',(#2223),#2353,.F.);
#2450=ADVANCED_FACE('',(#2224),#2354,.T.);
#2451=ADVANCED_FACE('',(#2225),#2355,.F.);
#2452=ADVANCED_FACE('',(#2226),#2356,.F.);
#2453=ADVANCED_FACE('',(#2227),#2357,.T.);
#2454=ADVANCED_FACE('',(#2228),#2358,.F.);
#2455=ADVANCED_FACE('',(#2229),#2359,.F.);
#2456=ADVANCED_FACE('',(#2230),#2360,.T.);
#2457=ADVANCED_FACE('',(#2231),#2361,.T.);
#2458=ADVANCED_FACE('',(#2232),#36,.T.);
#2459=ADVANCED_FACE('',(#2233),#2362,.T.);
#2460=ADVANCED_FACE('',(#2234),#2363,.T.);
#2461=ADVANCED_FACE('',(#2235),#2364,.T.);
#2462=ADVANCED_FACE('',(#2236),#20,.T.);
#2463=ADVANCED_FACE('',(#2237),#2365,.T.);
#2464=ADVANCED_FACE('',(#2238),#37,.T.);
#2465=ADVANCED_FACE('',(#2239),#2366,.T.);
#2466=ADVANCED_FACE('',(#2240),#21,.T.);
#2467=ADVANCED_FACE('',(#2241),#2367,.T.);
#2468=ADVANCED_FACE('',(#2242),#2368,.T.);
#2469=ADVANCED_FACE('',(#2243),#2369,.T.);
#2470=ADVANCED_FACE('',(#2244),#2370,.T.);
#2471=ADVANCED_FACE('',(#2245),#2371,.T.);
#2472=ADVANCED_FACE('',(#2246),#2372,.T.);
#2473=ADVANCED_FACE('',(#2247),#2373,.T.);
#2474=ADVANCED_FACE('',(#2248),#38,.T.);
#2475=ADVANCED_FACE('',(#2249),#39,.T.);
#2476=ADVANCED_FACE('',(#2250),#40,.T.);
#2477=ADVANCED_FACE('',(#2251),#41,.T.);
#2478=ADVANCED_FACE('',(#2252),#42,.T.);
#2479=ADVANCED_FACE('',(#2253),#43,.T.);
#2480=ADVANCED_FACE('',(#2254),#44,.T.);
#2481=ADVANCED_FACE('',(#2255),#2374,.T.);
#2482=ADVANCED_FACE('',(#2256),#2375,.T.);
#2483=ADVANCED_FACE('',(#2257),#2376,.T.);
#2484=ADVANCED_FACE('',(#2258),#2377,.T.);
#2485=ADVANCED_FACE('',(#2259),#2378,.T.);
#2486=ADVANCED_FACE('',(#2260),#2379,.T.);
#2487=ADVANCED_FACE('',(#2261),#2380,.T.);
#2488=ADVANCED_FACE('',(#2262),#2381,.T.);
#2489=ADVANCED_FACE('',(#2263),#2382,.T.);
#2490=ADVANCED_FACE('',(#2264),#2383,.T.);
#2491=ADVANCED_FACE('',(#2265),#2384,.T.);
#2492=ADVANCED_FACE('',(#2266),#2385,.T.);
#2493=ADVANCED_FACE('',(#2267),#2386,.T.);
#2494=ADVANCED_FACE('',(#2268),#2387,.T.);
#2495=ADVANCED_FACE('',(#2269),#22,.T.);
#2496=ADVANCED_FACE('',(#2270),#23,.T.);
#2497=ADVANCED_FACE('',(#2271),#24,.T.);
#2498=ADVANCED_FACE('',(#2272),#25,.T.);
#2499=ADVANCED_FACE('',(#2273),#26,.T.);
#2500=ADVANCED_FACE('',(#2274),#27,.T.);
#2501=ADVANCED_FACE('',(#2275),#28,.T.);
#2502=ADVANCED_FACE('',(#2276),#2388,.T.);
#2503=ADVANCED_FACE('',(#2277),#2389,.T.);
#2504=ADVANCED_FACE('',(#2278),#2390,.T.);
#2505=ADVANCED_FACE('',(#2279),#2391,.T.);
#2506=ADVANCED_FACE('',(#2280),#2392,.T.);
#2507=ADVANCED_FACE('',(#2281),#2393,.T.);
#2508=ADVANCED_FACE('',(#2282),#2394,.T.);
#2509=ADVANCED_FACE('',(#2283),#29,.T.);
#2510=ADVANCED_FACE('',(#2284),#30,.T.);
#2511=ADVANCED_FACE('',(#2285),#31,.T.);
#2512=ADVANCED_FACE('',(#2286),#32,.T.);
#2513=ADVANCED_FACE('',(#2287),#33,.T.);
#2514=ADVANCED_FACE('',(#2288),#34,.T.);
#2515=ADVANCED_FACE('',(#2289),#2395,.T.);
#2516=ADVANCED_FACE('',(#2290),#2396,.T.);
#2517=ADVANCED_FACE('',(#2291),#2397,.T.);
#2518=ADVANCED_FACE('',(#2292),#2398,.T.);
#2519=ADVANCED_FACE('',(#2293),#2399,.T.);
#2520=ADVANCED_FACE('',(#2294),#2400,.T.);
#2521=ADVANCED_FACE('',(#2295),#2401,.T.);
#2522=ADVANCED_FACE('',(#2296),#45,.T.);
#2523=ADVANCED_FACE('',(#2297),#46,.T.);
#2524=ADVANCED_FACE('',(#2298),#47,.T.);
#2525=ADVANCED_FACE('',(#2299),#48,.T.);
#2526=ADVANCED_FACE('',(#2300),#49,.T.);
#2527=ADVANCED_FACE('',(#2301),#50,.T.);
#2528=ADVANCED_FACE('',(#2302),#51,.T.);
#2529=ADVANCED_FACE('',(#2303),#2402,.T.);
#2530=ADVANCED_FACE('',(#2304),#2403,.T.);
#2531=ADVANCED_FACE('',(#2305),#2404,.T.);
#2532=ADVANCED_FACE('',(#2306),#2405,.T.);
#2533=ADVANCED_FACE('',(#2307),#2406,.T.);
#2534=ADVANCED_FACE('',(#2308),#2407,.T.);
#2535=ADVANCED_FACE('',(#2309),#2408,.T.);
#2536=ADVANCED_FACE('',(#2310),#35,.T.);
#2537=ADVANCED_FACE('',(#2311,#2312),#52,.F.);
#2538=CLOSED_SHELL('',(#2409,#2410,#2411,#2412,#2413,#2414,#2415,#2416,
#2417,#2418,#2419,#2420,#2421,#2422,#2423,#2424,#2425,#2426,#2427,#2428,
#2429,#2430,#2431,#2432,#2433,#2434,#2435,#2436,#2437,#2438,#2439,#2440,
#2441,#2442,#2443,#2444,#2445,#2446,#2447,#2448,#2449,#2450,#2451,#2452,
#2453,#2454,#2455,#2456,#2457,#2458,#2459,#2460,#2461,#2462,#2463,#2464,
#2465,#2466,#2467,#2468,#2469,#2470,#2471,#2472,#2473,#2474,#2475,#2476,
#2477,#2478,#2479,#2480,#2481,#2482,#2483,#2484,#2485,#2486,#2487,#2488,
#2489,#2490,#2491,#2492,#2493,#2494,#2495,#2496,#2497,#2498,#2499,#2500,
#2501,#2502,#2503,#2504,#2505,#2506,#2507,#2508,#2509,#2510,#2511,#2512,
#2513,#2514,#2515,#2516,#2517,#2518,#2519,#2520,#2521,#2522,#2523,#2524,
#2525,#2526,#2527,#2528,#2529,#2530,#2531,#2532,#2533,#2534,#2535,#2536,
#2537));
#2539=STYLED_ITEM('',(#2540),#2547);
#2540=PRESENTATION_STYLE_ASSIGNMENT((#2541));
#2541=SURFACE_STYLE_USAGE(.BOTH.,#2542);
#2542=SURFACE_SIDE_STYLE('',(#2543));
#2543=SURFACE_STYLE_FILL_AREA(#2544);
#2544=FILL_AREA_STYLE('',(#2545));
#2545=FILL_AREA_STYLE_COLOUR('',#2546);
#2546=COLOUR_RGB('',0.901960784313726,0.901960784313726,0.901960784313726);
#2547=MANIFOLD_SOLID_BREP('ER32 Collet - 15-16mm',#2538);
#2548=SHAPE_DEFINITION_REPRESENTATION(#4548,#2549);
#2549=SHAPE_REPRESENTATION('ER32 Collet - 15-16mm',(#2550),#4543);
#2550=AXIS2_PLACEMENT_3D('',#3556,#2816,#2817);
#2551=AXIS2_PLACEMENT_3D('',#3557,#2818,#2819);
#2552=AXIS2_PLACEMENT_3D('',#3574,#2825,#2826);
#2553=AXIS2_PLACEMENT_3D('',#3577,#2828,#2829);
#2554=AXIS2_PLACEMENT_3D('',#3594,#2838,#2839);
#2555=AXIS2_PLACEMENT_3D('',#3595,#2840,#2841);
#2556=AXIS2_PLACEMENT_3D('',#3596,#2842,#2843);
#2557=AXIS2_PLACEMENT_3D('',#3597,#2844,#2845);
#2558=AXIS2_PLACEMENT_3D('',#3601,#2847,#2848);
#2559=AXIS2_PLACEMENT_3D('',#3605,#2850,#2851);
#2560=AXIS2_PLACEMENT_3D('',#3606,#2852,#2853);
#2561=AXIS2_PLACEMENT_3D('',#3622,#2859,#2860);
#2562=AXIS2_PLACEMENT_3D('',#3623,#2861,#2862);
#2563=AXIS2_PLACEMENT_3D('',#3637,#2870,#2871);
#2564=AXIS2_PLACEMENT_3D('',#3641,#2873,#2874);
#2565=AXIS2_PLACEMENT_3D('',#3645,#2876,#2877);
#2566=AXIS2_PLACEMENT_3D('',#3646,#2878,#2879);
#2567=AXIS2_PLACEMENT_3D('',#3662,#2885,#2886);
#2568=AXIS2_PLACEMENT_3D('',#3663,#2887,#2888);
#2569=AXIS2_PLACEMENT_3D('',#3677,#2896,#2897);
#2570=AXIS2_PLACEMENT_3D('',#3681,#2899,#2900);
#2571=AXIS2_PLACEMENT_3D('',#3685,#2902,#2903);
#2572=AXIS2_PLACEMENT_3D('',#3686,#2904,#2905);
#2573=AXIS2_PLACEMENT_3D('',#3702,#2911,#2912);
#2574=AXIS2_PLACEMENT_3D('',#3703,#2913,#2914);
#2575=AXIS2_PLACEMENT_3D('',#3717,#2922,#2923);
#2576=AXIS2_PLACEMENT_3D('',#3721,#2925,#2926);
#2577=AXIS2_PLACEMENT_3D('',#3725,#2928,#2929);
#2578=AXIS2_PLACEMENT_3D('',#3726,#2930,#2931);
#2579=AXIS2_PLACEMENT_3D('',#3742,#2937,#2938);
#2580=AXIS2_PLACEMENT_3D('',#3743,#2939,#2940);
#2581=AXIS2_PLACEMENT_3D('',#3757,#2948,#2949);
#2582=AXIS2_PLACEMENT_3D('',#3761,#2951,#2952);
#2583=AXIS2_PLACEMENT_3D('',#3765,#2954,#2955);
#2584=AXIS2_PLACEMENT_3D('',#3766,#2956,#2957);
#2585=AXIS2_PLACEMENT_3D('',#3782,#2963,#2964);
#2586=AXIS2_PLACEMENT_3D('',#3783,#2965,#2966);
#2587=AXIS2_PLACEMENT_3D('',#3797,#2974,#2975);
#2588=AXIS2_PLACEMENT_3D('',#3801,#2977,#2978);
#2589=AXIS2_PLACEMENT_3D('',#3805,#2980,#2981);
#2590=AXIS2_PLACEMENT_3D('',#3806,#2982,#2983);
#2591=AXIS2_PLACEMENT_3D('',#3822,#2989,#2990);
#2592=AXIS2_PLACEMENT_3D('',#3823,#2991,#2992);
#2593=AXIS2_PLACEMENT_3D('',#3837,#3000,#3001);
#2594=AXIS2_PLACEMENT_3D('',#3863,#3008,#3009);
#2595=AXIS2_PLACEMENT_3D('',#3889,#3016,#3017);
#2596=AXIS2_PLACEMENT_3D('',#3890,#3018,#3019);
#2597=AXIS2_PLACEMENT_3D('',#3891,#3020,#3021);
#2598=AXIS2_PLACEMENT_3D('',#3892,#3022,#3023);
#2599=AXIS2_PLACEMENT_3D('',#3896,#3025,#3026);
#2600=AXIS2_PLACEMENT_3D('',#3900,#3028,#3029);
#2601=AXIS2_PLACEMENT_3D('',#3901,#3030,#3031);
#2602=AXIS2_PLACEMENT_3D('',#3930,#3037,#3038);
#2603=AXIS2_PLACEMENT_3D('',#3959,#3044,#3045);
#2604=AXIS2_PLACEMENT_3D('',#3963,#3047,#3048);
#2605=AXIS2_PLACEMENT_3D('',#3967,#3050,#3051);
#2606=AXIS2_PLACEMENT_3D('',#3968,#3052,#3053);
#2607=AXIS2_PLACEMENT_3D('',#3991,#3059,#3060);
#2608=AXIS2_PLACEMENT_3D('',#4014,#3066,#3067);
#2609=AXIS2_PLACEMENT_3D('',#4018,#3069,#3070);
#2610=AXIS2_PLACEMENT_3D('',#4022,#3072,#3073);
#2611=AXIS2_PLACEMENT_3D('',#4023,#3074,#3075);
#2612=AXIS2_PLACEMENT_3D('',#4052,#3081,#3082);
#2613=AXIS2_PLACEMENT_3D('',#4081,#3088,#3089);
#2614=AXIS2_PLACEMENT_3D('',#4085,#3091,#3092);
#2615=AXIS2_PLACEMENT_3D('',#4089,#3094,#3095);
#2616=AXIS2_PLACEMENT_3D('',#4090,#3096,#3097);
#2617=AXIS2_PLACEMENT_3D('',#4113,#3103,#3104);
#2618=AXIS2_PLACEMENT_3D('',#4136,#3110,#3111);
#2619=AXIS2_PLACEMENT_3D('',#4140,#3113,#3114);
#2620=AXIS2_PLACEMENT_3D('',#4144,#3116,#3117);
#2621=AXIS2_PLACEMENT_3D('',#4145,#3118,#3119);
#2622=AXIS2_PLACEMENT_3D('',#4174,#3125,#3126);
#2623=AXIS2_PLACEMENT_3D('',#4203,#3132,#3133);
#2624=AXIS2_PLACEMENT_3D('',#4207,#3135,#3136);
#2625=AXIS2_PLACEMENT_3D('',#4211,#3138,#3139);
#2626=AXIS2_PLACEMENT_3D('',#4212,#3140,#3141);
#2627=AXIS2_PLACEMENT_3D('',#4235,#3147,#3148);
#2628=AXIS2_PLACEMENT_3D('',#4258,#3154,#3155);
#2629=AXIS2_PLACEMENT_3D('',#4262,#3157,#3158);
#2630=AXIS2_PLACEMENT_3D('',#4266,#3160,#3161);
#2631=AXIS2_PLACEMENT_3D('',#4267,#3162,#3163);
#2632=AXIS2_PLACEMENT_3D('',#4281,#3171,#3172);
#2633=AXIS2_PLACEMENT_3D('',#4297,#3178,#3179);
#2634=AXIS2_PLACEMENT_3D('',#4298,#3180,#3181);
#2635=AXIS2_PLACEMENT_3D('',#4302,#3183,#3184);
#2636=AXIS2_PLACEMENT_3D('',#4306,#3186,#3187);
#2637=AXIS2_PLACEMENT_3D('',#4307,#3188,#3189);
#2638=AXIS2_PLACEMENT_3D('',#4336,#3195,#3196);
#2639=AXIS2_PLACEMENT_3D('',#4365,#3202,#3203);
#2640=AXIS2_PLACEMENT_3D('',#4366,#3204,#3205);
#2641=AXIS2_PLACEMENT_3D('',#4367,#3206,#3207);
#2642=AXIS2_PLACEMENT_3D('',#4368,#3208,#3209);
#2643=AXIS2_PLACEMENT_3D('',#4369,#3210,#3211);
#2644=AXIS2_PLACEMENT_3D('',#4370,#3212,#3213);
#2645=AXIS2_PLACEMENT_3D('',#4371,#3214,#3215);
#2646=AXIS2_PLACEMENT_3D('',#4372,#3216,#3217);
#2647=AXIS2_PLACEMENT_3D('',#4373,#3218,#3219);
#2648=AXIS2_PLACEMENT_3D('',#4374,#3220,#3221);
#2649=AXIS2_PLACEMENT_3D('',#4375,#3222,#3223);
#2650=AXIS2_PLACEMENT_3D('',#4376,#3224,#3225);
#2651=AXIS2_PLACEMENT_3D('',#4377,#3226,#3227);
#2652=AXIS2_PLACEMENT_3D('',#4378,#3228,#3229);
#2653=AXIS2_PLACEMENT_3D('',#4379,#3230,#3231);
#2654=AXIS2_PLACEMENT_3D('',#4380,#3232,#3233);
#2655=AXIS2_PLACEMENT_3D('',#4381,#3234,#3235);
#2656=AXIS2_PLACEMENT_3D('',#4382,#3236,#3237);
#2657=AXIS2_PLACEMENT_3D('',#4383,#3238,#3239);
#2658=AXIS2_PLACEMENT_3D('',#4384,#3240,#3241);
#2659=AXIS2_PLACEMENT_3D('',#4385,#3242,#3243);
#2660=AXIS2_PLACEMENT_3D('',#4386,#3244,#3245);
#2661=AXIS2_PLACEMENT_3D('',#4387,#3246,#3247);
#2662=AXIS2_PLACEMENT_3D('',#4388,#3248,#3249);
#2663=AXIS2_PLACEMENT_3D('',#4389,#3250,#3251);
#2664=AXIS2_PLACEMENT_3D('',#4390,#3252,#3253);
#2665=AXIS2_PLACEMENT_3D('',#4391,#3254,#3255);
#2666=AXIS2_PLACEMENT_3D('',#4392,#3256,#3257);
#2667=AXIS2_PLACEMENT_3D('',#4393,#3258,#3259);
#2668=AXIS2_PLACEMENT_3D('',#4394,#3260,#3261);
#2669=AXIS2_PLACEMENT_3D('',#4395,#3262,#3263);
#2670=AXIS2_PLACEMENT_3D('',#4396,#3264,#3265);
#2671=AXIS2_PLACEMENT_3D('',#4397,#3266,#3267);
#2672=AXIS2_PLACEMENT_3D('',#4398,#3268,#3269);
#2673=AXIS2_PLACEMENT_3D('',#4399,#3270,#3271);
#2674=AXIS2_PLACEMENT_3D('',#4400,#3272,#3273);
#2675=AXIS2_PLACEMENT_3D('',#4401,#3274,#3275);
#2676=AXIS2_PLACEMENT_3D('',#4402,#3276,#3277);
#2677=AXIS2_PLACEMENT_3D('',#4403,#3278,#3279);
#2678=AXIS2_PLACEMENT_3D('',#4404,#3280,#3281);
#2679=AXIS2_PLACEMENT_3D('',#4405,#3282,#3283);
#2680=AXIS2_PLACEMENT_3D('',#4406,#3284,#3285);
#2681=AXIS2_PLACEMENT_3D('',#4407,#3286,#3287);
#2682=AXIS2_PLACEMENT_3D('',#4408,#3288,#3289);
#2683=AXIS2_PLACEMENT_3D('',#4409,#3290,#3291);
#2684=AXIS2_PLACEMENT_3D('',#4410,#3292,#3293);
#2685=AXIS2_PLACEMENT_3D('',#4411,#3294,#3295);
#2686=AXIS2_PLACEMENT_3D('',#4412,#3296,#3297);
#2687=AXIS2_PLACEMENT_3D('',#4413,#3298,#3299);
#2688=AXIS2_PLACEMENT_3D('',#4414,#3300,#3301);
#2689=AXIS2_PLACEMENT_3D('',#4415,#3302,#3303);
#2690=AXIS2_PLACEMENT_3D('',#4416,#3304,#3305);
#2691=AXIS2_PLACEMENT_3D('',#4417,#3306,#3307);
#2692=AXIS2_PLACEMENT_3D('',#4418,#3308,#3309);
#2693=AXIS2_PLACEMENT_3D('',#4419,#3310,#3311);
#2694=AXIS2_PLACEMENT_3D('',#4420,#3312,#3313);
#2695=AXIS2_PLACEMENT_3D('',#4421,#3314,#3315);
#2696=AXIS2_PLACEMENT_3D('',#4422,#3316,#3317);
#2697=AXIS2_PLACEMENT_3D('',#4423,#3318,#3319);
#2698=AXIS2_PLACEMENT_3D('',#4424,#3320,#3321);
#2699=AXIS2_PLACEMENT_3D('',#4425,#3322,#3323);
#2700=AXIS2_PLACEMENT_3D('',#4426,#3324,#3325);
#2701=AXIS2_PLACEMENT_3D('',#4427,#3326,#3327);
#2702=AXIS2_PLACEMENT_3D('',#4428,#3328,#3329);
#2703=AXIS2_PLACEMENT_3D('',#4429,#3330,#3331);
#2704=AXIS2_PLACEMENT_3D('',#4430,#3332,#3333);
#2705=AXIS2_PLACEMENT_3D('',#4431,#3334,#3335);
#2706=AXIS2_PLACEMENT_3D('',#4432,#3336,#3337);
#2707=AXIS2_PLACEMENT_3D('',#4433,#3338,#3339);
#2708=AXIS2_PLACEMENT_3D('',#4434,#3340,#3341);
#2709=AXIS2_PLACEMENT_3D('',#4435,#3342,#3343);
#2710=AXIS2_PLACEMENT_3D('',#4436,#3344,#3345);
#2711=AXIS2_PLACEMENT_3D('',#4437,#3346,#3347);
#2712=AXIS2_PLACEMENT_3D('',#4438,#3348,#3349);
#2713=AXIS2_PLACEMENT_3D('',#4439,#3350,#3351);
#2714=AXIS2_PLACEMENT_3D('',#4440,#3352,#3353);
#2715=AXIS2_PLACEMENT_3D('',#4441,#3354,#3355);
#2716=AXIS2_PLACEMENT_3D('',#4442,#3356,#3357);
#2717=AXIS2_PLACEMENT_3D('',#4443,#3358,#3359);
#2718=AXIS2_PLACEMENT_3D('',#4444,#3360,#3361);
#2719=AXIS2_PLACEMENT_3D('',#4445,#3362,#3363);
#2720=AXIS2_PLACEMENT_3D('',#4446,#3364,#3365);
#2721=AXIS2_PLACEMENT_3D('',#4447,#3366,#3367);
#2722=AXIS2_PLACEMENT_3D('',#4448,#3368,#3369);
#2723=AXIS2_PLACEMENT_3D('',#4449,#3370,#3371);
#2724=AXIS2_PLACEMENT_3D('',#4450,#3372,#3373);
#2725=AXIS2_PLACEMENT_3D('',#4451,#3374,#3375);
#2726=AXIS2_PLACEMENT_3D('',#4452,#3376,#3377);
#2727=AXIS2_PLACEMENT_3D('',#4453,#3378,#3379);
#2728=AXIS2_PLACEMENT_3D('',#4454,#3380,#3381);
#2729=AXIS2_PLACEMENT_3D('',#4455,#3382,#3383);
#2730=AXIS2_PLACEMENT_3D('',#4456,#3384,#3385);
#2731=AXIS2_PLACEMENT_3D('',#4457,#3386,#3387);
#2732=AXIS2_PLACEMENT_3D('',#4458,#3388,#3389);
#2733=AXIS2_PLACEMENT_3D('',#4459,#3390,#3391);
#2734=AXIS2_PLACEMENT_3D('',#4460,#3392,#3393);
#2735=AXIS2_PLACEMENT_3D('',#4461,#3394,#3395);
#2736=AXIS2_PLACEMENT_3D('',#4462,#3396,#3397);
#2737=AXIS2_PLACEMENT_3D('',#4463,#3398,#3399);
#2738=AXIS2_PLACEMENT_3D('',#4464,#3400,#3401);
#2739=AXIS2_PLACEMENT_3D('',#4465,#3402,#3403);
#2740=AXIS2_PLACEMENT_3D('',#4466,#3404,#3405);
#2741=AXIS2_PLACEMENT_3D('',#4467,#3406,#3407);
#2742=AXIS2_PLACEMENT_3D('',#4468,#3408,#3409);
#2743=AXIS2_PLACEMENT_3D('',#4469,#3410,#3411);
#2744=AXIS2_PLACEMENT_3D('',#4470,#3412,#3413);
#2745=AXIS2_PLACEMENT_3D('',#4471,#3414,#3415);
#2746=AXIS2_PLACEMENT_3D('',#4472,#3416,#3417);
#2747=AXIS2_PLACEMENT_3D('',#4473,#3418,#3419);
#2748=AXIS2_PLACEMENT_3D('',#4474,#3420,#3421);
#2749=AXIS2_PLACEMENT_3D('',#4475,#3422,#3423);
#2750=AXIS2_PLACEMENT_3D('',#4476,#3424,#3425);
#2751=AXIS2_PLACEMENT_3D('',#4477,#3426,#3427);
#2752=AXIS2_PLACEMENT_3D('',#4478,#3428,#3429);
#2753=AXIS2_PLACEMENT_3D('',#4479,#3430,#3431);
#2754=AXIS2_PLACEMENT_3D('',#4480,#3432,#3433);
#2755=AXIS2_PLACEMENT_3D('',#4481,#3434,#3435);
#2756=AXIS2_PLACEMENT_3D('',#4482,#3436,#3437);
#2757=AXIS2_PLACEMENT_3D('',#4483,#3438,#3439);
#2758=AXIS2_PLACEMENT_3D('',#4484,#3440,#3441);
#2759=AXIS2_PLACEMENT_3D('',#4485,#3442,#3443);
#2760=AXIS2_PLACEMENT_3D('',#4486,#3444,#3445);
#2761=AXIS2_PLACEMENT_3D('',#4487,#3446,#3447);
#2762=AXIS2_PLACEMENT_3D('',#4488,#3448,#3449);
#2763=AXIS2_PLACEMENT_3D('',#4489,#3450,#3451);
#2764=AXIS2_PLACEMENT_3D('',#4490,#3452,#3453);
#2765=AXIS2_PLACEMENT_3D('',#4491,#3454,#3455);
#2766=AXIS2_PLACEMENT_3D('',#4492,#3456,#3457);
#2767=AXIS2_PLACEMENT_3D('',#4493,#3458,#3459);
#2768=AXIS2_PLACEMENT_3D('',#4494,#3460,#3461);
#2769=AXIS2_PLACEMENT_3D('',#4495,#3462,#3463);
#2770=AXIS2_PLACEMENT_3D('',#4496,#3464,#3465);
#2771=AXIS2_PLACEMENT_3D('',#4497,#3466,#3467);
#2772=AXIS2_PLACEMENT_3D('',#4498,#3468,#3469);
#2773=AXIS2_PLACEMENT_3D('',#4499,#3470,#3471);
#2774=AXIS2_PLACEMENT_3D('',#4500,#3472,#3473);
#2775=AXIS2_PLACEMENT_3D('',#4501,#3474,#3475);
#2776=AXIS2_PLACEMENT_3D('',#4502,#3476,#3477);
#2777=AXIS2_PLACEMENT_3D('',#4503,#3478,#3479);
#2778=AXIS2_PLACEMENT_3D('',#4504,#3480,#3481);
#2779=AXIS2_PLACEMENT_3D('',#4505,#3482,#3483);
#2780=AXIS2_PLACEMENT_3D('',#4506,#3484,#3485);
#2781=AXIS2_PLACEMENT_3D('',#4507,#3486,#3487);
#2782=AXIS2_PLACEMENT_3D('',#4508,#3488,#3489);
#2783=AXIS2_PLACEMENT_3D('',#4509,#3490,#3491);
#2784=AXIS2_PLACEMENT_3D('',#4510,#3492,#3493);
#2785=AXIS2_PLACEMENT_3D('',#4511,#3494,#3495);
#2786=AXIS2_PLACEMENT_3D('',#4512,#3496,#3497);
#2787=AXIS2_PLACEMENT_3D('',#4513,#3498,#3499);
#2788=AXIS2_PLACEMENT_3D('',#4514,#3500,#3501);
#2789=AXIS2_PLACEMENT_3D('',#4515,#3502,#3503);
#2790=AXIS2_PLACEMENT_3D('',#4516,#3504,#3505);
#2791=AXIS2_PLACEMENT_3D('',#4517,#3506,#3507);
#2792=AXIS2_PLACEMENT_3D('',#4518,#3508,#3509);
#2793=AXIS2_PLACEMENT_3D('',#4519,#3510,#3511);
#2794=AXIS2_PLACEMENT_3D('',#4520,#3512,#3513);
#2795=AXIS2_PLACEMENT_3D('',#4521,#3514,#3515);
#2796=AXIS2_PLACEMENT_3D('',#4522,#3516,#3517);
#2797=AXIS2_PLACEMENT_3D('',#4523,#3518,#3519);
#2798=AXIS2_PLACEMENT_3D('',#4524,#3520,#3521);
#2799=AXIS2_PLACEMENT_3D('',#4525,#3522,#3523);
#2800=AXIS2_PLACEMENT_3D('',#4526,#3524,#3525);
#2801=AXIS2_PLACEMENT_3D('',#4527,#3526,#3527);
#2802=AXIS2_PLACEMENT_3D('',#4528,#3528,#3529);
#2803=AXIS2_PLACEMENT_3D('',#4529,#3530,#3531);
#2804=AXIS2_PLACEMENT_3D('',#4530,#3532,#3533);
#2805=AXIS2_PLACEMENT_3D('',#4531,#3534,#3535);
#2806=AXIS2_PLACEMENT_3D('',#4532,#3536,#3537);
#2807=AXIS2_PLACEMENT_3D('',#4533,#3538,#3539);
#2808=AXIS2_PLACEMENT_3D('',#4534,#3540,#3541);
#2809=AXIS2_PLACEMENT_3D('',#4535,#3542,#3543);
#2810=AXIS2_PLACEMENT_3D('',#4536,#3544,#3545);
#2811=AXIS2_PLACEMENT_3D('',#4537,#3546,#3547);
#2812=AXIS2_PLACEMENT_3D('',#4538,#3548,#3549);
#2813=AXIS2_PLACEMENT_3D('',#4539,#3550,#3551);
#2814=AXIS2_PLACEMENT_3D('',#4540,#3552,#3553);
#2815=AXIS2_PLACEMENT_3D('',#4541,#3554,#3555);
#2816=DIRECTION('',(0.,0.,1.));
#2817=DIRECTION('',(1.,0.,0.));
#2818=DIRECTION('',(0.382683432365088,0.,0.923879532511288));
#2819=DIRECTION('',(0.923879532511288,0.,-0.382683432365088));
#2820=DIRECTION('',(0.,-1.,0.));
#2821=DIRECTION('',(-0.923879532511288,0.,0.382683432365088));
#2822=DIRECTION('',(0.923879532511288,0.,-0.382683432365088));
#2823=DIRECTION('',(0.,-1.,0.));
#2824=DIRECTION('',(-0.923879532511288,0.,0.382683432365088));
#2825=DIRECTION('',(-0.382683432715829,-2.19567408515183E-10,-0.923879532366006));
#2826=DIRECTION('',(0.799993130953868,0.500206193093099,-0.331368005121101));
#2827=DIRECTION('',(0.923879532511288,0.,-0.382683432365088));
#2828=DIRECTION('',(0.382683432365088,0.,0.923879532511288));
#2829=DIRECTION('',(0.923879532511288,0.,-0.382683432365088));
#2830=DIRECTION('',(-0.923879532511288,0.,0.382683432365088));
#2831=DIRECTION('',(0.,-1.,0.));
#2832=DIRECTION('',(0.923879532511288,0.,-0.382683432365088));
#2833=DIRECTION('',(0.461939766255645,-0.866025403784438,-0.191341716182545));
#2834=DIRECTION('',(-0.923879532511288,0.,0.382683432365088));
#2835=DIRECTION('',(0.,-1.,0.));
#2836=DIRECTION('',(0.923879532511288,0.,-0.382683432365088));
#2837=DIRECTION('',(-0.128579179453132,-0.99026806874157,0.0532592399682908));
#2838=DIRECTION('',(0.,1.,0.));
#2839=DIRECTION('',(-0.707106781186546,0.,-0.707106781186549));
#2840=DIRECTION('',(0.,1.,0.));
#2841=DIRECTION('',(0.,0.,1.));
#2842=DIRECTION('',(0.,-1.,0.));
#2843=DIRECTION('',(0.,0.,1.));
#2844=DIRECTION('',(0.,1.,0.));
#2845=DIRECTION('',(-0.707106781186546,0.,-0.707106781186549));
#2846=DIRECTION('',(0.923879532511285,0.,0.382683432365094));
#2847=DIRECTION('',(0.,1.,0.));
#2848=DIRECTION('',(0.,0.,1.));
#2849=DIRECTION('',(0.923879532511285,0.,0.382683432365094));
#2850=DIRECTION('',(0.,-1.,0.));
#2851=DIRECTION('',(3.37507799486048E-14,0.,1.));
#2852=DIRECTION('',(-0.382683432365094,0.,0.923879532511285));
#2853=DIRECTION('',(0.923879532511285,0.,0.382683432365094));
#2854=DIRECTION('',(0.,-1.,0.));
#2855=DIRECTION('',(-0.923879532511285,0.,-0.382683432365094));
#2856=DIRECTION('',(0.923879532511285,0.,0.382683432365094));
#2857=DIRECTION('',(0.,-1.,0.));
#2858=DIRECTION('',(-0.923879532511285,0.,-0.382683432365094));
#2859=DIRECTION('',(0.382683432405248,2.48566877648755E-11,-0.923879532494653));
#2860=DIRECTION('',(0.799993131097712,0.500206193102136,0.331368004760188));
#2861=DIRECTION('',(-0.382683432365094,0.,0.923879532511285));
#2862=DIRECTION('',(0.923879532511285,0.,0.382683432365094));
#2863=DIRECTION('',(-0.923879532511285,0.,-0.382683432365094));
#2864=DIRECTION('',(0.,-1.,0.));
#2865=DIRECTION('',(0.461939766255644,-0.866025403784438,0.191341716182547));
#2866=DIRECTION('',(-0.923879532511285,0.,-0.382683432365094));
#2867=DIRECTION('',(0.,-1.,0.));
#2868=DIRECTION('',(0.923879532511285,0.,0.382683432365094));
#2869=DIRECTION('',(-0.128579179453131,-0.99026806874157,-0.0532592399682916));
#2870=DIRECTION('',(0.,1.,0.));
#2871=DIRECTION('',(-0.707106781186546,0.,-0.707106781186549));
#2872=DIRECTION('',(0.382683432365085,0.,0.923879532511289));
#2873=DIRECTION('',(0.,1.,0.));
#2874=DIRECTION('',(0.,0.,1.));
#2875=DIRECTION('',(0.382683432365085,0.,0.923879532511289));
#2876=DIRECTION('',(0.,-1.,0.));
#2877=DIRECTION('',(9.76996261670138E-15,0.,1.));
#2878=DIRECTION('',(-0.923879532511289,0.,0.382683432365085));
#2879=DIRECTION('',(0.382683432365085,0.,0.923879532511289));
#2880=DIRECTION('',(0.,-1.,0.));
#2881=DIRECTION('',(-0.382683432365085,0.,-0.923879532511289));
#2882=DIRECTION('',(0.382683432365085,0.,0.923879532511289));
#2883=DIRECTION('',(0.,-1.,0.));
#2884=DIRECTION('',(-0.382683432365085,0.,-0.923879532511289));
#2885=DIRECTION('',(0.923879532501346,-1.51901980682463E-11,-0.382683432389089));
#2886=DIRECTION('',(0.331368004743729,0.500206193093082,0.799993131110191));
#2887=DIRECTION('',(-0.923879532511289,0.,0.382683432365085));
#2888=DIRECTION('',(0.382683432365085,0.,0.923879532511289));
#2889=DIRECTION('',(-0.382683432365085,0.,-0.923879532511289));
#2890=DIRECTION('',(0.,-1.,0.));
#2891=DIRECTION('',(0.191341716182543,-0.866025403784438,0.461939766255645));
#2892=DIRECTION('',(-0.382683432365085,0.,-0.923879532511289));
#2893=DIRECTION('',(0.,-1.,0.));
#2894=DIRECTION('',(0.382683432365085,0.,0.923879532511289));
#2895=DIRECTION('',(-0.0532592399682904,-0.99026806874157,-0.128579179453132));
#2896=DIRECTION('',(0.,1.,0.));
#2897=DIRECTION('',(-0.707106781186546,0.,-0.707106781186549));
#2898=DIRECTION('',(-0.382683432365091,0.,0.923879532511287));
#2899=DIRECTION('',(0.,1.,0.));
#2900=DIRECTION('',(0.,0.,1.));
#2901=DIRECTION('',(-0.382683432365091,0.,0.923879532511287));
#2902=DIRECTION('',(0.,-1.,0.));
#2903=DIRECTION('',(0.,0.,1.));
#2904=DIRECTION('',(-0.923879532511287,0.,-0.382683432365091));
#2905=DIRECTION('',(-0.382683432365091,0.,0.923879532511287));
#2906=DIRECTION('',(0.,-1.,0.));
#2907=DIRECTION('',(0.382683432365091,0.,-0.923879532511287));
#2908=DIRECTION('',(-0.382683432365091,0.,0.923879532511287));
#2909=DIRECTION('',(0.,-1.,0.));
#2910=DIRECTION('',(0.382683432365091,0.,-0.923879532511287));
#2911=DIRECTION('',(0.923879532501806,1.44997345191767E-11,0.382683432387979));
#2912=DIRECTION('',(-0.331368004740451,0.50020619310212,0.799993131105897));
#2913=DIRECTION('',(-0.923879532511287,0.,-0.382683432365091));
#2914=DIRECTION('',(-0.382683432365091,0.,0.923879532511287));
#2915=DIRECTION('',(0.382683432365091,0.,-0.923879532511287));
#2916=DIRECTION('',(0.,-1.,0.));
#2917=DIRECTION('',(-0.191341716182546,-0.866025403784438,0.461939766255644));
#2918=DIRECTION('',(0.382683432365091,0.,-0.923879532511287));
#2919=DIRECTION('',(0.,-1.,0.));
#2920=DIRECTION('',(-0.382683432365091,0.,0.923879532511287));
#2921=DIRECTION('',(0.0532592399682912,-0.99026806874157,-0.128579179453131));
#2922=DIRECTION('',(0.,1.,0.));
#2923=DIRECTION('',(-0.707106781186546,0.,-0.707106781186549));
#2924=DIRECTION('',(-0.92387953251129,0.,0.382683432365081));
#2925=DIRECTION('',(0.,1.,0.));
#2926=DIRECTION('',(0.,0.,1.));
#2927=DIRECTION('',(-0.92387953251129,0.,0.382683432365082));
#2928=DIRECTION('',(0.,-1.,0.));
#2929=DIRECTION('',(0.,0.,1.));
#2930=DIRECTION('',(-0.382683432365082,0.,-0.92387953251129));
#2931=DIRECTION('',(-0.92387953251129,0.,0.382683432365082));
#2932=DIRECTION('',(0.,-1.,0.));
#2933=DIRECTION('',(0.92387953251129,0.,-0.382683432365082));
#2934=DIRECTION('',(-0.92387953251129,0.,0.382683432365082));
#2935=DIRECTION('',(0.,-1.,0.));
#2936=DIRECTION('',(0.92387953251129,0.,-0.382683432365082));
#2937=DIRECTION('',(0.382683432227297,8.63079435371402E-11,0.923879532568363));
#2938=DIRECTION('',(-0.79999313118283,0.500206193102112,0.33136800455473));
#2939=DIRECTION('',(-0.382683432365081,0.,-0.92387953251129));
#2940=DIRECTION('',(-0.92387953251129,0.,0.382683432365081));
#2941=DIRECTION('',(0.92387953251129,0.,-0.382683432365081));
#2942=DIRECTION('',(0.,-1.,0.));
#2943=DIRECTION('',(-0.461939766255646,-0.866025403784438,0.191341716182541));
#2944=DIRECTION('',(0.92387953251129,0.,-0.382683432365081));
#2945=DIRECTION('',(0.,-1.,0.));
#2946=DIRECTION('',(-0.92387953251129,0.,0.382683432365081));
#2947=DIRECTION('',(0.128579179453132,-0.99026806874157,-0.0532592399682899));
#2948=DIRECTION('',(0.,1.,0.));
#2949=DIRECTION('',(-0.707106781186546,0.,-0.707106781186549));
#2950=DIRECTION('',(-0.923879532511283,0.,-0.3826834323651));
#2951=DIRECTION('',(0.,1.,0.));
#2952=DIRECTION('',(0.,0.,1.));
#2953=DIRECTION('',(-0.923879532511283,0.,-0.3826834323651));
#2954=DIRECTION('',(0.,-1.,0.));
#2955=DIRECTION('',(0.,0.,1.));
#2956=DIRECTION('',(0.3826834323651,0.,-0.923879532511283));
#2957=DIRECTION('',(-0.923879532511283,0.,-0.3826834323651));
#2958=DIRECTION('',(0.,-1.,0.));
#2959=DIRECTION('',(0.923879532511283,0.,0.3826834323651));
#2960=DIRECTION('',(-0.923879532511283,0.,-0.3826834323651));
#2961=DIRECTION('',(0.,-1.,0.));
#2962=DIRECTION('',(0.923879532511283,0.,0.3826834323651));
#2963=DIRECTION('',(-0.382683432559022,1.20831121061534E-10,0.923879532430957));
#2964=DIRECTION('',(-0.799993131029011,0.500206193093097,-0.331368004939692));
#2965=DIRECTION('',(0.3826834323651,0.,-0.923879532511283));
#2966=DIRECTION('',(-0.923879532511283,0.,-0.3826834323651));
#2967=DIRECTION('',(0.923879532511283,0.,0.3826834323651));
#2968=DIRECTION('',(0.,-1.,0.));
#2969=DIRECTION('',(-0.461939766255642,-0.866025403784438,-0.19134171618255));
#2970=DIRECTION('',(0.923879532511283,0.,0.3826834323651));
#2971=DIRECTION('',(0.,-1.,0.));
#2972=DIRECTION('',(-0.923879532511283,0.,-0.3826834323651));
#2973=DIRECTION('',(0.128579179453131,-0.99026806874157,0.0532592399682925));
#2974=DIRECTION('',(0.,1.,0.));
#2975=DIRECTION('',(-0.707106781186546,0.,-0.707106781186549));
#2976=DIRECTION('',(-0.382683432365078,0.,-0.923879532511292));
#2977=DIRECTION('',(0.,1.,0.));
#2978=DIRECTION('',(0.,0.,1.));
#2979=DIRECTION('',(-0.382683432365078,0.,-0.923879532511292));
#2980=DIRECTION('',(0.,-1.,0.));
#2981=DIRECTION('',(0.,0.,1.));
#2982=DIRECTION('',(0.923879532511292,0.,-0.382683432365078));
#2983=DIRECTION('',(-0.382683432365078,0.,-0.923879532511292));
#2984=DIRECTION('',(0.,-1.,0.));
#2985=DIRECTION('',(0.382683432365078,0.,0.923879532511292));
#2986=DIRECTION('',(-0.382683432365078,0.,-0.923879532511292));
#2987=DIRECTION('',(0.,-1.,0.));
#2988=DIRECTION('',(0.382683432365078,0.,0.923879532511292));
#2989=DIRECTION('',(-0.923879532501063,-1.51901980567076E-11,0.382683432389772));
#2990=DIRECTION('',(-0.331368004746319,0.500206193084043,-0.79999313111477));
#2991=DIRECTION('',(0.923879532511292,0.,-0.382683432365078));
#2992=DIRECTION('',(-0.382683432365078,0.,-0.923879532511292));
#2993=DIRECTION('',(0.382683432365078,0.,0.923879532511292));
#2994=DIRECTION('',(0.,-1.,0.));
#2995=DIRECTION('',(-0.19134171618254,-0.866025403784438,-0.461939766255647));
#2996=DIRECTION('',(0.382683432365078,0.,0.923879532511292));
#2997=DIRECTION('',(0.,-1.,0.));
#2998=DIRECTION('',(-0.382683432365078,0.,-0.923879532511292));
#2999=DIRECTION('',(0.0532592399682895,-0.99026806874157,0.128579179453132));
#3000=DIRECTION('',(-0.707106781186546,0.,-0.707106781186549));
#3001=DIRECTION('',(-0.707106781186549,0.,0.707106781186546));
#3002=DIRECTION('',(0.,-1.,0.));
#3003=DIRECTION('',(-0.707106781186549,0.,0.707106781186546));
#3004=DIRECTION('',(0.707106781186549,0.,-0.707106781186546));
#3005=DIRECTION('',(0.,1.,0.));
#3006=DIRECTION('',(-0.707106781186549,0.,0.707106781186546));
#3007=DIRECTION('',(0.707106781186549,0.,-0.707106781186546));
#3008=DIRECTION('',(-0.707106781186546,0.,-0.707106781186549));
#3009=DIRECTION('',(-0.707106781186549,0.,0.707106781186546));
#3010=DIRECTION('',(-0.707106781186549,0.,0.707106781186546));
#3011=DIRECTION('',(0.,-1.,0.));
#3012=DIRECTION('',(0.707106781186549,0.,-0.707106781186546));
#3013=DIRECTION('',(-0.707106781186549,0.,0.707106781186546));
#3014=DIRECTION('',(0.,1.,0.));
#3015=DIRECTION('',(0.707106781186549,0.,-0.707106781186546));
#3016=DIRECTION('',(0.,-1.,0.));
#3017=DIRECTION('',(-0.707106781186546,0.,-0.707106781186549));
#3018=DIRECTION('',(0.,-1.,0.));
#3019=DIRECTION('',(0.,0.,-1.));
#3020=DIRECTION('',(0.,1.,0.));
#3021=DIRECTION('',(9.2370555648813E-14,0.,-1.));
#3022=DIRECTION('',(0.,-1.,0.));
#3023=DIRECTION('',(-0.707106781186546,0.,-0.707106781186549));
#3024=DIRECTION('',(1.,0.,3.49148133884314E-15));
#3025=DIRECTION('',(0.,-1.,0.));
#3026=DIRECTION('',(0.,0.,-1.));
#3027=DIRECTION('',(1.,0.,3.49148133884314E-15));
#3028=DIRECTION('',(0.,1.,0.));
#3029=DIRECTION('',(5.24025267623074E-14,0.,-1.));
#3030=DIRECTION('',(3.49148133884314E-15,0.,-1.));
#3031=DIRECTION('',(-1.,0.,-3.49148133884314E-15));
#3032=DIRECTION('',(-1.,0.,-3.49148133884314E-15));
#3033=DIRECTION('',(0.,-1.,0.));
#3034=DIRECTION('',(-1.,0.,-3.49148133884314E-15));
#3035=DIRECTION('',(0.,1.,0.));
#3036=DIRECTION('',(1.,0.,3.49148133884314E-15));
#3037=DIRECTION('',(3.49148133884314E-15,0.,-1.));
#3038=DIRECTION('',(-1.,0.,-3.49148133884314E-15));
#3039=DIRECTION('',(0.,-1.,0.));
#3040=DIRECTION('',(-1.,0.,-3.49148133884314E-15));
#3041=DIRECTION('',(1.,0.,3.49148133884314E-15));
#3042=DIRECTION('',(0.,1.,0.));
#3043=DIRECTION('',(-1.,0.,-3.49148133884314E-15));
#3044=DIRECTION('',(0.,-1.,0.));
#3045=DIRECTION('',(-0.707106781186546,0.,-0.707106781186549));
#3046=DIRECTION('',(0.707106781186544,0.,0.707106781186551));
#3047=DIRECTION('',(0.,-1.,0.));
#3048=DIRECTION('',(0.,0.,-1.));
#3049=DIRECTION('',(0.707106781186544,0.,0.707106781186551));
#3050=DIRECTION('',(0.,1.,0.));
#3051=DIRECTION('',(0.,0.,-1.));
#3052=DIRECTION('',(0.707106781186551,0.,-0.707106781186544));
#3053=DIRECTION('',(-0.707106781186544,0.,-0.707106781186551));
#3054=DIRECTION('',(-0.707106781186544,0.,-0.707106781186551));
#3055=DIRECTION('',(0.,-1.,0.));
#3056=DIRECTION('',(-0.707106781186544,0.,-0.707106781186551));
#3057=DIRECTION('',(0.,1.,0.));
#3058=DIRECTION('',(0.707106781186544,0.,0.707106781186551));
#3059=DIRECTION('',(0.707106781186551,0.,-0.707106781186544));
#3060=DIRECTION('',(-0.707106781186544,0.,-0.707106781186551));
#3061=DIRECTION('',(0.,-1.,0.));
#3062=DIRECTION('',(-0.707106781186544,0.,-0.707106781186551));
#3063=DIRECTION('',(0.707106781186544,0.,0.707106781186551));
#3064=DIRECTION('',(0.,1.,0.));
#3065=DIRECTION('',(-0.707106781186544,0.,-0.707106781186551));
#3066=DIRECTION('',(0.,-1.,0.));
#3067=DIRECTION('',(-0.707106781186546,0.,-0.707106781186549));
#3068=DIRECTION('',(0.,0.,1.));
#3069=DIRECTION('',(0.,-1.,0.));
#3070=DIRECTION('',(0.,0.,-1.));
#3071=DIRECTION('',(0.,0.,1.));
#3072=DIRECTION('',(0.,1.,0.));
#3073=DIRECTION('',(7.01660951563099E-14,0.,-1.));
#3074=DIRECTION('',(1.,0.,0.));
#3075=DIRECTION('',(0.,0.,-1.));
#3076=DIRECTION('',(0.,0.,-1.));
#3077=DIRECTION('',(0.,-1.,0.));
#3078=DIRECTION('',(0.,0.,-1.));
#3079=DIRECTION('',(0.,1.,0.));
#3080=DIRECTION('',(0.,0.,1.));
#3081=DIRECTION('',(1.,0.,0.));
#3082=DIRECTION('',(0.,0.,-1.));
#3083=DIRECTION('',(0.,-1.,0.));
#3084=DIRECTION('',(0.,0.,-1.));
#3085=DIRECTION('',(0.,0.,1.));
#3086=DIRECTION('',(0.,1.,0.));
#3087=DIRECTION('',(0.,0.,-1.));
#3088=DIRECTION('',(0.,-1.,0.));
#3089=DIRECTION('',(-0.707106781186546,0.,-0.707106781186549));
#3090=DIRECTION('',(-0.707106781186554,0.,0.707106781186542));
#3091=DIRECTION('',(0.,-1.,0.));
#3092=DIRECTION('',(0.,0.,-1.));
#3093=DIRECTION('',(-0.707106781186554,0.,0.707106781186542));
#3094=DIRECTION('',(0.,1.,0.));
#3095=DIRECTION('',(0.,0.,-1.));
#3096=DIRECTION('',(0.707106781186542,0.,0.707106781186554));
#3097=DIRECTION('',(0.707106781186554,0.,-0.707106781186542));
#3098=DIRECTION('',(0.707106781186554,0.,-0.707106781186542));
#3099=DIRECTION('',(0.,-1.,0.));
#3100=DIRECTION('',(0.707106781186554,0.,-0.707106781186542));
#3101=DIRECTION('',(0.,1.,0.));
#3102=DIRECTION('',(-0.707106781186554,0.,0.707106781186542));
#3103=DIRECTION('',(0.707106781186542,0.,0.707106781186554));
#3104=DIRECTION('',(0.707106781186554,0.,-0.707106781186542));
#3105=DIRECTION('',(0.,-1.,0.));
#3106=DIRECTION('',(0.707106781186554,0.,-0.707106781186542));
#3107=DIRECTION('',(-0.707106781186554,0.,0.707106781186542));
#3108=DIRECTION('',(0.,1.,0.));
#3109=DIRECTION('',(0.707106781186554,0.,-0.707106781186542));
#3110=DIRECTION('',(0.,-1.,0.));
#3111=DIRECTION('',(-0.707106781186546,0.,-0.707106781186549));
#3112=DIRECTION('',(-1.,0.,-1.04744440165294E-14));
#3113=DIRECTION('',(0.,-1.,0.));
#3114=DIRECTION('',(0.,0.,-1.));
#3115=DIRECTION('',(-1.,0.,-1.04744440165294E-14));
#3116=DIRECTION('',(0.,1.,0.));
#3117=DIRECTION('',(0.,0.,-1.));
#3118=DIRECTION('',(-1.04744440165294E-14,0.,1.));
#3119=DIRECTION('',(1.,0.,1.04744440165294E-14));
#3120=DIRECTION('',(1.,0.,1.04744440165294E-14));
#3121=DIRECTION('',(0.,-1.,0.));
#3122=DIRECTION('',(1.,0.,1.04744440165294E-14));
#3123=DIRECTION('',(0.,1.,0.));
#3124=DIRECTION('',(-1.,0.,-1.04744440165294E-14));
#3125=DIRECTION('',(-1.04744440165294E-14,0.,1.));
#3126=DIRECTION('',(1.,0.,1.04744440165294E-14));
#3127=DIRECTION('',(0.,-1.,0.));
#3128=DIRECTION('',(1.,0.,1.04744440165294E-14));
#3129=DIRECTION('',(-1.,0.,-1.04744440165294E-14));
#3130=DIRECTION('',(0.,1.,0.));
#3131=DIRECTION('',(1.,0.,1.04744440165294E-14));
#3132=DIRECTION('',(0.,-1.,0.));
#3133=DIRECTION('',(-0.707106781186546,0.,-0.707106781186549));
#3134=DIRECTION('',(-0.707106781186539,0.,-0.707106781186556));
#3135=DIRECTION('',(0.,-1.,0.));
#3136=DIRECTION('',(0.,0.,-1.));
#3137=DIRECTION('',(-0.707106781186539,0.,-0.707106781186556));
#3138=DIRECTION('',(0.,1.,0.));
#3139=DIRECTION('',(0.,0.,-1.));
#3140=DIRECTION('',(-0.707106781186556,0.,0.707106781186539));
#3141=DIRECTION('',(0.707106781186539,0.,0.707106781186556));
#3142=DIRECTION('',(0.707106781186539,0.,0.707106781186556));
#3143=DIRECTION('',(0.,-1.,0.));
#3144=DIRECTION('',(0.707106781186539,0.,0.707106781186556));
#3145=DIRECTION('',(0.,1.,0.));
#3146=DIRECTION('',(-0.707106781186539,0.,-0.707106781186556));
#3147=DIRECTION('',(-0.707106781186556,0.,0.707106781186539));
#3148=DIRECTION('',(0.707106781186539,0.,0.707106781186556));
#3149=DIRECTION('',(0.,-1.,0.));
#3150=DIRECTION('',(0.707106781186539,0.,0.707106781186556));
#3151=DIRECTION('',(-0.707106781186539,0.,-0.707106781186556));
#3152=DIRECTION('',(0.,1.,0.));
#3153=DIRECTION('',(0.707106781186539,0.,0.707106781186556));
#3154=DIRECTION('',(0.,1.,0.));
#3155=DIRECTION('',(-1.,0.,0.));
#3156=DIRECTION('',(0.382683432365091,0.,-0.923879532511287));
#3157=DIRECTION('',(0.,1.,0.));
#3158=DIRECTION('',(0.,0.,1.));
#3159=DIRECTION('',(0.382683432365091,0.,-0.923879532511287));
#3160=DIRECTION('',(0.,-1.,0.));
#3161=DIRECTION('',(0.,0.,1.));
#3162=DIRECTION('',(0.923879532511287,0.,0.382683432365091));
#3163=DIRECTION('',(0.382683432365091,0.,-0.923879532511287));
#3164=DIRECTION('',(-0.382683432365091,0.,0.923879532511287));
#3165=DIRECTION('',(0.,-1.,0.));
#3166=DIRECTION('',(0.191341716182546,-0.866025403784438,-0.461939766255644));
#3167=DIRECTION('',(-0.382683432365091,0.,0.923879532511287));
#3168=DIRECTION('',(0.,-1.,0.));
#3169=DIRECTION('',(0.382683432365091,0.,-0.923879532511287));
#3170=DIRECTION('',(-0.0532592399682912,-0.99026806874157,0.128579179453132));
#3171=DIRECTION('',(0.923879532511287,0.,0.38268343236509));
#3172=DIRECTION('',(0.38268343236509,0.,-0.923879532511287));
#3173=DIRECTION('',(0.,-1.,0.));
#3174=DIRECTION('',(-0.38268343236509,0.,0.923879532511287));
#3175=DIRECTION('',(0.38268343236509,0.,-0.923879532511287));
#3176=DIRECTION('',(0.,-1.,0.));
#3177=DIRECTION('',(-0.38268343236509,0.,0.923879532511287));
#3178=DIRECTION('',(-0.923879532604235,-1.39473636645941E-10,-0.382683432140693));
#3179=DIRECTION('',(0.331368004455171,0.500206193102107,-0.799993131224072));
#3180=DIRECTION('',(0.,-1.,0.));
#3181=DIRECTION('',(-1.,0.,0.));
#3182=DIRECTION('',(0.,0.,-1.));
#3183=DIRECTION('',(0.,-1.,0.));
#3184=DIRECTION('',(0.,0.,-1.));
#3185=DIRECTION('',(0.,0.,-1.));
#3186=DIRECTION('',(0.,1.,0.));
#3187=DIRECTION('',(0.,0.,-1.));
#3188=DIRECTION('',(-1.,0.,0.));
#3189=DIRECTION('',(0.,0.,1.));
#3190=DIRECTION('',(0.,0.,1.));
#3191=DIRECTION('',(0.,-1.,0.));
#3192=DIRECTION('',(0.,0.,1.));
#3193=DIRECTION('',(0.,1.,0.));
#3194=DIRECTION('',(0.,0.,-1.));
#3195=DIRECTION('',(-1.,0.,0.));
#3196=DIRECTION('',(0.,0.,1.));
#3197=DIRECTION('',(0.,-1.,0.));
#3198=DIRECTION('',(0.,0.,1.));
#3199=DIRECTION('',(0.,0.,-1.));
#3200=DIRECTION('',(0.,1.,0.));
#3201=DIRECTION('',(0.,0.,1.));
#3202=DIRECTION('',(0.,1.,0.));
#3203=DIRECTION('',(0.,0.,1.));
#3204=DIRECTION('',(0.,-1.,0.));
#3205=DIRECTION('',(0.,0.,-1.));
#3206=DIRECTION('',(0.,-1.,0.));
#3207=DIRECTION('',(0.,0.,-1.));
#3208=DIRECTION('',(0.,-1.,0.));
#3209=DIRECTION('',(0.,0.,-1.));
#3210=DIRECTION('',(0.,-1.,0.));
#3211=DIRECTION('',(0.,0.,-1.));
#3212=DIRECTION('',(0.,-1.,0.));
#3213=DIRECTION('',(0.,0.,-1.));
#3214=DIRECTION('',(0.,-1.,0.));
#3215=DIRECTION('',(0.,0.,-1.));
#3216=DIRECTION('',(0.,1.,0.));
#3217=DIRECTION('',(0.,0.,1.));
#3218=DIRECTION('',(0.,1.,0.));
#3219=DIRECTION('',(0.,0.,1.));
#3220=DIRECTION('',(0.,-1.,0.));
#3221=DIRECTION('',(0.,0.,-1.));
#3222=DIRECTION('',(0.,-1.,0.));
#3223=DIRECTION('',(0.,0.,-1.));
#3224=DIRECTION('',(0.,-1.,0.));
#3225=DIRECTION('',(0.,0.,-1.));
#3226=DIRECTION('',(0.,-1.,0.));
#3227=DIRECTION('',(0.,0.,-1.));
#3228=DIRECTION('',(0.,1.,0.));
#3229=DIRECTION('',(0.,0.,1.));
#3230=DIRECTION('',(0.,-1.,0.));
#3231=DIRECTION('',(0.,0.,-1.));
#3232=DIRECTION('',(0.,-1.,0.));
#3233=DIRECTION('',(0.,0.,-1.));
#3234=DIRECTION('',(0.,1.,0.));
#3235=DIRECTION('',(0.,0.,1.));
#3236=DIRECTION('',(0.,-1.,0.));
#3237=DIRECTION('',(0.,0.,-1.));
#3238=DIRECTION('',(0.,-1.,0.));
#3239=DIRECTION('',(0.,0.,-1.));
#3240=DIRECTION('',(0.,-1.,0.));
#3241=DIRECTION('',(0.,0.,-1.));
#3242=DIRECTION('',(0.,-1.,0.));
#3243=DIRECTION('',(0.,0.,-1.));
#3244=DIRECTION('',(0.,-1.,0.));
#3245=DIRECTION('',(0.,0.,-1.));
#3246=DIRECTION('',(0.,-1.,0.));
#3247=DIRECTION('',(0.,0.,-1.));
#3248=DIRECTION('',(0.,1.,0.));
#3249=DIRECTION('',(0.,0.,1.));
#3250=DIRECTION('',(0.,-1.,0.));
#3251=DIRECTION('',(0.,0.,-1.));
#3252=DIRECTION('',(0.,1.,0.));
#3253=DIRECTION('',(0.,0.,1.));
#3254=DIRECTION('',(0.,-1.,0.));
#3255=DIRECTION('',(0.,0.,-1.));
#3256=DIRECTION('',(0.,-1.,0.));
#3257=DIRECTION('',(0.,0.,-1.));
#3258=DIRECTION('',(0.,1.,0.));
#3259=DIRECTION('',(0.,0.,1.));
#3260=DIRECTION('',(0.,-1.,0.));
#3261=DIRECTION('',(0.,0.,-1.));
#3262=DIRECTION('',(0.,-1.,0.));
#3263=DIRECTION('',(0.,0.,-1.));
#3264=DIRECTION('',(0.,1.,0.));
#3265=DIRECTION('',(0.,0.,1.));
#3266=DIRECTION('',(0.,-1.,0.));
#3267=DIRECTION('',(0.,0.,-1.));
#3268=DIRECTION('',(0.,-1.,0.));
#3269=DIRECTION('',(0.,0.,-1.));
#3270=DIRECTION('',(0.,1.,0.));
#3271=DIRECTION('',(0.,0.,1.));
#3272=DIRECTION('',(0.,-1.,0.));
#3273=DIRECTION('',(0.,0.,-1.));
#3274=DIRECTION('',(0.,-1.,0.));
#3275=DIRECTION('',(0.,0.,-1.));
#3276=DIRECTION('',(0.,1.,0.));
#3277=DIRECTION('',(0.,0.,1.));
#3278=DIRECTION('',(0.,-1.,0.));
#3279=DIRECTION('',(0.,0.,-1.));
#3280=DIRECTION('',(0.,-1.,0.));
#3281=DIRECTION('',(0.,0.,-1.));
#3282=DIRECTION('',(0.,1.,0.));
#3283=DIRECTION('',(0.,0.,1.));
#3284=DIRECTION('',(0.,-1.,0.));
#3285=DIRECTION('',(0.,0.,-1.));
#3286=DIRECTION('',(0.,-1.,0.));
#3287=DIRECTION('',(0.,0.,-1.));
#3288=DIRECTION('',(0.,-1.,0.));
#3289=DIRECTION('',(0.,0.,-1.));
#3290=DIRECTION('',(0.,-1.,0.));
#3291=DIRECTION('',(0.,0.,-1.));
#3292=DIRECTION('',(0.,-1.,0.));
#3293=DIRECTION('',(0.,0.,-1.));
#3294=DIRECTION('',(0.,-1.,0.));
#3295=DIRECTION('',(0.,0.,-1.));
#3296=DIRECTION('',(0.,-1.,0.));
#3297=DIRECTION('',(0.,0.,-1.));
#3298=DIRECTION('',(0.,-1.,0.));
#3299=DIRECTION('',(0.,0.,-1.));
#3300=DIRECTION('',(0.,-1.,0.));
#3301=DIRECTION('',(0.,0.,-1.));
#3302=DIRECTION('',(0.,-1.,0.));
#3303=DIRECTION('',(0.,0.,-1.));
#3304=DIRECTION('',(0.,-1.,0.));
#3305=DIRECTION('',(0.,0.,-1.));
#3306=DIRECTION('',(0.,-1.,0.));
#3307=DIRECTION('',(0.,0.,-1.));
#3308=DIRECTION('',(0.,-1.,0.));
#3309=DIRECTION('',(0.,0.,-1.));
#3310=DIRECTION('',(0.,-1.,0.));
#3311=DIRECTION('',(0.,0.,-1.));
#3312=DIRECTION('',(0.,-1.,0.));
#3313=DIRECTION('',(0.,0.,-1.));
#3314=DIRECTION('',(0.,-1.,0.));
#3315=DIRECTION('',(0.,0.,-1.));
#3316=DIRECTION('',(0.,-1.,0.));
#3317=DIRECTION('',(0.,0.,-1.));
#3318=DIRECTION('',(0.,-1.,0.));
#3319=DIRECTION('',(0.,0.,-1.));
#3320=DIRECTION('',(0.,-1.,0.));
#3321=DIRECTION('',(0.,0.,-1.));
#3322=DIRECTION('',(0.,-1.,0.));
#3323=DIRECTION('',(0.,0.,-1.));
#3324=DIRECTION('',(0.,-1.,0.));
#3325=DIRECTION('',(0.,0.,-1.));
#3326=DIRECTION('',(0.,-1.,0.));
#3327=DIRECTION('',(0.,0.,-1.));
#3328=DIRECTION('',(0.,-1.,0.));
#3329=DIRECTION('',(0.,0.,-1.));
#3330=DIRECTION('',(0.,-1.,0.));
#3331=DIRECTION('',(0.,0.,-1.));
#3332=DIRECTION('',(0.,-1.,0.));
#3333=DIRECTION('',(0.,0.,-1.));
#3334=DIRECTION('',(0.,-1.,0.));
#3335=DIRECTION('',(0.,0.,-1.));
#3336=DIRECTION('',(0.,-1.,0.));
#3337=DIRECTION('',(0.,0.,-1.));
#3338=DIRECTION('',(0.,-1.,0.));
#3339=DIRECTION('',(0.,0.,-1.));
#3340=DIRECTION('',(0.,-1.,0.));
#3341=DIRECTION('',(0.,0.,-1.));
#3342=DIRECTION('',(0.,-1.,0.));
#3343=DIRECTION('',(0.,0.,-1.));
#3344=DIRECTION('',(0.,1.,0.));
#3345=DIRECTION('',(0.,0.,1.));
#3346=DIRECTION('',(0.,1.,0.));
#3347=DIRECTION('',(0.,0.,1.));
#3348=DIRECTION('',(0.,-1.,0.));
#3349=DIRECTION('',(0.,0.,-1.));
#3350=DIRECTION('',(0.,1.,0.));
#3351=DIRECTION('',(0.,0.,1.));
#3352=DIRECTION('',(0.,1.,0.));
#3353=DIRECTION('',(0.,0.,1.));
#3354=DIRECTION('',(0.,-1.,0.));
#3355=DIRECTION('',(0.,0.,-1.));
#3356=DIRECTION('',(0.,1.,0.));
#3357=DIRECTION('',(0.,0.,1.));
#3358=DIRECTION('',(0.,1.,0.));
#3359=DIRECTION('',(0.,0.,1.));
#3360=DIRECTION('',(0.,-1.,0.));
#3361=DIRECTION('',(0.,0.,-1.));
#3362=DIRECTION('',(0.,1.,0.));
#3363=DIRECTION('',(0.,0.,1.));
#3364=DIRECTION('',(0.,1.,0.));
#3365=DIRECTION('',(0.,0.,1.));
#3366=DIRECTION('',(0.,-1.,0.));
#3367=DIRECTION('',(0.,0.,-1.));
#3368=DIRECTION('',(0.,1.,0.));
#3369=DIRECTION('',(0.,0.,1.));
#3370=DIRECTION('',(0.,1.,0.));
#3371=DIRECTION('',(0.,0.,1.));
#3372=DIRECTION('',(0.,-1.,0.));
#3373=DIRECTION('',(0.,0.,-1.));
#3374=DIRECTION('',(0.,1.,0.));
#3375=DIRECTION('',(0.,0.,1.));
#3376=DIRECTION('',(0.,1.,0.));
#3377=DIRECTION('',(0.,0.,1.));
#3378=DIRECTION('',(0.,-1.,0.));
#3379=DIRECTION('',(0.,0.,-1.));
#3380=DIRECTION('',(0.,1.,0.));
#3381=DIRECTION('',(0.,0.,1.));
#3382=DIRECTION('',(0.,1.,0.));
#3383=DIRECTION('',(0.,0.,1.));
#3384=DIRECTION('',(0.,-1.,0.));
#3385=DIRECTION('',(0.,0.,-1.));
#3386=DIRECTION('',(0.,-1.,0.));
#3387=DIRECTION('',(0.,0.,-1.));
#3388=DIRECTION('',(0.,-1.,0.));
#3389=DIRECTION('',(0.,0.,-1.));
#3390=DIRECTION('',(0.,-1.,0.));
#3391=DIRECTION('',(0.,0.,-1.));
#3392=DIRECTION('',(0.,-1.,0.));
#3393=DIRECTION('',(0.,0.,-1.));
#3394=DIRECTION('',(0.,-1.,0.));
#3395=DIRECTION('',(0.,0.,-1.));
#3396=DIRECTION('',(0.,-1.,0.));
#3397=DIRECTION('',(0.,0.,-1.));
#3398=DIRECTION('',(0.,-1.,0.));
#3399=DIRECTION('',(0.,0.,-1.));
#3400=DIRECTION('',(0.,-1.,0.));
#3401=DIRECTION('',(0.,0.,-1.));
#3402=DIRECTION('',(0.,-1.,0.));
#3403=DIRECTION('',(0.,0.,-1.));
#3404=DIRECTION('',(0.,-1.,0.));
#3405=DIRECTION('',(0.,0.,-1.));
#3406=DIRECTION('',(0.,-1.,0.));
#3407=DIRECTION('',(0.,0.,-1.));
#3408=DIRECTION('',(0.,-1.,0.));
#3409=DIRECTION('',(0.,0.,-1.));
#3410=DIRECTION('',(0.,-1.,0.));
#3411=DIRECTION('',(0.,0.,-1.));
#3412=DIRECTION('',(0.,-1.,0.));
#3413=DIRECTION('',(0.,0.,-1.));
#3414=DIRECTION('',(0.,-1.,0.));
#3415=DIRECTION('',(0.,0.,-1.));
#3416=DIRECTION('',(0.,-1.,0.));
#3417=DIRECTION('',(0.,0.,-1.));
#3418=DIRECTION('',(0.,-1.,0.));
#3419=DIRECTION('',(0.,0.,-1.));
#3420=DIRECTION('',(0.,-1.,0.));
#3421=DIRECTION('',(0.,0.,-1.));
#3422=DIRECTION('',(0.,-1.,0.));
#3423=DIRECTION('',(0.,0.,-1.));
#3424=DIRECTION('',(0.,-1.,0.));
#3425=DIRECTION('',(0.,0.,-1.));
#3426=DIRECTION('',(0.,-1.,0.));
#3427=DIRECTION('',(0.,0.,-1.));
#3428=DIRECTION('',(0.,-1.,0.));
#3429=DIRECTION('',(0.,0.,-1.));
#3430=DIRECTION('',(0.,-1.,0.));
#3431=DIRECTION('',(0.,0.,-1.));
#3432=DIRECTION('',(0.,-1.,0.));
#3433=DIRECTION('',(0.,0.,-1.));
#3434=DIRECTION('',(0.,-1.,0.));
#3435=DIRECTION('',(0.,0.,-1.));
#3436=DIRECTION('',(0.,-1.,0.));
#3437=DIRECTION('',(0.,0.,-1.));
#3438=DIRECTION('',(0.,-1.,0.));
#3439=DIRECTION('',(0.,0.,-1.));
#3440=DIRECTION('',(0.,-1.,0.));
#3441=DIRECTION('',(0.,0.,-1.));
#3442=DIRECTION('',(0.,-1.,0.));
#3443=DIRECTION('',(0.,0.,-1.));
#3444=DIRECTION('',(0.,-1.,0.));
#3445=DIRECTION('',(0.,0.,-1.));
#3446=DIRECTION('',(0.,-1.,0.));
#3447=DIRECTION('',(0.,0.,-1.));
#3448=DIRECTION('',(0.,-1.,0.));
#3449=DIRECTION('',(0.,0.,-1.));
#3450=DIRECTION('',(0.,-1.,0.));
#3451=DIRECTION('',(0.,0.,-1.));
#3452=DIRECTION('',(0.,-1.,0.));
#3453=DIRECTION('',(0.,0.,-1.));
#3454=DIRECTION('',(0.,-1.,0.));
#3455=DIRECTION('',(0.,0.,-1.));
#3456=DIRECTION('',(0.,1.,0.));
#3457=DIRECTION('',(0.,0.,1.));
#3458=DIRECTION('',(0.,-1.,0.));
#3459=DIRECTION('',(0.,0.,-1.));
#3460=DIRECTION('',(0.,1.,0.));
#3461=DIRECTION('',(0.,0.,1.));
#3462=DIRECTION('',(0.,-1.,0.));
#3463=DIRECTION('',(0.,0.,-1.));
#3464=DIRECTION('',(0.,1.,0.));
#3465=DIRECTION('',(0.,0.,1.));
#3466=DIRECTION('',(0.,-1.,0.));
#3467=DIRECTION('',(0.,0.,-1.));
#3468=DIRECTION('',(0.,1.,0.));
#3469=DIRECTION('',(0.,0.,1.));
#3470=DIRECTION('',(0.,-1.,0.));
#3471=DIRECTION('',(0.,0.,-1.));
#3472=DIRECTION('',(0.,1.,0.));
#3473=DIRECTION('',(0.,0.,1.));
#3474=DIRECTION('',(0.,-1.,0.));
#3475=DIRECTION('',(0.,0.,-1.));
#3476=DIRECTION('',(0.,1.,0.));
#3477=DIRECTION('',(0.,0.,1.));
#3478=DIRECTION('',(0.,-1.,0.));
#3479=DIRECTION('',(0.,0.,-1.));
#3480=DIRECTION('',(0.,1.,0.));
#3481=DIRECTION('',(0.,0.,1.));
#3482=DIRECTION('',(0.,-1.,0.));
#3483=DIRECTION('',(0.,0.,-1.));
#3484=DIRECTION('',(0.,1.,0.));
#3485=DIRECTION('',(0.,0.,1.));
#3486=DIRECTION('',(0.,-1.,0.));
#3487=DIRECTION('',(0.,0.,-1.));
#3488=DIRECTION('',(0.,1.,0.));
#3489=DIRECTION('',(0.,0.,1.));
#3490=DIRECTION('',(0.,-1.,0.));
#3491=DIRECTION('',(0.,0.,-1.));
#3492=DIRECTION('',(0.,1.,0.));
#3493=DIRECTION('',(0.,0.,1.));
#3494=DIRECTION('',(0.,-1.,0.));
#3495=DIRECTION('',(0.,0.,-1.));
#3496=DIRECTION('',(0.,-1.,0.));
#3497=DIRECTION('',(0.,0.,-1.));
#3498=DIRECTION('',(0.,1.,0.));
#3499=DIRECTION('',(0.,0.,1.));
#3500=DIRECTION('',(0.,-1.,0.));
#3501=DIRECTION('',(0.,0.,-1.));
#3502=DIRECTION('',(0.,1.,0.));
#3503=DIRECTION('',(0.,0.,1.));
#3504=DIRECTION('',(0.,-1.,0.));
#3505=DIRECTION('',(0.,0.,-1.));
#3506=DIRECTION('',(0.,1.,0.));
#3507=DIRECTION('',(0.,0.,1.));
#3508=DIRECTION('',(0.,-1.,0.));
#3509=DIRECTION('',(0.,0.,-1.));
#3510=DIRECTION('',(0.,-1.,0.));
#3511=DIRECTION('',(0.,0.,-1.));
#3512=DIRECTION('',(0.,-1.,0.));
#3513=DIRECTION('',(0.,0.,-1.));
#3514=DIRECTION('',(0.,-1.,0.));
#3515=DIRECTION('',(0.,0.,-1.));
#3516=DIRECTION('',(0.,-1.,0.));
#3517=DIRECTION('',(0.,0.,-1.));
#3518=DIRECTION('',(0.,-1.,0.));
#3519=DIRECTION('',(0.,0.,-1.));
#3520=DIRECTION('',(0.,-1.,0.));
#3521=DIRECTION('',(0.,0.,-1.));
#3522=DIRECTION('',(0.,-1.,0.));
#3523=DIRECTION('',(0.,0.,-1.));
#3524=DIRECTION('',(0.,-1.,0.));
#3525=DIRECTION('',(0.,0.,-1.));
#3526=DIRECTION('',(0.,-1.,0.));
#3527=DIRECTION('',(0.,0.,-1.));
#3528=DIRECTION('',(0.,-1.,0.));
#3529=DIRECTION('',(0.,0.,-1.));
#3530=DIRECTION('',(0.,-1.,0.));
#3531=DIRECTION('',(0.,0.,-1.));
#3532=DIRECTION('',(0.,-1.,0.));
#3533=DIRECTION('',(0.,0.,-1.));
#3534=DIRECTION('',(0.,-1.,0.));
#3535=DIRECTION('',(0.,0.,-1.));
#3536=DIRECTION('',(0.,-1.,0.));
#3537=DIRECTION('',(0.,0.,-1.));
#3538=DIRECTION('',(0.,-1.,0.));
#3539=DIRECTION('',(0.,0.,-1.));
#3540=DIRECTION('',(0.,-1.,0.));
#3541=DIRECTION('',(0.,0.,-1.));
#3542=DIRECTION('',(0.,-1.,0.));
#3543=DIRECTION('',(0.,0.,-1.));
#3544=DIRECTION('',(0.,-1.,0.));
#3545=DIRECTION('',(0.,0.,-1.));
#3546=DIRECTION('',(0.,-1.,0.));
#3547=DIRECTION('',(0.,0.,-1.));
#3548=DIRECTION('',(0.,-1.,0.));
#3549=DIRECTION('',(0.,0.,-1.));
#3550=DIRECTION('',(0.,-1.,0.));
#3551=DIRECTION('',(0.,0.,-1.));
#3552=DIRECTION('',(0.,1.,0.));
#3553=DIRECTION('',(0.,0.,1.));
#3554=DIRECTION('',(0.,-1.,0.));
#3555=DIRECTION('',(0.,0.,-1.));
#3556=CARTESIAN_POINT('',(0.,0.,0.));
#3557=CARTESIAN_POINT('',(-0.000191341716182544,-5.36000501990923E-7,-0.000461939766255644));
#3558=CARTESIAN_POINT('',(0.0071852448013282,0.0614799985303418,-0.00351742194582709));
#3559=CARTESIAN_POINT('',(0.0071852448013282,0.,-0.00351742194582709));
#3560=CARTESIAN_POINT('',(0.0071852448013282,0.037,-0.00351742194582709));
#3561=CARTESIAN_POINT('',(0.0101855528539161,3.64850228992554E-19,-0.0047601902325062));
#3562=CARTESIAN_POINT('',(0.0110310247740867,7.29700457985108E-19,-0.00511039616844648));
#3563=CARTESIAN_POINT('',(0.0150456698753787,0.0309,-0.00677331661751632));
#3564=CARTESIAN_POINT('',(0.0137076703045084,0.0205999672059676,-0.00621909904881249));
#3565=CARTESIAN_POINT('',(0.0123695323462954,0.0102999554662423,-0.00566482415819442));
#3566=CARTESIAN_POINT('',(0.0110310247740867,7.29700457985108E-19,-0.00511039616844648));
#3567=CARTESIAN_POINT('',(0.0150456698753787,0.0309,-0.00677331661751632));
#3568=CARTESIAN_POINT('',(0.0122705377864793,0.0309,-0.00562381926891741));
#3569=CARTESIAN_POINT('',(0.0132893872103709,0.0309,-0.00604584051830933));
#3570=CARTESIAN_POINT('',(0.0132893872103709,0.,-0.00604584051830933));
#3571=CARTESIAN_POINT('',(0.0132893872103709,0.0345,-0.00604584051830933));
#3572=CARTESIAN_POINT('',(0.0138922892286065,0.0345,-0.00629557071104463));
#3573=CARTESIAN_POINT('',(0.0150456698753787,0.0345,-0.00677331661751632));
#3574=CARTESIAN_POINT('',(-57.4430224696003,-35.8885761719007,23.793137808604));
#3575=CARTESIAN_POINT('',(0.0137114931704896,0.037,-0.006220682531749));
#3576=CARTESIAN_POINT('',(-0.000191341716182544,0.037,-0.000461939766255644));
#3577=CARTESIAN_POINT('',(0.,-5.36000501990923E-7,0.));
#3578=CARTESIAN_POINT('',(0.0103768945700986,3.64850228992554E-19,-0.00429825046625056));
#3579=CARTESIAN_POINT('',(0.0112318697459313,7.29700457985108E-19,-0.00465239277957275));
#3580=CARTESIAN_POINT('',(0.0073910362600903,0.,-0.0030614674589207));
#3581=CARTESIAN_POINT('',(0.0073910362600903,0.0614799985303418,-0.0030614674589207));
#3582=CARTESIAN_POINT('',(0.0073910362600903,0.037,-0.0030614674589207));
#3583=CARTESIAN_POINT('',(0.,0.037,0.));
#3584=CARTESIAN_POINT('',(0.0139105070444508,0.037,-0.00576192067729796));
#3585=CARTESIAN_POINT('',(0.,0.0630788383248864,0.));
#3586=CARTESIAN_POINT('',(0.0152440122864363,0.0345,-0.00631427663402395));
#3587=CARTESIAN_POINT('',(0.014083630944789,0.0345,-0.00583363094478899));
#3588=CARTESIAN_POINT('',(0.0134886411746648,0.0345,-0.00558717811253028));
#3589=CARTESIAN_POINT('',(0.0134886411746648,0.,-0.00558717811253028));
#3590=CARTESIAN_POINT('',(0.0134886411746648,0.0309,-0.00558717811253028));
#3591=CARTESIAN_POINT('',(0.0124618795026618,0.0309,-0.00516187950266177));
#3592=CARTESIAN_POINT('',(0.0152440122864363,0.0309,-0.00631427663402395));
#3593=CARTESIAN_POINT('',(0.,-0.0865036004193393,0.));
#3594=CARTESIAN_POINT('',(0.,0.037,0.));
#3595=CARTESIAN_POINT('',(0.,0.037,4.89858719658941E-19));
#3596=CARTESIAN_POINT('',(0.,0.037,0.));
#3597=CARTESIAN_POINT('',(0.,0.037,0.));
#3598=CARTESIAN_POINT('',(0.,0.037,0.));
#3599=CARTESIAN_POINT('',(0.00739103626009028,0.037,0.00306146745892075));
#3600=CARTESIAN_POINT('',(0.0139105070444508,0.037,0.00576192067729805));
#3601=CARTESIAN_POINT('',(0.,0.037,4.89858719658941E-19));
#3602=CARTESIAN_POINT('',(0.00756792823369327,0.037,0.00259354241331585));
#3603=CARTESIAN_POINT('',(0.000191341716182547,0.037,-0.000461939766255643));
#3604=CARTESIAN_POINT('',(0.0140941766028546,0.037,0.00529680299923781));
#3605=CARTESIAN_POINT('',(0.,0.037,0.));
#3606=CARTESIAN_POINT('',(0.000191341716182547,-5.36000501990923E-7,-0.000461939766255643));
#3607=CARTESIAN_POINT('',(0.00756792823369327,0.0614799985303418,0.00259354241331585));
#3608=CARTESIAN_POINT('',(0.00756792823369328,0.,0.00259354241331585));
#3609=CARTESIAN_POINT('',(0.0105682362862811,3.64850228992554E-19,0.00383631069999497));
#3610=CARTESIAN_POINT('',(0.0114137082064517,7.29700457985108E-19,0.00418651663593526));
#3611=CARTESIAN_POINT('',(0.0154283533077437,0.0309,0.00584943708500513));
#3612=CARTESIAN_POINT('',(0.0140903537368735,0.0205999672059676,0.0052952195163013));
#3613=CARTESIAN_POINT('',(0.0127522157786605,0.0102999554662423,0.00474094462568322));
#3614=CARTESIAN_POINT('',(0.0114137082064517,7.29700457985108E-19,0.00418651663593526));
#3615=CARTESIAN_POINT('',(0.0154283533077437,0.0309,0.00584943708500513));
#3616=CARTESIAN_POINT('',(0.0126532212188443,0.0309,0.00469993973640619));
#3617=CARTESIAN_POINT('',(0.0136720706427359,0.0309,0.00512196098579813));
#3618=CARTESIAN_POINT('',(0.0136720706427359,0.,0.00512196098579813));
#3619=CARTESIAN_POINT('',(0.0136720706427359,0.0345,0.00512196098579813));
#3620=CARTESIAN_POINT('',(0.0142749726609715,0.0345,0.00537169117853342));
#3621=CARTESIAN_POINT('',(0.0154283533077437,0.0345,0.00584943708500513));
#3622=CARTESIAN_POINT('',(-57.4426081961586,-35.8885564140227,-23.7940485729255));
#3623=CARTESIAN_POINT('',(0.,-5.36000501990923E-7,0.));
#3624=CARTESIAN_POINT('',(0.0103768945700986,3.64850228992554E-19,0.00429825046625061));
#3625=CARTESIAN_POINT('',(0.0112318697459312,7.29700457985108E-19,0.00465239277957282));
#3626=CARTESIAN_POINT('',(0.00739103626009028,0.,0.00306146745892074));
#3627=CARTESIAN_POINT('',(0.00739103626009028,0.0614799985303418,0.00306146745892075));
#3628=CARTESIAN_POINT('',(0.,0.0630788383248864,0.));
#3629=CARTESIAN_POINT('',(0.0152440122864362,0.0345,0.00631427663402404));
#3630=CARTESIAN_POINT('',(0.014083630944789,0.0345,0.00583363094478906));
#3631=CARTESIAN_POINT('',(0.0134886411746648,0.0345,0.00558717811253036));
#3632=CARTESIAN_POINT('',(0.0134886411746648,0.,0.00558717811253036));
#3633=CARTESIAN_POINT('',(0.0134886411746648,0.0309,0.00558717811253037));
#3634=CARTESIAN_POINT('',(0.0124618795026617,0.0309,0.00516187950266184));
#3635=CARTESIAN_POINT('',(0.0152440122864362,0.0309,0.00631427663402404));
#3636=CARTESIAN_POINT('',(0.,-0.0865036004193393,0.));
#3637=CARTESIAN_POINT('',(0.,0.037,0.));
#3638=CARTESIAN_POINT('',(0.,0.037,0.));
#3639=CARTESIAN_POINT('',(0.00306146745892067,0.037,0.00739103626009031));
#3640=CARTESIAN_POINT('',(0.00576192067729791,0.037,0.0139105070444508));
#3641=CARTESIAN_POINT('',(0.,0.037,4.89858719658941E-19));
#3642=CARTESIAN_POINT('',(0.00351742194582707,0.037,0.00718524480132821));
#3643=CARTESIAN_POINT('',(0.000461939766255645,0.037,-0.000191341716182542));
#3644=CARTESIAN_POINT('',(0.00622068253174896,0.037,0.0137114931704896));
#3645=CARTESIAN_POINT('',(0.,0.037,0.));
#3646=CARTESIAN_POINT('',(0.000461939766255645,-5.36000501990923E-7,-0.000191341716182542));
#3647=CARTESIAN_POINT('',(0.00351742194582707,0.0614799985303418,0.00718524480132821));
#3648=CARTESIAN_POINT('',(0.00351742194582707,0.,0.00718524480132821));
#3649=CARTESIAN_POINT('',(0.00224233340385307,3.64850228992554E-19,0.00410690875006798));
#3650=CARTESIAN_POINT('',(0.00511039616844644,7.29700457985108E-19,0.0110310247740867));
#3651=CARTESIAN_POINT('',(0.00677331661751626,0.0309,0.0150456698753787));
#3652=CARTESIAN_POINT('',(0.00621909904881245,0.0205999672059676,0.0137076703045085));
#3653=CARTESIAN_POINT('',(0.00566482415819438,0.0102999554662423,0.0123695323462954));
#3654=CARTESIAN_POINT('',(0.00511039616844644,7.29700457985108E-19,0.0110310247740867));
#3655=CARTESIAN_POINT('',(0.00677331661751626,0.0309,0.0150456698753787));
#3656=CARTESIAN_POINT('',(0.00260006026359378,0.0309,0.00497053778647919));
#3657=CARTESIAN_POINT('',(0.00604584051830928,0.0309,0.0132893872103709));
#3658=CARTESIAN_POINT('',(0.00604584051830928,0.,0.0132893872103709));
#3659=CARTESIAN_POINT('',(0.00604584051830928,0.0345,0.0132893872103709));
#3660=CARTESIAN_POINT('',(0.00287830882146656,0.0345,0.00564228922860641));
#3661=CARTESIAN_POINT('',(0.00677331661751626,0.0345,0.0150456698753787));
#3662=CARTESIAN_POINT('',(-23.7931377896378,-35.888576184183,-57.4430225004729));
#3663=CARTESIAN_POINT('',(0.,-5.36000501990923E-7,0.));
#3664=CARTESIAN_POINT('',(0.00178039363759742,3.64850228992554E-19,0.00429825046625053));
#3665=CARTESIAN_POINT('',(0.00465239277957271,7.29700457985108E-19,0.0112318697459313));
#3666=CARTESIAN_POINT('',(0.00306146745892067,0.,0.00739103626009031));
#3667=CARTESIAN_POINT('',(0.00306146745892067,0.0614799985303418,0.00739103626009031));
#3668=CARTESIAN_POINT('',(0.,0.0630788383248864,0.));
#3669=CARTESIAN_POINT('',(0.00631427663402389,0.0345,0.0152440122864363));
#3670=CARTESIAN_POINT('',(0.00241636905521092,0.0345,0.00583363094478895));
#3671=CARTESIAN_POINT('',(0.00558717811253023,0.0345,0.0134886411746648));
#3672=CARTESIAN_POINT('',(0.00558717811253023,0.,0.0134886411746648));
#3673=CARTESIAN_POINT('',(0.00558717811253023,0.0309,0.0134886411746648));
#3674=CARTESIAN_POINT('',(0.00213812049733814,0.0309,0.00516187950266174));
#3675=CARTESIAN_POINT('',(0.00631427663402389,0.0309,0.0152440122864363));
#3676=CARTESIAN_POINT('',(0.,-0.0865036004193393,0.));
#3677=CARTESIAN_POINT('',(0.,0.037,0.));
#3678=CARTESIAN_POINT('',(0.,0.037,0.));
#3679=CARTESIAN_POINT('',(-0.00306146745892072,0.037,0.0073910362600903));
#3680=CARTESIAN_POINT('',(-0.005761920677298,0.037,0.0139105070444508));
#3681=CARTESIAN_POINT('',(0.,0.037,4.89858719658941E-19));
#3682=CARTESIAN_POINT('',(-0.00259354241331583,0.037,0.00756792823369329));
#3683=CARTESIAN_POINT('',(0.000461939766255643,0.037,0.000191341716182545));
#3684=CARTESIAN_POINT('',(-0.00529680299923776,0.037,0.0140941766028546));
#3685=CARTESIAN_POINT('',(0.,0.037,0.));
#3686=CARTESIAN_POINT('',(0.000461939766255643,-5.36000501990923E-7,0.000191341716182545));
#3687=CARTESIAN_POINT('',(-0.00259354241331583,0.0614799985303418,0.00756792823369329));
#3688=CARTESIAN_POINT('',(-0.00259354241331583,0.,0.00756792823369328));
#3689=CARTESIAN_POINT('',(0.00224233340385312,3.64850228992554E-19,-0.00410690875006804));
#3690=CARTESIAN_POINT('',(-0.00418651663593522,7.29700457985108E-19,0.0114137082064518));
#3691=CARTESIAN_POINT('',(-0.00584943708500507,0.0309,0.0154283533077437));
#3692=CARTESIAN_POINT('',(-0.00529521951630125,0.0205999672059676,0.0140903537368735));
#3693=CARTESIAN_POINT('',(-0.00474094462568317,0.0102999554662423,0.0127522157786605));
#3694=CARTESIAN_POINT('',(-0.00418651663593522,7.29700457985108E-19,0.0114137082064518));
#3695=CARTESIAN_POINT('',(-0.00584943708500507,0.0309,0.0154283533077437));
#3696=CARTESIAN_POINT('',(0.00260006026359385,0.0309,-0.00497053778647926));
#3697=CARTESIAN_POINT('',(-0.00512196098579808,0.0309,0.0136720706427359));
#3698=CARTESIAN_POINT('',(-0.00512196098579808,0.,0.0136720706427359));
#3699=CARTESIAN_POINT('',(-0.00512196098579808,0.0345,0.0136720706427359));
#3700=CARTESIAN_POINT('',(0.00287830882146664,0.0345,-0.00564228922860648));
#3701=CARTESIAN_POINT('',(-0.00584943708500507,0.0345,0.0154283533077437));
#3702=CARTESIAN_POINT('',(23.7940485883941,-35.8885564395113,-57.4426082375131));
#3703=CARTESIAN_POINT('',(0.,-5.36000501990923E-7,0.));
#3704=CARTESIAN_POINT('',(0.00178039363759747,3.64850228992554E-19,-0.00429825046625059));
#3705=CARTESIAN_POINT('',(-0.00465239277957278,7.29700457985108E-19,0.0112318697459312));
#3706=CARTESIAN_POINT('',(-0.00306146745892072,0.,0.00739103626009029));
#3707=CARTESIAN_POINT('',(-0.00306146745892072,0.0614799985303418,0.0073910362600903));
#3708=CARTESIAN_POINT('',(0.,0.0630788383248864,0.));
#3709=CARTESIAN_POINT('',(-0.00631427663402399,0.0345,0.0152440122864363));
#3710=CARTESIAN_POINT('',(0.00241636905521099,0.0345,-0.00583363094478902));
#3711=CARTESIAN_POINT('',(-0.00558717811253032,0.0345,0.0134886411746648));
#3712=CARTESIAN_POINT('',(-0.00558717811253032,0.,0.0134886411746648));
#3713=CARTESIAN_POINT('',(-0.00558717811253032,0.0309,0.0134886411746648));
#3714=CARTESIAN_POINT('',(0.00213812049733821,0.0309,-0.0051618795026618));
#3715=CARTESIAN_POINT('',(-0.00631427663402399,0.0309,0.0152440122864362));
#3716=CARTESIAN_POINT('',(0.,-0.0865036004193393,0.));
#3717=CARTESIAN_POINT('',(0.,0.037,0.));
#3718=CARTESIAN_POINT('',(0.,0.037,0.));
#3719=CARTESIAN_POINT('',(-0.00739103626009032,0.037,0.00306146745892065));
#3720=CARTESIAN_POINT('',(-0.0139105070444508,0.037,0.00576192067729787));
#3721=CARTESIAN_POINT('',(0.,0.037,4.89858719658941E-19));
#3722=CARTESIAN_POINT('',(-0.00718524480132822,0.037,0.00351742194582704));
#3723=CARTESIAN_POINT('',(0.000191341716182541,0.037,0.000461939766255645));
#3724=CARTESIAN_POINT('',(-0.0137114931704896,0.037,0.00622068253174891));
#3725=CARTESIAN_POINT('',(0.,0.037,0.));
#3726=CARTESIAN_POINT('',(0.000191341716182541,-5.36000501990923E-7,0.000461939766255645));
#3727=CARTESIAN_POINT('',(-0.00718524480132822,0.0614799985303418,0.00351742194582704));
#3728=CARTESIAN_POINT('',(-0.00718524480132823,0.,0.00351742194582704));
#3729=CARTESIAN_POINT('',(0.0105682362862812,3.64850228992554E-19,-0.00383631069999486));
#3730=CARTESIAN_POINT('',(-0.0110310247740867,7.29700457985108E-19,0.0051103961684464));
#3731=CARTESIAN_POINT('',(-0.0150456698753787,0.0309,0.00677331661751621));
#3732=CARTESIAN_POINT('',(-0.0137076703045085,0.0205999672059676,0.0062190990488124));
#3733=CARTESIAN_POINT('',(-0.0123695323462955,0.0102999554662423,0.00566482415819434));
#3734=CARTESIAN_POINT('',(-0.0110310247740867,7.29700457985108E-19,0.0051103961684464));
#3735=CARTESIAN_POINT('',(-0.0150456698753787,0.0309,0.00677331661751621));
#3736=CARTESIAN_POINT('',(0.0126532212188444,0.0309,-0.00469993973640606));
#3737=CARTESIAN_POINT('',(-0.0132893872103709,0.0309,0.00604584051830924));
#3738=CARTESIAN_POINT('',(-0.0132893872103709,0.,0.00604584051830924));
#3739=CARTESIAN_POINT('',(-0.0132893872103709,0.0345,0.00604584051830924));
#3740=CARTESIAN_POINT('',(0.0142749726609717,0.0345,-0.00537169117853326));
#3741=CARTESIAN_POINT('',(-0.0150456698753787,0.0345,0.00677331661751622));
#3742=CARTESIAN_POINT('',(57.4429909461431,-35.888556451811,-23.7931247036713));
#3743=CARTESIAN_POINT('',(0.,-5.36000501990923E-7,0.));
#3744=CARTESIAN_POINT('',(0.0103768945700987,3.64850228992554E-19,-0.0042982504662505));
#3745=CARTESIAN_POINT('',(-0.0112318697459313,7.29700457985108E-19,0.00465239277957267));
#3746=CARTESIAN_POINT('',(-0.00739103626009032,0.,0.00306146745892064));
#3747=CARTESIAN_POINT('',(-0.00739103626009032,0.0614799985303418,0.00306146745892065));
#3748=CARTESIAN_POINT('',(0.,0.0630788383248864,0.));
#3749=CARTESIAN_POINT('',(-0.0152440122864363,0.0345,0.00631427663402384));
#3750=CARTESIAN_POINT('',(0.0140836309447891,0.0345,-0.00583363094478891));
#3751=CARTESIAN_POINT('',(-0.0134886411746648,0.0345,0.00558717811253018));
#3752=CARTESIAN_POINT('',(-0.0134886411746648,0.,0.00558717811253018));
#3753=CARTESIAN_POINT('',(-0.0134886411746648,0.0309,0.00558717811253018));
#3754=CARTESIAN_POINT('',(0.0124618795026619,0.0309,-0.0051618795026617));
#3755=CARTESIAN_POINT('',(-0.0152440122864363,0.0309,0.00631427663402384));
#3756=CARTESIAN_POINT('',(0.,-0.0865036004193393,0.));
#3757=CARTESIAN_POINT('',(0.,0.037,0.));
#3758=CARTESIAN_POINT('',(0.,0.037,0.));
#3759=CARTESIAN_POINT('',(-0.00739103626009026,0.037,-0.0030614674589208));
#3760=CARTESIAN_POINT('',(-0.0139105070444507,0.037,-0.00576192067729815));
#3761=CARTESIAN_POINT('',(0.,0.037,4.89858719658941E-19));
#3762=CARTESIAN_POINT('',(-0.00756792823369326,0.037,-0.0025935424133159));
#3763=CARTESIAN_POINT('',(-0.00019134171618255,0.037,0.000461939766255641));
#3764=CARTESIAN_POINT('',(-0.0140941766028546,0.037,-0.00529680299923791));
#3765=CARTESIAN_POINT('',(0.,0.037,0.));
#3766=CARTESIAN_POINT('',(-0.00019134171618255,-5.36000501990923E-7,0.000461939766255641));
#3767=CARTESIAN_POINT('',(-0.00756792823369326,0.0614799985303418,-0.0025935424133159));
#3768=CARTESIAN_POINT('',(-0.00756792823369326,0.,-0.00259354241331591));
#3769=CARTESIAN_POINT('',(0.010185552853916,3.64850228992554E-19,0.00476019023250631));
#3770=CARTESIAN_POINT('',(-0.0114137082064517,7.29700457985108E-19,-0.00418651663593534));
#3771=CARTESIAN_POINT('',(-0.0154283533077437,0.0309,-0.00584943708500523));
#3772=CARTESIAN_POINT('',(-0.0140903537368735,0.0205999672059676,-0.00529521951630139));
#3773=CARTESIAN_POINT('',(-0.0127522157786605,0.0102999554662423,-0.0047409446256833));
#3774=CARTESIAN_POINT('',(-0.0114137082064517,7.29700457985108E-19,-0.00418651663593534));
#3775=CARTESIAN_POINT('',(-0.0154283533077437,0.0309,-0.00584943708500523));
#3776=CARTESIAN_POINT('',(0.0122705377864791,0.0309,0.00562381926891755));
#3777=CARTESIAN_POINT('',(-0.0136720706427359,0.0309,-0.00512196098579822));
#3778=CARTESIAN_POINT('',(-0.0136720706427359,0.,-0.00512196098579822));
#3779=CARTESIAN_POINT('',(-0.0136720706427359,0.0345,-0.00512196098579822));
#3780=CARTESIAN_POINT('',(0.0138922892286063,0.0345,0.00629557071104478));
#3781=CARTESIAN_POINT('',(-0.0154283533077437,0.0345,-0.00584943708500523));
#3782=CARTESIAN_POINT('',(57.4426397806955,-35.8885761651044,23.7940616706051));
#3783=CARTESIAN_POINT('',(0.,-5.36000501990923E-7,0.));
#3784=CARTESIAN_POINT('',(0.0103768945700985,3.64850228992554E-19,0.00429825046625068));
#3785=CARTESIAN_POINT('',(-0.0112318697459312,7.29700457985108E-19,-0.0046523927795729));
#3786=CARTESIAN_POINT('',(-0.00739103626009027,0.,-0.0030614674589208));
#3787=CARTESIAN_POINT('',(-0.00739103626009026,0.0614799985303418,-0.0030614674589208));
#3788=CARTESIAN_POINT('',(0.,0.0630788383248864,0.));
#3789=CARTESIAN_POINT('',(-0.0152440122864362,0.0345,-0.00631427663402415));
#3790=CARTESIAN_POINT('',(0.0140836309447889,0.0345,0.00583363094478915));
#3791=CARTESIAN_POINT('',(-0.0134886411746647,0.0345,-0.00558717811253046));
#3792=CARTESIAN_POINT('',(-0.0134886411746647,0.,-0.00558717811253046));
#3793=CARTESIAN_POINT('',(-0.0134886411746647,0.0309,-0.00558717811253046));
#3794=CARTESIAN_POINT('',(0.0124618795026617,0.0309,0.00516187950266191));
#3795=CARTESIAN_POINT('',(-0.0152440122864362,0.0309,-0.00631427663402415));
#3796=CARTESIAN_POINT('',(0.,-0.0865036004193393,0.));
#3797=CARTESIAN_POINT('',(0.,0.037,0.));
#3798=CARTESIAN_POINT('',(0.,0.037,0.));
#3799=CARTESIAN_POINT('',(-0.00306146745892063,0.037,-0.00739103626009034));
#3800=CARTESIAN_POINT('',(-0.00576192067729782,0.037,-0.0139105070444509));
#3801=CARTESIAN_POINT('',(0.,0.037,4.89858719658941E-19));
#3802=CARTESIAN_POINT('',(-0.00351742194582702,0.037,-0.00718524480132824));
#3803=CARTESIAN_POINT('',(-0.000461939766255646,0.037,0.000191341716182539));
#3804=CARTESIAN_POINT('',(-0.00622068253174886,0.037,-0.0137114931704896));
#3805=CARTESIAN_POINT('',(0.,0.037,0.));
#3806=CARTESIAN_POINT('',(-0.000461939766255646,-5.36000501990923E-7,0.000191341716182539));
#3807=CARTESIAN_POINT('',(-0.00351742194582702,0.0614799985303418,-0.00718524480132824));
#3808=CARTESIAN_POINT('',(-0.00351742194582701,0.,-0.00718524480132824));
#3809=CARTESIAN_POINT('',(0.00131845387134171,3.64850228992554E-19,0.00448959218243301));
#3810=CARTESIAN_POINT('',(-0.00511039616844636,7.29700457985108E-19,-0.0110310247740867));
#3811=CARTESIAN_POINT('',(-0.00677331661751616,0.0309,-0.0150456698753787));
#3812=CARTESIAN_POINT('',(-0.00621909904881235,0.0205999672059676,-0.0137076703045085));
#3813=CARTESIAN_POINT('',(-0.00566482415819429,0.0102999554662423,-0.0123695323462955));
#3814=CARTESIAN_POINT('',(-0.00511039616844636,7.29700457985108E-19,-0.0110310247740867));
#3815=CARTESIAN_POINT('',(-0.00677331661751616,0.0309,-0.0150456698753787));
#3816=CARTESIAN_POINT('',(0.00167618073108243,0.0309,0.0053532212188442));
#3817=CARTESIAN_POINT('',(-0.00604584051830919,0.0309,-0.0132893872103709));
#3818=CARTESIAN_POINT('',(-0.00604584051830919,0.,-0.0132893872103709));
#3819=CARTESIAN_POINT('',(-0.00604584051830919,0.0345,-0.0132893872103709));
#3820=CARTESIAN_POINT('',(0.00195442928895519,0.0345,0.00602497266097141));
#3821=CARTESIAN_POINT('',(-0.00677331661751616,0.0345,-0.0150456698753787));
#3822=CARTESIAN_POINT('',(23.793150889055,-35.8885959570678,57.4430541251432));
#3823=CARTESIAN_POINT('',(0.,-5.36000501990923E-7,0.));
#3824=CARTESIAN_POINT('',(0.00178039363759736,3.64850228992554E-19,0.00429825046625047));
#3825=CARTESIAN_POINT('',(-0.00465239277957263,7.29700457985108E-19,-0.0112318697459313));
#3826=CARTESIAN_POINT('',(-0.00306146745892063,0.,-0.00739103626009033));
#3827=CARTESIAN_POINT('',(-0.00306146745892063,0.0614799985303418,-0.00739103626009034));
#3828=CARTESIAN_POINT('',(0.,0.0630788383248864,0.));
#3829=CARTESIAN_POINT('',(-0.00631427663402379,0.0345,-0.0152440122864363));
#3830=CARTESIAN_POINT('',(0.00241636905521083,0.0345,0.00583363094478887));
#3831=CARTESIAN_POINT('',(-0.00558717811253014,0.0345,-0.0134886411746648));
#3832=CARTESIAN_POINT('',(-0.00558717811253014,0.,-0.0134886411746648));
#3833=CARTESIAN_POINT('',(-0.00558717811253014,0.0309,-0.0134886411746648));
#3834=CARTESIAN_POINT('',(0.00213812049733807,0.0309,0.00516187950266166));
#3835=CARTESIAN_POINT('',(-0.00631427663402379,0.0309,-0.0152440122864363));
#3836=CARTESIAN_POINT('',(0.,-0.0865036004193393,0.));
#3837=CARTESIAN_POINT('',(0.000176776695296636,0.0400005549625688,0.000176776695296637));
#3838=CARTESIAN_POINT('',(0.00583086813424597,0.0614799985303418,-0.00547731474365267));
#3839=CARTESIAN_POINT('',(0.00583086813424597,0.04,-0.00547731474365267));
#3840=CARTESIAN_POINT('',(0.00583086813424597,0.003,-0.00547731474365267));
#3841=CARTESIAN_POINT('',(0.00217677669529664,0.04,-0.00182322330470337));
#3842=CARTESIAN_POINT('',(0.00959701447030573,0.04,-0.00924346107971242));
#3843=CARTESIAN_POINT('',(0.0118426992906167,0.0345,-0.0114891459000234));
#3844=CARTESIAN_POINT('',(0.0110941530443794,0.0363333458767674,-0.0107405996537861));
#3845=CARTESIAN_POINT('',(0.0103455950989603,0.0381666822004414,-0.00999204170836699));
#3846=CARTESIAN_POINT('',(0.00959701447030573,0.04,-0.00924346107971242));
#3847=CARTESIAN_POINT('',(0.0118426992906167,0.0345,-0.0114891459000234));
#3848=CARTESIAN_POINT('',(0.00842677669529666,0.0345,-0.00807322330470336));
#3849=CARTESIAN_POINT('',(0.0104990220905583,0.0345,-0.010145468699965));
#3850=CARTESIAN_POINT('',(0.0104990220905583,0.,-0.010145468699965));
#3851=CARTESIAN_POINT('',(0.0104990220905583,0.0309,-0.010145468699965));
#3852=CARTESIAN_POINT('',(0.00747677669529666,0.0309,-0.00712322330470336));
#3853=CARTESIAN_POINT('',(0.0118426992906167,0.0309,-0.0114891459000234));
#3854=CARTESIAN_POINT('',(0.00906965290874748,0.003,-0.00871609951815417));
#3855=CARTESIAN_POINT('',(0.00979422490528686,0.0102896759856962,-0.00944067151469355));
#3856=CARTESIAN_POINT('',(0.0105187639241204,0.0175793585271901,-0.0101652105335271));
#3857=CARTESIAN_POINT('',(0.011243286206978,0.0248690443953232,-0.0108897328163847));
#3858=CARTESIAN_POINT('',(0.0114430918523211,0.0268793626749568,-0.0110895384617278));
#3859=CARTESIAN_POINT('',(0.0116428961475539,0.028889681222966,-0.0112893427569605));
#3860=CARTESIAN_POINT('',(0.0118426992906167,0.0309,-0.0114891459000234));
#3861=CARTESIAN_POINT('',(0.00906965290874748,0.003,-0.00871609951815417));
#3862=CARTESIAN_POINT('',(0.000176776695296636,0.003,0.000176776695296637));
#3863=CARTESIAN_POINT('',(-0.000176776695296636,0.0400005549625688,-0.000176776695296637));
#3864=CARTESIAN_POINT('',(0.00182322330470337,0.04,-0.00217677669529663));
#3865=CARTESIAN_POINT('',(0.00924346107971246,0.04,-0.0095970144703057));
#3866=CARTESIAN_POINT('',(0.0054773147436527,0.04,-0.00583086813424595));
#3867=CARTESIAN_POINT('',(0.0054773147436527,0.0614799985303418,-0.00583086813424595));
#3868=CARTESIAN_POINT('',(0.0054773147436527,0.003,-0.00583086813424595));
#3869=CARTESIAN_POINT('',(-0.000176776695296636,0.003,-0.000176776695296637));
#3870=CARTESIAN_POINT('',(0.00871609951815421,0.003,-0.00906965290874745));
#3871=CARTESIAN_POINT('',(0.00871609951815421,0.003,-0.00906965290874745));
#3872=CARTESIAN_POINT('',(0.00944067151469358,0.0102896759856962,-0.00979422490528682));
#3873=CARTESIAN_POINT('',(0.0101652105335271,0.0175793585271901,-0.0105187639241204));
#3874=CARTESIAN_POINT('',(0.0108897328163847,0.0248690443953232,-0.011243286206978));
#3875=CARTESIAN_POINT('',(0.0110895384617278,0.0268793626749568,-0.011443091852321));
#3876=CARTESIAN_POINT('',(0.0112893427569606,0.0288896812229661,-0.0116428961475538));
#3877=CARTESIAN_POINT('',(0.0114891459000235,0.0309,-0.0118426992906167));
#3878=CARTESIAN_POINT('',(0.0114891459000235,0.0309,-0.0118426992906167));
#3879=CARTESIAN_POINT('',(0.00712322330470339,0.0309,-0.00747677669529664));
#3880=CARTESIAN_POINT('',(0.010145468699965,0.0309,-0.0104990220905582));
#3881=CARTESIAN_POINT('',(0.010145468699965,0.,-0.0104990220905582));
#3882=CARTESIAN_POINT('',(0.010145468699965,0.0345,-0.0104990220905582));
#3883=CARTESIAN_POINT('',(0.00807322330470339,0.0345,-0.00842677669529663));
#3884=CARTESIAN_POINT('',(0.0114891459000235,0.0345,-0.0118426992906167));
#3885=CARTESIAN_POINT('',(0.0114891459000235,0.0345,-0.0118426992906167));
#3886=CARTESIAN_POINT('',(0.0107405996537861,0.0363333458767674,-0.0110941530443794));
#3887=CARTESIAN_POINT('',(0.00999204170836703,0.0381666822004414,-0.0103455950989603));
#3888=CARTESIAN_POINT('',(0.00924346107971246,0.04,-0.0095970144703057));
#3889=CARTESIAN_POINT('',(0.,0.003,0.));
#3890=CARTESIAN_POINT('',(0.,0.003,4.89858719658941E-19));
#3891=CARTESIAN_POINT('',(0.,0.003,0.));
#3892=CARTESIAN_POINT('',(0.,0.003,0.));
#3893=CARTESIAN_POINT('',(8.72870334710783E-19,0.003,-0.00025));
#3894=CARTESIAN_POINT('',(0.00799609279585974,0.003,-0.000249999999999972));
#3895=CARTESIAN_POINT('',(0.0125764261495673,0.003,-0.000249999999999956));
#3896=CARTESIAN_POINT('',(0.,0.003,4.89858719658941E-19));
#3897=CARTESIAN_POINT('',(0.00799609279585974,0.003,0.000250000000000028));
#3898=CARTESIAN_POINT('',(-8.72870334710783E-19,0.003,0.00025));
#3899=CARTESIAN_POINT('',(0.0125764261495672,0.003,0.000250000000000044));
#3900=CARTESIAN_POINT('',(0.,0.003,0.));
#3901=CARTESIAN_POINT('',(8.72870334710783E-19,0.0400005549625688,-0.00025));
#3902=CARTESIAN_POINT('',(0.004,0.04,-0.000249999999999986));
#3903=CARTESIAN_POINT('',(0.0133222280221972,0.04,-0.000249999999999953));
#3904=CARTESIAN_POINT('',(0.00799609279585974,0.04,-0.000249999999999972));
#3905=CARTESIAN_POINT('',(0.00799609279585974,0.0614799985303418,-0.000249999999999972));
#3906=CARTESIAN_POINT('',(0.0125764261495673,0.003,-0.000249999999999956));
#3907=CARTESIAN_POINT('',(0.0127363445081324,0.00413765349506656,-0.000249999999999955));
#3908=CARTESIAN_POINT('',(0.0128962616868118,0.00527530715598852,-0.000249999999999955));
#3909=CARTESIAN_POINT('',(0.0130561778110595,0.00641296096512771,-0.000249999999999955));
#3910=CARTESIAN_POINT('',(0.0141199485521239,0.0139806958718852,-0.000249999999999951));
#3911=CARTESIAN_POINT('',(0.0151836743695303,0.0215484370934325,-0.000249999999999947));
#3912=CARTESIAN_POINT('',(0.0162473773882676,0.0291161815193781,-0.000249999999999944));
#3913=CARTESIAN_POINT('',(0.0163309537235577,0.0297107876588653,-0.000249999999999943));
#3914=CARTESIAN_POINT('',(0.0164145299091936,0.0303053938193876,-0.000249999999999942));
#3915=CARTESIAN_POINT('',(0.0164981059518964,0.0309,-0.000249999999999942));
#3916=CARTESIAN_POINT('',(0.0164981059518964,0.0309,-0.000249999999999942));
#3917=CARTESIAN_POINT('',(0.0146,0.0309,-0.000249999999999949));
#3918=CARTESIAN_POINT('',(0.0145978594321222,0.0309,-0.000249999999999949));
#3919=CARTESIAN_POINT('',(0.0145978594321222,0.,-0.000249999999999949));
#3920=CARTESIAN_POINT('',(0.0145978594321222,0.0345,-0.000249999999999949));
#3921=CARTESIAN_POINT('',(0.0165,0.0345,-0.000249999999999942));
#3922=CARTESIAN_POINT('',(0.0164981059518964,0.0345,-0.000249999999999942));
#3923=CARTESIAN_POINT('',(0.0164981059518964,0.0345,-0.000249999999999942));
#3924=CARTESIAN_POINT('',(0.0159356571424587,0.0354740780865687,-0.000249999999999944));
#3925=CARTESIAN_POINT('',(0.0153732034453776,0.0364481533509617,-0.000249999999999946));
#3926=CARTESIAN_POINT('',(0.0148107429755549,0.0374222247045381,-0.000249999999999949));
#3927=CARTESIAN_POINT('',(0.0143145772454505,0.0382814865553725,-0.00024999999999995));
#3928=CARTESIAN_POINT('',(0.0138184062558133,0.0391407453692212,-0.000249999999999952));
#3929=CARTESIAN_POINT('',(0.0133222280221972,0.04,-0.000249999999999953));
#3930=CARTESIAN_POINT('',(-8.72870334710783E-19,0.0400005549625688,0.00025));
#3931=CARTESIAN_POINT('',(0.00799609279585974,0.0614799985303418,0.000250000000000028));
#3932=CARTESIAN_POINT('',(0.00799609279585974,0.04,0.000250000000000028));
#3933=CARTESIAN_POINT('',(0.004,0.04,0.000250000000000014));
#3934=CARTESIAN_POINT('',(0.0133222280221972,0.04,0.000250000000000047));
#3935=CARTESIAN_POINT('',(0.0164981059518964,0.0345,0.000250000000000058));
#3936=CARTESIAN_POINT('',(0.0159356571424587,0.0354740780865687,0.000250000000000056));
#3937=CARTESIAN_POINT('',(0.0153732034453776,0.0364481533509617,0.000250000000000054));
#3938=CARTESIAN_POINT('',(0.0148107429755549,0.037422224704538,0.000250000000000052));
#3939=CARTESIAN_POINT('',(0.0143145772454505,0.0382814865553725,0.00025000000000005));
#3940=CARTESIAN_POINT('',(0.0138184062558133,0.0391407453692212,0.000250000000000049));
#3941=CARTESIAN_POINT('',(0.0133222280221972,0.04,0.000250000000000047));
#3942=CARTESIAN_POINT('',(0.0164981059518964,0.0345,0.000250000000000058));
#3943=CARTESIAN_POINT('',(0.0165,0.0345,0.000250000000000058));
#3944=CARTESIAN_POINT('',(0.0145978594321222,0.0345,0.000250000000000051));
#3945=CARTESIAN_POINT('',(0.0145978594321222,0.,0.000250000000000051));
#3946=CARTESIAN_POINT('',(0.0145978594321222,0.0309,0.000250000000000051));
#3947=CARTESIAN_POINT('',(0.0146,0.0309,0.000250000000000051));
#3948=CARTESIAN_POINT('',(0.0164981059518964,0.0309,0.000250000000000058));
#3949=CARTESIAN_POINT('',(0.0125764261495672,0.003,0.000250000000000044));
#3950=CARTESIAN_POINT('',(0.0127363445081324,0.00413765349506656,0.000250000000000045));
#3951=CARTESIAN_POINT('',(0.0128962616868118,0.00527530715598852,0.000250000000000045));
#3952=CARTESIAN_POINT('',(0.0130561778110595,0.00641296096512772,0.000250000000000045));
#3953=CARTESIAN_POINT('',(0.0141199485521239,0.0139806958718852,0.000250000000000049));
#3954=CARTESIAN_POINT('',(0.0151836743695303,0.0215484370934325,0.000250000000000053));
#3955=CARTESIAN_POINT('',(0.0162473773882676,0.0291161815193781,0.000250000000000056));
#3956=CARTESIAN_POINT('',(0.0163309537235577,0.0297107876588653,0.000250000000000057));
#3957=CARTESIAN_POINT('',(0.0164145299091936,0.0303053938193876,0.000250000000000058));
#3958=CARTESIAN_POINT('',(0.0164981059518964,0.0309,0.000250000000000058));
#3959=CARTESIAN_POINT('',(0.,0.003,0.));
#3960=CARTESIAN_POINT('',(0.000176776695296638,0.003,-0.000176776695296636));
#3961=CARTESIAN_POINT('',(0.00583086813424593,0.003,0.00547731474365271));
#3962=CARTESIAN_POINT('',(0.00906965290874742,0.003,0.00871609951815424));
#3963=CARTESIAN_POINT('',(0.,0.003,4.89858719658941E-19));
#3964=CARTESIAN_POINT('',(0.00547731474365265,0.003,0.00583086813424598));
#3965=CARTESIAN_POINT('',(-0.000176776695296638,0.003,0.000176776695296636));
#3966=CARTESIAN_POINT('',(0.00871609951815414,0.003,0.00906965290874751));
#3967=CARTESIAN_POINT('',(0.,0.003,0.));
#3968=CARTESIAN_POINT('',(0.000176776695296638,0.0400005549625688,-0.000176776695296636));
#3969=CARTESIAN_POINT('',(0.00217677669529662,0.04,0.00182322330470337));
#3970=CARTESIAN_POINT('',(0.00959701447030567,0.04,0.00924346107971249));
#3971=CARTESIAN_POINT('',(0.00583086813424593,0.04,0.00547731474365272));
#3972=CARTESIAN_POINT('',(0.00583086813424593,0.0614799985303418,0.00547731474365271));
#3973=CARTESIAN_POINT('',(0.00906965290874742,0.003,0.00871609951815424));
#3974=CARTESIAN_POINT('',(0.00979422490528679,0.0102896759856962,0.00944067151469362));
#3975=CARTESIAN_POINT('',(0.0105187639241203,0.0175793585271901,0.0101652105335272));
#3976=CARTESIAN_POINT('',(0.0112432862069779,0.0248690443953232,0.0108897328163848));
#3977=CARTESIAN_POINT('',(0.011443091852321,0.0268793626749568,0.0110895384617278));
#3978=CARTESIAN_POINT('',(0.0116428961475538,0.0288896812229661,0.0112893427569606));
#3979=CARTESIAN_POINT('',(0.0118426992906167,0.0309,0.0114891459000235));
#3980=CARTESIAN_POINT('',(0.0118426992906167,0.0309,0.0114891459000235));
#3981=CARTESIAN_POINT('',(0.00747677669529656,0.0309,0.00712322330470336));
#3982=CARTESIAN_POINT('',(0.0104990220905582,0.0309,0.010145468699965));
#3983=CARTESIAN_POINT('',(0.0104990220905582,0.,0.010145468699965));
#3984=CARTESIAN_POINT('',(0.0104990220905582,0.0345,0.010145468699965));
#3985=CARTESIAN_POINT('',(0.00842677669529655,0.0345,0.00807322330470336));
#3986=CARTESIAN_POINT('',(0.0118426992906167,0.0345,0.0114891459000235));
#3987=CARTESIAN_POINT('',(0.0118426992906167,0.0345,0.0114891459000235));
#3988=CARTESIAN_POINT('',(0.0110941530443793,0.0363333458767674,0.0107405996537862));
#3989=CARTESIAN_POINT('',(0.0103455950989602,0.0381666822004414,0.00999204170836706));
#3990=CARTESIAN_POINT('',(0.00959701447030567,0.04,0.00924346107971249));
#3991=CARTESIAN_POINT('',(-0.000176776695296638,0.0400005549625688,0.000176776695296636));
#3992=CARTESIAN_POINT('',(0.00547731474365265,0.0614799985303418,0.00583086813424598));
#3993=CARTESIAN_POINT('',(0.00547731474365265,0.04,0.00583086813424599));
#3994=CARTESIAN_POINT('',(0.00182322330470334,0.04,0.00217677669529663));
#3995=CARTESIAN_POINT('',(0.00924346107971239,0.04,0.00959701447030576));
#3996=CARTESIAN_POINT('',(0.0114891459000234,0.0345,0.0118426992906168));
#3997=CARTESIAN_POINT('',(0.010740599653786,0.0363333458767674,0.0110941530443794));
#3998=CARTESIAN_POINT('',(0.00999204170836695,0.0381666822004414,0.0103455950989603));
#3999=CARTESIAN_POINT('',(0.00924346107971239,0.04,0.00959701447030576));
#4000=CARTESIAN_POINT('',(0.0114891459000234,0.0345,0.0118426992906168));
#4001=CARTESIAN_POINT('',(0.00807322330470328,0.0345,0.00842677669529663));
#4002=CARTESIAN_POINT('',(0.0101454686999649,0.0345,0.0104990220905583));
#4003=CARTESIAN_POINT('',(0.0101454686999649,0.,0.0104990220905583));
#4004=CARTESIAN_POINT('',(0.0101454686999649,0.0309,0.0104990220905583));
#4005=CARTESIAN_POINT('',(0.00712322330470328,0.0309,0.00747677669529663));
#4006=CARTESIAN_POINT('',(0.0114891459000234,0.0309,0.0118426992906168));
#4007=CARTESIAN_POINT('',(0.00871609951815414,0.003,0.00906965290874751));
#4008=CARTESIAN_POINT('',(0.00944067151469351,0.0102896759856962,0.00979422490528689));
#4009=CARTESIAN_POINT('',(0.0101652105335271,0.0175793585271901,0.0105187639241204));
#4010=CARTESIAN_POINT('',(0.0108897328163847,0.0248690443953232,0.0112432862069781));
#4011=CARTESIAN_POINT('',(0.0110895384617277,0.0268793626749568,0.0114430918523211));
#4012=CARTESIAN_POINT('',(0.0112893427569605,0.0288896812229661,0.0116428961475539));
#4013=CARTESIAN_POINT('',(0.0114891459000234,0.0309,0.0118426992906168));
#4014=CARTESIAN_POINT('',(0.,0.003,0.));
#4015=CARTESIAN_POINT('',(0.00025,0.003,0.));
#4016=CARTESIAN_POINT('',(0.00025,0.003,0.00799609279585974));
#4017=CARTESIAN_POINT('',(0.00025,0.003,0.0125764261495673));
#4018=CARTESIAN_POINT('',(0.,0.003,4.89858719658941E-19));
#4019=CARTESIAN_POINT('',(-0.00025,0.003,0.00799609279585974));
#4020=CARTESIAN_POINT('',(-0.00025,0.003,0.));
#4021=CARTESIAN_POINT('',(-0.00025,0.003,0.0125764261495673));
#4022=CARTESIAN_POINT('',(0.,0.003,0.));
#4023=CARTESIAN_POINT('',(0.00025,0.0400005549625688,0.));
#4024=CARTESIAN_POINT('',(0.00025,0.04,0.));
#4025=CARTESIAN_POINT('',(0.00025,0.04,0.0133222280221972));
#4026=CARTESIAN_POINT('',(0.00025,0.04,0.00799609279585974));
#4027=CARTESIAN_POINT('',(0.00025,0.0614799985303418,0.00799609279585974));
#4028=CARTESIAN_POINT('',(0.00025,0.003,0.0125764261495673));
#4029=CARTESIAN_POINT('',(0.00025,0.00413765349506656,0.0127363445081324));
#4030=CARTESIAN_POINT('',(0.00025,0.00527530715598852,0.0128962616868118));
#4031=CARTESIAN_POINT('',(0.00025,0.00641296096512772,0.0130561778110595));
#4032=CARTESIAN_POINT('',(0.00025,0.0139806958718852,0.0141199485521239));
#4033=CARTESIAN_POINT('',(0.00025,0.0215484370934325,0.0151836743695303));
#4034=CARTESIAN_POINT('',(0.00025,0.0291161815193781,0.0162473773882676));
#4035=CARTESIAN_POINT('',(0.00025,0.0297107876588653,0.0163309537235577));
#4036=CARTESIAN_POINT('',(0.00025,0.0303053938193876,0.0164145299091936));
#4037=CARTESIAN_POINT('',(0.00025,0.0309,0.0164981059518964));
#4038=CARTESIAN_POINT('',(0.00025,0.0309,0.0164981059518964));
#4039=CARTESIAN_POINT('',(0.00025,0.0309,0.));
#4040=CARTESIAN_POINT('',(0.00025,0.0309,0.0145978594321222));
#4041=CARTESIAN_POINT('',(0.00025,0.,0.0145978594321222));
#4042=CARTESIAN_POINT('',(0.00025,0.0345,0.0145978594321222));
#4043=CARTESIAN_POINT('',(0.00025,0.0345,0.));
#4044=CARTESIAN_POINT('',(0.00025,0.0345,0.0164981059518964));
#4045=CARTESIAN_POINT('',(0.00025,0.0345,0.0164981059518964));
#4046=CARTESIAN_POINT('',(0.00025,0.0354740780865687,0.0159356571424587));
#4047=CARTESIAN_POINT('',(0.00025,0.0364481533509617,0.0153732034453776));
#4048=CARTESIAN_POINT('',(0.00025,0.037422224704538,0.0148107429755549));
#4049=CARTESIAN_POINT('',(0.00025,0.0382814865553725,0.0143145772454505));
#4050=CARTESIAN_POINT('',(0.00025,0.0391407453692212,0.0138184062558133));
#4051=CARTESIAN_POINT('',(0.00025,0.04,0.0133222280221972));
#4052=CARTESIAN_POINT('',(-0.00025,0.0400005549625688,0.));
#4053=CARTESIAN_POINT('',(-0.00025,0.0614799985303418,0.00799609279585974));
#4054=CARTESIAN_POINT('',(-0.00025,0.04,0.00799609279585974));
#4055=CARTESIAN_POINT('',(-0.00025,0.04,0.));
#4056=CARTESIAN_POINT('',(-0.00025,0.04,0.0133222280221972));
#4057=CARTESIAN_POINT('',(-0.00025,0.0345,0.0164981059518964));
#4058=CARTESIAN_POINT('',(-0.00025,0.0354740780865687,0.0159356571424587));
#4059=CARTESIAN_POINT('',(-0.00025,0.0364481533509617,0.0153732034453776));
#4060=CARTESIAN_POINT('',(-0.00025,0.037422224704538,0.0148107429755549));
#4061=CARTESIAN_POINT('',(-0.00025,0.0382814865553725,0.0143145772454505));
#4062=CARTESIAN_POINT('',(-0.00025,0.0391407453692212,0.0138184062558133));
#4063=CARTESIAN_POINT('',(-0.00025,0.04,0.0133222280221972));
#4064=CARTESIAN_POINT('',(-0.00025,0.0345,0.0164981059518964));
#4065=CARTESIAN_POINT('',(-0.00025,0.0345,0.));
#4066=CARTESIAN_POINT('',(-0.00025,0.0345,0.0145978594321222));
#4067=CARTESIAN_POINT('',(-0.00025,0.,0.0145978594321222));
#4068=CARTESIAN_POINT('',(-0.00025,0.0309,0.0145978594321222));
#4069=CARTESIAN_POINT('',(-0.00025,0.0309,0.));
#4070=CARTESIAN_POINT('',(-0.00025,0.0309,0.0164981059518964));
#4071=CARTESIAN_POINT('',(-0.00025,0.003,0.0125764261495673));
#4072=CARTESIAN_POINT('',(-0.00025,0.00413765349506656,0.0127363445081324));
#4073=CARTESIAN_POINT('',(-0.00025,0.00527530715598852,0.0128962616868118));
#4074=CARTESIAN_POINT('',(-0.00025,0.00641296096512771,0.0130561778110595));
#4075=CARTESIAN_POINT('',(-0.00025,0.0139806958718852,0.0141199485521239));
#4076=CARTESIAN_POINT('',(-0.00025,0.0215484370934325,0.0151836743695303));
#4077=CARTESIAN_POINT('',(-0.00025,0.0291161815193781,0.0162473773882676));
#4078=CARTESIAN_POINT('',(-0.00025,0.0297107876588653,0.0163309537235577));
#4079=CARTESIAN_POINT('',(-0.00025,0.0303053938193876,0.0164145299091936));
#4080=CARTESIAN_POINT('',(-0.00025,0.0309,0.0164981059518964));
#4081=CARTESIAN_POINT('',(0.,0.003,0.));
#4082=CARTESIAN_POINT('',(0.000176776695296635,0.003,0.000176776695296638));
#4083=CARTESIAN_POINT('',(-0.00547731474365274,0.003,0.00583086813424592));
#4084=CARTESIAN_POINT('',(-0.00871609951815427,0.003,0.00906965290874739));
#4085=CARTESIAN_POINT('',(0.,0.003,4.89858719658941E-19));
#4086=CARTESIAN_POINT('',(-0.00583086813424601,0.003,0.00547731474365264));
#4087=CARTESIAN_POINT('',(-0.000176776695296635,0.003,-0.000176776695296638));
#4088=CARTESIAN_POINT('',(-0.00906965290874754,0.003,0.00871609951815411));
#4089=CARTESIAN_POINT('',(0.,0.003,0.));
#4090=CARTESIAN_POINT('',(0.000176776695296635,0.0400005549625688,0.000176776695296638));
#4091=CARTESIAN_POINT('',(0.00217677669529667,0.04,-0.00182322330470336));
#4092=CARTESIAN_POINT('',(-0.00924346107971253,0.04,0.00959701447030564));
#4093=CARTESIAN_POINT('',(-0.00547731474365274,0.04,0.00583086813424592));
#4094=CARTESIAN_POINT('',(-0.00547731474365274,0.0614799985303418,0.00583086813424592));
#4095=CARTESIAN_POINT('',(-0.00871609951815427,0.003,0.00906965290874739));
#4096=CARTESIAN_POINT('',(-0.00944067151469365,0.0102896759856962,0.00979422490528676));
#4097=CARTESIAN_POINT('',(-0.0101652105335272,0.0175793585271901,0.0105187639241203));
#4098=CARTESIAN_POINT('',(-0.0108897328163848,0.0248690443953232,0.0112432862069779));
#4099=CARTESIAN_POINT('',(-0.0110895384617279,0.0268793626749568,0.011443091852321));
#4100=CARTESIAN_POINT('',(-0.0112893427569607,0.0288896812229661,0.0116428961475537));
#4101=CARTESIAN_POINT('',(-0.0114891459000236,0.0309,0.0118426992906166));
#4102=CARTESIAN_POINT('',(-0.0114891459000236,0.0309,0.0118426992906166));
#4103=CARTESIAN_POINT('',(0.00747677669529676,0.0309,-0.00712322330470336));
#4104=CARTESIAN_POINT('',(-0.0101454686999651,0.0309,0.0104990220905582));
#4105=CARTESIAN_POINT('',(-0.0101454686999651,0.,0.0104990220905582));
#4106=CARTESIAN_POINT('',(-0.0101454686999651,0.0345,0.0104990220905582));
#4107=CARTESIAN_POINT('',(0.00842677669529678,0.0345,-0.00807322330470336));
#4108=CARTESIAN_POINT('',(-0.0114891459000236,0.0345,0.0118426992906166));
#4109=CARTESIAN_POINT('',(-0.0114891459000236,0.0345,0.0118426992906166));
#4110=CARTESIAN_POINT('',(-0.0107405996537862,0.0363333458767674,0.0110941530443793));
#4111=CARTESIAN_POINT('',(-0.0099920417083671,0.0381666822004414,0.0103455950989602));
#4112=CARTESIAN_POINT('',(-0.00924346107971253,0.04,0.00959701447030564));
#4113=CARTESIAN_POINT('',(-0.000176776695296635,0.0400005549625688,-0.000176776695296638));
#4114=CARTESIAN_POINT('',(-0.00583086813424601,0.0614799985303418,0.00547731474365264));
#4115=CARTESIAN_POINT('',(-0.00583086813424601,0.04,0.00547731474365264));
#4116=CARTESIAN_POINT('',(0.0018232233047034,0.04,-0.00217677669529664));
#4117=CARTESIAN_POINT('',(-0.0095970144703058,0.04,0.00924346107971236));
#4118=CARTESIAN_POINT('',(-0.0118426992906168,0.0345,0.0114891459000234));
#4119=CARTESIAN_POINT('',(-0.0110941530443795,0.0363333458767674,0.010740599653786));
#4120=CARTESIAN_POINT('',(-0.0103455950989604,0.0381666822004414,0.00999204170836692));
#4121=CARTESIAN_POINT('',(-0.0095970144703058,0.04,0.00924346107971236));
#4122=CARTESIAN_POINT('',(-0.0118426992906168,0.0345,0.0114891459000234));
#4123=CARTESIAN_POINT('',(0.00807322330470351,0.0345,-0.00842677669529664));
#4124=CARTESIAN_POINT('',(-0.0104990220905584,0.0345,0.0101454686999649));
#4125=CARTESIAN_POINT('',(-0.0104990220905584,0.,0.0101454686999649));
#4126=CARTESIAN_POINT('',(-0.0104990220905584,0.0309,0.0101454686999649));
#4127=CARTESIAN_POINT('',(0.00712322330470349,0.0309,-0.00747677669529664));
#4128=CARTESIAN_POINT('',(-0.0118426992906168,0.0309,0.0114891459000234));
#4129=CARTESIAN_POINT('',(-0.00906965290874754,0.003,0.00871609951815411));
#4130=CARTESIAN_POINT('',(-0.00979422490528692,0.0102896759856962,0.00944067151469348));
#4131=CARTESIAN_POINT('',(-0.0105187639241205,0.0175793585271901,0.010165210533527));
#4132=CARTESIAN_POINT('',(-0.0112432862069781,0.0248690443953232,0.0108897328163846));
#4133=CARTESIAN_POINT('',(-0.0114430918523211,0.0268793626749568,0.0110895384617277));
#4134=CARTESIAN_POINT('',(-0.0116428961475539,0.0288896812229661,0.0112893427569605));
#4135=CARTESIAN_POINT('',(-0.0118426992906168,0.0309,0.0114891459000234));
#4136=CARTESIAN_POINT('',(0.,0.003,0.));
#4137=CARTESIAN_POINT('',(-2.61861100413235E-18,0.003,0.00025));
#4138=CARTESIAN_POINT('',(-0.00799609279585974,0.003,0.000249999999999917));
#4139=CARTESIAN_POINT('',(-0.0125764261495673,0.003,0.000249999999999868));
#4140=CARTESIAN_POINT('',(0.,0.003,4.89858719658941E-19));
#4141=CARTESIAN_POINT('',(-0.00799609279585973,0.003,-0.000250000000000084));
#4142=CARTESIAN_POINT('',(2.61861100413235E-18,0.003,-0.00025));
#4143=CARTESIAN_POINT('',(-0.0125764261495672,0.003,-0.000250000000000132));
#4144=CARTESIAN_POINT('',(0.,0.003,0.));
#4145=CARTESIAN_POINT('',(-2.61861100413235E-18,0.0400005549625688,0.00025));
#4146=CARTESIAN_POINT('',(0.004,0.04,0.000250000000000042));
#4147=CARTESIAN_POINT('',(-0.0133222280221972,0.04,0.000249999999999861));
#4148=CARTESIAN_POINT('',(-0.00799609279585974,0.04,0.000249999999999917));
#4149=CARTESIAN_POINT('',(-0.00799609279585974,0.0614799985303418,0.000249999999999917));
#4150=CARTESIAN_POINT('',(-0.0125764261495673,0.003,0.000249999999999868));
#4151=CARTESIAN_POINT('',(-0.0127363445081324,0.00413765349506656,0.000249999999999866));
#4152=CARTESIAN_POINT('',(-0.0128962616868118,0.00527530715598852,0.000249999999999865));
#4153=CARTESIAN_POINT('',(-0.0130561778110595,0.00641296096512771,0.000249999999999864));
#4154=CARTESIAN_POINT('',(-0.0141199485521239,0.0139806958718852,0.000249999999999852));
#4155=CARTESIAN_POINT('',(-0.0151836743695303,0.0215484370934325,0.000249999999999841));
#4156=CARTESIAN_POINT('',(-0.0162473773882676,0.0291161815193781,0.00024999999999983));
#4157=CARTESIAN_POINT('',(-0.0163309537235577,0.0297107876588653,0.000249999999999829));
#4158=CARTESIAN_POINT('',(-0.0164145299091936,0.0303053938193876,0.000249999999999828));
#4159=CARTESIAN_POINT('',(-0.0164981059518964,0.0309,0.000249999999999827));
#4160=CARTESIAN_POINT('',(-0.0164981059518964,0.0309,0.000249999999999827));
#4161=CARTESIAN_POINT('',(0.0146,0.0309,0.000250000000000153));
#4162=CARTESIAN_POINT('',(-0.0145978594321222,0.0309,0.000249999999999847));
#4163=CARTESIAN_POINT('',(-0.0145978594321222,0.,0.000249999999999847));
#4164=CARTESIAN_POINT('',(-0.0145978594321222,0.0345,0.000249999999999847));
#4165=CARTESIAN_POINT('',(0.0165,0.0345,0.000250000000000173));
#4166=CARTESIAN_POINT('',(-0.0164981059518964,0.0345,0.000249999999999827));
#4167=CARTESIAN_POINT('',(-0.0164981059518964,0.0345,0.000249999999999827));
#4168=CARTESIAN_POINT('',(-0.0159356571424587,0.0354740780865687,0.000249999999999833));
#4169=CARTESIAN_POINT('',(-0.0153732034453776,0.0364481533509617,0.000249999999999839));
#4170=CARTESIAN_POINT('',(-0.0148107429755549,0.037422224704538,0.000249999999999845));
#4171=CARTESIAN_POINT('',(-0.0143145772454505,0.0382814865553725,0.00024999999999985));
#4172=CARTESIAN_POINT('',(-0.0138184062558133,0.0391407453692212,0.000249999999999856));
#4173=CARTESIAN_POINT('',(-0.0133222280221972,0.04,0.000249999999999861));
#4174=CARTESIAN_POINT('',(2.61861100413235E-18,0.0400005549625688,-0.00025));
#4175=CARTESIAN_POINT('',(-0.00799609279585973,0.0614799985303418,-0.000250000000000084));
#4176=CARTESIAN_POINT('',(-0.00799609279585973,0.04,-0.000250000000000083));
#4177=CARTESIAN_POINT('',(0.004,0.04,-0.000249999999999958));
#4178=CARTESIAN_POINT('',(-0.0133222280221972,0.04,-0.000250000000000139));
#4179=CARTESIAN_POINT('',(-0.0164981059518964,0.0345,-0.000250000000000173));
#4180=CARTESIAN_POINT('',(-0.0159356571424587,0.0354740780865687,-0.000250000000000167));
#4181=CARTESIAN_POINT('',(-0.0153732034453776,0.0364481533509617,-0.000250000000000161));
#4182=CARTESIAN_POINT('',(-0.0148107429755549,0.037422224704538,-0.000250000000000155));
#4183=CARTESIAN_POINT('',(-0.0143145772454505,0.0382814865553725,-0.00025000000000015));
#4184=CARTESIAN_POINT('',(-0.0138184062558133,0.0391407453692212,-0.000250000000000145));
#4185=CARTESIAN_POINT('',(-0.0133222280221972,0.04,-0.000250000000000139));
#4186=CARTESIAN_POINT('',(-0.0164981059518964,0.0345,-0.000250000000000173));
#4187=CARTESIAN_POINT('',(0.0165,0.0345,-0.000249999999999827));
#4188=CARTESIAN_POINT('',(-0.0145978594321222,0.0345,-0.000250000000000153));
#4189=CARTESIAN_POINT('',(-0.0145978594321222,0.,-0.000250000000000153));
#4190=CARTESIAN_POINT('',(-0.0145978594321222,0.0309,-0.000250000000000153));
#4191=CARTESIAN_POINT('',(0.0146,0.0309,-0.000249999999999847));
#4192=CARTESIAN_POINT('',(-0.0164981059518964,0.0309,-0.000250000000000173));
#4193=CARTESIAN_POINT('',(-0.0125764261495672,0.003,-0.000250000000000132));
#4194=CARTESIAN_POINT('',(-0.0127363445081324,0.00413765349506656,-0.000250000000000134));
#4195=CARTESIAN_POINT('',(-0.0128962616868118,0.00527530715598852,-0.000250000000000135));
#4196=CARTESIAN_POINT('',(-0.0130561778110595,0.00641296096512772,-0.000250000000000137));
#4197=CARTESIAN_POINT('',(-0.0141199485521239,0.0139806958718852,-0.000250000000000148));
#4198=CARTESIAN_POINT('',(-0.0151836743695303,0.0215484370934325,-0.000250000000000159));
#4199=CARTESIAN_POINT('',(-0.0162473773882676,0.0291161815193781,-0.00025000000000017));
#4200=CARTESIAN_POINT('',(-0.0163309537235577,0.0297107876588653,-0.000250000000000171));
#4201=CARTESIAN_POINT('',(-0.0164145299091936,0.0303053938193876,-0.000250000000000172));
#4202=CARTESIAN_POINT('',(-0.0164981059518964,0.0309,-0.000250000000000173));
#4203=CARTESIAN_POINT('',(0.,0.003,0.));
#4204=CARTESIAN_POINT('',(-0.000176776695296639,0.003,0.000176776695296634));
#4205=CARTESIAN_POINT('',(-0.00583086813424589,0.003,-0.00547731474365275));
#4206=CARTESIAN_POINT('',(-0.00906965290874736,0.003,-0.0087160995181543));
#4207=CARTESIAN_POINT('',(0.,0.003,4.89858719658941E-19));
#4208=CARTESIAN_POINT('',(-0.00547731474365261,0.003,-0.00583086813424602));
#4209=CARTESIAN_POINT('',(0.000176776695296639,0.003,-0.000176776695296634));
#4210=CARTESIAN_POINT('',(-0.00871609951815408,0.003,-0.00906965290874757));
#4211=CARTESIAN_POINT('',(0.,0.003,0.));
#4212=CARTESIAN_POINT('',(-0.000176776695296639,0.0400005549625688,0.000176776695296634));
#4213=CARTESIAN_POINT('',(0.00182322330470331,0.04,0.00217677669529663));
#4214=CARTESIAN_POINT('',(-0.0095970144703056,0.04,-0.00924346107971256));
#4215=CARTESIAN_POINT('',(-0.00583086813424589,0.04,-0.00547731474365275));
#4216=CARTESIAN_POINT('',(-0.00583086813424589,0.0614799985303418,-0.00547731474365275));
#4217=CARTESIAN_POINT('',(-0.00906965290874736,0.003,-0.0087160995181543));
#4218=CARTESIAN_POINT('',(-0.00979422490528672,0.0102896759856962,-0.00944067151469368));
#4219=CARTESIAN_POINT('',(-0.0105187639241203,0.0175793585271901,-0.0101652105335272));
#4220=CARTESIAN_POINT('',(-0.0112432862069779,0.0248690443953232,-0.0108897328163849));
#4221=CARTESIAN_POINT('',(-0.0114430918523209,0.0268793626749568,-0.0110895384617279));
#4222=CARTESIAN_POINT('',(-0.0116428961475537,0.028889681222966,-0.0112893427569607));
#4223=CARTESIAN_POINT('',(-0.0118426992906166,0.0309,-0.0114891459000236));
#4224=CARTESIAN_POINT('',(-0.0118426992906166,0.0309,-0.0114891459000236));
#4225=CARTESIAN_POINT('',(0.00712322330470318,0.0309,0.00747677669529663));
#4226=CARTESIAN_POINT('',(-0.0104990220905581,0.0309,-0.0101454686999651));
#4227=CARTESIAN_POINT('',(-0.0104990220905581,0.,-0.0101454686999651));
#4228=CARTESIAN_POINT('',(-0.0104990220905581,0.0345,-0.0101454686999651));
#4229=CARTESIAN_POINT('',(0.00807322330470316,0.0345,0.00842677669529663));
#4230=CARTESIAN_POINT('',(-0.0118426992906166,0.0345,-0.0114891459000236));
#4231=CARTESIAN_POINT('',(-0.0118426992906166,0.0345,-0.0114891459000236));
#4232=CARTESIAN_POINT('',(-0.0110941530443792,0.0363333458767674,-0.0107405996537862));
#4233=CARTESIAN_POINT('',(-0.0103455950989602,0.0381666822004414,-0.00999204170836713));
#4234=CARTESIAN_POINT('',(-0.0095970144703056,0.04,-0.00924346107971256));
#4235=CARTESIAN_POINT('',(0.000176776695296639,0.0400005549625688,-0.000176776695296634));
#4236=CARTESIAN_POINT('',(-0.00547731474365261,0.0614799985303418,-0.00583086813424602));
#4237=CARTESIAN_POINT('',(-0.00547731474365261,0.04,-0.00583086813424602));
#4238=CARTESIAN_POINT('',(0.00217677669529659,0.04,0.00182322330470337));
#4239=CARTESIAN_POINT('',(-0.00924346107971232,0.04,-0.00959701447030583));
#4240=CARTESIAN_POINT('',(-0.0114891459000233,0.0345,-0.0118426992906169));
#4241=CARTESIAN_POINT('',(-0.010740599653786,0.0363333458767674,-0.0110941530443795));
#4242=CARTESIAN_POINT('',(-0.00999204170836688,0.0381666822004414,-0.0103455950989604));
#4243=CARTESIAN_POINT('',(-0.00924346107971232,0.04,-0.00959701447030583));
#4244=CARTESIAN_POINT('',(-0.0114891459000233,0.0345,-0.0118426992906169));
#4245=CARTESIAN_POINT('',(0.00842677669529644,0.0345,0.00807322330470336));
#4246=CARTESIAN_POINT('',(-0.0101454686999649,0.0345,-0.0104990220905584));
#4247=CARTESIAN_POINT('',(-0.0101454686999649,0.,-0.0104990220905584));
#4248=CARTESIAN_POINT('',(-0.0101454686999649,0.0309,-0.0104990220905584));
#4249=CARTESIAN_POINT('',(0.00747677669529646,0.0309,0.00712322330470336));
#4250=CARTESIAN_POINT('',(-0.0114891459000233,0.0309,-0.0118426992906169));
#4251=CARTESIAN_POINT('',(-0.00871609951815408,0.003,-0.00906965290874757));
#4252=CARTESIAN_POINT('',(-0.00944067151469345,0.0102896759856962,-0.00979422490528695));
#4253=CARTESIAN_POINT('',(-0.010165210533527,0.0175793585271901,-0.0105187639241205));
#4254=CARTESIAN_POINT('',(-0.0108897328163846,0.0248690443953232,-0.0112432862069781));
#4255=CARTESIAN_POINT('',(-0.0110895384617276,0.0268793626749568,-0.0114430918523212));
#4256=CARTESIAN_POINT('',(-0.0112893427569604,0.0288896812229661,-0.011642896147554));
#4257=CARTESIAN_POINT('',(-0.0114891459000233,0.0309,-0.0118426992906169));
#4258=CARTESIAN_POINT('',(0.,0.037,0.));
#4259=CARTESIAN_POINT('',(0.,0.037,0.));
#4260=CARTESIAN_POINT('',(0.00306146745892072,0.037,-0.0073910362600903));
#4261=CARTESIAN_POINT('',(0.005761920677298,0.037,-0.0139105070444508));
#4262=CARTESIAN_POINT('',(0.,0.037,4.89858719658941E-19));
#4263=CARTESIAN_POINT('',(0.00259354241331583,0.037,-0.00756792823369328));
#4264=CARTESIAN_POINT('',(-0.000461939766255643,0.037,-0.000191341716182545));
#4265=CARTESIAN_POINT('',(0.00529680299923776,0.037,-0.0140941766028546));
#4266=CARTESIAN_POINT('',(0.,0.037,0.));
#4267=CARTESIAN_POINT('',(0.,-1.2E-8,0.));
#4268=CARTESIAN_POINT('',(0.00178039363759747,3.64850228992554E-19,-0.00429825046625059));
#4269=CARTESIAN_POINT('',(0.00465239277957278,7.29700457985108E-19,-0.0112318697459312));
#4270=CARTESIAN_POINT('',(0.00306146745892072,0.,-0.00739103626009029));
#4271=CARTESIAN_POINT('',(0.00306146745892072,0.0614799985303418,-0.0073910362600903));
#4272=CARTESIAN_POINT('',(0.,0.0630788383248864,0.));
#4273=CARTESIAN_POINT('',(0.00631427663402399,0.0345,-0.0152440122864363));
#4274=CARTESIAN_POINT('',(0.00241636905521099,0.0345,-0.00583363094478902));
#4275=CARTESIAN_POINT('',(0.00558717811253032,0.0345,-0.0134886411746648));
#4276=CARTESIAN_POINT('',(0.00558717811253032,0.,-0.0134886411746648));
#4277=CARTESIAN_POINT('',(0.00558717811253032,0.0309,-0.0134886411746648));
#4278=CARTESIAN_POINT('',(0.00213812049733821,0.0309,-0.0051618795026618));
#4279=CARTESIAN_POINT('',(0.00631427663402399,0.0309,-0.0152440122864363));
#4280=CARTESIAN_POINT('',(0.,-0.0865036004193393,0.));
#4281=CARTESIAN_POINT('',(-0.000461939766255643,-1.2E-8,-0.000191341716182545));
#4282=CARTESIAN_POINT('',(0.00259354241331583,0.0614799985303418,-0.00756792823369328));
#4283=CARTESIAN_POINT('',(0.00259354241331583,0.,-0.00756792823369328));
#4284=CARTESIAN_POINT('',(0.00131845387134183,3.64850228992554E-19,-0.00448959218243313));
#4285=CARTESIAN_POINT('',(0.00418651660334819,-5.99999999963515E-9,-0.0114137082184046));
#4286=CARTESIAN_POINT('',(0.00584943708500507,0.0309,-0.0154283533077437));
#4287=CARTESIAN_POINT('',(0.00529521930107019,0.0205999632059376,-0.0140903532172598));
#4288=CARTESIAN_POINT('',(0.00474094419518541,0.0102999474661954,-0.012752214739347));
#4289=CARTESIAN_POINT('',(0.00418651660334819,-5.99999999963515E-9,-0.0114137082184046));
#4290=CARTESIAN_POINT('',(0.00584943708500507,0.0309,-0.0154283533077437));
#4291=CARTESIAN_POINT('',(0.00167618073108256,0.0309,-0.00535322121884435));
#4292=CARTESIAN_POINT('',(0.00512196098579808,0.0309,-0.0136720706427359));
#4293=CARTESIAN_POINT('',(0.00512196098579808,0.,-0.0136720706427359));
#4294=CARTESIAN_POINT('',(0.00512196098579808,0.0345,-0.0136720706427359));
#4295=CARTESIAN_POINT('',(0.00195442928895535,0.0345,-0.00602497266097157));
#4296=CARTESIAN_POINT('',(0.00584943708500507,0.0345,-0.0154283533077437));
#4297=CARTESIAN_POINT('',(-23.7940485948515,-35.8885564801869,57.4426083110555));
#4298=CARTESIAN_POINT('',(0.,0.003,0.));
#4299=CARTESIAN_POINT('',(-0.00025,0.003,0.));
#4300=CARTESIAN_POINT('',(-0.00025,0.003,-0.00799609279585974));
#4301=CARTESIAN_POINT('',(-0.00025,0.003,-0.0125764261495673));
#4302=CARTESIAN_POINT('',(0.,0.003,4.89858719658941E-19));
#4303=CARTESIAN_POINT('',(0.00025,0.003,-0.00799609279585974));
#4304=CARTESIAN_POINT('',(0.00025,0.003,0.));
#4305=CARTESIAN_POINT('',(0.00025,0.003,-0.0125764261495673));
#4306=CARTESIAN_POINT('',(0.,0.003,0.));
#4307=CARTESIAN_POINT('',(-0.00025,0.040000012,0.));
#4308=CARTESIAN_POINT('',(-0.00025,0.04,0.));
#4309=CARTESIAN_POINT('',(-0.000250000048746503,0.0400000029999009,-0.0133222262889839));
#4310=CARTESIAN_POINT('',(-0.00025,0.04,-0.00799609279585974));
#4311=CARTESIAN_POINT('',(-0.00025,0.0614799985303418,-0.00799609279585974));
#4312=CARTESIAN_POINT('',(-0.00025,0.003,-0.0125764261495673));
#4313=CARTESIAN_POINT('',(-0.00025,0.00413071925234936,-0.0127353697713448));
#4314=CARTESIAN_POINT('',(-0.00025,0.00526143866854102,-0.0128943122275575));
#4315=CARTESIAN_POINT('',(-0.00025,0.00639215823124963,-0.0130532536414348));
#4316=CARTESIAN_POINT('',(-0.00025,0.0139581988147185,-0.0141167863045724));
#4317=CARTESIAN_POINT('',(-0.00025,0.0215242457143933,-0.0151802740339816));
#4318=CARTESIAN_POINT('',(-0.00025,0.0290902958191844,-0.0162437389596133));
#4319=CARTESIAN_POINT('',(-0.00025,0.0296935305247876,-0.0163285281088321));
#4320=CARTESIAN_POINT('',(-0.00025,0.0302967652520551,-0.0164133171039196));
#4321=CARTESIAN_POINT('',(-0.00025,0.0309,-0.0164981059518964));
#4322=CARTESIAN_POINT('',(-0.00025,0.0309,-0.0164981059518964));
#4323=CARTESIAN_POINT('',(-0.00025,0.0309,0.));
#4324=CARTESIAN_POINT('',(-0.00025,0.0309,-0.0145978594321222));
#4325=CARTESIAN_POINT('',(-0.00025,0.,-0.0145978594321222));
#4326=CARTESIAN_POINT('',(-0.00025,0.0345,-0.0145978594321222));
#4327=CARTESIAN_POINT('',(-0.00025,0.0345,0.));
#4328=CARTESIAN_POINT('',(-0.00025,0.0345,-0.0164981059518964));
#4329=CARTESIAN_POINT('',(-0.00025,0.0345,-0.0164981059518964));
#4330=CARTESIAN_POINT('',(-0.00025,0.0354849022521746,-0.015929407090084));
#4331=CARTESIAN_POINT('',(-0.00025,0.0364698016200503,-0.0153607032330379));
#4332=CARTESIAN_POINT('',(-0.00025,0.037454696975435,-0.0147919924271735));
#4333=CARTESIAN_POINT('',(-0.00025,0.0383031386588642,-0.014302074436522));
#4334=CARTESIAN_POINT('',(-0.00025,0.0391515773690966,-0.0138121512968115));
#4335=CARTESIAN_POINT('',(-0.000250000048746503,0.0400000029999009,-0.0133222262889839));
#4336=CARTESIAN_POINT('',(0.00025,0.040000012,0.));
#4337=CARTESIAN_POINT('',(0.00025,0.0614799985303418,-0.00799609279585974));
#4338=CARTESIAN_POINT('',(0.00025,0.04,-0.00799609279585974));
#4339=CARTESIAN_POINT('',(0.00025,0.04,0.));
#4340=CARTESIAN_POINT('',(0.000250000048746503,0.0400000029999009,-0.0133222262889839));
#4341=CARTESIAN_POINT('',(0.00025,0.0345,-0.0164981059518964));
#4342=CARTESIAN_POINT('',(0.00025,0.0354849022521746,-0.015929407090084));
#4343=CARTESIAN_POINT('',(0.00025,0.0364698016200503,-0.0153607032330379));
#4344=CARTESIAN_POINT('',(0.00025,0.037454696975435,-0.0147919924271735));
#4345=CARTESIAN_POINT('',(0.00025,0.0383031386588642,-0.014302074436522));
#4346=CARTESIAN_POINT('',(0.00025,0.0391515773690966,-0.0138121512968115));
#4347=CARTESIAN_POINT('',(0.000250000048746503,0.0400000029999009,-0.0133222262889839));
#4348=CARTESIAN_POINT('',(0.00025,0.0345,-0.0164981059518964));
#4349=CARTESIAN_POINT('',(0.00025,0.0345,0.));
#4350=CARTESIAN_POINT('',(0.00025,0.0345,-0.0145978594321222));
#4351=CARTESIAN_POINT('',(0.00025,0.,-0.0145978594321222));
#4352=CARTESIAN_POINT('',(0.00025,0.0309,-0.0145978594321222));
#4353=CARTESIAN_POINT('',(0.00025,0.0309,0.));
#4354=CARTESIAN_POINT('',(0.00025,0.0309,-0.0164981059518964));
#4355=CARTESIAN_POINT('',(0.00025,0.003,-0.0125764261495673));
#4356=CARTESIAN_POINT('',(0.00025,0.00413071925234936,-0.0127353697713448));
#4357=CARTESIAN_POINT('',(0.00025,0.00526143866854102,-0.0128943122275575));
#4358=CARTESIAN_POINT('',(0.00025,0.00639215823124963,-0.0130532536414348));
#4359=CARTESIAN_POINT('',(0.00025,0.0139581988147185,-0.0141167863045724));
#4360=CARTESIAN_POINT('',(0.00025,0.0215242457143933,-0.0151802740339816));
#4361=CARTESIAN_POINT('',(0.00025,0.0290902958191844,-0.0162437389596133));
#4362=CARTESIAN_POINT('',(0.00025,0.0296935305247876,-0.0163285281088321));
#4363=CARTESIAN_POINT('',(0.00025,0.0302967652520551,-0.0164133171039196));
#4364=CARTESIAN_POINT('',(0.00025,0.0309,-0.0164981059518964));
#4365=CARTESIAN_POINT('',(0.0146,0.0309,0.));
#4366=CARTESIAN_POINT('',(0.,0.0309,0.));
#4367=CARTESIAN_POINT('',(0.,0.0309,0.));
#4368=CARTESIAN_POINT('',(0.,0.,0.));
#4369=CARTESIAN_POINT('',(0.,0.0345,0.));
#4370=CARTESIAN_POINT('',(0.0165,0.0345,0.));
#4371=CARTESIAN_POINT('',(0.,0.0345,0.));
#4372=CARTESIAN_POINT('',(0.004,0.04,0.));
#4373=CARTESIAN_POINT('',(0.,0.04,4.89858719658941E-19));
#4374=CARTESIAN_POINT('',(0.,0.04,0.));
#4375=CARTESIAN_POINT('',(0.0121572882076961,3.64850228992554E-19,0.));
#4376=CARTESIAN_POINT('',(0.,0.,4.89858719658941E-19));
#4377=CARTESIAN_POINT('',(0.,7.29700457985108E-19,0.));
#4378=CARTESIAN_POINT('',(0.,7.29700457985108E-19,0.));
#4379=CARTESIAN_POINT('',(0.,0.0309,0.));
#4380=CARTESIAN_POINT('',(0.,0.0309,0.));
#4381=CARTESIAN_POINT('',(0.0146,0.0309,0.));
#4382=CARTESIAN_POINT('',(0.,0.0309,0.));
#4383=CARTESIAN_POINT('',(0.,0.,0.));
#4384=CARTESIAN_POINT('',(0.,0.0345,0.));
#4385=CARTESIAN_POINT('',(0.0165,0.0345,0.));
#4386=CARTESIAN_POINT('',(0.,0.0345,0.));
#4387=CARTESIAN_POINT('',(0.,0.0345,0.));
#4388=CARTESIAN_POINT('',(0.0146,0.0309,0.));
#4389=CARTESIAN_POINT('',(0.,0.0309,0.));
#4390=CARTESIAN_POINT('',(0.0146,0.0309,0.));
#4391=CARTESIAN_POINT('',(0.,0.0309,0.));
#4392=CARTESIAN_POINT('',(0.,0.0309,0.));
#4393=CARTESIAN_POINT('',(0.0146,0.0309,0.));
#4394=CARTESIAN_POINT('',(0.,0.0309,0.));
#4395=CARTESIAN_POINT('',(0.,0.0309,0.));
#4396=CARTESIAN_POINT('',(0.0146,0.0309,0.));
#4397=CARTESIAN_POINT('',(0.,0.0309,0.));
#4398=CARTESIAN_POINT('',(0.,0.0309,0.));
#4399=CARTESIAN_POINT('',(0.0146,0.0309,0.));
#4400=CARTESIAN_POINT('',(0.,0.0309,0.));
#4401=CARTESIAN_POINT('',(0.,0.0309,0.));
#4402=CARTESIAN_POINT('',(0.0146,0.0309,0.));
#4403=CARTESIAN_POINT('',(0.,0.0309,0.));
#4404=CARTESIAN_POINT('',(0.,0.0309,0.));
#4405=CARTESIAN_POINT('',(0.0146,0.0309,0.));
#4406=CARTESIAN_POINT('',(0.,0.0309,0.));
#4407=CARTESIAN_POINT('',(0.,0.0309,0.));
#4408=CARTESIAN_POINT('',(0.,0.,0.));
#4409=CARTESIAN_POINT('',(0.,0.0345,0.));
#4410=CARTESIAN_POINT('',(0.,0.,0.));
#4411=CARTESIAN_POINT('',(0.,0.0345,0.));
#4412=CARTESIAN_POINT('',(0.,0.,0.));
#4413=CARTESIAN_POINT('',(0.,0.0345,0.));
#4414=CARTESIAN_POINT('',(0.,0.,0.));
#4415=CARTESIAN_POINT('',(0.,0.0345,0.));
#4416=CARTESIAN_POINT('',(0.,0.,0.));
#4417=CARTESIAN_POINT('',(0.,0.0345,0.));
#4418=CARTESIAN_POINT('',(0.,0.,0.));
#4419=CARTESIAN_POINT('',(0.,0.0345,0.));
#4420=CARTESIAN_POINT('',(0.,0.,0.));
#4421=CARTESIAN_POINT('',(0.,0.0345,0.));
#4422=CARTESIAN_POINT('',(0.0165,0.0345,0.));
#4423=CARTESIAN_POINT('',(0.,0.0345,0.));
#4424=CARTESIAN_POINT('',(0.0165,0.0345,0.));
#4425=CARTESIAN_POINT('',(0.,0.0345,0.));
#4426=CARTESIAN_POINT('',(0.0165,0.0345,0.));
#4427=CARTESIAN_POINT('',(0.,0.0345,0.));
#4428=CARTESIAN_POINT('',(0.0165,0.0345,0.));
#4429=CARTESIAN_POINT('',(0.,0.0345,0.));
#4430=CARTESIAN_POINT('',(0.0165,0.0345,0.));
#4431=CARTESIAN_POINT('',(0.,0.0345,0.));
#4432=CARTESIAN_POINT('',(0.0165,0.0345,0.));
#4433=CARTESIAN_POINT('',(0.,0.0345,0.));
#4434=CARTESIAN_POINT('',(0.0165,0.0345,0.));
#4435=CARTESIAN_POINT('',(0.,0.0345,0.));
#4436=CARTESIAN_POINT('',(0.004,0.04,0.));
#4437=CARTESIAN_POINT('',(0.,0.04,4.89858719658941E-19));
#4438=CARTESIAN_POINT('',(0.,0.04,0.));
#4439=CARTESIAN_POINT('',(0.004,0.04,0.));
#4440=CARTESIAN_POINT('',(0.,0.04,4.89858719658941E-19));
#4441=CARTESIAN_POINT('',(0.,0.04,0.));
#4442=CARTESIAN_POINT('',(0.004,0.04,0.));
#4443=CARTESIAN_POINT('',(0.,0.04,4.89858719658941E-19));
#4444=CARTESIAN_POINT('',(0.,0.04,0.));
#4445=CARTESIAN_POINT('',(0.004,0.04,0.));
#4446=CARTESIAN_POINT('',(0.,0.04,4.89858719658941E-19));
#4447=CARTESIAN_POINT('',(0.,0.04,0.));
#4448=CARTESIAN_POINT('',(0.004,0.04,0.));
#4449=CARTESIAN_POINT('',(0.,0.04,4.89858719658941E-19));
#4450=CARTESIAN_POINT('',(0.,0.04,0.));
#4451=CARTESIAN_POINT('',(0.004,0.04,0.));
#4452=CARTESIAN_POINT('',(0.,0.04,4.89858719658941E-19));
#4453=CARTESIAN_POINT('',(0.,0.04,0.));
#4454=CARTESIAN_POINT('',(0.004,0.04,0.));
#4455=CARTESIAN_POINT('',(0.,0.04,4.89858719658941E-19));
#4456=CARTESIAN_POINT('',(0.,0.04,0.));
#4457=CARTESIAN_POINT('',(0.,0.0345,0.));
#4458=CARTESIAN_POINT('',(0.,0.0345,0.));
#4459=CARTESIAN_POINT('',(0.,0.0345,0.));
#4460=CARTESIAN_POINT('',(0.,0.0345,0.));
#4461=CARTESIAN_POINT('',(0.,0.0345,0.));
#4462=CARTESIAN_POINT('',(0.,0.0345,0.));
#4463=CARTESIAN_POINT('',(0.,0.0345,0.));
#4464=CARTESIAN_POINT('',(0.,0.0345,0.));
#4465=CARTESIAN_POINT('',(0.,0.0345,0.));
#4466=CARTESIAN_POINT('',(0.,0.0345,0.));
#4467=CARTESIAN_POINT('',(0.,0.0345,0.));
#4468=CARTESIAN_POINT('',(0.,0.0345,0.));
#4469=CARTESIAN_POINT('',(0.,0.0345,0.));
#4470=CARTESIAN_POINT('',(0.,0.0345,0.));
#4471=CARTESIAN_POINT('',(0.0121572882076961,3.64850228992554E-19,0.));
#4472=CARTESIAN_POINT('',(0.,0.,4.89858719658941E-19));
#4473=CARTESIAN_POINT('',(0.,7.29700457985108E-19,0.));
#4474=CARTESIAN_POINT('',(0.0121572882076961,3.64850228992554E-19,0.));
#4475=CARTESIAN_POINT('',(0.,0.,4.89858719658941E-19));
#4476=CARTESIAN_POINT('',(0.,7.29700457985108E-19,0.));
#4477=CARTESIAN_POINT('',(0.0121572882076961,3.64850228992554E-19,0.));
#4478=CARTESIAN_POINT('',(0.,0.,4.89858719658941E-19));
#4479=CARTESIAN_POINT('',(0.,7.29700457985108E-19,0.));
#4480=CARTESIAN_POINT('',(0.0121572882076961,3.64850228992554E-19,0.));
#4481=CARTESIAN_POINT('',(0.,0.,4.89858719658941E-19));
#4482=CARTESIAN_POINT('',(0.,7.29700457985108E-19,0.));
#4483=CARTESIAN_POINT('',(0.0121572882076961,3.64850228992554E-19,0.));
#4484=CARTESIAN_POINT('',(0.,0.,4.89858719658941E-19));
#4485=CARTESIAN_POINT('',(0.,7.29700457985108E-19,0.));
#4486=CARTESIAN_POINT('',(0.0121572882076961,3.64850228992554E-19,0.));
#4487=CARTESIAN_POINT('',(0.,0.,4.89858719658941E-19));
#4488=CARTESIAN_POINT('',(0.,7.29700457985108E-19,0.));
#4489=CARTESIAN_POINT('',(0.0121572882076961,3.64850228992554E-19,0.));
#4490=CARTESIAN_POINT('',(0.,0.,4.89858719658941E-19));
#4491=CARTESIAN_POINT('',(0.,7.29700457985108E-19,0.));
#4492=CARTESIAN_POINT('',(0.,7.29700457985108E-19,0.));
#4493=CARTESIAN_POINT('',(0.,0.0309,0.));
#4494=CARTESIAN_POINT('',(0.,7.29700457985108E-19,0.));
#4495=CARTESIAN_POINT('',(0.,0.0309,0.));
#4496=CARTESIAN_POINT('',(0.,7.29700457985108E-19,0.));
#4497=CARTESIAN_POINT('',(0.,0.0309,0.));
#4498=CARTESIAN_POINT('',(0.,7.29700457985108E-19,0.));
#4499=CARTESIAN_POINT('',(0.,0.0309,0.));
#4500=CARTESIAN_POINT('',(0.,7.29700457985108E-19,0.));
#4501=CARTESIAN_POINT('',(0.,0.0309,0.));
#4502=CARTESIAN_POINT('',(0.,7.29700457985108E-19,0.));
#4503=CARTESIAN_POINT('',(0.,0.0309,0.));
#4504=CARTESIAN_POINT('',(0.0146,0.0309,0.));
#4505=CARTESIAN_POINT('',(0.,0.0309,0.));
#4506=CARTESIAN_POINT('',(0.0146,0.0309,0.));
#4507=CARTESIAN_POINT('',(0.,0.0309,0.));
#4508=CARTESIAN_POINT('',(0.0146,0.0309,0.));
#4509=CARTESIAN_POINT('',(0.,0.0309,0.));
#4510=CARTESIAN_POINT('',(0.0146,0.0309,0.));
#4511=CARTESIAN_POINT('',(0.,0.0309,0.));
#4512=CARTESIAN_POINT('',(0.,0.0309,0.));
#4513=CARTESIAN_POINT('',(0.0146,0.0309,0.));
#4514=CARTESIAN_POINT('',(0.,0.0309,0.));
#4515=CARTESIAN_POINT('',(0.0146,0.0309,0.));
#4516=CARTESIAN_POINT('',(0.,0.0309,0.));
#4517=CARTESIAN_POINT('',(0.0146,0.0309,0.));
#4518=CARTESIAN_POINT('',(0.,0.0309,0.));
#4519=CARTESIAN_POINT('',(0.,0.,0.));
#4520=CARTESIAN_POINT('',(0.,0.0345,0.));
#4521=CARTESIAN_POINT('',(0.,0.,0.));
#4522=CARTESIAN_POINT('',(0.,0.0345,0.));
#4523=CARTESIAN_POINT('',(0.,0.,0.));
#4524=CARTESIAN_POINT('',(0.,0.0345,0.));
#4525=CARTESIAN_POINT('',(0.,0.,0.));
#4526=CARTESIAN_POINT('',(0.,0.0345,0.));
#4527=CARTESIAN_POINT('',(0.,0.,0.));
#4528=CARTESIAN_POINT('',(0.,0.0345,0.));
#4529=CARTESIAN_POINT('',(0.,0.,0.));
#4530=CARTESIAN_POINT('',(0.,0.0345,0.));
#4531=CARTESIAN_POINT('',(0.,0.,0.));
#4532=CARTESIAN_POINT('',(0.,0.0345,0.));
#4533=CARTESIAN_POINT('',(0.0165,0.0345,0.));
#4534=CARTESIAN_POINT('',(0.0165,0.0345,0.));
#4535=CARTESIAN_POINT('',(0.0165,0.0345,0.));
#4536=CARTESIAN_POINT('',(0.0165,0.0345,0.));
#4537=CARTESIAN_POINT('',(0.0165,0.0345,0.));
#4538=CARTESIAN_POINT('',(0.0165,0.0345,0.));
#4539=CARTESIAN_POINT('',(0.0165,0.0345,0.));
#4540=CARTESIAN_POINT('',(0.,7.29700457985108E-19,0.));
#4541=CARTESIAN_POINT('',(0.,0.0614799985303418,4.89858719658941E-19));
#4542=MECHANICAL_DESIGN_GEOMETRIC_PRESENTATION_REPRESENTATION('',(#2539),
#4543);
#4543=(
GEOMETRIC_REPRESENTATION_CONTEXT(3)
GLOBAL_UNCERTAINTY_ASSIGNED_CONTEXT((#4544))
GLOBAL_UNIT_ASSIGNED_CONTEXT((#4547,#4546,#4545))
REPRESENTATION_CONTEXT('ER32 Collet - 15-16mm',
'TOP_LEVEL_ASSEMBLY_PART')
);
#4544=UNCERTAINTY_MEASURE_WITH_UNIT(LENGTH_MEASURE(5.E-6),#4547,
'DISTANCE_ACCURACY_VALUE','Maximum Tolerance applied to model');
#4545=(
NAMED_UNIT(*)
SI_UNIT($,.STERADIAN.)
SOLID_ANGLE_UNIT()
);
#4546=(
NAMED_UNIT(*)
PLANE_ANGLE_UNIT()
SI_UNIT($,.RADIAN.)
);
#4547=(
LENGTH_UNIT()
NAMED_UNIT(*)
SI_UNIT($,.METRE.)
);
#4548=PRODUCT_DEFINITION_SHAPE('','',#4549);
#4549=PRODUCT_DEFINITION('','',#4551,#4550);
#4550=PRODUCT_DEFINITION_CONTEXT('',#4557,'design');
#4551=PRODUCT_DEFINITION_FORMATION_WITH_SPECIFIED_SOURCE('','',#4553,
 .NOT_KNOWN.);
#4552=PRODUCT_RELATED_PRODUCT_CATEGORY('','',(#4553));
#4553=PRODUCT('ER32 Collet - 15-16mm','ER32 Collet - 15-16mm',
'ER32 Collet - 15-16mm',(#4555));
#4554=PRODUCT_CATEGORY('','');
#4555=PRODUCT_CONTEXT('',#4557,'mechanical');
#4556=APPLICATION_PROTOCOL_DEFINITION('international standard',
'automotive_design',2010,#4557);
#4557=APPLICATION_CONTEXT(
'core data for automotive mechanical design processes');
ENDSEC;
END-ISO-10303-21;
