ISO-10303-21;
HEADER;
/* Generated by software containing ST-Developer
 * from STEP Tools, Inc. (www.steptools.com) 
 */
/* OPTION: using custom schema-name function */

FILE_DESCRIPTION(
/* description */ (''),
/* implementation_level */ '2;1');

FILE_NAME(
/* name */ 'Collet ER32 17mm.stp',
/* time_stamp */ '2022-11-19T11:59:51+02:00',
/* author */ (''),
/* organization */ (''),
/* preprocessor_version */ 'ST-DEVELOPER v18.102',
/* originating_system */ 'SIEMENS PLM Software NX 2027',
/* authorisation */ '');

FILE_SCHEMA (('AUTOMOTIVE_DESIGN { 1 0 10303 214 3 1 1 1 }'));
ENDSEC;

DATA;
#10=SHAPE_REPRESENTATION_RELATIONSHIP('None',
'relationship between Collet ER32 17mm-None and Collet ER32 17mm-None',
#22,#11);
#11=ADVANCED_BREP_SHAPE_REPRESENTATION('Collet ER32 17mm-None',(#68),#6059);
#12=SHAPE_DEFINITION_REPRESENTATION(#13,#22);
#13=PRODUCT_DEFINITION_SHAPE('','',#14);
#14=PRODUCT_DEFINITION(' ','',#16,#15);
#15=PRODUCT_DEFINITION_CONTEXT('part definition',#21,'design');
#16=PRODUCT_DEFINITION_FORMATION_WITH_SPECIFIED_SOURCE(' ',' ',#18,
 .NOT_KNOWN.);
#17=PRODUCT_RELATED_PRODUCT_CATEGORY('part','',(#18));
#18=PRODUCT('Collet ER32 17mm','Collet ER32 17mm',' ',(#19));
#19=PRODUCT_CONTEXT(' ',#21,'mechanical');
#20=APPLICATION_PROTOCOL_DEFINITION('international standard',
'automotive_design',2010,#21);
#21=APPLICATION_CONTEXT(
'core data for automotive mechanical design processes');
#22=SHAPE_REPRESENTATION('Collet ER32 17mm-None',(#2820),#6059);
#23=OVER_RIDING_STYLED_ITEM('',(#31),#393,#29);
#24=OVER_RIDING_STYLED_ITEM('',(#32),#394,#29);
#25=OVER_RIDING_STYLED_ITEM('',(#33),#395,#29);
#26=OVER_RIDING_STYLED_ITEM('',(#34),#396,#29);
#27=OVER_RIDING_STYLED_ITEM('',(#35),#397,#29);
#28=PRESENTATION_LAYER_ASSIGNMENT('1','Layer 1',(#68));
#29=STYLED_ITEM('',(#30),#68);
#30=PRESENTATION_STYLE_ASSIGNMENT((#36));
#31=PRESENTATION_STYLE_ASSIGNMENT((#37));
#32=PRESENTATION_STYLE_ASSIGNMENT((#38));
#33=PRESENTATION_STYLE_ASSIGNMENT((#39));
#34=PRESENTATION_STYLE_ASSIGNMENT((#40));
#35=PRESENTATION_STYLE_ASSIGNMENT((#41));
#36=SURFACE_STYLE_USAGE(.BOTH.,#42);
#37=SURFACE_STYLE_USAGE(.BOTH.,#43);
#38=SURFACE_STYLE_USAGE(.BOTH.,#44);
#39=SURFACE_STYLE_USAGE(.BOTH.,#45);
#40=SURFACE_STYLE_USAGE(.BOTH.,#46);
#41=SURFACE_STYLE_USAGE(.BOTH.,#47);
#42=SURFACE_SIDE_STYLE('',(#48));
#43=SURFACE_SIDE_STYLE('',(#49));
#44=SURFACE_SIDE_STYLE('',(#50));
#45=SURFACE_SIDE_STYLE('',(#51));
#46=SURFACE_SIDE_STYLE('',(#52));
#47=SURFACE_SIDE_STYLE('',(#53));
#48=SURFACE_STYLE_FILL_AREA(#54);
#49=SURFACE_STYLE_FILL_AREA(#55);
#50=SURFACE_STYLE_FILL_AREA(#56);
#51=SURFACE_STYLE_FILL_AREA(#57);
#52=SURFACE_STYLE_FILL_AREA(#58);
#53=SURFACE_STYLE_FILL_AREA(#59);
#54=FILL_AREA_STYLE('',(#60));
#55=FILL_AREA_STYLE('',(#61));
#56=FILL_AREA_STYLE('',(#62));
#57=FILL_AREA_STYLE('',(#63));
#58=FILL_AREA_STYLE('',(#64));
#59=FILL_AREA_STYLE('',(#65));
#60=FILL_AREA_STYLE_COLOUR('',#66);
#61=FILL_AREA_STYLE_COLOUR('',#67);
#62=FILL_AREA_STYLE_COLOUR('',#67);
#63=FILL_AREA_STYLE_COLOUR('',#67);
#64=FILL_AREA_STYLE_COLOUR('',#67);
#65=FILL_AREA_STYLE_COLOUR('',#67);
#66=COLOUR_RGB('light gray',0.8,0.8,0.8);
#67=COLOUR_RGB('iron gray',0.298039215686275,0.298039215686275,0.298039215686275);
#68=MANIFOLD_SOLID_BREP('',#69);
#69=CLOSED_SHELL('',(#393,#394,#395,#396,#397,#398,#399,#400,#401,#402,
#403,#404,#405,#406,#407,#408,#409,#410,#411,#412,#413,#414,#415,#416,#417,
#418,#419,#420,#421,#422,#423,#424,#425,#426,#427,#428,#429,#430,#431,#432,
#433,#434,#435,#436,#437,#438,#439,#440,#441,#442,#443,#444,#445,#446,#447,
#448,#449,#450,#451,#452,#453,#454,#455,#456,#457,#458,#459,#460,#461,#462,
#463,#464,#465,#466,#467,#468,#469,#470,#471,#472,#473,#474,#475,#476,#477,
#478,#479,#480,#481,#482,#483,#484,#485,#486,#487,#488,#489,#490,#491,#492,
#493,#494,#495,#496,#497,#498,#499,#500,#501,#502,#503,#504,#505,#506,#507,
#508,#509,#510,#511,#512,#513,#514,#515,#516,#517,#518,#519,#520,#521,#522,
#523,#524,#525,#526,#527,#528,#529,#530,#531));
#70=ELLIPSE('',#2911,20.400940276221,14.2824670140077);
#71=ELLIPSE('',#2917,20.400940276221,14.2824670140077);
#72=ELLIPSE('',#2921,20.400940276221,14.2824670140077);
#73=ELLIPSE('',#2925,20.400940276221,14.2824670140077);
#74=ELLIPSE('',#2929,20.400940276221,14.2824670140077);
#75=ELLIPSE('',#2933,20.400940276221,14.2824670140077);
#76=ELLIPSE('',#2935,12.0208152801713,8.5);
#77=ELLIPSE('',#2937,12.0208152801713,8.5);
#78=ELLIPSE('',#2939,12.0208152801713,8.5);
#79=ELLIPSE('',#2941,12.0208152801713,8.5);
#80=ELLIPSE('',#2943,12.0208152801713,8.5);
#81=ELLIPSE('',#2944,12.0208152801713,8.5);
#82=ELLIPSE('',#2946,12.0208152801713,8.5);
#83=ELLIPSE('',#2948,12.0208152801713,8.5);
#84=ELLIPSE('',#2950,12.0208152801713,8.5);
#85=ELLIPSE('',#2952,12.0208152801713,8.5);
#86=ELLIPSE('',#2954,12.0208152801713,8.5);
#87=ELLIPSE('',#2956,12.0208152801713,8.5);
#88=CYLINDRICAL_SURFACE('',#2876,14.6);
#89=CYLINDRICAL_SURFACE('',#2878,14.6);
#90=CYLINDRICAL_SURFACE('',#2880,14.6);
#91=CYLINDRICAL_SURFACE('',#2882,14.6);
#92=CYLINDRICAL_SURFACE('',#2884,14.6);
#93=CYLINDRICAL_SURFACE('',#2886,14.6);
#94=CYLINDRICAL_SURFACE('',#2957,8.5);
#95=CYLINDRICAL_SURFACE('',#3015,14.6);
#96=CYLINDRICAL_SURFACE('',#3017,14.6);
#97=CYLINDRICAL_SURFACE('',#3019,14.6);
#98=CYLINDRICAL_SURFACE('',#3021,14.6);
#99=CYLINDRICAL_SURFACE('',#3023,14.6);
#100=CYLINDRICAL_SURFACE('',#3046,14.6);
#101=TOROIDAL_SURFACE('',#2852,16.1535898384862,0.2);
#102=TOROIDAL_SURFACE('',#2854,16.1535898384862,0.2);
#103=TOROIDAL_SURFACE('',#2856,16.1535898384862,0.2);
#104=TOROIDAL_SURFACE('',#2858,16.1535898384862,0.2);
#105=TOROIDAL_SURFACE('',#2860,16.1535898384862,0.2);
#106=TOROIDAL_SURFACE('',#2862,16.1535898384862,0.2);
#107=TOROIDAL_SURFACE('',#2900,16.2702516900963,0.2);
#108=TOROIDAL_SURFACE('',#2902,16.2702516900963,0.2);
#109=TOROIDAL_SURFACE('',#2904,16.2702516900963,0.2);
#110=TOROIDAL_SURFACE('',#2906,16.2702516900963,0.2);
#111=TOROIDAL_SURFACE('',#2908,16.2702516900963,0.2);
#112=TOROIDAL_SURFACE('',#2910,16.2702516900963,0.2);
#113=TOROIDAL_SURFACE('',#2970,11.2883268414199,1.);
#114=TOROIDAL_SURFACE('',#2971,11.2883268414199,1.);
#115=TOROIDAL_SURFACE('',#2972,11.2883268414199,1.);
#116=TOROIDAL_SURFACE('',#2973,11.2883268414199,1.);
#117=TOROIDAL_SURFACE('',#2974,11.2883268414199,1.);
#118=TOROIDAL_SURFACE('',#2975,11.2883268414199,1.);
#119=TOROIDAL_SURFACE('',#2995,16.1535898384862,0.2);
#120=TOROIDAL_SURFACE('',#2997,16.1535898384862,0.2);
#121=TOROIDAL_SURFACE('',#2999,16.1535898384862,0.2);
#122=TOROIDAL_SURFACE('',#3001,16.1535898384862,0.2);
#123=TOROIDAL_SURFACE('',#3003,16.1535898384862,0.2);
#124=TOROIDAL_SURFACE('',#3034,16.2702516900963,0.2);
#125=TOROIDAL_SURFACE('',#3035,16.2702516900963,0.2);
#126=TOROIDAL_SURFACE('',#3036,16.2702516900963,0.2);
#127=TOROIDAL_SURFACE('',#3037,16.2702516900963,0.2);
#128=TOROIDAL_SURFACE('',#3038,16.2702516900963,0.2);
#129=TOROIDAL_SURFACE('',#3042,16.1535898384862,0.2);
#130=TOROIDAL_SURFACE('',#3049,16.2702516900963,0.2);
#131=CONICAL_SURFACE('',#2835,13.3245735194571,29.9999999999998);
#132=CONICAL_SURFACE('',#2838,13.3245735194571,29.9999999999998);
#133=CONICAL_SURFACE('',#2841,13.3245735194571,29.9999999999998);
#134=CONICAL_SURFACE('',#2844,13.3245735194571,29.9999999999998);
#135=CONICAL_SURFACE('',#2847,13.3245735194571,29.9999999999998);
#136=CONICAL_SURFACE('',#2850,13.3245735194571,29.9999999999998);
#137=CONICAL_SURFACE('',#2914,16.4683053038446,7.99999999999986);
#138=CONICAL_SURFACE('',#2918,16.4683053038446,7.99999999999986);
#139=CONICAL_SURFACE('',#2922,16.4683053038446,7.99999999999986);
#140=CONICAL_SURFACE('',#2926,16.4683053038446,7.99999999999986);
#141=CONICAL_SURFACE('',#2930,16.4683053038446,7.99999999999986);
#142=CONICAL_SURFACE('',#2934,16.4683053038446,7.99999999999986);
#143=CONICAL_SURFACE('',#2985,13.3245735194571,29.9999999999998);
#144=CONICAL_SURFACE('',#2987,13.3245735194571,29.9999999999998);
#145=CONICAL_SURFACE('',#2989,13.3245735194571,29.9999999999998);
#146=CONICAL_SURFACE('',#2991,13.3245735194571,29.9999999999998);
#147=CONICAL_SURFACE('',#2993,13.3245735194571,29.9999999999998);
#148=CONICAL_SURFACE('',#3040,13.3245735194571,29.9999999999998);
#149=CIRCLE('',#2826,13.3245735194571);
#150=CIRCLE('',#2827,13.3245735194571);
#151=CIRCLE('',#2828,8.5);
#152=CIRCLE('',#2830,13.3245735194571);
#153=CIRCLE('',#2831,8.5);
#154=CIRCLE('',#2832,13.3245735194571);
#155=CIRCLE('',#2834,16.3267949192431);
#156=CIRCLE('',#2836,13.3245735194571);
#157=CIRCLE('',#2837,16.3267949192431);
#158=CIRCLE('',#2839,13.3245735194571);
#159=CIRCLE('',#2840,16.3267949192431);
#160=CIRCLE('',#2842,13.3245735194571);
#161=CIRCLE('',#2843,16.3267949192431);
#162=CIRCLE('',#2845,16.3267949192431);
#163=CIRCLE('',#2846,13.3245735194571);
#164=CIRCLE('',#2848,13.3245735194571);
#165=CIRCLE('',#2849,16.3267949192431);
#166=CIRCLE('',#2851,16.1535898384862);
#167=CIRCLE('',#2853,16.1535898384862);
#168=CIRCLE('',#2855,16.1535898384862);
#169=CIRCLE('',#2857,16.1535898384862);
#170=CIRCLE('',#2859,16.1535898384862);
#171=CIRCLE('',#2861,16.1535898384862);
#172=CIRCLE('',#2863,14.6);
#173=CIRCLE('',#2865,14.6);
#174=CIRCLE('',#2867,14.6);
#175=CIRCLE('',#2869,14.6);
#176=CIRCLE('',#2871,14.6);
#177=CIRCLE('',#2873,14.6);
#178=CIRCLE('',#2875,14.6);
#179=CIRCLE('',#2877,14.6);
#180=CIRCLE('',#2879,14.6);
#181=CIRCLE('',#2881,14.6);
#182=CIRCLE('',#2883,14.6);
#183=CIRCLE('',#2885,14.6);
#184=CIRCLE('',#2887,16.2702516900963);
#185=CIRCLE('',#2889,16.2702516900963);
#186=CIRCLE('',#2891,16.2702516900963);
#187=CIRCLE('',#2893,16.2702516900963);
#188=CIRCLE('',#2895,16.2702516900963);
#189=CIRCLE('',#2897,16.2702516900963);
#190=CIRCLE('',#2899,16.4683053038446);
#191=CIRCLE('',#2901,16.4683053038446);
#192=CIRCLE('',#2903,16.4683053038446);
#193=CIRCLE('',#2905,16.4683053038446);
#194=CIRCLE('',#2907,16.4683053038446);
#195=CIRCLE('',#2909,16.4683053038446);
#196=CIRCLE('',#2912,16.4683053038446);
#197=CIRCLE('',#2913,12.2785949101615);
#198=CIRCLE('',#2915,12.2785949101615);
#199=CIRCLE('',#2916,16.4683053038446);
#200=CIRCLE('',#2919,16.4683053038446);
#201=CIRCLE('',#2920,12.2785949101615);
#202=CIRCLE('',#2923,16.4683053038446);
#203=CIRCLE('',#2924,12.2785949101615);
#204=CIRCLE('',#2927,16.4683053038446);
#205=CIRCLE('',#2928,12.2785949101615);
#206=CIRCLE('',#2931,16.4683053038446);
#207=CIRCLE('',#2932,12.2785949101615);
#208=CIRCLE('',#2936,8.5);
#209=CIRCLE('',#2938,8.5);
#210=CIRCLE('',#2940,8.5);
#211=CIRCLE('',#2942,8.5);
#212=CIRCLE('',#2945,8.5);
#213=CIRCLE('',#2947,8.5);
#214=CIRCLE('',#2949,8.5);
#215=CIRCLE('',#2951,8.5);
#216=CIRCLE('',#2953,8.5);
#217=CIRCLE('',#2955,8.5);
#218=CIRCLE('',#2958,11.2883268414199);
#219=CIRCLE('',#2960,11.2883268414199);
#220=CIRCLE('',#2962,11.2883268414199);
#221=CIRCLE('',#2964,11.2883268414199);
#222=CIRCLE('',#2966,11.2883268414199);
#223=CIRCLE('',#2968,11.2883268414199);
#224=CIRCLE('',#2977,13.3245735194571);
#225=CIRCLE('',#2979,13.3245735194571);
#226=CIRCLE('',#2981,13.3245735194571);
#227=CIRCLE('',#2984,16.3267949192431);
#228=CIRCLE('',#2986,16.3267949192431);
#229=CIRCLE('',#2988,16.3267949192431);
#230=CIRCLE('',#2990,16.3267949192431);
#231=CIRCLE('',#2992,16.3267949192431);
#232=CIRCLE('',#2994,16.1535898384862);
#233=CIRCLE('',#2996,16.1535898384862);
#234=CIRCLE('',#2998,16.1535898384862);
#235=CIRCLE('',#3000,16.1535898384862);
#236=CIRCLE('',#3002,16.1535898384862);
#237=CIRCLE('',#3004,14.6);
#238=CIRCLE('',#3006,14.6);
#239=CIRCLE('',#3008,14.6);
#240=CIRCLE('',#3010,14.6);
#241=CIRCLE('',#3012,14.6);
#242=CIRCLE('',#3014,14.6);
#243=CIRCLE('',#3016,14.6);
#244=CIRCLE('',#3018,14.6);
#245=CIRCLE('',#3020,14.6);
#246=CIRCLE('',#3022,14.6);
#247=CIRCLE('',#3024,16.2702516900963);
#248=CIRCLE('',#3026,16.2702516900963);
#249=CIRCLE('',#3028,16.2702516900963);
#250=CIRCLE('',#3030,16.2702516900963);
#251=CIRCLE('',#3032,16.2702516900963);
#252=CIRCLE('',#3039,16.3267949192431);
#253=CIRCLE('',#3041,16.1535898384862);
#254=CIRCLE('',#3043,14.6);
#255=CIRCLE('',#3045,14.6);
#256=CIRCLE('',#3047,16.2702516900963);
#257=FACE_OUTER_BOUND('',#986,.T.);
#258=FACE_OUTER_BOUND('',#987,.T.);
#259=FACE_OUTER_BOUND('',#988,.T.);
#260=FACE_OUTER_BOUND('',#989,.T.);
#261=FACE_OUTER_BOUND('',#996,.T.);
#262=FACE_OUTER_BOUND('',#997,.T.);
#263=FACE_OUTER_BOUND('',#998,.T.);
#264=FACE_OUTER_BOUND('',#999,.T.);
#265=FACE_OUTER_BOUND('',#1000,.T.);
#266=FACE_OUTER_BOUND('',#1001,.T.);
#267=FACE_OUTER_BOUND('',#1002,.T.);
#268=FACE_OUTER_BOUND('',#1003,.T.);
#269=FACE_OUTER_BOUND('',#1004,.T.);
#270=FACE_OUTER_BOUND('',#1005,.T.);
#271=FACE_OUTER_BOUND('',#1006,.T.);
#272=FACE_OUTER_BOUND('',#1007,.T.);
#273=FACE_OUTER_BOUND('',#1008,.T.);
#274=FACE_OUTER_BOUND('',#1009,.T.);
#275=FACE_OUTER_BOUND('',#1010,.T.);
#276=FACE_OUTER_BOUND('',#1011,.T.);
#277=FACE_OUTER_BOUND('',#1012,.T.);
#278=FACE_OUTER_BOUND('',#1013,.T.);
#279=FACE_OUTER_BOUND('',#1014,.T.);
#280=FACE_OUTER_BOUND('',#1015,.T.);
#281=FACE_OUTER_BOUND('',#1016,.T.);
#282=FACE_OUTER_BOUND('',#1017,.T.);
#283=FACE_OUTER_BOUND('',#1018,.T.);
#284=FACE_OUTER_BOUND('',#1019,.T.);
#285=FACE_OUTER_BOUND('',#1020,.T.);
#286=FACE_OUTER_BOUND('',#1021,.T.);
#287=FACE_OUTER_BOUND('',#1022,.T.);
#288=FACE_OUTER_BOUND('',#1023,.T.);
#289=FACE_OUTER_BOUND('',#1024,.T.);
#290=FACE_OUTER_BOUND('',#1025,.T.);
#291=FACE_OUTER_BOUND('',#1026,.T.);
#292=FACE_OUTER_BOUND('',#1027,.T.);
#293=FACE_OUTER_BOUND('',#1028,.T.);
#294=FACE_OUTER_BOUND('',#1029,.T.);
#295=FACE_OUTER_BOUND('',#1030,.T.);
#296=FACE_OUTER_BOUND('',#1031,.T.);
#297=FACE_OUTER_BOUND('',#1032,.T.);
#298=FACE_OUTER_BOUND('',#1033,.T.);
#299=FACE_OUTER_BOUND('',#1034,.T.);
#300=FACE_OUTER_BOUND('',#1035,.T.);
#301=FACE_OUTER_BOUND('',#1036,.T.);
#302=FACE_OUTER_BOUND('',#1037,.T.);
#303=FACE_OUTER_BOUND('',#1038,.T.);
#304=FACE_OUTER_BOUND('',#1041,.T.);
#305=FACE_OUTER_BOUND('',#1042,.T.);
#306=FACE_OUTER_BOUND('',#1043,.T.);
#307=FACE_OUTER_BOUND('',#1044,.T.);
#308=FACE_OUTER_BOUND('',#1045,.T.);
#309=FACE_OUTER_BOUND('',#1046,.T.);
#310=FACE_OUTER_BOUND('',#1047,.T.);
#311=FACE_OUTER_BOUND('',#1048,.T.);
#312=FACE_OUTER_BOUND('',#1049,.T.);
#313=FACE_OUTER_BOUND('',#1050,.T.);
#314=FACE_OUTER_BOUND('',#1051,.T.);
#315=FACE_OUTER_BOUND('',#1052,.T.);
#316=FACE_OUTER_BOUND('',#1053,.T.);
#317=FACE_OUTER_BOUND('',#1054,.T.);
#318=FACE_OUTER_BOUND('',#1055,.T.);
#319=FACE_OUTER_BOUND('',#1056,.T.);
#320=FACE_OUTER_BOUND('',#1057,.T.);
#321=FACE_OUTER_BOUND('',#1058,.T.);
#322=FACE_OUTER_BOUND('',#1059,.T.);
#323=FACE_OUTER_BOUND('',#1060,.T.);
#324=FACE_OUTER_BOUND('',#1061,.T.);
#325=FACE_OUTER_BOUND('',#1062,.T.);
#326=FACE_OUTER_BOUND('',#1063,.T.);
#327=FACE_OUTER_BOUND('',#1064,.T.);
#328=FACE_OUTER_BOUND('',#1065,.T.);
#329=FACE_OUTER_BOUND('',#1066,.T.);
#330=FACE_OUTER_BOUND('',#1067,.T.);
#331=FACE_OUTER_BOUND('',#1068,.T.);
#332=FACE_OUTER_BOUND('',#1069,.T.);
#333=FACE_OUTER_BOUND('',#1070,.T.);
#334=FACE_OUTER_BOUND('',#1071,.T.);
#335=FACE_OUTER_BOUND('',#1072,.T.);
#336=FACE_OUTER_BOUND('',#1073,.T.);
#337=FACE_OUTER_BOUND('',#1074,.T.);
#338=FACE_OUTER_BOUND('',#1075,.T.);
#339=FACE_OUTER_BOUND('',#1076,.T.);
#340=FACE_OUTER_BOUND('',#1077,.T.);
#341=FACE_OUTER_BOUND('',#1078,.T.);
#342=FACE_OUTER_BOUND('',#1079,.T.);
#343=FACE_OUTER_BOUND('',#1080,.T.);
#344=FACE_OUTER_BOUND('',#1081,.T.);
#345=FACE_OUTER_BOUND('',#1082,.T.);
#346=FACE_OUTER_BOUND('',#1083,.T.);
#347=FACE_OUTER_BOUND('',#1084,.T.);
#348=FACE_OUTER_BOUND('',#1085,.T.);
#349=FACE_OUTER_BOUND('',#1086,.T.);
#350=FACE_OUTER_BOUND('',#1087,.T.);
#351=FACE_OUTER_BOUND('',#1088,.T.);
#352=FACE_OUTER_BOUND('',#1089,.T.);
#353=FACE_OUTER_BOUND('',#1090,.T.);
#354=FACE_OUTER_BOUND('',#1091,.T.);
#355=FACE_OUTER_BOUND('',#1092,.T.);
#356=FACE_OUTER_BOUND('',#1093,.T.);
#357=FACE_OUTER_BOUND('',#1094,.T.);
#358=FACE_OUTER_BOUND('',#1095,.T.);
#359=FACE_OUTER_BOUND('',#1096,.T.);
#360=FACE_OUTER_BOUND('',#1097,.T.);
#361=FACE_OUTER_BOUND('',#1098,.T.);
#362=FACE_OUTER_BOUND('',#1099,.T.);
#363=FACE_OUTER_BOUND('',#1100,.T.);
#364=FACE_OUTER_BOUND('',#1101,.T.);
#365=FACE_OUTER_BOUND('',#1102,.T.);
#366=FACE_OUTER_BOUND('',#1103,.T.);
#367=FACE_OUTER_BOUND('',#1104,.T.);
#368=FACE_OUTER_BOUND('',#1105,.T.);
#369=FACE_OUTER_BOUND('',#1106,.T.);
#370=FACE_OUTER_BOUND('',#1107,.T.);
#371=FACE_OUTER_BOUND('',#1108,.T.);
#372=FACE_OUTER_BOUND('',#1109,.T.);
#373=FACE_OUTER_BOUND('',#1110,.T.);
#374=FACE_OUTER_BOUND('',#1111,.T.);
#375=FACE_OUTER_BOUND('',#1112,.T.);
#376=FACE_OUTER_BOUND('',#1113,.T.);
#377=FACE_OUTER_BOUND('',#1114,.T.);
#378=FACE_OUTER_BOUND('',#1115,.T.);
#379=FACE_OUTER_BOUND('',#1116,.T.);
#380=FACE_OUTER_BOUND('',#1117,.T.);
#381=FACE_OUTER_BOUND('',#1118,.T.);
#382=FACE_OUTER_BOUND('',#1119,.T.);
#383=FACE_OUTER_BOUND('',#1120,.T.);
#384=FACE_OUTER_BOUND('',#1121,.T.);
#385=FACE_OUTER_BOUND('',#1122,.T.);
#386=FACE_OUTER_BOUND('',#1123,.T.);
#387=FACE_OUTER_BOUND('',#1124,.T.);
#388=FACE_OUTER_BOUND('',#1125,.T.);
#389=FACE_OUTER_BOUND('',#1126,.T.);
#390=FACE_OUTER_BOUND('',#1127,.T.);
#391=FACE_OUTER_BOUND('',#1128,.T.);
#392=FACE_OUTER_BOUND('',#1129,.T.);
#393=ADVANCED_FACE('',(#974,#975),#532,.F.);
#394=ADVANCED_FACE('',(#257),#533,.F.);
#395=ADVANCED_FACE('',(#258),#534,.F.);
#396=ADVANCED_FACE('',(#259),#535,.F.);
#397=ADVANCED_FACE('',(#260),#536,.F.);
#398=ADVANCED_FACE('',(#976,#977,#978,#979,#980,#981),#537,.F.);
#399=ADVANCED_FACE('',(#261),#538,.F.);
#400=ADVANCED_FACE('',(#262),#131,.T.);
#401=ADVANCED_FACE('',(#263),#132,.T.);
#402=ADVANCED_FACE('',(#264),#133,.T.);
#403=ADVANCED_FACE('',(#265),#134,.T.);
#404=ADVANCED_FACE('',(#266),#135,.T.);
#405=ADVANCED_FACE('',(#267),#136,.T.);
#406=ADVANCED_FACE('',(#268),#101,.T.);
#407=ADVANCED_FACE('',(#269),#102,.T.);
#408=ADVANCED_FACE('',(#270),#103,.T.);
#409=ADVANCED_FACE('',(#271),#104,.T.);
#410=ADVANCED_FACE('',(#272),#105,.T.);
#411=ADVANCED_FACE('',(#273),#106,.T.);
#412=ADVANCED_FACE('',(#274),#539,.F.);
#413=ADVANCED_FACE('',(#275),#540,.F.);
#414=ADVANCED_FACE('',(#276),#541,.F.);
#415=ADVANCED_FACE('',(#277),#542,.F.);
#416=ADVANCED_FACE('',(#278),#543,.F.);
#417=ADVANCED_FACE('',(#279),#544,.F.);
#418=ADVANCED_FACE('',(#280),#88,.T.);
#419=ADVANCED_FACE('',(#281),#89,.T.);
#420=ADVANCED_FACE('',(#282),#90,.T.);
#421=ADVANCED_FACE('',(#283),#91,.T.);
#422=ADVANCED_FACE('',(#284),#92,.T.);
#423=ADVANCED_FACE('',(#285),#93,.T.);
#424=ADVANCED_FACE('',(#286),#545,.F.);
#425=ADVANCED_FACE('',(#287),#546,.F.);
#426=ADVANCED_FACE('',(#288),#547,.F.);
#427=ADVANCED_FACE('',(#289),#548,.F.);
#428=ADVANCED_FACE('',(#290),#549,.F.);
#429=ADVANCED_FACE('',(#291),#550,.F.);
#430=ADVANCED_FACE('',(#292),#107,.T.);
#431=ADVANCED_FACE('',(#293),#108,.T.);
#432=ADVANCED_FACE('',(#294),#109,.T.);
#433=ADVANCED_FACE('',(#295),#110,.T.);
#434=ADVANCED_FACE('',(#296),#111,.T.);
#435=ADVANCED_FACE('',(#297),#112,.T.);
#436=ADVANCED_FACE('',(#298),#137,.T.);
#437=ADVANCED_FACE('',(#299),#138,.T.);
#438=ADVANCED_FACE('',(#300),#139,.T.);
#439=ADVANCED_FACE('',(#301),#140,.T.);
#440=ADVANCED_FACE('',(#302),#141,.T.);
#441=ADVANCED_FACE('',(#303),#142,.T.);
#442=ADVANCED_FACE('',(#982,#983),#94,.F.);
#443=ADVANCED_FACE('',(#304),#551,.F.);
#444=ADVANCED_FACE('',(#305),#552,.F.);
#445=ADVANCED_FACE('',(#306),#553,.F.);
#446=ADVANCED_FACE('',(#307),#554,.F.);
#447=ADVANCED_FACE('',(#308),#555,.F.);
#448=ADVANCED_FACE('',(#309),#556,.F.);
#449=ADVANCED_FACE('',(#310),#113,.T.);
#450=ADVANCED_FACE('',(#311),#114,.T.);
#451=ADVANCED_FACE('',(#312),#115,.T.);
#452=ADVANCED_FACE('',(#313),#116,.T.);
#453=ADVANCED_FACE('',(#314),#117,.T.);
#454=ADVANCED_FACE('',(#315),#118,.T.);
#455=ADVANCED_FACE('',(#316),#557,.F.);
#456=ADVANCED_FACE('',(#317),#558,.F.);
#457=ADVANCED_FACE('',(#318),#559,.F.);
#458=ADVANCED_FACE('',(#319),#560,.F.);
#459=ADVANCED_FACE('',(#320),#561,.F.);
#460=ADVANCED_FACE('',(#321),#143,.T.);
#461=ADVANCED_FACE('',(#322),#144,.T.);
#462=ADVANCED_FACE('',(#323),#145,.T.);
#463=ADVANCED_FACE('',(#324),#146,.T.);
#464=ADVANCED_FACE('',(#325),#147,.T.);
#465=ADVANCED_FACE('',(#326),#119,.T.);
#466=ADVANCED_FACE('',(#327),#120,.T.);
#467=ADVANCED_FACE('',(#328),#121,.T.);
#468=ADVANCED_FACE('',(#329),#122,.T.);
#469=ADVANCED_FACE('',(#330),#123,.T.);
#470=ADVANCED_FACE('',(#331),#562,.F.);
#471=ADVANCED_FACE('',(#332),#563,.F.);
#472=ADVANCED_FACE('',(#333),#564,.F.);
#473=ADVANCED_FACE('',(#334),#565,.F.);
#474=ADVANCED_FACE('',(#335),#566,.F.);
#475=ADVANCED_FACE('',(#336),#95,.T.);
#476=ADVANCED_FACE('',(#337),#96,.T.);
#477=ADVANCED_FACE('',(#338),#97,.T.);
#478=ADVANCED_FACE('',(#339),#98,.T.);
#479=ADVANCED_FACE('',(#340),#99,.T.);
#480=ADVANCED_FACE('',(#341),#567,.F.);
#481=ADVANCED_FACE('',(#342),#568,.F.);
#482=ADVANCED_FACE('',(#343),#569,.F.);
#483=ADVANCED_FACE('',(#344),#570,.F.);
#484=ADVANCED_FACE('',(#345),#571,.F.);
#485=ADVANCED_FACE('',(#346),#124,.T.);
#486=ADVANCED_FACE('',(#347),#125,.T.);
#487=ADVANCED_FACE('',(#348),#126,.T.);
#488=ADVANCED_FACE('',(#349),#127,.T.);
#489=ADVANCED_FACE('',(#350),#128,.T.);
#490=ADVANCED_FACE('',(#351),#148,.T.);
#491=ADVANCED_FACE('',(#352),#129,.T.);
#492=ADVANCED_FACE('',(#353),#572,.F.);
#493=ADVANCED_FACE('',(#354),#100,.T.);
#494=ADVANCED_FACE('',(#355),#573,.F.);
#495=ADVANCED_FACE('',(#356),#130,.T.);
#496=ADVANCED_FACE('',(#357),#574,.T.);
#497=ADVANCED_FACE('',(#358),#575,.F.);
#498=ADVANCED_FACE('',(#359),#576,.T.);
#499=ADVANCED_FACE('',(#360),#577,.T.);
#500=ADVANCED_FACE('',(#361),#578,.F.);
#501=ADVANCED_FACE('',(#362),#579,.T.);
#502=ADVANCED_FACE('',(#363),#580,.T.);
#503=ADVANCED_FACE('',(#364),#581,.T.);
#504=ADVANCED_FACE('',(#365),#582,.T.);
#505=ADVANCED_FACE('',(#366),#583,.F.);
#506=ADVANCED_FACE('',(#367),#584,.T.);
#507=ADVANCED_FACE('',(#368),#585,.T.);
#508=ADVANCED_FACE('',(#369),#586,.F.);
#509=ADVANCED_FACE('',(#370),#587,.T.);
#510=ADVANCED_FACE('',(#371),#588,.T.);
#511=ADVANCED_FACE('',(#372),#589,.F.);
#512=ADVANCED_FACE('',(#373),#590,.T.);
#513=ADVANCED_FACE('',(#374),#591,.T.);
#514=ADVANCED_FACE('',(#375),#592,.T.);
#515=ADVANCED_FACE('',(#376),#593,.F.);
#516=ADVANCED_FACE('',(#377),#594,.T.);
#517=ADVANCED_FACE('',(#378),#595,.T.);
#518=ADVANCED_FACE('',(#379),#596,.T.);
#519=ADVANCED_FACE('',(#380),#597,.T.);
#520=ADVANCED_FACE('',(#381),#598,.F.);
#521=ADVANCED_FACE('',(#382),#599,.T.);
#522=ADVANCED_FACE('',(#383),#600,.T.);
#523=ADVANCED_FACE('',(#384),#601,.F.);
#524=ADVANCED_FACE('',(#385),#602,.T.);
#525=ADVANCED_FACE('',(#386),#603,.T.);
#526=ADVANCED_FACE('',(#387),#604,.F.);
#527=ADVANCED_FACE('',(#388),#605,.T.);
#528=ADVANCED_FACE('',(#389),#606,.T.);
#529=ADVANCED_FACE('',(#390),#607,.T.);
#530=ADVANCED_FACE('',(#391),#608,.F.);
#531=ADVANCED_FACE('',(#392),#609,.T.);
#532=PLANE('',#2821);
#533=PLANE('',#2822);
#534=PLANE('',#2823);
#535=PLANE('',#2824);
#536=PLANE('',#2825);
#537=PLANE('',#2829);
#538=PLANE('',#2833);
#539=PLANE('',#2864);
#540=PLANE('',#2866);
#541=PLANE('',#2868);
#542=PLANE('',#2870);
#543=PLANE('',#2872);
#544=PLANE('',#2874);
#545=PLANE('',#2888);
#546=PLANE('',#2890);
#547=PLANE('',#2892);
#548=PLANE('',#2894);
#549=PLANE('',#2896);
#550=PLANE('',#2898);
#551=PLANE('',#2959);
#552=PLANE('',#2961);
#553=PLANE('',#2963);
#554=PLANE('',#2965);
#555=PLANE('',#2967);
#556=PLANE('',#2969);
#557=PLANE('',#2976);
#558=PLANE('',#2978);
#559=PLANE('',#2980);
#560=PLANE('',#2982);
#561=PLANE('',#2983);
#562=PLANE('',#3005);
#563=PLANE('',#3007);
#564=PLANE('',#3009);
#565=PLANE('',#3011);
#566=PLANE('',#3013);
#567=PLANE('',#3025);
#568=PLANE('',#3027);
#569=PLANE('',#3029);
#570=PLANE('',#3031);
#571=PLANE('',#3033);
#572=PLANE('',#3044);
#573=PLANE('',#3048);
#574=PLANE('',#3050);
#575=PLANE('',#3051);
#576=PLANE('',#3052);
#577=PLANE('',#3053);
#578=PLANE('',#3054);
#579=PLANE('',#3055);
#580=PLANE('',#3056);
#581=PLANE('',#3057);
#582=PLANE('',#3058);
#583=PLANE('',#3059);
#584=PLANE('',#3060);
#585=PLANE('',#3061);
#586=PLANE('',#3062);
#587=PLANE('',#3063);
#588=PLANE('',#3064);
#589=PLANE('',#3065);
#590=PLANE('',#3066);
#591=PLANE('',#3067);
#592=PLANE('',#3068);
#593=PLANE('',#3069);
#594=PLANE('',#3070);
#595=PLANE('',#3071);
#596=PLANE('',#3072);
#597=PLANE('',#3073);
#598=PLANE('',#3074);
#599=PLANE('',#3075);
#600=PLANE('',#3076);
#601=PLANE('',#3077);
#602=PLANE('',#3078);
#603=PLANE('',#3079);
#604=PLANE('',#3080);
#605=PLANE('',#3081);
#606=PLANE('',#3082);
#607=PLANE('',#3083);
#608=PLANE('',#3084);
#609=PLANE('',#3085);
#610=LINE('',#3835,#792);
#611=LINE('',#3868,#793);
#612=LINE('',#3870,#794);
#613=LINE('',#3872,#795);
#614=LINE('',#3874,#796);
#615=LINE('',#3883,#797);
#616=LINE('',#3885,#798);
#617=LINE('',#3888,#799);
#618=LINE('',#3890,#800);
#619=LINE('',#3892,#801);
#620=LINE('',#3894,#802);
#621=LINE('',#3897,#803);
#622=LINE('',#3899,#804);
#623=LINE('',#3908,#805);
#624=LINE('',#3919,#806);
#625=LINE('',#3927,#807);
#626=LINE('',#3929,#808);
#627=LINE('',#3931,#809);
#628=LINE('',#3933,#810);
#629=LINE('',#3942,#811);
#630=LINE('',#3944,#812);
#631=LINE('',#3949,#813);
#632=LINE('',#3951,#814);
#633=LINE('',#3953,#815);
#634=LINE('',#3957,#816);
#635=LINE('',#3961,#817);
#636=LINE('',#3964,#818);
#637=LINE('',#3966,#819);
#638=LINE('',#3970,#820);
#639=LINE('',#3974,#821);
#640=LINE('',#4368,#822);
#641=LINE('',#4370,#823);
#642=LINE('',#4374,#824);
#643=LINE('',#4376,#825);
#644=LINE('',#4380,#826);
#645=LINE('',#4382,#827);
#646=LINE('',#4386,#828);
#647=LINE('',#4388,#829);
#648=LINE('',#4392,#830);
#649=LINE('',#4396,#831);
#650=LINE('',#4398,#832);
#651=LINE('',#4400,#833);
#652=LINE('',#4404,#834);
#653=LINE('',#4406,#835);
#654=LINE('',#4410,#836);
#655=LINE('',#4412,#837);
#656=LINE('',#4416,#838);
#657=LINE('',#4418,#839);
#658=LINE('',#4422,#840);
#659=LINE('',#4424,#841);
#660=LINE('',#4428,#842);
#661=LINE('',#4432,#843);
#662=LINE('',#4434,#844);
#663=LINE('',#4436,#845);
#664=LINE('',#4440,#846);
#665=LINE('',#4442,#847);
#666=LINE('',#4446,#848);
#667=LINE('',#4448,#849);
#668=LINE('',#4452,#850);
#669=LINE('',#4454,#851);
#670=LINE('',#4458,#852);
#671=LINE('',#4460,#853);
#672=LINE('',#4464,#854);
#673=LINE('',#4468,#855);
#674=LINE('',#4470,#856);
#675=LINE('',#4472,#857);
#676=LINE('',#4914,#858);
#677=LINE('',#4918,#859);
#678=LINE('',#4922,#860);
#679=LINE('',#4926,#861);
#680=LINE('',#4930,#862);
#681=LINE('',#4934,#863);
#682=LINE('',#4938,#864);
#683=LINE('',#4942,#865);
#684=LINE('',#4946,#866);
#685=LINE('',#4947,#867);
#686=LINE('',#4951,#868);
#687=LINE('',#4952,#869);
#688=LINE('',#4956,#870);
#689=LINE('',#4960,#871);
#690=LINE('',#4964,#872);
#691=LINE('',#4968,#873);
#692=LINE('',#4972,#874);
#693=LINE('',#4976,#875);
#694=LINE('',#4980,#876);
#695=LINE('',#4984,#877);
#696=LINE('',#4988,#878);
#697=LINE('',#4992,#879);
#698=LINE('',#4996,#880);
#699=LINE('',#5000,#881);
#700=LINE('',#5002,#882);
#701=LINE('',#5006,#883);
#702=LINE('',#5008,#884);
#703=LINE('',#5010,#885);
#704=LINE('',#5017,#886);
#705=LINE('',#5018,#887);
#706=LINE('',#5023,#888);
#707=LINE('',#5024,#889);
#708=LINE('',#5029,#890);
#709=LINE('',#5030,#891);
#710=LINE('',#5035,#892);
#711=LINE('',#5036,#893);
#712=LINE('',#5240,#894);
#713=LINE('',#5243,#895);
#714=LINE('',#5247,#896);
#715=LINE('',#5248,#897);
#716=LINE('',#5249,#898);
#717=LINE('',#5251,#899);
#718=LINE('',#5254,#900);
#719=LINE('',#5258,#901);
#720=LINE('',#5259,#902);
#721=LINE('',#5260,#903);
#722=LINE('',#5262,#904);
#723=LINE('',#5265,#905);
#724=LINE('',#5269,#906);
#725=LINE('',#5270,#907);
#726=LINE('',#5271,#908);
#727=LINE('',#5273,#909);
#728=LINE('',#5276,#910);
#729=LINE('',#5277,#911);
#730=LINE('',#5278,#912);
#731=LINE('',#5279,#913);
#732=LINE('',#5590,#914);
#733=LINE('',#5594,#915);
#734=LINE('',#5596,#916);
#735=LINE('',#5600,#917);
#736=LINE('',#5602,#918);
#737=LINE('',#5606,#919);
#738=LINE('',#5608,#920);
#739=LINE('',#5612,#921);
#740=LINE('',#5614,#922);
#741=LINE('',#5618,#923);
#742=LINE('',#5620,#924);
#743=LINE('',#5624,#925);
#744=LINE('',#5626,#926);
#745=LINE('',#5630,#927);
#746=LINE('',#5632,#928);
#747=LINE('',#5636,#929);
#748=LINE('',#5638,#930);
#749=LINE('',#5642,#931);
#750=LINE('',#5644,#932);
#751=LINE('',#5648,#933);
#752=LINE('',#5650,#934);
#753=LINE('',#5654,#935);
#754=LINE('',#5656,#936);
#755=LINE('',#5660,#937);
#756=LINE('',#5662,#938);
#757=LINE('',#5666,#939);
#758=LINE('',#5668,#940);
#759=LINE('',#5672,#941);
#760=LINE('',#5674,#942);
#761=LINE('',#5678,#943);
#762=LINE('',#5941,#944);
#763=LINE('',#5945,#945);
#764=LINE('',#5947,#946);
#765=LINE('',#5951,#947);
#766=LINE('',#5953,#948);
#767=LINE('',#5957,#949);
#768=LINE('',#5998,#950);
#769=LINE('',#5999,#951);
#770=LINE('',#6003,#952);
#771=LINE('',#6004,#953);
#772=LINE('',#6008,#954);
#773=LINE('',#6010,#955);
#774=LINE('',#6013,#956);
#775=LINE('',#6015,#957);
#776=LINE('',#6018,#958);
#777=LINE('',#6020,#959);
#778=LINE('',#6023,#960);
#779=LINE('',#6025,#961);
#780=LINE('',#6028,#962);
#781=LINE('',#6029,#963);
#782=LINE('',#6033,#964);
#783=LINE('',#6035,#965);
#784=LINE('',#6038,#966);
#785=LINE('',#6040,#967);
#786=LINE('',#6043,#968);
#787=LINE('',#6045,#969);
#788=LINE('',#6048,#970);
#789=LINE('',#6050,#971);
#790=LINE('',#6053,#972);
#791=LINE('',#6054,#973);
#792=VECTOR('',#3088,1.);
#793=VECTOR('',#3091,1.);
#794=VECTOR('',#3092,1.);
#795=VECTOR('',#3093,1.);
#796=VECTOR('',#3094,1.);
#797=VECTOR('',#3095,1.);
#798=VECTOR('',#3098,1.);
#799=VECTOR('',#3099,1.);
#800=VECTOR('',#3100,1.);
#801=VECTOR('',#3101,1.);
#802=VECTOR('',#3104,1.);
#803=VECTOR('',#3105,1.);
#804=VECTOR('',#3106,1.);
#805=VECTOR('',#3107,1.);
#806=VECTOR('',#3108,1.);
#807=VECTOR('',#3111,1.);
#808=VECTOR('',#3112,1.);
#809=VECTOR('',#3113,1.);
#810=VECTOR('',#3114,1.);
#811=VECTOR('',#3115,1.);
#812=VECTOR('',#3118,1.);
#813=VECTOR('',#3121,1.);
#814=VECTOR('',#3122,1.);
#815=VECTOR('',#3123,1.);
#816=VECTOR('',#3126,1.);
#817=VECTOR('',#3131,1.);
#818=VECTOR('',#3132,1.);
#819=VECTOR('',#3133,1.);
#820=VECTOR('',#3136,1.);
#821=VECTOR('',#3139,1.);
#822=VECTOR('',#3202,1.);
#823=VECTOR('',#3203,1.);
#824=VECTOR('',#3208,1.);
#825=VECTOR('',#3209,1.);
#826=VECTOR('',#3214,1.);
#827=VECTOR('',#3215,1.);
#828=VECTOR('',#3220,1.);
#829=VECTOR('',#3221,1.);
#830=VECTOR('',#3226,1.);
#831=VECTOR('',#3229,1.);
#832=VECTOR('',#3232,1.);
#833=VECTOR('',#3233,1.);
#834=VECTOR('',#3238,1.);
#835=VECTOR('',#3239,1.);
#836=VECTOR('',#3244,1.);
#837=VECTOR('',#3245,1.);
#838=VECTOR('',#3250,1.);
#839=VECTOR('',#3251,1.);
#840=VECTOR('',#3256,1.);
#841=VECTOR('',#3257,1.);
#842=VECTOR('',#3262,1.);
#843=VECTOR('',#3265,1.);
#844=VECTOR('',#3268,1.);
#845=VECTOR('',#3269,1.);
#846=VECTOR('',#3274,1.);
#847=VECTOR('',#3275,1.);
#848=VECTOR('',#3280,1.);
#849=VECTOR('',#3281,1.);
#850=VECTOR('',#3286,1.);
#851=VECTOR('',#3287,1.);
#852=VECTOR('',#3292,1.);
#853=VECTOR('',#3293,1.);
#854=VECTOR('',#3298,1.);
#855=VECTOR('',#3301,1.);
#856=VECTOR('',#3304,1.);
#857=VECTOR('',#3305,1.);
#858=VECTOR('',#3384,1.);
#859=VECTOR('',#3387,1.);
#860=VECTOR('',#3390,1.);
#861=VECTOR('',#3393,1.);
#862=VECTOR('',#3396,1.);
#863=VECTOR('',#3399,1.);
#864=VECTOR('',#3402,1.);
#865=VECTOR('',#3405,1.);
#866=VECTOR('',#3408,1.);
#867=VECTOR('',#3409,1.);
#868=VECTOR('',#3412,1.);
#869=VECTOR('',#3413,1.);
#870=VECTOR('',#3416,1.);
#871=VECTOR('',#3419,1.);
#872=VECTOR('',#3422,1.);
#873=VECTOR('',#3425,1.);
#874=VECTOR('',#3428,1.);
#875=VECTOR('',#3431,1.);
#876=VECTOR('',#3434,1.);
#877=VECTOR('',#3437,1.);
#878=VECTOR('',#3440,1.);
#879=VECTOR('',#3443,1.);
#880=VECTOR('',#3446,1.);
#881=VECTOR('',#3449,1.);
#882=VECTOR('',#3452,1.);
#883=VECTOR('',#3455,1.);
#884=VECTOR('',#3458,1.);
#885=VECTOR('',#3459,1.);
#886=VECTOR('',#3466,1.);
#887=VECTOR('',#3467,1.);
#888=VECTOR('',#3472,1.);
#889=VECTOR('',#3473,1.);
#890=VECTOR('',#3478,1.);
#891=VECTOR('',#3479,1.);
#892=VECTOR('',#3484,1.);
#893=VECTOR('',#3485,1.);
#894=VECTOR('',#3502,1.);
#895=VECTOR('',#3503,1.);
#896=VECTOR('',#3506,1.);
#897=VECTOR('',#3507,1.);
#898=VECTOR('',#3508,1.);
#899=VECTOR('',#3511,1.);
#900=VECTOR('',#3512,1.);
#901=VECTOR('',#3515,1.);
#902=VECTOR('',#3516,1.);
#903=VECTOR('',#3517,1.);
#904=VECTOR('',#3520,1.);
#905=VECTOR('',#3521,1.);
#906=VECTOR('',#3524,1.);
#907=VECTOR('',#3525,1.);
#908=VECTOR('',#3526,1.);
#909=VECTOR('',#3529,1.);
#910=VECTOR('',#3530,1.);
#911=VECTOR('',#3531,1.);
#912=VECTOR('',#3532,1.);
#913=VECTOR('',#3533,1.);
#914=VECTOR('',#3576,1.);
#915=VECTOR('',#3579,1.);
#916=VECTOR('',#3582,1.);
#917=VECTOR('',#3585,1.);
#918=VECTOR('',#3588,1.);
#919=VECTOR('',#3591,1.);
#920=VECTOR('',#3594,1.);
#921=VECTOR('',#3597,1.);
#922=VECTOR('',#3600,1.);
#923=VECTOR('',#3603,1.);
#924=VECTOR('',#3606,1.);
#925=VECTOR('',#3609,1.);
#926=VECTOR('',#3612,1.);
#927=VECTOR('',#3615,1.);
#928=VECTOR('',#3618,1.);
#929=VECTOR('',#3621,1.);
#930=VECTOR('',#3624,1.);
#931=VECTOR('',#3627,1.);
#932=VECTOR('',#3630,1.);
#933=VECTOR('',#3633,1.);
#934=VECTOR('',#3636,1.);
#935=VECTOR('',#3639,1.);
#936=VECTOR('',#3642,1.);
#937=VECTOR('',#3645,1.);
#938=VECTOR('',#3648,1.);
#939=VECTOR('',#3651,1.);
#940=VECTOR('',#3654,1.);
#941=VECTOR('',#3657,1.);
#942=VECTOR('',#3660,1.);
#943=VECTOR('',#3663,1.);
#944=VECTOR('',#3684,1.);
#945=VECTOR('',#3687,1.);
#946=VECTOR('',#3690,1.);
#947=VECTOR('',#3693,1.);
#948=VECTOR('',#3696,1.);
#949=VECTOR('',#3699,1.);
#950=VECTOR('',#3704,1.);
#951=VECTOR('',#3705,1.);
#952=VECTOR('',#3712,1.);
#953=VECTOR('',#3713,1.);
#954=VECTOR('',#3720,1.);
#955=VECTOR('',#3723,1.);
#956=VECTOR('',#3728,1.);
#957=VECTOR('',#3731,1.);
#958=VECTOR('',#3736,1.);
#959=VECTOR('',#3739,1.);
#960=VECTOR('',#3744,1.);
#961=VECTOR('',#3747,1.);
#962=VECTOR('',#3752,1.);
#963=VECTOR('',#3753,1.);
#964=VECTOR('',#3760,1.);
#965=VECTOR('',#3763,1.);
#966=VECTOR('',#3768,1.);
#967=VECTOR('',#3771,1.);
#968=VECTOR('',#3776,1.);
#969=VECTOR('',#3779,1.);
#970=VECTOR('',#3784,1.);
#971=VECTOR('',#3787,1.);
#972=VECTOR('',#3792,1.);
#973=VECTOR('',#3793,1.);
#974=FACE_BOUND('',#984,.T.);
#975=FACE_BOUND('',#985,.T.);
#976=FACE_BOUND('',#990,.T.);
#977=FACE_BOUND('',#991,.T.);
#978=FACE_BOUND('',#992,.T.);
#979=FACE_BOUND('',#993,.T.);
#980=FACE_BOUND('',#994,.T.);
#981=FACE_BOUND('',#995,.T.);
#982=FACE_BOUND('',#1039,.T.);
#983=FACE_BOUND('',#1040,.T.);
#984=EDGE_LOOP('',(#1130,#1131));
#985=EDGE_LOOP('',(#1132,#1133,#1134));
#986=EDGE_LOOP('',(#1135,#1136,#1137,#1138,#1139,#1140,#1141));
#987=EDGE_LOOP('',(#1142,#1143,#1144,#1145));
#988=EDGE_LOOP('',(#1146,#1147,#1148,#1149,#1150,#1151,#1152));
#989=EDGE_LOOP('',(#1153,#1154,#1155,#1156,#1157,#1158,#1159));
#990=EDGE_LOOP('',(#1160,#1161,#1162));
#991=EDGE_LOOP('',(#1163,#1164,#1165,#1166,#1167,#1168,#1169));
#992=EDGE_LOOP('',(#1170,#1171,#1172,#1173));
#993=EDGE_LOOP('',(#1174,#1175,#1176,#1177,#1178,#1179,#1180));
#994=EDGE_LOOP('',(#1181,#1182,#1183,#1184,#1185,#1186,#1187));
#995=EDGE_LOOP('',(#1188,#1189,#1190,#1191,#1192,#1193,#1194,#1195));
#996=EDGE_LOOP('',(#1196,#1197,#1198,#1199,#1200,#1201,#1202,#1203));
#997=EDGE_LOOP('',(#1204,#1205,#1206,#1207));
#998=EDGE_LOOP('',(#1208,#1209,#1210,#1211));
#999=EDGE_LOOP('',(#1212,#1213,#1214,#1215));
#1000=EDGE_LOOP('',(#1216,#1217,#1218,#1219));
#1001=EDGE_LOOP('',(#1220,#1221,#1222,#1223));
#1002=EDGE_LOOP('',(#1224,#1225,#1226,#1227));
#1003=EDGE_LOOP('',(#1228,#1229,#1230,#1231));
#1004=EDGE_LOOP('',(#1232,#1233,#1234,#1235));
#1005=EDGE_LOOP('',(#1236,#1237,#1238,#1239));
#1006=EDGE_LOOP('',(#1240,#1241,#1242,#1243));
#1007=EDGE_LOOP('',(#1244,#1245,#1246,#1247));
#1008=EDGE_LOOP('',(#1248,#1249,#1250,#1251));
#1009=EDGE_LOOP('',(#1252,#1253,#1254,#1255));
#1010=EDGE_LOOP('',(#1256,#1257,#1258,#1259));
#1011=EDGE_LOOP('',(#1260,#1261,#1262,#1263));
#1012=EDGE_LOOP('',(#1264,#1265,#1266,#1267));
#1013=EDGE_LOOP('',(#1268,#1269,#1270,#1271));
#1014=EDGE_LOOP('',(#1272,#1273,#1274,#1275));
#1015=EDGE_LOOP('',(#1276,#1277,#1278,#1279));
#1016=EDGE_LOOP('',(#1280,#1281,#1282,#1283));
#1017=EDGE_LOOP('',(#1284,#1285,#1286,#1287));
#1018=EDGE_LOOP('',(#1288,#1289,#1290,#1291));
#1019=EDGE_LOOP('',(#1292,#1293,#1294,#1295));
#1020=EDGE_LOOP('',(#1296,#1297,#1298,#1299));
#1021=EDGE_LOOP('',(#1300,#1301,#1302,#1303));
#1022=EDGE_LOOP('',(#1304,#1305,#1306,#1307));
#1023=EDGE_LOOP('',(#1308,#1309,#1310,#1311));
#1024=EDGE_LOOP('',(#1312,#1313,#1314,#1315));
#1025=EDGE_LOOP('',(#1316,#1317,#1318,#1319));
#1026=EDGE_LOOP('',(#1320,#1321,#1322,#1323));
#1027=EDGE_LOOP('',(#1324,#1325,#1326,#1327));
#1028=EDGE_LOOP('',(#1328,#1329,#1330,#1331));
#1029=EDGE_LOOP('',(#1332,#1333,#1334,#1335));
#1030=EDGE_LOOP('',(#1336,#1337,#1338,#1339));
#1031=EDGE_LOOP('',(#1340,#1341,#1342,#1343));
#1032=EDGE_LOOP('',(#1344,#1345,#1346,#1347));
#1033=EDGE_LOOP('',(#1348,#1349,#1350,#1351,#1352,#1353,#1354,#1355));
#1034=EDGE_LOOP('',(#1356,#1357,#1358,#1359,#1360,#1361,#1362,#1363));
#1035=EDGE_LOOP('',(#1364,#1365,#1366,#1367,#1368,#1369,#1370,#1371));
#1036=EDGE_LOOP('',(#1372,#1373,#1374,#1375,#1376,#1377,#1378,#1379));
#1037=EDGE_LOOP('',(#1380,#1381,#1382,#1383,#1384,#1385,#1386,#1387));
#1038=EDGE_LOOP('',(#1388,#1389,#1390,#1391,#1392,#1393,#1394,#1395));
#1039=EDGE_LOOP('',(#1396,#1397,#1398,#1399,#1400,#1401,#1402,#1403,#1404,
#1405,#1406,#1407,#1408,#1409,#1410,#1411,#1412,#1413,#1414,#1415,#1416,
#1417,#1418,#1419));
#1040=EDGE_LOOP('',(#1420,#1421,#1422,#1423,#1424,#1425,#1426,#1427,#1428,
#1429,#1430,#1431,#1432,#1433,#1434,#1435,#1436,#1437,#1438,#1439,#1440,
#1441,#1442,#1443));
#1041=EDGE_LOOP('',(#1444,#1445,#1446,#1447));
#1042=EDGE_LOOP('',(#1448,#1449,#1450,#1451));
#1043=EDGE_LOOP('',(#1452,#1453,#1454,#1455));
#1044=EDGE_LOOP('',(#1456,#1457,#1458,#1459));
#1045=EDGE_LOOP('',(#1460,#1461,#1462,#1463));
#1046=EDGE_LOOP('',(#1464,#1465,#1466,#1467));
#1047=EDGE_LOOP('',(#1468,#1469,#1470,#1471));
#1048=EDGE_LOOP('',(#1472,#1473,#1474,#1475));
#1049=EDGE_LOOP('',(#1476,#1477,#1478,#1479));
#1050=EDGE_LOOP('',(#1480,#1481,#1482,#1483));
#1051=EDGE_LOOP('',(#1484,#1485,#1486,#1487));
#1052=EDGE_LOOP('',(#1488,#1489,#1490,#1491));
#1053=EDGE_LOOP('',(#1492,#1493));
#1054=EDGE_LOOP('',(#1494,#1495,#1496,#1497,#1498,#1499,#1500,#1501));
#1055=EDGE_LOOP('',(#1502,#1503,#1504,#1505,#1506,#1507,#1508,#1509));
#1056=EDGE_LOOP('',(#1510,#1511,#1512,#1513,#1514,#1515,#1516,#1517));
#1057=EDGE_LOOP('',(#1518,#1519,#1520,#1521,#1522,#1523,#1524,#1525));
#1058=EDGE_LOOP('',(#1526,#1527,#1528,#1529));
#1059=EDGE_LOOP('',(#1530,#1531,#1532,#1533));
#1060=EDGE_LOOP('',(#1534,#1535,#1536,#1537));
#1061=EDGE_LOOP('',(#1538,#1539,#1540,#1541));
#1062=EDGE_LOOP('',(#1542,#1543,#1544,#1545));
#1063=EDGE_LOOP('',(#1546,#1547,#1548,#1549));
#1064=EDGE_LOOP('',(#1550,#1551,#1552,#1553));
#1065=EDGE_LOOP('',(#1554,#1555,#1556,#1557));
#1066=EDGE_LOOP('',(#1558,#1559,#1560,#1561));
#1067=EDGE_LOOP('',(#1562,#1563,#1564,#1565));
#1068=EDGE_LOOP('',(#1566,#1567,#1568,#1569));
#1069=EDGE_LOOP('',(#1570,#1571,#1572,#1573));
#1070=EDGE_LOOP('',(#1574,#1575,#1576,#1577));
#1071=EDGE_LOOP('',(#1578,#1579,#1580,#1581));
#1072=EDGE_LOOP('',(#1582,#1583,#1584,#1585));
#1073=EDGE_LOOP('',(#1586,#1587,#1588,#1589));
#1074=EDGE_LOOP('',(#1590,#1591,#1592,#1593));
#1075=EDGE_LOOP('',(#1594,#1595,#1596,#1597));
#1076=EDGE_LOOP('',(#1598,#1599,#1600,#1601));
#1077=EDGE_LOOP('',(#1602,#1603,#1604,#1605));
#1078=EDGE_LOOP('',(#1606,#1607,#1608,#1609));
#1079=EDGE_LOOP('',(#1610,#1611,#1612,#1613));
#1080=EDGE_LOOP('',(#1614,#1615,#1616,#1617));
#1081=EDGE_LOOP('',(#1618,#1619,#1620,#1621));
#1082=EDGE_LOOP('',(#1622,#1623,#1624,#1625));
#1083=EDGE_LOOP('',(#1626,#1627,#1628,#1629));
#1084=EDGE_LOOP('',(#1630,#1631,#1632,#1633));
#1085=EDGE_LOOP('',(#1634,#1635,#1636,#1637));
#1086=EDGE_LOOP('',(#1638,#1639,#1640,#1641));
#1087=EDGE_LOOP('',(#1642,#1643,#1644,#1645));
#1088=EDGE_LOOP('',(#1646,#1647,#1648,#1649));
#1089=EDGE_LOOP('',(#1650,#1651,#1652,#1653));
#1090=EDGE_LOOP('',(#1654,#1655,#1656,#1657));
#1091=EDGE_LOOP('',(#1658,#1659,#1660,#1661));
#1092=EDGE_LOOP('',(#1662,#1663,#1664,#1665));
#1093=EDGE_LOOP('',(#1666,#1667,#1668,#1669));
#1094=EDGE_LOOP('',(#1670,#1671,#1672,#1673));
#1095=EDGE_LOOP('',(#1674,#1675,#1676,#1677,#1678,#1679,#1680,#1681,#1682,
#1683));
#1096=EDGE_LOOP('',(#1684,#1685,#1686,#1687,#1688,#1689,#1690,#1691,#1692,
#1693));
#1097=EDGE_LOOP('',(#1694,#1695,#1696,#1697));
#1098=EDGE_LOOP('',(#1698,#1699,#1700,#1701,#1702,#1703,#1704,#1705,#1706,
#1707,#1708,#1709));
#1099=EDGE_LOOP('',(#1710,#1711,#1712,#1713,#1714,#1715,#1716,#1717,#1718,
#1719,#1720,#1721));
#1100=EDGE_LOOP('',(#1722,#1723,#1724,#1725,#1726,#1727,#1728,#1729,#1730,
#1731));
#1101=EDGE_LOOP('',(#1732,#1733,#1734,#1735));
#1102=EDGE_LOOP('',(#1736,#1737,#1738,#1739,#1740,#1741,#1742,#1743,#1744,
#1745));
#1103=EDGE_LOOP('',(#1746,#1747,#1748,#1749,#1750,#1751,#1752,#1753,#1754,
#1755));
#1104=EDGE_LOOP('',(#1756,#1757,#1758,#1759,#1760,#1761,#1762,#1763,#1764,
#1765));
#1105=EDGE_LOOP('',(#1766,#1767,#1768,#1769));
#1106=EDGE_LOOP('',(#1770,#1771,#1772,#1773,#1774,#1775,#1776,#1777,#1778,
#1779));
#1107=EDGE_LOOP('',(#1780,#1781,#1782,#1783,#1784,#1785,#1786,#1787,#1788,
#1789));
#1108=EDGE_LOOP('',(#1790,#1791,#1792,#1793));
#1109=EDGE_LOOP('',(#1794,#1795,#1796,#1797,#1798,#1799,#1800,#1801,#1802,
#1803));
#1110=EDGE_LOOP('',(#1804,#1805,#1806,#1807,#1808,#1809,#1810,#1811,#1812,
#1813));
#1111=EDGE_LOOP('',(#1814,#1815,#1816,#1817));
#1112=EDGE_LOOP('',(#1818,#1819,#1820,#1821));
#1113=EDGE_LOOP('',(#1822,#1823,#1824,#1825,#1826,#1827,#1828,#1829,#1830,
#1831));
#1114=EDGE_LOOP('',(#1832,#1833,#1834,#1835,#1836,#1837,#1838,#1839,#1840,
#1841));
#1115=EDGE_LOOP('',(#1842,#1843,#1844,#1845,#1846,#1847,#1848,#1849,#1850,
#1851,#1852,#1853));
#1116=EDGE_LOOP('',(#1854,#1855,#1856,#1857,#1858,#1859,#1860,#1861,#1862,
#1863,#1864,#1865));
#1117=EDGE_LOOP('',(#1866,#1867,#1868,#1869));
#1118=EDGE_LOOP('',(#1870,#1871,#1872,#1873,#1874,#1875,#1876,#1877,#1878,
#1879,#1880,#1881));
#1119=EDGE_LOOP('',(#1882,#1883,#1884,#1885,#1886,#1887,#1888,#1889,#1890,
#1891,#1892,#1893));
#1120=EDGE_LOOP('',(#1894,#1895,#1896,#1897));
#1121=EDGE_LOOP('',(#1898,#1899,#1900,#1901,#1902,#1903,#1904,#1905,#1906,
#1907,#1908,#1909));
#1122=EDGE_LOOP('',(#1910,#1911,#1912,#1913,#1914,#1915,#1916,#1917,#1918,
#1919,#1920,#1921));
#1123=EDGE_LOOP('',(#1922,#1923,#1924,#1925));
#1124=EDGE_LOOP('',(#1926,#1927,#1928,#1929,#1930,#1931,#1932,#1933,#1934,
#1935,#1936,#1937));
#1125=EDGE_LOOP('',(#1938,#1939,#1940,#1941,#1942,#1943,#1944,#1945,#1946,
#1947,#1948,#1949));
#1126=EDGE_LOOP('',(#1950,#1951,#1952,#1953));
#1127=EDGE_LOOP('',(#1954,#1955,#1956,#1957));
#1128=EDGE_LOOP('',(#1958,#1959,#1960,#1961,#1962,#1963,#1964,#1965,#1966,
#1967,#1968,#1969));
#1129=EDGE_LOOP('',(#1970,#1971,#1972,#1973,#1974,#1975,#1976,#1977,#1978,
#1979,#1980,#1981));
#1130=ORIENTED_EDGE('',*,*,#2276,.T.);
#1131=ORIENTED_EDGE('',*,*,#2277,.T.);
#1132=ORIENTED_EDGE('',*,*,#2278,.T.);
#1133=ORIENTED_EDGE('',*,*,#2279,.T.);
#1134=ORIENTED_EDGE('',*,*,#2280,.T.);
#1135=ORIENTED_EDGE('',*,*,#2281,.T.);
#1136=ORIENTED_EDGE('',*,*,#2282,.T.);
#1137=ORIENTED_EDGE('',*,*,#2283,.T.);
#1138=ORIENTED_EDGE('',*,*,#2284,.T.);
#1139=ORIENTED_EDGE('',*,*,#2285,.T.);
#1140=ORIENTED_EDGE('',*,*,#2286,.T.);
#1141=ORIENTED_EDGE('',*,*,#2287,.T.);
#1142=ORIENTED_EDGE('',*,*,#2288,.T.);
#1143=ORIENTED_EDGE('',*,*,#2289,.T.);
#1144=ORIENTED_EDGE('',*,*,#2290,.T.);
#1145=ORIENTED_EDGE('',*,*,#2291,.T.);
#1146=ORIENTED_EDGE('',*,*,#2292,.T.);
#1147=ORIENTED_EDGE('',*,*,#2293,.T.);
#1148=ORIENTED_EDGE('',*,*,#2294,.T.);
#1149=ORIENTED_EDGE('',*,*,#2295,.T.);
#1150=ORIENTED_EDGE('',*,*,#2296,.T.);
#1151=ORIENTED_EDGE('',*,*,#2297,.T.);
#1152=ORIENTED_EDGE('',*,*,#2298,.T.);
#1153=ORIENTED_EDGE('',*,*,#2299,.T.);
#1154=ORIENTED_EDGE('',*,*,#2300,.T.);
#1155=ORIENTED_EDGE('',*,*,#2301,.T.);
#1156=ORIENTED_EDGE('',*,*,#2302,.T.);
#1157=ORIENTED_EDGE('',*,*,#2303,.T.);
#1158=ORIENTED_EDGE('',*,*,#2304,.T.);
#1159=ORIENTED_EDGE('',*,*,#2305,.T.);
#1160=ORIENTED_EDGE('',*,*,#2279,.F.);
#1161=ORIENTED_EDGE('',*,*,#2278,.F.);
#1162=ORIENTED_EDGE('',*,*,#2280,.F.);
#1163=ORIENTED_EDGE('',*,*,#2282,.F.);
#1164=ORIENTED_EDGE('',*,*,#2281,.F.);
#1165=ORIENTED_EDGE('',*,*,#2287,.F.);
#1166=ORIENTED_EDGE('',*,*,#2286,.F.);
#1167=ORIENTED_EDGE('',*,*,#2285,.F.);
#1168=ORIENTED_EDGE('',*,*,#2284,.F.);
#1169=ORIENTED_EDGE('',*,*,#2283,.F.);
#1170=ORIENTED_EDGE('',*,*,#2289,.F.);
#1171=ORIENTED_EDGE('',*,*,#2288,.F.);
#1172=ORIENTED_EDGE('',*,*,#2291,.F.);
#1173=ORIENTED_EDGE('',*,*,#2290,.F.);
#1174=ORIENTED_EDGE('',*,*,#2293,.F.);
#1175=ORIENTED_EDGE('',*,*,#2292,.F.);
#1176=ORIENTED_EDGE('',*,*,#2298,.F.);
#1177=ORIENTED_EDGE('',*,*,#2297,.F.);
#1178=ORIENTED_EDGE('',*,*,#2296,.F.);
#1179=ORIENTED_EDGE('',*,*,#2295,.F.);
#1180=ORIENTED_EDGE('',*,*,#2294,.F.);
#1181=ORIENTED_EDGE('',*,*,#2300,.F.);
#1182=ORIENTED_EDGE('',*,*,#2299,.F.);
#1183=ORIENTED_EDGE('',*,*,#2305,.F.);
#1184=ORIENTED_EDGE('',*,*,#2304,.F.);
#1185=ORIENTED_EDGE('',*,*,#2303,.F.);
#1186=ORIENTED_EDGE('',*,*,#2302,.F.);
#1187=ORIENTED_EDGE('',*,*,#2301,.F.);
#1188=ORIENTED_EDGE('',*,*,#2306,.F.);
#1189=ORIENTED_EDGE('',*,*,#2307,.F.);
#1190=ORIENTED_EDGE('',*,*,#2308,.F.);
#1191=ORIENTED_EDGE('',*,*,#2309,.F.);
#1192=ORIENTED_EDGE('',*,*,#2310,.T.);
#1193=ORIENTED_EDGE('',*,*,#2311,.F.);
#1194=ORIENTED_EDGE('',*,*,#2312,.F.);
#1195=ORIENTED_EDGE('',*,*,#2313,.T.);
#1196=ORIENTED_EDGE('',*,*,#2314,.F.);
#1197=ORIENTED_EDGE('',*,*,#2315,.F.);
#1198=ORIENTED_EDGE('',*,*,#2316,.T.);
#1199=ORIENTED_EDGE('',*,*,#2317,.F.);
#1200=ORIENTED_EDGE('',*,*,#2318,.F.);
#1201=ORIENTED_EDGE('',*,*,#2319,.T.);
#1202=ORIENTED_EDGE('',*,*,#2320,.T.);
#1203=ORIENTED_EDGE('',*,*,#2321,.F.);
#1204=ORIENTED_EDGE('',*,*,#2322,.F.);
#1205=ORIENTED_EDGE('',*,*,#2321,.T.);
#1206=ORIENTED_EDGE('',*,*,#2323,.T.);
#1207=ORIENTED_EDGE('',*,*,#2324,.F.);
#1208=ORIENTED_EDGE('',*,*,#2325,.F.);
#1209=ORIENTED_EDGE('',*,*,#2326,.T.);
#1210=ORIENTED_EDGE('',*,*,#2327,.T.);
#1211=ORIENTED_EDGE('',*,*,#2328,.F.);
#1212=ORIENTED_EDGE('',*,*,#2329,.F.);
#1213=ORIENTED_EDGE('',*,*,#2330,.T.);
#1214=ORIENTED_EDGE('',*,*,#2331,.T.);
#1215=ORIENTED_EDGE('',*,*,#2332,.F.);
#1216=ORIENTED_EDGE('',*,*,#2333,.F.);
#1217=ORIENTED_EDGE('',*,*,#2334,.T.);
#1218=ORIENTED_EDGE('',*,*,#2335,.T.);
#1219=ORIENTED_EDGE('',*,*,#2336,.F.);
#1220=ORIENTED_EDGE('',*,*,#2337,.T.);
#1221=ORIENTED_EDGE('',*,*,#2338,.F.);
#1222=ORIENTED_EDGE('',*,*,#2339,.F.);
#1223=ORIENTED_EDGE('',*,*,#2340,.T.);
#1224=ORIENTED_EDGE('',*,*,#2341,.F.);
#1225=ORIENTED_EDGE('',*,*,#2342,.T.);
#1226=ORIENTED_EDGE('',*,*,#2343,.T.);
#1227=ORIENTED_EDGE('',*,*,#2344,.F.);
#1228=ORIENTED_EDGE('',*,*,#2345,.F.);
#1229=ORIENTED_EDGE('',*,*,#2324,.T.);
#1230=ORIENTED_EDGE('',*,*,#2346,.T.);
#1231=ORIENTED_EDGE('',*,*,#2347,.F.);
#1232=ORIENTED_EDGE('',*,*,#2348,.F.);
#1233=ORIENTED_EDGE('',*,*,#2328,.T.);
#1234=ORIENTED_EDGE('',*,*,#2349,.T.);
#1235=ORIENTED_EDGE('',*,*,#2350,.F.);
#1236=ORIENTED_EDGE('',*,*,#2351,.F.);
#1237=ORIENTED_EDGE('',*,*,#2332,.T.);
#1238=ORIENTED_EDGE('',*,*,#2352,.T.);
#1239=ORIENTED_EDGE('',*,*,#2353,.F.);
#1240=ORIENTED_EDGE('',*,*,#2354,.F.);
#1241=ORIENTED_EDGE('',*,*,#2336,.T.);
#1242=ORIENTED_EDGE('',*,*,#2355,.T.);
#1243=ORIENTED_EDGE('',*,*,#2356,.F.);
#1244=ORIENTED_EDGE('',*,*,#2357,.T.);
#1245=ORIENTED_EDGE('',*,*,#2358,.F.);
#1246=ORIENTED_EDGE('',*,*,#2359,.F.);
#1247=ORIENTED_EDGE('',*,*,#2338,.T.);
#1248=ORIENTED_EDGE('',*,*,#2360,.F.);
#1249=ORIENTED_EDGE('',*,*,#2344,.T.);
#1250=ORIENTED_EDGE('',*,*,#2361,.T.);
#1251=ORIENTED_EDGE('',*,*,#2362,.F.);
#1252=ORIENTED_EDGE('',*,*,#2363,.F.);
#1253=ORIENTED_EDGE('',*,*,#2347,.T.);
#1254=ORIENTED_EDGE('',*,*,#2364,.F.);
#1255=ORIENTED_EDGE('',*,*,#2365,.F.);
#1256=ORIENTED_EDGE('',*,*,#2366,.F.);
#1257=ORIENTED_EDGE('',*,*,#2350,.T.);
#1258=ORIENTED_EDGE('',*,*,#2367,.T.);
#1259=ORIENTED_EDGE('',*,*,#2368,.F.);
#1260=ORIENTED_EDGE('',*,*,#2369,.F.);
#1261=ORIENTED_EDGE('',*,*,#2353,.T.);
#1262=ORIENTED_EDGE('',*,*,#2370,.T.);
#1263=ORIENTED_EDGE('',*,*,#2371,.F.);
#1264=ORIENTED_EDGE('',*,*,#2372,.F.);
#1265=ORIENTED_EDGE('',*,*,#2356,.T.);
#1266=ORIENTED_EDGE('',*,*,#2373,.T.);
#1267=ORIENTED_EDGE('',*,*,#2374,.F.);
#1268=ORIENTED_EDGE('',*,*,#2375,.T.);
#1269=ORIENTED_EDGE('',*,*,#2376,.F.);
#1270=ORIENTED_EDGE('',*,*,#2377,.F.);
#1271=ORIENTED_EDGE('',*,*,#2358,.T.);
#1272=ORIENTED_EDGE('',*,*,#2378,.F.);
#1273=ORIENTED_EDGE('',*,*,#2362,.T.);
#1274=ORIENTED_EDGE('',*,*,#2379,.T.);
#1275=ORIENTED_EDGE('',*,*,#2380,.F.);
#1276=ORIENTED_EDGE('',*,*,#2381,.F.);
#1277=ORIENTED_EDGE('',*,*,#2365,.T.);
#1278=ORIENTED_EDGE('',*,*,#2382,.F.);
#1279=ORIENTED_EDGE('',*,*,#2383,.F.);
#1280=ORIENTED_EDGE('',*,*,#2384,.F.);
#1281=ORIENTED_EDGE('',*,*,#2368,.T.);
#1282=ORIENTED_EDGE('',*,*,#2385,.T.);
#1283=ORIENTED_EDGE('',*,*,#2386,.F.);
#1284=ORIENTED_EDGE('',*,*,#2387,.F.);
#1285=ORIENTED_EDGE('',*,*,#2371,.T.);
#1286=ORIENTED_EDGE('',*,*,#2388,.T.);
#1287=ORIENTED_EDGE('',*,*,#2389,.F.);
#1288=ORIENTED_EDGE('',*,*,#2390,.F.);
#1289=ORIENTED_EDGE('',*,*,#2374,.T.);
#1290=ORIENTED_EDGE('',*,*,#2391,.T.);
#1291=ORIENTED_EDGE('',*,*,#2392,.F.);
#1292=ORIENTED_EDGE('',*,*,#2393,.T.);
#1293=ORIENTED_EDGE('',*,*,#2394,.F.);
#1294=ORIENTED_EDGE('',*,*,#2395,.F.);
#1295=ORIENTED_EDGE('',*,*,#2376,.T.);
#1296=ORIENTED_EDGE('',*,*,#2396,.F.);
#1297=ORIENTED_EDGE('',*,*,#2380,.T.);
#1298=ORIENTED_EDGE('',*,*,#2397,.T.);
#1299=ORIENTED_EDGE('',*,*,#2398,.F.);
#1300=ORIENTED_EDGE('',*,*,#2399,.F.);
#1301=ORIENTED_EDGE('',*,*,#2383,.T.);
#1302=ORIENTED_EDGE('',*,*,#2400,.F.);
#1303=ORIENTED_EDGE('',*,*,#2401,.F.);
#1304=ORIENTED_EDGE('',*,*,#2402,.F.);
#1305=ORIENTED_EDGE('',*,*,#2386,.T.);
#1306=ORIENTED_EDGE('',*,*,#2403,.T.);
#1307=ORIENTED_EDGE('',*,*,#2404,.F.);
#1308=ORIENTED_EDGE('',*,*,#2405,.F.);
#1309=ORIENTED_EDGE('',*,*,#2389,.T.);
#1310=ORIENTED_EDGE('',*,*,#2406,.T.);
#1311=ORIENTED_EDGE('',*,*,#2407,.F.);
#1312=ORIENTED_EDGE('',*,*,#2408,.F.);
#1313=ORIENTED_EDGE('',*,*,#2392,.T.);
#1314=ORIENTED_EDGE('',*,*,#2409,.T.);
#1315=ORIENTED_EDGE('',*,*,#2410,.F.);
#1316=ORIENTED_EDGE('',*,*,#2411,.T.);
#1317=ORIENTED_EDGE('',*,*,#2412,.F.);
#1318=ORIENTED_EDGE('',*,*,#2413,.F.);
#1319=ORIENTED_EDGE('',*,*,#2394,.T.);
#1320=ORIENTED_EDGE('',*,*,#2414,.F.);
#1321=ORIENTED_EDGE('',*,*,#2398,.T.);
#1322=ORIENTED_EDGE('',*,*,#2415,.T.);
#1323=ORIENTED_EDGE('',*,*,#2416,.F.);
#1324=ORIENTED_EDGE('',*,*,#2417,.F.);
#1325=ORIENTED_EDGE('',*,*,#2401,.T.);
#1326=ORIENTED_EDGE('',*,*,#2418,.T.);
#1327=ORIENTED_EDGE('',*,*,#2419,.F.);
#1328=ORIENTED_EDGE('',*,*,#2420,.F.);
#1329=ORIENTED_EDGE('',*,*,#2404,.T.);
#1330=ORIENTED_EDGE('',*,*,#2421,.T.);
#1331=ORIENTED_EDGE('',*,*,#2422,.F.);
#1332=ORIENTED_EDGE('',*,*,#2423,.F.);
#1333=ORIENTED_EDGE('',*,*,#2407,.T.);
#1334=ORIENTED_EDGE('',*,*,#2424,.T.);
#1335=ORIENTED_EDGE('',*,*,#2425,.F.);
#1336=ORIENTED_EDGE('',*,*,#2426,.F.);
#1337=ORIENTED_EDGE('',*,*,#2410,.T.);
#1338=ORIENTED_EDGE('',*,*,#2427,.T.);
#1339=ORIENTED_EDGE('',*,*,#2428,.F.);
#1340=ORIENTED_EDGE('',*,*,#2429,.T.);
#1341=ORIENTED_EDGE('',*,*,#2430,.F.);
#1342=ORIENTED_EDGE('',*,*,#2431,.F.);
#1343=ORIENTED_EDGE('',*,*,#2412,.T.);
#1344=ORIENTED_EDGE('',*,*,#2432,.F.);
#1345=ORIENTED_EDGE('',*,*,#2416,.T.);
#1346=ORIENTED_EDGE('',*,*,#2433,.T.);
#1347=ORIENTED_EDGE('',*,*,#2434,.F.);
#1348=ORIENTED_EDGE('',*,*,#2435,.F.);
#1349=ORIENTED_EDGE('',*,*,#2419,.T.);
#1350=ORIENTED_EDGE('',*,*,#2436,.F.);
#1351=ORIENTED_EDGE('',*,*,#2437,.F.);
#1352=ORIENTED_EDGE('',*,*,#2438,.T.);
#1353=ORIENTED_EDGE('',*,*,#2439,.T.);
#1354=ORIENTED_EDGE('',*,*,#2440,.T.);
#1355=ORIENTED_EDGE('',*,*,#2441,.T.);
#1356=ORIENTED_EDGE('',*,*,#2442,.T.);
#1357=ORIENTED_EDGE('',*,*,#2443,.T.);
#1358=ORIENTED_EDGE('',*,*,#2444,.F.);
#1359=ORIENTED_EDGE('',*,*,#2445,.T.);
#1360=ORIENTED_EDGE('',*,*,#2446,.F.);
#1361=ORIENTED_EDGE('',*,*,#2447,.F.);
#1362=ORIENTED_EDGE('',*,*,#2448,.F.);
#1363=ORIENTED_EDGE('',*,*,#2430,.T.);
#1364=ORIENTED_EDGE('',*,*,#2449,.T.);
#1365=ORIENTED_EDGE('',*,*,#2450,.T.);
#1366=ORIENTED_EDGE('',*,*,#2451,.T.);
#1367=ORIENTED_EDGE('',*,*,#2452,.F.);
#1368=ORIENTED_EDGE('',*,*,#2422,.T.);
#1369=ORIENTED_EDGE('',*,*,#2453,.T.);
#1370=ORIENTED_EDGE('',*,*,#2454,.F.);
#1371=ORIENTED_EDGE('',*,*,#2455,.F.);
#1372=ORIENTED_EDGE('',*,*,#2456,.T.);
#1373=ORIENTED_EDGE('',*,*,#2457,.T.);
#1374=ORIENTED_EDGE('',*,*,#2458,.T.);
#1375=ORIENTED_EDGE('',*,*,#2459,.F.);
#1376=ORIENTED_EDGE('',*,*,#2425,.T.);
#1377=ORIENTED_EDGE('',*,*,#2460,.T.);
#1378=ORIENTED_EDGE('',*,*,#2461,.F.);
#1379=ORIENTED_EDGE('',*,*,#2462,.F.);
#1380=ORIENTED_EDGE('',*,*,#2463,.T.);
#1381=ORIENTED_EDGE('',*,*,#2464,.T.);
#1382=ORIENTED_EDGE('',*,*,#2465,.T.);
#1383=ORIENTED_EDGE('',*,*,#2466,.F.);
#1384=ORIENTED_EDGE('',*,*,#2428,.T.);
#1385=ORIENTED_EDGE('',*,*,#2467,.T.);
#1386=ORIENTED_EDGE('',*,*,#2468,.F.);
#1387=ORIENTED_EDGE('',*,*,#2469,.F.);
#1388=ORIENTED_EDGE('',*,*,#2470,.T.);
#1389=ORIENTED_EDGE('',*,*,#2471,.T.);
#1390=ORIENTED_EDGE('',*,*,#2472,.T.);
#1391=ORIENTED_EDGE('',*,*,#2473,.F.);
#1392=ORIENTED_EDGE('',*,*,#2434,.T.);
#1393=ORIENTED_EDGE('',*,*,#2474,.T.);
#1394=ORIENTED_EDGE('',*,*,#2475,.F.);
#1395=ORIENTED_EDGE('',*,*,#2476,.F.);
#1396=ORIENTED_EDGE('',*,*,#2477,.F.);
#1397=ORIENTED_EDGE('',*,*,#2478,.T.);
#1398=ORIENTED_EDGE('',*,*,#2479,.F.);
#1399=ORIENTED_EDGE('',*,*,#2480,.F.);
#1400=ORIENTED_EDGE('',*,*,#2481,.F.);
#1401=ORIENTED_EDGE('',*,*,#2482,.T.);
#1402=ORIENTED_EDGE('',*,*,#2483,.F.);
#1403=ORIENTED_EDGE('',*,*,#2484,.F.);
#1404=ORIENTED_EDGE('',*,*,#2485,.F.);
#1405=ORIENTED_EDGE('',*,*,#2486,.T.);
#1406=ORIENTED_EDGE('',*,*,#2487,.F.);
#1407=ORIENTED_EDGE('',*,*,#2488,.F.);
#1408=ORIENTED_EDGE('',*,*,#2489,.F.);
#1409=ORIENTED_EDGE('',*,*,#2490,.T.);
#1410=ORIENTED_EDGE('',*,*,#2491,.F.);
#1411=ORIENTED_EDGE('',*,*,#2492,.F.);
#1412=ORIENTED_EDGE('',*,*,#2493,.F.);
#1413=ORIENTED_EDGE('',*,*,#2494,.F.);
#1414=ORIENTED_EDGE('',*,*,#2313,.F.);
#1415=ORIENTED_EDGE('',*,*,#2495,.F.);
#1416=ORIENTED_EDGE('',*,*,#2496,.F.);
#1417=ORIENTED_EDGE('',*,*,#2497,.T.);
#1418=ORIENTED_EDGE('',*,*,#2319,.F.);
#1419=ORIENTED_EDGE('',*,*,#2498,.F.);
#1420=ORIENTED_EDGE('',*,*,#2499,.F.);
#1421=ORIENTED_EDGE('',*,*,#2500,.T.);
#1422=ORIENTED_EDGE('',*,*,#2501,.F.);
#1423=ORIENTED_EDGE('',*,*,#2502,.F.);
#1424=ORIENTED_EDGE('',*,*,#2503,.F.);
#1425=ORIENTED_EDGE('',*,*,#2504,.T.);
#1426=ORIENTED_EDGE('',*,*,#2505,.F.);
#1427=ORIENTED_EDGE('',*,*,#2506,.F.);
#1428=ORIENTED_EDGE('',*,*,#2507,.F.);
#1429=ORIENTED_EDGE('',*,*,#2508,.T.);
#1430=ORIENTED_EDGE('',*,*,#2509,.F.);
#1431=ORIENTED_EDGE('',*,*,#2510,.F.);
#1432=ORIENTED_EDGE('',*,*,#2511,.F.);
#1433=ORIENTED_EDGE('',*,*,#2512,.T.);
#1434=ORIENTED_EDGE('',*,*,#2513,.F.);
#1435=ORIENTED_EDGE('',*,*,#2514,.F.);
#1436=ORIENTED_EDGE('',*,*,#2515,.F.);
#1437=ORIENTED_EDGE('',*,*,#2516,.T.);
#1438=ORIENTED_EDGE('',*,*,#2517,.F.);
#1439=ORIENTED_EDGE('',*,*,#2518,.F.);
#1440=ORIENTED_EDGE('',*,*,#2519,.F.);
#1441=ORIENTED_EDGE('',*,*,#2520,.T.);
#1442=ORIENTED_EDGE('',*,*,#2521,.F.);
#1443=ORIENTED_EDGE('',*,*,#2522,.F.);
#1444=ORIENTED_EDGE('',*,*,#2523,.F.);
#1445=ORIENTED_EDGE('',*,*,#2524,.T.);
#1446=ORIENTED_EDGE('',*,*,#2525,.T.);
#1447=ORIENTED_EDGE('',*,*,#2503,.T.);
#1448=ORIENTED_EDGE('',*,*,#2526,.T.);
#1449=ORIENTED_EDGE('',*,*,#2507,.T.);
#1450=ORIENTED_EDGE('',*,*,#2527,.F.);
#1451=ORIENTED_EDGE('',*,*,#2528,.T.);
#1452=ORIENTED_EDGE('',*,*,#2529,.T.);
#1453=ORIENTED_EDGE('',*,*,#2530,.T.);
#1454=ORIENTED_EDGE('',*,*,#2499,.T.);
#1455=ORIENTED_EDGE('',*,*,#2531,.F.);
#1456=ORIENTED_EDGE('',*,*,#2532,.T.);
#1457=ORIENTED_EDGE('',*,*,#2533,.T.);
#1458=ORIENTED_EDGE('',*,*,#2519,.T.);
#1459=ORIENTED_EDGE('',*,*,#2534,.F.);
#1460=ORIENTED_EDGE('',*,*,#2535,.T.);
#1461=ORIENTED_EDGE('',*,*,#2536,.T.);
#1462=ORIENTED_EDGE('',*,*,#2515,.T.);
#1463=ORIENTED_EDGE('',*,*,#2537,.F.);
#1464=ORIENTED_EDGE('',*,*,#2538,.T.);
#1465=ORIENTED_EDGE('',*,*,#2539,.T.);
#1466=ORIENTED_EDGE('',*,*,#2511,.T.);
#1467=ORIENTED_EDGE('',*,*,#2540,.F.);
#1468=ORIENTED_EDGE('',*,*,#2524,.F.);
#1469=ORIENTED_EDGE('',*,*,#2541,.T.);
#1470=ORIENTED_EDGE('',*,*,#2441,.F.);
#1471=ORIENTED_EDGE('',*,*,#2542,.F.);
#1472=ORIENTED_EDGE('',*,*,#2443,.F.);
#1473=ORIENTED_EDGE('',*,*,#2543,.F.);
#1474=ORIENTED_EDGE('',*,*,#2528,.F.);
#1475=ORIENTED_EDGE('',*,*,#2544,.T.);
#1476=ORIENTED_EDGE('',*,*,#2545,.F.);
#1477=ORIENTED_EDGE('',*,*,#2529,.F.);
#1478=ORIENTED_EDGE('',*,*,#2546,.T.);
#1479=ORIENTED_EDGE('',*,*,#2451,.F.);
#1480=ORIENTED_EDGE('',*,*,#2547,.F.);
#1481=ORIENTED_EDGE('',*,*,#2532,.F.);
#1482=ORIENTED_EDGE('',*,*,#2548,.T.);
#1483=ORIENTED_EDGE('',*,*,#2458,.F.);
#1484=ORIENTED_EDGE('',*,*,#2549,.F.);
#1485=ORIENTED_EDGE('',*,*,#2535,.F.);
#1486=ORIENTED_EDGE('',*,*,#2550,.T.);
#1487=ORIENTED_EDGE('',*,*,#2465,.F.);
#1488=ORIENTED_EDGE('',*,*,#2551,.F.);
#1489=ORIENTED_EDGE('',*,*,#2538,.F.);
#1490=ORIENTED_EDGE('',*,*,#2552,.T.);
#1491=ORIENTED_EDGE('',*,*,#2472,.F.);
#1492=ORIENTED_EDGE('',*,*,#2277,.F.);
#1493=ORIENTED_EDGE('',*,*,#2276,.F.);
#1494=ORIENTED_EDGE('',*,*,#2553,.F.);
#1495=ORIENTED_EDGE('',*,*,#2554,.T.);
#1496=ORIENTED_EDGE('',*,*,#2555,.F.);
#1497=ORIENTED_EDGE('',*,*,#2556,.F.);
#1498=ORIENTED_EDGE('',*,*,#2479,.T.);
#1499=ORIENTED_EDGE('',*,*,#2557,.T.);
#1500=ORIENTED_EDGE('',*,*,#2326,.F.);
#1501=ORIENTED_EDGE('',*,*,#2558,.F.);
#1502=ORIENTED_EDGE('',*,*,#2559,.F.);
#1503=ORIENTED_EDGE('',*,*,#2560,.T.);
#1504=ORIENTED_EDGE('',*,*,#2561,.F.);
#1505=ORIENTED_EDGE('',*,*,#2562,.F.);
#1506=ORIENTED_EDGE('',*,*,#2483,.T.);
#1507=ORIENTED_EDGE('',*,*,#2563,.T.);
#1508=ORIENTED_EDGE('',*,*,#2330,.F.);
#1509=ORIENTED_EDGE('',*,*,#2564,.F.);
#1510=ORIENTED_EDGE('',*,*,#2565,.F.);
#1511=ORIENTED_EDGE('',*,*,#2566,.T.);
#1512=ORIENTED_EDGE('',*,*,#2567,.F.);
#1513=ORIENTED_EDGE('',*,*,#2568,.F.);
#1514=ORIENTED_EDGE('',*,*,#2487,.T.);
#1515=ORIENTED_EDGE('',*,*,#2569,.T.);
#1516=ORIENTED_EDGE('',*,*,#2334,.F.);
#1517=ORIENTED_EDGE('',*,*,#2570,.F.);
#1518=ORIENTED_EDGE('',*,*,#2571,.F.);
#1519=ORIENTED_EDGE('',*,*,#2572,.T.);
#1520=ORIENTED_EDGE('',*,*,#2340,.F.);
#1521=ORIENTED_EDGE('',*,*,#2573,.F.);
#1522=ORIENTED_EDGE('',*,*,#2491,.T.);
#1523=ORIENTED_EDGE('',*,*,#2574,.T.);
#1524=ORIENTED_EDGE('',*,*,#2342,.F.);
#1525=ORIENTED_EDGE('',*,*,#2575,.F.);
#1526=ORIENTED_EDGE('',*,*,#2317,.T.);
#1527=ORIENTED_EDGE('',*,*,#2576,.T.);
#1528=ORIENTED_EDGE('',*,*,#2577,.F.);
#1529=ORIENTED_EDGE('',*,*,#2578,.F.);
#1530=ORIENTED_EDGE('',*,*,#2579,.F.);
#1531=ORIENTED_EDGE('',*,*,#2580,.F.);
#1532=ORIENTED_EDGE('',*,*,#2581,.F.);
#1533=ORIENTED_EDGE('',*,*,#2307,.T.);
#1534=ORIENTED_EDGE('',*,*,#2555,.T.);
#1535=ORIENTED_EDGE('',*,*,#2582,.T.);
#1536=ORIENTED_EDGE('',*,*,#2583,.F.);
#1537=ORIENTED_EDGE('',*,*,#2584,.F.);
#1538=ORIENTED_EDGE('',*,*,#2561,.T.);
#1539=ORIENTED_EDGE('',*,*,#2585,.T.);
#1540=ORIENTED_EDGE('',*,*,#2586,.F.);
#1541=ORIENTED_EDGE('',*,*,#2587,.F.);
#1542=ORIENTED_EDGE('',*,*,#2567,.T.);
#1543=ORIENTED_EDGE('',*,*,#2588,.T.);
#1544=ORIENTED_EDGE('',*,*,#2589,.F.);
#1545=ORIENTED_EDGE('',*,*,#2590,.F.);
#1546=ORIENTED_EDGE('',*,*,#2577,.T.);
#1547=ORIENTED_EDGE('',*,*,#2591,.T.);
#1548=ORIENTED_EDGE('',*,*,#2592,.F.);
#1549=ORIENTED_EDGE('',*,*,#2593,.F.);
#1550=ORIENTED_EDGE('',*,*,#2594,.F.);
#1551=ORIENTED_EDGE('',*,*,#2595,.F.);
#1552=ORIENTED_EDGE('',*,*,#2596,.F.);
#1553=ORIENTED_EDGE('',*,*,#2580,.T.);
#1554=ORIENTED_EDGE('',*,*,#2583,.T.);
#1555=ORIENTED_EDGE('',*,*,#2597,.T.);
#1556=ORIENTED_EDGE('',*,*,#2598,.F.);
#1557=ORIENTED_EDGE('',*,*,#2599,.F.);
#1558=ORIENTED_EDGE('',*,*,#2586,.T.);
#1559=ORIENTED_EDGE('',*,*,#2600,.T.);
#1560=ORIENTED_EDGE('',*,*,#2601,.F.);
#1561=ORIENTED_EDGE('',*,*,#2602,.F.);
#1562=ORIENTED_EDGE('',*,*,#2589,.T.);
#1563=ORIENTED_EDGE('',*,*,#2603,.T.);
#1564=ORIENTED_EDGE('',*,*,#2604,.F.);
#1565=ORIENTED_EDGE('',*,*,#2605,.F.);
#1566=ORIENTED_EDGE('',*,*,#2592,.T.);
#1567=ORIENTED_EDGE('',*,*,#2606,.T.);
#1568=ORIENTED_EDGE('',*,*,#2607,.F.);
#1569=ORIENTED_EDGE('',*,*,#2608,.F.);
#1570=ORIENTED_EDGE('',*,*,#2609,.F.);
#1571=ORIENTED_EDGE('',*,*,#2610,.F.);
#1572=ORIENTED_EDGE('',*,*,#2611,.F.);
#1573=ORIENTED_EDGE('',*,*,#2595,.T.);
#1574=ORIENTED_EDGE('',*,*,#2598,.T.);
#1575=ORIENTED_EDGE('',*,*,#2612,.T.);
#1576=ORIENTED_EDGE('',*,*,#2613,.F.);
#1577=ORIENTED_EDGE('',*,*,#2614,.F.);
#1578=ORIENTED_EDGE('',*,*,#2601,.T.);
#1579=ORIENTED_EDGE('',*,*,#2615,.T.);
#1580=ORIENTED_EDGE('',*,*,#2616,.F.);
#1581=ORIENTED_EDGE('',*,*,#2617,.F.);
#1582=ORIENTED_EDGE('',*,*,#2604,.T.);
#1583=ORIENTED_EDGE('',*,*,#2618,.T.);
#1584=ORIENTED_EDGE('',*,*,#2619,.F.);
#1585=ORIENTED_EDGE('',*,*,#2620,.F.);
#1586=ORIENTED_EDGE('',*,*,#2607,.T.);
#1587=ORIENTED_EDGE('',*,*,#2621,.T.);
#1588=ORIENTED_EDGE('',*,*,#2622,.F.);
#1589=ORIENTED_EDGE('',*,*,#2623,.F.);
#1590=ORIENTED_EDGE('',*,*,#2624,.F.);
#1591=ORIENTED_EDGE('',*,*,#2625,.F.);
#1592=ORIENTED_EDGE('',*,*,#2626,.F.);
#1593=ORIENTED_EDGE('',*,*,#2610,.T.);
#1594=ORIENTED_EDGE('',*,*,#2613,.T.);
#1595=ORIENTED_EDGE('',*,*,#2627,.T.);
#1596=ORIENTED_EDGE('',*,*,#2628,.F.);
#1597=ORIENTED_EDGE('',*,*,#2629,.F.);
#1598=ORIENTED_EDGE('',*,*,#2616,.T.);
#1599=ORIENTED_EDGE('',*,*,#2630,.T.);
#1600=ORIENTED_EDGE('',*,*,#2631,.F.);
#1601=ORIENTED_EDGE('',*,*,#2632,.F.);
#1602=ORIENTED_EDGE('',*,*,#2619,.T.);
#1603=ORIENTED_EDGE('',*,*,#2633,.T.);
#1604=ORIENTED_EDGE('',*,*,#2634,.F.);
#1605=ORIENTED_EDGE('',*,*,#2635,.F.);
#1606=ORIENTED_EDGE('',*,*,#2622,.T.);
#1607=ORIENTED_EDGE('',*,*,#2636,.T.);
#1608=ORIENTED_EDGE('',*,*,#2637,.F.);
#1609=ORIENTED_EDGE('',*,*,#2638,.F.);
#1610=ORIENTED_EDGE('',*,*,#2639,.F.);
#1611=ORIENTED_EDGE('',*,*,#2640,.F.);
#1612=ORIENTED_EDGE('',*,*,#2641,.F.);
#1613=ORIENTED_EDGE('',*,*,#2625,.T.);
#1614=ORIENTED_EDGE('',*,*,#2628,.T.);
#1615=ORIENTED_EDGE('',*,*,#2642,.T.);
#1616=ORIENTED_EDGE('',*,*,#2643,.F.);
#1617=ORIENTED_EDGE('',*,*,#2644,.F.);
#1618=ORIENTED_EDGE('',*,*,#2631,.T.);
#1619=ORIENTED_EDGE('',*,*,#2645,.T.);
#1620=ORIENTED_EDGE('',*,*,#2646,.F.);
#1621=ORIENTED_EDGE('',*,*,#2647,.F.);
#1622=ORIENTED_EDGE('',*,*,#2634,.T.);
#1623=ORIENTED_EDGE('',*,*,#2648,.T.);
#1624=ORIENTED_EDGE('',*,*,#2649,.F.);
#1625=ORIENTED_EDGE('',*,*,#2650,.F.);
#1626=ORIENTED_EDGE('',*,*,#2637,.T.);
#1627=ORIENTED_EDGE('',*,*,#2651,.T.);
#1628=ORIENTED_EDGE('',*,*,#2449,.F.);
#1629=ORIENTED_EDGE('',*,*,#2652,.F.);
#1630=ORIENTED_EDGE('',*,*,#2653,.F.);
#1631=ORIENTED_EDGE('',*,*,#2445,.F.);
#1632=ORIENTED_EDGE('',*,*,#2654,.F.);
#1633=ORIENTED_EDGE('',*,*,#2640,.T.);
#1634=ORIENTED_EDGE('',*,*,#2643,.T.);
#1635=ORIENTED_EDGE('',*,*,#2655,.T.);
#1636=ORIENTED_EDGE('',*,*,#2456,.F.);
#1637=ORIENTED_EDGE('',*,*,#2656,.F.);
#1638=ORIENTED_EDGE('',*,*,#2646,.T.);
#1639=ORIENTED_EDGE('',*,*,#2657,.T.);
#1640=ORIENTED_EDGE('',*,*,#2463,.F.);
#1641=ORIENTED_EDGE('',*,*,#2658,.F.);
#1642=ORIENTED_EDGE('',*,*,#2649,.T.);
#1643=ORIENTED_EDGE('',*,*,#2659,.T.);
#1644=ORIENTED_EDGE('',*,*,#2470,.F.);
#1645=ORIENTED_EDGE('',*,*,#2660,.F.);
#1646=ORIENTED_EDGE('',*,*,#2311,.T.);
#1647=ORIENTED_EDGE('',*,*,#2661,.T.);
#1648=ORIENTED_EDGE('',*,*,#2662,.F.);
#1649=ORIENTED_EDGE('',*,*,#2663,.F.);
#1650=ORIENTED_EDGE('',*,*,#2662,.T.);
#1651=ORIENTED_EDGE('',*,*,#2664,.T.);
#1652=ORIENTED_EDGE('',*,*,#2665,.F.);
#1653=ORIENTED_EDGE('',*,*,#2666,.F.);
#1654=ORIENTED_EDGE('',*,*,#2665,.T.);
#1655=ORIENTED_EDGE('',*,*,#2667,.T.);
#1656=ORIENTED_EDGE('',*,*,#2668,.F.);
#1657=ORIENTED_EDGE('',*,*,#2669,.T.);
#1658=ORIENTED_EDGE('',*,*,#2668,.T.);
#1659=ORIENTED_EDGE('',*,*,#2670,.T.);
#1660=ORIENTED_EDGE('',*,*,#2671,.F.);
#1661=ORIENTED_EDGE('',*,*,#2672,.T.);
#1662=ORIENTED_EDGE('',*,*,#2671,.T.);
#1663=ORIENTED_EDGE('',*,*,#2673,.T.);
#1664=ORIENTED_EDGE('',*,*,#2674,.F.);
#1665=ORIENTED_EDGE('',*,*,#2675,.T.);
#1666=ORIENTED_EDGE('',*,*,#2674,.T.);
#1667=ORIENTED_EDGE('',*,*,#2676,.T.);
#1668=ORIENTED_EDGE('',*,*,#2439,.F.);
#1669=ORIENTED_EDGE('',*,*,#2677,.F.);
#1670=ORIENTED_EDGE('',*,*,#2437,.T.);
#1671=ORIENTED_EDGE('',*,*,#2678,.F.);
#1672=ORIENTED_EDGE('',*,*,#2496,.T.);
#1673=ORIENTED_EDGE('',*,*,#2679,.T.);
#1674=ORIENTED_EDGE('',*,*,#2320,.F.);
#1675=ORIENTED_EDGE('',*,*,#2497,.F.);
#1676=ORIENTED_EDGE('',*,*,#2678,.T.);
#1677=ORIENTED_EDGE('',*,*,#2436,.T.);
#1678=ORIENTED_EDGE('',*,*,#2418,.F.);
#1679=ORIENTED_EDGE('',*,*,#2400,.T.);
#1680=ORIENTED_EDGE('',*,*,#2382,.T.);
#1681=ORIENTED_EDGE('',*,*,#2364,.T.);
#1682=ORIENTED_EDGE('',*,*,#2346,.F.);
#1683=ORIENTED_EDGE('',*,*,#2323,.F.);
#1684=ORIENTED_EDGE('',*,*,#2663,.T.);
#1685=ORIENTED_EDGE('',*,*,#2666,.T.);
#1686=ORIENTED_EDGE('',*,*,#2669,.F.);
#1687=ORIENTED_EDGE('',*,*,#2672,.F.);
#1688=ORIENTED_EDGE('',*,*,#2675,.F.);
#1689=ORIENTED_EDGE('',*,*,#2677,.T.);
#1690=ORIENTED_EDGE('',*,*,#2438,.F.);
#1691=ORIENTED_EDGE('',*,*,#2679,.F.);
#1692=ORIENTED_EDGE('',*,*,#2495,.T.);
#1693=ORIENTED_EDGE('',*,*,#2312,.T.);
#1694=ORIENTED_EDGE('',*,*,#2505,.T.);
#1695=ORIENTED_EDGE('',*,*,#2680,.F.);
#1696=ORIENTED_EDGE('',*,*,#2309,.T.);
#1697=ORIENTED_EDGE('',*,*,#2681,.T.);
#1698=ORIENTED_EDGE('',*,*,#2310,.F.);
#1699=ORIENTED_EDGE('',*,*,#2680,.T.);
#1700=ORIENTED_EDGE('',*,*,#2504,.F.);
#1701=ORIENTED_EDGE('',*,*,#2525,.F.);
#1702=ORIENTED_EDGE('',*,*,#2542,.T.);
#1703=ORIENTED_EDGE('',*,*,#2440,.F.);
#1704=ORIENTED_EDGE('',*,*,#2676,.F.);
#1705=ORIENTED_EDGE('',*,*,#2673,.F.);
#1706=ORIENTED_EDGE('',*,*,#2670,.F.);
#1707=ORIENTED_EDGE('',*,*,#2667,.F.);
#1708=ORIENTED_EDGE('',*,*,#2664,.F.);
#1709=ORIENTED_EDGE('',*,*,#2661,.F.);
#1710=ORIENTED_EDGE('',*,*,#2581,.T.);
#1711=ORIENTED_EDGE('',*,*,#2596,.T.);
#1712=ORIENTED_EDGE('',*,*,#2611,.T.);
#1713=ORIENTED_EDGE('',*,*,#2626,.T.);
#1714=ORIENTED_EDGE('',*,*,#2641,.T.);
#1715=ORIENTED_EDGE('',*,*,#2654,.T.);
#1716=ORIENTED_EDGE('',*,*,#2444,.T.);
#1717=ORIENTED_EDGE('',*,*,#2544,.F.);
#1718=ORIENTED_EDGE('',*,*,#2527,.T.);
#1719=ORIENTED_EDGE('',*,*,#2506,.T.);
#1720=ORIENTED_EDGE('',*,*,#2681,.F.);
#1721=ORIENTED_EDGE('',*,*,#2308,.T.);
#1722=ORIENTED_EDGE('',*,*,#2339,.T.);
#1723=ORIENTED_EDGE('',*,*,#2359,.T.);
#1724=ORIENTED_EDGE('',*,*,#2377,.T.);
#1725=ORIENTED_EDGE('',*,*,#2395,.T.);
#1726=ORIENTED_EDGE('',*,*,#2413,.T.);
#1727=ORIENTED_EDGE('',*,*,#2431,.T.);
#1728=ORIENTED_EDGE('',*,*,#2448,.T.);
#1729=ORIENTED_EDGE('',*,*,#2682,.T.);
#1730=ORIENTED_EDGE('',*,*,#2492,.T.);
#1731=ORIENTED_EDGE('',*,*,#2573,.T.);
#1732=ORIENTED_EDGE('',*,*,#2447,.T.);
#1733=ORIENTED_EDGE('',*,*,#2683,.T.);
#1734=ORIENTED_EDGE('',*,*,#2493,.T.);
#1735=ORIENTED_EDGE('',*,*,#2682,.F.);
#1736=ORIENTED_EDGE('',*,*,#2579,.T.);
#1737=ORIENTED_EDGE('',*,*,#2306,.T.);
#1738=ORIENTED_EDGE('',*,*,#2494,.T.);
#1739=ORIENTED_EDGE('',*,*,#2683,.F.);
#1740=ORIENTED_EDGE('',*,*,#2446,.T.);
#1741=ORIENTED_EDGE('',*,*,#2653,.T.);
#1742=ORIENTED_EDGE('',*,*,#2639,.T.);
#1743=ORIENTED_EDGE('',*,*,#2624,.T.);
#1744=ORIENTED_EDGE('',*,*,#2609,.T.);
#1745=ORIENTED_EDGE('',*,*,#2594,.T.);
#1746=ORIENTED_EDGE('',*,*,#2574,.F.);
#1747=ORIENTED_EDGE('',*,*,#2490,.F.);
#1748=ORIENTED_EDGE('',*,*,#2684,.F.);
#1749=ORIENTED_EDGE('',*,*,#2474,.F.);
#1750=ORIENTED_EDGE('',*,*,#2433,.F.);
#1751=ORIENTED_EDGE('',*,*,#2415,.F.);
#1752=ORIENTED_EDGE('',*,*,#2397,.F.);
#1753=ORIENTED_EDGE('',*,*,#2379,.F.);
#1754=ORIENTED_EDGE('',*,*,#2361,.F.);
#1755=ORIENTED_EDGE('',*,*,#2343,.F.);
#1756=ORIENTED_EDGE('',*,*,#2590,.T.);
#1757=ORIENTED_EDGE('',*,*,#2605,.T.);
#1758=ORIENTED_EDGE('',*,*,#2620,.T.);
#1759=ORIENTED_EDGE('',*,*,#2635,.T.);
#1760=ORIENTED_EDGE('',*,*,#2650,.T.);
#1761=ORIENTED_EDGE('',*,*,#2660,.T.);
#1762=ORIENTED_EDGE('',*,*,#2476,.T.);
#1763=ORIENTED_EDGE('',*,*,#2685,.T.);
#1764=ORIENTED_EDGE('',*,*,#2488,.T.);
#1765=ORIENTED_EDGE('',*,*,#2568,.T.);
#1766=ORIENTED_EDGE('',*,*,#2475,.T.);
#1767=ORIENTED_EDGE('',*,*,#2684,.T.);
#1768=ORIENTED_EDGE('',*,*,#2489,.T.);
#1769=ORIENTED_EDGE('',*,*,#2685,.F.);
#1770=ORIENTED_EDGE('',*,*,#2569,.F.);
#1771=ORIENTED_EDGE('',*,*,#2486,.F.);
#1772=ORIENTED_EDGE('',*,*,#2686,.F.);
#1773=ORIENTED_EDGE('',*,*,#2467,.F.);
#1774=ORIENTED_EDGE('',*,*,#2427,.F.);
#1775=ORIENTED_EDGE('',*,*,#2409,.F.);
#1776=ORIENTED_EDGE('',*,*,#2391,.F.);
#1777=ORIENTED_EDGE('',*,*,#2373,.F.);
#1778=ORIENTED_EDGE('',*,*,#2355,.F.);
#1779=ORIENTED_EDGE('',*,*,#2335,.F.);
#1780=ORIENTED_EDGE('',*,*,#2587,.T.);
#1781=ORIENTED_EDGE('',*,*,#2602,.T.);
#1782=ORIENTED_EDGE('',*,*,#2617,.T.);
#1783=ORIENTED_EDGE('',*,*,#2632,.T.);
#1784=ORIENTED_EDGE('',*,*,#2647,.T.);
#1785=ORIENTED_EDGE('',*,*,#2658,.T.);
#1786=ORIENTED_EDGE('',*,*,#2469,.T.);
#1787=ORIENTED_EDGE('',*,*,#2687,.T.);
#1788=ORIENTED_EDGE('',*,*,#2484,.T.);
#1789=ORIENTED_EDGE('',*,*,#2562,.T.);
#1790=ORIENTED_EDGE('',*,*,#2468,.T.);
#1791=ORIENTED_EDGE('',*,*,#2686,.T.);
#1792=ORIENTED_EDGE('',*,*,#2485,.T.);
#1793=ORIENTED_EDGE('',*,*,#2687,.F.);
#1794=ORIENTED_EDGE('',*,*,#2563,.F.);
#1795=ORIENTED_EDGE('',*,*,#2482,.F.);
#1796=ORIENTED_EDGE('',*,*,#2688,.F.);
#1797=ORIENTED_EDGE('',*,*,#2460,.F.);
#1798=ORIENTED_EDGE('',*,*,#2424,.F.);
#1799=ORIENTED_EDGE('',*,*,#2406,.F.);
#1800=ORIENTED_EDGE('',*,*,#2388,.F.);
#1801=ORIENTED_EDGE('',*,*,#2370,.F.);
#1802=ORIENTED_EDGE('',*,*,#2352,.F.);
#1803=ORIENTED_EDGE('',*,*,#2331,.F.);
#1804=ORIENTED_EDGE('',*,*,#2584,.T.);
#1805=ORIENTED_EDGE('',*,*,#2599,.T.);
#1806=ORIENTED_EDGE('',*,*,#2614,.T.);
#1807=ORIENTED_EDGE('',*,*,#2629,.T.);
#1808=ORIENTED_EDGE('',*,*,#2644,.T.);
#1809=ORIENTED_EDGE('',*,*,#2656,.T.);
#1810=ORIENTED_EDGE('',*,*,#2462,.T.);
#1811=ORIENTED_EDGE('',*,*,#2689,.T.);
#1812=ORIENTED_EDGE('',*,*,#2480,.T.);
#1813=ORIENTED_EDGE('',*,*,#2556,.T.);
#1814=ORIENTED_EDGE('',*,*,#2461,.T.);
#1815=ORIENTED_EDGE('',*,*,#2688,.T.);
#1816=ORIENTED_EDGE('',*,*,#2481,.T.);
#1817=ORIENTED_EDGE('',*,*,#2689,.F.);
#1818=ORIENTED_EDGE('',*,*,#2454,.T.);
#1819=ORIENTED_EDGE('',*,*,#2690,.T.);
#1820=ORIENTED_EDGE('',*,*,#2477,.T.);
#1821=ORIENTED_EDGE('',*,*,#2691,.F.);
#1822=ORIENTED_EDGE('',*,*,#2557,.F.);
#1823=ORIENTED_EDGE('',*,*,#2478,.F.);
#1824=ORIENTED_EDGE('',*,*,#2690,.F.);
#1825=ORIENTED_EDGE('',*,*,#2453,.F.);
#1826=ORIENTED_EDGE('',*,*,#2421,.F.);
#1827=ORIENTED_EDGE('',*,*,#2403,.F.);
#1828=ORIENTED_EDGE('',*,*,#2385,.F.);
#1829=ORIENTED_EDGE('',*,*,#2367,.F.);
#1830=ORIENTED_EDGE('',*,*,#2349,.F.);
#1831=ORIENTED_EDGE('',*,*,#2327,.F.);
#1832=ORIENTED_EDGE('',*,*,#2578,.T.);
#1833=ORIENTED_EDGE('',*,*,#2593,.T.);
#1834=ORIENTED_EDGE('',*,*,#2608,.T.);
#1835=ORIENTED_EDGE('',*,*,#2623,.T.);
#1836=ORIENTED_EDGE('',*,*,#2638,.T.);
#1837=ORIENTED_EDGE('',*,*,#2652,.T.);
#1838=ORIENTED_EDGE('',*,*,#2455,.T.);
#1839=ORIENTED_EDGE('',*,*,#2691,.T.);
#1840=ORIENTED_EDGE('',*,*,#2498,.T.);
#1841=ORIENTED_EDGE('',*,*,#2318,.T.);
#1842=ORIENTED_EDGE('',*,*,#2508,.F.);
#1843=ORIENTED_EDGE('',*,*,#2526,.F.);
#1844=ORIENTED_EDGE('',*,*,#2543,.T.);
#1845=ORIENTED_EDGE('',*,*,#2442,.F.);
#1846=ORIENTED_EDGE('',*,*,#2429,.F.);
#1847=ORIENTED_EDGE('',*,*,#2411,.F.);
#1848=ORIENTED_EDGE('',*,*,#2393,.F.);
#1849=ORIENTED_EDGE('',*,*,#2375,.F.);
#1850=ORIENTED_EDGE('',*,*,#2357,.F.);
#1851=ORIENTED_EDGE('',*,*,#2337,.F.);
#1852=ORIENTED_EDGE('',*,*,#2572,.F.);
#1853=ORIENTED_EDGE('',*,*,#2692,.F.);
#1854=ORIENTED_EDGE('',*,*,#2510,.T.);
#1855=ORIENTED_EDGE('',*,*,#2693,.T.);
#1856=ORIENTED_EDGE('',*,*,#2575,.T.);
#1857=ORIENTED_EDGE('',*,*,#2341,.T.);
#1858=ORIENTED_EDGE('',*,*,#2360,.T.);
#1859=ORIENTED_EDGE('',*,*,#2378,.T.);
#1860=ORIENTED_EDGE('',*,*,#2396,.T.);
#1861=ORIENTED_EDGE('',*,*,#2414,.T.);
#1862=ORIENTED_EDGE('',*,*,#2432,.T.);
#1863=ORIENTED_EDGE('',*,*,#2473,.T.);
#1864=ORIENTED_EDGE('',*,*,#2552,.F.);
#1865=ORIENTED_EDGE('',*,*,#2540,.T.);
#1866=ORIENTED_EDGE('',*,*,#2509,.T.);
#1867=ORIENTED_EDGE('',*,*,#2692,.T.);
#1868=ORIENTED_EDGE('',*,*,#2571,.T.);
#1869=ORIENTED_EDGE('',*,*,#2693,.F.);
#1870=ORIENTED_EDGE('',*,*,#2539,.F.);
#1871=ORIENTED_EDGE('',*,*,#2551,.T.);
#1872=ORIENTED_EDGE('',*,*,#2471,.F.);
#1873=ORIENTED_EDGE('',*,*,#2659,.F.);
#1874=ORIENTED_EDGE('',*,*,#2648,.F.);
#1875=ORIENTED_EDGE('',*,*,#2633,.F.);
#1876=ORIENTED_EDGE('',*,*,#2618,.F.);
#1877=ORIENTED_EDGE('',*,*,#2603,.F.);
#1878=ORIENTED_EDGE('',*,*,#2588,.F.);
#1879=ORIENTED_EDGE('',*,*,#2566,.F.);
#1880=ORIENTED_EDGE('',*,*,#2694,.F.);
#1881=ORIENTED_EDGE('',*,*,#2512,.F.);
#1882=ORIENTED_EDGE('',*,*,#2514,.T.);
#1883=ORIENTED_EDGE('',*,*,#2695,.T.);
#1884=ORIENTED_EDGE('',*,*,#2570,.T.);
#1885=ORIENTED_EDGE('',*,*,#2333,.T.);
#1886=ORIENTED_EDGE('',*,*,#2354,.T.);
#1887=ORIENTED_EDGE('',*,*,#2372,.T.);
#1888=ORIENTED_EDGE('',*,*,#2390,.T.);
#1889=ORIENTED_EDGE('',*,*,#2408,.T.);
#1890=ORIENTED_EDGE('',*,*,#2426,.T.);
#1891=ORIENTED_EDGE('',*,*,#2466,.T.);
#1892=ORIENTED_EDGE('',*,*,#2550,.F.);
#1893=ORIENTED_EDGE('',*,*,#2537,.T.);
#1894=ORIENTED_EDGE('',*,*,#2513,.T.);
#1895=ORIENTED_EDGE('',*,*,#2694,.T.);
#1896=ORIENTED_EDGE('',*,*,#2565,.T.);
#1897=ORIENTED_EDGE('',*,*,#2695,.F.);
#1898=ORIENTED_EDGE('',*,*,#2536,.F.);
#1899=ORIENTED_EDGE('',*,*,#2549,.T.);
#1900=ORIENTED_EDGE('',*,*,#2464,.F.);
#1901=ORIENTED_EDGE('',*,*,#2657,.F.);
#1902=ORIENTED_EDGE('',*,*,#2645,.F.);
#1903=ORIENTED_EDGE('',*,*,#2630,.F.);
#1904=ORIENTED_EDGE('',*,*,#2615,.F.);
#1905=ORIENTED_EDGE('',*,*,#2600,.F.);
#1906=ORIENTED_EDGE('',*,*,#2585,.F.);
#1907=ORIENTED_EDGE('',*,*,#2560,.F.);
#1908=ORIENTED_EDGE('',*,*,#2696,.F.);
#1909=ORIENTED_EDGE('',*,*,#2516,.F.);
#1910=ORIENTED_EDGE('',*,*,#2518,.T.);
#1911=ORIENTED_EDGE('',*,*,#2697,.T.);
#1912=ORIENTED_EDGE('',*,*,#2564,.T.);
#1913=ORIENTED_EDGE('',*,*,#2329,.T.);
#1914=ORIENTED_EDGE('',*,*,#2351,.T.);
#1915=ORIENTED_EDGE('',*,*,#2369,.T.);
#1916=ORIENTED_EDGE('',*,*,#2387,.T.);
#1917=ORIENTED_EDGE('',*,*,#2405,.T.);
#1918=ORIENTED_EDGE('',*,*,#2423,.T.);
#1919=ORIENTED_EDGE('',*,*,#2459,.T.);
#1920=ORIENTED_EDGE('',*,*,#2548,.F.);
#1921=ORIENTED_EDGE('',*,*,#2534,.T.);
#1922=ORIENTED_EDGE('',*,*,#2517,.T.);
#1923=ORIENTED_EDGE('',*,*,#2696,.T.);
#1924=ORIENTED_EDGE('',*,*,#2559,.T.);
#1925=ORIENTED_EDGE('',*,*,#2697,.F.);
#1926=ORIENTED_EDGE('',*,*,#2533,.F.);
#1927=ORIENTED_EDGE('',*,*,#2547,.T.);
#1928=ORIENTED_EDGE('',*,*,#2457,.F.);
#1929=ORIENTED_EDGE('',*,*,#2655,.F.);
#1930=ORIENTED_EDGE('',*,*,#2642,.F.);
#1931=ORIENTED_EDGE('',*,*,#2627,.F.);
#1932=ORIENTED_EDGE('',*,*,#2612,.F.);
#1933=ORIENTED_EDGE('',*,*,#2597,.F.);
#1934=ORIENTED_EDGE('',*,*,#2582,.F.);
#1935=ORIENTED_EDGE('',*,*,#2554,.F.);
#1936=ORIENTED_EDGE('',*,*,#2698,.F.);
#1937=ORIENTED_EDGE('',*,*,#2520,.F.);
#1938=ORIENTED_EDGE('',*,*,#2522,.T.);
#1939=ORIENTED_EDGE('',*,*,#2699,.T.);
#1940=ORIENTED_EDGE('',*,*,#2558,.T.);
#1941=ORIENTED_EDGE('',*,*,#2325,.T.);
#1942=ORIENTED_EDGE('',*,*,#2348,.T.);
#1943=ORIENTED_EDGE('',*,*,#2366,.T.);
#1944=ORIENTED_EDGE('',*,*,#2384,.T.);
#1945=ORIENTED_EDGE('',*,*,#2402,.T.);
#1946=ORIENTED_EDGE('',*,*,#2420,.T.);
#1947=ORIENTED_EDGE('',*,*,#2452,.T.);
#1948=ORIENTED_EDGE('',*,*,#2546,.F.);
#1949=ORIENTED_EDGE('',*,*,#2531,.T.);
#1950=ORIENTED_EDGE('',*,*,#2521,.T.);
#1951=ORIENTED_EDGE('',*,*,#2698,.T.);
#1952=ORIENTED_EDGE('',*,*,#2553,.T.);
#1953=ORIENTED_EDGE('',*,*,#2699,.F.);
#1954=ORIENTED_EDGE('',*,*,#2501,.T.);
#1955=ORIENTED_EDGE('',*,*,#2700,.T.);
#1956=ORIENTED_EDGE('',*,*,#2315,.T.);
#1957=ORIENTED_EDGE('',*,*,#2701,.F.);
#1958=ORIENTED_EDGE('',*,*,#2530,.F.);
#1959=ORIENTED_EDGE('',*,*,#2545,.T.);
#1960=ORIENTED_EDGE('',*,*,#2450,.F.);
#1961=ORIENTED_EDGE('',*,*,#2651,.F.);
#1962=ORIENTED_EDGE('',*,*,#2636,.F.);
#1963=ORIENTED_EDGE('',*,*,#2621,.F.);
#1964=ORIENTED_EDGE('',*,*,#2606,.F.);
#1965=ORIENTED_EDGE('',*,*,#2591,.F.);
#1966=ORIENTED_EDGE('',*,*,#2576,.F.);
#1967=ORIENTED_EDGE('',*,*,#2316,.F.);
#1968=ORIENTED_EDGE('',*,*,#2700,.F.);
#1969=ORIENTED_EDGE('',*,*,#2500,.F.);
#1970=ORIENTED_EDGE('',*,*,#2502,.T.);
#1971=ORIENTED_EDGE('',*,*,#2701,.T.);
#1972=ORIENTED_EDGE('',*,*,#2314,.T.);
#1973=ORIENTED_EDGE('',*,*,#2322,.T.);
#1974=ORIENTED_EDGE('',*,*,#2345,.T.);
#1975=ORIENTED_EDGE('',*,*,#2363,.T.);
#1976=ORIENTED_EDGE('',*,*,#2381,.T.);
#1977=ORIENTED_EDGE('',*,*,#2399,.T.);
#1978=ORIENTED_EDGE('',*,*,#2417,.T.);
#1979=ORIENTED_EDGE('',*,*,#2435,.T.);
#1980=ORIENTED_EDGE('',*,*,#2541,.F.);
#1981=ORIENTED_EDGE('',*,*,#2523,.T.);
#1982=VERTEX_POINT('',#3807);
#1983=VERTEX_POINT('',#3808);
#1984=VERTEX_POINT('',#3833);
#1985=VERTEX_POINT('',#3834);
#1986=VERTEX_POINT('',#3836);
#1987=VERTEX_POINT('',#3866);
#1988=VERTEX_POINT('',#3867);
#1989=VERTEX_POINT('',#3869);
#1990=VERTEX_POINT('',#3871);
#1991=VERTEX_POINT('',#3873);
#1992=VERTEX_POINT('',#3875);
#1993=VERTEX_POINT('',#3882);
#1994=VERTEX_POINT('',#3886);
#1995=VERTEX_POINT('',#3887);
#1996=VERTEX_POINT('',#3889);
#1997=VERTEX_POINT('',#3891);
#1998=VERTEX_POINT('',#3895);
#1999=VERTEX_POINT('',#3896);
#2000=VERTEX_POINT('',#3898);
#2001=VERTEX_POINT('',#3900);
#2002=VERTEX_POINT('',#3907);
#2003=VERTEX_POINT('',#3909);
#2004=VERTEX_POINT('',#3918);
#2005=VERTEX_POINT('',#3925);
#2006=VERTEX_POINT('',#3926);
#2007=VERTEX_POINT('',#3928);
#2008=VERTEX_POINT('',#3930);
#2009=VERTEX_POINT('',#3932);
#2010=VERTEX_POINT('',#3934);
#2011=VERTEX_POINT('',#3941);
#2012=VERTEX_POINT('',#3945);
#2013=VERTEX_POINT('',#3946);
#2014=VERTEX_POINT('',#3948);
#2015=VERTEX_POINT('',#3950);
#2016=VERTEX_POINT('',#3952);
#2017=VERTEX_POINT('',#3954);
#2018=VERTEX_POINT('',#3956);
#2019=VERTEX_POINT('',#3958);
#2020=VERTEX_POINT('',#3962);
#2021=VERTEX_POINT('',#3963);
#2022=VERTEX_POINT('',#3965);
#2023=VERTEX_POINT('',#3967);
#2024=VERTEX_POINT('',#3969);
#2025=VERTEX_POINT('',#3971);
#2026=VERTEX_POINT('',#3973);
#2027=VERTEX_POINT('',#3975);
#2028=VERTEX_POINT('',#3982);
#2029=VERTEX_POINT('',#3990);
#2030=VERTEX_POINT('',#4000);
#2031=VERTEX_POINT('',#4001);
#2032=VERTEX_POINT('',#4003);
#2033=VERTEX_POINT('',#4008);
#2034=VERTEX_POINT('',#4015);
#2035=VERTEX_POINT('',#4016);
#2036=VERTEX_POINT('',#4018);
#2037=VERTEX_POINT('',#4023);
#2038=VERTEX_POINT('',#4030);
#2039=VERTEX_POINT('',#4031);
#2040=VERTEX_POINT('',#4033);
#2041=VERTEX_POINT('',#4038);
#2042=VERTEX_POINT('',#4045);
#2043=VERTEX_POINT('',#4046);
#2044=VERTEX_POINT('',#4048);
#2045=VERTEX_POINT('',#4053);
#2046=VERTEX_POINT('',#4063);
#2047=VERTEX_POINT('',#4064);
#2048=VERTEX_POINT('',#4066);
#2049=VERTEX_POINT('',#4071);
#2050=VERTEX_POINT('',#4096);
#2051=VERTEX_POINT('',#4119);
#2052=VERTEX_POINT('',#4147);
#2053=VERTEX_POINT('',#4170);
#2054=VERTEX_POINT('',#4195);
#2055=VERTEX_POINT('',#4218);
#2056=VERTEX_POINT('',#4243);
#2057=VERTEX_POINT('',#4269);
#2058=VERTEX_POINT('',#4294);
#2059=VERTEX_POINT('',#4296);
#2060=VERTEX_POINT('',#4342);
#2061=VERTEX_POINT('',#4365);
#2062=VERTEX_POINT('',#4369);
#2063=VERTEX_POINT('',#4371);
#2064=VERTEX_POINT('',#4375);
#2065=VERTEX_POINT('',#4377);
#2066=VERTEX_POINT('',#4381);
#2067=VERTEX_POINT('',#4383);
#2068=VERTEX_POINT('',#4387);
#2069=VERTEX_POINT('',#4389);
#2070=VERTEX_POINT('',#4393);
#2071=VERTEX_POINT('',#4395);
#2072=VERTEX_POINT('',#4399);
#2073=VERTEX_POINT('',#4401);
#2074=VERTEX_POINT('',#4405);
#2075=VERTEX_POINT('',#4407);
#2076=VERTEX_POINT('',#4411);
#2077=VERTEX_POINT('',#4413);
#2078=VERTEX_POINT('',#4417);
#2079=VERTEX_POINT('',#4419);
#2080=VERTEX_POINT('',#4423);
#2081=VERTEX_POINT('',#4425);
#2082=VERTEX_POINT('',#4429);
#2083=VERTEX_POINT('',#4431);
#2084=VERTEX_POINT('',#4435);
#2085=VERTEX_POINT('',#4437);
#2086=VERTEX_POINT('',#4441);
#2087=VERTEX_POINT('',#4443);
#2088=VERTEX_POINT('',#4447);
#2089=VERTEX_POINT('',#4449);
#2090=VERTEX_POINT('',#4453);
#2091=VERTEX_POINT('',#4455);
#2092=VERTEX_POINT('',#4459);
#2093=VERTEX_POINT('',#4461);
#2094=VERTEX_POINT('',#4465);
#2095=VERTEX_POINT('',#4467);
#2096=VERTEX_POINT('',#4471);
#2097=VERTEX_POINT('',#4473);
#2098=VERTEX_POINT('',#4495);
#2099=VERTEX_POINT('',#4515);
#2100=VERTEX_POINT('',#4540);
#2101=VERTEX_POINT('',#4560);
#2102=VERTEX_POINT('',#4582);
#2103=VERTEX_POINT('',#4602);
#2104=VERTEX_POINT('',#4624);
#2105=VERTEX_POINT('',#4644);
#2106=VERTEX_POINT('',#4666);
#2107=VERTEX_POINT('',#4668);
#2108=VERTEX_POINT('',#4708);
#2109=VERTEX_POINT('',#4728);
#2110=VERTEX_POINT('',#4735);
#2111=VERTEX_POINT('',#4743);
#2112=VERTEX_POINT('',#4745);
#2113=VERTEX_POINT('',#4753);
#2114=VERTEX_POINT('',#4755);
#2115=VERTEX_POINT('',#4760);
#2116=VERTEX_POINT('',#4767);
#2117=VERTEX_POINT('',#4769);
#2118=VERTEX_POINT('',#4774);
#2119=VERTEX_POINT('',#4776);
#2120=VERTEX_POINT('',#4784);
#2121=VERTEX_POINT('',#4786);
#2122=VERTEX_POINT('',#4793);
#2123=VERTEX_POINT('',#4794);
#2124=VERTEX_POINT('',#4799);
#2125=VERTEX_POINT('',#4801);
#2126=VERTEX_POINT('',#4813);
#2127=VERTEX_POINT('',#4815);
#2128=VERTEX_POINT('',#4822);
#2129=VERTEX_POINT('',#4823);
#2130=VERTEX_POINT('',#4831);
#2131=VERTEX_POINT('',#4833);
#2132=VERTEX_POINT('',#4842);
#2133=VERTEX_POINT('',#4844);
#2134=VERTEX_POINT('',#4851);
#2135=VERTEX_POINT('',#4852);
#2136=VERTEX_POINT('',#4857);
#2137=VERTEX_POINT('',#4859);
#2138=VERTEX_POINT('',#4871);
#2139=VERTEX_POINT('',#4873);
#2140=VERTEX_POINT('',#4883);
#2141=VERTEX_POINT('',#4884);
#2142=VERTEX_POINT('',#4889);
#2143=VERTEX_POINT('',#4891);
#2144=VERTEX_POINT('',#4903);
#2145=VERTEX_POINT('',#4905);
#2146=VERTEX_POINT('',#4912);
#2147=VERTEX_POINT('',#4913);
#2148=VERTEX_POINT('',#4915);
#2149=VERTEX_POINT('',#4917);
#2150=VERTEX_POINT('',#4919);
#2151=VERTEX_POINT('',#4921);
#2152=VERTEX_POINT('',#4923);
#2153=VERTEX_POINT('',#4925);
#2154=VERTEX_POINT('',#4927);
#2155=VERTEX_POINT('',#4929);
#2156=VERTEX_POINT('',#4931);
#2157=VERTEX_POINT('',#4933);
#2158=VERTEX_POINT('',#4935);
#2159=VERTEX_POINT('',#4937);
#2160=VERTEX_POINT('',#4939);
#2161=VERTEX_POINT('',#4941);
#2162=VERTEX_POINT('',#4943);
#2163=VERTEX_POINT('',#4945);
#2164=VERTEX_POINT('',#4948);
#2165=VERTEX_POINT('',#4950);
#2166=VERTEX_POINT('',#4954);
#2167=VERTEX_POINT('',#4955);
#2168=VERTEX_POINT('',#4957);
#2169=VERTEX_POINT('',#4959);
#2170=VERTEX_POINT('',#4961);
#2171=VERTEX_POINT('',#4963);
#2172=VERTEX_POINT('',#4965);
#2173=VERTEX_POINT('',#4967);
#2174=VERTEX_POINT('',#4969);
#2175=VERTEX_POINT('',#4971);
#2176=VERTEX_POINT('',#4973);
#2177=VERTEX_POINT('',#4975);
#2178=VERTEX_POINT('',#4977);
#2179=VERTEX_POINT('',#4979);
#2180=VERTEX_POINT('',#4981);
#2181=VERTEX_POINT('',#4983);
#2182=VERTEX_POINT('',#4985);
#2183=VERTEX_POINT('',#4987);
#2184=VERTEX_POINT('',#4989);
#2185=VERTEX_POINT('',#4991);
#2186=VERTEX_POINT('',#4993);
#2187=VERTEX_POINT('',#4995);
#2188=VERTEX_POINT('',#4997);
#2189=VERTEX_POINT('',#4999);
#2190=VERTEX_POINT('',#5003);
#2191=VERTEX_POINT('',#5005);
#2192=VERTEX_POINT('',#5009);
#2193=VERTEX_POINT('',#5011);
#2194=VERTEX_POINT('',#5015);
#2195=VERTEX_POINT('',#5016);
#2196=VERTEX_POINT('',#5021);
#2197=VERTEX_POINT('',#5022);
#2198=VERTEX_POINT('',#5027);
#2199=VERTEX_POINT('',#5028);
#2200=VERTEX_POINT('',#5033);
#2201=VERTEX_POINT('',#5034);
#2202=VERTEX_POINT('',#5241);
#2203=VERTEX_POINT('',#5242);
#2204=VERTEX_POINT('',#5244);
#2205=VERTEX_POINT('',#5246);
#2206=VERTEX_POINT('',#5252);
#2207=VERTEX_POINT('',#5253);
#2208=VERTEX_POINT('',#5255);
#2209=VERTEX_POINT('',#5257);
#2210=VERTEX_POINT('',#5263);
#2211=VERTEX_POINT('',#5264);
#2212=VERTEX_POINT('',#5266);
#2213=VERTEX_POINT('',#5268);
#2214=VERTEX_POINT('',#5274);
#2215=VERTEX_POINT('',#5275);
#2216=VERTEX_POINT('',#5285);
#2217=VERTEX_POINT('',#5287);
#2218=VERTEX_POINT('',#5297);
#2219=VERTEX_POINT('',#5299);
#2220=VERTEX_POINT('',#5312);
#2221=VERTEX_POINT('',#5314);
#2222=VERTEX_POINT('',#5324);
#2223=VERTEX_POINT('',#5326);
#2224=VERTEX_POINT('',#5336);
#2225=VERTEX_POINT('',#5338);
#2226=VERTEX_POINT('',#5366);
#2227=VERTEX_POINT('',#5368);
#2228=VERTEX_POINT('',#5414);
#2229=VERTEX_POINT('',#5416);
#2230=VERTEX_POINT('',#5465);
#2231=VERTEX_POINT('',#5467);
#2232=VERTEX_POINT('',#5513);
#2233=VERTEX_POINT('',#5515);
#2234=VERTEX_POINT('',#5564);
#2235=VERTEX_POINT('',#5566);
#2236=VERTEX_POINT('',#5591);
#2237=VERTEX_POINT('',#5593);
#2238=VERTEX_POINT('',#5597);
#2239=VERTEX_POINT('',#5599);
#2240=VERTEX_POINT('',#5603);
#2241=VERTEX_POINT('',#5605);
#2242=VERTEX_POINT('',#5609);
#2243=VERTEX_POINT('',#5611);
#2244=VERTEX_POINT('',#5615);
#2245=VERTEX_POINT('',#5617);
#2246=VERTEX_POINT('',#5621);
#2247=VERTEX_POINT('',#5623);
#2248=VERTEX_POINT('',#5627);
#2249=VERTEX_POINT('',#5629);
#2250=VERTEX_POINT('',#5633);
#2251=VERTEX_POINT('',#5635);
#2252=VERTEX_POINT('',#5639);
#2253=VERTEX_POINT('',#5641);
#2254=VERTEX_POINT('',#5645);
#2255=VERTEX_POINT('',#5647);
#2256=VERTEX_POINT('',#5651);
#2257=VERTEX_POINT('',#5653);
#2258=VERTEX_POINT('',#5657);
#2259=VERTEX_POINT('',#5659);
#2260=VERTEX_POINT('',#5663);
#2261=VERTEX_POINT('',#5665);
#2262=VERTEX_POINT('',#5669);
#2263=VERTEX_POINT('',#5671);
#2264=VERTEX_POINT('',#5675);
#2265=VERTEX_POINT('',#5677);
#2266=VERTEX_POINT('',#5882);
#2267=VERTEX_POINT('',#5884);
#2268=VERTEX_POINT('',#5915);
#2269=VERTEX_POINT('',#5917);
#2270=VERTEX_POINT('',#5942);
#2271=VERTEX_POINT('',#5944);
#2272=VERTEX_POINT('',#5948);
#2273=VERTEX_POINT('',#5950);
#2274=VERTEX_POINT('',#5954);
#2275=VERTEX_POINT('',#5956);
#2276=EDGE_CURVE('',#1982,#1983,#2702,.T.);
#2277=EDGE_CURVE('',#1983,#1982,#2703,.T.);
#2278=EDGE_CURVE('',#1984,#1985,#2704,.T.);
#2279=EDGE_CURVE('',#1985,#1986,#610,.T.);
#2280=EDGE_CURVE('',#1986,#1984,#2705,.T.);
#2281=EDGE_CURVE('',#1987,#1988,#2706,.T.);
#2282=EDGE_CURVE('',#1988,#1989,#611,.T.);
#2283=EDGE_CURVE('',#1989,#1990,#612,.T.);
#2284=EDGE_CURVE('',#1990,#1991,#613,.T.);
#2285=EDGE_CURVE('',#1991,#1992,#614,.T.);
#2286=EDGE_CURVE('',#1992,#1993,#2707,.T.);
#2287=EDGE_CURVE('',#1993,#1987,#615,.T.);
#2288=EDGE_CURVE('',#1994,#1995,#616,.T.);
#2289=EDGE_CURVE('',#1995,#1996,#617,.T.);
#2290=EDGE_CURVE('',#1996,#1997,#618,.T.);
#2291=EDGE_CURVE('',#1997,#1994,#619,.T.);
#2292=EDGE_CURVE('',#1998,#1999,#620,.T.);
#2293=EDGE_CURVE('',#1999,#2000,#621,.T.);
#2294=EDGE_CURVE('',#2000,#2001,#622,.T.);
#2295=EDGE_CURVE('',#2001,#2002,#2708,.T.);
#2296=EDGE_CURVE('',#2002,#2003,#623,.T.);
#2297=EDGE_CURVE('',#2003,#2004,#2709,.T.);
#2298=EDGE_CURVE('',#2004,#1998,#624,.T.);
#2299=EDGE_CURVE('',#2005,#2006,#2710,.T.);
#2300=EDGE_CURVE('',#2006,#2007,#625,.T.);
#2301=EDGE_CURVE('',#2007,#2008,#626,.T.);
#2302=EDGE_CURVE('',#2008,#2009,#627,.T.);
#2303=EDGE_CURVE('',#2009,#2010,#628,.T.);
#2304=EDGE_CURVE('',#2010,#2011,#2711,.T.);
#2305=EDGE_CURVE('',#2011,#2005,#629,.T.);
#2306=EDGE_CURVE('',#2012,#2013,#630,.T.);
#2307=EDGE_CURVE('',#2014,#2012,#149,.T.);
#2308=EDGE_CURVE('',#2015,#2014,#631,.T.);
#2309=EDGE_CURVE('',#2016,#2015,#632,.T.);
#2310=EDGE_CURVE('',#2016,#2017,#633,.T.);
#2311=EDGE_CURVE('',#2018,#2017,#150,.T.);
#2312=EDGE_CURVE('',#2019,#2018,#634,.T.);
#2313=EDGE_CURVE('',#2019,#2013,#151,.T.);
#2314=EDGE_CURVE('',#2020,#2021,#635,.T.);
#2315=EDGE_CURVE('',#2022,#2020,#636,.T.);
#2316=EDGE_CURVE('',#2022,#2023,#637,.T.);
#2317=EDGE_CURVE('',#2024,#2023,#152,.T.);
#2318=EDGE_CURVE('',#2025,#2024,#638,.T.);
#2319=EDGE_CURVE('',#2025,#2026,#153,.T.);
#2320=EDGE_CURVE('',#2026,#2027,#639,.T.);
#2321=EDGE_CURVE('',#2021,#2027,#154,.T.);
#2322=EDGE_CURVE('',#2021,#2028,#2712,.T.);
#2323=EDGE_CURVE('',#2027,#2029,#2713,.T.);
#2324=EDGE_CURVE('',#2028,#2029,#155,.T.);
#2325=EDGE_CURVE('',#2030,#2031,#2714,.T.);
#2326=EDGE_CURVE('',#2030,#2032,#156,.T.);
#2327=EDGE_CURVE('',#2032,#2033,#2715,.T.);
#2328=EDGE_CURVE('',#2031,#2033,#157,.T.);
#2329=EDGE_CURVE('',#2034,#2035,#2716,.T.);
#2330=EDGE_CURVE('',#2034,#2036,#158,.T.);
#2331=EDGE_CURVE('',#2036,#2037,#2717,.T.);
#2332=EDGE_CURVE('',#2035,#2037,#159,.T.);
#2333=EDGE_CURVE('',#2038,#2039,#2718,.T.);
#2334=EDGE_CURVE('',#2038,#2040,#160,.T.);
#2335=EDGE_CURVE('',#2040,#2041,#2719,.T.);
#2336=EDGE_CURVE('',#2039,#2041,#161,.T.);
#2337=EDGE_CURVE('',#2042,#2043,#2720,.T.);
#2338=EDGE_CURVE('',#2044,#2043,#162,.T.);
#2339=EDGE_CURVE('',#2045,#2044,#2721,.T.);
#2340=EDGE_CURVE('',#2045,#2042,#163,.T.);
#2341=EDGE_CURVE('',#2046,#2047,#2722,.T.);
#2342=EDGE_CURVE('',#2046,#2048,#164,.T.);
#2343=EDGE_CURVE('',#2048,#2049,#2723,.T.);
#2344=EDGE_CURVE('',#2047,#2049,#165,.T.);
#2345=EDGE_CURVE('',#2028,#2050,#2724,.T.);
#2346=EDGE_CURVE('',#2029,#2051,#2725,.T.);
#2347=EDGE_CURVE('',#2050,#2051,#166,.T.);
#2348=EDGE_CURVE('',#2031,#2052,#2726,.T.);
#2349=EDGE_CURVE('',#2033,#2053,#2727,.T.);
#2350=EDGE_CURVE('',#2052,#2053,#167,.T.);
#2351=EDGE_CURVE('',#2035,#2054,#2728,.T.);
#2352=EDGE_CURVE('',#2037,#2055,#2729,.T.);
#2353=EDGE_CURVE('',#2054,#2055,#168,.T.);
#2354=EDGE_CURVE('',#2039,#2056,#2730,.T.);
#2355=EDGE_CURVE('',#2041,#2057,#2731,.T.);
#2356=EDGE_CURVE('',#2056,#2057,#169,.T.);
#2357=EDGE_CURVE('',#2043,#2058,#2732,.T.);
#2358=EDGE_CURVE('',#2059,#2058,#170,.T.);
#2359=EDGE_CURVE('',#2044,#2059,#2733,.T.);
#2360=EDGE_CURVE('',#2047,#2060,#2734,.T.);
#2361=EDGE_CURVE('',#2049,#2061,#2735,.T.);
#2362=EDGE_CURVE('',#2060,#2061,#171,.T.);
#2363=EDGE_CURVE('',#2050,#2062,#640,.T.);
#2364=EDGE_CURVE('',#2063,#2051,#641,.T.);
#2365=EDGE_CURVE('',#2062,#2063,#172,.T.);
#2366=EDGE_CURVE('',#2052,#2064,#642,.T.);
#2367=EDGE_CURVE('',#2053,#2065,#643,.T.);
#2368=EDGE_CURVE('',#2064,#2065,#173,.T.);
#2369=EDGE_CURVE('',#2054,#2066,#644,.T.);
#2370=EDGE_CURVE('',#2055,#2067,#645,.T.);
#2371=EDGE_CURVE('',#2066,#2067,#174,.T.);
#2372=EDGE_CURVE('',#2056,#2068,#646,.T.);
#2373=EDGE_CURVE('',#2057,#2069,#647,.T.);
#2374=EDGE_CURVE('',#2068,#2069,#175,.T.);
#2375=EDGE_CURVE('',#2058,#2070,#648,.T.);
#2376=EDGE_CURVE('',#2071,#2070,#176,.T.);
#2377=EDGE_CURVE('',#2059,#2071,#649,.T.);
#2378=EDGE_CURVE('',#2060,#2072,#650,.T.);
#2379=EDGE_CURVE('',#2061,#2073,#651,.T.);
#2380=EDGE_CURVE('',#2072,#2073,#177,.T.);
#2381=EDGE_CURVE('',#2062,#2074,#652,.T.);
#2382=EDGE_CURVE('',#2075,#2063,#653,.T.);
#2383=EDGE_CURVE('',#2074,#2075,#178,.T.);
#2384=EDGE_CURVE('',#2064,#2076,#654,.T.);
#2385=EDGE_CURVE('',#2065,#2077,#655,.T.);
#2386=EDGE_CURVE('',#2076,#2077,#179,.T.);
#2387=EDGE_CURVE('',#2066,#2078,#656,.T.);
#2388=EDGE_CURVE('',#2067,#2079,#657,.T.);
#2389=EDGE_CURVE('',#2078,#2079,#180,.T.);
#2390=EDGE_CURVE('',#2068,#2080,#658,.T.);
#2391=EDGE_CURVE('',#2069,#2081,#659,.T.);
#2392=EDGE_CURVE('',#2080,#2081,#181,.T.);
#2393=EDGE_CURVE('',#2070,#2082,#660,.T.);
#2394=EDGE_CURVE('',#2083,#2082,#182,.T.);
#2395=EDGE_CURVE('',#2071,#2083,#661,.T.);
#2396=EDGE_CURVE('',#2072,#2084,#662,.T.);
#2397=EDGE_CURVE('',#2073,#2085,#663,.T.);
#2398=EDGE_CURVE('',#2084,#2085,#183,.T.);
#2399=EDGE_CURVE('',#2074,#2086,#664,.T.);
#2400=EDGE_CURVE('',#2087,#2075,#665,.T.);
#2401=EDGE_CURVE('',#2086,#2087,#184,.T.);
#2402=EDGE_CURVE('',#2076,#2088,#666,.T.);
#2403=EDGE_CURVE('',#2077,#2089,#667,.T.);
#2404=EDGE_CURVE('',#2088,#2089,#185,.T.);
#2405=EDGE_CURVE('',#2078,#2090,#668,.T.);
#2406=EDGE_CURVE('',#2079,#2091,#669,.T.);
#2407=EDGE_CURVE('',#2090,#2091,#186,.T.);
#2408=EDGE_CURVE('',#2080,#2092,#670,.T.);
#2409=EDGE_CURVE('',#2081,#2093,#671,.T.);
#2410=EDGE_CURVE('',#2092,#2093,#187,.T.);
#2411=EDGE_CURVE('',#2082,#2094,#672,.T.);
#2412=EDGE_CURVE('',#2095,#2094,#188,.T.);
#2413=EDGE_CURVE('',#2083,#2095,#673,.T.);
#2414=EDGE_CURVE('',#2084,#2096,#674,.T.);
#2415=EDGE_CURVE('',#2085,#2097,#675,.T.);
#2416=EDGE_CURVE('',#2096,#2097,#189,.T.);
#2417=EDGE_CURVE('',#2086,#2098,#2736,.T.);
#2418=EDGE_CURVE('',#2087,#2099,#2737,.T.);
#2419=EDGE_CURVE('',#2098,#2099,#190,.T.);
#2420=EDGE_CURVE('',#2088,#2100,#2738,.T.);
#2421=EDGE_CURVE('',#2089,#2101,#2739,.T.);
#2422=EDGE_CURVE('',#2100,#2101,#191,.T.);
#2423=EDGE_CURVE('',#2090,#2102,#2740,.T.);
#2424=EDGE_CURVE('',#2091,#2103,#2741,.T.);
#2425=EDGE_CURVE('',#2102,#2103,#192,.T.);
#2426=EDGE_CURVE('',#2092,#2104,#2742,.T.);
#2427=EDGE_CURVE('',#2093,#2105,#2743,.T.);
#2428=EDGE_CURVE('',#2104,#2105,#193,.T.);
#2429=EDGE_CURVE('',#2094,#2106,#2744,.T.);
#2430=EDGE_CURVE('',#2107,#2106,#194,.T.);
#2431=EDGE_CURVE('',#2095,#2107,#2745,.T.);
#2432=EDGE_CURVE('',#2096,#2108,#2746,.T.);
#2433=EDGE_CURVE('',#2097,#2109,#2747,.T.);
#2434=EDGE_CURVE('',#2108,#2109,#195,.T.);
#2435=EDGE_CURVE('',#2098,#2110,#2748,.T.);
#2436=EDGE_CURVE('',#2111,#2099,#2749,.T.);
#2437=EDGE_CURVE('',#2112,#2111,#70,.T.);
#2438=EDGE_CURVE('',#2112,#2113,#2750,.T.);
#2439=EDGE_CURVE('',#2113,#2114,#196,.T.);
#2440=EDGE_CURVE('',#2114,#2115,#2751,.T.);
#2441=EDGE_CURVE('',#2115,#2110,#197,.T.);
#2442=EDGE_CURVE('',#2106,#2116,#2752,.T.);
#2443=EDGE_CURVE('',#2116,#2117,#198,.T.);
#2444=EDGE_CURVE('',#2118,#2117,#2753,.T.);
#2445=EDGE_CURVE('',#2118,#2119,#199,.T.);
#2446=EDGE_CURVE('',#2120,#2119,#2754,.T.);
#2447=EDGE_CURVE('',#2121,#2120,#71,.T.);
#2448=EDGE_CURVE('',#2107,#2121,#2755,.T.);
#2449=EDGE_CURVE('',#2122,#2123,#200,.T.);
#2450=EDGE_CURVE('',#2123,#2124,#2756,.T.);
#2451=EDGE_CURVE('',#2124,#2125,#201,.T.);
#2452=EDGE_CURVE('',#2100,#2125,#2757,.T.);
#2453=EDGE_CURVE('',#2101,#2126,#2758,.T.);
#2454=EDGE_CURVE('',#2127,#2126,#72,.T.);
#2455=EDGE_CURVE('',#2122,#2127,#2759,.T.);
#2456=EDGE_CURVE('',#2128,#2129,#202,.T.);
#2457=EDGE_CURVE('',#2129,#2130,#2760,.T.);
#2458=EDGE_CURVE('',#2130,#2131,#203,.T.);
#2459=EDGE_CURVE('',#2102,#2131,#2761,.T.);
#2460=EDGE_CURVE('',#2103,#2132,#2762,.T.);
#2461=EDGE_CURVE('',#2133,#2132,#73,.T.);
#2462=EDGE_CURVE('',#2128,#2133,#2763,.T.);
#2463=EDGE_CURVE('',#2134,#2135,#204,.T.);
#2464=EDGE_CURVE('',#2135,#2136,#2764,.T.);
#2465=EDGE_CURVE('',#2136,#2137,#205,.T.);
#2466=EDGE_CURVE('',#2104,#2137,#2765,.T.);
#2467=EDGE_CURVE('',#2105,#2138,#2766,.T.);
#2468=EDGE_CURVE('',#2139,#2138,#74,.T.);
#2469=EDGE_CURVE('',#2134,#2139,#2767,.T.);
#2470=EDGE_CURVE('',#2140,#2141,#206,.T.);
#2471=EDGE_CURVE('',#2141,#2142,#2768,.T.);
#2472=EDGE_CURVE('',#2142,#2143,#207,.T.);
#2473=EDGE_CURVE('',#2108,#2143,#2769,.T.);
#2474=EDGE_CURVE('',#2109,#2144,#2770,.T.);
#2475=EDGE_CURVE('',#2145,#2144,#75,.T.);
#2476=EDGE_CURVE('',#2140,#2145,#2771,.T.);
#2477=EDGE_CURVE('',#2146,#2147,#76,.T.);
#2478=EDGE_CURVE('',#2146,#2148,#676,.T.);
#2479=EDGE_CURVE('',#2149,#2148,#208,.T.);
#2480=EDGE_CURVE('',#2150,#2149,#677,.T.);
#2481=EDGE_CURVE('',#2151,#2150,#77,.T.);
#2482=EDGE_CURVE('',#2151,#2152,#678,.T.);
#2483=EDGE_CURVE('',#2153,#2152,#209,.T.);
#2484=EDGE_CURVE('',#2154,#2153,#679,.T.);
#2485=EDGE_CURVE('',#2155,#2154,#78,.T.);
#2486=EDGE_CURVE('',#2155,#2156,#680,.T.);
#2487=EDGE_CURVE('',#2157,#2156,#210,.T.);
#2488=EDGE_CURVE('',#2158,#2157,#681,.T.);
#2489=EDGE_CURVE('',#2159,#2158,#79,.T.);
#2490=EDGE_CURVE('',#2159,#2160,#682,.T.);
#2491=EDGE_CURVE('',#2161,#2160,#211,.T.);
#2492=EDGE_CURVE('',#2162,#2161,#683,.T.);
#2493=EDGE_CURVE('',#2163,#2162,#80,.T.);
#2494=EDGE_CURVE('',#2013,#2163,#684,.T.);
#2495=EDGE_CURVE('',#2164,#2019,#685,.T.);
#2496=EDGE_CURVE('',#2165,#2164,#81,.T.);
#2497=EDGE_CURVE('',#2165,#2026,#686,.T.);
#2498=EDGE_CURVE('',#2147,#2025,#687,.T.);
#2499=EDGE_CURVE('',#2166,#2167,#212,.T.);
#2500=EDGE_CURVE('',#2166,#2168,#688,.T.);
#2501=EDGE_CURVE('',#2169,#2168,#82,.T.);
#2502=EDGE_CURVE('',#2170,#2169,#689,.T.);
#2503=EDGE_CURVE('',#2171,#2170,#213,.T.);
#2504=EDGE_CURVE('',#2171,#2172,#690,.T.);
#2505=EDGE_CURVE('',#2173,#2172,#83,.T.);
#2506=EDGE_CURVE('',#2174,#2173,#691,.T.);
#2507=EDGE_CURVE('',#2175,#2174,#214,.T.);
#2508=EDGE_CURVE('',#2175,#2176,#692,.T.);
#2509=EDGE_CURVE('',#2177,#2176,#84,.T.);
#2510=EDGE_CURVE('',#2178,#2177,#693,.T.);
#2511=EDGE_CURVE('',#2179,#2178,#215,.T.);
#2512=EDGE_CURVE('',#2179,#2180,#694,.T.);
#2513=EDGE_CURVE('',#2181,#2180,#85,.T.);
#2514=EDGE_CURVE('',#2182,#2181,#695,.T.);
#2515=EDGE_CURVE('',#2183,#2182,#216,.T.);
#2516=EDGE_CURVE('',#2183,#2184,#696,.T.);
#2517=EDGE_CURVE('',#2185,#2184,#86,.T.);
#2518=EDGE_CURVE('',#2186,#2185,#697,.T.);
#2519=EDGE_CURVE('',#2187,#2186,#217,.T.);
#2520=EDGE_CURVE('',#2187,#2188,#698,.T.);
#2521=EDGE_CURVE('',#2189,#2188,#87,.T.);
#2522=EDGE_CURVE('',#2167,#2189,#699,.T.);
#2523=EDGE_CURVE('',#2190,#2170,#700,.T.);
#2524=EDGE_CURVE('',#2190,#2191,#218,.T.);
#2525=EDGE_CURVE('',#2191,#2171,#701,.T.);
#2526=EDGE_CURVE('',#2192,#2175,#702,.T.);
#2527=EDGE_CURVE('',#2193,#2174,#703,.T.);
#2528=EDGE_CURVE('',#2193,#2192,#219,.T.);
#2529=EDGE_CURVE('',#2194,#2195,#220,.T.);
#2530=EDGE_CURVE('',#2195,#2166,#704,.T.);
#2531=EDGE_CURVE('',#2194,#2167,#705,.T.);
#2532=EDGE_CURVE('',#2196,#2197,#221,.T.);
#2533=EDGE_CURVE('',#2197,#2187,#706,.T.);
#2534=EDGE_CURVE('',#2196,#2186,#707,.T.);
#2535=EDGE_CURVE('',#2198,#2199,#222,.T.);
#2536=EDGE_CURVE('',#2199,#2183,#708,.T.);
#2537=EDGE_CURVE('',#2198,#2182,#709,.T.);
#2538=EDGE_CURVE('',#2200,#2201,#223,.T.);
#2539=EDGE_CURVE('',#2201,#2179,#710,.T.);
#2540=EDGE_CURVE('',#2200,#2178,#711,.T.);
#2541=EDGE_CURVE('',#2190,#2110,#2772,.T.);
#2542=EDGE_CURVE('',#2191,#2115,#2773,.T.);
#2543=EDGE_CURVE('',#2192,#2116,#2774,.T.);
#2544=EDGE_CURVE('',#2193,#2117,#2775,.T.);
#2545=EDGE_CURVE('',#2195,#2124,#2776,.T.);
#2546=EDGE_CURVE('',#2194,#2125,#2777,.T.);
#2547=EDGE_CURVE('',#2197,#2130,#2778,.T.);
#2548=EDGE_CURVE('',#2196,#2131,#2779,.T.);
#2549=EDGE_CURVE('',#2199,#2136,#2780,.T.);
#2550=EDGE_CURVE('',#2198,#2137,#2781,.T.);
#2551=EDGE_CURVE('',#2201,#2142,#2782,.T.);
#2552=EDGE_CURVE('',#2200,#2143,#2783,.T.);
#2553=EDGE_CURVE('',#2202,#2203,#712,.T.);
#2554=EDGE_CURVE('',#2202,#2204,#713,.T.);
#2555=EDGE_CURVE('',#2205,#2204,#224,.T.);
#2556=EDGE_CURVE('',#2149,#2205,#714,.T.);
#2557=EDGE_CURVE('',#2148,#2032,#715,.T.);
#2558=EDGE_CURVE('',#2203,#2030,#716,.T.);
#2559=EDGE_CURVE('',#2206,#2207,#717,.T.);
#2560=EDGE_CURVE('',#2206,#2208,#718,.T.);
#2561=EDGE_CURVE('',#2209,#2208,#225,.T.);
#2562=EDGE_CURVE('',#2153,#2209,#719,.T.);
#2563=EDGE_CURVE('',#2152,#2036,#720,.T.);
#2564=EDGE_CURVE('',#2207,#2034,#721,.T.);
#2565=EDGE_CURVE('',#2210,#2211,#722,.T.);
#2566=EDGE_CURVE('',#2210,#2212,#723,.T.);
#2567=EDGE_CURVE('',#2213,#2212,#226,.T.);
#2568=EDGE_CURVE('',#2157,#2213,#724,.T.);
#2569=EDGE_CURVE('',#2156,#2040,#725,.T.);
#2570=EDGE_CURVE('',#2211,#2038,#726,.T.);
#2571=EDGE_CURVE('',#2214,#2215,#727,.T.);
#2572=EDGE_CURVE('',#2214,#2042,#728,.T.);
#2573=EDGE_CURVE('',#2161,#2045,#729,.T.);
#2574=EDGE_CURVE('',#2160,#2048,#730,.T.);
#2575=EDGE_CURVE('',#2215,#2046,#731,.T.);
#2576=EDGE_CURVE('',#2023,#2216,#2784,.T.);
#2577=EDGE_CURVE('',#2217,#2216,#227,.T.);
#2578=EDGE_CURVE('',#2024,#2217,#2785,.T.);
#2579=EDGE_CURVE('',#2218,#2012,#2786,.T.);
#2580=EDGE_CURVE('',#2219,#2218,#228,.T.);
#2581=EDGE_CURVE('',#2014,#2219,#2787,.T.);
#2582=EDGE_CURVE('',#2204,#2220,#2788,.T.);
#2583=EDGE_CURVE('',#2221,#2220,#229,.T.);
#2584=EDGE_CURVE('',#2205,#2221,#2789,.T.);
#2585=EDGE_CURVE('',#2208,#2222,#2790,.T.);
#2586=EDGE_CURVE('',#2223,#2222,#230,.T.);
#2587=EDGE_CURVE('',#2209,#2223,#2791,.T.);
#2588=EDGE_CURVE('',#2212,#2224,#2792,.T.);
#2589=EDGE_CURVE('',#2225,#2224,#231,.T.);
#2590=EDGE_CURVE('',#2213,#2225,#2793,.T.);
#2591=EDGE_CURVE('',#2216,#2226,#2794,.T.);
#2592=EDGE_CURVE('',#2227,#2226,#232,.T.);
#2593=EDGE_CURVE('',#2217,#2227,#2795,.T.);
#2594=EDGE_CURVE('',#2228,#2218,#2796,.T.);
#2595=EDGE_CURVE('',#2229,#2228,#233,.T.);
#2596=EDGE_CURVE('',#2219,#2229,#2797,.T.);
#2597=EDGE_CURVE('',#2220,#2230,#2798,.T.);
#2598=EDGE_CURVE('',#2231,#2230,#234,.T.);
#2599=EDGE_CURVE('',#2221,#2231,#2799,.T.);
#2600=EDGE_CURVE('',#2222,#2232,#2800,.T.);
#2601=EDGE_CURVE('',#2233,#2232,#235,.T.);
#2602=EDGE_CURVE('',#2223,#2233,#2801,.T.);
#2603=EDGE_CURVE('',#2224,#2234,#2802,.T.);
#2604=EDGE_CURVE('',#2235,#2234,#236,.T.);
#2605=EDGE_CURVE('',#2225,#2235,#2803,.T.);
#2606=EDGE_CURVE('',#2226,#2236,#732,.T.);
#2607=EDGE_CURVE('',#2237,#2236,#237,.T.);
#2608=EDGE_CURVE('',#2227,#2237,#733,.T.);
#2609=EDGE_CURVE('',#2238,#2228,#734,.T.);
#2610=EDGE_CURVE('',#2239,#2238,#238,.T.);
#2611=EDGE_CURVE('',#2229,#2239,#735,.T.);
#2612=EDGE_CURVE('',#2230,#2240,#736,.T.);
#2613=EDGE_CURVE('',#2241,#2240,#239,.T.);
#2614=EDGE_CURVE('',#2231,#2241,#737,.T.);
#2615=EDGE_CURVE('',#2232,#2242,#738,.T.);
#2616=EDGE_CURVE('',#2243,#2242,#240,.T.);
#2617=EDGE_CURVE('',#2233,#2243,#739,.T.);
#2618=EDGE_CURVE('',#2234,#2244,#740,.T.);
#2619=EDGE_CURVE('',#2245,#2244,#241,.T.);
#2620=EDGE_CURVE('',#2235,#2245,#741,.T.);
#2621=EDGE_CURVE('',#2236,#2246,#742,.T.);
#2622=EDGE_CURVE('',#2247,#2246,#242,.T.);
#2623=EDGE_CURVE('',#2237,#2247,#743,.T.);
#2624=EDGE_CURVE('',#2248,#2238,#744,.T.);
#2625=EDGE_CURVE('',#2249,#2248,#243,.T.);
#2626=EDGE_CURVE('',#2239,#2249,#745,.T.);
#2627=EDGE_CURVE('',#2240,#2250,#746,.T.);
#2628=EDGE_CURVE('',#2251,#2250,#244,.T.);
#2629=EDGE_CURVE('',#2241,#2251,#747,.T.);
#2630=EDGE_CURVE('',#2242,#2252,#748,.T.);
#2631=EDGE_CURVE('',#2253,#2252,#245,.T.);
#2632=EDGE_CURVE('',#2243,#2253,#749,.T.);
#2633=EDGE_CURVE('',#2244,#2254,#750,.T.);
#2634=EDGE_CURVE('',#2255,#2254,#246,.T.);
#2635=EDGE_CURVE('',#2245,#2255,#751,.T.);
#2636=EDGE_CURVE('',#2246,#2256,#752,.T.);
#2637=EDGE_CURVE('',#2257,#2256,#247,.T.);
#2638=EDGE_CURVE('',#2247,#2257,#753,.T.);
#2639=EDGE_CURVE('',#2258,#2248,#754,.T.);
#2640=EDGE_CURVE('',#2259,#2258,#248,.T.);
#2641=EDGE_CURVE('',#2249,#2259,#755,.T.);
#2642=EDGE_CURVE('',#2250,#2260,#756,.T.);
#2643=EDGE_CURVE('',#2261,#2260,#249,.T.);
#2644=EDGE_CURVE('',#2251,#2261,#757,.T.);
#2645=EDGE_CURVE('',#2252,#2262,#758,.T.);
#2646=EDGE_CURVE('',#2263,#2262,#250,.T.);
#2647=EDGE_CURVE('',#2253,#2263,#759,.T.);
#2648=EDGE_CURVE('',#2254,#2264,#760,.T.);
#2649=EDGE_CURVE('',#2265,#2264,#251,.T.);
#2650=EDGE_CURVE('',#2255,#2265,#761,.T.);
#2651=EDGE_CURVE('',#2256,#2123,#2804,.T.);
#2652=EDGE_CURVE('',#2257,#2122,#2805,.T.);
#2653=EDGE_CURVE('',#2119,#2258,#2806,.T.);
#2654=EDGE_CURVE('',#2259,#2118,#2807,.T.);
#2655=EDGE_CURVE('',#2260,#2129,#2808,.T.);
#2656=EDGE_CURVE('',#2261,#2128,#2809,.T.);
#2657=EDGE_CURVE('',#2262,#2135,#2810,.T.);
#2658=EDGE_CURVE('',#2263,#2134,#2811,.T.);
#2659=EDGE_CURVE('',#2264,#2141,#2812,.T.);
#2660=EDGE_CURVE('',#2265,#2140,#2813,.T.);
#2661=EDGE_CURVE('',#2017,#2266,#2814,.T.);
#2662=EDGE_CURVE('',#2267,#2266,#252,.T.);
#2663=EDGE_CURVE('',#2018,#2267,#2815,.T.);
#2664=EDGE_CURVE('',#2266,#2268,#2816,.T.);
#2665=EDGE_CURVE('',#2269,#2268,#253,.T.);
#2666=EDGE_CURVE('',#2267,#2269,#2817,.T.);
#2667=EDGE_CURVE('',#2268,#2270,#762,.T.);
#2668=EDGE_CURVE('',#2271,#2270,#254,.T.);
#2669=EDGE_CURVE('',#2271,#2269,#763,.T.);
#2670=EDGE_CURVE('',#2270,#2272,#764,.T.);
#2671=EDGE_CURVE('',#2273,#2272,#255,.T.);
#2672=EDGE_CURVE('',#2273,#2271,#765,.T.);
#2673=EDGE_CURVE('',#2272,#2274,#766,.T.);
#2674=EDGE_CURVE('',#2275,#2274,#256,.T.);
#2675=EDGE_CURVE('',#2275,#2273,#767,.T.);
#2676=EDGE_CURVE('',#2274,#2114,#2818,.T.);
#2677=EDGE_CURVE('',#2275,#2113,#2819,.T.);
#2678=EDGE_CURVE('',#2165,#2111,#768,.T.);
#2679=EDGE_CURVE('',#2164,#2112,#769,.T.);
#2680=EDGE_CURVE('',#2016,#2172,#770,.T.);
#2681=EDGE_CURVE('',#2015,#2173,#771,.T.);
#2682=EDGE_CURVE('',#2121,#2162,#772,.T.);
#2683=EDGE_CURVE('',#2120,#2163,#773,.T.);
#2684=EDGE_CURVE('',#2144,#2159,#774,.T.);
#2685=EDGE_CURVE('',#2145,#2158,#775,.T.);
#2686=EDGE_CURVE('',#2138,#2155,#776,.T.);
#2687=EDGE_CURVE('',#2139,#2154,#777,.T.);
#2688=EDGE_CURVE('',#2132,#2151,#778,.T.);
#2689=EDGE_CURVE('',#2133,#2150,#779,.T.);
#2690=EDGE_CURVE('',#2126,#2146,#780,.T.);
#2691=EDGE_CURVE('',#2127,#2147,#781,.T.);
#2692=EDGE_CURVE('',#2176,#2214,#782,.T.);
#2693=EDGE_CURVE('',#2177,#2215,#783,.T.);
#2694=EDGE_CURVE('',#2180,#2210,#784,.T.);
#2695=EDGE_CURVE('',#2181,#2211,#785,.T.);
#2696=EDGE_CURVE('',#2184,#2206,#786,.T.);
#2697=EDGE_CURVE('',#2185,#2207,#787,.T.);
#2698=EDGE_CURVE('',#2188,#2202,#788,.T.);
#2699=EDGE_CURVE('',#2189,#2203,#789,.T.);
#2700=EDGE_CURVE('',#2168,#2022,#790,.T.);
#2701=EDGE_CURVE('',#2169,#2020,#791,.T.);
#2702=B_SPLINE_CURVE_WITH_KNOTS('',3,(#3801,#3802,#3803,#3804,#3805,#3806),
 .UNSPECIFIED.,.F.,.F.,(4,2,4),(0.,0.49116607773852,1.),.UNSPECIFIED.);
#2703=B_SPLINE_CURVE_WITH_KNOTS('',3,(#3809,#3810,#3811,#3812,#3813,#3814,
#3815,#3816,#3817,#3818,#3819,#3820,#3821,#3822),.UNSPECIFIED.,.F.,.F.,
(4,2,2,2,2,2,4),(0.,0.177671410591112,0.339257343680149,0.501554066143379,
0.669486091469915,0.836718228455257,1.),.UNSPECIFIED.);
#2704=B_SPLINE_CURVE_WITH_KNOTS('',3,(#3823,#3824,#3825,#3826,#3827,#3828,
#3829,#3830,#3831,#3832),.UNSPECIFIED.,.F.,.F.,(4,2,2,2,4),(0.,0.287223374266239,
0.572214339819511,0.78685943412862,1.),.UNSPECIFIED.);
#2705=B_SPLINE_CURVE_WITH_KNOTS('',3,(#3837,#3838,#3839,#3840,#3841,#3842,
#3843,#3844,#3845,#3846,#3847,#3848,#3849,#3850,#3851,#3852,#3853,#3854,
#3855,#3856,#3857,#3858,#3859,#3860),.UNSPECIFIED.,.F.,.F.,(4,2,2,2,2,2,
2,2,2,2,2,4),(0.,0.0730213006665141,0.146073797971853,0.250118263830973,
0.353969654394652,0.45521389707807,0.556424973994029,0.650717825399275,
0.744816154443385,0.833268583744848,0.92172101304631,1.),.UNSPECIFIED.);
#2706=B_SPLINE_CURVE_WITH_KNOTS('',3,(#3862,#3863,#3864,#3865),
 .UNSPECIFIED.,.F.,.F.,(4,4),(0.,1.),.UNSPECIFIED.);
#2707=B_SPLINE_CURVE_WITH_KNOTS('',3,(#3876,#3877,#3878,#3879,#3880,#3881),
 .UNSPECIFIED.,.F.,.F.,(4,2,4),(0.,0.500150828684185,1.),.UNSPECIFIED.);
#2708=B_SPLINE_CURVE_WITH_KNOTS('',3,(#3901,#3902,#3903,#3904,#3905,#3906),
 .UNSPECIFIED.,.F.,.F.,(4,2,4),(0.,0.500000000000001,1.),.UNSPECIFIED.);
#2709=B_SPLINE_CURVE_WITH_KNOTS('',3,(#3910,#3911,#3912,#3913,#3914,#3915,
#3916,#3917),.UNSPECIFIED.,.F.,.F.,(4,2,2,4),(0.,0.332830450996485,0.66655822411677,
1.),.UNSPECIFIED.);
#2710=B_SPLINE_CURVE_WITH_KNOTS('',3,(#3921,#3922,#3923,#3924),
 .UNSPECIFIED.,.F.,.F.,(4,4),(0.,1.),.UNSPECIFIED.);
#2711=B_SPLINE_CURVE_WITH_KNOTS('',3,(#3935,#3936,#3937,#3938,#3939,#3940),
 .UNSPECIFIED.,.F.,.F.,(4,2,4),(0.,0.500150828684185,1.),.UNSPECIFIED.);
#2712=B_SPLINE_CURVE_WITH_KNOTS('',3,(#3978,#3979,#3980,#3981),
 .UNSPECIFIED.,.F.,.F.,(4,4),(0.,1.),.UNSPECIFIED.);
#2713=B_SPLINE_CURVE_WITH_KNOTS('',3,(#3983,#3984,#3985,#3986,#3987,#3988,
#3989),.UNSPECIFIED.,.F.,.F.,(4,3,4),(0.,0.512548515721888,1.),
 .UNSPECIFIED.);
#2714=B_SPLINE_CURVE_WITH_KNOTS('',3,(#3993,#3994,#3995,#3996,#3997,#3998,
#3999),.UNSPECIFIED.,.F.,.F.,(4,3,4),(0.,0.7446551956006,1.),
 .UNSPECIFIED.);
#2715=B_SPLINE_CURVE_WITH_KNOTS('',3,(#4004,#4005,#4006,#4007),
 .UNSPECIFIED.,.F.,.F.,(4,4),(0.,1.),.UNSPECIFIED.);
#2716=B_SPLINE_CURVE_WITH_KNOTS('',3,(#4011,#4012,#4013,#4014),
 .UNSPECIFIED.,.F.,.F.,(4,4),(0.,1.),.UNSPECIFIED.);
#2717=B_SPLINE_CURVE_WITH_KNOTS('',3,(#4019,#4020,#4021,#4022),
 .UNSPECIFIED.,.F.,.F.,(4,4),(0.,1.),.UNSPECIFIED.);
#2718=B_SPLINE_CURVE_WITH_KNOTS('',3,(#4026,#4027,#4028,#4029),
 .UNSPECIFIED.,.F.,.F.,(4,4),(0.,1.),.UNSPECIFIED.);
#2719=B_SPLINE_CURVE_WITH_KNOTS('',3,(#4034,#4035,#4036,#4037),
 .UNSPECIFIED.,.F.,.F.,(4,4),(0.,1.),.UNSPECIFIED.);
#2720=B_SPLINE_CURVE_WITH_KNOTS('',3,(#4041,#4042,#4043,#4044),
 .UNSPECIFIED.,.F.,.F.,(4,4),(0.,1.),.UNSPECIFIED.);
#2721=B_SPLINE_CURVE_WITH_KNOTS('',3,(#4049,#4050,#4051,#4052),
 .UNSPECIFIED.,.F.,.F.,(4,4),(0.,1.),.UNSPECIFIED.);
#2722=B_SPLINE_CURVE_WITH_KNOTS('',3,(#4056,#4057,#4058,#4059,#4060,#4061,
#4062),.UNSPECIFIED.,.F.,.F.,(4,3,4),(0.,0.744655195600598,1.),
 .UNSPECIFIED.);
#2723=B_SPLINE_CURVE_WITH_KNOTS('',3,(#4067,#4068,#4069,#4070),
 .UNSPECIFIED.,.F.,.F.,(4,4),(0.,1.),.UNSPECIFIED.);
#2724=B_SPLINE_CURVE_WITH_KNOTS('',3,(#4074,#4075,#4076,#4077,#4078,#4079,
#4080,#4081,#4082,#4083,#4084,#4085,#4086,#4087,#4088,#4089,#4090,#4091,
#4092,#4093,#4094,#4095),.UNSPECIFIED.,.F.,.F.,(4,3,3,3,3,3,3,4),(0.,0.160472256265548,
0.321492454908535,0.482492819023641,0.643512745880279,0.804592855707258,
0.965748311461442,1.),.UNSPECIFIED.);
#2725=B_SPLINE_CURVE_WITH_KNOTS('',3,(#4097,#4098,#4099,#4100,#4101,#4102,
#4103,#4104,#4105,#4106,#4107,#4108,#4109,#4110,#4111,#4112,#4113,#4114,
#4115,#4116,#4117,#4118),.UNSPECIFIED.,.F.,.F.,(4,3,3,3,3,3,3,4),(0.,0.13110003671799,
0.292105240749928,0.453072968375767,0.614051321031028,0.775083910915291,
0.936191448438253,1.),.UNSPECIFIED.);
#2726=B_SPLINE_CURVE_WITH_KNOTS('',3,(#4122,#4123,#4124,#4125,#4126,#4127,
#4128,#4129,#4130,#4131,#4132,#4133,#4134,#4135,#4136,#4137,#4138,#4139,
#4140,#4141,#4142,#4143,#4144,#4145,#4146),.UNSPECIFIED.,.F.,.F.,(4,3,3,
3,3,3,3,3,4),(0.,0.0126907969394681,0.173865294030946,0.334976020081459,
0.49606130517722,0.595899796483984,0.757141169030675,0.918379181778963,
1.),.UNSPECIFIED.);
#2727=B_SPLINE_CURVE_WITH_KNOTS('',3,(#4148,#4149,#4150,#4151,#4152,#4153,
#4154,#4155,#4156,#4157,#4158,#4159,#4160,#4161,#4162,#4163,#4164,#4165,
#4166,#4167,#4168,#4169),.UNSPECIFIED.,.F.,.F.,(4,3,3,3,3,3,3,4),(0.,0.160472256265548,
0.321492454908531,0.482492819023637,0.643512745880279,0.804592855707252,
0.965748311461439,1.),.UNSPECIFIED.);
#2728=B_SPLINE_CURVE_WITH_KNOTS('',3,(#4173,#4174,#4175,#4176,#4177,#4178,
#4179,#4180,#4181,#4182,#4183,#4184,#4185,#4186,#4187,#4188,#4189,#4190,
#4191,#4192,#4193,#4194),.UNSPECIFIED.,.F.,.F.,(4,3,3,3,3,3,3,4),(0.,0.160472256287297,
0.321492454930311,0.482492819045449,0.643512745902126,0.804592855729149,
0.965748311483383,1.),.UNSPECIFIED.);
#2729=B_SPLINE_CURVE_WITH_KNOTS('',3,(#4196,#4197,#4198,#4199,#4200,#4201,
#4202,#4203,#4204,#4205,#4206,#4207,#4208,#4209,#4210,#4211,#4212,#4213,
#4214,#4215,#4216,#4217),.UNSPECIFIED.,.F.,.F.,(4,3,3,3,3,3,3,4),(0.,0.160472256275827,
0.321492454918826,0.482492819033943,0.643512745890605,0.804592855717606,
0.965748311471808,1.),.UNSPECIFIED.);
#2730=B_SPLINE_CURVE_WITH_KNOTS('',3,(#4221,#4222,#4223,#4224,#4225,#4226,
#4227,#4228,#4229,#4230,#4231,#4232,#4233,#4234,#4235,#4236,#4237,#4238,
#4239,#4240,#4241,#4242),.UNSPECIFIED.,.F.,.F.,(4,3,3,3,3,3,3,4),(0.,0.160472256265754,
0.321492454908732,0.482492819023835,0.643512745880473,0.804592855707453,
0.965748311461631,1.),.UNSPECIFIED.);
#2731=B_SPLINE_CURVE_WITH_KNOTS('',3,(#4244,#4245,#4246,#4247,#4248,#4249,
#4250,#4251,#4252,#4253,#4254,#4255,#4256,#4257,#4258,#4259,#4260,#4261,
#4262,#4263,#4264,#4265,#4266,#4267,#4268),.UNSPECIFIED.,.F.,.F.,(4,3,3,
3,3,3,3,3,4),(0.,0.0026899005740458,0.163850295714816,0.32494530864751,
0.486011969663358,0.585837216078755,0.747055439389918,0.908270237141547,
1.),.UNSPECIFIED.);
#2732=B_SPLINE_CURVE_WITH_KNOTS('',3,(#4272,#4273,#4274,#4275,#4276,#4277,
#4278,#4279,#4280,#4281,#4282,#4283,#4284,#4285,#4286,#4287,#4288,#4289,
#4290,#4291,#4292,#4293),.UNSPECIFIED.,.F.,.F.,(4,3,3,3,3,3,3,4),(0.,0.0851827834702787,
0.246142818144183,0.407150109204611,0.568230827796481,0.729379751970244,
0.890561821773756,1.),.UNSPECIFIED.);
#2733=B_SPLINE_CURVE_WITH_KNOTS('',3,(#4297,#4298,#4299,#4300,#4301,#4302,
#4303,#4304,#4305,#4306,#4307,#4308,#4309,#4310,#4311,#4312,#4313,#4314,
#4315,#4316,#4317,#4318),.UNSPECIFIED.,.F.,.F.,(4,3,3,3,3,3,3,4),(0.,0.160472256265551,
0.321492454908535,0.482492819023636,0.643512745880272,0.804592855707246,
0.965748311461439,1.),.UNSPECIFIED.);
#2734=B_SPLINE_CURVE_WITH_KNOTS('',3,(#4320,#4321,#4322,#4323,#4324,#4325,
#4326,#4327,#4328,#4329,#4330,#4331,#4332,#4333,#4334,#4335,#4336,#4337,
#4338,#4339,#4340,#4341),.UNSPECIFIED.,.F.,.F.,(4,3,3,3,3,3,3,4),(0.,0.145888323870957,
0.30690288372417,0.467884016944067,0.628880294628562,0.789933901930413,
0.951062795890442,1.),.UNSPECIFIED.);
#2735=B_SPLINE_CURVE_WITH_KNOTS('',3,(#4343,#4344,#4345,#4346,#4347,#4348,
#4349,#4350,#4351,#4352,#4353,#4354,#4355,#4356,#4357,#4358,#4359,#4360,
#4361,#4362,#4363,#4364),.UNSPECIFIED.,.F.,.F.,(4,3,3,3,3,3,3,4),(0.,0.160472256265546,
0.321492454908531,0.482492819023636,0.643512745880272,0.804592855707254,
0.965748311461448,1.),.UNSPECIFIED.);
#2736=B_SPLINE_CURVE_WITH_KNOTS('',3,(#4476,#4477,#4478,#4479,#4480,#4481,
#4482,#4483,#4484,#4485,#4486,#4487,#4488,#4489,#4490,#4491,#4492,#4493,
#4494),.UNSPECIFIED.,.F.,.F.,(4,3,3,3,3,3,4),(0.,0.182825277031644,0.380236064223963,
0.577593757718427,0.774863825957312,0.9720498145423,1.),.UNSPECIFIED.);
#2737=B_SPLINE_CURVE_WITH_KNOTS('',3,(#4496,#4497,#4498,#4499,#4500,#4501,
#4502,#4503,#4504,#4505,#4506,#4507,#4508,#4509,#4510,#4511,#4512,#4513,
#4514),.UNSPECIFIED.,.F.,.F.,(4,3,3,3,3,3,4),(0.,0.137753807521348,0.335130242902544,
0.532465636337544,0.729718214792429,0.926882414866768,1.),.UNSPECIFIED.);
#2738=B_SPLINE_CURVE_WITH_KNOTS('',3,(#4518,#4519,#4520,#4521,#4522,#4523,
#4524,#4525,#4526,#4527,#4528,#4529,#4530,#4531,#4532,#4533,#4534,#4535,
#4536,#4537,#4538,#4539),.UNSPECIFIED.,.F.,.F.,(4,3,3,3,3,3,3,4),(0.,0.0837488518315394,
0.281297439978083,0.478820663365946,0.676269287841125,0.798754944319614,
0.996031906382423,1.),.UNSPECIFIED.);
#2739=B_SPLINE_CURVE_WITH_KNOTS('',3,(#4541,#4542,#4543,#4544,#4545,#4546,
#4547,#4548,#4549,#4550,#4551,#4552,#4553,#4554,#4555,#4556,#4557,#4558,
#4559),.UNSPECIFIED.,.F.,.F.,(4,3,3,3,3,3,4),(0.,0.18282527703179,0.380236064224105,
0.577593757718566,0.774863825957456,0.97204981454243,1.),.UNSPECIFIED.);
#2740=B_SPLINE_CURVE_WITH_KNOTS('',3,(#4563,#4564,#4565,#4566,#4567,#4568,
#4569,#4570,#4571,#4572,#4573,#4574,#4575,#4576,#4577,#4578,#4579,#4580,
#4581),.UNSPECIFIED.,.F.,.F.,(4,3,3,3,3,3,4),(0.,0.182825277031438,0.38023606422376,
0.577593757718213,0.774863825957103,0.972049814542093,1.),.UNSPECIFIED.);
#2741=B_SPLINE_CURVE_WITH_KNOTS('',3,(#4583,#4584,#4585,#4586,#4587,#4588,
#4589,#4590,#4591,#4592,#4593,#4594,#4595,#4596,#4597,#4598,#4599,#4600,
#4601),.UNSPECIFIED.,.F.,.F.,(4,3,3,3,3,3,4),(0.,0.182825277031439,0.380236064223752,
0.577593757718219,0.774863825957112,0.972049814542098,1.),.UNSPECIFIED.);
#2742=B_SPLINE_CURVE_WITH_KNOTS('',3,(#4605,#4606,#4607,#4608,#4609,#4610,
#4611,#4612,#4613,#4614,#4615,#4616,#4617,#4618,#4619,#4620,#4621,#4622,
#4623),.UNSPECIFIED.,.F.,.F.,(4,3,3,3,3,3,4),(0.,0.182825277047859,0.380236064240161,
0.577593757734603,0.774863825973476,0.972049814558436,1.),.UNSPECIFIED.);
#2743=B_SPLINE_CURVE_WITH_KNOTS('',3,(#4625,#4626,#4627,#4628,#4629,#4630,
#4631,#4632,#4633,#4634,#4635,#4636,#4637,#4638,#4639,#4640,#4641,#4642,
#4643),.UNSPECIFIED.,.F.,.F.,(4,3,3,3,3,3,4),(0.,0.0886680616444381,0.286203658783383,
0.483712416607912,0.681145717141457,0.803619644989986,1.),.UNSPECIFIED.);
#2744=B_SPLINE_CURVE_WITH_KNOTS('',3,(#4647,#4648,#4649,#4650,#4651,#4652,
#4653,#4654,#4655,#4656,#4657,#4658,#4659,#4660,#4661,#4662,#4663,#4664,
#4665),.UNSPECIFIED.,.F.,.F.,(4,3,3,3,3,3,4),(0.,0.0585622226808911,0.255849052222212,
0.453044990417401,0.65017145490465,0.84727923369093,1.),.UNSPECIFIED.);
#2745=B_SPLINE_CURVE_WITH_KNOTS('',3,(#4669,#4670,#4671,#4672,#4673,#4674,
#4675,#4676,#4677,#4678,#4679,#4680,#4681,#4682,#4683,#4684,#4685,#4686,
#4687),.UNSPECIFIED.,.F.,.F.,(4,3,3,3,3,3,4),(0.,0.182825277031788,0.3802360642241,
0.577593757718577,0.774863825957458,0.972049814542442,1.),.UNSPECIFIED.);
#2746=B_SPLINE_CURVE_WITH_KNOTS('',3,(#4689,#4690,#4691,#4692,#4693,#4694,
#4695,#4696,#4697,#4698,#4699,#4700,#4701,#4702,#4703,#4704,#4705,#4706,
#4707),.UNSPECIFIED.,.F.,.F.,(4,3,3,3,3,3,4),(0.,0.13258318466637,0.329958716752583,
0.527294654752195,0.724548453488655,0.921713509243062,1.),.UNSPECIFIED.);
#2747=B_SPLINE_CURVE_WITH_KNOTS('',3,(#4709,#4710,#4711,#4712,#4713,#4714,
#4715,#4716,#4717,#4718,#4719,#4720,#4721,#4722,#4723,#4724,#4725,#4726,
#4727),.UNSPECIFIED.,.F.,.F.,(4,3,3,3,3,3,4),(0.,0.182825277031565,0.380236064223872,
0.577593757718336,0.774863825957217,0.972049814542209,1.),.UNSPECIFIED.);
#2748=B_SPLINE_CURVE_WITH_KNOTS('',3,(#4731,#4732,#4733,#4734),
 .UNSPECIFIED.,.F.,.F.,(4,4),(0.,1.),.UNSPECIFIED.);
#2749=B_SPLINE_CURVE_WITH_KNOTS('',3,(#4736,#4737,#4738,#4739,#4740,#4741,
#4742),.UNSPECIFIED.,.F.,.F.,(4,3,4),(0.,0.900004435325207,1.),
 .UNSPECIFIED.);
#2750=B_SPLINE_CURVE_WITH_KNOTS('',3,(#4746,#4747,#4748,#4749,#4750,#4751,
#4752),.UNSPECIFIED.,.F.,.F.,(4,3,4),(0.,0.900004435325207,1.),
 .UNSPECIFIED.);
#2751=B_SPLINE_CURVE_WITH_KNOTS('',3,(#4756,#4757,#4758,#4759),
 .UNSPECIFIED.,.F.,.F.,(4,4),(0.,1.),.UNSPECIFIED.);
#2752=B_SPLINE_CURVE_WITH_KNOTS('',3,(#4763,#4764,#4765,#4766),
 .UNSPECIFIED.,.F.,.F.,(4,4),(0.,1.),.UNSPECIFIED.);
#2753=B_SPLINE_CURVE_WITH_KNOTS('',3,(#4770,#4771,#4772,#4773),
 .UNSPECIFIED.,.F.,.F.,(4,4),(0.,1.),.UNSPECIFIED.);
#2754=B_SPLINE_CURVE_WITH_KNOTS('',3,(#4777,#4778,#4779,#4780,#4781,#4782,
#4783),.UNSPECIFIED.,.F.,.F.,(4,3,4),(0.,0.70762403609111,1.),
 .UNSPECIFIED.);
#2755=B_SPLINE_CURVE_WITH_KNOTS('',3,(#4787,#4788,#4789,#4790),
 .UNSPECIFIED.,.F.,.F.,(4,4),(0.,1.),.UNSPECIFIED.);
#2756=B_SPLINE_CURVE_WITH_KNOTS('',3,(#4795,#4796,#4797,#4798),
 .UNSPECIFIED.,.F.,.F.,(4,4),(0.,1.),.UNSPECIFIED.);
#2757=B_SPLINE_CURVE_WITH_KNOTS('',3,(#4802,#4803,#4804,#4805,#4806,#4807,
#4808),.UNSPECIFIED.,.F.,.F.,(4,3,4),(0.,0.107508288160119,1.),
 .UNSPECIFIED.);
#2758=B_SPLINE_CURVE_WITH_KNOTS('',3,(#4809,#4810,#4811,#4812),
 .UNSPECIFIED.,.F.,.F.,(4,4),(0.,1.),.UNSPECIFIED.);
#2759=B_SPLINE_CURVE_WITH_KNOTS('',3,(#4816,#4817,#4818,#4819),
 .UNSPECIFIED.,.F.,.F.,(4,4),(0.,1.),.UNSPECIFIED.);
#2760=B_SPLINE_CURVE_WITH_KNOTS('',3,(#4824,#4825,#4826,#4827,#4828,#4829,
#4830),.UNSPECIFIED.,.F.,.F.,(4,3,4),(0.,0.107508288160119,1.),
 .UNSPECIFIED.);
#2761=B_SPLINE_CURVE_WITH_KNOTS('',3,(#4834,#4835,#4836,#4837),
 .UNSPECIFIED.,.F.,.F.,(4,4),(0.,1.),.UNSPECIFIED.);
#2762=B_SPLINE_CURVE_WITH_KNOTS('',3,(#4838,#4839,#4840,#4841),
 .UNSPECIFIED.,.F.,.F.,(4,4),(0.,1.),.UNSPECIFIED.);
#2763=B_SPLINE_CURVE_WITH_KNOTS('',3,(#4845,#4846,#4847,#4848),
 .UNSPECIFIED.,.F.,.F.,(4,4),(0.,1.),.UNSPECIFIED.);
#2764=B_SPLINE_CURVE_WITH_KNOTS('',3,(#4853,#4854,#4855,#4856),
 .UNSPECIFIED.,.F.,.F.,(4,4),(0.,1.),.UNSPECIFIED.);
#2765=B_SPLINE_CURVE_WITH_KNOTS('',3,(#4860,#4861,#4862,#4863),
 .UNSPECIFIED.,.F.,.F.,(4,4),(0.,1.),.UNSPECIFIED.);
#2766=B_SPLINE_CURVE_WITH_KNOTS('',3,(#4864,#4865,#4866,#4867,#4868,#4869,
#4870),.UNSPECIFIED.,.F.,.F.,(4,3,4),(0.,0.110702760851839,1.),
 .UNSPECIFIED.);
#2767=B_SPLINE_CURVE_WITH_KNOTS('',3,(#4874,#4875,#4876,#4877,#4878,#4879,
#4880),.UNSPECIFIED.,.F.,.F.,(4,3,4),(0.,0.110702760851838,1.),
 .UNSPECIFIED.);
#2768=B_SPLINE_CURVE_WITH_KNOTS('',3,(#4885,#4886,#4887,#4888),
 .UNSPECIFIED.,.F.,.F.,(4,4),(0.,1.),.UNSPECIFIED.);
#2769=B_SPLINE_CURVE_WITH_KNOTS('',3,(#4892,#4893,#4894,#4895,#4896,#4897,
#4898),.UNSPECIFIED.,.F.,.F.,(4,3,4),(0.,0.107508288160118,1.),
 .UNSPECIFIED.);
#2770=B_SPLINE_CURVE_WITH_KNOTS('',3,(#4899,#4900,#4901,#4902),
 .UNSPECIFIED.,.F.,.F.,(4,4),(0.,1.),.UNSPECIFIED.);
#2771=B_SPLINE_CURVE_WITH_KNOTS('',3,(#4906,#4907,#4908,#4909),
 .UNSPECIFIED.,.F.,.F.,(4,4),(0.,1.),.UNSPECIFIED.);
#2772=B_SPLINE_CURVE_WITH_KNOTS('',3,(#5038,#5039,#5040,#5041,#5042,#5043,
#5044,#5045,#5046,#5047,#5048,#5049,#5050,#5051,#5052,#5053),
 .UNSPECIFIED.,.F.,.F.,(4,3,3,3,3,4),(0.,0.178642977269989,0.414849093087491,
0.650922049915444,0.886792090841037,1.),.UNSPECIFIED.);
#2773=B_SPLINE_CURVE_WITH_KNOTS('',3,(#5054,#5055,#5056,#5057,#5058,#5059,
#5060,#5061,#5062,#5063,#5064,#5065,#5066,#5067,#5068,#5069),
 .UNSPECIFIED.,.F.,.F.,(4,3,3,3,3,4),(0.,0.178642977269654,0.414849093087228,
0.650922049915254,0.886792090840911,1.),.UNSPECIFIED.);
#2774=B_SPLINE_CURVE_WITH_KNOTS('',3,(#5071,#5072,#5073,#5074,#5075,#5076,
#5077,#5078,#5079,#5080,#5081,#5082,#5083,#5084,#5085,#5086),
 .UNSPECIFIED.,.F.,.F.,(4,3,3,3,3,4),(0.,0.162602359486124,0.398269153484682,
0.633747963076305,0.869120234668841,1.),.UNSPECIFIED.);
#2775=B_SPLINE_CURVE_WITH_KNOTS('',3,(#5087,#5088,#5089,#5090,#5091,#5092,
#5093,#5094,#5095,#5096,#5097,#5098,#5099,#5100,#5101,#5102),
 .UNSPECIFIED.,.F.,.F.,(4,3,3,3,3,4),(0.,0.178642977269739,0.414849093087312,
0.650922049915338,0.886792090841007,1.),.UNSPECIFIED.);
#2776=B_SPLINE_CURVE_WITH_KNOTS('',3,(#5104,#5105,#5106,#5107,#5108,#5109,
#5110,#5111,#5112,#5113,#5114,#5115,#5116,#5117,#5118,#5119),
 .UNSPECIFIED.,.F.,.F.,(4,3,3,3,3,4),(0.,0.178642977269621,0.414849093087117,
0.650922049915081,0.886792090840661,1.),.UNSPECIFIED.);
#2777=B_SPLINE_CURVE_WITH_KNOTS('',3,(#5120,#5121,#5122,#5123,#5124,#5125,
#5126,#5127,#5128,#5129,#5130,#5131,#5132,#5133,#5134,#5135),
 .UNSPECIFIED.,.F.,.F.,(4,3,3,3,3,4),(0.,0.208389367640784,0.444552362978119,
0.591287380818489,0.826930218372961,1.),.UNSPECIFIED.);
#2778=B_SPLINE_CURVE_WITH_KNOTS('',3,(#5137,#5138,#5139,#5140,#5141,#5142,
#5143,#5144,#5145,#5146,#5147,#5148,#5149,#5150,#5151,#5152),
 .UNSPECIFIED.,.F.,.F.,(4,3,3,3,3,4),(0.,0.208389367640745,0.444552362978048,
0.591287380818408,0.826930218372847,1.),.UNSPECIFIED.);
#2779=B_SPLINE_CURVE_WITH_KNOTS('',3,(#5153,#5154,#5155,#5156,#5157,#5158,
#5159,#5160,#5161,#5162,#5163,#5164,#5165,#5166,#5167,#5168),
 .UNSPECIFIED.,.F.,.F.,(4,3,3,3,3,4),(0.,0.178642977269737,0.414849093087307,
0.650922049915334,0.886792090840996,1.),.UNSPECIFIED.);
#2780=B_SPLINE_CURVE_WITH_KNOTS('',3,(#5170,#5171,#5172,#5173,#5174,#5175,
#5176,#5177,#5178,#5179,#5180,#5181,#5182,#5183,#5184,#5185),
 .UNSPECIFIED.,.F.,.F.,(4,3,3,3,3,4),(0.,0.178642977269737,0.414849093087305,
0.650922049915337,0.886792090841001,1.),.UNSPECIFIED.);
#2781=B_SPLINE_CURVE_WITH_KNOTS('',3,(#5186,#5187,#5188,#5189,#5190,#5191,
#5192,#5193,#5194,#5195,#5196,#5197,#5198,#5199,#5200,#5201),
 .UNSPECIFIED.,.F.,.F.,(4,3,3,3,3,4),(0.,0.178642977269736,0.41484909308731,
0.650922049915336,0.886792090841001,1.),.UNSPECIFIED.);
#2782=B_SPLINE_CURVE_WITH_KNOTS('',3,(#5203,#5204,#5205,#5206,#5207,#5208,
#5209,#5210,#5211,#5212,#5213,#5214,#5215,#5216,#5217,#5218),
 .UNSPECIFIED.,.F.,.F.,(4,3,3,3,3,4),(0.,0.178642977269738,0.414849093087309,
0.650922049915333,0.886792090841001,1.),.UNSPECIFIED.);
#2783=B_SPLINE_CURVE_WITH_KNOTS('',3,(#5219,#5220,#5221,#5222,#5223,#5224,
#5225,#5226,#5227,#5228,#5229,#5230,#5231,#5232,#5233,#5234,#5235,#5236,
#5237),.UNSPECIFIED.,.F.,.F.,(4,3,3,3,3,3,4),(0.,0.0499806907593978,0.286121076286613,
0.522197689803343,0.758099023598845,0.993793727453781,1.),.UNSPECIFIED.);
#2784=B_SPLINE_CURVE_WITH_KNOTS('',3,(#5281,#5282,#5283,#5284),
 .UNSPECIFIED.,.F.,.F.,(4,4),(0.,1.),.UNSPECIFIED.);
#2785=B_SPLINE_CURVE_WITH_KNOTS('',3,(#5288,#5289,#5290,#5291),
 .UNSPECIFIED.,.F.,.F.,(4,4),(0.,1.),.UNSPECIFIED.);
#2786=B_SPLINE_CURVE_WITH_KNOTS('',3,(#5293,#5294,#5295,#5296),
 .UNSPECIFIED.,.F.,.F.,(4,4),(0.,1.),.UNSPECIFIED.);
#2787=B_SPLINE_CURVE_WITH_KNOTS('',3,(#5300,#5301,#5302,#5303),
 .UNSPECIFIED.,.F.,.F.,(4,4),(0.,1.),.UNSPECIFIED.);
#2788=B_SPLINE_CURVE_WITH_KNOTS('',3,(#5305,#5306,#5307,#5308,#5309,#5310,
#5311),.UNSPECIFIED.,.F.,.F.,(4,3,4),(0.,0.7446551956006,1.),
 .UNSPECIFIED.);
#2789=B_SPLINE_CURVE_WITH_KNOTS('',3,(#5315,#5316,#5317,#5318),
 .UNSPECIFIED.,.F.,.F.,(4,4),(0.,1.),.UNSPECIFIED.);
#2790=B_SPLINE_CURVE_WITH_KNOTS('',3,(#5320,#5321,#5322,#5323),
 .UNSPECIFIED.,.F.,.F.,(4,4),(0.,1.),.UNSPECIFIED.);
#2791=B_SPLINE_CURVE_WITH_KNOTS('',3,(#5327,#5328,#5329,#5330),
 .UNSPECIFIED.,.F.,.F.,(4,4),(0.,1.),.UNSPECIFIED.);
#2792=B_SPLINE_CURVE_WITH_KNOTS('',3,(#5332,#5333,#5334,#5335),
 .UNSPECIFIED.,.F.,.F.,(4,4),(0.,1.),.UNSPECIFIED.);
#2793=B_SPLINE_CURVE_WITH_KNOTS('',3,(#5339,#5340,#5341,#5342),
 .UNSPECIFIED.,.F.,.F.,(4,4),(0.,1.),.UNSPECIFIED.);
#2794=B_SPLINE_CURVE_WITH_KNOTS('',3,(#5344,#5345,#5346,#5347,#5348,#5349,
#5350,#5351,#5352,#5353,#5354,#5355,#5356,#5357,#5358,#5359,#5360,#5361,
#5362,#5363,#5364,#5365),.UNSPECIFIED.,.F.,.F.,(4,3,3,3,3,3,3,4),(0.,0.160472256265621,
0.321492454908603,0.482492819023709,0.643512745880347,0.804592855707327,
0.965748311461511,1.),.UNSPECIFIED.);
#2795=B_SPLINE_CURVE_WITH_KNOTS('',3,(#5369,#5370,#5371,#5372,#5373,#5374,
#5375,#5376,#5377,#5378,#5379,#5380,#5381,#5382,#5383,#5384,#5385,#5386,
#5387,#5388,#5389,#5390),.UNSPECIFIED.,.F.,.F.,(4,3,3,3,3,3,3,4),(0.,0.160472256289958,
0.321492454932975,0.482492819048116,0.643512745904796,0.804592855731828,
0.965748311486057,1.),.UNSPECIFIED.);
#2796=B_SPLINE_CURVE_WITH_KNOTS('',3,(#5392,#5393,#5394,#5395,#5396,#5397,
#5398,#5399,#5400,#5401,#5402,#5403,#5404,#5405,#5406,#5407,#5408,#5409,
#5410,#5411,#5412,#5413),.UNSPECIFIED.,.F.,.F.,(4,3,3,3,3,3,3,4),(0.,0.126983713458369,
0.288248656784981,0.449475551455131,0.610632050242183,0.771716507437977,
0.932758018957404,1.),.UNSPECIFIED.);
#2797=B_SPLINE_CURVE_WITH_KNOTS('',3,(#5417,#5418,#5419,#5420,#5421,#5422,
#5423,#5424,#5425,#5426,#5427,#5428,#5429,#5430,#5431,#5432,#5433,#5434,
#5435,#5436,#5437,#5438),.UNSPECIFIED.,.F.,.F.,(4,3,3,3,3,3,3,4),(0.,0.160472256267737,
0.321492454910723,0.482492819025833,0.643512745882477,0.804592855709461,
0.965748311463657,1.),.UNSPECIFIED.);
#2798=B_SPLINE_CURVE_WITH_KNOTS('',3,(#5440,#5441,#5442,#5443,#5444,#5445,
#5446,#5447,#5448,#5449,#5450,#5451,#5452,#5453,#5454,#5455,#5456,#5457,
#5458,#5459,#5460,#5461,#5462,#5463,#5464),.UNSPECIFIED.,.F.,.F.,(4,3,3,
3,3,3,3,3,4),(0.,0.0126907969395049,0.173865294030983,0.33497602008149,
0.496061305177253,0.595899796483987,0.757141169030687,0.918379181778965,
1.),.UNSPECIFIED.);
#2799=B_SPLINE_CURVE_WITH_KNOTS('',3,(#5468,#5469,#5470,#5471,#5472,#5473,
#5474,#5475,#5476,#5477,#5478,#5479,#5480,#5481,#5482,#5483,#5484,#5485,
#5486,#5487,#5488,#5489),.UNSPECIFIED.,.F.,.F.,(4,3,3,3,3,3,3,4),(0.,0.160472256265552,
0.321492454908535,0.482492819023644,0.643512745880284,0.804592855707265,
0.965748311461452,1.),.UNSPECIFIED.);
#2800=B_SPLINE_CURVE_WITH_KNOTS('',3,(#5491,#5492,#5493,#5494,#5495,#5496,
#5497,#5498,#5499,#5500,#5501,#5502,#5503,#5504,#5505,#5506,#5507,#5508,
#5509,#5510,#5511,#5512),.UNSPECIFIED.,.F.,.F.,(4,3,3,3,3,3,3,4),(0.,0.160472256265759,
0.321492454908745,0.482492819023851,0.643512745880488,0.804592855707465,
0.965748311461653,1.),.UNSPECIFIED.);
#2801=B_SPLINE_CURVE_WITH_KNOTS('',3,(#5516,#5517,#5518,#5519,#5520,#5521,
#5522,#5523,#5524,#5525,#5526,#5527,#5528,#5529,#5530,#5531,#5532,#5533,
#5534,#5535,#5536,#5537,#5538,#5539,#5540),.UNSPECIFIED.,.F.,.F.,(4,3,3,
3,3,3,3,3,4),(0.,0.00268990057404219,0.163850295714813,0.32494530864751,
0.486011969663358,0.58583721607875,0.747055439389922,0.908270237141553,
1.),.UNSPECIFIED.);
#2802=B_SPLINE_CURVE_WITH_KNOTS('',3,(#5542,#5543,#5544,#5545,#5546,#5547,
#5548,#5549,#5550,#5551,#5552,#5553,#5554,#5555,#5556,#5557,#5558,#5559,
#5560,#5561,#5562,#5563),.UNSPECIFIED.,.F.,.F.,(4,3,3,3,3,3,3,4),(0.,0.160472256287299,
0.321492454930308,0.482492819045447,0.643512745902121,0.804592855729144,
0.965748311483368,1.),.UNSPECIFIED.);
#2803=B_SPLINE_CURVE_WITH_KNOTS('',3,(#5567,#5568,#5569,#5570,#5571,#5572,
#5573,#5574,#5575,#5576,#5577,#5578,#5579,#5580,#5581,#5582,#5583,#5584,
#5585,#5586,#5587,#5588),.UNSPECIFIED.,.F.,.F.,(4,3,3,3,3,3,3,4),(0.,0.160472256275825,
0.321492454918822,0.482492819033942,0.643512745890601,0.804592855717604,
0.965748311471804,1.),.UNSPECIFIED.);
#2804=B_SPLINE_CURVE_WITH_KNOTS('',3,(#5680,#5681,#5682,#5683,#5684,#5685,
#5686,#5687,#5688,#5689,#5690,#5691,#5692,#5693,#5694,#5695,#5696,#5697,
#5698),.UNSPECIFIED.,.F.,.F.,(4,3,3,3,3,3,4),(0.,0.18282527703145,0.380236064223761,
0.577593757718225,0.77486382595711,0.972049814542098,1.),.UNSPECIFIED.);
#2805=B_SPLINE_CURVE_WITH_KNOTS('',3,(#5699,#5700,#5701,#5702,#5703,#5704,
#5705,#5706,#5707,#5708,#5709,#5710,#5711,#5712,#5713,#5714,#5715,#5716,
#5717),.UNSPECIFIED.,.F.,.F.,(4,3,3,3,3,3,4),(0.,0.182825277031443,0.380236064223763,
0.577593757718224,0.774863825957105,0.972049814542098,1.),.UNSPECIFIED.);
#2806=B_SPLINE_CURVE_WITH_KNOTS('',3,(#5719,#5720,#5721,#5722,#5723,#5724,
#5725,#5726,#5727,#5728,#5729,#5730,#5731,#5732,#5733,#5734,#5735,#5736,
#5737),.UNSPECIFIED.,.F.,.F.,(4,3,3,3,3,3,4),(0.,0.196555212622201,0.39369382888501,
0.590856942442098,0.788097441653771,0.985428329362627,1.),.UNSPECIFIED.);
#2807=B_SPLINE_CURVE_WITH_KNOTS('',3,(#5738,#5739,#5740,#5741,#5742,#5743,
#5744,#5745,#5746,#5747,#5748,#5749,#5750,#5751,#5752,#5753,#5754,#5755,
#5756),.UNSPECIFIED.,.F.,.F.,(4,3,3,3,3,3,4),(0.,0.182825277046842,0.380236064239158,
0.577593757733611,0.774863825972463,0.972049814557447,1.),.UNSPECIFIED.);
#2808=B_SPLINE_CURVE_WITH_KNOTS('',3,(#5758,#5759,#5760,#5761,#5762,#5763,
#5764,#5765,#5766,#5767,#5768,#5769,#5770,#5771,#5772,#5773,#5774,#5775,
#5776,#5777,#5778,#5779),.UNSPECIFIED.,.F.,.F.,(4,3,3,3,3,3,3,4),(0.,0.0837488518315595,
0.28129743997808,0.47882066336596,0.676269287841128,0.798754944319613,0.996031906382431,
1.),.UNSPECIFIED.);
#2809=B_SPLINE_CURVE_WITH_KNOTS('',3,(#5780,#5781,#5782,#5783,#5784,#5785,
#5786,#5787,#5788,#5789,#5790,#5791,#5792,#5793,#5794,#5795,#5796,#5797,
#5798),.UNSPECIFIED.,.F.,.F.,(4,3,3,3,3,3,4),(0.,0.18282527703143,0.380236064223749,
0.577593757718213,0.774863825957103,0.972049814542094,1.),.UNSPECIFIED.);
#2810=B_SPLINE_CURVE_WITH_KNOTS('',3,(#5800,#5801,#5802,#5803,#5804,#5805,
#5806,#5807,#5808,#5809,#5810,#5811,#5812,#5813,#5814,#5815,#5816,#5817,
#5818),.UNSPECIFIED.,.F.,.F.,(4,3,3,3,3,3,4),(0.,0.182825277047858,0.380236064240159,
0.577593757734598,0.774863825973471,0.972049814558447,1.),.UNSPECIFIED.);
#2811=B_SPLINE_CURVE_WITH_KNOTS('',3,(#5819,#5820,#5821,#5822,#5823,#5824,
#5825,#5826,#5827,#5828,#5829,#5830,#5831,#5832,#5833,#5834,#5835,#5836,
#5837),.UNSPECIFIED.,.F.,.F.,(4,3,3,3,3,3,4),(0.,0.0886680616444289,0.286203658783372,
0.4837124166079,0.681145717141451,0.803619644989982,1.),.UNSPECIFIED.);
#2812=B_SPLINE_CURVE_WITH_KNOTS('',3,(#5839,#5840,#5841,#5842,#5843,#5844,
#5845,#5846,#5847,#5848,#5849,#5850,#5851,#5852,#5853,#5854,#5855,#5856,
#5857),.UNSPECIFIED.,.F.,.F.,(4,3,3,3,3,3,4),(0.,0.18282527703144,0.380236064223746,
0.577593757718221,0.774863825957105,0.972049814542088,1.),.UNSPECIFIED.);
#2813=B_SPLINE_CURVE_WITH_KNOTS('',3,(#5858,#5859,#5860,#5861,#5862,#5863,
#5864,#5865,#5866,#5867,#5868,#5869,#5870,#5871,#5872,#5873,#5874,#5875,
#5876),.UNSPECIFIED.,.F.,.F.,(4,3,3,3,3,3,4),(0.,0.182825277031408,0.38023606422372,
0.577593757718197,0.774863825957094,0.972049814542069,1.),.UNSPECIFIED.);
#2814=B_SPLINE_CURVE_WITH_KNOTS('',3,(#5878,#5879,#5880,#5881),
 .UNSPECIFIED.,.F.,.F.,(4,4),(0.,1.),.UNSPECIFIED.);
#2815=B_SPLINE_CURVE_WITH_KNOTS('',3,(#5885,#5886,#5887,#5888,#5889,#5890,
#5891),.UNSPECIFIED.,.F.,.F.,(4,3,4),(0.,0.512548515721888,1.),
 .UNSPECIFIED.);
#2816=B_SPLINE_CURVE_WITH_KNOTS('',3,(#5893,#5894,#5895,#5896,#5897,#5898,
#5899,#5900,#5901,#5902,#5903,#5904,#5905,#5906,#5907,#5908,#5909,#5910,
#5911,#5912,#5913,#5914),.UNSPECIFIED.,.F.,.F.,(4,3,3,3,3,3,3,4),(0.,0.160472256265622,
0.321492454908607,0.482492819023713,0.643512745880349,0.804592855707333,
0.965748311461519,1.),.UNSPECIFIED.);
#2817=B_SPLINE_CURVE_WITH_KNOTS('',3,(#5918,#5919,#5920,#5921,#5922,#5923,
#5924,#5925,#5926,#5927,#5928,#5929,#5930,#5931,#5932,#5933,#5934,#5935,
#5936,#5937,#5938,#5939),.UNSPECIFIED.,.F.,.F.,(4,3,3,3,3,3,3,4),(0.,0.13110003671799,
0.292105240749928,0.453072968375767,0.614051321031028,0.775083910915291,
0.936191448438253,1.),.UNSPECIFIED.);
#2818=B_SPLINE_CURVE_WITH_KNOTS('',3,(#5959,#5960,#5961,#5962,#5963,#5964,
#5965,#5966,#5967,#5968,#5969,#5970,#5971,#5972,#5973,#5974,#5975,#5976,
#5977),.UNSPECIFIED.,.F.,.F.,(4,3,3,3,3,3,4),(0.,0.182825277031444,0.380236064223751,
0.577593757718224,0.774863825957115,0.972049814542096,1.),.UNSPECIFIED.);
#2819=B_SPLINE_CURVE_WITH_KNOTS('',3,(#5978,#5979,#5980,#5981,#5982,#5983,
#5984,#5985,#5986,#5987,#5988,#5989,#5990,#5991,#5992,#5993,#5994,#5995,
#5996),.UNSPECIFIED.,.F.,.F.,(4,3,3,3,3,3,4),(0.,0.137753807521348,0.335130242902544,
0.532465636337544,0.729718214792429,0.926882414866768,1.),.UNSPECIFIED.);
#2820=AXIS2_PLACEMENT_3D('',#3800,#3086,#3087);
#2821=AXIS2_PLACEMENT_3D('',#3861,#3089,#3090);
#2822=AXIS2_PLACEMENT_3D('',#3884,#3096,#3097);
#2823=AXIS2_PLACEMENT_3D('',#3893,#3102,#3103);
#2824=AXIS2_PLACEMENT_3D('',#3920,#3109,#3110);
#2825=AXIS2_PLACEMENT_3D('',#3943,#3116,#3117);
#2826=AXIS2_PLACEMENT_3D('',#3947,#3119,#3120);
#2827=AXIS2_PLACEMENT_3D('',#3955,#3124,#3125);
#2828=AXIS2_PLACEMENT_3D('',#3959,#3127,#3128);
#2829=AXIS2_PLACEMENT_3D('',#3960,#3129,#3130);
#2830=AXIS2_PLACEMENT_3D('',#3968,#3134,#3135);
#2831=AXIS2_PLACEMENT_3D('',#3972,#3137,#3138);
#2832=AXIS2_PLACEMENT_3D('',#3976,#3140,#3141);
#2833=AXIS2_PLACEMENT_3D('',#3977,#3142,#3143);
#2834=AXIS2_PLACEMENT_3D('',#3991,#3144,#3145);
#2835=AXIS2_PLACEMENT_3D('',#3992,#3146,#3147);
#2836=AXIS2_PLACEMENT_3D('',#4002,#3148,#3149);
#2837=AXIS2_PLACEMENT_3D('',#4009,#3150,#3151);
#2838=AXIS2_PLACEMENT_3D('',#4010,#3152,#3153);
#2839=AXIS2_PLACEMENT_3D('',#4017,#3154,#3155);
#2840=AXIS2_PLACEMENT_3D('',#4024,#3156,#3157);
#2841=AXIS2_PLACEMENT_3D('',#4025,#3158,#3159);
#2842=AXIS2_PLACEMENT_3D('',#4032,#3160,#3161);
#2843=AXIS2_PLACEMENT_3D('',#4039,#3162,#3163);
#2844=AXIS2_PLACEMENT_3D('',#4040,#3164,#3165);
#2845=AXIS2_PLACEMENT_3D('',#4047,#3166,#3167);
#2846=AXIS2_PLACEMENT_3D('',#4054,#3168,#3169);
#2847=AXIS2_PLACEMENT_3D('',#4055,#3170,#3171);
#2848=AXIS2_PLACEMENT_3D('',#4065,#3172,#3173);
#2849=AXIS2_PLACEMENT_3D('',#4072,#3174,#3175);
#2850=AXIS2_PLACEMENT_3D('',#4073,#3176,#3177);
#2851=AXIS2_PLACEMENT_3D('',#4120,#3178,#3179);
#2852=AXIS2_PLACEMENT_3D('',#4121,#3180,#3181);
#2853=AXIS2_PLACEMENT_3D('',#4171,#3182,#3183);
#2854=AXIS2_PLACEMENT_3D('',#4172,#3184,#3185);
#2855=AXIS2_PLACEMENT_3D('',#4219,#3186,#3187);
#2856=AXIS2_PLACEMENT_3D('',#4220,#3188,#3189);
#2857=AXIS2_PLACEMENT_3D('',#4270,#3190,#3191);
#2858=AXIS2_PLACEMENT_3D('',#4271,#3192,#3193);
#2859=AXIS2_PLACEMENT_3D('',#4295,#3194,#3195);
#2860=AXIS2_PLACEMENT_3D('',#4319,#3196,#3197);
#2861=AXIS2_PLACEMENT_3D('',#4366,#3198,#3199);
#2862=AXIS2_PLACEMENT_3D('',#4367,#3200,#3201);
#2863=AXIS2_PLACEMENT_3D('',#4372,#3204,#3205);
#2864=AXIS2_PLACEMENT_3D('',#4373,#3206,#3207);
#2865=AXIS2_PLACEMENT_3D('',#4378,#3210,#3211);
#2866=AXIS2_PLACEMENT_3D('',#4379,#3212,#3213);
#2867=AXIS2_PLACEMENT_3D('',#4384,#3216,#3217);
#2868=AXIS2_PLACEMENT_3D('',#4385,#3218,#3219);
#2869=AXIS2_PLACEMENT_3D('',#4390,#3222,#3223);
#2870=AXIS2_PLACEMENT_3D('',#4391,#3224,#3225);
#2871=AXIS2_PLACEMENT_3D('',#4394,#3227,#3228);
#2872=AXIS2_PLACEMENT_3D('',#4397,#3230,#3231);
#2873=AXIS2_PLACEMENT_3D('',#4402,#3234,#3235);
#2874=AXIS2_PLACEMENT_3D('',#4403,#3236,#3237);
#2875=AXIS2_PLACEMENT_3D('',#4408,#3240,#3241);
#2876=AXIS2_PLACEMENT_3D('',#4409,#3242,#3243);
#2877=AXIS2_PLACEMENT_3D('',#4414,#3246,#3247);
#2878=AXIS2_PLACEMENT_3D('',#4415,#3248,#3249);
#2879=AXIS2_PLACEMENT_3D('',#4420,#3252,#3253);
#2880=AXIS2_PLACEMENT_3D('',#4421,#3254,#3255);
#2881=AXIS2_PLACEMENT_3D('',#4426,#3258,#3259);
#2882=AXIS2_PLACEMENT_3D('',#4427,#3260,#3261);
#2883=AXIS2_PLACEMENT_3D('',#4430,#3263,#3264);
#2884=AXIS2_PLACEMENT_3D('',#4433,#3266,#3267);
#2885=AXIS2_PLACEMENT_3D('',#4438,#3270,#3271);
#2886=AXIS2_PLACEMENT_3D('',#4439,#3272,#3273);
#2887=AXIS2_PLACEMENT_3D('',#4444,#3276,#3277);
#2888=AXIS2_PLACEMENT_3D('',#4445,#3278,#3279);
#2889=AXIS2_PLACEMENT_3D('',#4450,#3282,#3283);
#2890=AXIS2_PLACEMENT_3D('',#4451,#3284,#3285);
#2891=AXIS2_PLACEMENT_3D('',#4456,#3288,#3289);
#2892=AXIS2_PLACEMENT_3D('',#4457,#3290,#3291);
#2893=AXIS2_PLACEMENT_3D('',#4462,#3294,#3295);
#2894=AXIS2_PLACEMENT_3D('',#4463,#3296,#3297);
#2895=AXIS2_PLACEMENT_3D('',#4466,#3299,#3300);
#2896=AXIS2_PLACEMENT_3D('',#4469,#3302,#3303);
#2897=AXIS2_PLACEMENT_3D('',#4474,#3306,#3307);
#2898=AXIS2_PLACEMENT_3D('',#4475,#3308,#3309);
#2899=AXIS2_PLACEMENT_3D('',#4516,#3310,#3311);
#2900=AXIS2_PLACEMENT_3D('',#4517,#3312,#3313);
#2901=AXIS2_PLACEMENT_3D('',#4561,#3314,#3315);
#2902=AXIS2_PLACEMENT_3D('',#4562,#3316,#3317);
#2903=AXIS2_PLACEMENT_3D('',#4603,#3318,#3319);
#2904=AXIS2_PLACEMENT_3D('',#4604,#3320,#3321);
#2905=AXIS2_PLACEMENT_3D('',#4645,#3322,#3323);
#2906=AXIS2_PLACEMENT_3D('',#4646,#3324,#3325);
#2907=AXIS2_PLACEMENT_3D('',#4667,#3326,#3327);
#2908=AXIS2_PLACEMENT_3D('',#4688,#3328,#3329);
#2909=AXIS2_PLACEMENT_3D('',#4729,#3330,#3331);
#2910=AXIS2_PLACEMENT_3D('',#4730,#3332,#3333);
#2911=AXIS2_PLACEMENT_3D('',#4744,#3334,#3335);
#2912=AXIS2_PLACEMENT_3D('',#4754,#3336,#3337);
#2913=AXIS2_PLACEMENT_3D('',#4761,#3338,#3339);
#2914=AXIS2_PLACEMENT_3D('',#4762,#3340,#3341);
#2915=AXIS2_PLACEMENT_3D('',#4768,#3342,#3343);
#2916=AXIS2_PLACEMENT_3D('',#4775,#3344,#3345);
#2917=AXIS2_PLACEMENT_3D('',#4785,#3346,#3347);
#2918=AXIS2_PLACEMENT_3D('',#4791,#3348,#3349);
#2919=AXIS2_PLACEMENT_3D('',#4792,#3350,#3351);
#2920=AXIS2_PLACEMENT_3D('',#4800,#3352,#3353);
#2921=AXIS2_PLACEMENT_3D('',#4814,#3354,#3355);
#2922=AXIS2_PLACEMENT_3D('',#4820,#3356,#3357);
#2923=AXIS2_PLACEMENT_3D('',#4821,#3358,#3359);
#2924=AXIS2_PLACEMENT_3D('',#4832,#3360,#3361);
#2925=AXIS2_PLACEMENT_3D('',#4843,#3362,#3363);
#2926=AXIS2_PLACEMENT_3D('',#4849,#3364,#3365);
#2927=AXIS2_PLACEMENT_3D('',#4850,#3366,#3367);
#2928=AXIS2_PLACEMENT_3D('',#4858,#3368,#3369);
#2929=AXIS2_PLACEMENT_3D('',#4872,#3370,#3371);
#2930=AXIS2_PLACEMENT_3D('',#4881,#3372,#3373);
#2931=AXIS2_PLACEMENT_3D('',#4882,#3374,#3375);
#2932=AXIS2_PLACEMENT_3D('',#4890,#3376,#3377);
#2933=AXIS2_PLACEMENT_3D('',#4904,#3378,#3379);
#2934=AXIS2_PLACEMENT_3D('',#4910,#3380,#3381);
#2935=AXIS2_PLACEMENT_3D('',#4911,#3382,#3383);
#2936=AXIS2_PLACEMENT_3D('',#4916,#3385,#3386);
#2937=AXIS2_PLACEMENT_3D('',#4920,#3388,#3389);
#2938=AXIS2_PLACEMENT_3D('',#4924,#3391,#3392);
#2939=AXIS2_PLACEMENT_3D('',#4928,#3394,#3395);
#2940=AXIS2_PLACEMENT_3D('',#4932,#3397,#3398);
#2941=AXIS2_PLACEMENT_3D('',#4936,#3400,#3401);
#2942=AXIS2_PLACEMENT_3D('',#4940,#3403,#3404);
#2943=AXIS2_PLACEMENT_3D('',#4944,#3406,#3407);
#2944=AXIS2_PLACEMENT_3D('',#4949,#3410,#3411);
#2945=AXIS2_PLACEMENT_3D('',#4953,#3414,#3415);
#2946=AXIS2_PLACEMENT_3D('',#4958,#3417,#3418);
#2947=AXIS2_PLACEMENT_3D('',#4962,#3420,#3421);
#2948=AXIS2_PLACEMENT_3D('',#4966,#3423,#3424);
#2949=AXIS2_PLACEMENT_3D('',#4970,#3426,#3427);
#2950=AXIS2_PLACEMENT_3D('',#4974,#3429,#3430);
#2951=AXIS2_PLACEMENT_3D('',#4978,#3432,#3433);
#2952=AXIS2_PLACEMENT_3D('',#4982,#3435,#3436);
#2953=AXIS2_PLACEMENT_3D('',#4986,#3438,#3439);
#2954=AXIS2_PLACEMENT_3D('',#4990,#3441,#3442);
#2955=AXIS2_PLACEMENT_3D('',#4994,#3444,#3445);
#2956=AXIS2_PLACEMENT_3D('',#4998,#3447,#3448);
#2957=AXIS2_PLACEMENT_3D('',#5001,#3450,#3451);
#2958=AXIS2_PLACEMENT_3D('',#5004,#3453,#3454);
#2959=AXIS2_PLACEMENT_3D('',#5007,#3456,#3457);
#2960=AXIS2_PLACEMENT_3D('',#5012,#3460,#3461);
#2961=AXIS2_PLACEMENT_3D('',#5013,#3462,#3463);
#2962=AXIS2_PLACEMENT_3D('',#5014,#3464,#3465);
#2963=AXIS2_PLACEMENT_3D('',#5019,#3468,#3469);
#2964=AXIS2_PLACEMENT_3D('',#5020,#3470,#3471);
#2965=AXIS2_PLACEMENT_3D('',#5025,#3474,#3475);
#2966=AXIS2_PLACEMENT_3D('',#5026,#3476,#3477);
#2967=AXIS2_PLACEMENT_3D('',#5031,#3480,#3481);
#2968=AXIS2_PLACEMENT_3D('',#5032,#3482,#3483);
#2969=AXIS2_PLACEMENT_3D('',#5037,#3486,#3487);
#2970=AXIS2_PLACEMENT_3D('',#5070,#3488,#3489);
#2971=AXIS2_PLACEMENT_3D('',#5103,#3490,#3491);
#2972=AXIS2_PLACEMENT_3D('',#5136,#3492,#3493);
#2973=AXIS2_PLACEMENT_3D('',#5169,#3494,#3495);
#2974=AXIS2_PLACEMENT_3D('',#5202,#3496,#3497);
#2975=AXIS2_PLACEMENT_3D('',#5238,#3498,#3499);
#2976=AXIS2_PLACEMENT_3D('',#5239,#3500,#3501);
#2977=AXIS2_PLACEMENT_3D('',#5245,#3504,#3505);
#2978=AXIS2_PLACEMENT_3D('',#5250,#3509,#3510);
#2979=AXIS2_PLACEMENT_3D('',#5256,#3513,#3514);
#2980=AXIS2_PLACEMENT_3D('',#5261,#3518,#3519);
#2981=AXIS2_PLACEMENT_3D('',#5267,#3522,#3523);
#2982=AXIS2_PLACEMENT_3D('',#5272,#3527,#3528);
#2983=AXIS2_PLACEMENT_3D('',#5280,#3534,#3535);
#2984=AXIS2_PLACEMENT_3D('',#5286,#3536,#3537);
#2985=AXIS2_PLACEMENT_3D('',#5292,#3538,#3539);
#2986=AXIS2_PLACEMENT_3D('',#5298,#3540,#3541);
#2987=AXIS2_PLACEMENT_3D('',#5304,#3542,#3543);
#2988=AXIS2_PLACEMENT_3D('',#5313,#3544,#3545);
#2989=AXIS2_PLACEMENT_3D('',#5319,#3546,#3547);
#2990=AXIS2_PLACEMENT_3D('',#5325,#3548,#3549);
#2991=AXIS2_PLACEMENT_3D('',#5331,#3550,#3551);
#2992=AXIS2_PLACEMENT_3D('',#5337,#3552,#3553);
#2993=AXIS2_PLACEMENT_3D('',#5343,#3554,#3555);
#2994=AXIS2_PLACEMENT_3D('',#5367,#3556,#3557);
#2995=AXIS2_PLACEMENT_3D('',#5391,#3558,#3559);
#2996=AXIS2_PLACEMENT_3D('',#5415,#3560,#3561);
#2997=AXIS2_PLACEMENT_3D('',#5439,#3562,#3563);
#2998=AXIS2_PLACEMENT_3D('',#5466,#3564,#3565);
#2999=AXIS2_PLACEMENT_3D('',#5490,#3566,#3567);
#3000=AXIS2_PLACEMENT_3D('',#5514,#3568,#3569);
#3001=AXIS2_PLACEMENT_3D('',#5541,#3570,#3571);
#3002=AXIS2_PLACEMENT_3D('',#5565,#3572,#3573);
#3003=AXIS2_PLACEMENT_3D('',#5589,#3574,#3575);
#3004=AXIS2_PLACEMENT_3D('',#5592,#3577,#3578);
#3005=AXIS2_PLACEMENT_3D('',#5595,#3580,#3581);
#3006=AXIS2_PLACEMENT_3D('',#5598,#3583,#3584);
#3007=AXIS2_PLACEMENT_3D('',#5601,#3586,#3587);
#3008=AXIS2_PLACEMENT_3D('',#5604,#3589,#3590);
#3009=AXIS2_PLACEMENT_3D('',#5607,#3592,#3593);
#3010=AXIS2_PLACEMENT_3D('',#5610,#3595,#3596);
#3011=AXIS2_PLACEMENT_3D('',#5613,#3598,#3599);
#3012=AXIS2_PLACEMENT_3D('',#5616,#3601,#3602);
#3013=AXIS2_PLACEMENT_3D('',#5619,#3604,#3605);
#3014=AXIS2_PLACEMENT_3D('',#5622,#3607,#3608);
#3015=AXIS2_PLACEMENT_3D('',#5625,#3610,#3611);
#3016=AXIS2_PLACEMENT_3D('',#5628,#3613,#3614);
#3017=AXIS2_PLACEMENT_3D('',#5631,#3616,#3617);
#3018=AXIS2_PLACEMENT_3D('',#5634,#3619,#3620);
#3019=AXIS2_PLACEMENT_3D('',#5637,#3622,#3623);
#3020=AXIS2_PLACEMENT_3D('',#5640,#3625,#3626);
#3021=AXIS2_PLACEMENT_3D('',#5643,#3628,#3629);
#3022=AXIS2_PLACEMENT_3D('',#5646,#3631,#3632);
#3023=AXIS2_PLACEMENT_3D('',#5649,#3634,#3635);
#3024=AXIS2_PLACEMENT_3D('',#5652,#3637,#3638);
#3025=AXIS2_PLACEMENT_3D('',#5655,#3640,#3641);
#3026=AXIS2_PLACEMENT_3D('',#5658,#3643,#3644);
#3027=AXIS2_PLACEMENT_3D('',#5661,#3646,#3647);
#3028=AXIS2_PLACEMENT_3D('',#5664,#3649,#3650);
#3029=AXIS2_PLACEMENT_3D('',#5667,#3652,#3653);
#3030=AXIS2_PLACEMENT_3D('',#5670,#3655,#3656);
#3031=AXIS2_PLACEMENT_3D('',#5673,#3658,#3659);
#3032=AXIS2_PLACEMENT_3D('',#5676,#3661,#3662);
#3033=AXIS2_PLACEMENT_3D('',#5679,#3664,#3665);
#3034=AXIS2_PLACEMENT_3D('',#5718,#3666,#3667);
#3035=AXIS2_PLACEMENT_3D('',#5757,#3668,#3669);
#3036=AXIS2_PLACEMENT_3D('',#5799,#3670,#3671);
#3037=AXIS2_PLACEMENT_3D('',#5838,#3672,#3673);
#3038=AXIS2_PLACEMENT_3D('',#5877,#3674,#3675);
#3039=AXIS2_PLACEMENT_3D('',#5883,#3676,#3677);
#3040=AXIS2_PLACEMENT_3D('',#5892,#3678,#3679);
#3041=AXIS2_PLACEMENT_3D('',#5916,#3680,#3681);
#3042=AXIS2_PLACEMENT_3D('',#5940,#3682,#3683);
#3043=AXIS2_PLACEMENT_3D('',#5943,#3685,#3686);
#3044=AXIS2_PLACEMENT_3D('',#5946,#3688,#3689);
#3045=AXIS2_PLACEMENT_3D('',#5949,#3691,#3692);
#3046=AXIS2_PLACEMENT_3D('',#5952,#3694,#3695);
#3047=AXIS2_PLACEMENT_3D('',#5955,#3697,#3698);
#3048=AXIS2_PLACEMENT_3D('',#5958,#3700,#3701);
#3049=AXIS2_PLACEMENT_3D('',#5997,#3702,#3703);
#3050=AXIS2_PLACEMENT_3D('',#6000,#3706,#3707);
#3051=AXIS2_PLACEMENT_3D('',#6001,#3708,#3709);
#3052=AXIS2_PLACEMENT_3D('',#6002,#3710,#3711);
#3053=AXIS2_PLACEMENT_3D('',#6005,#3714,#3715);
#3054=AXIS2_PLACEMENT_3D('',#6006,#3716,#3717);
#3055=AXIS2_PLACEMENT_3D('',#6007,#3718,#3719);
#3056=AXIS2_PLACEMENT_3D('',#6009,#3721,#3722);
#3057=AXIS2_PLACEMENT_3D('',#6011,#3724,#3725);
#3058=AXIS2_PLACEMENT_3D('',#6012,#3726,#3727);
#3059=AXIS2_PLACEMENT_3D('',#6014,#3729,#3730);
#3060=AXIS2_PLACEMENT_3D('',#6016,#3732,#3733);
#3061=AXIS2_PLACEMENT_3D('',#6017,#3734,#3735);
#3062=AXIS2_PLACEMENT_3D('',#6019,#3737,#3738);
#3063=AXIS2_PLACEMENT_3D('',#6021,#3740,#3741);
#3064=AXIS2_PLACEMENT_3D('',#6022,#3742,#3743);
#3065=AXIS2_PLACEMENT_3D('',#6024,#3745,#3746);
#3066=AXIS2_PLACEMENT_3D('',#6026,#3748,#3749);
#3067=AXIS2_PLACEMENT_3D('',#6027,#3750,#3751);
#3068=AXIS2_PLACEMENT_3D('',#6030,#3754,#3755);
#3069=AXIS2_PLACEMENT_3D('',#6031,#3756,#3757);
#3070=AXIS2_PLACEMENT_3D('',#6032,#3758,#3759);
#3071=AXIS2_PLACEMENT_3D('',#6034,#3761,#3762);
#3072=AXIS2_PLACEMENT_3D('',#6036,#3764,#3765);
#3073=AXIS2_PLACEMENT_3D('',#6037,#3766,#3767);
#3074=AXIS2_PLACEMENT_3D('',#6039,#3769,#3770);
#3075=AXIS2_PLACEMENT_3D('',#6041,#3772,#3773);
#3076=AXIS2_PLACEMENT_3D('',#6042,#3774,#3775);
#3077=AXIS2_PLACEMENT_3D('',#6044,#3777,#3778);
#3078=AXIS2_PLACEMENT_3D('',#6046,#3780,#3781);
#3079=AXIS2_PLACEMENT_3D('',#6047,#3782,#3783);
#3080=AXIS2_PLACEMENT_3D('',#6049,#3785,#3786);
#3081=AXIS2_PLACEMENT_3D('',#6051,#3788,#3789);
#3082=AXIS2_PLACEMENT_3D('',#6052,#3790,#3791);
#3083=AXIS2_PLACEMENT_3D('',#6055,#3794,#3795);
#3084=AXIS2_PLACEMENT_3D('',#6056,#3796,#3797);
#3085=AXIS2_PLACEMENT_3D('',#6057,#3798,#3799);
#3086=DIRECTION('',(0.,0.,1.));
#3087=DIRECTION('',(1.,0.,0.));
#3088=DIRECTION('',(0.,0.792930816761991,-0.60931167708256));
#3089=DIRECTION('',(-1.,0.,0.));
#3090=DIRECTION('',(0.,0.,1.));
#3091=DIRECTION('',(0.,-0.58739631513892,-0.809299430965585));
#3092=DIRECTION('',(0.,0.80929943096558,-0.587396315138926));
#3093=DIRECTION('',(0.,0.587396315138922,0.809299430965583));
#3094=DIRECTION('',(0.,-0.809299430965581,0.587396315138925));
#3095=DIRECTION('',(0.,-0.587396315138923,-0.809299430965583));
#3096=DIRECTION('',(-1.,0.,0.));
#3097=DIRECTION('',(0.,0.,1.));
#3098=DIRECTION('',(0.,0.495340329988081,0.868699002812424));
#3099=DIRECTION('',(0.,-0.868699002812426,0.495340329988076));
#3100=DIRECTION('',(0.,-0.495340329988074,-0.868699002812428));
#3101=DIRECTION('',(0.,0.868699002812427,-0.495340329988074));
#3102=DIRECTION('',(-1.,0.,0.));
#3103=DIRECTION('',(0.,0.,1.));
#3104=DIRECTION('',(0.,-0.917671916247947,0.397338966286747));
#3105=DIRECTION('',(0.,-0.397338966286754,-0.917671916247944));
#3106=DIRECTION('',(0.,0.917671916247947,-0.397338966286747));
#3107=DIRECTION('',(0.,0.917671916247945,-0.397338966286752));
#3108=DIRECTION('',(0.,0.397338966286742,0.917671916247949));
#3109=DIRECTION('',(-1.,0.,0.));
#3110=DIRECTION('',(0.,0.,1.));
#3111=DIRECTION('',(0.,-0.26818722930422,-0.96336680970341));
#3112=DIRECTION('',(0.,0.963366809703411,-0.268187229304214));
#3113=DIRECTION('',(0.,0.268187229304217,0.963366809703411));
#3114=DIRECTION('',(0.,-0.96336680970341,0.268187229304217));
#3115=DIRECTION('',(0.,-0.268187229304228,-0.963366809703407));
#3116=DIRECTION('',(-1.,0.,0.));
#3117=DIRECTION('',(0.,0.,1.));
#3118=DIRECTION('',(5.0532154980743E-16,-0.866025403784439,-0.499999999999999));
#3119=DIRECTION('',(-1.,0.,0.));
#3120=DIRECTION('',(0.,0.,1.));
#3121=DIRECTION('',(5.05321549807431E-16,0.5,0.866025403784439));
#3122=DIRECTION('',(0.,0.866025403784439,-0.5));
#3123=DIRECTION('',(5.05321549807431E-16,0.5,0.866025403784439));
#3124=DIRECTION('',(-1.,0.,0.));
#3125=DIRECTION('',(0.,0.,1.));
#3126=DIRECTION('',(5.0532154980743E-16,0.,1.));
#3127=DIRECTION('',(-1.,0.,0.));
#3128=DIRECTION('',(0.,0.,1.));
#3129=DIRECTION('',(-1.,0.,0.));
#3130=DIRECTION('',(0.,0.,1.));
#3131=DIRECTION('',(5.05321549807431E-16,-0.5,0.866025403784439));
#3132=DIRECTION('',(0.,0.866025403784439,0.5));
#3133=DIRECTION('',(5.05321549807431E-16,-0.5,0.866025403784439));
#3134=DIRECTION('',(-1.,0.,0.));
#3135=DIRECTION('',(0.,0.,1.));
#3136=DIRECTION('',(5.0532154980743E-16,-0.866025403784438,0.500000000000001));
#3137=DIRECTION('',(-1.,0.,0.));
#3138=DIRECTION('',(0.,0.,1.));
#3139=DIRECTION('',(5.0532154980743E-16,0.,1.));
#3140=DIRECTION('',(-1.,0.,0.));
#3141=DIRECTION('',(0.,0.,1.));
#3142=DIRECTION('',(-1.,0.,0.));
#3143=DIRECTION('',(0.,0.,1.));
#3144=DIRECTION('',(-1.,0.,0.));
#3145=DIRECTION('',(0.,0.,1.));
#3146=DIRECTION('',(-1.,0.,0.));
#3147=DIRECTION('',(-1.1399155092663E-17,0.,1.));
#3148=DIRECTION('',(-1.,0.,0.));
#3149=DIRECTION('',(0.,0.,1.));
#3150=DIRECTION('',(-1.,0.,0.));
#3151=DIRECTION('',(0.,0.,1.));
#3152=DIRECTION('',(-1.,0.,0.));
#3153=DIRECTION('',(-1.1399155092663E-17,0.,1.));
#3154=DIRECTION('',(-1.,0.,0.));
#3155=DIRECTION('',(0.,0.,1.));
#3156=DIRECTION('',(-1.,0.,0.));
#3157=DIRECTION('',(0.,0.,1.));
#3158=DIRECTION('',(-1.,0.,0.));
#3159=DIRECTION('',(-1.1399155092663E-17,0.,1.));
#3160=DIRECTION('',(-1.,0.,0.));
#3161=DIRECTION('',(0.,0.,1.));
#3162=DIRECTION('',(-1.,0.,0.));
#3163=DIRECTION('',(0.,0.,1.));
#3164=DIRECTION('',(-1.,0.,0.));
#3165=DIRECTION('',(-1.1399155092663E-17,0.,1.));
#3166=DIRECTION('',(-1.,0.,0.));
#3167=DIRECTION('',(0.,0.,1.));
#3168=DIRECTION('',(-1.,0.,0.));
#3169=DIRECTION('',(0.,0.,1.));
#3170=DIRECTION('',(-1.,0.,0.));
#3171=DIRECTION('',(-1.1399155092663E-17,0.,1.));
#3172=DIRECTION('',(-1.,0.,0.));
#3173=DIRECTION('',(0.,0.,1.));
#3174=DIRECTION('',(-1.,0.,0.));
#3175=DIRECTION('',(0.,0.,1.));
#3176=DIRECTION('',(-1.,0.,0.));
#3177=DIRECTION('',(-1.1399155092663E-17,0.,1.));
#3178=DIRECTION('',(-1.,0.,0.));
#3179=DIRECTION('',(0.,0.,1.));
#3180=DIRECTION('',(-1.,0.,0.));
#3181=DIRECTION('',(0.,0.,1.));
#3182=DIRECTION('',(-1.,0.,0.));
#3183=DIRECTION('',(0.,0.,1.));
#3184=DIRECTION('',(-1.,0.,0.));
#3185=DIRECTION('',(0.,0.,1.));
#3186=DIRECTION('',(-1.,0.,0.));
#3187=DIRECTION('',(0.,0.,1.));
#3188=DIRECTION('',(-1.,0.,0.));
#3189=DIRECTION('',(0.,0.,1.));
#3190=DIRECTION('',(-1.,0.,0.));
#3191=DIRECTION('',(0.,0.,1.));
#3192=DIRECTION('',(-1.,0.,0.));
#3193=DIRECTION('',(0.,0.,1.));
#3194=DIRECTION('',(-1.,0.,0.));
#3195=DIRECTION('',(0.,0.,1.));
#3196=DIRECTION('',(-1.,0.,0.));
#3197=DIRECTION('',(0.,0.,1.));
#3198=DIRECTION('',(-1.,0.,0.));
#3199=DIRECTION('',(0.,0.,1.));
#3200=DIRECTION('',(-1.,0.,0.));
#3201=DIRECTION('',(0.,0.,1.));
#3202=DIRECTION('',(0.,0.5,-0.866025403784439));
#3203=DIRECTION('',(0.,0.,1.));
#3204=DIRECTION('',(-1.,0.,0.));
#3205=DIRECTION('',(0.,0.,1.));
#3206=DIRECTION('',(1.,0.,0.));
#3207=DIRECTION('',(0.,0.,-1.));
#3208=DIRECTION('',(0.,1.,-1.0547118733939E-15));
#3209=DIRECTION('',(0.,0.866025403784438,-0.500000000000001));
#3210=DIRECTION('',(-1.,0.,0.));
#3211=DIRECTION('',(0.,0.,1.));
#3212=DIRECTION('',(1.,0.,0.));
#3213=DIRECTION('',(0.,0.,-1.));
#3214=DIRECTION('',(0.,0.500000000000002,0.866025403784438));
#3215=DIRECTION('',(0.,0.86602540378444,0.499999999999999));
#3216=DIRECTION('',(-1.,0.,0.));
#3217=DIRECTION('',(0.,0.,1.));
#3218=DIRECTION('',(1.,0.,0.));
#3219=DIRECTION('',(0.,0.,-1.));
#3220=DIRECTION('',(0.,-0.499999999999998,0.86602540378444));
#3221=DIRECTION('',(0.,2.34291072916505E-15,1.));
#3222=DIRECTION('',(-1.,0.,0.));
#3223=DIRECTION('',(0.,0.,1.));
#3224=DIRECTION('',(1.,0.,0.));
#3225=DIRECTION('',(0.,0.,-1.));
#3226=DIRECTION('',(0.,-1.,1.0547118733939E-15));
#3227=DIRECTION('',(-1.,0.,0.));
#3228=DIRECTION('',(0.,0.,1.));
#3229=DIRECTION('',(0.,-0.866025403784441,-0.499999999999996));
#3230=DIRECTION('',(1.,0.,0.));
#3231=DIRECTION('',(0.,0.,-1.));
#3232=DIRECTION('',(0.,-1.,3.83026943495679E-15));
#3233=DIRECTION('',(0.,-0.866025403784437,0.500000000000003));
#3234=DIRECTION('',(-1.,0.,0.));
#3235=DIRECTION('',(0.,0.,1.));
#3236=DIRECTION('',(1.,0.,0.));
#3237=DIRECTION('',(0.,0.,-1.));
#3238=DIRECTION('',(-1.,0.,0.));
#3239=DIRECTION('',(1.,0.,0.));
#3240=DIRECTION('',(-1.,0.,0.));
#3241=DIRECTION('',(0.,0.,1.));
#3242=DIRECTION('',(-1.,0.,0.));
#3243=DIRECTION('',(0.,0.,1.));
#3244=DIRECTION('',(-1.,0.,0.));
#3245=DIRECTION('',(-1.,0.,0.));
#3246=DIRECTION('',(-1.,0.,0.));
#3247=DIRECTION('',(0.,0.,1.));
#3248=DIRECTION('',(-1.,0.,0.));
#3249=DIRECTION('',(0.,0.,1.));
#3250=DIRECTION('',(-1.,0.,0.));
#3251=DIRECTION('',(-1.,0.,0.));
#3252=DIRECTION('',(-1.,0.,0.));
#3253=DIRECTION('',(0.,0.,1.));
#3254=DIRECTION('',(-1.,0.,0.));
#3255=DIRECTION('',(0.,0.,1.));
#3256=DIRECTION('',(-1.,0.,0.));
#3257=DIRECTION('',(-1.,0.,0.));
#3258=DIRECTION('',(-1.,0.,0.));
#3259=DIRECTION('',(0.,0.,1.));
#3260=DIRECTION('',(-1.,0.,0.));
#3261=DIRECTION('',(0.,0.,1.));
#3262=DIRECTION('',(-1.,0.,0.));
#3263=DIRECTION('',(-1.,0.,0.));
#3264=DIRECTION('',(0.,0.,1.));
#3265=DIRECTION('',(-1.,0.,0.));
#3266=DIRECTION('',(-1.,0.,0.));
#3267=DIRECTION('',(0.,0.,1.));
#3268=DIRECTION('',(-1.,0.,0.));
#3269=DIRECTION('',(-1.,0.,0.));
#3270=DIRECTION('',(-1.,0.,0.));
#3271=DIRECTION('',(0.,0.,1.));
#3272=DIRECTION('',(-1.,0.,0.));
#3273=DIRECTION('',(0.,0.,1.));
#3274=DIRECTION('',(0.,-0.5,0.866025403784439));
#3275=DIRECTION('',(0.,0.,-1.));
#3276=DIRECTION('',(-1.,0.,0.));
#3277=DIRECTION('',(0.,0.,1.));
#3278=DIRECTION('',(-1.,0.,0.));
#3279=DIRECTION('',(0.,0.,1.));
#3280=DIRECTION('',(0.,-1.,1.0547118733939E-15));
#3281=DIRECTION('',(0.,-0.866025403784438,0.500000000000001));
#3282=DIRECTION('',(-1.,0.,0.));
#3283=DIRECTION('',(0.,0.,1.));
#3284=DIRECTION('',(-1.,0.,0.));
#3285=DIRECTION('',(0.,0.,1.));
#3286=DIRECTION('',(0.,-0.500000000000002,-0.866025403784438));
#3287=DIRECTION('',(0.,-0.86602540378444,-0.499999999999999));
#3288=DIRECTION('',(-1.,0.,0.));
#3289=DIRECTION('',(0.,0.,1.));
#3290=DIRECTION('',(-1.,0.,0.));
#3291=DIRECTION('',(0.,0.,1.));
#3292=DIRECTION('',(0.,0.499999999999998,-0.86602540378444));
#3293=DIRECTION('',(0.,-2.34291072916505E-15,-1.));
#3294=DIRECTION('',(-1.,0.,0.));
#3295=DIRECTION('',(0.,0.,1.));
#3296=DIRECTION('',(-1.,0.,0.));
#3297=DIRECTION('',(0.,0.,1.));
#3298=DIRECTION('',(0.,1.,-1.0547118733939E-15));
#3299=DIRECTION('',(-1.,0.,0.));
#3300=DIRECTION('',(0.,0.,1.));
#3301=DIRECTION('',(0.,0.866025403784441,0.499999999999996));
#3302=DIRECTION('',(-1.,0.,0.));
#3303=DIRECTION('',(0.,0.,1.));
#3304=DIRECTION('',(0.,1.,-3.83026943495679E-15));
#3305=DIRECTION('',(0.,0.866025403784437,-0.500000000000003));
#3306=DIRECTION('',(-1.,0.,0.));
#3307=DIRECTION('',(0.,0.,1.));
#3308=DIRECTION('',(-1.,0.,0.));
#3309=DIRECTION('',(0.,0.,1.));
#3310=DIRECTION('',(-1.,0.,0.));
#3311=DIRECTION('',(0.,0.,1.));
#3312=DIRECTION('',(-1.,0.,0.));
#3313=DIRECTION('',(0.,0.,1.));
#3314=DIRECTION('',(-1.,0.,0.));
#3315=DIRECTION('',(0.,0.,1.));
#3316=DIRECTION('',(-1.,0.,0.));
#3317=DIRECTION('',(0.,0.,1.));
#3318=DIRECTION('',(-1.,0.,0.));
#3319=DIRECTION('',(0.,0.,1.));
#3320=DIRECTION('',(-1.,0.,0.));
#3321=DIRECTION('',(0.,0.,1.));
#3322=DIRECTION('',(-1.,0.,0.));
#3323=DIRECTION('',(0.,0.,1.));
#3324=DIRECTION('',(-1.,0.,0.));
#3325=DIRECTION('',(0.,0.,1.));
#3326=DIRECTION('',(-1.,0.,0.));
#3327=DIRECTION('',(0.,0.,1.));
#3328=DIRECTION('',(-1.,0.,0.));
#3329=DIRECTION('',(0.,0.,1.));
#3330=DIRECTION('',(-1.,0.,0.));
#3331=DIRECTION('',(0.,0.,1.));
#3332=DIRECTION('',(-1.,0.,0.));
#3333=DIRECTION('',(0.,0.,1.));
#3334=DIRECTION('',(0.707106781186547,0.,0.707106781186548));
#3335=DIRECTION('',(0.707106781186548,0.,-0.707106781186547));
#3336=DIRECTION('',(-1.,0.,0.));
#3337=DIRECTION('',(0.,0.,1.));
#3338=DIRECTION('',(1.,0.,0.));
#3339=DIRECTION('',(0.,0.,1.));
#3340=DIRECTION('',(1.,0.,0.));
#3341=DIRECTION('',(-1.98873916297757E-16,0.,-1.));
#3342=DIRECTION('',(1.,0.,0.));
#3343=DIRECTION('',(0.,0.,1.));
#3344=DIRECTION('',(-1.,0.,0.));
#3345=DIRECTION('',(0.,0.,1.));
#3346=DIRECTION('',(0.707106781186547,0.612372435695796,0.353553390593271));
#3347=DIRECTION('',(0.707106781186548,-0.612372435695796,-0.353553390593271));
#3348=DIRECTION('',(1.,0.,0.));
#3349=DIRECTION('',(-1.98873916297757E-16,0.,-1.));
#3350=DIRECTION('',(-1.,0.,0.));
#3351=DIRECTION('',(0.,0.,1.));
#3352=DIRECTION('',(1.,0.,0.));
#3353=DIRECTION('',(0.,0.,1.));
#3354=DIRECTION('',(0.707106781186547,-0.612372435695795,0.353553390593274));
#3355=DIRECTION('',(0.707106781186548,0.612372435695794,-0.353553390593274));
#3356=DIRECTION('',(1.,0.,0.));
#3357=DIRECTION('',(-1.98873916297757E-16,0.,-1.));
#3358=DIRECTION('',(-1.,0.,0.));
#3359=DIRECTION('',(0.,0.,1.));
#3360=DIRECTION('',(1.,0.,0.));
#3361=DIRECTION('',(0.,0.,1.));
#3362=DIRECTION('',(0.707106781186547,-0.612372435695795,-0.353553390593273));
#3363=DIRECTION('',(0.707106781186548,0.612372435695795,0.353553390593273));
#3364=DIRECTION('',(1.,0.,0.));
#3365=DIRECTION('',(-1.98873916297757E-16,0.,-1.));
#3366=DIRECTION('',(-1.,0.,0.));
#3367=DIRECTION('',(0.,0.,1.));
#3368=DIRECTION('',(1.,0.,0.));
#3369=DIRECTION('',(0.,0.,1.));
#3370=DIRECTION('',(0.707106781186547,-1.65668806430733E-15,-0.707106781186548));
#3371=DIRECTION('',(0.707106781186548,1.65668806430732E-15,0.707106781186547));
#3372=DIRECTION('',(1.,0.,0.));
#3373=DIRECTION('',(-1.98873916297757E-16,0.,-1.));
#3374=DIRECTION('',(-1.,0.,0.));
#3375=DIRECTION('',(0.,0.,1.));
#3376=DIRECTION('',(1.,0.,0.));
#3377=DIRECTION('',(0.,0.,1.));
#3378=DIRECTION('',(0.707106781186547,0.612372435695794,-0.353553390593276));
#3379=DIRECTION('',(0.707106781186548,-0.612372435695793,0.353553390593275));
#3380=DIRECTION('',(1.,0.,0.));
#3381=DIRECTION('',(-1.98873916297757E-16,0.,-1.));
#3382=DIRECTION('',(-0.707106781186547,0.612372435695795,-0.353553390593275));
#3383=DIRECTION('',(0.707106781186548,0.612372435695794,-0.353553390593274));
#3384=DIRECTION('',(1.,0.,0.));
#3385=DIRECTION('',(-1.,0.,0.));
#3386=DIRECTION('',(0.,0.,1.));
#3387=DIRECTION('',(1.,0.,0.));
#3388=DIRECTION('',(-0.707106781186547,0.612372435695796,0.353553390593273));
#3389=DIRECTION('',(0.707106781186548,0.612372435695795,0.353553390593273));
#3390=DIRECTION('',(1.,0.,0.));
#3391=DIRECTION('',(-1.,0.,0.));
#3392=DIRECTION('',(0.,0.,1.));
#3393=DIRECTION('',(1.,0.,0.));
#3394=DIRECTION('',(-0.707106781186547,1.65668806430733E-15,0.707106781186548));
#3395=DIRECTION('',(0.707106781186548,1.65668806430732E-15,0.707106781186547));
#3396=DIRECTION('',(1.,0.,0.));
#3397=DIRECTION('',(-1.,0.,0.));
#3398=DIRECTION('',(0.,0.,1.));
#3399=DIRECTION('',(1.,0.,0.));
#3400=DIRECTION('',(-0.707106781186547,-0.612372435695794,0.353553390593276));
#3401=DIRECTION('',(0.707106781186548,-0.612372435695793,0.353553390593275));
#3402=DIRECTION('',(1.,0.,0.));
#3403=DIRECTION('',(-1.,0.,0.));
#3404=DIRECTION('',(0.,0.,1.));
#3405=DIRECTION('',(1.,0.,0.));
#3406=DIRECTION('',(-0.707106781186547,-0.612372435695797,-0.353553390593271));
#3407=DIRECTION('',(0.707106781186548,-0.612372435695796,-0.353553390593271));
#3408=DIRECTION('',(-1.,0.,0.));
#3409=DIRECTION('',(1.,0.,0.));
#3410=DIRECTION('',(-0.707106781186547,0.,-0.707106781186548));
#3411=DIRECTION('',(0.707106781186548,0.,-0.707106781186547));
#3412=DIRECTION('',(1.,0.,0.));
#3413=DIRECTION('',(1.,0.,0.));
#3414=DIRECTION('',(1.,0.,0.));
#3415=DIRECTION('',(0.,0.,-1.));
#3416=DIRECTION('',(1.,0.,0.));
#3417=DIRECTION('',(0.707106781186547,0.353553390593274,-0.612372435695795));
#3418=DIRECTION('',(0.707106781186548,-0.353553390593273,0.612372435695794));
#3419=DIRECTION('',(1.,0.,0.));
#3420=DIRECTION('',(1.,0.,0.));
#3421=DIRECTION('',(0.,0.,-1.));
#3422=DIRECTION('',(1.,0.,0.));
#3423=DIRECTION('',(0.707106781186547,-0.353553390593274,-0.612372435695795));
#3424=DIRECTION('',(0.707106781186548,0.353553390593273,0.612372435695794));
#3425=DIRECTION('',(1.,0.,0.));
#3426=DIRECTION('',(1.,0.,0.));
#3427=DIRECTION('',(0.,0.,-1.));
#3428=DIRECTION('',(1.,0.,0.));
#3429=DIRECTION('',(0.707106781186547,-0.707106781186548,2.88657986402541E-15));
#3430=DIRECTION('',(0.707106781186548,0.707106781186547,-2.8865798640254E-15));
#3431=DIRECTION('',(1.,0.,0.));
#3432=DIRECTION('',(1.,0.,0.));
#3433=DIRECTION('',(0.,0.,-1.));
#3434=DIRECTION('',(1.,0.,0.));
#3435=DIRECTION('',(0.707106781186547,-0.353553390593272,0.612372435695796));
#3436=DIRECTION('',(0.707106781186548,0.353553390593272,-0.612372435695795));
#3437=DIRECTION('',(1.,0.,0.));
#3438=DIRECTION('',(1.,0.,0.));
#3439=DIRECTION('',(0.,0.,-1.));
#3440=DIRECTION('',(1.,0.,0.));
#3441=DIRECTION('',(0.707106781186547,0.353553390593275,0.612372435695795));
#3442=DIRECTION('',(0.707106781186548,-0.353553390593275,-0.612372435695793));
#3443=DIRECTION('',(1.,0.,0.));
#3444=DIRECTION('',(1.,0.,0.));
#3445=DIRECTION('',(0.,0.,-1.));
#3446=DIRECTION('',(1.,0.,0.));
#3447=DIRECTION('',(0.707106781186547,0.707106781186548,-8.88178419700125E-16));
#3448=DIRECTION('',(0.707106781186548,-0.707106781186547,8.88178419700124E-16));
#3449=DIRECTION('',(1.,0.,0.));
#3450=DIRECTION('',(1.,0.,0.));
#3451=DIRECTION('',(0.,0.,-1.));
#3452=DIRECTION('',(-1.37100669901828E-15,0.5,-0.866025403784439));
#3453=DIRECTION('',(-1.,0.,0.));
#3454=DIRECTION('',(0.,0.,-1.));
#3455=DIRECTION('',(-1.37100669901828E-15,-0.5,-0.866025403784439));
#3456=DIRECTION('',(1.,0.,0.));
#3457=DIRECTION('',(0.,0.,-1.));
#3458=DIRECTION('',(1.37100669901828E-15,-1.,1.22124532708767E-15));
#3459=DIRECTION('',(-1.37100669901828E-15,-0.5,-0.866025403784439));
#3460=DIRECTION('',(-1.,0.,0.));
#3461=DIRECTION('',(0.,0.,-1.));
#3462=DIRECTION('',(1.,0.,0.));
#3463=DIRECTION('',(0.,0.,-1.));
#3464=DIRECTION('',(-1.,0.,0.));
#3465=DIRECTION('',(0.,0.,-1.));
#3466=DIRECTION('',(-1.37100669901828E-15,0.5,-0.866025403784439));
#3467=DIRECTION('',(-1.37100669901828E-15,1.,-1.22124532708767E-15));
#3468=DIRECTION('',(1.,0.,0.));
#3469=DIRECTION('',(0.,0.,-1.));
#3470=DIRECTION('',(-1.,0.,0.));
#3471=DIRECTION('',(0.,0.,-1.));
#3472=DIRECTION('',(-1.37100669901828E-15,1.,-1.22124532708767E-15));
#3473=DIRECTION('',(-1.37100669901828E-15,0.500000000000002,0.866025403784438));
#3474=DIRECTION('',(1.,0.,0.));
#3475=DIRECTION('',(0.,0.,-1.));
#3476=DIRECTION('',(-1.,0.,0.));
#3477=DIRECTION('',(0.,0.,-1.));
#3478=DIRECTION('',(-1.37100669901828E-15,0.500000000000002,0.866025403784438));
#3479=DIRECTION('',(-1.37100669901828E-15,-0.499999999999998,0.86602540378444));
#3480=DIRECTION('',(1.,0.,0.));
#3481=DIRECTION('',(0.,0.,-1.));
#3482=DIRECTION('',(-1.,0.,0.));
#3483=DIRECTION('',(0.,0.,-1.));
#3484=DIRECTION('',(-1.37100669901828E-15,-0.499999999999998,0.86602540378444));
#3485=DIRECTION('',(-1.37100669901828E-15,-1.,3.99680288865056E-15));
#3486=DIRECTION('',(1.,0.,0.));
#3487=DIRECTION('',(0.,0.,-1.));
#3488=DIRECTION('',(1.,0.,0.));
#3489=DIRECTION('',(0.,0.,-1.));
#3490=DIRECTION('',(1.,0.,0.));
#3491=DIRECTION('',(0.,0.,-1.));
#3492=DIRECTION('',(1.,0.,0.));
#3493=DIRECTION('',(0.,0.,-1.));
#3494=DIRECTION('',(1.,0.,0.));
#3495=DIRECTION('',(0.,0.,-1.));
#3496=DIRECTION('',(1.,0.,0.));
#3497=DIRECTION('',(0.,0.,-1.));
#3498=DIRECTION('',(1.,0.,0.));
#3499=DIRECTION('',(0.,0.,-1.));
#3500=DIRECTION('',(-1.,0.,0.));
#3501=DIRECTION('',(0.,0.,1.));
#3502=DIRECTION('',(0.,1.22124532708767E-15,1.));
#3503=DIRECTION('',(5.05321549807431E-16,-1.,1.0547118733939E-15));
#3504=DIRECTION('',(-1.,0.,0.));
#3505=DIRECTION('',(0.,0.,1.));
#3506=DIRECTION('',(5.0532154980743E-16,-0.866025403784439,-0.499999999999999));
#3507=DIRECTION('',(5.0532154980743E-16,-0.866025403784438,0.500000000000001));
#3508=DIRECTION('',(5.05321549807431E-16,-1.,1.0547118733939E-15));
#3509=DIRECTION('',(-1.,0.,0.));
#3510=DIRECTION('',(0.,0.,1.));
#3511=DIRECTION('',(0.,-0.866025403784438,0.500000000000002));
#3512=DIRECTION('',(5.05321549807431E-16,-0.500000000000002,-0.866025403784438));
#3513=DIRECTION('',(-1.,0.,0.));
#3514=DIRECTION('',(0.,0.,1.));
#3515=DIRECTION('',(5.0532154980743E-16,-2.34291072916505E-15,-1.));
#3516=DIRECTION('',(5.0532154980743E-16,-0.866025403784439,-0.499999999999999));
#3517=DIRECTION('',(5.05321549807431E-16,-0.500000000000002,-0.866025403784438));
#3518=DIRECTION('',(-1.,0.,0.));
#3519=DIRECTION('',(0.,0.,1.));
#3520=DIRECTION('',(0.,-0.86602540378444,-0.499999999999998));
#3521=DIRECTION('',(5.05321549807431E-16,0.499999999999998,-0.86602540378444));
#3522=DIRECTION('',(-1.,0.,0.));
#3523=DIRECTION('',(0.,0.,1.));
#3524=DIRECTION('',(5.0532154980743E-16,0.866025403784437,-0.500000000000003));
#3525=DIRECTION('',(5.0532154980743E-16,-2.34291072916505E-15,-1.));
#3526=DIRECTION('',(5.05321549807431E-16,0.499999999999998,-0.86602540378444));
#3527=DIRECTION('',(-1.,0.,0.));
#3528=DIRECTION('',(0.,0.,1.));
#3529=DIRECTION('',(0.,-3.99680288865056E-15,-1.));
#3530=DIRECTION('',(5.05321549807431E-16,1.,-3.83026943495679E-15));
#3531=DIRECTION('',(5.0532154980743E-16,0.866025403784441,0.499999999999996));
#3532=DIRECTION('',(5.0532154980743E-16,0.866025403784437,-0.500000000000003));
#3533=DIRECTION('',(5.05321549807431E-16,1.,-3.83026943495679E-15));
#3534=DIRECTION('',(-1.,0.,0.));
#3535=DIRECTION('',(0.,0.,1.));
#3536=DIRECTION('',(-1.,0.,0.));
#3537=DIRECTION('',(0.,0.,1.));
#3538=DIRECTION('',(-1.,0.,0.));
#3539=DIRECTION('',(-1.1399155092663E-17,0.,1.));
#3540=DIRECTION('',(-1.,0.,0.));
#3541=DIRECTION('',(0.,0.,1.));
#3542=DIRECTION('',(-1.,0.,0.));
#3543=DIRECTION('',(-1.1399155092663E-17,0.,1.));
#3544=DIRECTION('',(-1.,0.,0.));
#3545=DIRECTION('',(0.,0.,1.));
#3546=DIRECTION('',(-1.,0.,0.));
#3547=DIRECTION('',(-1.1399155092663E-17,0.,1.));
#3548=DIRECTION('',(-1.,0.,0.));
#3549=DIRECTION('',(0.,0.,1.));
#3550=DIRECTION('',(-1.,0.,0.));
#3551=DIRECTION('',(-1.1399155092663E-17,0.,1.));
#3552=DIRECTION('',(-1.,0.,0.));
#3553=DIRECTION('',(0.,0.,1.));
#3554=DIRECTION('',(-1.,0.,0.));
#3555=DIRECTION('',(-1.1399155092663E-17,0.,1.));
#3556=DIRECTION('',(-1.,0.,0.));
#3557=DIRECTION('',(0.,0.,1.));
#3558=DIRECTION('',(-1.,0.,0.));
#3559=DIRECTION('',(0.,0.,1.));
#3560=DIRECTION('',(-1.,0.,0.));
#3561=DIRECTION('',(0.,0.,1.));
#3562=DIRECTION('',(-1.,0.,0.));
#3563=DIRECTION('',(0.,0.,1.));
#3564=DIRECTION('',(-1.,0.,0.));
#3565=DIRECTION('',(0.,0.,1.));
#3566=DIRECTION('',(-1.,0.,0.));
#3567=DIRECTION('',(0.,0.,1.));
#3568=DIRECTION('',(-1.,0.,0.));
#3569=DIRECTION('',(0.,0.,1.));
#3570=DIRECTION('',(-1.,0.,0.));
#3571=DIRECTION('',(0.,0.,1.));
#3572=DIRECTION('',(-1.,0.,0.));
#3573=DIRECTION('',(0.,0.,1.));
#3574=DIRECTION('',(-1.,0.,0.));
#3575=DIRECTION('',(0.,0.,1.));
#3576=DIRECTION('',(0.,0.5,-0.866025403784439));
#3577=DIRECTION('',(-1.,0.,0.));
#3578=DIRECTION('',(0.,0.,1.));
#3579=DIRECTION('',(0.,0.866025403784438,-0.500000000000001));
#3580=DIRECTION('',(1.,0.,0.));
#3581=DIRECTION('',(0.,0.,-1.));
#3582=DIRECTION('',(0.,0.86602540378444,0.499999999999999));
#3583=DIRECTION('',(-1.,0.,0.));
#3584=DIRECTION('',(0.,0.,1.));
#3585=DIRECTION('',(0.,-0.5,-0.866025403784439));
#3586=DIRECTION('',(1.,0.,0.));
#3587=DIRECTION('',(0.,0.,-1.));
#3588=DIRECTION('',(0.,1.,-1.0547118733939E-15));
#3589=DIRECTION('',(-1.,0.,0.));
#3590=DIRECTION('',(0.,0.,1.));
#3591=DIRECTION('',(0.,0.86602540378444,0.499999999999999));
#3592=DIRECTION('',(1.,0.,0.));
#3593=DIRECTION('',(0.,0.,-1.));
#3594=DIRECTION('',(0.,0.500000000000002,0.866025403784438));
#3595=DIRECTION('',(-1.,0.,0.));
#3596=DIRECTION('',(0.,0.,1.));
#3597=DIRECTION('',(0.,2.34291072916505E-15,1.));
#3598=DIRECTION('',(1.,0.,0.));
#3599=DIRECTION('',(0.,0.,-1.));
#3600=DIRECTION('',(0.,-0.499999999999998,0.86602540378444));
#3601=DIRECTION('',(-1.,0.,0.));
#3602=DIRECTION('',(0.,0.,1.));
#3603=DIRECTION('',(0.,-0.866025403784437,0.500000000000003));
#3604=DIRECTION('',(1.,0.,0.));
#3605=DIRECTION('',(0.,0.,-1.));
#3606=DIRECTION('',(-1.,0.,0.));
#3607=DIRECTION('',(-1.,0.,0.));
#3608=DIRECTION('',(0.,0.,1.));
#3609=DIRECTION('',(-1.,0.,0.));
#3610=DIRECTION('',(-1.,0.,0.));
#3611=DIRECTION('',(0.,0.,1.));
#3612=DIRECTION('',(1.,0.,0.));
#3613=DIRECTION('',(-1.,0.,0.));
#3614=DIRECTION('',(0.,0.,1.));
#3615=DIRECTION('',(-1.,0.,0.));
#3616=DIRECTION('',(-1.,0.,0.));
#3617=DIRECTION('',(0.,0.,1.));
#3618=DIRECTION('',(-1.,0.,0.));
#3619=DIRECTION('',(-1.,0.,0.));
#3620=DIRECTION('',(0.,0.,1.));
#3621=DIRECTION('',(-1.,0.,0.));
#3622=DIRECTION('',(-1.,0.,0.));
#3623=DIRECTION('',(0.,0.,1.));
#3624=DIRECTION('',(-1.,0.,0.));
#3625=DIRECTION('',(-1.,0.,0.));
#3626=DIRECTION('',(0.,0.,1.));
#3627=DIRECTION('',(-1.,0.,0.));
#3628=DIRECTION('',(-1.,0.,0.));
#3629=DIRECTION('',(0.,0.,1.));
#3630=DIRECTION('',(-1.,0.,0.));
#3631=DIRECTION('',(-1.,0.,0.));
#3632=DIRECTION('',(0.,0.,1.));
#3633=DIRECTION('',(-1.,0.,0.));
#3634=DIRECTION('',(-1.,0.,0.));
#3635=DIRECTION('',(0.,0.,1.));
#3636=DIRECTION('',(0.,-0.5,0.866025403784439));
#3637=DIRECTION('',(-1.,0.,0.));
#3638=DIRECTION('',(0.,0.,1.));
#3639=DIRECTION('',(0.,-0.866025403784438,0.500000000000001));
#3640=DIRECTION('',(-1.,0.,0.));
#3641=DIRECTION('',(0.,0.,1.));
#3642=DIRECTION('',(0.,-0.86602540378444,-0.499999999999999));
#3643=DIRECTION('',(-1.,0.,0.));
#3644=DIRECTION('',(0.,0.,1.));
#3645=DIRECTION('',(0.,0.5,0.866025403784439));
#3646=DIRECTION('',(-1.,0.,0.));
#3647=DIRECTION('',(0.,0.,1.));
#3648=DIRECTION('',(0.,-1.,1.0547118733939E-15));
#3649=DIRECTION('',(-1.,0.,0.));
#3650=DIRECTION('',(0.,0.,1.));
#3651=DIRECTION('',(0.,-0.86602540378444,-0.499999999999999));
#3652=DIRECTION('',(-1.,0.,0.));
#3653=DIRECTION('',(0.,0.,1.));
#3654=DIRECTION('',(0.,-0.500000000000002,-0.866025403784438));
#3655=DIRECTION('',(-1.,0.,0.));
#3656=DIRECTION('',(0.,0.,1.));
#3657=DIRECTION('',(0.,-2.34291072916505E-15,-1.));
#3658=DIRECTION('',(-1.,0.,0.));
#3659=DIRECTION('',(0.,0.,1.));
#3660=DIRECTION('',(0.,0.499999999999998,-0.86602540378444));
#3661=DIRECTION('',(-1.,0.,0.));
#3662=DIRECTION('',(0.,0.,1.));
#3663=DIRECTION('',(0.,0.866025403784437,-0.500000000000003));
#3664=DIRECTION('',(-1.,0.,0.));
#3665=DIRECTION('',(0.,0.,1.));
#3666=DIRECTION('',(-1.,0.,0.));
#3667=DIRECTION('',(0.,0.,1.));
#3668=DIRECTION('',(-1.,0.,0.));
#3669=DIRECTION('',(0.,0.,1.));
#3670=DIRECTION('',(-1.,0.,0.));
#3671=DIRECTION('',(0.,0.,1.));
#3672=DIRECTION('',(-1.,0.,0.));
#3673=DIRECTION('',(0.,0.,1.));
#3674=DIRECTION('',(-1.,0.,0.));
#3675=DIRECTION('',(0.,0.,1.));
#3676=DIRECTION('',(-1.,0.,0.));
#3677=DIRECTION('',(0.,0.,1.));
#3678=DIRECTION('',(-1.,0.,0.));
#3679=DIRECTION('',(-1.1399155092663E-17,0.,1.));
#3680=DIRECTION('',(-1.,0.,0.));
#3681=DIRECTION('',(0.,0.,1.));
#3682=DIRECTION('',(-1.,0.,0.));
#3683=DIRECTION('',(0.,0.,1.));
#3684=DIRECTION('',(0.,-0.5,-0.866025403784439));
#3685=DIRECTION('',(-1.,0.,0.));
#3686=DIRECTION('',(0.,0.,1.));
#3687=DIRECTION('',(0.,0.,1.));
#3688=DIRECTION('',(1.,0.,0.));
#3689=DIRECTION('',(0.,0.,-1.));
#3690=DIRECTION('',(-1.,0.,0.));
#3691=DIRECTION('',(-1.,0.,0.));
#3692=DIRECTION('',(0.,0.,1.));
#3693=DIRECTION('',(1.,0.,0.));
#3694=DIRECTION('',(-1.,0.,0.));
#3695=DIRECTION('',(0.,0.,1.));
#3696=DIRECTION('',(0.,0.5,0.866025403784439));
#3697=DIRECTION('',(-1.,0.,0.));
#3698=DIRECTION('',(0.,0.,1.));
#3699=DIRECTION('',(0.,0.,-1.));
#3700=DIRECTION('',(-1.,0.,0.));
#3701=DIRECTION('',(0.,0.,1.));
#3702=DIRECTION('',(-1.,0.,0.));
#3703=DIRECTION('',(0.,0.,1.));
#3704=DIRECTION('',(-0.707106781186548,0.,0.707106781186547));
#3705=DIRECTION('',(-0.707106781186548,0.,0.707106781186547));
#3706=DIRECTION('',(0.707106781186547,0.,0.707106781186548));
#3707=DIRECTION('',(0.707106781186548,0.,-0.707106781186547));
#3708=DIRECTION('',(0.,-1.,0.));
#3709=DIRECTION('',(0.,0.,-1.));
#3710=DIRECTION('',(0.,-1.,0.));
#3711=DIRECTION('',(0.,0.,-1.));
#3712=DIRECTION('',(-0.707106781186548,-0.353553390593273,-0.612372435695794));
#3713=DIRECTION('',(-0.707106781186548,-0.353553390593273,-0.612372435695794));
#3714=DIRECTION('',(-0.707106781186547,0.353553390593274,0.612372435695795));
#3715=DIRECTION('',(0.654653670707978,0.,0.755928946018454));
#3716=DIRECTION('',(-4.62223186652937E-33,-0.866025403784439,0.5));
#3717=DIRECTION('',(0.,-0.5,-0.866025403784439));
#3718=DIRECTION('',(-4.62223186652937E-33,-0.866025403784439,0.5));
#3719=DIRECTION('',(0.,-0.5,-0.866025403784439));
#3720=DIRECTION('',(0.707106781186548,-0.612372435695795,-0.353553390593271));
#3721=DIRECTION('',(0.,-0.499999999999996,0.866025403784441));
#3722=DIRECTION('',(0.,-0.866025403784441,-0.499999999999996));
#3723=DIRECTION('',(0.707106781186548,-0.612372435695795,-0.353553390593271));
#3724=DIRECTION('',(0.707106781186547,0.612372435695796,0.353553390593271));
#3725=DIRECTION('',(0.707106781186548,-0.612372435695796,-0.353553390593271));
#3726=DIRECTION('',(0.,0.499999999999999,-0.866025403784439));
#3727=DIRECTION('',(0.,0.866025403784439,0.499999999999999));
#3728=DIRECTION('',(0.707106781186548,-0.612372435695793,0.353553390593275));
#3729=DIRECTION('',(0.,0.500000000000003,0.866025403784437));
#3730=DIRECTION('',(0.,-0.866025403784437,0.500000000000003));
#3731=DIRECTION('',(0.707106781186548,-0.612372435695793,0.353553390593275));
#3732=DIRECTION('',(0.,0.500000000000003,0.866025403784437));
#3733=DIRECTION('',(0.,-0.866025403784437,0.500000000000003));
#3734=DIRECTION('',(0.707106781186547,0.612372435695794,-0.353553390593276));
#3735=DIRECTION('',(0.707106781186548,-0.612372435695793,0.353553390593275));
#3736=DIRECTION('',(0.707106781186548,1.65668806430732E-15,0.707106781186547));
#3737=DIRECTION('',(0.,1.,-2.34291072916505E-15));
#3738=DIRECTION('',(0.,2.34296089474118E-15,1.));
#3739=DIRECTION('',(0.707106781186548,1.65668806430732E-15,0.707106781186547));
#3740=DIRECTION('',(0.,1.,-2.34291072916505E-15));
#3741=DIRECTION('',(0.,2.34296089474118E-15,1.));
#3742=DIRECTION('',(0.707106781186547,-1.65668806430733E-15,-0.707106781186548));
#3743=DIRECTION('',(0.707106781186548,1.65666091955785E-15,0.707106781186547));
#3744=DIRECTION('',(0.707106781186548,0.612372435695794,0.353553390593272));
#3745=DIRECTION('',(0.,0.499999999999999,-0.866025403784439));
#3746=DIRECTION('',(0.,0.866025403784439,0.499999999999999));
#3747=DIRECTION('',(0.707106781186548,0.612372435695794,0.353553390593272));
#3748=DIRECTION('',(0.,0.499999999999999,-0.866025403784439));
#3749=DIRECTION('',(0.,0.866025403784439,0.499999999999999));
#3750=DIRECTION('',(0.707106781186547,-0.612372435695795,-0.353553390593273));
#3751=DIRECTION('',(0.707106781186548,0.612372435695795,0.353553390593273));
#3752=DIRECTION('',(0.707106781186548,0.612372435695794,-0.353553390593274));
#3753=DIRECTION('',(0.707106781186548,0.612372435695794,-0.353553390593274));
#3754=DIRECTION('',(0.707106781186547,-0.612372435695795,0.353553390593274));
#3755=DIRECTION('',(0.707106781186548,0.612372435695794,-0.353553390593274));
#3756=DIRECTION('',(0.,-0.500000000000001,-0.866025403784438));
#3757=DIRECTION('',(0.,0.866025403784438,-0.500000000000001));
#3758=DIRECTION('',(0.,-0.500000000000001,-0.866025403784438));
#3759=DIRECTION('',(0.,0.866025403784438,-0.500000000000001));
#3760=DIRECTION('',(0.707106781186548,0.707106781186547,-2.83106871279415E-15));
#3761=DIRECTION('',(-4.62223186652937E-33,-1.0547118733939E-15,-1.));
#3762=DIRECTION('',(0.,1.,-1.0547118733939E-15));
#3763=DIRECTION('',(0.707106781186548,0.707106781186547,-2.83106871279415E-15));
#3764=DIRECTION('',(-4.62223186652937E-33,3.83026943495679E-15,1.));
#3765=DIRECTION('',(0.,-1.,3.83026943495679E-15));
#3766=DIRECTION('',(-0.707106781186547,0.707106781186548,-2.88657986402541E-15));
#3767=DIRECTION('',(0.654653670707978,0.654653670707978,0.377964473009224));
#3768=DIRECTION('',(0.707106781186548,0.353553390593272,-0.612372435695795));
#3769=DIRECTION('',(-4.62223186652937E-33,0.86602540378444,0.499999999999998));
#3770=DIRECTION('',(0.,-0.499999999999998,0.86602540378444));
#3771=DIRECTION('',(0.707106781186548,0.353553390593272,-0.612372435695795));
#3772=DIRECTION('',(-4.62223186652937E-33,0.86602540378444,0.499999999999998));
#3773=DIRECTION('',(0.,-0.499999999999998,0.86602540378444));
#3774=DIRECTION('',(-0.707106781186547,0.353553390593272,-0.612372435695796));
#3775=DIRECTION('',(0.654653670707978,0.654653670707975,-0.377964473009229));
#3776=DIRECTION('',(0.707106781186548,-0.353553390593275,-0.612372435695793));
#3777=DIRECTION('',(-4.62223186652937E-33,0.866025403784438,-0.500000000000002));
#3778=DIRECTION('',(0.,0.500000000000002,0.866025403784438));
#3779=DIRECTION('',(0.707106781186548,-0.353553390593275,-0.612372435695793));
#3780=DIRECTION('',(-4.62223186652937E-33,0.866025403784438,-0.500000000000002));
#3781=DIRECTION('',(0.,0.500000000000002,0.866025403784438));
#3782=DIRECTION('',(-0.707106781186547,-0.353553390593275,-0.612372435695794));
#3783=DIRECTION('',(0.654653670707978,-1.7710984588637E-15,-0.755928946018454));
#3784=DIRECTION('',(0.707106781186548,-0.707106781186547,8.32667268468867E-16));
#3785=DIRECTION('',(-4.62223186652937E-33,-1.0547118733939E-15,-1.));
#3786=DIRECTION('',(0.,1.,-1.0547118733939E-15));
#3787=DIRECTION('',(0.707106781186548,-0.707106781186547,8.32667268468867E-16));
#3788=DIRECTION('',(-4.62223186652937E-33,-1.0547118733939E-15,-1.));
#3789=DIRECTION('',(0.,1.,-1.0547118733939E-15));
#3790=DIRECTION('',(-0.707106781186547,-0.707106781186548,8.88178419700125E-16));
#3791=DIRECTION('',(0.654653670707978,-0.654653670707977,-0.377964473009226));
#3792=DIRECTION('',(0.707106781186548,-0.353553390593273,0.612372435695794));
#3793=DIRECTION('',(0.707106781186548,-0.353553390593273,0.612372435695794));
#3794=DIRECTION('',(-0.707106781186547,-0.353553390593274,0.612372435695795));
#3795=DIRECTION('',(0.654653670707978,-0.654653670707976,0.377964473009227));
#3796=DIRECTION('',(-4.62223186652937E-33,-0.866025403784439,-0.5));
#3797=DIRECTION('',(0.,0.5,-0.866025403784439));
#3798=DIRECTION('',(-4.62223186652937E-33,-0.866025403784439,-0.5));
#3799=DIRECTION('',(0.,0.5,-0.866025403784439));
#3800=CARTESIAN_POINT('',(0.,0.,0.));
#3801=CARTESIAN_POINT('',(0.,7.10224991760865,7.14818350715895));
#3802=CARTESIAN_POINT('',(0.,7.04780564460125,7.14299872475006));
#3803=CARTESIAN_POINT('',(0.,7.00162056508301,7.15860891688499));
#3804=CARTESIAN_POINT('',(0.,6.92327731146085,7.23381083053528));
#3805=CARTESIAN_POINT('',(0.,6.90538116247598,7.28609528172362));
#3806=CARTESIAN_POINT('',(0.,6.90957618158813,7.35239107757845));
#3807=CARTESIAN_POINT('',(0.,7.10224991760865,7.14818350715895));
#3808=CARTESIAN_POINT('',(0.,6.90957618158813,7.35239107757845));
#3809=CARTESIAN_POINT('',(0.,6.90957618158813,7.35239107757845));
#3810=CARTESIAN_POINT('',(0.,6.91378970772673,7.41897934839336));
#3811=CARTESIAN_POINT('',(0.,6.94824461077766,7.48590457399542));
#3812=CARTESIAN_POINT('',(0.,7.07154386142689,7.61435429018157));
#3813=CARTESIAN_POINT('',(0.,7.12949679551543,7.64702172629028));
#3814=CARTESIAN_POINT('',(0.,7.24461727053507,7.65699271245165));
#3815=CARTESIAN_POINT('',(0.,7.29329582046983,7.63978845151893));
#3816=CARTESIAN_POINT('',(0.,7.37440738694083,7.56192922643224));
#3817=CARTESIAN_POINT('',(0.,7.39305632879164,7.51264551881265));
#3818=CARTESIAN_POINT('',(0.,7.38572534439887,7.39441399739901));
#3819=CARTESIAN_POINT('',(0.,7.34984877611142,7.32965566182511));
#3820=CARTESIAN_POINT('',(0.,7.21645174200384,7.19068635681336));
#3821=CARTESIAN_POINT('',(0.,7.15668309047479,7.15391085199637));
#3822=CARTESIAN_POINT('',(0.,7.10224991760865,7.14818350715895));
#3823=CARTESIAN_POINT('',(0.,7.23186652543351,7.81683804424683));
#3824=CARTESIAN_POINT('',(0.,7.35893108490489,7.93369481913779));
#3825=CARTESIAN_POINT('',(0.,7.4566888620795,7.99730143055224));
#3826=CARTESIAN_POINT('',(0.,7.59305882480999,8.01793383219721));
#3827=CARTESIAN_POINT('',(0.,7.64901059277959,8.0020502742658));
#3828=CARTESIAN_POINT('',(0.,7.72569285869245,7.92844274747736));
#3829=CARTESIAN_POINT('',(0.,7.74297917215513,7.8927009002884));
#3830=CARTESIAN_POINT('',(0.,7.74675675667064,7.81380865148431));
#3831=CARTESIAN_POINT('',(0.,7.72424471384114,7.77493008408015));
#3832=CARTESIAN_POINT('',(0.,7.69538604723554,7.72509082145448));
#3833=CARTESIAN_POINT('',(0.,7.23186652543351,7.81683804424683));
#3834=CARTESIAN_POINT('',(0.,7.69538604723554,7.72509082145448));
#3835=CARTESIAN_POINT('',(3.36659707068755E-15,7.80650504939404,7.63970366770831));
#3836=CARTESIAN_POINT('',(0.,7.91762405155254,7.55431651396213));
#3837=CARTESIAN_POINT('',(0.,7.91762405155254,7.55431651396213));
#3838=CARTESIAN_POINT('',(0.,7.98664620355923,7.65614468174206));
#3839=CARTESIAN_POINT('',(0.,8.016360329851,7.75581168321052));
#3840=CARTESIAN_POINT('',(0.,7.99770000805077,7.95141879144617));
#3841=CARTESIAN_POINT('',(0.,7.95111661970417,8.03971277393403));
#3842=CARTESIAN_POINT('',(0.,7.75179809458772,8.23103919735525));
#3843=CARTESIAN_POINT('',(0.,7.61458261189243,8.27871136775595));
#3844=CARTESIAN_POINT('',(0.,7.29968093867558,8.24407001109913));
#3845=CARTESIAN_POINT('',(0.,7.1259952172562,8.13654623851435));
#3846=CARTESIAN_POINT('',(0.,6.74971991786113,7.74455313911866));
#3847=CARTESIAN_POINT('',(0.,6.65148045693381,7.57183597886455));
#3848=CARTESIAN_POINT('',(0.,6.62895551744362,7.26692009959841));
#3849=CARTESIAN_POINT('',(0.,6.67826513006982,7.13815234070595));
#3850=CARTESIAN_POINT('',(0.,6.88948740043628,6.93539947810817));
#3851=CARTESIAN_POINT('',(0.,7.00496708556686,6.88891098934332));
#3852=CARTESIAN_POINT('',(0.,7.26342479378414,6.89799431477431));
#3853=CARTESIAN_POINT('',(0.,7.38138062042442,6.95577599235788));
#3854=CARTESIAN_POINT('',(0.,7.58758798788952,7.17059706942783));
#3855=CARTESIAN_POINT('',(0.,7.63842807622382,7.28562299325984));
#3856=CARTESIAN_POINT('',(0.,7.6414493475385,7.53591077492831));
#3857=CARTESIAN_POINT('',(0.,7.59888056928283,7.64006964432518));
#3858=CARTESIAN_POINT('',(0.,7.43555011120129,7.79685101907313));
#3859=CARTESIAN_POINT('',(0.,7.34209482730775,7.82804920306051));
#3860=CARTESIAN_POINT('',(0.,7.23186652543351,7.81683804424683));
#3861=CARTESIAN_POINT('',(3.36659707068755E-15,0.,0.));
#3862=CARTESIAN_POINT('',(0.,5.92757454653845,8.87663926331566));
#3863=CARTESIAN_POINT('',(0.,6.07059900500589,8.83067729146076));
#3864=CARTESIAN_POINT('',(0.,6.21342314800179,8.81710295470279));
#3865=CARTESIAN_POINT('',(0.,6.3562172772267,8.83484434533177));
#3866=CARTESIAN_POINT('',(3.36659707068755E-15,5.92757454653845,8.87663926331566));
#3867=CARTESIAN_POINT('',(0.,6.3562172772267,8.83484434533177));
#3868=CARTESIAN_POINT('',(3.36659707068755E-15,6.03795035590047,8.39634442341182));
#3869=CARTESIAN_POINT('',(3.36659707068755E-15,5.71968343457424,7.95784450149186));
#3870=CARTESIAN_POINT('',(3.36659707068755E-15,5.83598529063587,7.87343163885966));
#3871=CARTESIAN_POINT('',(3.36659707068755E-15,5.9522871466975,7.78901877622745));
#3872=CARTESIAN_POINT('',(3.36659707068755E-15,6.39463759507054,8.39847776827272));
#3873=CARTESIAN_POINT('',(3.36659707068755E-15,6.83698804344358,9.00793676031798));
#3874=CARTESIAN_POINT('',(3.36659707068755E-15,6.74258012824268,9.07645881703411));
#3875=CARTESIAN_POINT('',(3.36659707068755E-15,6.64817221304179,9.14498087375024));
#3876=CARTESIAN_POINT('',(0.,6.64817221304178,9.14498087375024));
#3877=CARTESIAN_POINT('',(0.,6.5681297055072,9.09022854152345));
#3878=CARTESIAN_POINT('',(0.,6.47226407215124,9.06071113569268));
#3879=CARTESIAN_POINT('',(0.,6.24923433366471,9.05384126158655));
#3880=CARTESIAN_POINT('',(0.,6.15614152540745,9.06351151921404));
#3881=CARTESIAN_POINT('',(0.,6.08084756814032,9.08781486310714));
#3882=CARTESIAN_POINT('',(0.,6.08084756814032,9.08781486310714));
#3883=CARTESIAN_POINT('',(3.36659707068755E-15,6.00421105733939,8.9822270632114));
#3884=CARTESIAN_POINT('',(3.36659707068755E-15,0.,0.));
#3885=CARTESIAN_POINT('',(3.36659707068755E-15,5.4136133231784,8.82049597566693));
#3886=CARTESIAN_POINT('',(3.36659707068755E-15,5.34242953439078,8.69565799540858));
#3887=CARTESIAN_POINT('',(3.36659707068755E-15,5.48479711196602,8.94533395592528));
#3888=CARTESIAN_POINT('',(3.36659707068755E-15,5.23945464609114,9.08523053415675));
#3889=CARTESIAN_POINT('',(3.36659707068755E-15,4.99411218021625,9.22512711238823));
#3890=CARTESIAN_POINT('',(3.36659707068755E-15,4.92292839142863,9.10028913212988));
#3891=CARTESIAN_POINT('',(3.36659707068755E-15,4.85174460264102,8.97545115187153));
#3892=CARTESIAN_POINT('',(3.36659707068755E-15,5.0970870685159,8.83555457364006));
#3893=CARTESIAN_POINT('',(3.36659707068755E-15,0.,0.));
#3894=CARTESIAN_POINT('',(3.36659707068755E-15,4.48008867483674,10.3517916878575));
#3895=CARTESIAN_POINT('',(3.36659707068755E-15,4.93135366358261,10.1564003274214));
#3896=CARTESIAN_POINT('',(3.36659707068755E-15,4.02882368609087,10.5471830482936));
#3897=CARTESIAN_POINT('',(3.36659707068755E-15,3.97576383948005,10.4246389858015));
#3898=CARTESIAN_POINT('',(3.36659707068755E-15,3.92270399286923,10.3020949233095));
#3899=CARTESIAN_POINT('',(3.36659707068755E-15,4.22272566310839,10.1721897816071));
#3900=CARTESIAN_POINT('',(3.36659707068755E-15,4.52274733334755,10.0422846399048));
#3901=CARTESIAN_POINT('',(0.,4.52274733334755,10.0422846399048));
#3902=CARTESIAN_POINT('',(0.,4.33125014356079,9.93995718681002));
#3903=CARTESIAN_POINT('',(0.,4.15575898103522,9.80602815671413));
#3904=CARTESIAN_POINT('',(0.,3.83577949263809,9.47456760794602));
#3905=CARTESIAN_POINT('',(0.,3.71268073855999,9.29746377041925));
#3906=CARTESIAN_POINT('',(0.,3.62576869838115,9.10929131139693));
#3907=CARTESIAN_POINT('',(0.,3.62576869838115,9.10929131139693));
#3908=CARTESIAN_POINT('',(3.36659707068755E-15,3.75306662536642,9.05417310866759));
#3909=CARTESIAN_POINT('',(3.36659707068755E-15,3.8803645523517,8.99905490593825));
#3910=CARTESIAN_POINT('',(0.,3.8803645523517,8.99905490593825));
#3911=CARTESIAN_POINT('',(0.,3.93226271027051,9.12084749574566));
#3912=CARTESIAN_POINT('',(0.,4.01195067460062,9.24984266004904));
#3913=CARTESIAN_POINT('',(0.,4.22609088129783,9.5239212623709));
#3914=CARTESIAN_POINT('',(0.,4.34808472883857,9.64372237659174));
#3915=CARTESIAN_POINT('',(0.,4.62042744163683,9.8518236165016));
#3916=CARTESIAN_POINT('',(0.,4.74204232479051,9.92391628284513));
#3917=CARTESIAN_POINT('',(0.,4.84840953554731,9.96483719524988));
#3918=CARTESIAN_POINT('',(0.,4.84840953554731,9.96483719524988));
#3919=CARTESIAN_POINT('',(3.36659707068755E-15,4.88988159956496,10.0606187613356));
#3920=CARTESIAN_POINT('',(3.36659707068755E-15,0.,0.));
#3921=CARTESIAN_POINT('',(0.,2.45875378446743,10.3867894194104));
#3922=CARTESIAN_POINT('',(0.,2.60882719014079,10.3936064192118));
#3923=CARTESIAN_POINT('',(0.,2.74741494389839,10.430706728501));
#3924=CARTESIAN_POINT('',(0.,2.87505056805825,10.4971451791744));
#3925=CARTESIAN_POINT('',(3.36659707068755E-15,2.45875378446743,10.3867894194104));
#3926=CARTESIAN_POINT('',(0.,2.87505056805825,10.4971451791744));
#3927=CARTESIAN_POINT('',(3.36659707068755E-15,2.72973960574914,9.97516746033278));
#3928=CARTESIAN_POINT('',(3.36659707068755E-15,2.58442864344002,9.45318974149118));
#3929=CARTESIAN_POINT('',(3.36659707068755E-15,2.72287103416678,9.41464940481642));
#3930=CARTESIAN_POINT('',(3.36659707068755E-15,2.86131342489353,9.37610906814166));
#3931=CARTESIAN_POINT('',(3.36659707068755E-15,3.06327713844285,10.1015915562625));
#3932=CARTESIAN_POINT('',(3.36659707068755E-15,3.26524085199217,10.8270740443834));
#3933=CARTESIAN_POINT('',(3.36659707068755E-15,3.15286037994696,10.8583591240873));
#3934=CARTESIAN_POINT('',(3.36659707068755E-15,3.04047990790174,10.8896442037913));
#3935=CARTESIAN_POINT('',(0.,3.04047990790174,10.8896442037913));
#3936=CARTESIAN_POINT('',(0.,2.98456481219982,10.8104095966468));
#3937=CARTESIAN_POINT('',(0.,2.90501772085369,10.7493051191996));
#3938=CARTESIAN_POINT('',(0.,2.69839417696225,10.6650663482604));
#3939=CARTESIAN_POINT('',(0.,2.60777573124571,10.6416551943435));
#3940=CARTESIAN_POINT('',(0.,2.52873356801573,10.6381667910904));
#3941=CARTESIAN_POINT('',(0.,2.52873356801573,10.6381667910904));
#3942=CARTESIAN_POINT('',(3.36659707068755E-15,2.49374367624158,10.5124781052504));
#3943=CARTESIAN_POINT('',(3.36659707068755E-15,0.,0.));
#3944=CARTESIAN_POINT('',(-4.54660459486509E-15,-0.249999999999999,0.43301270189222));
#3945=CARTESIAN_POINT('',(-1.12750565623145E-14,11.2812919747339,7.090607227609));
#3946=CARTESIAN_POINT('',(-8.83440012944745E-15,7.09846922834954,4.67565338901149));
#3947=CARTESIAN_POINT('',(6.7331941413751E-15,0.,0.));
#3948=CARTESIAN_POINT('',(1.67523646940377E-15,7.09060722760901,11.2812919747339));
#3949=CARTESIAN_POINT('',(1.39600666440454E-15,6.81431799641985,10.8027449887301));
#3950=CARTESIAN_POINT('',(5.20417042793042E-15,6.81431799641985,10.8027449887301));
#3951=CARTESIAN_POINT('',(5.20417042793042E-15,5.94829259263541,11.3027449887301));
#3952=CARTESIAN_POINT('',(5.20417042793042E-15,5.94829259263541,11.3027449887301));
#3953=CARTESIAN_POINT('',(1.39600666440454E-15,5.94829259263541,11.3027449887301));
#3954=CARTESIAN_POINT('',(1.67523646940376E-15,6.22458182382457,11.7812919747339));
#3955=CARTESIAN_POINT('',(6.7331941413751E-15,0.,0.));
#3956=CARTESIAN_POINT('',(2.18184737258426E-15,0.5,13.3151890514336));
#3957=CARTESIAN_POINT('',(-4.54660459486509E-15,0.5,0.));
#3958=CARTESIAN_POINT('',(-2.58809060282737E-16,0.5,8.48528137423857));
#3959=CARTESIAN_POINT('',(0.,0.,0.));
#3960=CARTESIAN_POINT('',(3.36659707068755E-15,0.,0.));
#3961=CARTESIAN_POINT('',(1.39600666440454E-15,-5.94829259263541,11.3027449887301));
#3962=CARTESIAN_POINT('',(5.20417042793042E-15,-5.94829259263541,11.3027449887301));
#3963=CARTESIAN_POINT('',(1.67523646940377E-15,-6.22458182382458,11.7812919747339));
#3964=CARTESIAN_POINT('',(5.20417042793042E-15,-6.81431799641985,10.8027449887301));
#3965=CARTESIAN_POINT('',(5.20417042793042E-15,-6.81431799641985,10.8027449887301));
#3966=CARTESIAN_POINT('',(1.39600666440454E-15,-6.81431799641985,10.8027449887301));
#3967=CARTESIAN_POINT('',(1.67523646940377E-15,-7.09060722760902,11.2812919747339));
#3968=CARTESIAN_POINT('',(6.7331941413751E-15,0.,0.));
#3969=CARTESIAN_POINT('',(2.18184737258426E-15,-11.2812919747339,7.09060722760903));
#3970=CARTESIAN_POINT('',(-4.54660459486509E-15,0.25,0.433012701892219));
#3971=CARTESIAN_POINT('',(-2.65109836932487E-15,-7.09846922834953,4.67565338901151));
#3972=CARTESIAN_POINT('',(0.,0.,0.));
#3973=CARTESIAN_POINT('',(-2.58809060282737E-16,-0.5,8.48528137423857));
#3974=CARTESIAN_POINT('',(-4.54660459486509E-15,-0.5,0.));
#3975=CARTESIAN_POINT('',(2.18184737258426E-15,-0.5,13.3151890514336));
#3976=CARTESIAN_POINT('',(6.7331941413751E-15,0.,0.));
#3977=CARTESIAN_POINT('',(3.36659707068755E-15,0.,0.));
#3978=CARTESIAN_POINT('',(1.67523646940377E-15,-6.22458182382458,11.7812919747339));
#3979=CARTESIAN_POINT('',(-1.73327711090625,-6.72528847370531,12.648541332015));
#3980=CARTESIAN_POINT('',(-3.46662079473875,-7.22593751128516,13.5156909018637));
#3981=CARTESIAN_POINT('',(-5.2,-7.72655579673292,14.3827872074572));
#3982=CARTESIAN_POINT('',(-5.2,-7.72655579673292,14.3827872074572));
#3983=CARTESIAN_POINT('',(2.18184737258426E-15,-0.5,13.3151890514336));
#3984=CARTESIAN_POINT('',(-0.888388607061724,-0.5,13.8284619498468));
#3985=CARTESIAN_POINT('',(-1.7767951220288,-0.5,14.3417038533147));
#3986=CARTESIAN_POINT('',(-2.66521449865766,-0.5,14.8549234911239));
#3987=CARTESIAN_POINT('',(-3.51013226598055,-0.5,15.3430132400997));
#3988=CARTESIAN_POINT('',(-4.35506172956192,-0.5,15.8310827423336));
#3989=CARTESIAN_POINT('',(-5.19999999999999,-0.5,16.3191369972503));
#3990=CARTESIAN_POINT('',(-5.19999999999999,-0.5,16.3191369972503));
#3991=CARTESIAN_POINT('',(-5.19999999999999,0.,0.));
#3992=CARTESIAN_POINT('',(6.7331941413751E-15,0.,0.));
#3993=CARTESIAN_POINT('',(1.67523646940377E-15,-13.3151890514336,0.500000000000016));
#3994=CARTESIAN_POINT('',(-1.29069380488293,-14.0608966673691,0.500000000000017));
#3995=CARTESIAN_POINT('',(-2.5814250293316,-14.8065395176404,0.500000000000017));
#3996=CARTESIAN_POINT('',(-3.87217955525556,-15.5521420258404,0.500000000000018));
#3997=CARTESIAN_POINT('',(-4.3147836831117,-15.8078116680856,0.500000000000018));
#3998=CARTESIAN_POINT('',(-4.75739062433267,-16.0634764400022,0.500000000000018));
#3999=CARTESIAN_POINT('',(-5.2,-16.3191369972503,0.500000000000018));
#4000=CARTESIAN_POINT('',(1.67523646940377E-15,-13.3151890514336,0.500000000000016));
#4001=CARTESIAN_POINT('',(-5.2,-16.3191369972503,0.500000000000018));
#4002=CARTESIAN_POINT('',(6.7331941413751E-15,0.,0.));
#4003=CARTESIAN_POINT('',(2.18184737258426E-15,-11.7812919747339,6.22458182382459));
#4004=CARTESIAN_POINT('',(2.18184737258426E-15,-11.7812919747339,6.22458182382459));
#4005=CARTESIAN_POINT('',(-1.73327711090625,-12.6485413320149,6.72528847370533));
#4006=CARTESIAN_POINT('',(-3.46662079473875,-13.5156909018637,7.22593751128518));
#4007=CARTESIAN_POINT('',(-5.2,-14.3827872074572,7.72655579673293));
#4008=CARTESIAN_POINT('',(-5.2,-14.3827872074572,7.72655579673293));
#4009=CARTESIAN_POINT('',(-5.19999999999999,0.,0.));
#4010=CARTESIAN_POINT('',(6.7331941413751E-15,0.,0.));
#4011=CARTESIAN_POINT('',(1.67523646940376E-15,-7.09060722760904,-11.2812919747339));
#4012=CARTESIAN_POINT('',(-1.73327711090626,-7.59131387748977,-12.1485413320149));
#4013=CARTESIAN_POINT('',(-3.46662079473875,-8.09196291506963,-13.0156909018637));
#4014=CARTESIAN_POINT('',(-5.2,-8.59258120051738,-13.8827872074572));
#4015=CARTESIAN_POINT('',(1.67523646940376E-15,-7.09060722760904,-11.2812919747339));
#4016=CARTESIAN_POINT('',(-5.2,-8.59258120051738,-13.8827872074572));
#4017=CARTESIAN_POINT('',(6.7331941413751E-15,0.,0.));
#4018=CARTESIAN_POINT('',(2.18184737258426E-15,-11.2812919747339,-7.090607227609));
#4019=CARTESIAN_POINT('',(2.18184737258426E-15,-11.2812919747339,-7.090607227609));
#4020=CARTESIAN_POINT('',(-1.73327711090626,-12.148541332015,-7.59131387748973));
#4021=CARTESIAN_POINT('',(-3.46662079473875,-13.0156909018637,-8.09196291506958));
#4022=CARTESIAN_POINT('',(-5.2,-13.8827872074573,-8.59258120051733));
#4023=CARTESIAN_POINT('',(-5.2,-13.8827872074573,-8.59258120051733));
#4024=CARTESIAN_POINT('',(-5.19999999999999,0.,0.));
#4025=CARTESIAN_POINT('',(6.7331941413751E-15,0.,0.));
#4026=CARTESIAN_POINT('',(1.67523646940377E-15,6.22458182382455,-11.7812919747339));
#4027=CARTESIAN_POINT('',(-1.73327711090626,6.72528847370528,-12.648541332015));
#4028=CARTESIAN_POINT('',(-3.46662079473875,7.22593751128513,-13.5156909018637));
#4029=CARTESIAN_POINT('',(-5.19999999999999,7.72655579673288,-14.3827872074573));
#4030=CARTESIAN_POINT('',(1.67523646940377E-15,6.22458182382455,-11.7812919747339));
#4031=CARTESIAN_POINT('',(-5.19999999999999,7.72655579673288,-14.3827872074573));
#4032=CARTESIAN_POINT('',(6.7331941413751E-15,0.,0.));
#4033=CARTESIAN_POINT('',(2.18184737258426E-15,0.499999999999969,-13.3151890514336));
#4034=CARTESIAN_POINT('',(2.18184737258426E-15,0.499999999999969,-13.3151890514336));
#4035=CARTESIAN_POINT('',(-1.73327711090618,0.499999999999966,-14.316602351195));
#4036=CARTESIAN_POINT('',(-3.46662079473859,0.499999999999964,-15.3179004263547));
#4037=CARTESIAN_POINT('',(-5.19999999999976,0.499999999999962,-16.3191369972501));
#4038=CARTESIAN_POINT('',(-5.19999999999976,0.499999999999962,-16.3191369972501));
#4039=CARTESIAN_POINT('',(-5.19999999999999,0.,0.));
#4040=CARTESIAN_POINT('',(6.7331941413751E-15,0.,0.));
#4041=CARTESIAN_POINT('',(1.67523646940377E-15,13.3151890514336,0.499999999999947));
#4042=CARTESIAN_POINT('',(-1.73327711090343,14.3166023511934,0.499999999999946));
#4043=CARTESIAN_POINT('',(-3.4666207947031,15.3179004264034,0.499999999999985));
#4044=CARTESIAN_POINT('',(-5.19999999996152,16.3191369972973,0.499999999999984));
#4045=CARTESIAN_POINT('',(1.67523646940377E-15,13.3151890514336,0.499999999999947));
#4046=CARTESIAN_POINT('',(-5.19999999996152,16.3191369972973,0.499999999999984));
#4047=CARTESIAN_POINT('',(-5.19999999999999,0.,0.));
#4048=CARTESIAN_POINT('',(-5.19999999999999,14.3827872074573,7.72655579673286));
#4049=CARTESIAN_POINT('',(2.18184737258426E-15,11.7812919747339,6.22458182382453));
#4050=CARTESIAN_POINT('',(-1.73327711090626,12.648541332015,6.72528847370526));
#4051=CARTESIAN_POINT('',(-3.46662079473875,13.5156909018637,7.22593751128511));
#4052=CARTESIAN_POINT('',(-5.19999999999999,14.3827872074573,7.72655579673286));
#4053=CARTESIAN_POINT('',(2.18184737258426E-15,11.7812919747339,6.22458182382453));
#4054=CARTESIAN_POINT('',(6.7331941413751E-15,0.,0.));
#4055=CARTESIAN_POINT('',(6.7331941413751E-15,0.,0.));
#4056=CARTESIAN_POINT('',(1.67523646940376E-15,13.3151890514336,-0.500000000000053));
#4057=CARTESIAN_POINT('',(-1.29069380488293,14.0608966673691,-0.500000000000056));
#4058=CARTESIAN_POINT('',(-2.58142502933159,14.8065395176404,-0.500000000000058));
#4059=CARTESIAN_POINT('',(-3.87217955525555,15.5521420258404,-0.500000000000061));
#4060=CARTESIAN_POINT('',(-4.31478368311169,15.8078116680855,-0.500000000000062));
#4061=CARTESIAN_POINT('',(-4.75739062433266,16.0634764400022,-0.500000000000063));
#4062=CARTESIAN_POINT('',(-5.2,16.3191369972503,-0.500000000000064));
#4063=CARTESIAN_POINT('',(1.67523646940376E-15,13.3151890514336,-0.500000000000053));
#4064=CARTESIAN_POINT('',(-5.2,16.3191369972503,-0.500000000000064));
#4065=CARTESIAN_POINT('',(6.7331941413751E-15,0.,0.));
#4066=CARTESIAN_POINT('',(2.18184737258426E-15,11.7812919747339,-6.22458182382462));
#4067=CARTESIAN_POINT('',(2.18184737258426E-15,11.7812919747339,-6.22458182382462));
#4068=CARTESIAN_POINT('',(-1.73327711090626,12.6485413320149,-6.72528847370535));
#4069=CARTESIAN_POINT('',(-3.46662079473875,13.5156909018637,-7.22593751128521));
#4070=CARTESIAN_POINT('',(-5.2,14.3827872074572,-7.72655579673296));
#4071=CARTESIAN_POINT('',(-5.2,14.3827872074572,-7.72655579673296));
#4072=CARTESIAN_POINT('',(-5.19999999999999,0.,0.));
#4073=CARTESIAN_POINT('',(6.7331941413751E-15,0.,0.));
#4074=CARTESIAN_POINT('',(-5.2,-7.72655579673292,14.3827872074572));
#4075=CARTESIAN_POINT('',(-5.21931104705836,-7.7321330317887,14.3924472619396));
#4076=CARTESIAN_POINT('',(-5.2408052398824,-7.73612595595772,14.3993632094711));
#4077=CARTESIAN_POINT('',(-5.26271502067057,-7.7382056342847,14.4029653179969));
#4078=CARTESIAN_POINT('',(-5.28469953445397,-7.7402924062742,14.4065797131065));
#4079=CARTESIAN_POINT('',(-5.30770795130501,-7.74050992014531,14.4069564581826));
#4080=CARTESIAN_POINT('',(-5.32983450750439,-7.73884012776355,14.4040642929393));
#4081=CARTESIAN_POINT('',(-5.35195847130935,-7.73717053101822,14.4011724665482));
#4082=CARTESIAN_POINT('',(-5.3738108599919,-7.7335680740272,14.3949328280077));
#4083=CARTESIAN_POINT('',(-5.3935828612155,-7.72833147314436,14.3858627692197));
#4084=CARTESIAN_POINT('',(-5.41335733919976,-7.72309421629316,14.3767915742611));
#4085=CARTESIAN_POINT('',(-5.43159608809746,-7.71607809837247,14.3646393015506));
#4086=CARTESIAN_POINT('',(-5.44679089015737,-7.70786433846589,14.3504126520712));
#4087=CARTESIAN_POINT('',(-5.46199134481653,-7.69964752296879,14.3361807101538));
#4088=CARTESIAN_POINT('',(-5.47456466174671,-7.69000573534553,14.3194806441145));
#4089=CARTESIAN_POINT('',(-5.48347192828592,-7.67973711016615,14.30169486358));
#4090=CARTESIAN_POINT('',(-5.49238330262849,-7.66946374935964,14.2839008806986));
#4091=CARTESIAN_POINT('',(-5.49787097147312,-7.65827976705389,14.2645296551141));
#4092=CARTESIAN_POINT('',(-5.4994816277153,-7.64711076812621,14.2451843815017));
#4093=CARTESIAN_POINT('',(-5.49982698602899,-7.64471590165232,14.2410363510916));
#4094=CARTESIAN_POINT('',(-5.49999999999999,-7.64231326498839,14.2368748623175));
#4095=CARTESIAN_POINT('',(-5.49999999999999,-7.63991218116667,14.232716063145));
#4096=CARTESIAN_POINT('',(-5.49999999999999,-7.63991218116667,14.232716063145));
#4097=CARTESIAN_POINT('',(-5.19999999999999,-0.5,16.3191369972503));
#4098=CARTESIAN_POINT('',(-5.21578742756432,-0.5,16.328256150053));
#4099=CARTESIAN_POINT('',(-5.23299102819998,-0.5,16.3352597839449));
#4100=CARTESIAN_POINT('',(-5.25065887568084,-0.5,16.3397596708692));
#4101=CARTESIAN_POINT('',(-5.27234630018932,-0.5,16.3452833181653));
#4102=CARTESIAN_POINT('',(-5.29528681848736,-0.5,16.3471380628154));
#4103=CARTESIAN_POINT('',(-5.31757990482519,-0.5,16.3451699767409));
#4104=CARTESIAN_POINT('',(-5.33986798206002,-0.5,16.3432023328817));
#4105=CARTESIAN_POINT('',(-5.36212358048659,-0.5,16.337359397209));
#4106=CARTESIAN_POINT('',(-5.38250420179777,-0.5,16.3281257476514));
#4107=CARTESIAN_POINT('',(-5.40288626327041,-0.5,16.3188914456139));
#4108=CARTESIAN_POINT('',(-5.42195502793132,-0.5,16.3060115110351));
#4109=CARTESIAN_POINT('',(-5.4381333634744,-0.5,16.2905531080436));
#4110=CARTESIAN_POINT('',(-5.45431713812917,-0.5,16.2750895079796));
#4111=CARTESIAN_POINT('',(-5.46805471648126,-0.5,16.256619576694));
#4112=CARTESIAN_POINT('',(-5.47821085795314,-0.5,16.2366723894383));
#4113=CARTESIAN_POINT('',(-5.48837166687007,-0.5,16.216716035079));
#4114=CARTESIAN_POINT('',(-5.49522791662791,-0.5,16.1947309693537));
#4115=CARTESIAN_POINT('',(-5.49821324174692,-0.5,16.1725366919135));
#4116=CARTESIAN_POINT('',(-5.49940175901019,-0.5,16.1637007089529));
#4117=CARTESIAN_POINT('',(-5.49999999999999,-0.5,16.1547653237652));
#4118=CARTESIAN_POINT('',(-5.49999999999999,-0.5,16.1458497661178));
#4119=CARTESIAN_POINT('',(-5.49999999999999,-0.5,16.1458497661178));
#4120=CARTESIAN_POINT('',(-5.49999999999999,0.,0.));
#4121=CARTESIAN_POINT('',(-5.29999999999999,0.,0.));
#4122=CARTESIAN_POINT('',(-5.2,-16.3191369972503,0.500000000000018));
#4123=CARTESIAN_POINT('',(-5.20154497559707,-16.3200294079035,0.500000000000018));
#4124=CARTESIAN_POINT('',(-5.2031020348605,-16.3209012182745,0.500000000000018));
#4125=CARTESIAN_POINT('',(-5.2046703416111,-16.3217519593078,0.500000000000018));
#4126=CARTESIAN_POINT('',(-5.22434812689919,-16.3324263375065,0.500000000000018));
#4127=CARTESIAN_POINT('',(-5.24614102851274,-16.3398497343583,0.500000000000018));
#4128=CARTESIAN_POINT('',(-5.26824330843355,-16.3434059691755,0.500000000000018));
#4129=CARTESIAN_POINT('',(-5.2903370299755,-16.3469608269581,0.500000000000018));
#4130=CARTESIAN_POINT('',(-5.3133493719285,-16.3467496003057,0.500000000000018));
#4131=CARTESIAN_POINT('',(-5.33537412300552,-16.3427898167986,0.500000000000018));
#4132=CARTESIAN_POINT('',(-5.35739556038973,-16.3388306290533,0.500000000000018));
#4133=CARTESIAN_POINT('',(-5.37903695759691,-16.331014941863,0.500000000000018));
#4134=CARTESIAN_POINT('',(-5.39850710879229,-16.3199907827342,0.500000000000018));
#4135=CARTESIAN_POINT('',(-5.4106805482703,-16.3130980815629,0.500000000000018));
#4136=CARTESIAN_POINT('',(-5.4221891536367,-16.3048762597155,0.500000000000018));
#4137=CARTESIAN_POINT('',(-5.43265620321988,-16.2955949434734,0.500000000000018));
#4138=CARTESIAN_POINT('',(-5.44941314254338,-16.2807362718033,0.500000000000018));
#4139=CARTESIAN_POINT('',(-5.46383485646714,-16.2627786342164,0.500000000000018));
#4140=CARTESIAN_POINT('',(-5.47472811848212,-16.2432104973106,0.500000000000018));
#4141=CARTESIAN_POINT('',(-5.48562124279577,-16.2236426077649,0.500000000000018));
#4142=CARTESIAN_POINT('',(-5.4932865834919,-16.2019246995782,0.500000000000018));
#4143=CARTESIAN_POINT('',(-5.49709078780659,-16.1798545729787,0.500000000000018));
#4144=CARTESIAN_POINT('',(-5.49902321864764,-16.1686435575394,0.500000000000018));
#4145=CARTESIAN_POINT('',(-5.49999999999999,-16.1572261080666,0.500000000000017));
#4146=CARTESIAN_POINT('',(-5.49999999999999,-16.1458497661178,0.500000000000017));
#4147=CARTESIAN_POINT('',(-5.49999999999999,-16.1458497661178,0.500000000000017));
#4148=CARTESIAN_POINT('',(-5.2,-14.3827872074572,7.72655579673293));
#4149=CARTESIAN_POINT('',(-5.21931104705836,-14.3924472619396,7.73213303178872));
#4150=CARTESIAN_POINT('',(-5.2408052398824,-14.3993632094711,7.73612595595773));
#4151=CARTESIAN_POINT('',(-5.26271502067056,-14.4029653179969,7.73820563428472));
#4152=CARTESIAN_POINT('',(-5.28469953445397,-14.4065797131065,7.74029240627421));
#4153=CARTESIAN_POINT('',(-5.30770795130501,-14.4069564581826,7.74050992014532));
#4154=CARTESIAN_POINT('',(-5.32983450750439,-14.4040642929393,7.73884012776356));
#4155=CARTESIAN_POINT('',(-5.35195847130935,-14.4011724665482,7.73717053101824));
#4156=CARTESIAN_POINT('',(-5.3738108599919,-14.3949328280077,7.73356807402722));
#4157=CARTESIAN_POINT('',(-5.3935828612155,-14.3858627692197,7.72833147314437));
#4158=CARTESIAN_POINT('',(-5.41335733919976,-14.3767915742611,7.72309421629317));
#4159=CARTESIAN_POINT('',(-5.43159608809746,-14.3646393015506,7.71607809837249));
#4160=CARTESIAN_POINT('',(-5.44679089015737,-14.3504126520712,7.70786433846591));
#4161=CARTESIAN_POINT('',(-5.46199134481653,-14.3361807101538,7.6996475229688));
#4162=CARTESIAN_POINT('',(-5.47456466174671,-14.3194806441145,7.69000573534555));
#4163=CARTESIAN_POINT('',(-5.48347192828591,-14.30169486358,7.67973711016617));
#4164=CARTESIAN_POINT('',(-5.49238330262849,-14.2839008806986,7.66946374935966));
#4165=CARTESIAN_POINT('',(-5.49787097147312,-14.2645296551141,7.6582797670539));
#4166=CARTESIAN_POINT('',(-5.4994816277153,-14.2451843815017,7.64711076812622));
#4167=CARTESIAN_POINT('',(-5.49982698602899,-14.2410363510915,7.64471590165234));
#4168=CARTESIAN_POINT('',(-5.49999999999999,-14.2368748623175,7.6423132649884));
#4169=CARTESIAN_POINT('',(-5.49999999999999,-14.232716063145,7.63991218116668));
#4170=CARTESIAN_POINT('',(-5.49999999999999,-14.232716063145,7.63991218116668));
#4171=CARTESIAN_POINT('',(-5.49999999999999,0.,0.));
#4172=CARTESIAN_POINT('',(-5.29999999999999,0.,0.));
#4173=CARTESIAN_POINT('',(-5.2,-8.59258120051738,-13.8827872074572));
#4174=CARTESIAN_POINT('',(-5.21931104706097,-8.59815843557393,-13.8924472619409));
#4175=CARTESIAN_POINT('',(-5.24080523988827,-8.60215135974326,-13.899363209473));
#4176=CARTESIAN_POINT('',(-5.26271502067959,-8.60423103807003,-13.9029653179983));
#4177=CARTESIAN_POINT('',(-5.28469953446318,-8.60631781005902,-13.9065797131071));
#4178=CARTESIAN_POINT('',(-5.30770795131424,-8.6065353239296,-13.9069564581823));
#4179=CARTESIAN_POINT('',(-5.32983450751347,-8.60486553154733,-13.9040642929381));
#4180=CARTESIAN_POINT('',(-5.35195847131827,-8.6031959348015,-13.9011724665462));
#4181=CARTESIAN_POINT('',(-5.37381086000049,-8.59959347780998,-13.8949328280048));
#4182=CARTESIAN_POINT('',(-5.39358286122361,-8.59435687692668,-13.8858627692159));
#4183=CARTESIAN_POINT('',(-5.41335733920739,-8.58911962007502,-13.8767915742566));
#4184=CARTESIAN_POINT('',(-5.43159608810445,-8.58210350215392,-13.8646393015453));
#4185=CARTESIAN_POINT('',(-5.4467908901636,-8.57388974224699,-13.8504126520654));
#4186=CARTESIAN_POINT('',(-5.46199134482201,-8.56567292674954,-13.8361807101473));
#4187=CARTESIAN_POINT('',(-5.47456466175131,-8.556031139126,-13.8194806441076));
#4188=CARTESIAN_POINT('',(-5.48347192828957,-8.54576251394641,-13.8016948635727));
#4189=CARTESIAN_POINT('',(-5.4923833026312,-8.53548915313969,-13.7839008806909));
#4190=CARTESIAN_POINT('',(-5.4978709714748,-8.52430517083381,-13.7645296551062));
#4191=CARTESIAN_POINT('',(-5.49948162771596,-8.51313617190609,-13.7451843814937));
#4192=CARTESIAN_POINT('',(-5.49982698602921,-8.51074130543373,-13.7410363510862));
#4193=CARTESIAN_POINT('',(-5.49999999999999,-8.50833866877133,-13.7368748623148));
#4194=CARTESIAN_POINT('',(-5.49999999999999,-8.50593758495114,-13.732716063145));
#4195=CARTESIAN_POINT('',(-5.49999999999999,-8.50593758495114,-13.732716063145));
#4196=CARTESIAN_POINT('',(-5.2,-13.8827872074573,-8.59258120051733));
#4197=CARTESIAN_POINT('',(-5.21931104705959,-13.8924472619403,-8.59815843557348));
#4198=CARTESIAN_POINT('',(-5.24080523988518,-13.899363209472,-8.60215135974264));
#4199=CARTESIAN_POINT('',(-5.26271502067483,-13.9029653179976,-8.60423103806953));
#4200=CARTESIAN_POINT('',(-5.28469953445832,-13.9065797131068,-8.60631781005878));
#4201=CARTESIAN_POINT('',(-5.30770795130937,-13.9069564581825,-8.60653532392964));
#4202=CARTESIAN_POINT('',(-5.32983450750868,-13.9040642929387,-8.60486553154765));
#4203=CARTESIAN_POINT('',(-5.35195847131356,-13.9011724665473,-8.60319593480208));
#4204=CARTESIAN_POINT('',(-5.37381085999596,-13.8949328280063,-8.59959347781082));
#4205=CARTESIAN_POINT('',(-5.39358286121933,-13.8858627692179,-8.59435687692776));
#4206=CARTESIAN_POINT('',(-5.41335733920336,-13.876791574259,-8.58911962007635));
#4207=CARTESIAN_POINT('',(-5.43159608810076,-13.8646393015481,-8.58210350215546));
#4208=CARTESIAN_POINT('',(-5.44679089016031,-13.8504126520685,-8.57388974224872));
#4209=CARTESIAN_POINT('',(-5.46199134481912,-13.8361807101508,-8.56567292675145));
#4210=CARTESIAN_POINT('',(-5.47456466174889,-13.8194806441113,-8.55603113912806));
#4211=CARTESIAN_POINT('',(-5.48347192828764,-13.8016948635765,-8.54576251394858));
#4212=CARTESIAN_POINT('',(-5.49238330262977,-13.783900880695,-8.53548915314197));
#4213=CARTESIAN_POINT('',(-5.49787097147391,-13.7645296551104,-8.52430517083616));
#4214=CARTESIAN_POINT('',(-5.49948162771561,-13.7451843814979,-8.51313617190846));
#4215=CARTESIAN_POINT('',(-5.4998269860291,-13.7410363510891,-8.5107413054353));
#4216=CARTESIAN_POINT('',(-5.49999999999999,-13.7368748623162,-8.50833866877209));
#4217=CARTESIAN_POINT('',(-5.49999999999999,-13.732716063145,-8.50593758495109));
#4218=CARTESIAN_POINT('',(-5.49999999999999,-13.732716063145,-8.50593758495109));
#4219=CARTESIAN_POINT('',(-5.49999999999999,0.,0.));
#4220=CARTESIAN_POINT('',(-5.29999999999999,0.,0.));
#4221=CARTESIAN_POINT('',(-5.19999999999999,7.72655579673288,-14.3827872074573));
#4222=CARTESIAN_POINT('',(-5.21931104705838,7.73213303178868,-14.3924472619397));
#4223=CARTESIAN_POINT('',(-5.24080523988246,7.73612595595769,-14.3993632094712));
#4224=CARTESIAN_POINT('',(-5.26271502067065,7.73820563428468,-14.4029653179969));
#4225=CARTESIAN_POINT('',(-5.28469953445406,7.74029240627417,-14.4065797131065));
#4226=CARTESIAN_POINT('',(-5.30770795130509,7.74050992014527,-14.4069564581826));
#4227=CARTESIAN_POINT('',(-5.32983450750448,7.73884012776351,-14.4040642929393));
#4228=CARTESIAN_POINT('',(-5.35195847130943,7.73717053101818,-14.4011724665482));
#4229=CARTESIAN_POINT('',(-5.37381085999198,7.73356807402715,-14.3949328280077));
#4230=CARTESIAN_POINT('',(-5.39358286121557,7.7283314731443,-14.3858627692196));
#4231=CARTESIAN_POINT('',(-5.41335733919983,7.7230942162931,-14.3767915742611));
#4232=CARTESIAN_POINT('',(-5.43159608809752,7.71607809837241,-14.3646393015505));
#4233=CARTESIAN_POINT('',(-5.44679089015742,7.70786433846583,-14.3504126520712));
#4234=CARTESIAN_POINT('',(-5.46199134481658,7.69964752296872,-14.3361807101538));
#4235=CARTESIAN_POINT('',(-5.47456466174676,7.69000573534547,-14.3194806441145));
#4236=CARTESIAN_POINT('',(-5.48347192828595,7.67973711016608,-14.3016948635799));
#4237=CARTESIAN_POINT('',(-5.49238330262851,7.66946374935957,-14.2839008806986));
#4238=CARTESIAN_POINT('',(-5.49787097147313,7.65827976705381,-14.264529655114));
#4239=CARTESIAN_POINT('',(-5.4994816277153,7.64711076812613,-14.2451843815016));
#4240=CARTESIAN_POINT('',(-5.49982698602899,7.64471590165226,-14.2410363510915));
#4241=CARTESIAN_POINT('',(-5.49999999999999,7.64231326498834,-14.2368748623175));
#4242=CARTESIAN_POINT('',(-5.49999999999999,7.63991218116663,-14.2327160631451));
#4243=CARTESIAN_POINT('',(-5.49999999999999,7.63991218116663,-14.2327160631451));
#4244=CARTESIAN_POINT('',(-5.19999999999976,0.499999999999962,-16.3191369972501));
#4245=CARTESIAN_POINT('',(-5.20032806619126,0.499999999999962,-16.3193264952363));
#4246=CARTESIAN_POINT('',(-5.20065667222909,0.499999999999962,-16.3195150616783));
#4247=CARTESIAN_POINT('',(-5.20098581015557,0.499999999999962,-16.3197026920013));
#4248=CARTESIAN_POINT('',(-5.22043474073674,0.499999999999962,-16.3307898649861));
#4249=CARTESIAN_POINT('',(-5.24206693476769,0.499999999999962,-16.3386712713327));
#4250=CARTESIAN_POINT('',(-5.26408997501136,0.499999999999962,-16.3426927143538));
#4251=CARTESIAN_POINT('',(-5.28610426528741,0.499999999999962,-16.3467125596166));
#4252=CARTESIAN_POINT('',(-5.30911639791356,0.499999999999962,-16.346986415511));
#4253=CARTESIAN_POINT('',(-5.33122011013426,0.499999999999962,-16.3434915566641));
#4254=CARTESIAN_POINT('',(-5.35332010069607,0.499999999999962,-16.3399972862556));
#4255=CARTESIAN_POINT('',(-5.37512140881411,0.499999999999962,-16.3326393131649));
#4256=CARTESIAN_POINT('',(-5.39481948574887,0.499999999999962,-16.3220277499627));
#4257=CARTESIAN_POINT('',(-5.40713522867336,0.499999999999962,-16.3153931284787));
#4258=CARTESIAN_POINT('',(-5.4188142893432,0.499999999999962,-16.3074156837143));
#4259=CARTESIAN_POINT('',(-5.42947434356012,0.499999999999962,-16.2983570430817));
#4260=CARTESIAN_POINT('',(-5.44654008378605,0.499999999999962,-16.2838550147909));
#4261=CARTESIAN_POINT('',(-5.46133644302512,0.499999999999962,-16.2662055931248));
#4262=CARTESIAN_POINT('',(-5.47263914496826,0.499999999999962,-16.2468717563925));
#4263=CARTESIAN_POINT('',(-5.48394170153333,0.499999999999962,-16.2275381683366));
#4264=CARTESIAN_POINT('',(-5.49206255946385,0.499999999999962,-16.2059871217903));
#4265=CARTESIAN_POINT('',(-5.49633071824503,0.499999999999962,-16.1840026219634));
#4266=CARTESIAN_POINT('',(-5.49876569481952,0.499999999999962,-16.1714605060711));
#4267=CARTESIAN_POINT('',(-5.49999999999999,0.499999999999962,-16.1586260637808));
#4268=CARTESIAN_POINT('',(-5.49999999999999,0.499999999999962,-16.1458497661178));
#4269=CARTESIAN_POINT('',(-5.49999999999999,0.499999999999962,-16.1458497661178));
#4270=CARTESIAN_POINT('',(-5.49999999999999,0.,0.));
#4271=CARTESIAN_POINT('',(-5.29999999999999,0.,0.));
#4272=CARTESIAN_POINT('',(-5.19999999996152,16.3191369972973,0.499999999999984));
#4273=CARTESIAN_POINT('',(-5.21028625929931,16.3250785587263,0.499999999999984));
#4274=CARTESIAN_POINT('',(-5.22114674783867,16.330119742555,0.499999999999984));
#4275=CARTESIAN_POINT('',(-5.23232435449981,16.3341409852371,0.499999999999984));
#4276=CARTESIAN_POINT('',(-5.25337869858853,16.3417154714093,0.499999999999984));
#4277=CARTESIAN_POINT('',(-5.27603107661836,16.3457596702952,0.499999999999984));
#4278=CARTESIAN_POINT('',(-5.29840575883129,16.3459381125819,0.499999999999984));
#4279=CARTESIAN_POINT('',(-5.32078682173588,16.3461166057558,0.499999999999984));
#4280=CARTESIAN_POINT('',(-5.34350748839322,16.3424319968716,0.499999999999984));
#4281=CARTESIAN_POINT('',(-5.36468527947406,16.3351901047508,0.499999999999984));
#4282=CARTESIAN_POINT('',(-5.38587256859929,16.3279449647081,0.499999999999984));
#4283=CARTESIAN_POINT('',(-5.40610046247133,16.316939384507,0.499999999999984));
#4284=CARTESIAN_POINT('',(-5.42369305599046,16.3030868061194,0.499999999999984));
#4285=CARTESIAN_POINT('',(-5.44129303825046,16.2892284097657,0.499999999999984));
#4286=CARTESIAN_POINT('',(-5.45674151226871,16.2721380841576,0.499999999999984));
#4287=CARTESIAN_POINT('',(-5.468759363348,16.2532334344521,0.499999999999984));
#4288=CARTESIAN_POINT('',(-5.48077971367491,16.2343248533117,0.499999999999984));
#4289=CARTESIAN_POINT('',(-5.48969994562393,16.2130793317825,0.499999999999984));
#4290=CARTESIAN_POINT('',(-5.49478221341736,16.191257466216,0.499999999999984));
#4291=CARTESIAN_POINT('',(-5.4982380434568,16.1764190787861,0.499999999999984));
#4292=CARTESIAN_POINT('',(-5.49999999999999,16.1610852675136,0.499999999999983));
#4293=CARTESIAN_POINT('',(-5.49999999999999,16.1458497661178,0.499999999999983));
#4294=CARTESIAN_POINT('',(-5.49999999999999,16.1458497661178,0.499999999999983));
#4295=CARTESIAN_POINT('',(-5.49999999999999,0.,0.));
#4296=CARTESIAN_POINT('',(-5.49999999999999,14.2327160631451,7.63991218116661));
#4297=CARTESIAN_POINT('',(-5.19999999999999,14.3827872074573,7.72655579673286));
#4298=CARTESIAN_POINT('',(-5.21931104705835,14.3924472619397,7.73213303178864));
#4299=CARTESIAN_POINT('',(-5.2408052398824,14.3993632094712,7.73612595595766));
#4300=CARTESIAN_POINT('',(-5.26271502067057,14.4029653179969,7.73820563428464));
#4301=CARTESIAN_POINT('',(-5.28469953445397,14.4065797131065,7.74029240627414));
#4302=CARTESIAN_POINT('',(-5.30770795130501,14.4069564581826,7.74050992014525));
#4303=CARTESIAN_POINT('',(-5.32983450750439,14.4040642929393,7.73884012776349));
#4304=CARTESIAN_POINT('',(-5.35195847130935,14.4011724665483,7.73717053101816));
#4305=CARTESIAN_POINT('',(-5.3738108599919,14.3949328280077,7.73356807402714));
#4306=CARTESIAN_POINT('',(-5.3935828612155,14.3858627692197,7.7283314731443));
#4307=CARTESIAN_POINT('',(-5.41335733919976,14.3767915742611,7.7230942162931));
#4308=CARTESIAN_POINT('',(-5.43159608809746,14.3646393015506,7.71607809837241));
#4309=CARTESIAN_POINT('',(-5.44679089015737,14.3504126520712,7.70786433846583));
#4310=CARTESIAN_POINT('',(-5.46199134481653,14.3361807101538,7.69964752296873));
#4311=CARTESIAN_POINT('',(-5.47456466174671,14.3194806441146,7.69000573534548));
#4312=CARTESIAN_POINT('',(-5.48347192828591,14.30169486358,7.6797371101661));
#4313=CARTESIAN_POINT('',(-5.49238330262849,14.2839008806986,7.66946374935958));
#4314=CARTESIAN_POINT('',(-5.49787097147312,14.2645296551141,7.65827976705383));
#4315=CARTESIAN_POINT('',(-5.4994816277153,14.2451843815017,7.64711076812615));
#4316=CARTESIAN_POINT('',(-5.49982698602899,14.2410363510916,7.64471590165226));
#4317=CARTESIAN_POINT('',(-5.49999999999999,14.2368748623175,7.64231326498833));
#4318=CARTESIAN_POINT('',(-5.49999999999999,14.2327160631451,7.63991218116661));
#4319=CARTESIAN_POINT('',(-5.29999999999999,0.,0.));
#4320=CARTESIAN_POINT('',(-5.2,16.3191369972503,-0.500000000000064));
#4321=CARTESIAN_POINT('',(-5.21756021027117,16.3292801469216,-0.500000000000064));
#4322=CARTESIAN_POINT('',(-5.23689897223657,16.3368052960659,-0.500000000000064));
#4323=CARTESIAN_POINT('',(-5.25669665740532,16.3411980323408,-0.500000000000064));
#4324=CARTESIAN_POINT('',(-5.27854441226739,16.3460456407602,-0.500000000000064));
#4325=CARTESIAN_POINT('',(-5.30153069523858,16.3471873776058,-0.500000000000064));
#4326=CARTESIAN_POINT('',(-5.32375127196651,16.3445284925427,-0.500000000000064));
#4327=CARTESIAN_POINT('',(-5.34596741094891,16.3418701384944,-0.500000000000064));
#4328=CARTESIAN_POINT('',(-5.36803080778021,16.3353394631411,-0.500000000000064));
#4329=CARTESIAN_POINT('',(-5.38811502905143,16.3254780365983,-0.500000000000064));
#4330=CARTESIAN_POINT('',(-5.40820122437523,16.3156156407884,-0.500000000000064));
#4331=CARTESIAN_POINT('',(-5.42686163531378,16.3021500915468,-0.500000000000064));
#4332=CARTESIAN_POINT('',(-5.44255304137982,16.2861969768237,-0.500000000000064));
#4333=CARTESIAN_POINT('',(-5.45825001553014,16.2702382011493,-0.500000000000064));
#4334=CARTESIAN_POINT('',(-5.47140863653942,16.25135031157,-0.500000000000064));
#4335=CARTESIAN_POINT('',(-5.48094157089087,16.231096899977,-0.500000000000063));
#4336=CARTESIAN_POINT('',(-5.49047890216598,16.2108341468002,-0.500000000000063));
#4337=CARTESIAN_POINT('',(-5.49665018472663,16.1886460486907,-0.500000000000063));
#4338=CARTESIAN_POINT('',(-5.49894563944765,16.1663689137363,-0.500000000000063));
#4339=CARTESIAN_POINT('',(-5.49964762254275,16.159556245204,-0.500000000000063));
#4340=CARTESIAN_POINT('',(-5.49999999999999,16.152698505622,-0.500000000000062));
#4341=CARTESIAN_POINT('',(-5.49999999999999,16.1458497661178,-0.500000000000062));
#4342=CARTESIAN_POINT('',(-5.49999999999999,16.1458497661178,-0.500000000000062));
#4343=CARTESIAN_POINT('',(-5.2,14.3827872074572,-7.72655579673296));
#4344=CARTESIAN_POINT('',(-5.21931104705836,14.3924472619396,-7.73213303178875));
#4345=CARTESIAN_POINT('',(-5.2408052398824,14.3993632094711,-7.73612595595776));
#4346=CARTESIAN_POINT('',(-5.26271502067056,14.4029653179968,-7.73820563428475));
#4347=CARTESIAN_POINT('',(-5.28469953445397,14.4065797131065,-7.74029240627425));
#4348=CARTESIAN_POINT('',(-5.30770795130501,14.4069564581826,-7.74050992014535));
#4349=CARTESIAN_POINT('',(-5.32983450750439,14.4040642929393,-7.7388401277636));
#4350=CARTESIAN_POINT('',(-5.35195847130935,14.4011724665482,-7.73717053101827));
#4351=CARTESIAN_POINT('',(-5.3738108599919,14.3949328280077,-7.73356807402725));
#4352=CARTESIAN_POINT('',(-5.3935828612155,14.3858627692196,-7.7283314731444));
#4353=CARTESIAN_POINT('',(-5.41335733919975,14.3767915742611,-7.72309421629321));
#4354=CARTESIAN_POINT('',(-5.43159608809746,14.3646393015506,-7.71607809837252));
#4355=CARTESIAN_POINT('',(-5.44679089015737,14.3504126520712,-7.70786433846594));
#4356=CARTESIAN_POINT('',(-5.46199134481653,14.3361807101538,-7.69964752296884));
#4357=CARTESIAN_POINT('',(-5.47456466174671,14.3194806441145,-7.69000573534558));
#4358=CARTESIAN_POINT('',(-5.48347192828591,14.3016948635799,-7.6797371101662));
#4359=CARTESIAN_POINT('',(-5.49238330262849,14.2839008806986,-7.66946374935969));
#4360=CARTESIAN_POINT('',(-5.49787097147312,14.2645296551141,-7.65827976705393));
#4361=CARTESIAN_POINT('',(-5.4994816277153,14.2451843815016,-7.64711076812625));
#4362=CARTESIAN_POINT('',(-5.49982698602899,14.2410363510915,-7.64471590165237));
#4363=CARTESIAN_POINT('',(-5.49999999999999,14.2368748623175,-7.64231326498844));
#4364=CARTESIAN_POINT('',(-5.49999999999999,14.232716063145,-7.63991218116671));
#4365=CARTESIAN_POINT('',(-5.49999999999999,14.232716063145,-7.63991218116671));
#4366=CARTESIAN_POINT('',(-5.49999999999999,0.,0.));
#4367=CARTESIAN_POINT('',(-5.29999999999999,0.,0.));
#4368=CARTESIAN_POINT('',(-5.49999999999999,-6.5616968793294,12.3651923788647));
#4369=CARTESIAN_POINT('',(-5.49999999999999,-6.86270522028652,12.8865541189044));
#4370=CARTESIAN_POINT('',(-5.49999999999999,-0.5,16.1535898384862));
#4371=CARTESIAN_POINT('',(-5.49999999999999,-0.5,14.5914358443575));
#4372=CARTESIAN_POINT('',(-5.49999999999999,0.,0.));
#4373=CARTESIAN_POINT('',(-5.49999999999999,0.,16.1535898384862));
#4374=CARTESIAN_POINT('',(-5.49999999999999,-1.65100270638895E-14,0.5));
#4375=CARTESIAN_POINT('',(-5.49999999999999,-14.5914358443575,0.500000000000017));
#4376=CARTESIAN_POINT('',(-5.49999999999999,-7.24470958122163,3.60538475772935));
#4377=CARTESIAN_POINT('',(-5.49999999999999,-12.8865541189044,6.86270522028653));
#4378=CARTESIAN_POINT('',(-5.49999999999999,0.,0.));
#4379=CARTESIAN_POINT('',(-5.49999999999999,0.,16.1535898384862));
#4380=CARTESIAN_POINT('',(-5.49999999999999,6.56169687932942,12.3651923788646));
#4381=CARTESIAN_POINT('',(-5.49999999999999,-7.72873062407099,-12.3865541189044));
#4382=CARTESIAN_POINT('',(-5.49999999999999,7.24470958122161,3.60538475772931));
#4383=CARTESIAN_POINT('',(-5.49999999999999,-12.3865541189044,-7.72873062407094));
#4384=CARTESIAN_POINT('',(-5.49999999999999,0.,0.));
#4385=CARTESIAN_POINT('',(-5.49999999999999,0.,16.1535898384862));
#4386=CARTESIAN_POINT('',(-5.49999999999999,-7.42772228311382,11.8651923788647));
#4387=CARTESIAN_POINT('',(-5.49999999999999,6.86270522028649,-12.8865541189044));
#4388=CARTESIAN_POINT('',(-5.49999999999999,0.500000000000038,16.1535898384862));
#4389=CARTESIAN_POINT('',(-5.49999999999999,0.499999999999966,-14.5914358443575));
#4390=CARTESIAN_POINT('',(-5.49999999999999,0.,0.));
#4391=CARTESIAN_POINT('',(-5.49999999999999,0.,16.1535898384862));
#4392=CARTESIAN_POINT('',(-5.49999999999999,-1.65100270638895E-14,0.5));
#4393=CARTESIAN_POINT('',(-5.49999999999999,14.5914358443575,0.499999999999986));
#4394=CARTESIAN_POINT('',(-5.49999999999999,0.,0.));
#4395=CARTESIAN_POINT('',(-5.49999999999999,12.8865541189045,6.86270522028647));
#4396=CARTESIAN_POINT('',(-5.49999999999999,7.24470958122158,3.60538475772927));
#4397=CARTESIAN_POINT('',(-5.49999999999999,0.,16.1535898384862));
#4398=CARTESIAN_POINT('',(-5.49999999999999,-6.37877361406608E-14,-0.5));
#4399=CARTESIAN_POINT('',(-5.49999999999999,14.5914358443575,-0.500000000000057));
#4400=CARTESIAN_POINT('',(-5.49999999999999,-6.74470958122164,4.47141016151382));
#4401=CARTESIAN_POINT('',(-5.49999999999999,12.8865541189044,-6.86270522028656));
#4402=CARTESIAN_POINT('',(-5.49999999999999,0.,0.));
#4403=CARTESIAN_POINT('',(-5.49999999999999,0.,16.1535898384862));
#4404=CARTESIAN_POINT('',(2.31111593326469E-33,-6.86270522028652,12.8865541189044));
#4405=CARTESIAN_POINT('',(-9.1,-6.86270522028652,12.8865541189044));
#4406=CARTESIAN_POINT('',(0.,-0.5,14.5914358443575));
#4407=CARTESIAN_POINT('',(-9.1,-0.5,14.5914358443575));
#4408=CARTESIAN_POINT('',(-9.1,0.,0.));
#4409=CARTESIAN_POINT('',(0.,0.,0.));
#4410=CARTESIAN_POINT('',(2.31111593326469E-33,-14.5914358443575,0.500000000000017));
#4411=CARTESIAN_POINT('',(-9.1,-14.5914358443575,0.500000000000016));
#4412=CARTESIAN_POINT('',(0.,-12.8865541189044,6.86270522028653));
#4413=CARTESIAN_POINT('',(-9.1,-12.8865541189044,6.86270522028653));
#4414=CARTESIAN_POINT('',(-9.1,0.,0.));
#4415=CARTESIAN_POINT('',(0.,0.,0.));
#4416=CARTESIAN_POINT('',(2.31111593326469E-33,-7.72873062407099,-12.3865541189044));
#4417=CARTESIAN_POINT('',(-9.1,-7.72873062407099,-12.3865541189044));
#4418=CARTESIAN_POINT('',(0.,-12.3865541189044,-7.72873062407094));
#4419=CARTESIAN_POINT('',(-9.1,-12.3865541189044,-7.72873062407095));
#4420=CARTESIAN_POINT('',(-9.1,0.,0.));
#4421=CARTESIAN_POINT('',(0.,0.,0.));
#4422=CARTESIAN_POINT('',(2.31111593326469E-33,6.86270522028649,-12.8865541189044));
#4423=CARTESIAN_POINT('',(-9.1,6.86270522028649,-12.8865541189044));
#4424=CARTESIAN_POINT('',(0.,0.499999999999966,-14.5914358443575));
#4425=CARTESIAN_POINT('',(-9.1,0.499999999999966,-14.5914358443575));
#4426=CARTESIAN_POINT('',(-9.1,0.,0.));
#4427=CARTESIAN_POINT('',(0.,0.,0.));
#4428=CARTESIAN_POINT('',(2.31111593326469E-33,14.5914358443575,0.499999999999986));
#4429=CARTESIAN_POINT('',(-9.1,14.5914358443575,0.499999999999985));
#4430=CARTESIAN_POINT('',(-9.1,0.,0.));
#4431=CARTESIAN_POINT('',(-9.1,12.8865541189045,6.86270522028647));
#4432=CARTESIAN_POINT('',(0.,12.8865541189045,6.86270522028647));
#4433=CARTESIAN_POINT('',(0.,0.,0.));
#4434=CARTESIAN_POINT('',(2.31111593326469E-33,14.5914358443575,-0.500000000000057));
#4435=CARTESIAN_POINT('',(-9.1,14.5914358443575,-0.500000000000058));
#4436=CARTESIAN_POINT('',(0.,12.8865541189044,-6.86270522028656));
#4437=CARTESIAN_POINT('',(-9.1,12.8865541189044,-6.86270522028657));
#4438=CARTESIAN_POINT('',(-9.1,0.,0.));
#4439=CARTESIAN_POINT('',(0.,0.,0.));
#4440=CARTESIAN_POINT('',(-9.1,-5.88897274573419,11.2));
#4441=CARTESIAN_POINT('',(-9.1,-7.69827086927724,14.3337962760156));
#4442=CARTESIAN_POINT('',(-9.1,-0.5,14.6));
#4443=CARTESIAN_POINT('',(-9.09999999999925,-0.5,16.2625671423388));
#4444=CARTESIAN_POINT('',(-9.1,0.,0.));
#4445=CARTESIAN_POINT('',(-9.1,0.,14.6));
#4446=CARTESIAN_POINT('',(-9.1,-1.4871437414854E-14,0.5));
#4447=CARTESIAN_POINT('',(-9.09999999997859,-16.262567142342,0.500000000000018));
#4448=CARTESIAN_POINT('',(-9.1,-6.57198544762642,3.21698729810779));
#4449=CARTESIAN_POINT('',(-9.1,-14.3337962760156,7.69827086927725));
#4450=CARTESIAN_POINT('',(-9.1,0.,0.));
#4451=CARTESIAN_POINT('',(-9.1,0.,14.6));
#4452=CARTESIAN_POINT('',(-9.1,5.8889727457342,11.2));
#4453=CARTESIAN_POINT('',(-9.1,-8.56429627306171,-13.8337962760156));
#4454=CARTESIAN_POINT('',(-9.1,6.5719854476264,3.21698729810776));
#4455=CARTESIAN_POINT('',(-9.1,-13.8337962760156,-8.56429627306166));
#4456=CARTESIAN_POINT('',(-9.1,0.,0.));
#4457=CARTESIAN_POINT('',(-9.1,0.,14.6));
#4458=CARTESIAN_POINT('',(-9.1,-6.75499814951861,10.7));
#4459=CARTESIAN_POINT('',(-9.1,7.6982708692772,-14.3337962760156));
#4460=CARTESIAN_POINT('',(-9.1,0.500000000000034,14.6));
#4461=CARTESIAN_POINT('',(-9.09999999996245,0.499999999999962,-16.2625671423447));
#4462=CARTESIAN_POINT('',(-9.1,0.,0.));
#4463=CARTESIAN_POINT('',(-9.1,0.,14.6));
#4464=CARTESIAN_POINT('',(-9.1,-1.4871437414854E-14,0.5));
#4465=CARTESIAN_POINT('',(-9.09999999999937,16.262567142339,0.499999999999984));
#4466=CARTESIAN_POINT('',(-9.1,0.,0.));
#4467=CARTESIAN_POINT('',(-9.1,14.3337962760156,7.69827086927718));
#4468=CARTESIAN_POINT('',(-9.1,6.57198544762638,3.21698729810773));
#4469=CARTESIAN_POINT('',(-9.1,0.,14.6));
#4470=CARTESIAN_POINT('',(-9.1,-5.78370684678476E-14,-0.500000000000002));
#4471=CARTESIAN_POINT('',(-9.09999999999829,16.2625671423387,-0.500000000000064));
#4472=CARTESIAN_POINT('',(-9.1,-6.07198544762643,4.08301270189226));
#4473=CARTESIAN_POINT('',(-9.1,14.3337962760156,-7.69827086927729));
#4474=CARTESIAN_POINT('',(-9.1,0.,0.));
#4475=CARTESIAN_POINT('',(-9.1,0.,14.6));
#4476=CARTESIAN_POINT('',(-9.1,-7.69827086927724,14.3337962760156));
#4477=CARTESIAN_POINT('',(-9.1,-7.70864657953539,14.3517675333473));
#4478=CARTESIAN_POINT('',(-9.10330503982448,-7.71914544326479,14.3699520987484));
#4479=CARTESIAN_POINT('',(-9.10968008736144,-7.72901940172056,14.3870542964656));
#4480=CARTESIAN_POINT('',(-9.11656314212706,-7.73968018446931,14.4055193138349));
#4481=CARTESIAN_POINT('',(-9.12722281512526,-7.74989387580132,14.4232099461548));
#4482=CARTESIAN_POINT('',(-9.14077713866053,-7.75881388016892,14.4386598469232));
#4483=CARTESIAN_POINT('',(-9.15432780541159,-7.76773147803272,14.4541055795048));
#4484=CARTESIAN_POINT('',(-9.17114565410743,-7.77560215399763,14.4677379901659));
#4485=CARTESIAN_POINT('',(-9.18983790543517,-7.78177294236584,14.4784261091424));
#4486=CARTESIAN_POINT('',(-9.20852194380597,-7.78794101942773,14.4891095319986));
#4487=CARTESIAN_POINT('',(-9.22959441633048,-7.79258088313159,14.4971460116739));
#4488=CARTESIAN_POINT('',(-9.25130934037819,-7.79530742223865,14.5018685159361));
#4489=CARTESIAN_POINT('',(-9.27301518271729,-7.79803282104085,14.5065890451324));
#4490=CARTESIAN_POINT('',(-9.29596178417628,-7.79892168302326,14.5081285992469));
#4491=CARTESIAN_POINT('',(-9.31824813482815,-7.7979002427661,14.5063594128246));
#4492=CARTESIAN_POINT('',(-9.32145165142116,-7.79775341743504,14.5061051038913));
#4493=CARTESIAN_POINT('',(-9.32464900856846,-7.79756786363203,14.505783715277));
#4494=CARTESIAN_POINT('',(-9.32783462019201,-7.7973439061266,14.5053958094989));
#4495=CARTESIAN_POINT('',(-9.32783462019201,-7.7973439061266,14.5053958094989));
#4496=CARTESIAN_POINT('',(-9.09999999999925,-0.5,16.2625671423388));
#4497=CARTESIAN_POINT('',(-9.09999999999924,-0.5,16.2782250434297));
#4498=CARTESIAN_POINT('',(-9.10186239080334,-0.5,16.2939896034441));
#4499=CARTESIAN_POINT('',(-9.10551119883007,-0.5,16.309216424076));
#4500=CARTESIAN_POINT('',(-9.11073243135261,-0.5,16.3310051206902));
#4501=CARTESIAN_POINT('',(-9.11978782917095,-0.5,16.3521930199715));
#4502=CARTESIAN_POINT('',(-9.13192833902142,-0.5,16.3710242862532));
#4503=CARTESIAN_POINT('',(-9.14406629842266,-0.5,16.3898515965075));
#4504=CARTESIAN_POINT('',(-9.15962317779192,-0.5,16.4068427715463));
#4505=CARTESIAN_POINT('',(-9.17731086324966,-0.5,16.4205884418823));
#4506=CARTESIAN_POINT('',(-9.19499118731001,-0.5,16.4343283914393));
#4507=CARTESIAN_POINT('',(-9.21528855590353,-0.5,16.4452046444312));
#4508=CARTESIAN_POINT('',(-9.23652130882938,-0.5,16.4523145161527));
#4509=CARTESIAN_POINT('',(-9.25774470762951,-0.5,16.4594212556079));
#4510=CARTESIAN_POINT('',(-9.28048825764076,-0.5,16.4629609884193));
#4511=CARTESIAN_POINT('',(-9.30286760804962,-0.5,16.462639931428));
#4512=CARTESIAN_POINT('',(-9.3112138307295,-0.5,16.4625201954619));
#4513=CARTESIAN_POINT('',(-9.31956884576537,-0.5,16.46187543067));
#4514=CARTESIAN_POINT('',(-9.32783462019201,-0.5,16.4607132160377));
#4515=CARTESIAN_POINT('',(-9.32783462019201,-0.5,16.4607132160377));
#4516=CARTESIAN_POINT('',(-9.32783462019201,0.,0.));
#4517=CARTESIAN_POINT('',(-9.3,0.,0.));
#4518=CARTESIAN_POINT('',(-9.09999999997859,-16.262567142342,0.500000000000018));
#4519=CARTESIAN_POINT('',(-9.09999999997874,-16.2721108314562,0.500000000000018));
#4520=CARTESIAN_POINT('',(-9.10068596118652,-16.2816788298865,0.500000000000018));
#4521=CARTESIAN_POINT('',(-9.10204742293099,-16.2911249096991,0.500000000000018));
#4522=CARTESIAN_POINT('',(-9.10524372104712,-16.3133014322731,0.500000000000018));
#4523=CARTESIAN_POINT('',(-9.11231298576782,-16.3352321038131,0.500000000000018));
#4524=CARTESIAN_POINT('',(-9.12267062227631,-16.3551000136448,0.500000000000018));
#4525=CARTESIAN_POINT('',(-9.13302689120932,-16.3749653002075,0.500000000000018));
#4526=CARTESIAN_POINT('',(-9.14695658833298,-16.3933165067028,0.500000000000019));
#4527=CARTESIAN_POINT('',(-9.16330661440356,-16.4086318115945,0.500000000000019));
#4528=CARTESIAN_POINT('',(-9.17965049839053,-16.4239413631079,0.500000000000019));
#4529=CARTESIAN_POINT('',(-9.19886405102305,-16.4366397237871,0.500000000000019));
#4530=CARTESIAN_POINT('',(-9.21935558855708,-16.4456730952957,0.500000000000019));
#4531=CARTESIAN_POINT('',(-9.23217910118913,-16.4513261388245,0.500000000000019));
#4532=CARTESIAN_POINT('',(-9.24567382447026,-16.4556470549789,0.500000000000019));
#4533=CARTESIAN_POINT('',(-9.25939596659432,-16.4584934900985,0.500000000000019));
#4534=CARTESIAN_POINT('',(-9.28130478508266,-16.4630381180298,0.500000000000019));
#4535=CARTESIAN_POINT('',(-9.30430040221757,-16.4638628147277,0.500000000000019));
#4536=CARTESIAN_POINT('',(-9.32647847146534,-16.4608991657893,0.500000000000019));
#4537=CARTESIAN_POINT('',(-9.32693073059674,-16.4608387305333,0.500000000000019));
#4538=CARTESIAN_POINT('',(-9.32738278547058,-16.4607767465549,0.500000000000019));
#4539=CARTESIAN_POINT('',(-9.32783462019201,-16.4607132160377,0.500000000000019));
#4540=CARTESIAN_POINT('',(-9.32783462019201,-16.4607132160377,0.500000000000019));
#4541=CARTESIAN_POINT('',(-9.1,-14.3337962760156,7.69827086927725));
#4542=CARTESIAN_POINT('',(-9.1,-14.3517675333473,7.70864657953541));
#4543=CARTESIAN_POINT('',(-9.10330503982448,-14.3699520987484,7.71914544326482));
#4544=CARTESIAN_POINT('',(-9.10968008736146,-14.3870542964657,7.7290194017206));
#4545=CARTESIAN_POINT('',(-9.11656314212708,-14.4055193138349,7.73968018446935));
#4546=CARTESIAN_POINT('',(-9.12722281512529,-14.4232099461548,7.74989387580135));
#4547=CARTESIAN_POINT('',(-9.14077713866056,-14.4386598469232,7.75881388016895));
#4548=CARTESIAN_POINT('',(-9.15432780541162,-14.4541055795048,7.76773147803276));
#4549=CARTESIAN_POINT('',(-9.17114565410746,-14.4677379901659,7.77560215399766));
#4550=CARTESIAN_POINT('',(-9.18983790543521,-14.4784261091424,7.78177294236587));
#4551=CARTESIAN_POINT('',(-9.20852194380601,-14.4891095319986,7.78794101942776));
#4552=CARTESIAN_POINT('',(-9.22959441633053,-14.4971460116739,7.79258088313161));
#4553=CARTESIAN_POINT('',(-9.25130934037824,-14.5018685159361,7.79530742223867));
#4554=CARTESIAN_POINT('',(-9.27301518271734,-14.5065890451324,7.79803282104086));
#4555=CARTESIAN_POINT('',(-9.29596178417633,-14.5081285992469,7.79892168302327));
#4556=CARTESIAN_POINT('',(-9.3182481348282,-14.5063594128246,7.79790024276612));
#4557=CARTESIAN_POINT('',(-9.32145165142119,-14.5061051038913,7.79775341743506));
#4558=CARTESIAN_POINT('',(-9.32464900856848,-14.505783715277,7.79756786363204));
#4559=CARTESIAN_POINT('',(-9.32783462019201,-14.5053958094988,7.79734390612662));
#4560=CARTESIAN_POINT('',(-9.32783462019201,-14.5053958094988,7.79734390612662));
#4561=CARTESIAN_POINT('',(-9.32783462019201,0.,0.));
#4562=CARTESIAN_POINT('',(-9.3,0.,0.));
#4563=CARTESIAN_POINT('',(-9.1,-8.56429627306171,-13.8337962760156));
#4564=CARTESIAN_POINT('',(-9.1,-8.57467198331985,-13.8517675333473));
#4565=CARTESIAN_POINT('',(-9.10330503982447,-8.58517084704923,-13.8699520987483));
#4566=CARTESIAN_POINT('',(-9.10968008736142,-8.595044805505,-13.8870542964656));
#4567=CARTESIAN_POINT('',(-9.11656314212703,-8.60570558825375,-13.9055193138348));
#4568=CARTESIAN_POINT('',(-9.12722281512523,-8.61591927958576,-13.9232099461547));
#4569=CARTESIAN_POINT('',(-9.14077713866049,-8.62483928395336,-13.9386598469231));
#4570=CARTESIAN_POINT('',(-9.15432780541154,-8.63375688181717,-13.9541055795047));
#4571=CARTESIAN_POINT('',(-9.17114565410737,-8.64162755778207,-13.9677379901658));
#4572=CARTESIAN_POINT('',(-9.18983790543511,-8.64779834615029,-13.9784261091423));
#4573=CARTESIAN_POINT('',(-9.2085219438059,-8.65396642321218,-13.9891095319985));
#4574=CARTESIAN_POINT('',(-9.22959441633042,-8.65860628691605,-13.9971460116738));
#4575=CARTESIAN_POINT('',(-9.25130934037812,-8.66133282602311,-14.0018685159361));
#4576=CARTESIAN_POINT('',(-9.27301518271722,-8.66405822482531,-14.0065890451324));
#4577=CARTESIAN_POINT('',(-9.29596178417621,-8.66494708680772,-14.0081285992468));
#4578=CARTESIAN_POINT('',(-9.31824813482808,-8.66392564655057,-14.0063594128246));
#4579=CARTESIAN_POINT('',(-9.32145165142111,-8.66377882121951,-14.0061051038913));
#4580=CARTESIAN_POINT('',(-9.32464900856844,-8.6635932674165,-14.005783715277));
#4581=CARTESIAN_POINT('',(-9.32783462019201,-8.66336930991107,-14.0053958094988));
#4582=CARTESIAN_POINT('',(-9.32783462019201,-8.66336930991107,-14.0053958094988));
#4583=CARTESIAN_POINT('',(-9.1,-13.8337962760156,-8.56429627306166));
#4584=CARTESIAN_POINT('',(-9.1,-13.8517675333473,-8.5746719833198));
#4585=CARTESIAN_POINT('',(-9.10330503982447,-13.8699520987484,-8.58517084704918));
#4586=CARTESIAN_POINT('',(-9.10968008736142,-13.8870542964656,-8.59504480550495));
#4587=CARTESIAN_POINT('',(-9.11656314212704,-13.9055193138349,-8.6057055882537));
#4588=CARTESIAN_POINT('',(-9.12722281512523,-13.9232099461547,-8.61591927958571));
#4589=CARTESIAN_POINT('',(-9.14077713866049,-13.9386598469232,-8.62483928395331));
#4590=CARTESIAN_POINT('',(-9.15432780541154,-13.9541055795047,-8.63375688181712));
#4591=CARTESIAN_POINT('',(-9.17114565410737,-13.9677379901659,-8.64162755778203));
#4592=CARTESIAN_POINT('',(-9.18983790543511,-13.9784261091424,-8.64779834615024));
#4593=CARTESIAN_POINT('',(-9.20852194380591,-13.9891095319986,-8.65396642321213));
#4594=CARTESIAN_POINT('',(-9.22959441633042,-13.9971460116739,-8.658606286916));
#4595=CARTESIAN_POINT('',(-9.25130934037813,-14.0018685159361,-8.66133282602307));
#4596=CARTESIAN_POINT('',(-9.27301518271722,-14.0065890451324,-8.66405822482526));
#4597=CARTESIAN_POINT('',(-9.29596178417621,-14.0081285992469,-8.66494708680768));
#4598=CARTESIAN_POINT('',(-9.31824813482808,-14.0063594128246,-8.66392564655052));
#4599=CARTESIAN_POINT('',(-9.32145165142111,-14.0061051038914,-8.66377882121946));
#4600=CARTESIAN_POINT('',(-9.32464900856844,-14.005783715277,-8.66359326741645));
#4601=CARTESIAN_POINT('',(-9.32783462019201,-14.0053958094989,-8.66336930991102));
#4602=CARTESIAN_POINT('',(-9.32783462019201,-14.0053958094989,-8.66336930991102));
#4603=CARTESIAN_POINT('',(-9.32783462019201,0.,0.));
#4604=CARTESIAN_POINT('',(-9.3,0.,0.));
#4605=CARTESIAN_POINT('',(-9.1,7.6982708692772,-14.3337962760156));
#4606=CARTESIAN_POINT('',(-9.1,7.70864657953627,-14.3517675333489));
#4607=CARTESIAN_POINT('',(-9.10330503982508,7.71914544326662,-14.3699520987517));
#4608=CARTESIAN_POINT('',(-9.10968008736316,7.72901940172318,-14.3870542964702));
#4609=CARTESIAN_POINT('',(-9.11656314212937,7.73968018447184,-14.4055193138394));
#4610=CARTESIAN_POINT('',(-9.12722281512814,7.74989387580369,-14.423209946159));
#4611=CARTESIAN_POINT('',(-9.1407771386639,7.75881388017111,-14.4386598469271));
#4612=CARTESIAN_POINT('',(-9.15432780541546,7.76773147803472,-14.4541055795083));
#4613=CARTESIAN_POINT('',(-9.17114565411174,7.77560215399939,-14.467737990169));
#4614=CARTESIAN_POINT('',(-9.18983790543982,7.78177294236734,-14.4784261091451));
#4615=CARTESIAN_POINT('',(-9.20852194381096,7.78794101942897,-14.4891095320008));
#4616=CARTESIAN_POINT('',(-9.22959441633574,7.79258088313254,-14.4971460116756));
#4617=CARTESIAN_POINT('',(-9.2513093403836,7.7953074222393,-14.5018685159373));
#4618=CARTESIAN_POINT('',(-9.27301518272285,7.79803282104119,-14.5065890451331));
#4619=CARTESIAN_POINT('',(-9.29596178418188,7.79892168302328,-14.508128599247));
#4620=CARTESIAN_POINT('',(-9.31824813483369,7.79790024276581,-14.5063594128242));
#4621=CARTESIAN_POINT('',(-9.32145165142485,7.79775341743479,-14.506105103891));
#4622=CARTESIAN_POINT('',(-9.3246490085703,7.79756786363186,-14.5057837152768));
#4623=CARTESIAN_POINT('',(-9.32783462019201,7.79734390612657,-14.5053958094989));
#4624=CARTESIAN_POINT('',(-9.32783462019201,7.79734390612657,-14.5053958094989));
#4625=CARTESIAN_POINT('',(-9.09999999996245,0.499999999999962,-16.2625671423447));
#4626=CARTESIAN_POINT('',(-9.09999999996275,0.499999999999962,-16.272668044929));
#4627=CARTESIAN_POINT('',(-9.1007688706829,0.499999999999962,-16.2827977549809));
#4628=CARTESIAN_POINT('',(-9.10229348368064,0.499999999999962,-16.2927829334081));
#4629=CARTESIAN_POINT('',(-9.10567536020764,0.499999999999962,-16.3149319250481));
#4630=CARTESIAN_POINT('',(-9.11292803055196,0.499999999999962,-16.3368026484673));
#4631=CARTESIAN_POINT('',(-9.12345171749764,0.499999999999962,-16.3565831169295));
#4632=CARTESIAN_POINT('',(-9.13397393769032,0.499999999999962,-16.3763608284623));
#4633=CARTESIAN_POINT('',(-9.14805676836213,0.499999999999962,-16.3945945896853));
#4634=CARTESIAN_POINT('',(-9.1645344066777,0.499999999999962,-16.4097722847277));
#4635=CARTESIAN_POINT('',(-9.18100578516853,0.499999999999962,-16.4249442137914));
#4636=CARTESIAN_POINT('',(-9.20032482634372,0.499999999999962,-16.4374810299473));
#4637=CARTESIAN_POINT('',(-9.22089108810085,0.499999999999962,-16.4463423288498));
#4638=CARTESIAN_POINT('',(-9.23376113193908,0.499999999999962,-16.4518875906328));
#4639=CARTESIAN_POINT('',(-9.24729116863563,0.499999999999961,-16.4560952153196));
#4640=CARTESIAN_POINT('',(-9.26103626110472,0.499999999999961,-16.4588265867069));
#4641=CARTESIAN_POINT('',(-9.28288407207656,0.499999999999961,-16.4631680988428));
#4642=CARTESIAN_POINT('',(-9.305776597242,0.499999999999961,-16.463814698816));
#4643=CARTESIAN_POINT('',(-9.32783462019201,0.499999999999961,-16.4607132160377));
#4644=CARTESIAN_POINT('',(-9.32783462019201,0.499999999999961,-16.4607132160377));
#4645=CARTESIAN_POINT('',(-9.32783462019201,0.,0.));
#4646=CARTESIAN_POINT('',(-9.3,0.,0.));
#4647=CARTESIAN_POINT('',(-9.09999999999937,16.262567142339,0.499999999999984));
#4648=CARTESIAN_POINT('',(-9.09999999999937,16.2692617081238,0.499999999999984));
#4649=CARTESIAN_POINT('',(-9.1003366563764,16.2759646807148,0.499999999999984));
#4650=CARTESIAN_POINT('',(-9.10100743850287,16.2826255562118,0.499999999999984));
#4651=CARTESIAN_POINT('',(-9.10325137351972,16.3049078609732,0.499999999999984));
#4652=CARTESIAN_POINT('',(-9.10937135594739,16.3271100890006,0.499999999999984));
#4653=CARTESIAN_POINT('',(-9.11886182636216,16.3473947462851,0.499999999999984));
#4654=CARTESIAN_POINT('',(-9.12834798293953,16.3676701832981,0.499999999999984));
#4655=CARTESIAN_POINT('',(-9.1414630187175,16.3865884568977,0.499999999999984));
#4656=CARTESIAN_POINT('',(-9.15712317309853,16.402583458537,0.499999999999984));
#4657=CARTESIAN_POINT('',(-9.17277783007317,16.4185728452238,0.499999999999984));
#4658=CARTESIAN_POINT('',(-9.19140726295707,16.4320814896001,0.499999999999984));
#4659=CARTESIAN_POINT('',(-9.21147079422794,16.4419902475724,0.499999999999984));
#4660=CARTESIAN_POINT('',(-9.23153234101875,16.4518980254714,0.499999999999984));
#4661=CARTESIAN_POINT('',(-9.25358075109938,16.4584796039002,0.499999999999984));
#4662=CARTESIAN_POINT('',(-9.27579083396601,16.4611892056407,0.499999999999984));
#4663=CARTESIAN_POINT('',(-9.29301180580808,16.4632901422088,0.499999999999984));
#4664=CARTESIAN_POINT('',(-9.31065495532349,16.4631287740796,0.499999999999984));
#4665=CARTESIAN_POINT('',(-9.32783462019201,16.4607132160377,0.499999999999984));
#4666=CARTESIAN_POINT('',(-9.32783462019201,16.4607132160377,0.499999999999984));
#4667=CARTESIAN_POINT('',(-9.32783462019201,0.,0.));
#4668=CARTESIAN_POINT('',(-9.32783462019201,14.5053958094989,7.79734390612654));
#4669=CARTESIAN_POINT('',(-9.1,14.3337962760156,7.69827086927718));
#4670=CARTESIAN_POINT('',(-9.1,14.3517675333474,7.70864657953534));
#4671=CARTESIAN_POINT('',(-9.10330503982448,14.3699520987485,7.71914544326474));
#4672=CARTESIAN_POINT('',(-9.10968008736146,14.3870542964657,7.72901940172053));
#4673=CARTESIAN_POINT('',(-9.11656314212708,14.405519313835,7.73968018446927));
#4674=CARTESIAN_POINT('',(-9.12722281512529,14.4232099461548,7.74989387580128));
#4675=CARTESIAN_POINT('',(-9.14077713866056,14.4386598469233,7.75881388016888));
#4676=CARTESIAN_POINT('',(-9.15432780541162,14.4541055795048,7.76773147803268));
#4677=CARTESIAN_POINT('',(-9.17114565410746,14.467737990166,7.77560215399759));
#4678=CARTESIAN_POINT('',(-9.18983790543521,14.4784261091425,7.7817729423658));
#4679=CARTESIAN_POINT('',(-9.20852194380601,14.4891095319986,7.78794101942768));
#4680=CARTESIAN_POINT('',(-9.22959441633053,14.4971460116739,7.79258088313154));
#4681=CARTESIAN_POINT('',(-9.25130934037824,14.5018685159362,7.7953074222386));
#4682=CARTESIAN_POINT('',(-9.27301518271734,14.5065890451325,7.79803282104079));
#4683=CARTESIAN_POINT('',(-9.29596178417633,14.5081285992469,7.7989216830232));
#4684=CARTESIAN_POINT('',(-9.3182481348282,14.5063594128246,7.79790024276604));
#4685=CARTESIAN_POINT('',(-9.32145165142119,14.5061051038914,7.79775341743498));
#4686=CARTESIAN_POINT('',(-9.32464900856848,14.505783715277,7.79756786363196));
#4687=CARTESIAN_POINT('',(-9.32783462019201,14.5053958094989,7.79734390612654));
#4688=CARTESIAN_POINT('',(-9.3,0.,0.));
#4689=CARTESIAN_POINT('',(-9.09999999999829,16.2625671423387,-0.500000000000064));
#4690=CARTESIAN_POINT('',(-9.09999999999827,16.2776409546847,-0.500000000000064));
#4691=CARTESIAN_POINT('',(-9.10172431028468,16.2928100022488,-0.500000000000064));
#4692=CARTESIAN_POINT('',(-9.10510769249086,16.3074992004396,-0.500000000000064));
#4693=CARTESIAN_POINT('',(-9.11013672229201,16.32933309651,-0.500000000000064));
#4694=CARTESIAN_POINT('',(-9.119005048578,16.3506000037494,-0.500000000000064));
#4695=CARTESIAN_POINT('',(-9.13097911257019,16.3695375841087,-0.500000000000064));
#4696=CARTESIAN_POINT('',(-9.14295074714622,16.3884713222251,-0.500000000000064));
#4697=CARTESIAN_POINT('',(-9.15835737260214,16.4055991223088,-0.500000000000064));
#4698=CARTESIAN_POINT('',(-9.17592334472969,16.4195003127863,-0.500000000000064));
#4699=CARTESIAN_POINT('',(-9.19348206389684,16.4333957634857,-0.500000000000064));
#4700=CARTESIAN_POINT('',(-9.21368300590845,16.4444506677984,-0.500000000000064));
#4701=CARTESIAN_POINT('',(-9.23485251455203,16.4517475214161,-0.500000000000064));
#4702=CARTESIAN_POINT('',(-9.25601265641833,16.4590411464278,-0.500000000000064));
#4703=CARTESIAN_POINT('',(-9.27872435982663,16.4627812583664,-0.500000000000064));
#4704=CARTESIAN_POINT('',(-9.30110589772865,16.4626574409469,-0.500000000000064));
#4705=CARTESIAN_POINT('',(-9.31003887431035,16.4626080226221,-0.500000000000064));
#4706=CARTESIAN_POINT('',(-9.31898852240631,16.4619570274164,-0.500000000000064));
#4707=CARTESIAN_POINT('',(-9.32783462019201,16.4607132160376,-0.500000000000064));
#4708=CARTESIAN_POINT('',(-9.32783462019201,16.4607132160376,-0.500000000000064));
#4709=CARTESIAN_POINT('',(-9.1,14.3337962760156,-7.69827086927729));
#4710=CARTESIAN_POINT('',(-9.1,14.3517675333473,-7.70864657953543));
#4711=CARTESIAN_POINT('',(-9.10330503982447,14.3699520987484,-7.71914544326482));
#4712=CARTESIAN_POINT('',(-9.10968008736144,14.3870542964656,-7.7290194017206));
#4713=CARTESIAN_POINT('',(-9.11656314212705,14.4055193138349,-7.73968018446935));
#4714=CARTESIAN_POINT('',(-9.12722281512525,14.4232099461547,-7.74989387580136));
#4715=CARTESIAN_POINT('',(-9.14077713866051,14.4386598469232,-7.75881388016896));
#4716=CARTESIAN_POINT('',(-9.15432780541157,14.4541055795047,-7.76773147803276));
#4717=CARTESIAN_POINT('',(-9.17114565410741,14.4677379901659,-7.77560215399767));
#4718=CARTESIAN_POINT('',(-9.18983790543514,14.4784261091424,-7.78177294236588));
#4719=CARTESIAN_POINT('',(-9.20852194380594,14.4891095319986,-7.78794101942777));
#4720=CARTESIAN_POINT('',(-9.22959441633045,14.4971460116738,-7.79258088313164));
#4721=CARTESIAN_POINT('',(-9.25130934037816,14.5018685159361,-7.7953074222387));
#4722=CARTESIAN_POINT('',(-9.27301518271726,14.5065890451324,-7.79803282104089));
#4723=CARTESIAN_POINT('',(-9.29596178417625,14.5081285992468,-7.7989216830233));
#4724=CARTESIAN_POINT('',(-9.31824813482812,14.5063594128246,-7.79790024276615));
#4725=CARTESIAN_POINT('',(-9.32145165142114,14.5061051038913,-7.79775341743509));
#4726=CARTESIAN_POINT('',(-9.32464900856845,14.505783715277,-7.79756786363208));
#4727=CARTESIAN_POINT('',(-9.32783462019201,14.5053958094988,-7.79734390612665));
#4728=CARTESIAN_POINT('',(-9.32783462019201,14.5053958094988,-7.79734390612665));
#4729=CARTESIAN_POINT('',(-9.32783462019201,0.,0.));
#4730=CARTESIAN_POINT('',(-9.3,0.,0.));
#4731=CARTESIAN_POINT('',(-9.32783462019201,-7.7973439061266,14.5053958094989));
#4732=CARTESIAN_POINT('',(-19.2649777855808,-7.09873464130058,13.2953690681818));
#4733=CARTESIAN_POINT('',(-29.2021009866885,-6.40005436150344,12.0852193253268));
#4734=CARTESIAN_POINT('',(-39.1391731009639,-5.7011924823155,10.8747550431002));
#4735=CARTESIAN_POINT('',(-39.1391731009639,-5.7011924823155,10.8747550431002));
#4736=CARTESIAN_POINT('',(-38.2789313994247,-0.5,12.3894088390121));
#4737=CARTESIAN_POINT('',(-29.5935934495041,-0.5,13.6110471065563));
#4738=CARTESIAN_POINT('',(-20.9082170876792,-0.5,14.8324122843723));
#4739=CARTESIAN_POINT('',(-12.2228237377383,-0.5,16.0536566161347));
#4740=CARTESIAN_POINT('',(-11.2578275894039,-0.5,16.1893437438033));
#4741=CARTESIAN_POINT('',(-10.2928312113423,-0.5,16.3250292376783));
#4742=CARTESIAN_POINT('',(-9.32783462019201,-0.5,16.4607132160377));
#4743=CARTESIAN_POINT('',(-38.2789313994247,-0.5,12.3894088390121));
#4744=CARTESIAN_POINT('',(-23.8621306222937,0.,-2.02739193811895));
#4745=CARTESIAN_POINT('',(-38.2789313994247,0.5,12.3894088390121));
#4746=CARTESIAN_POINT('',(-38.2789313994247,0.5,12.3894088390121));
#4747=CARTESIAN_POINT('',(-29.5935934495041,0.5,13.6110471065563));
#4748=CARTESIAN_POINT('',(-20.9082170876792,0.5,14.8324122843723));
#4749=CARTESIAN_POINT('',(-12.2228237377383,0.5,16.0536566161347));
#4750=CARTESIAN_POINT('',(-11.2578275894039,0.5,16.1893437438033));
#4751=CARTESIAN_POINT('',(-10.2928312113423,0.5,16.3250292376783));
#4752=CARTESIAN_POINT('',(-9.32783462019201,0.5,16.4607132160377));
#4753=CARTESIAN_POINT('',(-9.32783462019201,0.5,16.4607132160377));
#4754=CARTESIAN_POINT('',(-9.32783462019201,0.,0.));
#4755=CARTESIAN_POINT('',(-9.32783462019201,7.7973439061266,14.5053958094989));
#4756=CARTESIAN_POINT('',(-9.32783462019201,7.7973439061266,14.5053958094989));
#4757=CARTESIAN_POINT('',(-19.2649777855808,7.09873464130058,13.2953690681819));
#4758=CARTESIAN_POINT('',(-29.2021009866885,6.40005436150343,12.0852193253267));
#4759=CARTESIAN_POINT('',(-39.1391731009639,5.7011924823155,10.8747550431002));
#4760=CARTESIAN_POINT('',(-39.1391731009639,5.7011924823155,10.8747550431002));
#4761=CARTESIAN_POINT('',(-39.1391731009639,0.,0.));
#4762=CARTESIAN_POINT('',(-9.32783462019201,0.,0.));
#4763=CARTESIAN_POINT('',(-9.32783462019201,16.4607132160377,0.499999999999984));
#4764=CARTESIAN_POINT('',(-19.2649777855808,15.0634946863856,0.499999999999985));
#4765=CARTESIAN_POINT('',(-29.2021009866885,13.6661341267913,0.499999999999987));
#4766=CARTESIAN_POINT('',(-39.1391731009639,12.2684103684154,0.499999999999988));
#4767=CARTESIAN_POINT('',(-39.1391731009639,12.2684103684154,0.499999999999988));
#4768=CARTESIAN_POINT('',(-39.1391731009639,0.,0.));
#4769=CARTESIAN_POINT('',(-39.1391731009639,6.56721788609994,10.3747550431002));
#4770=CARTESIAN_POINT('',(-9.32783462019201,8.66336930991104,14.0053958094989));
#4771=CARTESIAN_POINT('',(-19.2649777855808,7.96476004508502,12.7953690681819));
#4772=CARTESIAN_POINT('',(-29.2021009866885,7.26607976528787,11.5852193253268));
#4773=CARTESIAN_POINT('',(-39.1391731009639,6.56721788609994,10.3747550431002));
#4774=CARTESIAN_POINT('',(-9.32783462019201,8.66336930991104,14.0053958094989));
#4775=CARTESIAN_POINT('',(-9.32783462019201,0.,0.));
#4776=CARTESIAN_POINT('',(-9.32783462019201,14.0053958094989,8.66336930991102));
#4777=CARTESIAN_POINT('',(-38.2789313994247,10.479542792456,6.62771712139821));
#4778=CARTESIAN_POINT('',(-31.4501273908754,11.3113662948671,7.10797064443353));
#4779=CARTESIAN_POINT('',(-24.6212992231094,12.1430410497692,7.58813828805455));
#4780=CARTESIAN_POINT('',(-17.7924584054976,12.9746378843815,8.06826094437516));
#4781=CARTESIAN_POINT('',(-14.9709192619783,13.3182369055263,8.26663793172641));
#4782=CARTESIAN_POINT('',(-12.1493778469775,13.6618219372733,8.46500684229508));
#4783=CARTESIAN_POINT('',(-9.32783462019201,14.0053958094989,8.66336930991102));
#4784=CARTESIAN_POINT('',(-38.2789313994247,10.479542792456,6.62771712139821));
#4785=CARTESIAN_POINT('',(-23.8621306222937,-1.75577292183878,-1.01369596905947));
#4786=CARTESIAN_POINT('',(-38.2789313994248,10.979542792456,5.76169171761378));
#4787=CARTESIAN_POINT('',(-9.32783462019201,14.5053958094989,7.79734390612654));
#4788=CARTESIAN_POINT('',(-18.9782285466241,13.3302859694899,7.11889392367));
#4789=CARTESIAN_POINT('',(-28.6286034566233,12.1550589705081,6.44037629944894));
#4790=CARTESIAN_POINT('',(-38.2789313994248,10.979542792456,5.76169171761378));
#4791=CARTESIAN_POINT('',(-9.32783462019201,0.,0.));
#4792=CARTESIAN_POINT('',(-9.32783462019201,0.,0.));
#4793=CARTESIAN_POINT('',(-9.32783462019201,-14.0053958094988,8.66336930991106));
#4794=CARTESIAN_POINT('',(-9.32783462019201,-8.66336930991104,14.0053958094989));
#4795=CARTESIAN_POINT('',(-9.32783462019201,-8.66336930991104,14.0053958094989));
#4796=CARTESIAN_POINT('',(-19.2649777855808,-7.96476004508502,12.7953690681819));
#4797=CARTESIAN_POINT('',(-29.2021009866885,-7.26607976528788,11.5852193253268));
#4798=CARTESIAN_POINT('',(-39.1391731009639,-6.56721788609994,10.3747550431002));
#4799=CARTESIAN_POINT('',(-39.1391731009639,-6.56721788609994,10.3747550431002));
#4800=CARTESIAN_POINT('',(-39.1391731009639,0.,0.));
#4801=CARTESIAN_POINT('',(-39.1391731009639,-12.2684103684154,0.500000000000014));
#4802=CARTESIAN_POINT('',(-9.32783462019201,-16.4607132160377,0.500000000000019));
#4803=CARTESIAN_POINT('',(-10.3961598723784,-16.3105006435501,0.500000000000018));
#4804=CARTESIAN_POINT('',(-11.4644848634385,-16.1602862138957,0.500000000000018));
#4805=CARTESIAN_POINT('',(-12.5328095706731,-16.0100697657131,0.500000000000018));
#4806=CARTESIAN_POINT('',(-21.4016229601366,-14.7630316340126,0.500000000000017));
#4807=CARTESIAN_POINT('',(-30.2704186000538,-13.5158672380619,0.500000000000015));
#4808=CARTESIAN_POINT('',(-39.1391731009639,-12.2684103684154,0.500000000000014));
#4809=CARTESIAN_POINT('',(-9.32783462019201,-14.5053958094988,7.79734390612662));
#4810=CARTESIAN_POINT('',(-18.9782285466241,-13.3302859694899,7.11889392367007));
#4811=CARTESIAN_POINT('',(-28.6286034566233,-12.1550589705081,6.440376299449));
#4812=CARTESIAN_POINT('',(-38.2789313994248,-10.9795427924559,5.76169171761383));
#4813=CARTESIAN_POINT('',(-38.2789313994248,-10.9795427924559,5.76169171761383));
#4814=CARTESIAN_POINT('',(-23.8621306222937,1.75577292183878,-1.01369596905948));
#4815=CARTESIAN_POINT('',(-38.2789313994247,-10.4795427924559,6.62771712139827));
#4816=CARTESIAN_POINT('',(-9.32783462019201,-14.0053958094988,8.66336930991106));
#4817=CARTESIAN_POINT('',(-18.9782285466241,-12.8302859694899,7.98491932745451));
#4818=CARTESIAN_POINT('',(-28.6286034566232,-11.6550589705081,7.30640170323343));
#4819=CARTESIAN_POINT('',(-38.2789313994247,-10.4795427924559,6.62771712139827));
#4820=CARTESIAN_POINT('',(-9.32783462019201,0.,0.));
#4821=CARTESIAN_POINT('',(-9.32783462019201,0.,0.));
#4822=CARTESIAN_POINT('',(-9.32783462019201,-14.5053958094989,-7.79734390612658));
#4823=CARTESIAN_POINT('',(-9.32783462019201,-16.4607132160377,-0.499999999999981));
#4824=CARTESIAN_POINT('',(-9.32783462019201,-16.4607132160377,-0.499999999999981));
#4825=CARTESIAN_POINT('',(-10.3961598723784,-16.3105006435501,-0.499999999999981));
#4826=CARTESIAN_POINT('',(-11.4644848634385,-16.1602862138957,-0.499999999999982));
#4827=CARTESIAN_POINT('',(-12.5328095706731,-16.0100697657131,-0.499999999999982));
#4828=CARTESIAN_POINT('',(-21.4016229601365,-14.7630316340126,-0.499999999999983));
#4829=CARTESIAN_POINT('',(-30.2704186000538,-13.515867238063,-0.499999999999985));
#4830=CARTESIAN_POINT('',(-39.1391731009639,-12.2684103684165,-0.499999999999986));
#4831=CARTESIAN_POINT('',(-39.1391731009639,-12.2684103684165,-0.499999999999986));
#4832=CARTESIAN_POINT('',(-39.1391731009639,0.,0.));
#4833=CARTESIAN_POINT('',(-39.1391731009639,-6.56721788609996,-10.3747550431002));
#4834=CARTESIAN_POINT('',(-9.32783462019201,-8.66336930991107,-14.0053958094988));
#4835=CARTESIAN_POINT('',(-19.2649777855808,-7.96476004508505,-12.7953690681818));
#4836=CARTESIAN_POINT('',(-29.2021009866885,-7.2660797652879,-11.5852193253267));
#4837=CARTESIAN_POINT('',(-39.1391731009639,-6.56721788609996,-10.3747550431002));
#4838=CARTESIAN_POINT('',(-9.32783462019201,-14.0053958094989,-8.66336930991102));
#4839=CARTESIAN_POINT('',(-18.9782285466241,-12.8302859694899,-7.98491932745448));
#4840=CARTESIAN_POINT('',(-28.6286034566233,-11.6550589705081,-7.30640170323341));
#4841=CARTESIAN_POINT('',(-38.2789313994248,-10.4795427924559,-6.62771712139825));
#4842=CARTESIAN_POINT('',(-38.2789313994248,-10.4795427924559,-6.62771712139825));
#4843=CARTESIAN_POINT('',(-23.8621306222937,1.75577292183878,1.01369596905947));
#4844=CARTESIAN_POINT('',(-38.2789313994248,-10.9795427924559,-5.76169171761381));
#4845=CARTESIAN_POINT('',(-9.32783462019201,-14.5053958094989,-7.79734390612658));
#4846=CARTESIAN_POINT('',(-18.9782285466241,-13.3302859694899,-7.11889392367004));
#4847=CARTESIAN_POINT('',(-28.6286034566233,-12.1550589705081,-6.44037629944897));
#4848=CARTESIAN_POINT('',(-38.2789313994248,-10.9795427924559,-5.76169171761381));
#4849=CARTESIAN_POINT('',(-9.32783462019201,0.,0.));
#4850=CARTESIAN_POINT('',(-9.32783462019201,0.,0.));
#4851=CARTESIAN_POINT('',(-9.32783462019201,-0.500000000000039,-16.4607132160377));
#4852=CARTESIAN_POINT('',(-9.32783462019201,-7.79734390612663,-14.5053958094988));
#4853=CARTESIAN_POINT('',(-9.32783462019201,-7.79734390612663,-14.5053958094988));
#4854=CARTESIAN_POINT('',(-19.2649777855808,-7.09873464130061,-13.2953690681818));
#4855=CARTESIAN_POINT('',(-29.2021009866885,-6.40005436150346,-12.0852193253267));
#4856=CARTESIAN_POINT('',(-39.1391731009639,-5.70119248231552,-10.8747550431002));
#4857=CARTESIAN_POINT('',(-39.1391731009639,-5.70119248231552,-10.8747550431002));
#4858=CARTESIAN_POINT('',(-39.1391731009639,0.,0.));
#4859=CARTESIAN_POINT('',(-39.1391731009639,5.70119248231547,-10.8747550431002));
#4860=CARTESIAN_POINT('',(-9.32783462019201,7.79734390612657,-14.5053958094989));
#4861=CARTESIAN_POINT('',(-19.2649777855808,7.09873464130055,-13.2953690681819));
#4862=CARTESIAN_POINT('',(-29.2021009866885,6.40005436150341,-12.0852193253268));
#4863=CARTESIAN_POINT('',(-39.1391731009639,5.70119248231547,-10.8747550431002));
#4864=CARTESIAN_POINT('',(-9.32783462019201,0.499999999999961,-16.4607132160377));
#4865=CARTESIAN_POINT('',(-10.3961598723784,0.499999999999962,-16.3105006435501));
#4866=CARTESIAN_POINT('',(-11.4644848634385,0.499999999999962,-16.1602862138957));
#4867=CARTESIAN_POINT('',(-12.5328095706731,0.499999999999962,-16.0100697657131));
#4868=CARTESIAN_POINT('',(-21.1148738674317,0.499999999999965,-14.8033512390297));
#4869=CARTESIAN_POINT('',(-29.6969214040206,0.499999999999968,-13.5965134886278));
#4870=CARTESIAN_POINT('',(-38.2789313994248,0.499999999999971,-12.3894088390121));
#4871=CARTESIAN_POINT('',(-38.2789313994248,0.499999999999971,-12.3894088390121));
#4872=CARTESIAN_POINT('',(-23.8621306222937,4.74999832404161E-15,2.02739193811895));
#4873=CARTESIAN_POINT('',(-38.2789313994247,-0.500000000000029,-12.3894088390121));
#4874=CARTESIAN_POINT('',(-9.32783462019201,-0.500000000000039,-16.4607132160377));
#4875=CARTESIAN_POINT('',(-10.3961598723784,-0.500000000000038,-16.3105006435501));
#4876=CARTESIAN_POINT('',(-11.4644848634385,-0.500000000000038,-16.1602862138957));
#4877=CARTESIAN_POINT('',(-12.5328095706731,-0.500000000000038,-16.0100697657131));
#4878=CARTESIAN_POINT('',(-21.1148738674317,-0.500000000000035,-14.8033512390297));
#4879=CARTESIAN_POINT('',(-29.6969214040206,-0.500000000000032,-13.5965134886278));
#4880=CARTESIAN_POINT('',(-38.2789313994247,-0.500000000000029,-12.3894088390121));
#4881=CARTESIAN_POINT('',(-9.32783462019201,0.,0.));
#4882=CARTESIAN_POINT('',(-9.32783462019201,0.,0.));
#4883=CARTESIAN_POINT('',(-9.32783462019201,14.0053958094988,-8.66336930991109));
#4884=CARTESIAN_POINT('',(-9.32783462019201,8.66336930991101,-14.0053958094989));
#4885=CARTESIAN_POINT('',(-9.32783462019201,8.66336930991101,-14.0053958094989));
#4886=CARTESIAN_POINT('',(-19.2649777855808,7.96476004508499,-12.7953690681819));
#4887=CARTESIAN_POINT('',(-29.2021009866885,7.26607976528785,-11.5852193253268));
#4888=CARTESIAN_POINT('',(-39.1391731009639,6.56721788609991,-10.3747550431002));
#4889=CARTESIAN_POINT('',(-39.1391731009639,6.56721788609991,-10.3747550431002));
#4890=CARTESIAN_POINT('',(-39.1391731009639,0.,0.));
#4891=CARTESIAN_POINT('',(-39.1391731009639,12.2684103684154,-0.500000000000048));
#4892=CARTESIAN_POINT('',(-9.32783462019201,16.4607132160376,-0.500000000000064));
#4893=CARTESIAN_POINT('',(-10.3961598723784,16.3105006435501,-0.500000000000064));
#4894=CARTESIAN_POINT('',(-11.4644848634385,16.1602862138957,-0.500000000000063));
#4895=CARTESIAN_POINT('',(-12.5328095706731,16.0100697657131,-0.500000000000063));
#4896=CARTESIAN_POINT('',(-21.4016229601366,14.7630316340126,-0.500000000000058));
#4897=CARTESIAN_POINT('',(-30.2704186000538,13.5158672380619,-0.500000000000053));
#4898=CARTESIAN_POINT('',(-39.1391731009639,12.2684103684154,-0.500000000000048));
#4899=CARTESIAN_POINT('',(-9.32783462019201,14.5053958094988,-7.79734390612665));
#4900=CARTESIAN_POINT('',(-18.9782285466241,13.3302859694899,-7.1188939236701));
#4901=CARTESIAN_POINT('',(-28.6286034566233,12.1550589705081,-6.44037629944903));
#4902=CARTESIAN_POINT('',(-38.2789313994248,10.9795427924559,-5.76169171761386));
#4903=CARTESIAN_POINT('',(-38.2789313994248,10.9795427924559,-5.76169171761386));
#4904=CARTESIAN_POINT('',(-23.8621306222937,-1.75577292183878,1.01369596905948));
#4905=CARTESIAN_POINT('',(-38.2789313994248,10.4795427924559,-6.6277171213983));
#4906=CARTESIAN_POINT('',(-9.32783462019201,14.0053958094988,-8.66336930991109));
#4907=CARTESIAN_POINT('',(-18.9782285466241,12.8302859694899,-7.98491932745454));
#4908=CARTESIAN_POINT('',(-28.6286034566233,11.6550589705081,-7.30640170323346));
#4909=CARTESIAN_POINT('',(-38.2789313994248,10.4795427924559,-6.6277171213983));
#4910=CARTESIAN_POINT('',(-9.32783462019201,0.,0.));
#4911=CARTESIAN_POINT('',(-25.8895225604126,0.,0.));
#4912=CARTESIAN_POINT('',(-34.3748039346512,-7.59846922834953,3.80962798522707));
#4913=CARTESIAN_POINT('',(-34.3748039346512,-7.09846922834953,4.67565338901151));
#4914=CARTESIAN_POINT('',(-40.0000000000038,-7.59846922834953,3.80962798522707));
#4915=CARTESIAN_POINT('',(-2.65109836932487E-15,-7.59846922834953,3.80962798522707));
#4916=CARTESIAN_POINT('',(0.,0.,0.));
#4917=CARTESIAN_POINT('',(-2.58809060282738E-16,-7.59846922834954,-3.80962798522705));
#4918=CARTESIAN_POINT('',(-40.0000000000038,-7.59846922834954,-3.80962798522705));
#4919=CARTESIAN_POINT('',(-34.3748039346512,-7.59846922834954,-3.80962798522705));
#4920=CARTESIAN_POINT('',(-25.8895225604126,0.,0.));
#4921=CARTESIAN_POINT('',(-34.3748039346512,-7.09846922834954,-4.67565338901149));
#4922=CARTESIAN_POINT('',(-40.0000000000038,-7.09846922834954,-4.67565338901149));
#4923=CARTESIAN_POINT('',(-2.58809060282738E-16,-7.09846922834954,-4.67565338901149));
#4924=CARTESIAN_POINT('',(0.,0.,0.));
#4925=CARTESIAN_POINT('',(-2.58809060282737E-16,-0.50000000000002,-8.48528137423857));
#4926=CARTESIAN_POINT('',(-40.0000000000038,-0.50000000000002,-8.48528137423857));
#4927=CARTESIAN_POINT('',(-34.3748039346512,-0.50000000000002,-8.48528137423857));
#4928=CARTESIAN_POINT('',(-25.8895225604126,0.,0.));
#4929=CARTESIAN_POINT('',(-34.3748039346512,0.49999999999998,-8.48528137423857));
#4930=CARTESIAN_POINT('',(-40.0000000000038,0.49999999999998,-8.48528137423857));
#4931=CARTESIAN_POINT('',(-2.58809060282737E-16,0.49999999999998,-8.48528137423857));
#4932=CARTESIAN_POINT('',(0.,0.,0.));
#4933=CARTESIAN_POINT('',(-2.58809060282737E-16,7.09846922834952,-4.67565338901153));
#4934=CARTESIAN_POINT('',(-40.0000000000038,7.09846922834952,-4.67565338901153));
#4935=CARTESIAN_POINT('',(-34.3748039346512,7.09846922834952,-4.67565338901153));
#4936=CARTESIAN_POINT('',(-25.8895225604127,0.,0.));
#4937=CARTESIAN_POINT('',(-34.3748039346512,7.59846922834952,-3.80962798522709));
#4938=CARTESIAN_POINT('',(-40.0000000000038,7.59846922834952,-3.80962798522709));
#4939=CARTESIAN_POINT('',(-2.58809060282737E-16,7.59846922834952,-3.80962798522709));
#4940=CARTESIAN_POINT('',(0.,0.,0.));
#4941=CARTESIAN_POINT('',(-2.58809060282737E-16,7.59846922834955,3.80962798522703));
#4942=CARTESIAN_POINT('',(-40.0000000000038,7.59846922834955,3.80962798522703));
#4943=CARTESIAN_POINT('',(-34.3748039346512,7.59846922834955,3.80962798522703));
#4944=CARTESIAN_POINT('',(-25.8895225604126,0.,0.));
#4945=CARTESIAN_POINT('',(-34.3748039346512,7.09846922834956,4.67565338901148));
#4946=CARTESIAN_POINT('',(-40.0000000000038,7.09846922834954,4.67565338901149));
#4947=CARTESIAN_POINT('',(-40.0000000000038,0.5,8.48528137423857));
#4948=CARTESIAN_POINT('',(-34.3748039346512,0.5,8.48528137423857));
#4949=CARTESIAN_POINT('',(-25.8895225604126,0.,0.));
#4950=CARTESIAN_POINT('',(-34.3748039346512,-0.5,8.48528137423857));
#4951=CARTESIAN_POINT('',(-40.0000000000038,-0.5,8.48528137423857));
#4952=CARTESIAN_POINT('',(-40.0000000000038,-7.09846922834953,4.67565338901151));
#4953=CARTESIAN_POINT('',(-40.0000000000038,0.,0.));
#4954=CARTESIAN_POINT('',(-40.0000000000038,-4.6756533890115,7.09846922834954));
#4955=CARTESIAN_POINT('',(-40.0000000000038,-8.48528137423857,0.50000000000001));
#4956=CARTESIAN_POINT('',(-40.0000000000038,-4.6756533890115,7.09846922834954));
#4957=CARTESIAN_POINT('',(-4.2773292148167,-4.6756533890115,7.09846922834954));
#4958=CARTESIAN_POINT('',(-12.7626105890553,0.,0.));
#4959=CARTESIAN_POINT('',(-4.2773292148167,-3.80962798522706,7.59846922834954));
#4960=CARTESIAN_POINT('',(-40.0000000000038,-3.80962798522706,7.59846922834954));
#4961=CARTESIAN_POINT('',(-40.0000000000038,-3.80962798522706,7.59846922834954));
#4962=CARTESIAN_POINT('',(-40.0000000000038,0.,0.));
#4963=CARTESIAN_POINT('',(-40.0000000000038,3.80962798522707,7.59846922834954));
#4964=CARTESIAN_POINT('',(-40.0000000000038,3.80962798522706,7.59846922834954));
#4965=CARTESIAN_POINT('',(-4.2773292148167,3.80962798522706,7.59846922834954));
#4966=CARTESIAN_POINT('',(-12.7626105890553,0.,0.));
#4967=CARTESIAN_POINT('',(-4.2773292148167,4.6756533890115,7.09846922834954));
#4968=CARTESIAN_POINT('',(-40.0000000000038,4.6756533890115,7.09846922834954));
#4969=CARTESIAN_POINT('',(-40.0000000000038,4.6756533890115,7.09846922834954));
#4970=CARTESIAN_POINT('',(-40.0000000000038,0.,0.));
#4971=CARTESIAN_POINT('',(-40.0000000000038,8.48528137423856,0.49999999999999));
#4972=CARTESIAN_POINT('',(-40.0000000000038,8.48528137423857,0.499999999999992));
#4973=CARTESIAN_POINT('',(-4.2773292148167,8.48528137423857,0.499999999999966));
#4974=CARTESIAN_POINT('',(-12.7626105890553,0.,0.));
#4975=CARTESIAN_POINT('',(-4.2773292148167,8.48528137423857,-0.500000000000034));
#4976=CARTESIAN_POINT('',(-40.0000000000038,8.48528137423857,-0.500000000000034));
#4977=CARTESIAN_POINT('',(-40.0000000000038,8.48528137423857,-0.500000000000035));
#4978=CARTESIAN_POINT('',(-40.0000000000038,0.,0.));
#4979=CARTESIAN_POINT('',(-40.0000000000038,4.67565338901148,-7.09846922834955));
#4980=CARTESIAN_POINT('',(-40.0000000000038,4.67565338901149,-7.09846922834955));
#4981=CARTESIAN_POINT('',(-4.2773292148167,4.67565338901149,-7.09846922834955));
#4982=CARTESIAN_POINT('',(-12.7626105890553,0.,0.));
#4983=CARTESIAN_POINT('',(-4.2773292148167,3.80962798522705,-7.59846922834954));
#4984=CARTESIAN_POINT('',(-40.0000000000038,3.80962798522705,-7.59846922834955));
#4985=CARTESIAN_POINT('',(-40.0000000000038,3.80962798522705,-7.59846922834955));
#4986=CARTESIAN_POINT('',(-40.0000000000038,0.,0.));
#4987=CARTESIAN_POINT('',(-40.0000000000038,-3.80962798522708,-7.59846922834953));
#4988=CARTESIAN_POINT('',(-40.0000000000038,-3.80962798522708,-7.59846922834953));
#4989=CARTESIAN_POINT('',(-4.2773292148167,-3.80962798522708,-7.59846922834953));
#4990=CARTESIAN_POINT('',(-12.7626105890553,0.,0.));
#4991=CARTESIAN_POINT('',(-4.2773292148167,-4.67565338901152,-7.09846922834953));
#4992=CARTESIAN_POINT('',(-40.0000000000038,-4.67565338901152,-7.09846922834953));
#4993=CARTESIAN_POINT('',(-40.0000000000038,-4.67565338901152,-7.09846922834953));
#4994=CARTESIAN_POINT('',(-40.0000000000038,0.,0.));
#4995=CARTESIAN_POINT('',(-40.0000000000038,-8.48528137423857,-0.49999999999999));
#4996=CARTESIAN_POINT('',(-40.0000000000038,-8.48528137423857,-0.49999999999999));
#4997=CARTESIAN_POINT('',(-4.2773292148167,-8.48528137423857,-0.49999999999999));
#4998=CARTESIAN_POINT('',(-12.7626105890553,0.,0.));
#4999=CARTESIAN_POINT('',(-4.2773292148167,-8.48528137423857,0.50000000000001));
#5000=CARTESIAN_POINT('',(-40.0000000000038,-8.48528137423857,0.50000000000001));
#5001=CARTESIAN_POINT('',(-40.0000000000038,0.,0.));
#5002=CARTESIAN_POINT('',(-40.0000000000038,-9.68932135945977,17.7823968854467));
#5003=CARTESIAN_POINT('',(-40.0000000000038,-5.20561130753422,10.0163832691043));
#5004=CARTESIAN_POINT('',(-40.0000000000038,0.,0.));
#5005=CARTESIAN_POINT('',(-40.0000000000038,5.20561130753444,10.0163832691047));
#5006=CARTESIAN_POINT('',(-40.0000000000038,9.68932135945977,17.7823968854467));
#5007=CARTESIAN_POINT('',(-40.0000000000038,0.,12.1576135792361));
#5008=CARTESIAN_POINT('',(-40.0000000000038,-20.244668122704,0.500000000000025));
#5009=CARTESIAN_POINT('',(-40.0000000000038,11.2772480188533,0.499999999999986));
#5010=CARTESIAN_POINT('',(-40.0000000000038,10.5553467632442,17.2823968854467));
#5011=CARTESIAN_POINT('',(-40.0000000000038,6.07163671131888,9.51638326910471));
#5012=CARTESIAN_POINT('',(-40.0000000000038,0.,0.));
#5013=CARTESIAN_POINT('',(-40.0000000000038,0.,12.1576135792361));
#5014=CARTESIAN_POINT('',(-40.0000000000038,0.,0.));
#5015=CARTESIAN_POINT('',(-40.0000000000038,-11.2772480188531,0.500000000000014));
#5016=CARTESIAN_POINT('',(-40.0000000000038,-6.07163671131866,9.51638326910433));
#5017=CARTESIAN_POINT('',(-40.0000000000038,-10.5553467632442,17.2823968854467));
#5018=CARTESIAN_POINT('',(-40.0000000000038,-20.244668122704,0.500000000000025));
#5019=CARTESIAN_POINT('',(-40.0000000000038,0.,12.1576135792361));
#5020=CARTESIAN_POINT('',(-40.0000000000038,0.,0.));
#5021=CARTESIAN_POINT('',(-40.0000000000038,-6.0716367113189,-9.5163832691047));
#5022=CARTESIAN_POINT('',(-40.0000000000038,-11.2772480188531,-0.499999999999987));
#5023=CARTESIAN_POINT('',(-40.0000000000038,-20.244668122704,-0.499999999999976));
#5024=CARTESIAN_POINT('',(-40.0000000000038,-10.5553467632443,-17.2823968854467));
#5025=CARTESIAN_POINT('',(-40.0000000000038,0.,12.1576135792361));
#5026=CARTESIAN_POINT('',(-40.0000000000038,0.,0.));
#5027=CARTESIAN_POINT('',(-40.0000000000038,5.20561130753442,-10.0163832691047));
#5028=CARTESIAN_POINT('',(-40.0000000000038,-5.20561130753446,-10.0163832691047));
#5029=CARTESIAN_POINT('',(-40.0000000000038,-9.68932135945981,-17.7823968854467));
#5030=CARTESIAN_POINT('',(-40.0000000000038,9.68932135945973,-17.7823968854467));
#5031=CARTESIAN_POINT('',(-40.0000000000038,0.,12.1576135792361));
#5032=CARTESIAN_POINT('',(-40.0000000000038,0.,0.));
#5033=CARTESIAN_POINT('',(-40.0000000000038,11.2772480188511,-0.500000000000046));
#5034=CARTESIAN_POINT('',(-40.0000000000038,6.07163671131885,-9.51638326910473));
#5035=CARTESIAN_POINT('',(-40.0000000000038,10.5553467632442,-17.2823968854467));
#5036=CARTESIAN_POINT('',(-40.0000000000038,20.244668122704,-0.500000000000082));
#5037=CARTESIAN_POINT('',(-40.0000000000038,0.,12.1576135792361));
#5038=CARTESIAN_POINT('',(-40.0000000000038,-5.20561130753422,10.0163832691043));
#5039=CARTESIAN_POINT('',(-40.0000000000038,-5.2480519685373,10.0898926502685));
#5040=CARTESIAN_POINT('',(-39.9890392965555,-5.29083128604159,10.163988601699));
#5041=CARTESIAN_POINT('',(-39.9676394385533,-5.3319009978223,10.2351234291554));
#5042=CARTESIAN_POINT('',(-39.9393684304537,-5.38615753327612,10.3290985052041));
#5043=CARTESIAN_POINT('',(-39.8919672120725,-5.4387226416408,10.4201439435971));
#5044=CARTESIAN_POINT('',(-39.8293527663087,-5.48523545610753,10.5007065014565));
#5045=CARTESIAN_POINT('',(-39.7667736417208,-5.53172203242292,10.5812236135047));
#5046=CARTESIAN_POINT('',(-39.6872692582928,-5.57344646702314,10.6534924541493));
#5047=CARTESIAN_POINT('',(-39.597423182131,-5.6069421254829,10.7115086364346));
#5048=CARTESIAN_POINT('',(-39.5076534932456,-5.64040930588072,10.7694754932697));
#5049=CARTESIAN_POINT('',(-39.4050805215586,-5.66658545495053,10.8148139134051));
#5050=CARTESIAN_POINT('',(-39.2982064399679,-5.68329425788367,10.843754409019));
#5051=CARTESIAN_POINT('',(-39.2463451570602,-5.69140230375472,10.8577979564177));
#5052=CARTESIAN_POINT('',(-39.1929808390443,-5.69740825125455,10.868200562635));
#5053=CARTESIAN_POINT('',(-39.1391731009639,-5.7011924823155,10.8747550431002));
#5054=CARTESIAN_POINT('',(-40.0000000000038,5.20561130753444,10.0163832691047));
#5055=CARTESIAN_POINT('',(-40.0000000000038,5.24805196853743,10.0898926502687));
#5056=CARTESIAN_POINT('',(-39.9890392965555,5.29083128604162,10.1639886016991));
#5057=CARTESIAN_POINT('',(-39.9676394385533,5.33190099782224,10.2351234291553));
#5058=CARTESIAN_POINT('',(-39.9393684304537,5.38615753327606,10.329098505204));
#5059=CARTESIAN_POINT('',(-39.8919672120726,5.43872264164074,10.420143943597));
#5060=CARTESIAN_POINT('',(-39.8293527663087,5.48523545610748,10.5007065014564));
#5061=CARTESIAN_POINT('',(-39.7667736417209,5.53172203242287,10.5812236135046));
#5062=CARTESIAN_POINT('',(-39.6872692582929,5.57344646702309,10.6534924541493));
#5063=CARTESIAN_POINT('',(-39.5974231821311,5.60694212548286,10.7115086364346));
#5064=CARTESIAN_POINT('',(-39.5076534932457,5.64040930588069,10.7694754932697));
#5065=CARTESIAN_POINT('',(-39.4050805215587,5.6665854549505,10.8148139134051));
#5066=CARTESIAN_POINT('',(-39.298206439968,5.68329425788365,10.8437544090189));
#5067=CARTESIAN_POINT('',(-39.2463451570602,5.69140230375471,10.8577979564177));
#5068=CARTESIAN_POINT('',(-39.1929808390444,5.69740825125454,10.868200562635));
#5069=CARTESIAN_POINT('',(-39.1391731009639,5.7011924823155,10.8747550431002));
#5070=CARTESIAN_POINT('',(-39.0000000000038,0.,0.));
#5071=CARTESIAN_POINT('',(-40.0000000000038,11.2772480188533,0.499999999999986));
#5072=CARTESIAN_POINT('',(-40.0000000000038,11.3546146628241,0.499999999999986));
#5073=CARTESIAN_POINT('',(-39.9909187705445,11.4324952284772,0.499999999999989));
#5074=CARTESIAN_POINT('',(-39.9731159040022,11.5077857029224,0.499999999999989));
#5075=CARTESIAN_POINT('',(-39.9473486109934,11.6167586995573,0.499999999999989));
#5076=CARTESIAN_POINT('',(-39.9024360104677,11.7227900498361,0.499999999999989));
#5077=CARTESIAN_POINT('',(-39.8420784141767,11.8171088070086,0.499999999999989));
#5078=CARTESIAN_POINT('',(-39.7817685779306,11.9113529311878,0.499999999999989));
#5079=CARTESIAN_POINT('',(-39.7043771486615,11.9964966465513,0.499999999999989));
#5080=CARTESIAN_POINT('',(-39.6162909134952,12.0654897365282,0.499999999999989));
#5081=CARTESIAN_POINT('',(-39.5282447435636,12.1344514456164,0.499999999999988));
#5082=CARTESIAN_POINT('',(-39.4270881760105,12.189175233684,0.499999999999988));
#5083=CARTESIAN_POINT('',(-39.3211844090625,12.2251229388433,0.499999999999988));
#5084=CARTESIAN_POINT('',(-39.2621310206182,12.2451678707435,0.499999999999988));
#5085=CARTESIAN_POINT('',(-39.2009278633913,12.2597240976865,0.499999999999988));
#5086=CARTESIAN_POINT('',(-39.1391731009639,12.2684103684154,0.499999999999988));
#5087=CARTESIAN_POINT('',(-40.0000000000038,6.07163671131888,9.51638326910471));
#5088=CARTESIAN_POINT('',(-40.0000000000038,6.11407737232189,9.58989265026873));
#5089=CARTESIAN_POINT('',(-39.9890392965555,6.1568566898261,9.66398860169915));
#5090=CARTESIAN_POINT('',(-39.9676394385533,6.19792640160673,9.73512342915542));
#5091=CARTESIAN_POINT('',(-39.9393684304537,6.25218293706056,9.8290985052041));
#5092=CARTESIAN_POINT('',(-39.8919672120725,6.30474804542524,9.92014394359709));
#5093=CARTESIAN_POINT('',(-39.8293527663087,6.35126085989197,10.0007065014565));
#5094=CARTESIAN_POINT('',(-39.7667736417208,6.39774743620735,10.0812236135047));
#5095=CARTESIAN_POINT('',(-39.6872692582928,6.43947187080757,10.1534924541493));
#5096=CARTESIAN_POINT('',(-39.597423182131,6.47296752926734,10.2115086364346));
#5097=CARTESIAN_POINT('',(-39.5076534932456,6.50643470966516,10.2694754932697));
#5098=CARTESIAN_POINT('',(-39.4050805215586,6.53261085873497,10.3148139134051));
#5099=CARTESIAN_POINT('',(-39.2982064399679,6.54931966166811,10.343754409019));
#5100=CARTESIAN_POINT('',(-39.2463451570601,6.55742770753916,10.3577979564177));
#5101=CARTESIAN_POINT('',(-39.1929808390443,6.56343365503899,10.368200562635));
#5102=CARTESIAN_POINT('',(-39.1391731009639,6.56721788609994,10.3747550431002));
#5103=CARTESIAN_POINT('',(-39.0000000000038,0.,0.));
#5104=CARTESIAN_POINT('',(-40.0000000000038,-6.07163671131866,9.51638326910433));
#5105=CARTESIAN_POINT('',(-40.0000000000038,-6.11407737232165,9.58989265026833));
#5106=CARTESIAN_POINT('',(-39.9890392965555,-6.15685668982586,9.66398860169873));
#5107=CARTESIAN_POINT('',(-39.9676394385534,-6.19792640160648,9.73512342915498));
#5108=CARTESIAN_POINT('',(-39.9393684304539,-6.25218293706031,9.82909850520367));
#5109=CARTESIAN_POINT('',(-39.8919672120727,-6.304748045425,9.92014394359668));
#5110=CARTESIAN_POINT('',(-39.829352766309,-6.35126085989175,10.0007065014561));
#5111=CARTESIAN_POINT('',(-39.7667736417211,-6.39774743620716,10.0812236135043));
#5112=CARTESIAN_POINT('',(-39.6872692582932,-6.43947187080739,10.153492454149));
#5113=CARTESIAN_POINT('',(-39.5974231821314,-6.47296752926718,10.2115086364344));
#5114=CARTESIAN_POINT('',(-39.5076534932461,-6.50643470966503,10.2694754932695));
#5115=CARTESIAN_POINT('',(-39.4050805215591,-6.53261085873486,10.3148139134049));
#5116=CARTESIAN_POINT('',(-39.2982064399684,-6.54931966166803,10.3437544090188));
#5117=CARTESIAN_POINT('',(-39.2463451570605,-6.55742770753912,10.3577979564177));
#5118=CARTESIAN_POINT('',(-39.1929808390445,-6.56343365503898,10.368200562635));
#5119=CARTESIAN_POINT('',(-39.1391731009639,-6.56721788609994,10.3747550431002));
#5120=CARTESIAN_POINT('',(-40.0000000000038,-11.2772480188531,0.500000000000014));
#5121=CARTESIAN_POINT('',(-40.0000000000038,-11.376212264194,0.500000000000014));
#5122=CARTESIAN_POINT('',(-39.9850146958707,-11.4762453075057,0.500000000000013));
#5123=CARTESIAN_POINT('',(-39.956009778395,-11.5708636810815,0.500000000000013));
#5124=CARTESIAN_POINT('',(-39.9231460551543,-11.6780700554934,0.500000000000014));
#5125=CARTESIAN_POINT('',(-39.8713134643288,-11.7810823524188,0.500000000000014));
#5126=CARTESIAN_POINT('',(-39.8047965735504,-11.8713526922928,0.500000000000014));
#5127=CARTESIAN_POINT('',(-39.7631050213264,-11.9279324654165,0.500000000000014));
#5128=CARTESIAN_POINT('',(-39.7151573447047,-11.9803831761086,0.500000000000014));
#5129=CARTESIAN_POINT('',(-39.6625344230011,-12.0269694870266,0.500000000000014));
#5130=CARTESIAN_POINT('',(-39.5787589531289,-12.1011346979353,0.500000000000014));
#5131=CARTESIAN_POINT('',(-39.4810296589668,-12.1618667647309,0.500000000000014));
#5132=CARTESIAN_POINT('',(-39.3774299728634,-12.2041268274467,0.500000000000014));
#5133=CARTESIAN_POINT('',(-39.3012642186819,-12.2351961257194,0.500000000000014));
#5134=CARTESIAN_POINT('',(-39.2206301333026,-12.2569528255822,0.500000000000014));
#5135=CARTESIAN_POINT('',(-39.1391731009639,-12.2684103684154,0.500000000000014));
#5136=CARTESIAN_POINT('',(-39.0000000000038,0.,0.));
#5137=CARTESIAN_POINT('',(-40.0000000000038,-11.2772480188531,-0.499999999999987));
#5138=CARTESIAN_POINT('',(-40.0000000000038,-11.376212264194,-0.499999999999987));
#5139=CARTESIAN_POINT('',(-39.9850146958707,-11.4762453075057,-0.499999999999987));
#5140=CARTESIAN_POINT('',(-39.956009778395,-11.5708636810815,-0.499999999999986));
#5141=CARTESIAN_POINT('',(-39.9231460551543,-11.6780700554934,-0.499999999999986));
#5142=CARTESIAN_POINT('',(-39.8713134643288,-11.7810823524188,-0.499999999999986));
#5143=CARTESIAN_POINT('',(-39.8047965735504,-11.8713526922928,-0.499999999999986));
#5144=CARTESIAN_POINT('',(-39.7631050213264,-11.9279324654165,-0.499999999999986));
#5145=CARTESIAN_POINT('',(-39.7151573447047,-11.9803831761086,-0.499999999999986));
#5146=CARTESIAN_POINT('',(-39.6625344230012,-12.0269694870266,-0.499999999999986));
#5147=CARTESIAN_POINT('',(-39.5787589531289,-12.1011346979353,-0.499999999999986));
#5148=CARTESIAN_POINT('',(-39.4810296589668,-12.1618667647309,-0.499999999999986));
#5149=CARTESIAN_POINT('',(-39.3774299728635,-12.2041268274467,-0.499999999999986));
#5150=CARTESIAN_POINT('',(-39.3012642186818,-12.2351961257195,-0.499999999999986));
#5151=CARTESIAN_POINT('',(-39.2206301333027,-12.2569528255832,-0.499999999999986));
#5152=CARTESIAN_POINT('',(-39.1391731009639,-12.2684103684165,-0.499999999999986));
#5153=CARTESIAN_POINT('',(-40.0000000000038,-6.0716367113189,-9.5163832691047));
#5154=CARTESIAN_POINT('',(-40.0000000000038,-6.11407737232191,-9.58989265026872));
#5155=CARTESIAN_POINT('',(-39.9890392965555,-6.15685668982612,-9.66398860169914));
#5156=CARTESIAN_POINT('',(-39.9676394385533,-6.19792640160676,-9.7351234291554));
#5157=CARTESIAN_POINT('',(-39.9393684304537,-6.25218293706058,-9.82909850520409));
#5158=CARTESIAN_POINT('',(-39.8919672120725,-6.30474804542526,-9.92014394359708));
#5159=CARTESIAN_POINT('',(-39.8293527663087,-6.35126085989199,-10.0007065014565));
#5160=CARTESIAN_POINT('',(-39.7667736417208,-6.39774743620738,-10.0812236135047));
#5161=CARTESIAN_POINT('',(-39.6872692582928,-6.4394718708076,-10.1534924541493));
#5162=CARTESIAN_POINT('',(-39.597423182131,-6.47296752926736,-10.2115086364346));
#5163=CARTESIAN_POINT('',(-39.5076534932456,-6.50643470966519,-10.2694754932697));
#5164=CARTESIAN_POINT('',(-39.4050805215586,-6.53261085873499,-10.3148139134051));
#5165=CARTESIAN_POINT('',(-39.2982064399679,-6.54931966166813,-10.343754409019));
#5166=CARTESIAN_POINT('',(-39.2463451570602,-6.55742770753918,-10.3577979564177));
#5167=CARTESIAN_POINT('',(-39.1929808390443,-6.56343365503901,-10.368200562635));
#5168=CARTESIAN_POINT('',(-39.1391731009639,-6.56721788609996,-10.3747550431002));
#5169=CARTESIAN_POINT('',(-39.0000000000038,0.,0.));
#5170=CARTESIAN_POINT('',(-40.0000000000038,-5.20561130753446,-10.0163832691047));
#5171=CARTESIAN_POINT('',(-40.0000000000038,-5.24805196853747,-10.0898926502687));
#5172=CARTESIAN_POINT('',(-39.9890392965555,-5.29083128604169,-10.1639886016991));
#5173=CARTESIAN_POINT('',(-39.9676394385533,-5.33190099782232,-10.2351234291554));
#5174=CARTESIAN_POINT('',(-39.9393684304537,-5.38615753327614,-10.3290985052041));
#5175=CARTESIAN_POINT('',(-39.8919672120725,-5.43872264164082,-10.4201439435971));
#5176=CARTESIAN_POINT('',(-39.8293527663087,-5.48523545610755,-10.5007065014565));
#5177=CARTESIAN_POINT('',(-39.7667736417208,-5.53172203242294,-10.5812236135047));
#5178=CARTESIAN_POINT('',(-39.6872692582929,-5.57344646702316,-10.6534924541493));
#5179=CARTESIAN_POINT('',(-39.597423182131,-5.60694212548292,-10.7115086364346));
#5180=CARTESIAN_POINT('',(-39.5076534932456,-5.64040930588075,-10.7694754932697));
#5181=CARTESIAN_POINT('',(-39.4050805215586,-5.66658545495055,-10.8148139134051));
#5182=CARTESIAN_POINT('',(-39.2982064399679,-5.68329425788369,-10.843754409019));
#5183=CARTESIAN_POINT('',(-39.2463451570602,-5.69140230375475,-10.8577979564177));
#5184=CARTESIAN_POINT('',(-39.1929808390443,-5.69740825125457,-10.868200562635));
#5185=CARTESIAN_POINT('',(-39.1391731009639,-5.70119248231552,-10.8747550431002));
#5186=CARTESIAN_POINT('',(-40.0000000000038,5.20561130753442,-10.0163832691047));
#5187=CARTESIAN_POINT('',(-40.0000000000038,5.24805196853742,-10.0898926502687));
#5188=CARTESIAN_POINT('',(-39.9890392965555,5.29083128604164,-10.1639886016992));
#5189=CARTESIAN_POINT('',(-39.9676394385533,5.33190099782227,-10.2351234291554));
#5190=CARTESIAN_POINT('',(-39.9393684304537,5.38615753327609,-10.3290985052041));
#5191=CARTESIAN_POINT('',(-39.8919672120725,5.43872264164077,-10.4201439435971));
#5192=CARTESIAN_POINT('',(-39.8293527663087,5.4852354561075,-10.5007065014565));
#5193=CARTESIAN_POINT('',(-39.7667736417208,5.53172203242289,-10.5812236135047));
#5194=CARTESIAN_POINT('',(-39.6872692582928,5.57344646702311,-10.6534924541493));
#5195=CARTESIAN_POINT('',(-39.597423182131,5.60694212548287,-10.7115086364346));
#5196=CARTESIAN_POINT('',(-39.5076534932456,5.6404093058807,-10.7694754932697));
#5197=CARTESIAN_POINT('',(-39.4050805215586,5.6665854549505,-10.8148139134051));
#5198=CARTESIAN_POINT('',(-39.2982064399679,5.68329425788364,-10.843754409019));
#5199=CARTESIAN_POINT('',(-39.2463451570602,5.6914023037547,-10.8577979564178));
#5200=CARTESIAN_POINT('',(-39.1929808390443,5.69740825125452,-10.868200562635));
#5201=CARTESIAN_POINT('',(-39.1391731009639,5.70119248231547,-10.8747550431002));
#5202=CARTESIAN_POINT('',(-39.0000000000038,0.,0.));
#5203=CARTESIAN_POINT('',(-40.0000000000038,6.07163671131885,-9.51638326910473));
#5204=CARTESIAN_POINT('',(-40.0000000000038,6.11407737232186,-9.58989265026875));
#5205=CARTESIAN_POINT('',(-39.9890392965555,6.15685668982608,-9.66398860169917));
#5206=CARTESIAN_POINT('',(-39.9676394385533,6.19792640160671,-9.73512342915543));
#5207=CARTESIAN_POINT('',(-39.9393684304537,6.25218293706054,-9.82909850520412));
#5208=CARTESIAN_POINT('',(-39.8919672120725,6.30474804542521,-9.92014394359711));
#5209=CARTESIAN_POINT('',(-39.8293527663087,6.35126085989195,-10.0007065014565));
#5210=CARTESIAN_POINT('',(-39.7667736417208,6.39774743620733,-10.0812236135047));
#5211=CARTESIAN_POINT('',(-39.6872692582928,6.43947187080755,-10.1534924541494));
#5212=CARTESIAN_POINT('',(-39.597423182131,6.47296752926732,-10.2115086364346));
#5213=CARTESIAN_POINT('',(-39.5076534932456,6.50643470966514,-10.2694754932697));
#5214=CARTESIAN_POINT('',(-39.4050805215586,6.53261085873494,-10.3148139134051));
#5215=CARTESIAN_POINT('',(-39.2982064399679,6.54931966166808,-10.343754409019));
#5216=CARTESIAN_POINT('',(-39.2463451570601,6.55742770753914,-10.3577979564178));
#5217=CARTESIAN_POINT('',(-39.1929808390443,6.56343365503896,-10.3682005626351));
#5218=CARTESIAN_POINT('',(-39.1391731009639,6.56721788609991,-10.3747550431002));
#5219=CARTESIAN_POINT('',(-40.0000000000038,11.2772480188511,-0.500000000000046));
#5220=CARTESIAN_POINT('',(-40.0000000000038,11.3011951487994,-0.500000000000046));
#5221=CARTESIAN_POINT('',(-39.999140388311,11.3251576543131,-0.500000000000045));
#5222=CARTESIAN_POINT('',(-39.9974244318354,11.3490432258184,-0.500000000000045));
#5223=CARTESIAN_POINT('',(-39.9893886461764,11.4608988210469,-0.500000000000045));
#5224=CARTESIAN_POINT('',(-39.9619291542293,11.572911339106,-0.500000000000046));
#5225=CARTESIAN_POINT('',(-39.9173111007916,11.6757970880828,-0.500000000000046));
#5226=CARTESIAN_POINT('',(-39.8727053929385,11.7786543691049,-0.500000000000046));
#5227=CARTESIAN_POINT('',(-39.8097177140198,11.8752292695112,-0.500000000000047));
#5228=CARTESIAN_POINT('',(-39.7335587224236,11.9575037943131,-0.500000000000047));
#5229=CARTESIAN_POINT('',(-39.6574559319656,12.0397176050503,-0.500000000000047));
#5230=CARTESIAN_POINT('',(-39.5660988727793,12.109921679818,-0.500000000000048));
#5231=CARTESIAN_POINT('',(-39.4670570611127,12.1622806803169,-0.500000000000048));
#5232=CARTESIAN_POINT('',(-39.3681007822388,12.2145944634327,-0.500000000000048));
#5233=CARTESIAN_POINT('',(-39.2587409614327,12.2505377434404,-0.500000000000048));
#5234=CARTESIAN_POINT('',(-39.1480430193349,12.2671221532209,-0.500000000000048));
#5235=CARTESIAN_POINT('',(-39.1450883354905,12.2675648144549,-0.500000000000048));
#5236=CARTESIAN_POINT('',(-39.1421316365637,12.2679942281832,-0.500000000000048));
#5237=CARTESIAN_POINT('',(-39.1391731009639,12.2684103684154,-0.500000000000048));
#5238=CARTESIAN_POINT('',(-39.0000000000038,0.,0.));
#5239=CARTESIAN_POINT('',(3.36659707068755E-15,0.,0.));
#5240=CARTESIAN_POINT('',(5.20417042793042E-15,-12.7626105890553,-0.499999999999985));
#5241=CARTESIAN_POINT('',(5.20417042793042E-15,-12.7626105890553,-0.499999999999985));
#5242=CARTESIAN_POINT('',(5.20417042793042E-15,-12.7626105890553,0.500000000000015));
#5243=CARTESIAN_POINT('',(1.39600666440454E-15,-12.7626105890553,-0.499999999999985));
#5244=CARTESIAN_POINT('',(1.67523646940377E-15,-13.3151890514336,-0.499999999999984));
#5245=CARTESIAN_POINT('',(6.7331941413751E-15,0.,0.));
#5246=CARTESIAN_POINT('',(2.18184737258426E-15,-11.7812919747339,-6.22458182382456));
#5247=CARTESIAN_POINT('',(-4.54660459486509E-15,-0.249999999999999,0.43301270189222));
#5248=CARTESIAN_POINT('',(-4.54660459486509E-15,-0.25,-0.433012701892219));
#5249=CARTESIAN_POINT('',(1.39600666440454E-15,-12.7626105890553,0.500000000000015));
#5250=CARTESIAN_POINT('',(3.36659707068755E-15,0.,0.));
#5251=CARTESIAN_POINT('',(5.20417042793042E-15,-5.94829259263544,-11.3027449887301));
#5252=CARTESIAN_POINT('',(5.20417042793042E-15,-5.94829259263544,-11.3027449887301));
#5253=CARTESIAN_POINT('',(5.20417042793042E-15,-6.81431799641987,-10.8027449887301));
#5254=CARTESIAN_POINT('',(1.39600666440454E-15,-5.94829259263544,-11.3027449887301));
#5255=CARTESIAN_POINT('',(1.67523646940377E-15,-6.2245818238246,-11.7812919747339));
#5256=CARTESIAN_POINT('',(6.7331941413751E-15,0.,0.));
#5257=CARTESIAN_POINT('',(2.18184737258426E-15,-0.500000000000031,-13.3151890514336));
#5258=CARTESIAN_POINT('',(-4.54660459486509E-15,-0.5,1.17145536458252E-15));
#5259=CARTESIAN_POINT('',(-4.54660459486509E-15,0.249999999999999,-0.43301270189222));
#5260=CARTESIAN_POINT('',(1.39600666440454E-15,-6.81431799641988,-10.8027449887301));
#5261=CARTESIAN_POINT('',(3.36659707068755E-15,0.,0.));
#5262=CARTESIAN_POINT('',(5.20417042793042E-15,6.81431799641982,-10.8027449887302));
#5263=CARTESIAN_POINT('',(5.20417042793042E-15,6.81431799641982,-10.8027449887302));
#5264=CARTESIAN_POINT('',(5.20417042793042E-15,5.94829259263538,-11.3027449887302));
#5265=CARTESIAN_POINT('',(1.39600666440454E-15,6.81431799641983,-10.8027449887302));
#5266=CARTESIAN_POINT('',(1.67523646940377E-15,7.09060722760899,-11.2812919747339));
#5267=CARTESIAN_POINT('',(6.7331941413751E-15,0.,0.));
#5268=CARTESIAN_POINT('',(2.18184737258426E-15,11.2812919747339,-7.09060722760905));
#5269=CARTESIAN_POINT('',(-4.54660459486509E-15,-0.250000000000001,-0.433012701892219));
#5270=CARTESIAN_POINT('',(-4.54660459486509E-15,0.5,-1.17145536458252E-15));
#5271=CARTESIAN_POINT('',(1.39600666440454E-15,5.94829259263538,-11.3027449887302));
#5272=CARTESIAN_POINT('',(3.36659707068755E-15,0.,0.));
#5273=CARTESIAN_POINT('',(5.20417042793042E-15,12.7626105890553,0.499999999999949));
#5274=CARTESIAN_POINT('',(5.20417042793042E-15,12.7626105890553,0.499999999999949));
#5275=CARTESIAN_POINT('',(5.20417042793042E-15,12.7626105890553,-0.500000000000051));
#5276=CARTESIAN_POINT('',(1.39600666440454E-15,12.7626105890553,0.499999999999949));
#5277=CARTESIAN_POINT('',(-4.54660459486509E-15,0.249999999999998,-0.43301270189222));
#5278=CARTESIAN_POINT('',(-4.54660459486509E-15,0.250000000000001,0.433012701892219));
#5279=CARTESIAN_POINT('',(1.39600666440454E-15,12.7626105890553,-0.500000000000051));
#5280=CARTESIAN_POINT('',(3.36659707068755E-15,0.,0.));
#5281=CARTESIAN_POINT('',(1.67523646940377E-15,-7.09060722760902,11.2812919747339));
#5282=CARTESIAN_POINT('',(-1.73327711090625,-7.59131387748975,12.148541332015));
#5283=CARTESIAN_POINT('',(-3.46662079473875,-8.0919629150696,13.0156909018637));
#5284=CARTESIAN_POINT('',(-5.2,-8.59258120051735,13.8827872074572));
#5285=CARTESIAN_POINT('',(-5.2,-8.59258120051735,13.8827872074572));
#5286=CARTESIAN_POINT('',(-5.19999999999999,0.,0.));
#5287=CARTESIAN_POINT('',(-5.2,-13.8827872074572,8.59258120051737));
#5288=CARTESIAN_POINT('',(2.18184737258426E-15,-11.2812919747339,7.09060722760903));
#5289=CARTESIAN_POINT('',(-1.73327711090625,-12.1485413320149,7.59131387748976));
#5290=CARTESIAN_POINT('',(-3.46662079473875,-13.0156909018637,8.09196291506962));
#5291=CARTESIAN_POINT('',(-5.2,-13.8827872074572,8.59258120051737));
#5292=CARTESIAN_POINT('',(6.7331941413751E-15,0.,0.));
#5293=CARTESIAN_POINT('',(-5.2,13.8827872074573,8.59258120051734));
#5294=CARTESIAN_POINT('',(-3.46662079473876,13.0156909018637,8.09196291506959));
#5295=CARTESIAN_POINT('',(-1.73327711090626,12.148541332015,7.59131387748973));
#5296=CARTESIAN_POINT('',(-1.12750565623145E-14,11.2812919747339,7.090607227609));
#5297=CARTESIAN_POINT('',(-5.2,13.8827872074573,8.59258120051734));
#5298=CARTESIAN_POINT('',(-5.19999999999999,0.,0.));
#5299=CARTESIAN_POINT('',(-5.2,8.59258120051735,13.8827872074572));
#5300=CARTESIAN_POINT('',(1.67523646940377E-15,7.09060722760901,11.2812919747339));
#5301=CARTESIAN_POINT('',(-1.73327711090626,7.59131387748975,12.148541332015));
#5302=CARTESIAN_POINT('',(-3.46662079473875,8.0919629150696,13.0156909018637));
#5303=CARTESIAN_POINT('',(-5.2,8.59258120051735,13.8827872074572));
#5304=CARTESIAN_POINT('',(6.7331941413751E-15,0.,0.));
#5305=CARTESIAN_POINT('',(1.67523646940377E-15,-13.3151890514336,-0.499999999999984));
#5306=CARTESIAN_POINT('',(-1.29069380488293,-14.0608966673691,-0.499999999999983));
#5307=CARTESIAN_POINT('',(-2.5814250293316,-14.8065395176404,-0.499999999999983));
#5308=CARTESIAN_POINT('',(-3.87217955525556,-15.5521420258404,-0.499999999999982));
#5309=CARTESIAN_POINT('',(-4.3147836831117,-15.8078116680856,-0.499999999999982));
#5310=CARTESIAN_POINT('',(-4.75739062433267,-16.0634764400022,-0.499999999999982));
#5311=CARTESIAN_POINT('',(-5.2,-16.3191369972503,-0.499999999999981));
#5312=CARTESIAN_POINT('',(-5.2,-16.3191369972503,-0.499999999999981));
#5313=CARTESIAN_POINT('',(-5.19999999999999,0.,0.));
#5314=CARTESIAN_POINT('',(-5.2,-14.3827872074573,-7.7265557967329));
#5315=CARTESIAN_POINT('',(2.18184737258426E-15,-11.7812919747339,-6.22458182382456));
#5316=CARTESIAN_POINT('',(-1.73327711090626,-12.648541332015,-6.72528847370529));
#5317=CARTESIAN_POINT('',(-3.46662079473875,-13.5156909018637,-7.22593751128514));
#5318=CARTESIAN_POINT('',(-5.2,-14.3827872074573,-7.7265557967329));
#5319=CARTESIAN_POINT('',(6.7331941413751E-15,0.,0.));
#5320=CARTESIAN_POINT('',(1.67523646940377E-15,-6.2245818238246,-11.7812919747339));
#5321=CARTESIAN_POINT('',(-1.73327711090625,-6.72528847370534,-12.6485413320149));
#5322=CARTESIAN_POINT('',(-3.46662079473875,-7.22593751128519,-13.5156909018637));
#5323=CARTESIAN_POINT('',(-5.2,-7.72655579673295,-14.3827872074572));
#5324=CARTESIAN_POINT('',(-5.2,-7.72655579673295,-14.3827872074572));
#5325=CARTESIAN_POINT('',(-5.19999999999999,0.,0.));
#5326=CARTESIAN_POINT('',(-5.19999999999976,-0.500000000000038,-16.3191369972501));
#5327=CARTESIAN_POINT('',(2.18184737258426E-15,-0.500000000000031,-13.3151890514336));
#5328=CARTESIAN_POINT('',(-1.73327711090618,-0.500000000000034,-14.316602351195));
#5329=CARTESIAN_POINT('',(-3.46662079473859,-0.500000000000036,-15.3179004263547));
#5330=CARTESIAN_POINT('',(-5.19999999999976,-0.500000000000038,-16.3191369972501));
#5331=CARTESIAN_POINT('',(6.7331941413751E-15,0.,0.));
#5332=CARTESIAN_POINT('',(1.67523646940377E-15,7.09060722760899,-11.2812919747339));
#5333=CARTESIAN_POINT('',(-1.73327711090625,7.59131387748972,-12.148541332015));
#5334=CARTESIAN_POINT('',(-3.46662079473875,8.09196291506957,-13.0156909018637));
#5335=CARTESIAN_POINT('',(-5.2,8.59258120051732,-13.8827872074573));
#5336=CARTESIAN_POINT('',(-5.2,8.59258120051732,-13.8827872074573));
#5337=CARTESIAN_POINT('',(-5.19999999999999,0.,0.));
#5338=CARTESIAN_POINT('',(-5.2,13.8827872074572,-8.5925812005174));
#5339=CARTESIAN_POINT('',(2.18184737258426E-15,11.2812919747339,-7.09060722760905));
#5340=CARTESIAN_POINT('',(-1.73327711090626,12.1485413320149,-7.59131387748979));
#5341=CARTESIAN_POINT('',(-3.46662079473875,13.0156909018637,-8.09196291506964));
#5342=CARTESIAN_POINT('',(-5.2,13.8827872074572,-8.5925812005174));
#5343=CARTESIAN_POINT('',(6.7331941413751E-15,0.,0.));
#5344=CARTESIAN_POINT('',(-5.2,-8.59258120051735,13.8827872074572));
#5345=CARTESIAN_POINT('',(-5.21931104705836,-8.59815843557314,13.8924472619396));
#5346=CARTESIAN_POINT('',(-5.24080523988242,-8.60215135974216,13.8993632094711));
#5347=CARTESIAN_POINT('',(-5.2627150206706,-8.60423103806914,13.9029653179969));
#5348=CARTESIAN_POINT('',(-5.284699534454,-8.60631781005864,13.9065797131065));
#5349=CARTESIAN_POINT('',(-5.30770795130504,-8.60653532392974,13.9069564581826));
#5350=CARTESIAN_POINT('',(-5.32983450750442,-8.60486553154799,13.9040642929393));
#5351=CARTESIAN_POINT('',(-5.35195847130938,-8.60319593480266,13.9011724665482));
#5352=CARTESIAN_POINT('',(-5.37381085999193,-8.59959347781163,13.8949328280077));
#5353=CARTESIAN_POINT('',(-5.39358286121552,-8.59435687692879,13.8858627692197));
#5354=CARTESIAN_POINT('',(-5.41335733919978,-8.58911962007759,13.8767915742611));
#5355=CARTESIAN_POINT('',(-5.43159608809748,-8.5821035021569,13.8646393015506));
#5356=CARTESIAN_POINT('',(-5.44679089015738,-8.57388974225032,13.8504126520712));
#5357=CARTESIAN_POINT('',(-5.46199134481655,-8.56567292675322,13.8361807101538));
#5358=CARTESIAN_POINT('',(-5.47456466174673,-8.55603113912996,13.8194806441145));
#5359=CARTESIAN_POINT('',(-5.48347192828593,-8.54576251395058,13.8016948635799));
#5360=CARTESIAN_POINT('',(-5.49238330262849,-8.53548915314406,13.7839008806986));
#5361=CARTESIAN_POINT('',(-5.49787097147312,-8.52430517083831,13.7645296551141));
#5362=CARTESIAN_POINT('',(-5.4994816277153,-8.51313617191063,13.7451843815016));
#5363=CARTESIAN_POINT('',(-5.49982698602899,-8.51074130543675,13.7410363510915));
#5364=CARTESIAN_POINT('',(-5.49999999999999,-8.50833866877282,13.7368748623175));
#5365=CARTESIAN_POINT('',(-5.49999999999999,-8.50593758495111,13.732716063145));
#5366=CARTESIAN_POINT('',(-5.49999999999999,-8.50593758495111,13.732716063145));
#5367=CARTESIAN_POINT('',(-5.49999999999999,0.,0.));
#5368=CARTESIAN_POINT('',(-5.49999999999999,-13.732716063145,8.50593758495112));
#5369=CARTESIAN_POINT('',(-5.2,-13.8827872074572,8.59258120051737));
#5370=CARTESIAN_POINT('',(-5.21931104706129,-13.8924472619411,8.598158435574));
#5371=CARTESIAN_POINT('',(-5.24080523988899,-13.8993632094732,8.60215135974338));
#5372=CARTESIAN_POINT('',(-5.26271502068069,-13.9029653179985,8.60423103807012));
#5373=CARTESIAN_POINT('',(-5.28469953446431,-13.9065797131072,8.60631781005904));
#5374=CARTESIAN_POINT('',(-5.30770795131537,-13.9069564581822,8.60653532392956));
#5375=CARTESIAN_POINT('',(-5.32983450751458,-13.904064292938,8.60486553154724));
#5376=CARTESIAN_POINT('',(-5.35195847131936,-13.9011724665459,8.60319593480134));
#5377=CARTESIAN_POINT('',(-5.37381086000154,-13.8949328280044,8.59959347780975));
#5378=CARTESIAN_POINT('',(-5.3935828612246,-13.8858627692155,8.5943568769264));
#5379=CARTESIAN_POINT('',(-5.41335733920832,-13.876791574256,8.58911962007469));
#5380=CARTESIAN_POINT('',(-5.4315960881053,-13.8646393015447,8.58210350215353));
#5381=CARTESIAN_POINT('',(-5.44679089016436,-13.8504126520646,8.57388974224656));
#5382=CARTESIAN_POINT('',(-5.46199134482268,-13.8361807101466,8.56567292674907));
#5383=CARTESIAN_POINT('',(-5.47456466175187,-13.8194806441067,8.55603113912549));
#5384=CARTESIAN_POINT('',(-5.48347192829002,-13.8016948635718,8.54576251394588));
#5385=CARTESIAN_POINT('',(-5.49238330263153,-13.78390088069,8.53548915313913));
#5386=CARTESIAN_POINT('',(-5.49787097147501,-13.7645296551052,8.52430517083324));
#5387=CARTESIAN_POINT('',(-5.49948162771604,-13.7451843814927,8.51313617190552));
#5388=CARTESIAN_POINT('',(-5.49982698602924,-13.7410363510856,8.51074130543334));
#5389=CARTESIAN_POINT('',(-5.49999999999999,-13.7368748623145,8.50833866877112));
#5390=CARTESIAN_POINT('',(-5.49999999999999,-13.732716063145,8.50593758495112));
#5391=CARTESIAN_POINT('',(-5.29999999999999,0.,0.));
#5392=CARTESIAN_POINT('',(-5.49999999999999,13.732716063145,8.50593758495109));
#5393=CARTESIAN_POINT('',(-5.49999999999999,13.7480051447502,8.51476474033148));
#5394=CARTESIAN_POINT('',(-5.49762366797719,13.7634262447912,8.52366811659134));
#5395=CARTESIAN_POINT('',(-5.49299389927825,13.7781802255311,8.53218633134317));
#5396=CARTESIAN_POINT('',(-5.48711810161085,13.7969050066711,8.54299708877488));
#5397=CARTESIAN_POINT('',(-5.47742789588256,13.8150096105623,8.55344978670502));
#5398=CARTESIAN_POINT('',(-5.46472490937426,13.8309935643204,8.56267812670996));
#5399=CARTESIAN_POINT('',(-5.45202494102184,13.8469737203838,8.57190427411487));
#5400=CARTESIAN_POINT('',(-5.43596300300625,13.8612751834878,8.58016122768774));
#5401=CARTESIAN_POINT('',(-5.41786912677345,13.8727115735249,8.58676403055421));
#5402=CARTESIAN_POINT('',(-5.39978307855389,13.8841430157989,8.59336397682834));
#5403=CARTESIAN_POINT('',(-5.37916764811108,13.893027272569,8.59849330486611));
#5404=CARTESIAN_POINT('',(-5.35773090680582,13.898626943923,8.60172627662972));
#5405=CARTESIAN_POINT('',(-5.33630358066473,13.9042241558629,8.60495782844992));
#5406=CARTESIAN_POINT('',(-5.31346446656231,13.9066940801105,8.60638383987914));
#5407=CARTESIAN_POINT('',(-5.2911057888764,13.9058317230088,8.60588595777436));
#5408=CARTESIAN_POINT('',(-5.26875288692218,13.9049695886727,8.60538820428332));
#5409=CARTESIAN_POINT('',(-5.24626369370381,13.9007531813686,8.60295386039132));
#5410=CARTESIAN_POINT('',(-5.22550025737488,13.8935322237586,8.59878483857137));
#5411=CARTESIAN_POINT('',(-5.21672829414591,13.8904815738744,8.59702354503951));
#5412=CARTESIAN_POINT('',(-5.20818542880279,13.8868818424068,8.59494523910766));
#5413=CARTESIAN_POINT('',(-5.2,13.8827872074573,8.59258120051734));
#5414=CARTESIAN_POINT('',(-5.49999999999999,13.732716063145,8.50593758495109));
#5415=CARTESIAN_POINT('',(-5.49999999999999,0.,0.));
#5416=CARTESIAN_POINT('',(-5.49999999999999,8.5059375849511,13.732716063145));
#5417=CARTESIAN_POINT('',(-5.2,8.59258120051735,13.8827872074572));
#5418=CARTESIAN_POINT('',(-5.21931104705862,8.59815843557321,13.8924472619398));
#5419=CARTESIAN_POINT('',(-5.240805239883,8.60215135974226,13.8993632094713));
#5420=CARTESIAN_POINT('',(-5.26271502067147,8.60423103806922,13.902965317997));
#5421=CARTESIAN_POINT('',(-5.2846995344549,8.60631781005867,13.9065797131065));
#5422=CARTESIAN_POINT('',(-5.30770795130594,8.60653532392972,13.9069564581826));
#5423=CARTESIAN_POINT('',(-5.32983450750531,8.60486553154792,13.9040642929392));
#5424=CARTESIAN_POINT('',(-5.35195847131024,8.60319593480254,13.901172466548));
#5425=CARTESIAN_POINT('',(-5.37381085999276,8.59959347781147,13.8949328280074));
#5426=CARTESIAN_POINT('',(-5.39358286121631,8.59435687692857,13.8858627692193));
#5427=CARTESIAN_POINT('',(-5.41335733920052,8.58911962007733,13.8767915742606));
#5428=CARTESIAN_POINT('',(-5.43159608809816,8.5821035021566,13.8646393015501));
#5429=CARTESIAN_POINT('',(-5.44679089015799,8.57388974224999,13.8504126520706));
#5430=CARTESIAN_POINT('',(-5.46199134481708,8.56567292675285,13.8361807101532));
#5431=CARTESIAN_POINT('',(-5.47456466174718,8.55603113912957,13.8194806441138));
#5432=CARTESIAN_POINT('',(-5.48347192828628,8.54576251395017,13.8016948635792));
#5433=CARTESIAN_POINT('',(-5.49238330262876,8.53548915314363,13.7839008806978));
#5434=CARTESIAN_POINT('',(-5.49787097147329,8.52430517083786,13.7645296551133));
#5435=CARTESIAN_POINT('',(-5.49948162771536,8.51313617191018,13.7451843815009));
#5436=CARTESIAN_POINT('',(-5.49982698602901,8.51074130543645,13.741036351091));
#5437=CARTESIAN_POINT('',(-5.49999999999999,8.50833866877267,13.7368748623172));
#5438=CARTESIAN_POINT('',(-5.49999999999999,8.5059375849511,13.732716063145));
#5439=CARTESIAN_POINT('',(-5.29999999999999,0.,0.));
#5440=CARTESIAN_POINT('',(-5.2,-16.3191369972503,-0.499999999999981));
#5441=CARTESIAN_POINT('',(-5.20154497559708,-16.3200294079035,-0.499999999999981));
#5442=CARTESIAN_POINT('',(-5.2031020348605,-16.3209012182746,-0.499999999999981));
#5443=CARTESIAN_POINT('',(-5.20467034161112,-16.3217519593078,-0.499999999999981));
#5444=CARTESIAN_POINT('',(-5.2243481268992,-16.3324263375065,-0.499999999999981));
#5445=CARTESIAN_POINT('',(-5.24614102851275,-16.3398497343583,-0.499999999999981));
#5446=CARTESIAN_POINT('',(-5.26824330843357,-16.3434059691755,-0.499999999999981));
#5447=CARTESIAN_POINT('',(-5.29033702997551,-16.3469608269581,-0.499999999999981));
#5448=CARTESIAN_POINT('',(-5.31334937192852,-16.3467496003057,-0.499999999999981));
#5449=CARTESIAN_POINT('',(-5.33537412300553,-16.3427898167986,-0.499999999999981));
#5450=CARTESIAN_POINT('',(-5.35739556038974,-16.3388306290533,-0.499999999999981));
#5451=CARTESIAN_POINT('',(-5.37903695759692,-16.331014941863,-0.499999999999981));
#5452=CARTESIAN_POINT('',(-5.3985071087923,-16.3199907827342,-0.499999999999981));
#5453=CARTESIAN_POINT('',(-5.41068054827031,-16.3130980815629,-0.499999999999981));
#5454=CARTESIAN_POINT('',(-5.4221891536367,-16.3048762597155,-0.499999999999981));
#5455=CARTESIAN_POINT('',(-5.43265620321988,-16.2955949434734,-0.499999999999981));
#5456=CARTESIAN_POINT('',(-5.44941314254338,-16.2807362718033,-0.499999999999981));
#5457=CARTESIAN_POINT('',(-5.46383485646714,-16.2627786342164,-0.499999999999982));
#5458=CARTESIAN_POINT('',(-5.47472811848212,-16.2432104973106,-0.499999999999982));
#5459=CARTESIAN_POINT('',(-5.48562124279577,-16.2236426077649,-0.499999999999982));
#5460=CARTESIAN_POINT('',(-5.4932865834919,-16.2019246995782,-0.499999999999982));
#5461=CARTESIAN_POINT('',(-5.49709078780659,-16.1798545729787,-0.499999999999982));
#5462=CARTESIAN_POINT('',(-5.49902321864764,-16.1686435575394,-0.499999999999982));
#5463=CARTESIAN_POINT('',(-5.49999999999999,-16.1572261080666,-0.499999999999983));
#5464=CARTESIAN_POINT('',(-5.49999999999999,-16.1458497661178,-0.499999999999983));
#5465=CARTESIAN_POINT('',(-5.49999999999999,-16.1458497661178,-0.499999999999983));
#5466=CARTESIAN_POINT('',(-5.49999999999999,0.,0.));
#5467=CARTESIAN_POINT('',(-5.49999999999999,-14.232716063145,-7.63991218116665));
#5468=CARTESIAN_POINT('',(-5.2,-14.3827872074573,-7.7265557967329));
#5469=CARTESIAN_POINT('',(-5.21931104705836,-14.3924472619396,-7.73213303178868));
#5470=CARTESIAN_POINT('',(-5.24080523988241,-14.3993632094711,-7.7361259559577));
#5471=CARTESIAN_POINT('',(-5.26271502067057,-14.4029653179969,-7.73820563428468));
#5472=CARTESIAN_POINT('',(-5.28469953445397,-14.4065797131065,-7.74029240627418));
#5473=CARTESIAN_POINT('',(-5.30770795130501,-14.4069564581826,-7.74050992014529));
#5474=CARTESIAN_POINT('',(-5.32983450750439,-14.4040642929393,-7.73884012776353));
#5475=CARTESIAN_POINT('',(-5.35195847130935,-14.4011724665483,-7.73717053101821));
#5476=CARTESIAN_POINT('',(-5.3738108599919,-14.3949328280077,-7.73356807402718));
#5477=CARTESIAN_POINT('',(-5.3935828612155,-14.3858627692197,-7.72833147314434));
#5478=CARTESIAN_POINT('',(-5.41335733919976,-14.3767915742611,-7.72309421629314));
#5479=CARTESIAN_POINT('',(-5.43159608809746,-14.3646393015506,-7.71607809837245));
#5480=CARTESIAN_POINT('',(-5.44679089015737,-14.3504126520712,-7.70786433846587));
#5481=CARTESIAN_POINT('',(-5.46199134481653,-14.3361807101538,-7.69964752296877));
#5482=CARTESIAN_POINT('',(-5.47456466174671,-14.3194806441145,-7.69000573534552));
#5483=CARTESIAN_POINT('',(-5.48347192828592,-14.30169486358,-7.67973711016614));
#5484=CARTESIAN_POINT('',(-5.49238330262849,-14.2839008806986,-7.66946374935962));
#5485=CARTESIAN_POINT('',(-5.49787097147312,-14.2645296551141,-7.65827976705387));
#5486=CARTESIAN_POINT('',(-5.4994816277153,-14.2451843815017,-7.64711076812619));
#5487=CARTESIAN_POINT('',(-5.49982698602899,-14.2410363510916,-7.6447159016523));
#5488=CARTESIAN_POINT('',(-5.49999999999999,-14.2368748623175,-7.64231326498837));
#5489=CARTESIAN_POINT('',(-5.49999999999999,-14.232716063145,-7.63991218116665));
#5490=CARTESIAN_POINT('',(-5.29999999999999,0.,0.));
#5491=CARTESIAN_POINT('',(-5.2,-7.72655579673295,-14.3827872074572));
#5492=CARTESIAN_POINT('',(-5.21931104705838,-7.73213303178874,-14.3924472619396));
#5493=CARTESIAN_POINT('',(-5.24080523988246,-7.73612595595776,-14.3993632094711));
#5494=CARTESIAN_POINT('',(-5.26271502067065,-7.73820563428474,-14.4029653179969));
#5495=CARTESIAN_POINT('',(-5.28469953445406,-7.74029240627423,-14.4065797131065));
#5496=CARTESIAN_POINT('',(-5.3077079513051,-7.74050992014534,-14.4069564581826));
#5497=CARTESIAN_POINT('',(-5.32983450750448,-7.73884012776358,-14.4040642929393));
#5498=CARTESIAN_POINT('',(-5.35195847130943,-7.73717053101825,-14.4011724665482));
#5499=CARTESIAN_POINT('',(-5.37381085999198,-7.73356807402722,-14.3949328280077));
#5500=CARTESIAN_POINT('',(-5.39358286121558,-7.72833147314437,-14.3858627692196));
#5501=CARTESIAN_POINT('',(-5.41335733919983,-7.72309421629316,-14.376791574261));
#5502=CARTESIAN_POINT('',(-5.43159608809753,-7.71607809837248,-14.3646393015505));
#5503=CARTESIAN_POINT('',(-5.44679089015743,-7.70786433846589,-14.3504126520711));
#5504=CARTESIAN_POINT('',(-5.46199134481658,-7.69964752296879,-14.3361807101537));
#5505=CARTESIAN_POINT('',(-5.47456466174676,-7.69000573534553,-14.3194806441145));
#5506=CARTESIAN_POINT('',(-5.48347192828595,-7.67973711016614,-14.3016948635799));
#5507=CARTESIAN_POINT('',(-5.49238330262851,-7.66946374935963,-14.2839008806985));
#5508=CARTESIAN_POINT('',(-5.49787097147313,-7.65827976705388,-14.264529655114));
#5509=CARTESIAN_POINT('',(-5.4994816277153,-7.64711076812619,-14.2451843815016));
#5510=CARTESIAN_POINT('',(-5.49982698602899,-7.64471590165233,-14.2410363510915));
#5511=CARTESIAN_POINT('',(-5.49999999999999,-7.64231326498841,-14.2368748623174));
#5512=CARTESIAN_POINT('',(-5.49999999999999,-7.6399121811667,-14.232716063145));
#5513=CARTESIAN_POINT('',(-5.49999999999999,-7.6399121811667,-14.232716063145));
#5514=CARTESIAN_POINT('',(-5.49999999999999,0.,0.));
#5515=CARTESIAN_POINT('',(-5.49999999999999,-0.500000000000038,-16.1458497661178));
#5516=CARTESIAN_POINT('',(-5.19999999999976,-0.500000000000038,-16.3191369972501));
#5517=CARTESIAN_POINT('',(-5.20032806619125,-0.500000000000038,-16.3193264952363));
#5518=CARTESIAN_POINT('',(-5.20065667222909,-0.500000000000038,-16.3195150616783));
#5519=CARTESIAN_POINT('',(-5.20098581015557,-0.500000000000038,-16.3197026920013));
#5520=CARTESIAN_POINT('',(-5.22043474073674,-0.500000000000038,-16.3307898649861));
#5521=CARTESIAN_POINT('',(-5.24206693476769,-0.500000000000038,-16.3386712713327));
#5522=CARTESIAN_POINT('',(-5.26408997501136,-0.500000000000038,-16.3426927143538));
#5523=CARTESIAN_POINT('',(-5.28610426528741,-0.500000000000038,-16.3467125596166));
#5524=CARTESIAN_POINT('',(-5.30911639791356,-0.500000000000038,-16.346986415511));
#5525=CARTESIAN_POINT('',(-5.33122011013426,-0.500000000000038,-16.3434915566641));
#5526=CARTESIAN_POINT('',(-5.35332010069607,-0.500000000000038,-16.3399972862556));
#5527=CARTESIAN_POINT('',(-5.37512140881411,-0.500000000000038,-16.3326393131649));
#5528=CARTESIAN_POINT('',(-5.39481948574887,-0.500000000000038,-16.3220277499627));
#5529=CARTESIAN_POINT('',(-5.40713522867336,-0.500000000000038,-16.3153931284787));
#5530=CARTESIAN_POINT('',(-5.4188142893432,-0.500000000000038,-16.3074156837143));
#5531=CARTESIAN_POINT('',(-5.42947434356012,-0.500000000000038,-16.2983570430817));
#5532=CARTESIAN_POINT('',(-5.44654008378605,-0.500000000000038,-16.2838550147909));
#5533=CARTESIAN_POINT('',(-5.46133644302512,-0.500000000000038,-16.2662055931248));
#5534=CARTESIAN_POINT('',(-5.47263914496826,-0.500000000000038,-16.2468717563925));
#5535=CARTESIAN_POINT('',(-5.48394170153333,-0.500000000000038,-16.2275381683366));
#5536=CARTESIAN_POINT('',(-5.49206255946385,-0.500000000000038,-16.2059871217903));
#5537=CARTESIAN_POINT('',(-5.49633071824503,-0.500000000000038,-16.1840026219634));
#5538=CARTESIAN_POINT('',(-5.49876569481952,-0.500000000000038,-16.1714605060711));
#5539=CARTESIAN_POINT('',(-5.49999999999999,-0.500000000000038,-16.1586260637808));
#5540=CARTESIAN_POINT('',(-5.49999999999999,-0.500000000000038,-16.1458497661178));
#5541=CARTESIAN_POINT('',(-5.29999999999999,0.,0.));
#5542=CARTESIAN_POINT('',(-5.2,8.59258120051732,-13.8827872074573));
#5543=CARTESIAN_POINT('',(-5.21931104706097,8.59815843557386,-13.8924472619409));
#5544=CARTESIAN_POINT('',(-5.24080523988827,8.6021513597432,-13.899363209473));
#5545=CARTESIAN_POINT('',(-5.26271502067959,8.60423103806996,-13.9029653179984));
#5546=CARTESIAN_POINT('',(-5.28469953446318,8.60631781005895,-13.9065797131071));
#5547=CARTESIAN_POINT('',(-5.30770795131424,8.60653532392954,-13.9069564581823));
#5548=CARTESIAN_POINT('',(-5.32983450751347,8.60486553154727,-13.9040642929381));
#5549=CARTESIAN_POINT('',(-5.35195847131827,8.60319593480144,-13.9011724665462));
#5550=CARTESIAN_POINT('',(-5.37381086000049,8.59959347780992,-13.8949328280048));
#5551=CARTESIAN_POINT('',(-5.39358286122361,8.59435687692662,-13.885862769216));
#5552=CARTESIAN_POINT('',(-5.41335733920739,8.58911962007496,-13.8767915742566));
#5553=CARTESIAN_POINT('',(-5.43159608810445,8.58210350215386,-13.8646393015454));
#5554=CARTESIAN_POINT('',(-5.4467908901636,8.57388974224693,-13.8504126520654));
#5555=CARTESIAN_POINT('',(-5.46199134482201,8.56567292674948,-13.8361807101474));
#5556=CARTESIAN_POINT('',(-5.47456466175131,8.55603113912593,-13.8194806441076));
#5557=CARTESIAN_POINT('',(-5.48347192828957,8.54576251394635,-13.8016948635727));
#5558=CARTESIAN_POINT('',(-5.4923833026312,8.53548915313963,-13.783900880691));
#5559=CARTESIAN_POINT('',(-5.4978709714748,8.52430517083375,-13.7645296551062));
#5560=CARTESIAN_POINT('',(-5.49948162771596,8.51313617190603,-13.7451843814937));
#5561=CARTESIAN_POINT('',(-5.49982698602921,8.51074130543367,-13.7410363510863));
#5562=CARTESIAN_POINT('',(-5.49999999999999,8.50833866877126,-13.7368748623149));
#5563=CARTESIAN_POINT('',(-5.49999999999999,8.50593758495107,-13.7327160631451));
#5564=CARTESIAN_POINT('',(-5.49999999999999,8.50593758495107,-13.7327160631451));
#5565=CARTESIAN_POINT('',(-5.49999999999999,0.,0.));
#5566=CARTESIAN_POINT('',(-5.49999999999999,13.732716063145,-8.50593758495115));
#5567=CARTESIAN_POINT('',(-5.2,13.8827872074572,-8.5925812005174));
#5568=CARTESIAN_POINT('',(-5.21931104705959,13.8924472619402,-8.59815843557354));
#5569=CARTESIAN_POINT('',(-5.24080523988518,13.899363209472,-8.60215135974271));
#5570=CARTESIAN_POINT('',(-5.26271502067483,13.9029653179975,-8.60423103806959));
#5571=CARTESIAN_POINT('',(-5.28469953445832,13.9065797131067,-8.60631781005885));
#5572=CARTESIAN_POINT('',(-5.30770795130937,13.9069564581824,-8.60653532392971));
#5573=CARTESIAN_POINT('',(-5.32983450750868,13.9040642929387,-8.60486553154771));
#5574=CARTESIAN_POINT('',(-5.35195847131356,13.9011724665472,-8.60319593480214));
#5575=CARTESIAN_POINT('',(-5.37381085999596,13.8949328280063,-8.59959347781089));
#5576=CARTESIAN_POINT('',(-5.39358286121933,13.8858627692179,-8.59435687692783));
#5577=CARTESIAN_POINT('',(-5.41335733920336,13.8767915742589,-8.58911962007641));
#5578=CARTESIAN_POINT('',(-5.43159608810076,13.8646393015481,-8.58210350215553));
#5579=CARTESIAN_POINT('',(-5.44679089016031,13.8504126520684,-8.57388974224878));
#5580=CARTESIAN_POINT('',(-5.46199134481912,13.8361807101507,-8.56567292675152));
#5581=CARTESIAN_POINT('',(-5.47456466174889,13.8194806441112,-8.55603113912813));
#5582=CARTESIAN_POINT('',(-5.48347192828764,13.8016948635765,-8.54576251394865));
#5583=CARTESIAN_POINT('',(-5.49238330262977,13.783900880695,-8.53548915314204));
#5584=CARTESIAN_POINT('',(-5.49787097147391,13.7645296551103,-8.52430517083623));
#5585=CARTESIAN_POINT('',(-5.49948162771561,13.7451843814979,-8.51313617190853));
#5586=CARTESIAN_POINT('',(-5.4998269860291,13.741036351089,-8.51074130543536));
#5587=CARTESIAN_POINT('',(-5.49999999999999,13.7368748623162,-8.50833866877215));
#5588=CARTESIAN_POINT('',(-5.49999999999999,13.732716063145,-8.50593758495115));
#5589=CARTESIAN_POINT('',(-5.29999999999999,0.,0.));
#5590=CARTESIAN_POINT('',(-5.49999999999999,-7.42772228311384,11.8651923788647));
#5591=CARTESIAN_POINT('',(-5.49999999999999,-7.72873062407096,12.3865541189044));
#5592=CARTESIAN_POINT('',(-5.49999999999999,0.,0.));
#5593=CARTESIAN_POINT('',(-5.49999999999999,-12.3865541189044,7.72873062407097));
#5594=CARTESIAN_POINT('',(-5.49999999999999,-6.74470958122163,4.47141016151379));
#5595=CARTESIAN_POINT('',(-5.49999999999999,0.,16.1535898384862));
#5596=CARTESIAN_POINT('',(-5.49999999999999,6.74470958122161,4.47141016151375));
#5597=CARTESIAN_POINT('',(-5.49999999999999,12.3865541189044,7.72873062407094));
#5598=CARTESIAN_POINT('',(-5.49999999999999,0.,0.));
#5599=CARTESIAN_POINT('',(-5.49999999999999,7.72873062407096,12.3865541189044));
#5600=CARTESIAN_POINT('',(-5.49999999999999,7.42772228311384,11.8651923788647));
#5601=CARTESIAN_POINT('',(-5.49999999999999,0.,16.1535898384862));
#5602=CARTESIAN_POINT('',(-5.49999999999999,-1.75647389372834E-14,-0.5));
#5603=CARTESIAN_POINT('',(-5.49999999999999,-14.5914358443575,-0.499999999999983));
#5604=CARTESIAN_POINT('',(-5.49999999999999,0.,0.));
#5605=CARTESIAN_POINT('',(-5.49999999999999,-12.8865541189044,-6.8627052202865));
#5606=CARTESIAN_POINT('',(-5.49999999999999,6.74470958122161,4.47141016151375));
#5607=CARTESIAN_POINT('',(-5.49999999999999,0.,16.1535898384862));
#5608=CARTESIAN_POINT('',(-5.49999999999999,7.42772228311385,11.8651923788646));
#5609=CARTESIAN_POINT('',(-5.49999999999999,-6.86270522028655,-12.8865541189044));
#5610=CARTESIAN_POINT('',(-5.49999999999999,0.,0.));
#5611=CARTESIAN_POINT('',(-5.49999999999999,-0.500000000000034,-14.5914358443575));
#5612=CARTESIAN_POINT('',(-5.49999999999999,-0.499999999999962,16.1535898384862));
#5613=CARTESIAN_POINT('',(-5.49999999999999,0.,16.1535898384862));
#5614=CARTESIAN_POINT('',(-5.49999999999999,-6.56169687932938,12.3651923788647));
#5615=CARTESIAN_POINT('',(-5.49999999999999,7.72873062407093,-12.3865541189044));
#5616=CARTESIAN_POINT('',(-5.49999999999999,0.,0.));
#5617=CARTESIAN_POINT('',(-5.49999999999999,12.3865541189044,-7.728730624071));
#5618=CARTESIAN_POINT('',(-5.49999999999999,-7.24470958122165,3.60538475772938));
#5619=CARTESIAN_POINT('',(-5.49999999999999,0.,16.1535898384862));
#5620=CARTESIAN_POINT('',(-2.31111593326468E-33,-7.72873062407096,12.3865541189044));
#5621=CARTESIAN_POINT('',(-9.1,-7.72873062407096,12.3865541189044));
#5622=CARTESIAN_POINT('',(-9.1,0.,0.));
#5623=CARTESIAN_POINT('',(-9.1,-12.3865541189044,7.72873062407097));
#5624=CARTESIAN_POINT('',(0.,-12.3865541189044,7.72873062407097));
#5625=CARTESIAN_POINT('',(0.,0.,0.));
#5626=CARTESIAN_POINT('',(0.,12.3865541189044,7.72873062407094));
#5627=CARTESIAN_POINT('',(-9.1,12.3865541189044,7.72873062407095));
#5628=CARTESIAN_POINT('',(-9.1,0.,0.));
#5629=CARTESIAN_POINT('',(-9.1,7.72873062407096,12.3865541189044));
#5630=CARTESIAN_POINT('',(2.31111593326469E-33,7.72873062407096,12.3865541189044));
#5631=CARTESIAN_POINT('',(0.,0.,0.));
#5632=CARTESIAN_POINT('',(-2.31111593326468E-33,-14.5914358443575,-0.499999999999983));
#5633=CARTESIAN_POINT('',(-9.1,-14.5914358443575,-0.499999999999983));
#5634=CARTESIAN_POINT('',(-9.1,0.,0.));
#5635=CARTESIAN_POINT('',(-9.1,-12.8865541189044,-6.86270522028651));
#5636=CARTESIAN_POINT('',(0.,-12.8865541189044,-6.8627052202865));
#5637=CARTESIAN_POINT('',(0.,0.,0.));
#5638=CARTESIAN_POINT('',(-2.31111593326468E-33,-6.86270522028655,-12.8865541189044));
#5639=CARTESIAN_POINT('',(-9.1,-6.86270522028655,-12.8865541189044));
#5640=CARTESIAN_POINT('',(-9.1,0.,0.));
#5641=CARTESIAN_POINT('',(-9.1,-0.500000000000034,-14.5914358443575));
#5642=CARTESIAN_POINT('',(0.,-0.500000000000034,-14.5914358443575));
#5643=CARTESIAN_POINT('',(0.,0.,0.));
#5644=CARTESIAN_POINT('',(-2.31111593326468E-33,7.72873062407093,-12.3865541189044));
#5645=CARTESIAN_POINT('',(-9.1,7.72873062407093,-12.3865541189044));
#5646=CARTESIAN_POINT('',(-9.1,0.,0.));
#5647=CARTESIAN_POINT('',(-9.1,12.3865541189044,-7.728730624071));
#5648=CARTESIAN_POINT('',(0.,12.3865541189044,-7.728730624071));
#5649=CARTESIAN_POINT('',(0.,0.,0.));
#5650=CARTESIAN_POINT('',(-9.1,-6.75499814951863,10.7));
#5651=CARTESIAN_POINT('',(-9.1,-8.56429627306168,13.8337962760156));
#5652=CARTESIAN_POINT('',(-9.1,0.,0.));
#5653=CARTESIAN_POINT('',(-9.1,-13.8337962760156,8.56429627306169));
#5654=CARTESIAN_POINT('',(-9.1,-6.07198544762642,4.08301270189223));
#5655=CARTESIAN_POINT('',(-9.1,0.,14.6));
#5656=CARTESIAN_POINT('',(-9.1,6.0719854476264,4.0830127018922));
#5657=CARTESIAN_POINT('',(-9.1,13.8337962760156,8.56429627306166));
#5658=CARTESIAN_POINT('',(-9.1,0.,0.));
#5659=CARTESIAN_POINT('',(-9.1,8.56429627306167,13.8337962760156));
#5660=CARTESIAN_POINT('',(-9.1,6.75499814951863,10.7));
#5661=CARTESIAN_POINT('',(-9.1,0.,14.6));
#5662=CARTESIAN_POINT('',(-9.1,-1.59261492882479E-14,-0.499999999999999));
#5663=CARTESIAN_POINT('',(-9.09999999997859,-16.262567142342,-0.499999999999982));
#5664=CARTESIAN_POINT('',(-9.1,0.,0.));
#5665=CARTESIAN_POINT('',(-9.1,-14.3337962760156,-7.69827086927722));
#5666=CARTESIAN_POINT('',(-9.1,6.0719854476264,4.0830127018922));
#5667=CARTESIAN_POINT('',(-9.1,0.,14.6));
#5668=CARTESIAN_POINT('',(-9.1,6.75499814951864,10.7));
#5669=CARTESIAN_POINT('',(-9.1,-7.69827086927727,-14.3337962760156));
#5670=CARTESIAN_POINT('',(-9.1,0.,0.));
#5671=CARTESIAN_POINT('',(-9.09999999996245,-0.500000000000038,-16.2625671423447));
#5672=CARTESIAN_POINT('',(-9.1,-0.499999999999966,14.6));
#5673=CARTESIAN_POINT('',(-9.1,0.,14.6));
#5674=CARTESIAN_POINT('',(-9.1,-5.88897274573417,11.2));
#5675=CARTESIAN_POINT('',(-9.1,8.56429627306164,-13.8337962760156));
#5676=CARTESIAN_POINT('',(-9.1,0.,0.));
#5677=CARTESIAN_POINT('',(-9.1,13.8337962760156,-8.56429627306172));
#5678=CARTESIAN_POINT('',(-9.1,-6.57198544762643,3.21698729810783));
#5679=CARTESIAN_POINT('',(-9.1,0.,14.6));
#5680=CARTESIAN_POINT('',(-9.1,-8.56429627306168,13.8337962760156));
#5681=CARTESIAN_POINT('',(-9.1,-8.57467198331981,13.8517675333473));
#5682=CARTESIAN_POINT('',(-9.10330503982447,-8.5851708470492,13.8699520987484));
#5683=CARTESIAN_POINT('',(-9.10968008736142,-8.59504480550497,13.8870542964656));
#5684=CARTESIAN_POINT('',(-9.11656314212703,-8.60570558825372,13.9055193138349));
#5685=CARTESIAN_POINT('',(-9.12722281512523,-8.61591927958573,13.9232099461547));
#5686=CARTESIAN_POINT('',(-9.14077713866049,-8.62483928395333,13.9386598469232));
#5687=CARTESIAN_POINT('',(-9.15432780541154,-8.63375688181714,13.9541055795047));
#5688=CARTESIAN_POINT('',(-9.17114565410737,-8.64162755778205,13.9677379901659));
#5689=CARTESIAN_POINT('',(-9.18983790543511,-8.64779834615026,13.9784261091424));
#5690=CARTESIAN_POINT('',(-9.20852194380591,-8.65396642321215,13.9891095319986));
#5691=CARTESIAN_POINT('',(-9.22959441633042,-8.65860628691602,13.9971460116739));
#5692=CARTESIAN_POINT('',(-9.25130934037813,-8.66133282602308,14.0018685159361));
#5693=CARTESIAN_POINT('',(-9.27301518271722,-8.66405822482528,14.0065890451324));
#5694=CARTESIAN_POINT('',(-9.29596178417621,-8.66494708680769,14.0081285992469));
#5695=CARTESIAN_POINT('',(-9.31824813482808,-8.66392564655054,14.0063594128246));
#5696=CARTESIAN_POINT('',(-9.32145165142111,-8.66377882121948,14.0061051038914));
#5697=CARTESIAN_POINT('',(-9.32464900856844,-8.66359326741646,14.005783715277));
#5698=CARTESIAN_POINT('',(-9.32783462019201,-8.66336930991104,14.0053958094989));
#5699=CARTESIAN_POINT('',(-9.1,-13.8337962760156,8.56429627306169));
#5700=CARTESIAN_POINT('',(-9.1,-13.8517675333473,8.57467198331983));
#5701=CARTESIAN_POINT('',(-9.10330503982447,-13.8699520987483,8.58517084704921));
#5702=CARTESIAN_POINT('',(-9.10968008736142,-13.8870542964656,8.59504480550498));
#5703=CARTESIAN_POINT('',(-9.11656314212703,-13.9055193138349,8.60570558825373));
#5704=CARTESIAN_POINT('',(-9.12722281512523,-13.9232099461547,8.61591927958574));
#5705=CARTESIAN_POINT('',(-9.14077713866049,-13.9386598469231,8.62483928395335));
#5706=CARTESIAN_POINT('',(-9.15432780541154,-13.9541055795047,8.63375688181715));
#5707=CARTESIAN_POINT('',(-9.17114565410737,-13.9677379901659,8.64162755778206));
#5708=CARTESIAN_POINT('',(-9.18983790543511,-13.9784261091424,8.64779834615027));
#5709=CARTESIAN_POINT('',(-9.20852194380591,-13.9891095319986,8.65396642321217));
#5710=CARTESIAN_POINT('',(-9.22959441633042,-13.9971460116738,8.65860628691603));
#5711=CARTESIAN_POINT('',(-9.25130934037812,-14.0018685159361,8.6613328260231));
#5712=CARTESIAN_POINT('',(-9.27301518271722,-14.0065890451324,8.6640582248253));
#5713=CARTESIAN_POINT('',(-9.29596178417621,-14.0081285992469,8.66494708680771));
#5714=CARTESIAN_POINT('',(-9.31824813482808,-14.0063594128246,8.66392564655056));
#5715=CARTESIAN_POINT('',(-9.32145165142111,-14.0061051038913,8.6637788212195));
#5716=CARTESIAN_POINT('',(-9.32464900856844,-14.005783715277,8.66359326741648));
#5717=CARTESIAN_POINT('',(-9.32783462019201,-14.0053958094988,8.66336930991106));
#5718=CARTESIAN_POINT('',(-9.3,0.,0.));
#5719=CARTESIAN_POINT('',(-9.32783462019201,14.0053958094989,8.66336930991102));
#5720=CARTESIAN_POINT('',(-9.30574276971626,14.0080858914868,8.66492242947091));
#5721=CARTESIAN_POINT('',(-9.28281336701382,14.0075198504349,8.66459562551722));
#5722=CARTESIAN_POINT('',(-9.26093431463002,14.0037443724156,8.66241585226645));
#5723=CARTESIAN_POINT('',(-9.23899024890064,13.999957675608,8.66022960184523));
#5724=CARTESIAN_POINT('',(-9.21749865733341,13.9928376984864,8.65611888113746));
#5725=CARTESIAN_POINT('',(-9.19823838719359,13.9829747839136,8.65042452475388));
#5726=CARTESIAN_POINT('',(-9.17897564646132,13.9731106041851,8.64472943793226));
#5727=CARTESIAN_POINT('',(-9.16141372029822,13.9602309794233,8.63729338310896));
#5728=CARTESIAN_POINT('',(-9.14700470168457,13.9454027271982,8.62873228769522));
#5729=CARTESIAN_POINT('',(-9.13259006337161,13.9305686917675,8.62016785334612));
#5730=CARTESIAN_POINT('',(-9.12093337388138,13.9133756935288,8.61024147118484));
#5731=CARTESIAN_POINT('',(-9.11299776722073,13.8952468610891,8.5997747848957));
#5732=CARTESIAN_POINT('',(-9.10505857927602,13.8771098472335,8.58930337506386));
#5733=CARTESIAN_POINT('',(-9.10062490875611,13.8575361396738,8.57800248973521));
#5734=CARTESIAN_POINT('',(-9.10006300992001,13.838145742494,8.56680743870379));
#5735=CARTESIAN_POINT('',(-9.10002100659986,13.8366962626083,8.56597058110159));
#5736=CARTESIAN_POINT('',(-9.1,13.8352462122722,8.56513339414972));
#5737=CARTESIAN_POINT('',(-9.1,13.8337962760156,8.56429627306166));
#5738=CARTESIAN_POINT('',(-9.1,8.56429627306167,13.8337962760156));
#5739=CARTESIAN_POINT('',(-9.1,8.57467198332068,13.8517675333488));
#5740=CARTESIAN_POINT('',(-9.10330503982504,8.58517084705097,13.8699520987514));
#5741=CARTESIAN_POINT('',(-9.10968008736305,8.59504480550749,13.8870542964699));
#5742=CARTESIAN_POINT('',(-9.11656314212923,8.60570558825615,13.9055193138391));
#5743=CARTESIAN_POINT('',(-9.12722281512796,8.61591927958801,13.9232099461587));
#5744=CARTESIAN_POINT('',(-9.14077713866369,8.62483928395544,13.9386598469268));
#5745=CARTESIAN_POINT('',(-9.15432780541522,8.63375688181907,13.9541055795081));
#5746=CARTESIAN_POINT('',(-9.17114565411147,8.64162755778375,13.9677379901688));
#5747=CARTESIAN_POINT('',(-9.18983790543954,8.64779834615172,13.9784261091449));
#5748=CARTESIAN_POINT('',(-9.20852194381066,8.65396642321336,13.9891095320007));
#5749=CARTESIAN_POINT('',(-9.22959441633541,8.65860628691695,13.9971460116755));
#5750=CARTESIAN_POINT('',(-9.25130934038326,8.66133282602373,14.0018685159372));
#5751=CARTESIAN_POINT('',(-9.2730151827225,8.66405822482563,14.006589045133));
#5752=CARTESIAN_POINT('',(-9.29596178418154,8.66494708680775,14.008128599247));
#5753=CARTESIAN_POINT('',(-9.31824813483336,8.6639256465503,14.0063594128242));
#5754=CARTESIAN_POINT('',(-9.32145165142462,8.66377882121928,14.006105103891));
#5755=CARTESIAN_POINT('',(-9.32464900857019,8.66359326741634,14.0057837152768));
#5756=CARTESIAN_POINT('',(-9.32783462019201,8.66336930991104,14.0053958094989));
#5757=CARTESIAN_POINT('',(-9.3,0.,0.));
#5758=CARTESIAN_POINT('',(-9.09999999997859,-16.262567142342,-0.499999999999982));
#5759=CARTESIAN_POINT('',(-9.09999999997874,-16.2721108314562,-0.499999999999982));
#5760=CARTESIAN_POINT('',(-9.10068596118652,-16.2816788298865,-0.499999999999982));
#5761=CARTESIAN_POINT('',(-9.10204742293099,-16.2911249096991,-0.499999999999982));
#5762=CARTESIAN_POINT('',(-9.10524372104712,-16.3133014322731,-0.499999999999982));
#5763=CARTESIAN_POINT('',(-9.11231298576782,-16.3352321038131,-0.499999999999981));
#5764=CARTESIAN_POINT('',(-9.12267062227631,-16.3551000136448,-0.499999999999981));
#5765=CARTESIAN_POINT('',(-9.13302689120932,-16.3749653002075,-0.499999999999981));
#5766=CARTESIAN_POINT('',(-9.14695658833298,-16.3933165067028,-0.499999999999981));
#5767=CARTESIAN_POINT('',(-9.16330661440357,-16.4086318115945,-0.499999999999981));
#5768=CARTESIAN_POINT('',(-9.17965049839053,-16.4239413631079,-0.499999999999981));
#5769=CARTESIAN_POINT('',(-9.19886405102305,-16.4366397237871,-0.499999999999981));
#5770=CARTESIAN_POINT('',(-9.21935558855708,-16.4456730952957,-0.499999999999981));
#5771=CARTESIAN_POINT('',(-9.23217910118913,-16.4513261388245,-0.499999999999981));
#5772=CARTESIAN_POINT('',(-9.24567382447027,-16.4556470549789,-0.499999999999981));
#5773=CARTESIAN_POINT('',(-9.25939596659432,-16.4584934900985,-0.499999999999981));
#5774=CARTESIAN_POINT('',(-9.28130478508266,-16.4630381180298,-0.499999999999981));
#5775=CARTESIAN_POINT('',(-9.30430040221757,-16.4638628147277,-0.499999999999981));
#5776=CARTESIAN_POINT('',(-9.32647847146535,-16.4608991657893,-0.499999999999981));
#5777=CARTESIAN_POINT('',(-9.32693073059674,-16.4608387305333,-0.499999999999981));
#5778=CARTESIAN_POINT('',(-9.32738278547058,-16.4607767465549,-0.499999999999981));
#5779=CARTESIAN_POINT('',(-9.32783462019201,-16.4607132160377,-0.499999999999981));
#5780=CARTESIAN_POINT('',(-9.1,-14.3337962760156,-7.69827086927722));
#5781=CARTESIAN_POINT('',(-9.1,-14.3517675333473,-7.70864657953536));
#5782=CARTESIAN_POINT('',(-9.10330503982447,-14.3699520987484,-7.71914544326474));
#5783=CARTESIAN_POINT('',(-9.10968008736142,-14.3870542964656,-7.72901940172051));
#5784=CARTESIAN_POINT('',(-9.11656314212703,-14.4055193138349,-7.73968018446926));
#5785=CARTESIAN_POINT('',(-9.12722281512523,-14.4232099461547,-7.74989387580127));
#5786=CARTESIAN_POINT('',(-9.14077713866048,-14.4386598469232,-7.75881388016887));
#5787=CARTESIAN_POINT('',(-9.15432780541154,-14.4541055795047,-7.76773147803268));
#5788=CARTESIAN_POINT('',(-9.17114565410737,-14.4677379901659,-7.77560215399759));
#5789=CARTESIAN_POINT('',(-9.18983790543511,-14.4784261091424,-7.7817729423658));
#5790=CARTESIAN_POINT('',(-9.2085219438059,-14.4891095319986,-7.78794101942769));
#5791=CARTESIAN_POINT('',(-9.22959441633042,-14.4971460116739,-7.79258088313156));
#5792=CARTESIAN_POINT('',(-9.25130934037812,-14.5018685159361,-7.79530742223863));
#5793=CARTESIAN_POINT('',(-9.27301518271722,-14.5065890451324,-7.79803282104082));
#5794=CARTESIAN_POINT('',(-9.29596178417621,-14.5081285992469,-7.79892168302324));
#5795=CARTESIAN_POINT('',(-9.31824813482808,-14.5063594128246,-7.79790024276608));
#5796=CARTESIAN_POINT('',(-9.32145165142111,-14.5061051038914,-7.79775341743503));
#5797=CARTESIAN_POINT('',(-9.32464900856844,-14.505783715277,-7.79756786363201));
#5798=CARTESIAN_POINT('',(-9.32783462019201,-14.5053958094989,-7.79734390612658));
#5799=CARTESIAN_POINT('',(-9.3,0.,0.));
#5800=CARTESIAN_POINT('',(-9.1,-7.69827086927727,-14.3337962760156));
#5801=CARTESIAN_POINT('',(-9.1,-7.70864657953634,-14.3517675333489));
#5802=CARTESIAN_POINT('',(-9.10330503982508,-7.71914544326669,-14.3699520987516));
#5803=CARTESIAN_POINT('',(-9.10968008736316,-7.72901940172325,-14.3870542964702));
#5804=CARTESIAN_POINT('',(-9.11656314212937,-7.7396801844719,-14.4055193138393));
#5805=CARTESIAN_POINT('',(-9.12722281512814,-7.74989387580376,-14.4232099461589));
#5806=CARTESIAN_POINT('',(-9.1407771386639,-7.75881388017117,-14.438659846927));
#5807=CARTESIAN_POINT('',(-9.15432780541546,-7.76773147803479,-14.4541055795083));
#5808=CARTESIAN_POINT('',(-9.17114565411174,-7.77560215399946,-14.467737990169));
#5809=CARTESIAN_POINT('',(-9.18983790543982,-7.78177294236741,-14.478426109145));
#5810=CARTESIAN_POINT('',(-9.20852194381096,-7.78794101942904,-14.4891095320008));
#5811=CARTESIAN_POINT('',(-9.22959441633574,-7.7925808831326,-14.4971460116756));
#5812=CARTESIAN_POINT('',(-9.2513093403836,-7.79530742223936,-14.5018685159373));
#5813=CARTESIAN_POINT('',(-9.27301518272285,-7.79803282104125,-14.5065890451331));
#5814=CARTESIAN_POINT('',(-9.29596178418189,-7.79892168302335,-14.508128599247));
#5815=CARTESIAN_POINT('',(-9.3182481348337,-7.79790024276588,-14.5063594128241));
#5816=CARTESIAN_POINT('',(-9.32145165142485,-7.79775341743486,-14.506105103891));
#5817=CARTESIAN_POINT('',(-9.3246490085703,-7.79756786363193,-14.5057837152767));
#5818=CARTESIAN_POINT('',(-9.32783462019201,-7.79734390612663,-14.5053958094988));
#5819=CARTESIAN_POINT('',(-9.09999999996245,-0.500000000000038,-16.2625671423447));
#5820=CARTESIAN_POINT('',(-9.09999999996275,-0.500000000000038,-16.272668044929));
#5821=CARTESIAN_POINT('',(-9.1007688706829,-0.500000000000038,-16.2827977549809));
#5822=CARTESIAN_POINT('',(-9.10229348368064,-0.500000000000038,-16.2927829334081));
#5823=CARTESIAN_POINT('',(-9.10567536020764,-0.500000000000038,-16.3149319250481));
#5824=CARTESIAN_POINT('',(-9.11292803055196,-0.500000000000038,-16.3368026484673));
#5825=CARTESIAN_POINT('',(-9.12345171749764,-0.500000000000038,-16.3565831169295));
#5826=CARTESIAN_POINT('',(-9.13397393769032,-0.500000000000038,-16.3763608284623));
#5827=CARTESIAN_POINT('',(-9.14805676836213,-0.500000000000039,-16.3945945896853));
#5828=CARTESIAN_POINT('',(-9.1645344066777,-0.500000000000039,-16.4097722847277));
#5829=CARTESIAN_POINT('',(-9.18100578516853,-0.500000000000039,-16.4249442137914));
#5830=CARTESIAN_POINT('',(-9.20032482634372,-0.500000000000039,-16.4374810299473));
#5831=CARTESIAN_POINT('',(-9.22089108810085,-0.500000000000039,-16.4463423288498));
#5832=CARTESIAN_POINT('',(-9.23376113193908,-0.500000000000039,-16.4518875906328));
#5833=CARTESIAN_POINT('',(-9.24729116863563,-0.500000000000039,-16.4560952153196));
#5834=CARTESIAN_POINT('',(-9.26103626110472,-0.500000000000039,-16.4588265867069));
#5835=CARTESIAN_POINT('',(-9.28288407207656,-0.500000000000039,-16.4631680988428));
#5836=CARTESIAN_POINT('',(-9.305776597242,-0.500000000000039,-16.463814698816));
#5837=CARTESIAN_POINT('',(-9.32783462019201,-0.500000000000039,-16.4607132160377));
#5838=CARTESIAN_POINT('',(-9.3,0.,0.));
#5839=CARTESIAN_POINT('',(-9.1,8.56429627306164,-13.8337962760156));
#5840=CARTESIAN_POINT('',(-9.1,8.57467198331978,-13.8517675333473));
#5841=CARTESIAN_POINT('',(-9.10330503982447,8.58517084704917,-13.8699520987484));
#5842=CARTESIAN_POINT('',(-9.10968008736142,8.59504480550493,-13.8870542964656));
#5843=CARTESIAN_POINT('',(-9.11656314212703,8.60570558825368,-13.9055193138349));
#5844=CARTESIAN_POINT('',(-9.12722281512523,8.61591927958569,-13.9232099461547));
#5845=CARTESIAN_POINT('',(-9.14077713866048,8.6248392839533,-13.9386598469232));
#5846=CARTESIAN_POINT('',(-9.15432780541154,8.6337568818171,-13.9541055795048));
#5847=CARTESIAN_POINT('',(-9.17114565410737,8.64162755778201,-13.9677379901659));
#5848=CARTESIAN_POINT('',(-9.18983790543511,8.64779834615022,-13.9784261091424));
#5849=CARTESIAN_POINT('',(-9.20852194380591,8.65396642321212,-13.9891095319986));
#5850=CARTESIAN_POINT('',(-9.22959441633042,8.65860628691598,-13.9971460116739));
#5851=CARTESIAN_POINT('',(-9.25130934037812,8.66133282602305,-14.0018685159361));
#5852=CARTESIAN_POINT('',(-9.27301518271722,8.66405822482525,-14.0065890451324));
#5853=CARTESIAN_POINT('',(-9.29596178417621,8.66494708680766,-14.0081285992469));
#5854=CARTESIAN_POINT('',(-9.31824813482808,8.66392564655051,-14.0063594128246));
#5855=CARTESIAN_POINT('',(-9.32145165142111,8.66377882121945,-14.0061051038914));
#5856=CARTESIAN_POINT('',(-9.32464900856844,8.66359326741643,-14.005783715277));
#5857=CARTESIAN_POINT('',(-9.32783462019201,8.66336930991101,-14.0053958094989));
#5858=CARTESIAN_POINT('',(-9.1,13.8337962760156,-8.56429627306172));
#5859=CARTESIAN_POINT('',(-9.1,13.8517675333473,-8.57467198331986));
#5860=CARTESIAN_POINT('',(-9.10330503982447,13.8699520987483,-8.58517084704924));
#5861=CARTESIAN_POINT('',(-9.10968008736142,13.8870542964655,-8.59504480550501));
#5862=CARTESIAN_POINT('',(-9.11656314212703,13.9055193138348,-8.60570558825376));
#5863=CARTESIAN_POINT('',(-9.12722281512522,13.9232099461547,-8.61591927958577));
#5864=CARTESIAN_POINT('',(-9.14077713866048,13.9386598469231,-8.62483928395337));
#5865=CARTESIAN_POINT('',(-9.15432780541153,13.9541055795047,-8.63375688181718));
#5866=CARTESIAN_POINT('',(-9.17114565410737,13.9677379901658,-8.64162755778209));
#5867=CARTESIAN_POINT('',(-9.1898379054351,13.9784261091423,-8.6477983461503));
#5868=CARTESIAN_POINT('',(-9.2085219438059,13.9891095319985,-8.6539664232122));
#5869=CARTESIAN_POINT('',(-9.22959441633041,13.9971460116738,-8.65860628691606));
#5870=CARTESIAN_POINT('',(-9.25130934037812,14.0018685159361,-8.66133282602313));
#5871=CARTESIAN_POINT('',(-9.27301518271721,14.0065890451324,-8.66405822482533));
#5872=CARTESIAN_POINT('',(-9.2959617841762,14.0081285992468,-8.66494708680774));
#5873=CARTESIAN_POINT('',(-9.31824813482807,14.0063594128246,-8.66392564655059));
#5874=CARTESIAN_POINT('',(-9.3214516514211,14.0061051038913,-8.66377882121953));
#5875=CARTESIAN_POINT('',(-9.32464900856844,14.005783715277,-8.66359326741651));
#5876=CARTESIAN_POINT('',(-9.32783462019201,14.0053958094988,-8.66336930991109));
#5877=CARTESIAN_POINT('',(-9.3,0.,0.));
#5878=CARTESIAN_POINT('',(1.67523646940376E-15,6.22458182382457,11.7812919747339));
#5879=CARTESIAN_POINT('',(-1.73327711090626,6.72528847370531,12.648541332015));
#5880=CARTESIAN_POINT('',(-3.46662079473875,7.22593751128516,13.5156909018637));
#5881=CARTESIAN_POINT('',(-5.2,7.72655579673291,14.3827872074572));
#5882=CARTESIAN_POINT('',(-5.2,7.72655579673291,14.3827872074572));
#5883=CARTESIAN_POINT('',(-5.19999999999999,0.,0.));
#5884=CARTESIAN_POINT('',(-5.19999999999999,0.5,16.3191369972503));
#5885=CARTESIAN_POINT('',(2.18184737258426E-15,0.5,13.3151890514336));
#5886=CARTESIAN_POINT('',(-0.888388607061724,0.5,13.8284619498468));
#5887=CARTESIAN_POINT('',(-1.7767951220288,0.5,14.3417038533147));
#5888=CARTESIAN_POINT('',(-2.66521449865766,0.5,14.8549234911239));
#5889=CARTESIAN_POINT('',(-3.51013226598055,0.5,15.3430132400997));
#5890=CARTESIAN_POINT('',(-4.35506172956192,0.5,15.8310827423336));
#5891=CARTESIAN_POINT('',(-5.19999999999999,0.5,16.3191369972503));
#5892=CARTESIAN_POINT('',(6.7331941413751E-15,0.,0.));
#5893=CARTESIAN_POINT('',(-5.2,7.72655579673291,14.3827872074572));
#5894=CARTESIAN_POINT('',(-5.21931104705836,7.7321330317887,14.3924472619396));
#5895=CARTESIAN_POINT('',(-5.24080523988242,7.73612595595772,14.3993632094711));
#5896=CARTESIAN_POINT('',(-5.2627150206706,7.7382056342847,14.4029653179969));
#5897=CARTESIAN_POINT('',(-5.284699534454,7.7402924062742,14.4065797131065));
#5898=CARTESIAN_POINT('',(-5.30770795130504,7.74050992014531,14.4069564581826));
#5899=CARTESIAN_POINT('',(-5.32983450750442,7.73884012776355,14.4040642929393));
#5900=CARTESIAN_POINT('',(-5.35195847130938,7.73717053101822,14.4011724665482));
#5901=CARTESIAN_POINT('',(-5.37381085999193,7.7335680740272,14.3949328280077));
#5902=CARTESIAN_POINT('',(-5.39358286121553,7.72833147314435,14.3858627692197));
#5903=CARTESIAN_POINT('',(-5.41335733919978,7.72309421629315,14.3767915742611));
#5904=CARTESIAN_POINT('',(-5.43159608809748,7.71607809837246,14.3646393015506));
#5905=CARTESIAN_POINT('',(-5.44679089015739,7.70786433846588,14.3504126520712));
#5906=CARTESIAN_POINT('',(-5.46199134481655,7.69964752296878,14.3361807101538));
#5907=CARTESIAN_POINT('',(-5.47456466174673,7.69000573534552,14.3194806441145));
#5908=CARTESIAN_POINT('',(-5.48347192828593,7.67973711016614,14.3016948635799));
#5909=CARTESIAN_POINT('',(-5.49238330262849,7.66946374935962,14.2839008806986));
#5910=CARTESIAN_POINT('',(-5.49787097147312,7.65827976705387,14.2645296551141));
#5911=CARTESIAN_POINT('',(-5.4994816277153,7.64711076812619,14.2451843815016));
#5912=CARTESIAN_POINT('',(-5.49982698602899,7.64471590165231,14.2410363510915));
#5913=CARTESIAN_POINT('',(-5.49999999999999,7.64231326498838,14.2368748623175));
#5914=CARTESIAN_POINT('',(-5.49999999999999,7.63991218116666,14.232716063145));
#5915=CARTESIAN_POINT('',(-5.49999999999999,7.63991218116666,14.232716063145));
#5916=CARTESIAN_POINT('',(-5.49999999999999,0.,0.));
#5917=CARTESIAN_POINT('',(-5.49999999999999,0.5,16.1458497661178));
#5918=CARTESIAN_POINT('',(-5.19999999999999,0.5,16.3191369972503));
#5919=CARTESIAN_POINT('',(-5.21578742756432,0.5,16.328256150053));
#5920=CARTESIAN_POINT('',(-5.23299102819998,0.5,16.3352597839449));
#5921=CARTESIAN_POINT('',(-5.25065887568084,0.5,16.3397596708692));
#5922=CARTESIAN_POINT('',(-5.27234630018932,0.5,16.3452833181653));
#5923=CARTESIAN_POINT('',(-5.29528681848736,0.5,16.3471380628154));
#5924=CARTESIAN_POINT('',(-5.31757990482519,0.5,16.3451699767409));
#5925=CARTESIAN_POINT('',(-5.33986798206002,0.5,16.3432023328817));
#5926=CARTESIAN_POINT('',(-5.36212358048659,0.5,16.337359397209));
#5927=CARTESIAN_POINT('',(-5.38250420179777,0.5,16.3281257476514));
#5928=CARTESIAN_POINT('',(-5.40288626327041,0.5,16.3188914456139));
#5929=CARTESIAN_POINT('',(-5.42195502793132,0.5,16.3060115110351));
#5930=CARTESIAN_POINT('',(-5.4381333634744,0.5,16.2905531080436));
#5931=CARTESIAN_POINT('',(-5.45431713812917,0.5,16.2750895079796));
#5932=CARTESIAN_POINT('',(-5.46805471648126,0.5,16.256619576694));
#5933=CARTESIAN_POINT('',(-5.47821085795314,0.5,16.2366723894383));
#5934=CARTESIAN_POINT('',(-5.48837166687007,0.5,16.216716035079));
#5935=CARTESIAN_POINT('',(-5.49522791662791,0.5,16.1947309693537));
#5936=CARTESIAN_POINT('',(-5.49821324174692,0.5,16.1725366919135));
#5937=CARTESIAN_POINT('',(-5.49940175901019,0.5,16.1637007089529));
#5938=CARTESIAN_POINT('',(-5.49999999999999,0.5,16.1547653237652));
#5939=CARTESIAN_POINT('',(-5.49999999999999,0.5,16.1458497661178));
#5940=CARTESIAN_POINT('',(-5.29999999999999,0.,0.));
#5941=CARTESIAN_POINT('',(-5.49999999999999,6.5616968793294,12.3651923788647));
#5942=CARTESIAN_POINT('',(-5.49999999999999,6.86270522028652,12.8865541189044));
#5943=CARTESIAN_POINT('',(-5.49999999999999,0.,0.));
#5944=CARTESIAN_POINT('',(-5.49999999999999,0.5,14.5914358443575));
#5945=CARTESIAN_POINT('',(-5.49999999999999,0.5,16.1535898384862));
#5946=CARTESIAN_POINT('',(-5.49999999999999,0.,16.1535898384862));
#5947=CARTESIAN_POINT('',(-2.31111593326468E-33,6.86270522028652,12.8865541189044));
#5948=CARTESIAN_POINT('',(-9.1,6.86270522028652,12.8865541189044));
#5949=CARTESIAN_POINT('',(-9.1,0.,0.));
#5950=CARTESIAN_POINT('',(-9.1,0.5,14.5914358443575));
#5951=CARTESIAN_POINT('',(0.,0.5,14.5914358443575));
#5952=CARTESIAN_POINT('',(0.,0.,0.));
#5953=CARTESIAN_POINT('',(-9.1,5.88897274573419,11.2));
#5954=CARTESIAN_POINT('',(-9.1,7.69827086927724,14.3337962760156));
#5955=CARTESIAN_POINT('',(-9.1,0.,0.));
#5956=CARTESIAN_POINT('',(-9.09999999999925,0.5,16.2625671423388));
#5957=CARTESIAN_POINT('',(-9.1,0.5,14.6));
#5958=CARTESIAN_POINT('',(-9.1,0.,14.6));
#5959=CARTESIAN_POINT('',(-9.1,7.69827086927724,14.3337962760156));
#5960=CARTESIAN_POINT('',(-9.1,7.70864657953537,14.3517675333473));
#5961=CARTESIAN_POINT('',(-9.10330503982447,7.71914544326476,14.3699520987484));
#5962=CARTESIAN_POINT('',(-9.10968008736142,7.72901940172053,14.3870542964656));
#5963=CARTESIAN_POINT('',(-9.11656314212704,7.73968018446928,14.4055193138349));
#5964=CARTESIAN_POINT('',(-9.12722281512523,7.74989387580129,14.4232099461547));
#5965=CARTESIAN_POINT('',(-9.14077713866048,7.75881388016889,14.4386598469232));
#5966=CARTESIAN_POINT('',(-9.15432780541154,7.7677314780327,14.4541055795047));
#5967=CARTESIAN_POINT('',(-9.17114565410737,7.7756021539976,14.4677379901659));
#5968=CARTESIAN_POINT('',(-9.18983790543511,7.78177294236582,14.4784261091424));
#5969=CARTESIAN_POINT('',(-9.20852194380591,7.78794101942771,14.4891095319986));
#5970=CARTESIAN_POINT('',(-9.22959441633042,7.79258088313158,14.4971460116739));
#5971=CARTESIAN_POINT('',(-9.25130934037813,7.79530742223864,14.5018685159361));
#5972=CARTESIAN_POINT('',(-9.27301518271722,7.79803282104084,14.5065890451324));
#5973=CARTESIAN_POINT('',(-9.29596178417621,7.79892168302325,14.5081285992469));
#5974=CARTESIAN_POINT('',(-9.31824813482808,7.7979002427661,14.5063594128246));
#5975=CARTESIAN_POINT('',(-9.32145165142111,7.79775341743504,14.5061051038914));
#5976=CARTESIAN_POINT('',(-9.32464900856844,7.79756786363202,14.505783715277));
#5977=CARTESIAN_POINT('',(-9.32783462019201,7.7973439061266,14.5053958094989));
#5978=CARTESIAN_POINT('',(-9.09999999999925,0.5,16.2625671423388));
#5979=CARTESIAN_POINT('',(-9.09999999999924,0.5,16.2782250434297));
#5980=CARTESIAN_POINT('',(-9.10186239080334,0.5,16.2939896034441));
#5981=CARTESIAN_POINT('',(-9.10551119883007,0.5,16.309216424076));
#5982=CARTESIAN_POINT('',(-9.11073243135261,0.5,16.3310051206902));
#5983=CARTESIAN_POINT('',(-9.11978782917095,0.5,16.3521930199715));
#5984=CARTESIAN_POINT('',(-9.13192833902142,0.5,16.3710242862532));
#5985=CARTESIAN_POINT('',(-9.14406629842266,0.5,16.3898515965075));
#5986=CARTESIAN_POINT('',(-9.15962317779192,0.5,16.4068427715463));
#5987=CARTESIAN_POINT('',(-9.17731086324966,0.5,16.4205884418823));
#5988=CARTESIAN_POINT('',(-9.19499118731001,0.5,16.4343283914393));
#5989=CARTESIAN_POINT('',(-9.21528855590353,0.5,16.4452046444312));
#5990=CARTESIAN_POINT('',(-9.23652130882938,0.5,16.4523145161527));
#5991=CARTESIAN_POINT('',(-9.25774470762951,0.5,16.4594212556079));
#5992=CARTESIAN_POINT('',(-9.28048825764076,0.5,16.4629609884193));
#5993=CARTESIAN_POINT('',(-9.30286760804962,0.5,16.462639931428));
#5994=CARTESIAN_POINT('',(-9.3112138307295,0.5,16.4625201954619));
#5995=CARTESIAN_POINT('',(-9.31956884576537,0.5,16.46187543067));
#5996=CARTESIAN_POINT('',(-9.32783462019201,0.5,16.4607132160377));
#5997=CARTESIAN_POINT('',(-9.3,0.,0.));
#5998=CARTESIAN_POINT('',(-40.0000000000038,-0.5,14.1104774395911));
#5999=CARTESIAN_POINT('',(-40.0000000000038,0.5,14.1104774395911));
#6000=CARTESIAN_POINT('',(-40.0000000000038,-0.5,14.1104774395911));
#6001=CARTESIAN_POINT('',(0.,-0.5,0.));
#6002=CARTESIAN_POINT('',(0.,0.5,0.));
#6003=CARTESIAN_POINT('',(-12.7626105890553,-0.433012701892218,0.250000000000003));
#6004=CARTESIAN_POINT('',(-12.7626105890553,0.433012701892221,-0.249999999999996));
#6005=CARTESIAN_POINT('',(-12.7626105890553,-0.433012701892218,0.250000000000003));
#6006=CARTESIAN_POINT('',(5.86979869339378E-48,-0.433012701892218,0.249999999999999));
#6007=CARTESIAN_POINT('',(5.86979869339378E-48,0.43301270189222,-0.25));
#6008=CARTESIAN_POINT('',(-40.0000000000038,12.4700319222131,6.62222601790329));
#6009=CARTESIAN_POINT('',(0.,0.249999999999998,-0.43301270189222));
#6010=CARTESIAN_POINT('',(-40.0000000000038,11.9700319222132,7.48825142168773));
#6011=CARTESIAN_POINT('',(-40.0000000000038,11.9700319222132,7.48825142168773));
#6012=CARTESIAN_POINT('',(0.,-0.249999999999999,0.43301270189222));
#6013=CARTESIAN_POINT('',(-40.0000000000038,12.4700319222131,-6.62222601790338));
#6014=CARTESIAN_POINT('',(0.,0.250000000000001,0.433012701892219));
#6015=CARTESIAN_POINT('',(-40.0000000000038,11.9700319222131,-7.48825142168782));
#6016=CARTESIAN_POINT('',(0.,-0.250000000000001,-0.433012701892219));
#6017=CARTESIAN_POINT('',(-40.0000000000038,12.4700319222131,-6.62222601790338));
#6018=CARTESIAN_POINT('',(-40.0000000000038,0.499999999999967,-14.1104774395911));
#6019=CARTESIAN_POINT('',(0.,0.5,-1.17145536458252E-15));
#6020=CARTESIAN_POINT('',(-40.0000000000038,-0.500000000000033,-14.1104774395911));
#6021=CARTESIAN_POINT('',(0.,-0.5,1.17145536458252E-15));
#6022=CARTESIAN_POINT('',(-40.0000000000038,0.499999999999967,-14.1104774395911));
#6023=CARTESIAN_POINT('',(-40.0000000000038,-11.9700319222131,-7.48825142168776));
#6024=CARTESIAN_POINT('',(0.,0.249999999999999,-0.43301270189222));
#6025=CARTESIAN_POINT('',(-40.0000000000038,-12.4700319222131,-6.62222601790332));
#6026=CARTESIAN_POINT('',(0.,-0.249999999999999,0.43301270189222));
#6027=CARTESIAN_POINT('',(-40.0000000000038,-11.9700319222131,-7.48825142168776));
#6028=CARTESIAN_POINT('',(-40.0000000000038,-12.4700319222131,6.62222601790335));
#6029=CARTESIAN_POINT('',(-40.0000000000038,-11.9700319222131,7.48825142168779));
#6030=CARTESIAN_POINT('',(-40.0000000000038,-12.4700319222131,6.62222601790335));
#6031=CARTESIAN_POINT('',(0.,-0.25,-0.433012701892219));
#6032=CARTESIAN_POINT('',(0.,0.25,0.433012701892219));
#6033=CARTESIAN_POINT('',(-12.7626105890553,5.99021700298241E-15,0.5));
#6034=CARTESIAN_POINT('',(5.86979869339378E-48,6.23416249179165E-16,0.500000000000001));
#6035=CARTESIAN_POINT('',(-12.7626105890553,2.00577401909818E-15,-0.5));
#6036=CARTESIAN_POINT('',(5.86979869339378E-48,-2.00577401909818E-15,-0.500000000000001));
#6037=CARTESIAN_POINT('',(-12.7626105890553,5.99021700298241E-15,0.5));
#6038=CARTESIAN_POINT('',(-12.7626105890553,0.433012701892222,0.249999999999995));
#6039=CARTESIAN_POINT('',(5.86979869339378E-48,0.433012701892219,0.249999999999998));
#6040=CARTESIAN_POINT('',(-12.7626105890553,-0.433012701892218,-0.250000000000002));
#6041=CARTESIAN_POINT('',(5.86979869339378E-48,-0.433012701892221,-0.249999999999999));
#6042=CARTESIAN_POINT('',(-12.7626105890553,0.433012701892222,0.249999999999995));
#6043=CARTESIAN_POINT('',(-12.7626105890553,0.433012701892217,-0.250000000000004));
#6044=CARTESIAN_POINT('',(5.86979869339378E-48,0.433012701892218,-0.25));
#6045=CARTESIAN_POINT('',(-12.7626105890553,-0.433012701892221,0.249999999999997));
#6046=CARTESIAN_POINT('',(5.86979869339378E-48,-0.43301270189222,0.250000000000001));
#6047=CARTESIAN_POINT('',(-12.7626105890553,0.433012701892217,-0.250000000000004));
#6048=CARTESIAN_POINT('',(-12.7626105890553,-4.60785923306339E-15,-0.5));
#6049=CARTESIAN_POINT('',(5.86979869339378E-48,-5.6920614055489E-16,-0.499999999999999));
#6050=CARTESIAN_POINT('',(-12.7626105890553,-3.3881317890172E-15,0.5));
#6051=CARTESIAN_POINT('',(5.86979869339378E-48,6.23416249179165E-16,0.500000000000001));
#6052=CARTESIAN_POINT('',(-12.7626105890553,-4.60785923306339E-15,-0.5));
#6053=CARTESIAN_POINT('',(-12.7626105890553,-0.433012701892222,-0.249999999999996));
#6054=CARTESIAN_POINT('',(-12.7626105890553,0.433012701892217,0.250000000000003));
#6055=CARTESIAN_POINT('',(-12.7626105890553,-0.433012701892222,-0.249999999999996));
#6056=CARTESIAN_POINT('',(5.86979869339378E-48,-0.433012701892218,-0.249999999999999));
#6057=CARTESIAN_POINT('',(5.86979869339378E-48,0.433012701892221,0.25));
#6058=MECHANICAL_DESIGN_GEOMETRIC_PRESENTATION_REPRESENTATION('',(#29,#23,
#24,#25,#26,#27),#6059);
#6059=(
GEOMETRIC_REPRESENTATION_CONTEXT(3)
GLOBAL_UNCERTAINTY_ASSIGNED_CONTEXT((#6060))
GLOBAL_UNIT_ASSIGNED_CONTEXT((#6066,#6062,#6061))
REPRESENTATION_CONTEXT('Collet ER32 17mm','TOP_LEVEL_ASSEMBLY_PART')
);
#6060=UNCERTAINTY_MEASURE_WITH_UNIT(LENGTH_MEASURE(0.0508),#6066,
'DISTANCE_ACCURACY_VALUE','Maximum Tolerance applied to model');
#6061=(
NAMED_UNIT(*)
SI_UNIT($,.STERADIAN.)
SOLID_ANGLE_UNIT()
);
#6062=(
CONVERSION_BASED_UNIT('DEGREE',#6064)
NAMED_UNIT(#6063)
PLANE_ANGLE_UNIT()
);
#6063=DIMENSIONAL_EXPONENTS(0.,0.,0.,0.,0.,0.,0.);
#6064=PLANE_ANGLE_MEASURE_WITH_UNIT(PLANE_ANGLE_MEASURE(0.0174532925),#6065);
#6065=(
NAMED_UNIT(*)
PLANE_ANGLE_UNIT()
SI_UNIT($,.RADIAN.)
);
#6066=(
LENGTH_UNIT()
NAMED_UNIT(*)
SI_UNIT(.MILLI.,.METRE.)
);
ENDSEC;
END-ISO-10303-21;
