ISO-10303-21;
HEADER;
/* Generated by software containing ST-Developer
 * from STEP Tools, Inc. (www.steptools.com) 
 */
/* OPTION: using custom schema-name function */

FILE_DESCRIPTION(
/* description */ (''),
/* implementation_level */ '2;1');

FILE_NAME(
/* name */ 'Collet ER32 13mm.stp',
/* time_stamp */ '2022-11-19T12:00:13+02:00',
/* author */ (''),
/* organization */ (''),
/* preprocessor_version */ 'ST-DEVELOPER v18.102',
/* originating_system */ 'SIEMENS PLM Software NX 2027',
/* authorisation */ '');

FILE_SCHEMA (('AUTOMOTIVE_DESIGN { 1 0 10303 214 3 1 1 1 }'));
ENDSEC;

DATA;
#10=SHAPE_REPRESENTATION_RELATIONSHIP('None',
'relationship between Collet ER32 13mm-None and Collet ER32 13mm-None',
#22,#11);
#11=ADVANCED_BREP_SHAPE_REPRESENTATION('Collet ER32 13mm-None',(#68),#6671);
#12=SHAPE_DEFINITION_REPRESENTATION(#13,#22);
#13=PRODUCT_DEFINITION_SHAPE('','',#14);
#14=PRODUCT_DEFINITION(' ','',#16,#15);
#15=PRODUCT_DEFINITION_CONTEXT('part definition',#21,'design');
#16=PRODUCT_DEFINITION_FORMATION_WITH_SPECIFIED_SOURCE(' ',' ',#18,
 .NOT_KNOWN.);
#17=PRODUCT_RELATED_PRODUCT_CATEGORY('part','',(#18));
#18=PRODUCT('Collet ER32 13mm','Collet ER32 13mm',' ',(#19));
#19=PRODUCT_CONTEXT(' ',#21,'mechanical');
#20=APPLICATION_PROTOCOL_DEFINITION('international standard',
'automotive_design',2010,#21);
#21=APPLICATION_CONTEXT(
'core data for automotive mechanical design processes');
#22=SHAPE_REPRESENTATION('Collet ER32 13mm-None',(#3069),#6671);
#23=OVER_RIDING_STYLED_ITEM('',(#31),#283,#29);
#24=OVER_RIDING_STYLED_ITEM('',(#32),#284,#29);
#25=OVER_RIDING_STYLED_ITEM('',(#33),#285,#29);
#26=OVER_RIDING_STYLED_ITEM('',(#34),#286,#29);
#27=OVER_RIDING_STYLED_ITEM('',(#35),#287,#29);
#28=PRESENTATION_LAYER_ASSIGNMENT('1','Layer 1',(#68));
#29=STYLED_ITEM('',(#30),#68);
#30=PRESENTATION_STYLE_ASSIGNMENT((#36));
#31=PRESENTATION_STYLE_ASSIGNMENT((#37));
#32=PRESENTATION_STYLE_ASSIGNMENT((#38));
#33=PRESENTATION_STYLE_ASSIGNMENT((#39));
#34=PRESENTATION_STYLE_ASSIGNMENT((#40));
#35=PRESENTATION_STYLE_ASSIGNMENT((#41));
#36=SURFACE_STYLE_USAGE(.BOTH.,#42);
#37=SURFACE_STYLE_USAGE(.BOTH.,#43);
#38=SURFACE_STYLE_USAGE(.BOTH.,#44);
#39=SURFACE_STYLE_USAGE(.BOTH.,#45);
#40=SURFACE_STYLE_USAGE(.BOTH.,#46);
#41=SURFACE_STYLE_USAGE(.BOTH.,#47);
#42=SURFACE_SIDE_STYLE('',(#48));
#43=SURFACE_SIDE_STYLE('',(#49));
#44=SURFACE_SIDE_STYLE('',(#50));
#45=SURFACE_SIDE_STYLE('',(#51));
#46=SURFACE_SIDE_STYLE('',(#52));
#47=SURFACE_SIDE_STYLE('',(#53));
#48=SURFACE_STYLE_FILL_AREA(#54);
#49=SURFACE_STYLE_FILL_AREA(#55);
#50=SURFACE_STYLE_FILL_AREA(#56);
#51=SURFACE_STYLE_FILL_AREA(#57);
#52=SURFACE_STYLE_FILL_AREA(#58);
#53=SURFACE_STYLE_FILL_AREA(#59);
#54=FILL_AREA_STYLE('',(#60));
#55=FILL_AREA_STYLE('',(#61));
#56=FILL_AREA_STYLE('',(#62));
#57=FILL_AREA_STYLE('',(#63));
#58=FILL_AREA_STYLE('',(#64));
#59=FILL_AREA_STYLE('',(#65));
#60=FILL_AREA_STYLE_COLOUR('',#66);
#61=FILL_AREA_STYLE_COLOUR('',#67);
#62=FILL_AREA_STYLE_COLOUR('',#67);
#63=FILL_AREA_STYLE_COLOUR('',#67);
#64=FILL_AREA_STYLE_COLOUR('',#67);
#65=FILL_AREA_STYLE_COLOUR('',#67);
#66=COLOUR_RGB('light gray',0.8,0.8,0.8);
#67=COLOUR_RGB('iron gray',0.298039215686275,0.298039215686275,0.298039215686275);
#68=MANIFOLD_SOLID_BREP('',#69);
#69=CLOSED_SHELL('',(#283,#284,#285,#286,#287,#288,#289,#290,#291,#292,
#293,#294,#295,#296,#297,#298,#299,#300,#301,#302,#303,#304,#305,#306,#307,
#308,#309,#310,#311,#312,#313,#314,#315,#316,#317,#318,#319,#320,#321,#322,
#323,#324,#325,#326,#327,#328,#329,#330,#331,#332,#333,#334,#335,#336,#337,
#338,#339,#340,#341,#342,#343,#344,#345,#346,#347,#348,#349,#350,#351,#352,
#353,#354,#355,#356,#357,#358,#359,#360,#361,#362,#363,#364,#365,#366,#367,
#368,#369,#370,#371,#372,#373,#374,#375,#376,#377,#378,#379,#380,#381,#382,
#383,#384,#385,#386,#387,#388,#389,#390,#391,#392,#393,#394,#395,#396,#397,
#398,#399,#400,#401,#402,#403,#404,#405,#406,#407,#408,#409,#410,#411,#412,
#413,#414,#415,#416,#417,#418,#419,#420,#421,#422,#423,#424,#425,#426,#427,
#428,#429,#430,#431,#432));
#70=FACE_BOUND('',#718,.T.);
#71=FACE_BOUND('',#719,.T.);
#72=FACE_BOUND('',#720,.T.);
#73=FACE_BOUND('',#721,.T.);
#74=FACE_BOUND('',#722,.T.);
#75=FACE_BOUND('',#723,.T.);
#76=FACE_BOUND('',#724,.T.);
#77=FACE_BOUND('',#725,.T.);
#78=ELLIPSE('',#3198,9.19238815542513,6.5);
#79=ELLIPSE('',#3200,9.19238815542513,6.5);
#80=ELLIPSE('',#3202,9.19238815542513,6.5);
#81=ELLIPSE('',#3204,9.19238815542513,6.5);
#82=ELLIPSE('',#3206,9.19238815542513,6.5);
#83=ELLIPSE('',#3208,9.19238815542513,6.5);
#84=ELLIPSE('',#3209,9.19238815542512,6.5);
#85=ELLIPSE('',#3210,9.19238815542512,6.5);
#86=ELLIPSE('',#3211,9.19238815542512,6.5);
#87=ELLIPSE('',#3212,9.19238815542512,6.5);
#88=ELLIPSE('',#3213,9.19238815542512,6.5);
#89=ELLIPSE('',#3214,9.19238815542512,6.5);
#90=CYLINDRICAL_SURFACE('',#3145,14.6);
#91=CYLINDRICAL_SURFACE('',#3147,14.6);
#92=CYLINDRICAL_SURFACE('',#3149,14.6);
#93=CYLINDRICAL_SURFACE('',#3151,14.6);
#94=CYLINDRICAL_SURFACE('',#3153,14.6);
#95=CYLINDRICAL_SURFACE('',#3155,14.6);
#96=CYLINDRICAL_SURFACE('',#3215,6.5);
#97=CYLINDRICAL_SURFACE('',#3257,14.6);
#98=CYLINDRICAL_SURFACE('',#3259,14.6);
#99=CYLINDRICAL_SURFACE('',#3261,14.6);
#100=CYLINDRICAL_SURFACE('',#3263,14.6);
#101=CYLINDRICAL_SURFACE('',#3265,14.6);
#102=CYLINDRICAL_SURFACE('',#3308,14.6);
#103=TOROIDAL_SURFACE('',#3121,16.1535898384862,0.2);
#104=TOROIDAL_SURFACE('',#3123,16.1535898384862,0.2);
#105=TOROIDAL_SURFACE('',#3125,16.1535898384862,0.2);
#106=TOROIDAL_SURFACE('',#3127,16.1535898384862,0.2);
#107=TOROIDAL_SURFACE('',#3129,16.1535898384862,0.2);
#108=TOROIDAL_SURFACE('',#3131,16.1535898384862,0.2);
#109=TOROIDAL_SURFACE('',#3169,16.2702516900963,0.2);
#110=TOROIDAL_SURFACE('',#3171,16.2702516900963,0.2);
#111=TOROIDAL_SURFACE('',#3173,16.2702516900963,0.2);
#112=TOROIDAL_SURFACE('',#3175,16.2702516900963,0.2);
#113=TOROIDAL_SURFACE('',#3177,16.2702516900963,0.2);
#114=TOROIDAL_SURFACE('',#3179,16.2702516900963,0.2);
#115=TOROIDAL_SURFACE('',#3192,11.2883268414199,1.);
#116=TOROIDAL_SURFACE('',#3193,11.2883268414199,1.);
#117=TOROIDAL_SURFACE('',#3194,11.2883268414199,1.);
#118=TOROIDAL_SURFACE('',#3195,11.2883268414199,1.);
#119=TOROIDAL_SURFACE('',#3196,11.2883268414199,1.);
#120=TOROIDAL_SURFACE('',#3197,11.2883268414199,1.);
#121=TOROIDAL_SURFACE('',#3237,16.1535898384862,0.2);
#122=TOROIDAL_SURFACE('',#3239,16.1535898384862,0.2);
#123=TOROIDAL_SURFACE('',#3241,16.1535898384862,0.2);
#124=TOROIDAL_SURFACE('',#3243,16.1535898384862,0.2);
#125=TOROIDAL_SURFACE('',#3245,16.1535898384862,0.2);
#126=TOROIDAL_SURFACE('',#3277,16.2702516900963,0.2);
#127=TOROIDAL_SURFACE('',#3279,16.2702516900963,0.2);
#128=TOROIDAL_SURFACE('',#3281,16.2702516900963,0.2);
#129=TOROIDAL_SURFACE('',#3283,16.2702516900963,0.2);
#130=TOROIDAL_SURFACE('',#3285,16.2702516900963,0.2);
#131=TOROIDAL_SURFACE('',#3296,11.2883268414199,1.);
#132=TOROIDAL_SURFACE('',#3297,11.2883268414199,1.);
#133=TOROIDAL_SURFACE('',#3298,11.2883268414199,1.);
#134=TOROIDAL_SURFACE('',#3299,11.2883268414199,1.);
#135=TOROIDAL_SURFACE('',#3300,11.2883268414199,1.);
#136=TOROIDAL_SURFACE('',#3304,16.1535898384862,0.2);
#137=TOROIDAL_SURFACE('',#3312,16.2702516900963,0.2);
#138=TOROIDAL_SURFACE('',#3315,11.2883268414199,1.);
#139=CONICAL_SURFACE('',#3104,13.3245735194571,29.9999999999998);
#140=CONICAL_SURFACE('',#3107,13.3245735194571,29.9999999999998);
#141=CONICAL_SURFACE('',#3110,13.3245735194571,29.9999999999998);
#142=CONICAL_SURFACE('',#3113,13.3245735194571,29.9999999999998);
#143=CONICAL_SURFACE('',#3116,13.3245735194571,29.9999999999998);
#144=CONICAL_SURFACE('',#3119,13.3245735194571,29.9999999999998);
#145=CONICAL_SURFACE('',#3181,16.4683053038446,7.99999999999986);
#146=CONICAL_SURFACE('',#3183,16.4683053038446,7.99999999999986);
#147=CONICAL_SURFACE('',#3185,16.4683053038446,7.99999999999986);
#148=CONICAL_SURFACE('',#3187,16.4683053038446,7.99999999999986);
#149=CONICAL_SURFACE('',#3189,16.4683053038446,7.99999999999986);
#150=CONICAL_SURFACE('',#3191,16.4683053038446,7.99999999999986);
#151=CONICAL_SURFACE('',#3227,13.3245735194571,29.9999999999998);
#152=CONICAL_SURFACE('',#3229,13.3245735194571,29.9999999999998);
#153=CONICAL_SURFACE('',#3231,13.3245735194571,29.9999999999998);
#154=CONICAL_SURFACE('',#3233,13.3245735194571,29.9999999999998);
#155=CONICAL_SURFACE('',#3235,13.3245735194571,29.9999999999998);
#156=CONICAL_SURFACE('',#3287,16.4683053038446,7.99999999999986);
#157=CONICAL_SURFACE('',#3289,16.4683053038446,7.99999999999986);
#158=CONICAL_SURFACE('',#3291,16.4683053038446,7.99999999999986);
#159=CONICAL_SURFACE('',#3293,16.4683053038446,7.99999999999986);
#160=CONICAL_SURFACE('',#3295,16.4683053038446,7.99999999999986);
#161=CONICAL_SURFACE('',#3302,13.3245735194571,29.9999999999998);
#162=CONICAL_SURFACE('',#3314,16.4683053038446,7.99999999999986);
#163=CIRCLE('',#3075,11.2883268414199);
#164=CIRCLE('',#3076,11.2883268414199);
#165=CIRCLE('',#3077,6.5);
#166=CIRCLE('',#3079,6.5);
#167=CIRCLE('',#3080,11.2883268414199);
#168=CIRCLE('',#3081,11.2883268414199);
#169=CIRCLE('',#3083,11.2883268414199);
#170=CIRCLE('',#3084,6.5);
#171=CIRCLE('',#3085,11.2883268414199);
#172=CIRCLE('',#3087,11.2883268414199);
#173=CIRCLE('',#3088,6.5);
#174=CIRCLE('',#3089,11.2883268414199);
#175=CIRCLE('',#3091,11.2883268414199);
#176=CIRCLE('',#3092,6.5);
#177=CIRCLE('',#3093,11.2883268414199);
#178=CIRCLE('',#3095,11.2883268414199);
#179=CIRCLE('',#3096,6.5);
#180=CIRCLE('',#3097,11.2883268414199);
#181=CIRCLE('',#3099,13.3245735194571);
#182=CIRCLE('',#3100,6.5);
#183=CIRCLE('',#3101,13.3245735194571);
#184=CIRCLE('',#3103,16.3267949192431);
#185=CIRCLE('',#3105,13.3245735194571);
#186=CIRCLE('',#3106,16.3267949192431);
#187=CIRCLE('',#3108,13.3245735194571);
#188=CIRCLE('',#3109,16.3267949192431);
#189=CIRCLE('',#3111,13.3245735194571);
#190=CIRCLE('',#3112,16.3267949192431);
#191=CIRCLE('',#3114,16.3267949192431);
#192=CIRCLE('',#3115,13.3245735194571);
#193=CIRCLE('',#3117,13.3245735194571);
#194=CIRCLE('',#3118,16.3267949192431);
#195=CIRCLE('',#3120,16.1535898384862);
#196=CIRCLE('',#3122,16.1535898384862);
#197=CIRCLE('',#3124,16.1535898384862);
#198=CIRCLE('',#3126,16.1535898384862);
#199=CIRCLE('',#3128,16.1535898384862);
#200=CIRCLE('',#3130,16.1535898384862);
#201=CIRCLE('',#3132,14.6);
#202=CIRCLE('',#3134,14.6);
#203=CIRCLE('',#3136,14.6);
#204=CIRCLE('',#3138,14.6);
#205=CIRCLE('',#3140,14.6);
#206=CIRCLE('',#3142,14.6);
#207=CIRCLE('',#3144,14.6);
#208=CIRCLE('',#3146,14.6);
#209=CIRCLE('',#3148,14.6);
#210=CIRCLE('',#3150,14.6);
#211=CIRCLE('',#3152,14.6);
#212=CIRCLE('',#3154,14.6);
#213=CIRCLE('',#3156,16.2702516900963);
#214=CIRCLE('',#3158,16.2702516900963);
#215=CIRCLE('',#3160,16.2702516900963);
#216=CIRCLE('',#3162,16.2702516900963);
#217=CIRCLE('',#3164,16.2702516900963);
#218=CIRCLE('',#3166,16.2702516900963);
#219=CIRCLE('',#3168,16.4683053038446);
#220=CIRCLE('',#3170,16.4683053038446);
#221=CIRCLE('',#3172,16.4683053038446);
#222=CIRCLE('',#3174,16.4683053038446);
#223=CIRCLE('',#3176,16.4683053038446);
#224=CIRCLE('',#3178,16.4683053038446);
#225=CIRCLE('',#3180,12.2785949101615);
#226=CIRCLE('',#3182,12.2785949101615);
#227=CIRCLE('',#3184,12.2785949101615);
#228=CIRCLE('',#3186,12.2785949101615);
#229=CIRCLE('',#3188,12.2785949101615);
#230=CIRCLE('',#3190,12.2785949101615);
#231=CIRCLE('',#3199,6.5);
#232=CIRCLE('',#3201,6.5);
#233=CIRCLE('',#3203,6.5);
#234=CIRCLE('',#3205,6.5);
#235=CIRCLE('',#3207,6.5);
#236=CIRCLE('',#3216,13.3245735194571);
#237=CIRCLE('',#3217,13.3245735194571);
#238=CIRCLE('',#3219,13.3245735194571);
#239=CIRCLE('',#3221,13.3245735194571);
#240=CIRCLE('',#3223,13.3245735194571);
#241=CIRCLE('',#3226,16.3267949192431);
#242=CIRCLE('',#3228,16.3267949192431);
#243=CIRCLE('',#3230,16.3267949192431);
#244=CIRCLE('',#3232,16.3267949192431);
#245=CIRCLE('',#3234,16.3267949192431);
#246=CIRCLE('',#3236,16.1535898384862);
#247=CIRCLE('',#3238,16.1535898384862);
#248=CIRCLE('',#3240,16.1535898384862);
#249=CIRCLE('',#3242,16.1535898384862);
#250=CIRCLE('',#3244,16.1535898384862);
#251=CIRCLE('',#3246,14.6);
#252=CIRCLE('',#3248,14.6);
#253=CIRCLE('',#3250,14.6);
#254=CIRCLE('',#3252,14.6);
#255=CIRCLE('',#3254,14.6);
#256=CIRCLE('',#3256,14.6);
#257=CIRCLE('',#3258,14.6);
#258=CIRCLE('',#3260,14.6);
#259=CIRCLE('',#3262,14.6);
#260=CIRCLE('',#3264,14.6);
#261=CIRCLE('',#3266,16.2702516900963);
#262=CIRCLE('',#3268,16.2702516900963);
#263=CIRCLE('',#3270,16.2702516900963);
#264=CIRCLE('',#3272,16.2702516900963);
#265=CIRCLE('',#3274,16.2702516900963);
#266=CIRCLE('',#3276,16.4683053038446);
#267=CIRCLE('',#3278,16.4683053038446);
#268=CIRCLE('',#3280,16.4683053038446);
#269=CIRCLE('',#3282,16.4683053038446);
#270=CIRCLE('',#3284,16.4683053038446);
#271=CIRCLE('',#3286,12.2785949101615);
#272=CIRCLE('',#3288,12.2785949101615);
#273=CIRCLE('',#3290,12.2785949101615);
#274=CIRCLE('',#3292,12.2785949101615);
#275=CIRCLE('',#3294,12.2785949101615);
#276=CIRCLE('',#3301,16.3267949192431);
#277=CIRCLE('',#3303,16.1535898384862);
#278=CIRCLE('',#3305,14.6);
#279=CIRCLE('',#3307,14.6);
#280=CIRCLE('',#3309,16.2702516900963);
#281=CIRCLE('',#3311,16.4683053038446);
#282=CIRCLE('',#3313,12.2785949101615);
#283=ADVANCED_FACE('',(#510),#433,.F.);
#284=ADVANCED_FACE('',(#511),#434,.F.);
#285=ADVANCED_FACE('',(#512),#435,.F.);
#286=ADVANCED_FACE('',(#513),#436,.F.);
#287=ADVANCED_FACE('',(#514),#437,.F.);
#288=ADVANCED_FACE('',(#515),#438,.F.);
#289=ADVANCED_FACE('',(#516),#439,.F.);
#290=ADVANCED_FACE('',(#517),#440,.F.);
#291=ADVANCED_FACE('',(#518),#441,.F.);
#292=ADVANCED_FACE('',(#519),#442,.F.);
#293=ADVANCED_FACE('',(#520),#443,.F.);
#294=ADVANCED_FACE('',(#521),#444,.F.);
#295=ADVANCED_FACE('',(#522),#139,.T.);
#296=ADVANCED_FACE('',(#523),#140,.T.);
#297=ADVANCED_FACE('',(#524),#141,.T.);
#298=ADVANCED_FACE('',(#525),#142,.T.);
#299=ADVANCED_FACE('',(#526),#143,.T.);
#300=ADVANCED_FACE('',(#527),#144,.T.);
#301=ADVANCED_FACE('',(#528),#103,.T.);
#302=ADVANCED_FACE('',(#529),#104,.T.);
#303=ADVANCED_FACE('',(#530),#105,.T.);
#304=ADVANCED_FACE('',(#531),#106,.T.);
#305=ADVANCED_FACE('',(#532),#107,.T.);
#306=ADVANCED_FACE('',(#533),#108,.T.);
#307=ADVANCED_FACE('',(#534),#445,.F.);
#308=ADVANCED_FACE('',(#535),#446,.F.);
#309=ADVANCED_FACE('',(#536),#447,.F.);
#310=ADVANCED_FACE('',(#537),#448,.F.);
#311=ADVANCED_FACE('',(#538),#449,.F.);
#312=ADVANCED_FACE('',(#539),#450,.F.);
#313=ADVANCED_FACE('',(#540),#90,.T.);
#314=ADVANCED_FACE('',(#541),#91,.T.);
#315=ADVANCED_FACE('',(#542),#92,.T.);
#316=ADVANCED_FACE('',(#543),#93,.T.);
#317=ADVANCED_FACE('',(#544),#94,.T.);
#318=ADVANCED_FACE('',(#545),#95,.T.);
#319=ADVANCED_FACE('',(#546),#451,.F.);
#320=ADVANCED_FACE('',(#547),#452,.F.);
#321=ADVANCED_FACE('',(#548),#453,.F.);
#322=ADVANCED_FACE('',(#549),#454,.F.);
#323=ADVANCED_FACE('',(#550),#455,.F.);
#324=ADVANCED_FACE('',(#551),#456,.F.);
#325=ADVANCED_FACE('',(#552),#109,.T.);
#326=ADVANCED_FACE('',(#553),#110,.T.);
#327=ADVANCED_FACE('',(#554),#111,.T.);
#328=ADVANCED_FACE('',(#555),#112,.T.);
#329=ADVANCED_FACE('',(#556),#113,.T.);
#330=ADVANCED_FACE('',(#557),#114,.T.);
#331=ADVANCED_FACE('',(#558),#145,.T.);
#332=ADVANCED_FACE('',(#559),#146,.T.);
#333=ADVANCED_FACE('',(#560),#147,.T.);
#334=ADVANCED_FACE('',(#561),#148,.T.);
#335=ADVANCED_FACE('',(#562),#149,.T.);
#336=ADVANCED_FACE('',(#563),#150,.T.);
#337=ADVANCED_FACE('',(#564),#115,.T.);
#338=ADVANCED_FACE('',(#565),#116,.T.);
#339=ADVANCED_FACE('',(#566),#117,.T.);
#340=ADVANCED_FACE('',(#567),#118,.T.);
#341=ADVANCED_FACE('',(#568),#119,.T.);
#342=ADVANCED_FACE('',(#569),#120,.T.);
#343=ADVANCED_FACE('',(#70,#71),#96,.F.);
#344=ADVANCED_FACE('',(#72,#73,#74,#75,#76,#77),#457,.F.);
#345=ADVANCED_FACE('',(#570),#458,.F.);
#346=ADVANCED_FACE('',(#571),#459,.F.);
#347=ADVANCED_FACE('',(#572),#460,.F.);
#348=ADVANCED_FACE('',(#573),#461,.F.);
#349=ADVANCED_FACE('',(#574),#151,.T.);
#350=ADVANCED_FACE('',(#575),#152,.T.);
#351=ADVANCED_FACE('',(#576),#153,.T.);
#352=ADVANCED_FACE('',(#577),#154,.T.);
#353=ADVANCED_FACE('',(#578),#155,.T.);
#354=ADVANCED_FACE('',(#579),#121,.T.);
#355=ADVANCED_FACE('',(#580),#122,.T.);
#356=ADVANCED_FACE('',(#581),#123,.T.);
#357=ADVANCED_FACE('',(#582),#124,.T.);
#358=ADVANCED_FACE('',(#583),#125,.T.);
#359=ADVANCED_FACE('',(#584),#462,.F.);
#360=ADVANCED_FACE('',(#585),#463,.F.);
#361=ADVANCED_FACE('',(#586),#464,.F.);
#362=ADVANCED_FACE('',(#587),#465,.F.);
#363=ADVANCED_FACE('',(#588),#466,.F.);
#364=ADVANCED_FACE('',(#589),#97,.T.);
#365=ADVANCED_FACE('',(#590),#98,.T.);
#366=ADVANCED_FACE('',(#591),#99,.T.);
#367=ADVANCED_FACE('',(#592),#100,.T.);
#368=ADVANCED_FACE('',(#593),#101,.T.);
#369=ADVANCED_FACE('',(#594),#467,.F.);
#370=ADVANCED_FACE('',(#595),#468,.F.);
#371=ADVANCED_FACE('',(#596),#469,.F.);
#372=ADVANCED_FACE('',(#597),#470,.F.);
#373=ADVANCED_FACE('',(#598),#471,.F.);
#374=ADVANCED_FACE('',(#599),#126,.T.);
#375=ADVANCED_FACE('',(#600),#127,.T.);
#376=ADVANCED_FACE('',(#601),#128,.T.);
#377=ADVANCED_FACE('',(#602),#129,.T.);
#378=ADVANCED_FACE('',(#603),#130,.T.);
#379=ADVANCED_FACE('',(#604),#156,.T.);
#380=ADVANCED_FACE('',(#605),#157,.T.);
#381=ADVANCED_FACE('',(#606),#158,.T.);
#382=ADVANCED_FACE('',(#607),#159,.T.);
#383=ADVANCED_FACE('',(#608),#160,.T.);
#384=ADVANCED_FACE('',(#609),#131,.T.);
#385=ADVANCED_FACE('',(#610),#132,.T.);
#386=ADVANCED_FACE('',(#611),#133,.T.);
#387=ADVANCED_FACE('',(#612),#134,.T.);
#388=ADVANCED_FACE('',(#613),#135,.T.);
#389=ADVANCED_FACE('',(#614),#161,.T.);
#390=ADVANCED_FACE('',(#615),#136,.T.);
#391=ADVANCED_FACE('',(#616),#472,.F.);
#392=ADVANCED_FACE('',(#617),#102,.T.);
#393=ADVANCED_FACE('',(#618),#473,.F.);
#394=ADVANCED_FACE('',(#619),#137,.T.);
#395=ADVANCED_FACE('',(#620),#162,.T.);
#396=ADVANCED_FACE('',(#621),#138,.T.);
#397=ADVANCED_FACE('',(#622),#474,.T.);
#398=ADVANCED_FACE('',(#623),#475,.F.);
#399=ADVANCED_FACE('',(#624),#476,.T.);
#400=ADVANCED_FACE('',(#625),#477,.T.);
#401=ADVANCED_FACE('',(#626),#478,.F.);
#402=ADVANCED_FACE('',(#627),#479,.T.);
#403=ADVANCED_FACE('',(#628),#480,.T.);
#404=ADVANCED_FACE('',(#629),#481,.T.);
#405=ADVANCED_FACE('',(#630),#482,.T.);
#406=ADVANCED_FACE('',(#631),#483,.T.);
#407=ADVANCED_FACE('',(#632),#484,.F.);
#408=ADVANCED_FACE('',(#633),#485,.T.);
#409=ADVANCED_FACE('',(#634),#486,.T.);
#410=ADVANCED_FACE('',(#635),#487,.F.);
#411=ADVANCED_FACE('',(#636),#488,.T.);
#412=ADVANCED_FACE('',(#637),#489,.T.);
#413=ADVANCED_FACE('',(#638),#490,.F.);
#414=ADVANCED_FACE('',(#639),#491,.T.);
#415=ADVANCED_FACE('',(#640),#492,.T.);
#416=ADVANCED_FACE('',(#641),#493,.F.);
#417=ADVANCED_FACE('',(#642),#494,.T.);
#418=ADVANCED_FACE('',(#643),#495,.T.);
#419=ADVANCED_FACE('',(#644),#496,.T.);
#420=ADVANCED_FACE('',(#645),#497,.T.);
#421=ADVANCED_FACE('',(#646),#498,.F.);
#422=ADVANCED_FACE('',(#647),#499,.T.);
#423=ADVANCED_FACE('',(#648),#500,.T.);
#424=ADVANCED_FACE('',(#649),#501,.F.);
#425=ADVANCED_FACE('',(#650),#502,.T.);
#426=ADVANCED_FACE('',(#651),#503,.T.);
#427=ADVANCED_FACE('',(#652),#504,.F.);
#428=ADVANCED_FACE('',(#653),#505,.T.);
#429=ADVANCED_FACE('',(#654),#506,.T.);
#430=ADVANCED_FACE('',(#655),#507,.T.);
#431=ADVANCED_FACE('',(#656),#508,.F.);
#432=ADVANCED_FACE('',(#657),#509,.T.);
#433=PLANE('',#3070);
#434=PLANE('',#3071);
#435=PLANE('',#3072);
#436=PLANE('',#3073);
#437=PLANE('',#3074);
#438=PLANE('',#3078);
#439=PLANE('',#3082);
#440=PLANE('',#3086);
#441=PLANE('',#3090);
#442=PLANE('',#3094);
#443=PLANE('',#3098);
#444=PLANE('',#3102);
#445=PLANE('',#3133);
#446=PLANE('',#3135);
#447=PLANE('',#3137);
#448=PLANE('',#3139);
#449=PLANE('',#3141);
#450=PLANE('',#3143);
#451=PLANE('',#3157);
#452=PLANE('',#3159);
#453=PLANE('',#3161);
#454=PLANE('',#3163);
#455=PLANE('',#3165);
#456=PLANE('',#3167);
#457=PLANE('',#3218);
#458=PLANE('',#3220);
#459=PLANE('',#3222);
#460=PLANE('',#3224);
#461=PLANE('',#3225);
#462=PLANE('',#3247);
#463=PLANE('',#3249);
#464=PLANE('',#3251);
#465=PLANE('',#3253);
#466=PLANE('',#3255);
#467=PLANE('',#3267);
#468=PLANE('',#3269);
#469=PLANE('',#3271);
#470=PLANE('',#3273);
#471=PLANE('',#3275);
#472=PLANE('',#3306);
#473=PLANE('',#3310);
#474=PLANE('',#3316);
#475=PLANE('',#3317);
#476=PLANE('',#3318);
#477=PLANE('',#3319);
#478=PLANE('',#3320);
#479=PLANE('',#3321);
#480=PLANE('',#3322);
#481=PLANE('',#3323);
#482=PLANE('',#3324);
#483=PLANE('',#3325);
#484=PLANE('',#3326);
#485=PLANE('',#3327);
#486=PLANE('',#3328);
#487=PLANE('',#3329);
#488=PLANE('',#3330);
#489=PLANE('',#3331);
#490=PLANE('',#3332);
#491=PLANE('',#3333);
#492=PLANE('',#3334);
#493=PLANE('',#3335);
#494=PLANE('',#3336);
#495=PLANE('',#3337);
#496=PLANE('',#3338);
#497=PLANE('',#3339);
#498=PLANE('',#3340);
#499=PLANE('',#3341);
#500=PLANE('',#3342);
#501=PLANE('',#3343);
#502=PLANE('',#3344);
#503=PLANE('',#3345);
#504=PLANE('',#3346);
#505=PLANE('',#3347);
#506=PLANE('',#3348);
#507=PLANE('',#3349);
#508=PLANE('',#3350);
#509=PLANE('',#3351);
#510=FACE_OUTER_BOUND('',#658,.T.);
#511=FACE_OUTER_BOUND('',#659,.T.);
#512=FACE_OUTER_BOUND('',#660,.T.);
#513=FACE_OUTER_BOUND('',#661,.T.);
#514=FACE_OUTER_BOUND('',#662,.T.);
#515=FACE_OUTER_BOUND('',#663,.T.);
#516=FACE_OUTER_BOUND('',#664,.T.);
#517=FACE_OUTER_BOUND('',#665,.T.);
#518=FACE_OUTER_BOUND('',#666,.T.);
#519=FACE_OUTER_BOUND('',#667,.T.);
#520=FACE_OUTER_BOUND('',#668,.T.);
#521=FACE_OUTER_BOUND('',#669,.T.);
#522=FACE_OUTER_BOUND('',#670,.T.);
#523=FACE_OUTER_BOUND('',#671,.T.);
#524=FACE_OUTER_BOUND('',#672,.T.);
#525=FACE_OUTER_BOUND('',#673,.T.);
#526=FACE_OUTER_BOUND('',#674,.T.);
#527=FACE_OUTER_BOUND('',#675,.T.);
#528=FACE_OUTER_BOUND('',#676,.T.);
#529=FACE_OUTER_BOUND('',#677,.T.);
#530=FACE_OUTER_BOUND('',#678,.T.);
#531=FACE_OUTER_BOUND('',#679,.T.);
#532=FACE_OUTER_BOUND('',#680,.T.);
#533=FACE_OUTER_BOUND('',#681,.T.);
#534=FACE_OUTER_BOUND('',#682,.T.);
#535=FACE_OUTER_BOUND('',#683,.T.);
#536=FACE_OUTER_BOUND('',#684,.T.);
#537=FACE_OUTER_BOUND('',#685,.T.);
#538=FACE_OUTER_BOUND('',#686,.T.);
#539=FACE_OUTER_BOUND('',#687,.T.);
#540=FACE_OUTER_BOUND('',#688,.T.);
#541=FACE_OUTER_BOUND('',#689,.T.);
#542=FACE_OUTER_BOUND('',#690,.T.);
#543=FACE_OUTER_BOUND('',#691,.T.);
#544=FACE_OUTER_BOUND('',#692,.T.);
#545=FACE_OUTER_BOUND('',#693,.T.);
#546=FACE_OUTER_BOUND('',#694,.T.);
#547=FACE_OUTER_BOUND('',#695,.T.);
#548=FACE_OUTER_BOUND('',#696,.T.);
#549=FACE_OUTER_BOUND('',#697,.T.);
#550=FACE_OUTER_BOUND('',#698,.T.);
#551=FACE_OUTER_BOUND('',#699,.T.);
#552=FACE_OUTER_BOUND('',#700,.T.);
#553=FACE_OUTER_BOUND('',#701,.T.);
#554=FACE_OUTER_BOUND('',#702,.T.);
#555=FACE_OUTER_BOUND('',#703,.T.);
#556=FACE_OUTER_BOUND('',#704,.T.);
#557=FACE_OUTER_BOUND('',#705,.T.);
#558=FACE_OUTER_BOUND('',#706,.T.);
#559=FACE_OUTER_BOUND('',#707,.T.);
#560=FACE_OUTER_BOUND('',#708,.T.);
#561=FACE_OUTER_BOUND('',#709,.T.);
#562=FACE_OUTER_BOUND('',#710,.T.);
#563=FACE_OUTER_BOUND('',#711,.T.);
#564=FACE_OUTER_BOUND('',#712,.T.);
#565=FACE_OUTER_BOUND('',#713,.T.);
#566=FACE_OUTER_BOUND('',#714,.T.);
#567=FACE_OUTER_BOUND('',#715,.T.);
#568=FACE_OUTER_BOUND('',#716,.T.);
#569=FACE_OUTER_BOUND('',#717,.T.);
#570=FACE_OUTER_BOUND('',#726,.T.);
#571=FACE_OUTER_BOUND('',#727,.T.);
#572=FACE_OUTER_BOUND('',#728,.T.);
#573=FACE_OUTER_BOUND('',#729,.T.);
#574=FACE_OUTER_BOUND('',#730,.T.);
#575=FACE_OUTER_BOUND('',#731,.T.);
#576=FACE_OUTER_BOUND('',#732,.T.);
#577=FACE_OUTER_BOUND('',#733,.T.);
#578=FACE_OUTER_BOUND('',#734,.T.);
#579=FACE_OUTER_BOUND('',#735,.T.);
#580=FACE_OUTER_BOUND('',#736,.T.);
#581=FACE_OUTER_BOUND('',#737,.T.);
#582=FACE_OUTER_BOUND('',#738,.T.);
#583=FACE_OUTER_BOUND('',#739,.T.);
#584=FACE_OUTER_BOUND('',#740,.T.);
#585=FACE_OUTER_BOUND('',#741,.T.);
#586=FACE_OUTER_BOUND('',#742,.T.);
#587=FACE_OUTER_BOUND('',#743,.T.);
#588=FACE_OUTER_BOUND('',#744,.T.);
#589=FACE_OUTER_BOUND('',#745,.T.);
#590=FACE_OUTER_BOUND('',#746,.T.);
#591=FACE_OUTER_BOUND('',#747,.T.);
#592=FACE_OUTER_BOUND('',#748,.T.);
#593=FACE_OUTER_BOUND('',#749,.T.);
#594=FACE_OUTER_BOUND('',#750,.T.);
#595=FACE_OUTER_BOUND('',#751,.T.);
#596=FACE_OUTER_BOUND('',#752,.T.);
#597=FACE_OUTER_BOUND('',#753,.T.);
#598=FACE_OUTER_BOUND('',#754,.T.);
#599=FACE_OUTER_BOUND('',#755,.T.);
#600=FACE_OUTER_BOUND('',#756,.T.);
#601=FACE_OUTER_BOUND('',#757,.T.);
#602=FACE_OUTER_BOUND('',#758,.T.);
#603=FACE_OUTER_BOUND('',#759,.T.);
#604=FACE_OUTER_BOUND('',#760,.T.);
#605=FACE_OUTER_BOUND('',#761,.T.);
#606=FACE_OUTER_BOUND('',#762,.T.);
#607=FACE_OUTER_BOUND('',#763,.T.);
#608=FACE_OUTER_BOUND('',#764,.T.);
#609=FACE_OUTER_BOUND('',#765,.T.);
#610=FACE_OUTER_BOUND('',#766,.T.);
#611=FACE_OUTER_BOUND('',#767,.T.);
#612=FACE_OUTER_BOUND('',#768,.T.);
#613=FACE_OUTER_BOUND('',#769,.T.);
#614=FACE_OUTER_BOUND('',#770,.T.);
#615=FACE_OUTER_BOUND('',#771,.T.);
#616=FACE_OUTER_BOUND('',#772,.T.);
#617=FACE_OUTER_BOUND('',#773,.T.);
#618=FACE_OUTER_BOUND('',#774,.T.);
#619=FACE_OUTER_BOUND('',#775,.T.);
#620=FACE_OUTER_BOUND('',#776,.T.);
#621=FACE_OUTER_BOUND('',#777,.T.);
#622=FACE_OUTER_BOUND('',#778,.T.);
#623=FACE_OUTER_BOUND('',#779,.T.);
#624=FACE_OUTER_BOUND('',#780,.T.);
#625=FACE_OUTER_BOUND('',#781,.T.);
#626=FACE_OUTER_BOUND('',#782,.T.);
#627=FACE_OUTER_BOUND('',#783,.T.);
#628=FACE_OUTER_BOUND('',#784,.T.);
#629=FACE_OUTER_BOUND('',#785,.T.);
#630=FACE_OUTER_BOUND('',#786,.T.);
#631=FACE_OUTER_BOUND('',#787,.T.);
#632=FACE_OUTER_BOUND('',#788,.T.);
#633=FACE_OUTER_BOUND('',#789,.T.);
#634=FACE_OUTER_BOUND('',#790,.T.);
#635=FACE_OUTER_BOUND('',#791,.T.);
#636=FACE_OUTER_BOUND('',#792,.T.);
#637=FACE_OUTER_BOUND('',#793,.T.);
#638=FACE_OUTER_BOUND('',#794,.T.);
#639=FACE_OUTER_BOUND('',#795,.T.);
#640=FACE_OUTER_BOUND('',#796,.T.);
#641=FACE_OUTER_BOUND('',#797,.T.);
#642=FACE_OUTER_BOUND('',#798,.T.);
#643=FACE_OUTER_BOUND('',#799,.T.);
#644=FACE_OUTER_BOUND('',#800,.T.);
#645=FACE_OUTER_BOUND('',#801,.T.);
#646=FACE_OUTER_BOUND('',#802,.T.);
#647=FACE_OUTER_BOUND('',#803,.T.);
#648=FACE_OUTER_BOUND('',#804,.T.);
#649=FACE_OUTER_BOUND('',#805,.T.);
#650=FACE_OUTER_BOUND('',#806,.T.);
#651=FACE_OUTER_BOUND('',#807,.T.);
#652=FACE_OUTER_BOUND('',#808,.T.);
#653=FACE_OUTER_BOUND('',#809,.T.);
#654=FACE_OUTER_BOUND('',#810,.T.);
#655=FACE_OUTER_BOUND('',#811,.T.);
#656=FACE_OUTER_BOUND('',#812,.T.);
#657=FACE_OUTER_BOUND('',#813,.T.);
#658=EDGE_LOOP('',(#947,#948,#949,#950,#951,#952,#953));
#659=EDGE_LOOP('',(#954,#955,#956,#957));
#660=EDGE_LOOP('',(#958,#959,#960,#961,#962,#963,#964,#965));
#661=EDGE_LOOP('',(#966,#967,#968,#969,#970,#971,#972));
#662=EDGE_LOOP('',(#973,#974,#975,#976,#977,#978,#979,#980));
#663=EDGE_LOOP('',(#981,#982,#983,#984,#985,#986,#987,#988));
#664=EDGE_LOOP('',(#989,#990,#991,#992,#993,#994,#995,#996));
#665=EDGE_LOOP('',(#997,#998,#999,#1000,#1001,#1002,#1003,#1004));
#666=EDGE_LOOP('',(#1005,#1006,#1007,#1008,#1009,#1010,#1011,#1012));
#667=EDGE_LOOP('',(#1013,#1014,#1015,#1016,#1017,#1018,#1019,#1020));
#668=EDGE_LOOP('',(#1021,#1022,#1023,#1024,#1025,#1026,#1027,#1028));
#669=EDGE_LOOP('',(#1029,#1030,#1031,#1032,#1033,#1034,#1035,#1036));
#670=EDGE_LOOP('',(#1037,#1038,#1039,#1040));
#671=EDGE_LOOP('',(#1041,#1042,#1043,#1044));
#672=EDGE_LOOP('',(#1045,#1046,#1047,#1048));
#673=EDGE_LOOP('',(#1049,#1050,#1051,#1052));
#674=EDGE_LOOP('',(#1053,#1054,#1055,#1056));
#675=EDGE_LOOP('',(#1057,#1058,#1059,#1060));
#676=EDGE_LOOP('',(#1061,#1062,#1063,#1064));
#677=EDGE_LOOP('',(#1065,#1066,#1067,#1068));
#678=EDGE_LOOP('',(#1069,#1070,#1071,#1072));
#679=EDGE_LOOP('',(#1073,#1074,#1075,#1076));
#680=EDGE_LOOP('',(#1077,#1078,#1079,#1080));
#681=EDGE_LOOP('',(#1081,#1082,#1083,#1084));
#682=EDGE_LOOP('',(#1085,#1086,#1087,#1088));
#683=EDGE_LOOP('',(#1089,#1090,#1091,#1092));
#684=EDGE_LOOP('',(#1093,#1094,#1095,#1096));
#685=EDGE_LOOP('',(#1097,#1098,#1099,#1100));
#686=EDGE_LOOP('',(#1101,#1102,#1103,#1104));
#687=EDGE_LOOP('',(#1105,#1106,#1107,#1108));
#688=EDGE_LOOP('',(#1109,#1110,#1111,#1112));
#689=EDGE_LOOP('',(#1113,#1114,#1115,#1116));
#690=EDGE_LOOP('',(#1117,#1118,#1119,#1120));
#691=EDGE_LOOP('',(#1121,#1122,#1123,#1124));
#692=EDGE_LOOP('',(#1125,#1126,#1127,#1128));
#693=EDGE_LOOP('',(#1129,#1130,#1131,#1132));
#694=EDGE_LOOP('',(#1133,#1134,#1135,#1136));
#695=EDGE_LOOP('',(#1137,#1138,#1139,#1140));
#696=EDGE_LOOP('',(#1141,#1142,#1143,#1144));
#697=EDGE_LOOP('',(#1145,#1146,#1147,#1148));
#698=EDGE_LOOP('',(#1149,#1150,#1151,#1152));
#699=EDGE_LOOP('',(#1153,#1154,#1155,#1156));
#700=EDGE_LOOP('',(#1157,#1158,#1159,#1160));
#701=EDGE_LOOP('',(#1161,#1162,#1163,#1164));
#702=EDGE_LOOP('',(#1165,#1166,#1167,#1168));
#703=EDGE_LOOP('',(#1169,#1170,#1171,#1172));
#704=EDGE_LOOP('',(#1173,#1174,#1175,#1176));
#705=EDGE_LOOP('',(#1177,#1178,#1179,#1180));
#706=EDGE_LOOP('',(#1181,#1182,#1183,#1184));
#707=EDGE_LOOP('',(#1185,#1186,#1187,#1188));
#708=EDGE_LOOP('',(#1189,#1190,#1191,#1192));
#709=EDGE_LOOP('',(#1193,#1194,#1195,#1196));
#710=EDGE_LOOP('',(#1197,#1198,#1199,#1200));
#711=EDGE_LOOP('',(#1201,#1202,#1203,#1204));
#712=EDGE_LOOP('',(#1205,#1206,#1207,#1208));
#713=EDGE_LOOP('',(#1209,#1210,#1211,#1212));
#714=EDGE_LOOP('',(#1213,#1214,#1215,#1216));
#715=EDGE_LOOP('',(#1217,#1218,#1219,#1220));
#716=EDGE_LOOP('',(#1221,#1222,#1223,#1224));
#717=EDGE_LOOP('',(#1225,#1226,#1227,#1228));
#718=EDGE_LOOP('',(#1229,#1230,#1231,#1232,#1233,#1234,#1235,#1236,#1237,
#1238,#1239,#1240,#1241,#1242,#1243,#1244,#1245,#1246,#1247,#1248,#1249,
#1250,#1251,#1252));
#719=EDGE_LOOP('',(#1253,#1254,#1255,#1256,#1257,#1258,#1259,#1260,#1261,
#1262,#1263,#1264,#1265,#1266,#1267,#1268,#1269,#1270,#1271,#1272,#1273,
#1274,#1275,#1276));
#720=EDGE_LOOP('',(#1277,#1278,#1279,#1280,#1281,#1282,#1283));
#721=EDGE_LOOP('',(#1284,#1285,#1286,#1287));
#722=EDGE_LOOP('',(#1288,#1289,#1290,#1291,#1292,#1293,#1294,#1295));
#723=EDGE_LOOP('',(#1296,#1297,#1298,#1299,#1300,#1301,#1302));
#724=EDGE_LOOP('',(#1303,#1304,#1305,#1306,#1307,#1308,#1309,#1310));
#725=EDGE_LOOP('',(#1311,#1312,#1313,#1314,#1315,#1316,#1317,#1318));
#726=EDGE_LOOP('',(#1319,#1320,#1321,#1322,#1323,#1324,#1325,#1326));
#727=EDGE_LOOP('',(#1327,#1328,#1329,#1330,#1331,#1332,#1333,#1334));
#728=EDGE_LOOP('',(#1335,#1336,#1337,#1338,#1339,#1340,#1341,#1342));
#729=EDGE_LOOP('',(#1343,#1344,#1345,#1346,#1347,#1348,#1349,#1350));
#730=EDGE_LOOP('',(#1351,#1352,#1353,#1354));
#731=EDGE_LOOP('',(#1355,#1356,#1357,#1358));
#732=EDGE_LOOP('',(#1359,#1360,#1361,#1362));
#733=EDGE_LOOP('',(#1363,#1364,#1365,#1366));
#734=EDGE_LOOP('',(#1367,#1368,#1369,#1370));
#735=EDGE_LOOP('',(#1371,#1372,#1373,#1374));
#736=EDGE_LOOP('',(#1375,#1376,#1377,#1378));
#737=EDGE_LOOP('',(#1379,#1380,#1381,#1382));
#738=EDGE_LOOP('',(#1383,#1384,#1385,#1386));
#739=EDGE_LOOP('',(#1387,#1388,#1389,#1390));
#740=EDGE_LOOP('',(#1391,#1392,#1393,#1394));
#741=EDGE_LOOP('',(#1395,#1396,#1397,#1398));
#742=EDGE_LOOP('',(#1399,#1400,#1401,#1402));
#743=EDGE_LOOP('',(#1403,#1404,#1405,#1406));
#744=EDGE_LOOP('',(#1407,#1408,#1409,#1410));
#745=EDGE_LOOP('',(#1411,#1412,#1413,#1414));
#746=EDGE_LOOP('',(#1415,#1416,#1417,#1418));
#747=EDGE_LOOP('',(#1419,#1420,#1421,#1422));
#748=EDGE_LOOP('',(#1423,#1424,#1425,#1426));
#749=EDGE_LOOP('',(#1427,#1428,#1429,#1430));
#750=EDGE_LOOP('',(#1431,#1432,#1433,#1434));
#751=EDGE_LOOP('',(#1435,#1436,#1437,#1438));
#752=EDGE_LOOP('',(#1439,#1440,#1441,#1442));
#753=EDGE_LOOP('',(#1443,#1444,#1445,#1446));
#754=EDGE_LOOP('',(#1447,#1448,#1449,#1450));
#755=EDGE_LOOP('',(#1451,#1452,#1453,#1454));
#756=EDGE_LOOP('',(#1455,#1456,#1457,#1458));
#757=EDGE_LOOP('',(#1459,#1460,#1461,#1462));
#758=EDGE_LOOP('',(#1463,#1464,#1465,#1466));
#759=EDGE_LOOP('',(#1467,#1468,#1469,#1470));
#760=EDGE_LOOP('',(#1471,#1472,#1473,#1474));
#761=EDGE_LOOP('',(#1475,#1476,#1477,#1478));
#762=EDGE_LOOP('',(#1479,#1480,#1481,#1482));
#763=EDGE_LOOP('',(#1483,#1484,#1485,#1486));
#764=EDGE_LOOP('',(#1487,#1488,#1489,#1490));
#765=EDGE_LOOP('',(#1491,#1492,#1493,#1494));
#766=EDGE_LOOP('',(#1495,#1496,#1497,#1498));
#767=EDGE_LOOP('',(#1499,#1500,#1501,#1502));
#768=EDGE_LOOP('',(#1503,#1504,#1505,#1506));
#769=EDGE_LOOP('',(#1507,#1508,#1509,#1510));
#770=EDGE_LOOP('',(#1511,#1512,#1513,#1514));
#771=EDGE_LOOP('',(#1515,#1516,#1517,#1518));
#772=EDGE_LOOP('',(#1519,#1520,#1521,#1522));
#773=EDGE_LOOP('',(#1523,#1524,#1525,#1526));
#774=EDGE_LOOP('',(#1527,#1528,#1529,#1530));
#775=EDGE_LOOP('',(#1531,#1532,#1533,#1534));
#776=EDGE_LOOP('',(#1535,#1536,#1537,#1538));
#777=EDGE_LOOP('',(#1539,#1540,#1541,#1542));
#778=EDGE_LOOP('',(#1543,#1544,#1545,#1546));
#779=EDGE_LOOP('',(#1547,#1548,#1549,#1550,#1551,#1552,#1553,#1554,#1555,
#1556,#1557,#1558));
#780=EDGE_LOOP('',(#1559,#1560,#1561,#1562,#1563,#1564,#1565,#1566,#1567,
#1568,#1569,#1570));
#781=EDGE_LOOP('',(#1571,#1572,#1573,#1574));
#782=EDGE_LOOP('',(#1575,#1576,#1577,#1578,#1579,#1580,#1581,#1582,#1583,
#1584,#1585,#1586));
#783=EDGE_LOOP('',(#1587,#1588,#1589,#1590,#1591,#1592,#1593,#1594,#1595,
#1596,#1597,#1598));
#784=EDGE_LOOP('',(#1599,#1600,#1601,#1602,#1603,#1604,#1605,#1606,#1607,
#1608,#1609,#1610));
#785=EDGE_LOOP('',(#1611,#1612,#1613,#1614));
#786=EDGE_LOOP('',(#1615,#1616,#1617,#1618,#1619,#1620,#1621,#1622,#1623,
#1624,#1625,#1626));
#787=EDGE_LOOP('',(#1627,#1628,#1629,#1630,#1631,#1632,#1633,#1634,#1635,
#1636,#1637,#1638));
#788=EDGE_LOOP('',(#1639,#1640,#1641,#1642,#1643,#1644,#1645,#1646,#1647,
#1648,#1649,#1650));
#789=EDGE_LOOP('',(#1651,#1652,#1653,#1654));
#790=EDGE_LOOP('',(#1655,#1656,#1657,#1658,#1659,#1660,#1661,#1662,#1663,
#1664,#1665,#1666));
#791=EDGE_LOOP('',(#1667,#1668,#1669,#1670,#1671,#1672,#1673,#1674,#1675,
#1676,#1677,#1678));
#792=EDGE_LOOP('',(#1679,#1680,#1681,#1682));
#793=EDGE_LOOP('',(#1683,#1684,#1685,#1686,#1687,#1688,#1689,#1690,#1691,
#1692,#1693,#1694));
#794=EDGE_LOOP('',(#1695,#1696,#1697,#1698,#1699,#1700,#1701,#1702,#1703,
#1704,#1705,#1706));
#795=EDGE_LOOP('',(#1707,#1708,#1709,#1710));
#796=EDGE_LOOP('',(#1711,#1712,#1713,#1714));
#797=EDGE_LOOP('',(#1715,#1716,#1717,#1718,#1719,#1720,#1721,#1722,#1723,
#1724,#1725,#1726));
#798=EDGE_LOOP('',(#1727,#1728,#1729,#1730,#1731,#1732,#1733,#1734,#1735,
#1736,#1737,#1738));
#799=EDGE_LOOP('',(#1739,#1740,#1741,#1742,#1743,#1744,#1745,#1746,#1747,
#1748,#1749,#1750));
#800=EDGE_LOOP('',(#1751,#1752,#1753,#1754));
#801=EDGE_LOOP('',(#1755,#1756,#1757,#1758,#1759,#1760,#1761,#1762,#1763,
#1764,#1765,#1766));
#802=EDGE_LOOP('',(#1767,#1768,#1769,#1770,#1771,#1772,#1773,#1774,#1775,
#1776,#1777,#1778));
#803=EDGE_LOOP('',(#1779,#1780,#1781,#1782,#1783,#1784,#1785,#1786,#1787,
#1788,#1789,#1790));
#804=EDGE_LOOP('',(#1791,#1792,#1793,#1794));
#805=EDGE_LOOP('',(#1795,#1796,#1797,#1798,#1799,#1800,#1801,#1802,#1803,
#1804,#1805,#1806));
#806=EDGE_LOOP('',(#1807,#1808,#1809,#1810,#1811,#1812,#1813,#1814,#1815,
#1816,#1817,#1818));
#807=EDGE_LOOP('',(#1819,#1820,#1821,#1822));
#808=EDGE_LOOP('',(#1823,#1824,#1825,#1826,#1827,#1828,#1829,#1830,#1831,
#1832,#1833,#1834));
#809=EDGE_LOOP('',(#1835,#1836,#1837,#1838,#1839,#1840,#1841,#1842,#1843,
#1844,#1845,#1846));
#810=EDGE_LOOP('',(#1847,#1848,#1849,#1850));
#811=EDGE_LOOP('',(#1851,#1852,#1853,#1854));
#812=EDGE_LOOP('',(#1855,#1856,#1857,#1858,#1859,#1860,#1861,#1862,#1863,
#1864,#1865,#1866));
#813=EDGE_LOOP('',(#1867,#1868,#1869,#1870,#1871,#1872,#1873,#1874,#1875,
#1876,#1877,#1878));
#814=B_SPLINE_CURVE_WITH_KNOTS('',3,(#4123,#4124,#4125,#4126,#4127,#4128),
 .UNSPECIFIED.,.F.,.F.,(4,2,4),(0.,0.500150828684188,1.),.UNSPECIFIED.);
#815=B_SPLINE_CURVE_WITH_KNOTS('',3,(#4132,#4133,#4134,#4135),
 .UNSPECIFIED.,.F.,.F.,(4,4),(0.,1.),.UNSPECIFIED.);
#816=B_SPLINE_CURVE_WITH_KNOTS('',3,(#4152,#4153,#4154,#4155,#4156,#4157,
#4158,#4159,#4160,#4161,#4162,#4163,#4164,#4165),.UNSPECIFIED.,.F.,.F.,
(4,2,2,2,2,2,4),(0.,0.165332316558345,0.329917243938882,0.503210368535321,
0.677318505068414,0.839070580299159,1.),.UNSPECIFIED.);
#817=B_SPLINE_CURVE_WITH_KNOTS('',3,(#4170,#4171,#4172,#4173,#4174,#4175,
#4176,#4177,#4178,#4179,#4180,#4181,#4182,#4183),.UNSPECIFIED.,.F.,.F.,
(4,2,2,2,2,2,4),(0.,0.17951319218885,0.359408508556362,0.548959223259984,
0.738118941567499,0.868821137599223,1.),.UNSPECIFIED.);
#818=B_SPLINE_CURVE_WITH_KNOTS('',3,(#4185,#4186,#4187,#4188,#4189,#4190,
#4191,#4192,#4193,#4194,#4195,#4196,#4197,#4198),.UNSPECIFIED.,.F.,.F.,
(4,2,2,2,2,2,4),(0.,0.24568578532576,0.419026776721776,0.630296280134766,
0.75372819109616,0.877160102057552,1.),.UNSPECIFIED.);
#819=B_SPLINE_CURVE_WITH_KNOTS('',3,(#4202,#4203,#4204,#4205,#4206,#4207,
#4208,#4209,#4210,#4211,#4212,#4213,#4214,#4215),.UNSPECIFIED.,.F.,.F.,
(4,2,2,2,2,2,4),(0.,0.154431079443266,0.309732064635804,0.467459627721975,
0.626201484879118,0.812602908056065,1.),.UNSPECIFIED.);
#820=B_SPLINE_CURVE_WITH_KNOTS('',3,(#4219,#4220,#4221,#4222),
 .UNSPECIFIED.,.F.,.F.,(4,4),(0.,1.),.UNSPECIFIED.);
#821=B_SPLINE_CURVE_WITH_KNOTS('',3,(#4224,#4225,#4226,#4227),
 .UNSPECIFIED.,.F.,.F.,(4,4),(0.,1.),.UNSPECIFIED.);
#822=B_SPLINE_CURVE_WITH_KNOTS('',3,(#4238,#4239,#4240,#4241,#4242,#4243),
 .UNSPECIFIED.,.F.,.F.,(4,2,4),(0.,0.500150828684184,1.),.UNSPECIFIED.);
#823=B_SPLINE_CURVE_WITH_KNOTS('',3,(#4247,#4248,#4249,#4250,#4251,#4252,
#4253,#4254,#4255,#4256),.UNSPECIFIED.,.F.,.F.,(4,2,2,2,4),(0.,0.253715354200346,
0.510683469351978,0.767651584503611,1.),.UNSPECIFIED.);
#824=B_SPLINE_CURVE_WITH_KNOTS('',3,(#4259,#4260,#4261,#4262,#4263,#4264,
#4265,#4266),.UNSPECIFIED.,.F.,.F.,(4,2,2,4),(0.,0.286872068286795,0.642880850191533,
1.),.UNSPECIFIED.);
#825=B_SPLINE_CURVE_WITH_KNOTS('',3,(#4274,#4275,#4276,#4277,#4278,#4279,
#4280,#4281,#4282,#4283,#4284,#4285,#4286,#4287,#4288,#4289,#4290,#4291,
#4292,#4293),.UNSPECIFIED.,.F.,.F.,(4,2,2,2,2,2,2,2,2,4),(0.,0.0618704458463705,
0.123740891692742,0.185753533045503,0.278902447217506,0.372051361389511,
0.535591216384678,0.699523998480917,0.849405399254621,1.),.UNSPECIFIED.);
#826=B_SPLINE_CURVE_WITH_KNOTS('',3,(#4297,#4298,#4299,#4300),
 .UNSPECIFIED.,.F.,.F.,(4,4),(0.,1.),.UNSPECIFIED.);
#827=B_SPLINE_CURVE_WITH_KNOTS('',3,(#4421,#4422,#4423,#4424),
 .UNSPECIFIED.,.F.,.F.,(4,4),(0.,1.),.UNSPECIFIED.);
#828=B_SPLINE_CURVE_WITH_KNOTS('',3,(#4426,#4427,#4428,#4429,#4430,#4431,
#4432),.UNSPECIFIED.,.F.,.F.,(4,3,4),(0.,0.512548515721888,1.),
 .UNSPECIFIED.);
#829=B_SPLINE_CURVE_WITH_KNOTS('',3,(#4436,#4437,#4438,#4439,#4440,#4441,
#4442),.UNSPECIFIED.,.F.,.F.,(4,3,4),(0.,0.7446551956006,1.),
 .UNSPECIFIED.);
#830=B_SPLINE_CURVE_WITH_KNOTS('',3,(#4447,#4448,#4449,#4450),
 .UNSPECIFIED.,.F.,.F.,(4,4),(0.,1.),.UNSPECIFIED.);
#831=B_SPLINE_CURVE_WITH_KNOTS('',3,(#4454,#4455,#4456,#4457),
 .UNSPECIFIED.,.F.,.F.,(4,4),(0.,1.),.UNSPECIFIED.);
#832=B_SPLINE_CURVE_WITH_KNOTS('',3,(#4462,#4463,#4464,#4465),
 .UNSPECIFIED.,.F.,.F.,(4,4),(0.,1.),.UNSPECIFIED.);
#833=B_SPLINE_CURVE_WITH_KNOTS('',3,(#4469,#4470,#4471,#4472),
 .UNSPECIFIED.,.F.,.F.,(4,4),(0.,1.),.UNSPECIFIED.);
#834=B_SPLINE_CURVE_WITH_KNOTS('',3,(#4477,#4478,#4479,#4480),
 .UNSPECIFIED.,.F.,.F.,(4,4),(0.,1.),.UNSPECIFIED.);
#835=B_SPLINE_CURVE_WITH_KNOTS('',3,(#4484,#4485,#4486,#4487),
 .UNSPECIFIED.,.F.,.F.,(4,4),(0.,1.),.UNSPECIFIED.);
#836=B_SPLINE_CURVE_WITH_KNOTS('',3,(#4492,#4493,#4494,#4495),
 .UNSPECIFIED.,.F.,.F.,(4,4),(0.,1.),.UNSPECIFIED.);
#837=B_SPLINE_CURVE_WITH_KNOTS('',3,(#4499,#4500,#4501,#4502,#4503,#4504,
#4505),.UNSPECIFIED.,.F.,.F.,(4,3,4),(0.,0.744655195600598,1.),
 .UNSPECIFIED.);
#838=B_SPLINE_CURVE_WITH_KNOTS('',3,(#4510,#4511,#4512,#4513),
 .UNSPECIFIED.,.F.,.F.,(4,4),(0.,1.),.UNSPECIFIED.);
#839=B_SPLINE_CURVE_WITH_KNOTS('',3,(#4517,#4518,#4519,#4520,#4521,#4522,
#4523,#4524,#4525,#4526,#4527,#4528,#4529,#4530,#4531,#4532,#4533,#4534,
#4535,#4536,#4537,#4538),.UNSPECIFIED.,.F.,.F.,(4,3,3,3,3,3,3,4),(0.,0.160472256265556,
0.321492454908541,0.482492819023647,0.643512745880287,0.804592855707271,
0.965748311461457,1.),.UNSPECIFIED.);
#840=B_SPLINE_CURVE_WITH_KNOTS('',3,(#4540,#4541,#4542,#4543,#4544,#4545,
#4546,#4547,#4548,#4549,#4550,#4551,#4552,#4553,#4554,#4555,#4556,#4557,
#4558,#4559,#4560,#4561),.UNSPECIFIED.,.F.,.F.,(4,3,3,3,3,3,3,4),(0.,0.13110003671799,
0.292105240749928,0.453072968375767,0.614051321031028,0.775083910915291,
0.936191448438253,1.),.UNSPECIFIED.);
#841=B_SPLINE_CURVE_WITH_KNOTS('',3,(#4565,#4566,#4567,#4568,#4569,#4570,
#4571,#4572,#4573,#4574,#4575,#4576,#4577,#4578,#4579,#4580,#4581,#4582,
#4583,#4584,#4585,#4586,#4587,#4588,#4589),.UNSPECIFIED.,.F.,.F.,(4,3,3,
3,3,3,3,3,4),(0.,0.0126907969394681,0.173865294030946,0.334976020081459,
0.49606130517722,0.595899796483984,0.757141169030675,0.918379181778963,
1.),.UNSPECIFIED.);
#842=B_SPLINE_CURVE_WITH_KNOTS('',3,(#4591,#4592,#4593,#4594,#4595,#4596,
#4597,#4598,#4599,#4600,#4601,#4602,#4603,#4604,#4605,#4606,#4607,#4608,
#4609,#4610,#4611,#4612),.UNSPECIFIED.,.F.,.F.,(4,3,3,3,3,3,3,4),(0.,0.160472256265548,
0.321492454908531,0.482492819023637,0.643512745880279,0.804592855707252,
0.965748311461439,1.),.UNSPECIFIED.);
#843=B_SPLINE_CURVE_WITH_KNOTS('',3,(#4616,#4617,#4618,#4619,#4620,#4621,
#4622,#4623,#4624,#4625,#4626,#4627,#4628,#4629,#4630,#4631,#4632,#4633,
#4634,#4635,#4636,#4637),.UNSPECIFIED.,.F.,.F.,(4,3,3,3,3,3,3,4),(0.,0.160472256287296,
0.32149245493031,0.482492819045448,0.643512745902125,0.804592855729148,
0.965748311483381,1.),.UNSPECIFIED.);
#844=B_SPLINE_CURVE_WITH_KNOTS('',3,(#4639,#4640,#4641,#4642,#4643,#4644,
#4645,#4646,#4647,#4648,#4649,#4650,#4651,#4652,#4653,#4654,#4655,#4656,
#4657,#4658,#4659,#4660),.UNSPECIFIED.,.F.,.F.,(4,3,3,3,3,3,3,4),(0.,0.160472256275827,
0.321492454918826,0.482492819033943,0.643512745890605,0.804592855717606,
0.965748311471808,1.),.UNSPECIFIED.);
#845=B_SPLINE_CURVE_WITH_KNOTS('',3,(#4664,#4665,#4666,#4667,#4668,#4669,
#4670,#4671,#4672,#4673,#4674,#4675,#4676,#4677,#4678,#4679,#4680,#4681,
#4682,#4683,#4684,#4685),.UNSPECIFIED.,.F.,.F.,(4,3,3,3,3,3,3,4),(0.,0.160472256265753,
0.321492454908729,0.482492819023837,0.643512745880474,0.804592855707452,
0.96574831146164,1.),.UNSPECIFIED.);
#846=B_SPLINE_CURVE_WITH_KNOTS('',3,(#4687,#4688,#4689,#4690,#4691,#4692,
#4693,#4694,#4695,#4696,#4697,#4698,#4699,#4700,#4701,#4702,#4703,#4704,
#4705,#4706,#4707,#4708,#4709,#4710,#4711),.UNSPECIFIED.,.F.,.F.,(4,3,3,
3,3,3,3,3,4),(0.,0.0026899005740458,0.163850295714816,0.32494530864751,
0.486011969663358,0.585837216078755,0.747055439389918,0.908270237141547,
1.),.UNSPECIFIED.);
#847=B_SPLINE_CURVE_WITH_KNOTS('',3,(#4715,#4716,#4717,#4718,#4719,#4720,
#4721,#4722,#4723,#4724,#4725,#4726,#4727,#4728,#4729,#4730,#4731,#4732,
#4733,#4734,#4735,#4736),.UNSPECIFIED.,.F.,.F.,(4,3,3,3,3,3,3,4),(0.,0.0851827834702839,
0.246142818144186,0.407150109204613,0.568230827796481,0.729379751970244,
0.890561821773756,1.),.UNSPECIFIED.);
#848=B_SPLINE_CURVE_WITH_KNOTS('',3,(#4740,#4741,#4742,#4743,#4744,#4745,
#4746,#4747,#4748,#4749,#4750,#4751,#4752,#4753,#4754,#4755,#4756,#4757,
#4758,#4759,#4760,#4761),.UNSPECIFIED.,.F.,.F.,(4,3,3,3,3,3,3,4),(0.,0.160472256265551,
0.321492454908535,0.482492819023636,0.643512745880272,0.804592855707246,
0.965748311461439,1.),.UNSPECIFIED.);
#849=B_SPLINE_CURVE_WITH_KNOTS('',3,(#4763,#4764,#4765,#4766,#4767,#4768,
#4769,#4770,#4771,#4772,#4773,#4774,#4775,#4776,#4777,#4778,#4779,#4780,
#4781,#4782,#4783,#4784),.UNSPECIFIED.,.F.,.F.,(4,3,3,3,3,3,3,4),(0.,0.145888323870957,
0.30690288372417,0.467884016944067,0.628880294628562,0.789933901930413,
0.951062795890442,1.),.UNSPECIFIED.);
#850=B_SPLINE_CURVE_WITH_KNOTS('',3,(#4786,#4787,#4788,#4789,#4790,#4791,
#4792,#4793,#4794,#4795,#4796,#4797,#4798,#4799,#4800,#4801,#4802,#4803,
#4804,#4805,#4806,#4807),.UNSPECIFIED.,.F.,.F.,(4,3,3,3,3,3,3,4),(0.,0.160472256265546,
0.321492454908531,0.482492819023636,0.643512745880272,0.804592855707254,
0.965748311461448,1.),.UNSPECIFIED.);
#851=B_SPLINE_CURVE_WITH_KNOTS('',3,(#4919,#4920,#4921,#4922,#4923,#4924,
#4925,#4926,#4927,#4928,#4929,#4930,#4931,#4932,#4933,#4934,#4935,#4936,
#4937),.UNSPECIFIED.,.F.,.F.,(4,3,3,3,3,3,4),(0.,0.182825277031655,0.380236064223962,
0.577593757718426,0.774863825957313,0.972049814542304,1.),.UNSPECIFIED.);
#852=B_SPLINE_CURVE_WITH_KNOTS('',3,(#4939,#4940,#4941,#4942,#4943,#4944,
#4945,#4946,#4947,#4948,#4949,#4950,#4951,#4952,#4953,#4954,#4955,#4956,
#4957),.UNSPECIFIED.,.F.,.F.,(4,3,3,3,3,3,4),(0.,0.137753807521348,0.335130242902544,
0.532465636337544,0.729718214792429,0.926882414866768,1.),.UNSPECIFIED.);
#853=B_SPLINE_CURVE_WITH_KNOTS('',3,(#4961,#4962,#4963,#4964,#4965,#4966,
#4967,#4968,#4969,#4970,#4971,#4972,#4973,#4974,#4975,#4976,#4977,#4978,
#4979,#4980,#4981,#4982),.UNSPECIFIED.,.F.,.F.,(4,3,3,3,3,3,3,4),(0.,0.0837488518315394,
0.281297439978083,0.478820663365946,0.676269287841125,0.798754944319614,
0.996031906382423,1.),.UNSPECIFIED.);
#854=B_SPLINE_CURVE_WITH_KNOTS('',3,(#4984,#4985,#4986,#4987,#4988,#4989,
#4990,#4991,#4992,#4993,#4994,#4995,#4996,#4997,#4998,#4999,#5000,#5001,
#5002),.UNSPECIFIED.,.F.,.F.,(4,3,3,3,3,3,4),(0.,0.18282527703179,0.380236064224105,
0.577593757718566,0.774863825957456,0.97204981454243,1.),.UNSPECIFIED.);
#855=B_SPLINE_CURVE_WITH_KNOTS('',3,(#5006,#5007,#5008,#5009,#5010,#5011,
#5012,#5013,#5014,#5015,#5016,#5017,#5018,#5019,#5020,#5021,#5022,#5023,
#5024),.UNSPECIFIED.,.F.,.F.,(4,3,3,3,3,3,4),(0.,0.18282527703143,0.380236064223751,
0.57759375771822,0.774863825957106,0.972049814542087,1.),.UNSPECIFIED.);
#856=B_SPLINE_CURVE_WITH_KNOTS('',3,(#5026,#5027,#5028,#5029,#5030,#5031,
#5032,#5033,#5034,#5035,#5036,#5037,#5038,#5039,#5040,#5041,#5042,#5043,
#5044),.UNSPECIFIED.,.F.,.F.,(4,3,3,3,3,3,4),(0.,0.182825277031439,0.380236064223752,
0.577593757718219,0.774863825957112,0.972049814542098,1.),.UNSPECIFIED.);
#857=B_SPLINE_CURVE_WITH_KNOTS('',3,(#5048,#5049,#5050,#5051,#5052,#5053,
#5054,#5055,#5056,#5057,#5058,#5059,#5060,#5061,#5062,#5063,#5064,#5065,
#5066),.UNSPECIFIED.,.F.,.F.,(4,3,3,3,3,3,4),(0.,0.182825277047856,0.380236064240146,
0.577593757734598,0.774863825973469,0.972049814558436,1.),.UNSPECIFIED.);
#858=B_SPLINE_CURVE_WITH_KNOTS('',3,(#5068,#5069,#5070,#5071,#5072,#5073,
#5074,#5075,#5076,#5077,#5078,#5079,#5080,#5081,#5082,#5083,#5084,#5085,
#5086),.UNSPECIFIED.,.F.,.F.,(4,3,3,3,3,3,4),(0.,0.0886680616444381,0.286203658783383,
0.483712416607912,0.681145717141457,0.803619644989986,1.),.UNSPECIFIED.);
#859=B_SPLINE_CURVE_WITH_KNOTS('',3,(#5090,#5091,#5092,#5093,#5094,#5095,
#5096,#5097,#5098,#5099,#5100,#5101,#5102,#5103,#5104,#5105,#5106,#5107,
#5108),.UNSPECIFIED.,.F.,.F.,(4,3,3,3,3,3,4),(0.,0.0585622226809015,0.255849052222224,
0.453044990417415,0.650171454904667,0.847279233690944,1.),.UNSPECIFIED.);
#860=B_SPLINE_CURVE_WITH_KNOTS('',3,(#5112,#5113,#5114,#5115,#5116,#5117,
#5118,#5119,#5120,#5121,#5122,#5123,#5124,#5125,#5126,#5127,#5128,#5129,
#5130),.UNSPECIFIED.,.F.,.F.,(4,3,3,3,3,3,4),(0.,0.182825277031788,0.3802360642241,
0.577593757718577,0.774863825957458,0.972049814542442,1.),.UNSPECIFIED.);
#861=B_SPLINE_CURVE_WITH_KNOTS('',3,(#5132,#5133,#5134,#5135,#5136,#5137,
#5138,#5139,#5140,#5141,#5142,#5143,#5144,#5145,#5146,#5147,#5148,#5149,
#5150),.UNSPECIFIED.,.F.,.F.,(4,3,3,3,3,3,4),(0.,0.13258318466637,0.329958716752583,
0.527294654752195,0.724548453488655,0.921713509243062,1.),.UNSPECIFIED.);
#862=B_SPLINE_CURVE_WITH_KNOTS('',3,(#5152,#5153,#5154,#5155,#5156,#5157,
#5158,#5159,#5160,#5161,#5162,#5163,#5164,#5165,#5166,#5167,#5168,#5169,
#5170),.UNSPECIFIED.,.F.,.F.,(4,3,3,3,3,3,4),(0.,0.182825277031565,0.380236064223872,
0.577593757718336,0.774863825957217,0.972049814542209,1.),.UNSPECIFIED.);
#863=B_SPLINE_CURVE_WITH_KNOTS('',3,(#5174,#5175,#5176,#5177),
 .UNSPECIFIED.,.F.,.F.,(4,4),(0.,1.),.UNSPECIFIED.);
#864=B_SPLINE_CURVE_WITH_KNOTS('',3,(#5179,#5180,#5181,#5182,#5183,#5184,
#5185),.UNSPECIFIED.,.F.,.F.,(4,3,4),(0.,0.902889937892588,1.),
 .UNSPECIFIED.);
#865=B_SPLINE_CURVE_WITH_KNOTS('',3,(#5189,#5190,#5191,#5192,#5193,#5194,
#5195),.UNSPECIFIED.,.F.,.F.,(4,3,4),(0.,0.191557730457827,1.),
 .UNSPECIFIED.);
#866=B_SPLINE_CURVE_WITH_KNOTS('',3,(#5197,#5198,#5199,#5200),
 .UNSPECIFIED.,.F.,.F.,(4,4),(0.,1.),.UNSPECIFIED.);
#867=B_SPLINE_CURVE_WITH_KNOTS('',3,(#5204,#5205,#5206,#5207),
 .UNSPECIFIED.,.F.,.F.,(4,4),(0.,1.),.UNSPECIFIED.);
#868=B_SPLINE_CURVE_WITH_KNOTS('',3,(#5209,#5210,#5211,#5212),
 .UNSPECIFIED.,.F.,.F.,(4,4),(0.,1.),.UNSPECIFIED.);
#869=B_SPLINE_CURVE_WITH_KNOTS('',3,(#5216,#5217,#5218,#5219),
 .UNSPECIFIED.,.F.,.F.,(4,4),(0.,1.),.UNSPECIFIED.);
#870=B_SPLINE_CURVE_WITH_KNOTS('',3,(#5221,#5222,#5223,#5224,#5225,#5226,
#5227),.UNSPECIFIED.,.F.,.F.,(4,3,4),(0.,0.107508288160119,1.),
 .UNSPECIFIED.);
#871=B_SPLINE_CURVE_WITH_KNOTS('',3,(#5231,#5232,#5233,#5234),
 .UNSPECIFIED.,.F.,.F.,(4,4),(0.,1.),.UNSPECIFIED.);
#872=B_SPLINE_CURVE_WITH_KNOTS('',3,(#5238,#5239,#5240,#5241),
 .UNSPECIFIED.,.F.,.F.,(4,4),(0.,1.),.UNSPECIFIED.);
#873=B_SPLINE_CURVE_WITH_KNOTS('',3,(#5243,#5244,#5245,#5246,#5247,#5248,
#5249),.UNSPECIFIED.,.F.,.F.,(4,3,4),(0.,0.191557730457827,1.),
 .UNSPECIFIED.);
#874=B_SPLINE_CURVE_WITH_KNOTS('',3,(#5251,#5252,#5253,#5254),
 .UNSPECIFIED.,.F.,.F.,(4,4),(0.,1.),.UNSPECIFIED.);
#875=B_SPLINE_CURVE_WITH_KNOTS('',3,(#5258,#5259,#5260,#5261,#5262,#5263,
#5264,#5265,#5266,#5267,#5268,#5269,#5270,#5271,#5272,#5273),
 .UNSPECIFIED.,.F.,.F.,(4,3,3,3,3,4),(0.,0.178642977269988,0.414849093087491,
0.650922049915445,0.886792090841032,1.),.UNSPECIFIED.);
#876=B_SPLINE_CURVE_WITH_KNOTS('',3,(#5274,#5275,#5276,#5277,#5278,#5279,
#5280,#5281,#5282,#5283,#5284,#5285,#5286,#5287,#5288,#5289),
 .UNSPECIFIED.,.F.,.F.,(4,3,3,3,3,4),(0.,0.234464225137482,0.470549082607495,
0.706476869103574,0.942197680135672,1.),.UNSPECIFIED.);
#877=B_SPLINE_CURVE_WITH_KNOTS('',3,(#5291,#5292,#5293,#5294,#5295,#5296,
#5297,#5298,#5299,#5300,#5301,#5302,#5303,#5304,#5305,#5306,#5307,#5308,
#5309),.UNSPECIFIED.,.F.,.F.,(4,3,3,3,3,3,4),(0.,0.00599104013468627,0.242255995716924,
0.478484797027338,0.62523963782052,0.86094200541784,1.),.UNSPECIFIED.);
#878=B_SPLINE_CURVE_WITH_KNOTS('',3,(#5310,#5311,#5312,#5313,#5314,#5315,
#5316,#5317,#5318,#5319,#5320,#5321,#5322,#5323,#5324,#5325),
 .UNSPECIFIED.,.F.,.F.,(4,3,3,3,3,4),(0.,0.178642977269989,0.414849093087485,
0.650922049915445,0.886792090841031,1.),.UNSPECIFIED.);
#879=B_SPLINE_CURVE_WITH_KNOTS('',3,(#5327,#5328,#5329,#5330,#5331,#5332,
#5333,#5334,#5335,#5336,#5337,#5338,#5339,#5340,#5341,#5342),
 .UNSPECIFIED.,.F.,.F.,(4,3,3,3,3,4),(0.,0.178642977269674,0.41484909308725,
0.650922049915282,0.886792090840937,1.),.UNSPECIFIED.);
#880=B_SPLINE_CURVE_WITH_KNOTS('',3,(#5343,#5344,#5345,#5346,#5347,#5348,
#5349,#5350,#5351,#5352,#5353,#5354,#5355,#5356,#5357,#5358),
 .UNSPECIFIED.,.F.,.F.,(4,3,3,3,3,4),(0.,0.178642977268905,0.414849093086407,
0.650922049914364,0.886792090839952,1.),.UNSPECIFIED.);
#881=B_SPLINE_CURVE_WITH_KNOTS('',3,(#5360,#5361,#5362,#5363,#5364,#5365,
#5366,#5367,#5368,#5369,#5370,#5371,#5372,#5373,#5374,#5375),
 .UNSPECIFIED.,.F.,.F.,(4,3,3,3,3,4),(0.,0.178642977269736,0.41484909308731,
0.650922049915338,0.886792090841001,1.),.UNSPECIFIED.);
#882=B_SPLINE_CURVE_WITH_KNOTS('',3,(#5376,#5377,#5378,#5379,#5380,#5381,
#5382,#5383,#5384,#5385,#5386,#5387,#5388,#5389,#5390,#5391),
 .UNSPECIFIED.,.F.,.F.,(4,3,3,3,3,4),(0.,0.208389367640888,0.444552362978147,
0.591287380818482,0.826930218372878,1.),.UNSPECIFIED.);
#883=B_SPLINE_CURVE_WITH_KNOTS('',3,(#5393,#5394,#5395,#5396,#5397,#5398,
#5399,#5400,#5401,#5402,#5403,#5404,#5405,#5406,#5407,#5408),
 .UNSPECIFIED.,.F.,.F.,(4,3,3,3,3,4),(0.,0.111668790608247,0.347394534025322,
0.582922528488302,0.818322323228269,1.),.UNSPECIFIED.);
#884=B_SPLINE_CURVE_WITH_KNOTS('',3,(#5409,#5410,#5411,#5412,#5413,#5414,
#5415,#5416,#5417,#5418,#5419,#5420,#5421,#5422,#5423,#5424),
 .UNSPECIFIED.,.F.,.F.,(4,3,3,3,3,4),(0.,0.178642977269738,0.414849093087311,
0.650922049915339,0.886792090840997,1.),.UNSPECIFIED.);
#885=B_SPLINE_CURVE_WITH_KNOTS('',3,(#5426,#5427,#5428,#5429,#5430,#5431,
#5432,#5433,#5434,#5435,#5436,#5437,#5438,#5439,#5440,#5441),
 .UNSPECIFIED.,.F.,.F.,(4,3,3,3,3,4),(0.,0.199762888400161,0.435794589447124,
0.671683638378968,0.907367781307599,1.),.UNSPECIFIED.);
#886=B_SPLINE_CURVE_WITH_KNOTS('',3,(#5442,#5443,#5444,#5445,#5446,#5447,
#5448,#5449,#5450,#5451,#5452,#5453,#5454,#5455,#5456,#5457),
 .UNSPECIFIED.,.F.,.F.,(4,3,3,3,3,4),(0.,0.178642977269981,0.414849093087483,
0.650922049915433,0.886792090841022,1.),.UNSPECIFIED.);
#887=B_SPLINE_CURVE_WITH_KNOTS('',3,(#5590,#5591,#5592,#5593),
 .UNSPECIFIED.,.F.,.F.,(4,4),(0.,1.),.UNSPECIFIED.);
#888=B_SPLINE_CURVE_WITH_KNOTS('',3,(#5597,#5598,#5599,#5600),
 .UNSPECIFIED.,.F.,.F.,(4,4),(0.,1.),.UNSPECIFIED.);
#889=B_SPLINE_CURVE_WITH_KNOTS('',3,(#5602,#5603,#5604,#5605),
 .UNSPECIFIED.,.F.,.F.,(4,4),(0.,1.),.UNSPECIFIED.);
#890=B_SPLINE_CURVE_WITH_KNOTS('',3,(#5609,#5610,#5611,#5612),
 .UNSPECIFIED.,.F.,.F.,(4,4),(0.,1.),.UNSPECIFIED.);
#891=B_SPLINE_CURVE_WITH_KNOTS('',3,(#5614,#5615,#5616,#5617,#5618,#5619,
#5620),.UNSPECIFIED.,.F.,.F.,(4,3,4),(0.,0.7446551956006,1.),
 .UNSPECIFIED.);
#892=B_SPLINE_CURVE_WITH_KNOTS('',3,(#5624,#5625,#5626,#5627),
 .UNSPECIFIED.,.F.,.F.,(4,4),(0.,1.),.UNSPECIFIED.);
#893=B_SPLINE_CURVE_WITH_KNOTS('',3,(#5629,#5630,#5631,#5632),
 .UNSPECIFIED.,.F.,.F.,(4,4),(0.,1.),.UNSPECIFIED.);
#894=B_SPLINE_CURVE_WITH_KNOTS('',3,(#5636,#5637,#5638,#5639),
 .UNSPECIFIED.,.F.,.F.,(4,4),(0.,1.),.UNSPECIFIED.);
#895=B_SPLINE_CURVE_WITH_KNOTS('',3,(#5641,#5642,#5643,#5644),
 .UNSPECIFIED.,.F.,.F.,(4,4),(0.,1.),.UNSPECIFIED.);
#896=B_SPLINE_CURVE_WITH_KNOTS('',3,(#5648,#5649,#5650,#5651),
 .UNSPECIFIED.,.F.,.F.,(4,4),(0.,1.),.UNSPECIFIED.);
#897=B_SPLINE_CURVE_WITH_KNOTS('',3,(#5653,#5654,#5655,#5656,#5657,#5658,
#5659,#5660,#5661,#5662,#5663,#5664,#5665,#5666,#5667,#5668,#5669,#5670,
#5671,#5672,#5673,#5674),.UNSPECIFIED.,.F.,.F.,(4,3,3,3,3,3,3,4),(0.,0.160472256265624,
0.321492454908612,0.482492819023714,0.643512745880347,0.804592855707328,
0.965748311461515,1.),.UNSPECIFIED.);
#898=B_SPLINE_CURVE_WITH_KNOTS('',3,(#5678,#5679,#5680,#5681,#5682,#5683,
#5684,#5685,#5686,#5687,#5688,#5689,#5690,#5691,#5692,#5693,#5694,#5695,
#5696,#5697,#5698,#5699),.UNSPECIFIED.,.F.,.F.,(4,3,3,3,3,3,3,4),(0.,0.160472256289958,
0.321492454932975,0.482492819048116,0.643512745904796,0.804592855731828,
0.965748311486057,1.),.UNSPECIFIED.);
#899=B_SPLINE_CURVE_WITH_KNOTS('',3,(#5701,#5702,#5703,#5704,#5705,#5706,
#5707,#5708,#5709,#5710,#5711,#5712,#5713,#5714,#5715,#5716,#5717,#5718,
#5719,#5720,#5721,#5722),.UNSPECIFIED.,.F.,.F.,(4,3,3,3,3,3,3,4),(0.,0.126983713458369,
0.288248656784981,0.449475551455131,0.610632050242183,0.771716507437977,
0.932758018957404,1.),.UNSPECIFIED.);
#900=B_SPLINE_CURVE_WITH_KNOTS('',3,(#5726,#5727,#5728,#5729,#5730,#5731,
#5732,#5733,#5734,#5735,#5736,#5737,#5738,#5739,#5740,#5741,#5742,#5743,
#5744,#5745,#5746,#5747),.UNSPECIFIED.,.F.,.F.,(4,3,3,3,3,3,3,4),(0.,0.160472256267744,
0.321492454910732,0.482492819025844,0.643512745882483,0.804592855709465,
0.965748311463657,1.),.UNSPECIFIED.);
#901=B_SPLINE_CURVE_WITH_KNOTS('',3,(#5749,#5750,#5751,#5752,#5753,#5754,
#5755,#5756,#5757,#5758,#5759,#5760,#5761,#5762,#5763,#5764,#5765,#5766,
#5767,#5768,#5769,#5770,#5771,#5772,#5773),.UNSPECIFIED.,.F.,.F.,(4,3,3,
3,3,3,3,3,4),(0.,0.0126907969395049,0.173865294030983,0.33497602008149,
0.496061305177253,0.595899796483987,0.757141169030687,0.918379181778965,
1.),.UNSPECIFIED.);
#902=B_SPLINE_CURVE_WITH_KNOTS('',3,(#5777,#5778,#5779,#5780,#5781,#5782,
#5783,#5784,#5785,#5786,#5787,#5788,#5789,#5790,#5791,#5792,#5793,#5794,
#5795,#5796,#5797,#5798),.UNSPECIFIED.,.F.,.F.,(4,3,3,3,3,3,3,4),(0.,0.160472256265552,
0.321492454908535,0.482492819023644,0.643512745880284,0.804592855707265,
0.965748311461452,1.),.UNSPECIFIED.);
#903=B_SPLINE_CURVE_WITH_KNOTS('',3,(#5800,#5801,#5802,#5803,#5804,#5805,
#5806,#5807,#5808,#5809,#5810,#5811,#5812,#5813,#5814,#5815,#5816,#5817,
#5818,#5819,#5820,#5821),.UNSPECIFIED.,.F.,.F.,(4,3,3,3,3,3,3,4),(0.,0.160472256265761,
0.321492454908746,0.482492819023849,0.643512745880487,0.804592855707468,
0.965748311461654,1.),.UNSPECIFIED.);
#904=B_SPLINE_CURVE_WITH_KNOTS('',3,(#5825,#5826,#5827,#5828,#5829,#5830,
#5831,#5832,#5833,#5834,#5835,#5836,#5837,#5838,#5839,#5840,#5841,#5842,
#5843,#5844,#5845,#5846,#5847,#5848,#5849),.UNSPECIFIED.,.F.,.F.,(4,3,3,
3,3,3,3,3,4),(0.,0.00268990057404219,0.163850295714813,0.32494530864751,
0.486011969663358,0.58583721607875,0.747055439389922,0.908270237141553,
1.),.UNSPECIFIED.);
#905=B_SPLINE_CURVE_WITH_KNOTS('',3,(#5851,#5852,#5853,#5854,#5855,#5856,
#5857,#5858,#5859,#5860,#5861,#5862,#5863,#5864,#5865,#5866,#5867,#5868,
#5869,#5870,#5871,#5872),.UNSPECIFIED.,.F.,.F.,(4,3,3,3,3,3,3,4),(0.,0.160472256287293,
0.321492454930304,0.482492819045445,0.643512745902121,0.804592855729148,
0.965748311483372,1.),.UNSPECIFIED.);
#906=B_SPLINE_CURVE_WITH_KNOTS('',3,(#5876,#5877,#5878,#5879,#5880,#5881,
#5882,#5883,#5884,#5885,#5886,#5887,#5888,#5889,#5890,#5891,#5892,#5893,
#5894,#5895,#5896,#5897),.UNSPECIFIED.,.F.,.F.,(4,3,3,3,3,3,3,4),(0.,0.160472256275825,
0.321492454918822,0.482492819033942,0.643512745890601,0.804592855717604,
0.965748311471804,1.),.UNSPECIFIED.);
#907=B_SPLINE_CURVE_WITH_KNOTS('',3,(#5989,#5990,#5991,#5992,#5993,#5994,
#5995,#5996,#5997,#5998,#5999,#6000,#6001,#6002,#6003,#6004,#6005,#6006,
#6007),.UNSPECIFIED.,.F.,.F.,(4,3,3,3,3,3,4),(0.,0.182825277031444,0.380236064223766,
0.577593757718223,0.774863825957105,0.972049814542093,1.),.UNSPECIFIED.);
#908=B_SPLINE_CURVE_WITH_KNOTS('',3,(#6011,#6012,#6013,#6014,#6015,#6016,
#6017,#6018,#6019,#6020,#6021,#6022,#6023,#6024,#6025,#6026,#6027,#6028,
#6029),.UNSPECIFIED.,.F.,.F.,(4,3,3,3,3,3,4),(0.,0.182825277031443,0.380236064223763,
0.577593757718224,0.774863825957105,0.972049814542098,1.),.UNSPECIFIED.);
#909=B_SPLINE_CURVE_WITH_KNOTS('',3,(#6031,#6032,#6033,#6034,#6035,#6036,
#6037,#6038,#6039,#6040,#6041,#6042,#6043,#6044,#6045,#6046,#6047,#6048,
#6049),.UNSPECIFIED.,.F.,.F.,(4,3,3,3,3,3,4),(0.,0.196555212622201,0.39369382888501,
0.590856942442098,0.788097441653771,0.985428329362627,1.),.UNSPECIFIED.);
#910=B_SPLINE_CURVE_WITH_KNOTS('',3,(#6053,#6054,#6055,#6056,#6057,#6058,
#6059,#6060,#6061,#6062,#6063,#6064,#6065,#6066,#6067,#6068,#6069,#6070,
#6071),.UNSPECIFIED.,.F.,.F.,(4,3,3,3,3,3,4),(0.,0.182825277046852,0.380236064239151,
0.577593757733602,0.774863825972469,0.972049814557447,1.),.UNSPECIFIED.);
#911=B_SPLINE_CURVE_WITH_KNOTS('',3,(#6073,#6074,#6075,#6076,#6077,#6078,
#6079,#6080,#6081,#6082,#6083,#6084,#6085,#6086,#6087,#6088,#6089,#6090,
#6091,#6092,#6093,#6094),.UNSPECIFIED.,.F.,.F.,(4,3,3,3,3,3,3,4),(0.,0.0837488518315595,
0.28129743997808,0.47882066336596,0.676269287841128,0.798754944319613,0.996031906382431,
1.),.UNSPECIFIED.);
#912=B_SPLINE_CURVE_WITH_KNOTS('',3,(#6098,#6099,#6100,#6101,#6102,#6103,
#6104,#6105,#6106,#6107,#6108,#6109,#6110,#6111,#6112,#6113,#6114,#6115,
#6116),.UNSPECIFIED.,.F.,.F.,(4,3,3,3,3,3,4),(0.,0.18282527703143,0.380236064223749,
0.577593757718213,0.774863825957103,0.972049814542094,1.),.UNSPECIFIED.);
#913=B_SPLINE_CURVE_WITH_KNOTS('',3,(#6118,#6119,#6120,#6121,#6122,#6123,
#6124,#6125,#6126,#6127,#6128,#6129,#6130,#6131,#6132,#6133,#6134,#6135,
#6136),.UNSPECIFIED.,.F.,.F.,(4,3,3,3,3,3,4),(0.,0.182825277047851,0.380236064240161,
0.577593757734604,0.77486382597347,0.972049814558441,1.),.UNSPECIFIED.);
#914=B_SPLINE_CURVE_WITH_KNOTS('',3,(#6140,#6141,#6142,#6143,#6144,#6145,
#6146,#6147,#6148,#6149,#6150,#6151,#6152,#6153,#6154,#6155,#6156,#6157,
#6158),.UNSPECIFIED.,.F.,.F.,(4,3,3,3,3,3,4),(0.,0.0886680616444289,0.286203658783372,
0.4837124166079,0.681145717141451,0.803619644989982,1.),.UNSPECIFIED.);
#915=B_SPLINE_CURVE_WITH_KNOTS('',3,(#6160,#6161,#6162,#6163,#6164,#6165,
#6166,#6167,#6168,#6169,#6170,#6171,#6172,#6173,#6174,#6175,#6176,#6177,
#6178),.UNSPECIFIED.,.F.,.F.,(4,3,3,3,3,3,4),(0.,0.18282527703143,0.380236064223735,
0.577593757718203,0.7748638259571,0.972049814542078,1.),.UNSPECIFIED.);
#916=B_SPLINE_CURVE_WITH_KNOTS('',3,(#6182,#6183,#6184,#6185,#6186,#6187,
#6188,#6189,#6190,#6191,#6192,#6193,#6194,#6195,#6196,#6197,#6198,#6199,
#6200),.UNSPECIFIED.,.F.,.F.,(4,3,3,3,3,3,4),(0.,0.182825277031408,0.38023606422372,
0.577593757718197,0.774863825957094,0.972049814542069,1.),.UNSPECIFIED.);
#917=B_SPLINE_CURVE_WITH_KNOTS('',3,(#6202,#6203,#6204,#6205),
 .UNSPECIFIED.,.F.,.F.,(4,4),(0.,1.),.UNSPECIFIED.);
#918=B_SPLINE_CURVE_WITH_KNOTS('',3,(#6209,#6210,#6211,#6212),
 .UNSPECIFIED.,.F.,.F.,(4,4),(0.,1.),.UNSPECIFIED.);
#919=B_SPLINE_CURVE_WITH_KNOTS('',3,(#6214,#6215,#6216,#6217,#6218,#6219,
#6220),.UNSPECIFIED.,.F.,.F.,(4,3,4),(0.,0.716060926227274,1.),
 .UNSPECIFIED.);
#920=B_SPLINE_CURVE_WITH_KNOTS('',3,(#6224,#6225,#6226,#6227),
 .UNSPECIFIED.,.F.,.F.,(4,4),(0.,1.),.UNSPECIFIED.);
#921=B_SPLINE_CURVE_WITH_KNOTS('',3,(#6229,#6230,#6231,#6232,#6233,#6234,
#6235),.UNSPECIFIED.,.F.,.F.,(4,3,4),(0.,0.191557730457827,1.),
 .UNSPECIFIED.);
#922=B_SPLINE_CURVE_WITH_KNOTS('',3,(#6239,#6240,#6241,#6242),
 .UNSPECIFIED.,.F.,.F.,(4,4),(0.,1.),.UNSPECIFIED.);
#923=B_SPLINE_CURVE_WITH_KNOTS('',3,(#6244,#6245,#6246,#6247),
 .UNSPECIFIED.,.F.,.F.,(4,4),(0.,1.),.UNSPECIFIED.);
#924=B_SPLINE_CURVE_WITH_KNOTS('',3,(#6251,#6252,#6253,#6254,#6255,#6256,
#6257),.UNSPECIFIED.,.F.,.F.,(4,3,4),(0.,0.107508288160119,1.),
 .UNSPECIFIED.);
#925=B_SPLINE_CURVE_WITH_KNOTS('',3,(#6259,#6260,#6261,#6262),
 .UNSPECIFIED.,.F.,.F.,(4,4),(0.,1.),.UNSPECIFIED.);
#926=B_SPLINE_CURVE_WITH_KNOTS('',3,(#6266,#6267,#6268,#6269),
 .UNSPECIFIED.,.F.,.F.,(4,4),(0.,1.),.UNSPECIFIED.);
#927=B_SPLINE_CURVE_WITH_KNOTS('',3,(#6271,#6272,#6273,#6274,#6275,#6276,
#6277,#6278,#6279,#6280,#6281,#6282,#6283,#6284,#6285,#6286),
 .UNSPECIFIED.,.F.,.F.,(4,3,3,3,3,4),(0.,0.178642977269932,0.41484909308743,
0.650922049915391,0.886792090840982,1.),.UNSPECIFIED.);
#928=B_SPLINE_CURVE_WITH_KNOTS('',3,(#6287,#6288,#6289,#6290,#6291,#6292,
#6293,#6294,#6295,#6296,#6297,#6298,#6299,#6300,#6301,#6302),
 .UNSPECIFIED.,.F.,.F.,(4,3,3,3,3,4),(0.,0.178642977269991,0.41484909308749,
0.650922049915445,0.886792090841036,1.),.UNSPECIFIED.);
#929=B_SPLINE_CURVE_WITH_KNOTS('',3,(#6304,#6305,#6306,#6307,#6308,#6309,
#6310,#6311,#6312,#6313,#6314,#6315,#6316,#6317,#6318,#6319),
 .UNSPECIFIED.,.F.,.F.,(4,3,3,3,3,4),(0.,0.235418890032579,0.470970352707678,
0.706632233556043,0.942498635979805,1.),.UNSPECIFIED.);
#930=B_SPLINE_CURVE_WITH_KNOTS('',3,(#6320,#6321,#6322,#6323,#6324,#6325,
#6326,#6327,#6328,#6329,#6330,#6331,#6332,#6333,#6334,#6335),
 .UNSPECIFIED.,.F.,.F.,(4,3,3,3,3,4),(0.,0.178642977269739,0.414849093087307,
0.650922049915338,0.886792090840997,1.),.UNSPECIFIED.);
#931=B_SPLINE_CURVE_WITH_KNOTS('',3,(#6337,#6338,#6339,#6340,#6341,#6342,
#6343,#6344,#6345,#6346,#6347,#6348,#6349,#6350,#6351,#6352,#6353,#6354,
#6355),.UNSPECIFIED.,.F.,.F.,(4,3,3,3,3,3,4),(0.,0.00599104013465643,0.242255995716893,
0.478484797027311,0.625239637820507,0.860942005417819,1.),.UNSPECIFIED.);
#932=B_SPLINE_CURVE_WITH_KNOTS('',3,(#6356,#6357,#6358,#6359,#6360,#6361,
#6362,#6363,#6364,#6365,#6366,#6367,#6368,#6369,#6370,#6371),
 .UNSPECIFIED.,.F.,.F.,(4,3,3,3,3,4),(0.,0.17864297726973,0.414849093087305,
0.650922049915333,0.886792090840997,1.),.UNSPECIFIED.);
#933=B_SPLINE_CURVE_WITH_KNOTS('',3,(#6373,#6374,#6375,#6376,#6377,#6378,
#6379,#6380,#6381,#6382,#6383,#6384,#6385,#6386,#6387,#6388),
 .UNSPECIFIED.,.F.,.F.,(4,3,3,3,3,4),(0.,0.178642977269737,0.414849093087306,
0.650922049915338,0.886792090840997,1.),.UNSPECIFIED.);
#934=B_SPLINE_CURVE_WITH_KNOTS('',3,(#6389,#6390,#6391,#6392,#6393,#6394,
#6395,#6396,#6397,#6398,#6399,#6400,#6401,#6402,#6403,#6404),
 .UNSPECIFIED.,.F.,.F.,(4,3,3,3,3,4),(0.,0.208389367640748,0.44455236297805,
0.591287380818409,0.826930218372848,1.),.UNSPECIFIED.);
#935=B_SPLINE_CURVE_WITH_KNOTS('',3,(#6406,#6407,#6408,#6409,#6410,#6411,
#6412,#6413,#6414,#6415,#6416,#6417,#6418,#6419,#6420,#6421),
 .UNSPECIFIED.,.F.,.F.,(4,3,3,3,3,4),(0.,0.178642977269439,0.414849093087014,
0.650922049915043,0.886792090840699,1.),.UNSPECIFIED.);
#936=B_SPLINE_CURVE_WITH_KNOTS('',3,(#6422,#6423,#6424,#6425,#6426,#6427,
#6428,#6429,#6430,#6431,#6432,#6433,#6434,#6435,#6436,#6437),
 .UNSPECIFIED.,.F.,.F.,(4,3,3,3,3,4),(0.,0.17864297726974,0.414849093087311,
0.650922049915338,0.886792090841006,1.),.UNSPECIFIED.);
#937=B_SPLINE_CURVE_WITH_KNOTS('',3,(#6439,#6440,#6441,#6442),
 .UNSPECIFIED.,.F.,.F.,(4,4),(0.,1.),.UNSPECIFIED.);
#938=B_SPLINE_CURVE_WITH_KNOTS('',3,(#6446,#6447,#6448,#6449,#6450,#6451,
#6452),.UNSPECIFIED.,.F.,.F.,(4,3,4),(0.,0.512548515721888,1.),
 .UNSPECIFIED.);
#939=B_SPLINE_CURVE_WITH_KNOTS('',3,(#6454,#6455,#6456,#6457,#6458,#6459,
#6460,#6461,#6462,#6463,#6464,#6465,#6466,#6467,#6468,#6469,#6470,#6471,
#6472,#6473,#6474,#6475),.UNSPECIFIED.,.F.,.F.,(4,3,3,3,3,3,3,4),(0.,0.160472256265621,
0.321492454908605,0.482492819023711,0.643512745880348,0.804592855707329,
0.965748311461514,1.),.UNSPECIFIED.);
#940=B_SPLINE_CURVE_WITH_KNOTS('',3,(#6479,#6480,#6481,#6482,#6483,#6484,
#6485,#6486,#6487,#6488,#6489,#6490,#6491,#6492,#6493,#6494,#6495,#6496,
#6497,#6498,#6499,#6500),.UNSPECIFIED.,.F.,.F.,(4,3,3,3,3,3,3,4),(0.,0.13110003671799,
0.292105240749928,0.453072968375767,0.614051321031028,0.775083910915291,
0.936191448438253,1.),.UNSPECIFIED.);
#941=B_SPLINE_CURVE_WITH_KNOTS('',3,(#6520,#6521,#6522,#6523,#6524,#6525,
#6526,#6527,#6528,#6529,#6530,#6531,#6532,#6533,#6534,#6535,#6536,#6537,
#6538),.UNSPECIFIED.,.F.,.F.,(4,3,3,3,3,3,4),(0.,0.182825277031438,0.380236064223761,
0.577593757718224,0.774863825957116,0.972049814542097,1.),.UNSPECIFIED.);
#942=B_SPLINE_CURVE_WITH_KNOTS('',3,(#6542,#6543,#6544,#6545,#6546,#6547,
#6548,#6549,#6550,#6551,#6552,#6553,#6554,#6555,#6556,#6557,#6558,#6559,
#6560),.UNSPECIFIED.,.F.,.F.,(4,3,3,3,3,3,4),(0.,0.137753807521348,0.335130242902544,
0.532465636337544,0.729718214792429,0.926882414866768,1.),.UNSPECIFIED.);
#943=B_SPLINE_CURVE_WITH_KNOTS('',3,(#6562,#6563,#6564,#6565),
 .UNSPECIFIED.,.F.,.F.,(4,4),(0.,1.),.UNSPECIFIED.);
#944=B_SPLINE_CURVE_WITH_KNOTS('',3,(#6569,#6570,#6571,#6572,#6573,#6574,
#6575),.UNSPECIFIED.,.F.,.F.,(4,3,4),(0.,0.902889937892588,1.),
 .UNSPECIFIED.);
#945=B_SPLINE_CURVE_WITH_KNOTS('',3,(#6577,#6578,#6579,#6580,#6581,#6582,
#6583,#6584,#6585,#6586,#6587,#6588,#6589,#6590,#6591,#6592),
 .UNSPECIFIED.,.F.,.F.,(4,3,3,3,3,4),(0.,0.178642977269655,0.414849093087228,
0.650922049915254,0.886792090840916,1.),.UNSPECIFIED.);
#946=B_SPLINE_CURVE_WITH_KNOTS('',3,(#6593,#6594,#6595,#6596,#6597,#6598,
#6599,#6600,#6601,#6602,#6603,#6604,#6605,#6606,#6607,#6608),
 .UNSPECIFIED.,.F.,.F.,(4,3,3,3,3,4),(0.,0.234464225137482,0.470549082607495,
0.706476869103574,0.942197680135672,1.),.UNSPECIFIED.);
#947=ORIENTED_EDGE('',*,*,#2201,.T.);
#948=ORIENTED_EDGE('',*,*,#2202,.T.);
#949=ORIENTED_EDGE('',*,*,#2203,.T.);
#950=ORIENTED_EDGE('',*,*,#2204,.T.);
#951=ORIENTED_EDGE('',*,*,#2205,.T.);
#952=ORIENTED_EDGE('',*,*,#2206,.T.);
#953=ORIENTED_EDGE('',*,*,#2207,.T.);
#954=ORIENTED_EDGE('',*,*,#2208,.T.);
#955=ORIENTED_EDGE('',*,*,#2209,.T.);
#956=ORIENTED_EDGE('',*,*,#2210,.T.);
#957=ORIENTED_EDGE('',*,*,#2211,.T.);
#958=ORIENTED_EDGE('',*,*,#2212,.T.);
#959=ORIENTED_EDGE('',*,*,#2213,.T.);
#960=ORIENTED_EDGE('',*,*,#2214,.T.);
#961=ORIENTED_EDGE('',*,*,#2215,.T.);
#962=ORIENTED_EDGE('',*,*,#2216,.T.);
#963=ORIENTED_EDGE('',*,*,#2217,.T.);
#964=ORIENTED_EDGE('',*,*,#2218,.T.);
#965=ORIENTED_EDGE('',*,*,#2219,.T.);
#966=ORIENTED_EDGE('',*,*,#2220,.T.);
#967=ORIENTED_EDGE('',*,*,#2221,.T.);
#968=ORIENTED_EDGE('',*,*,#2222,.T.);
#969=ORIENTED_EDGE('',*,*,#2223,.T.);
#970=ORIENTED_EDGE('',*,*,#2224,.T.);
#971=ORIENTED_EDGE('',*,*,#2225,.T.);
#972=ORIENTED_EDGE('',*,*,#2226,.T.);
#973=ORIENTED_EDGE('',*,*,#2227,.T.);
#974=ORIENTED_EDGE('',*,*,#2228,.T.);
#975=ORIENTED_EDGE('',*,*,#2229,.T.);
#976=ORIENTED_EDGE('',*,*,#2230,.T.);
#977=ORIENTED_EDGE('',*,*,#2231,.T.);
#978=ORIENTED_EDGE('',*,*,#2232,.T.);
#979=ORIENTED_EDGE('',*,*,#2233,.T.);
#980=ORIENTED_EDGE('',*,*,#2234,.T.);
#981=ORIENTED_EDGE('',*,*,#2235,.F.);
#982=ORIENTED_EDGE('',*,*,#2236,.T.);
#983=ORIENTED_EDGE('',*,*,#2237,.T.);
#984=ORIENTED_EDGE('',*,*,#2238,.T.);
#985=ORIENTED_EDGE('',*,*,#2239,.F.);
#986=ORIENTED_EDGE('',*,*,#2240,.T.);
#987=ORIENTED_EDGE('',*,*,#2241,.T.);
#988=ORIENTED_EDGE('',*,*,#2242,.T.);
#989=ORIENTED_EDGE('',*,*,#2243,.T.);
#990=ORIENTED_EDGE('',*,*,#2244,.T.);
#991=ORIENTED_EDGE('',*,*,#2245,.F.);
#992=ORIENTED_EDGE('',*,*,#2246,.T.);
#993=ORIENTED_EDGE('',*,*,#2247,.T.);
#994=ORIENTED_EDGE('',*,*,#2248,.T.);
#995=ORIENTED_EDGE('',*,*,#2249,.F.);
#996=ORIENTED_EDGE('',*,*,#2250,.T.);
#997=ORIENTED_EDGE('',*,*,#2251,.T.);
#998=ORIENTED_EDGE('',*,*,#2252,.T.);
#999=ORIENTED_EDGE('',*,*,#2253,.T.);
#1000=ORIENTED_EDGE('',*,*,#2254,.F.);
#1001=ORIENTED_EDGE('',*,*,#2255,.T.);
#1002=ORIENTED_EDGE('',*,*,#2256,.T.);
#1003=ORIENTED_EDGE('',*,*,#2257,.T.);
#1004=ORIENTED_EDGE('',*,*,#2258,.F.);
#1005=ORIENTED_EDGE('',*,*,#2259,.T.);
#1006=ORIENTED_EDGE('',*,*,#2260,.T.);
#1007=ORIENTED_EDGE('',*,*,#2261,.T.);
#1008=ORIENTED_EDGE('',*,*,#2262,.F.);
#1009=ORIENTED_EDGE('',*,*,#2263,.T.);
#1010=ORIENTED_EDGE('',*,*,#2264,.T.);
#1011=ORIENTED_EDGE('',*,*,#2265,.T.);
#1012=ORIENTED_EDGE('',*,*,#2266,.F.);
#1013=ORIENTED_EDGE('',*,*,#2267,.T.);
#1014=ORIENTED_EDGE('',*,*,#2268,.T.);
#1015=ORIENTED_EDGE('',*,*,#2269,.T.);
#1016=ORIENTED_EDGE('',*,*,#2270,.F.);
#1017=ORIENTED_EDGE('',*,*,#2271,.T.);
#1018=ORIENTED_EDGE('',*,*,#2272,.T.);
#1019=ORIENTED_EDGE('',*,*,#2273,.T.);
#1020=ORIENTED_EDGE('',*,*,#2274,.F.);
#1021=ORIENTED_EDGE('',*,*,#2275,.T.);
#1022=ORIENTED_EDGE('',*,*,#2276,.T.);
#1023=ORIENTED_EDGE('',*,*,#2277,.T.);
#1024=ORIENTED_EDGE('',*,*,#2278,.F.);
#1025=ORIENTED_EDGE('',*,*,#2279,.T.);
#1026=ORIENTED_EDGE('',*,*,#2280,.T.);
#1027=ORIENTED_EDGE('',*,*,#2281,.T.);
#1028=ORIENTED_EDGE('',*,*,#2282,.F.);
#1029=ORIENTED_EDGE('',*,*,#2283,.F.);
#1030=ORIENTED_EDGE('',*,*,#2284,.F.);
#1031=ORIENTED_EDGE('',*,*,#2285,.T.);
#1032=ORIENTED_EDGE('',*,*,#2286,.F.);
#1033=ORIENTED_EDGE('',*,*,#2287,.F.);
#1034=ORIENTED_EDGE('',*,*,#2288,.T.);
#1035=ORIENTED_EDGE('',*,*,#2289,.T.);
#1036=ORIENTED_EDGE('',*,*,#2290,.F.);
#1037=ORIENTED_EDGE('',*,*,#2291,.F.);
#1038=ORIENTED_EDGE('',*,*,#2290,.T.);
#1039=ORIENTED_EDGE('',*,*,#2292,.T.);
#1040=ORIENTED_EDGE('',*,*,#2293,.F.);
#1041=ORIENTED_EDGE('',*,*,#2294,.F.);
#1042=ORIENTED_EDGE('',*,*,#2295,.T.);
#1043=ORIENTED_EDGE('',*,*,#2296,.T.);
#1044=ORIENTED_EDGE('',*,*,#2297,.F.);
#1045=ORIENTED_EDGE('',*,*,#2298,.F.);
#1046=ORIENTED_EDGE('',*,*,#2299,.T.);
#1047=ORIENTED_EDGE('',*,*,#2300,.T.);
#1048=ORIENTED_EDGE('',*,*,#2301,.F.);
#1049=ORIENTED_EDGE('',*,*,#2302,.F.);
#1050=ORIENTED_EDGE('',*,*,#2303,.T.);
#1051=ORIENTED_EDGE('',*,*,#2304,.T.);
#1052=ORIENTED_EDGE('',*,*,#2305,.F.);
#1053=ORIENTED_EDGE('',*,*,#2306,.T.);
#1054=ORIENTED_EDGE('',*,*,#2307,.F.);
#1055=ORIENTED_EDGE('',*,*,#2308,.F.);
#1056=ORIENTED_EDGE('',*,*,#2309,.T.);
#1057=ORIENTED_EDGE('',*,*,#2310,.F.);
#1058=ORIENTED_EDGE('',*,*,#2311,.T.);
#1059=ORIENTED_EDGE('',*,*,#2312,.T.);
#1060=ORIENTED_EDGE('',*,*,#2313,.F.);
#1061=ORIENTED_EDGE('',*,*,#2314,.F.);
#1062=ORIENTED_EDGE('',*,*,#2293,.T.);
#1063=ORIENTED_EDGE('',*,*,#2315,.T.);
#1064=ORIENTED_EDGE('',*,*,#2316,.F.);
#1065=ORIENTED_EDGE('',*,*,#2317,.F.);
#1066=ORIENTED_EDGE('',*,*,#2297,.T.);
#1067=ORIENTED_EDGE('',*,*,#2318,.T.);
#1068=ORIENTED_EDGE('',*,*,#2319,.F.);
#1069=ORIENTED_EDGE('',*,*,#2320,.F.);
#1070=ORIENTED_EDGE('',*,*,#2301,.T.);
#1071=ORIENTED_EDGE('',*,*,#2321,.T.);
#1072=ORIENTED_EDGE('',*,*,#2322,.F.);
#1073=ORIENTED_EDGE('',*,*,#2323,.F.);
#1074=ORIENTED_EDGE('',*,*,#2305,.T.);
#1075=ORIENTED_EDGE('',*,*,#2324,.T.);
#1076=ORIENTED_EDGE('',*,*,#2325,.F.);
#1077=ORIENTED_EDGE('',*,*,#2326,.T.);
#1078=ORIENTED_EDGE('',*,*,#2327,.F.);
#1079=ORIENTED_EDGE('',*,*,#2328,.F.);
#1080=ORIENTED_EDGE('',*,*,#2307,.T.);
#1081=ORIENTED_EDGE('',*,*,#2329,.F.);
#1082=ORIENTED_EDGE('',*,*,#2313,.T.);
#1083=ORIENTED_EDGE('',*,*,#2330,.T.);
#1084=ORIENTED_EDGE('',*,*,#2331,.F.);
#1085=ORIENTED_EDGE('',*,*,#2332,.F.);
#1086=ORIENTED_EDGE('',*,*,#2316,.T.);
#1087=ORIENTED_EDGE('',*,*,#2333,.F.);
#1088=ORIENTED_EDGE('',*,*,#2334,.F.);
#1089=ORIENTED_EDGE('',*,*,#2335,.F.);
#1090=ORIENTED_EDGE('',*,*,#2319,.T.);
#1091=ORIENTED_EDGE('',*,*,#2336,.T.);
#1092=ORIENTED_EDGE('',*,*,#2337,.F.);
#1093=ORIENTED_EDGE('',*,*,#2338,.F.);
#1094=ORIENTED_EDGE('',*,*,#2322,.T.);
#1095=ORIENTED_EDGE('',*,*,#2339,.T.);
#1096=ORIENTED_EDGE('',*,*,#2340,.F.);
#1097=ORIENTED_EDGE('',*,*,#2341,.F.);
#1098=ORIENTED_EDGE('',*,*,#2325,.T.);
#1099=ORIENTED_EDGE('',*,*,#2342,.T.);
#1100=ORIENTED_EDGE('',*,*,#2343,.F.);
#1101=ORIENTED_EDGE('',*,*,#2344,.T.);
#1102=ORIENTED_EDGE('',*,*,#2345,.F.);
#1103=ORIENTED_EDGE('',*,*,#2346,.F.);
#1104=ORIENTED_EDGE('',*,*,#2327,.T.);
#1105=ORIENTED_EDGE('',*,*,#2347,.F.);
#1106=ORIENTED_EDGE('',*,*,#2331,.T.);
#1107=ORIENTED_EDGE('',*,*,#2348,.T.);
#1108=ORIENTED_EDGE('',*,*,#2349,.F.);
#1109=ORIENTED_EDGE('',*,*,#2350,.F.);
#1110=ORIENTED_EDGE('',*,*,#2334,.T.);
#1111=ORIENTED_EDGE('',*,*,#2351,.F.);
#1112=ORIENTED_EDGE('',*,*,#2352,.F.);
#1113=ORIENTED_EDGE('',*,*,#2353,.F.);
#1114=ORIENTED_EDGE('',*,*,#2337,.T.);
#1115=ORIENTED_EDGE('',*,*,#2354,.T.);
#1116=ORIENTED_EDGE('',*,*,#2355,.F.);
#1117=ORIENTED_EDGE('',*,*,#2356,.F.);
#1118=ORIENTED_EDGE('',*,*,#2340,.T.);
#1119=ORIENTED_EDGE('',*,*,#2357,.T.);
#1120=ORIENTED_EDGE('',*,*,#2358,.F.);
#1121=ORIENTED_EDGE('',*,*,#2359,.F.);
#1122=ORIENTED_EDGE('',*,*,#2343,.T.);
#1123=ORIENTED_EDGE('',*,*,#2360,.T.);
#1124=ORIENTED_EDGE('',*,*,#2361,.F.);
#1125=ORIENTED_EDGE('',*,*,#2362,.T.);
#1126=ORIENTED_EDGE('',*,*,#2363,.F.);
#1127=ORIENTED_EDGE('',*,*,#2364,.F.);
#1128=ORIENTED_EDGE('',*,*,#2345,.T.);
#1129=ORIENTED_EDGE('',*,*,#2365,.F.);
#1130=ORIENTED_EDGE('',*,*,#2349,.T.);
#1131=ORIENTED_EDGE('',*,*,#2366,.T.);
#1132=ORIENTED_EDGE('',*,*,#2367,.F.);
#1133=ORIENTED_EDGE('',*,*,#2368,.F.);
#1134=ORIENTED_EDGE('',*,*,#2352,.T.);
#1135=ORIENTED_EDGE('',*,*,#2369,.F.);
#1136=ORIENTED_EDGE('',*,*,#2370,.F.);
#1137=ORIENTED_EDGE('',*,*,#2371,.F.);
#1138=ORIENTED_EDGE('',*,*,#2355,.T.);
#1139=ORIENTED_EDGE('',*,*,#2372,.T.);
#1140=ORIENTED_EDGE('',*,*,#2373,.F.);
#1141=ORIENTED_EDGE('',*,*,#2374,.F.);
#1142=ORIENTED_EDGE('',*,*,#2358,.T.);
#1143=ORIENTED_EDGE('',*,*,#2375,.T.);
#1144=ORIENTED_EDGE('',*,*,#2376,.F.);
#1145=ORIENTED_EDGE('',*,*,#2377,.F.);
#1146=ORIENTED_EDGE('',*,*,#2361,.T.);
#1147=ORIENTED_EDGE('',*,*,#2378,.T.);
#1148=ORIENTED_EDGE('',*,*,#2379,.F.);
#1149=ORIENTED_EDGE('',*,*,#2380,.T.);
#1150=ORIENTED_EDGE('',*,*,#2381,.F.);
#1151=ORIENTED_EDGE('',*,*,#2382,.F.);
#1152=ORIENTED_EDGE('',*,*,#2363,.T.);
#1153=ORIENTED_EDGE('',*,*,#2383,.F.);
#1154=ORIENTED_EDGE('',*,*,#2367,.T.);
#1155=ORIENTED_EDGE('',*,*,#2384,.T.);
#1156=ORIENTED_EDGE('',*,*,#2385,.F.);
#1157=ORIENTED_EDGE('',*,*,#2386,.F.);
#1158=ORIENTED_EDGE('',*,*,#2370,.T.);
#1159=ORIENTED_EDGE('',*,*,#2387,.T.);
#1160=ORIENTED_EDGE('',*,*,#2388,.F.);
#1161=ORIENTED_EDGE('',*,*,#2389,.F.);
#1162=ORIENTED_EDGE('',*,*,#2373,.T.);
#1163=ORIENTED_EDGE('',*,*,#2390,.T.);
#1164=ORIENTED_EDGE('',*,*,#2391,.F.);
#1165=ORIENTED_EDGE('',*,*,#2392,.F.);
#1166=ORIENTED_EDGE('',*,*,#2376,.T.);
#1167=ORIENTED_EDGE('',*,*,#2393,.T.);
#1168=ORIENTED_EDGE('',*,*,#2394,.F.);
#1169=ORIENTED_EDGE('',*,*,#2395,.F.);
#1170=ORIENTED_EDGE('',*,*,#2379,.T.);
#1171=ORIENTED_EDGE('',*,*,#2396,.T.);
#1172=ORIENTED_EDGE('',*,*,#2397,.F.);
#1173=ORIENTED_EDGE('',*,*,#2398,.T.);
#1174=ORIENTED_EDGE('',*,*,#2399,.F.);
#1175=ORIENTED_EDGE('',*,*,#2400,.F.);
#1176=ORIENTED_EDGE('',*,*,#2381,.T.);
#1177=ORIENTED_EDGE('',*,*,#2401,.F.);
#1178=ORIENTED_EDGE('',*,*,#2385,.T.);
#1179=ORIENTED_EDGE('',*,*,#2402,.T.);
#1180=ORIENTED_EDGE('',*,*,#2403,.F.);
#1181=ORIENTED_EDGE('',*,*,#2404,.F.);
#1182=ORIENTED_EDGE('',*,*,#2388,.T.);
#1183=ORIENTED_EDGE('',*,*,#2405,.F.);
#1184=ORIENTED_EDGE('',*,*,#2406,.T.);
#1185=ORIENTED_EDGE('',*,*,#2407,.F.);
#1186=ORIENTED_EDGE('',*,*,#2391,.T.);
#1187=ORIENTED_EDGE('',*,*,#2408,.T.);
#1188=ORIENTED_EDGE('',*,*,#2409,.T.);
#1189=ORIENTED_EDGE('',*,*,#2410,.F.);
#1190=ORIENTED_EDGE('',*,*,#2394,.T.);
#1191=ORIENTED_EDGE('',*,*,#2411,.T.);
#1192=ORIENTED_EDGE('',*,*,#2412,.T.);
#1193=ORIENTED_EDGE('',*,*,#2413,.F.);
#1194=ORIENTED_EDGE('',*,*,#2397,.T.);
#1195=ORIENTED_EDGE('',*,*,#2414,.T.);
#1196=ORIENTED_EDGE('',*,*,#2415,.T.);
#1197=ORIENTED_EDGE('',*,*,#2416,.T.);
#1198=ORIENTED_EDGE('',*,*,#2417,.T.);
#1199=ORIENTED_EDGE('',*,*,#2418,.F.);
#1200=ORIENTED_EDGE('',*,*,#2399,.T.);
#1201=ORIENTED_EDGE('',*,*,#2419,.F.);
#1202=ORIENTED_EDGE('',*,*,#2403,.T.);
#1203=ORIENTED_EDGE('',*,*,#2420,.T.);
#1204=ORIENTED_EDGE('',*,*,#2421,.T.);
#1205=ORIENTED_EDGE('',*,*,#2236,.F.);
#1206=ORIENTED_EDGE('',*,*,#2422,.T.);
#1207=ORIENTED_EDGE('',*,*,#2406,.F.);
#1208=ORIENTED_EDGE('',*,*,#2423,.F.);
#1209=ORIENTED_EDGE('',*,*,#2255,.F.);
#1210=ORIENTED_EDGE('',*,*,#2424,.T.);
#1211=ORIENTED_EDGE('',*,*,#2409,.F.);
#1212=ORIENTED_EDGE('',*,*,#2425,.F.);
#1213=ORIENTED_EDGE('',*,*,#2263,.F.);
#1214=ORIENTED_EDGE('',*,*,#2426,.T.);
#1215=ORIENTED_EDGE('',*,*,#2412,.F.);
#1216=ORIENTED_EDGE('',*,*,#2427,.F.);
#1217=ORIENTED_EDGE('',*,*,#2271,.F.);
#1218=ORIENTED_EDGE('',*,*,#2428,.T.);
#1219=ORIENTED_EDGE('',*,*,#2415,.F.);
#1220=ORIENTED_EDGE('',*,*,#2429,.F.);
#1221=ORIENTED_EDGE('',*,*,#2417,.F.);
#1222=ORIENTED_EDGE('',*,*,#2430,.F.);
#1223=ORIENTED_EDGE('',*,*,#2250,.F.);
#1224=ORIENTED_EDGE('',*,*,#2431,.T.);
#1225=ORIENTED_EDGE('',*,*,#2279,.F.);
#1226=ORIENTED_EDGE('',*,*,#2432,.T.);
#1227=ORIENTED_EDGE('',*,*,#2421,.F.);
#1228=ORIENTED_EDGE('',*,*,#2433,.F.);
#1229=ORIENTED_EDGE('',*,*,#2434,.F.);
#1230=ORIENTED_EDGE('',*,*,#2435,.T.);
#1231=ORIENTED_EDGE('',*,*,#2436,.F.);
#1232=ORIENTED_EDGE('',*,*,#2437,.F.);
#1233=ORIENTED_EDGE('',*,*,#2438,.F.);
#1234=ORIENTED_EDGE('',*,*,#2439,.T.);
#1235=ORIENTED_EDGE('',*,*,#2440,.F.);
#1236=ORIENTED_EDGE('',*,*,#2441,.F.);
#1237=ORIENTED_EDGE('',*,*,#2442,.F.);
#1238=ORIENTED_EDGE('',*,*,#2443,.T.);
#1239=ORIENTED_EDGE('',*,*,#2444,.F.);
#1240=ORIENTED_EDGE('',*,*,#2445,.F.);
#1241=ORIENTED_EDGE('',*,*,#2446,.F.);
#1242=ORIENTED_EDGE('',*,*,#2447,.T.);
#1243=ORIENTED_EDGE('',*,*,#2448,.F.);
#1244=ORIENTED_EDGE('',*,*,#2449,.F.);
#1245=ORIENTED_EDGE('',*,*,#2450,.F.);
#1246=ORIENTED_EDGE('',*,*,#2451,.F.);
#1247=ORIENTED_EDGE('',*,*,#2452,.F.);
#1248=ORIENTED_EDGE('',*,*,#2453,.F.);
#1249=ORIENTED_EDGE('',*,*,#2454,.F.);
#1250=ORIENTED_EDGE('',*,*,#2455,.T.);
#1251=ORIENTED_EDGE('',*,*,#2288,.F.);
#1252=ORIENTED_EDGE('',*,*,#2456,.F.);
#1253=ORIENTED_EDGE('',*,*,#2253,.F.);
#1254=ORIENTED_EDGE('',*,*,#2457,.T.);
#1255=ORIENTED_EDGE('',*,*,#2458,.F.);
#1256=ORIENTED_EDGE('',*,*,#2459,.F.);
#1257=ORIENTED_EDGE('',*,*,#2242,.F.);
#1258=ORIENTED_EDGE('',*,*,#2460,.T.);
#1259=ORIENTED_EDGE('',*,*,#2461,.F.);
#1260=ORIENTED_EDGE('',*,*,#2462,.F.);
#1261=ORIENTED_EDGE('',*,*,#2244,.F.);
#1262=ORIENTED_EDGE('',*,*,#2463,.T.);
#1263=ORIENTED_EDGE('',*,*,#2464,.F.);
#1264=ORIENTED_EDGE('',*,*,#2465,.F.);
#1265=ORIENTED_EDGE('',*,*,#2277,.F.);
#1266=ORIENTED_EDGE('',*,*,#2466,.T.);
#1267=ORIENTED_EDGE('',*,*,#2467,.F.);
#1268=ORIENTED_EDGE('',*,*,#2468,.F.);
#1269=ORIENTED_EDGE('',*,*,#2269,.F.);
#1270=ORIENTED_EDGE('',*,*,#2469,.T.);
#1271=ORIENTED_EDGE('',*,*,#2470,.F.);
#1272=ORIENTED_EDGE('',*,*,#2471,.F.);
#1273=ORIENTED_EDGE('',*,*,#2261,.F.);
#1274=ORIENTED_EDGE('',*,*,#2472,.T.);
#1275=ORIENTED_EDGE('',*,*,#2473,.F.);
#1276=ORIENTED_EDGE('',*,*,#2474,.F.);
#1277=ORIENTED_EDGE('',*,*,#2202,.F.);
#1278=ORIENTED_EDGE('',*,*,#2201,.F.);
#1279=ORIENTED_EDGE('',*,*,#2207,.F.);
#1280=ORIENTED_EDGE('',*,*,#2206,.F.);
#1281=ORIENTED_EDGE('',*,*,#2205,.F.);
#1282=ORIENTED_EDGE('',*,*,#2204,.F.);
#1283=ORIENTED_EDGE('',*,*,#2203,.F.);
#1284=ORIENTED_EDGE('',*,*,#2209,.F.);
#1285=ORIENTED_EDGE('',*,*,#2208,.F.);
#1286=ORIENTED_EDGE('',*,*,#2211,.F.);
#1287=ORIENTED_EDGE('',*,*,#2210,.F.);
#1288=ORIENTED_EDGE('',*,*,#2213,.F.);
#1289=ORIENTED_EDGE('',*,*,#2212,.F.);
#1290=ORIENTED_EDGE('',*,*,#2219,.F.);
#1291=ORIENTED_EDGE('',*,*,#2218,.F.);
#1292=ORIENTED_EDGE('',*,*,#2217,.F.);
#1293=ORIENTED_EDGE('',*,*,#2216,.F.);
#1294=ORIENTED_EDGE('',*,*,#2215,.F.);
#1295=ORIENTED_EDGE('',*,*,#2214,.F.);
#1296=ORIENTED_EDGE('',*,*,#2221,.F.);
#1297=ORIENTED_EDGE('',*,*,#2220,.F.);
#1298=ORIENTED_EDGE('',*,*,#2226,.F.);
#1299=ORIENTED_EDGE('',*,*,#2225,.F.);
#1300=ORIENTED_EDGE('',*,*,#2224,.F.);
#1301=ORIENTED_EDGE('',*,*,#2223,.F.);
#1302=ORIENTED_EDGE('',*,*,#2222,.F.);
#1303=ORIENTED_EDGE('',*,*,#2228,.F.);
#1304=ORIENTED_EDGE('',*,*,#2227,.F.);
#1305=ORIENTED_EDGE('',*,*,#2234,.F.);
#1306=ORIENTED_EDGE('',*,*,#2233,.F.);
#1307=ORIENTED_EDGE('',*,*,#2232,.F.);
#1308=ORIENTED_EDGE('',*,*,#2231,.F.);
#1309=ORIENTED_EDGE('',*,*,#2230,.F.);
#1310=ORIENTED_EDGE('',*,*,#2229,.F.);
#1311=ORIENTED_EDGE('',*,*,#2475,.F.);
#1312=ORIENTED_EDGE('',*,*,#2476,.F.);
#1313=ORIENTED_EDGE('',*,*,#2477,.F.);
#1314=ORIENTED_EDGE('',*,*,#2478,.F.);
#1315=ORIENTED_EDGE('',*,*,#2479,.T.);
#1316=ORIENTED_EDGE('',*,*,#2480,.F.);
#1317=ORIENTED_EDGE('',*,*,#2481,.F.);
#1318=ORIENTED_EDGE('',*,*,#2452,.T.);
#1319=ORIENTED_EDGE('',*,*,#2482,.F.);
#1320=ORIENTED_EDGE('',*,*,#2483,.T.);
#1321=ORIENTED_EDGE('',*,*,#2484,.F.);
#1322=ORIENTED_EDGE('',*,*,#2485,.F.);
#1323=ORIENTED_EDGE('',*,*,#2436,.T.);
#1324=ORIENTED_EDGE('',*,*,#2486,.T.);
#1325=ORIENTED_EDGE('',*,*,#2295,.F.);
#1326=ORIENTED_EDGE('',*,*,#2487,.F.);
#1327=ORIENTED_EDGE('',*,*,#2488,.F.);
#1328=ORIENTED_EDGE('',*,*,#2489,.T.);
#1329=ORIENTED_EDGE('',*,*,#2490,.F.);
#1330=ORIENTED_EDGE('',*,*,#2491,.F.);
#1331=ORIENTED_EDGE('',*,*,#2440,.T.);
#1332=ORIENTED_EDGE('',*,*,#2492,.T.);
#1333=ORIENTED_EDGE('',*,*,#2299,.F.);
#1334=ORIENTED_EDGE('',*,*,#2493,.F.);
#1335=ORIENTED_EDGE('',*,*,#2494,.F.);
#1336=ORIENTED_EDGE('',*,*,#2495,.T.);
#1337=ORIENTED_EDGE('',*,*,#2496,.F.);
#1338=ORIENTED_EDGE('',*,*,#2497,.F.);
#1339=ORIENTED_EDGE('',*,*,#2444,.T.);
#1340=ORIENTED_EDGE('',*,*,#2498,.T.);
#1341=ORIENTED_EDGE('',*,*,#2303,.F.);
#1342=ORIENTED_EDGE('',*,*,#2499,.F.);
#1343=ORIENTED_EDGE('',*,*,#2500,.F.);
#1344=ORIENTED_EDGE('',*,*,#2501,.T.);
#1345=ORIENTED_EDGE('',*,*,#2309,.F.);
#1346=ORIENTED_EDGE('',*,*,#2502,.F.);
#1347=ORIENTED_EDGE('',*,*,#2448,.T.);
#1348=ORIENTED_EDGE('',*,*,#2503,.T.);
#1349=ORIENTED_EDGE('',*,*,#2311,.F.);
#1350=ORIENTED_EDGE('',*,*,#2504,.F.);
#1351=ORIENTED_EDGE('',*,*,#2286,.T.);
#1352=ORIENTED_EDGE('',*,*,#2505,.T.);
#1353=ORIENTED_EDGE('',*,*,#2506,.F.);
#1354=ORIENTED_EDGE('',*,*,#2507,.F.);
#1355=ORIENTED_EDGE('',*,*,#2508,.F.);
#1356=ORIENTED_EDGE('',*,*,#2509,.F.);
#1357=ORIENTED_EDGE('',*,*,#2510,.F.);
#1358=ORIENTED_EDGE('',*,*,#2476,.T.);
#1359=ORIENTED_EDGE('',*,*,#2484,.T.);
#1360=ORIENTED_EDGE('',*,*,#2511,.T.);
#1361=ORIENTED_EDGE('',*,*,#2512,.F.);
#1362=ORIENTED_EDGE('',*,*,#2513,.F.);
#1363=ORIENTED_EDGE('',*,*,#2490,.T.);
#1364=ORIENTED_EDGE('',*,*,#2514,.T.);
#1365=ORIENTED_EDGE('',*,*,#2515,.F.);
#1366=ORIENTED_EDGE('',*,*,#2516,.F.);
#1367=ORIENTED_EDGE('',*,*,#2496,.T.);
#1368=ORIENTED_EDGE('',*,*,#2517,.T.);
#1369=ORIENTED_EDGE('',*,*,#2518,.F.);
#1370=ORIENTED_EDGE('',*,*,#2519,.F.);
#1371=ORIENTED_EDGE('',*,*,#2506,.T.);
#1372=ORIENTED_EDGE('',*,*,#2520,.T.);
#1373=ORIENTED_EDGE('',*,*,#2521,.F.);
#1374=ORIENTED_EDGE('',*,*,#2522,.F.);
#1375=ORIENTED_EDGE('',*,*,#2523,.F.);
#1376=ORIENTED_EDGE('',*,*,#2524,.F.);
#1377=ORIENTED_EDGE('',*,*,#2525,.F.);
#1378=ORIENTED_EDGE('',*,*,#2509,.T.);
#1379=ORIENTED_EDGE('',*,*,#2512,.T.);
#1380=ORIENTED_EDGE('',*,*,#2526,.T.);
#1381=ORIENTED_EDGE('',*,*,#2527,.F.);
#1382=ORIENTED_EDGE('',*,*,#2528,.F.);
#1383=ORIENTED_EDGE('',*,*,#2515,.T.);
#1384=ORIENTED_EDGE('',*,*,#2529,.T.);
#1385=ORIENTED_EDGE('',*,*,#2530,.F.);
#1386=ORIENTED_EDGE('',*,*,#2531,.F.);
#1387=ORIENTED_EDGE('',*,*,#2518,.T.);
#1388=ORIENTED_EDGE('',*,*,#2532,.T.);
#1389=ORIENTED_EDGE('',*,*,#2533,.F.);
#1390=ORIENTED_EDGE('',*,*,#2534,.F.);
#1391=ORIENTED_EDGE('',*,*,#2521,.T.);
#1392=ORIENTED_EDGE('',*,*,#2535,.T.);
#1393=ORIENTED_EDGE('',*,*,#2536,.F.);
#1394=ORIENTED_EDGE('',*,*,#2537,.F.);
#1395=ORIENTED_EDGE('',*,*,#2538,.F.);
#1396=ORIENTED_EDGE('',*,*,#2539,.F.);
#1397=ORIENTED_EDGE('',*,*,#2540,.F.);
#1398=ORIENTED_EDGE('',*,*,#2524,.T.);
#1399=ORIENTED_EDGE('',*,*,#2527,.T.);
#1400=ORIENTED_EDGE('',*,*,#2541,.T.);
#1401=ORIENTED_EDGE('',*,*,#2542,.F.);
#1402=ORIENTED_EDGE('',*,*,#2543,.F.);
#1403=ORIENTED_EDGE('',*,*,#2530,.T.);
#1404=ORIENTED_EDGE('',*,*,#2544,.T.);
#1405=ORIENTED_EDGE('',*,*,#2545,.F.);
#1406=ORIENTED_EDGE('',*,*,#2546,.F.);
#1407=ORIENTED_EDGE('',*,*,#2533,.T.);
#1408=ORIENTED_EDGE('',*,*,#2547,.T.);
#1409=ORIENTED_EDGE('',*,*,#2548,.F.);
#1410=ORIENTED_EDGE('',*,*,#2549,.F.);
#1411=ORIENTED_EDGE('',*,*,#2536,.T.);
#1412=ORIENTED_EDGE('',*,*,#2550,.T.);
#1413=ORIENTED_EDGE('',*,*,#2551,.F.);
#1414=ORIENTED_EDGE('',*,*,#2552,.F.);
#1415=ORIENTED_EDGE('',*,*,#2553,.F.);
#1416=ORIENTED_EDGE('',*,*,#2554,.F.);
#1417=ORIENTED_EDGE('',*,*,#2555,.F.);
#1418=ORIENTED_EDGE('',*,*,#2539,.T.);
#1419=ORIENTED_EDGE('',*,*,#2542,.T.);
#1420=ORIENTED_EDGE('',*,*,#2556,.T.);
#1421=ORIENTED_EDGE('',*,*,#2557,.F.);
#1422=ORIENTED_EDGE('',*,*,#2558,.F.);
#1423=ORIENTED_EDGE('',*,*,#2545,.T.);
#1424=ORIENTED_EDGE('',*,*,#2559,.T.);
#1425=ORIENTED_EDGE('',*,*,#2560,.F.);
#1426=ORIENTED_EDGE('',*,*,#2561,.F.);
#1427=ORIENTED_EDGE('',*,*,#2548,.T.);
#1428=ORIENTED_EDGE('',*,*,#2562,.T.);
#1429=ORIENTED_EDGE('',*,*,#2563,.F.);
#1430=ORIENTED_EDGE('',*,*,#2564,.F.);
#1431=ORIENTED_EDGE('',*,*,#2551,.T.);
#1432=ORIENTED_EDGE('',*,*,#2565,.T.);
#1433=ORIENTED_EDGE('',*,*,#2566,.F.);
#1434=ORIENTED_EDGE('',*,*,#2567,.F.);
#1435=ORIENTED_EDGE('',*,*,#2568,.F.);
#1436=ORIENTED_EDGE('',*,*,#2569,.F.);
#1437=ORIENTED_EDGE('',*,*,#2570,.F.);
#1438=ORIENTED_EDGE('',*,*,#2554,.T.);
#1439=ORIENTED_EDGE('',*,*,#2557,.T.);
#1440=ORIENTED_EDGE('',*,*,#2571,.T.);
#1441=ORIENTED_EDGE('',*,*,#2572,.F.);
#1442=ORIENTED_EDGE('',*,*,#2573,.F.);
#1443=ORIENTED_EDGE('',*,*,#2560,.T.);
#1444=ORIENTED_EDGE('',*,*,#2574,.T.);
#1445=ORIENTED_EDGE('',*,*,#2575,.F.);
#1446=ORIENTED_EDGE('',*,*,#2576,.F.);
#1447=ORIENTED_EDGE('',*,*,#2563,.T.);
#1448=ORIENTED_EDGE('',*,*,#2577,.T.);
#1449=ORIENTED_EDGE('',*,*,#2578,.F.);
#1450=ORIENTED_EDGE('',*,*,#2579,.F.);
#1451=ORIENTED_EDGE('',*,*,#2566,.T.);
#1452=ORIENTED_EDGE('',*,*,#2580,.T.);
#1453=ORIENTED_EDGE('',*,*,#2581,.F.);
#1454=ORIENTED_EDGE('',*,*,#2582,.F.);
#1455=ORIENTED_EDGE('',*,*,#2583,.F.);
#1456=ORIENTED_EDGE('',*,*,#2584,.F.);
#1457=ORIENTED_EDGE('',*,*,#2585,.F.);
#1458=ORIENTED_EDGE('',*,*,#2569,.T.);
#1459=ORIENTED_EDGE('',*,*,#2572,.T.);
#1460=ORIENTED_EDGE('',*,*,#2586,.T.);
#1461=ORIENTED_EDGE('',*,*,#2587,.F.);
#1462=ORIENTED_EDGE('',*,*,#2588,.F.);
#1463=ORIENTED_EDGE('',*,*,#2575,.T.);
#1464=ORIENTED_EDGE('',*,*,#2589,.T.);
#1465=ORIENTED_EDGE('',*,*,#2590,.F.);
#1466=ORIENTED_EDGE('',*,*,#2591,.F.);
#1467=ORIENTED_EDGE('',*,*,#2578,.T.);
#1468=ORIENTED_EDGE('',*,*,#2592,.T.);
#1469=ORIENTED_EDGE('',*,*,#2593,.F.);
#1470=ORIENTED_EDGE('',*,*,#2594,.F.);
#1471=ORIENTED_EDGE('',*,*,#2581,.T.);
#1472=ORIENTED_EDGE('',*,*,#2595,.T.);
#1473=ORIENTED_EDGE('',*,*,#2596,.T.);
#1474=ORIENTED_EDGE('',*,*,#2597,.F.);
#1475=ORIENTED_EDGE('',*,*,#2598,.F.);
#1476=ORIENTED_EDGE('',*,*,#2599,.T.);
#1477=ORIENTED_EDGE('',*,*,#2600,.F.);
#1478=ORIENTED_EDGE('',*,*,#2584,.T.);
#1479=ORIENTED_EDGE('',*,*,#2587,.T.);
#1480=ORIENTED_EDGE('',*,*,#2601,.T.);
#1481=ORIENTED_EDGE('',*,*,#2602,.T.);
#1482=ORIENTED_EDGE('',*,*,#2603,.F.);
#1483=ORIENTED_EDGE('',*,*,#2590,.T.);
#1484=ORIENTED_EDGE('',*,*,#2604,.T.);
#1485=ORIENTED_EDGE('',*,*,#2605,.T.);
#1486=ORIENTED_EDGE('',*,*,#2606,.F.);
#1487=ORIENTED_EDGE('',*,*,#2593,.T.);
#1488=ORIENTED_EDGE('',*,*,#2607,.T.);
#1489=ORIENTED_EDGE('',*,*,#2608,.T.);
#1490=ORIENTED_EDGE('',*,*,#2609,.F.);
#1491=ORIENTED_EDGE('',*,*,#2610,.F.);
#1492=ORIENTED_EDGE('',*,*,#2251,.F.);
#1493=ORIENTED_EDGE('',*,*,#2611,.T.);
#1494=ORIENTED_EDGE('',*,*,#2596,.F.);
#1495=ORIENTED_EDGE('',*,*,#2599,.F.);
#1496=ORIENTED_EDGE('',*,*,#2612,.T.);
#1497=ORIENTED_EDGE('',*,*,#2246,.F.);
#1498=ORIENTED_EDGE('',*,*,#2613,.T.);
#1499=ORIENTED_EDGE('',*,*,#2614,.F.);
#1500=ORIENTED_EDGE('',*,*,#2259,.F.);
#1501=ORIENTED_EDGE('',*,*,#2615,.T.);
#1502=ORIENTED_EDGE('',*,*,#2602,.F.);
#1503=ORIENTED_EDGE('',*,*,#2616,.F.);
#1504=ORIENTED_EDGE('',*,*,#2267,.F.);
#1505=ORIENTED_EDGE('',*,*,#2617,.T.);
#1506=ORIENTED_EDGE('',*,*,#2605,.F.);
#1507=ORIENTED_EDGE('',*,*,#2618,.F.);
#1508=ORIENTED_EDGE('',*,*,#2275,.F.);
#1509=ORIENTED_EDGE('',*,*,#2619,.T.);
#1510=ORIENTED_EDGE('',*,*,#2608,.F.);
#1511=ORIENTED_EDGE('',*,*,#2480,.T.);
#1512=ORIENTED_EDGE('',*,*,#2620,.T.);
#1513=ORIENTED_EDGE('',*,*,#2621,.F.);
#1514=ORIENTED_EDGE('',*,*,#2622,.F.);
#1515=ORIENTED_EDGE('',*,*,#2621,.T.);
#1516=ORIENTED_EDGE('',*,*,#2623,.T.);
#1517=ORIENTED_EDGE('',*,*,#2624,.F.);
#1518=ORIENTED_EDGE('',*,*,#2625,.F.);
#1519=ORIENTED_EDGE('',*,*,#2624,.T.);
#1520=ORIENTED_EDGE('',*,*,#2626,.T.);
#1521=ORIENTED_EDGE('',*,*,#2627,.F.);
#1522=ORIENTED_EDGE('',*,*,#2628,.T.);
#1523=ORIENTED_EDGE('',*,*,#2627,.T.);
#1524=ORIENTED_EDGE('',*,*,#2629,.T.);
#1525=ORIENTED_EDGE('',*,*,#2630,.F.);
#1526=ORIENTED_EDGE('',*,*,#2631,.T.);
#1527=ORIENTED_EDGE('',*,*,#2630,.T.);
#1528=ORIENTED_EDGE('',*,*,#2632,.T.);
#1529=ORIENTED_EDGE('',*,*,#2633,.F.);
#1530=ORIENTED_EDGE('',*,*,#2634,.T.);
#1531=ORIENTED_EDGE('',*,*,#2633,.T.);
#1532=ORIENTED_EDGE('',*,*,#2635,.T.);
#1533=ORIENTED_EDGE('',*,*,#2636,.F.);
#1534=ORIENTED_EDGE('',*,*,#2637,.F.);
#1535=ORIENTED_EDGE('',*,*,#2636,.T.);
#1536=ORIENTED_EDGE('',*,*,#2638,.T.);
#1537=ORIENTED_EDGE('',*,*,#2639,.T.);
#1538=ORIENTED_EDGE('',*,*,#2640,.T.);
#1539=ORIENTED_EDGE('',*,*,#2641,.F.);
#1540=ORIENTED_EDGE('',*,*,#2240,.F.);
#1541=ORIENTED_EDGE('',*,*,#2642,.T.);
#1542=ORIENTED_EDGE('',*,*,#2639,.F.);
#1543=ORIENTED_EDGE('',*,*,#2454,.T.);
#1544=ORIENTED_EDGE('',*,*,#2643,.T.);
#1545=ORIENTED_EDGE('',*,*,#2238,.F.);
#1546=ORIENTED_EDGE('',*,*,#2644,.F.);
#1547=ORIENTED_EDGE('',*,*,#2289,.F.);
#1548=ORIENTED_EDGE('',*,*,#2455,.F.);
#1549=ORIENTED_EDGE('',*,*,#2644,.T.);
#1550=ORIENTED_EDGE('',*,*,#2237,.F.);
#1551=ORIENTED_EDGE('',*,*,#2423,.T.);
#1552=ORIENTED_EDGE('',*,*,#2405,.T.);
#1553=ORIENTED_EDGE('',*,*,#2387,.F.);
#1554=ORIENTED_EDGE('',*,*,#2369,.T.);
#1555=ORIENTED_EDGE('',*,*,#2351,.T.);
#1556=ORIENTED_EDGE('',*,*,#2333,.T.);
#1557=ORIENTED_EDGE('',*,*,#2315,.F.);
#1558=ORIENTED_EDGE('',*,*,#2292,.F.);
#1559=ORIENTED_EDGE('',*,*,#2622,.T.);
#1560=ORIENTED_EDGE('',*,*,#2625,.T.);
#1561=ORIENTED_EDGE('',*,*,#2628,.F.);
#1562=ORIENTED_EDGE('',*,*,#2631,.F.);
#1563=ORIENTED_EDGE('',*,*,#2634,.F.);
#1564=ORIENTED_EDGE('',*,*,#2637,.T.);
#1565=ORIENTED_EDGE('',*,*,#2640,.F.);
#1566=ORIENTED_EDGE('',*,*,#2642,.F.);
#1567=ORIENTED_EDGE('',*,*,#2239,.T.);
#1568=ORIENTED_EDGE('',*,*,#2643,.F.);
#1569=ORIENTED_EDGE('',*,*,#2453,.T.);
#1570=ORIENTED_EDGE('',*,*,#2481,.T.);
#1571=ORIENTED_EDGE('',*,*,#2461,.T.);
#1572=ORIENTED_EDGE('',*,*,#2645,.F.);
#1573=ORIENTED_EDGE('',*,*,#2478,.T.);
#1574=ORIENTED_EDGE('',*,*,#2646,.T.);
#1575=ORIENTED_EDGE('',*,*,#2479,.F.);
#1576=ORIENTED_EDGE('',*,*,#2645,.T.);
#1577=ORIENTED_EDGE('',*,*,#2460,.F.);
#1578=ORIENTED_EDGE('',*,*,#2241,.F.);
#1579=ORIENTED_EDGE('',*,*,#2641,.T.);
#1580=ORIENTED_EDGE('',*,*,#2638,.F.);
#1581=ORIENTED_EDGE('',*,*,#2635,.F.);
#1582=ORIENTED_EDGE('',*,*,#2632,.F.);
#1583=ORIENTED_EDGE('',*,*,#2629,.F.);
#1584=ORIENTED_EDGE('',*,*,#2626,.F.);
#1585=ORIENTED_EDGE('',*,*,#2623,.F.);
#1586=ORIENTED_EDGE('',*,*,#2620,.F.);
#1587=ORIENTED_EDGE('',*,*,#2510,.T.);
#1588=ORIENTED_EDGE('',*,*,#2525,.T.);
#1589=ORIENTED_EDGE('',*,*,#2540,.T.);
#1590=ORIENTED_EDGE('',*,*,#2555,.T.);
#1591=ORIENTED_EDGE('',*,*,#2570,.T.);
#1592=ORIENTED_EDGE('',*,*,#2585,.T.);
#1593=ORIENTED_EDGE('',*,*,#2600,.T.);
#1594=ORIENTED_EDGE('',*,*,#2613,.F.);
#1595=ORIENTED_EDGE('',*,*,#2245,.T.);
#1596=ORIENTED_EDGE('',*,*,#2462,.T.);
#1597=ORIENTED_EDGE('',*,*,#2646,.F.);
#1598=ORIENTED_EDGE('',*,*,#2477,.T.);
#1599=ORIENTED_EDGE('',*,*,#2308,.T.);
#1600=ORIENTED_EDGE('',*,*,#2328,.T.);
#1601=ORIENTED_EDGE('',*,*,#2346,.T.);
#1602=ORIENTED_EDGE('',*,*,#2364,.T.);
#1603=ORIENTED_EDGE('',*,*,#2382,.T.);
#1604=ORIENTED_EDGE('',*,*,#2400,.T.);
#1605=ORIENTED_EDGE('',*,*,#2418,.T.);
#1606=ORIENTED_EDGE('',*,*,#2431,.F.);
#1607=ORIENTED_EDGE('',*,*,#2249,.T.);
#1608=ORIENTED_EDGE('',*,*,#2647,.T.);
#1609=ORIENTED_EDGE('',*,*,#2449,.T.);
#1610=ORIENTED_EDGE('',*,*,#2502,.T.);
#1611=ORIENTED_EDGE('',*,*,#2450,.T.);
#1612=ORIENTED_EDGE('',*,*,#2647,.F.);
#1613=ORIENTED_EDGE('',*,*,#2248,.F.);
#1614=ORIENTED_EDGE('',*,*,#2648,.T.);
#1615=ORIENTED_EDGE('',*,*,#2508,.T.);
#1616=ORIENTED_EDGE('',*,*,#2475,.T.);
#1617=ORIENTED_EDGE('',*,*,#2451,.T.);
#1618=ORIENTED_EDGE('',*,*,#2648,.F.);
#1619=ORIENTED_EDGE('',*,*,#2247,.F.);
#1620=ORIENTED_EDGE('',*,*,#2612,.F.);
#1621=ORIENTED_EDGE('',*,*,#2598,.T.);
#1622=ORIENTED_EDGE('',*,*,#2583,.T.);
#1623=ORIENTED_EDGE('',*,*,#2568,.T.);
#1624=ORIENTED_EDGE('',*,*,#2553,.T.);
#1625=ORIENTED_EDGE('',*,*,#2538,.T.);
#1626=ORIENTED_EDGE('',*,*,#2523,.T.);
#1627=ORIENTED_EDGE('',*,*,#2519,.T.);
#1628=ORIENTED_EDGE('',*,*,#2534,.T.);
#1629=ORIENTED_EDGE('',*,*,#2549,.T.);
#1630=ORIENTED_EDGE('',*,*,#2564,.T.);
#1631=ORIENTED_EDGE('',*,*,#2579,.T.);
#1632=ORIENTED_EDGE('',*,*,#2594,.T.);
#1633=ORIENTED_EDGE('',*,*,#2609,.T.);
#1634=ORIENTED_EDGE('',*,*,#2619,.F.);
#1635=ORIENTED_EDGE('',*,*,#2282,.T.);
#1636=ORIENTED_EDGE('',*,*,#2649,.T.);
#1637=ORIENTED_EDGE('',*,*,#2445,.T.);
#1638=ORIENTED_EDGE('',*,*,#2497,.T.);
#1639=ORIENTED_EDGE('',*,*,#2503,.F.);
#1640=ORIENTED_EDGE('',*,*,#2447,.F.);
#1641=ORIENTED_EDGE('',*,*,#2650,.F.);
#1642=ORIENTED_EDGE('',*,*,#2280,.F.);
#1643=ORIENTED_EDGE('',*,*,#2433,.T.);
#1644=ORIENTED_EDGE('',*,*,#2420,.F.);
#1645=ORIENTED_EDGE('',*,*,#2402,.F.);
#1646=ORIENTED_EDGE('',*,*,#2384,.F.);
#1647=ORIENTED_EDGE('',*,*,#2366,.F.);
#1648=ORIENTED_EDGE('',*,*,#2348,.F.);
#1649=ORIENTED_EDGE('',*,*,#2330,.F.);
#1650=ORIENTED_EDGE('',*,*,#2312,.F.);
#1651=ORIENTED_EDGE('',*,*,#2446,.T.);
#1652=ORIENTED_EDGE('',*,*,#2649,.F.);
#1653=ORIENTED_EDGE('',*,*,#2281,.F.);
#1654=ORIENTED_EDGE('',*,*,#2650,.T.);
#1655=ORIENTED_EDGE('',*,*,#2516,.T.);
#1656=ORIENTED_EDGE('',*,*,#2531,.T.);
#1657=ORIENTED_EDGE('',*,*,#2546,.T.);
#1658=ORIENTED_EDGE('',*,*,#2561,.T.);
#1659=ORIENTED_EDGE('',*,*,#2576,.T.);
#1660=ORIENTED_EDGE('',*,*,#2591,.T.);
#1661=ORIENTED_EDGE('',*,*,#2606,.T.);
#1662=ORIENTED_EDGE('',*,*,#2617,.F.);
#1663=ORIENTED_EDGE('',*,*,#2274,.T.);
#1664=ORIENTED_EDGE('',*,*,#2651,.T.);
#1665=ORIENTED_EDGE('',*,*,#2441,.T.);
#1666=ORIENTED_EDGE('',*,*,#2491,.T.);
#1667=ORIENTED_EDGE('',*,*,#2498,.F.);
#1668=ORIENTED_EDGE('',*,*,#2443,.F.);
#1669=ORIENTED_EDGE('',*,*,#2652,.F.);
#1670=ORIENTED_EDGE('',*,*,#2272,.F.);
#1671=ORIENTED_EDGE('',*,*,#2429,.T.);
#1672=ORIENTED_EDGE('',*,*,#2414,.F.);
#1673=ORIENTED_EDGE('',*,*,#2396,.F.);
#1674=ORIENTED_EDGE('',*,*,#2378,.F.);
#1675=ORIENTED_EDGE('',*,*,#2360,.F.);
#1676=ORIENTED_EDGE('',*,*,#2342,.F.);
#1677=ORIENTED_EDGE('',*,*,#2324,.F.);
#1678=ORIENTED_EDGE('',*,*,#2304,.F.);
#1679=ORIENTED_EDGE('',*,*,#2442,.T.);
#1680=ORIENTED_EDGE('',*,*,#2651,.F.);
#1681=ORIENTED_EDGE('',*,*,#2273,.F.);
#1682=ORIENTED_EDGE('',*,*,#2652,.T.);
#1683=ORIENTED_EDGE('',*,*,#2513,.T.);
#1684=ORIENTED_EDGE('',*,*,#2528,.T.);
#1685=ORIENTED_EDGE('',*,*,#2543,.T.);
#1686=ORIENTED_EDGE('',*,*,#2558,.T.);
#1687=ORIENTED_EDGE('',*,*,#2573,.T.);
#1688=ORIENTED_EDGE('',*,*,#2588,.T.);
#1689=ORIENTED_EDGE('',*,*,#2603,.T.);
#1690=ORIENTED_EDGE('',*,*,#2615,.F.);
#1691=ORIENTED_EDGE('',*,*,#2266,.T.);
#1692=ORIENTED_EDGE('',*,*,#2653,.T.);
#1693=ORIENTED_EDGE('',*,*,#2437,.T.);
#1694=ORIENTED_EDGE('',*,*,#2485,.T.);
#1695=ORIENTED_EDGE('',*,*,#2492,.F.);
#1696=ORIENTED_EDGE('',*,*,#2439,.F.);
#1697=ORIENTED_EDGE('',*,*,#2654,.F.);
#1698=ORIENTED_EDGE('',*,*,#2264,.F.);
#1699=ORIENTED_EDGE('',*,*,#2427,.T.);
#1700=ORIENTED_EDGE('',*,*,#2411,.F.);
#1701=ORIENTED_EDGE('',*,*,#2393,.F.);
#1702=ORIENTED_EDGE('',*,*,#2375,.F.);
#1703=ORIENTED_EDGE('',*,*,#2357,.F.);
#1704=ORIENTED_EDGE('',*,*,#2339,.F.);
#1705=ORIENTED_EDGE('',*,*,#2321,.F.);
#1706=ORIENTED_EDGE('',*,*,#2300,.F.);
#1707=ORIENTED_EDGE('',*,*,#2438,.T.);
#1708=ORIENTED_EDGE('',*,*,#2653,.F.);
#1709=ORIENTED_EDGE('',*,*,#2265,.F.);
#1710=ORIENTED_EDGE('',*,*,#2654,.T.);
#1711=ORIENTED_EDGE('',*,*,#2434,.T.);
#1712=ORIENTED_EDGE('',*,*,#2655,.F.);
#1713=ORIENTED_EDGE('',*,*,#2257,.F.);
#1714=ORIENTED_EDGE('',*,*,#2656,.T.);
#1715=ORIENTED_EDGE('',*,*,#2486,.F.);
#1716=ORIENTED_EDGE('',*,*,#2435,.F.);
#1717=ORIENTED_EDGE('',*,*,#2656,.F.);
#1718=ORIENTED_EDGE('',*,*,#2256,.F.);
#1719=ORIENTED_EDGE('',*,*,#2425,.T.);
#1720=ORIENTED_EDGE('',*,*,#2408,.F.);
#1721=ORIENTED_EDGE('',*,*,#2390,.F.);
#1722=ORIENTED_EDGE('',*,*,#2372,.F.);
#1723=ORIENTED_EDGE('',*,*,#2354,.F.);
#1724=ORIENTED_EDGE('',*,*,#2336,.F.);
#1725=ORIENTED_EDGE('',*,*,#2318,.F.);
#1726=ORIENTED_EDGE('',*,*,#2296,.F.);
#1727=ORIENTED_EDGE('',*,*,#2507,.T.);
#1728=ORIENTED_EDGE('',*,*,#2522,.T.);
#1729=ORIENTED_EDGE('',*,*,#2537,.T.);
#1730=ORIENTED_EDGE('',*,*,#2552,.T.);
#1731=ORIENTED_EDGE('',*,*,#2567,.T.);
#1732=ORIENTED_EDGE('',*,*,#2582,.T.);
#1733=ORIENTED_EDGE('',*,*,#2597,.T.);
#1734=ORIENTED_EDGE('',*,*,#2611,.F.);
#1735=ORIENTED_EDGE('',*,*,#2258,.T.);
#1736=ORIENTED_EDGE('',*,*,#2655,.T.);
#1737=ORIENTED_EDGE('',*,*,#2456,.T.);
#1738=ORIENTED_EDGE('',*,*,#2287,.T.);
#1739=ORIENTED_EDGE('',*,*,#2310,.T.);
#1740=ORIENTED_EDGE('',*,*,#2329,.T.);
#1741=ORIENTED_EDGE('',*,*,#2347,.T.);
#1742=ORIENTED_EDGE('',*,*,#2365,.T.);
#1743=ORIENTED_EDGE('',*,*,#2383,.T.);
#1744=ORIENTED_EDGE('',*,*,#2401,.T.);
#1745=ORIENTED_EDGE('',*,*,#2419,.T.);
#1746=ORIENTED_EDGE('',*,*,#2432,.F.);
#1747=ORIENTED_EDGE('',*,*,#2278,.T.);
#1748=ORIENTED_EDGE('',*,*,#2465,.T.);
#1749=ORIENTED_EDGE('',*,*,#2657,.T.);
#1750=ORIENTED_EDGE('',*,*,#2504,.T.);
#1751=ORIENTED_EDGE('',*,*,#2464,.T.);
#1752=ORIENTED_EDGE('',*,*,#2658,.T.);
#1753=ORIENTED_EDGE('',*,*,#2500,.T.);
#1754=ORIENTED_EDGE('',*,*,#2657,.F.);
#1755=ORIENTED_EDGE('',*,*,#2306,.F.);
#1756=ORIENTED_EDGE('',*,*,#2501,.F.);
#1757=ORIENTED_EDGE('',*,*,#2658,.F.);
#1758=ORIENTED_EDGE('',*,*,#2463,.F.);
#1759=ORIENTED_EDGE('',*,*,#2243,.F.);
#1760=ORIENTED_EDGE('',*,*,#2430,.T.);
#1761=ORIENTED_EDGE('',*,*,#2416,.F.);
#1762=ORIENTED_EDGE('',*,*,#2398,.F.);
#1763=ORIENTED_EDGE('',*,*,#2380,.F.);
#1764=ORIENTED_EDGE('',*,*,#2362,.F.);
#1765=ORIENTED_EDGE('',*,*,#2344,.F.);
#1766=ORIENTED_EDGE('',*,*,#2326,.F.);
#1767=ORIENTED_EDGE('',*,*,#2495,.F.);
#1768=ORIENTED_EDGE('',*,*,#2659,.F.);
#1769=ORIENTED_EDGE('',*,*,#2466,.F.);
#1770=ORIENTED_EDGE('',*,*,#2276,.F.);
#1771=ORIENTED_EDGE('',*,*,#2618,.T.);
#1772=ORIENTED_EDGE('',*,*,#2607,.F.);
#1773=ORIENTED_EDGE('',*,*,#2592,.F.);
#1774=ORIENTED_EDGE('',*,*,#2577,.F.);
#1775=ORIENTED_EDGE('',*,*,#2562,.F.);
#1776=ORIENTED_EDGE('',*,*,#2547,.F.);
#1777=ORIENTED_EDGE('',*,*,#2532,.F.);
#1778=ORIENTED_EDGE('',*,*,#2517,.F.);
#1779=ORIENTED_EDGE('',*,*,#2302,.T.);
#1780=ORIENTED_EDGE('',*,*,#2323,.T.);
#1781=ORIENTED_EDGE('',*,*,#2341,.T.);
#1782=ORIENTED_EDGE('',*,*,#2359,.T.);
#1783=ORIENTED_EDGE('',*,*,#2377,.T.);
#1784=ORIENTED_EDGE('',*,*,#2395,.T.);
#1785=ORIENTED_EDGE('',*,*,#2413,.T.);
#1786=ORIENTED_EDGE('',*,*,#2428,.F.);
#1787=ORIENTED_EDGE('',*,*,#2270,.T.);
#1788=ORIENTED_EDGE('',*,*,#2468,.T.);
#1789=ORIENTED_EDGE('',*,*,#2660,.T.);
#1790=ORIENTED_EDGE('',*,*,#2499,.T.);
#1791=ORIENTED_EDGE('',*,*,#2467,.T.);
#1792=ORIENTED_EDGE('',*,*,#2659,.T.);
#1793=ORIENTED_EDGE('',*,*,#2494,.T.);
#1794=ORIENTED_EDGE('',*,*,#2660,.F.);
#1795=ORIENTED_EDGE('',*,*,#2489,.F.);
#1796=ORIENTED_EDGE('',*,*,#2661,.F.);
#1797=ORIENTED_EDGE('',*,*,#2469,.F.);
#1798=ORIENTED_EDGE('',*,*,#2268,.F.);
#1799=ORIENTED_EDGE('',*,*,#2616,.T.);
#1800=ORIENTED_EDGE('',*,*,#2604,.F.);
#1801=ORIENTED_EDGE('',*,*,#2589,.F.);
#1802=ORIENTED_EDGE('',*,*,#2574,.F.);
#1803=ORIENTED_EDGE('',*,*,#2559,.F.);
#1804=ORIENTED_EDGE('',*,*,#2544,.F.);
#1805=ORIENTED_EDGE('',*,*,#2529,.F.);
#1806=ORIENTED_EDGE('',*,*,#2514,.F.);
#1807=ORIENTED_EDGE('',*,*,#2298,.T.);
#1808=ORIENTED_EDGE('',*,*,#2320,.T.);
#1809=ORIENTED_EDGE('',*,*,#2338,.T.);
#1810=ORIENTED_EDGE('',*,*,#2356,.T.);
#1811=ORIENTED_EDGE('',*,*,#2374,.T.);
#1812=ORIENTED_EDGE('',*,*,#2392,.T.);
#1813=ORIENTED_EDGE('',*,*,#2410,.T.);
#1814=ORIENTED_EDGE('',*,*,#2426,.F.);
#1815=ORIENTED_EDGE('',*,*,#2262,.T.);
#1816=ORIENTED_EDGE('',*,*,#2471,.T.);
#1817=ORIENTED_EDGE('',*,*,#2662,.T.);
#1818=ORIENTED_EDGE('',*,*,#2493,.T.);
#1819=ORIENTED_EDGE('',*,*,#2470,.T.);
#1820=ORIENTED_EDGE('',*,*,#2661,.T.);
#1821=ORIENTED_EDGE('',*,*,#2488,.T.);
#1822=ORIENTED_EDGE('',*,*,#2662,.F.);
#1823=ORIENTED_EDGE('',*,*,#2483,.F.);
#1824=ORIENTED_EDGE('',*,*,#2663,.F.);
#1825=ORIENTED_EDGE('',*,*,#2472,.F.);
#1826=ORIENTED_EDGE('',*,*,#2260,.F.);
#1827=ORIENTED_EDGE('',*,*,#2614,.T.);
#1828=ORIENTED_EDGE('',*,*,#2601,.F.);
#1829=ORIENTED_EDGE('',*,*,#2586,.F.);
#1830=ORIENTED_EDGE('',*,*,#2571,.F.);
#1831=ORIENTED_EDGE('',*,*,#2556,.F.);
#1832=ORIENTED_EDGE('',*,*,#2541,.F.);
#1833=ORIENTED_EDGE('',*,*,#2526,.F.);
#1834=ORIENTED_EDGE('',*,*,#2511,.F.);
#1835=ORIENTED_EDGE('',*,*,#2294,.T.);
#1836=ORIENTED_EDGE('',*,*,#2317,.T.);
#1837=ORIENTED_EDGE('',*,*,#2335,.T.);
#1838=ORIENTED_EDGE('',*,*,#2353,.T.);
#1839=ORIENTED_EDGE('',*,*,#2371,.T.);
#1840=ORIENTED_EDGE('',*,*,#2389,.T.);
#1841=ORIENTED_EDGE('',*,*,#2407,.T.);
#1842=ORIENTED_EDGE('',*,*,#2424,.F.);
#1843=ORIENTED_EDGE('',*,*,#2254,.T.);
#1844=ORIENTED_EDGE('',*,*,#2474,.T.);
#1845=ORIENTED_EDGE('',*,*,#2664,.T.);
#1846=ORIENTED_EDGE('',*,*,#2487,.T.);
#1847=ORIENTED_EDGE('',*,*,#2473,.T.);
#1848=ORIENTED_EDGE('',*,*,#2663,.T.);
#1849=ORIENTED_EDGE('',*,*,#2482,.T.);
#1850=ORIENTED_EDGE('',*,*,#2664,.F.);
#1851=ORIENTED_EDGE('',*,*,#2458,.T.);
#1852=ORIENTED_EDGE('',*,*,#2665,.T.);
#1853=ORIENTED_EDGE('',*,*,#2284,.T.);
#1854=ORIENTED_EDGE('',*,*,#2666,.F.);
#1855=ORIENTED_EDGE('',*,*,#2285,.F.);
#1856=ORIENTED_EDGE('',*,*,#2665,.F.);
#1857=ORIENTED_EDGE('',*,*,#2457,.F.);
#1858=ORIENTED_EDGE('',*,*,#2252,.F.);
#1859=ORIENTED_EDGE('',*,*,#2610,.T.);
#1860=ORIENTED_EDGE('',*,*,#2595,.F.);
#1861=ORIENTED_EDGE('',*,*,#2580,.F.);
#1862=ORIENTED_EDGE('',*,*,#2565,.F.);
#1863=ORIENTED_EDGE('',*,*,#2550,.F.);
#1864=ORIENTED_EDGE('',*,*,#2535,.F.);
#1865=ORIENTED_EDGE('',*,*,#2520,.F.);
#1866=ORIENTED_EDGE('',*,*,#2505,.F.);
#1867=ORIENTED_EDGE('',*,*,#2291,.T.);
#1868=ORIENTED_EDGE('',*,*,#2314,.T.);
#1869=ORIENTED_EDGE('',*,*,#2332,.T.);
#1870=ORIENTED_EDGE('',*,*,#2350,.T.);
#1871=ORIENTED_EDGE('',*,*,#2368,.T.);
#1872=ORIENTED_EDGE('',*,*,#2386,.T.);
#1873=ORIENTED_EDGE('',*,*,#2404,.T.);
#1874=ORIENTED_EDGE('',*,*,#2422,.F.);
#1875=ORIENTED_EDGE('',*,*,#2235,.T.);
#1876=ORIENTED_EDGE('',*,*,#2459,.T.);
#1877=ORIENTED_EDGE('',*,*,#2666,.T.);
#1878=ORIENTED_EDGE('',*,*,#2283,.T.);
#1879=VERTEX_POINT('',#4121);
#1880=VERTEX_POINT('',#4122);
#1881=VERTEX_POINT('',#4129);
#1882=VERTEX_POINT('',#4131);
#1883=VERTEX_POINT('',#4136);
#1884=VERTEX_POINT('',#4138);
#1885=VERTEX_POINT('',#4140);
#1886=VERTEX_POINT('',#4144);
#1887=VERTEX_POINT('',#4145);
#1888=VERTEX_POINT('',#4147);
#1889=VERTEX_POINT('',#4149);
#1890=VERTEX_POINT('',#4166);
#1891=VERTEX_POINT('',#4167);
#1892=VERTEX_POINT('',#4169);
#1893=VERTEX_POINT('',#4184);
#1894=VERTEX_POINT('',#4199);
#1895=VERTEX_POINT('',#4201);
#1896=VERTEX_POINT('',#4216);
#1897=VERTEX_POINT('',#4218);
#1898=VERTEX_POINT('',#4228);
#1899=VERTEX_POINT('',#4229);
#1900=VERTEX_POINT('',#4231);
#1901=VERTEX_POINT('',#4233);
#1902=VERTEX_POINT('',#4235);
#1903=VERTEX_POINT('',#4237);
#1904=VERTEX_POINT('',#4244);
#1905=VERTEX_POINT('',#4257);
#1906=VERTEX_POINT('',#4258);
#1907=VERTEX_POINT('',#4267);
#1908=VERTEX_POINT('',#4269);
#1909=VERTEX_POINT('',#4271);
#1910=VERTEX_POINT('',#4273);
#1911=VERTEX_POINT('',#4294);
#1912=VERTEX_POINT('',#4296);
#1913=VERTEX_POINT('',#4303);
#1914=VERTEX_POINT('',#4304);
#1915=VERTEX_POINT('',#4306);
#1916=VERTEX_POINT('',#4308);
#1917=VERTEX_POINT('',#4310);
#1918=VERTEX_POINT('',#4312);
#1919=VERTEX_POINT('',#4314);
#1920=VERTEX_POINT('',#4316);
#1921=VERTEX_POINT('',#4320);
#1922=VERTEX_POINT('',#4321);
#1923=VERTEX_POINT('',#4323);
#1924=VERTEX_POINT('',#4325);
#1925=VERTEX_POINT('',#4327);
#1926=VERTEX_POINT('',#4329);
#1927=VERTEX_POINT('',#4331);
#1928=VERTEX_POINT('',#4333);
#1929=VERTEX_POINT('',#4337);
#1930=VERTEX_POINT('',#4338);
#1931=VERTEX_POINT('',#4340);
#1932=VERTEX_POINT('',#4342);
#1933=VERTEX_POINT('',#4344);
#1934=VERTEX_POINT('',#4346);
#1935=VERTEX_POINT('',#4348);
#1936=VERTEX_POINT('',#4350);
#1937=VERTEX_POINT('',#4354);
#1938=VERTEX_POINT('',#4355);
#1939=VERTEX_POINT('',#4357);
#1940=VERTEX_POINT('',#4359);
#1941=VERTEX_POINT('',#4361);
#1942=VERTEX_POINT('',#4363);
#1943=VERTEX_POINT('',#4365);
#1944=VERTEX_POINT('',#4367);
#1945=VERTEX_POINT('',#4371);
#1946=VERTEX_POINT('',#4372);
#1947=VERTEX_POINT('',#4374);
#1948=VERTEX_POINT('',#4376);
#1949=VERTEX_POINT('',#4378);
#1950=VERTEX_POINT('',#4380);
#1951=VERTEX_POINT('',#4382);
#1952=VERTEX_POINT('',#4384);
#1953=VERTEX_POINT('',#4388);
#1954=VERTEX_POINT('',#4389);
#1955=VERTEX_POINT('',#4391);
#1956=VERTEX_POINT('',#4393);
#1957=VERTEX_POINT('',#4395);
#1958=VERTEX_POINT('',#4397);
#1959=VERTEX_POINT('',#4399);
#1960=VERTEX_POINT('',#4401);
#1961=VERTEX_POINT('',#4405);
#1962=VERTEX_POINT('',#4406);
#1963=VERTEX_POINT('',#4408);
#1964=VERTEX_POINT('',#4410);
#1965=VERTEX_POINT('',#4412);
#1966=VERTEX_POINT('',#4414);
#1967=VERTEX_POINT('',#4416);
#1968=VERTEX_POINT('',#4418);
#1969=VERTEX_POINT('',#4425);
#1970=VERTEX_POINT('',#4433);
#1971=VERTEX_POINT('',#4443);
#1972=VERTEX_POINT('',#4444);
#1973=VERTEX_POINT('',#4446);
#1974=VERTEX_POINT('',#4451);
#1975=VERTEX_POINT('',#4458);
#1976=VERTEX_POINT('',#4459);
#1977=VERTEX_POINT('',#4461);
#1978=VERTEX_POINT('',#4466);
#1979=VERTEX_POINT('',#4473);
#1980=VERTEX_POINT('',#4474);
#1981=VERTEX_POINT('',#4476);
#1982=VERTEX_POINT('',#4481);
#1983=VERTEX_POINT('',#4488);
#1984=VERTEX_POINT('',#4489);
#1985=VERTEX_POINT('',#4491);
#1986=VERTEX_POINT('',#4496);
#1987=VERTEX_POINT('',#4506);
#1988=VERTEX_POINT('',#4507);
#1989=VERTEX_POINT('',#4509);
#1990=VERTEX_POINT('',#4514);
#1991=VERTEX_POINT('',#4539);
#1992=VERTEX_POINT('',#4562);
#1993=VERTEX_POINT('',#4590);
#1994=VERTEX_POINT('',#4613);
#1995=VERTEX_POINT('',#4638);
#1996=VERTEX_POINT('',#4661);
#1997=VERTEX_POINT('',#4686);
#1998=VERTEX_POINT('',#4712);
#1999=VERTEX_POINT('',#4737);
#2000=VERTEX_POINT('',#4739);
#2001=VERTEX_POINT('',#4785);
#2002=VERTEX_POINT('',#4808);
#2003=VERTEX_POINT('',#4812);
#2004=VERTEX_POINT('',#4814);
#2005=VERTEX_POINT('',#4818);
#2006=VERTEX_POINT('',#4820);
#2007=VERTEX_POINT('',#4824);
#2008=VERTEX_POINT('',#4826);
#2009=VERTEX_POINT('',#4830);
#2010=VERTEX_POINT('',#4832);
#2011=VERTEX_POINT('',#4836);
#2012=VERTEX_POINT('',#4838);
#2013=VERTEX_POINT('',#4842);
#2014=VERTEX_POINT('',#4844);
#2015=VERTEX_POINT('',#4848);
#2016=VERTEX_POINT('',#4850);
#2017=VERTEX_POINT('',#4854);
#2018=VERTEX_POINT('',#4856);
#2019=VERTEX_POINT('',#4860);
#2020=VERTEX_POINT('',#4862);
#2021=VERTEX_POINT('',#4866);
#2022=VERTEX_POINT('',#4868);
#2023=VERTEX_POINT('',#4872);
#2024=VERTEX_POINT('',#4874);
#2025=VERTEX_POINT('',#4878);
#2026=VERTEX_POINT('',#4880);
#2027=VERTEX_POINT('',#4884);
#2028=VERTEX_POINT('',#4886);
#2029=VERTEX_POINT('',#4890);
#2030=VERTEX_POINT('',#4892);
#2031=VERTEX_POINT('',#4896);
#2032=VERTEX_POINT('',#4898);
#2033=VERTEX_POINT('',#4902);
#2034=VERTEX_POINT('',#4904);
#2035=VERTEX_POINT('',#4908);
#2036=VERTEX_POINT('',#4910);
#2037=VERTEX_POINT('',#4914);
#2038=VERTEX_POINT('',#4916);
#2039=VERTEX_POINT('',#4938);
#2040=VERTEX_POINT('',#4958);
#2041=VERTEX_POINT('',#4983);
#2042=VERTEX_POINT('',#5003);
#2043=VERTEX_POINT('',#5025);
#2044=VERTEX_POINT('',#5045);
#2045=VERTEX_POINT('',#5067);
#2046=VERTEX_POINT('',#5087);
#2047=VERTEX_POINT('',#5109);
#2048=VERTEX_POINT('',#5111);
#2049=VERTEX_POINT('',#5151);
#2050=VERTEX_POINT('',#5171);
#2051=VERTEX_POINT('',#5178);
#2052=VERTEX_POINT('',#5186);
#2053=VERTEX_POINT('',#5196);
#2054=VERTEX_POINT('',#5201);
#2055=VERTEX_POINT('',#5208);
#2056=VERTEX_POINT('',#5213);
#2057=VERTEX_POINT('',#5220);
#2058=VERTEX_POINT('',#5228);
#2059=VERTEX_POINT('',#5235);
#2060=VERTEX_POINT('',#5237);
#2061=VERTEX_POINT('',#5250);
#2062=VERTEX_POINT('',#5255);
#2063=VERTEX_POINT('',#5460);
#2064=VERTEX_POINT('',#5461);
#2065=VERTEX_POINT('',#5463);
#2066=VERTEX_POINT('',#5465);
#2067=VERTEX_POINT('',#5467);
#2068=VERTEX_POINT('',#5469);
#2069=VERTEX_POINT('',#5471);
#2070=VERTEX_POINT('',#5473);
#2071=VERTEX_POINT('',#5475);
#2072=VERTEX_POINT('',#5477);
#2073=VERTEX_POINT('',#5479);
#2074=VERTEX_POINT('',#5481);
#2075=VERTEX_POINT('',#5483);
#2076=VERTEX_POINT('',#5485);
#2077=VERTEX_POINT('',#5487);
#2078=VERTEX_POINT('',#5489);
#2079=VERTEX_POINT('',#5491);
#2080=VERTEX_POINT('',#5493);
#2081=VERTEX_POINT('',#5495);
#2082=VERTEX_POINT('',#5497);
#2083=VERTEX_POINT('',#5499);
#2084=VERTEX_POINT('',#5501);
#2085=VERTEX_POINT('',#5505);
#2086=VERTEX_POINT('',#5507);
#2087=VERTEX_POINT('',#5510);
#2088=VERTEX_POINT('',#5512);
#2089=VERTEX_POINT('',#5515);
#2090=VERTEX_POINT('',#5517);
#2091=VERTEX_POINT('',#5520);
#2092=VERTEX_POINT('',#5522);
#2093=VERTEX_POINT('',#5525);
#2094=VERTEX_POINT('',#5527);
#2095=VERTEX_POINT('',#5530);
#2096=VERTEX_POINT('',#5532);
#2097=VERTEX_POINT('',#5536);
#2098=VERTEX_POINT('',#5538);
#2099=VERTEX_POINT('',#5540);
#2100=VERTEX_POINT('',#5542);
#2101=VERTEX_POINT('',#5544);
#2102=VERTEX_POINT('',#5546);
#2103=VERTEX_POINT('',#5550);
#2104=VERTEX_POINT('',#5551);
#2105=VERTEX_POINT('',#5553);
#2106=VERTEX_POINT('',#5555);
#2107=VERTEX_POINT('',#5561);
#2108=VERTEX_POINT('',#5562);
#2109=VERTEX_POINT('',#5564);
#2110=VERTEX_POINT('',#5566);
#2111=VERTEX_POINT('',#5572);
#2112=VERTEX_POINT('',#5573);
#2113=VERTEX_POINT('',#5575);
#2114=VERTEX_POINT('',#5577);
#2115=VERTEX_POINT('',#5583);
#2116=VERTEX_POINT('',#5584);
#2117=VERTEX_POINT('',#5594);
#2118=VERTEX_POINT('',#5596);
#2119=VERTEX_POINT('',#5606);
#2120=VERTEX_POINT('',#5608);
#2121=VERTEX_POINT('',#5621);
#2122=VERTEX_POINT('',#5623);
#2123=VERTEX_POINT('',#5633);
#2124=VERTEX_POINT('',#5635);
#2125=VERTEX_POINT('',#5645);
#2126=VERTEX_POINT('',#5647);
#2127=VERTEX_POINT('',#5675);
#2128=VERTEX_POINT('',#5677);
#2129=VERTEX_POINT('',#5723);
#2130=VERTEX_POINT('',#5725);
#2131=VERTEX_POINT('',#5774);
#2132=VERTEX_POINT('',#5776);
#2133=VERTEX_POINT('',#5822);
#2134=VERTEX_POINT('',#5824);
#2135=VERTEX_POINT('',#5873);
#2136=VERTEX_POINT('',#5875);
#2137=VERTEX_POINT('',#5900);
#2138=VERTEX_POINT('',#5902);
#2139=VERTEX_POINT('',#5906);
#2140=VERTEX_POINT('',#5908);
#2141=VERTEX_POINT('',#5912);
#2142=VERTEX_POINT('',#5914);
#2143=VERTEX_POINT('',#5918);
#2144=VERTEX_POINT('',#5920);
#2145=VERTEX_POINT('',#5924);
#2146=VERTEX_POINT('',#5926);
#2147=VERTEX_POINT('',#5930);
#2148=VERTEX_POINT('',#5932);
#2149=VERTEX_POINT('',#5936);
#2150=VERTEX_POINT('',#5938);
#2151=VERTEX_POINT('',#5942);
#2152=VERTEX_POINT('',#5944);
#2153=VERTEX_POINT('',#5948);
#2154=VERTEX_POINT('',#5950);
#2155=VERTEX_POINT('',#5954);
#2156=VERTEX_POINT('',#5956);
#2157=VERTEX_POINT('',#5960);
#2158=VERTEX_POINT('',#5962);
#2159=VERTEX_POINT('',#5966);
#2160=VERTEX_POINT('',#5968);
#2161=VERTEX_POINT('',#5972);
#2162=VERTEX_POINT('',#5974);
#2163=VERTEX_POINT('',#5978);
#2164=VERTEX_POINT('',#5980);
#2165=VERTEX_POINT('',#5984);
#2166=VERTEX_POINT('',#5986);
#2167=VERTEX_POINT('',#6008);
#2168=VERTEX_POINT('',#6010);
#2169=VERTEX_POINT('',#6050);
#2170=VERTEX_POINT('',#6052);
#2171=VERTEX_POINT('',#6095);
#2172=VERTEX_POINT('',#6097);
#2173=VERTEX_POINT('',#6137);
#2174=VERTEX_POINT('',#6139);
#2175=VERTEX_POINT('',#6179);
#2176=VERTEX_POINT('',#6181);
#2177=VERTEX_POINT('',#6206);
#2178=VERTEX_POINT('',#6208);
#2179=VERTEX_POINT('',#6221);
#2180=VERTEX_POINT('',#6223);
#2181=VERTEX_POINT('',#6236);
#2182=VERTEX_POINT('',#6238);
#2183=VERTEX_POINT('',#6248);
#2184=VERTEX_POINT('',#6250);
#2185=VERTEX_POINT('',#6263);
#2186=VERTEX_POINT('',#6265);
#2187=VERTEX_POINT('',#6443);
#2188=VERTEX_POINT('',#6445);
#2189=VERTEX_POINT('',#6476);
#2190=VERTEX_POINT('',#6478);
#2191=VERTEX_POINT('',#6503);
#2192=VERTEX_POINT('',#6505);
#2193=VERTEX_POINT('',#6509);
#2194=VERTEX_POINT('',#6511);
#2195=VERTEX_POINT('',#6515);
#2196=VERTEX_POINT('',#6517);
#2197=VERTEX_POINT('',#6539);
#2198=VERTEX_POINT('',#6541);
#2199=VERTEX_POINT('',#6566);
#2200=VERTEX_POINT('',#6568);
#2201=EDGE_CURVE('',#1879,#1880,#2667,.T.);
#2202=EDGE_CURVE('',#1880,#1881,#814,.T.);
#2203=EDGE_CURVE('',#1881,#1882,#2668,.T.);
#2204=EDGE_CURVE('',#1882,#1883,#815,.T.);
#2205=EDGE_CURVE('',#1883,#1884,#2669,.T.);
#2206=EDGE_CURVE('',#1884,#1885,#2670,.T.);
#2207=EDGE_CURVE('',#1885,#1879,#2671,.T.);
#2208=EDGE_CURVE('',#1886,#1887,#2672,.T.);
#2209=EDGE_CURVE('',#1887,#1888,#2673,.T.);
#2210=EDGE_CURVE('',#1888,#1889,#2674,.T.);
#2211=EDGE_CURVE('',#1889,#1886,#2675,.T.);
#2212=EDGE_CURVE('',#1890,#1891,#816,.T.);
#2213=EDGE_CURVE('',#1891,#1892,#2676,.T.);
#2214=EDGE_CURVE('',#1892,#1893,#817,.T.);
#2215=EDGE_CURVE('',#1893,#1894,#818,.T.);
#2216=EDGE_CURVE('',#1894,#1895,#2677,.T.);
#2217=EDGE_CURVE('',#1895,#1896,#819,.T.);
#2218=EDGE_CURVE('',#1896,#1897,#2678,.T.);
#2219=EDGE_CURVE('',#1897,#1890,#820,.T.);
#2220=EDGE_CURVE('',#1898,#1899,#821,.T.);
#2221=EDGE_CURVE('',#1899,#1900,#2679,.T.);
#2222=EDGE_CURVE('',#1900,#1901,#2680,.T.);
#2223=EDGE_CURVE('',#1901,#1902,#2681,.T.);
#2224=EDGE_CURVE('',#1902,#1903,#2682,.T.);
#2225=EDGE_CURVE('',#1903,#1904,#822,.T.);
#2226=EDGE_CURVE('',#1904,#1898,#2683,.T.);
#2227=EDGE_CURVE('',#1905,#1906,#823,.T.);
#2228=EDGE_CURVE('',#1906,#1907,#824,.T.);
#2229=EDGE_CURVE('',#1907,#1908,#2684,.T.);
#2230=EDGE_CURVE('',#1908,#1909,#2685,.T.);
#2231=EDGE_CURVE('',#1909,#1910,#2686,.T.);
#2232=EDGE_CURVE('',#1910,#1911,#825,.T.);
#2233=EDGE_CURVE('',#1911,#1912,#2687,.T.);
#2234=EDGE_CURVE('',#1912,#1905,#826,.T.);
#2235=EDGE_CURVE('',#1913,#1914,#2688,.T.);
#2236=EDGE_CURVE('',#1913,#1915,#163,.T.);
#2237=EDGE_CURVE('',#1915,#1916,#2689,.T.);
#2238=EDGE_CURVE('',#1916,#1917,#2690,.T.);
#2239=EDGE_CURVE('',#1918,#1917,#2691,.T.);
#2240=EDGE_CURVE('',#1918,#1919,#164,.T.);
#2241=EDGE_CURVE('',#1919,#1920,#2692,.T.);
#2242=EDGE_CURVE('',#1920,#1914,#165,.T.);
#2243=EDGE_CURVE('',#1921,#1922,#2693,.T.);
#2244=EDGE_CURVE('',#1922,#1923,#166,.T.);
#2245=EDGE_CURVE('',#1924,#1923,#2694,.T.);
#2246=EDGE_CURVE('',#1924,#1925,#167,.T.);
#2247=EDGE_CURVE('',#1925,#1926,#2695,.T.);
#2248=EDGE_CURVE('',#1926,#1927,#2696,.T.);
#2249=EDGE_CURVE('',#1928,#1927,#2697,.T.);
#2250=EDGE_CURVE('',#1928,#1921,#168,.T.);
#2251=EDGE_CURVE('',#1929,#1930,#169,.T.);
#2252=EDGE_CURVE('',#1930,#1931,#2698,.T.);
#2253=EDGE_CURVE('',#1931,#1932,#170,.T.);
#2254=EDGE_CURVE('',#1933,#1932,#2699,.T.);
#2255=EDGE_CURVE('',#1933,#1934,#171,.T.);
#2256=EDGE_CURVE('',#1934,#1935,#2700,.T.);
#2257=EDGE_CURVE('',#1935,#1936,#2701,.T.);
#2258=EDGE_CURVE('',#1929,#1936,#2702,.T.);
#2259=EDGE_CURVE('',#1937,#1938,#172,.T.);
#2260=EDGE_CURVE('',#1938,#1939,#2703,.T.);
#2261=EDGE_CURVE('',#1939,#1940,#173,.T.);
#2262=EDGE_CURVE('',#1941,#1940,#2704,.T.);
#2263=EDGE_CURVE('',#1941,#1942,#174,.T.);
#2264=EDGE_CURVE('',#1942,#1943,#2705,.T.);
#2265=EDGE_CURVE('',#1943,#1944,#2706,.T.);
#2266=EDGE_CURVE('',#1937,#1944,#2707,.T.);
#2267=EDGE_CURVE('',#1945,#1946,#175,.T.);
#2268=EDGE_CURVE('',#1946,#1947,#2708,.T.);
#2269=EDGE_CURVE('',#1947,#1948,#176,.T.);
#2270=EDGE_CURVE('',#1949,#1948,#2709,.T.);
#2271=EDGE_CURVE('',#1949,#1950,#177,.T.);
#2272=EDGE_CURVE('',#1950,#1951,#2710,.T.);
#2273=EDGE_CURVE('',#1951,#1952,#2711,.T.);
#2274=EDGE_CURVE('',#1945,#1952,#2712,.T.);
#2275=EDGE_CURVE('',#1953,#1954,#178,.T.);
#2276=EDGE_CURVE('',#1954,#1955,#2713,.T.);
#2277=EDGE_CURVE('',#1955,#1956,#179,.T.);
#2278=EDGE_CURVE('',#1957,#1956,#2714,.T.);
#2279=EDGE_CURVE('',#1957,#1958,#180,.T.);
#2280=EDGE_CURVE('',#1958,#1959,#2715,.T.);
#2281=EDGE_CURVE('',#1959,#1960,#2716,.T.);
#2282=EDGE_CURVE('',#1953,#1960,#2717,.T.);
#2283=EDGE_CURVE('',#1961,#1962,#2718,.T.);
#2284=EDGE_CURVE('',#1963,#1961,#2719,.T.);
#2285=EDGE_CURVE('',#1963,#1964,#2720,.T.);
#2286=EDGE_CURVE('',#1965,#1964,#181,.T.);
#2287=EDGE_CURVE('',#1966,#1965,#2721,.T.);
#2288=EDGE_CURVE('',#1966,#1967,#182,.T.);
#2289=EDGE_CURVE('',#1967,#1968,#2722,.T.);
#2290=EDGE_CURVE('',#1962,#1968,#183,.T.);
#2291=EDGE_CURVE('',#1962,#1969,#827,.T.);
#2292=EDGE_CURVE('',#1968,#1970,#828,.T.);
#2293=EDGE_CURVE('',#1969,#1970,#184,.T.);
#2294=EDGE_CURVE('',#1971,#1972,#829,.T.);
#2295=EDGE_CURVE('',#1971,#1973,#185,.T.);
#2296=EDGE_CURVE('',#1973,#1974,#830,.T.);
#2297=EDGE_CURVE('',#1972,#1974,#186,.T.);
#2298=EDGE_CURVE('',#1975,#1976,#831,.T.);
#2299=EDGE_CURVE('',#1975,#1977,#187,.T.);
#2300=EDGE_CURVE('',#1977,#1978,#832,.T.);
#2301=EDGE_CURVE('',#1976,#1978,#188,.T.);
#2302=EDGE_CURVE('',#1979,#1980,#833,.T.);
#2303=EDGE_CURVE('',#1979,#1981,#189,.T.);
#2304=EDGE_CURVE('',#1981,#1982,#834,.T.);
#2305=EDGE_CURVE('',#1980,#1982,#190,.T.);
#2306=EDGE_CURVE('',#1983,#1984,#835,.T.);
#2307=EDGE_CURVE('',#1985,#1984,#191,.T.);
#2308=EDGE_CURVE('',#1986,#1985,#836,.T.);
#2309=EDGE_CURVE('',#1986,#1983,#192,.T.);
#2310=EDGE_CURVE('',#1987,#1988,#837,.T.);
#2311=EDGE_CURVE('',#1987,#1989,#193,.T.);
#2312=EDGE_CURVE('',#1989,#1990,#838,.T.);
#2313=EDGE_CURVE('',#1988,#1990,#194,.T.);
#2314=EDGE_CURVE('',#1969,#1991,#839,.T.);
#2315=EDGE_CURVE('',#1970,#1992,#840,.T.);
#2316=EDGE_CURVE('',#1991,#1992,#195,.T.);
#2317=EDGE_CURVE('',#1972,#1993,#841,.T.);
#2318=EDGE_CURVE('',#1974,#1994,#842,.T.);
#2319=EDGE_CURVE('',#1993,#1994,#196,.T.);
#2320=EDGE_CURVE('',#1976,#1995,#843,.T.);
#2321=EDGE_CURVE('',#1978,#1996,#844,.T.);
#2322=EDGE_CURVE('',#1995,#1996,#197,.T.);
#2323=EDGE_CURVE('',#1980,#1997,#845,.T.);
#2324=EDGE_CURVE('',#1982,#1998,#846,.T.);
#2325=EDGE_CURVE('',#1997,#1998,#198,.T.);
#2326=EDGE_CURVE('',#1984,#1999,#847,.T.);
#2327=EDGE_CURVE('',#2000,#1999,#199,.T.);
#2328=EDGE_CURVE('',#1985,#2000,#848,.T.);
#2329=EDGE_CURVE('',#1988,#2001,#849,.T.);
#2330=EDGE_CURVE('',#1990,#2002,#850,.T.);
#2331=EDGE_CURVE('',#2001,#2002,#200,.T.);
#2332=EDGE_CURVE('',#1991,#2003,#2723,.T.);
#2333=EDGE_CURVE('',#2004,#1992,#2724,.T.);
#2334=EDGE_CURVE('',#2003,#2004,#201,.T.);
#2335=EDGE_CURVE('',#1993,#2005,#2725,.T.);
#2336=EDGE_CURVE('',#1994,#2006,#2726,.T.);
#2337=EDGE_CURVE('',#2005,#2006,#202,.T.);
#2338=EDGE_CURVE('',#1995,#2007,#2727,.T.);
#2339=EDGE_CURVE('',#1996,#2008,#2728,.T.);
#2340=EDGE_CURVE('',#2007,#2008,#203,.T.);
#2341=EDGE_CURVE('',#1997,#2009,#2729,.T.);
#2342=EDGE_CURVE('',#1998,#2010,#2730,.T.);
#2343=EDGE_CURVE('',#2009,#2010,#204,.T.);
#2344=EDGE_CURVE('',#1999,#2011,#2731,.T.);
#2345=EDGE_CURVE('',#2012,#2011,#205,.T.);
#2346=EDGE_CURVE('',#2000,#2012,#2732,.T.);
#2347=EDGE_CURVE('',#2001,#2013,#2733,.T.);
#2348=EDGE_CURVE('',#2002,#2014,#2734,.T.);
#2349=EDGE_CURVE('',#2013,#2014,#206,.T.);
#2350=EDGE_CURVE('',#2003,#2015,#2735,.T.);
#2351=EDGE_CURVE('',#2016,#2004,#2736,.T.);
#2352=EDGE_CURVE('',#2015,#2016,#207,.T.);
#2353=EDGE_CURVE('',#2005,#2017,#2737,.T.);
#2354=EDGE_CURVE('',#2006,#2018,#2738,.T.);
#2355=EDGE_CURVE('',#2017,#2018,#208,.T.);
#2356=EDGE_CURVE('',#2007,#2019,#2739,.T.);
#2357=EDGE_CURVE('',#2008,#2020,#2740,.T.);
#2358=EDGE_CURVE('',#2019,#2020,#209,.T.);
#2359=EDGE_CURVE('',#2009,#2021,#2741,.T.);
#2360=EDGE_CURVE('',#2010,#2022,#2742,.T.);
#2361=EDGE_CURVE('',#2021,#2022,#210,.T.);
#2362=EDGE_CURVE('',#2011,#2023,#2743,.T.);
#2363=EDGE_CURVE('',#2024,#2023,#211,.T.);
#2364=EDGE_CURVE('',#2012,#2024,#2744,.T.);
#2365=EDGE_CURVE('',#2013,#2025,#2745,.T.);
#2366=EDGE_CURVE('',#2014,#2026,#2746,.T.);
#2367=EDGE_CURVE('',#2025,#2026,#212,.T.);
#2368=EDGE_CURVE('',#2015,#2027,#2747,.T.);
#2369=EDGE_CURVE('',#2028,#2016,#2748,.T.);
#2370=EDGE_CURVE('',#2027,#2028,#213,.T.);
#2371=EDGE_CURVE('',#2017,#2029,#2749,.T.);
#2372=EDGE_CURVE('',#2018,#2030,#2750,.T.);
#2373=EDGE_CURVE('',#2029,#2030,#214,.T.);
#2374=EDGE_CURVE('',#2019,#2031,#2751,.T.);
#2375=EDGE_CURVE('',#2020,#2032,#2752,.T.);
#2376=EDGE_CURVE('',#2031,#2032,#215,.T.);
#2377=EDGE_CURVE('',#2021,#2033,#2753,.T.);
#2378=EDGE_CURVE('',#2022,#2034,#2754,.T.);
#2379=EDGE_CURVE('',#2033,#2034,#216,.T.);
#2380=EDGE_CURVE('',#2023,#2035,#2755,.T.);
#2381=EDGE_CURVE('',#2036,#2035,#217,.T.);
#2382=EDGE_CURVE('',#2024,#2036,#2756,.T.);
#2383=EDGE_CURVE('',#2025,#2037,#2757,.T.);
#2384=EDGE_CURVE('',#2026,#2038,#2758,.T.);
#2385=EDGE_CURVE('',#2037,#2038,#218,.T.);
#2386=EDGE_CURVE('',#2027,#2039,#851,.T.);
#2387=EDGE_CURVE('',#2028,#2040,#852,.T.);
#2388=EDGE_CURVE('',#2039,#2040,#219,.T.);
#2389=EDGE_CURVE('',#2029,#2041,#853,.T.);
#2390=EDGE_CURVE('',#2030,#2042,#854,.T.);
#2391=EDGE_CURVE('',#2041,#2042,#220,.T.);
#2392=EDGE_CURVE('',#2031,#2043,#855,.T.);
#2393=EDGE_CURVE('',#2032,#2044,#856,.T.);
#2394=EDGE_CURVE('',#2043,#2044,#221,.T.);
#2395=EDGE_CURVE('',#2033,#2045,#857,.T.);
#2396=EDGE_CURVE('',#2034,#2046,#858,.T.);
#2397=EDGE_CURVE('',#2045,#2046,#222,.T.);
#2398=EDGE_CURVE('',#2035,#2047,#859,.T.);
#2399=EDGE_CURVE('',#2048,#2047,#223,.T.);
#2400=EDGE_CURVE('',#2036,#2048,#860,.T.);
#2401=EDGE_CURVE('',#2037,#2049,#861,.T.);
#2402=EDGE_CURVE('',#2038,#2050,#862,.T.);
#2403=EDGE_CURVE('',#2049,#2050,#224,.T.);
#2404=EDGE_CURVE('',#2039,#2051,#863,.T.);
#2405=EDGE_CURVE('',#2052,#2040,#864,.T.);
#2406=EDGE_CURVE('',#2052,#2051,#225,.T.);
#2407=EDGE_CURVE('',#2041,#2053,#865,.T.);
#2408=EDGE_CURVE('',#2042,#2054,#866,.T.);
#2409=EDGE_CURVE('',#2054,#2053,#226,.T.);
#2410=EDGE_CURVE('',#2043,#2055,#867,.T.);
#2411=EDGE_CURVE('',#2044,#2056,#868,.T.);
#2412=EDGE_CURVE('',#2056,#2055,#227,.T.);
#2413=EDGE_CURVE('',#2045,#2057,#869,.T.);
#2414=EDGE_CURVE('',#2046,#2058,#870,.T.);
#2415=EDGE_CURVE('',#2058,#2057,#228,.T.);
#2416=EDGE_CURVE('',#2047,#2059,#871,.T.);
#2417=EDGE_CURVE('',#2059,#2060,#229,.T.);
#2418=EDGE_CURVE('',#2048,#2060,#872,.T.);
#2419=EDGE_CURVE('',#2049,#2061,#873,.T.);
#2420=EDGE_CURVE('',#2050,#2062,#874,.T.);
#2421=EDGE_CURVE('',#2062,#2061,#230,.T.);
#2422=EDGE_CURVE('',#1913,#2051,#875,.T.);
#2423=EDGE_CURVE('',#1915,#2052,#876,.T.);
#2424=EDGE_CURVE('',#1933,#2053,#877,.T.);
#2425=EDGE_CURVE('',#1934,#2054,#878,.T.);
#2426=EDGE_CURVE('',#1941,#2055,#879,.T.);
#2427=EDGE_CURVE('',#1942,#2056,#880,.T.);
#2428=EDGE_CURVE('',#1949,#2057,#881,.T.);
#2429=EDGE_CURVE('',#1950,#2058,#882,.T.);
#2430=EDGE_CURVE('',#1921,#2059,#883,.T.);
#2431=EDGE_CURVE('',#1928,#2060,#884,.T.);
#2432=EDGE_CURVE('',#1957,#2061,#885,.T.);
#2433=EDGE_CURVE('',#1958,#2062,#886,.T.);
#2434=EDGE_CURVE('',#2063,#2064,#78,.T.);
#2435=EDGE_CURVE('',#2063,#2065,#2759,.T.);
#2436=EDGE_CURVE('',#2066,#2065,#231,.T.);
#2437=EDGE_CURVE('',#2067,#2066,#2760,.T.);
#2438=EDGE_CURVE('',#2068,#2067,#79,.T.);
#2439=EDGE_CURVE('',#2068,#2069,#2761,.T.);
#2440=EDGE_CURVE('',#2070,#2069,#232,.T.);
#2441=EDGE_CURVE('',#2071,#2070,#2762,.T.);
#2442=EDGE_CURVE('',#2072,#2071,#80,.T.);
#2443=EDGE_CURVE('',#2072,#2073,#2763,.T.);
#2444=EDGE_CURVE('',#2074,#2073,#233,.T.);
#2445=EDGE_CURVE('',#2075,#2074,#2764,.T.);
#2446=EDGE_CURVE('',#2076,#2075,#81,.T.);
#2447=EDGE_CURVE('',#2076,#2077,#2765,.T.);
#2448=EDGE_CURVE('',#2078,#2077,#234,.T.);
#2449=EDGE_CURVE('',#2079,#2078,#2766,.T.);
#2450=EDGE_CURVE('',#2080,#2079,#82,.T.);
#2451=EDGE_CURVE('',#2081,#2080,#2767,.T.);
#2452=EDGE_CURVE('',#2082,#2081,#235,.T.);
#2453=EDGE_CURVE('',#2083,#2082,#2768,.T.);
#2454=EDGE_CURVE('',#2084,#2083,#83,.T.);
#2455=EDGE_CURVE('',#2084,#1967,#2769,.T.);
#2456=EDGE_CURVE('',#2064,#1966,#2770,.T.);
#2457=EDGE_CURVE('',#1931,#2085,#2771,.T.);
#2458=EDGE_CURVE('',#2086,#2085,#84,.T.);
#2459=EDGE_CURVE('',#1914,#2086,#2772,.T.);
#2460=EDGE_CURVE('',#1920,#2087,#2773,.T.);
#2461=EDGE_CURVE('',#2088,#2087,#85,.T.);
#2462=EDGE_CURVE('',#1923,#2088,#2774,.T.);
#2463=EDGE_CURVE('',#1922,#2089,#2775,.T.);
#2464=EDGE_CURVE('',#2090,#2089,#86,.T.);
#2465=EDGE_CURVE('',#1956,#2090,#2776,.T.);
#2466=EDGE_CURVE('',#1955,#2091,#2777,.T.);
#2467=EDGE_CURVE('',#2092,#2091,#87,.T.);
#2468=EDGE_CURVE('',#1948,#2092,#2778,.T.);
#2469=EDGE_CURVE('',#1947,#2093,#2779,.T.);
#2470=EDGE_CURVE('',#2094,#2093,#88,.T.);
#2471=EDGE_CURVE('',#1940,#2094,#2780,.T.);
#2472=EDGE_CURVE('',#1939,#2095,#2781,.T.);
#2473=EDGE_CURVE('',#2096,#2095,#89,.T.);
#2474=EDGE_CURVE('',#1932,#2096,#2782,.T.);
#2475=EDGE_CURVE('',#2097,#2081,#2783,.T.);
#2476=EDGE_CURVE('',#2098,#2097,#236,.T.);
#2477=EDGE_CURVE('',#2099,#2098,#2784,.T.);
#2478=EDGE_CURVE('',#2100,#2099,#2785,.T.);
#2479=EDGE_CURVE('',#2100,#2101,#2786,.T.);
#2480=EDGE_CURVE('',#2102,#2101,#237,.T.);
#2481=EDGE_CURVE('',#2082,#2102,#2787,.T.);
#2482=EDGE_CURVE('',#2103,#2104,#2788,.T.);
#2483=EDGE_CURVE('',#2103,#2105,#2789,.T.);
#2484=EDGE_CURVE('',#2106,#2105,#238,.T.);
#2485=EDGE_CURVE('',#2066,#2106,#2790,.T.);
#2486=EDGE_CURVE('',#2065,#1973,#2791,.T.);
#2487=EDGE_CURVE('',#2104,#1971,#2792,.T.);
#2488=EDGE_CURVE('',#2107,#2108,#2793,.T.);
#2489=EDGE_CURVE('',#2107,#2109,#2794,.T.);
#2490=EDGE_CURVE('',#2110,#2109,#239,.T.);
#2491=EDGE_CURVE('',#2070,#2110,#2795,.T.);
#2492=EDGE_CURVE('',#2069,#1977,#2796,.T.);
#2493=EDGE_CURVE('',#2108,#1975,#2797,.T.);
#2494=EDGE_CURVE('',#2111,#2112,#2798,.T.);
#2495=EDGE_CURVE('',#2111,#2113,#2799,.T.);
#2496=EDGE_CURVE('',#2114,#2113,#240,.T.);
#2497=EDGE_CURVE('',#2074,#2114,#2800,.T.);
#2498=EDGE_CURVE('',#2073,#1981,#2801,.T.);
#2499=EDGE_CURVE('',#2112,#1979,#2802,.T.);
#2500=EDGE_CURVE('',#2115,#2116,#2803,.T.);
#2501=EDGE_CURVE('',#2115,#1983,#2804,.T.);
#2502=EDGE_CURVE('',#2078,#1986,#2805,.T.);
#2503=EDGE_CURVE('',#2077,#1989,#2806,.T.);
#2504=EDGE_CURVE('',#2116,#1987,#2807,.T.);
#2505=EDGE_CURVE('',#1964,#2117,#887,.T.);
#2506=EDGE_CURVE('',#2118,#2117,#241,.T.);
#2507=EDGE_CURVE('',#1965,#2118,#888,.T.);
#2508=EDGE_CURVE('',#2119,#2097,#889,.T.);
#2509=EDGE_CURVE('',#2120,#2119,#242,.T.);
#2510=EDGE_CURVE('',#2098,#2120,#890,.T.);
#2511=EDGE_CURVE('',#2105,#2121,#891,.T.);
#2512=EDGE_CURVE('',#2122,#2121,#243,.T.);
#2513=EDGE_CURVE('',#2106,#2122,#892,.T.);
#2514=EDGE_CURVE('',#2109,#2123,#893,.T.);
#2515=EDGE_CURVE('',#2124,#2123,#244,.T.);
#2516=EDGE_CURVE('',#2110,#2124,#894,.T.);
#2517=EDGE_CURVE('',#2113,#2125,#895,.T.);
#2518=EDGE_CURVE('',#2126,#2125,#245,.T.);
#2519=EDGE_CURVE('',#2114,#2126,#896,.T.);
#2520=EDGE_CURVE('',#2117,#2127,#897,.T.);
#2521=EDGE_CURVE('',#2128,#2127,#246,.T.);
#2522=EDGE_CURVE('',#2118,#2128,#898,.T.);
#2523=EDGE_CURVE('',#2129,#2119,#899,.T.);
#2524=EDGE_CURVE('',#2130,#2129,#247,.T.);
#2525=EDGE_CURVE('',#2120,#2130,#900,.T.);
#2526=EDGE_CURVE('',#2121,#2131,#901,.T.);
#2527=EDGE_CURVE('',#2132,#2131,#248,.T.);
#2528=EDGE_CURVE('',#2122,#2132,#902,.T.);
#2529=EDGE_CURVE('',#2123,#2133,#903,.T.);
#2530=EDGE_CURVE('',#2134,#2133,#249,.T.);
#2531=EDGE_CURVE('',#2124,#2134,#904,.T.);
#2532=EDGE_CURVE('',#2125,#2135,#905,.T.);
#2533=EDGE_CURVE('',#2136,#2135,#250,.T.);
#2534=EDGE_CURVE('',#2126,#2136,#906,.T.);
#2535=EDGE_CURVE('',#2127,#2137,#2808,.T.);
#2536=EDGE_CURVE('',#2138,#2137,#251,.T.);
#2537=EDGE_CURVE('',#2128,#2138,#2809,.T.);
#2538=EDGE_CURVE('',#2139,#2129,#2810,.T.);
#2539=EDGE_CURVE('',#2140,#2139,#252,.T.);
#2540=EDGE_CURVE('',#2130,#2140,#2811,.T.);
#2541=EDGE_CURVE('',#2131,#2141,#2812,.T.);
#2542=EDGE_CURVE('',#2142,#2141,#253,.T.);
#2543=EDGE_CURVE('',#2132,#2142,#2813,.T.);
#2544=EDGE_CURVE('',#2133,#2143,#2814,.T.);
#2545=EDGE_CURVE('',#2144,#2143,#254,.T.);
#2546=EDGE_CURVE('',#2134,#2144,#2815,.T.);
#2547=EDGE_CURVE('',#2135,#2145,#2816,.T.);
#2548=EDGE_CURVE('',#2146,#2145,#255,.T.);
#2549=EDGE_CURVE('',#2136,#2146,#2817,.T.);
#2550=EDGE_CURVE('',#2137,#2147,#2818,.T.);
#2551=EDGE_CURVE('',#2148,#2147,#256,.T.);
#2552=EDGE_CURVE('',#2138,#2148,#2819,.T.);
#2553=EDGE_CURVE('',#2149,#2139,#2820,.T.);
#2554=EDGE_CURVE('',#2150,#2149,#257,.T.);
#2555=EDGE_CURVE('',#2140,#2150,#2821,.T.);
#2556=EDGE_CURVE('',#2141,#2151,#2822,.T.);
#2557=EDGE_CURVE('',#2152,#2151,#258,.T.);
#2558=EDGE_CURVE('',#2142,#2152,#2823,.T.);
#2559=EDGE_CURVE('',#2143,#2153,#2824,.T.);
#2560=EDGE_CURVE('',#2154,#2153,#259,.T.);
#2561=EDGE_CURVE('',#2144,#2154,#2825,.T.);
#2562=EDGE_CURVE('',#2145,#2155,#2826,.T.);
#2563=EDGE_CURVE('',#2156,#2155,#260,.T.);
#2564=EDGE_CURVE('',#2146,#2156,#2827,.T.);
#2565=EDGE_CURVE('',#2147,#2157,#2828,.T.);
#2566=EDGE_CURVE('',#2158,#2157,#261,.T.);
#2567=EDGE_CURVE('',#2148,#2158,#2829,.T.);
#2568=EDGE_CURVE('',#2159,#2149,#2830,.T.);
#2569=EDGE_CURVE('',#2160,#2159,#262,.T.);
#2570=EDGE_CURVE('',#2150,#2160,#2831,.T.);
#2571=EDGE_CURVE('',#2151,#2161,#2832,.T.);
#2572=EDGE_CURVE('',#2162,#2161,#263,.T.);
#2573=EDGE_CURVE('',#2152,#2162,#2833,.T.);
#2574=EDGE_CURVE('',#2153,#2163,#2834,.T.);
#2575=EDGE_CURVE('',#2164,#2163,#264,.T.);
#2576=EDGE_CURVE('',#2154,#2164,#2835,.T.);
#2577=EDGE_CURVE('',#2155,#2165,#2836,.T.);
#2578=EDGE_CURVE('',#2166,#2165,#265,.T.);
#2579=EDGE_CURVE('',#2156,#2166,#2837,.T.);
#2580=EDGE_CURVE('',#2157,#2167,#907,.T.);
#2581=EDGE_CURVE('',#2168,#2167,#266,.T.);
#2582=EDGE_CURVE('',#2158,#2168,#908,.T.);
#2583=EDGE_CURVE('',#2169,#2159,#909,.T.);
#2584=EDGE_CURVE('',#2170,#2169,#267,.T.);
#2585=EDGE_CURVE('',#2160,#2170,#910,.T.);
#2586=EDGE_CURVE('',#2161,#2171,#911,.T.);
#2587=EDGE_CURVE('',#2172,#2171,#268,.T.);
#2588=EDGE_CURVE('',#2162,#2172,#912,.T.);
#2589=EDGE_CURVE('',#2163,#2173,#913,.T.);
#2590=EDGE_CURVE('',#2174,#2173,#269,.T.);
#2591=EDGE_CURVE('',#2164,#2174,#914,.T.);
#2592=EDGE_CURVE('',#2165,#2175,#915,.T.);
#2593=EDGE_CURVE('',#2176,#2175,#270,.T.);
#2594=EDGE_CURVE('',#2166,#2176,#916,.T.);
#2595=EDGE_CURVE('',#2167,#2177,#917,.T.);
#2596=EDGE_CURVE('',#2177,#2178,#271,.T.);
#2597=EDGE_CURVE('',#2168,#2178,#918,.T.);
#2598=EDGE_CURVE('',#2179,#2169,#919,.T.);
#2599=EDGE_CURVE('',#2179,#2180,#272,.T.);
#2600=EDGE_CURVE('',#2170,#2180,#920,.T.);
#2601=EDGE_CURVE('',#2171,#2181,#921,.T.);
#2602=EDGE_CURVE('',#2181,#2182,#273,.T.);
#2603=EDGE_CURVE('',#2172,#2182,#922,.T.);
#2604=EDGE_CURVE('',#2173,#2183,#923,.T.);
#2605=EDGE_CURVE('',#2183,#2184,#274,.T.);
#2606=EDGE_CURVE('',#2174,#2184,#924,.T.);
#2607=EDGE_CURVE('',#2175,#2185,#925,.T.);
#2608=EDGE_CURVE('',#2185,#2186,#275,.T.);
#2609=EDGE_CURVE('',#2176,#2186,#926,.T.);
#2610=EDGE_CURVE('',#1930,#2177,#927,.T.);
#2611=EDGE_CURVE('',#1929,#2178,#928,.T.);
#2612=EDGE_CURVE('',#2179,#1925,#929,.T.);
#2613=EDGE_CURVE('',#1924,#2180,#930,.T.);
#2614=EDGE_CURVE('',#1938,#2181,#931,.T.);
#2615=EDGE_CURVE('',#1937,#2182,#932,.T.);
#2616=EDGE_CURVE('',#1946,#2183,#933,.T.);
#2617=EDGE_CURVE('',#1945,#2184,#934,.T.);
#2618=EDGE_CURVE('',#1954,#2185,#935,.T.);
#2619=EDGE_CURVE('',#1953,#2186,#936,.T.);
#2620=EDGE_CURVE('',#2101,#2187,#937,.T.);
#2621=EDGE_CURVE('',#2188,#2187,#276,.T.);
#2622=EDGE_CURVE('',#2102,#2188,#938,.T.);
#2623=EDGE_CURVE('',#2187,#2189,#939,.T.);
#2624=EDGE_CURVE('',#2190,#2189,#277,.T.);
#2625=EDGE_CURVE('',#2188,#2190,#940,.T.);
#2626=EDGE_CURVE('',#2189,#2191,#2838,.T.);
#2627=EDGE_CURVE('',#2192,#2191,#278,.T.);
#2628=EDGE_CURVE('',#2192,#2190,#2839,.T.);
#2629=EDGE_CURVE('',#2191,#2193,#2840,.T.);
#2630=EDGE_CURVE('',#2194,#2193,#279,.T.);
#2631=EDGE_CURVE('',#2194,#2192,#2841,.T.);
#2632=EDGE_CURVE('',#2193,#2195,#2842,.T.);
#2633=EDGE_CURVE('',#2196,#2195,#280,.T.);
#2634=EDGE_CURVE('',#2196,#2194,#2843,.T.);
#2635=EDGE_CURVE('',#2195,#2197,#941,.T.);
#2636=EDGE_CURVE('',#2198,#2197,#281,.T.);
#2637=EDGE_CURVE('',#2196,#2198,#942,.T.);
#2638=EDGE_CURVE('',#2197,#2199,#943,.T.);
#2639=EDGE_CURVE('',#2199,#2200,#282,.T.);
#2640=EDGE_CURVE('',#2200,#2198,#944,.T.);
#2641=EDGE_CURVE('',#1919,#2199,#945,.T.);
#2642=EDGE_CURVE('',#1918,#2200,#946,.T.);
#2643=EDGE_CURVE('',#2083,#1917,#2844,.T.);
#2644=EDGE_CURVE('',#2084,#1916,#2845,.T.);
#2645=EDGE_CURVE('',#2100,#2087,#2846,.T.);
#2646=EDGE_CURVE('',#2099,#2088,#2847,.T.);
#2647=EDGE_CURVE('',#1927,#2079,#2848,.T.);
#2648=EDGE_CURVE('',#1926,#2080,#2849,.T.);
#2649=EDGE_CURVE('',#1960,#2075,#2850,.T.);
#2650=EDGE_CURVE('',#1959,#2076,#2851,.T.);
#2651=EDGE_CURVE('',#1952,#2071,#2852,.T.);
#2652=EDGE_CURVE('',#1951,#2072,#2853,.T.);
#2653=EDGE_CURVE('',#1944,#2067,#2854,.T.);
#2654=EDGE_CURVE('',#1943,#2068,#2855,.T.);
#2655=EDGE_CURVE('',#1936,#2064,#2856,.T.);
#2656=EDGE_CURVE('',#1935,#2063,#2857,.T.);
#2657=EDGE_CURVE('',#2090,#2116,#2858,.T.);
#2658=EDGE_CURVE('',#2089,#2115,#2859,.T.);
#2659=EDGE_CURVE('',#2091,#2111,#2860,.T.);
#2660=EDGE_CURVE('',#2092,#2112,#2861,.T.);
#2661=EDGE_CURVE('',#2093,#2107,#2862,.T.);
#2662=EDGE_CURVE('',#2094,#2108,#2863,.T.);
#2663=EDGE_CURVE('',#2095,#2103,#2864,.T.);
#2664=EDGE_CURVE('',#2096,#2104,#2865,.T.);
#2665=EDGE_CURVE('',#2085,#1963,#2866,.T.);
#2666=EDGE_CURVE('',#2086,#1961,#2867,.T.);
#2667=LINE('',#4120,#2868);
#2668=LINE('',#4130,#2869);
#2669=LINE('',#4137,#2870);
#2670=LINE('',#4139,#2871);
#2671=LINE('',#4141,#2872);
#2672=LINE('',#4143,#2873);
#2673=LINE('',#4146,#2874);
#2674=LINE('',#4148,#2875);
#2675=LINE('',#4150,#2876);
#2676=LINE('',#4168,#2877);
#2677=LINE('',#4200,#2878);
#2678=LINE('',#4217,#2879);
#2679=LINE('',#4230,#2880);
#2680=LINE('',#4232,#2881);
#2681=LINE('',#4234,#2882);
#2682=LINE('',#4236,#2883);
#2683=LINE('',#4245,#2884);
#2684=LINE('',#4268,#2885);
#2685=LINE('',#4270,#2886);
#2686=LINE('',#4272,#2887);
#2687=LINE('',#4295,#2888);
#2688=LINE('',#4302,#2889);
#2689=LINE('',#4307,#2890);
#2690=LINE('',#4309,#2891);
#2691=LINE('',#4311,#2892);
#2692=LINE('',#4315,#2893);
#2693=LINE('',#4319,#2894);
#2694=LINE('',#4324,#2895);
#2695=LINE('',#4328,#2896);
#2696=LINE('',#4330,#2897);
#2697=LINE('',#4332,#2898);
#2698=LINE('',#4339,#2899);
#2699=LINE('',#4343,#2900);
#2700=LINE('',#4347,#2901);
#2701=LINE('',#4349,#2902);
#2702=LINE('',#4351,#2903);
#2703=LINE('',#4356,#2904);
#2704=LINE('',#4360,#2905);
#2705=LINE('',#4364,#2906);
#2706=LINE('',#4366,#2907);
#2707=LINE('',#4368,#2908);
#2708=LINE('',#4373,#2909);
#2709=LINE('',#4377,#2910);
#2710=LINE('',#4381,#2911);
#2711=LINE('',#4383,#2912);
#2712=LINE('',#4385,#2913);
#2713=LINE('',#4390,#2914);
#2714=LINE('',#4394,#2915);
#2715=LINE('',#4398,#2916);
#2716=LINE('',#4400,#2917);
#2717=LINE('',#4402,#2918);
#2718=LINE('',#4404,#2919);
#2719=LINE('',#4407,#2920);
#2720=LINE('',#4409,#2921);
#2721=LINE('',#4413,#2922);
#2722=LINE('',#4417,#2923);
#2723=LINE('',#4811,#2924);
#2724=LINE('',#4813,#2925);
#2725=LINE('',#4817,#2926);
#2726=LINE('',#4819,#2927);
#2727=LINE('',#4823,#2928);
#2728=LINE('',#4825,#2929);
#2729=LINE('',#4829,#2930);
#2730=LINE('',#4831,#2931);
#2731=LINE('',#4835,#2932);
#2732=LINE('',#4839,#2933);
#2733=LINE('',#4841,#2934);
#2734=LINE('',#4843,#2935);
#2735=LINE('',#4847,#2936);
#2736=LINE('',#4849,#2937);
#2737=LINE('',#4853,#2938);
#2738=LINE('',#4855,#2939);
#2739=LINE('',#4859,#2940);
#2740=LINE('',#4861,#2941);
#2741=LINE('',#4865,#2942);
#2742=LINE('',#4867,#2943);
#2743=LINE('',#4871,#2944);
#2744=LINE('',#4875,#2945);
#2745=LINE('',#4877,#2946);
#2746=LINE('',#4879,#2947);
#2747=LINE('',#4883,#2948);
#2748=LINE('',#4885,#2949);
#2749=LINE('',#4889,#2950);
#2750=LINE('',#4891,#2951);
#2751=LINE('',#4895,#2952);
#2752=LINE('',#4897,#2953);
#2753=LINE('',#4901,#2954);
#2754=LINE('',#4903,#2955);
#2755=LINE('',#4907,#2956);
#2756=LINE('',#4911,#2957);
#2757=LINE('',#4913,#2958);
#2758=LINE('',#4915,#2959);
#2759=LINE('',#5462,#2960);
#2760=LINE('',#5466,#2961);
#2761=LINE('',#5470,#2962);
#2762=LINE('',#5474,#2963);
#2763=LINE('',#5478,#2964);
#2764=LINE('',#5482,#2965);
#2765=LINE('',#5486,#2966);
#2766=LINE('',#5490,#2967);
#2767=LINE('',#5494,#2968);
#2768=LINE('',#5498,#2969);
#2769=LINE('',#5502,#2970);
#2770=LINE('',#5503,#2971);
#2771=LINE('',#5504,#2972);
#2772=LINE('',#5508,#2973);
#2773=LINE('',#5509,#2974);
#2774=LINE('',#5513,#2975);
#2775=LINE('',#5514,#2976);
#2776=LINE('',#5518,#2977);
#2777=LINE('',#5519,#2978);
#2778=LINE('',#5523,#2979);
#2779=LINE('',#5524,#2980);
#2780=LINE('',#5528,#2981);
#2781=LINE('',#5529,#2982);
#2782=LINE('',#5533,#2983);
#2783=LINE('',#5535,#2984);
#2784=LINE('',#5539,#2985);
#2785=LINE('',#5541,#2986);
#2786=LINE('',#5543,#2987);
#2787=LINE('',#5547,#2988);
#2788=LINE('',#5549,#2989);
#2789=LINE('',#5552,#2990);
#2790=LINE('',#5556,#2991);
#2791=LINE('',#5557,#2992);
#2792=LINE('',#5558,#2993);
#2793=LINE('',#5560,#2994);
#2794=LINE('',#5563,#2995);
#2795=LINE('',#5567,#2996);
#2796=LINE('',#5568,#2997);
#2797=LINE('',#5569,#2998);
#2798=LINE('',#5571,#2999);
#2799=LINE('',#5574,#3000);
#2800=LINE('',#5578,#3001);
#2801=LINE('',#5579,#3002);
#2802=LINE('',#5580,#3003);
#2803=LINE('',#5582,#3004);
#2804=LINE('',#5585,#3005);
#2805=LINE('',#5586,#3006);
#2806=LINE('',#5587,#3007);
#2807=LINE('',#5588,#3008);
#2808=LINE('',#5899,#3009);
#2809=LINE('',#5903,#3010);
#2810=LINE('',#5905,#3011);
#2811=LINE('',#5909,#3012);
#2812=LINE('',#5911,#3013);
#2813=LINE('',#5915,#3014);
#2814=LINE('',#5917,#3015);
#2815=LINE('',#5921,#3016);
#2816=LINE('',#5923,#3017);
#2817=LINE('',#5927,#3018);
#2818=LINE('',#5929,#3019);
#2819=LINE('',#5933,#3020);
#2820=LINE('',#5935,#3021);
#2821=LINE('',#5939,#3022);
#2822=LINE('',#5941,#3023);
#2823=LINE('',#5945,#3024);
#2824=LINE('',#5947,#3025);
#2825=LINE('',#5951,#3026);
#2826=LINE('',#5953,#3027);
#2827=LINE('',#5957,#3028);
#2828=LINE('',#5959,#3029);
#2829=LINE('',#5963,#3030);
#2830=LINE('',#5965,#3031);
#2831=LINE('',#5969,#3032);
#2832=LINE('',#5971,#3033);
#2833=LINE('',#5975,#3034);
#2834=LINE('',#5977,#3035);
#2835=LINE('',#5981,#3036);
#2836=LINE('',#5983,#3037);
#2837=LINE('',#5987,#3038);
#2838=LINE('',#6502,#3039);
#2839=LINE('',#6506,#3040);
#2840=LINE('',#6508,#3041);
#2841=LINE('',#6512,#3042);
#2842=LINE('',#6514,#3043);
#2843=LINE('',#6518,#3044);
#2844=LINE('',#6610,#3045);
#2845=LINE('',#6611,#3046);
#2846=LINE('',#6615,#3047);
#2847=LINE('',#6616,#3048);
#2848=LINE('',#6620,#3049);
#2849=LINE('',#6622,#3050);
#2850=LINE('',#6625,#3051);
#2851=LINE('',#6627,#3052);
#2852=LINE('',#6630,#3053);
#2853=LINE('',#6632,#3054);
#2854=LINE('',#6635,#3055);
#2855=LINE('',#6637,#3056);
#2856=LINE('',#6640,#3057);
#2857=LINE('',#6641,#3058);
#2858=LINE('',#6645,#3059);
#2859=LINE('',#6647,#3060);
#2860=LINE('',#6650,#3061);
#2861=LINE('',#6652,#3062);
#2862=LINE('',#6655,#3063);
#2863=LINE('',#6657,#3064);
#2864=LINE('',#6660,#3065);
#2865=LINE('',#6662,#3066);
#2866=LINE('',#6665,#3067);
#2867=LINE('',#6666,#3068);
#2868=VECTOR('',#3354,1.);
#2869=VECTOR('',#3355,1.);
#2870=VECTOR('',#3356,1.);
#2871=VECTOR('',#3357,1.);
#2872=VECTOR('',#3358,1.);
#2873=VECTOR('',#3361,1.);
#2874=VECTOR('',#3362,1.);
#2875=VECTOR('',#3363,1.);
#2876=VECTOR('',#3364,1.);
#2877=VECTOR('',#3367,1.);
#2878=VECTOR('',#3368,1.);
#2879=VECTOR('',#3369,1.);
#2880=VECTOR('',#3372,1.);
#2881=VECTOR('',#3373,1.);
#2882=VECTOR('',#3374,1.);
#2883=VECTOR('',#3375,1.);
#2884=VECTOR('',#3376,1.);
#2885=VECTOR('',#3379,1.);
#2886=VECTOR('',#3380,1.);
#2887=VECTOR('',#3381,1.);
#2888=VECTOR('',#3382,1.);
#2889=VECTOR('',#3385,1.);
#2890=VECTOR('',#3388,1.);
#2891=VECTOR('',#3389,1.);
#2892=VECTOR('',#3390,1.);
#2893=VECTOR('',#3393,1.);
#2894=VECTOR('',#3398,1.);
#2895=VECTOR('',#3401,1.);
#2896=VECTOR('',#3404,1.);
#2897=VECTOR('',#3405,1.);
#2898=VECTOR('',#3406,1.);
#2899=VECTOR('',#3413,1.);
#2900=VECTOR('',#3416,1.);
#2901=VECTOR('',#3419,1.);
#2902=VECTOR('',#3420,1.);
#2903=VECTOR('',#3421,1.);
#2904=VECTOR('',#3426,1.);
#2905=VECTOR('',#3429,1.);
#2906=VECTOR('',#3432,1.);
#2907=VECTOR('',#3433,1.);
#2908=VECTOR('',#3434,1.);
#2909=VECTOR('',#3439,1.);
#2910=VECTOR('',#3442,1.);
#2911=VECTOR('',#3445,1.);
#2912=VECTOR('',#3446,1.);
#2913=VECTOR('',#3447,1.);
#2914=VECTOR('',#3452,1.);
#2915=VECTOR('',#3455,1.);
#2916=VECTOR('',#3458,1.);
#2917=VECTOR('',#3459,1.);
#2918=VECTOR('',#3460,1.);
#2919=VECTOR('',#3463,1.);
#2920=VECTOR('',#3464,1.);
#2921=VECTOR('',#3465,1.);
#2922=VECTOR('',#3468,1.);
#2923=VECTOR('',#3471,1.);
#2924=VECTOR('',#3534,1.);
#2925=VECTOR('',#3535,1.);
#2926=VECTOR('',#3540,1.);
#2927=VECTOR('',#3541,1.);
#2928=VECTOR('',#3546,1.);
#2929=VECTOR('',#3547,1.);
#2930=VECTOR('',#3552,1.);
#2931=VECTOR('',#3553,1.);
#2932=VECTOR('',#3558,1.);
#2933=VECTOR('',#3561,1.);
#2934=VECTOR('',#3564,1.);
#2935=VECTOR('',#3565,1.);
#2936=VECTOR('',#3570,1.);
#2937=VECTOR('',#3571,1.);
#2938=VECTOR('',#3576,1.);
#2939=VECTOR('',#3577,1.);
#2940=VECTOR('',#3582,1.);
#2941=VECTOR('',#3583,1.);
#2942=VECTOR('',#3588,1.);
#2943=VECTOR('',#3589,1.);
#2944=VECTOR('',#3594,1.);
#2945=VECTOR('',#3597,1.);
#2946=VECTOR('',#3600,1.);
#2947=VECTOR('',#3601,1.);
#2948=VECTOR('',#3606,1.);
#2949=VECTOR('',#3607,1.);
#2950=VECTOR('',#3612,1.);
#2951=VECTOR('',#3613,1.);
#2952=VECTOR('',#3618,1.);
#2953=VECTOR('',#3619,1.);
#2954=VECTOR('',#3624,1.);
#2955=VECTOR('',#3625,1.);
#2956=VECTOR('',#3630,1.);
#2957=VECTOR('',#3633,1.);
#2958=VECTOR('',#3636,1.);
#2959=VECTOR('',#3637,1.);
#2960=VECTOR('',#3704,1.);
#2961=VECTOR('',#3707,1.);
#2962=VECTOR('',#3710,1.);
#2963=VECTOR('',#3713,1.);
#2964=VECTOR('',#3716,1.);
#2965=VECTOR('',#3719,1.);
#2966=VECTOR('',#3722,1.);
#2967=VECTOR('',#3725,1.);
#2968=VECTOR('',#3728,1.);
#2969=VECTOR('',#3731,1.);
#2970=VECTOR('',#3734,1.);
#2971=VECTOR('',#3735,1.);
#2972=VECTOR('',#3736,1.);
#2973=VECTOR('',#3739,1.);
#2974=VECTOR('',#3740,1.);
#2975=VECTOR('',#3743,1.);
#2976=VECTOR('',#3744,1.);
#2977=VECTOR('',#3747,1.);
#2978=VECTOR('',#3748,1.);
#2979=VECTOR('',#3751,1.);
#2980=VECTOR('',#3752,1.);
#2981=VECTOR('',#3755,1.);
#2982=VECTOR('',#3756,1.);
#2983=VECTOR('',#3759,1.);
#2984=VECTOR('',#3762,1.);
#2985=VECTOR('',#3765,1.);
#2986=VECTOR('',#3766,1.);
#2987=VECTOR('',#3767,1.);
#2988=VECTOR('',#3770,1.);
#2989=VECTOR('',#3773,1.);
#2990=VECTOR('',#3774,1.);
#2991=VECTOR('',#3777,1.);
#2992=VECTOR('',#3778,1.);
#2993=VECTOR('',#3779,1.);
#2994=VECTOR('',#3782,1.);
#2995=VECTOR('',#3783,1.);
#2996=VECTOR('',#3786,1.);
#2997=VECTOR('',#3787,1.);
#2998=VECTOR('',#3788,1.);
#2999=VECTOR('',#3791,1.);
#3000=VECTOR('',#3792,1.);
#3001=VECTOR('',#3795,1.);
#3002=VECTOR('',#3796,1.);
#3003=VECTOR('',#3797,1.);
#3004=VECTOR('',#3800,1.);
#3005=VECTOR('',#3801,1.);
#3006=VECTOR('',#3802,1.);
#3007=VECTOR('',#3803,1.);
#3008=VECTOR('',#3804,1.);
#3009=VECTOR('',#3847,1.);
#3010=VECTOR('',#3850,1.);
#3011=VECTOR('',#3853,1.);
#3012=VECTOR('',#3856,1.);
#3013=VECTOR('',#3859,1.);
#3014=VECTOR('',#3862,1.);
#3015=VECTOR('',#3865,1.);
#3016=VECTOR('',#3868,1.);
#3017=VECTOR('',#3871,1.);
#3018=VECTOR('',#3874,1.);
#3019=VECTOR('',#3877,1.);
#3020=VECTOR('',#3880,1.);
#3021=VECTOR('',#3883,1.);
#3022=VECTOR('',#3886,1.);
#3023=VECTOR('',#3889,1.);
#3024=VECTOR('',#3892,1.);
#3025=VECTOR('',#3895,1.);
#3026=VECTOR('',#3898,1.);
#3027=VECTOR('',#3901,1.);
#3028=VECTOR('',#3904,1.);
#3029=VECTOR('',#3907,1.);
#3030=VECTOR('',#3910,1.);
#3031=VECTOR('',#3913,1.);
#3032=VECTOR('',#3916,1.);
#3033=VECTOR('',#3919,1.);
#3034=VECTOR('',#3922,1.);
#3035=VECTOR('',#3925,1.);
#3036=VECTOR('',#3928,1.);
#3037=VECTOR('',#3931,1.);
#3038=VECTOR('',#3934,1.);
#3039=VECTOR('',#3995,1.);
#3040=VECTOR('',#3998,1.);
#3041=VECTOR('',#4001,1.);
#3042=VECTOR('',#4004,1.);
#3043=VECTOR('',#4007,1.);
#3044=VECTOR('',#4010,1.);
#3045=VECTOR('',#4023,1.);
#3046=VECTOR('',#4024,1.);
#3047=VECTOR('',#4031,1.);
#3048=VECTOR('',#4032,1.);
#3049=VECTOR('',#4039,1.);
#3050=VECTOR('',#4042,1.);
#3051=VECTOR('',#4047,1.);
#3052=VECTOR('',#4050,1.);
#3053=VECTOR('',#4055,1.);
#3054=VECTOR('',#4058,1.);
#3055=VECTOR('',#4063,1.);
#3056=VECTOR('',#4066,1.);
#3057=VECTOR('',#4071,1.);
#3058=VECTOR('',#4072,1.);
#3059=VECTOR('',#4079,1.);
#3060=VECTOR('',#4082,1.);
#3061=VECTOR('',#4087,1.);
#3062=VECTOR('',#4090,1.);
#3063=VECTOR('',#4095,1.);
#3064=VECTOR('',#4098,1.);
#3065=VECTOR('',#4103,1.);
#3066=VECTOR('',#4106,1.);
#3067=VECTOR('',#4111,1.);
#3068=VECTOR('',#4112,1.);
#3069=AXIS2_PLACEMENT_3D('',#4119,#3352,#3353);
#3070=AXIS2_PLACEMENT_3D('',#4142,#3359,#3360);
#3071=AXIS2_PLACEMENT_3D('',#4151,#3365,#3366);
#3072=AXIS2_PLACEMENT_3D('',#4223,#3370,#3371);
#3073=AXIS2_PLACEMENT_3D('',#4246,#3377,#3378);
#3074=AXIS2_PLACEMENT_3D('',#4301,#3383,#3384);
#3075=AXIS2_PLACEMENT_3D('',#4305,#3386,#3387);
#3076=AXIS2_PLACEMENT_3D('',#4313,#3391,#3392);
#3077=AXIS2_PLACEMENT_3D('',#4317,#3394,#3395);
#3078=AXIS2_PLACEMENT_3D('',#4318,#3396,#3397);
#3079=AXIS2_PLACEMENT_3D('',#4322,#3399,#3400);
#3080=AXIS2_PLACEMENT_3D('',#4326,#3402,#3403);
#3081=AXIS2_PLACEMENT_3D('',#4334,#3407,#3408);
#3082=AXIS2_PLACEMENT_3D('',#4335,#3409,#3410);
#3083=AXIS2_PLACEMENT_3D('',#4336,#3411,#3412);
#3084=AXIS2_PLACEMENT_3D('',#4341,#3414,#3415);
#3085=AXIS2_PLACEMENT_3D('',#4345,#3417,#3418);
#3086=AXIS2_PLACEMENT_3D('',#4352,#3422,#3423);
#3087=AXIS2_PLACEMENT_3D('',#4353,#3424,#3425);
#3088=AXIS2_PLACEMENT_3D('',#4358,#3427,#3428);
#3089=AXIS2_PLACEMENT_3D('',#4362,#3430,#3431);
#3090=AXIS2_PLACEMENT_3D('',#4369,#3435,#3436);
#3091=AXIS2_PLACEMENT_3D('',#4370,#3437,#3438);
#3092=AXIS2_PLACEMENT_3D('',#4375,#3440,#3441);
#3093=AXIS2_PLACEMENT_3D('',#4379,#3443,#3444);
#3094=AXIS2_PLACEMENT_3D('',#4386,#3448,#3449);
#3095=AXIS2_PLACEMENT_3D('',#4387,#3450,#3451);
#3096=AXIS2_PLACEMENT_3D('',#4392,#3453,#3454);
#3097=AXIS2_PLACEMENT_3D('',#4396,#3456,#3457);
#3098=AXIS2_PLACEMENT_3D('',#4403,#3461,#3462);
#3099=AXIS2_PLACEMENT_3D('',#4411,#3466,#3467);
#3100=AXIS2_PLACEMENT_3D('',#4415,#3469,#3470);
#3101=AXIS2_PLACEMENT_3D('',#4419,#3472,#3473);
#3102=AXIS2_PLACEMENT_3D('',#4420,#3474,#3475);
#3103=AXIS2_PLACEMENT_3D('',#4434,#3476,#3477);
#3104=AXIS2_PLACEMENT_3D('',#4435,#3478,#3479);
#3105=AXIS2_PLACEMENT_3D('',#4445,#3480,#3481);
#3106=AXIS2_PLACEMENT_3D('',#4452,#3482,#3483);
#3107=AXIS2_PLACEMENT_3D('',#4453,#3484,#3485);
#3108=AXIS2_PLACEMENT_3D('',#4460,#3486,#3487);
#3109=AXIS2_PLACEMENT_3D('',#4467,#3488,#3489);
#3110=AXIS2_PLACEMENT_3D('',#4468,#3490,#3491);
#3111=AXIS2_PLACEMENT_3D('',#4475,#3492,#3493);
#3112=AXIS2_PLACEMENT_3D('',#4482,#3494,#3495);
#3113=AXIS2_PLACEMENT_3D('',#4483,#3496,#3497);
#3114=AXIS2_PLACEMENT_3D('',#4490,#3498,#3499);
#3115=AXIS2_PLACEMENT_3D('',#4497,#3500,#3501);
#3116=AXIS2_PLACEMENT_3D('',#4498,#3502,#3503);
#3117=AXIS2_PLACEMENT_3D('',#4508,#3504,#3505);
#3118=AXIS2_PLACEMENT_3D('',#4515,#3506,#3507);
#3119=AXIS2_PLACEMENT_3D('',#4516,#3508,#3509);
#3120=AXIS2_PLACEMENT_3D('',#4563,#3510,#3511);
#3121=AXIS2_PLACEMENT_3D('',#4564,#3512,#3513);
#3122=AXIS2_PLACEMENT_3D('',#4614,#3514,#3515);
#3123=AXIS2_PLACEMENT_3D('',#4615,#3516,#3517);
#3124=AXIS2_PLACEMENT_3D('',#4662,#3518,#3519);
#3125=AXIS2_PLACEMENT_3D('',#4663,#3520,#3521);
#3126=AXIS2_PLACEMENT_3D('',#4713,#3522,#3523);
#3127=AXIS2_PLACEMENT_3D('',#4714,#3524,#3525);
#3128=AXIS2_PLACEMENT_3D('',#4738,#3526,#3527);
#3129=AXIS2_PLACEMENT_3D('',#4762,#3528,#3529);
#3130=AXIS2_PLACEMENT_3D('',#4809,#3530,#3531);
#3131=AXIS2_PLACEMENT_3D('',#4810,#3532,#3533);
#3132=AXIS2_PLACEMENT_3D('',#4815,#3536,#3537);
#3133=AXIS2_PLACEMENT_3D('',#4816,#3538,#3539);
#3134=AXIS2_PLACEMENT_3D('',#4821,#3542,#3543);
#3135=AXIS2_PLACEMENT_3D('',#4822,#3544,#3545);
#3136=AXIS2_PLACEMENT_3D('',#4827,#3548,#3549);
#3137=AXIS2_PLACEMENT_3D('',#4828,#3550,#3551);
#3138=AXIS2_PLACEMENT_3D('',#4833,#3554,#3555);
#3139=AXIS2_PLACEMENT_3D('',#4834,#3556,#3557);
#3140=AXIS2_PLACEMENT_3D('',#4837,#3559,#3560);
#3141=AXIS2_PLACEMENT_3D('',#4840,#3562,#3563);
#3142=AXIS2_PLACEMENT_3D('',#4845,#3566,#3567);
#3143=AXIS2_PLACEMENT_3D('',#4846,#3568,#3569);
#3144=AXIS2_PLACEMENT_3D('',#4851,#3572,#3573);
#3145=AXIS2_PLACEMENT_3D('',#4852,#3574,#3575);
#3146=AXIS2_PLACEMENT_3D('',#4857,#3578,#3579);
#3147=AXIS2_PLACEMENT_3D('',#4858,#3580,#3581);
#3148=AXIS2_PLACEMENT_3D('',#4863,#3584,#3585);
#3149=AXIS2_PLACEMENT_3D('',#4864,#3586,#3587);
#3150=AXIS2_PLACEMENT_3D('',#4869,#3590,#3591);
#3151=AXIS2_PLACEMENT_3D('',#4870,#3592,#3593);
#3152=AXIS2_PLACEMENT_3D('',#4873,#3595,#3596);
#3153=AXIS2_PLACEMENT_3D('',#4876,#3598,#3599);
#3154=AXIS2_PLACEMENT_3D('',#4881,#3602,#3603);
#3155=AXIS2_PLACEMENT_3D('',#4882,#3604,#3605);
#3156=AXIS2_PLACEMENT_3D('',#4887,#3608,#3609);
#3157=AXIS2_PLACEMENT_3D('',#4888,#3610,#3611);
#3158=AXIS2_PLACEMENT_3D('',#4893,#3614,#3615);
#3159=AXIS2_PLACEMENT_3D('',#4894,#3616,#3617);
#3160=AXIS2_PLACEMENT_3D('',#4899,#3620,#3621);
#3161=AXIS2_PLACEMENT_3D('',#4900,#3622,#3623);
#3162=AXIS2_PLACEMENT_3D('',#4905,#3626,#3627);
#3163=AXIS2_PLACEMENT_3D('',#4906,#3628,#3629);
#3164=AXIS2_PLACEMENT_3D('',#4909,#3631,#3632);
#3165=AXIS2_PLACEMENT_3D('',#4912,#3634,#3635);
#3166=AXIS2_PLACEMENT_3D('',#4917,#3638,#3639);
#3167=AXIS2_PLACEMENT_3D('',#4918,#3640,#3641);
#3168=AXIS2_PLACEMENT_3D('',#4959,#3642,#3643);
#3169=AXIS2_PLACEMENT_3D('',#4960,#3644,#3645);
#3170=AXIS2_PLACEMENT_3D('',#5004,#3646,#3647);
#3171=AXIS2_PLACEMENT_3D('',#5005,#3648,#3649);
#3172=AXIS2_PLACEMENT_3D('',#5046,#3650,#3651);
#3173=AXIS2_PLACEMENT_3D('',#5047,#3652,#3653);
#3174=AXIS2_PLACEMENT_3D('',#5088,#3654,#3655);
#3175=AXIS2_PLACEMENT_3D('',#5089,#3656,#3657);
#3176=AXIS2_PLACEMENT_3D('',#5110,#3658,#3659);
#3177=AXIS2_PLACEMENT_3D('',#5131,#3660,#3661);
#3178=AXIS2_PLACEMENT_3D('',#5172,#3662,#3663);
#3179=AXIS2_PLACEMENT_3D('',#5173,#3664,#3665);
#3180=AXIS2_PLACEMENT_3D('',#5187,#3666,#3667);
#3181=AXIS2_PLACEMENT_3D('',#5188,#3668,#3669);
#3182=AXIS2_PLACEMENT_3D('',#5202,#3670,#3671);
#3183=AXIS2_PLACEMENT_3D('',#5203,#3672,#3673);
#3184=AXIS2_PLACEMENT_3D('',#5214,#3674,#3675);
#3185=AXIS2_PLACEMENT_3D('',#5215,#3676,#3677);
#3186=AXIS2_PLACEMENT_3D('',#5229,#3678,#3679);
#3187=AXIS2_PLACEMENT_3D('',#5230,#3680,#3681);
#3188=AXIS2_PLACEMENT_3D('',#5236,#3682,#3683);
#3189=AXIS2_PLACEMENT_3D('',#5242,#3684,#3685);
#3190=AXIS2_PLACEMENT_3D('',#5256,#3686,#3687);
#3191=AXIS2_PLACEMENT_3D('',#5257,#3688,#3689);
#3192=AXIS2_PLACEMENT_3D('',#5290,#3690,#3691);
#3193=AXIS2_PLACEMENT_3D('',#5326,#3692,#3693);
#3194=AXIS2_PLACEMENT_3D('',#5359,#3694,#3695);
#3195=AXIS2_PLACEMENT_3D('',#5392,#3696,#3697);
#3196=AXIS2_PLACEMENT_3D('',#5425,#3698,#3699);
#3197=AXIS2_PLACEMENT_3D('',#5458,#3700,#3701);
#3198=AXIS2_PLACEMENT_3D('',#5459,#3702,#3703);
#3199=AXIS2_PLACEMENT_3D('',#5464,#3705,#3706);
#3200=AXIS2_PLACEMENT_3D('',#5468,#3708,#3709);
#3201=AXIS2_PLACEMENT_3D('',#5472,#3711,#3712);
#3202=AXIS2_PLACEMENT_3D('',#5476,#3714,#3715);
#3203=AXIS2_PLACEMENT_3D('',#5480,#3717,#3718);
#3204=AXIS2_PLACEMENT_3D('',#5484,#3720,#3721);
#3205=AXIS2_PLACEMENT_3D('',#5488,#3723,#3724);
#3206=AXIS2_PLACEMENT_3D('',#5492,#3726,#3727);
#3207=AXIS2_PLACEMENT_3D('',#5496,#3729,#3730);
#3208=AXIS2_PLACEMENT_3D('',#5500,#3732,#3733);
#3209=AXIS2_PLACEMENT_3D('',#5506,#3737,#3738);
#3210=AXIS2_PLACEMENT_3D('',#5511,#3741,#3742);
#3211=AXIS2_PLACEMENT_3D('',#5516,#3745,#3746);
#3212=AXIS2_PLACEMENT_3D('',#5521,#3749,#3750);
#3213=AXIS2_PLACEMENT_3D('',#5526,#3753,#3754);
#3214=AXIS2_PLACEMENT_3D('',#5531,#3757,#3758);
#3215=AXIS2_PLACEMENT_3D('',#5534,#3760,#3761);
#3216=AXIS2_PLACEMENT_3D('',#5537,#3763,#3764);
#3217=AXIS2_PLACEMENT_3D('',#5545,#3768,#3769);
#3218=AXIS2_PLACEMENT_3D('',#5548,#3771,#3772);
#3219=AXIS2_PLACEMENT_3D('',#5554,#3775,#3776);
#3220=AXIS2_PLACEMENT_3D('',#5559,#3780,#3781);
#3221=AXIS2_PLACEMENT_3D('',#5565,#3784,#3785);
#3222=AXIS2_PLACEMENT_3D('',#5570,#3789,#3790);
#3223=AXIS2_PLACEMENT_3D('',#5576,#3793,#3794);
#3224=AXIS2_PLACEMENT_3D('',#5581,#3798,#3799);
#3225=AXIS2_PLACEMENT_3D('',#5589,#3805,#3806);
#3226=AXIS2_PLACEMENT_3D('',#5595,#3807,#3808);
#3227=AXIS2_PLACEMENT_3D('',#5601,#3809,#3810);
#3228=AXIS2_PLACEMENT_3D('',#5607,#3811,#3812);
#3229=AXIS2_PLACEMENT_3D('',#5613,#3813,#3814);
#3230=AXIS2_PLACEMENT_3D('',#5622,#3815,#3816);
#3231=AXIS2_PLACEMENT_3D('',#5628,#3817,#3818);
#3232=AXIS2_PLACEMENT_3D('',#5634,#3819,#3820);
#3233=AXIS2_PLACEMENT_3D('',#5640,#3821,#3822);
#3234=AXIS2_PLACEMENT_3D('',#5646,#3823,#3824);
#3235=AXIS2_PLACEMENT_3D('',#5652,#3825,#3826);
#3236=AXIS2_PLACEMENT_3D('',#5676,#3827,#3828);
#3237=AXIS2_PLACEMENT_3D('',#5700,#3829,#3830);
#3238=AXIS2_PLACEMENT_3D('',#5724,#3831,#3832);
#3239=AXIS2_PLACEMENT_3D('',#5748,#3833,#3834);
#3240=AXIS2_PLACEMENT_3D('',#5775,#3835,#3836);
#3241=AXIS2_PLACEMENT_3D('',#5799,#3837,#3838);
#3242=AXIS2_PLACEMENT_3D('',#5823,#3839,#3840);
#3243=AXIS2_PLACEMENT_3D('',#5850,#3841,#3842);
#3244=AXIS2_PLACEMENT_3D('',#5874,#3843,#3844);
#3245=AXIS2_PLACEMENT_3D('',#5898,#3845,#3846);
#3246=AXIS2_PLACEMENT_3D('',#5901,#3848,#3849);
#3247=AXIS2_PLACEMENT_3D('',#5904,#3851,#3852);
#3248=AXIS2_PLACEMENT_3D('',#5907,#3854,#3855);
#3249=AXIS2_PLACEMENT_3D('',#5910,#3857,#3858);
#3250=AXIS2_PLACEMENT_3D('',#5913,#3860,#3861);
#3251=AXIS2_PLACEMENT_3D('',#5916,#3863,#3864);
#3252=AXIS2_PLACEMENT_3D('',#5919,#3866,#3867);
#3253=AXIS2_PLACEMENT_3D('',#5922,#3869,#3870);
#3254=AXIS2_PLACEMENT_3D('',#5925,#3872,#3873);
#3255=AXIS2_PLACEMENT_3D('',#5928,#3875,#3876);
#3256=AXIS2_PLACEMENT_3D('',#5931,#3878,#3879);
#3257=AXIS2_PLACEMENT_3D('',#5934,#3881,#3882);
#3258=AXIS2_PLACEMENT_3D('',#5937,#3884,#3885);
#3259=AXIS2_PLACEMENT_3D('',#5940,#3887,#3888);
#3260=AXIS2_PLACEMENT_3D('',#5943,#3890,#3891);
#3261=AXIS2_PLACEMENT_3D('',#5946,#3893,#3894);
#3262=AXIS2_PLACEMENT_3D('',#5949,#3896,#3897);
#3263=AXIS2_PLACEMENT_3D('',#5952,#3899,#3900);
#3264=AXIS2_PLACEMENT_3D('',#5955,#3902,#3903);
#3265=AXIS2_PLACEMENT_3D('',#5958,#3905,#3906);
#3266=AXIS2_PLACEMENT_3D('',#5961,#3908,#3909);
#3267=AXIS2_PLACEMENT_3D('',#5964,#3911,#3912);
#3268=AXIS2_PLACEMENT_3D('',#5967,#3914,#3915);
#3269=AXIS2_PLACEMENT_3D('',#5970,#3917,#3918);
#3270=AXIS2_PLACEMENT_3D('',#5973,#3920,#3921);
#3271=AXIS2_PLACEMENT_3D('',#5976,#3923,#3924);
#3272=AXIS2_PLACEMENT_3D('',#5979,#3926,#3927);
#3273=AXIS2_PLACEMENT_3D('',#5982,#3929,#3930);
#3274=AXIS2_PLACEMENT_3D('',#5985,#3932,#3933);
#3275=AXIS2_PLACEMENT_3D('',#5988,#3935,#3936);
#3276=AXIS2_PLACEMENT_3D('',#6009,#3937,#3938);
#3277=AXIS2_PLACEMENT_3D('',#6030,#3939,#3940);
#3278=AXIS2_PLACEMENT_3D('',#6051,#3941,#3942);
#3279=AXIS2_PLACEMENT_3D('',#6072,#3943,#3944);
#3280=AXIS2_PLACEMENT_3D('',#6096,#3945,#3946);
#3281=AXIS2_PLACEMENT_3D('',#6117,#3947,#3948);
#3282=AXIS2_PLACEMENT_3D('',#6138,#3949,#3950);
#3283=AXIS2_PLACEMENT_3D('',#6159,#3951,#3952);
#3284=AXIS2_PLACEMENT_3D('',#6180,#3953,#3954);
#3285=AXIS2_PLACEMENT_3D('',#6201,#3955,#3956);
#3286=AXIS2_PLACEMENT_3D('',#6207,#3957,#3958);
#3287=AXIS2_PLACEMENT_3D('',#6213,#3959,#3960);
#3288=AXIS2_PLACEMENT_3D('',#6222,#3961,#3962);
#3289=AXIS2_PLACEMENT_3D('',#6228,#3963,#3964);
#3290=AXIS2_PLACEMENT_3D('',#6237,#3965,#3966);
#3291=AXIS2_PLACEMENT_3D('',#6243,#3967,#3968);
#3292=AXIS2_PLACEMENT_3D('',#6249,#3969,#3970);
#3293=AXIS2_PLACEMENT_3D('',#6258,#3971,#3972);
#3294=AXIS2_PLACEMENT_3D('',#6264,#3973,#3974);
#3295=AXIS2_PLACEMENT_3D('',#6270,#3975,#3976);
#3296=AXIS2_PLACEMENT_3D('',#6303,#3977,#3978);
#3297=AXIS2_PLACEMENT_3D('',#6336,#3979,#3980);
#3298=AXIS2_PLACEMENT_3D('',#6372,#3981,#3982);
#3299=AXIS2_PLACEMENT_3D('',#6405,#3983,#3984);
#3300=AXIS2_PLACEMENT_3D('',#6438,#3985,#3986);
#3301=AXIS2_PLACEMENT_3D('',#6444,#3987,#3988);
#3302=AXIS2_PLACEMENT_3D('',#6453,#3989,#3990);
#3303=AXIS2_PLACEMENT_3D('',#6477,#3991,#3992);
#3304=AXIS2_PLACEMENT_3D('',#6501,#3993,#3994);
#3305=AXIS2_PLACEMENT_3D('',#6504,#3996,#3997);
#3306=AXIS2_PLACEMENT_3D('',#6507,#3999,#4000);
#3307=AXIS2_PLACEMENT_3D('',#6510,#4002,#4003);
#3308=AXIS2_PLACEMENT_3D('',#6513,#4005,#4006);
#3309=AXIS2_PLACEMENT_3D('',#6516,#4008,#4009);
#3310=AXIS2_PLACEMENT_3D('',#6519,#4011,#4012);
#3311=AXIS2_PLACEMENT_3D('',#6540,#4013,#4014);
#3312=AXIS2_PLACEMENT_3D('',#6561,#4015,#4016);
#3313=AXIS2_PLACEMENT_3D('',#6567,#4017,#4018);
#3314=AXIS2_PLACEMENT_3D('',#6576,#4019,#4020);
#3315=AXIS2_PLACEMENT_3D('',#6609,#4021,#4022);
#3316=AXIS2_PLACEMENT_3D('',#6612,#4025,#4026);
#3317=AXIS2_PLACEMENT_3D('',#6613,#4027,#4028);
#3318=AXIS2_PLACEMENT_3D('',#6614,#4029,#4030);
#3319=AXIS2_PLACEMENT_3D('',#6617,#4033,#4034);
#3320=AXIS2_PLACEMENT_3D('',#6618,#4035,#4036);
#3321=AXIS2_PLACEMENT_3D('',#6619,#4037,#4038);
#3322=AXIS2_PLACEMENT_3D('',#6621,#4040,#4041);
#3323=AXIS2_PLACEMENT_3D('',#6623,#4043,#4044);
#3324=AXIS2_PLACEMENT_3D('',#6624,#4045,#4046);
#3325=AXIS2_PLACEMENT_3D('',#6626,#4048,#4049);
#3326=AXIS2_PLACEMENT_3D('',#6628,#4051,#4052);
#3327=AXIS2_PLACEMENT_3D('',#6629,#4053,#4054);
#3328=AXIS2_PLACEMENT_3D('',#6631,#4056,#4057);
#3329=AXIS2_PLACEMENT_3D('',#6633,#4059,#4060);
#3330=AXIS2_PLACEMENT_3D('',#6634,#4061,#4062);
#3331=AXIS2_PLACEMENT_3D('',#6636,#4064,#4065);
#3332=AXIS2_PLACEMENT_3D('',#6638,#4067,#4068);
#3333=AXIS2_PLACEMENT_3D('',#6639,#4069,#4070);
#3334=AXIS2_PLACEMENT_3D('',#6642,#4073,#4074);
#3335=AXIS2_PLACEMENT_3D('',#6643,#4075,#4076);
#3336=AXIS2_PLACEMENT_3D('',#6644,#4077,#4078);
#3337=AXIS2_PLACEMENT_3D('',#6646,#4080,#4081);
#3338=AXIS2_PLACEMENT_3D('',#6648,#4083,#4084);
#3339=AXIS2_PLACEMENT_3D('',#6649,#4085,#4086);
#3340=AXIS2_PLACEMENT_3D('',#6651,#4088,#4089);
#3341=AXIS2_PLACEMENT_3D('',#6653,#4091,#4092);
#3342=AXIS2_PLACEMENT_3D('',#6654,#4093,#4094);
#3343=AXIS2_PLACEMENT_3D('',#6656,#4096,#4097);
#3344=AXIS2_PLACEMENT_3D('',#6658,#4099,#4100);
#3345=AXIS2_PLACEMENT_3D('',#6659,#4101,#4102);
#3346=AXIS2_PLACEMENT_3D('',#6661,#4104,#4105);
#3347=AXIS2_PLACEMENT_3D('',#6663,#4107,#4108);
#3348=AXIS2_PLACEMENT_3D('',#6664,#4109,#4110);
#3349=AXIS2_PLACEMENT_3D('',#6667,#4113,#4114);
#3350=AXIS2_PLACEMENT_3D('',#6668,#4115,#4116);
#3351=AXIS2_PLACEMENT_3D('',#6669,#4117,#4118);
#3352=DIRECTION('',(0.,0.,1.));
#3353=DIRECTION('',(1.,0.,0.));
#3354=DIRECTION('',(0.,-0.788596674882031,0.614910793827044));
#3355=DIRECTION('',(0.,-0.61491079382704,-0.788596674882034));
#3356=DIRECTION('',(0.,-0.614910793827038,-0.788596674882035));
#3357=DIRECTION('',(0.,0.788596674882036,-0.614910793827036));
#3358=DIRECTION('',(0.,0.614910793827042,0.788596674882032));
#3359=DIRECTION('',(-1.,0.,0.));
#3360=DIRECTION('',(0.,0.,1.));
#3361=DIRECTION('',(0.,0.495955613162702,0.868347873707542));
#3362=DIRECTION('',(0.,-0.868347873707541,0.495955613162703));
#3363=DIRECTION('',(0.,-0.495955613162698,-0.868347873707544));
#3364=DIRECTION('',(0.,0.868347873707545,-0.495955613162696));
#3365=DIRECTION('',(-1.,0.,0.));
#3366=DIRECTION('',(0.,0.,1.));
#3367=DIRECTION('',(0.,-0.967669991447165,0.252219720982805));
#3368=DIRECTION('',(0.,0.855265861527786,-0.518189450013346));
#3369=DIRECTION('',(0.,-0.488903378905705,-0.872337942597125));
#3370=DIRECTION('',(-1.,0.,0.));
#3371=DIRECTION('',(0.,0.,1.));
#3372=DIRECTION('',(0.,-0.195048331292965,-0.980793631942943));
#3373=DIRECTION('',(0.,0.980793631942942,-0.19504833129297));
#3374=DIRECTION('',(0.,0.195048331292965,0.980793631942943));
#3375=DIRECTION('',(0.,-0.980793631942942,0.19504833129297));
#3376=DIRECTION('',(0.,-0.195048331292966,-0.980793631942943));
#3377=DIRECTION('',(-1.,0.,0.));
#3378=DIRECTION('',(0.,0.,1.));
#3379=DIRECTION('',(0.,0.666297957610201,-0.745685611826106));
#3380=DIRECTION('',(0.,0.745685611826111,0.666297957610196));
#3381=DIRECTION('',(0.,-0.666297957610202,0.745685611826105));
#3382=DIRECTION('',(0.,0.588471324163675,-0.808518089245411));
#3383=DIRECTION('',(-1.,0.,0.));
#3384=DIRECTION('',(0.,0.,1.));
#3385=DIRECTION('',(-1.37100669901828E-15,0.5,-0.866025403784439));
#3386=DIRECTION('',(-1.,0.,0.));
#3387=DIRECTION('',(0.,0.,-1.));
#3388=DIRECTION('',(-1.24430303347017E-15,0.,-1.));
#3389=DIRECTION('',(0.,1.,0.));
#3390=DIRECTION('',(-1.24430303347017E-15,0.,-1.));
#3391=DIRECTION('',(-1.,0.,0.));
#3392=DIRECTION('',(0.,0.,-1.));
#3393=DIRECTION('',(-1.37100669901828E-15,-0.5,-0.866025403784439));
#3394=DIRECTION('',(1.,0.,0.));
#3395=DIRECTION('',(0.,0.,-1.));
#3396=DIRECTION('',(1.,0.,0.));
#3397=DIRECTION('',(0.,0.,-1.));
#3398=DIRECTION('',(1.37100669901828E-15,-1.,1.22124532708767E-15));
#3399=DIRECTION('',(1.,0.,0.));
#3400=DIRECTION('',(0.,0.,-1.));
#3401=DIRECTION('',(-1.37100669901828E-15,-0.5,-0.866025403784439));
#3402=DIRECTION('',(-1.,0.,0.));
#3403=DIRECTION('',(0.,0.,-1.));
#3404=DIRECTION('',(-1.24430303347017E-15,-0.866025403784441,-0.499999999999996));
#3405=DIRECTION('',(0.,0.499999999999996,-0.866025403784441));
#3406=DIRECTION('',(-1.24430303347017E-15,-0.866025403784441,-0.499999999999996));
#3407=DIRECTION('',(-1.,0.,0.));
#3408=DIRECTION('',(0.,0.,-1.));
#3409=DIRECTION('',(1.,0.,0.));
#3410=DIRECTION('',(0.,0.,-1.));
#3411=DIRECTION('',(-1.,0.,0.));
#3412=DIRECTION('',(0.,0.,-1.));
#3413=DIRECTION('',(-1.37100669901828E-15,0.5,-0.866025403784439));
#3414=DIRECTION('',(1.,0.,0.));
#3415=DIRECTION('',(0.,0.,-1.));
#3416=DIRECTION('',(-1.37100669901828E-15,1.,-1.22124532708767E-15));
#3417=DIRECTION('',(-1.,0.,0.));
#3418=DIRECTION('',(0.,0.,-1.));
#3419=DIRECTION('',(-1.24430303347017E-15,0.866025403784438,-0.500000000000001));
#3420=DIRECTION('',(0.,0.500000000000001,0.866025403784438));
#3421=DIRECTION('',(-1.24430303347017E-15,0.866025403784438,-0.500000000000001));
#3422=DIRECTION('',(1.,0.,0.));
#3423=DIRECTION('',(0.,0.,-1.));
#3424=DIRECTION('',(-1.,0.,0.));
#3425=DIRECTION('',(0.,0.,-1.));
#3426=DIRECTION('',(-1.37100669901828E-15,1.,-1.22124532708767E-15));
#3427=DIRECTION('',(1.,0.,0.));
#3428=DIRECTION('',(0.,0.,-1.));
#3429=DIRECTION('',(-1.37100669901828E-15,0.500000000000002,0.866025403784438));
#3430=DIRECTION('',(-1.,0.,0.));
#3431=DIRECTION('',(0.,0.,-1.));
#3432=DIRECTION('',(-1.24430303347017E-15,0.866025403784439,0.499999999999999));
#3433=DIRECTION('',(0.,-0.499999999999999,0.866025403784439));
#3434=DIRECTION('',(-1.24430303347017E-15,0.866025403784439,0.499999999999999));
#3435=DIRECTION('',(1.,0.,0.));
#3436=DIRECTION('',(0.,0.,-1.));
#3437=DIRECTION('',(-1.,0.,0.));
#3438=DIRECTION('',(0.,0.,-1.));
#3439=DIRECTION('',(-1.37100669901828E-15,0.500000000000002,0.866025403784438));
#3440=DIRECTION('',(1.,0.,0.));
#3441=DIRECTION('',(0.,0.,-1.));
#3442=DIRECTION('',(-1.37100669901828E-15,-0.499999999999998,0.86602540378444));
#3443=DIRECTION('',(-1.,0.,0.));
#3444=DIRECTION('',(0.,0.,-1.));
#3445=DIRECTION('',(-1.24430303347017E-15,2.34291072916505E-15,1.));
#3446=DIRECTION('',(0.,-1.,2.34291072916505E-15));
#3447=DIRECTION('',(-1.24430303347017E-15,2.34291072916505E-15,1.));
#3448=DIRECTION('',(1.,0.,0.));
#3449=DIRECTION('',(0.,0.,-1.));
#3450=DIRECTION('',(-1.,0.,0.));
#3451=DIRECTION('',(0.,0.,-1.));
#3452=DIRECTION('',(-1.37100669901828E-15,-0.499999999999998,0.86602540378444));
#3453=DIRECTION('',(1.,0.,0.));
#3454=DIRECTION('',(0.,0.,-1.));
#3455=DIRECTION('',(-1.37100669901828E-15,-1.,3.99680288865056E-15));
#3456=DIRECTION('',(-1.,0.,0.));
#3457=DIRECTION('',(0.,0.,-1.));
#3458=DIRECTION('',(-1.24430303347017E-15,-0.866025403784437,0.500000000000003));
#3459=DIRECTION('',(0.,-0.500000000000003,-0.866025403784437));
#3460=DIRECTION('',(-1.24430303347017E-15,-0.866025403784437,0.500000000000003));
#3461=DIRECTION('',(1.,0.,0.));
#3462=DIRECTION('',(0.,0.,-1.));
#3463=DIRECTION('',(5.0532154980743E-16,-0.5,0.866025403784439));
#3464=DIRECTION('',(0.,0.866025403784439,0.5));
#3465=DIRECTION('',(5.0532154980743E-16,-0.5,0.866025403784439));
#3466=DIRECTION('',(-1.,0.,0.));
#3467=DIRECTION('',(0.,0.,1.));
#3468=DIRECTION('',(5.0532154980743E-16,-0.866025403784438,0.500000000000001));
#3469=DIRECTION('',(-1.,0.,0.));
#3470=DIRECTION('',(0.,0.,1.));
#3471=DIRECTION('',(5.0532154980743E-16,0.,1.));
#3472=DIRECTION('',(-1.,0.,0.));
#3473=DIRECTION('',(0.,0.,1.));
#3474=DIRECTION('',(-1.,0.,0.));
#3475=DIRECTION('',(0.,0.,1.));
#3476=DIRECTION('',(-1.,0.,0.));
#3477=DIRECTION('',(0.,0.,1.));
#3478=DIRECTION('',(-1.,0.,0.));
#3479=DIRECTION('',(-1.1399155092663E-17,0.,1.));
#3480=DIRECTION('',(-1.,0.,0.));
#3481=DIRECTION('',(0.,0.,1.));
#3482=DIRECTION('',(-1.,0.,0.));
#3483=DIRECTION('',(0.,0.,1.));
#3484=DIRECTION('',(-1.,0.,0.));
#3485=DIRECTION('',(-1.1399155092663E-17,0.,1.));
#3486=DIRECTION('',(-1.,0.,0.));
#3487=DIRECTION('',(0.,0.,1.));
#3488=DIRECTION('',(-1.,0.,0.));
#3489=DIRECTION('',(0.,0.,1.));
#3490=DIRECTION('',(-1.,0.,0.));
#3491=DIRECTION('',(-1.1399155092663E-17,0.,1.));
#3492=DIRECTION('',(-1.,0.,0.));
#3493=DIRECTION('',(0.,0.,1.));
#3494=DIRECTION('',(-1.,0.,0.));
#3495=DIRECTION('',(0.,0.,1.));
#3496=DIRECTION('',(-1.,0.,0.));
#3497=DIRECTION('',(-1.1399155092663E-17,0.,1.));
#3498=DIRECTION('',(-1.,0.,0.));
#3499=DIRECTION('',(0.,0.,1.));
#3500=DIRECTION('',(-1.,0.,0.));
#3501=DIRECTION('',(0.,0.,1.));
#3502=DIRECTION('',(-1.,0.,0.));
#3503=DIRECTION('',(-1.1399155092663E-17,0.,1.));
#3504=DIRECTION('',(-1.,0.,0.));
#3505=DIRECTION('',(0.,0.,1.));
#3506=DIRECTION('',(-1.,0.,0.));
#3507=DIRECTION('',(0.,0.,1.));
#3508=DIRECTION('',(-1.,0.,0.));
#3509=DIRECTION('',(-1.1399155092663E-17,0.,1.));
#3510=DIRECTION('',(-1.,0.,0.));
#3511=DIRECTION('',(0.,0.,1.));
#3512=DIRECTION('',(-1.,0.,0.));
#3513=DIRECTION('',(0.,0.,1.));
#3514=DIRECTION('',(-1.,0.,0.));
#3515=DIRECTION('',(0.,0.,1.));
#3516=DIRECTION('',(-1.,0.,0.));
#3517=DIRECTION('',(0.,0.,1.));
#3518=DIRECTION('',(-1.,0.,0.));
#3519=DIRECTION('',(0.,0.,1.));
#3520=DIRECTION('',(-1.,0.,0.));
#3521=DIRECTION('',(0.,0.,1.));
#3522=DIRECTION('',(-1.,0.,0.));
#3523=DIRECTION('',(0.,0.,1.));
#3524=DIRECTION('',(-1.,0.,0.));
#3525=DIRECTION('',(0.,0.,1.));
#3526=DIRECTION('',(-1.,0.,0.));
#3527=DIRECTION('',(0.,0.,1.));
#3528=DIRECTION('',(-1.,0.,0.));
#3529=DIRECTION('',(0.,0.,1.));
#3530=DIRECTION('',(-1.,0.,0.));
#3531=DIRECTION('',(0.,0.,1.));
#3532=DIRECTION('',(-1.,0.,0.));
#3533=DIRECTION('',(0.,0.,1.));
#3534=DIRECTION('',(0.,0.5,-0.866025403784439));
#3535=DIRECTION('',(0.,0.,1.));
#3536=DIRECTION('',(-1.,0.,0.));
#3537=DIRECTION('',(0.,0.,1.));
#3538=DIRECTION('',(1.,0.,0.));
#3539=DIRECTION('',(0.,0.,-1.));
#3540=DIRECTION('',(0.,1.,-9.43689570931383E-16));
#3541=DIRECTION('',(0.,0.866025403784438,-0.500000000000001));
#3542=DIRECTION('',(-1.,0.,0.));
#3543=DIRECTION('',(0.,0.,1.));
#3544=DIRECTION('',(1.,0.,0.));
#3545=DIRECTION('',(0.,0.,-1.));
#3546=DIRECTION('',(0.,0.500000000000002,0.866025403784438));
#3547=DIRECTION('',(0.,0.86602540378444,0.499999999999999));
#3548=DIRECTION('',(-1.,0.,0.));
#3549=DIRECTION('',(0.,0.,1.));
#3550=DIRECTION('',(1.,0.,0.));
#3551=DIRECTION('',(0.,0.,-1.));
#3552=DIRECTION('',(0.,-0.499999999999998,0.86602540378444));
#3553=DIRECTION('',(0.,2.34291072916505E-15,1.));
#3554=DIRECTION('',(-1.,0.,0.));
#3555=DIRECTION('',(0.,0.,1.));
#3556=DIRECTION('',(1.,0.,0.));
#3557=DIRECTION('',(0.,0.,-1.));
#3558=DIRECTION('',(0.,-1.,9.43689570931383E-16));
#3559=DIRECTION('',(-1.,0.,0.));
#3560=DIRECTION('',(0.,0.,1.));
#3561=DIRECTION('',(0.,-0.866025403784441,-0.499999999999996));
#3562=DIRECTION('',(1.,0.,0.));
#3563=DIRECTION('',(0.,0.,-1.));
#3564=DIRECTION('',(0.,-1.,3.71924713249427E-15));
#3565=DIRECTION('',(0.,-0.866025403784437,0.500000000000003));
#3566=DIRECTION('',(-1.,0.,0.));
#3567=DIRECTION('',(0.,0.,1.));
#3568=DIRECTION('',(1.,0.,0.));
#3569=DIRECTION('',(0.,0.,-1.));
#3570=DIRECTION('',(-1.,0.,0.));
#3571=DIRECTION('',(1.,0.,0.));
#3572=DIRECTION('',(-1.,0.,0.));
#3573=DIRECTION('',(0.,0.,1.));
#3574=DIRECTION('',(-1.,0.,0.));
#3575=DIRECTION('',(0.,0.,1.));
#3576=DIRECTION('',(-1.,0.,0.));
#3577=DIRECTION('',(-1.,0.,0.));
#3578=DIRECTION('',(-1.,0.,0.));
#3579=DIRECTION('',(0.,0.,1.));
#3580=DIRECTION('',(-1.,0.,0.));
#3581=DIRECTION('',(0.,0.,1.));
#3582=DIRECTION('',(-1.,0.,0.));
#3583=DIRECTION('',(-1.,0.,0.));
#3584=DIRECTION('',(-1.,0.,0.));
#3585=DIRECTION('',(0.,0.,1.));
#3586=DIRECTION('',(-1.,0.,0.));
#3587=DIRECTION('',(0.,0.,1.));
#3588=DIRECTION('',(-1.,0.,0.));
#3589=DIRECTION('',(-1.,0.,0.));
#3590=DIRECTION('',(-1.,0.,0.));
#3591=DIRECTION('',(0.,0.,1.));
#3592=DIRECTION('',(-1.,0.,0.));
#3593=DIRECTION('',(0.,0.,1.));
#3594=DIRECTION('',(-1.,0.,0.));
#3595=DIRECTION('',(-1.,0.,0.));
#3596=DIRECTION('',(0.,0.,1.));
#3597=DIRECTION('',(-1.,0.,0.));
#3598=DIRECTION('',(-1.,0.,0.));
#3599=DIRECTION('',(0.,0.,1.));
#3600=DIRECTION('',(-1.,0.,0.));
#3601=DIRECTION('',(-1.,0.,0.));
#3602=DIRECTION('',(-1.,0.,0.));
#3603=DIRECTION('',(0.,0.,1.));
#3604=DIRECTION('',(-1.,0.,0.));
#3605=DIRECTION('',(0.,0.,1.));
#3606=DIRECTION('',(0.,-0.5,0.866025403784439));
#3607=DIRECTION('',(0.,0.,-1.));
#3608=DIRECTION('',(-1.,0.,0.));
#3609=DIRECTION('',(0.,0.,1.));
#3610=DIRECTION('',(-1.,0.,0.));
#3611=DIRECTION('',(0.,0.,1.));
#3612=DIRECTION('',(0.,-1.,9.43689570931383E-16));
#3613=DIRECTION('',(0.,-0.866025403784438,0.500000000000001));
#3614=DIRECTION('',(-1.,0.,0.));
#3615=DIRECTION('',(0.,0.,1.));
#3616=DIRECTION('',(-1.,0.,0.));
#3617=DIRECTION('',(0.,0.,1.));
#3618=DIRECTION('',(0.,-0.500000000000002,-0.866025403784438));
#3619=DIRECTION('',(0.,-0.86602540378444,-0.499999999999999));
#3620=DIRECTION('',(-1.,0.,0.));
#3621=DIRECTION('',(0.,0.,1.));
#3622=DIRECTION('',(-1.,0.,0.));
#3623=DIRECTION('',(0.,0.,1.));
#3624=DIRECTION('',(0.,0.499999999999998,-0.86602540378444));
#3625=DIRECTION('',(0.,-2.34291072916505E-15,-1.));
#3626=DIRECTION('',(-1.,0.,0.));
#3627=DIRECTION('',(0.,0.,1.));
#3628=DIRECTION('',(-1.,0.,0.));
#3629=DIRECTION('',(0.,0.,1.));
#3630=DIRECTION('',(0.,1.,-9.43689570931383E-16));
#3631=DIRECTION('',(-1.,0.,0.));
#3632=DIRECTION('',(0.,0.,1.));
#3633=DIRECTION('',(0.,0.866025403784441,0.499999999999996));
#3634=DIRECTION('',(-1.,0.,0.));
#3635=DIRECTION('',(0.,0.,1.));
#3636=DIRECTION('',(0.,1.,-3.71924713249427E-15));
#3637=DIRECTION('',(0.,0.866025403784437,-0.500000000000003));
#3638=DIRECTION('',(-1.,0.,0.));
#3639=DIRECTION('',(0.,0.,1.));
#3640=DIRECTION('',(-1.,0.,0.));
#3641=DIRECTION('',(0.,0.,1.));
#3642=DIRECTION('',(-1.,0.,0.));
#3643=DIRECTION('',(0.,0.,1.));
#3644=DIRECTION('',(-1.,0.,0.));
#3645=DIRECTION('',(0.,0.,1.));
#3646=DIRECTION('',(-1.,0.,0.));
#3647=DIRECTION('',(0.,0.,1.));
#3648=DIRECTION('',(-1.,0.,0.));
#3649=DIRECTION('',(0.,0.,1.));
#3650=DIRECTION('',(-1.,0.,0.));
#3651=DIRECTION('',(0.,0.,1.));
#3652=DIRECTION('',(-1.,0.,0.));
#3653=DIRECTION('',(0.,0.,1.));
#3654=DIRECTION('',(-1.,0.,0.));
#3655=DIRECTION('',(0.,0.,1.));
#3656=DIRECTION('',(-1.,0.,0.));
#3657=DIRECTION('',(0.,0.,1.));
#3658=DIRECTION('',(-1.,0.,0.));
#3659=DIRECTION('',(0.,0.,1.));
#3660=DIRECTION('',(-1.,0.,0.));
#3661=DIRECTION('',(0.,0.,1.));
#3662=DIRECTION('',(-1.,0.,0.));
#3663=DIRECTION('',(0.,0.,1.));
#3664=DIRECTION('',(-1.,0.,0.));
#3665=DIRECTION('',(0.,0.,1.));
#3666=DIRECTION('',(1.,0.,0.));
#3667=DIRECTION('',(0.,0.,1.));
#3668=DIRECTION('',(1.,0.,0.));
#3669=DIRECTION('',(-1.98873916297757E-16,0.,-1.));
#3670=DIRECTION('',(1.,0.,0.));
#3671=DIRECTION('',(0.,0.,1.));
#3672=DIRECTION('',(1.,0.,0.));
#3673=DIRECTION('',(-1.98873916297757E-16,0.,-1.));
#3674=DIRECTION('',(1.,0.,0.));
#3675=DIRECTION('',(0.,0.,1.));
#3676=DIRECTION('',(1.,0.,0.));
#3677=DIRECTION('',(-1.98873916297757E-16,0.,-1.));
#3678=DIRECTION('',(1.,0.,0.));
#3679=DIRECTION('',(0.,0.,1.));
#3680=DIRECTION('',(1.,0.,0.));
#3681=DIRECTION('',(-1.98873916297757E-16,0.,-1.));
#3682=DIRECTION('',(1.,0.,0.));
#3683=DIRECTION('',(0.,0.,1.));
#3684=DIRECTION('',(1.,0.,0.));
#3685=DIRECTION('',(-1.98873916297757E-16,0.,-1.));
#3686=DIRECTION('',(1.,0.,0.));
#3687=DIRECTION('',(0.,0.,1.));
#3688=DIRECTION('',(1.,0.,0.));
#3689=DIRECTION('',(-1.98873916297757E-16,0.,-1.));
#3690=DIRECTION('',(1.,0.,0.));
#3691=DIRECTION('',(0.,0.,-1.));
#3692=DIRECTION('',(1.,0.,0.));
#3693=DIRECTION('',(0.,0.,-1.));
#3694=DIRECTION('',(1.,0.,0.));
#3695=DIRECTION('',(0.,0.,-1.));
#3696=DIRECTION('',(1.,0.,0.));
#3697=DIRECTION('',(0.,0.,-1.));
#3698=DIRECTION('',(1.,0.,0.));
#3699=DIRECTION('',(0.,0.,-1.));
#3700=DIRECTION('',(1.,0.,0.));
#3701=DIRECTION('',(0.,0.,-1.));
#3702=DIRECTION('',(-0.707106781186547,0.612372435695795,-0.353553390593275));
#3703=DIRECTION('',(0.707106781186548,0.612372435695794,-0.353553390593274));
#3704=DIRECTION('',(1.,0.,0.));
#3705=DIRECTION('',(-1.,0.,0.));
#3706=DIRECTION('',(0.,0.,1.));
#3707=DIRECTION('',(1.,0.,0.));
#3708=DIRECTION('',(-0.707106781186547,0.612372435695796,0.353553390593273));
#3709=DIRECTION('',(0.707106781186548,0.612372435695794,0.353553390593272));
#3710=DIRECTION('',(1.,0.,0.));
#3711=DIRECTION('',(-1.,0.,0.));
#3712=DIRECTION('',(0.,0.,1.));
#3713=DIRECTION('',(1.,0.,0.));
#3714=DIRECTION('',(-0.707106781186547,1.65668806430733E-15,0.707106781186548));
#3715=DIRECTION('',(0.707106781186548,1.65668806430732E-15,0.707106781186547));
#3716=DIRECTION('',(1.,0.,0.));
#3717=DIRECTION('',(-1.,0.,0.));
#3718=DIRECTION('',(0.,0.,1.));
#3719=DIRECTION('',(1.,0.,0.));
#3720=DIRECTION('',(-0.707106781186547,-0.612372435695794,0.353553390593276));
#3721=DIRECTION('',(0.707106781186548,-0.612372435695793,0.353553390593275));
#3722=DIRECTION('',(1.,0.,0.));
#3723=DIRECTION('',(-1.,0.,0.));
#3724=DIRECTION('',(0.,0.,1.));
#3725=DIRECTION('',(1.,0.,0.));
#3726=DIRECTION('',(-0.707106781186547,-0.612372435695797,-0.353553390593272));
#3727=DIRECTION('',(0.707106781186548,-0.612372435695795,-0.353553390593271));
#3728=DIRECTION('',(-1.,0.,0.));
#3729=DIRECTION('',(-1.,0.,0.));
#3730=DIRECTION('',(0.,0.,1.));
#3731=DIRECTION('',(1.,0.,0.));
#3732=DIRECTION('',(-0.707106781186547,0.,-0.707106781186548));
#3733=DIRECTION('',(0.707106781186548,0.,-0.707106781186547));
#3734=DIRECTION('',(1.,0.,0.));
#3735=DIRECTION('',(1.,0.,0.));
#3736=DIRECTION('',(1.,0.,0.));
#3737=DIRECTION('',(0.707106781186547,0.353553390593274,-0.612372435695795));
#3738=DIRECTION('',(0.707106781186548,-0.353553390593273,0.612372435695794));
#3739=DIRECTION('',(1.,0.,0.));
#3740=DIRECTION('',(1.,0.,0.));
#3741=DIRECTION('',(0.707106781186547,-0.353553390593274,-0.612372435695795));
#3742=DIRECTION('',(0.707106781186548,0.353553390593273,0.612372435695794));
#3743=DIRECTION('',(1.,0.,0.));
#3744=DIRECTION('',(1.,0.,0.));
#3745=DIRECTION('',(0.707106781186547,-0.707106781186548,2.88657986402541E-15));
#3746=DIRECTION('',(0.707106781186548,0.707106781186547,-2.8865798640254E-15));
#3747=DIRECTION('',(1.,0.,0.));
#3748=DIRECTION('',(1.,0.,0.));
#3749=DIRECTION('',(0.707106781186547,-0.353553390593272,0.612372435695796));
#3750=DIRECTION('',(0.707106781186548,0.353553390593272,-0.612372435695795));
#3751=DIRECTION('',(1.,0.,0.));
#3752=DIRECTION('',(1.,0.,0.));
#3753=DIRECTION('',(0.707106781186547,0.353553390593275,0.612372435695794));
#3754=DIRECTION('',(0.707106781186548,-0.353553390593275,-0.612372435695793));
#3755=DIRECTION('',(1.,0.,0.));
#3756=DIRECTION('',(1.,0.,0.));
#3757=DIRECTION('',(0.707106781186547,0.707106781186548,-8.32667268468868E-16));
#3758=DIRECTION('',(0.707106781186548,-0.707106781186547,8.32667268468866E-16));
#3759=DIRECTION('',(1.,0.,0.));
#3760=DIRECTION('',(1.,0.,0.));
#3761=DIRECTION('',(0.,0.,-1.));
#3762=DIRECTION('',(5.0532154980743E-16,-0.866025403784439,-0.499999999999999));
#3763=DIRECTION('',(-1.,0.,0.));
#3764=DIRECTION('',(0.,0.,1.));
#3765=DIRECTION('',(5.0532154980743E-16,0.5,0.866025403784439));
#3766=DIRECTION('',(0.,0.866025403784439,-0.5));
#3767=DIRECTION('',(5.0532154980743E-16,0.5,0.866025403784439));
#3768=DIRECTION('',(-1.,0.,0.));
#3769=DIRECTION('',(0.,0.,1.));
#3770=DIRECTION('',(5.0532154980743E-16,0.,1.));
#3771=DIRECTION('',(-1.,0.,0.));
#3772=DIRECTION('',(0.,0.,1.));
#3773=DIRECTION('',(0.,1.22124532708767E-15,1.));
#3774=DIRECTION('',(5.0532154980743E-16,-1.,9.43689570931383E-16));
#3775=DIRECTION('',(-1.,0.,0.));
#3776=DIRECTION('',(0.,0.,1.));
#3777=DIRECTION('',(5.0532154980743E-16,-0.866025403784439,-0.499999999999999));
#3778=DIRECTION('',(5.0532154980743E-16,-0.866025403784438,0.500000000000001));
#3779=DIRECTION('',(5.0532154980743E-16,-1.,9.43689570931383E-16));
#3780=DIRECTION('',(-1.,0.,0.));
#3781=DIRECTION('',(0.,0.,1.));
#3782=DIRECTION('',(0.,-0.866025403784438,0.500000000000002));
#3783=DIRECTION('',(5.0532154980743E-16,-0.500000000000002,-0.866025403784438));
#3784=DIRECTION('',(-1.,0.,0.));
#3785=DIRECTION('',(0.,0.,1.));
#3786=DIRECTION('',(5.0532154980743E-16,-2.34291072916505E-15,-1.));
#3787=DIRECTION('',(5.0532154980743E-16,-0.866025403784439,-0.499999999999999));
#3788=DIRECTION('',(5.0532154980743E-16,-0.500000000000002,-0.866025403784438));
#3789=DIRECTION('',(-1.,0.,0.));
#3790=DIRECTION('',(0.,0.,1.));
#3791=DIRECTION('',(0.,-0.86602540378444,-0.499999999999998));
#3792=DIRECTION('',(5.0532154980743E-16,0.499999999999998,-0.86602540378444));
#3793=DIRECTION('',(-1.,0.,0.));
#3794=DIRECTION('',(0.,0.,1.));
#3795=DIRECTION('',(5.0532154980743E-16,0.866025403784437,-0.500000000000003));
#3796=DIRECTION('',(5.0532154980743E-16,-2.34291072916505E-15,-1.));
#3797=DIRECTION('',(5.0532154980743E-16,0.499999999999998,-0.86602540378444));
#3798=DIRECTION('',(-1.,0.,0.));
#3799=DIRECTION('',(0.,0.,1.));
#3800=DIRECTION('',(0.,-3.99680288865056E-15,-1.));
#3801=DIRECTION('',(5.0532154980743E-16,1.,-3.71924713249427E-15));
#3802=DIRECTION('',(5.0532154980743E-16,0.866025403784441,0.499999999999996));
#3803=DIRECTION('',(5.0532154980743E-16,0.866025403784437,-0.500000000000003));
#3804=DIRECTION('',(5.0532154980743E-16,1.,-3.71924713249427E-15));
#3805=DIRECTION('',(-1.,0.,0.));
#3806=DIRECTION('',(0.,0.,1.));
#3807=DIRECTION('',(-1.,0.,0.));
#3808=DIRECTION('',(0.,0.,1.));
#3809=DIRECTION('',(-1.,0.,0.));
#3810=DIRECTION('',(-1.1399155092663E-17,0.,1.));
#3811=DIRECTION('',(-1.,0.,0.));
#3812=DIRECTION('',(0.,0.,1.));
#3813=DIRECTION('',(-1.,0.,0.));
#3814=DIRECTION('',(-1.1399155092663E-17,0.,1.));
#3815=DIRECTION('',(-1.,0.,0.));
#3816=DIRECTION('',(0.,0.,1.));
#3817=DIRECTION('',(-1.,0.,0.));
#3818=DIRECTION('',(-1.1399155092663E-17,0.,1.));
#3819=DIRECTION('',(-1.,0.,0.));
#3820=DIRECTION('',(0.,0.,1.));
#3821=DIRECTION('',(-1.,0.,0.));
#3822=DIRECTION('',(-1.1399155092663E-17,0.,1.));
#3823=DIRECTION('',(-1.,0.,0.));
#3824=DIRECTION('',(0.,0.,1.));
#3825=DIRECTION('',(-1.,0.,0.));
#3826=DIRECTION('',(-1.1399155092663E-17,0.,1.));
#3827=DIRECTION('',(-1.,0.,0.));
#3828=DIRECTION('',(0.,0.,1.));
#3829=DIRECTION('',(-1.,0.,0.));
#3830=DIRECTION('',(0.,0.,1.));
#3831=DIRECTION('',(-1.,0.,0.));
#3832=DIRECTION('',(0.,0.,1.));
#3833=DIRECTION('',(-1.,0.,0.));
#3834=DIRECTION('',(0.,0.,1.));
#3835=DIRECTION('',(-1.,0.,0.));
#3836=DIRECTION('',(0.,0.,1.));
#3837=DIRECTION('',(-1.,0.,0.));
#3838=DIRECTION('',(0.,0.,1.));
#3839=DIRECTION('',(-1.,0.,0.));
#3840=DIRECTION('',(0.,0.,1.));
#3841=DIRECTION('',(-1.,0.,0.));
#3842=DIRECTION('',(0.,0.,1.));
#3843=DIRECTION('',(-1.,0.,0.));
#3844=DIRECTION('',(0.,0.,1.));
#3845=DIRECTION('',(-1.,0.,0.));
#3846=DIRECTION('',(0.,0.,1.));
#3847=DIRECTION('',(0.,0.5,-0.866025403784439));
#3848=DIRECTION('',(-1.,0.,0.));
#3849=DIRECTION('',(0.,0.,1.));
#3850=DIRECTION('',(0.,0.866025403784438,-0.500000000000001));
#3851=DIRECTION('',(1.,0.,0.));
#3852=DIRECTION('',(0.,0.,-1.));
#3853=DIRECTION('',(0.,0.86602540378444,0.499999999999999));
#3854=DIRECTION('',(-1.,0.,0.));
#3855=DIRECTION('',(0.,0.,1.));
#3856=DIRECTION('',(0.,-0.5,-0.866025403784439));
#3857=DIRECTION('',(1.,0.,0.));
#3858=DIRECTION('',(0.,0.,-1.));
#3859=DIRECTION('',(0.,1.,-9.43689570931383E-16));
#3860=DIRECTION('',(-1.,0.,0.));
#3861=DIRECTION('',(0.,0.,1.));
#3862=DIRECTION('',(0.,0.86602540378444,0.499999999999999));
#3863=DIRECTION('',(1.,0.,0.));
#3864=DIRECTION('',(0.,0.,-1.));
#3865=DIRECTION('',(0.,0.500000000000002,0.866025403784438));
#3866=DIRECTION('',(-1.,0.,0.));
#3867=DIRECTION('',(0.,0.,1.));
#3868=DIRECTION('',(0.,2.34291072916505E-15,1.));
#3869=DIRECTION('',(1.,0.,0.));
#3870=DIRECTION('',(0.,0.,-1.));
#3871=DIRECTION('',(0.,-0.499999999999998,0.86602540378444));
#3872=DIRECTION('',(-1.,0.,0.));
#3873=DIRECTION('',(0.,0.,1.));
#3874=DIRECTION('',(0.,-0.866025403784437,0.500000000000003));
#3875=DIRECTION('',(1.,0.,0.));
#3876=DIRECTION('',(0.,0.,-1.));
#3877=DIRECTION('',(-1.,0.,0.));
#3878=DIRECTION('',(-1.,0.,0.));
#3879=DIRECTION('',(0.,0.,1.));
#3880=DIRECTION('',(-1.,0.,0.));
#3881=DIRECTION('',(-1.,0.,0.));
#3882=DIRECTION('',(0.,0.,1.));
#3883=DIRECTION('',(1.,0.,0.));
#3884=DIRECTION('',(-1.,0.,0.));
#3885=DIRECTION('',(0.,0.,1.));
#3886=DIRECTION('',(-1.,0.,0.));
#3887=DIRECTION('',(-1.,0.,0.));
#3888=DIRECTION('',(0.,0.,1.));
#3889=DIRECTION('',(-1.,0.,0.));
#3890=DIRECTION('',(-1.,0.,0.));
#3891=DIRECTION('',(0.,0.,1.));
#3892=DIRECTION('',(-1.,0.,0.));
#3893=DIRECTION('',(-1.,0.,0.));
#3894=DIRECTION('',(0.,0.,1.));
#3895=DIRECTION('',(-1.,0.,0.));
#3896=DIRECTION('',(-1.,0.,0.));
#3897=DIRECTION('',(0.,0.,1.));
#3898=DIRECTION('',(-1.,0.,0.));
#3899=DIRECTION('',(-1.,0.,0.));
#3900=DIRECTION('',(0.,0.,1.));
#3901=DIRECTION('',(-1.,0.,0.));
#3902=DIRECTION('',(-1.,0.,0.));
#3903=DIRECTION('',(0.,0.,1.));
#3904=DIRECTION('',(-1.,0.,0.));
#3905=DIRECTION('',(-1.,0.,0.));
#3906=DIRECTION('',(0.,0.,1.));
#3907=DIRECTION('',(0.,-0.5,0.866025403784439));
#3908=DIRECTION('',(-1.,0.,0.));
#3909=DIRECTION('',(0.,0.,1.));
#3910=DIRECTION('',(0.,-0.866025403784438,0.500000000000001));
#3911=DIRECTION('',(-1.,0.,0.));
#3912=DIRECTION('',(0.,0.,1.));
#3913=DIRECTION('',(0.,-0.86602540378444,-0.499999999999999));
#3914=DIRECTION('',(-1.,0.,0.));
#3915=DIRECTION('',(0.,0.,1.));
#3916=DIRECTION('',(0.,0.5,0.866025403784439));
#3917=DIRECTION('',(-1.,0.,0.));
#3918=DIRECTION('',(0.,0.,1.));
#3919=DIRECTION('',(0.,-1.,9.43689570931383E-16));
#3920=DIRECTION('',(-1.,0.,0.));
#3921=DIRECTION('',(0.,0.,1.));
#3922=DIRECTION('',(0.,-0.86602540378444,-0.499999999999999));
#3923=DIRECTION('',(-1.,0.,0.));
#3924=DIRECTION('',(0.,0.,1.));
#3925=DIRECTION('',(0.,-0.500000000000002,-0.866025403784438));
#3926=DIRECTION('',(-1.,0.,0.));
#3927=DIRECTION('',(0.,0.,1.));
#3928=DIRECTION('',(0.,-2.34291072916505E-15,-1.));
#3929=DIRECTION('',(-1.,0.,0.));
#3930=DIRECTION('',(0.,0.,1.));
#3931=DIRECTION('',(0.,0.499999999999998,-0.86602540378444));
#3932=DIRECTION('',(-1.,0.,0.));
#3933=DIRECTION('',(0.,0.,1.));
#3934=DIRECTION('',(0.,0.866025403784437,-0.500000000000003));
#3935=DIRECTION('',(-1.,0.,0.));
#3936=DIRECTION('',(0.,0.,1.));
#3937=DIRECTION('',(-1.,0.,0.));
#3938=DIRECTION('',(0.,0.,1.));
#3939=DIRECTION('',(-1.,0.,0.));
#3940=DIRECTION('',(0.,0.,1.));
#3941=DIRECTION('',(-1.,0.,0.));
#3942=DIRECTION('',(0.,0.,1.));
#3943=DIRECTION('',(-1.,0.,0.));
#3944=DIRECTION('',(0.,0.,1.));
#3945=DIRECTION('',(-1.,0.,0.));
#3946=DIRECTION('',(0.,0.,1.));
#3947=DIRECTION('',(-1.,0.,0.));
#3948=DIRECTION('',(0.,0.,1.));
#3949=DIRECTION('',(-1.,0.,0.));
#3950=DIRECTION('',(0.,0.,1.));
#3951=DIRECTION('',(-1.,0.,0.));
#3952=DIRECTION('',(0.,0.,1.));
#3953=DIRECTION('',(-1.,0.,0.));
#3954=DIRECTION('',(0.,0.,1.));
#3955=DIRECTION('',(-1.,0.,0.));
#3956=DIRECTION('',(0.,0.,1.));
#3957=DIRECTION('',(1.,0.,0.));
#3958=DIRECTION('',(0.,0.,1.));
#3959=DIRECTION('',(1.,0.,0.));
#3960=DIRECTION('',(-1.98873916297757E-16,0.,-1.));
#3961=DIRECTION('',(1.,0.,0.));
#3962=DIRECTION('',(0.,0.,1.));
#3963=DIRECTION('',(1.,0.,0.));
#3964=DIRECTION('',(-1.98873916297757E-16,0.,-1.));
#3965=DIRECTION('',(1.,0.,0.));
#3966=DIRECTION('',(0.,0.,1.));
#3967=DIRECTION('',(1.,0.,0.));
#3968=DIRECTION('',(-1.98873916297757E-16,0.,-1.));
#3969=DIRECTION('',(1.,0.,0.));
#3970=DIRECTION('',(0.,0.,1.));
#3971=DIRECTION('',(1.,0.,0.));
#3972=DIRECTION('',(-1.98873916297757E-16,0.,-1.));
#3973=DIRECTION('',(1.,0.,0.));
#3974=DIRECTION('',(0.,0.,1.));
#3975=DIRECTION('',(1.,0.,0.));
#3976=DIRECTION('',(-1.98873916297757E-16,0.,-1.));
#3977=DIRECTION('',(1.,0.,0.));
#3978=DIRECTION('',(0.,0.,-1.));
#3979=DIRECTION('',(1.,0.,0.));
#3980=DIRECTION('',(0.,0.,-1.));
#3981=DIRECTION('',(1.,0.,0.));
#3982=DIRECTION('',(0.,0.,-1.));
#3983=DIRECTION('',(1.,0.,0.));
#3984=DIRECTION('',(0.,0.,-1.));
#3985=DIRECTION('',(1.,0.,0.));
#3986=DIRECTION('',(0.,0.,-1.));
#3987=DIRECTION('',(-1.,0.,0.));
#3988=DIRECTION('',(0.,0.,1.));
#3989=DIRECTION('',(-1.,0.,0.));
#3990=DIRECTION('',(-1.1399155092663E-17,0.,1.));
#3991=DIRECTION('',(-1.,0.,0.));
#3992=DIRECTION('',(0.,0.,1.));
#3993=DIRECTION('',(-1.,0.,0.));
#3994=DIRECTION('',(0.,0.,1.));
#3995=DIRECTION('',(0.,-0.5,-0.866025403784439));
#3996=DIRECTION('',(-1.,0.,0.));
#3997=DIRECTION('',(0.,0.,1.));
#3998=DIRECTION('',(0.,0.,1.));
#3999=DIRECTION('',(1.,0.,0.));
#4000=DIRECTION('',(0.,0.,-1.));
#4001=DIRECTION('',(-1.,0.,0.));
#4002=DIRECTION('',(-1.,0.,0.));
#4003=DIRECTION('',(0.,0.,1.));
#4004=DIRECTION('',(1.,0.,0.));
#4005=DIRECTION('',(-1.,0.,0.));
#4006=DIRECTION('',(0.,0.,1.));
#4007=DIRECTION('',(0.,0.5,0.866025403784439));
#4008=DIRECTION('',(-1.,0.,0.));
#4009=DIRECTION('',(0.,0.,1.));
#4010=DIRECTION('',(0.,0.,-1.));
#4011=DIRECTION('',(-1.,0.,0.));
#4012=DIRECTION('',(0.,0.,1.));
#4013=DIRECTION('',(-1.,0.,0.));
#4014=DIRECTION('',(0.,0.,1.));
#4015=DIRECTION('',(-1.,0.,0.));
#4016=DIRECTION('',(0.,0.,1.));
#4017=DIRECTION('',(1.,0.,0.));
#4018=DIRECTION('',(0.,0.,1.));
#4019=DIRECTION('',(1.,0.,0.));
#4020=DIRECTION('',(-1.98873916297757E-16,0.,-1.));
#4021=DIRECTION('',(1.,0.,0.));
#4022=DIRECTION('',(0.,0.,-1.));
#4023=DIRECTION('',(-0.707106781186548,0.,0.707106781186547));
#4024=DIRECTION('',(-0.707106781186548,0.,0.707106781186547));
#4025=DIRECTION('',(0.707106781186547,0.,0.707106781186548));
#4026=DIRECTION('',(0.707106781186548,0.,-0.707106781186547));
#4027=DIRECTION('',(0.,-1.,0.));
#4028=DIRECTION('',(0.,0.,-1.));
#4029=DIRECTION('',(0.,-1.,0.));
#4030=DIRECTION('',(0.,0.,-1.));
#4031=DIRECTION('',(-0.707106781186548,-0.353553390593273,-0.612372435695794));
#4032=DIRECTION('',(-0.707106781186548,-0.353553390593273,-0.612372435695794));
#4033=DIRECTION('',(-0.707106781186547,0.353553390593274,0.612372435695795));
#4034=DIRECTION('',(0.654653670707978,0.,0.755928946018454));
#4035=DIRECTION('',(-5.39260384428426E-33,-0.866025403784439,0.5));
#4036=DIRECTION('',(0.,-0.499999999999999,-0.866025403784439));
#4037=DIRECTION('',(-5.39260384428426E-33,-0.866025403784439,0.5));
#4038=DIRECTION('',(0.,-0.5,-0.866025403784439));
#4039=DIRECTION('',(0.707106781186548,-0.612372435695795,-0.353553390593271));
#4040=DIRECTION('',(0.,-0.499999999999996,0.866025403784441));
#4041=DIRECTION('',(0.,-0.866025403784441,-0.499999999999996));
#4042=DIRECTION('',(0.707106781186548,-0.612372435695795,-0.353553390593271));
#4043=DIRECTION('',(0.707106781186547,0.612372435695797,0.353553390593271));
#4044=DIRECTION('',(0.707106781186548,-0.612372435695795,-0.353553390593271));
#4045=DIRECTION('',(0.,0.499999999999999,-0.866025403784439));
#4046=DIRECTION('',(0.,0.866025403784439,0.499999999999999));
#4047=DIRECTION('',(0.707106781186548,-0.612372435695793,0.353553390593275));
#4048=DIRECTION('',(0.,0.500000000000003,0.866025403784437));
#4049=DIRECTION('',(0.,-0.866025403784437,0.500000000000003));
#4050=DIRECTION('',(0.707106781186548,-0.612372435695793,0.353553390593275));
#4051=DIRECTION('',(0.,0.500000000000003,0.866025403784437));
#4052=DIRECTION('',(0.,-0.866025403784437,0.500000000000003));
#4053=DIRECTION('',(0.707106781186547,0.612372435695794,-0.353553390593276));
#4054=DIRECTION('',(0.707106781186548,-0.612372435695793,0.353553390593275));
#4055=DIRECTION('',(0.707106781186548,1.65668806430732E-15,0.707106781186547));
#4056=DIRECTION('',(0.,1.,-2.34291072916505E-15));
#4057=DIRECTION('',(0.,2.34296089474118E-15,1.));
#4058=DIRECTION('',(0.707106781186548,1.65668806430732E-15,0.707106781186547));
#4059=DIRECTION('',(0.,1.,-2.34291072916505E-15));
#4060=DIRECTION('',(0.,2.34296089474118E-15,1.));
#4061=DIRECTION('',(0.707106781186547,-1.65668806430733E-15,-0.707106781186548));
#4062=DIRECTION('',(0.707106781186548,1.65666091955785E-15,0.707106781186547));
#4063=DIRECTION('',(0.707106781186548,0.612372435695794,0.353553390593272));
#4064=DIRECTION('',(0.,0.499999999999999,-0.866025403784439));
#4065=DIRECTION('',(0.,0.866025403784439,0.499999999999999));
#4066=DIRECTION('',(0.707106781186548,0.612372435695794,0.353553390593272));
#4067=DIRECTION('',(0.,0.499999999999999,-0.866025403784439));
#4068=DIRECTION('',(0.,0.866025403784439,0.499999999999999));
#4069=DIRECTION('',(0.707106781186547,-0.612372435695796,-0.353553390593273));
#4070=DIRECTION('',(0.707106781186548,0.612372435695794,0.353553390593272));
#4071=DIRECTION('',(0.707106781186548,0.612372435695794,-0.353553390593274));
#4072=DIRECTION('',(0.707106781186548,0.612372435695794,-0.353553390593274));
#4073=DIRECTION('',(0.707106781186547,-0.612372435695795,0.353553390593275));
#4074=DIRECTION('',(0.707106781186548,0.612372435695794,-0.353553390593274));
#4075=DIRECTION('',(0.,-0.500000000000001,-0.866025403784438));
#4076=DIRECTION('',(0.,0.866025403784438,-0.500000000000001));
#4077=DIRECTION('',(0.,-0.500000000000001,-0.866025403784438));
#4078=DIRECTION('',(0.,0.866025403784438,-0.500000000000001));
#4079=DIRECTION('',(0.707106781186548,0.707106781186547,-2.94209101525666E-15));
#4080=DIRECTION('',(-5.39260384428426E-33,3.71924713249427E-15,1.));
#4081=DIRECTION('',(0.,-1.,3.71924713249427E-15));
#4082=DIRECTION('',(0.707106781186548,0.707106781186547,-2.94209101525666E-15));
#4083=DIRECTION('',(-0.707106781186547,0.707106781186548,-2.88657986402541E-15));
#4084=DIRECTION('',(0.654653670707978,0.654653670707978,0.377964473009224));
#4085=DIRECTION('',(-5.39260384428426E-33,-9.43689570931383E-16,-1.));
#4086=DIRECTION('',(0.,1.,-9.43689570931383E-16));
#4087=DIRECTION('',(0.707106781186548,0.353553390593272,-0.612372435695795));
#4088=DIRECTION('',(-5.39260384428426E-33,0.86602540378444,0.499999999999998));
#4089=DIRECTION('',(0.,-0.499999999999998,0.86602540378444));
#4090=DIRECTION('',(0.707106781186548,0.353553390593272,-0.612372435695795));
#4091=DIRECTION('',(-5.39260384428426E-33,0.86602540378444,0.499999999999998));
#4092=DIRECTION('',(0.,-0.499999999999998,0.86602540378444));
#4093=DIRECTION('',(-0.707106781186547,0.353553390593272,-0.612372435695796));
#4094=DIRECTION('',(0.654653670707978,0.654653670707976,-0.377964473009229));
#4095=DIRECTION('',(0.707106781186548,-0.353553390593275,-0.612372435695793));
#4096=DIRECTION('',(-5.39260384428426E-33,0.866025403784438,-0.500000000000002));
#4097=DIRECTION('',(0.,0.500000000000002,0.866025403784438));
#4098=DIRECTION('',(0.707106781186548,-0.353553390593275,-0.612372435695793));
#4099=DIRECTION('',(-5.39260384428426E-33,0.866025403784438,-0.500000000000002));
#4100=DIRECTION('',(0.,0.500000000000002,0.866025403784438));
#4101=DIRECTION('',(-0.707106781186547,-0.353553390593275,-0.612372435695794));
#4102=DIRECTION('',(0.654653670707978,-1.7710984588637E-15,-0.755928946018454));
#4103=DIRECTION('',(0.707106781186548,-0.707106781186547,9.43689570931383E-16));
#4104=DIRECTION('',(-5.39260384428426E-33,-9.43689570931383E-16,-1.));
#4105=DIRECTION('',(0.,1.,-9.43689570931383E-16));
#4106=DIRECTION('',(0.707106781186548,-0.707106781186547,9.43689570931383E-16));
#4107=DIRECTION('',(-5.39260384428426E-33,-9.43689570931383E-16,-1.));
#4108=DIRECTION('',(0.,1.,-9.43689570931383E-16));
#4109=DIRECTION('',(-0.707106781186547,-0.707106781186548,8.32667268468867E-16));
#4110=DIRECTION('',(0.654653670707978,-0.654653670707977,-0.377964473009226));
#4111=DIRECTION('',(0.707106781186548,-0.353553390593273,0.612372435695794));
#4112=DIRECTION('',(0.707106781186548,-0.353553390593273,0.612372435695794));
#4113=DIRECTION('',(-0.707106781186547,-0.353553390593274,0.612372435695795));
#4114=DIRECTION('',(0.654653670707978,-0.654653670707976,0.377964473009227));
#4115=DIRECTION('',(-5.39260384428426E-33,-0.866025403784439,-0.5));
#4116=DIRECTION('',(0.,0.5,-0.866025403784439));
#4117=DIRECTION('',(-5.39260384428426E-33,-0.866025403784439,-0.5));
#4118=DIRECTION('',(0.,0.5,-0.866025403784439));
#4119=CARTESIAN_POINT('',(0.,0.,0.));
#4120=CARTESIAN_POINT('',(3.36659707068755E-15,6.31317591214667,7.8926273267512));
#4121=CARTESIAN_POINT('',(3.36659707068755E-15,6.40516877061334,7.82089559945902));
#4122=CARTESIAN_POINT('',(3.36659707068755E-15,6.22118305368,7.96435905404338));
#4123=CARTESIAN_POINT('',(0.,6.22118305368,7.96435905404338));
#4124=CARTESIAN_POINT('',(0.,6.13930297451814,7.91239489780906));
#4125=CARTESIAN_POINT('',(0.,6.04247794233612,7.88619546940557));
#4126=CARTESIAN_POINT('',(0.,5.81934390430137,7.88700817470844));
#4127=CARTESIAN_POINT('',(0.,5.72663921313613,7.89987771501737));
#4128=CARTESIAN_POINT('',(0.,5.65222661180006,7.92675888477855));
#4129=CARTESIAN_POINT('',(3.36659707068755E-15,5.65222661180006,7.92675888477855));
#4130=CARTESIAN_POINT('',(3.36659707068755E-15,5.57200033785486,7.82387213517767));
#4131=CARTESIAN_POINT('',(3.36659707068755E-15,5.49177406390966,7.72098538557679));
#4132=CARTESIAN_POINT('',(0.,5.49177406390966,7.72098538557679));
#4133=CARTESIAN_POINT('',(0.,5.63313134706508,7.67012659011707));
#4134=CARTESIAN_POINT('',(0.,5.77540348065646,7.65164312604004));
#4135=CARTESIAN_POINT('',(0.,5.91872376159944,7.6644578579131));
#4136=CARTESIAN_POINT('',(0.,5.91872376159944,7.6644578579131));
#4137=CARTESIAN_POINT('',(3.36659707068755E-15,5.58554876509761,7.23717523898239));
#4138=CARTESIAN_POINT('',(3.36659707068755E-15,5.25237376859577,6.80989262005168));
#4139=CARTESIAN_POINT('',(3.36659707068755E-15,5.36570049720027,6.72152573889734));
#4140=CARTESIAN_POINT('',(3.36659707068755E-15,5.47902722580477,6.63315885774299));
#4141=CARTESIAN_POINT('',(3.36659707068755E-15,5.94209799820905,7.22702722860101));
#4142=CARTESIAN_POINT('',(3.36659707068755E-15,0.,0.));
#4143=CARTESIAN_POINT('',(3.36659707068755E-15,4.82471388250346,7.77464117871045));
#4144=CARTESIAN_POINT('',(3.36659707068755E-15,4.75344167332102,7.64985365810283));
#4145=CARTESIAN_POINT('',(3.36659707068755E-15,4.89598609168589,7.89942869931808));
#4146=CARTESIAN_POINT('',(3.36659707068755E-15,4.65074279350909,8.03949904900639));
#4147=CARTESIAN_POINT('',(3.36659707068755E-15,4.40549949533228,8.17956939869471));
#4148=CARTESIAN_POINT('',(3.36659707068755E-15,4.33422728614985,8.05478187808708));
#4149=CARTESIAN_POINT('',(3.36659707068755E-15,4.26295507696741,7.92999435747945));
#4150=CARTESIAN_POINT('',(3.36659707068755E-15,4.50819837514421,7.78992400779114));
#4151=CARTESIAN_POINT('',(3.36659707068755E-15,0.,0.));
#4152=CARTESIAN_POINT('',(0.,3.40844891110438,8.65074400683261));
#4153=CARTESIAN_POINT('',(0.,3.46042716470672,8.62983564535265));
#4154=CARTESIAN_POINT('',(0.,3.49659369226298,8.59288793382793));
#4155=CARTESIAN_POINT('',(0.,3.5383550821878,8.48587921581528));
#4156=CARTESIAN_POINT('',(0.,3.53532499543006,8.42540870032103));
#4157=CARTESIAN_POINT('',(0.,3.48070899417663,8.28690062909527));
#4158=CARTESIAN_POINT('',(0.,3.43954854063795,8.23795829098383));
#4159=CARTESIAN_POINT('',(0.,3.33067493647126,8.18414054765928));
#4160=CARTESIAN_POINT('',(0.,3.27621800268314,8.18150418675581));
#4161=CARTESIAN_POINT('',(0.,3.1694811127437,8.22359229081451));
#4162=CARTESIAN_POINT('',(0.,3.13268622452365,8.25790038249429));
#4163=CARTESIAN_POINT('',(0.,3.08756694833349,8.35633305904144));
#4164=CARTESIAN_POINT('',(0.,3.09462769413082,8.41378114914367));
#4165=CARTESIAN_POINT('',(0.,3.10335433828982,8.48478342770263));
#4166=CARTESIAN_POINT('',(0.,3.40844891110438,8.65074400683261));
#4167=CARTESIAN_POINT('',(0.,3.10335433828982,8.48478342770263));
#4168=CARTESIAN_POINT('',(3.36659707068755E-15,2.96757718903698,8.5201732558497));
#4169=CARTESIAN_POINT('',(0.,2.83180003978414,8.55556308399677));
#4170=CARTESIAN_POINT('',(0.,2.83180003978414,8.55556308399677));
#4171=CARTESIAN_POINT('',(0.,2.79905427250115,8.43276781729341));
#4172=CARTESIAN_POINT('',(0.,2.80980358508379,8.31880826287262));
#4173=CARTESIAN_POINT('',(0.,2.91912255736178,8.10805497930836));
#4174=CARTESIAN_POINT('',(0.,3.00910276400738,8.03026663090028));
#4175=CARTESIAN_POINT('',(0.,3.26862690777317,7.927932009995));
#4176=CARTESIAN_POINT('',(0.,3.39703684172705,7.92720851573533));
#4177=CARTESIAN_POINT('',(0.,3.64411472855872,8.02921833532978));
#4178=CARTESIAN_POINT('',(0.,3.73009503149822,8.11596632626441));
#4179=CARTESIAN_POINT('',(0.,3.81173750759872,8.32301447397303));
#4180=CARTESIAN_POINT('',(0.,3.81575623803323,8.40433924304934));
#4181=CARTESIAN_POINT('',(0.,3.76701179695478,8.56158107810226));
#4182=CARTESIAN_POINT('',(0.,3.71840356977576,8.62504522253922));
#4183=CARTESIAN_POINT('',(0.,3.6451967659242,8.6737111289815));
#4184=CARTESIAN_POINT('',(0.,3.6451967659242,8.6737111289815));
#4185=CARTESIAN_POINT('',(0.,3.6451967659242,8.6737111289815));
#4186=CARTESIAN_POINT('',(0.,3.8079204952196,8.69410585612388));
#4187=CARTESIAN_POINT('',(0.,3.91346092236555,8.76509785408519));
#4188=CARTESIAN_POINT('',(0.,3.99580721291519,8.97393089961887));
#4189=CARTESIAN_POINT('',(0.,3.99351064002659,9.06434565109131));
#4190=CARTESIAN_POINT('',(0.,3.90852852492747,9.27357861058765));
#4191=CARTESIAN_POINT('',(0.,3.82019995658287,9.35707655733929));
#4192=CARTESIAN_POINT('',(0.,3.61208087017922,9.43914132210927));
#4193=CARTESIAN_POINT('',(0.,3.53683933940818,9.45231090302523));
#4194=CARTESIAN_POINT('',(0.,3.39052082176084,9.44318417337346));
#4195=CARTESIAN_POINT('',(0.,3.32670389971288,9.42256243178365));
#4196=CARTESIAN_POINT('',(0.,3.2177351534541,9.34866587594201));
#4197=CARTESIAN_POINT('',(0.,3.16495027185489,9.29165176868084));
#4198=CARTESIAN_POINT('',(0.,3.11459521073467,9.2141612100491));
#4199=CARTESIAN_POINT('',(0.,3.11459521073467,9.2141612100491));
#4200=CARTESIAN_POINT('',(3.36659707068755E-15,3.22962663994742,9.1444658372775));
#4201=CARTESIAN_POINT('',(3.36659707068755E-15,3.34465806916017,9.07477046450589));
#4202=CARTESIAN_POINT('',(0.,3.34465806916017,9.07477046450589));
#4203=CARTESIAN_POINT('',(0.,3.37586811462113,9.13299871232687));
#4204=CARTESIAN_POINT('',(0.,3.41380116637464,9.17166409683823));
#4205=CARTESIAN_POINT('',(0.,3.50336482873437,9.20997674318442));
#4206=CARTESIAN_POINT('',(0.,3.54857460177086,9.21009232222128));
#4207=CARTESIAN_POINT('',(0.,3.64067532954469,9.17377549664554));
#4208=CARTESIAN_POINT('',(0.,3.67231145160293,9.1452139530678));
#4209=CARTESIAN_POINT('',(0.,3.70614970556018,9.06731646630934));
#4210=CARTESIAN_POINT('',(0.,3.70554033210062,9.02445276019256));
#4211=CARTESIAN_POINT('',(0.,3.66514138271985,8.9219996250333));
#4212=CARTESIAN_POINT('',(0.,3.62840988787033,8.88533535502219));
#4213=CARTESIAN_POINT('',(0.,3.52627627428303,8.84868125484459));
#4214=CARTESIAN_POINT('',(0.,3.46466594328432,8.85503079852564));
#4215=CARTESIAN_POINT('',(0.,3.39325988560046,8.88524980009606));
#4216=CARTESIAN_POINT('',(0.,3.39325988560046,8.88524980009606));
#4217=CARTESIAN_POINT('',(3.36659707068755E-15,3.33551255225467,8.78221269269441));
#4218=CARTESIAN_POINT('',(3.36659707068755E-15,3.27776521890889,8.67917558529276));
#4219=CARTESIAN_POINT('',(0.,3.27776521890888,8.67917558529276));
#4220=CARTESIAN_POINT('',(0.,3.33045172797951,8.67366236485113));
#4221=CARTESIAN_POINT('',(0.,3.37403810997313,8.66390026469113));
#4222=CARTESIAN_POINT('',(0.,3.40844891110438,8.65074400683261));
#4223=CARTESIAN_POINT('',(3.36659707068755E-15,0.,0.));
#4224=CARTESIAN_POINT('',(0.,1.43735300686736,9.36521297285708));
#4225=CARTESIAN_POINT('',(0.,1.58649004735106,9.38328620534214));
#4226=CARTESIAN_POINT('',(0.,1.72189861697166,9.43069419743455));
#4227=CARTESIAN_POINT('',(0.,1.84418174358845,9.50653453780413));
#4228=CARTESIAN_POINT('',(3.36659707068755E-15,1.43735300686736,9.36521297285708));
#4229=CARTESIAN_POINT('',(0.,1.84418174358845,9.50653453780413));
#4230=CARTESIAN_POINT('',(3.36659707068755E-15,1.73849937835988,8.97511450391946));
#4231=CARTESIAN_POINT('',(3.36659707068755E-15,1.6328170131313,8.4436944700348));
#4232=CARTESIAN_POINT('',(3.36659707068755E-15,1.7737637572459,8.41566469257156));
#4233=CARTESIAN_POINT('',(3.36659707068755E-15,1.91471050136049,8.38763491510831));
#4234=CARTESIAN_POINT('',(3.36659707068755E-15,2.06159551677202,9.12624101744447));
#4235=CARTESIAN_POINT('',(3.36659707068755E-15,2.20848053218355,9.86484711978063));
#4236=CARTESIAN_POINT('',(3.36659707068755E-15,2.09406715378345,9.88760026356922));
#4237=CARTESIAN_POINT('',(3.36659707068755E-15,1.97965377538335,9.9103534073578));
#4238=CARTESIAN_POINT('',(0.,1.97965377538335,9.9103534073578));
#4239=CARTESIAN_POINT('',(0.,1.92984987608831,9.82714167434072));
#4240=CARTESIAN_POINT('',(0.,1.85511860154677,9.76023327792357));
#4241=CARTESIAN_POINT('',(0.,1.65540820995799,9.6607083116535));
#4242=CARTESIAN_POINT('',(0.,1.56680485273949,9.63055487202521));
#4243=CARTESIAN_POINT('',(0.,1.48824819692078,9.62113763506783));
#4244=CARTESIAN_POINT('',(0.,1.48824819692078,9.62113763506783));
#4245=CARTESIAN_POINT('',(3.36659707068755E-15,1.46280060189407,9.49317530396246));
#4246=CARTESIAN_POINT('',(3.36659707068755E-15,0.,0.));
#4247=CARTESIAN_POINT('',(0.,7.2186013445979,6.64949755307862));
#4248=CARTESIAN_POINT('',(0.,7.26930723301832,6.64746195433916));
#4249=CARTESIAN_POINT('',(0.,7.31471570134415,6.6237111111041));
#4250=CARTESIAN_POINT('',(0.,7.39499872463256,6.53386257614117));
#4251=CARTESIAN_POINT('',(0.,7.4138264660798,6.48687546027052));
#4252=CARTESIAN_POINT('',(0.,7.40834305174408,6.38934781541307));
#4253=CARTESIAN_POINT('',(0.,7.38322242617951,6.34374459549508));
#4254=CARTESIAN_POINT('',(0.,7.29222932389221,6.2624388585342));
#4255=CARTESIAN_POINT('',(0.,7.23515434599308,6.23819943577925));
#4256=CARTESIAN_POINT('',(0.,7.16446748510786,6.22804188957376));
#4257=CARTESIAN_POINT('',(0.,7.2186013445979,6.64949755307862));
#4258=CARTESIAN_POINT('',(0.,7.16446748510786,6.22804188957376));
#4259=CARTESIAN_POINT('',(0.,7.16446748510786,6.22804188957376));
#4260=CARTESIAN_POINT('',(0.,7.11273236183061,6.22143882773887));
#4261=CARTESIAN_POINT('',(0.,6.99885871925798,6.22621068371624));
#4262=CARTESIAN_POINT('',(0.,6.60377388563766,6.26182265864266));
#4263=CARTESIAN_POINT('',(0.,6.44245827903291,6.26320095316594));
#4264=CARTESIAN_POINT('',(0.,6.23503598309892,6.22423570627791));
#4265=CARTESIAN_POINT('',(0.,6.14183514594366,6.18498496962654));
#4266=CARTESIAN_POINT('',(0.,6.05942084865918,6.12575351693262));
#4267=CARTESIAN_POINT('',(3.36659707068755E-15,6.05942084865918,6.12575351693262));
#4268=CARTESIAN_POINT('',(3.36659707068755E-15,6.3952544508545,5.7499062217931));
#4269=CARTESIAN_POINT('',(3.36659707068755E-15,6.73108805304982,5.37405892665358));
#4270=CARTESIAN_POINT('',(3.36659707068755E-15,6.83066541026989,5.46303501615793));
#4271=CARTESIAN_POINT('',(3.36659707068755E-15,6.93024276748995,5.55201110566229));
#4272=CARTESIAN_POINT('',(3.36659707068755E-15,6.74001802441167,5.76490062799484));
#4273=CARTESIAN_POINT('',(3.36659707068755E-15,6.54979328133339,5.97779015032739));
#4274=CARTESIAN_POINT('',(0.,6.54979328133339,5.97779015032739));
#4275=CARTESIAN_POINT('',(0.,6.57893624232309,5.98376107292856));
#4276=CARTESIAN_POINT('',(0.,6.61200576982345,5.98706532881098));
#4277=CARTESIAN_POINT('',(0.,6.68485339052115,5.98731779346584));
#4278=CARTESIAN_POINT('',(0.,6.76440957691581,5.98121421101072));
#4279=CARTESIAN_POINT('',(0.,7.0095567298076,5.95709201225124));
#4280=CARTESIAN_POINT('',(0.,7.09870614949285,5.9526350573057));
#4281=CARTESIAN_POINT('',(0.,7.23997243509658,5.96169211752714));
#4282=CARTESIAN_POINT('',(0.,7.3130493456129,5.97536989536836));
#4283=CARTESIAN_POINT('',(0.,7.43625792858281,6.02062176161163));
#4284=CARTESIAN_POINT('',(0.,7.492511465586,6.05441919726016));
#4285=CARTESIAN_POINT('',(0.,7.63129025366568,6.1784232300464));
#4286=CARTESIAN_POINT('',(0.,7.67702068350767,6.27640568358966));
#4287=CARTESIAN_POINT('',(0.,7.68356503369055,6.5089493351386));
#4288=CARTESIAN_POINT('',(0.,7.63558969259731,6.62224798334251));
#4289=CARTESIAN_POINT('',(0.,7.44715469844584,6.83313451285742));
#4290=CARTESIAN_POINT('',(0.,7.34623247872145,6.89424915356807));
#4291=CARTESIAN_POINT('',(0.,7.12360778885778,6.93673149151621));
#4292=CARTESIAN_POINT('',(0.,7.00310142272348,6.90104016483722));
#4293=CARTESIAN_POINT('',(0.,6.87396113791642,6.8082908971415));
#4294=CARTESIAN_POINT('',(0.,6.87396113791642,6.8082908971415));
#4295=CARTESIAN_POINT('',(3.36659707068755E-15,6.95872670841678,6.69182898254924));
#4296=CARTESIAN_POINT('',(3.36659707068755E-15,7.04349227891714,6.57536706795698));
#4297=CARTESIAN_POINT('',(0.,7.04349227891714,6.57536706795698));
#4298=CARTESIAN_POINT('',(0.,7.10973683777994,6.62735465588908));
#4299=CARTESIAN_POINT('',(0.,7.16792591959046,6.65207497206729));
#4300=CARTESIAN_POINT('',(0.,7.2186013445979,6.64949755307862));
#4301=CARTESIAN_POINT('',(3.36659707068755E-15,0.,0.));
#4302=CARTESIAN_POINT('',(-40.0000000000038,-9.68932135945977,17.7823968854467));
#4303=CARTESIAN_POINT('',(-40.0000000000038,-5.20561130753422,10.0163832691043));
#4304=CARTESIAN_POINT('',(-40.0000000000038,-2.80735764731171,5.86248608016091));
#4305=CARTESIAN_POINT('',(-40.0000000000038,0.,0.));
#4306=CARTESIAN_POINT('',(-40.0000000000038,-0.5,11.2772480188529));
#4307=CARTESIAN_POINT('',(-40.0000000000038,-0.5,21.5));
#4308=CARTESIAN_POINT('',(-40.0000000000038,-0.5,10.3469388609369));
#4309=CARTESIAN_POINT('',(-40.0000000000038,-0.5,10.3469388609369));
#4310=CARTESIAN_POINT('',(-40.0000000000038,0.5,10.3469388609369));
#4311=CARTESIAN_POINT('',(-40.0000000000038,0.5,21.5));
#4312=CARTESIAN_POINT('',(-40.0000000000038,0.5,11.2772480188529));
#4313=CARTESIAN_POINT('',(-40.0000000000038,0.,0.));
#4314=CARTESIAN_POINT('',(-40.0000000000038,5.20561130753444,10.0163832691047));
#4315=CARTESIAN_POINT('',(-40.0000000000038,9.68932135945977,17.7823968854467));
#4316=CARTESIAN_POINT('',(-40.0000000000038,2.80735764731171,5.86248608016092));
#4317=CARTESIAN_POINT('',(-40.0000000000038,0.,0.));
#4318=CARTESIAN_POINT('',(-40.0000000000038,0.,12.1576135792361));
#4319=CARTESIAN_POINT('',(-40.0000000000038,-20.244668122704,0.500000000000025));
#4320=CARTESIAN_POINT('',(-40.0000000000038,11.2772480188529,0.499999999999986));
#4321=CARTESIAN_POINT('',(-40.0000000000038,6.48074069840785,0.499999999999992));
#4322=CARTESIAN_POINT('',(-40.0000000000038,0.,0.));
#4323=CARTESIAN_POINT('',(-40.0000000000038,3.67338305109615,5.36248608016091));
#4324=CARTESIAN_POINT('',(-40.0000000000038,10.5553467632442,17.2823968854467));
#4325=CARTESIAN_POINT('',(-40.0000000000038,6.07163671131888,9.51638326910471));
#4326=CARTESIAN_POINT('',(-40.0000000000038,0.,0.));
#4327=CARTESIAN_POINT('',(-40.0000000000038,9.51638326910436,6.07163671131862));
#4328=CARTESIAN_POINT('',(-40.0000000000038,18.3695461813655,11.1830127018921));
#4329=CARTESIAN_POINT('',(-40.0000000000038,8.71071190497582,5.60648213236064));
#4330=CARTESIAN_POINT('',(-40.0000000000038,8.71071190497582,5.60648213236064));
#4331=CARTESIAN_POINT('',(-40.0000000000038,9.21071190497582,4.7404567285762));
#4332=CARTESIAN_POINT('',(-40.0000000000038,18.8695461813655,10.3169872981077));
#4333=CARTESIAN_POINT('',(-40.0000000000038,10.0163832691047,5.2056113075344));
#4334=CARTESIAN_POINT('',(-40.0000000000038,0.,0.));
#4335=CARTESIAN_POINT('',(-40.0000000000038,0.,12.1576135792361));
#4336=CARTESIAN_POINT('',(-40.0000000000038,0.,0.));
#4337=CARTESIAN_POINT('',(-40.0000000000038,-9.51638326910433,6.07163671131867));
#4338=CARTESIAN_POINT('',(-40.0000000000038,-6.07163671131866,9.51638326910433));
#4339=CARTESIAN_POINT('',(-40.0000000000038,-10.5553467632442,17.2823968854467));
#4340=CARTESIAN_POINT('',(-40.0000000000038,-3.67338305109615,5.36248608016091));
#4341=CARTESIAN_POINT('',(-40.0000000000038,0.,0.));
#4342=CARTESIAN_POINT('',(-40.0000000000038,-6.48074069840786,0.500000000000009));
#4343=CARTESIAN_POINT('',(-40.0000000000038,-20.244668122704,0.500000000000025));
#4344=CARTESIAN_POINT('',(-40.0000000000038,-11.2772480188528,0.500000000000014));
#4345=CARTESIAN_POINT('',(-40.0000000000038,0.,0.));
#4346=CARTESIAN_POINT('',(-40.0000000000038,-10.0163832691043,5.20561130753423));
#4347=CARTESIAN_POINT('',(-40.0000000000038,-18.8695461813654,10.3169872981078));
#4348=CARTESIAN_POINT('',(-40.0000000000038,-9.2107119049758,4.74045672857625));
#4349=CARTESIAN_POINT('',(-40.0000000000038,-9.2107119049758,4.74045672857625));
#4350=CARTESIAN_POINT('',(-40.0000000000038,-8.7107119049758,5.60648213236069));
#4351=CARTESIAN_POINT('',(-40.0000000000038,-18.3695461813654,11.1830127018922));
#4352=CARTESIAN_POINT('',(-40.0000000000038,0.,12.1576135792361));
#4353=CARTESIAN_POINT('',(-40.0000000000038,0.,0.));
#4354=CARTESIAN_POINT('',(-40.0000000000038,-10.0163832691047,-5.20561130753443));
#4355=CARTESIAN_POINT('',(-40.0000000000038,-11.2772480188528,-0.499999999999987));
#4356=CARTESIAN_POINT('',(-40.0000000000038,-20.244668122704,-0.499999999999976));
#4357=CARTESIAN_POINT('',(-40.0000000000038,-6.48074069840786,-0.499999999999993));
#4358=CARTESIAN_POINT('',(-40.0000000000038,0.,0.));
#4359=CARTESIAN_POINT('',(-40.0000000000038,-3.67338305109616,-5.3624860801609));
#4360=CARTESIAN_POINT('',(-40.0000000000038,-10.5553467632443,-17.2823968854467));
#4361=CARTESIAN_POINT('',(-40.0000000000038,-6.0716367113189,-9.5163832691047));
#4362=CARTESIAN_POINT('',(-40.0000000000038,0.,0.));
#4363=CARTESIAN_POINT('',(-40.0000000000038,-9.51638326910434,-6.07163671131865));
#4364=CARTESIAN_POINT('',(-40.0000000000038,-18.3695461813654,-11.1830127018922));
#4365=CARTESIAN_POINT('',(-40.0000000000038,-8.71071190497581,-5.60648213236067));
#4366=CARTESIAN_POINT('',(-40.0000000000038,-8.71071190497581,-5.60648213236067));
#4367=CARTESIAN_POINT('',(-40.0000000000038,-9.21071190497581,-4.74045672857623));
#4368=CARTESIAN_POINT('',(-40.0000000000038,-18.8695461813654,-10.3169872981078));
#4369=CARTESIAN_POINT('',(-40.0000000000038,0.,12.1576135792361));
#4370=CARTESIAN_POINT('',(-40.0000000000038,0.,0.));
#4371=CARTESIAN_POINT('',(-40.0000000000038,-0.500000000000026,-11.2772480188531));
#4372=CARTESIAN_POINT('',(-40.0000000000038,-5.20561130753446,-10.0163832691047));
#4373=CARTESIAN_POINT('',(-40.0000000000038,-9.68932135945981,-17.7823968854467));
#4374=CARTESIAN_POINT('',(-40.0000000000038,-2.80735764731173,-5.86248608016091));
#4375=CARTESIAN_POINT('',(-40.0000000000038,0.,0.));
#4376=CARTESIAN_POINT('',(-40.0000000000038,2.80735764731169,-5.86248608016092));
#4377=CARTESIAN_POINT('',(-40.0000000000038,9.68932135945973,-17.7823968854467));
#4378=CARTESIAN_POINT('',(-40.0000000000038,5.20561130753442,-10.0163832691047));
#4379=CARTESIAN_POINT('',(-40.0000000000038,0.,0.));
#4380=CARTESIAN_POINT('',(-40.0000000000038,0.499999999999974,-11.2772480188529));
#4381=CARTESIAN_POINT('',(-40.0000000000038,0.49999999999995,-21.5));
#4382=CARTESIAN_POINT('',(-40.0000000000038,0.499999999999976,-10.3469388609369));
#4383=CARTESIAN_POINT('',(-40.0000000000038,0.499999999999976,-10.3469388609369));
#4384=CARTESIAN_POINT('',(-40.0000000000038,-0.500000000000024,-10.3469388609369));
#4385=CARTESIAN_POINT('',(-40.0000000000038,-0.50000000000005,-21.5));
#4386=CARTESIAN_POINT('',(-40.0000000000038,0.,12.1576135792361));
#4387=CARTESIAN_POINT('',(-40.0000000000038,0.,0.));
#4388=CARTESIAN_POINT('',(-40.0000000000038,9.51638326910469,-6.07163671131891));
#4389=CARTESIAN_POINT('',(-40.0000000000038,6.07163671131885,-9.51638326910473));
#4390=CARTESIAN_POINT('',(-40.0000000000038,10.5553467632442,-17.2823968854467));
#4391=CARTESIAN_POINT('',(-40.0000000000038,3.67338305109614,-5.36248608016093));
#4392=CARTESIAN_POINT('',(-40.0000000000038,0.,0.));
#4393=CARTESIAN_POINT('',(-40.0000000000038,6.48074069840786,-0.500000000000027));
#4394=CARTESIAN_POINT('',(-40.0000000000038,20.244668122704,-0.500000000000082));
#4395=CARTESIAN_POINT('',(-40.0000000000038,11.2772480188533,-0.500000000000046));
#4396=CARTESIAN_POINT('',(-40.0000000000038,0.,0.));
#4397=CARTESIAN_POINT('',(-40.0000000000038,10.0163832691043,-5.20561130753426));
#4398=CARTESIAN_POINT('',(-40.0000000000038,18.8695461813654,-10.3169872981078));
#4399=CARTESIAN_POINT('',(-40.0000000000038,9.21071190497578,-4.74045672857627));
#4400=CARTESIAN_POINT('',(-40.0000000000038,9.21071190497578,-4.74045672857627));
#4401=CARTESIAN_POINT('',(-40.0000000000038,8.71071190497578,-5.60648213236071));
#4402=CARTESIAN_POINT('',(-40.0000000000038,18.3695461813654,-11.1830127018923));
#4403=CARTESIAN_POINT('',(-40.0000000000038,0.,12.1576135792361));
#4404=CARTESIAN_POINT('',(4.47415542168328E-16,-5.00969109958836,9.67703951471264));
#4405=CARTESIAN_POINT('',(1.73472347597681E-15,-5.00969109958835,9.67703951471264));
#4406=CARTESIAN_POINT('',(1.67523646940377E-15,-6.22458182382458,11.7812919747339));
#4407=CARTESIAN_POINT('',(1.73472347597681E-15,-5.87571650337279,9.17703951471264));
#4408=CARTESIAN_POINT('',(1.73472347597681E-15,-5.87571650337279,9.17703951471264));
#4409=CARTESIAN_POINT('',(4.47415542168328E-16,-5.87571650337279,9.17703951471264));
#4410=CARTESIAN_POINT('',(1.67523646940377E-15,-7.09060722760902,11.2812919747339));
#4411=CARTESIAN_POINT('',(6.7331941413751E-15,0.,0.));
#4412=CARTESIAN_POINT('',(2.18184737258426E-15,-11.2812919747339,7.09060722760903));
#4413=CARTESIAN_POINT('',(-4.54660459486509E-15,0.25,0.433012701892219));
#4414=CARTESIAN_POINT('',(-3.66403597028768E-15,-5.36248608016091,3.67338305109615));
#4415=CARTESIAN_POINT('',(0.,0.,0.));
#4416=CARTESIAN_POINT('',(-1.27174666124554E-15,-0.5,6.48074069840786));
#4417=CARTESIAN_POINT('',(-4.54660459486509E-15,-0.5,0.));
#4418=CARTESIAN_POINT('',(2.18184737258426E-15,-0.5,13.3151890514336));
#4419=CARTESIAN_POINT('',(6.7331941413751E-15,0.,0.));
#4420=CARTESIAN_POINT('',(3.36659707068755E-15,0.,0.));
#4421=CARTESIAN_POINT('',(1.67523646940377E-15,-6.22458182382458,11.7812919747339));
#4422=CARTESIAN_POINT('',(-1.73327711090625,-6.72528847370531,12.648541332015));
#4423=CARTESIAN_POINT('',(-3.46662079473875,-7.22593751128516,13.5156909018637));
#4424=CARTESIAN_POINT('',(-5.2,-7.72655579673291,14.3827872074572));
#4425=CARTESIAN_POINT('',(-5.2,-7.72655579673291,14.3827872074572));
#4426=CARTESIAN_POINT('',(2.18184737258426E-15,-0.5,13.3151890514336));
#4427=CARTESIAN_POINT('',(-0.888388607061724,-0.5,13.8284619498468));
#4428=CARTESIAN_POINT('',(-1.7767951220288,-0.5,14.3417038533147));
#4429=CARTESIAN_POINT('',(-2.66521449865766,-0.5,14.8549234911239));
#4430=CARTESIAN_POINT('',(-3.51013226598055,-0.5,15.3430132400997));
#4431=CARTESIAN_POINT('',(-4.35506172956192,-0.5,15.8310827423336));
#4432=CARTESIAN_POINT('',(-5.19999999999999,-0.5,16.3191369972503));
#4433=CARTESIAN_POINT('',(-5.19999999999999,-0.5,16.3191369972503));
#4434=CARTESIAN_POINT('',(-5.19999999999999,0.,0.));
#4435=CARTESIAN_POINT('',(6.7331941413751E-15,0.,0.));
#4436=CARTESIAN_POINT('',(1.67523646940377E-15,-13.3151890514336,0.500000000000017));
#4437=CARTESIAN_POINT('',(-1.29069380488293,-14.0608966673691,0.500000000000017));
#4438=CARTESIAN_POINT('',(-2.5814250293316,-14.8065395176404,0.500000000000017));
#4439=CARTESIAN_POINT('',(-3.87217955525556,-15.5521420258404,0.500000000000018));
#4440=CARTESIAN_POINT('',(-4.3147836831117,-15.8078116680856,0.500000000000018));
#4441=CARTESIAN_POINT('',(-4.75739062433267,-16.0634764400022,0.500000000000018));
#4442=CARTESIAN_POINT('',(-5.2,-16.3191369972503,0.500000000000018));
#4443=CARTESIAN_POINT('',(1.67523646940377E-15,-13.3151890514336,0.500000000000017));
#4444=CARTESIAN_POINT('',(-5.2,-16.3191369972503,0.500000000000018));
#4445=CARTESIAN_POINT('',(6.7331941413751E-15,0.,0.));
#4446=CARTESIAN_POINT('',(2.18184737258426E-15,-11.7812919747339,6.22458182382459));
#4447=CARTESIAN_POINT('',(2.18184737258426E-15,-11.7812919747339,6.22458182382459));
#4448=CARTESIAN_POINT('',(-1.73327711090625,-12.6485413320149,6.72528847370533));
#4449=CARTESIAN_POINT('',(-3.46662079473875,-13.5156909018637,7.22593751128518));
#4450=CARTESIAN_POINT('',(-5.2,-14.3827872074572,7.72655579673293));
#4451=CARTESIAN_POINT('',(-5.2,-14.3827872074572,7.72655579673293));
#4452=CARTESIAN_POINT('',(-5.19999999999999,0.,0.));
#4453=CARTESIAN_POINT('',(6.7331941413751E-15,0.,0.));
#4454=CARTESIAN_POINT('',(1.67523646940376E-15,-7.09060722760904,-11.2812919747339));
#4455=CARTESIAN_POINT('',(-1.73327711090626,-7.59131387748977,-12.1485413320149));
#4456=CARTESIAN_POINT('',(-3.46662079473875,-8.09196291506963,-13.0156909018637));
#4457=CARTESIAN_POINT('',(-5.2,-8.59258120051738,-13.8827872074572));
#4458=CARTESIAN_POINT('',(1.67523646940376E-15,-7.09060722760904,-11.2812919747339));
#4459=CARTESIAN_POINT('',(-5.2,-8.59258120051738,-13.8827872074572));
#4460=CARTESIAN_POINT('',(6.7331941413751E-15,0.,0.));
#4461=CARTESIAN_POINT('',(2.18184737258426E-15,-11.2812919747339,-7.090607227609));
#4462=CARTESIAN_POINT('',(2.18184737258426E-15,-11.2812919747339,-7.090607227609));
#4463=CARTESIAN_POINT('',(-1.73327711090626,-12.148541332015,-7.59131387748973));
#4464=CARTESIAN_POINT('',(-3.46662079473875,-13.0156909018637,-8.09196291506958));
#4465=CARTESIAN_POINT('',(-5.2,-13.8827872074573,-8.59258120051733));
#4466=CARTESIAN_POINT('',(-5.2,-13.8827872074573,-8.59258120051733));
#4467=CARTESIAN_POINT('',(-5.19999999999999,0.,0.));
#4468=CARTESIAN_POINT('',(6.7331941413751E-15,0.,0.));
#4469=CARTESIAN_POINT('',(1.67523646940377E-15,6.22458182382455,-11.7812919747339));
#4470=CARTESIAN_POINT('',(-1.73327711090626,6.72528847370528,-12.648541332015));
#4471=CARTESIAN_POINT('',(-3.46662079473875,7.22593751128513,-13.5156909018637));
#4472=CARTESIAN_POINT('',(-5.2,7.72655579673288,-14.3827872074573));
#4473=CARTESIAN_POINT('',(1.67523646940377E-15,6.22458182382455,-11.7812919747339));
#4474=CARTESIAN_POINT('',(-5.2,7.72655579673288,-14.3827872074573));
#4475=CARTESIAN_POINT('',(6.7331941413751E-15,0.,0.));
#4476=CARTESIAN_POINT('',(2.18184737258426E-15,0.499999999999969,-13.3151890514336));
#4477=CARTESIAN_POINT('',(2.18184737258426E-15,0.499999999999969,-13.3151890514336));
#4478=CARTESIAN_POINT('',(-1.73327711090618,0.499999999999966,-14.316602351195));
#4479=CARTESIAN_POINT('',(-3.46662079473859,0.499999999999964,-15.3179004263547));
#4480=CARTESIAN_POINT('',(-5.19999999999976,0.499999999999962,-16.3191369972501));
#4481=CARTESIAN_POINT('',(-5.19999999999976,0.499999999999962,-16.3191369972501));
#4482=CARTESIAN_POINT('',(-5.19999999999999,0.,0.));
#4483=CARTESIAN_POINT('',(6.7331941413751E-15,0.,0.));
#4484=CARTESIAN_POINT('',(1.67523646940377E-15,13.3151890514336,0.499999999999947));
#4485=CARTESIAN_POINT('',(-1.73327711090343,14.3166023511934,0.499999999999946));
#4486=CARTESIAN_POINT('',(-3.4666207947031,15.3179004264034,0.499999999999989));
#4487=CARTESIAN_POINT('',(-5.19999999996152,16.3191369972973,0.499999999999988));
#4488=CARTESIAN_POINT('',(1.67523646940377E-15,13.3151890514336,0.499999999999947));
#4489=CARTESIAN_POINT('',(-5.19999999996152,16.3191369972973,0.499999999999988));
#4490=CARTESIAN_POINT('',(-5.19999999999999,0.,0.));
#4491=CARTESIAN_POINT('',(-5.19999999999999,14.3827872074573,7.72655579673286));
#4492=CARTESIAN_POINT('',(2.18184737258426E-15,11.7812919747339,6.22458182382453));
#4493=CARTESIAN_POINT('',(-1.73327711090626,12.648541332015,6.72528847370526));
#4494=CARTESIAN_POINT('',(-3.46662079473875,13.5156909018637,7.22593751128511));
#4495=CARTESIAN_POINT('',(-5.19999999999999,14.3827872074573,7.72655579673286));
#4496=CARTESIAN_POINT('',(2.18184737258426E-15,11.7812919747339,6.22458182382453));
#4497=CARTESIAN_POINT('',(6.7331941413751E-15,0.,0.));
#4498=CARTESIAN_POINT('',(6.7331941413751E-15,0.,0.));
#4499=CARTESIAN_POINT('',(1.67523646940377E-15,13.3151890514336,-0.500000000000053));
#4500=CARTESIAN_POINT('',(-1.29069380488293,14.0608966673691,-0.500000000000056));
#4501=CARTESIAN_POINT('',(-2.58142502933159,14.8065395176404,-0.500000000000058));
#4502=CARTESIAN_POINT('',(-3.87217955525555,15.5521420258404,-0.500000000000061));
#4503=CARTESIAN_POINT('',(-4.31478368311169,15.8078116680855,-0.500000000000062));
#4504=CARTESIAN_POINT('',(-4.75739062433266,16.0634764400022,-0.500000000000063));
#4505=CARTESIAN_POINT('',(-5.2,16.3191369972503,-0.500000000000064));
#4506=CARTESIAN_POINT('',(1.67523646940377E-15,13.3151890514336,-0.500000000000053));
#4507=CARTESIAN_POINT('',(-5.2,16.3191369972503,-0.500000000000064));
#4508=CARTESIAN_POINT('',(6.7331941413751E-15,0.,0.));
#4509=CARTESIAN_POINT('',(2.18184737258426E-15,11.7812919747339,-6.22458182382462));
#4510=CARTESIAN_POINT('',(2.18184737258426E-15,11.7812919747339,-6.22458182382462));
#4511=CARTESIAN_POINT('',(-1.73327711090626,12.6485413320149,-6.72528847370535));
#4512=CARTESIAN_POINT('',(-3.46662079473875,13.5156909018637,-7.22593751128521));
#4513=CARTESIAN_POINT('',(-5.2,14.3827872074572,-7.72655579673296));
#4514=CARTESIAN_POINT('',(-5.2,14.3827872074572,-7.72655579673296));
#4515=CARTESIAN_POINT('',(-5.19999999999999,0.,0.));
#4516=CARTESIAN_POINT('',(6.7331941413751E-15,0.,0.));
#4517=CARTESIAN_POINT('',(-5.2,-7.72655579673291,14.3827872074572));
#4518=CARTESIAN_POINT('',(-5.21931104705836,-7.7321330317887,14.3924472619396));
#4519=CARTESIAN_POINT('',(-5.24080523988241,-7.73612595595771,14.3993632094711));
#4520=CARTESIAN_POINT('',(-5.26271502067057,-7.7382056342847,14.4029653179969));
#4521=CARTESIAN_POINT('',(-5.28469953445397,-7.74029240627419,14.4065797131065));
#4522=CARTESIAN_POINT('',(-5.30770795130501,-7.74050992014531,14.4069564581826));
#4523=CARTESIAN_POINT('',(-5.3298345075044,-7.73884012776355,14.4040642929393));
#4524=CARTESIAN_POINT('',(-5.35195847130935,-7.73717053101822,14.4011724665482));
#4525=CARTESIAN_POINT('',(-5.3738108599919,-7.7335680740272,14.3949328280077));
#4526=CARTESIAN_POINT('',(-5.3935828612155,-7.72833147314435,14.3858627692197));
#4527=CARTESIAN_POINT('',(-5.41335733919976,-7.72309421629316,14.3767915742611));
#4528=CARTESIAN_POINT('',(-5.43159608809746,-7.71607809837247,14.3646393015506));
#4529=CARTESIAN_POINT('',(-5.44679089015737,-7.70786433846589,14.3504126520712));
#4530=CARTESIAN_POINT('',(-5.46199134481653,-7.69964752296879,14.3361807101538));
#4531=CARTESIAN_POINT('',(-5.47456466174672,-7.69000573534553,14.3194806441145));
#4532=CARTESIAN_POINT('',(-5.48347192828592,-7.67973711016615,14.30169486358));
#4533=CARTESIAN_POINT('',(-5.49238330262849,-7.66946374935964,14.2839008806986));
#4534=CARTESIAN_POINT('',(-5.49787097147312,-7.65827976705388,14.2645296551141));
#4535=CARTESIAN_POINT('',(-5.4994816277153,-7.6471107681262,14.2451843815017));
#4536=CARTESIAN_POINT('',(-5.49982698602899,-7.64471590165232,14.2410363510915));
#4537=CARTESIAN_POINT('',(-5.49999999999999,-7.64231326498839,14.2368748623175));
#4538=CARTESIAN_POINT('',(-5.49999999999999,-7.63991218116666,14.232716063145));
#4539=CARTESIAN_POINT('',(-5.49999999999999,-7.63991218116666,14.232716063145));
#4540=CARTESIAN_POINT('',(-5.19999999999999,-0.5,16.3191369972503));
#4541=CARTESIAN_POINT('',(-5.21578742756432,-0.5,16.328256150053));
#4542=CARTESIAN_POINT('',(-5.23299102819998,-0.5,16.3352597839449));
#4543=CARTESIAN_POINT('',(-5.25065887568084,-0.5,16.3397596708692));
#4544=CARTESIAN_POINT('',(-5.27234630018932,-0.5,16.3452833181653));
#4545=CARTESIAN_POINT('',(-5.29528681848736,-0.5,16.3471380628154));
#4546=CARTESIAN_POINT('',(-5.31757990482519,-0.5,16.3451699767409));
#4547=CARTESIAN_POINT('',(-5.33986798206002,-0.5,16.3432023328817));
#4548=CARTESIAN_POINT('',(-5.36212358048659,-0.5,16.337359397209));
#4549=CARTESIAN_POINT('',(-5.38250420179777,-0.5,16.3281257476514));
#4550=CARTESIAN_POINT('',(-5.40288626327041,-0.5,16.3188914456139));
#4551=CARTESIAN_POINT('',(-5.42195502793132,-0.5,16.3060115110351));
#4552=CARTESIAN_POINT('',(-5.4381333634744,-0.5,16.2905531080436));
#4553=CARTESIAN_POINT('',(-5.45431713812917,-0.5,16.2750895079796));
#4554=CARTESIAN_POINT('',(-5.46805471648126,-0.5,16.256619576694));
#4555=CARTESIAN_POINT('',(-5.47821085795314,-0.5,16.2366723894383));
#4556=CARTESIAN_POINT('',(-5.48837166687007,-0.5,16.216716035079));
#4557=CARTESIAN_POINT('',(-5.49522791662791,-0.5,16.1947309693537));
#4558=CARTESIAN_POINT('',(-5.49821324174692,-0.5,16.1725366919135));
#4559=CARTESIAN_POINT('',(-5.49940175901019,-0.5,16.1637007089529));
#4560=CARTESIAN_POINT('',(-5.49999999999999,-0.5,16.1547653237652));
#4561=CARTESIAN_POINT('',(-5.49999999999999,-0.5,16.1458497661178));
#4562=CARTESIAN_POINT('',(-5.49999999999999,-0.5,16.1458497661178));
#4563=CARTESIAN_POINT('',(-5.49999999999999,0.,0.));
#4564=CARTESIAN_POINT('',(-5.29999999999999,0.,0.));
#4565=CARTESIAN_POINT('',(-5.2,-16.3191369972503,0.500000000000018));
#4566=CARTESIAN_POINT('',(-5.20154497559707,-16.3200294079035,0.500000000000018));
#4567=CARTESIAN_POINT('',(-5.2031020348605,-16.3209012182745,0.500000000000018));
#4568=CARTESIAN_POINT('',(-5.2046703416111,-16.3217519593078,0.500000000000018));
#4569=CARTESIAN_POINT('',(-5.22434812689919,-16.3324263375065,0.500000000000018));
#4570=CARTESIAN_POINT('',(-5.24614102851274,-16.3398497343583,0.500000000000018));
#4571=CARTESIAN_POINT('',(-5.26824330843355,-16.3434059691755,0.500000000000018));
#4572=CARTESIAN_POINT('',(-5.2903370299755,-16.3469608269581,0.500000000000018));
#4573=CARTESIAN_POINT('',(-5.3133493719285,-16.3467496003057,0.500000000000018));
#4574=CARTESIAN_POINT('',(-5.33537412300552,-16.3427898167986,0.500000000000018));
#4575=CARTESIAN_POINT('',(-5.35739556038973,-16.3388306290533,0.500000000000018));
#4576=CARTESIAN_POINT('',(-5.37903695759691,-16.331014941863,0.500000000000018));
#4577=CARTESIAN_POINT('',(-5.39850710879229,-16.3199907827342,0.500000000000018));
#4578=CARTESIAN_POINT('',(-5.4106805482703,-16.3130980815629,0.500000000000018));
#4579=CARTESIAN_POINT('',(-5.4221891536367,-16.3048762597155,0.500000000000018));
#4580=CARTESIAN_POINT('',(-5.43265620321988,-16.2955949434734,0.500000000000018));
#4581=CARTESIAN_POINT('',(-5.44941314254338,-16.2807362718033,0.500000000000018));
#4582=CARTESIAN_POINT('',(-5.46383485646714,-16.2627786342164,0.500000000000018));
#4583=CARTESIAN_POINT('',(-5.47472811848212,-16.2432104973106,0.500000000000018));
#4584=CARTESIAN_POINT('',(-5.48562124279577,-16.2236426077649,0.500000000000018));
#4585=CARTESIAN_POINT('',(-5.4932865834919,-16.2019246995782,0.500000000000018));
#4586=CARTESIAN_POINT('',(-5.49709078780659,-16.1798545729787,0.500000000000018));
#4587=CARTESIAN_POINT('',(-5.49902321864764,-16.1686435575394,0.500000000000018));
#4588=CARTESIAN_POINT('',(-5.49999999999999,-16.1572261080666,0.500000000000019));
#4589=CARTESIAN_POINT('',(-5.49999999999999,-16.1458497661178,0.500000000000019));
#4590=CARTESIAN_POINT('',(-5.49999999999999,-16.1458497661178,0.500000000000019));
#4591=CARTESIAN_POINT('',(-5.2,-14.3827872074572,7.72655579673293));
#4592=CARTESIAN_POINT('',(-5.21931104705836,-14.3924472619396,7.73213303178872));
#4593=CARTESIAN_POINT('',(-5.2408052398824,-14.3993632094711,7.73612595595773));
#4594=CARTESIAN_POINT('',(-5.26271502067056,-14.4029653179969,7.73820563428472));
#4595=CARTESIAN_POINT('',(-5.28469953445397,-14.4065797131065,7.74029240627421));
#4596=CARTESIAN_POINT('',(-5.30770795130501,-14.4069564581826,7.74050992014532));
#4597=CARTESIAN_POINT('',(-5.32983450750439,-14.4040642929393,7.73884012776356));
#4598=CARTESIAN_POINT('',(-5.35195847130935,-14.4011724665482,7.73717053101824));
#4599=CARTESIAN_POINT('',(-5.3738108599919,-14.3949328280077,7.73356807402722));
#4600=CARTESIAN_POINT('',(-5.3935828612155,-14.3858627692197,7.72833147314437));
#4601=CARTESIAN_POINT('',(-5.41335733919976,-14.3767915742611,7.72309421629317));
#4602=CARTESIAN_POINT('',(-5.43159608809746,-14.3646393015506,7.71607809837249));
#4603=CARTESIAN_POINT('',(-5.44679089015737,-14.3504126520712,7.70786433846591));
#4604=CARTESIAN_POINT('',(-5.46199134481653,-14.3361807101538,7.6996475229688));
#4605=CARTESIAN_POINT('',(-5.47456466174671,-14.3194806441145,7.69000573534555));
#4606=CARTESIAN_POINT('',(-5.48347192828591,-14.30169486358,7.67973711016617));
#4607=CARTESIAN_POINT('',(-5.49238330262849,-14.2839008806986,7.66946374935966));
#4608=CARTESIAN_POINT('',(-5.49787097147312,-14.2645296551141,7.6582797670539));
#4609=CARTESIAN_POINT('',(-5.4994816277153,-14.2451843815017,7.64711076812622));
#4610=CARTESIAN_POINT('',(-5.49982698602899,-14.2410363510915,7.64471590165234));
#4611=CARTESIAN_POINT('',(-5.49999999999999,-14.2368748623175,7.6423132649884));
#4612=CARTESIAN_POINT('',(-5.49999999999999,-14.232716063145,7.63991218116668));
#4613=CARTESIAN_POINT('',(-5.49999999999999,-14.232716063145,7.63991218116668));
#4614=CARTESIAN_POINT('',(-5.49999999999999,0.,0.));
#4615=CARTESIAN_POINT('',(-5.29999999999999,0.,0.));
#4616=CARTESIAN_POINT('',(-5.2,-8.59258120051738,-13.8827872074572));
#4617=CARTESIAN_POINT('',(-5.21931104706097,-8.59815843557393,-13.8924472619409));
#4618=CARTESIAN_POINT('',(-5.24080523988827,-8.60215135974326,-13.899363209473));
#4619=CARTESIAN_POINT('',(-5.26271502067959,-8.60423103807003,-13.9029653179983));
#4620=CARTESIAN_POINT('',(-5.28469953446318,-8.60631781005902,-13.9065797131071));
#4621=CARTESIAN_POINT('',(-5.30770795131424,-8.6065353239296,-13.9069564581823));
#4622=CARTESIAN_POINT('',(-5.32983450751347,-8.60486553154733,-13.9040642929381));
#4623=CARTESIAN_POINT('',(-5.35195847131827,-8.6031959348015,-13.9011724665462));
#4624=CARTESIAN_POINT('',(-5.37381086000049,-8.59959347780998,-13.8949328280048));
#4625=CARTESIAN_POINT('',(-5.39358286122361,-8.59435687692668,-13.8858627692159));
#4626=CARTESIAN_POINT('',(-5.41335733920739,-8.58911962007502,-13.8767915742566));
#4627=CARTESIAN_POINT('',(-5.43159608810445,-8.58210350215392,-13.8646393015453));
#4628=CARTESIAN_POINT('',(-5.4467908901636,-8.57388974224699,-13.8504126520654));
#4629=CARTESIAN_POINT('',(-5.46199134482201,-8.56567292674954,-13.8361807101473));
#4630=CARTESIAN_POINT('',(-5.47456466175131,-8.556031139126,-13.8194806441076));
#4631=CARTESIAN_POINT('',(-5.48347192828957,-8.54576251394641,-13.8016948635727));
#4632=CARTESIAN_POINT('',(-5.4923833026312,-8.53548915313969,-13.7839008806909));
#4633=CARTESIAN_POINT('',(-5.4978709714748,-8.52430517083381,-13.7645296551062));
#4634=CARTESIAN_POINT('',(-5.49948162771596,-8.51313617190609,-13.7451843814937));
#4635=CARTESIAN_POINT('',(-5.49982698602921,-8.51074130543373,-13.7410363510862));
#4636=CARTESIAN_POINT('',(-5.49999999999999,-8.50833866877132,-13.7368748623148));
#4637=CARTESIAN_POINT('',(-5.49999999999999,-8.50593758495113,-13.732716063145));
#4638=CARTESIAN_POINT('',(-5.49999999999999,-8.50593758495113,-13.732716063145));
#4639=CARTESIAN_POINT('',(-5.2,-13.8827872074573,-8.59258120051733));
#4640=CARTESIAN_POINT('',(-5.21931104705959,-13.8924472619403,-8.59815843557348));
#4641=CARTESIAN_POINT('',(-5.24080523988518,-13.899363209472,-8.60215135974264));
#4642=CARTESIAN_POINT('',(-5.26271502067483,-13.9029653179976,-8.60423103806953));
#4643=CARTESIAN_POINT('',(-5.28469953445832,-13.9065797131068,-8.60631781005878));
#4644=CARTESIAN_POINT('',(-5.30770795130937,-13.9069564581825,-8.60653532392964));
#4645=CARTESIAN_POINT('',(-5.32983450750868,-13.9040642929387,-8.60486553154765));
#4646=CARTESIAN_POINT('',(-5.35195847131356,-13.9011724665473,-8.60319593480208));
#4647=CARTESIAN_POINT('',(-5.37381085999596,-13.8949328280063,-8.59959347781082));
#4648=CARTESIAN_POINT('',(-5.39358286121933,-13.8858627692179,-8.59435687692776));
#4649=CARTESIAN_POINT('',(-5.41335733920336,-13.876791574259,-8.58911962007635));
#4650=CARTESIAN_POINT('',(-5.43159608810076,-13.8646393015481,-8.58210350215546));
#4651=CARTESIAN_POINT('',(-5.44679089016031,-13.8504126520685,-8.57388974224872));
#4652=CARTESIAN_POINT('',(-5.46199134481912,-13.8361807101508,-8.56567292675145));
#4653=CARTESIAN_POINT('',(-5.47456466174889,-13.8194806441113,-8.55603113912806));
#4654=CARTESIAN_POINT('',(-5.48347192828764,-13.8016948635765,-8.54576251394858));
#4655=CARTESIAN_POINT('',(-5.49238330262977,-13.783900880695,-8.53548915314197));
#4656=CARTESIAN_POINT('',(-5.49787097147391,-13.7645296551104,-8.52430517083616));
#4657=CARTESIAN_POINT('',(-5.49948162771561,-13.7451843814979,-8.51313617190846));
#4658=CARTESIAN_POINT('',(-5.4998269860291,-13.7410363510891,-8.5107413054353));
#4659=CARTESIAN_POINT('',(-5.49999999999999,-13.7368748623162,-8.50833866877209));
#4660=CARTESIAN_POINT('',(-5.49999999999999,-13.732716063145,-8.50593758495109));
#4661=CARTESIAN_POINT('',(-5.49999999999999,-13.732716063145,-8.50593758495109));
#4662=CARTESIAN_POINT('',(-5.49999999999999,0.,0.));
#4663=CARTESIAN_POINT('',(-5.29999999999999,0.,0.));
#4664=CARTESIAN_POINT('',(-5.2,7.72655579673288,-14.3827872074573));
#4665=CARTESIAN_POINT('',(-5.21931104705838,7.73213303178868,-14.3924472619397));
#4666=CARTESIAN_POINT('',(-5.24080523988246,7.73612595595769,-14.3993632094712));
#4667=CARTESIAN_POINT('',(-5.26271502067065,7.73820563428468,-14.4029653179969));
#4668=CARTESIAN_POINT('',(-5.28469953445405,7.74029240627416,-14.4065797131065));
#4669=CARTESIAN_POINT('',(-5.30770795130509,7.74050992014527,-14.4069564581826));
#4670=CARTESIAN_POINT('',(-5.32983450750448,7.73884012776351,-14.4040642929393));
#4671=CARTESIAN_POINT('',(-5.35195847130943,7.73717053101818,-14.4011724665482));
#4672=CARTESIAN_POINT('',(-5.37381085999198,7.73356807402715,-14.3949328280077));
#4673=CARTESIAN_POINT('',(-5.39358286121557,7.7283314731443,-14.3858627692196));
#4674=CARTESIAN_POINT('',(-5.41335733919983,7.7230942162931,-14.3767915742611));
#4675=CARTESIAN_POINT('',(-5.43159608809752,7.71607809837241,-14.3646393015505));
#4676=CARTESIAN_POINT('',(-5.44679089015742,7.70786433846583,-14.3504126520712));
#4677=CARTESIAN_POINT('',(-5.46199134481658,7.69964752296872,-14.3361807101538));
#4678=CARTESIAN_POINT('',(-5.47456466174676,7.69000573534547,-14.3194806441145));
#4679=CARTESIAN_POINT('',(-5.48347192828595,7.67973711016608,-14.3016948635799));
#4680=CARTESIAN_POINT('',(-5.49238330262851,7.66946374935957,-14.2839008806986));
#4681=CARTESIAN_POINT('',(-5.49787097147313,7.65827976705381,-14.264529655114));
#4682=CARTESIAN_POINT('',(-5.4994816277153,7.64711076812613,-14.2451843815016));
#4683=CARTESIAN_POINT('',(-5.49982698602899,7.64471590165226,-14.2410363510915));
#4684=CARTESIAN_POINT('',(-5.49999999999999,7.64231326498834,-14.2368748623175));
#4685=CARTESIAN_POINT('',(-5.49999999999999,7.63991218116663,-14.2327160631451));
#4686=CARTESIAN_POINT('',(-5.49999999999999,7.63991218116663,-14.2327160631451));
#4687=CARTESIAN_POINT('',(-5.19999999999976,0.499999999999962,-16.3191369972501));
#4688=CARTESIAN_POINT('',(-5.20032806619126,0.499999999999962,-16.3193264952363));
#4689=CARTESIAN_POINT('',(-5.20065667222909,0.499999999999962,-16.3195150616783));
#4690=CARTESIAN_POINT('',(-5.20098581015557,0.499999999999962,-16.3197026920013));
#4691=CARTESIAN_POINT('',(-5.22043474073674,0.499999999999962,-16.3307898649861));
#4692=CARTESIAN_POINT('',(-5.24206693476769,0.499999999999962,-16.3386712713327));
#4693=CARTESIAN_POINT('',(-5.26408997501136,0.499999999999962,-16.3426927143538));
#4694=CARTESIAN_POINT('',(-5.28610426528741,0.499999999999962,-16.3467125596166));
#4695=CARTESIAN_POINT('',(-5.30911639791356,0.499999999999962,-16.346986415511));
#4696=CARTESIAN_POINT('',(-5.33122011013426,0.499999999999962,-16.3434915566641));
#4697=CARTESIAN_POINT('',(-5.35332010069607,0.499999999999962,-16.3399972862556));
#4698=CARTESIAN_POINT('',(-5.37512140881411,0.499999999999962,-16.3326393131649));
#4699=CARTESIAN_POINT('',(-5.39481948574887,0.499999999999962,-16.3220277499627));
#4700=CARTESIAN_POINT('',(-5.40713522867336,0.499999999999962,-16.3153931284787));
#4701=CARTESIAN_POINT('',(-5.4188142893432,0.499999999999962,-16.3074156837143));
#4702=CARTESIAN_POINT('',(-5.42947434356012,0.499999999999962,-16.2983570430817));
#4703=CARTESIAN_POINT('',(-5.44654008378605,0.499999999999962,-16.2838550147909));
#4704=CARTESIAN_POINT('',(-5.46133644302512,0.499999999999962,-16.2662055931248));
#4705=CARTESIAN_POINT('',(-5.47263914496826,0.499999999999962,-16.2468717563925));
#4706=CARTESIAN_POINT('',(-5.48394170153333,0.499999999999962,-16.2275381683366));
#4707=CARTESIAN_POINT('',(-5.49206255946385,0.499999999999962,-16.2059871217903));
#4708=CARTESIAN_POINT('',(-5.49633071824503,0.499999999999962,-16.1840026219634));
#4709=CARTESIAN_POINT('',(-5.49876569481952,0.499999999999962,-16.1714605060711));
#4710=CARTESIAN_POINT('',(-5.49999999999999,0.499999999999962,-16.1586260637808));
#4711=CARTESIAN_POINT('',(-5.49999999999999,0.499999999999962,-16.1458497661178));
#4712=CARTESIAN_POINT('',(-5.49999999999999,0.499999999999962,-16.1458497661178));
#4713=CARTESIAN_POINT('',(-5.49999999999999,0.,0.));
#4714=CARTESIAN_POINT('',(-5.29999999999999,0.,0.));
#4715=CARTESIAN_POINT('',(-5.19999999996152,16.3191369972973,0.499999999999988));
#4716=CARTESIAN_POINT('',(-5.21028625929931,16.3250785587263,0.499999999999988));
#4717=CARTESIAN_POINT('',(-5.22114674783867,16.330119742555,0.499999999999988));
#4718=CARTESIAN_POINT('',(-5.23232435449981,16.3341409852371,0.499999999999988));
#4719=CARTESIAN_POINT('',(-5.25337869858853,16.3417154714093,0.499999999999988));
#4720=CARTESIAN_POINT('',(-5.27603107661837,16.3457596702952,0.499999999999988));
#4721=CARTESIAN_POINT('',(-5.29840575883129,16.3459381125819,0.499999999999988));
#4722=CARTESIAN_POINT('',(-5.32078682173588,16.3461166057558,0.499999999999988));
#4723=CARTESIAN_POINT('',(-5.34350748839322,16.3424319968716,0.499999999999988));
#4724=CARTESIAN_POINT('',(-5.36468527947406,16.3351901047508,0.499999999999988));
#4725=CARTESIAN_POINT('',(-5.38587256859929,16.3279449647081,0.499999999999988));
#4726=CARTESIAN_POINT('',(-5.40610046247133,16.316939384507,0.499999999999988));
#4727=CARTESIAN_POINT('',(-5.42369305599046,16.3030868061194,0.499999999999988));
#4728=CARTESIAN_POINT('',(-5.44129303825046,16.2892284097657,0.499999999999988));
#4729=CARTESIAN_POINT('',(-5.45674151226871,16.2721380841576,0.499999999999988));
#4730=CARTESIAN_POINT('',(-5.468759363348,16.2532334344521,0.499999999999988));
#4731=CARTESIAN_POINT('',(-5.48077971367491,16.2343248533117,0.499999999999988));
#4732=CARTESIAN_POINT('',(-5.48969994562393,16.2130793317825,0.499999999999988));
#4733=CARTESIAN_POINT('',(-5.49478221341736,16.191257466216,0.499999999999988));
#4734=CARTESIAN_POINT('',(-5.4982380434568,16.1764190787861,0.499999999999988));
#4735=CARTESIAN_POINT('',(-5.49999999999999,16.1610852675136,0.499999999999989));
#4736=CARTESIAN_POINT('',(-5.49999999999999,16.1458497661178,0.499999999999989));
#4737=CARTESIAN_POINT('',(-5.49999999999999,16.1458497661178,0.499999999999989));
#4738=CARTESIAN_POINT('',(-5.49999999999999,0.,0.));
#4739=CARTESIAN_POINT('',(-5.49999999999999,14.2327160631451,7.63991218116661));
#4740=CARTESIAN_POINT('',(-5.19999999999999,14.3827872074573,7.72655579673286));
#4741=CARTESIAN_POINT('',(-5.21931104705835,14.3924472619397,7.73213303178864));
#4742=CARTESIAN_POINT('',(-5.2408052398824,14.3993632094712,7.73612595595766));
#4743=CARTESIAN_POINT('',(-5.26271502067057,14.4029653179969,7.73820563428464));
#4744=CARTESIAN_POINT('',(-5.28469953445397,14.4065797131065,7.74029240627414));
#4745=CARTESIAN_POINT('',(-5.30770795130501,14.4069564581826,7.74050992014525));
#4746=CARTESIAN_POINT('',(-5.32983450750439,14.4040642929393,7.73884012776349));
#4747=CARTESIAN_POINT('',(-5.35195847130935,14.4011724665483,7.73717053101816));
#4748=CARTESIAN_POINT('',(-5.3738108599919,14.3949328280077,7.73356807402714));
#4749=CARTESIAN_POINT('',(-5.3935828612155,14.3858627692197,7.7283314731443));
#4750=CARTESIAN_POINT('',(-5.41335733919976,14.3767915742611,7.7230942162931));
#4751=CARTESIAN_POINT('',(-5.43159608809746,14.3646393015506,7.71607809837241));
#4752=CARTESIAN_POINT('',(-5.44679089015737,14.3504126520712,7.70786433846583));
#4753=CARTESIAN_POINT('',(-5.46199134481653,14.3361807101538,7.69964752296873));
#4754=CARTESIAN_POINT('',(-5.47456466174671,14.3194806441146,7.69000573534548));
#4755=CARTESIAN_POINT('',(-5.48347192828591,14.30169486358,7.6797371101661));
#4756=CARTESIAN_POINT('',(-5.49238330262849,14.2839008806986,7.66946374935958));
#4757=CARTESIAN_POINT('',(-5.49787097147312,14.2645296551141,7.65827976705383));
#4758=CARTESIAN_POINT('',(-5.4994816277153,14.2451843815017,7.64711076812615));
#4759=CARTESIAN_POINT('',(-5.49982698602899,14.2410363510916,7.64471590165226));
#4760=CARTESIAN_POINT('',(-5.49999999999999,14.2368748623175,7.64231326498833));
#4761=CARTESIAN_POINT('',(-5.49999999999999,14.2327160631451,7.63991218116661));
#4762=CARTESIAN_POINT('',(-5.29999999999999,0.,0.));
#4763=CARTESIAN_POINT('',(-5.2,16.3191369972503,-0.500000000000064));
#4764=CARTESIAN_POINT('',(-5.21756021027117,16.3292801469216,-0.500000000000064));
#4765=CARTESIAN_POINT('',(-5.23689897223657,16.3368052960659,-0.500000000000064));
#4766=CARTESIAN_POINT('',(-5.25669665740532,16.3411980323408,-0.500000000000064));
#4767=CARTESIAN_POINT('',(-5.27854441226739,16.3460456407602,-0.500000000000064));
#4768=CARTESIAN_POINT('',(-5.30153069523858,16.3471873776058,-0.500000000000064));
#4769=CARTESIAN_POINT('',(-5.32375127196651,16.3445284925427,-0.500000000000064));
#4770=CARTESIAN_POINT('',(-5.34596741094891,16.3418701384944,-0.500000000000064));
#4771=CARTESIAN_POINT('',(-5.36803080778021,16.3353394631411,-0.500000000000064));
#4772=CARTESIAN_POINT('',(-5.38811502905143,16.3254780365983,-0.500000000000064));
#4773=CARTESIAN_POINT('',(-5.40820122437523,16.3156156407884,-0.500000000000064));
#4774=CARTESIAN_POINT('',(-5.42686163531378,16.3021500915468,-0.500000000000064));
#4775=CARTESIAN_POINT('',(-5.44255304137982,16.2861969768237,-0.500000000000064));
#4776=CARTESIAN_POINT('',(-5.45825001553014,16.2702382011493,-0.500000000000064));
#4777=CARTESIAN_POINT('',(-5.47140863653942,16.25135031157,-0.500000000000064));
#4778=CARTESIAN_POINT('',(-5.48094157089087,16.231096899977,-0.500000000000063));
#4779=CARTESIAN_POINT('',(-5.49047890216598,16.2108341468002,-0.500000000000063));
#4780=CARTESIAN_POINT('',(-5.49665018472663,16.1886460486907,-0.500000000000063));
#4781=CARTESIAN_POINT('',(-5.49894563944765,16.1663689137363,-0.500000000000063));
#4782=CARTESIAN_POINT('',(-5.49964762254275,16.159556245204,-0.500000000000063));
#4783=CARTESIAN_POINT('',(-5.49999999999999,16.152698505622,-0.500000000000064));
#4784=CARTESIAN_POINT('',(-5.49999999999999,16.1458497661178,-0.500000000000064));
#4785=CARTESIAN_POINT('',(-5.49999999999999,16.1458497661178,-0.500000000000064));
#4786=CARTESIAN_POINT('',(-5.2,14.3827872074572,-7.72655579673296));
#4787=CARTESIAN_POINT('',(-5.21931104705836,14.3924472619396,-7.73213303178875));
#4788=CARTESIAN_POINT('',(-5.2408052398824,14.3993632094711,-7.73612595595776));
#4789=CARTESIAN_POINT('',(-5.26271502067056,14.4029653179968,-7.73820563428475));
#4790=CARTESIAN_POINT('',(-5.28469953445397,14.4065797131065,-7.74029240627425));
#4791=CARTESIAN_POINT('',(-5.30770795130501,14.4069564581826,-7.74050992014535));
#4792=CARTESIAN_POINT('',(-5.32983450750439,14.4040642929393,-7.7388401277636));
#4793=CARTESIAN_POINT('',(-5.35195847130935,14.4011724665482,-7.73717053101827));
#4794=CARTESIAN_POINT('',(-5.3738108599919,14.3949328280077,-7.73356807402725));
#4795=CARTESIAN_POINT('',(-5.3935828612155,14.3858627692196,-7.7283314731444));
#4796=CARTESIAN_POINT('',(-5.41335733919975,14.3767915742611,-7.72309421629321));
#4797=CARTESIAN_POINT('',(-5.43159608809746,14.3646393015506,-7.71607809837252));
#4798=CARTESIAN_POINT('',(-5.44679089015737,14.3504126520712,-7.70786433846594));
#4799=CARTESIAN_POINT('',(-5.46199134481653,14.3361807101538,-7.69964752296884));
#4800=CARTESIAN_POINT('',(-5.47456466174671,14.3194806441145,-7.69000573534558));
#4801=CARTESIAN_POINT('',(-5.48347192828591,14.3016948635799,-7.6797371101662));
#4802=CARTESIAN_POINT('',(-5.49238330262849,14.2839008806986,-7.66946374935969));
#4803=CARTESIAN_POINT('',(-5.49787097147312,14.2645296551141,-7.65827976705393));
#4804=CARTESIAN_POINT('',(-5.4994816277153,14.2451843815016,-7.64711076812625));
#4805=CARTESIAN_POINT('',(-5.49982698602899,14.2410363510915,-7.64471590165237));
#4806=CARTESIAN_POINT('',(-5.49999999999999,14.2368748623175,-7.64231326498844));
#4807=CARTESIAN_POINT('',(-5.49999999999999,14.232716063145,-7.63991218116671));
#4808=CARTESIAN_POINT('',(-5.49999999999999,14.232716063145,-7.63991218116671));
#4809=CARTESIAN_POINT('',(-5.49999999999999,0.,0.));
#4810=CARTESIAN_POINT('',(-5.29999999999999,0.,0.));
#4811=CARTESIAN_POINT('',(-5.49999999999999,-6.5616968793294,12.3651923788647));
#4812=CARTESIAN_POINT('',(-5.49999999999999,-6.86270522028652,12.8865541189044));
#4813=CARTESIAN_POINT('',(-5.49999999999999,-0.5,16.1535898384862));
#4814=CARTESIAN_POINT('',(-5.49999999999999,-0.5,14.5914358443575));
#4815=CARTESIAN_POINT('',(-5.49999999999999,0.,0.));
#4816=CARTESIAN_POINT('',(-5.49999999999999,0.,16.1535898384862));
#4817=CARTESIAN_POINT('',(-5.49999999999999,-1.47721294782169E-14,0.500000000000004));
#4818=CARTESIAN_POINT('',(-5.49999999999999,-14.5914358443575,0.500000000000017));
#4819=CARTESIAN_POINT('',(-5.49999999999999,-7.24470958122163,3.60538475772935));
#4820=CARTESIAN_POINT('',(-5.49999999999999,-12.8865541189044,6.86270522028653));
#4821=CARTESIAN_POINT('',(-5.49999999999999,0.,0.));
#4822=CARTESIAN_POINT('',(-5.49999999999999,0.,16.1535898384862));
#4823=CARTESIAN_POINT('',(-5.49999999999999,6.56169687932941,12.3651923788646));
#4824=CARTESIAN_POINT('',(-5.49999999999999,-7.72873062407099,-12.3865541189044));
#4825=CARTESIAN_POINT('',(-5.49999999999999,7.24470958122161,3.60538475772931));
#4826=CARTESIAN_POINT('',(-5.49999999999999,-12.3865541189044,-7.72873062407094));
#4827=CARTESIAN_POINT('',(-5.49999999999999,0.,0.));
#4828=CARTESIAN_POINT('',(-5.49999999999999,0.,16.1535898384862));
#4829=CARTESIAN_POINT('',(-5.49999999999999,-7.42772228311382,11.8651923788647));
#4830=CARTESIAN_POINT('',(-5.49999999999999,6.86270522028649,-12.8865541189044));
#4831=CARTESIAN_POINT('',(-5.49999999999999,0.500000000000038,16.1535898384862));
#4832=CARTESIAN_POINT('',(-5.49999999999999,0.499999999999966,-14.5914358443575));
#4833=CARTESIAN_POINT('',(-5.49999999999999,0.,0.));
#4834=CARTESIAN_POINT('',(-5.49999999999999,0.,16.1535898384862));
#4835=CARTESIAN_POINT('',(-5.49999999999999,-1.47721294782169E-14,0.500000000000004));
#4836=CARTESIAN_POINT('',(-5.49999999999999,14.5914358443575,0.499999999999989));
#4837=CARTESIAN_POINT('',(-5.49999999999999,0.,0.));
#4838=CARTESIAN_POINT('',(-5.49999999999999,12.8865541189045,6.86270522028647));
#4839=CARTESIAN_POINT('',(-5.49999999999999,7.24470958122158,3.60538475772927));
#4840=CARTESIAN_POINT('',(-5.49999999999999,0.,16.1535898384862));
#4841=CARTESIAN_POINT('',(-5.49999999999999,-6.19388162525257E-14,-0.500000000000004));
#4842=CARTESIAN_POINT('',(-5.49999999999999,14.5914358443575,-0.500000000000057));
#4843=CARTESIAN_POINT('',(-5.49999999999999,-6.74470958122164,4.47141016151382));
#4844=CARTESIAN_POINT('',(-5.49999999999999,12.8865541189044,-6.86270522028656));
#4845=CARTESIAN_POINT('',(-5.49999999999999,0.,0.));
#4846=CARTESIAN_POINT('',(-5.49999999999999,0.,16.1535898384862));
#4847=CARTESIAN_POINT('',(2.69630192214215E-33,-6.86270522028652,12.8865541189044));
#4848=CARTESIAN_POINT('',(-9.1,-6.86270522028652,12.8865541189044));
#4849=CARTESIAN_POINT('',(0.,-0.5,14.5914358443575));
#4850=CARTESIAN_POINT('',(-9.1,-0.5,14.5914358443575));
#4851=CARTESIAN_POINT('',(-9.1,0.,0.));
#4852=CARTESIAN_POINT('',(0.,0.,0.));
#4853=CARTESIAN_POINT('',(2.69630192214215E-33,-14.5914358443575,0.500000000000017));
#4854=CARTESIAN_POINT('',(-9.1,-14.5914358443575,0.500000000000016));
#4855=CARTESIAN_POINT('',(0.,-12.8865541189044,6.86270522028653));
#4856=CARTESIAN_POINT('',(-9.1,-12.8865541189044,6.86270522028653));
#4857=CARTESIAN_POINT('',(-9.1,0.,0.));
#4858=CARTESIAN_POINT('',(0.,0.,0.));
#4859=CARTESIAN_POINT('',(2.69630192214215E-33,-7.72873062407099,-12.3865541189044));
#4860=CARTESIAN_POINT('',(-9.1,-7.72873062407099,-12.3865541189044));
#4861=CARTESIAN_POINT('',(0.,-12.3865541189044,-7.72873062407094));
#4862=CARTESIAN_POINT('',(-9.1,-12.3865541189044,-7.72873062407095));
#4863=CARTESIAN_POINT('',(-9.1,0.,0.));
#4864=CARTESIAN_POINT('',(0.,0.,0.));
#4865=CARTESIAN_POINT('',(2.69630192214215E-33,6.86270522028649,-12.8865541189044));
#4866=CARTESIAN_POINT('',(-9.1,6.86270522028649,-12.8865541189044));
#4867=CARTESIAN_POINT('',(0.,0.499999999999966,-14.5914358443575));
#4868=CARTESIAN_POINT('',(-9.1,0.499999999999966,-14.5914358443575));
#4869=CARTESIAN_POINT('',(-9.1,0.,0.));
#4870=CARTESIAN_POINT('',(0.,0.,0.));
#4871=CARTESIAN_POINT('',(2.69630192214215E-33,14.5914358443575,0.499999999999989));
#4872=CARTESIAN_POINT('',(-9.1,14.5914358443575,0.499999999999988));
#4873=CARTESIAN_POINT('',(-9.1,0.,0.));
#4874=CARTESIAN_POINT('',(-9.1,12.8865541189045,6.86270522028647));
#4875=CARTESIAN_POINT('',(0.,12.8865541189045,6.86270522028647));
#4876=CARTESIAN_POINT('',(0.,0.,0.));
#4877=CARTESIAN_POINT('',(2.69630192214215E-33,14.5914358443575,-0.500000000000057));
#4878=CARTESIAN_POINT('',(-9.1,14.5914358443575,-0.500000000000057));
#4879=CARTESIAN_POINT('',(0.,12.8865541189044,-6.86270522028656));
#4880=CARTESIAN_POINT('',(-9.1,12.8865541189044,-6.86270522028657));
#4881=CARTESIAN_POINT('',(-9.1,0.,0.));
#4882=CARTESIAN_POINT('',(0.,0.,0.));
#4883=CARTESIAN_POINT('',(-9.1,-5.88897274573419,11.2));
#4884=CARTESIAN_POINT('',(-9.1,-7.69827086927724,14.3337962760156));
#4885=CARTESIAN_POINT('',(-9.1,-0.5,14.6));
#4886=CARTESIAN_POINT('',(-9.09999999999925,-0.5,16.2625671423388));
#4887=CARTESIAN_POINT('',(-9.1,0.,0.));
#4888=CARTESIAN_POINT('',(-9.1,0.,14.6));
#4889=CARTESIAN_POINT('',(-9.1,-1.33060229501325E-14,0.500000000000002));
#4890=CARTESIAN_POINT('',(-9.09999999997859,-16.262567142342,0.500000000000018));
#4891=CARTESIAN_POINT('',(-9.1,-6.57198544762642,3.21698729810779));
#4892=CARTESIAN_POINT('',(-9.1,-14.3337962760156,7.69827086927725));
#4893=CARTESIAN_POINT('',(-9.1,0.,0.));
#4894=CARTESIAN_POINT('',(-9.1,0.,14.6));
#4895=CARTESIAN_POINT('',(-9.1,5.8889727457342,11.2));
#4896=CARTESIAN_POINT('',(-9.1,-8.56429627306171,-13.8337962760156));
#4897=CARTESIAN_POINT('',(-9.1,6.5719854476264,3.21698729810776));
#4898=CARTESIAN_POINT('',(-9.1,-13.8337962760156,-8.56429627306166));
#4899=CARTESIAN_POINT('',(-9.1,0.,0.));
#4900=CARTESIAN_POINT('',(-9.1,0.,14.6));
#4901=CARTESIAN_POINT('',(-9.1,-6.75499814951862,10.7));
#4902=CARTESIAN_POINT('',(-9.1,7.6982708692772,-14.3337962760156));
#4903=CARTESIAN_POINT('',(-9.1,0.500000000000034,14.6));
#4904=CARTESIAN_POINT('',(-9.09999999996245,0.499999999999962,-16.2625671423447));
#4905=CARTESIAN_POINT('',(-9.1,0.,0.));
#4906=CARTESIAN_POINT('',(-9.1,0.,14.6));
#4907=CARTESIAN_POINT('',(-9.1,-1.33060229501325E-14,0.500000000000002));
#4908=CARTESIAN_POINT('',(-9.09999999999937,16.262567142339,0.499999999999988));
#4909=CARTESIAN_POINT('',(-9.1,0.,0.));
#4910=CARTESIAN_POINT('',(-9.1,14.3337962760156,7.69827086927718));
#4911=CARTESIAN_POINT('',(-9.1,6.57198544762638,3.21698729810773));
#4912=CARTESIAN_POINT('',(-9.1,0.,14.6));
#4913=CARTESIAN_POINT('',(-9.1,-5.61606317006636E-14,-0.500000000000002));
#4914=CARTESIAN_POINT('',(-9.09999999999829,16.2625671423387,-0.500000000000064));
#4915=CARTESIAN_POINT('',(-9.1,-6.07198544762643,4.08301270189226));
#4916=CARTESIAN_POINT('',(-9.1,14.3337962760156,-7.69827086927729));
#4917=CARTESIAN_POINT('',(-9.1,0.,0.));
#4918=CARTESIAN_POINT('',(-9.1,0.,14.6));
#4919=CARTESIAN_POINT('',(-9.1,-7.69827086927724,14.3337962760156));
#4920=CARTESIAN_POINT('',(-9.1,-7.70864657953539,14.3517675333473));
#4921=CARTESIAN_POINT('',(-9.10330503982448,-7.71914544326478,14.3699520987484));
#4922=CARTESIAN_POINT('',(-9.10968008736145,-7.72901940172056,14.3870542964656));
#4923=CARTESIAN_POINT('',(-9.11656314212707,-7.73968018446931,14.4055193138349));
#4924=CARTESIAN_POINT('',(-9.12722281512526,-7.74989387580132,14.4232099461548));
#4925=CARTESIAN_POINT('',(-9.14077713866053,-7.75881388016892,14.4386598469232));
#4926=CARTESIAN_POINT('',(-9.15432780541159,-7.76773147803272,14.4541055795048));
#4927=CARTESIAN_POINT('',(-9.17114565410743,-7.77560215399763,14.4677379901659));
#4928=CARTESIAN_POINT('',(-9.18983790543517,-7.78177294236584,14.4784261091424));
#4929=CARTESIAN_POINT('',(-9.20852194380597,-7.78794101942773,14.4891095319986));
#4930=CARTESIAN_POINT('',(-9.22959441633048,-7.79258088313159,14.4971460116739));
#4931=CARTESIAN_POINT('',(-9.25130934037819,-7.79530742223865,14.5018685159361));
#4932=CARTESIAN_POINT('',(-9.27301518271729,-7.79803282104084,14.5065890451324));
#4933=CARTESIAN_POINT('',(-9.29596178417628,-7.79892168302326,14.5081285992469));
#4934=CARTESIAN_POINT('',(-9.31824813482815,-7.7979002427661,14.5063594128246));
#4935=CARTESIAN_POINT('',(-9.32145165142116,-7.79775341743504,14.5061051038913));
#4936=CARTESIAN_POINT('',(-9.32464900856846,-7.79756786363202,14.505783715277));
#4937=CARTESIAN_POINT('',(-9.32783462019201,-7.7973439061266,14.5053958094989));
#4938=CARTESIAN_POINT('',(-9.32783462019201,-7.7973439061266,14.5053958094989));
#4939=CARTESIAN_POINT('',(-9.09999999999925,-0.5,16.2625671423388));
#4940=CARTESIAN_POINT('',(-9.09999999999924,-0.5,16.2782250434297));
#4941=CARTESIAN_POINT('',(-9.10186239080334,-0.5,16.2939896034441));
#4942=CARTESIAN_POINT('',(-9.10551119883007,-0.5,16.309216424076));
#4943=CARTESIAN_POINT('',(-9.11073243135261,-0.5,16.3310051206902));
#4944=CARTESIAN_POINT('',(-9.11978782917095,-0.5,16.3521930199715));
#4945=CARTESIAN_POINT('',(-9.13192833902142,-0.5,16.3710242862532));
#4946=CARTESIAN_POINT('',(-9.14406629842266,-0.5,16.3898515965075));
#4947=CARTESIAN_POINT('',(-9.15962317779192,-0.5,16.4068427715463));
#4948=CARTESIAN_POINT('',(-9.17731086324966,-0.5,16.4205884418823));
#4949=CARTESIAN_POINT('',(-9.19499118731001,-0.5,16.4343283914393));
#4950=CARTESIAN_POINT('',(-9.21528855590353,-0.5,16.4452046444312));
#4951=CARTESIAN_POINT('',(-9.23652130882938,-0.5,16.4523145161527));
#4952=CARTESIAN_POINT('',(-9.25774470762951,-0.5,16.4594212556079));
#4953=CARTESIAN_POINT('',(-9.28048825764076,-0.5,16.4629609884193));
#4954=CARTESIAN_POINT('',(-9.30286760804962,-0.5,16.462639931428));
#4955=CARTESIAN_POINT('',(-9.3112138307295,-0.5,16.4625201954619));
#4956=CARTESIAN_POINT('',(-9.31956884576537,-0.5,16.46187543067));
#4957=CARTESIAN_POINT('',(-9.32783462019201,-0.5,16.4607132160377));
#4958=CARTESIAN_POINT('',(-9.32783462019201,-0.5,16.4607132160377));
#4959=CARTESIAN_POINT('',(-9.32783462019201,0.,0.));
#4960=CARTESIAN_POINT('',(-9.3,0.,0.));
#4961=CARTESIAN_POINT('',(-9.09999999997859,-16.262567142342,0.500000000000018));
#4962=CARTESIAN_POINT('',(-9.09999999997874,-16.2721108314562,0.500000000000018));
#4963=CARTESIAN_POINT('',(-9.10068596118652,-16.2816788298865,0.500000000000018));
#4964=CARTESIAN_POINT('',(-9.10204742293099,-16.2911249096991,0.500000000000018));
#4965=CARTESIAN_POINT('',(-9.10524372104712,-16.3133014322731,0.500000000000018));
#4966=CARTESIAN_POINT('',(-9.11231298576782,-16.3352321038131,0.500000000000018));
#4967=CARTESIAN_POINT('',(-9.12267062227631,-16.3551000136448,0.500000000000018));
#4968=CARTESIAN_POINT('',(-9.13302689120932,-16.3749653002075,0.500000000000018));
#4969=CARTESIAN_POINT('',(-9.14695658833298,-16.3933165067028,0.500000000000018));
#4970=CARTESIAN_POINT('',(-9.16330661440356,-16.4086318115945,0.500000000000018));
#4971=CARTESIAN_POINT('',(-9.17965049839053,-16.4239413631079,0.500000000000018));
#4972=CARTESIAN_POINT('',(-9.19886405102305,-16.4366397237871,0.500000000000018));
#4973=CARTESIAN_POINT('',(-9.21935558855708,-16.4456730952957,0.500000000000018));
#4974=CARTESIAN_POINT('',(-9.23217910118913,-16.4513261388245,0.500000000000018));
#4975=CARTESIAN_POINT('',(-9.24567382447026,-16.4556470549789,0.500000000000018));
#4976=CARTESIAN_POINT('',(-9.25939596659432,-16.4584934900985,0.500000000000018));
#4977=CARTESIAN_POINT('',(-9.28130478508266,-16.4630381180298,0.500000000000018));
#4978=CARTESIAN_POINT('',(-9.30430040221757,-16.4638628147277,0.500000000000018));
#4979=CARTESIAN_POINT('',(-9.32647847146534,-16.4608991657893,0.500000000000018));
#4980=CARTESIAN_POINT('',(-9.32693073059674,-16.4608387305333,0.500000000000018));
#4981=CARTESIAN_POINT('',(-9.32738278547058,-16.4607767465549,0.500000000000018));
#4982=CARTESIAN_POINT('',(-9.32783462019201,-16.4607132160377,0.500000000000018));
#4983=CARTESIAN_POINT('',(-9.32783462019201,-16.4607132160377,0.500000000000018));
#4984=CARTESIAN_POINT('',(-9.1,-14.3337962760156,7.69827086927725));
#4985=CARTESIAN_POINT('',(-9.1,-14.3517675333473,7.70864657953541));
#4986=CARTESIAN_POINT('',(-9.10330503982448,-14.3699520987484,7.71914544326482));
#4987=CARTESIAN_POINT('',(-9.10968008736146,-14.3870542964657,7.7290194017206));
#4988=CARTESIAN_POINT('',(-9.11656314212708,-14.4055193138349,7.73968018446935));
#4989=CARTESIAN_POINT('',(-9.12722281512529,-14.4232099461548,7.74989387580135));
#4990=CARTESIAN_POINT('',(-9.14077713866056,-14.4386598469232,7.75881388016895));
#4991=CARTESIAN_POINT('',(-9.15432780541162,-14.4541055795048,7.76773147803276));
#4992=CARTESIAN_POINT('',(-9.17114565410746,-14.4677379901659,7.77560215399766));
#4993=CARTESIAN_POINT('',(-9.18983790543521,-14.4784261091424,7.78177294236587));
#4994=CARTESIAN_POINT('',(-9.20852194380601,-14.4891095319986,7.78794101942776));
#4995=CARTESIAN_POINT('',(-9.22959441633053,-14.4971460116739,7.79258088313161));
#4996=CARTESIAN_POINT('',(-9.25130934037824,-14.5018685159361,7.79530742223867));
#4997=CARTESIAN_POINT('',(-9.27301518271734,-14.5065890451324,7.79803282104086));
#4998=CARTESIAN_POINT('',(-9.29596178417633,-14.5081285992469,7.79892168302327));
#4999=CARTESIAN_POINT('',(-9.3182481348282,-14.5063594128246,7.79790024276612));
#5000=CARTESIAN_POINT('',(-9.32145165142119,-14.5061051038913,7.79775341743506));
#5001=CARTESIAN_POINT('',(-9.32464900856848,-14.505783715277,7.79756786363204));
#5002=CARTESIAN_POINT('',(-9.32783462019201,-14.5053958094988,7.79734390612662));
#5003=CARTESIAN_POINT('',(-9.32783462019201,-14.5053958094988,7.79734390612662));
#5004=CARTESIAN_POINT('',(-9.32783462019201,0.,0.));
#5005=CARTESIAN_POINT('',(-9.3,0.,0.));
#5006=CARTESIAN_POINT('',(-9.1,-8.56429627306171,-13.8337962760156));
#5007=CARTESIAN_POINT('',(-9.1,-8.57467198331985,-13.8517675333473));
#5008=CARTESIAN_POINT('',(-9.10330503982447,-8.58517084704923,-13.8699520987483));
#5009=CARTESIAN_POINT('',(-9.10968008736142,-8.595044805505,-13.8870542964655));
#5010=CARTESIAN_POINT('',(-9.11656314212703,-8.60570558825375,-13.9055193138348));
#5011=CARTESIAN_POINT('',(-9.12722281512523,-8.61591927958576,-13.9232099461547));
#5012=CARTESIAN_POINT('',(-9.14077713866048,-8.62483928395336,-13.9386598469231));
#5013=CARTESIAN_POINT('',(-9.15432780541154,-8.63375688181717,-13.9541055795047));
#5014=CARTESIAN_POINT('',(-9.17114565410737,-8.64162755778207,-13.9677379901658));
#5015=CARTESIAN_POINT('',(-9.18983790543511,-8.64779834615029,-13.9784261091423));
#5016=CARTESIAN_POINT('',(-9.20852194380591,-8.65396642321218,-13.9891095319985));
#5017=CARTESIAN_POINT('',(-9.22959441633042,-8.65860628691605,-13.9971460116738));
#5018=CARTESIAN_POINT('',(-9.25130934037813,-8.66133282602311,-14.0018685159361));
#5019=CARTESIAN_POINT('',(-9.27301518271722,-8.66405822482531,-14.0065890451324));
#5020=CARTESIAN_POINT('',(-9.29596178417621,-8.66494708680773,-14.0081285992469));
#5021=CARTESIAN_POINT('',(-9.31824813482808,-8.66392564655057,-14.0063594128246));
#5022=CARTESIAN_POINT('',(-9.32145165142111,-8.66377882121951,-14.0061051038913));
#5023=CARTESIAN_POINT('',(-9.32464900856844,-8.6635932674165,-14.005783715277));
#5024=CARTESIAN_POINT('',(-9.32783462019201,-8.66336930991107,-14.0053958094988));
#5025=CARTESIAN_POINT('',(-9.32783462019201,-8.66336930991107,-14.0053958094988));
#5026=CARTESIAN_POINT('',(-9.1,-13.8337962760156,-8.56429627306166));
#5027=CARTESIAN_POINT('',(-9.1,-13.8517675333473,-8.5746719833198));
#5028=CARTESIAN_POINT('',(-9.10330503982447,-13.8699520987484,-8.58517084704918));
#5029=CARTESIAN_POINT('',(-9.10968008736142,-13.8870542964656,-8.59504480550495));
#5030=CARTESIAN_POINT('',(-9.11656314212704,-13.9055193138349,-8.6057055882537));
#5031=CARTESIAN_POINT('',(-9.12722281512523,-13.9232099461547,-8.61591927958571));
#5032=CARTESIAN_POINT('',(-9.14077713866049,-13.9386598469232,-8.62483928395331));
#5033=CARTESIAN_POINT('',(-9.15432780541154,-13.9541055795047,-8.63375688181712));
#5034=CARTESIAN_POINT('',(-9.17114565410737,-13.9677379901659,-8.64162755778203));
#5035=CARTESIAN_POINT('',(-9.18983790543511,-13.9784261091424,-8.64779834615024));
#5036=CARTESIAN_POINT('',(-9.20852194380591,-13.9891095319986,-8.65396642321213));
#5037=CARTESIAN_POINT('',(-9.22959441633042,-13.9971460116739,-8.658606286916));
#5038=CARTESIAN_POINT('',(-9.25130934037813,-14.0018685159361,-8.66133282602307));
#5039=CARTESIAN_POINT('',(-9.27301518271722,-14.0065890451324,-8.66405822482526));
#5040=CARTESIAN_POINT('',(-9.29596178417621,-14.0081285992469,-8.66494708680768));
#5041=CARTESIAN_POINT('',(-9.31824813482808,-14.0063594128246,-8.66392564655052));
#5042=CARTESIAN_POINT('',(-9.32145165142111,-14.0061051038914,-8.66377882121946));
#5043=CARTESIAN_POINT('',(-9.32464900856844,-14.005783715277,-8.66359326741645));
#5044=CARTESIAN_POINT('',(-9.32783462019201,-14.0053958094989,-8.66336930991102));
#5045=CARTESIAN_POINT('',(-9.32783462019201,-14.0053958094989,-8.66336930991102));
#5046=CARTESIAN_POINT('',(-9.32783462019201,0.,0.));
#5047=CARTESIAN_POINT('',(-9.3,0.,0.));
#5048=CARTESIAN_POINT('',(-9.1,7.6982708692772,-14.3337962760156));
#5049=CARTESIAN_POINT('',(-9.1,7.70864657953627,-14.3517675333489));
#5050=CARTESIAN_POINT('',(-9.10330503982508,7.71914544326662,-14.3699520987517));
#5051=CARTESIAN_POINT('',(-9.10968008736316,7.72901940172318,-14.3870542964702));
#5052=CARTESIAN_POINT('',(-9.11656314212937,7.73968018447184,-14.4055193138394));
#5053=CARTESIAN_POINT('',(-9.12722281512814,7.74989387580369,-14.423209946159));
#5054=CARTESIAN_POINT('',(-9.1407771386639,7.7588138801711,-14.4386598469271));
#5055=CARTESIAN_POINT('',(-9.15432780541546,7.76773147803472,-14.4541055795083));
#5056=CARTESIAN_POINT('',(-9.17114565411173,7.77560215399939,-14.467737990169));
#5057=CARTESIAN_POINT('',(-9.18983790543982,7.78177294236734,-14.4784261091451));
#5058=CARTESIAN_POINT('',(-9.20852194381096,7.78794101942897,-14.4891095320008));
#5059=CARTESIAN_POINT('',(-9.22959441633574,7.79258088313254,-14.4971460116756));
#5060=CARTESIAN_POINT('',(-9.2513093403836,7.7953074222393,-14.5018685159373));
#5061=CARTESIAN_POINT('',(-9.27301518272285,7.79803282104119,-14.5065890451331));
#5062=CARTESIAN_POINT('',(-9.29596178418188,7.79892168302328,-14.508128599247));
#5063=CARTESIAN_POINT('',(-9.31824813483369,7.79790024276581,-14.5063594128242));
#5064=CARTESIAN_POINT('',(-9.32145165142485,7.79775341743479,-14.506105103891));
#5065=CARTESIAN_POINT('',(-9.3246490085703,7.79756786363186,-14.5057837152768));
#5066=CARTESIAN_POINT('',(-9.32783462019201,7.79734390612657,-14.5053958094989));
#5067=CARTESIAN_POINT('',(-9.32783462019201,7.79734390612657,-14.5053958094989));
#5068=CARTESIAN_POINT('',(-9.09999999996245,0.499999999999962,-16.2625671423447));
#5069=CARTESIAN_POINT('',(-9.09999999996275,0.499999999999962,-16.272668044929));
#5070=CARTESIAN_POINT('',(-9.1007688706829,0.499999999999962,-16.2827977549809));
#5071=CARTESIAN_POINT('',(-9.10229348368064,0.499999999999962,-16.2927829334081));
#5072=CARTESIAN_POINT('',(-9.10567536020764,0.499999999999962,-16.3149319250481));
#5073=CARTESIAN_POINT('',(-9.11292803055196,0.499999999999962,-16.3368026484673));
#5074=CARTESIAN_POINT('',(-9.12345171749764,0.499999999999962,-16.3565831169295));
#5075=CARTESIAN_POINT('',(-9.13397393769032,0.499999999999962,-16.3763608284623));
#5076=CARTESIAN_POINT('',(-9.14805676836213,0.499999999999962,-16.3945945896853));
#5077=CARTESIAN_POINT('',(-9.1645344066777,0.499999999999962,-16.4097722847277));
#5078=CARTESIAN_POINT('',(-9.18100578516853,0.499999999999962,-16.4249442137914));
#5079=CARTESIAN_POINT('',(-9.20032482634372,0.499999999999962,-16.4374810299473));
#5080=CARTESIAN_POINT('',(-9.22089108810085,0.499999999999962,-16.4463423288498));
#5081=CARTESIAN_POINT('',(-9.23376113193908,0.499999999999962,-16.4518875906328));
#5082=CARTESIAN_POINT('',(-9.24729116863563,0.499999999999961,-16.4560952153196));
#5083=CARTESIAN_POINT('',(-9.26103626110472,0.499999999999961,-16.4588265867069));
#5084=CARTESIAN_POINT('',(-9.28288407207656,0.499999999999961,-16.4631680988428));
#5085=CARTESIAN_POINT('',(-9.305776597242,0.499999999999961,-16.463814698816));
#5086=CARTESIAN_POINT('',(-9.32783462019201,0.499999999999961,-16.4607132160377));
#5087=CARTESIAN_POINT('',(-9.32783462019201,0.499999999999961,-16.4607132160377));
#5088=CARTESIAN_POINT('',(-9.32783462019201,0.,0.));
#5089=CARTESIAN_POINT('',(-9.3,0.,0.));
#5090=CARTESIAN_POINT('',(-9.09999999999937,16.262567142339,0.499999999999988));
#5091=CARTESIAN_POINT('',(-9.09999999999937,16.2692617081238,0.499999999999988));
#5092=CARTESIAN_POINT('',(-9.1003366563764,16.2759646807148,0.499999999999988));
#5093=CARTESIAN_POINT('',(-9.10100743850287,16.2826255562118,0.499999999999988));
#5094=CARTESIAN_POINT('',(-9.10325137351972,16.3049078609732,0.499999999999988));
#5095=CARTESIAN_POINT('',(-9.10937135594739,16.3271100890006,0.499999999999988));
#5096=CARTESIAN_POINT('',(-9.11886182636216,16.3473947462851,0.499999999999988));
#5097=CARTESIAN_POINT('',(-9.12834798293953,16.3676701832981,0.499999999999988));
#5098=CARTESIAN_POINT('',(-9.1414630187175,16.3865884568977,0.499999999999987));
#5099=CARTESIAN_POINT('',(-9.15712317309853,16.402583458537,0.499999999999987));
#5100=CARTESIAN_POINT('',(-9.17277783007318,16.4185728452238,0.499999999999987));
#5101=CARTESIAN_POINT('',(-9.19140726295707,16.4320814896001,0.499999999999987));
#5102=CARTESIAN_POINT('',(-9.21147079422794,16.4419902475724,0.499999999999987));
#5103=CARTESIAN_POINT('',(-9.23153234101875,16.4518980254714,0.499999999999987));
#5104=CARTESIAN_POINT('',(-9.25358075109938,16.4584796039002,0.499999999999987));
#5105=CARTESIAN_POINT('',(-9.27579083396602,16.4611892056407,0.499999999999987));
#5106=CARTESIAN_POINT('',(-9.29301180580809,16.4632901422088,0.499999999999987));
#5107=CARTESIAN_POINT('',(-9.31065495532349,16.4631287740796,0.499999999999987));
#5108=CARTESIAN_POINT('',(-9.32783462019201,16.4607132160377,0.499999999999987));
#5109=CARTESIAN_POINT('',(-9.32783462019201,16.4607132160377,0.499999999999987));
#5110=CARTESIAN_POINT('',(-9.32783462019201,0.,0.));
#5111=CARTESIAN_POINT('',(-9.32783462019201,14.5053958094989,7.79734390612654));
#5112=CARTESIAN_POINT('',(-9.1,14.3337962760156,7.69827086927718));
#5113=CARTESIAN_POINT('',(-9.1,14.3517675333474,7.70864657953534));
#5114=CARTESIAN_POINT('',(-9.10330503982448,14.3699520987485,7.71914544326474));
#5115=CARTESIAN_POINT('',(-9.10968008736146,14.3870542964657,7.72901940172053));
#5116=CARTESIAN_POINT('',(-9.11656314212708,14.405519313835,7.73968018446927));
#5117=CARTESIAN_POINT('',(-9.12722281512529,14.4232099461548,7.74989387580128));
#5118=CARTESIAN_POINT('',(-9.14077713866056,14.4386598469233,7.75881388016888));
#5119=CARTESIAN_POINT('',(-9.15432780541162,14.4541055795048,7.76773147803268));
#5120=CARTESIAN_POINT('',(-9.17114565410746,14.467737990166,7.77560215399759));
#5121=CARTESIAN_POINT('',(-9.18983790543521,14.4784261091425,7.7817729423658));
#5122=CARTESIAN_POINT('',(-9.20852194380601,14.4891095319986,7.78794101942768));
#5123=CARTESIAN_POINT('',(-9.22959441633053,14.4971460116739,7.79258088313154));
#5124=CARTESIAN_POINT('',(-9.25130934037824,14.5018685159362,7.7953074222386));
#5125=CARTESIAN_POINT('',(-9.27301518271734,14.5065890451325,7.79803282104079));
#5126=CARTESIAN_POINT('',(-9.29596178417633,14.5081285992469,7.7989216830232));
#5127=CARTESIAN_POINT('',(-9.3182481348282,14.5063594128246,7.79790024276604));
#5128=CARTESIAN_POINT('',(-9.32145165142119,14.5061051038914,7.79775341743498));
#5129=CARTESIAN_POINT('',(-9.32464900856848,14.505783715277,7.79756786363196));
#5130=CARTESIAN_POINT('',(-9.32783462019201,14.5053958094989,7.79734390612654));
#5131=CARTESIAN_POINT('',(-9.3,0.,0.));
#5132=CARTESIAN_POINT('',(-9.09999999999829,16.2625671423387,-0.500000000000064));
#5133=CARTESIAN_POINT('',(-9.09999999999827,16.2776409546847,-0.500000000000064));
#5134=CARTESIAN_POINT('',(-9.10172431028468,16.2928100022488,-0.500000000000064));
#5135=CARTESIAN_POINT('',(-9.10510769249086,16.3074992004396,-0.500000000000064));
#5136=CARTESIAN_POINT('',(-9.11013672229201,16.32933309651,-0.500000000000064));
#5137=CARTESIAN_POINT('',(-9.119005048578,16.3506000037494,-0.500000000000064));
#5138=CARTESIAN_POINT('',(-9.13097911257019,16.3695375841087,-0.500000000000064));
#5139=CARTESIAN_POINT('',(-9.14295074714622,16.3884713222251,-0.500000000000064));
#5140=CARTESIAN_POINT('',(-9.15835737260214,16.4055991223088,-0.500000000000064));
#5141=CARTESIAN_POINT('',(-9.17592334472969,16.4195003127863,-0.500000000000064));
#5142=CARTESIAN_POINT('',(-9.19348206389684,16.4333957634857,-0.500000000000064));
#5143=CARTESIAN_POINT('',(-9.21368300590845,16.4444506677984,-0.500000000000064));
#5144=CARTESIAN_POINT('',(-9.23485251455203,16.4517475214161,-0.500000000000064));
#5145=CARTESIAN_POINT('',(-9.25601265641833,16.4590411464278,-0.500000000000064));
#5146=CARTESIAN_POINT('',(-9.27872435982663,16.4627812583664,-0.500000000000064));
#5147=CARTESIAN_POINT('',(-9.30110589772865,16.4626574409469,-0.500000000000064));
#5148=CARTESIAN_POINT('',(-9.31003887431035,16.4626080226221,-0.500000000000064));
#5149=CARTESIAN_POINT('',(-9.31898852240631,16.4619570274164,-0.500000000000064));
#5150=CARTESIAN_POINT('',(-9.32783462019201,16.4607132160376,-0.500000000000064));
#5151=CARTESIAN_POINT('',(-9.32783462019201,16.4607132160376,-0.500000000000064));
#5152=CARTESIAN_POINT('',(-9.1,14.3337962760156,-7.69827086927729));
#5153=CARTESIAN_POINT('',(-9.1,14.3517675333473,-7.70864657953543));
#5154=CARTESIAN_POINT('',(-9.10330503982447,14.3699520987484,-7.71914544326482));
#5155=CARTESIAN_POINT('',(-9.10968008736144,14.3870542964656,-7.7290194017206));
#5156=CARTESIAN_POINT('',(-9.11656314212705,14.4055193138349,-7.73968018446935));
#5157=CARTESIAN_POINT('',(-9.12722281512525,14.4232099461547,-7.74989387580136));
#5158=CARTESIAN_POINT('',(-9.14077713866051,14.4386598469232,-7.75881388016896));
#5159=CARTESIAN_POINT('',(-9.15432780541157,14.4541055795047,-7.76773147803276));
#5160=CARTESIAN_POINT('',(-9.17114565410741,14.4677379901659,-7.77560215399767));
#5161=CARTESIAN_POINT('',(-9.18983790543514,14.4784261091424,-7.78177294236588));
#5162=CARTESIAN_POINT('',(-9.20852194380594,14.4891095319986,-7.78794101942777));
#5163=CARTESIAN_POINT('',(-9.22959441633045,14.4971460116738,-7.79258088313164));
#5164=CARTESIAN_POINT('',(-9.25130934037816,14.5018685159361,-7.7953074222387));
#5165=CARTESIAN_POINT('',(-9.27301518271726,14.5065890451324,-7.79803282104089));
#5166=CARTESIAN_POINT('',(-9.29596178417625,14.5081285992468,-7.7989216830233));
#5167=CARTESIAN_POINT('',(-9.31824813482812,14.5063594128246,-7.79790024276615));
#5168=CARTESIAN_POINT('',(-9.32145165142114,14.5061051038913,-7.79775341743509));
#5169=CARTESIAN_POINT('',(-9.32464900856845,14.505783715277,-7.79756786363208));
#5170=CARTESIAN_POINT('',(-9.32783462019201,14.5053958094988,-7.79734390612665));
#5171=CARTESIAN_POINT('',(-9.32783462019201,14.5053958094988,-7.79734390612665));
#5172=CARTESIAN_POINT('',(-9.32783462019201,0.,0.));
#5173=CARTESIAN_POINT('',(-9.3,0.,0.));
#5174=CARTESIAN_POINT('',(-9.32783462019201,-7.7973439061266,14.5053958094989));
#5175=CARTESIAN_POINT('',(-19.2649777855808,-7.09873464130058,13.2953690681819));
#5176=CARTESIAN_POINT('',(-29.2021009866885,-6.40005436150344,12.0852193253268));
#5177=CARTESIAN_POINT('',(-39.1391731009639,-5.7011924823155,10.8747550431002));
#5178=CARTESIAN_POINT('',(-39.1391731009639,-5.7011924823155,10.8747550431002));
#5179=CARTESIAN_POINT('',(-39.139173100964,-0.5,12.2684103684159));
#5180=CARTESIAN_POINT('',(-30.167090677845,-0.5,13.53040108567));
#5181=CARTESIAN_POINT('',(-21.1949661950699,-0.5,14.7920927838121));
#5182=CARTESIAN_POINT('',(-12.2228237377383,-0.5,16.0536566161347));
#5183=CARTESIAN_POINT('',(-11.2578275894039,-0.5,16.1893437438033));
#5184=CARTESIAN_POINT('',(-10.2928312113423,-0.5,16.3250292376783));
#5185=CARTESIAN_POINT('',(-9.32783462019201,-0.5,16.4607132160377));
#5186=CARTESIAN_POINT('',(-39.139173100964,-0.5,12.2684103684159));
#5187=CARTESIAN_POINT('',(-39.1391731009639,0.,0.));
#5188=CARTESIAN_POINT('',(-9.32783462019201,0.,0.));
#5189=CARTESIAN_POINT('',(-9.32783462019201,-16.4607132160377,0.500000000000018));
#5190=CARTESIAN_POINT('',(-11.2313712138995,-16.1930652053033,0.500000000000018));
#5191=CARTESIAN_POINT('',(-13.1349069801163,-15.9254113092919,0.500000000000018));
#5192=CARTESIAN_POINT('',(-15.0384417845881,-15.657750573662,0.500000000000018));
#5193=CARTESIAN_POINT('',(-23.0720408054546,-14.5281263510685,0.500000000000017));
#5194=CARTESIAN_POINT('',(-31.1056239696051,-13.3983893356456,0.500000000000016));
#5195=CARTESIAN_POINT('',(-39.1391731009639,-12.2684103684154,0.500000000000015));
#5196=CARTESIAN_POINT('',(-39.1391731009639,-12.2684103684154,0.500000000000015));
#5197=CARTESIAN_POINT('',(-9.32783462019201,-14.5053958094988,7.79734390612662));
#5198=CARTESIAN_POINT('',(-19.2649777855808,-13.2953690681818,7.0987346413006));
#5199=CARTESIAN_POINT('',(-29.2021009866885,-12.0852193253267,6.40005436150345));
#5200=CARTESIAN_POINT('',(-39.1391731009639,-10.8747550431002,5.70119248231551));
#5201=CARTESIAN_POINT('',(-39.1391731009639,-10.8747550431002,5.70119248231551));
#5202=CARTESIAN_POINT('',(-39.1391731009639,0.,0.));
#5203=CARTESIAN_POINT('',(-9.32783462019201,0.,0.));
#5204=CARTESIAN_POINT('',(-9.32783462019201,-8.66336930991107,-14.0053958094988));
#5205=CARTESIAN_POINT('',(-19.2649777855808,-7.96476004508505,-12.7953690681818));
#5206=CARTESIAN_POINT('',(-29.2021009866885,-7.2660797652879,-11.5852193253267));
#5207=CARTESIAN_POINT('',(-39.1391731009639,-6.56721788609996,-10.3747550431002));
#5208=CARTESIAN_POINT('',(-39.1391731009639,-6.56721788609996,-10.3747550431002));
#5209=CARTESIAN_POINT('',(-9.32783462019201,-14.0053958094989,-8.66336930991102));
#5210=CARTESIAN_POINT('',(-19.2649777855808,-12.7953690681819,-7.96476004508501));
#5211=CARTESIAN_POINT('',(-29.2021009866885,-11.5852193253268,-7.26607976528786));
#5212=CARTESIAN_POINT('',(-39.1391731009639,-10.3747550431002,-6.56721788609992));
#5213=CARTESIAN_POINT('',(-39.1391731009639,-10.3747550431002,-6.56721788609992));
#5214=CARTESIAN_POINT('',(-39.1391731009639,0.,0.));
#5215=CARTESIAN_POINT('',(-9.32783462019201,0.,0.));
#5216=CARTESIAN_POINT('',(-9.32783462019201,7.79734390612657,-14.5053958094989));
#5217=CARTESIAN_POINT('',(-19.2649777855808,7.09873464130055,-13.2953690681819));
#5218=CARTESIAN_POINT('',(-29.2021009866885,6.40005436150341,-12.0852193253268));
#5219=CARTESIAN_POINT('',(-39.1391731009639,5.70119248231547,-10.8747550431002));
#5220=CARTESIAN_POINT('',(-39.1391731009639,5.70119248231547,-10.8747550431002));
#5221=CARTESIAN_POINT('',(-9.32783462019201,0.499999999999961,-16.4607132160377));
#5222=CARTESIAN_POINT('',(-10.3961598723784,0.499999999999962,-16.3105006435501));
#5223=CARTESIAN_POINT('',(-11.4644848634385,0.499999999999962,-16.1602862138957));
#5224=CARTESIAN_POINT('',(-12.5328095706731,0.499999999999962,-16.0100697657131));
#5225=CARTESIAN_POINT('',(-21.4016229601365,0.499999999999965,-14.7630316340126));
#5226=CARTESIAN_POINT('',(-30.2704186000538,0.499999999999968,-13.515867238063));
#5227=CARTESIAN_POINT('',(-39.1391731009639,0.499999999999971,-12.2684103684165));
#5228=CARTESIAN_POINT('',(-39.1391731009639,0.499999999999971,-12.2684103684165));
#5229=CARTESIAN_POINT('',(-39.1391731009639,0.,0.));
#5230=CARTESIAN_POINT('',(-9.32783462019201,0.,0.));
#5231=CARTESIAN_POINT('',(-9.32783462019201,16.4607132160377,0.499999999999987));
#5232=CARTESIAN_POINT('',(-19.2649777855808,15.0634946863856,0.499999999999989));
#5233=CARTESIAN_POINT('',(-29.2021009866886,13.6661341267915,0.49999999999999));
#5234=CARTESIAN_POINT('',(-39.1391731009639,12.2684103684157,0.499999999999991));
#5235=CARTESIAN_POINT('',(-39.1391731009639,12.2684103684157,0.499999999999991));
#5236=CARTESIAN_POINT('',(-39.1391731009639,0.,0.));
#5237=CARTESIAN_POINT('',(-39.1391731009639,10.8747550431002,5.70119248231545));
#5238=CARTESIAN_POINT('',(-9.32783462019201,14.5053958094989,7.79734390612654));
#5239=CARTESIAN_POINT('',(-19.2649777855808,13.2953690681819,7.09873464130053));
#5240=CARTESIAN_POINT('',(-29.2021009866885,12.0852193253268,6.40005436150339));
#5241=CARTESIAN_POINT('',(-39.1391731009639,10.8747550431002,5.70119248231545));
#5242=CARTESIAN_POINT('',(-9.32783462019201,0.,0.));
#5243=CARTESIAN_POINT('',(-9.32783462019201,16.4607132160376,-0.500000000000064));
#5244=CARTESIAN_POINT('',(-11.2313712138995,16.1930652053033,-0.500000000000063));
#5245=CARTESIAN_POINT('',(-13.1349069801163,15.9254113092919,-0.500000000000062));
#5246=CARTESIAN_POINT('',(-15.0384417845881,15.657750573662,-0.500000000000061));
#5247=CARTESIAN_POINT('',(-23.0720408054546,14.5281263510685,-0.500000000000057));
#5248=CARTESIAN_POINT('',(-31.1056239696051,13.3983893356456,-0.500000000000053));
#5249=CARTESIAN_POINT('',(-39.1391731009639,12.2684103684154,-0.500000000000049));
#5250=CARTESIAN_POINT('',(-39.1391731009639,12.2684103684154,-0.500000000000049));
#5251=CARTESIAN_POINT('',(-9.32783462019201,14.5053958094988,-7.79734390612665));
#5252=CARTESIAN_POINT('',(-19.2649777855808,13.2953690681818,-7.09873464130063));
#5253=CARTESIAN_POINT('',(-29.2021009866885,12.0852193253267,-6.40005436150348));
#5254=CARTESIAN_POINT('',(-39.1391731009639,10.8747550431002,-5.70119248231554));
#5255=CARTESIAN_POINT('',(-39.1391731009639,10.8747550431002,-5.70119248231554));
#5256=CARTESIAN_POINT('',(-39.1391731009639,0.,0.));
#5257=CARTESIAN_POINT('',(-9.32783462019201,0.,0.));
#5258=CARTESIAN_POINT('',(-40.0000000000038,-5.20561130753422,10.0163832691043));
#5259=CARTESIAN_POINT('',(-40.0000000000038,-5.2480519685373,10.0898926502685));
#5260=CARTESIAN_POINT('',(-39.9890392965555,-5.29083128604159,10.163988601699));
#5261=CARTESIAN_POINT('',(-39.9676394385533,-5.33190099782229,10.2351234291554));
#5262=CARTESIAN_POINT('',(-39.9393684304537,-5.38615753327612,10.3290985052041));
#5263=CARTESIAN_POINT('',(-39.8919672120725,-5.4387226416408,10.4201439435971));
#5264=CARTESIAN_POINT('',(-39.8293527663087,-5.48523545610753,10.5007065014565));
#5265=CARTESIAN_POINT('',(-39.7667736417208,-5.53172203242292,10.5812236135047));
#5266=CARTESIAN_POINT('',(-39.6872692582928,-5.57344646702313,10.6534924541493));
#5267=CARTESIAN_POINT('',(-39.597423182131,-5.6069421254829,10.7115086364346));
#5268=CARTESIAN_POINT('',(-39.5076534932456,-5.64040930588072,10.7694754932697));
#5269=CARTESIAN_POINT('',(-39.4050805215586,-5.66658545495053,10.8148139134051));
#5270=CARTESIAN_POINT('',(-39.2982064399679,-5.68329425788366,10.843754409019));
#5271=CARTESIAN_POINT('',(-39.2463451570602,-5.69140230375472,10.8577979564177));
#5272=CARTESIAN_POINT('',(-39.1929808390443,-5.69740825125455,10.868200562635));
#5273=CARTESIAN_POINT('',(-39.1391731009639,-5.7011924823155,10.8747550431002));
#5274=CARTESIAN_POINT('',(-40.0000000000038,-0.5,11.2772480188529));
#5275=CARTESIAN_POINT('',(-40.0000000000038,-0.5,11.3886046481898));
#5276=CARTESIAN_POINT('',(-39.9809170220362,-0.5,11.501477210692));
#5277=CARTESIAN_POINT('',(-39.9443020745717,-0.5,11.6066420551956));
#5278=CARTESIAN_POINT('',(-39.9074344057089,-0.5,11.7125327619054));
#5279=CARTESIAN_POINT('',(-39.8517690496093,-0.5,11.8135196591627));
#5280=CARTESIAN_POINT('',(-39.7819086478916,-0.5,11.9012213754897));
#5281=CARTESIAN_POINT('',(-39.7120945682905,-0.5,11.9888649397157));
#5282=CARTESIAN_POINT('',(-39.6261753823583,-0.5,12.0656604321907));
#5283=CARTESIAN_POINT('',(-39.5312682362821,-0.5,12.1252258053906));
#5284=CARTESIAN_POINT('',(-39.4364433044373,-0.5,12.184739579511));
#5285=CARTESIAN_POINT('',(-39.3300275967191,-0.5,12.2286956511855));
#5286=CARTESIAN_POINT('',(-39.2208424086142,-0.5,12.2534393717613));
#5287=CARTESIAN_POINT('',(-39.1938501382725,-0.5,12.2595564028956));
#5288=CARTESIAN_POINT('',(-39.166580030345,-0.5,12.2645553781432));
#5289=CARTESIAN_POINT('',(-39.139173100964,-0.5,12.2684103684159));
#5290=CARTESIAN_POINT('',(-39.0000000000038,0.,0.));
#5291=CARTESIAN_POINT('',(-40.0000000000038,-11.2772480188528,0.500000000000014));
#5292=CARTESIAN_POINT('',(-40.0000000000038,-11.2801304892904,0.500000000000014));
#5293=CARTESIAN_POINT('',(-39.9999875612702,-11.2830129865652,0.500000000000014));
#5294=CARTESIAN_POINT('',(-39.999962684439,-11.2858953496524,0.500000000000014));
#5295=CARTESIAN_POINT('',(-39.9989948582652,-11.3980328811791,0.500000000000014));
#5296=CARTESIAN_POINT('',(-39.9786537671708,-11.5115510795351,0.500000000000014));
#5297=CARTESIAN_POINT('',(-39.9406158641127,-11.617044589266,0.500000000000014));
#5298=CARTESIAN_POINT('',(-39.9025841158016,-11.722521029553,0.500000000000014));
#5299=CARTESIAN_POINT('',(-39.8458099411332,-11.8228868680128,0.500000000000014));
#5300=CARTESIAN_POINT('',(-39.7749880246549,-11.9098118326752,0.500000000000014));
#5301=CARTESIAN_POINT('',(-39.7306044161335,-11.9642871108681,0.500000000000014));
#5302=CARTESIAN_POINT('',(-39.680174478141,-12.0143352969,0.500000000000014));
#5303=CARTESIAN_POINT('',(-39.6253610118482,-12.0583005621959,0.500000000000014));
#5304=CARTESIAN_POINT('',(-39.538088086119,-12.1283011951122,0.500000000000014));
#5305=CARTESIAN_POINT('',(-39.4375312870444,-12.1842071124479,0.500000000000014));
#5306=CARTESIAN_POINT('',(-39.3320093233948,-12.2213792439655,0.500000000000014));
#5307=CARTESIAN_POINT('',(-39.2696052201034,-12.2433622838423,0.500000000000014));
#5308=CARTESIAN_POINT('',(-39.2046910304191,-12.2591947800061,0.500000000000015));
#5309=CARTESIAN_POINT('',(-39.1391731009639,-12.2684103684154,0.500000000000015));
#5310=CARTESIAN_POINT('',(-40.0000000000038,-10.0163832691043,5.20561130753423));
#5311=CARTESIAN_POINT('',(-40.0000000000038,-10.0898926502685,5.24805196853731));
#5312=CARTESIAN_POINT('',(-39.9890392965555,-10.163988601699,5.2908312860416));
#5313=CARTESIAN_POINT('',(-39.9676394385533,-10.2351234291554,5.33190099782231));
#5314=CARTESIAN_POINT('',(-39.9393684304537,-10.3290985052041,5.38615753327613));
#5315=CARTESIAN_POINT('',(-39.8919672120725,-10.4201439435971,5.43872264164081));
#5316=CARTESIAN_POINT('',(-39.8293527663087,-10.5007065014565,5.48523545610754));
#5317=CARTESIAN_POINT('',(-39.7667736417208,-10.5812236135047,5.53172203242293));
#5318=CARTESIAN_POINT('',(-39.6872692582929,-10.6534924541493,5.57344646702315));
#5319=CARTESIAN_POINT('',(-39.597423182131,-10.7115086364346,5.60694212548291));
#5320=CARTESIAN_POINT('',(-39.5076534932456,-10.7694754932697,5.64040930588074));
#5321=CARTESIAN_POINT('',(-39.4050805215586,-10.8148139134051,5.66658545495054));
#5322=CARTESIAN_POINT('',(-39.2982064399679,-10.843754409019,5.68329425788368));
#5323=CARTESIAN_POINT('',(-39.2463451570602,-10.8577979564177,5.69140230375474));
#5324=CARTESIAN_POINT('',(-39.1929808390443,-10.868200562635,5.69740825125456));
#5325=CARTESIAN_POINT('',(-39.1391731009639,-10.8747550431002,5.70119248231551));
#5326=CARTESIAN_POINT('',(-39.0000000000038,0.,0.));
#5327=CARTESIAN_POINT('',(-40.0000000000038,-6.0716367113189,-9.5163832691047));
#5328=CARTESIAN_POINT('',(-40.0000000000038,-6.11407737232189,-9.58989265026869));
#5329=CARTESIAN_POINT('',(-39.9890392965555,-6.15685668982609,-9.66398860169909));
#5330=CARTESIAN_POINT('',(-39.9676394385533,-6.19792640160671,-9.73512342915533));
#5331=CARTESIAN_POINT('',(-39.9393684304537,-6.25218293706054,-9.82909850520402));
#5332=CARTESIAN_POINT('',(-39.8919672120725,-6.30474804542522,-9.92014394359701));
#5333=CARTESIAN_POINT('',(-39.8293527663087,-6.35126085989196,-10.0007065014564));
#5334=CARTESIAN_POINT('',(-39.7667736417209,-6.39774743620735,-10.0812236135046));
#5335=CARTESIAN_POINT('',(-39.6872692582929,-6.43947187080757,-10.1534924541493));
#5336=CARTESIAN_POINT('',(-39.5974231821311,-6.47296752926734,-10.2115086364346));
#5337=CARTESIAN_POINT('',(-39.5076534932457,-6.50643470966516,-10.2694754932697));
#5338=CARTESIAN_POINT('',(-39.4050805215587,-6.53261085873497,-10.3148139134051));
#5339=CARTESIAN_POINT('',(-39.298206439968,-6.54931966166812,-10.3437544090189));
#5340=CARTESIAN_POINT('',(-39.2463451570602,-6.55742770753918,-10.3577979564177));
#5341=CARTESIAN_POINT('',(-39.1929808390443,-6.56343365503901,-10.368200562635));
#5342=CARTESIAN_POINT('',(-39.1391731009639,-6.56721788609996,-10.3747550431002));
#5343=CARTESIAN_POINT('',(-40.0000000000038,-9.51638326910434,-6.07163671131865));
#5344=CARTESIAN_POINT('',(-40.0000000000038,-9.58989265026804,-6.11407737232147));
#5345=CARTESIAN_POINT('',(-39.9890392965556,-9.66398860169814,-6.1568566898255));
#5346=CARTESIAN_POINT('',(-39.9676394385537,-9.73512342915413,-6.19792640160597));
#5347=CARTESIAN_POINT('',(-39.9393684304542,-9.82909850520285,-6.25218293705982));
#5348=CARTESIAN_POINT('',(-39.8919672120732,-9.9201439435959,-6.30474804542453));
#5349=CARTESIAN_POINT('',(-39.8293527663095,-10.0007065014554,-6.35126085989131));
#5350=CARTESIAN_POINT('',(-39.7667736417218,-10.0812236135037,-6.39774743620675));
#5351=CARTESIAN_POINT('',(-39.687269258294,-10.1534924541484,-6.43947187080703));
#5352=CARTESIAN_POINT('',(-39.5974231821323,-10.2115086364338,-6.47296752926686));
#5353=CARTESIAN_POINT('',(-39.507653493247,-10.2694754932691,-6.50643470966476));
#5354=CARTESIAN_POINT('',(-39.4050805215601,-10.3148139134046,-6.53261085873464));
#5355=CARTESIAN_POINT('',(-39.2982064399694,-10.3437544090186,-6.54931966166786));
#5356=CARTESIAN_POINT('',(-39.2463451570612,-10.3577979564176,-6.55742770753903));
#5357=CARTESIAN_POINT('',(-39.1929808390448,-10.368200562635,-6.56343365503894));
#5358=CARTESIAN_POINT('',(-39.1391731009639,-10.3747550431002,-6.56721788609992));
#5359=CARTESIAN_POINT('',(-39.0000000000038,0.,0.));
#5360=CARTESIAN_POINT('',(-40.0000000000038,5.20561130753442,-10.0163832691047));
#5361=CARTESIAN_POINT('',(-40.0000000000038,5.24805196853742,-10.0898926502687));
#5362=CARTESIAN_POINT('',(-39.9890392965555,5.29083128604164,-10.1639886016992));
#5363=CARTESIAN_POINT('',(-39.9676394385533,5.33190099782227,-10.2351234291554));
#5364=CARTESIAN_POINT('',(-39.9393684304537,5.38615753327609,-10.3290985052041));
#5365=CARTESIAN_POINT('',(-39.8919672120725,5.43872264164077,-10.4201439435971));
#5366=CARTESIAN_POINT('',(-39.8293527663087,5.48523545610751,-10.5007065014565));
#5367=CARTESIAN_POINT('',(-39.7667736417208,5.53172203242289,-10.5812236135047));
#5368=CARTESIAN_POINT('',(-39.6872692582928,5.57344646702311,-10.6534924541493));
#5369=CARTESIAN_POINT('',(-39.597423182131,5.60694212548287,-10.7115086364346));
#5370=CARTESIAN_POINT('',(-39.5076534932456,5.6404093058807,-10.7694754932697));
#5371=CARTESIAN_POINT('',(-39.4050805215586,5.6665854549505,-10.8148139134051));
#5372=CARTESIAN_POINT('',(-39.2982064399679,5.68329425788364,-10.843754409019));
#5373=CARTESIAN_POINT('',(-39.2463451570602,5.6914023037547,-10.8577979564178));
#5374=CARTESIAN_POINT('',(-39.1929808390443,5.69740825125452,-10.868200562635));
#5375=CARTESIAN_POINT('',(-39.1391731009639,5.70119248231547,-10.8747550431002));
#5376=CARTESIAN_POINT('',(-40.0000000000038,0.499999999999974,-11.2772480188529));
#5377=CARTESIAN_POINT('',(-40.0000000000038,0.499999999999973,-11.3762122641938));
#5378=CARTESIAN_POINT('',(-39.9850146958707,0.499999999999973,-11.4762453075056));
#5379=CARTESIAN_POINT('',(-39.956009778395,0.499999999999973,-11.5708636810815));
#5380=CARTESIAN_POINT('',(-39.9231460551543,0.499999999999973,-11.6780700554934));
#5381=CARTESIAN_POINT('',(-39.8713134643288,0.499999999999972,-11.7810823524188));
#5382=CARTESIAN_POINT('',(-39.8047965735504,0.499999999999972,-11.8713526922928));
#5383=CARTESIAN_POINT('',(-39.7631050213264,0.499999999999972,-11.9279324654165));
#5384=CARTESIAN_POINT('',(-39.7151573447047,0.499999999999972,-11.9803831761086));
#5385=CARTESIAN_POINT('',(-39.6625344230012,0.499999999999972,-12.0269694870266));
#5386=CARTESIAN_POINT('',(-39.5787589531289,0.499999999999972,-12.1011346979353));
#5387=CARTESIAN_POINT('',(-39.4810296589668,0.499999999999972,-12.1618667647309));
#5388=CARTESIAN_POINT('',(-39.3774299728635,0.499999999999971,-12.2041268274467));
#5389=CARTESIAN_POINT('',(-39.3012642186818,0.499999999999971,-12.2351961257195));
#5390=CARTESIAN_POINT('',(-39.2206301333027,0.499999999999971,-12.2569528255832));
#5391=CARTESIAN_POINT('',(-39.1391731009639,0.499999999999971,-12.2684103684165));
#5392=CARTESIAN_POINT('',(-39.0000000000038,0.,0.));
#5393=CARTESIAN_POINT('',(-40.0000000000038,11.2772480188529,0.499999999999986));
#5394=CARTESIAN_POINT('',(-40.0000000000038,11.3305136136492,0.499999999999986));
#5395=CARTESIAN_POINT('',(-39.9957255051583,11.3839477967695,0.499999999999992));
#5396=CARTESIAN_POINT('',(-39.9872570373703,11.4365359003894,0.499999999999992));
#5397=CARTESIAN_POINT('',(-39.9694507722251,11.5471105332479,0.499999999999992));
#5398=CARTESIAN_POINT('',(-39.9323313269833,11.6561380794498,0.499999999999992));
#5399=CARTESIAN_POINT('',(-39.8789558697437,11.7546006260078,0.499999999999992));
#5400=CARTESIAN_POINT('',(-39.8256247511976,11.8529813802795,0.499999999999992));
#5401=CARTESIAN_POINT('',(-39.7545957138164,11.9435223637783,0.499999999999992));
#5402=CARTESIAN_POINT('',(-39.6717282712655,12.0187285336151,0.499999999999992));
#5403=CARTESIAN_POINT('',(-39.5889059788738,12.0938937275216,0.499999999999991));
#5404=CARTESIAN_POINT('',(-39.4919769605982,12.1558094293696,0.499999999999991));
#5405=CARTESIAN_POINT('',(-39.3889517957618,12.1993427947626,0.499999999999991));
#5406=CARTESIAN_POINT('',(-39.3093799651741,12.2329659351037,0.499999999999991));
#5407=CARTESIAN_POINT('',(-39.2247150207949,12.2563782555046,0.499999999999991));
#5408=CARTESIAN_POINT('',(-39.1391731009639,12.2684103684157,0.499999999999991));
#5409=CARTESIAN_POINT('',(-40.0000000000038,10.0163832691047,5.2056113075344));
#5410=CARTESIAN_POINT('',(-40.0000000000038,10.0898926502687,5.24805196853741));
#5411=CARTESIAN_POINT('',(-39.9890392965555,10.1639886016992,5.29083128604162));
#5412=CARTESIAN_POINT('',(-39.9676394385533,10.2351234291554,5.33190099782225));
#5413=CARTESIAN_POINT('',(-39.9393684304537,10.3290985052041,5.38615753327608));
#5414=CARTESIAN_POINT('',(-39.8919672120725,10.4201439435971,5.43872264164076));
#5415=CARTESIAN_POINT('',(-39.8293527663087,10.5007065014565,5.48523545610749));
#5416=CARTESIAN_POINT('',(-39.7667736417208,10.5812236135047,5.53172203242287));
#5417=CARTESIAN_POINT('',(-39.6872692582928,10.6534924541494,5.57344646702309));
#5418=CARTESIAN_POINT('',(-39.597423182131,10.7115086364346,5.60694212548286));
#5419=CARTESIAN_POINT('',(-39.5076534932456,10.7694754932698,5.64040930588068));
#5420=CARTESIAN_POINT('',(-39.4050805215586,10.8148139134051,5.66658545495048));
#5421=CARTESIAN_POINT('',(-39.2982064399679,10.843754409019,5.68329425788362));
#5422=CARTESIAN_POINT('',(-39.2463451570602,10.8577979564178,5.69140230375468));
#5423=CARTESIAN_POINT('',(-39.1929808390443,10.8682005626351,5.6974082512545));
#5424=CARTESIAN_POINT('',(-39.1391731009639,10.8747550431002,5.70119248231545));
#5425=CARTESIAN_POINT('',(-39.0000000000038,0.,0.));
#5426=CARTESIAN_POINT('',(-40.0000000000038,11.2772480188533,-0.500000000000046));
#5427=CARTESIAN_POINT('',(-40.0000000000038,11.3721829600091,-0.500000000000046));
#5428=CARTESIAN_POINT('',(-39.9862339625806,11.4680626415449,-0.500000000000046));
#5429=CARTESIAN_POINT('',(-39.9595191703023,11.5591612854743,-0.500000000000046));
#5430=CARTESIAN_POINT('',(-39.9279651252534,11.6667619991354,-0.500000000000047));
#5431=CARTESIAN_POINT('',(-39.8773924482087,11.770400275701,-0.500000000000047));
#5432=CARTESIAN_POINT('',(-39.8119811778273,11.861476820686,-0.500000000000047));
#5433=CARTESIAN_POINT('',(-39.7466093985648,11.9524983795096,-0.500000000000048));
#5434=CARTESIAN_POINT('',(-39.6646106608163,12.0334861421816,-0.500000000000048));
#5435=CARTESIAN_POINT('',(-39.5727759950646,12.097710653553,-0.500000000000048));
#5436=CARTESIAN_POINT('',(-39.4810201821311,12.1618800192593,-0.500000000000048));
#5437=CARTESIAN_POINT('',(-39.3769114498599,12.2110860598826,-0.500000000000049));
#5438=CARTESIAN_POINT('',(-39.2690795556065,12.2412376648806,-0.500000000000049));
#5439=CARTESIAN_POINT('',(-39.2264744625202,12.2531507630093,-0.500000000000049));
#5440=CARTESIAN_POINT('',(-39.182981164685,12.2622484355274,-0.500000000000049));
#5441=CARTESIAN_POINT('',(-39.1391731009639,12.2684103684154,-0.500000000000049));
#5442=CARTESIAN_POINT('',(-40.0000000000038,10.0163832691043,-5.20561130753426));
#5443=CARTESIAN_POINT('',(-40.0000000000038,10.0898926502685,-5.24805196853734));
#5444=CARTESIAN_POINT('',(-39.9890392965555,10.163988601699,-5.29083128604162));
#5445=CARTESIAN_POINT('',(-39.9676394385533,10.2351234291554,-5.33190099782232));
#5446=CARTESIAN_POINT('',(-39.9393684304537,10.3290985052041,-5.38615753327615));
#5447=CARTESIAN_POINT('',(-39.8919672120725,10.4201439435971,-5.43872264164083));
#5448=CARTESIAN_POINT('',(-39.8293527663087,10.5007065014565,-5.48523545610756));
#5449=CARTESIAN_POINT('',(-39.7667736417208,10.5812236135046,-5.53172203242295));
#5450=CARTESIAN_POINT('',(-39.6872692582929,10.6534924541493,-5.57344646702317));
#5451=CARTESIAN_POINT('',(-39.597423182131,10.7115086364346,-5.60694212548293));
#5452=CARTESIAN_POINT('',(-39.5076534932457,10.7694754932697,-5.64040930588076));
#5453=CARTESIAN_POINT('',(-39.4050805215586,10.8148139134051,-5.66658545495056));
#5454=CARTESIAN_POINT('',(-39.2982064399679,10.843754409019,-5.6832942578837));
#5455=CARTESIAN_POINT('',(-39.2463451570602,10.8577979564177,-5.69140230375476));
#5456=CARTESIAN_POINT('',(-39.1929808390443,10.868200562635,-5.69740825125459));
#5457=CARTESIAN_POINT('',(-39.1391731009639,10.8747550431002,-5.70119248231554));
#5458=CARTESIAN_POINT('',(-39.0000000000038,0.,0.));
#5459=CARTESIAN_POINT('',(-29.6530611390669,0.,0.));
#5460=CARTESIAN_POINT('',(-36.1338018374747,-5.86248608016091,2.80735764731172));
#5461=CARTESIAN_POINT('',(-36.1338018374747,-5.36248608016091,3.67338305109615));
#5462=CARTESIAN_POINT('',(-40.0000000000038,-5.86248608016091,2.80735764731172));
#5463=CARTESIAN_POINT('',(-3.66403597028768E-15,-5.86248608016091,2.80735764731172));
#5464=CARTESIAN_POINT('',(0.,0.,0.));
#5465=CARTESIAN_POINT('',(-1.27174666124555E-15,-5.86248608016092,-2.8073576473117));
#5466=CARTESIAN_POINT('',(-40.0000000000038,-5.86248608016092,-2.8073576473117));
#5467=CARTESIAN_POINT('',(-36.1338018374747,-5.86248608016092,-2.8073576473117));
#5468=CARTESIAN_POINT('',(-29.6530611390669,0.,0.));
#5469=CARTESIAN_POINT('',(-36.1338018374747,-5.36248608016092,-3.67338305109614));
#5470=CARTESIAN_POINT('',(-40.0000000000038,-5.36248608016092,-3.67338305109614));
#5471=CARTESIAN_POINT('',(-1.27174666124555E-15,-5.36248608016092,-3.67338305109614));
#5472=CARTESIAN_POINT('',(0.,0.,0.));
#5473=CARTESIAN_POINT('',(-1.27174666124554E-15,-0.500000000000015,-6.48074069840786));
#5474=CARTESIAN_POINT('',(-40.0000000000038,-0.500000000000015,-6.48074069840786));
#5475=CARTESIAN_POINT('',(-36.1338018374747,-0.500000000000015,-6.48074069840786));
#5476=CARTESIAN_POINT('',(-29.6530611390669,0.,0.));
#5477=CARTESIAN_POINT('',(-36.1338018374747,0.499999999999985,-6.48074069840786));
#5478=CARTESIAN_POINT('',(-40.0000000000038,0.499999999999985,-6.48074069840786));
#5479=CARTESIAN_POINT('',(-1.27174666124554E-15,0.499999999999985,-6.48074069840786));
#5480=CARTESIAN_POINT('',(0.,0.,0.));
#5481=CARTESIAN_POINT('',(-1.27174666124554E-15,5.3624860801609,-3.67338305109617));
#5482=CARTESIAN_POINT('',(-40.0000000000038,5.3624860801609,-3.67338305109617));
#5483=CARTESIAN_POINT('',(-36.1338018374747,5.3624860801609,-3.67338305109617));
#5484=CARTESIAN_POINT('',(-29.6530611390669,0.,0.));
#5485=CARTESIAN_POINT('',(-36.1338018374747,5.8624860801609,-2.80735764731173));
#5486=CARTESIAN_POINT('',(-40.0000000000038,5.8624860801609,-2.80735764731173));
#5487=CARTESIAN_POINT('',(-1.27174666124554E-15,5.8624860801609,-2.80735764731173));
#5488=CARTESIAN_POINT('',(0.,0.,0.));
#5489=CARTESIAN_POINT('',(-1.27174666124554E-15,5.86248608016093,2.80735764731169));
#5490=CARTESIAN_POINT('',(-40.0000000000038,5.86248608016093,2.80735764731169));
#5491=CARTESIAN_POINT('',(-36.1338018374747,5.86248608016093,2.80735764731169));
#5492=CARTESIAN_POINT('',(-29.6530611390669,0.,0.));
#5493=CARTESIAN_POINT('',(-36.1338018374747,5.36248608016093,3.67338305109613));
#5494=CARTESIAN_POINT('',(-40.0000000000038,5.36248608016092,3.67338305109614));
#5495=CARTESIAN_POINT('',(-7.82146252848464E-15,5.36248608016092,3.67338305109614));
#5496=CARTESIAN_POINT('',(0.,0.,0.));
#5497=CARTESIAN_POINT('',(-1.27174666124554E-15,0.5,6.48074069840786));
#5498=CARTESIAN_POINT('',(-40.0000000000038,0.5,6.48074069840786));
#5499=CARTESIAN_POINT('',(-36.1338018374747,0.5,6.48074069840786));
#5500=CARTESIAN_POINT('',(-29.6530611390669,0.,0.));
#5501=CARTESIAN_POINT('',(-36.1338018374747,-0.5,6.48074069840786));
#5502=CARTESIAN_POINT('',(-40.0000000000038,-0.5,6.48074069840786));
#5503=CARTESIAN_POINT('',(-40.0000000000038,-5.36248608016091,3.67338305109615));
#5504=CARTESIAN_POINT('',(-40.0000000000038,-3.67338305109615,5.36248608016092));
#5505=CARTESIAN_POINT('',(-4.4046669045533,-3.67338305109615,5.36248608016091));
#5506=CARTESIAN_POINT('',(-10.8854076029612,0.,0.));
#5507=CARTESIAN_POINT('',(-4.4046669045533,-2.80735764731171,5.86248608016091));
#5508=CARTESIAN_POINT('',(-40.0000000000038,-2.80735764731171,5.86248608016091));
#5509=CARTESIAN_POINT('',(-40.0000000000038,2.80735764731171,5.86248608016091));
#5510=CARTESIAN_POINT('',(-4.4046669045533,2.80735764731171,5.86248608016091));
#5511=CARTESIAN_POINT('',(-10.8854076029612,0.,0.));
#5512=CARTESIAN_POINT('',(-4.4046669045533,3.67338305109615,5.36248608016091));
#5513=CARTESIAN_POINT('',(-40.0000000000038,3.67338305109615,5.36248608016091));
#5514=CARTESIAN_POINT('',(-40.0000000000038,6.48074069840786,0.499999999999997));
#5515=CARTESIAN_POINT('',(-4.4046669045533,6.48074069840786,0.499999999999973));
#5516=CARTESIAN_POINT('',(-10.8854076029612,0.,0.));
#5517=CARTESIAN_POINT('',(-4.4046669045533,6.48074069840786,-0.500000000000027));
#5518=CARTESIAN_POINT('',(-40.0000000000038,6.48074069840786,-0.500000000000027));
#5519=CARTESIAN_POINT('',(-40.0000000000038,3.67338305109613,-5.36248608016092));
#5520=CARTESIAN_POINT('',(-4.4046669045533,3.67338305109613,-5.36248608016092));
#5521=CARTESIAN_POINT('',(-10.8854076029612,0.,0.));
#5522=CARTESIAN_POINT('',(-4.4046669045533,2.80735764731169,-5.86248608016092));
#5523=CARTESIAN_POINT('',(-40.0000000000038,2.80735764731169,-5.86248608016092));
#5524=CARTESIAN_POINT('',(-40.0000000000038,-2.80735764731172,-5.86248608016091));
#5525=CARTESIAN_POINT('',(-4.4046669045533,-2.80735764731172,-5.86248608016091));
#5526=CARTESIAN_POINT('',(-10.8854076029612,0.,0.));
#5527=CARTESIAN_POINT('',(-4.4046669045533,-3.67338305109616,-5.36248608016091));
#5528=CARTESIAN_POINT('',(-40.0000000000038,-3.67338305109616,-5.36248608016091));
#5529=CARTESIAN_POINT('',(-40.0000000000038,-6.48074069840786,-0.499999999999991));
#5530=CARTESIAN_POINT('',(-4.4046669045533,-6.48074069840786,-0.499999999999991));
#5531=CARTESIAN_POINT('',(-10.8854076029612,0.,0.));
#5532=CARTESIAN_POINT('',(-4.4046669045533,-6.48074069840786,0.500000000000009));
#5533=CARTESIAN_POINT('',(-40.0000000000038,-6.48074069840786,0.500000000000009));
#5534=CARTESIAN_POINT('',(-40.0000000000038,0.,0.));
#5535=CARTESIAN_POINT('',(-4.54660459486509E-15,-0.249999999999999,0.43301270189222));
#5536=CARTESIAN_POINT('',(-1.12750565623145E-14,11.2812919747339,7.090607227609));
#5537=CARTESIAN_POINT('',(6.7331941413751E-15,0.,0.));
#5538=CARTESIAN_POINT('',(1.67523646940376E-15,7.09060722760901,11.2812919747339));
#5539=CARTESIAN_POINT('',(4.47415542168328E-16,5.87571650337279,9.17703951471264));
#5540=CARTESIAN_POINT('',(1.73472347597681E-15,5.8757165033728,9.17703951471264));
#5541=CARTESIAN_POINT('',(1.73472347597681E-15,5.00969109958836,9.67703951471264));
#5542=CARTESIAN_POINT('',(1.73472347597681E-15,5.00969109958836,9.67703951471264));
#5543=CARTESIAN_POINT('',(4.47415542168328E-16,5.00969109958836,9.67703951471264));
#5544=CARTESIAN_POINT('',(1.67523646940376E-15,6.22458182382457,11.7812919747339));
#5545=CARTESIAN_POINT('',(6.7331941413751E-15,0.,0.));
#5546=CARTESIAN_POINT('',(2.18184737258426E-15,0.5,13.3151890514336));
#5547=CARTESIAN_POINT('',(-4.54660459486509E-15,0.5,0.));
#5548=CARTESIAN_POINT('',(3.36659707068755E-15,0.,0.));
#5549=CARTESIAN_POINT('',(1.73472347597681E-15,-10.8854076029612,-0.499999999999985));
#5550=CARTESIAN_POINT('',(1.73472347597681E-15,-10.8854076029612,-0.499999999999985));
#5551=CARTESIAN_POINT('',(1.73472347597681E-15,-10.8854076029612,0.500000000000015));
#5552=CARTESIAN_POINT('',(4.47415542168328E-16,-10.8854076029612,-0.499999999999987));
#5553=CARTESIAN_POINT('',(1.67523646940377E-15,-13.3151890514336,-0.499999999999984));
#5554=CARTESIAN_POINT('',(6.7331941413751E-15,0.,0.));
#5555=CARTESIAN_POINT('',(2.18184737258426E-15,-11.7812919747339,-6.22458182382456));
#5556=CARTESIAN_POINT('',(-4.54660459486509E-15,-0.249999999999999,0.43301270189222));
#5557=CARTESIAN_POINT('',(-4.54660459486509E-15,-0.25,-0.433012701892219));
#5558=CARTESIAN_POINT('',(4.47415542168328E-16,-10.8854076029612,0.500000000000014));
#5559=CARTESIAN_POINT('',(3.36659707068755E-15,0.,0.));
#5560=CARTESIAN_POINT('',(1.73472347597681E-15,-5.00969109958838,-9.67703951471262));
#5561=CARTESIAN_POINT('',(1.73472347597681E-15,-5.00969109958838,-9.67703951471262));
#5562=CARTESIAN_POINT('',(1.73472347597681E-15,-5.87571650337282,-9.17703951471262));
#5563=CARTESIAN_POINT('',(4.47415542168328E-16,-5.00969109958838,-9.67703951471262));
#5564=CARTESIAN_POINT('',(1.67523646940377E-15,-6.22458182382461,-11.7812919747339));
#5565=CARTESIAN_POINT('',(6.7331941413751E-15,0.,0.));
#5566=CARTESIAN_POINT('',(2.18184737258426E-15,-0.500000000000031,-13.3151890514336));
#5567=CARTESIAN_POINT('',(-4.54660459486509E-15,-0.5,1.17145536458252E-15));
#5568=CARTESIAN_POINT('',(-4.54660459486509E-15,0.249999999999999,-0.43301270189222));
#5569=CARTESIAN_POINT('',(4.47415542168328E-16,-5.87571650337282,-9.17703951471262));
#5570=CARTESIAN_POINT('',(3.36659707068755E-15,0.,0.));
#5571=CARTESIAN_POINT('',(1.73472347597681E-15,5.87571650337277,-9.17703951471265));
#5572=CARTESIAN_POINT('',(1.73472347597681E-15,5.87571650337277,-9.17703951471265));
#5573=CARTESIAN_POINT('',(1.73472347597681E-15,5.00969109958833,-9.67703951471265));
#5574=CARTESIAN_POINT('',(4.47415542168328E-16,5.87571650337277,-9.17703951471265));
#5575=CARTESIAN_POINT('',(1.67523646940377E-15,7.09060722760899,-11.2812919747339));
#5576=CARTESIAN_POINT('',(6.7331941413751E-15,0.,0.));
#5577=CARTESIAN_POINT('',(2.18184737258426E-15,11.2812919747339,-7.09060722760905));
#5578=CARTESIAN_POINT('',(-4.54660459486509E-15,-0.250000000000001,-0.433012701892219));
#5579=CARTESIAN_POINT('',(-4.54660459486509E-15,0.5,-1.17145536458252E-15));
#5580=CARTESIAN_POINT('',(4.47415542168328E-16,5.00969109958833,-9.67703951471265));
#5581=CARTESIAN_POINT('',(3.36659707068755E-15,0.,0.));
#5582=CARTESIAN_POINT('',(1.73472347597681E-15,10.8854076029612,0.499999999999954));
#5583=CARTESIAN_POINT('',(1.73472347597681E-15,10.8854076029612,0.499999999999954));
#5584=CARTESIAN_POINT('',(1.73472347597681E-15,10.8854076029612,-0.500000000000046));
#5585=CARTESIAN_POINT('',(4.47415542168328E-16,10.8854076029612,0.499999999999956));
#5586=CARTESIAN_POINT('',(-4.54660459486509E-15,0.249999999999998,-0.43301270189222));
#5587=CARTESIAN_POINT('',(-4.54660459486509E-15,0.250000000000001,0.433012701892219));
#5588=CARTESIAN_POINT('',(4.47415542168328E-16,10.8854076029612,-0.500000000000044));
#5589=CARTESIAN_POINT('',(3.36659707068755E-15,0.,0.));
#5590=CARTESIAN_POINT('',(1.67523646940377E-15,-7.09060722760902,11.2812919747339));
#5591=CARTESIAN_POINT('',(-1.73327711090625,-7.59131387748975,12.148541332015));
#5592=CARTESIAN_POINT('',(-3.46662079473875,-8.0919629150696,13.0156909018637));
#5593=CARTESIAN_POINT('',(-5.2,-8.59258120051735,13.8827872074572));
#5594=CARTESIAN_POINT('',(-5.2,-8.59258120051735,13.8827872074572));
#5595=CARTESIAN_POINT('',(-5.19999999999999,0.,0.));
#5596=CARTESIAN_POINT('',(-5.2,-13.8827872074572,8.59258120051737));
#5597=CARTESIAN_POINT('',(2.18184737258426E-15,-11.2812919747339,7.09060722760903));
#5598=CARTESIAN_POINT('',(-1.73327711090625,-12.1485413320149,7.59131387748976));
#5599=CARTESIAN_POINT('',(-3.46662079473875,-13.0156909018637,8.09196291506962));
#5600=CARTESIAN_POINT('',(-5.2,-13.8827872074572,8.59258120051737));
#5601=CARTESIAN_POINT('',(6.7331941413751E-15,0.,0.));
#5602=CARTESIAN_POINT('',(-5.2,13.8827872074573,8.59258120051734));
#5603=CARTESIAN_POINT('',(-3.46662079473876,13.0156909018637,8.09196291506959));
#5604=CARTESIAN_POINT('',(-1.73327711090626,12.148541332015,7.59131387748973));
#5605=CARTESIAN_POINT('',(-1.12750565623145E-14,11.2812919747339,7.090607227609));
#5606=CARTESIAN_POINT('',(-5.2,13.8827872074573,8.59258120051734));
#5607=CARTESIAN_POINT('',(-5.19999999999999,0.,0.));
#5608=CARTESIAN_POINT('',(-5.2,8.59258120051735,13.8827872074572));
#5609=CARTESIAN_POINT('',(1.67523646940376E-15,7.09060722760901,11.2812919747339));
#5610=CARTESIAN_POINT('',(-1.73327711090626,7.59131387748975,12.148541332015));
#5611=CARTESIAN_POINT('',(-3.46662079473875,8.0919629150696,13.0156909018637));
#5612=CARTESIAN_POINT('',(-5.2,8.59258120051735,13.8827872074572));
#5613=CARTESIAN_POINT('',(6.7331941413751E-15,0.,0.));
#5614=CARTESIAN_POINT('',(1.67523646940377E-15,-13.3151890514336,-0.499999999999984));
#5615=CARTESIAN_POINT('',(-1.29069380488293,-14.0608966673691,-0.499999999999984));
#5616=CARTESIAN_POINT('',(-2.5814250293316,-14.8065395176404,-0.499999999999983));
#5617=CARTESIAN_POINT('',(-3.87217955525556,-15.5521420258404,-0.499999999999982));
#5618=CARTESIAN_POINT('',(-4.3147836831117,-15.8078116680856,-0.499999999999982));
#5619=CARTESIAN_POINT('',(-4.75739062433267,-16.0634764400022,-0.499999999999982));
#5620=CARTESIAN_POINT('',(-5.2,-16.3191369972503,-0.499999999999982));
#5621=CARTESIAN_POINT('',(-5.2,-16.3191369972503,-0.499999999999982));
#5622=CARTESIAN_POINT('',(-5.19999999999999,0.,0.));
#5623=CARTESIAN_POINT('',(-5.2,-14.3827872074573,-7.7265557967329));
#5624=CARTESIAN_POINT('',(2.18184737258426E-15,-11.7812919747339,-6.22458182382456));
#5625=CARTESIAN_POINT('',(-1.73327711090626,-12.648541332015,-6.72528847370529));
#5626=CARTESIAN_POINT('',(-3.46662079473875,-13.5156909018637,-7.22593751128514));
#5627=CARTESIAN_POINT('',(-5.2,-14.3827872074573,-7.7265557967329));
#5628=CARTESIAN_POINT('',(6.7331941413751E-15,0.,0.));
#5629=CARTESIAN_POINT('',(1.67523646940377E-15,-6.22458182382461,-11.7812919747339));
#5630=CARTESIAN_POINT('',(-1.73327711090625,-6.72528847370534,-12.6485413320149));
#5631=CARTESIAN_POINT('',(-3.46662079473875,-7.22593751128519,-13.5156909018637));
#5632=CARTESIAN_POINT('',(-5.2,-7.72655579673295,-14.3827872074572));
#5633=CARTESIAN_POINT('',(-5.2,-7.72655579673295,-14.3827872074572));
#5634=CARTESIAN_POINT('',(-5.19999999999999,0.,0.));
#5635=CARTESIAN_POINT('',(-5.19999999999976,-0.500000000000038,-16.3191369972501));
#5636=CARTESIAN_POINT('',(2.18184737258426E-15,-0.500000000000031,-13.3151890514336));
#5637=CARTESIAN_POINT('',(-1.73327711090618,-0.500000000000034,-14.316602351195));
#5638=CARTESIAN_POINT('',(-3.46662079473859,-0.500000000000036,-15.3179004263547));
#5639=CARTESIAN_POINT('',(-5.19999999999976,-0.500000000000038,-16.3191369972501));
#5640=CARTESIAN_POINT('',(6.7331941413751E-15,0.,0.));
#5641=CARTESIAN_POINT('',(1.67523646940377E-15,7.09060722760899,-11.2812919747339));
#5642=CARTESIAN_POINT('',(-1.73327711090625,7.59131387748972,-12.148541332015));
#5643=CARTESIAN_POINT('',(-3.46662079473875,8.09196291506957,-13.0156909018637));
#5644=CARTESIAN_POINT('',(-5.2,8.59258120051732,-13.8827872074573));
#5645=CARTESIAN_POINT('',(-5.2,8.59258120051732,-13.8827872074573));
#5646=CARTESIAN_POINT('',(-5.19999999999999,0.,0.));
#5647=CARTESIAN_POINT('',(-5.2,13.8827872074572,-8.5925812005174));
#5648=CARTESIAN_POINT('',(2.18184737258426E-15,11.2812919747339,-7.09060722760905));
#5649=CARTESIAN_POINT('',(-1.73327711090626,12.1485413320149,-7.59131387748979));
#5650=CARTESIAN_POINT('',(-3.46662079473875,13.0156909018637,-8.09196291506964));
#5651=CARTESIAN_POINT('',(-5.2,13.8827872074572,-8.5925812005174));
#5652=CARTESIAN_POINT('',(6.7331941413751E-15,0.,0.));
#5653=CARTESIAN_POINT('',(-5.2,-8.59258120051735,13.8827872074572));
#5654=CARTESIAN_POINT('',(-5.21931104705836,-8.59815843557314,13.8924472619396));
#5655=CARTESIAN_POINT('',(-5.24080523988242,-8.60215135974216,13.8993632094711));
#5656=CARTESIAN_POINT('',(-5.2627150206706,-8.60423103806914,13.9029653179969));
#5657=CARTESIAN_POINT('',(-5.284699534454,-8.60631781005864,13.9065797131065));
#5658=CARTESIAN_POINT('',(-5.30770795130504,-8.60653532392974,13.9069564581826));
#5659=CARTESIAN_POINT('',(-5.32983450750443,-8.60486553154799,13.9040642929393));
#5660=CARTESIAN_POINT('',(-5.35195847130938,-8.60319593480266,13.9011724665482));
#5661=CARTESIAN_POINT('',(-5.37381085999193,-8.59959347781163,13.8949328280077));
#5662=CARTESIAN_POINT('',(-5.39358286121553,-8.59435687692879,13.8858627692197));
#5663=CARTESIAN_POINT('',(-5.41335733919978,-8.58911962007759,13.8767915742611));
#5664=CARTESIAN_POINT('',(-5.43159608809748,-8.5821035021569,13.8646393015506));
#5665=CARTESIAN_POINT('',(-5.44679089015739,-8.57388974225032,13.8504126520712));
#5666=CARTESIAN_POINT('',(-5.46199134481655,-8.56567292675322,13.8361807101538));
#5667=CARTESIAN_POINT('',(-5.47456466174673,-8.55603113912996,13.8194806441145));
#5668=CARTESIAN_POINT('',(-5.48347192828593,-8.54576251395058,13.8016948635799));
#5669=CARTESIAN_POINT('',(-5.49238330262849,-8.53548915314406,13.7839008806986));
#5670=CARTESIAN_POINT('',(-5.49787097147312,-8.52430517083831,13.7645296551141));
#5671=CARTESIAN_POINT('',(-5.4994816277153,-8.51313617191063,13.7451843815016));
#5672=CARTESIAN_POINT('',(-5.49982698602899,-8.51074130543675,13.7410363510915));
#5673=CARTESIAN_POINT('',(-5.49999999999999,-8.50833866877282,13.7368748623175));
#5674=CARTESIAN_POINT('',(-5.49999999999999,-8.5059375849511,13.732716063145));
#5675=CARTESIAN_POINT('',(-5.49999999999999,-8.5059375849511,13.732716063145));
#5676=CARTESIAN_POINT('',(-5.49999999999999,0.,0.));
#5677=CARTESIAN_POINT('',(-5.49999999999999,-13.732716063145,8.50593758495112));
#5678=CARTESIAN_POINT('',(-5.2,-13.8827872074572,8.59258120051737));
#5679=CARTESIAN_POINT('',(-5.21931104706129,-13.8924472619411,8.598158435574));
#5680=CARTESIAN_POINT('',(-5.24080523988899,-13.8993632094732,8.60215135974338));
#5681=CARTESIAN_POINT('',(-5.26271502068069,-13.9029653179985,8.60423103807012));
#5682=CARTESIAN_POINT('',(-5.28469953446431,-13.9065797131072,8.60631781005904));
#5683=CARTESIAN_POINT('',(-5.30770795131537,-13.9069564581822,8.60653532392956));
#5684=CARTESIAN_POINT('',(-5.32983450751458,-13.904064292938,8.60486553154724));
#5685=CARTESIAN_POINT('',(-5.35195847131936,-13.9011724665459,8.60319593480134));
#5686=CARTESIAN_POINT('',(-5.37381086000154,-13.8949328280044,8.59959347780975));
#5687=CARTESIAN_POINT('',(-5.3935828612246,-13.8858627692155,8.5943568769264));
#5688=CARTESIAN_POINT('',(-5.41335733920832,-13.876791574256,8.58911962007469));
#5689=CARTESIAN_POINT('',(-5.4315960881053,-13.8646393015447,8.58210350215353));
#5690=CARTESIAN_POINT('',(-5.44679089016436,-13.8504126520646,8.57388974224656));
#5691=CARTESIAN_POINT('',(-5.46199134482268,-13.8361807101466,8.56567292674907));
#5692=CARTESIAN_POINT('',(-5.47456466175187,-13.8194806441067,8.55603113912549));
#5693=CARTESIAN_POINT('',(-5.48347192829002,-13.8016948635718,8.54576251394588));
#5694=CARTESIAN_POINT('',(-5.49238330263153,-13.78390088069,8.53548915313913));
#5695=CARTESIAN_POINT('',(-5.49787097147501,-13.7645296551052,8.52430517083324));
#5696=CARTESIAN_POINT('',(-5.49948162771604,-13.7451843814927,8.51313617190552));
#5697=CARTESIAN_POINT('',(-5.49982698602924,-13.7410363510856,8.51074130543334));
#5698=CARTESIAN_POINT('',(-5.49999999999999,-13.7368748623145,8.50833866877112));
#5699=CARTESIAN_POINT('',(-5.49999999999999,-13.732716063145,8.50593758495112));
#5700=CARTESIAN_POINT('',(-5.29999999999999,0.,0.));
#5701=CARTESIAN_POINT('',(-5.49999999999999,13.732716063145,8.50593758495109));
#5702=CARTESIAN_POINT('',(-5.49999999999999,13.7480051447502,8.51476474033148));
#5703=CARTESIAN_POINT('',(-5.49762366797719,13.7634262447912,8.52366811659134));
#5704=CARTESIAN_POINT('',(-5.49299389927825,13.7781802255311,8.53218633134317));
#5705=CARTESIAN_POINT('',(-5.48711810161085,13.7969050066711,8.54299708877488));
#5706=CARTESIAN_POINT('',(-5.47742789588256,13.8150096105623,8.55344978670502));
#5707=CARTESIAN_POINT('',(-5.46472490937426,13.8309935643204,8.56267812670996));
#5708=CARTESIAN_POINT('',(-5.45202494102184,13.8469737203838,8.57190427411487));
#5709=CARTESIAN_POINT('',(-5.43596300300625,13.8612751834878,8.58016122768774));
#5710=CARTESIAN_POINT('',(-5.41786912677345,13.8727115735249,8.58676403055421));
#5711=CARTESIAN_POINT('',(-5.39978307855389,13.8841430157989,8.59336397682834));
#5712=CARTESIAN_POINT('',(-5.37916764811108,13.893027272569,8.59849330486611));
#5713=CARTESIAN_POINT('',(-5.35773090680582,13.898626943923,8.60172627662972));
#5714=CARTESIAN_POINT('',(-5.33630358066473,13.9042241558629,8.60495782844992));
#5715=CARTESIAN_POINT('',(-5.31346446656231,13.9066940801105,8.60638383987914));
#5716=CARTESIAN_POINT('',(-5.2911057888764,13.9058317230088,8.60588595777436));
#5717=CARTESIAN_POINT('',(-5.26875288692218,13.9049695886727,8.60538820428332));
#5718=CARTESIAN_POINT('',(-5.24626369370381,13.9007531813686,8.60295386039132));
#5719=CARTESIAN_POINT('',(-5.22550025737488,13.8935322237586,8.59878483857137));
#5720=CARTESIAN_POINT('',(-5.21672829414591,13.8904815738744,8.59702354503951));
#5721=CARTESIAN_POINT('',(-5.20818542880279,13.8868818424068,8.59494523910766));
#5722=CARTESIAN_POINT('',(-5.2,13.8827872074573,8.59258120051734));
#5723=CARTESIAN_POINT('',(-5.49999999999999,13.732716063145,8.50593758495109));
#5724=CARTESIAN_POINT('',(-5.49999999999999,0.,0.));
#5725=CARTESIAN_POINT('',(-5.49999999999999,8.5059375849511,13.732716063145));
#5726=CARTESIAN_POINT('',(-5.2,8.59258120051735,13.8827872074572));
#5727=CARTESIAN_POINT('',(-5.21931104705862,8.59815843557321,13.8924472619398));
#5728=CARTESIAN_POINT('',(-5.240805239883,8.60215135974226,13.8993632094713));
#5729=CARTESIAN_POINT('',(-5.26271502067148,8.60423103806922,13.902965317997));
#5730=CARTESIAN_POINT('',(-5.2846995344549,8.60631781005867,13.9065797131065));
#5731=CARTESIAN_POINT('',(-5.30770795130594,8.60653532392972,13.9069564581826));
#5732=CARTESIAN_POINT('',(-5.32983450750531,8.60486553154792,13.9040642929392));
#5733=CARTESIAN_POINT('',(-5.35195847131025,8.60319593480254,13.901172466548));
#5734=CARTESIAN_POINT('',(-5.37381085999277,8.59959347781147,13.8949328280074));
#5735=CARTESIAN_POINT('',(-5.39358286121632,8.59435687692857,13.8858627692193));
#5736=CARTESIAN_POINT('',(-5.41335733920053,8.58911962007733,13.8767915742606));
#5737=CARTESIAN_POINT('',(-5.43159608809816,8.5821035021566,13.86463930155));
#5738=CARTESIAN_POINT('',(-5.446790890158,8.57388974224999,13.8504126520706));
#5739=CARTESIAN_POINT('',(-5.46199134481708,8.56567292675285,13.8361807101532));
#5740=CARTESIAN_POINT('',(-5.47456466174718,8.55603113912957,13.8194806441138));
#5741=CARTESIAN_POINT('',(-5.48347192828628,8.54576251395016,13.8016948635792));
#5742=CARTESIAN_POINT('',(-5.49238330262876,8.53548915314363,13.7839008806978));
#5743=CARTESIAN_POINT('',(-5.49787097147329,8.52430517083786,13.7645296551133));
#5744=CARTESIAN_POINT('',(-5.49948162771536,8.51313617191018,13.7451843815009));
#5745=CARTESIAN_POINT('',(-5.49982698602901,8.51074130543645,13.741036351091));
#5746=CARTESIAN_POINT('',(-5.49999999999999,8.50833866877267,13.7368748623172));
#5747=CARTESIAN_POINT('',(-5.49999999999999,8.5059375849511,13.732716063145));
#5748=CARTESIAN_POINT('',(-5.29999999999999,0.,0.));
#5749=CARTESIAN_POINT('',(-5.2,-16.3191369972503,-0.499999999999982));
#5750=CARTESIAN_POINT('',(-5.20154497559708,-16.3200294079035,-0.499999999999982));
#5751=CARTESIAN_POINT('',(-5.2031020348605,-16.3209012182746,-0.499999999999982));
#5752=CARTESIAN_POINT('',(-5.20467034161112,-16.3217519593078,-0.499999999999982));
#5753=CARTESIAN_POINT('',(-5.2243481268992,-16.3324263375065,-0.499999999999982));
#5754=CARTESIAN_POINT('',(-5.24614102851275,-16.3398497343583,-0.499999999999982));
#5755=CARTESIAN_POINT('',(-5.26824330843357,-16.3434059691755,-0.499999999999982));
#5756=CARTESIAN_POINT('',(-5.29033702997551,-16.3469608269581,-0.499999999999982));
#5757=CARTESIAN_POINT('',(-5.31334937192852,-16.3467496003057,-0.499999999999982));
#5758=CARTESIAN_POINT('',(-5.33537412300553,-16.3427898167986,-0.499999999999982));
#5759=CARTESIAN_POINT('',(-5.35739556038974,-16.3388306290533,-0.499999999999982));
#5760=CARTESIAN_POINT('',(-5.37903695759692,-16.331014941863,-0.499999999999982));
#5761=CARTESIAN_POINT('',(-5.3985071087923,-16.3199907827342,-0.499999999999982));
#5762=CARTESIAN_POINT('',(-5.41068054827031,-16.3130980815629,-0.499999999999982));
#5763=CARTESIAN_POINT('',(-5.4221891536367,-16.3048762597155,-0.499999999999982));
#5764=CARTESIAN_POINT('',(-5.43265620321988,-16.2955949434734,-0.499999999999982));
#5765=CARTESIAN_POINT('',(-5.44941314254338,-16.2807362718033,-0.499999999999982));
#5766=CARTESIAN_POINT('',(-5.46383485646714,-16.2627786342164,-0.499999999999982));
#5767=CARTESIAN_POINT('',(-5.47472811848212,-16.2432104973106,-0.499999999999982));
#5768=CARTESIAN_POINT('',(-5.48562124279577,-16.2236426077649,-0.499999999999982));
#5769=CARTESIAN_POINT('',(-5.4932865834919,-16.2019246995782,-0.499999999999982));
#5770=CARTESIAN_POINT('',(-5.49709078780659,-16.1798545729787,-0.499999999999982));
#5771=CARTESIAN_POINT('',(-5.49902321864764,-16.1686435575394,-0.499999999999982));
#5772=CARTESIAN_POINT('',(-5.49999999999999,-16.1572261080666,-0.499999999999982));
#5773=CARTESIAN_POINT('',(-5.49999999999999,-16.1458497661178,-0.499999999999982));
#5774=CARTESIAN_POINT('',(-5.49999999999999,-16.1458497661178,-0.499999999999982));
#5775=CARTESIAN_POINT('',(-5.49999999999999,0.,0.));
#5776=CARTESIAN_POINT('',(-5.49999999999999,-14.232716063145,-7.63991218116665));
#5777=CARTESIAN_POINT('',(-5.2,-14.3827872074573,-7.7265557967329));
#5778=CARTESIAN_POINT('',(-5.21931104705836,-14.3924472619396,-7.73213303178868));
#5779=CARTESIAN_POINT('',(-5.24080523988241,-14.3993632094711,-7.7361259559577));
#5780=CARTESIAN_POINT('',(-5.26271502067057,-14.4029653179969,-7.73820563428468));
#5781=CARTESIAN_POINT('',(-5.28469953445397,-14.4065797131065,-7.74029240627418));
#5782=CARTESIAN_POINT('',(-5.30770795130501,-14.4069564581826,-7.74050992014529));
#5783=CARTESIAN_POINT('',(-5.32983450750439,-14.4040642929393,-7.73884012776353));
#5784=CARTESIAN_POINT('',(-5.35195847130935,-14.4011724665483,-7.73717053101821));
#5785=CARTESIAN_POINT('',(-5.3738108599919,-14.3949328280077,-7.73356807402718));
#5786=CARTESIAN_POINT('',(-5.3935828612155,-14.3858627692197,-7.72833147314434));
#5787=CARTESIAN_POINT('',(-5.41335733919976,-14.3767915742611,-7.72309421629314));
#5788=CARTESIAN_POINT('',(-5.43159608809746,-14.3646393015506,-7.71607809837245));
#5789=CARTESIAN_POINT('',(-5.44679089015737,-14.3504126520712,-7.70786433846587));
#5790=CARTESIAN_POINT('',(-5.46199134481653,-14.3361807101538,-7.69964752296877));
#5791=CARTESIAN_POINT('',(-5.47456466174671,-14.3194806441145,-7.69000573534552));
#5792=CARTESIAN_POINT('',(-5.48347192828592,-14.30169486358,-7.67973711016614));
#5793=CARTESIAN_POINT('',(-5.49238330262849,-14.2839008806986,-7.66946374935962));
#5794=CARTESIAN_POINT('',(-5.49787097147312,-14.2645296551141,-7.65827976705387));
#5795=CARTESIAN_POINT('',(-5.4994816277153,-14.2451843815017,-7.64711076812619));
#5796=CARTESIAN_POINT('',(-5.49982698602899,-14.2410363510916,-7.6447159016523));
#5797=CARTESIAN_POINT('',(-5.49999999999999,-14.2368748623175,-7.64231326498837));
#5798=CARTESIAN_POINT('',(-5.49999999999999,-14.232716063145,-7.63991218116665));
#5799=CARTESIAN_POINT('',(-5.29999999999999,0.,0.));
#5800=CARTESIAN_POINT('',(-5.2,-7.72655579673295,-14.3827872074572));
#5801=CARTESIAN_POINT('',(-5.21931104705838,-7.73213303178874,-14.3924472619396));
#5802=CARTESIAN_POINT('',(-5.24080523988246,-7.73612595595776,-14.3993632094711));
#5803=CARTESIAN_POINT('',(-5.26271502067065,-7.73820563428474,-14.4029653179969));
#5804=CARTESIAN_POINT('',(-5.28469953445406,-7.74029240627423,-14.4065797131065));
#5805=CARTESIAN_POINT('',(-5.3077079513051,-7.74050992014534,-14.4069564581826));
#5806=CARTESIAN_POINT('',(-5.32983450750448,-7.73884012776358,-14.4040642929393));
#5807=CARTESIAN_POINT('',(-5.35195847130943,-7.73717053101824,-14.4011724665482));
#5808=CARTESIAN_POINT('',(-5.37381085999198,-7.73356807402722,-14.3949328280077));
#5809=CARTESIAN_POINT('',(-5.39358286121558,-7.72833147314437,-14.3858627692196));
#5810=CARTESIAN_POINT('',(-5.41335733919983,-7.72309421629316,-14.376791574261));
#5811=CARTESIAN_POINT('',(-5.43159608809752,-7.71607809837247,-14.3646393015505));
#5812=CARTESIAN_POINT('',(-5.44679089015743,-7.70786433846589,-14.3504126520711));
#5813=CARTESIAN_POINT('',(-5.46199134481658,-7.69964752296879,-14.3361807101537));
#5814=CARTESIAN_POINT('',(-5.47456466174676,-7.69000573534553,-14.3194806441145));
#5815=CARTESIAN_POINT('',(-5.48347192828595,-7.67973711016614,-14.3016948635799));
#5816=CARTESIAN_POINT('',(-5.49238330262851,-7.66946374935963,-14.2839008806985));
#5817=CARTESIAN_POINT('',(-5.49787097147313,-7.65827976705387,-14.264529655114));
#5818=CARTESIAN_POINT('',(-5.4994816277153,-7.64711076812619,-14.2451843815016));
#5819=CARTESIAN_POINT('',(-5.49982698602899,-7.64471590165232,-14.2410363510915));
#5820=CARTESIAN_POINT('',(-5.49999999999999,-7.6423132649884,-14.2368748623174));
#5821=CARTESIAN_POINT('',(-5.49999999999999,-7.63991218116669,-14.232716063145));
#5822=CARTESIAN_POINT('',(-5.49999999999999,-7.63991218116669,-14.232716063145));
#5823=CARTESIAN_POINT('',(-5.49999999999999,0.,0.));
#5824=CARTESIAN_POINT('',(-5.49999999999999,-0.500000000000038,-16.1458497661178));
#5825=CARTESIAN_POINT('',(-5.19999999999976,-0.500000000000038,-16.3191369972501));
#5826=CARTESIAN_POINT('',(-5.20032806619125,-0.500000000000038,-16.3193264952363));
#5827=CARTESIAN_POINT('',(-5.20065667222909,-0.500000000000038,-16.3195150616783));
#5828=CARTESIAN_POINT('',(-5.20098581015557,-0.500000000000038,-16.3197026920013));
#5829=CARTESIAN_POINT('',(-5.22043474073674,-0.500000000000038,-16.3307898649861));
#5830=CARTESIAN_POINT('',(-5.24206693476769,-0.500000000000038,-16.3386712713327));
#5831=CARTESIAN_POINT('',(-5.26408997501136,-0.500000000000038,-16.3426927143538));
#5832=CARTESIAN_POINT('',(-5.28610426528741,-0.500000000000038,-16.3467125596166));
#5833=CARTESIAN_POINT('',(-5.30911639791356,-0.500000000000038,-16.346986415511));
#5834=CARTESIAN_POINT('',(-5.33122011013426,-0.500000000000038,-16.3434915566641));
#5835=CARTESIAN_POINT('',(-5.35332010069607,-0.500000000000038,-16.3399972862556));
#5836=CARTESIAN_POINT('',(-5.37512140881411,-0.500000000000038,-16.3326393131649));
#5837=CARTESIAN_POINT('',(-5.39481948574887,-0.500000000000038,-16.3220277499627));
#5838=CARTESIAN_POINT('',(-5.40713522867336,-0.500000000000038,-16.3153931284787));
#5839=CARTESIAN_POINT('',(-5.4188142893432,-0.500000000000038,-16.3074156837143));
#5840=CARTESIAN_POINT('',(-5.42947434356012,-0.500000000000038,-16.2983570430817));
#5841=CARTESIAN_POINT('',(-5.44654008378605,-0.500000000000038,-16.2838550147909));
#5842=CARTESIAN_POINT('',(-5.46133644302512,-0.500000000000038,-16.2662055931248));
#5843=CARTESIAN_POINT('',(-5.47263914496826,-0.500000000000038,-16.2468717563925));
#5844=CARTESIAN_POINT('',(-5.48394170153333,-0.500000000000038,-16.2275381683366));
#5845=CARTESIAN_POINT('',(-5.49206255946385,-0.500000000000038,-16.2059871217903));
#5846=CARTESIAN_POINT('',(-5.49633071824503,-0.500000000000038,-16.1840026219634));
#5847=CARTESIAN_POINT('',(-5.49876569481952,-0.500000000000038,-16.1714605060711));
#5848=CARTESIAN_POINT('',(-5.49999999999999,-0.500000000000038,-16.1586260637808));
#5849=CARTESIAN_POINT('',(-5.49999999999999,-0.500000000000038,-16.1458497661178));
#5850=CARTESIAN_POINT('',(-5.29999999999999,0.,0.));
#5851=CARTESIAN_POINT('',(-5.2,8.59258120051732,-13.8827872074573));
#5852=CARTESIAN_POINT('',(-5.21931104706097,8.59815843557386,-13.8924472619409));
#5853=CARTESIAN_POINT('',(-5.24080523988827,8.6021513597432,-13.899363209473));
#5854=CARTESIAN_POINT('',(-5.26271502067959,8.60423103806996,-13.9029653179984));
#5855=CARTESIAN_POINT('',(-5.28469953446318,8.60631781005895,-13.9065797131071));
#5856=CARTESIAN_POINT('',(-5.30770795131424,8.60653532392954,-13.9069564581823));
#5857=CARTESIAN_POINT('',(-5.32983450751347,8.60486553154727,-13.9040642929381));
#5858=CARTESIAN_POINT('',(-5.35195847131827,8.60319593480144,-13.9011724665462));
#5859=CARTESIAN_POINT('',(-5.37381086000049,8.59959347780992,-13.8949328280048));
#5860=CARTESIAN_POINT('',(-5.39358286122361,8.59435687692662,-13.885862769216));
#5861=CARTESIAN_POINT('',(-5.41335733920739,8.58911962007496,-13.8767915742566));
#5862=CARTESIAN_POINT('',(-5.43159608810445,8.58210350215386,-13.8646393015454));
#5863=CARTESIAN_POINT('',(-5.4467908901636,8.57388974224693,-13.8504126520654));
#5864=CARTESIAN_POINT('',(-5.46199134482201,8.56567292674948,-13.8361807101474));
#5865=CARTESIAN_POINT('',(-5.47456466175131,8.55603113912593,-13.8194806441076));
#5866=CARTESIAN_POINT('',(-5.48347192828957,8.54576251394634,-13.8016948635727));
#5867=CARTESIAN_POINT('',(-5.4923833026312,8.53548915313963,-13.783900880691));
#5868=CARTESIAN_POINT('',(-5.4978709714748,8.52430517083375,-13.7645296551062));
#5869=CARTESIAN_POINT('',(-5.49948162771596,8.51313617190603,-13.7451843814937));
#5870=CARTESIAN_POINT('',(-5.49982698602921,8.51074130543367,-13.7410363510863));
#5871=CARTESIAN_POINT('',(-5.49999999999999,8.50833866877127,-13.7368748623149));
#5872=CARTESIAN_POINT('',(-5.49999999999999,8.50593758495107,-13.7327160631451));
#5873=CARTESIAN_POINT('',(-5.49999999999999,8.50593758495107,-13.7327160631451));
#5874=CARTESIAN_POINT('',(-5.49999999999999,0.,0.));
#5875=CARTESIAN_POINT('',(-5.49999999999999,13.732716063145,-8.50593758495115));
#5876=CARTESIAN_POINT('',(-5.2,13.8827872074572,-8.5925812005174));
#5877=CARTESIAN_POINT('',(-5.21931104705959,13.8924472619402,-8.59815843557354));
#5878=CARTESIAN_POINT('',(-5.24080523988518,13.899363209472,-8.60215135974271));
#5879=CARTESIAN_POINT('',(-5.26271502067483,13.9029653179975,-8.60423103806959));
#5880=CARTESIAN_POINT('',(-5.28469953445832,13.9065797131067,-8.60631781005885));
#5881=CARTESIAN_POINT('',(-5.30770795130937,13.9069564581824,-8.60653532392971));
#5882=CARTESIAN_POINT('',(-5.32983450750868,13.9040642929387,-8.60486553154771));
#5883=CARTESIAN_POINT('',(-5.35195847131356,13.9011724665472,-8.60319593480214));
#5884=CARTESIAN_POINT('',(-5.37381085999596,13.8949328280063,-8.59959347781089));
#5885=CARTESIAN_POINT('',(-5.39358286121933,13.8858627692179,-8.59435687692783));
#5886=CARTESIAN_POINT('',(-5.41335733920336,13.8767915742589,-8.58911962007641));
#5887=CARTESIAN_POINT('',(-5.43159608810076,13.8646393015481,-8.58210350215553));
#5888=CARTESIAN_POINT('',(-5.44679089016031,13.8504126520684,-8.57388974224878));
#5889=CARTESIAN_POINT('',(-5.46199134481912,13.8361807101507,-8.56567292675152));
#5890=CARTESIAN_POINT('',(-5.47456466174889,13.8194806441112,-8.55603113912813));
#5891=CARTESIAN_POINT('',(-5.48347192828764,13.8016948635765,-8.54576251394865));
#5892=CARTESIAN_POINT('',(-5.49238330262977,13.783900880695,-8.53548915314204));
#5893=CARTESIAN_POINT('',(-5.49787097147391,13.7645296551103,-8.52430517083623));
#5894=CARTESIAN_POINT('',(-5.49948162771561,13.7451843814979,-8.51313617190853));
#5895=CARTESIAN_POINT('',(-5.4998269860291,13.741036351089,-8.51074130543536));
#5896=CARTESIAN_POINT('',(-5.49999999999999,13.7368748623162,-8.50833866877215));
#5897=CARTESIAN_POINT('',(-5.49999999999999,13.732716063145,-8.50593758495115));
#5898=CARTESIAN_POINT('',(-5.29999999999999,0.,0.));
#5899=CARTESIAN_POINT('',(-5.49999999999999,-7.42772228311384,11.8651923788647));
#5900=CARTESIAN_POINT('',(-5.49999999999999,-7.72873062407096,12.3865541189044));
#5901=CARTESIAN_POINT('',(-5.49999999999999,0.,0.));
#5902=CARTESIAN_POINT('',(-5.49999999999999,-12.3865541189044,7.72873062407097));
#5903=CARTESIAN_POINT('',(-5.49999999999999,-6.74470958122163,4.47141016151379));
#5904=CARTESIAN_POINT('',(-5.49999999999999,0.,16.1535898384862));
#5905=CARTESIAN_POINT('',(-5.49999999999999,6.74470958122161,4.47141016151375));
#5906=CARTESIAN_POINT('',(-5.49999999999999,12.3865541189044,7.72873062407094));
#5907=CARTESIAN_POINT('',(-5.49999999999999,0.,0.));
#5908=CARTESIAN_POINT('',(-5.49999999999999,7.72873062407096,12.3865541189044));
#5909=CARTESIAN_POINT('',(-5.49999999999999,7.42772228311384,11.8651923788647));
#5910=CARTESIAN_POINT('',(-5.49999999999999,0.,16.1535898384862));
#5911=CARTESIAN_POINT('',(-5.49999999999999,-1.57158190491483E-14,-0.499999999999997));
#5912=CARTESIAN_POINT('',(-5.49999999999999,-14.5914358443575,-0.499999999999983));
#5913=CARTESIAN_POINT('',(-5.49999999999999,0.,0.));
#5914=CARTESIAN_POINT('',(-5.49999999999999,-12.8865541189044,-6.8627052202865));
#5915=CARTESIAN_POINT('',(-5.49999999999999,6.74470958122161,4.47141016151375));
#5916=CARTESIAN_POINT('',(-5.49999999999999,0.,16.1535898384862));
#5917=CARTESIAN_POINT('',(-5.49999999999999,7.42772228311385,11.8651923788646));
#5918=CARTESIAN_POINT('',(-5.49999999999999,-6.86270522028655,-12.8865541189044));
#5919=CARTESIAN_POINT('',(-5.49999999999999,0.,0.));
#5920=CARTESIAN_POINT('',(-5.49999999999999,-0.500000000000034,-14.5914358443575));
#5921=CARTESIAN_POINT('',(-5.49999999999999,-0.499999999999962,16.1535898384862));
#5922=CARTESIAN_POINT('',(-5.49999999999999,0.,16.1535898384862));
#5923=CARTESIAN_POINT('',(-5.49999999999999,-6.56169687932938,12.3651923788647));
#5924=CARTESIAN_POINT('',(-5.49999999999999,7.72873062407093,-12.3865541189044));
#5925=CARTESIAN_POINT('',(-5.49999999999999,0.,0.));
#5926=CARTESIAN_POINT('',(-5.49999999999999,12.3865541189044,-7.728730624071));
#5927=CARTESIAN_POINT('',(-5.49999999999999,-7.24470958122165,3.60538475772938));
#5928=CARTESIAN_POINT('',(-5.49999999999999,0.,16.1535898384862));
#5929=CARTESIAN_POINT('',(-2.69630192214211E-33,-7.72873062407096,12.3865541189044));
#5930=CARTESIAN_POINT('',(-9.1,-7.72873062407096,12.3865541189044));
#5931=CARTESIAN_POINT('',(-9.1,0.,0.));
#5932=CARTESIAN_POINT('',(-9.1,-12.3865541189044,7.72873062407097));
#5933=CARTESIAN_POINT('',(0.,-12.3865541189044,7.72873062407097));
#5934=CARTESIAN_POINT('',(0.,0.,0.));
#5935=CARTESIAN_POINT('',(0.,12.3865541189044,7.72873062407094));
#5936=CARTESIAN_POINT('',(-9.1,12.3865541189044,7.72873062407095));
#5937=CARTESIAN_POINT('',(-9.1,0.,0.));
#5938=CARTESIAN_POINT('',(-9.1,7.72873062407096,12.3865541189044));
#5939=CARTESIAN_POINT('',(2.69630192214215E-33,7.72873062407096,12.3865541189044));
#5940=CARTESIAN_POINT('',(0.,0.,0.));
#5941=CARTESIAN_POINT('',(-2.69630192214211E-33,-14.5914358443575,-0.499999999999983));
#5942=CARTESIAN_POINT('',(-9.1,-14.5914358443575,-0.499999999999983));
#5943=CARTESIAN_POINT('',(-9.1,0.,0.));
#5944=CARTESIAN_POINT('',(-9.1,-12.8865541189044,-6.86270522028651));
#5945=CARTESIAN_POINT('',(0.,-12.8865541189044,-6.8627052202865));
#5946=CARTESIAN_POINT('',(0.,0.,0.));
#5947=CARTESIAN_POINT('',(-2.69630192214211E-33,-6.86270522028655,-12.8865541189044));
#5948=CARTESIAN_POINT('',(-9.1,-6.86270522028655,-12.8865541189044));
#5949=CARTESIAN_POINT('',(-9.1,0.,0.));
#5950=CARTESIAN_POINT('',(-9.1,-0.500000000000034,-14.5914358443575));
#5951=CARTESIAN_POINT('',(0.,-0.500000000000034,-14.5914358443575));
#5952=CARTESIAN_POINT('',(0.,0.,0.));
#5953=CARTESIAN_POINT('',(-2.69630192214211E-33,7.72873062407093,-12.3865541189044));
#5954=CARTESIAN_POINT('',(-9.1,7.72873062407093,-12.3865541189044));
#5955=CARTESIAN_POINT('',(-9.1,0.,0.));
#5956=CARTESIAN_POINT('',(-9.1,12.3865541189044,-7.728730624071));
#5957=CARTESIAN_POINT('',(0.,12.3865541189044,-7.728730624071));
#5958=CARTESIAN_POINT('',(0.,0.,0.));
#5959=CARTESIAN_POINT('',(-9.1,-6.75499814951863,10.7));
#5960=CARTESIAN_POINT('',(-9.1,-8.56429627306168,13.8337962760156));
#5961=CARTESIAN_POINT('',(-9.1,0.,0.));
#5962=CARTESIAN_POINT('',(-9.1,-13.8337962760156,8.56429627306169));
#5963=CARTESIAN_POINT('',(-9.1,-6.07198544762642,4.08301270189223));
#5964=CARTESIAN_POINT('',(-9.1,0.,14.6));
#5965=CARTESIAN_POINT('',(-9.1,6.0719854476264,4.0830127018922));
#5966=CARTESIAN_POINT('',(-9.1,13.8337962760156,8.56429627306166));
#5967=CARTESIAN_POINT('',(-9.1,0.,0.));
#5968=CARTESIAN_POINT('',(-9.1,8.56429627306167,13.8337962760156));
#5969=CARTESIAN_POINT('',(-9.1,6.75499814951863,10.7));
#5970=CARTESIAN_POINT('',(-9.1,0.,14.6));
#5971=CARTESIAN_POINT('',(-9.1,-1.42497125210639E-14,-0.499999999999997));
#5972=CARTESIAN_POINT('',(-9.09999999997859,-16.262567142342,-0.499999999999982));
#5973=CARTESIAN_POINT('',(-9.1,0.,0.));
#5974=CARTESIAN_POINT('',(-9.1,-14.3337962760156,-7.69827086927722));
#5975=CARTESIAN_POINT('',(-9.1,6.0719854476264,4.0830127018922));
#5976=CARTESIAN_POINT('',(-9.1,0.,14.6));
#5977=CARTESIAN_POINT('',(-9.1,6.75499814951864,10.7));
#5978=CARTESIAN_POINT('',(-9.1,-7.69827086927727,-14.3337962760156));
#5979=CARTESIAN_POINT('',(-9.1,0.,0.));
#5980=CARTESIAN_POINT('',(-9.09999999996245,-0.500000000000038,-16.2625671423447));
#5981=CARTESIAN_POINT('',(-9.1,-0.499999999999966,14.6));
#5982=CARTESIAN_POINT('',(-9.1,0.,14.6));
#5983=CARTESIAN_POINT('',(-9.1,-5.88897274573418,11.2));
#5984=CARTESIAN_POINT('',(-9.1,8.56429627306164,-13.8337962760156));
#5985=CARTESIAN_POINT('',(-9.1,0.,0.));
#5986=CARTESIAN_POINT('',(-9.1,13.8337962760156,-8.56429627306172));
#5987=CARTESIAN_POINT('',(-9.1,-6.57198544762643,3.21698729810783));
#5988=CARTESIAN_POINT('',(-9.1,0.,14.6));
#5989=CARTESIAN_POINT('',(-9.1,-8.56429627306168,13.8337962760156));
#5990=CARTESIAN_POINT('',(-9.1,-8.57467198331981,13.8517675333473));
#5991=CARTESIAN_POINT('',(-9.10330503982447,-8.5851708470492,13.8699520987484));
#5992=CARTESIAN_POINT('',(-9.10968008736142,-8.59504480550497,13.8870542964656));
#5993=CARTESIAN_POINT('',(-9.11656314212704,-8.60570558825372,13.9055193138349));
#5994=CARTESIAN_POINT('',(-9.12722281512523,-8.61591927958573,13.9232099461547));
#5995=CARTESIAN_POINT('',(-9.14077713866049,-8.62483928395333,13.9386598469232));
#5996=CARTESIAN_POINT('',(-9.15432780541154,-8.63375688181714,13.9541055795047));
#5997=CARTESIAN_POINT('',(-9.17114565410737,-8.64162755778204,13.9677379901659));
#5998=CARTESIAN_POINT('',(-9.18983790543511,-8.64779834615026,13.9784261091424));
#5999=CARTESIAN_POINT('',(-9.20852194380591,-8.65396642321215,13.9891095319986));
#6000=CARTESIAN_POINT('',(-9.22959441633042,-8.65860628691602,13.9971460116739));
#6001=CARTESIAN_POINT('',(-9.25130934037812,-8.66133282602308,14.0018685159361));
#6002=CARTESIAN_POINT('',(-9.27301518271722,-8.66405822482528,14.0065890451324));
#6003=CARTESIAN_POINT('',(-9.29596178417621,-8.66494708680769,14.0081285992469));
#6004=CARTESIAN_POINT('',(-9.31824813482808,-8.66392564655054,14.0063594128246));
#6005=CARTESIAN_POINT('',(-9.32145165142111,-8.66377882121948,14.0061051038914));
#6006=CARTESIAN_POINT('',(-9.32464900856844,-8.66359326741646,14.005783715277));
#6007=CARTESIAN_POINT('',(-9.32783462019201,-8.66336930991104,14.0053958094989));
#6008=CARTESIAN_POINT('',(-9.32783462019201,-8.66336930991104,14.0053958094989));
#6009=CARTESIAN_POINT('',(-9.32783462019201,0.,0.));
#6010=CARTESIAN_POINT('',(-9.32783462019201,-14.0053958094988,8.66336930991106));
#6011=CARTESIAN_POINT('',(-9.1,-13.8337962760156,8.56429627306169));
#6012=CARTESIAN_POINT('',(-9.1,-13.8517675333473,8.57467198331983));
#6013=CARTESIAN_POINT('',(-9.10330503982447,-13.8699520987483,8.58517084704921));
#6014=CARTESIAN_POINT('',(-9.10968008736142,-13.8870542964656,8.59504480550498));
#6015=CARTESIAN_POINT('',(-9.11656314212703,-13.9055193138349,8.60570558825373));
#6016=CARTESIAN_POINT('',(-9.12722281512523,-13.9232099461547,8.61591927958574));
#6017=CARTESIAN_POINT('',(-9.14077713866049,-13.9386598469231,8.62483928395335));
#6018=CARTESIAN_POINT('',(-9.15432780541154,-13.9541055795047,8.63375688181715));
#6019=CARTESIAN_POINT('',(-9.17114565410737,-13.9677379901659,8.64162755778206));
#6020=CARTESIAN_POINT('',(-9.18983790543511,-13.9784261091424,8.64779834615027));
#6021=CARTESIAN_POINT('',(-9.20852194380591,-13.9891095319986,8.65396642321217));
#6022=CARTESIAN_POINT('',(-9.22959441633042,-13.9971460116738,8.65860628691603));
#6023=CARTESIAN_POINT('',(-9.25130934037812,-14.0018685159361,8.6613328260231));
#6024=CARTESIAN_POINT('',(-9.27301518271722,-14.0065890451324,8.6640582248253));
#6025=CARTESIAN_POINT('',(-9.29596178417621,-14.0081285992469,8.66494708680771));
#6026=CARTESIAN_POINT('',(-9.31824813482808,-14.0063594128246,8.66392564655056));
#6027=CARTESIAN_POINT('',(-9.32145165142111,-14.0061051038913,8.6637788212195));
#6028=CARTESIAN_POINT('',(-9.32464900856844,-14.005783715277,8.66359326741648));
#6029=CARTESIAN_POINT('',(-9.32783462019201,-14.0053958094988,8.66336930991106));
#6030=CARTESIAN_POINT('',(-9.3,0.,0.));
#6031=CARTESIAN_POINT('',(-9.32783462019201,14.0053958094989,8.66336930991102));
#6032=CARTESIAN_POINT('',(-9.30574276971626,14.0080858914868,8.66492242947091));
#6033=CARTESIAN_POINT('',(-9.28281336701382,14.0075198504349,8.66459562551722));
#6034=CARTESIAN_POINT('',(-9.26093431463002,14.0037443724156,8.66241585226645));
#6035=CARTESIAN_POINT('',(-9.23899024890064,13.999957675608,8.66022960184523));
#6036=CARTESIAN_POINT('',(-9.21749865733341,13.9928376984864,8.65611888113746));
#6037=CARTESIAN_POINT('',(-9.19823838719359,13.9829747839136,8.65042452475388));
#6038=CARTESIAN_POINT('',(-9.17897564646132,13.9731106041851,8.64472943793226));
#6039=CARTESIAN_POINT('',(-9.16141372029822,13.9602309794233,8.63729338310896));
#6040=CARTESIAN_POINT('',(-9.14700470168457,13.9454027271982,8.62873228769522));
#6041=CARTESIAN_POINT('',(-9.13259006337161,13.9305686917675,8.62016785334612));
#6042=CARTESIAN_POINT('',(-9.12093337388138,13.9133756935288,8.61024147118484));
#6043=CARTESIAN_POINT('',(-9.11299776722073,13.8952468610891,8.5997747848957));
#6044=CARTESIAN_POINT('',(-9.10505857927602,13.8771098472335,8.58930337506386));
#6045=CARTESIAN_POINT('',(-9.10062490875611,13.8575361396738,8.57800248973521));
#6046=CARTESIAN_POINT('',(-9.10006300992001,13.838145742494,8.56680743870379));
#6047=CARTESIAN_POINT('',(-9.10002100659986,13.8366962626083,8.56597058110159));
#6048=CARTESIAN_POINT('',(-9.1,13.8352462122722,8.56513339414972));
#6049=CARTESIAN_POINT('',(-9.1,13.8337962760156,8.56429627306166));
#6050=CARTESIAN_POINT('',(-9.32783462019201,14.0053958094989,8.66336930991102));
#6051=CARTESIAN_POINT('',(-9.32783462019201,0.,0.));
#6052=CARTESIAN_POINT('',(-9.32783462019201,8.66336930991104,14.0053958094989));
#6053=CARTESIAN_POINT('',(-9.1,8.56429627306167,13.8337962760156));
#6054=CARTESIAN_POINT('',(-9.1,8.57467198332068,13.8517675333488));
#6055=CARTESIAN_POINT('',(-9.10330503982504,8.58517084705098,13.8699520987514));
#6056=CARTESIAN_POINT('',(-9.10968008736305,8.59504480550749,13.8870542964699));
#6057=CARTESIAN_POINT('',(-9.11656314212923,8.60570558825615,13.9055193138391));
#6058=CARTESIAN_POINT('',(-9.12722281512796,8.61591927958801,13.9232099461587));
#6059=CARTESIAN_POINT('',(-9.14077713866369,8.62483928395544,13.9386598469268));
#6060=CARTESIAN_POINT('',(-9.15432780541522,8.63375688181907,13.9541055795081));
#6061=CARTESIAN_POINT('',(-9.17114565411147,8.64162755778375,13.9677379901688));
#6062=CARTESIAN_POINT('',(-9.18983790543953,8.64779834615172,13.9784261091449));
#6063=CARTESIAN_POINT('',(-9.20852194381066,8.65396642321336,13.9891095320007));
#6064=CARTESIAN_POINT('',(-9.22959441633541,8.65860628691695,13.9971460116755));
#6065=CARTESIAN_POINT('',(-9.25130934038326,8.66133282602373,14.0018685159372));
#6066=CARTESIAN_POINT('',(-9.2730151827225,8.66405822482563,14.006589045133));
#6067=CARTESIAN_POINT('',(-9.29596178418154,8.66494708680775,14.008128599247));
#6068=CARTESIAN_POINT('',(-9.31824813483336,8.6639256465503,14.0063594128242));
#6069=CARTESIAN_POINT('',(-9.32145165142462,8.66377882121928,14.006105103891));
#6070=CARTESIAN_POINT('',(-9.32464900857019,8.66359326741634,14.0057837152768));
#6071=CARTESIAN_POINT('',(-9.32783462019201,8.66336930991104,14.0053958094989));
#6072=CARTESIAN_POINT('',(-9.3,0.,0.));
#6073=CARTESIAN_POINT('',(-9.09999999997859,-16.262567142342,-0.499999999999982));
#6074=CARTESIAN_POINT('',(-9.09999999997874,-16.2721108314562,-0.499999999999982));
#6075=CARTESIAN_POINT('',(-9.10068596118652,-16.2816788298865,-0.499999999999982));
#6076=CARTESIAN_POINT('',(-9.10204742293099,-16.2911249096991,-0.499999999999982));
#6077=CARTESIAN_POINT('',(-9.10524372104712,-16.3133014322731,-0.499999999999982));
#6078=CARTESIAN_POINT('',(-9.11231298576782,-16.3352321038131,-0.499999999999982));
#6079=CARTESIAN_POINT('',(-9.12267062227631,-16.3551000136448,-0.499999999999982));
#6080=CARTESIAN_POINT('',(-9.13302689120932,-16.3749653002075,-0.499999999999982));
#6081=CARTESIAN_POINT('',(-9.14695658833298,-16.3933165067028,-0.499999999999981));
#6082=CARTESIAN_POINT('',(-9.16330661440357,-16.4086318115945,-0.499999999999981));
#6083=CARTESIAN_POINT('',(-9.17965049839053,-16.4239413631079,-0.499999999999981));
#6084=CARTESIAN_POINT('',(-9.19886405102305,-16.4366397237871,-0.499999999999981));
#6085=CARTESIAN_POINT('',(-9.21935558855708,-16.4456730952957,-0.499999999999981));
#6086=CARTESIAN_POINT('',(-9.23217910118913,-16.4513261388245,-0.499999999999981));
#6087=CARTESIAN_POINT('',(-9.24567382447027,-16.4556470549789,-0.499999999999981));
#6088=CARTESIAN_POINT('',(-9.25939596659432,-16.4584934900985,-0.499999999999981));
#6089=CARTESIAN_POINT('',(-9.28130478508266,-16.4630381180298,-0.499999999999981));
#6090=CARTESIAN_POINT('',(-9.30430040221757,-16.4638628147277,-0.499999999999981));
#6091=CARTESIAN_POINT('',(-9.32647847146535,-16.4608991657893,-0.499999999999981));
#6092=CARTESIAN_POINT('',(-9.32693073059674,-16.4608387305333,-0.499999999999981));
#6093=CARTESIAN_POINT('',(-9.32738278547058,-16.4607767465549,-0.499999999999981));
#6094=CARTESIAN_POINT('',(-9.32783462019201,-16.4607132160377,-0.499999999999981));
#6095=CARTESIAN_POINT('',(-9.32783462019201,-16.4607132160377,-0.499999999999981));
#6096=CARTESIAN_POINT('',(-9.32783462019201,0.,0.));
#6097=CARTESIAN_POINT('',(-9.32783462019201,-14.5053958094989,-7.79734390612658));
#6098=CARTESIAN_POINT('',(-9.1,-14.3337962760156,-7.69827086927722));
#6099=CARTESIAN_POINT('',(-9.1,-14.3517675333473,-7.70864657953536));
#6100=CARTESIAN_POINT('',(-9.10330503982447,-14.3699520987484,-7.71914544326474));
#6101=CARTESIAN_POINT('',(-9.10968008736142,-14.3870542964656,-7.72901940172051));
#6102=CARTESIAN_POINT('',(-9.11656314212703,-14.4055193138349,-7.73968018446926));
#6103=CARTESIAN_POINT('',(-9.12722281512523,-14.4232099461547,-7.74989387580127));
#6104=CARTESIAN_POINT('',(-9.14077713866048,-14.4386598469232,-7.75881388016887));
#6105=CARTESIAN_POINT('',(-9.15432780541154,-14.4541055795047,-7.76773147803268));
#6106=CARTESIAN_POINT('',(-9.17114565410737,-14.4677379901659,-7.77560215399759));
#6107=CARTESIAN_POINT('',(-9.18983790543511,-14.4784261091424,-7.7817729423658));
#6108=CARTESIAN_POINT('',(-9.2085219438059,-14.4891095319986,-7.78794101942769));
#6109=CARTESIAN_POINT('',(-9.22959441633042,-14.4971460116739,-7.79258088313156));
#6110=CARTESIAN_POINT('',(-9.25130934037812,-14.5018685159361,-7.79530742223863));
#6111=CARTESIAN_POINT('',(-9.27301518271722,-14.5065890451324,-7.79803282104082));
#6112=CARTESIAN_POINT('',(-9.29596178417621,-14.5081285992469,-7.79892168302324));
#6113=CARTESIAN_POINT('',(-9.31824813482808,-14.5063594128246,-7.79790024276608));
#6114=CARTESIAN_POINT('',(-9.32145165142111,-14.5061051038914,-7.79775341743503));
#6115=CARTESIAN_POINT('',(-9.32464900856844,-14.505783715277,-7.79756786363201));
#6116=CARTESIAN_POINT('',(-9.32783462019201,-14.5053958094989,-7.79734390612658));
#6117=CARTESIAN_POINT('',(-9.3,0.,0.));
#6118=CARTESIAN_POINT('',(-9.1,-7.69827086927727,-14.3337962760156));
#6119=CARTESIAN_POINT('',(-9.1,-7.70864657953634,-14.3517675333489));
#6120=CARTESIAN_POINT('',(-9.10330503982508,-7.71914544326669,-14.3699520987516));
#6121=CARTESIAN_POINT('',(-9.10968008736316,-7.72901940172325,-14.3870542964702));
#6122=CARTESIAN_POINT('',(-9.11656314212937,-7.7396801844719,-14.4055193138393));
#6123=CARTESIAN_POINT('',(-9.12722281512814,-7.74989387580376,-14.4232099461589));
#6124=CARTESIAN_POINT('',(-9.1407771386639,-7.75881388017117,-14.438659846927));
#6125=CARTESIAN_POINT('',(-9.15432780541546,-7.76773147803479,-14.4541055795083));
#6126=CARTESIAN_POINT('',(-9.17114565411174,-7.77560215399946,-14.467737990169));
#6127=CARTESIAN_POINT('',(-9.18983790543982,-7.78177294236741,-14.478426109145));
#6128=CARTESIAN_POINT('',(-9.20852194381097,-7.78794101942904,-14.4891095320008));
#6129=CARTESIAN_POINT('',(-9.22959441633574,-7.7925808831326,-14.4971460116756));
#6130=CARTESIAN_POINT('',(-9.2513093403836,-7.79530742223936,-14.5018685159373));
#6131=CARTESIAN_POINT('',(-9.27301518272285,-7.79803282104125,-14.506589045133));
#6132=CARTESIAN_POINT('',(-9.29596178418189,-7.79892168302334,-14.5081285992469));
#6133=CARTESIAN_POINT('',(-9.3182481348337,-7.79790024276588,-14.5063594128241));
#6134=CARTESIAN_POINT('',(-9.32145165142485,-7.79775341743486,-14.506105103891));
#6135=CARTESIAN_POINT('',(-9.3246490085703,-7.79756786363193,-14.5057837152767));
#6136=CARTESIAN_POINT('',(-9.32783462019201,-7.79734390612664,-14.5053958094988));
#6137=CARTESIAN_POINT('',(-9.32783462019201,-7.79734390612664,-14.5053958094988));
#6138=CARTESIAN_POINT('',(-9.32783462019201,0.,0.));
#6139=CARTESIAN_POINT('',(-9.32783462019201,-0.500000000000039,-16.4607132160377));
#6140=CARTESIAN_POINT('',(-9.09999999996245,-0.500000000000038,-16.2625671423447));
#6141=CARTESIAN_POINT('',(-9.09999999996275,-0.500000000000038,-16.272668044929));
#6142=CARTESIAN_POINT('',(-9.1007688706829,-0.500000000000038,-16.2827977549809));
#6143=CARTESIAN_POINT('',(-9.10229348368064,-0.500000000000038,-16.2927829334081));
#6144=CARTESIAN_POINT('',(-9.10567536020764,-0.500000000000038,-16.3149319250481));
#6145=CARTESIAN_POINT('',(-9.11292803055196,-0.500000000000038,-16.3368026484673));
#6146=CARTESIAN_POINT('',(-9.12345171749764,-0.500000000000038,-16.3565831169295));
#6147=CARTESIAN_POINT('',(-9.13397393769032,-0.500000000000038,-16.3763608284623));
#6148=CARTESIAN_POINT('',(-9.14805676836213,-0.500000000000039,-16.3945945896853));
#6149=CARTESIAN_POINT('',(-9.1645344066777,-0.500000000000039,-16.4097722847277));
#6150=CARTESIAN_POINT('',(-9.18100578516853,-0.500000000000039,-16.4249442137914));
#6151=CARTESIAN_POINT('',(-9.20032482634372,-0.500000000000039,-16.4374810299473));
#6152=CARTESIAN_POINT('',(-9.22089108810085,-0.500000000000039,-16.4463423288498));
#6153=CARTESIAN_POINT('',(-9.23376113193908,-0.500000000000039,-16.4518875906328));
#6154=CARTESIAN_POINT('',(-9.24729116863563,-0.500000000000039,-16.4560952153196));
#6155=CARTESIAN_POINT('',(-9.26103626110472,-0.500000000000039,-16.4588265867069));
#6156=CARTESIAN_POINT('',(-9.28288407207656,-0.500000000000039,-16.4631680988428));
#6157=CARTESIAN_POINT('',(-9.305776597242,-0.500000000000039,-16.463814698816));
#6158=CARTESIAN_POINT('',(-9.32783462019201,-0.500000000000039,-16.4607132160377));
#6159=CARTESIAN_POINT('',(-9.3,0.,0.));
#6160=CARTESIAN_POINT('',(-9.1,8.56429627306164,-13.8337962760156));
#6161=CARTESIAN_POINT('',(-9.1,8.57467198331978,-13.8517675333473));
#6162=CARTESIAN_POINT('',(-9.10330503982447,8.58517084704917,-13.8699520987484));
#6163=CARTESIAN_POINT('',(-9.10968008736142,8.59504480550493,-13.8870542964656));
#6164=CARTESIAN_POINT('',(-9.11656314212703,8.60570558825368,-13.9055193138349));
#6165=CARTESIAN_POINT('',(-9.12722281512523,8.61591927958569,-13.9232099461547));
#6166=CARTESIAN_POINT('',(-9.14077713866048,8.6248392839533,-13.9386598469232));
#6167=CARTESIAN_POINT('',(-9.15432780541154,8.6337568818171,-13.9541055795048));
#6168=CARTESIAN_POINT('',(-9.17114565410737,8.64162755778201,-13.9677379901659));
#6169=CARTESIAN_POINT('',(-9.18983790543511,8.64779834615022,-13.9784261091424));
#6170=CARTESIAN_POINT('',(-9.2085219438059,8.65396642321212,-13.9891095319986));
#6171=CARTESIAN_POINT('',(-9.22959441633042,8.65860628691598,-13.9971460116739));
#6172=CARTESIAN_POINT('',(-9.25130934037812,8.66133282602305,-14.0018685159361));
#6173=CARTESIAN_POINT('',(-9.27301518271722,8.66405822482524,-14.0065890451324));
#6174=CARTESIAN_POINT('',(-9.29596178417621,8.66494708680766,-14.0081285992469));
#6175=CARTESIAN_POINT('',(-9.31824813482807,8.66392564655051,-14.0063594128246));
#6176=CARTESIAN_POINT('',(-9.32145165142111,8.66377882121945,-14.0061051038914));
#6177=CARTESIAN_POINT('',(-9.32464900856844,8.66359326741643,-14.005783715277));
#6178=CARTESIAN_POINT('',(-9.32783462019201,8.66336930991101,-14.0053958094989));
#6179=CARTESIAN_POINT('',(-9.32783462019201,8.66336930991101,-14.0053958094989));
#6180=CARTESIAN_POINT('',(-9.32783462019201,0.,0.));
#6181=CARTESIAN_POINT('',(-9.32783462019201,14.0053958094988,-8.66336930991109));
#6182=CARTESIAN_POINT('',(-9.1,13.8337962760156,-8.56429627306172));
#6183=CARTESIAN_POINT('',(-9.1,13.8517675333473,-8.57467198331986));
#6184=CARTESIAN_POINT('',(-9.10330503982447,13.8699520987483,-8.58517084704924));
#6185=CARTESIAN_POINT('',(-9.10968008736142,13.8870542964655,-8.59504480550501));
#6186=CARTESIAN_POINT('',(-9.11656314212703,13.9055193138348,-8.60570558825376));
#6187=CARTESIAN_POINT('',(-9.12722281512522,13.9232099461547,-8.61591927958577));
#6188=CARTESIAN_POINT('',(-9.14077713866048,13.9386598469231,-8.62483928395337));
#6189=CARTESIAN_POINT('',(-9.15432780541153,13.9541055795047,-8.63375688181718));
#6190=CARTESIAN_POINT('',(-9.17114565410737,13.9677379901658,-8.64162755778209));
#6191=CARTESIAN_POINT('',(-9.1898379054351,13.9784261091423,-8.6477983461503));
#6192=CARTESIAN_POINT('',(-9.2085219438059,13.9891095319985,-8.6539664232122));
#6193=CARTESIAN_POINT('',(-9.22959441633041,13.9971460116738,-8.65860628691606));
#6194=CARTESIAN_POINT('',(-9.25130934037812,14.0018685159361,-8.66133282602313));
#6195=CARTESIAN_POINT('',(-9.27301518271721,14.0065890451324,-8.66405822482533));
#6196=CARTESIAN_POINT('',(-9.2959617841762,14.0081285992468,-8.66494708680774));
#6197=CARTESIAN_POINT('',(-9.31824813482807,14.0063594128246,-8.66392564655059));
#6198=CARTESIAN_POINT('',(-9.3214516514211,14.0061051038913,-8.66377882121953));
#6199=CARTESIAN_POINT('',(-9.32464900856844,14.005783715277,-8.66359326741651));
#6200=CARTESIAN_POINT('',(-9.32783462019201,14.0053958094988,-8.66336930991109));
#6201=CARTESIAN_POINT('',(-9.3,0.,0.));
#6202=CARTESIAN_POINT('',(-9.32783462019201,-8.66336930991104,14.0053958094989));
#6203=CARTESIAN_POINT('',(-19.2649777855808,-7.96476004508502,12.7953690681819));
#6204=CARTESIAN_POINT('',(-29.2021009866885,-7.26607976528787,11.5852193253268));
#6205=CARTESIAN_POINT('',(-39.1391731009639,-6.56721788609994,10.3747550431002));
#6206=CARTESIAN_POINT('',(-39.1391731009639,-6.56721788609994,10.3747550431002));
#6207=CARTESIAN_POINT('',(-39.1391731009639,0.,0.));
#6208=CARTESIAN_POINT('',(-39.1391731009639,-10.3747550431002,6.56721788609995));
#6209=CARTESIAN_POINT('',(-9.32783462019201,-14.0053958094988,8.66336930991106));
#6210=CARTESIAN_POINT('',(-19.2649777855808,-12.7953690681818,7.96476004508504));
#6211=CARTESIAN_POINT('',(-29.2021009866885,-11.5852193253267,7.26607976528789));
#6212=CARTESIAN_POINT('',(-39.1391731009639,-10.3747550431002,6.56721788609995));
#6213=CARTESIAN_POINT('',(-9.32783462019201,0.,0.));
#6214=CARTESIAN_POINT('',(-39.1391731009639,10.3747550431002,6.56721788609992));
#6215=CARTESIAN_POINT('',(-32.0236240387333,11.241521218208,7.06764557062287));
#6216=CARTESIAN_POINT('',(-24.9080480471375,12.1081215926081,7.56797753006263));
#6217=CARTESIAN_POINT('',(-17.7924584054976,12.9746378843815,8.06826094437516));
#6218=CARTESIAN_POINT('',(-14.9709192619783,13.3182369055263,8.26663793172641));
#6219=CARTESIAN_POINT('',(-12.1493778469775,13.6618219372733,8.46500684229508));
#6220=CARTESIAN_POINT('',(-9.32783462019201,14.0053958094989,8.66336930991102));
#6221=CARTESIAN_POINT('',(-39.1391731009639,10.3747550431002,6.56721788609992));
#6222=CARTESIAN_POINT('',(-39.1391731009639,0.,0.));
#6223=CARTESIAN_POINT('',(-39.1391731009639,6.56721788609994,10.3747550431002));
#6224=CARTESIAN_POINT('',(-9.32783462019201,8.66336930991104,14.0053958094989));
#6225=CARTESIAN_POINT('',(-19.2649777855808,7.96476004508502,12.7953690681819));
#6226=CARTESIAN_POINT('',(-29.2021009866885,7.26607976528787,11.5852193253268));
#6227=CARTESIAN_POINT('',(-39.1391731009639,6.56721788609994,10.3747550431002));
#6228=CARTESIAN_POINT('',(-9.32783462019201,0.,0.));
#6229=CARTESIAN_POINT('',(-9.32783462019201,-16.4607132160377,-0.499999999999981));
#6230=CARTESIAN_POINT('',(-11.2313712138995,-16.1930652053033,-0.499999999999982));
#6231=CARTESIAN_POINT('',(-13.1349069801163,-15.9254113092919,-0.499999999999982));
#6232=CARTESIAN_POINT('',(-15.0384417845881,-15.657750573662,-0.499999999999982));
#6233=CARTESIAN_POINT('',(-23.0720408054546,-14.5281263510685,-0.499999999999983));
#6234=CARTESIAN_POINT('',(-31.1056239696051,-13.3983893356456,-0.499999999999984));
#6235=CARTESIAN_POINT('',(-39.1391731009639,-12.2684103684154,-0.499999999999985));
#6236=CARTESIAN_POINT('',(-39.1391731009639,-12.2684103684154,-0.499999999999985));
#6237=CARTESIAN_POINT('',(-39.1391731009639,0.,0.));
#6238=CARTESIAN_POINT('',(-39.1391731009639,-10.8747550431002,-5.70119248231549));
#6239=CARTESIAN_POINT('',(-9.32783462019201,-14.5053958094989,-7.79734390612658));
#6240=CARTESIAN_POINT('',(-19.2649777855808,-13.2953690681819,-7.09873464130057));
#6241=CARTESIAN_POINT('',(-29.2021009866885,-12.0852193253268,-6.40005436150342));
#6242=CARTESIAN_POINT('',(-39.1391731009639,-10.8747550431002,-5.70119248231549));
#6243=CARTESIAN_POINT('',(-9.32783462019201,0.,0.));
#6244=CARTESIAN_POINT('',(-9.32783462019201,-7.79734390612664,-14.5053958094988));
#6245=CARTESIAN_POINT('',(-19.2649777855808,-7.09873464130061,-13.2953690681818));
#6246=CARTESIAN_POINT('',(-29.2021009866885,-6.40005436150346,-12.0852193253267));
#6247=CARTESIAN_POINT('',(-39.1391731009639,-5.70119248231552,-10.8747550431002));
#6248=CARTESIAN_POINT('',(-39.1391731009639,-5.70119248231552,-10.8747550431002));
#6249=CARTESIAN_POINT('',(-39.1391731009639,0.,0.));
#6250=CARTESIAN_POINT('',(-39.1391731009639,-0.500000000000029,-12.2684103684165));
#6251=CARTESIAN_POINT('',(-9.32783462019201,-0.500000000000039,-16.4607132160377));
#6252=CARTESIAN_POINT('',(-10.3961598723784,-0.500000000000038,-16.3105006435501));
#6253=CARTESIAN_POINT('',(-11.4644848634385,-0.500000000000038,-16.1602862138957));
#6254=CARTESIAN_POINT('',(-12.5328095706731,-0.500000000000038,-16.0100697657131));
#6255=CARTESIAN_POINT('',(-21.4016229601365,-0.500000000000035,-14.7630316340126));
#6256=CARTESIAN_POINT('',(-30.2704186000538,-0.500000000000032,-13.515867238063));
#6257=CARTESIAN_POINT('',(-39.1391731009639,-0.500000000000029,-12.2684103684165));
#6258=CARTESIAN_POINT('',(-9.32783462019201,0.,0.));
#6259=CARTESIAN_POINT('',(-9.32783462019201,8.66336930991101,-14.0053958094989));
#6260=CARTESIAN_POINT('',(-19.2649777855808,7.96476004508499,-12.7953690681819));
#6261=CARTESIAN_POINT('',(-29.2021009866885,7.26607976528785,-11.5852193253268));
#6262=CARTESIAN_POINT('',(-39.1391731009639,6.56721788609991,-10.3747550431002));
#6263=CARTESIAN_POINT('',(-39.1391731009639,6.56721788609991,-10.3747550431002));
#6264=CARTESIAN_POINT('',(-39.1391731009639,0.,0.));
#6265=CARTESIAN_POINT('',(-39.1391731009639,10.3747550431002,-6.56721788609997));
#6266=CARTESIAN_POINT('',(-9.32783462019201,14.0053958094988,-8.66336930991109));
#6267=CARTESIAN_POINT('',(-19.2649777855808,12.7953690681818,-7.96476004508507));
#6268=CARTESIAN_POINT('',(-29.2021009866885,11.5852193253267,-7.26607976528791));
#6269=CARTESIAN_POINT('',(-39.1391731009639,10.3747550431002,-6.56721788609997));
#6270=CARTESIAN_POINT('',(-9.32783462019201,0.,0.));
#6271=CARTESIAN_POINT('',(-40.0000000000038,-6.07163671131866,9.51638326910433));
#6272=CARTESIAN_POINT('',(-40.0000000000038,-6.11407737232173,9.58989265026845));
#6273=CARTESIAN_POINT('',(-39.9890392965555,-6.156856689826,9.66398860169898));
#6274=CARTESIAN_POINT('',(-39.9676394385533,-6.19792640160669,9.73512342915535));
#6275=CARTESIAN_POINT('',(-39.9393684304537,-6.25218293706052,9.82909850520404));
#6276=CARTESIAN_POINT('',(-39.8919672120725,-6.3047480454252,9.92014394359702));
#6277=CARTESIAN_POINT('',(-39.8293527663087,-6.35126085989193,10.0007065014564));
#6278=CARTESIAN_POINT('',(-39.7667736417209,-6.39774743620732,10.0812236135046));
#6279=CARTESIAN_POINT('',(-39.6872692582929,-6.43947187080755,10.1534924541493));
#6280=CARTESIAN_POINT('',(-39.5974231821311,-6.47296752926732,10.2115086364346));
#6281=CARTESIAN_POINT('',(-39.5076534932457,-6.50643470966514,10.2694754932697));
#6282=CARTESIAN_POINT('',(-39.4050805215587,-6.53261085873495,10.3148139134051));
#6283=CARTESIAN_POINT('',(-39.2982064399679,-6.54931966166809,10.343754409019));
#6284=CARTESIAN_POINT('',(-39.2463451570602,-6.55742770753915,10.3577979564177));
#6285=CARTESIAN_POINT('',(-39.1929808390443,-6.56343365503898,10.368200562635));
#6286=CARTESIAN_POINT('',(-39.1391731009639,-6.56721788609994,10.3747550431002));
#6287=CARTESIAN_POINT('',(-40.0000000000038,-9.51638326910433,6.07163671131867));
#6288=CARTESIAN_POINT('',(-40.0000000000038,-9.58989265026847,6.11407737232175));
#6289=CARTESIAN_POINT('',(-39.9890392965555,-9.66398860169902,6.15685668982604));
#6290=CARTESIAN_POINT('',(-39.9676394385533,-9.73512342915541,6.19792640160675));
#6291=CARTESIAN_POINT('',(-39.9393684304537,-9.8290985052041,6.25218293706057));
#6292=CARTESIAN_POINT('',(-39.8919672120725,-9.92014394359708,6.30474804542525));
#6293=CARTESIAN_POINT('',(-39.8293527663087,-10.0007065014565,6.35126085989198));
#6294=CARTESIAN_POINT('',(-39.7667736417208,-10.0812236135047,6.39774743620737));
#6295=CARTESIAN_POINT('',(-39.6872692582928,-10.1534924541493,6.43947187080758));
#6296=CARTESIAN_POINT('',(-39.597423182131,-10.2115086364346,6.47296752926735));
#6297=CARTESIAN_POINT('',(-39.5076534932456,-10.2694754932697,6.50643470966517));
#6298=CARTESIAN_POINT('',(-39.4050805215586,-10.3148139134051,6.53261085873498));
#6299=CARTESIAN_POINT('',(-39.2982064399679,-10.343754409019,6.54931966166812));
#6300=CARTESIAN_POINT('',(-39.2463451570602,-10.3577979564177,6.55742770753917));
#6301=CARTESIAN_POINT('',(-39.1929808390443,-10.368200562635,6.563433655039));
#6302=CARTESIAN_POINT('',(-39.1391731009639,-10.3747550431002,6.56721788609995));
#6303=CARTESIAN_POINT('',(-39.0000000000038,0.,0.));
#6304=CARTESIAN_POINT('',(-39.1391731009639,10.3747550431002,6.56721788609992));
#6305=CARTESIAN_POINT('',(-39.2498916254879,10.3612680906281,6.5594311904596));
#6306=CARTESIAN_POINT('',(-39.3594469043078,10.3310446766551,6.54198169426649));
#6307=CARTESIAN_POINT('',(-39.458776793757,10.286592213978,6.5163170529737));
#6308=CARTESIAN_POINT('',(-39.5581639161352,10.2421141382185,6.49063762396093));
#6309=CARTESIAN_POINT('',(-39.6500532414012,10.1821654301511,6.45602622122064));
#6310=CARTESIAN_POINT('',(-39.7268514909614,10.1117156541216,6.41535202406565));
#6311=CARTESIAN_POINT('',(-39.8036859820764,10.0412326324199,6.37465863251288));
#6312=CARTESIAN_POINT('',(-39.8675329337222,9.95829768323379,6.32677611727506));
#6313=CARTESIAN_POINT('',(-39.9131273613464,9.86977439960684,6.27566717564349));
#6314=CARTESIAN_POINT('',(-39.9587609002698,9.78117517993226,6.22451439231438));
#6315=CARTESIAN_POINT('',(-39.987368663424,9.68453720683773,6.16872043253432));
#6316=CARTESIAN_POINT('',(-39.9965955307652,9.5878532613129,6.11289993055924));
#6317=CARTESIAN_POINT('',(-39.9988632715535,9.5640906863531,6.09918060150956));
#6318=CARTESIAN_POINT('',(-40.0000000000038,9.54022686268695,6.08540281649198));
#6319=CARTESIAN_POINT('',(-40.0000000000038,9.51638326910436,6.07163671131862));
#6320=CARTESIAN_POINT('',(-40.0000000000038,6.07163671131888,9.51638326910471));
#6321=CARTESIAN_POINT('',(-40.0000000000038,6.11407737232189,9.58989265026873));
#6322=CARTESIAN_POINT('',(-39.9890392965555,6.1568566898261,9.66398860169915));
#6323=CARTESIAN_POINT('',(-39.9676394385533,6.19792640160673,9.73512342915542));
#6324=CARTESIAN_POINT('',(-39.9393684304537,6.25218293706056,9.8290985052041));
#6325=CARTESIAN_POINT('',(-39.8919672120725,6.30474804542524,9.92014394359709));
#6326=CARTESIAN_POINT('',(-39.8293527663087,6.35126085989197,10.0007065014565));
#6327=CARTESIAN_POINT('',(-39.7667736417208,6.39774743620736,10.0812236135047));
#6328=CARTESIAN_POINT('',(-39.6872692582929,6.43947187080757,10.1534924541493));
#6329=CARTESIAN_POINT('',(-39.597423182131,6.47296752926734,10.2115086364346));
#6330=CARTESIAN_POINT('',(-39.5076534932456,6.50643470966516,10.2694754932697));
#6331=CARTESIAN_POINT('',(-39.4050805215586,6.53261085873497,10.3148139134051));
#6332=CARTESIAN_POINT('',(-39.2982064399679,6.54931966166811,10.343754409019));
#6333=CARTESIAN_POINT('',(-39.2463451570602,6.55742770753916,10.3577979564177));
#6334=CARTESIAN_POINT('',(-39.1929808390443,6.56343365503899,10.368200562635));
#6335=CARTESIAN_POINT('',(-39.1391731009639,6.56721788609994,10.3747550431002));
#6336=CARTESIAN_POINT('',(-39.0000000000038,0.,0.));
#6337=CARTESIAN_POINT('',(-40.0000000000038,-11.2772480188528,-0.499999999999987));
#6338=CARTESIAN_POINT('',(-40.0000000000038,-11.2801304892903,-0.499999999999987));
#6339=CARTESIAN_POINT('',(-39.9999875612702,-11.2830129865652,-0.499999999999986));
#6340=CARTESIAN_POINT('',(-39.999962684439,-11.2858953496524,-0.499999999999986));
#6341=CARTESIAN_POINT('',(-39.9989948582652,-11.398032881179,-0.499999999999986));
#6342=CARTESIAN_POINT('',(-39.9786537671708,-11.5115510795351,-0.499999999999986));
#6343=CARTESIAN_POINT('',(-39.9406158641127,-11.617044589266,-0.499999999999986));
#6344=CARTESIAN_POINT('',(-39.9025841158016,-11.7225210295529,-0.499999999999986));
#6345=CARTESIAN_POINT('',(-39.8458099411332,-11.8228868680128,-0.499999999999986));
#6346=CARTESIAN_POINT('',(-39.7749880246549,-11.9098118326752,-0.499999999999986));
#6347=CARTESIAN_POINT('',(-39.7306044161335,-11.964287110868,-0.499999999999986));
#6348=CARTESIAN_POINT('',(-39.680174478141,-12.0143352969,-0.499999999999986));
#6349=CARTESIAN_POINT('',(-39.6253610118482,-12.0583005621959,-0.499999999999986));
#6350=CARTESIAN_POINT('',(-39.5380880861191,-12.1283011951122,-0.499999999999985));
#6351=CARTESIAN_POINT('',(-39.4375312870444,-12.1842071124479,-0.499999999999985));
#6352=CARTESIAN_POINT('',(-39.3320093233948,-12.2213792439655,-0.499999999999985));
#6353=CARTESIAN_POINT('',(-39.2696052201034,-12.2433622838423,-0.499999999999985));
#6354=CARTESIAN_POINT('',(-39.2046910304191,-12.2591947800061,-0.499999999999985));
#6355=CARTESIAN_POINT('',(-39.1391731009639,-12.2684103684154,-0.499999999999985));
#6356=CARTESIAN_POINT('',(-40.0000000000038,-10.0163832691047,-5.20561130753443));
#6357=CARTESIAN_POINT('',(-40.0000000000038,-10.0898926502687,-5.24805196853743));
#6358=CARTESIAN_POINT('',(-39.9890392965555,-10.1639886016991,-5.29083128604165));
#6359=CARTESIAN_POINT('',(-39.9676394385533,-10.2351234291554,-5.33190099782228));
#6360=CARTESIAN_POINT('',(-39.9393684304537,-10.3290985052041,-5.3861575332761));
#6361=CARTESIAN_POINT('',(-39.8919672120725,-10.4201439435971,-5.43872264164078));
#6362=CARTESIAN_POINT('',(-39.8293527663087,-10.5007065014565,-5.48523545610751));
#6363=CARTESIAN_POINT('',(-39.7667736417208,-10.5812236135047,-5.5317220324229));
#6364=CARTESIAN_POINT('',(-39.6872692582929,-10.6534924541493,-5.57344646702312));
#6365=CARTESIAN_POINT('',(-39.597423182131,-10.7115086364346,-5.60694212548288));
#6366=CARTESIAN_POINT('',(-39.5076534932456,-10.7694754932697,-5.64040930588071));
#6367=CARTESIAN_POINT('',(-39.4050805215586,-10.8148139134051,-5.66658545495051));
#6368=CARTESIAN_POINT('',(-39.2982064399679,-10.843754409019,-5.68329425788365));
#6369=CARTESIAN_POINT('',(-39.2463451570602,-10.8577979564178,-5.69140230375471));
#6370=CARTESIAN_POINT('',(-39.1929808390443,-10.868200562635,-5.69740825125453));
#6371=CARTESIAN_POINT('',(-39.1391731009639,-10.8747550431002,-5.70119248231549));
#6372=CARTESIAN_POINT('',(-39.0000000000038,0.,0.));
#6373=CARTESIAN_POINT('',(-40.0000000000038,-5.20561130753446,-10.0163832691047));
#6374=CARTESIAN_POINT('',(-40.0000000000038,-5.24805196853747,-10.0898926502687));
#6375=CARTESIAN_POINT('',(-39.9890392965555,-5.29083128604169,-10.1639886016991));
#6376=CARTESIAN_POINT('',(-39.9676394385533,-5.33190099782232,-10.2351234291554));
#6377=CARTESIAN_POINT('',(-39.9393684304537,-5.38615753327614,-10.3290985052041));
#6378=CARTESIAN_POINT('',(-39.8919672120725,-5.43872264164082,-10.4201439435971));
#6379=CARTESIAN_POINT('',(-39.8293527663087,-5.48523545610755,-10.5007065014565));
#6380=CARTESIAN_POINT('',(-39.7667736417208,-5.53172203242294,-10.5812236135047));
#6381=CARTESIAN_POINT('',(-39.6872692582929,-5.57344646702316,-10.6534924541493));
#6382=CARTESIAN_POINT('',(-39.597423182131,-5.60694212548293,-10.7115086364346));
#6383=CARTESIAN_POINT('',(-39.5076534932456,-5.64040930588075,-10.7694754932697));
#6384=CARTESIAN_POINT('',(-39.4050805215586,-5.66658545495055,-10.8148139134051));
#6385=CARTESIAN_POINT('',(-39.2982064399679,-5.68329425788369,-10.843754409019));
#6386=CARTESIAN_POINT('',(-39.2463451570602,-5.69140230375475,-10.8577979564177));
#6387=CARTESIAN_POINT('',(-39.1929808390443,-5.69740825125457,-10.868200562635));
#6388=CARTESIAN_POINT('',(-39.1391731009639,-5.70119248231552,-10.8747550431002));
#6389=CARTESIAN_POINT('',(-40.0000000000038,-0.500000000000026,-11.2772480188531));
#6390=CARTESIAN_POINT('',(-40.0000000000038,-0.500000000000027,-11.376212264194));
#6391=CARTESIAN_POINT('',(-39.9850146958707,-0.500000000000027,-11.4762453075057));
#6392=CARTESIAN_POINT('',(-39.956009778395,-0.500000000000027,-11.5708636810815));
#6393=CARTESIAN_POINT('',(-39.9231460551543,-0.500000000000027,-11.6780700554934));
#6394=CARTESIAN_POINT('',(-39.8713134643288,-0.500000000000028,-11.7810823524188));
#6395=CARTESIAN_POINT('',(-39.8047965735504,-0.500000000000028,-11.8713526922928));
#6396=CARTESIAN_POINT('',(-39.7631050213264,-0.500000000000028,-11.9279324654164));
#6397=CARTESIAN_POINT('',(-39.7151573447047,-0.500000000000028,-11.9803831761086));
#6398=CARTESIAN_POINT('',(-39.6625344230012,-0.500000000000028,-12.0269694870266));
#6399=CARTESIAN_POINT('',(-39.5787589531289,-0.500000000000028,-12.1011346979353));
#6400=CARTESIAN_POINT('',(-39.4810296589668,-0.500000000000029,-12.1618667647309));
#6401=CARTESIAN_POINT('',(-39.3774299728635,-0.500000000000029,-12.2041268274467));
#6402=CARTESIAN_POINT('',(-39.3012642186818,-0.500000000000029,-12.2351961257195));
#6403=CARTESIAN_POINT('',(-39.2206301333027,-0.500000000000029,-12.2569528255832));
#6404=CARTESIAN_POINT('',(-39.1391731009639,-0.500000000000029,-12.2684103684165));
#6405=CARTESIAN_POINT('',(-39.0000000000038,0.,0.));
#6406=CARTESIAN_POINT('',(-40.0000000000038,6.07163671131885,-9.51638326910473));
#6407=CARTESIAN_POINT('',(-40.0000000000038,6.11407737232179,-9.58989265026862));
#6408=CARTESIAN_POINT('',(-39.9890392965555,6.15685668982593,-9.66398860169892));
#6409=CARTESIAN_POINT('',(-39.9676394385534,6.1979264016065,-9.73512342915507));
#6410=CARTESIAN_POINT('',(-39.9393684304538,6.25218293706033,-9.82909850520377));
#6411=CARTESIAN_POINT('',(-39.8919672120727,6.30474804542502,-9.92014394359677));
#6412=CARTESIAN_POINT('',(-39.8293527663089,6.35126085989177,-10.0007065014562));
#6413=CARTESIAN_POINT('',(-39.7667736417211,6.39774743620717,-10.0812236135044));
#6414=CARTESIAN_POINT('',(-39.6872692582932,6.4394718708074,-10.1534924541491));
#6415=CARTESIAN_POINT('',(-39.5974231821314,6.47296752926719,-10.2115086364344));
#6416=CARTESIAN_POINT('',(-39.507653493246,6.50643470966503,-10.2694754932696));
#6417=CARTESIAN_POINT('',(-39.405080521559,6.53261085873486,-10.314813913405));
#6418=CARTESIAN_POINT('',(-39.2982064399683,6.54931966166802,-10.3437544090189));
#6419=CARTESIAN_POINT('',(-39.2463451570604,6.55742770753911,-10.3577979564177));
#6420=CARTESIAN_POINT('',(-39.1929808390445,6.56343365503895,-10.368200562635));
#6421=CARTESIAN_POINT('',(-39.1391731009639,6.56721788609991,-10.3747550431002));
#6422=CARTESIAN_POINT('',(-40.0000000000038,9.51638326910469,-6.07163671131891));
#6423=CARTESIAN_POINT('',(-40.0000000000038,9.58989265026871,-6.11407737232192));
#6424=CARTESIAN_POINT('',(-39.9890392965555,9.66398860169913,-6.15685668982614));
#6425=CARTESIAN_POINT('',(-39.9676394385533,9.7351234291554,-6.19792640160677));
#6426=CARTESIAN_POINT('',(-39.9393684304537,9.82909850520408,-6.25218293706059));
#6427=CARTESIAN_POINT('',(-39.8919672120725,9.92014394359707,-6.30474804542527));
#6428=CARTESIAN_POINT('',(-39.8293527663087,10.0007065014565,-6.351260859892));
#6429=CARTESIAN_POINT('',(-39.7667736417208,10.0812236135047,-6.39774743620739));
#6430=CARTESIAN_POINT('',(-39.6872692582928,10.1534924541493,-6.43947187080761));
#6431=CARTESIAN_POINT('',(-39.597423182131,10.2115086364346,-6.47296752926738));
#6432=CARTESIAN_POINT('',(-39.5076534932456,10.2694754932697,-6.5064347096652));
#6433=CARTESIAN_POINT('',(-39.4050805215586,10.3148139134051,-6.532610858735));
#6434=CARTESIAN_POINT('',(-39.2982064399679,10.343754409019,-6.54931966166814));
#6435=CARTESIAN_POINT('',(-39.2463451570601,10.3577979564177,-6.5574277075392));
#6436=CARTESIAN_POINT('',(-39.1929808390443,10.368200562635,-6.56343365503902));
#6437=CARTESIAN_POINT('',(-39.1391731009639,10.3747550431002,-6.56721788609997));
#6438=CARTESIAN_POINT('',(-39.0000000000038,0.,0.));
#6439=CARTESIAN_POINT('',(1.67523646940376E-15,6.22458182382457,11.7812919747339));
#6440=CARTESIAN_POINT('',(-1.73327711090626,6.72528847370531,12.6485413320149));
#6441=CARTESIAN_POINT('',(-3.46662079473875,7.22593751128516,13.5156909018637));
#6442=CARTESIAN_POINT('',(-5.2,7.72655579673291,14.3827872074572));
#6443=CARTESIAN_POINT('',(-5.2,7.72655579673291,14.3827872074572));
#6444=CARTESIAN_POINT('',(-5.19999999999999,0.,0.));
#6445=CARTESIAN_POINT('',(-5.19999999999999,0.5,16.3191369972503));
#6446=CARTESIAN_POINT('',(2.18184737258426E-15,0.5,13.3151890514336));
#6447=CARTESIAN_POINT('',(-0.888388607061724,0.5,13.8284619498468));
#6448=CARTESIAN_POINT('',(-1.7767951220288,0.5,14.3417038533147));
#6449=CARTESIAN_POINT('',(-2.66521449865766,0.5,14.8549234911239));
#6450=CARTESIAN_POINT('',(-3.51013226598055,0.5,15.3430132400997));
#6451=CARTESIAN_POINT('',(-4.35506172956192,0.5,15.8310827423336));
#6452=CARTESIAN_POINT('',(-5.19999999999999,0.5,16.3191369972503));
#6453=CARTESIAN_POINT('',(6.7331941413751E-15,0.,0.));
#6454=CARTESIAN_POINT('',(-5.2,7.72655579673291,14.3827872074572));
#6455=CARTESIAN_POINT('',(-5.21931104705836,7.7321330317887,14.3924472619396));
#6456=CARTESIAN_POINT('',(-5.24080523988242,7.73612595595772,14.3993632094711));
#6457=CARTESIAN_POINT('',(-5.2627150206706,7.7382056342847,14.4029653179969));
#6458=CARTESIAN_POINT('',(-5.284699534454,7.7402924062742,14.4065797131065));
#6459=CARTESIAN_POINT('',(-5.30770795130504,7.74050992014531,14.4069564581826));
#6460=CARTESIAN_POINT('',(-5.32983450750442,7.73884012776355,14.4040642929393));
#6461=CARTESIAN_POINT('',(-5.35195847130938,7.73717053101822,14.4011724665482));
#6462=CARTESIAN_POINT('',(-5.37381085999193,7.73356807402719,14.3949328280077));
#6463=CARTESIAN_POINT('',(-5.39358286121553,7.72833147314435,14.3858627692197));
#6464=CARTESIAN_POINT('',(-5.41335733919978,7.72309421629315,14.3767915742611));
#6465=CARTESIAN_POINT('',(-5.43159608809748,7.71607809837246,14.3646393015506));
#6466=CARTESIAN_POINT('',(-5.44679089015739,7.70786433846588,14.3504126520712));
#6467=CARTESIAN_POINT('',(-5.46199134481655,7.69964752296878,14.3361807101538));
#6468=CARTESIAN_POINT('',(-5.47456466174673,7.69000573534552,14.3194806441145));
#6469=CARTESIAN_POINT('',(-5.48347192828593,7.67973711016614,14.3016948635799));
#6470=CARTESIAN_POINT('',(-5.49238330262849,7.66946374935962,14.2839008806986));
#6471=CARTESIAN_POINT('',(-5.49787097147312,7.65827976705387,14.2645296551141));
#6472=CARTESIAN_POINT('',(-5.4994816277153,7.64711076812619,14.2451843815016));
#6473=CARTESIAN_POINT('',(-5.49982698602899,7.64471590165231,14.2410363510915));
#6474=CARTESIAN_POINT('',(-5.49999999999999,7.64231326498838,14.2368748623175));
#6475=CARTESIAN_POINT('',(-5.49999999999999,7.63991218116666,14.232716063145));
#6476=CARTESIAN_POINT('',(-5.49999999999999,7.63991218116666,14.232716063145));
#6477=CARTESIAN_POINT('',(-5.49999999999999,0.,0.));
#6478=CARTESIAN_POINT('',(-5.49999999999999,0.5,16.1458497661178));
#6479=CARTESIAN_POINT('',(-5.19999999999999,0.5,16.3191369972503));
#6480=CARTESIAN_POINT('',(-5.21578742756432,0.5,16.328256150053));
#6481=CARTESIAN_POINT('',(-5.23299102819998,0.5,16.3352597839449));
#6482=CARTESIAN_POINT('',(-5.25065887568084,0.5,16.3397596708692));
#6483=CARTESIAN_POINT('',(-5.27234630018932,0.5,16.3452833181653));
#6484=CARTESIAN_POINT('',(-5.29528681848736,0.5,16.3471380628154));
#6485=CARTESIAN_POINT('',(-5.31757990482519,0.5,16.3451699767409));
#6486=CARTESIAN_POINT('',(-5.33986798206002,0.5,16.3432023328817));
#6487=CARTESIAN_POINT('',(-5.36212358048659,0.5,16.337359397209));
#6488=CARTESIAN_POINT('',(-5.38250420179777,0.5,16.3281257476514));
#6489=CARTESIAN_POINT('',(-5.40288626327041,0.5,16.3188914456139));
#6490=CARTESIAN_POINT('',(-5.42195502793132,0.5,16.3060115110351));
#6491=CARTESIAN_POINT('',(-5.4381333634744,0.5,16.2905531080436));
#6492=CARTESIAN_POINT('',(-5.45431713812917,0.5,16.2750895079796));
#6493=CARTESIAN_POINT('',(-5.46805471648126,0.5,16.256619576694));
#6494=CARTESIAN_POINT('',(-5.47821085795314,0.5,16.2366723894383));
#6495=CARTESIAN_POINT('',(-5.48837166687007,0.5,16.216716035079));
#6496=CARTESIAN_POINT('',(-5.49522791662791,0.5,16.1947309693537));
#6497=CARTESIAN_POINT('',(-5.49821324174692,0.5,16.1725366919135));
#6498=CARTESIAN_POINT('',(-5.49940175901019,0.5,16.1637007089529));
#6499=CARTESIAN_POINT('',(-5.49999999999999,0.5,16.1547653237652));
#6500=CARTESIAN_POINT('',(-5.49999999999999,0.5,16.1458497661178));
#6501=CARTESIAN_POINT('',(-5.29999999999999,0.,0.));
#6502=CARTESIAN_POINT('',(-5.49999999999999,6.5616968793294,12.3651923788647));
#6503=CARTESIAN_POINT('',(-5.49999999999999,6.86270522028652,12.8865541189044));
#6504=CARTESIAN_POINT('',(-5.49999999999999,0.,0.));
#6505=CARTESIAN_POINT('',(-5.49999999999999,0.5,14.5914358443575));
#6506=CARTESIAN_POINT('',(-5.49999999999999,0.5,16.1535898384862));
#6507=CARTESIAN_POINT('',(-5.49999999999999,0.,16.1535898384862));
#6508=CARTESIAN_POINT('',(-2.69630192214211E-33,6.86270522028652,12.8865541189044));
#6509=CARTESIAN_POINT('',(-9.1,6.86270522028652,12.8865541189044));
#6510=CARTESIAN_POINT('',(-9.1,0.,0.));
#6511=CARTESIAN_POINT('',(-9.1,0.5,14.5914358443575));
#6512=CARTESIAN_POINT('',(0.,0.5,14.5914358443575));
#6513=CARTESIAN_POINT('',(0.,0.,0.));
#6514=CARTESIAN_POINT('',(-9.1,5.88897274573419,11.2));
#6515=CARTESIAN_POINT('',(-9.1,7.69827086927724,14.3337962760156));
#6516=CARTESIAN_POINT('',(-9.1,0.,0.));
#6517=CARTESIAN_POINT('',(-9.09999999999925,0.5,16.2625671423388));
#6518=CARTESIAN_POINT('',(-9.1,0.5,14.6));
#6519=CARTESIAN_POINT('',(-9.1,0.,14.6));
#6520=CARTESIAN_POINT('',(-9.1,7.69827086927724,14.3337962760156));
#6521=CARTESIAN_POINT('',(-9.1,7.70864657953537,14.3517675333473));
#6522=CARTESIAN_POINT('',(-9.10330503982447,7.71914544326476,14.3699520987484));
#6523=CARTESIAN_POINT('',(-9.10968008736142,7.72901940172053,14.3870542964656));
#6524=CARTESIAN_POINT('',(-9.11656314212703,7.73968018446928,14.4055193138349));
#6525=CARTESIAN_POINT('',(-9.12722281512523,7.74989387580129,14.4232099461547));
#6526=CARTESIAN_POINT('',(-9.14077713866049,7.75881388016889,14.4386598469232));
#6527=CARTESIAN_POINT('',(-9.15432780541154,7.7677314780327,14.4541055795047));
#6528=CARTESIAN_POINT('',(-9.17114565410737,7.7756021539976,14.4677379901659));
#6529=CARTESIAN_POINT('',(-9.18983790543511,7.78177294236582,14.4784261091424));
#6530=CARTESIAN_POINT('',(-9.20852194380591,7.78794101942771,14.4891095319986));
#6531=CARTESIAN_POINT('',(-9.22959441633042,7.79258088313158,14.4971460116739));
#6532=CARTESIAN_POINT('',(-9.25130934037813,7.79530742223864,14.5018685159361));
#6533=CARTESIAN_POINT('',(-9.27301518271722,7.79803282104084,14.5065890451324));
#6534=CARTESIAN_POINT('',(-9.29596178417621,7.79892168302326,14.5081285992469));
#6535=CARTESIAN_POINT('',(-9.31824813482808,7.7979002427661,14.5063594128246));
#6536=CARTESIAN_POINT('',(-9.32145165142111,7.79775341743504,14.5061051038914));
#6537=CARTESIAN_POINT('',(-9.32464900856844,7.79756786363202,14.505783715277));
#6538=CARTESIAN_POINT('',(-9.32783462019201,7.7973439061266,14.5053958094989));
#6539=CARTESIAN_POINT('',(-9.32783462019201,7.7973439061266,14.5053958094989));
#6540=CARTESIAN_POINT('',(-9.32783462019201,0.,0.));
#6541=CARTESIAN_POINT('',(-9.32783462019201,0.5,16.4607132160377));
#6542=CARTESIAN_POINT('',(-9.09999999999925,0.5,16.2625671423388));
#6543=CARTESIAN_POINT('',(-9.09999999999924,0.5,16.2782250434297));
#6544=CARTESIAN_POINT('',(-9.10186239080334,0.5,16.2939896034441));
#6545=CARTESIAN_POINT('',(-9.10551119883007,0.5,16.309216424076));
#6546=CARTESIAN_POINT('',(-9.11073243135261,0.5,16.3310051206902));
#6547=CARTESIAN_POINT('',(-9.11978782917095,0.5,16.3521930199715));
#6548=CARTESIAN_POINT('',(-9.13192833902142,0.5,16.3710242862532));
#6549=CARTESIAN_POINT('',(-9.14406629842266,0.5,16.3898515965075));
#6550=CARTESIAN_POINT('',(-9.15962317779192,0.5,16.4068427715463));
#6551=CARTESIAN_POINT('',(-9.17731086324966,0.5,16.4205884418823));
#6552=CARTESIAN_POINT('',(-9.19499118731001,0.5,16.4343283914393));
#6553=CARTESIAN_POINT('',(-9.21528855590353,0.5,16.4452046444312));
#6554=CARTESIAN_POINT('',(-9.23652130882938,0.5,16.4523145161527));
#6555=CARTESIAN_POINT('',(-9.25774470762951,0.5,16.4594212556079));
#6556=CARTESIAN_POINT('',(-9.28048825764076,0.5,16.4629609884193));
#6557=CARTESIAN_POINT('',(-9.30286760804962,0.5,16.462639931428));
#6558=CARTESIAN_POINT('',(-9.3112138307295,0.5,16.4625201954619));
#6559=CARTESIAN_POINT('',(-9.31956884576537,0.5,16.46187543067));
#6560=CARTESIAN_POINT('',(-9.32783462019201,0.5,16.4607132160377));
#6561=CARTESIAN_POINT('',(-9.3,0.,0.));
#6562=CARTESIAN_POINT('',(-9.32783462019201,7.7973439061266,14.5053958094989));
#6563=CARTESIAN_POINT('',(-19.2649777855808,7.09873464130058,13.2953690681818));
#6564=CARTESIAN_POINT('',(-29.2021009866885,6.40005436150343,12.0852193253267));
#6565=CARTESIAN_POINT('',(-39.1391731009639,5.7011924823155,10.8747550431002));
#6566=CARTESIAN_POINT('',(-39.1391731009639,5.7011924823155,10.8747550431002));
#6567=CARTESIAN_POINT('',(-39.1391731009639,0.,0.));
#6568=CARTESIAN_POINT('',(-39.139173100964,0.5,12.2684103684159));
#6569=CARTESIAN_POINT('',(-39.139173100964,0.5,12.2684103684159));
#6570=CARTESIAN_POINT('',(-30.167090677845,0.5,13.53040108567));
#6571=CARTESIAN_POINT('',(-21.1949661950699,0.5,14.7920927838121));
#6572=CARTESIAN_POINT('',(-12.2228237377383,0.5,16.0536566161347));
#6573=CARTESIAN_POINT('',(-11.2578275894039,0.5,16.1893437438033));
#6574=CARTESIAN_POINT('',(-10.2928312113423,0.5,16.3250292376783));
#6575=CARTESIAN_POINT('',(-9.32783462019201,0.5,16.4607132160377));
#6576=CARTESIAN_POINT('',(-9.32783462019201,0.,0.));
#6577=CARTESIAN_POINT('',(-40.0000000000038,5.20561130753444,10.0163832691047));
#6578=CARTESIAN_POINT('',(-40.0000000000038,5.24805196853743,10.0898926502687));
#6579=CARTESIAN_POINT('',(-39.9890392965555,5.29083128604162,10.1639886016991));
#6580=CARTESIAN_POINT('',(-39.9676394385533,5.33190099782224,10.2351234291553));
#6581=CARTESIAN_POINT('',(-39.9393684304537,5.38615753327606,10.329098505204));
#6582=CARTESIAN_POINT('',(-39.8919672120726,5.43872264164074,10.420143943597));
#6583=CARTESIAN_POINT('',(-39.8293527663087,5.48523545610748,10.5007065014564));
#6584=CARTESIAN_POINT('',(-39.7667736417209,5.53172203242287,10.5812236135046));
#6585=CARTESIAN_POINT('',(-39.6872692582929,5.57344646702309,10.6534924541493));
#6586=CARTESIAN_POINT('',(-39.5974231821311,5.60694212548286,10.7115086364346));
#6587=CARTESIAN_POINT('',(-39.5076534932457,5.64040930588069,10.7694754932697));
#6588=CARTESIAN_POINT('',(-39.4050805215587,5.6665854549505,10.8148139134051));
#6589=CARTESIAN_POINT('',(-39.298206439968,5.68329425788365,10.8437544090189));
#6590=CARTESIAN_POINT('',(-39.2463451570602,5.69140230375471,10.8577979564177));
#6591=CARTESIAN_POINT('',(-39.1929808390444,5.69740825125455,10.868200562635));
#6592=CARTESIAN_POINT('',(-39.1391731009639,5.7011924823155,10.8747550431002));
#6593=CARTESIAN_POINT('',(-40.0000000000038,0.5,11.2772480188529));
#6594=CARTESIAN_POINT('',(-40.0000000000038,0.5,11.3886046481898));
#6595=CARTESIAN_POINT('',(-39.9809170220362,0.5,11.501477210692));
#6596=CARTESIAN_POINT('',(-39.9443020745717,0.5,11.6066420551956));
#6597=CARTESIAN_POINT('',(-39.9074344057089,0.5,11.7125327619054));
#6598=CARTESIAN_POINT('',(-39.8517690496093,0.5,11.8135196591627));
#6599=CARTESIAN_POINT('',(-39.7819086478916,0.5,11.9012213754897));
#6600=CARTESIAN_POINT('',(-39.7120945682905,0.5,11.9888649397157));
#6601=CARTESIAN_POINT('',(-39.6261753823583,0.5,12.0656604321907));
#6602=CARTESIAN_POINT('',(-39.5312682362821,0.5,12.1252258053906));
#6603=CARTESIAN_POINT('',(-39.4364433044373,0.5,12.184739579511));
#6604=CARTESIAN_POINT('',(-39.3300275967191,0.5,12.2286956511855));
#6605=CARTESIAN_POINT('',(-39.2208424086142,0.5,12.2534393717613));
#6606=CARTESIAN_POINT('',(-39.1938501382725,0.5,12.2595564028956));
#6607=CARTESIAN_POINT('',(-39.166580030345,0.5,12.2645553781432));
#6608=CARTESIAN_POINT('',(-39.139173100964,0.5,12.2684103684159));
#6609=CARTESIAN_POINT('',(-39.0000000000038,0.,0.));
#6610=CARTESIAN_POINT('',(-40.0000000000038,0.5,10.3469388609369));
#6611=CARTESIAN_POINT('',(-40.0000000000038,-0.5,10.3469388609369));
#6612=CARTESIAN_POINT('',(-40.0000000000038,-0.5,10.3469388609369));
#6613=CARTESIAN_POINT('',(0.,-0.5,0.));
#6614=CARTESIAN_POINT('',(0.,0.5,0.));
#6615=CARTESIAN_POINT('',(-10.8854076029612,-0.433012701892218,0.250000000000003));
#6616=CARTESIAN_POINT('',(-10.8854076029612,0.433012701892221,-0.249999999999996));
#6617=CARTESIAN_POINT('',(-10.8854076029612,-0.433012701892218,0.250000000000003));
#6618=CARTESIAN_POINT('',(1.62027749609487E-47,-0.433012701892217,0.249999999999998));
#6619=CARTESIAN_POINT('',(1.62027749609487E-47,0.433012701892222,-0.250000000000001));
#6620=CARTESIAN_POINT('',(-40.0000000000038,9.21071190497582,4.7404567285762));
#6621=CARTESIAN_POINT('',(0.,0.249999999999998,-0.43301270189222));
#6622=CARTESIAN_POINT('',(-40.0000000000038,8.71071190497582,5.60648213236064));
#6623=CARTESIAN_POINT('',(-40.0000000000038,8.71071190497582,5.60648213236064));
#6624=CARTESIAN_POINT('',(0.,-0.249999999999999,0.43301270189222));
#6625=CARTESIAN_POINT('',(-40.0000000000038,8.71071190497578,-5.60648213236071));
#6626=CARTESIAN_POINT('',(0.,-0.250000000000001,-0.433012701892219));
#6627=CARTESIAN_POINT('',(-40.0000000000038,9.21071190497578,-4.74045672857627));
#6628=CARTESIAN_POINT('',(0.,0.250000000000001,0.433012701892219));
#6629=CARTESIAN_POINT('',(-40.0000000000038,9.21071190497578,-4.74045672857627));
#6630=CARTESIAN_POINT('',(-40.0000000000038,-0.500000000000024,-10.3469388609369));
#6631=CARTESIAN_POINT('',(0.,-0.5,1.17145536458252E-15));
#6632=CARTESIAN_POINT('',(-40.0000000000038,0.499999999999976,-10.3469388609369));
#6633=CARTESIAN_POINT('',(0.,0.5,-1.17145536458252E-15));
#6634=CARTESIAN_POINT('',(-40.0000000000038,0.499999999999976,-10.3469388609369));
#6635=CARTESIAN_POINT('',(-40.0000000000038,-9.21071190497581,-4.74045672857623));
#6636=CARTESIAN_POINT('',(0.,-0.249999999999999,0.43301270189222));
#6637=CARTESIAN_POINT('',(-40.0000000000038,-8.71071190497581,-5.60648213236067));
#6638=CARTESIAN_POINT('',(0.,0.249999999999999,-0.43301270189222));
#6639=CARTESIAN_POINT('',(-40.0000000000038,-8.71071190497581,-5.60648213236067));
#6640=CARTESIAN_POINT('',(-40.0000000000038,-8.7107119049758,5.60648213236069));
#6641=CARTESIAN_POINT('',(-40.0000000000038,-9.2107119049758,4.74045672857625));
#6642=CARTESIAN_POINT('',(-40.0000000000038,-9.2107119049758,4.74045672857625));
#6643=CARTESIAN_POINT('',(0.,-0.25,-0.433012701892219));
#6644=CARTESIAN_POINT('',(0.,0.25,0.433012701892219));
#6645=CARTESIAN_POINT('',(-10.8854076029612,2.00577401909818E-15,-0.5));
#6646=CARTESIAN_POINT('',(1.62027749609487E-47,-2.00577401909818E-15,-0.500000000000003));
#6647=CARTESIAN_POINT('',(-10.8854076029612,5.99021700298241E-15,0.5));
#6648=CARTESIAN_POINT('',(-10.8854076029612,5.99021700298241E-15,0.5));
#6649=CARTESIAN_POINT('',(1.62027749609487E-47,6.23416249179165E-16,0.500000000000003));
#6650=CARTESIAN_POINT('',(-10.8854076029612,0.433012701892222,0.249999999999995));
#6651=CARTESIAN_POINT('',(1.62027749609487E-47,0.433012701892217,0.249999999999997));
#6652=CARTESIAN_POINT('',(-10.8854076029612,-0.433012701892218,-0.250000000000002));
#6653=CARTESIAN_POINT('',(1.62027749609487E-47,-0.433012701892223,-0.25));
#6654=CARTESIAN_POINT('',(-10.8854076029612,0.433012701892222,0.249999999999995));
#6655=CARTESIAN_POINT('',(-10.8854076029612,0.433012701892217,-0.250000000000004));
#6656=CARTESIAN_POINT('',(1.62027749609487E-47,0.433012701892216,-0.249999999999999));
#6657=CARTESIAN_POINT('',(-10.8854076029612,-0.433012701892221,0.249999999999997));
#6658=CARTESIAN_POINT('',(1.62027749609487E-47,-0.433012701892221,0.250000000000002));
#6659=CARTESIAN_POINT('',(-10.8854076029612,0.433012701892217,-0.250000000000004));
#6660=CARTESIAN_POINT('',(-10.8854076029612,-4.60785923306339E-15,-0.5));
#6661=CARTESIAN_POINT('',(1.62027749609487E-47,-5.96311194867027E-16,-0.499999999999997));
#6662=CARTESIAN_POINT('',(-10.8854076029612,-3.3881317890172E-15,0.5));
#6663=CARTESIAN_POINT('',(1.62027749609487E-47,6.23416249179165E-16,0.500000000000003));
#6664=CARTESIAN_POINT('',(-10.8854076029612,-4.60785923306339E-15,-0.5));
#6665=CARTESIAN_POINT('',(-10.8854076029612,-0.433012701892222,-0.249999999999996));
#6666=CARTESIAN_POINT('',(-10.8854076029612,0.433012701892217,0.250000000000003));
#6667=CARTESIAN_POINT('',(-10.8854076029612,-0.433012701892222,-0.249999999999996));
#6668=CARTESIAN_POINT('',(1.62027749609487E-47,-0.433012701892217,-0.249999999999998));
#6669=CARTESIAN_POINT('',(1.62027749609487E-47,0.433012701892222,0.250000000000001));
#6670=MECHANICAL_DESIGN_GEOMETRIC_PRESENTATION_REPRESENTATION('',(#29,#23,
#24,#25,#26,#27),#6671);
#6671=(
GEOMETRIC_REPRESENTATION_CONTEXT(3)
GLOBAL_UNCERTAINTY_ASSIGNED_CONTEXT((#6672))
GLOBAL_UNIT_ASSIGNED_CONTEXT((#6678,#6674,#6673))
REPRESENTATION_CONTEXT('Collet ER32 13mm','TOP_LEVEL_ASSEMBLY_PART')
);
#6672=UNCERTAINTY_MEASURE_WITH_UNIT(LENGTH_MEASURE(0.0508),#6678,
'DISTANCE_ACCURACY_VALUE','Maximum Tolerance applied to model');
#6673=(
NAMED_UNIT(*)
SI_UNIT($,.STERADIAN.)
SOLID_ANGLE_UNIT()
);
#6674=(
CONVERSION_BASED_UNIT('DEGREE',#6676)
NAMED_UNIT(#6675)
PLANE_ANGLE_UNIT()
);
#6675=DIMENSIONAL_EXPONENTS(0.,0.,0.,0.,0.,0.,0.);
#6676=PLANE_ANGLE_MEASURE_WITH_UNIT(PLANE_ANGLE_MEASURE(0.0174532925),#6677);
#6677=(
NAMED_UNIT(*)
PLANE_ANGLE_UNIT()
SI_UNIT($,.RADIAN.)
);
#6678=(
LENGTH_UNIT()
NAMED_UNIT(*)
SI_UNIT(.MILLI.,.METRE.)
);
ENDSEC;
END-ISO-10303-21;
