ISO-10303-21;
HEADER;
/* Generated by software containing ST-Developer
 * from STEP Tools, Inc. (www.steptools.com) 
 */
/* OPTION: using custom renumber hook */

FILE_DESCRIPTION(
/* description */ ('STEP AP242 Edition 2',
'CAx-IF Rec.Pracs.---Representation and Presentation of Product Manufa
cturing Information (PMI)---4.0---2014-10-13',
'CAx-IF Rec.Pracs.---3D Tessellated Geometry---0.4---2014-09-14','2;1',
'CAx-IF Rec.Pracs.---User Defined Attributes---1.5---2016-08-15'),
/* implementation_level */ '2;1');

FILE_NAME(
/* name */ 'Part Studio 1 - lower_part',
/* time_stamp */ '2026-04-19T16:25:01Z',
/* author */ (''),
/* organization */ (''),
/* preprocessor_version */ 'ST-DEVELOPER v20',
/* originating_system */ 'ONSHAPE BY PTC INC, 1.213',
/* authorisation */ '  ');

FILE_SCHEMA (('AP242_MANAGED_MODEL_BASED_3D_ENGINEERING_MIM_LF { 1 0 10303 442 3 1 4 }'));
ENDSEC;

DATA;
#10=SHAPE_REPRESENTATION_RELATIONSHIP('','',#1709,#11);
#11=ADVANCED_BREP_SHAPE_REPRESENTATION('',(#1707),#2745);
#12=CYLINDRICAL_SURFACE('',#1727,0.025);
#13=CYLINDRICAL_SURFACE('',#1730,0.025);
#14=CYLINDRICAL_SURFACE('',#1733,0.002);
#15=CYLINDRICAL_SURFACE('',#1735,0.002);
#16=CYLINDRICAL_SURFACE('',#1738,0.002);
#17=CYLINDRICAL_SURFACE('',#1741,0.002);
#18=CYLINDRICAL_SURFACE('',#1744,0.002);
#19=CYLINDRICAL_SURFACE('',#1746,0.002);
#20=CYLINDRICAL_SURFACE('',#1749,0.002);
#21=CYLINDRICAL_SURFACE('',#1823,0.008);
#22=CYLINDRICAL_SURFACE('',#1824,0.008);
#23=CYLINDRICAL_SURFACE('',#1825,0.008);
#24=CYLINDRICAL_SURFACE('',#1826,0.008);
#25=CYLINDRICAL_SURFACE('',#1827,0.008);
#26=CYLINDRICAL_SURFACE('',#1828,0.008);
#27=CIRCLE('',#1712,0.008);
#28=CIRCLE('',#1713,0.008);
#29=CIRCLE('',#1714,0.025);
#30=CIRCLE('',#1715,0.025);
#31=CIRCLE('',#1716,0.008);
#32=CIRCLE('',#1717,0.008);
#33=CIRCLE('',#1718,0.002);
#34=CIRCLE('',#1719,0.002);
#35=CIRCLE('',#1720,0.002);
#36=CIRCLE('',#1721,0.002);
#37=CIRCLE('',#1728,0.025);
#38=CIRCLE('',#1731,0.025);
#39=CIRCLE('',#1734,0.002);
#40=CIRCLE('',#1736,0.002);
#41=CIRCLE('',#1737,0.002);
#42=CIRCLE('',#1739,0.002);
#43=CIRCLE('',#1740,0.002);
#44=CIRCLE('',#1742,0.002);
#45=CIRCLE('',#1743,0.002);
#46=CIRCLE('',#1745,0.002);
#47=CIRCLE('',#1747,0.002);
#48=CIRCLE('',#1750,0.002);
#49=CIRCLE('',#1752,0.008);
#50=CIRCLE('',#1753,0.008);
#51=CIRCLE('',#1754,0.008);
#52=CIRCLE('',#1755,0.008);
#53=CIRCLE('',#1756,0.008);
#54=CIRCLE('',#1757,0.008);
#55=CIRCLE('',#1760,0.008);
#56=CIRCLE('',#1761,0.008);
#57=ORIENTED_EDGE('',*,*,#517,.F.);
#58=ORIENTED_EDGE('',*,*,#518,.T.);
#59=ORIENTED_EDGE('',*,*,#519,.F.);
#60=ORIENTED_EDGE('',*,*,#520,.T.);
#61=ORIENTED_EDGE('',*,*,#521,.F.);
#62=ORIENTED_EDGE('',*,*,#522,.F.);
#63=ORIENTED_EDGE('',*,*,#523,.F.);
#64=ORIENTED_EDGE('',*,*,#524,.F.);
#65=ORIENTED_EDGE('',*,*,#525,.F.);
#66=ORIENTED_EDGE('',*,*,#526,.T.);
#67=ORIENTED_EDGE('',*,*,#527,.F.);
#68=ORIENTED_EDGE('',*,*,#528,.T.);
#69=ORIENTED_EDGE('',*,*,#529,.F.);
#70=ORIENTED_EDGE('',*,*,#530,.F.);
#71=ORIENTED_EDGE('',*,*,#531,.F.);
#72=ORIENTED_EDGE('',*,*,#532,.F.);
#73=ORIENTED_EDGE('',*,*,#533,.F.);
#74=ORIENTED_EDGE('',*,*,#534,.F.);
#75=ORIENTED_EDGE('',*,*,#535,.F.);
#76=ORIENTED_EDGE('',*,*,#536,.T.);
#77=ORIENTED_EDGE('',*,*,#537,.F.);
#78=ORIENTED_EDGE('',*,*,#538,.T.);
#79=ORIENTED_EDGE('',*,*,#539,.T.);
#80=ORIENTED_EDGE('',*,*,#540,.T.);
#81=ORIENTED_EDGE('',*,*,#541,.T.);
#82=ORIENTED_EDGE('',*,*,#542,.T.);
#83=ORIENTED_EDGE('',*,*,#543,.F.);
#84=ORIENTED_EDGE('',*,*,#544,.F.);
#85=ORIENTED_EDGE('',*,*,#545,.F.);
#86=ORIENTED_EDGE('',*,*,#546,.F.);
#87=ORIENTED_EDGE('',*,*,#547,.F.);
#88=ORIENTED_EDGE('',*,*,#548,.T.);
#89=ORIENTED_EDGE('',*,*,#549,.T.);
#90=ORIENTED_EDGE('',*,*,#550,.F.);
#91=ORIENTED_EDGE('',*,*,#535,.T.);
#92=ORIENTED_EDGE('',*,*,#551,.F.);
#93=ORIENTED_EDGE('',*,*,#552,.T.);
#94=ORIENTED_EDGE('',*,*,#553,.T.);
#95=ORIENTED_EDGE('',*,*,#529,.T.);
#96=ORIENTED_EDGE('',*,*,#554,.T.);
#97=ORIENTED_EDGE('',*,*,#555,.F.);
#98=ORIENTED_EDGE('',*,*,#556,.T.);
#99=ORIENTED_EDGE('',*,*,#557,.T.);
#100=ORIENTED_EDGE('',*,*,#558,.T.);
#101=ORIENTED_EDGE('',*,*,#559,.T.);
#102=ORIENTED_EDGE('',*,*,#560,.T.);
#103=ORIENTED_EDGE('',*,*,#561,.F.);
#104=ORIENTED_EDGE('',*,*,#562,.T.);
#105=ORIENTED_EDGE('',*,*,#517,.T.);
#106=ORIENTED_EDGE('',*,*,#563,.F.);
#107=ORIENTED_EDGE('',*,*,#564,.T.);
#108=ORIENTED_EDGE('',*,*,#565,.T.);
#109=ORIENTED_EDGE('',*,*,#537,.T.);
#110=ORIENTED_EDGE('',*,*,#566,.T.);
#111=ORIENTED_EDGE('',*,*,#519,.T.);
#112=ORIENTED_EDGE('',*,*,#567,.T.);
#113=ORIENTED_EDGE('',*,*,#568,.F.);
#114=ORIENTED_EDGE('',*,*,#569,.T.);
#115=ORIENTED_EDGE('',*,*,#521,.T.);
#116=ORIENTED_EDGE('',*,*,#570,.T.);
#117=ORIENTED_EDGE('',*,*,#571,.F.);
#118=ORIENTED_EDGE('',*,*,#572,.T.);
#119=ORIENTED_EDGE('',*,*,#522,.T.);
#120=ORIENTED_EDGE('',*,*,#572,.F.);
#121=ORIENTED_EDGE('',*,*,#573,.F.);
#122=ORIENTED_EDGE('',*,*,#574,.T.);
#123=ORIENTED_EDGE('',*,*,#523,.T.);
#124=ORIENTED_EDGE('',*,*,#574,.F.);
#125=ORIENTED_EDGE('',*,*,#575,.F.);
#126=ORIENTED_EDGE('',*,*,#576,.T.);
#127=ORIENTED_EDGE('',*,*,#524,.T.);
#128=ORIENTED_EDGE('',*,*,#576,.F.);
#129=ORIENTED_EDGE('',*,*,#577,.F.);
#130=ORIENTED_EDGE('',*,*,#578,.T.);
#131=ORIENTED_EDGE('',*,*,#579,.F.);
#132=ORIENTED_EDGE('',*,*,#580,.T.);
#133=ORIENTED_EDGE('',*,*,#525,.T.);
#134=ORIENTED_EDGE('',*,*,#578,.F.);
#135=ORIENTED_EDGE('',*,*,#581,.F.);
#136=ORIENTED_EDGE('',*,*,#544,.T.);
#137=ORIENTED_EDGE('',*,*,#582,.F.);
#138=ORIENTED_EDGE('',*,*,#583,.T.);
#139=ORIENTED_EDGE('',*,*,#584,.F.);
#140=ORIENTED_EDGE('',*,*,#585,.T.);
#141=ORIENTED_EDGE('',*,*,#586,.F.);
#142=ORIENTED_EDGE('',*,*,#587,.T.);
#143=ORIENTED_EDGE('',*,*,#588,.F.);
#144=ORIENTED_EDGE('',*,*,#545,.T.);
#145=ORIENTED_EDGE('',*,*,#589,.F.);
#146=ORIENTED_EDGE('',*,*,#546,.T.);
#147=ORIENTED_EDGE('',*,*,#590,.F.);
#148=ORIENTED_EDGE('',*,*,#591,.T.);
#149=ORIENTED_EDGE('',*,*,#527,.T.);
#150=ORIENTED_EDGE('',*,*,#592,.T.);
#151=ORIENTED_EDGE('',*,*,#593,.F.);
#152=ORIENTED_EDGE('',*,*,#543,.T.);
#153=ORIENTED_EDGE('',*,*,#594,.T.);
#154=ORIENTED_EDGE('',*,*,#595,.T.);
#155=ORIENTED_EDGE('',*,*,#596,.T.);
#156=ORIENTED_EDGE('',*,*,#597,.T.);
#157=ORIENTED_EDGE('',*,*,#598,.T.);
#158=ORIENTED_EDGE('',*,*,#599,.T.);
#159=ORIENTED_EDGE('',*,*,#600,.T.);
#160=ORIENTED_EDGE('',*,*,#601,.T.);
#161=ORIENTED_EDGE('',*,*,#602,.T.);
#162=ORIENTED_EDGE('',*,*,#603,.T.);
#163=ORIENTED_EDGE('',*,*,#604,.T.);
#164=ORIENTED_EDGE('',*,*,#605,.T.);
#165=ORIENTED_EDGE('',*,*,#606,.T.);
#166=ORIENTED_EDGE('',*,*,#607,.T.);
#167=ORIENTED_EDGE('',*,*,#608,.T.);
#168=ORIENTED_EDGE('',*,*,#609,.T.);
#169=ORIENTED_EDGE('',*,*,#610,.T.);
#170=ORIENTED_EDGE('',*,*,#611,.T.);
#171=ORIENTED_EDGE('',*,*,#612,.T.);
#172=ORIENTED_EDGE('',*,*,#613,.T.);
#173=ORIENTED_EDGE('',*,*,#614,.T.);
#174=ORIENTED_EDGE('',*,*,#615,.T.);
#175=ORIENTED_EDGE('',*,*,#616,.T.);
#176=ORIENTED_EDGE('',*,*,#617,.T.);
#177=ORIENTED_EDGE('',*,*,#618,.T.);
#178=ORIENTED_EDGE('',*,*,#619,.T.);
#179=ORIENTED_EDGE('',*,*,#620,.T.);
#180=ORIENTED_EDGE('',*,*,#621,.T.);
#181=ORIENTED_EDGE('',*,*,#622,.T.);
#182=ORIENTED_EDGE('',*,*,#623,.T.);
#183=ORIENTED_EDGE('',*,*,#624,.T.);
#184=ORIENTED_EDGE('',*,*,#625,.T.);
#185=ORIENTED_EDGE('',*,*,#626,.T.);
#186=ORIENTED_EDGE('',*,*,#627,.T.);
#187=ORIENTED_EDGE('',*,*,#628,.T.);
#188=ORIENTED_EDGE('',*,*,#629,.T.);
#189=ORIENTED_EDGE('',*,*,#630,.T.);
#190=ORIENTED_EDGE('',*,*,#631,.T.);
#191=ORIENTED_EDGE('',*,*,#632,.T.);
#192=ORIENTED_EDGE('',*,*,#633,.T.);
#193=ORIENTED_EDGE('',*,*,#634,.T.);
#194=ORIENTED_EDGE('',*,*,#635,.T.);
#195=ORIENTED_EDGE('',*,*,#561,.T.);
#196=ORIENTED_EDGE('',*,*,#636,.T.);
#197=ORIENTED_EDGE('',*,*,#555,.T.);
#198=ORIENTED_EDGE('',*,*,#637,.T.);
#199=ORIENTED_EDGE('',*,*,#547,.T.);
#200=ORIENTED_EDGE('',*,*,#638,.T.);
#201=ORIENTED_EDGE('',*,*,#590,.T.);
#202=ORIENTED_EDGE('',*,*,#639,.T.);
#203=ORIENTED_EDGE('',*,*,#579,.T.);
#204=ORIENTED_EDGE('',*,*,#577,.T.);
#205=ORIENTED_EDGE('',*,*,#575,.T.);
#206=ORIENTED_EDGE('',*,*,#573,.T.);
#207=ORIENTED_EDGE('',*,*,#571,.T.);
#208=ORIENTED_EDGE('',*,*,#640,.T.);
#209=ORIENTED_EDGE('',*,*,#568,.T.);
#210=ORIENTED_EDGE('',*,*,#641,.T.);
#211=ORIENTED_EDGE('',*,*,#642,.T.);
#212=ORIENTED_EDGE('',*,*,#566,.F.);
#213=ORIENTED_EDGE('',*,*,#536,.F.);
#214=ORIENTED_EDGE('',*,*,#550,.T.);
#215=ORIENTED_EDGE('',*,*,#557,.F.);
#216=ORIENTED_EDGE('',*,*,#643,.T.);
#217=ORIENTED_EDGE('',*,*,#559,.F.);
#218=ORIENTED_EDGE('',*,*,#642,.F.);
#219=ORIENTED_EDGE('',*,*,#549,.F.);
#220=ORIENTED_EDGE('',*,*,#644,.T.);
#221=ORIENTED_EDGE('',*,*,#587,.F.);
#222=ORIENTED_EDGE('',*,*,#585,.F.);
#223=ORIENTED_EDGE('',*,*,#583,.F.);
#224=ORIENTED_EDGE('',*,*,#645,.T.);
#225=ORIENTED_EDGE('',*,*,#646,.T.);
#226=ORIENTED_EDGE('',*,*,#647,.F.);
#227=ORIENTED_EDGE('',*,*,#631,.F.);
#228=ORIENTED_EDGE('',*,*,#647,.T.);
#229=ORIENTED_EDGE('',*,*,#648,.T.);
#230=ORIENTED_EDGE('',*,*,#649,.F.);
#231=ORIENTED_EDGE('',*,*,#632,.F.);
#232=ORIENTED_EDGE('',*,*,#649,.T.);
#233=ORIENTED_EDGE('',*,*,#650,.T.);
#234=ORIENTED_EDGE('',*,*,#651,.F.);
#235=ORIENTED_EDGE('',*,*,#633,.F.);
#236=ORIENTED_EDGE('',*,*,#651,.T.);
#237=ORIENTED_EDGE('',*,*,#652,.T.);
#238=ORIENTED_EDGE('',*,*,#653,.F.);
#239=ORIENTED_EDGE('',*,*,#634,.F.);
#240=ORIENTED_EDGE('',*,*,#653,.T.);
#241=ORIENTED_EDGE('',*,*,#654,.T.);
#242=ORIENTED_EDGE('',*,*,#655,.F.);
#243=ORIENTED_EDGE('',*,*,#635,.F.);
#244=ORIENTED_EDGE('',*,*,#655,.T.);
#245=ORIENTED_EDGE('',*,*,#656,.T.);
#246=ORIENTED_EDGE('',*,*,#645,.F.);
#247=ORIENTED_EDGE('',*,*,#630,.F.);
#248=ORIENTED_EDGE('',*,*,#593,.T.);
#249=ORIENTED_EDGE('',*,*,#646,.F.);
#250=ORIENTED_EDGE('',*,*,#656,.F.);
#251=ORIENTED_EDGE('',*,*,#654,.F.);
#252=ORIENTED_EDGE('',*,*,#652,.F.);
#253=ORIENTED_EDGE('',*,*,#650,.F.);
#254=ORIENTED_EDGE('',*,*,#648,.F.);
#255=ORIENTED_EDGE('',*,*,#657,.T.);
#256=ORIENTED_EDGE('',*,*,#658,.T.);
#257=ORIENTED_EDGE('',*,*,#659,.F.);
#258=ORIENTED_EDGE('',*,*,#625,.F.);
#259=ORIENTED_EDGE('',*,*,#659,.T.);
#260=ORIENTED_EDGE('',*,*,#660,.T.);
#261=ORIENTED_EDGE('',*,*,#661,.F.);
#262=ORIENTED_EDGE('',*,*,#626,.F.);
#263=ORIENTED_EDGE('',*,*,#661,.T.);
#264=ORIENTED_EDGE('',*,*,#662,.T.);
#265=ORIENTED_EDGE('',*,*,#663,.F.);
#266=ORIENTED_EDGE('',*,*,#627,.F.);
#267=ORIENTED_EDGE('',*,*,#663,.T.);
#268=ORIENTED_EDGE('',*,*,#664,.T.);
#269=ORIENTED_EDGE('',*,*,#665,.F.);
#270=ORIENTED_EDGE('',*,*,#628,.F.);
#271=ORIENTED_EDGE('',*,*,#665,.T.);
#272=ORIENTED_EDGE('',*,*,#666,.T.);
#273=ORIENTED_EDGE('',*,*,#667,.F.);
#274=ORIENTED_EDGE('',*,*,#629,.F.);
#275=ORIENTED_EDGE('',*,*,#667,.T.);
#276=ORIENTED_EDGE('',*,*,#668,.T.);
#277=ORIENTED_EDGE('',*,*,#657,.F.);
#278=ORIENTED_EDGE('',*,*,#624,.F.);
#279=ORIENTED_EDGE('',*,*,#582,.T.);
#280=ORIENTED_EDGE('',*,*,#658,.F.);
#281=ORIENTED_EDGE('',*,*,#668,.F.);
#282=ORIENTED_EDGE('',*,*,#666,.F.);
#283=ORIENTED_EDGE('',*,*,#664,.F.);
#284=ORIENTED_EDGE('',*,*,#662,.F.);
#285=ORIENTED_EDGE('',*,*,#660,.F.);
#286=ORIENTED_EDGE('',*,*,#669,.T.);
#287=ORIENTED_EDGE('',*,*,#670,.T.);
#288=ORIENTED_EDGE('',*,*,#671,.F.);
#289=ORIENTED_EDGE('',*,*,#619,.F.);
#290=ORIENTED_EDGE('',*,*,#671,.T.);
#291=ORIENTED_EDGE('',*,*,#672,.T.);
#292=ORIENTED_EDGE('',*,*,#673,.F.);
#293=ORIENTED_EDGE('',*,*,#620,.F.);
#294=ORIENTED_EDGE('',*,*,#673,.T.);
#295=ORIENTED_EDGE('',*,*,#674,.T.);
#296=ORIENTED_EDGE('',*,*,#675,.F.);
#297=ORIENTED_EDGE('',*,*,#621,.F.);
#298=ORIENTED_EDGE('',*,*,#675,.T.);
#299=ORIENTED_EDGE('',*,*,#676,.T.);
#300=ORIENTED_EDGE('',*,*,#677,.F.);
#301=ORIENTED_EDGE('',*,*,#622,.F.);
#302=ORIENTED_EDGE('',*,*,#677,.T.);
#303=ORIENTED_EDGE('',*,*,#678,.T.);
#304=ORIENTED_EDGE('',*,*,#679,.F.);
#305=ORIENTED_EDGE('',*,*,#623,.F.);
#306=ORIENTED_EDGE('',*,*,#679,.T.);
#307=ORIENTED_EDGE('',*,*,#680,.T.);
#308=ORIENTED_EDGE('',*,*,#669,.F.);
#309=ORIENTED_EDGE('',*,*,#618,.F.);
#310=ORIENTED_EDGE('',*,*,#586,.T.);
#311=ORIENTED_EDGE('',*,*,#670,.F.);
#312=ORIENTED_EDGE('',*,*,#680,.F.);
#313=ORIENTED_EDGE('',*,*,#678,.F.);
#314=ORIENTED_EDGE('',*,*,#676,.F.);
#315=ORIENTED_EDGE('',*,*,#674,.F.);
#316=ORIENTED_EDGE('',*,*,#672,.F.);
#317=ORIENTED_EDGE('',*,*,#681,.T.);
#318=ORIENTED_EDGE('',*,*,#682,.T.);
#319=ORIENTED_EDGE('',*,*,#683,.F.);
#320=ORIENTED_EDGE('',*,*,#613,.F.);
#321=ORIENTED_EDGE('',*,*,#683,.T.);
#322=ORIENTED_EDGE('',*,*,#684,.T.);
#323=ORIENTED_EDGE('',*,*,#685,.F.);
#324=ORIENTED_EDGE('',*,*,#614,.F.);
#325=ORIENTED_EDGE('',*,*,#685,.T.);
#326=ORIENTED_EDGE('',*,*,#686,.T.);
#327=ORIENTED_EDGE('',*,*,#687,.F.);
#328=ORIENTED_EDGE('',*,*,#615,.F.);
#329=ORIENTED_EDGE('',*,*,#687,.T.);
#330=ORIENTED_EDGE('',*,*,#688,.T.);
#331=ORIENTED_EDGE('',*,*,#689,.F.);
#332=ORIENTED_EDGE('',*,*,#616,.F.);
#333=ORIENTED_EDGE('',*,*,#689,.T.);
#334=ORIENTED_EDGE('',*,*,#690,.T.);
#335=ORIENTED_EDGE('',*,*,#691,.F.);
#336=ORIENTED_EDGE('',*,*,#617,.F.);
#337=ORIENTED_EDGE('',*,*,#691,.T.);
#338=ORIENTED_EDGE('',*,*,#692,.T.);
#339=ORIENTED_EDGE('',*,*,#681,.F.);
#340=ORIENTED_EDGE('',*,*,#612,.F.);
#341=ORIENTED_EDGE('',*,*,#584,.T.);
#342=ORIENTED_EDGE('',*,*,#682,.F.);
#343=ORIENTED_EDGE('',*,*,#692,.F.);
#344=ORIENTED_EDGE('',*,*,#690,.F.);
#345=ORIENTED_EDGE('',*,*,#688,.F.);
#346=ORIENTED_EDGE('',*,*,#686,.F.);
#347=ORIENTED_EDGE('',*,*,#684,.F.);
#348=ORIENTED_EDGE('',*,*,#693,.T.);
#349=ORIENTED_EDGE('',*,*,#694,.T.);
#350=ORIENTED_EDGE('',*,*,#695,.F.);
#351=ORIENTED_EDGE('',*,*,#607,.F.);
#352=ORIENTED_EDGE('',*,*,#695,.T.);
#353=ORIENTED_EDGE('',*,*,#696,.T.);
#354=ORIENTED_EDGE('',*,*,#697,.F.);
#355=ORIENTED_EDGE('',*,*,#608,.F.);
#356=ORIENTED_EDGE('',*,*,#697,.T.);
#357=ORIENTED_EDGE('',*,*,#698,.T.);
#358=ORIENTED_EDGE('',*,*,#699,.F.);
#359=ORIENTED_EDGE('',*,*,#609,.F.);
#360=ORIENTED_EDGE('',*,*,#699,.T.);
#361=ORIENTED_EDGE('',*,*,#700,.T.);
#362=ORIENTED_EDGE('',*,*,#701,.F.);
#363=ORIENTED_EDGE('',*,*,#610,.F.);
#364=ORIENTED_EDGE('',*,*,#701,.T.);
#365=ORIENTED_EDGE('',*,*,#702,.T.);
#366=ORIENTED_EDGE('',*,*,#703,.F.);
#367=ORIENTED_EDGE('',*,*,#611,.F.);
#368=ORIENTED_EDGE('',*,*,#703,.T.);
#369=ORIENTED_EDGE('',*,*,#704,.T.);
#370=ORIENTED_EDGE('',*,*,#693,.F.);
#371=ORIENTED_EDGE('',*,*,#606,.F.);
#372=ORIENTED_EDGE('',*,*,#581,.T.);
#373=ORIENTED_EDGE('',*,*,#694,.F.);
#374=ORIENTED_EDGE('',*,*,#704,.F.);
#375=ORIENTED_EDGE('',*,*,#702,.F.);
#376=ORIENTED_EDGE('',*,*,#700,.F.);
#377=ORIENTED_EDGE('',*,*,#698,.F.);
#378=ORIENTED_EDGE('',*,*,#696,.F.);
#379=ORIENTED_EDGE('',*,*,#705,.T.);
#380=ORIENTED_EDGE('',*,*,#706,.T.);
#381=ORIENTED_EDGE('',*,*,#707,.F.);
#382=ORIENTED_EDGE('',*,*,#601,.F.);
#383=ORIENTED_EDGE('',*,*,#707,.T.);
#384=ORIENTED_EDGE('',*,*,#708,.T.);
#385=ORIENTED_EDGE('',*,*,#709,.F.);
#386=ORIENTED_EDGE('',*,*,#602,.F.);
#387=ORIENTED_EDGE('',*,*,#709,.T.);
#388=ORIENTED_EDGE('',*,*,#710,.T.);
#389=ORIENTED_EDGE('',*,*,#711,.F.);
#390=ORIENTED_EDGE('',*,*,#603,.F.);
#391=ORIENTED_EDGE('',*,*,#711,.T.);
#392=ORIENTED_EDGE('',*,*,#712,.T.);
#393=ORIENTED_EDGE('',*,*,#713,.F.);
#394=ORIENTED_EDGE('',*,*,#604,.F.);
#395=ORIENTED_EDGE('',*,*,#713,.T.);
#396=ORIENTED_EDGE('',*,*,#714,.T.);
#397=ORIENTED_EDGE('',*,*,#715,.F.);
#398=ORIENTED_EDGE('',*,*,#605,.F.);
#399=ORIENTED_EDGE('',*,*,#715,.T.);
#400=ORIENTED_EDGE('',*,*,#716,.T.);
#401=ORIENTED_EDGE('',*,*,#705,.F.);
#402=ORIENTED_EDGE('',*,*,#600,.F.);
#403=ORIENTED_EDGE('',*,*,#589,.T.);
#404=ORIENTED_EDGE('',*,*,#706,.F.);
#405=ORIENTED_EDGE('',*,*,#716,.F.);
#406=ORIENTED_EDGE('',*,*,#714,.F.);
#407=ORIENTED_EDGE('',*,*,#712,.F.);
#408=ORIENTED_EDGE('',*,*,#710,.F.);
#409=ORIENTED_EDGE('',*,*,#708,.F.);
#410=ORIENTED_EDGE('',*,*,#717,.T.);
#411=ORIENTED_EDGE('',*,*,#718,.T.);
#412=ORIENTED_EDGE('',*,*,#719,.F.);
#413=ORIENTED_EDGE('',*,*,#595,.F.);
#414=ORIENTED_EDGE('',*,*,#719,.T.);
#415=ORIENTED_EDGE('',*,*,#720,.T.);
#416=ORIENTED_EDGE('',*,*,#721,.F.);
#417=ORIENTED_EDGE('',*,*,#596,.F.);
#418=ORIENTED_EDGE('',*,*,#721,.T.);
#419=ORIENTED_EDGE('',*,*,#722,.T.);
#420=ORIENTED_EDGE('',*,*,#723,.F.);
#421=ORIENTED_EDGE('',*,*,#597,.F.);
#422=ORIENTED_EDGE('',*,*,#723,.T.);
#423=ORIENTED_EDGE('',*,*,#724,.T.);
#424=ORIENTED_EDGE('',*,*,#725,.F.);
#425=ORIENTED_EDGE('',*,*,#598,.F.);
#426=ORIENTED_EDGE('',*,*,#725,.T.);
#427=ORIENTED_EDGE('',*,*,#726,.T.);
#428=ORIENTED_EDGE('',*,*,#727,.F.);
#429=ORIENTED_EDGE('',*,*,#599,.F.);
#430=ORIENTED_EDGE('',*,*,#727,.T.);
#431=ORIENTED_EDGE('',*,*,#728,.T.);
#432=ORIENTED_EDGE('',*,*,#717,.F.);
#433=ORIENTED_EDGE('',*,*,#594,.F.);
#434=ORIENTED_EDGE('',*,*,#588,.T.);
#435=ORIENTED_EDGE('',*,*,#718,.F.);
#436=ORIENTED_EDGE('',*,*,#728,.F.);
#437=ORIENTED_EDGE('',*,*,#726,.F.);
#438=ORIENTED_EDGE('',*,*,#724,.F.);
#439=ORIENTED_EDGE('',*,*,#722,.F.);
#440=ORIENTED_EDGE('',*,*,#720,.F.);
#441=ORIENTED_EDGE('',*,*,#542,.F.);
#442=ORIENTED_EDGE('',*,*,#729,.F.);
#443=ORIENTED_EDGE('',*,*,#730,.T.);
#444=ORIENTED_EDGE('',*,*,#563,.T.);
#445=ORIENTED_EDGE('',*,*,#541,.F.);
#446=ORIENTED_EDGE('',*,*,#731,.F.);
#447=ORIENTED_EDGE('',*,*,#732,.T.);
#448=ORIENTED_EDGE('',*,*,#729,.T.);
#449=ORIENTED_EDGE('',*,*,#540,.F.);
#450=ORIENTED_EDGE('',*,*,#733,.F.);
#451=ORIENTED_EDGE('',*,*,#734,.T.);
#452=ORIENTED_EDGE('',*,*,#731,.T.);
#453=ORIENTED_EDGE('',*,*,#539,.F.);
#454=ORIENTED_EDGE('',*,*,#735,.F.);
#455=ORIENTED_EDGE('',*,*,#736,.T.);
#456=ORIENTED_EDGE('',*,*,#733,.T.);
#457=ORIENTED_EDGE('',*,*,#538,.F.);
#458=ORIENTED_EDGE('',*,*,#565,.F.);
#459=ORIENTED_EDGE('',*,*,#737,.T.);
#460=ORIENTED_EDGE('',*,*,#735,.T.);
#461=ORIENTED_EDGE('',*,*,#564,.F.);
#462=ORIENTED_EDGE('',*,*,#730,.F.);
#463=ORIENTED_EDGE('',*,*,#732,.F.);
#464=ORIENTED_EDGE('',*,*,#734,.F.);
#465=ORIENTED_EDGE('',*,*,#736,.F.);
#466=ORIENTED_EDGE('',*,*,#737,.F.);
#467=ORIENTED_EDGE('',*,*,#530,.T.);
#468=ORIENTED_EDGE('',*,*,#553,.F.);
#469=ORIENTED_EDGE('',*,*,#738,.F.);
#470=ORIENTED_EDGE('',*,*,#739,.T.);
#471=ORIENTED_EDGE('',*,*,#534,.T.);
#472=ORIENTED_EDGE('',*,*,#740,.F.);
#473=ORIENTED_EDGE('',*,*,#741,.F.);
#474=ORIENTED_EDGE('',*,*,#551,.T.);
#475=ORIENTED_EDGE('',*,*,#533,.T.);
#476=ORIENTED_EDGE('',*,*,#742,.F.);
#477=ORIENTED_EDGE('',*,*,#743,.F.);
#478=ORIENTED_EDGE('',*,*,#740,.T.);
#479=ORIENTED_EDGE('',*,*,#532,.T.);
#480=ORIENTED_EDGE('',*,*,#744,.F.);
#481=ORIENTED_EDGE('',*,*,#745,.F.);
#482=ORIENTED_EDGE('',*,*,#742,.T.);
#483=ORIENTED_EDGE('',*,*,#531,.T.);
#484=ORIENTED_EDGE('',*,*,#739,.F.);
#485=ORIENTED_EDGE('',*,*,#746,.F.);
#486=ORIENTED_EDGE('',*,*,#744,.T.);
#487=ORIENTED_EDGE('',*,*,#738,.T.);
#488=ORIENTED_EDGE('',*,*,#552,.F.);
#489=ORIENTED_EDGE('',*,*,#741,.T.);
#490=ORIENTED_EDGE('',*,*,#743,.T.);
#491=ORIENTED_EDGE('',*,*,#745,.T.);
#492=ORIENTED_EDGE('',*,*,#746,.T.);
#493=ORIENTED_EDGE('',*,*,#636,.F.);
#494=ORIENTED_EDGE('',*,*,#560,.F.);
#495=ORIENTED_EDGE('',*,*,#643,.F.);
#496=ORIENTED_EDGE('',*,*,#556,.F.);
#497=ORIENTED_EDGE('',*,*,#637,.F.);
#498=ORIENTED_EDGE('',*,*,#558,.F.);
#499=ORIENTED_EDGE('',*,*,#644,.F.);
#500=ORIENTED_EDGE('',*,*,#548,.F.);
#501=ORIENTED_EDGE('',*,*,#641,.F.);
#502=ORIENTED_EDGE('',*,*,#567,.F.);
#503=ORIENTED_EDGE('',*,*,#518,.F.);
#504=ORIENTED_EDGE('',*,*,#562,.F.);
#505=ORIENTED_EDGE('',*,*,#638,.F.);
#506=ORIENTED_EDGE('',*,*,#554,.F.);
#507=ORIENTED_EDGE('',*,*,#528,.F.);
#508=ORIENTED_EDGE('',*,*,#591,.F.);
#509=ORIENTED_EDGE('',*,*,#639,.F.);
#510=ORIENTED_EDGE('',*,*,#592,.F.);
#511=ORIENTED_EDGE('',*,*,#526,.F.);
#512=ORIENTED_EDGE('',*,*,#580,.F.);
#513=ORIENTED_EDGE('',*,*,#640,.F.);
#514=ORIENTED_EDGE('',*,*,#570,.F.);
#515=ORIENTED_EDGE('',*,*,#520,.F.);
#516=ORIENTED_EDGE('',*,*,#569,.F.);
#517=EDGE_CURVE('',#747,#748,#905,.T.);
#518=EDGE_CURVE('',#747,#749,#27,.T.);
#519=EDGE_CURVE('',#750,#749,#906,.T.);
#520=EDGE_CURVE('',#750,#751,#28,.T.);
#521=EDGE_CURVE('',#752,#751,#907,.T.);
#522=EDGE_CURVE('',#753,#752,#29,.T.);
#523=EDGE_CURVE('',#754,#753,#908,.T.);
#524=EDGE_CURVE('',#755,#754,#30,.T.);
#525=EDGE_CURVE('',#756,#755,#909,.T.);
#526=EDGE_CURVE('',#756,#757,#31,.T.);
#527=EDGE_CURVE('',#758,#757,#910,.T.);
#528=EDGE_CURVE('',#758,#759,#32,.T.);
#529=EDGE_CURVE('',#760,#759,#911,.T.);
#530=EDGE_CURVE('',#761,#760,#912,.T.);
#531=EDGE_CURVE('',#762,#761,#913,.T.);
#532=EDGE_CURVE('',#763,#762,#914,.T.);
#533=EDGE_CURVE('',#764,#763,#915,.T.);
#534=EDGE_CURVE('',#765,#764,#916,.T.);
#535=EDGE_CURVE('',#766,#765,#917,.T.);
#536=EDGE_CURVE('',#766,#767,#918,.T.);
#537=EDGE_CURVE('',#768,#767,#919,.T.);
#538=EDGE_CURVE('',#768,#769,#920,.T.);
#539=EDGE_CURVE('',#769,#770,#921,.T.);
#540=EDGE_CURVE('',#770,#771,#922,.T.);
#541=EDGE_CURVE('',#771,#772,#923,.T.);
#542=EDGE_CURVE('',#772,#748,#924,.T.);
#543=EDGE_CURVE('',#773,#773,#33,.T.);
#544=EDGE_CURVE('',#774,#774,#34,.T.);
#545=EDGE_CURVE('',#775,#775,#35,.T.);
#546=EDGE_CURVE('',#776,#776,#36,.T.);
#547=EDGE_CURVE('',#777,#778,#925,.T.);
#548=EDGE_CURVE('',#777,#779,#926,.T.);
#549=EDGE_CURVE('',#779,#780,#927,.T.);
#550=EDGE_CURVE('',#766,#780,#928,.T.);
#551=EDGE_CURVE('',#781,#765,#929,.T.);
#552=EDGE_CURVE('',#781,#782,#930,.T.);
#553=EDGE_CURVE('',#782,#760,#931,.T.);
#554=EDGE_CURVE('',#759,#778,#932,.F.);
#555=EDGE_CURVE('',#783,#784,#933,.T.);
#556=EDGE_CURVE('',#783,#785,#934,.T.);
#557=EDGE_CURVE('',#785,#786,#935,.T.);
#558=EDGE_CURVE('',#786,#784,#936,.F.);
#559=EDGE_CURVE('',#787,#788,#937,.T.);
#560=EDGE_CURVE('',#788,#789,#938,.F.);
#561=EDGE_CURVE('',#790,#789,#939,.T.);
#562=EDGE_CURVE('',#790,#747,#940,.T.);
#563=EDGE_CURVE('',#791,#748,#941,.T.);
#564=EDGE_CURVE('',#791,#792,#942,.T.);
#565=EDGE_CURVE('',#792,#768,#943,.T.);
#566=EDGE_CURVE('',#767,#787,#944,.T.);
#567=EDGE_CURVE('',#749,#793,#945,.F.);
#568=EDGE_CURVE('',#794,#793,#946,.T.);
#569=EDGE_CURVE('',#794,#750,#947,.T.);
#570=EDGE_CURVE('',#751,#795,#948,.F.);
#571=EDGE_CURVE('',#796,#795,#949,.T.);
#572=EDGE_CURVE('',#796,#752,#950,.T.);
#573=EDGE_CURVE('',#797,#796,#37,.T.);
#574=EDGE_CURVE('',#797,#753,#951,.T.);
#575=EDGE_CURVE('',#798,#797,#952,.T.);
#576=EDGE_CURVE('',#798,#754,#953,.T.);
#577=EDGE_CURVE('',#799,#798,#38,.T.);
#578=EDGE_CURVE('',#799,#755,#954,.T.);
#579=EDGE_CURVE('',#800,#799,#955,.T.);
#580=EDGE_CURVE('',#800,#756,#956,.T.);
#581=EDGE_CURVE('',#801,#801,#39,.T.);
#582=EDGE_CURVE('',#802,#802,#40,.T.);
#583=EDGE_CURVE('',#803,#803,#41,.T.);
#584=EDGE_CURVE('',#804,#804,#42,.T.);
#585=EDGE_CURVE('',#805,#805,#43,.T.);
#586=EDGE_CURVE('',#806,#806,#44,.T.);
#587=EDGE_CURVE('',#807,#807,#45,.T.);
#588=EDGE_CURVE('',#808,#808,#46,.T.);
#589=EDGE_CURVE('',#809,#809,#47,.T.);
#590=EDGE_CURVE('',#810,#811,#957,.T.);
#591=EDGE_CURVE('',#810,#758,#958,.T.);
#592=EDGE_CURVE('',#757,#811,#959,.F.);
#593=EDGE_CURVE('',#812,#812,#48,.T.);
#594=EDGE_CURVE('',#813,#814,#960,.T.);
#595=EDGE_CURVE('',#814,#815,#961,.T.);
#596=EDGE_CURVE('',#815,#816,#962,.T.);
#597=EDGE_CURVE('',#816,#817,#963,.T.);
#598=EDGE_CURVE('',#817,#818,#964,.T.);
#599=EDGE_CURVE('',#818,#813,#965,.T.);
#600=EDGE_CURVE('',#819,#820,#966,.T.);
#601=EDGE_CURVE('',#820,#821,#967,.T.);
#602=EDGE_CURVE('',#821,#822,#968,.T.);
#603=EDGE_CURVE('',#822,#823,#969,.T.);
#604=EDGE_CURVE('',#823,#824,#970,.T.);
#605=EDGE_CURVE('',#824,#819,#971,.T.);
#606=EDGE_CURVE('',#825,#826,#972,.T.);
#607=EDGE_CURVE('',#826,#827,#973,.T.);
#608=EDGE_CURVE('',#827,#828,#974,.T.);
#609=EDGE_CURVE('',#828,#829,#975,.T.);
#610=EDGE_CURVE('',#829,#830,#976,.T.);
#611=EDGE_CURVE('',#830,#825,#977,.T.);
#612=EDGE_CURVE('',#831,#832,#978,.T.);
#613=EDGE_CURVE('',#832,#833,#979,.T.);
#614=EDGE_CURVE('',#833,#834,#980,.T.);
#615=EDGE_CURVE('',#834,#835,#981,.T.);
#616=EDGE_CURVE('',#835,#836,#982,.T.);
#617=EDGE_CURVE('',#836,#831,#983,.T.);
#618=EDGE_CURVE('',#837,#838,#984,.T.);
#619=EDGE_CURVE('',#838,#839,#985,.T.);
#620=EDGE_CURVE('',#839,#840,#986,.T.);
#621=EDGE_CURVE('',#840,#841,#987,.T.);
#622=EDGE_CURVE('',#841,#842,#988,.T.);
#623=EDGE_CURVE('',#842,#837,#989,.T.);
#624=EDGE_CURVE('',#843,#844,#990,.T.);
#625=EDGE_CURVE('',#844,#845,#991,.T.);
#626=EDGE_CURVE('',#845,#846,#992,.T.);
#627=EDGE_CURVE('',#846,#847,#993,.T.);
#628=EDGE_CURVE('',#847,#848,#994,.T.);
#629=EDGE_CURVE('',#848,#843,#995,.T.);
#630=EDGE_CURVE('',#849,#850,#996,.T.);
#631=EDGE_CURVE('',#850,#851,#997,.T.);
#632=EDGE_CURVE('',#851,#852,#998,.T.);
#633=EDGE_CURVE('',#852,#853,#999,.T.);
#634=EDGE_CURVE('',#853,#854,#1000,.T.);
#635=EDGE_CURVE('',#854,#849,#1001,.T.);
#636=EDGE_CURVE('',#789,#783,#49,.F.);
#637=EDGE_CURVE('',#784,#777,#50,.F.);
#638=EDGE_CURVE('',#778,#810,#51,.F.);
#639=EDGE_CURVE('',#811,#800,#52,.F.);
#640=EDGE_CURVE('',#795,#794,#53,.F.);
#641=EDGE_CURVE('',#793,#790,#54,.F.);
#642=EDGE_CURVE('',#780,#787,#1002,.T.);
#643=EDGE_CURVE('',#785,#788,#55,.T.);
#644=EDGE_CURVE('',#779,#786,#56,.T.);
#645=EDGE_CURVE('',#850,#855,#1003,.T.);
#646=EDGE_CURVE('',#855,#856,#1004,.T.);
#647=EDGE_CURVE('',#851,#856,#1005,.T.);
#648=EDGE_CURVE('',#856,#857,#1006,.T.);
#649=EDGE_CURVE('',#852,#857,#1007,.T.);
#650=EDGE_CURVE('',#857,#858,#1008,.T.);
#651=EDGE_CURVE('',#853,#858,#1009,.T.);
#652=EDGE_CURVE('',#858,#859,#1010,.T.);
#653=EDGE_CURVE('',#854,#859,#1011,.T.);
#654=EDGE_CURVE('',#859,#860,#1012,.T.);
#655=EDGE_CURVE('',#849,#860,#1013,.T.);
#656=EDGE_CURVE('',#860,#855,#1014,.T.);
#657=EDGE_CURVE('',#844,#861,#1015,.T.);
#658=EDGE_CURVE('',#861,#862,#1016,.T.);
#659=EDGE_CURVE('',#845,#862,#1017,.T.);
#660=EDGE_CURVE('',#862,#863,#1018,.T.);
#661=EDGE_CURVE('',#846,#863,#1019,.T.);
#662=EDGE_CURVE('',#863,#864,#1020,.T.);
#663=EDGE_CURVE('',#847,#864,#1021,.T.);
#664=EDGE_CURVE('',#864,#865,#1022,.T.);
#665=EDGE_CURVE('',#848,#865,#1023,.T.);
#666=EDGE_CURVE('',#865,#866,#1024,.T.);
#667=EDGE_CURVE('',#843,#866,#1025,.T.);
#668=EDGE_CURVE('',#866,#861,#1026,.T.);
#669=EDGE_CURVE('',#838,#867,#1027,.T.);
#670=EDGE_CURVE('',#867,#868,#1028,.T.);
#671=EDGE_CURVE('',#839,#868,#1029,.T.);
#672=EDGE_CURVE('',#868,#869,#1030,.T.);
#673=EDGE_CURVE('',#840,#869,#1031,.T.);
#674=EDGE_CURVE('',#869,#870,#1032,.T.);
#675=EDGE_CURVE('',#841,#870,#1033,.T.);
#676=EDGE_CURVE('',#870,#871,#1034,.T.);
#677=EDGE_CURVE('',#842,#871,#1035,.T.);
#678=EDGE_CURVE('',#871,#872,#1036,.T.);
#679=EDGE_CURVE('',#837,#872,#1037,.T.);
#680=EDGE_CURVE('',#872,#867,#1038,.T.);
#681=EDGE_CURVE('',#832,#873,#1039,.T.);
#682=EDGE_CURVE('',#873,#874,#1040,.T.);
#683=EDGE_CURVE('',#833,#874,#1041,.T.);
#684=EDGE_CURVE('',#874,#875,#1042,.T.);
#685=EDGE_CURVE('',#834,#875,#1043,.T.);
#686=EDGE_CURVE('',#875,#876,#1044,.T.);
#687=EDGE_CURVE('',#835,#876,#1045,.T.);
#688=EDGE_CURVE('',#876,#877,#1046,.T.);
#689=EDGE_CURVE('',#836,#877,#1047,.T.);
#690=EDGE_CURVE('',#877,#878,#1048,.T.);
#691=EDGE_CURVE('',#831,#878,#1049,.T.);
#692=EDGE_CURVE('',#878,#873,#1050,.T.);
#693=EDGE_CURVE('',#826,#879,#1051,.T.);
#694=EDGE_CURVE('',#879,#880,#1052,.T.);
#695=EDGE_CURVE('',#827,#880,#1053,.T.);
#696=EDGE_CURVE('',#880,#881,#1054,.T.);
#697=EDGE_CURVE('',#828,#881,#1055,.T.);
#698=EDGE_CURVE('',#881,#882,#1056,.T.);
#699=EDGE_CURVE('',#829,#882,#1057,.T.);
#700=EDGE_CURVE('',#882,#883,#1058,.T.);
#701=EDGE_CURVE('',#830,#883,#1059,.T.);
#702=EDGE_CURVE('',#883,#884,#1060,.T.);
#703=EDGE_CURVE('',#825,#884,#1061,.T.);
#704=EDGE_CURVE('',#884,#879,#1062,.T.);
#705=EDGE_CURVE('',#820,#885,#1063,.T.);
#706=EDGE_CURVE('',#885,#886,#1064,.T.);
#707=EDGE_CURVE('',#821,#886,#1065,.T.);
#708=EDGE_CURVE('',#886,#887,#1066,.T.);
#709=EDGE_CURVE('',#822,#887,#1067,.T.);
#710=EDGE_CURVE('',#887,#888,#1068,.T.);
#711=EDGE_CURVE('',#823,#888,#1069,.T.);
#712=EDGE_CURVE('',#888,#889,#1070,.T.);
#713=EDGE_CURVE('',#824,#889,#1071,.T.);
#714=EDGE_CURVE('',#889,#890,#1072,.T.);
#715=EDGE_CURVE('',#819,#890,#1073,.T.);
#716=EDGE_CURVE('',#890,#885,#1074,.T.);
#717=EDGE_CURVE('',#814,#891,#1075,.T.);
#718=EDGE_CURVE('',#891,#892,#1076,.T.);
#719=EDGE_CURVE('',#815,#892,#1077,.T.);
#720=EDGE_CURVE('',#892,#893,#1078,.T.);
#721=EDGE_CURVE('',#816,#893,#1079,.T.);
#722=EDGE_CURVE('',#893,#894,#1080,.T.);
#723=EDGE_CURVE('',#817,#894,#1081,.T.);
#724=EDGE_CURVE('',#894,#895,#1082,.T.);
#725=EDGE_CURVE('',#818,#895,#1083,.T.);
#726=EDGE_CURVE('',#895,#896,#1084,.T.);
#727=EDGE_CURVE('',#813,#896,#1085,.T.);
#728=EDGE_CURVE('',#896,#891,#1086,.T.);
#729=EDGE_CURVE('',#897,#772,#1087,.T.);
#730=EDGE_CURVE('',#897,#791,#1088,.T.);
#731=EDGE_CURVE('',#898,#771,#1089,.T.);
#732=EDGE_CURVE('',#898,#897,#1090,.T.);
#733=EDGE_CURVE('',#899,#770,#1091,.T.);
#734=EDGE_CURVE('',#899,#898,#1092,.T.);
#735=EDGE_CURVE('',#900,#769,#1093,.T.);
#736=EDGE_CURVE('',#900,#899,#1094,.T.);
#737=EDGE_CURVE('',#792,#900,#1095,.T.);
#738=EDGE_CURVE('',#901,#782,#1096,.T.);
#739=EDGE_CURVE('',#901,#761,#1097,.T.);
#740=EDGE_CURVE('',#902,#764,#1098,.T.);
#741=EDGE_CURVE('',#781,#902,#1099,.T.);
#742=EDGE_CURVE('',#903,#763,#1100,.T.);
#743=EDGE_CURVE('',#902,#903,#1101,.T.);
#744=EDGE_CURVE('',#904,#762,#1102,.T.);
#745=EDGE_CURVE('',#903,#904,#1103,.T.);
#746=EDGE_CURVE('',#904,#901,#1104,.T.);
#747=VERTEX_POINT('',#2270);
#748=VERTEX_POINT('',#2271);
#749=VERTEX_POINT('',#2273);
#750=VERTEX_POINT('',#2275);
#751=VERTEX_POINT('',#2277);
#752=VERTEX_POINT('',#2279);
#753=VERTEX_POINT('',#2281);
#754=VERTEX_POINT('',#2283);
#755=VERTEX_POINT('',#2285);
#756=VERTEX_POINT('',#2287);
#757=VERTEX_POINT('',#2289);
#758=VERTEX_POINT('',#2291);
#759=VERTEX_POINT('',#2293);
#760=VERTEX_POINT('',#2295);
#761=VERTEX_POINT('',#2297);
#762=VERTEX_POINT('',#2299);
#763=VERTEX_POINT('',#2301);
#764=VERTEX_POINT('',#2303);
#765=VERTEX_POINT('',#2305);
#766=VERTEX_POINT('',#2307);
#767=VERTEX_POINT('',#2309);
#768=VERTEX_POINT('',#2311);
#769=VERTEX_POINT('',#2313);
#770=VERTEX_POINT('',#2315);
#771=VERTEX_POINT('',#2317);
#772=VERTEX_POINT('',#2319);
#773=VERTEX_POINT('',#2322);
#774=VERTEX_POINT('',#2324);
#775=VERTEX_POINT('',#2326);
#776=VERTEX_POINT('',#2328);
#777=VERTEX_POINT('',#2331);
#778=VERTEX_POINT('',#2332);
#779=VERTEX_POINT('',#2334);
#780=VERTEX_POINT('',#2336);
#781=VERTEX_POINT('',#2339);
#782=VERTEX_POINT('',#2341);
#783=VERTEX_POINT('',#2346);
#784=VERTEX_POINT('',#2347);
#785=VERTEX_POINT('',#2349);
#786=VERTEX_POINT('',#2351);
#787=VERTEX_POINT('',#2355);
#788=VERTEX_POINT('',#2356);
#789=VERTEX_POINT('',#2358);
#790=VERTEX_POINT('',#2360);
#791=VERTEX_POINT('',#2363);
#792=VERTEX_POINT('',#2365);
#793=VERTEX_POINT('',#2370);
#794=VERTEX_POINT('',#2372);
#795=VERTEX_POINT('',#2376);
#796=VERTEX_POINT('',#2378);
#797=VERTEX_POINT('',#2382);
#798=VERTEX_POINT('',#2386);
#799=VERTEX_POINT('',#2390);
#800=VERTEX_POINT('',#2394);
#801=VERTEX_POINT('',#2398);
#802=VERTEX_POINT('',#2401);
#803=VERTEX_POINT('',#2403);
#804=VERTEX_POINT('',#2406);
#805=VERTEX_POINT('',#2408);
#806=VERTEX_POINT('',#2411);
#807=VERTEX_POINT('',#2413);
#808=VERTEX_POINT('',#2416);
#809=VERTEX_POINT('',#2419);
#810=VERTEX_POINT('',#2422);
#811=VERTEX_POINT('',#2423);
#812=VERTEX_POINT('',#2428);
#813=VERTEX_POINT('',#2431);
#814=VERTEX_POINT('',#2432);
#815=VERTEX_POINT('',#2434);
#816=VERTEX_POINT('',#2436);
#817=VERTEX_POINT('',#2438);
#818=VERTEX_POINT('',#2440);
#819=VERTEX_POINT('',#2443);
#820=VERTEX_POINT('',#2444);
#821=VERTEX_POINT('',#2446);
#822=VERTEX_POINT('',#2448);
#823=VERTEX_POINT('',#2450);
#824=VERTEX_POINT('',#2452);
#825=VERTEX_POINT('',#2455);
#826=VERTEX_POINT('',#2456);
#827=VERTEX_POINT('',#2458);
#828=VERTEX_POINT('',#2460);
#829=VERTEX_POINT('',#2462);
#830=VERTEX_POINT('',#2464);
#831=VERTEX_POINT('',#2467);
#832=VERTEX_POINT('',#2468);
#833=VERTEX_POINT('',#2470);
#834=VERTEX_POINT('',#2472);
#835=VERTEX_POINT('',#2474);
#836=VERTEX_POINT('',#2476);
#837=VERTEX_POINT('',#2479);
#838=VERTEX_POINT('',#2480);
#839=VERTEX_POINT('',#2482);
#840=VERTEX_POINT('',#2484);
#841=VERTEX_POINT('',#2486);
#842=VERTEX_POINT('',#2488);
#843=VERTEX_POINT('',#2491);
#844=VERTEX_POINT('',#2492);
#845=VERTEX_POINT('',#2494);
#846=VERTEX_POINT('',#2496);
#847=VERTEX_POINT('',#2498);
#848=VERTEX_POINT('',#2500);
#849=VERTEX_POINT('',#2503);
#850=VERTEX_POINT('',#2504);
#851=VERTEX_POINT('',#2506);
#852=VERTEX_POINT('',#2508);
#853=VERTEX_POINT('',#2510);
#854=VERTEX_POINT('',#2512);
#855=VERTEX_POINT('',#2527);
#856=VERTEX_POINT('',#2529);
#857=VERTEX_POINT('',#2533);
#858=VERTEX_POINT('',#2537);
#859=VERTEX_POINT('',#2541);
#860=VERTEX_POINT('',#2545);
#861=VERTEX_POINT('',#2552);
#862=VERTEX_POINT('',#2554);
#863=VERTEX_POINT('',#2558);
#864=VERTEX_POINT('',#2562);
#865=VERTEX_POINT('',#2566);
#866=VERTEX_POINT('',#2570);
#867=VERTEX_POINT('',#2577);
#868=VERTEX_POINT('',#2579);
#869=VERTEX_POINT('',#2583);
#870=VERTEX_POINT('',#2587);
#871=VERTEX_POINT('',#2591);
#872=VERTEX_POINT('',#2595);
#873=VERTEX_POINT('',#2602);
#874=VERTEX_POINT('',#2604);
#875=VERTEX_POINT('',#2608);
#876=VERTEX_POINT('',#2612);
#877=VERTEX_POINT('',#2616);
#878=VERTEX_POINT('',#2620);
#879=VERTEX_POINT('',#2627);
#880=VERTEX_POINT('',#2629);
#881=VERTEX_POINT('',#2633);
#882=VERTEX_POINT('',#2637);
#883=VERTEX_POINT('',#2641);
#884=VERTEX_POINT('',#2645);
#885=VERTEX_POINT('',#2652);
#886=VERTEX_POINT('',#2654);
#887=VERTEX_POINT('',#2658);
#888=VERTEX_POINT('',#2662);
#889=VERTEX_POINT('',#2666);
#890=VERTEX_POINT('',#2670);
#891=VERTEX_POINT('',#2677);
#892=VERTEX_POINT('',#2679);
#893=VERTEX_POINT('',#2683);
#894=VERTEX_POINT('',#2687);
#895=VERTEX_POINT('',#2691);
#896=VERTEX_POINT('',#2695);
#897=VERTEX_POINT('',#2702);
#898=VERTEX_POINT('',#2706);
#899=VERTEX_POINT('',#2710);
#900=VERTEX_POINT('',#2714);
#901=VERTEX_POINT('',#2721);
#902=VERTEX_POINT('',#2725);
#903=VERTEX_POINT('',#2729);
#904=VERTEX_POINT('',#2733);
#905=LINE('',#2269,#1105);
#906=LINE('',#2274,#1106);
#907=LINE('',#2278,#1107);
#908=LINE('',#2282,#1108);
#909=LINE('',#2286,#1109);
#910=LINE('',#2290,#1110);
#911=LINE('',#2294,#1111);
#912=LINE('',#2296,#1112);
#913=LINE('',#2298,#1113);
#914=LINE('',#2300,#1114);
#915=LINE('',#2302,#1115);
#916=LINE('',#2304,#1116);
#917=LINE('',#2306,#1117);
#918=LINE('',#2308,#1118);
#919=LINE('',#2310,#1119);
#920=LINE('',#2312,#1120);
#921=LINE('',#2314,#1121);
#922=LINE('',#2316,#1122);
#923=LINE('',#2318,#1123);
#924=LINE('',#2320,#1124);
#925=LINE('',#2330,#1125);
#926=LINE('',#2333,#1126);
#927=LINE('',#2335,#1127);
#928=LINE('',#2337,#1128);
#929=LINE('',#2338,#1129);
#930=LINE('',#2340,#1130);
#931=LINE('',#2342,#1131);
#932=LINE('',#2343,#1132);
#933=LINE('',#2345,#1133);
#934=LINE('',#2348,#1134);
#935=LINE('',#2350,#1135);
#936=LINE('',#2352,#1136);
#937=LINE('',#2354,#1137);
#938=LINE('',#2357,#1138);
#939=LINE('',#2359,#1139);
#940=LINE('',#2361,#1140);
#941=LINE('',#2362,#1141);
#942=LINE('',#2364,#1142);
#943=LINE('',#2366,#1143);
#944=LINE('',#2367,#1144);
#945=LINE('',#2369,#1145);
#946=LINE('',#2371,#1146);
#947=LINE('',#2373,#1147);
#948=LINE('',#2375,#1148);
#949=LINE('',#2377,#1149);
#950=LINE('',#2379,#1150);
#951=LINE('',#2383,#1151);
#952=LINE('',#2385,#1152);
#953=LINE('',#2387,#1153);
#954=LINE('',#2391,#1154);
#955=LINE('',#2393,#1155);
#956=LINE('',#2395,#1156);
#957=LINE('',#2421,#1157);
#958=LINE('',#2424,#1158);
#959=LINE('',#2425,#1159);
#960=LINE('',#2430,#1160);
#961=LINE('',#2433,#1161);
#962=LINE('',#2435,#1162);
#963=LINE('',#2437,#1163);
#964=LINE('',#2439,#1164);
#965=LINE('',#2441,#1165);
#966=LINE('',#2442,#1166);
#967=LINE('',#2445,#1167);
#968=LINE('',#2447,#1168);
#969=LINE('',#2449,#1169);
#970=LINE('',#2451,#1170);
#971=LINE('',#2453,#1171);
#972=LINE('',#2454,#1172);
#973=LINE('',#2457,#1173);
#974=LINE('',#2459,#1174);
#975=LINE('',#2461,#1175);
#976=LINE('',#2463,#1176);
#977=LINE('',#2465,#1177);
#978=LINE('',#2466,#1178);
#979=LINE('',#2469,#1179);
#980=LINE('',#2471,#1180);
#981=LINE('',#2473,#1181);
#982=LINE('',#2475,#1182);
#983=LINE('',#2477,#1183);
#984=LINE('',#2478,#1184);
#985=LINE('',#2481,#1185);
#986=LINE('',#2483,#1186);
#987=LINE('',#2485,#1187);
#988=LINE('',#2487,#1188);
#989=LINE('',#2489,#1189);
#990=LINE('',#2490,#1190);
#991=LINE('',#2493,#1191);
#992=LINE('',#2495,#1192);
#993=LINE('',#2497,#1193);
#994=LINE('',#2499,#1194);
#995=LINE('',#2501,#1195);
#996=LINE('',#2502,#1196);
#997=LINE('',#2505,#1197);
#998=LINE('',#2507,#1198);
#999=LINE('',#2509,#1199);
#1000=LINE('',#2511,#1200);
#1001=LINE('',#2513,#1201);
#1002=LINE('',#2521,#1202);
#1003=LINE('',#2526,#1203);
#1004=LINE('',#2528,#1204);
#1005=LINE('',#2530,#1205);
#1006=LINE('',#2532,#1206);
#1007=LINE('',#2534,#1207);
#1008=LINE('',#2536,#1208);
#1009=LINE('',#2538,#1209);
#1010=LINE('',#2540,#1210);
#1011=LINE('',#2542,#1211);
#1012=LINE('',#2544,#1212);
#1013=LINE('',#2546,#1213);
#1014=LINE('',#2548,#1214);
#1015=LINE('',#2551,#1215);
#1016=LINE('',#2553,#1216);
#1017=LINE('',#2555,#1217);
#1018=LINE('',#2557,#1218);
#1019=LINE('',#2559,#1219);
#1020=LINE('',#2561,#1220);
#1021=LINE('',#2563,#1221);
#1022=LINE('',#2565,#1222);
#1023=LINE('',#2567,#1223);
#1024=LINE('',#2569,#1224);
#1025=LINE('',#2571,#1225);
#1026=LINE('',#2573,#1226);
#1027=LINE('',#2576,#1227);
#1028=LINE('',#2578,#1228);
#1029=LINE('',#2580,#1229);
#1030=LINE('',#2582,#1230);
#1031=LINE('',#2584,#1231);
#1032=LINE('',#2586,#1232);
#1033=LINE('',#2588,#1233);
#1034=LINE('',#2590,#1234);
#1035=LINE('',#2592,#1235);
#1036=LINE('',#2594,#1236);
#1037=LINE('',#2596,#1237);
#1038=LINE('',#2598,#1238);
#1039=LINE('',#2601,#1239);
#1040=LINE('',#2603,#1240);
#1041=LINE('',#2605,#1241);
#1042=LINE('',#2607,#1242);
#1043=LINE('',#2609,#1243);
#1044=LINE('',#2611,#1244);
#1045=LINE('',#2613,#1245);
#1046=LINE('',#2615,#1246);
#1047=LINE('',#2617,#1247);
#1048=LINE('',#2619,#1248);
#1049=LINE('',#2621,#1249);
#1050=LINE('',#2623,#1250);
#1051=LINE('',#2626,#1251);
#1052=LINE('',#2628,#1252);
#1053=LINE('',#2630,#1253);
#1054=LINE('',#2632,#1254);
#1055=LINE('',#2634,#1255);
#1056=LINE('',#2636,#1256);
#1057=LINE('',#2638,#1257);
#1058=LINE('',#2640,#1258);
#1059=LINE('',#2642,#1259);
#1060=LINE('',#2644,#1260);
#1061=LINE('',#2646,#1261);
#1062=LINE('',#2648,#1262);
#1063=LINE('',#2651,#1263);
#1064=LINE('',#2653,#1264);
#1065=LINE('',#2655,#1265);
#1066=LINE('',#2657,#1266);
#1067=LINE('',#2659,#1267);
#1068=LINE('',#2661,#1268);
#1069=LINE('',#2663,#1269);
#1070=LINE('',#2665,#1270);
#1071=LINE('',#2667,#1271);
#1072=LINE('',#2669,#1272);
#1073=LINE('',#2671,#1273);
#1074=LINE('',#2673,#1274);
#1075=LINE('',#2676,#1275);
#1076=LINE('',#2678,#1276);
#1077=LINE('',#2680,#1277);
#1078=LINE('',#2682,#1278);
#1079=LINE('',#2684,#1279);
#1080=LINE('',#2686,#1280);
#1081=LINE('',#2688,#1281);
#1082=LINE('',#2690,#1282);
#1083=LINE('',#2692,#1283);
#1084=LINE('',#2694,#1284);
#1085=LINE('',#2696,#1285);
#1086=LINE('',#2698,#1286);
#1087=LINE('',#2701,#1287);
#1088=LINE('',#2703,#1288);
#1089=LINE('',#2705,#1289);
#1090=LINE('',#2707,#1290);
#1091=LINE('',#2709,#1291);
#1092=LINE('',#2711,#1292);
#1093=LINE('',#2713,#1293);
#1094=LINE('',#2715,#1294);
#1095=LINE('',#2717,#1295);
#1096=LINE('',#2720,#1296);
#1097=LINE('',#2722,#1297);
#1098=LINE('',#2724,#1298);
#1099=LINE('',#2726,#1299);
#1100=LINE('',#2728,#1300);
#1101=LINE('',#2730,#1301);
#1102=LINE('',#2732,#1302);
#1103=LINE('',#2734,#1303);
#1104=LINE('',#2736,#1304);
#1105=VECTOR('',#1833,1.);
#1106=VECTOR('',#1836,1.);
#1107=VECTOR('',#1839,1.);
#1108=VECTOR('',#1842,1.);
#1109=VECTOR('',#1845,1.);
#1110=VECTOR('',#1848,1.);
#1111=VECTOR('',#1851,1.);
#1112=VECTOR('',#1852,1.);
#1113=VECTOR('',#1853,1.);
#1114=VECTOR('',#1854,1.);
#1115=VECTOR('',#1855,1.);
#1116=VECTOR('',#1856,1.);
#1117=VECTOR('',#1857,1.);
#1118=VECTOR('',#1858,1.);
#1119=VECTOR('',#1859,1.);
#1120=VECTOR('',#1860,1.);
#1121=VECTOR('',#1861,1.);
#1122=VECTOR('',#1862,1.);
#1123=VECTOR('',#1863,1.);
#1124=VECTOR('',#1864,1.);
#1125=VECTOR('',#1875,1.);
#1126=VECTOR('',#1876,1.);
#1127=VECTOR('',#1877,1.);
#1128=VECTOR('',#1878,1.);
#1129=VECTOR('',#1879,1.);
#1130=VECTOR('',#1880,1.);
#1131=VECTOR('',#1881,1.);
#1132=VECTOR('',#1882,1.);
#1133=VECTOR('',#1885,1.);
#1134=VECTOR('',#1886,1.);
#1135=VECTOR('',#1887,1.);
#1136=VECTOR('',#1888,1.);
#1137=VECTOR('',#1891,1.);
#1138=VECTOR('',#1892,1.);
#1139=VECTOR('',#1893,1.);
#1140=VECTOR('',#1894,1.);
#1141=VECTOR('',#1895,1.);
#1142=VECTOR('',#1896,1.);
#1143=VECTOR('',#1897,1.);
#1144=VECTOR('',#1898,1.);
#1145=VECTOR('',#1901,1.);
#1146=VECTOR('',#1902,1.);
#1147=VECTOR('',#1903,1.);
#1148=VECTOR('',#1906,1.);
#1149=VECTOR('',#1907,1.);
#1150=VECTOR('',#1908,1.);
#1151=VECTOR('',#1913,1.);
#1152=VECTOR('',#1916,1.);
#1153=VECTOR('',#1917,1.);
#1154=VECTOR('',#1922,1.);
#1155=VECTOR('',#1925,1.);
#1156=VECTOR('',#1926,1.);
#1157=VECTOR('',#1959,1.);
#1158=VECTOR('',#1960,1.);
#1159=VECTOR('',#1961,1.);
#1160=VECTOR('',#1968,1.);
#1161=VECTOR('',#1969,1.);
#1162=VECTOR('',#1970,1.);
#1163=VECTOR('',#1971,1.);
#1164=VECTOR('',#1972,1.);
#1165=VECTOR('',#1973,1.);
#1166=VECTOR('',#1974,1.);
#1167=VECTOR('',#1975,1.);
#1168=VECTOR('',#1976,1.);
#1169=VECTOR('',#1977,1.);
#1170=VECTOR('',#1978,1.);
#1171=VECTOR('',#1979,1.);
#1172=VECTOR('',#1980,1.);
#1173=VECTOR('',#1981,1.);
#1174=VECTOR('',#1982,1.);
#1175=VECTOR('',#1983,1.);
#1176=VECTOR('',#1984,1.);
#1177=VECTOR('',#1985,1.);
#1178=VECTOR('',#1986,1.);
#1179=VECTOR('',#1987,1.);
#1180=VECTOR('',#1988,1.);
#1181=VECTOR('',#1989,1.);
#1182=VECTOR('',#1990,1.);
#1183=VECTOR('',#1991,1.);
#1184=VECTOR('',#1992,1.);
#1185=VECTOR('',#1993,1.);
#1186=VECTOR('',#1994,1.);
#1187=VECTOR('',#1995,1.);
#1188=VECTOR('',#1996,1.);
#1189=VECTOR('',#1997,1.);
#1190=VECTOR('',#1998,1.);
#1191=VECTOR('',#1999,1.);
#1192=VECTOR('',#2000,1.);
#1193=VECTOR('',#2001,1.);
#1194=VECTOR('',#2002,1.);
#1195=VECTOR('',#2003,1.);
#1196=VECTOR('',#2004,1.);
#1197=VECTOR('',#2005,1.);
#1198=VECTOR('',#2006,1.);
#1199=VECTOR('',#2007,1.);
#1200=VECTOR('',#2008,1.);
#1201=VECTOR('',#2009,1.);
#1202=VECTOR('',#2024,1.);
#1203=VECTOR('',#2033,1.);
#1204=VECTOR('',#2034,1.);
#1205=VECTOR('',#2035,1.);
#1206=VECTOR('',#2038,1.);
#1207=VECTOR('',#2039,1.);
#1208=VECTOR('',#2042,1.);
#1209=VECTOR('',#2043,1.);
#1210=VECTOR('',#2046,1.);
#1211=VECTOR('',#2047,1.);
#1212=VECTOR('',#2050,1.);
#1213=VECTOR('',#2051,1.);
#1214=VECTOR('',#2054,1.);
#1215=VECTOR('',#2059,1.);
#1216=VECTOR('',#2060,1.);
#1217=VECTOR('',#2061,1.);
#1218=VECTOR('',#2064,1.);
#1219=VECTOR('',#2065,1.);
#1220=VECTOR('',#2068,1.);
#1221=VECTOR('',#2069,1.);
#1222=VECTOR('',#2072,1.);
#1223=VECTOR('',#2073,1.);
#1224=VECTOR('',#2076,1.);
#1225=VECTOR('',#2077,1.);
#1226=VECTOR('',#2080,1.);
#1227=VECTOR('',#2085,1.);
#1228=VECTOR('',#2086,1.);
#1229=VECTOR('',#2087,1.);
#1230=VECTOR('',#2090,1.);
#1231=VECTOR('',#2091,1.);
#1232=VECTOR('',#2094,1.);
#1233=VECTOR('',#2095,1.);
#1234=VECTOR('',#2098,1.);
#1235=VECTOR('',#2099,1.);
#1236=VECTOR('',#2102,1.);
#1237=VECTOR('',#2103,1.);
#1238=VECTOR('',#2106,1.);
#1239=VECTOR('',#2111,1.);
#1240=VECTOR('',#2112,1.);
#1241=VECTOR('',#2113,1.);
#1242=VECTOR('',#2116,1.);
#1243=VECTOR('',#2117,1.);
#1244=VECTOR('',#2120,1.);
#1245=VECTOR('',#2121,1.);
#1246=VECTOR('',#2124,1.);
#1247=VECTOR('',#2125,1.);
#1248=VECTOR('',#2128,1.);
#1249=VECTOR('',#2129,1.);
#1250=VECTOR('',#2132,1.);
#1251=VECTOR('',#2137,1.);
#1252=VECTOR('',#2138,1.);
#1253=VECTOR('',#2139,1.);
#1254=VECTOR('',#2142,1.);
#1255=VECTOR('',#2143,1.);
#1256=VECTOR('',#2146,1.);
#1257=VECTOR('',#2147,1.);
#1258=VECTOR('',#2150,1.);
#1259=VECTOR('',#2151,1.);
#1260=VECTOR('',#2154,1.);
#1261=VECTOR('',#2155,1.);
#1262=VECTOR('',#2158,1.);
#1263=VECTOR('',#2163,1.);
#1264=VECTOR('',#2164,1.);
#1265=VECTOR('',#2165,1.);
#1266=VECTOR('',#2168,1.);
#1267=VECTOR('',#2169,1.);
#1268=VECTOR('',#2172,1.);
#1269=VECTOR('',#2173,1.);
#1270=VECTOR('',#2176,1.);
#1271=VECTOR('',#2177,1.);
#1272=VECTOR('',#2180,1.);
#1273=VECTOR('',#2181,1.);
#1274=VECTOR('',#2184,1.);
#1275=VECTOR('',#2189,1.);
#1276=VECTOR('',#2190,1.);
#1277=VECTOR('',#2191,1.);
#1278=VECTOR('',#2194,1.);
#1279=VECTOR('',#2195,1.);
#1280=VECTOR('',#2198,1.);
#1281=VECTOR('',#2199,1.);
#1282=VECTOR('',#2202,1.);
#1283=VECTOR('',#2203,1.);
#1284=VECTOR('',#2206,1.);
#1285=VECTOR('',#2207,1.);
#1286=VECTOR('',#2210,1.);
#1287=VECTOR('',#2215,1.);
#1288=VECTOR('',#2216,1.);
#1289=VECTOR('',#2219,1.);
#1290=VECTOR('',#2220,1.);
#1291=VECTOR('',#2223,1.);
#1292=VECTOR('',#2224,1.);
#1293=VECTOR('',#2227,1.);
#1294=VECTOR('',#2228,1.);
#1295=VECTOR('',#2231,1.);
#1296=VECTOR('',#2236,1.);
#1297=VECTOR('',#2237,1.);
#1298=VECTOR('',#2240,1.);
#1299=VECTOR('',#2241,1.);
#1300=VECTOR('',#2244,1.);
#1301=VECTOR('',#2245,1.);
#1302=VECTOR('',#2248,1.);
#1303=VECTOR('',#2249,1.);
#1304=VECTOR('',#2252,1.);
#1305=EDGE_LOOP('',(#57,#58,#59,#60,#61,#62,#63,#64,#65,#66,#67,#68,#69,
#70,#71,#72,#73,#74,#75,#76,#77,#78,#79,#80,#81,#82));
#1306=EDGE_LOOP('',(#83));
#1307=EDGE_LOOP('',(#84));
#1308=EDGE_LOOP('',(#85));
#1309=EDGE_LOOP('',(#86));
#1310=EDGE_LOOP('',(#87,#88,#89,#90,#91,#92,#93,#94,#95,#96));
#1311=EDGE_LOOP('',(#97,#98,#99,#100));
#1312=EDGE_LOOP('',(#101,#102,#103,#104,#105,#106,#107,#108,#109,#110));
#1313=EDGE_LOOP('',(#111,#112,#113,#114));
#1314=EDGE_LOOP('',(#115,#116,#117,#118));
#1315=EDGE_LOOP('',(#119,#120,#121,#122));
#1316=EDGE_LOOP('',(#123,#124,#125,#126));
#1317=EDGE_LOOP('',(#127,#128,#129,#130));
#1318=EDGE_LOOP('',(#131,#132,#133,#134));
#1319=EDGE_LOOP('',(#135));
#1320=EDGE_LOOP('',(#136));
#1321=EDGE_LOOP('',(#137));
#1322=EDGE_LOOP('',(#138));
#1323=EDGE_LOOP('',(#139));
#1324=EDGE_LOOP('',(#140));
#1325=EDGE_LOOP('',(#141));
#1326=EDGE_LOOP('',(#142));
#1327=EDGE_LOOP('',(#143));
#1328=EDGE_LOOP('',(#144));
#1329=EDGE_LOOP('',(#145));
#1330=EDGE_LOOP('',(#146));
#1331=EDGE_LOOP('',(#147,#148,#149,#150));
#1332=EDGE_LOOP('',(#151));
#1333=EDGE_LOOP('',(#152));
#1334=EDGE_LOOP('',(#153,#154,#155,#156,#157,#158));
#1335=EDGE_LOOP('',(#159,#160,#161,#162,#163,#164));
#1336=EDGE_LOOP('',(#165,#166,#167,#168,#169,#170));
#1337=EDGE_LOOP('',(#171,#172,#173,#174,#175,#176));
#1338=EDGE_LOOP('',(#177,#178,#179,#180,#181,#182));
#1339=EDGE_LOOP('',(#183,#184,#185,#186,#187,#188));
#1340=EDGE_LOOP('',(#189,#190,#191,#192,#193,#194));
#1341=EDGE_LOOP('',(#195,#196,#197,#198,#199,#200,#201,#202,#203,#204,#205,
#206,#207,#208,#209,#210));
#1342=EDGE_LOOP('',(#211,#212,#213,#214));
#1343=EDGE_LOOP('',(#215,#216,#217,#218,#219,#220));
#1344=EDGE_LOOP('',(#221));
#1345=EDGE_LOOP('',(#222));
#1346=EDGE_LOOP('',(#223));
#1347=EDGE_LOOP('',(#224,#225,#226,#227));
#1348=EDGE_LOOP('',(#228,#229,#230,#231));
#1349=EDGE_LOOP('',(#232,#233,#234,#235));
#1350=EDGE_LOOP('',(#236,#237,#238,#239));
#1351=EDGE_LOOP('',(#240,#241,#242,#243));
#1352=EDGE_LOOP('',(#244,#245,#246,#247));
#1353=EDGE_LOOP('',(#248));
#1354=EDGE_LOOP('',(#249,#250,#251,#252,#253,#254));
#1355=EDGE_LOOP('',(#255,#256,#257,#258));
#1356=EDGE_LOOP('',(#259,#260,#261,#262));
#1357=EDGE_LOOP('',(#263,#264,#265,#266));
#1358=EDGE_LOOP('',(#267,#268,#269,#270));
#1359=EDGE_LOOP('',(#271,#272,#273,#274));
#1360=EDGE_LOOP('',(#275,#276,#277,#278));
#1361=EDGE_LOOP('',(#279));
#1362=EDGE_LOOP('',(#280,#281,#282,#283,#284,#285));
#1363=EDGE_LOOP('',(#286,#287,#288,#289));
#1364=EDGE_LOOP('',(#290,#291,#292,#293));
#1365=EDGE_LOOP('',(#294,#295,#296,#297));
#1366=EDGE_LOOP('',(#298,#299,#300,#301));
#1367=EDGE_LOOP('',(#302,#303,#304,#305));
#1368=EDGE_LOOP('',(#306,#307,#308,#309));
#1369=EDGE_LOOP('',(#310));
#1370=EDGE_LOOP('',(#311,#312,#313,#314,#315,#316));
#1371=EDGE_LOOP('',(#317,#318,#319,#320));
#1372=EDGE_LOOP('',(#321,#322,#323,#324));
#1373=EDGE_LOOP('',(#325,#326,#327,#328));
#1374=EDGE_LOOP('',(#329,#330,#331,#332));
#1375=EDGE_LOOP('',(#333,#334,#335,#336));
#1376=EDGE_LOOP('',(#337,#338,#339,#340));
#1377=EDGE_LOOP('',(#341));
#1378=EDGE_LOOP('',(#342,#343,#344,#345,#346,#347));
#1379=EDGE_LOOP('',(#348,#349,#350,#351));
#1380=EDGE_LOOP('',(#352,#353,#354,#355));
#1381=EDGE_LOOP('',(#356,#357,#358,#359));
#1382=EDGE_LOOP('',(#360,#361,#362,#363));
#1383=EDGE_LOOP('',(#364,#365,#366,#367));
#1384=EDGE_LOOP('',(#368,#369,#370,#371));
#1385=EDGE_LOOP('',(#372));
#1386=EDGE_LOOP('',(#373,#374,#375,#376,#377,#378));
#1387=EDGE_LOOP('',(#379,#380,#381,#382));
#1388=EDGE_LOOP('',(#383,#384,#385,#386));
#1389=EDGE_LOOP('',(#387,#388,#389,#390));
#1390=EDGE_LOOP('',(#391,#392,#393,#394));
#1391=EDGE_LOOP('',(#395,#396,#397,#398));
#1392=EDGE_LOOP('',(#399,#400,#401,#402));
#1393=EDGE_LOOP('',(#403));
#1394=EDGE_LOOP('',(#404,#405,#406,#407,#408,#409));
#1395=EDGE_LOOP('',(#410,#411,#412,#413));
#1396=EDGE_LOOP('',(#414,#415,#416,#417));
#1397=EDGE_LOOP('',(#418,#419,#420,#421));
#1398=EDGE_LOOP('',(#422,#423,#424,#425));
#1399=EDGE_LOOP('',(#426,#427,#428,#429));
#1400=EDGE_LOOP('',(#430,#431,#432,#433));
#1401=EDGE_LOOP('',(#434));
#1402=EDGE_LOOP('',(#435,#436,#437,#438,#439,#440));
#1403=EDGE_LOOP('',(#441,#442,#443,#444));
#1404=EDGE_LOOP('',(#445,#446,#447,#448));
#1405=EDGE_LOOP('',(#449,#450,#451,#452));
#1406=EDGE_LOOP('',(#453,#454,#455,#456));
#1407=EDGE_LOOP('',(#457,#458,#459,#460));
#1408=EDGE_LOOP('',(#461,#462,#463,#464,#465,#466));
#1409=EDGE_LOOP('',(#467,#468,#469,#470));
#1410=EDGE_LOOP('',(#471,#472,#473,#474));
#1411=EDGE_LOOP('',(#475,#476,#477,#478));
#1412=EDGE_LOOP('',(#479,#480,#481,#482));
#1413=EDGE_LOOP('',(#483,#484,#485,#486));
#1414=EDGE_LOOP('',(#487,#488,#489,#490,#491,#492));
#1415=EDGE_LOOP('',(#493,#494,#495,#496));
#1416=EDGE_LOOP('',(#497,#498,#499,#500));
#1417=EDGE_LOOP('',(#501,#502,#503,#504));
#1418=EDGE_LOOP('',(#505,#506,#507,#508));
#1419=EDGE_LOOP('',(#509,#510,#511,#512));
#1420=EDGE_LOOP('',(#513,#514,#515,#516));
#1421=FACE_BOUND('',#1305,.T.);
#1422=FACE_BOUND('',#1306,.T.);
#1423=FACE_BOUND('',#1307,.T.);
#1424=FACE_BOUND('',#1308,.T.);
#1425=FACE_BOUND('',#1309,.T.);
#1426=FACE_BOUND('',#1310,.T.);
#1427=FACE_BOUND('',#1311,.T.);
#1428=FACE_BOUND('',#1312,.T.);
#1429=FACE_BOUND('',#1313,.T.);
#1430=FACE_BOUND('',#1314,.T.);
#1431=FACE_BOUND('',#1315,.T.);
#1432=FACE_BOUND('',#1316,.T.);
#1433=FACE_BOUND('',#1317,.T.);
#1434=FACE_BOUND('',#1318,.T.);
#1435=FACE_BOUND('',#1319,.T.);
#1436=FACE_BOUND('',#1320,.T.);
#1437=FACE_BOUND('',#1321,.T.);
#1438=FACE_BOUND('',#1322,.T.);
#1439=FACE_BOUND('',#1323,.T.);
#1440=FACE_BOUND('',#1324,.T.);
#1441=FACE_BOUND('',#1325,.T.);
#1442=FACE_BOUND('',#1326,.T.);
#1443=FACE_BOUND('',#1327,.T.);
#1444=FACE_BOUND('',#1328,.T.);
#1445=FACE_BOUND('',#1329,.T.);
#1446=FACE_BOUND('',#1330,.T.);
#1447=FACE_BOUND('',#1331,.T.);
#1448=FACE_BOUND('',#1332,.T.);
#1449=FACE_BOUND('',#1333,.T.);
#1450=FACE_BOUND('',#1334,.T.);
#1451=FACE_BOUND('',#1335,.T.);
#1452=FACE_BOUND('',#1336,.T.);
#1453=FACE_BOUND('',#1337,.T.);
#1454=FACE_BOUND('',#1338,.T.);
#1455=FACE_BOUND('',#1339,.T.);
#1456=FACE_BOUND('',#1340,.T.);
#1457=FACE_BOUND('',#1341,.T.);
#1458=FACE_BOUND('',#1342,.T.);
#1459=FACE_BOUND('',#1343,.T.);
#1460=FACE_BOUND('',#1344,.T.);
#1461=FACE_BOUND('',#1345,.T.);
#1462=FACE_BOUND('',#1346,.T.);
#1463=FACE_BOUND('',#1347,.T.);
#1464=FACE_BOUND('',#1348,.T.);
#1465=FACE_BOUND('',#1349,.T.);
#1466=FACE_BOUND('',#1350,.T.);
#1467=FACE_BOUND('',#1351,.T.);
#1468=FACE_BOUND('',#1352,.T.);
#1469=FACE_BOUND('',#1353,.T.);
#1470=FACE_BOUND('',#1354,.T.);
#1471=FACE_BOUND('',#1355,.T.);
#1472=FACE_BOUND('',#1356,.T.);
#1473=FACE_BOUND('',#1357,.T.);
#1474=FACE_BOUND('',#1358,.T.);
#1475=FACE_BOUND('',#1359,.T.);
#1476=FACE_BOUND('',#1360,.T.);
#1477=FACE_BOUND('',#1361,.T.);
#1478=FACE_BOUND('',#1362,.T.);
#1479=FACE_BOUND('',#1363,.T.);
#1480=FACE_BOUND('',#1364,.T.);
#1481=FACE_BOUND('',#1365,.T.);
#1482=FACE_BOUND('',#1366,.T.);
#1483=FACE_BOUND('',#1367,.T.);
#1484=FACE_BOUND('',#1368,.T.);
#1485=FACE_BOUND('',#1369,.T.);
#1486=FACE_BOUND('',#1370,.T.);
#1487=FACE_BOUND('',#1371,.T.);
#1488=FACE_BOUND('',#1372,.T.);
#1489=FACE_BOUND('',#1373,.T.);
#1490=FACE_BOUND('',#1374,.T.);
#1491=FACE_BOUND('',#1375,.T.);
#1492=FACE_BOUND('',#1376,.T.);
#1493=FACE_BOUND('',#1377,.T.);
#1494=FACE_BOUND('',#1378,.T.);
#1495=FACE_BOUND('',#1379,.T.);
#1496=FACE_BOUND('',#1380,.T.);
#1497=FACE_BOUND('',#1381,.T.);
#1498=FACE_BOUND('',#1382,.T.);
#1499=FACE_BOUND('',#1383,.T.);
#1500=FACE_BOUND('',#1384,.T.);
#1501=FACE_BOUND('',#1385,.T.);
#1502=FACE_BOUND('',#1386,.T.);
#1503=FACE_BOUND('',#1387,.T.);
#1504=FACE_BOUND('',#1388,.T.);
#1505=FACE_BOUND('',#1389,.T.);
#1506=FACE_BOUND('',#1390,.T.);
#1507=FACE_BOUND('',#1391,.T.);
#1508=FACE_BOUND('',#1392,.T.);
#1509=FACE_BOUND('',#1393,.T.);
#1510=FACE_BOUND('',#1394,.T.);
#1511=FACE_BOUND('',#1395,.T.);
#1512=FACE_BOUND('',#1396,.T.);
#1513=FACE_BOUND('',#1397,.T.);
#1514=FACE_BOUND('',#1398,.T.);
#1515=FACE_BOUND('',#1399,.T.);
#1516=FACE_BOUND('',#1400,.T.);
#1517=FACE_BOUND('',#1401,.T.);
#1518=FACE_BOUND('',#1402,.T.);
#1519=FACE_BOUND('',#1403,.T.);
#1520=FACE_BOUND('',#1404,.T.);
#1521=FACE_BOUND('',#1405,.T.);
#1522=FACE_BOUND('',#1406,.T.);
#1523=FACE_BOUND('',#1407,.T.);
#1524=FACE_BOUND('',#1408,.T.);
#1525=FACE_BOUND('',#1409,.T.);
#1526=FACE_BOUND('',#1410,.T.);
#1527=FACE_BOUND('',#1411,.T.);
#1528=FACE_BOUND('',#1412,.T.);
#1529=FACE_BOUND('',#1413,.T.);
#1530=FACE_BOUND('',#1414,.T.);
#1531=FACE_BOUND('',#1415,.T.);
#1532=FACE_BOUND('',#1416,.T.);
#1533=FACE_BOUND('',#1417,.T.);
#1534=FACE_BOUND('',#1418,.T.);
#1535=FACE_BOUND('',#1419,.T.);
#1536=FACE_BOUND('',#1420,.T.);
#1537=PLANE('',#1711);
#1538=PLANE('',#1722);
#1539=PLANE('',#1723);
#1540=PLANE('',#1724);
#1541=PLANE('',#1725);
#1542=PLANE('',#1726);
#1543=PLANE('',#1729);
#1544=PLANE('',#1732);
#1545=PLANE('',#1748);
#1546=PLANE('',#1751);
#1547=PLANE('',#1758);
#1548=PLANE('',#1759);
#1549=PLANE('',#1762);
#1550=PLANE('',#1763);
#1551=PLANE('',#1764);
#1552=PLANE('',#1765);
#1553=PLANE('',#1766);
#1554=PLANE('',#1767);
#1555=PLANE('',#1768);
#1556=PLANE('',#1769);
#1557=PLANE('',#1770);
#1558=PLANE('',#1771);
#1559=PLANE('',#1772);
#1560=PLANE('',#1773);
#1561=PLANE('',#1774);
#1562=PLANE('',#1775);
#1563=PLANE('',#1776);
#1564=PLANE('',#1777);
#1565=PLANE('',#1778);
#1566=PLANE('',#1779);
#1567=PLANE('',#1780);
#1568=PLANE('',#1781);
#1569=PLANE('',#1782);
#1570=PLANE('',#1783);
#1571=PLANE('',#1784);
#1572=PLANE('',#1785);
#1573=PLANE('',#1786);
#1574=PLANE('',#1787);
#1575=PLANE('',#1788);
#1576=PLANE('',#1789);
#1577=PLANE('',#1790);
#1578=PLANE('',#1791);
#1579=PLANE('',#1792);
#1580=PLANE('',#1793);
#1581=PLANE('',#1794);
#1582=PLANE('',#1795);
#1583=PLANE('',#1796);
#1584=PLANE('',#1797);
#1585=PLANE('',#1798);
#1586=PLANE('',#1799);
#1587=PLANE('',#1800);
#1588=PLANE('',#1801);
#1589=PLANE('',#1802);
#1590=PLANE('',#1803);
#1591=PLANE('',#1804);
#1592=PLANE('',#1805);
#1593=PLANE('',#1806);
#1594=PLANE('',#1807);
#1595=PLANE('',#1808);
#1596=PLANE('',#1809);
#1597=PLANE('',#1810);
#1598=PLANE('',#1811);
#1599=PLANE('',#1812);
#1600=PLANE('',#1813);
#1601=PLANE('',#1814);
#1602=PLANE('',#1815);
#1603=PLANE('',#1816);
#1604=PLANE('',#1817);
#1605=PLANE('',#1818);
#1606=PLANE('',#1819);
#1607=PLANE('',#1820);
#1608=PLANE('',#1821);
#1609=PLANE('',#1822);
#1610=ADVANCED_FACE('',(#1421,#1422,#1423,#1424,#1425),#1537,.T.);
#1611=ADVANCED_FACE('',(#1426),#1538,.F.);
#1612=ADVANCED_FACE('',(#1427),#1539,.F.);
#1613=ADVANCED_FACE('',(#1428),#1540,.F.);
#1614=ADVANCED_FACE('',(#1429),#1541,.F.);
#1615=ADVANCED_FACE('',(#1430),#1542,.F.);
#1616=ADVANCED_FACE('',(#1431),#12,.F.);
#1617=ADVANCED_FACE('',(#1432),#1543,.F.);
#1618=ADVANCED_FACE('',(#1433),#13,.F.);
#1619=ADVANCED_FACE('',(#1434),#1544,.F.);
#1620=ADVANCED_FACE('',(#1435,#1436),#14,.F.);
#1621=ADVANCED_FACE('',(#1437,#1438),#15,.F.);
#1622=ADVANCED_FACE('',(#1439,#1440),#16,.F.);
#1623=ADVANCED_FACE('',(#1441,#1442),#17,.F.);
#1624=ADVANCED_FACE('',(#1443,#1444),#18,.F.);
#1625=ADVANCED_FACE('',(#1445,#1446),#19,.F.);
#1626=ADVANCED_FACE('',(#1447),#1545,.F.);
#1627=ADVANCED_FACE('',(#1448,#1449),#20,.F.);
#1628=ADVANCED_FACE('',(#1450,#1451,#1452,#1453,#1454,#1455,#1456,#1457),
#1546,.F.);
#1629=ADVANCED_FACE('',(#1458),#1547,.F.);
#1630=ADVANCED_FACE('',(#1459,#1460,#1461,#1462),#1548,.T.);
#1631=ADVANCED_FACE('',(#1463),#1549,.F.);
#1632=ADVANCED_FACE('',(#1464),#1550,.F.);
#1633=ADVANCED_FACE('',(#1465),#1551,.F.);
#1634=ADVANCED_FACE('',(#1466),#1552,.F.);
#1635=ADVANCED_FACE('',(#1467),#1553,.F.);
#1636=ADVANCED_FACE('',(#1468),#1554,.F.);
#1637=ADVANCED_FACE('',(#1469,#1470),#1555,.F.);
#1638=ADVANCED_FACE('',(#1471),#1556,.F.);
#1639=ADVANCED_FACE('',(#1472),#1557,.F.);
#1640=ADVANCED_FACE('',(#1473),#1558,.F.);
#1641=ADVANCED_FACE('',(#1474),#1559,.F.);
#1642=ADVANCED_FACE('',(#1475),#1560,.F.);
#1643=ADVANCED_FACE('',(#1476),#1561,.F.);
#1644=ADVANCED_FACE('',(#1477,#1478),#1562,.F.);
#1645=ADVANCED_FACE('',(#1479),#1563,.F.);
#1646=ADVANCED_FACE('',(#1480),#1564,.F.);
#1647=ADVANCED_FACE('',(#1481),#1565,.F.);
#1648=ADVANCED_FACE('',(#1482),#1566,.F.);
#1649=ADVANCED_FACE('',(#1483),#1567,.F.);
#1650=ADVANCED_FACE('',(#1484),#1568,.F.);
#1651=ADVANCED_FACE('',(#1485,#1486),#1569,.F.);
#1652=ADVANCED_FACE('',(#1487),#1570,.F.);
#1653=ADVANCED_FACE('',(#1488),#1571,.F.);
#1654=ADVANCED_FACE('',(#1489),#1572,.F.);
#1655=ADVANCED_FACE('',(#1490),#1573,.F.);
#1656=ADVANCED_FACE('',(#1491),#1574,.F.);
#1657=ADVANCED_FACE('',(#1492),#1575,.F.);
#1658=ADVANCED_FACE('',(#1493,#1494),#1576,.F.);
#1659=ADVANCED_FACE('',(#1495),#1577,.F.);
#1660=ADVANCED_FACE('',(#1496),#1578,.F.);
#1661=ADVANCED_FACE('',(#1497),#1579,.F.);
#1662=ADVANCED_FACE('',(#1498),#1580,.F.);
#1663=ADVANCED_FACE('',(#1499),#1581,.F.);
#1664=ADVANCED_FACE('',(#1500),#1582,.F.);
#1665=ADVANCED_FACE('',(#1501,#1502),#1583,.F.);
#1666=ADVANCED_FACE('',(#1503),#1584,.F.);
#1667=ADVANCED_FACE('',(#1504),#1585,.F.);
#1668=ADVANCED_FACE('',(#1505),#1586,.F.);
#1669=ADVANCED_FACE('',(#1506),#1587,.F.);
#1670=ADVANCED_FACE('',(#1507),#1588,.F.);
#1671=ADVANCED_FACE('',(#1508),#1589,.F.);
#1672=ADVANCED_FACE('',(#1509,#1510),#1590,.F.);
#1673=ADVANCED_FACE('',(#1511),#1591,.F.);
#1674=ADVANCED_FACE('',(#1512),#1592,.F.);
#1675=ADVANCED_FACE('',(#1513),#1593,.F.);
#1676=ADVANCED_FACE('',(#1514),#1594,.F.);
#1677=ADVANCED_FACE('',(#1515),#1595,.F.);
#1678=ADVANCED_FACE('',(#1516),#1596,.F.);
#1679=ADVANCED_FACE('',(#1517,#1518),#1597,.F.);
#1680=ADVANCED_FACE('',(#1519),#1598,.T.);
#1681=ADVANCED_FACE('',(#1520),#1599,.T.);
#1682=ADVANCED_FACE('',(#1521),#1600,.T.);
#1683=ADVANCED_FACE('',(#1522),#1601,.T.);
#1684=ADVANCED_FACE('',(#1523),#1602,.T.);
#1685=ADVANCED_FACE('',(#1524),#1603,.T.);
#1686=ADVANCED_FACE('',(#1525),#1604,.F.);
#1687=ADVANCED_FACE('',(#1526),#1605,.F.);
#1688=ADVANCED_FACE('',(#1527),#1606,.F.);
#1689=ADVANCED_FACE('',(#1528),#1607,.F.);
#1690=ADVANCED_FACE('',(#1529),#1608,.F.);
#1691=ADVANCED_FACE('',(#1530),#1609,.T.);
#1692=ADVANCED_FACE('',(#1531),#21,.T.);
#1693=ADVANCED_FACE('',(#1532),#22,.T.);
#1694=ADVANCED_FACE('',(#1533),#23,.T.);
#1695=ADVANCED_FACE('',(#1534),#24,.T.);
#1696=ADVANCED_FACE('',(#1535),#25,.T.);
#1697=ADVANCED_FACE('',(#1536),#26,.T.);
#1698=CLOSED_SHELL('',(#1610,#1611,#1612,#1613,#1614,#1615,#1616,#1617,
#1618,#1619,#1620,#1621,#1622,#1623,#1624,#1625,#1626,#1627,#1628,#1629,
#1630,#1631,#1632,#1633,#1634,#1635,#1636,#1637,#1638,#1639,#1640,#1641,
#1642,#1643,#1644,#1645,#1646,#1647,#1648,#1649,#1650,#1651,#1652,#1653,
#1654,#1655,#1656,#1657,#1658,#1659,#1660,#1661,#1662,#1663,#1664,#1665,
#1666,#1667,#1668,#1669,#1670,#1671,#1672,#1673,#1674,#1675,#1676,#1677,
#1678,#1679,#1680,#1681,#1682,#1683,#1684,#1685,#1686,#1687,#1688,#1689,
#1690,#1691,#1692,#1693,#1694,#1695,#1696,#1697));
#1699=STYLED_ITEM('',(#1700),#1707);
#1700=PRESENTATION_STYLE_ASSIGNMENT((#1701));
#1701=SURFACE_STYLE_USAGE(.BOTH.,#1702);
#1702=SURFACE_SIDE_STYLE('',(#1703));
#1703=SURFACE_STYLE_FILL_AREA(#1704);
#1704=FILL_AREA_STYLE('',(#1705));
#1705=FILL_AREA_STYLE_COLOUR('',#1706);
#1706=COLOUR_RGB('',0.231372549019608,0.380392156862745,0.705882352941177);
#1707=MANIFOLD_SOLID_BREP('lower_part',#1698);
#1708=SHAPE_DEFINITION_REPRESENTATION(#2750,#1709);
#1709=SHAPE_REPRESENTATION('lower_part',(#1710),#2745);
#1710=AXIS2_PLACEMENT_3D('',#2267,#1829,#1830);
#1711=AXIS2_PLACEMENT_3D('',#2268,#1831,#1832);
#1712=AXIS2_PLACEMENT_3D('',#2272,#1834,#1835);
#1713=AXIS2_PLACEMENT_3D('',#2276,#1837,#1838);
#1714=AXIS2_PLACEMENT_3D('',#2280,#1840,#1841);
#1715=AXIS2_PLACEMENT_3D('',#2284,#1843,#1844);
#1716=AXIS2_PLACEMENT_3D('',#2288,#1846,#1847);
#1717=AXIS2_PLACEMENT_3D('',#2292,#1849,#1850);
#1718=AXIS2_PLACEMENT_3D('',#2321,#1865,#1866);
#1719=AXIS2_PLACEMENT_3D('',#2323,#1867,#1868);
#1720=AXIS2_PLACEMENT_3D('',#2325,#1869,#1870);
#1721=AXIS2_PLACEMENT_3D('',#2327,#1871,#1872);
#1722=AXIS2_PLACEMENT_3D('',#2329,#1873,#1874);
#1723=AXIS2_PLACEMENT_3D('',#2344,#1883,#1884);
#1724=AXIS2_PLACEMENT_3D('',#2353,#1889,#1890);
#1725=AXIS2_PLACEMENT_3D('',#2368,#1899,#1900);
#1726=AXIS2_PLACEMENT_3D('',#2374,#1904,#1905);
#1727=AXIS2_PLACEMENT_3D('',#2380,#1909,#1910);
#1728=AXIS2_PLACEMENT_3D('',#2381,#1911,#1912);
#1729=AXIS2_PLACEMENT_3D('',#2384,#1914,#1915);
#1730=AXIS2_PLACEMENT_3D('',#2388,#1918,#1919);
#1731=AXIS2_PLACEMENT_3D('',#2389,#1920,#1921);
#1732=AXIS2_PLACEMENT_3D('',#2392,#1923,#1924);
#1733=AXIS2_PLACEMENT_3D('',#2396,#1927,#1928);
#1734=AXIS2_PLACEMENT_3D('',#2397,#1929,#1930);
#1735=AXIS2_PLACEMENT_3D('',#2399,#1931,#1932);
#1736=AXIS2_PLACEMENT_3D('',#2400,#1933,#1934);
#1737=AXIS2_PLACEMENT_3D('',#2402,#1935,#1936);
#1738=AXIS2_PLACEMENT_3D('',#2404,#1937,#1938);
#1739=AXIS2_PLACEMENT_3D('',#2405,#1939,#1940);
#1740=AXIS2_PLACEMENT_3D('',#2407,#1941,#1942);
#1741=AXIS2_PLACEMENT_3D('',#2409,#1943,#1944);
#1742=AXIS2_PLACEMENT_3D('',#2410,#1945,#1946);
#1743=AXIS2_PLACEMENT_3D('',#2412,#1947,#1948);
#1744=AXIS2_PLACEMENT_3D('',#2414,#1949,#1950);
#1745=AXIS2_PLACEMENT_3D('',#2415,#1951,#1952);
#1746=AXIS2_PLACEMENT_3D('',#2417,#1953,#1954);
#1747=AXIS2_PLACEMENT_3D('',#2418,#1955,#1956);
#1748=AXIS2_PLACEMENT_3D('',#2420,#1957,#1958);
#1749=AXIS2_PLACEMENT_3D('',#2426,#1962,#1963);
#1750=AXIS2_PLACEMENT_3D('',#2427,#1964,#1965);
#1751=AXIS2_PLACEMENT_3D('',#2429,#1966,#1967);
#1752=AXIS2_PLACEMENT_3D('',#2514,#2010,#2011);
#1753=AXIS2_PLACEMENT_3D('',#2515,#2012,#2013);
#1754=AXIS2_PLACEMENT_3D('',#2516,#2014,#2015);
#1755=AXIS2_PLACEMENT_3D('',#2517,#2016,#2017);
#1756=AXIS2_PLACEMENT_3D('',#2518,#2018,#2019);
#1757=AXIS2_PLACEMENT_3D('',#2519,#2020,#2021);
#1758=AXIS2_PLACEMENT_3D('',#2520,#2022,#2023);
#1759=AXIS2_PLACEMENT_3D('',#2522,#2025,#2026);
#1760=AXIS2_PLACEMENT_3D('',#2523,#2027,#2028);
#1761=AXIS2_PLACEMENT_3D('',#2524,#2029,#2030);
#1762=AXIS2_PLACEMENT_3D('',#2525,#2031,#2032);
#1763=AXIS2_PLACEMENT_3D('',#2531,#2036,#2037);
#1764=AXIS2_PLACEMENT_3D('',#2535,#2040,#2041);
#1765=AXIS2_PLACEMENT_3D('',#2539,#2044,#2045);
#1766=AXIS2_PLACEMENT_3D('',#2543,#2048,#2049);
#1767=AXIS2_PLACEMENT_3D('',#2547,#2052,#2053);
#1768=AXIS2_PLACEMENT_3D('',#2549,#2055,#2056);
#1769=AXIS2_PLACEMENT_3D('',#2550,#2057,#2058);
#1770=AXIS2_PLACEMENT_3D('',#2556,#2062,#2063);
#1771=AXIS2_PLACEMENT_3D('',#2560,#2066,#2067);
#1772=AXIS2_PLACEMENT_3D('',#2564,#2070,#2071);
#1773=AXIS2_PLACEMENT_3D('',#2568,#2074,#2075);
#1774=AXIS2_PLACEMENT_3D('',#2572,#2078,#2079);
#1775=AXIS2_PLACEMENT_3D('',#2574,#2081,#2082);
#1776=AXIS2_PLACEMENT_3D('',#2575,#2083,#2084);
#1777=AXIS2_PLACEMENT_3D('',#2581,#2088,#2089);
#1778=AXIS2_PLACEMENT_3D('',#2585,#2092,#2093);
#1779=AXIS2_PLACEMENT_3D('',#2589,#2096,#2097);
#1780=AXIS2_PLACEMENT_3D('',#2593,#2100,#2101);
#1781=AXIS2_PLACEMENT_3D('',#2597,#2104,#2105);
#1782=AXIS2_PLACEMENT_3D('',#2599,#2107,#2108);
#1783=AXIS2_PLACEMENT_3D('',#2600,#2109,#2110);
#1784=AXIS2_PLACEMENT_3D('',#2606,#2114,#2115);
#1785=AXIS2_PLACEMENT_3D('',#2610,#2118,#2119);
#1786=AXIS2_PLACEMENT_3D('',#2614,#2122,#2123);
#1787=AXIS2_PLACEMENT_3D('',#2618,#2126,#2127);
#1788=AXIS2_PLACEMENT_3D('',#2622,#2130,#2131);
#1789=AXIS2_PLACEMENT_3D('',#2624,#2133,#2134);
#1790=AXIS2_PLACEMENT_3D('',#2625,#2135,#2136);
#1791=AXIS2_PLACEMENT_3D('',#2631,#2140,#2141);
#1792=AXIS2_PLACEMENT_3D('',#2635,#2144,#2145);
#1793=AXIS2_PLACEMENT_3D('',#2639,#2148,#2149);
#1794=AXIS2_PLACEMENT_3D('',#2643,#2152,#2153);
#1795=AXIS2_PLACEMENT_3D('',#2647,#2156,#2157);
#1796=AXIS2_PLACEMENT_3D('',#2649,#2159,#2160);
#1797=AXIS2_PLACEMENT_3D('',#2650,#2161,#2162);
#1798=AXIS2_PLACEMENT_3D('',#2656,#2166,#2167);
#1799=AXIS2_PLACEMENT_3D('',#2660,#2170,#2171);
#1800=AXIS2_PLACEMENT_3D('',#2664,#2174,#2175);
#1801=AXIS2_PLACEMENT_3D('',#2668,#2178,#2179);
#1802=AXIS2_PLACEMENT_3D('',#2672,#2182,#2183);
#1803=AXIS2_PLACEMENT_3D('',#2674,#2185,#2186);
#1804=AXIS2_PLACEMENT_3D('',#2675,#2187,#2188);
#1805=AXIS2_PLACEMENT_3D('',#2681,#2192,#2193);
#1806=AXIS2_PLACEMENT_3D('',#2685,#2196,#2197);
#1807=AXIS2_PLACEMENT_3D('',#2689,#2200,#2201);
#1808=AXIS2_PLACEMENT_3D('',#2693,#2204,#2205);
#1809=AXIS2_PLACEMENT_3D('',#2697,#2208,#2209);
#1810=AXIS2_PLACEMENT_3D('',#2699,#2211,#2212);
#1811=AXIS2_PLACEMENT_3D('',#2700,#2213,#2214);
#1812=AXIS2_PLACEMENT_3D('',#2704,#2217,#2218);
#1813=AXIS2_PLACEMENT_3D('',#2708,#2221,#2222);
#1814=AXIS2_PLACEMENT_3D('',#2712,#2225,#2226);
#1815=AXIS2_PLACEMENT_3D('',#2716,#2229,#2230);
#1816=AXIS2_PLACEMENT_3D('',#2718,#2232,#2233);
#1817=AXIS2_PLACEMENT_3D('',#2719,#2234,#2235);
#1818=AXIS2_PLACEMENT_3D('',#2723,#2238,#2239);
#1819=AXIS2_PLACEMENT_3D('',#2727,#2242,#2243);
#1820=AXIS2_PLACEMENT_3D('',#2731,#2246,#2247);
#1821=AXIS2_PLACEMENT_3D('',#2735,#2250,#2251);
#1822=AXIS2_PLACEMENT_3D('',#2737,#2253,#2254);
#1823=AXIS2_PLACEMENT_3D('',#2738,#2255,#2256);
#1824=AXIS2_PLACEMENT_3D('',#2739,#2257,#2258);
#1825=AXIS2_PLACEMENT_3D('',#2740,#2259,#2260);
#1826=AXIS2_PLACEMENT_3D('',#2741,#2261,#2262);
#1827=AXIS2_PLACEMENT_3D('',#2742,#2263,#2264);
#1828=AXIS2_PLACEMENT_3D('',#2743,#2265,#2266);
#1829=DIRECTION('',(0.,0.,1.));
#1830=DIRECTION('',(1.,0.,0.));
#1831=DIRECTION('',(0.,0.,1.));
#1832=DIRECTION('',(1.,0.,0.));
#1833=DIRECTION('',(1.44560289664734E-16,-1.,0.));
#1834=DIRECTION('',(0.,0.,1.));
#1835=DIRECTION('',(1.,0.,0.));
#1836=DIRECTION('',(1.,0.,0.));
#1837=DIRECTION('',(0.,0.,1.));
#1838=DIRECTION('',(1.,0.,0.));
#1839=DIRECTION('',(0.,1.,0.));
#1840=DIRECTION('',(0.,0.,1.));
#1841=DIRECTION('',(1.,0.,0.));
#1842=DIRECTION('',(1.,0.,0.));
#1843=DIRECTION('',(0.,0.,1.));
#1844=DIRECTION('',(1.,0.,0.));
#1845=DIRECTION('',(1.13752359080446E-16,-1.,0.));
#1846=DIRECTION('',(0.,0.,1.));
#1847=DIRECTION('',(1.,0.,0.));
#1848=DIRECTION('',(1.,0.,0.));
#1849=DIRECTION('',(0.,0.,1.));
#1850=DIRECTION('',(1.,0.,0.));
#1851=DIRECTION('',(0.,1.,0.));
#1852=DIRECTION('',(-1.,0.,0.));
#1853=DIRECTION('',(-0.707106781186548,-0.707106781186548,0.));
#1854=DIRECTION('',(0.,1.,0.));
#1855=DIRECTION('',(0.707106781186548,-0.707106781186548,0.));
#1856=DIRECTION('',(1.,1.77141059053331E-15,0.));
#1857=DIRECTION('',(0.,1.,0.));
#1858=DIRECTION('',(1.,0.,0.));
#1859=DIRECTION('',(1.44560289664734E-16,-1.,0.));
#1860=DIRECTION('',(-1.,1.77141059053331E-15,0.));
#1861=DIRECTION('',(-0.707106781186548,-0.707106781186548,0.));
#1862=DIRECTION('',(0.,1.,0.));
#1863=DIRECTION('',(0.707106781186548,-0.707106781186548,0.));
#1864=DIRECTION('',(1.,0.,0.));
#1865=DIRECTION('',(0.,0.,1.));
#1866=DIRECTION('',(1.,0.,0.));
#1867=DIRECTION('',(0.,0.,1.));
#1868=DIRECTION('',(1.,0.,0.));
#1869=DIRECTION('',(0.,0.,1.));
#1870=DIRECTION('',(1.,0.,0.));
#1871=DIRECTION('',(0.,0.,1.));
#1872=DIRECTION('',(1.,0.,0.));
#1873=DIRECTION('',(1.,0.,0.));
#1874=DIRECTION('',(0.,0.,-1.));
#1875=DIRECTION('',(0.,1.,0.));
#1876=DIRECTION('',(0.,0.,1.));
#1877=DIRECTION('',(0.,1.,0.));
#1878=DIRECTION('',(0.,0.,1.));
#1879=DIRECTION('',(0.,0.,1.));
#1880=DIRECTION('',(0.,1.,0.));
#1881=DIRECTION('',(0.,0.,1.));
#1882=DIRECTION('',(0.,0.,1.));
#1883=DIRECTION('',(-1.25025115385716E-16,1.,0.));
#1884=DIRECTION('',(-1.,-1.25025115385716E-16,0.));
#1885=DIRECTION('',(-1.,-1.25025115385716E-16,0.));
#1886=DIRECTION('',(0.,0.,1.));
#1887=DIRECTION('',(-1.,-1.25025115385716E-16,0.));
#1888=DIRECTION('',(0.,0.,1.));
#1889=DIRECTION('',(-1.,-1.44560289664734E-16,0.));
#1890=DIRECTION('',(1.44560289664734E-16,-1.,0.));
#1891=DIRECTION('',(0.,-1.,0.));
#1892=DIRECTION('',(0.,0.,1.));
#1893=DIRECTION('',(1.44560289664734E-16,-1.,0.));
#1894=DIRECTION('',(0.,0.,1.));
#1895=DIRECTION('',(0.,0.,1.));
#1896=DIRECTION('',(1.44560289664734E-16,-1.,0.));
#1897=DIRECTION('',(0.,0.,1.));
#1898=DIRECTION('',(0.,0.,1.));
#1899=DIRECTION('',(0.,-1.,0.));
#1900=DIRECTION('',(0.,0.,-1.));
#1901=DIRECTION('',(0.,0.,1.));
#1902=DIRECTION('',(1.,0.,0.));
#1903=DIRECTION('',(0.,0.,1.));
#1904=DIRECTION('',(1.,0.,0.));
#1905=DIRECTION('',(0.,0.,-1.));
#1906=DIRECTION('',(0.,0.,1.));
#1907=DIRECTION('',(0.,1.,0.));
#1908=DIRECTION('',(0.,0.,1.));
#1909=DIRECTION('',(0.,0.,1.));
#1910=DIRECTION('',(1.,0.,0.));
#1911=DIRECTION('',(0.,0.,1.));
#1912=DIRECTION('',(1.,0.,0.));
#1913=DIRECTION('',(0.,0.,1.));
#1914=DIRECTION('',(0.,-1.,0.));
#1915=DIRECTION('',(0.,0.,-1.));
#1916=DIRECTION('',(1.,0.,0.));
#1917=DIRECTION('',(0.,0.,1.));
#1918=DIRECTION('',(0.,0.,1.));
#1919=DIRECTION('',(1.,0.,0.));
#1920=DIRECTION('',(0.,0.,1.));
#1921=DIRECTION('',(1.,0.,0.));
#1922=DIRECTION('',(0.,0.,1.));
#1923=DIRECTION('',(-1.,-1.13752359080446E-16,0.));
#1924=DIRECTION('',(1.13752359080446E-16,-1.,0.));
#1925=DIRECTION('',(1.13752359080446E-16,-1.,0.));
#1926=DIRECTION('',(0.,0.,1.));
#1927=DIRECTION('',(0.,0.,1.));
#1928=DIRECTION('',(1.,0.,0.));
#1929=DIRECTION('',(0.,0.,1.));
#1930=DIRECTION('',(1.,0.,0.));
#1931=DIRECTION('',(0.,0.,1.));
#1932=DIRECTION('',(1.,0.,0.));
#1933=DIRECTION('',(0.,0.,1.));
#1934=DIRECTION('',(1.,0.,0.));
#1935=DIRECTION('',(0.,0.,1.));
#1936=DIRECTION('',(1.,0.,0.));
#1937=DIRECTION('',(0.,0.,1.));
#1938=DIRECTION('',(1.,0.,0.));
#1939=DIRECTION('',(0.,0.,1.));
#1940=DIRECTION('',(1.,0.,0.));
#1941=DIRECTION('',(0.,0.,1.));
#1942=DIRECTION('',(1.,0.,0.));
#1943=DIRECTION('',(0.,0.,1.));
#1944=DIRECTION('',(1.,0.,0.));
#1945=DIRECTION('',(0.,0.,1.));
#1946=DIRECTION('',(1.,0.,0.));
#1947=DIRECTION('',(0.,0.,1.));
#1948=DIRECTION('',(1.,0.,0.));
#1949=DIRECTION('',(0.,0.,1.));
#1950=DIRECTION('',(1.,0.,0.));
#1951=DIRECTION('',(0.,0.,1.));
#1952=DIRECTION('',(1.,0.,0.));
#1953=DIRECTION('',(0.,0.,1.));
#1954=DIRECTION('',(1.,0.,0.));
#1955=DIRECTION('',(0.,0.,1.));
#1956=DIRECTION('',(1.,0.,0.));
#1957=DIRECTION('',(0.,-1.,0.));
#1958=DIRECTION('',(0.,0.,-1.));
#1959=DIRECTION('',(1.,0.,0.));
#1960=DIRECTION('',(0.,0.,1.));
#1961=DIRECTION('',(0.,0.,1.));
#1962=DIRECTION('',(0.,0.,1.));
#1963=DIRECTION('',(1.,0.,0.));
#1964=DIRECTION('',(0.,0.,1.));
#1965=DIRECTION('',(1.,0.,0.));
#1966=DIRECTION('',(0.,0.,1.));
#1967=DIRECTION('',(1.,0.,0.));
#1968=DIRECTION('',(0.5,-0.866025403784439,0.));
#1969=DIRECTION('',(1.,0.,0.));
#1970=DIRECTION('',(0.5,0.866025403784438,0.));
#1971=DIRECTION('',(-0.5,0.866025403784439,0.));
#1972=DIRECTION('',(-1.,0.,0.));
#1973=DIRECTION('',(-0.5,-0.866025403784438,0.));
#1974=DIRECTION('',(0.5,-0.866025403784439,0.));
#1975=DIRECTION('',(1.,0.,0.));
#1976=DIRECTION('',(0.5,0.866025403784438,0.));
#1977=DIRECTION('',(-0.5,0.866025403784439,0.));
#1978=DIRECTION('',(-1.,0.,0.));
#1979=DIRECTION('',(-0.5,-0.866025403784439,0.));
#1980=DIRECTION('',(0.5,-0.866025403784439,0.));
#1981=DIRECTION('',(1.,0.,0.));
#1982=DIRECTION('',(0.5,0.866025403784439,0.));
#1983=DIRECTION('',(-0.5,0.866025403784439,0.));
#1984=DIRECTION('',(-1.,0.,0.));
#1985=DIRECTION('',(-0.5,-0.866025403784439,0.));
#1986=DIRECTION('',(0.5,-0.866025403784439,0.));
#1987=DIRECTION('',(1.,0.,0.));
#1988=DIRECTION('',(0.5,0.866025403784439,0.));
#1989=DIRECTION('',(-0.5,0.866025403784439,0.));
#1990=DIRECTION('',(-1.,0.,0.));
#1991=DIRECTION('',(-0.5,-0.866025403784439,0.));
#1992=DIRECTION('',(0.5,-0.86602540378444,0.));
#1993=DIRECTION('',(1.,0.,0.));
#1994=DIRECTION('',(0.5,0.866025403784438,0.));
#1995=DIRECTION('',(-0.5,0.86602540378444,0.));
#1996=DIRECTION('',(-1.,3.29274432599926E-15,0.));
#1997=DIRECTION('',(-0.5,-0.866025403784439,0.));
#1998=DIRECTION('',(1.,0.,0.));
#1999=DIRECTION('',(0.5,0.866025403784439,0.));
#2000=DIRECTION('',(-0.5,0.866025403784439,0.));
#2001=DIRECTION('',(-1.,0.,0.));
#2002=DIRECTION('',(-0.5,-0.866025403784439,0.));
#2003=DIRECTION('',(0.5,-0.866025403784439,0.));
#2004=DIRECTION('',(0.5,-0.866025403784439,0.));
#2005=DIRECTION('',(1.,0.,0.));
#2006=DIRECTION('',(0.5,0.866025403784438,0.));
#2007=DIRECTION('',(-0.5,0.866025403784439,0.));
#2008=DIRECTION('',(-1.,0.,0.));
#2009=DIRECTION('',(-0.5,-0.866025403784439,0.));
#2010=DIRECTION('',(0.,0.,1.));
#2011=DIRECTION('',(1.,0.,0.));
#2012=DIRECTION('',(0.,0.,1.));
#2013=DIRECTION('',(1.,0.,0.));
#2014=DIRECTION('',(0.,0.,1.));
#2015=DIRECTION('',(1.,0.,0.));
#2016=DIRECTION('',(0.,0.,1.));
#2017=DIRECTION('',(1.,0.,0.));
#2018=DIRECTION('',(0.,0.,1.));
#2019=DIRECTION('',(1.,0.,0.));
#2020=DIRECTION('',(0.,0.,1.));
#2021=DIRECTION('',(1.,0.,0.));
#2022=DIRECTION('',(0.,-1.,0.));
#2023=DIRECTION('',(0.,0.,-1.));
#2024=DIRECTION('',(1.,0.,0.));
#2025=DIRECTION('',(0.,0.,1.));
#2026=DIRECTION('',(1.,0.,0.));
#2027=DIRECTION('',(0.,0.,1.));
#2028=DIRECTION('',(1.,0.,0.));
#2029=DIRECTION('',(0.,0.,1.));
#2030=DIRECTION('',(1.,0.,0.));
#2031=DIRECTION('',(0.,-1.,0.));
#2032=DIRECTION('',(0.,0.,-1.));
#2033=DIRECTION('',(0.,0.,1.));
#2034=DIRECTION('',(1.,0.,0.));
#2035=DIRECTION('',(0.,0.,1.));
#2036=DIRECTION('',(0.866025403784438,-0.5,0.));
#2037=DIRECTION('',(0.5,0.866025403784438,0.));
#2038=DIRECTION('',(0.5,0.866025403784438,0.));
#2039=DIRECTION('',(0.,0.,1.));
#2040=DIRECTION('',(0.866025403784439,0.5,0.));
#2041=DIRECTION('',(-0.5,0.866025403784439,0.));
#2042=DIRECTION('',(-0.5,0.866025403784439,0.));
#2043=DIRECTION('',(0.,0.,1.));
#2044=DIRECTION('',(0.,1.,0.));
#2045=DIRECTION('',(0.,0.,1.));
#2046=DIRECTION('',(-1.,0.,0.));
#2047=DIRECTION('',(0.,0.,1.));
#2048=DIRECTION('',(-0.866025403784438,0.5,0.));
#2049=DIRECTION('',(-0.5,-0.866025403784439,0.));
#2050=DIRECTION('',(-0.5,-0.866025403784439,0.));
#2051=DIRECTION('',(0.,0.,1.));
#2052=DIRECTION('',(-0.866025403784439,-0.5,0.));
#2053=DIRECTION('',(0.5,-0.866025403784439,0.));
#2054=DIRECTION('',(0.5,-0.866025403784439,0.));
#2055=DIRECTION('',(0.,0.,1.));
#2056=DIRECTION('',(1.,0.,0.));
#2057=DIRECTION('',(0.866025403784439,-0.5,0.));
#2058=DIRECTION('',(0.5,0.866025403784439,0.));
#2059=DIRECTION('',(0.,0.,1.));
#2060=DIRECTION('',(0.5,0.866025403784439,0.));
#2061=DIRECTION('',(0.,0.,1.));
#2062=DIRECTION('',(0.866025403784439,0.5,0.));
#2063=DIRECTION('',(-0.5,0.866025403784439,0.));
#2064=DIRECTION('',(-0.5,0.866025403784439,0.));
#2065=DIRECTION('',(0.,0.,1.));
#2066=DIRECTION('',(0.,1.,0.));
#2067=DIRECTION('',(0.,0.,1.));
#2068=DIRECTION('',(-1.,0.,0.));
#2069=DIRECTION('',(0.,0.,1.));
#2070=DIRECTION('',(-0.866025403784438,0.5,0.));
#2071=DIRECTION('',(-0.5,-0.866025403784439,0.));
#2072=DIRECTION('',(-0.5,-0.866025403784439,0.));
#2073=DIRECTION('',(0.,0.,1.));
#2074=DIRECTION('',(-0.866025403784439,-0.5,0.));
#2075=DIRECTION('',(0.5,-0.866025403784439,0.));
#2076=DIRECTION('',(0.5,-0.866025403784439,0.));
#2077=DIRECTION('',(0.,0.,1.));
#2078=DIRECTION('',(0.,-1.,0.));
#2079=DIRECTION('',(0.,0.,-1.));
#2080=DIRECTION('',(1.,0.,0.));
#2081=DIRECTION('',(0.,0.,1.));
#2082=DIRECTION('',(1.,0.,0.));
#2083=DIRECTION('',(0.,-1.,0.));
#2084=DIRECTION('',(0.,0.,-1.));
#2085=DIRECTION('',(0.,0.,1.));
#2086=DIRECTION('',(1.,0.,0.));
#2087=DIRECTION('',(0.,0.,1.));
#2088=DIRECTION('',(0.866025403784437,-0.5,0.));
#2089=DIRECTION('',(0.5,0.866025403784438,0.));
#2090=DIRECTION('',(0.5,0.866025403784438,0.));
#2091=DIRECTION('',(0.,0.,1.));
#2092=DIRECTION('',(0.86602540378444,0.5,0.));
#2093=DIRECTION('',(-0.5,0.86602540378444,0.));
#2094=DIRECTION('',(-0.5,0.86602540378444,0.));
#2095=DIRECTION('',(0.,0.,1.));
#2096=DIRECTION('',(3.29274432599926E-15,1.,0.));
#2097=DIRECTION('',(-1.,3.29274432599926E-15,0.));
#2098=DIRECTION('',(-1.,3.29274432599926E-15,0.));
#2099=DIRECTION('',(0.,0.,1.));
#2100=DIRECTION('',(-0.866025403784439,0.5,0.));
#2101=DIRECTION('',(-0.5,-0.866025403784439,0.));
#2102=DIRECTION('',(-0.5,-0.866025403784439,0.));
#2103=DIRECTION('',(0.,0.,1.));
#2104=DIRECTION('',(-0.86602540378444,-0.5,0.));
#2105=DIRECTION('',(0.5,-0.86602540378444,0.));
#2106=DIRECTION('',(0.5,-0.86602540378444,0.));
#2107=DIRECTION('',(0.,0.,1.));
#2108=DIRECTION('',(1.,0.,0.));
#2109=DIRECTION('',(0.,-1.,0.));
#2110=DIRECTION('',(0.,0.,-1.));
#2111=DIRECTION('',(0.,0.,1.));
#2112=DIRECTION('',(1.,0.,0.));
#2113=DIRECTION('',(0.,0.,1.));
#2114=DIRECTION('',(0.866025403784438,-0.5,0.));
#2115=DIRECTION('',(0.5,0.866025403784439,0.));
#2116=DIRECTION('',(0.5,0.866025403784438,0.));
#2117=DIRECTION('',(0.,0.,1.));
#2118=DIRECTION('',(0.866025403784439,0.5,0.));
#2119=DIRECTION('',(-0.5,0.866025403784439,0.));
#2120=DIRECTION('',(-0.5,0.866025403784439,0.));
#2121=DIRECTION('',(0.,0.,1.));
#2122=DIRECTION('',(0.,1.,0.));
#2123=DIRECTION('',(0.,0.,1.));
#2124=DIRECTION('',(-1.,0.,0.));
#2125=DIRECTION('',(0.,0.,1.));
#2126=DIRECTION('',(-0.866025403784439,0.5,0.));
#2127=DIRECTION('',(-0.5,-0.866025403784439,0.));
#2128=DIRECTION('',(-0.5,-0.866025403784439,0.));
#2129=DIRECTION('',(0.,0.,1.));
#2130=DIRECTION('',(-0.866025403784439,-0.5,0.));
#2131=DIRECTION('',(0.5,-0.866025403784439,0.));
#2132=DIRECTION('',(0.5,-0.866025403784439,0.));
#2133=DIRECTION('',(0.,0.,1.));
#2134=DIRECTION('',(1.,0.,0.));
#2135=DIRECTION('',(0.,-1.,0.));
#2136=DIRECTION('',(0.,0.,-1.));
#2137=DIRECTION('',(0.,0.,1.));
#2138=DIRECTION('',(1.,0.,0.));
#2139=DIRECTION('',(0.,0.,1.));
#2140=DIRECTION('',(0.866025403784439,-0.5,0.));
#2141=DIRECTION('',(0.5,0.866025403784439,0.));
#2142=DIRECTION('',(0.5,0.866025403784439,0.));
#2143=DIRECTION('',(0.,0.,1.));
#2144=DIRECTION('',(0.866025403784439,0.5,0.));
#2145=DIRECTION('',(-0.5,0.866025403784439,0.));
#2146=DIRECTION('',(-0.5,0.866025403784439,0.));
#2147=DIRECTION('',(0.,0.,1.));
#2148=DIRECTION('',(0.,1.,0.));
#2149=DIRECTION('',(0.,0.,1.));
#2150=DIRECTION('',(-1.,0.,0.));
#2151=DIRECTION('',(0.,0.,1.));
#2152=DIRECTION('',(-0.866025403784438,0.5,0.));
#2153=DIRECTION('',(-0.5,-0.866025403784439,0.));
#2154=DIRECTION('',(-0.5,-0.866025403784439,0.));
#2155=DIRECTION('',(0.,0.,1.));
#2156=DIRECTION('',(-0.866025403784438,-0.5,0.));
#2157=DIRECTION('',(0.5,-0.866025403784439,0.));
#2158=DIRECTION('',(0.5,-0.866025403784439,0.));
#2159=DIRECTION('',(0.,0.,1.));
#2160=DIRECTION('',(1.,0.,0.));
#2161=DIRECTION('',(0.,-1.,0.));
#2162=DIRECTION('',(0.,0.,-1.));
#2163=DIRECTION('',(0.,0.,1.));
#2164=DIRECTION('',(1.,0.,0.));
#2165=DIRECTION('',(0.,0.,1.));
#2166=DIRECTION('',(0.866025403784438,-0.5,0.));
#2167=DIRECTION('',(0.5,0.866025403784438,0.));
#2168=DIRECTION('',(0.5,0.866025403784438,0.));
#2169=DIRECTION('',(0.,0.,1.));
#2170=DIRECTION('',(0.866025403784439,0.5,0.));
#2171=DIRECTION('',(-0.5,0.866025403784439,0.));
#2172=DIRECTION('',(-0.5,0.866025403784439,0.));
#2173=DIRECTION('',(0.,0.,1.));
#2174=DIRECTION('',(0.,1.,0.));
#2175=DIRECTION('',(0.,0.,1.));
#2176=DIRECTION('',(-1.,0.,0.));
#2177=DIRECTION('',(0.,0.,1.));
#2178=DIRECTION('',(-0.866025403784438,0.5,0.));
#2179=DIRECTION('',(-0.5,-0.866025403784439,0.));
#2180=DIRECTION('',(-0.5,-0.866025403784439,0.));
#2181=DIRECTION('',(0.,0.,1.));
#2182=DIRECTION('',(-0.866025403784439,-0.5,0.));
#2183=DIRECTION('',(0.5,-0.866025403784439,0.));
#2184=DIRECTION('',(0.5,-0.866025403784439,0.));
#2185=DIRECTION('',(0.,0.,1.));
#2186=DIRECTION('',(1.,0.,0.));
#2187=DIRECTION('',(0.,-1.,0.));
#2188=DIRECTION('',(0.,0.,-1.));
#2189=DIRECTION('',(0.,0.,1.));
#2190=DIRECTION('',(1.,0.,0.));
#2191=DIRECTION('',(0.,0.,1.));
#2192=DIRECTION('',(0.866025403784438,-0.5,0.));
#2193=DIRECTION('',(0.5,0.866025403784438,0.));
#2194=DIRECTION('',(0.5,0.866025403784438,0.));
#2195=DIRECTION('',(0.,0.,1.));
#2196=DIRECTION('',(0.866025403784439,0.5,0.));
#2197=DIRECTION('',(-0.5,0.866025403784439,0.));
#2198=DIRECTION('',(-0.5,0.866025403784439,0.));
#2199=DIRECTION('',(0.,0.,1.));
#2200=DIRECTION('',(0.,1.,0.));
#2201=DIRECTION('',(0.,0.,1.));
#2202=DIRECTION('',(-1.,0.,0.));
#2203=DIRECTION('',(0.,0.,1.));
#2204=DIRECTION('',(-0.866025403784438,0.5,0.));
#2205=DIRECTION('',(-0.5,-0.866025403784438,0.));
#2206=DIRECTION('',(-0.5,-0.866025403784438,0.));
#2207=DIRECTION('',(0.,0.,1.));
#2208=DIRECTION('',(-0.866025403784439,-0.5,0.));
#2209=DIRECTION('',(0.5,-0.866025403784439,0.));
#2210=DIRECTION('',(0.5,-0.866025403784439,0.));
#2211=DIRECTION('',(0.,0.,1.));
#2212=DIRECTION('',(1.,0.,0.));
#2213=DIRECTION('',(0.,-1.,0.));
#2214=DIRECTION('',(0.,0.,-1.));
#2215=DIRECTION('',(0.,0.,1.));
#2216=DIRECTION('',(1.,0.,0.));
#2217=DIRECTION('',(-0.707106781186548,-0.707106781186548,0.));
#2218=DIRECTION('',(0.707106781186548,-0.707106781186548,0.));
#2219=DIRECTION('',(0.,0.,1.));
#2220=DIRECTION('',(0.707106781186548,-0.707106781186548,0.));
#2221=DIRECTION('',(1.,0.,0.));
#2222=DIRECTION('',(0.,0.,-1.));
#2223=DIRECTION('',(0.,0.,1.));
#2224=DIRECTION('',(0.,1.,0.));
#2225=DIRECTION('',(-0.707106781186548,0.707106781186548,0.));
#2226=DIRECTION('',(-0.707106781186548,-0.707106781186548,0.));
#2227=DIRECTION('',(0.,0.,1.));
#2228=DIRECTION('',(-0.707106781186548,-0.707106781186548,0.));
#2229=DIRECTION('',(1.77141059053331E-15,1.,0.));
#2230=DIRECTION('',(-1.,1.77141059053331E-15,0.));
#2231=DIRECTION('',(-1.,1.77141059053331E-15,0.));
#2232=DIRECTION('',(0.,0.,1.));
#2233=DIRECTION('',(1.,0.,0.));
#2234=DIRECTION('',(0.,1.,0.));
#2235=DIRECTION('',(0.,0.,1.));
#2236=DIRECTION('',(-1.,0.,0.));
#2237=DIRECTION('',(0.,0.,1.));
#2238=DIRECTION('',(1.77141059053331E-15,-1.,0.));
#2239=DIRECTION('',(1.,1.77141059053331E-15,0.));
#2240=DIRECTION('',(0.,0.,1.));
#2241=DIRECTION('',(1.,1.77141059053331E-15,0.));
#2242=DIRECTION('',(-0.707106781186548,-0.707106781186548,0.));
#2243=DIRECTION('',(0.707106781186548,-0.707106781186548,0.));
#2244=DIRECTION('',(0.,0.,1.));
#2245=DIRECTION('',(0.707106781186548,-0.707106781186548,0.));
#2246=DIRECTION('',(1.,0.,0.));
#2247=DIRECTION('',(0.,0.,-1.));
#2248=DIRECTION('',(0.,0.,1.));
#2249=DIRECTION('',(0.,1.,0.));
#2250=DIRECTION('',(-0.707106781186548,0.707106781186548,0.));
#2251=DIRECTION('',(-0.707106781186548,-0.707106781186548,0.));
#2252=DIRECTION('',(-0.707106781186548,-0.707106781186548,0.));
#2253=DIRECTION('',(0.,0.,1.));
#2254=DIRECTION('',(1.,0.,0.));
#2255=DIRECTION('',(0.,0.,1.));
#2256=DIRECTION('',(1.,0.,0.));
#2257=DIRECTION('',(0.,0.,1.));
#2258=DIRECTION('',(1.,0.,0.));
#2259=DIRECTION('',(0.,0.,1.));
#2260=DIRECTION('',(1.,0.,0.));
#2261=DIRECTION('',(0.,0.,1.));
#2262=DIRECTION('',(1.,0.,0.));
#2263=DIRECTION('',(0.,0.,1.));
#2264=DIRECTION('',(1.,0.,0.));
#2265=DIRECTION('',(0.,0.,1.));
#2266=DIRECTION('',(1.,0.,0.));
#2267=CARTESIAN_POINT('',(0.,0.,0.));
#2268=CARTESIAN_POINT('',(6.93889390390723E-18,-0.03,-0.016));
#2269=CARTESIAN_POINT('',(0.0555,0.0025,-0.016));
#2270=CARTESIAN_POINT('',(0.0555,0.0425,-0.016));
#2271=CARTESIAN_POINT('',(0.0555,0.0326,-0.016));
#2272=CARTESIAN_POINT('',(0.0475,0.0425,-0.016));
#2273=CARTESIAN_POINT('',(0.0475,0.0505,-0.016));
#2274=CARTESIAN_POINT('',(0.0455,0.0505,-0.016));
#2275=CARTESIAN_POINT('',(0.0435,0.0505,-0.016));
#2276=CARTESIAN_POINT('',(0.0435,0.0425,-0.016));
#2277=CARTESIAN_POINT('',(0.0355,0.0425,-0.016));
#2278=CARTESIAN_POINT('',(0.0355,0.02,-0.016));
#2279=CARTESIAN_POINT('',(0.0355,-0.0105,-0.016));
#2280=CARTESIAN_POINT('',(0.0105,-0.0105,-0.016));
#2281=CARTESIAN_POINT('',(0.0105,-0.0355,-0.016));
#2282=CARTESIAN_POINT('',(6.93889390390723E-18,-0.0355,-0.016));
#2283=CARTESIAN_POINT('',(-0.0105,-0.0355,-0.016));
#2284=CARTESIAN_POINT('',(-0.0105,-0.0105,-0.016));
#2285=CARTESIAN_POINT('',(-0.0355,-0.0105,-0.016));
#2286=CARTESIAN_POINT('',(-0.0355,0.02,-0.016));
#2287=CARTESIAN_POINT('',(-0.0355,0.0425,-0.016));
#2288=CARTESIAN_POINT('',(-0.0435,0.0425,-0.016));
#2289=CARTESIAN_POINT('',(-0.0435,0.0505,-0.016));
#2290=CARTESIAN_POINT('',(-0.0455,0.0505,-0.016));
#2291=CARTESIAN_POINT('',(-0.0475,0.0505,-0.016));
#2292=CARTESIAN_POINT('',(-0.0475,0.0425,-0.016));
#2293=CARTESIAN_POINT('',(-0.0555,0.0425,-0.016));
#2294=CARTESIAN_POINT('',(-0.0555,0.0025,-0.016));
#2295=CARTESIAN_POINT('',(-0.0555,0.0326,-0.016));
#2296=CARTESIAN_POINT('',(-0.0545207106781186,0.0326,-0.016));
#2297=CARTESIAN_POINT('',(-0.0535414213562373,0.0326,-0.016));
#2298=CARTESIAN_POINT('',(-0.0509707106781187,0.0351707106781187,-0.016));
#2299=CARTESIAN_POINT('',(-0.0484,0.0377414213562373,-0.016));
#2300=CARTESIAN_POINT('',(-0.0484,0.0285,-0.016));
#2301=CARTESIAN_POINT('',(-0.0484,0.0192585786437627,-0.016));
#2302=CARTESIAN_POINT('',(-0.0509707106781187,0.0218292893218813,-0.016));
#2303=CARTESIAN_POINT('',(-0.0535414213562373,0.0244,-0.016));
#2304=CARTESIAN_POINT('',(-0.0545207106781187,0.0244,-0.016));
#2305=CARTESIAN_POINT('',(-0.0555,0.0244,-0.016));
#2306=CARTESIAN_POINT('',(-0.0555,0.0025,-0.016));
#2307=CARTESIAN_POINT('',(-0.0555,-0.0455,-0.016));
#2308=CARTESIAN_POINT('',(0.,-0.0455,-0.016));
#2309=CARTESIAN_POINT('',(0.0555,-0.0455,-0.016));
#2310=CARTESIAN_POINT('',(0.0555,0.0025,-0.016));
#2311=CARTESIAN_POINT('',(0.0555,0.0244,-0.016));
#2312=CARTESIAN_POINT('',(0.0545207106781187,0.0244,-0.016));
#2313=CARTESIAN_POINT('',(0.0535414213562373,0.0244,-0.016));
#2314=CARTESIAN_POINT('',(0.0509707106781187,0.0218292893218813,-0.016));
#2315=CARTESIAN_POINT('',(0.0484,0.0192585786437627,-0.016));
#2316=CARTESIAN_POINT('',(0.0484,0.0285,-0.016));
#2317=CARTESIAN_POINT('',(0.0484,0.0377414213562373,-0.016));
#2318=CARTESIAN_POINT('',(0.0509707106781186,0.0351707106781187,-0.016));
#2319=CARTESIAN_POINT('',(0.0535414213562373,0.0326,-0.016));
#2320=CARTESIAN_POINT('',(0.0545207106781186,0.0326,-0.016));
#2321=CARTESIAN_POINT('',(-0.0425,-0.0355,-0.016));
#2322=CARTESIAN_POINT('',(-0.0405,-0.0355,-0.016));
#2323=CARTESIAN_POINT('',(0.0425,-0.0355,-0.016));
#2324=CARTESIAN_POINT('',(0.0445,-0.0355,-0.016));
#2325=CARTESIAN_POINT('',(0.0495,0.0425,-0.016));
#2326=CARTESIAN_POINT('',(0.0515,0.0425,-0.016));
#2327=CARTESIAN_POINT('',(-0.0495,0.0425,-0.016));
#2328=CARTESIAN_POINT('',(-0.0475,0.0425,-0.016));
#2329=CARTESIAN_POINT('',(-0.0555,0.0025,-0.026));
#2330=CARTESIAN_POINT('',(-0.0555,0.0025,-0.026));
#2331=CARTESIAN_POINT('',(-0.0555,-0.0575,-0.026));
#2332=CARTESIAN_POINT('',(-0.0555,0.0425,-0.026));
#2333=CARTESIAN_POINT('',(-0.0555,-0.0575,-0.026));
#2334=CARTESIAN_POINT('',(-0.0555,-0.0575,-0.009));
#2335=CARTESIAN_POINT('',(-0.0555,-0.0555,-0.009));
#2336=CARTESIAN_POINT('',(-0.0555,-0.0455,-0.009));
#2337=CARTESIAN_POINT('',(-0.0555,-0.0455,-0.016));
#2338=CARTESIAN_POINT('',(-0.0555,0.0244,-0.021));
#2339=CARTESIAN_POINT('',(-0.0555,0.0244,-0.021));
#2340=CARTESIAN_POINT('',(-0.0555,0.0025,-0.021));
#2341=CARTESIAN_POINT('',(-0.0555,0.0326,-0.021));
#2342=CARTESIAN_POINT('',(-0.0555,0.0326,-0.021));
#2343=CARTESIAN_POINT('',(-0.0555,0.0425,-0.026));
#2344=CARTESIAN_POINT('',(6.93889390390723E-18,-0.0655,-0.026));
#2345=CARTESIAN_POINT('',(6.93889390390723E-18,-0.0655,-0.026));
#2346=CARTESIAN_POINT('',(0.0475,-0.0655,-0.026));
#2347=CARTESIAN_POINT('',(-0.0475,-0.0655,-0.026));
#2348=CARTESIAN_POINT('',(0.0475,-0.0655,-0.026));
#2349=CARTESIAN_POINT('',(0.0475,-0.0655,-0.009));
#2350=CARTESIAN_POINT('',(6.93889390390723E-18,-0.0655,-0.009));
#2351=CARTESIAN_POINT('',(-0.0475,-0.0655,-0.009));
#2352=CARTESIAN_POINT('',(-0.0475,-0.0655,-0.026));
#2353=CARTESIAN_POINT('',(0.0555,0.0025,-0.026));
#2354=CARTESIAN_POINT('',(0.0555,-0.0555,-0.009));
#2355=CARTESIAN_POINT('',(0.0555,-0.0455,-0.009));
#2356=CARTESIAN_POINT('',(0.0555,-0.0575,-0.009));
#2357=CARTESIAN_POINT('',(0.0555,-0.0575,-0.026));
#2358=CARTESIAN_POINT('',(0.0555,-0.0575,-0.026));
#2359=CARTESIAN_POINT('',(0.0555,0.0025,-0.026));
#2360=CARTESIAN_POINT('',(0.0555,0.0425,-0.026));
#2361=CARTESIAN_POINT('',(0.0555,0.0425,-0.026));
#2362=CARTESIAN_POINT('',(0.0555,0.0326,-0.021));
#2363=CARTESIAN_POINT('',(0.0555,0.0326,-0.021));
#2364=CARTESIAN_POINT('',(0.0555,0.0025,-0.021));
#2365=CARTESIAN_POINT('',(0.0555,0.0244,-0.021));
#2366=CARTESIAN_POINT('',(0.0555,0.0244,-0.021));
#2367=CARTESIAN_POINT('',(0.0555,-0.0455,-0.016));
#2368=CARTESIAN_POINT('',(0.0455,0.0505,-0.026));
#2369=CARTESIAN_POINT('',(0.0475,0.0505,-0.026));
#2370=CARTESIAN_POINT('',(0.0475,0.0505,-0.026));
#2371=CARTESIAN_POINT('',(0.0455,0.0505,-0.026));
#2372=CARTESIAN_POINT('',(0.0435,0.0505,-0.026));
#2373=CARTESIAN_POINT('',(0.0435,0.0505,-0.026));
#2374=CARTESIAN_POINT('',(0.0355,0.02,-0.026));
#2375=CARTESIAN_POINT('',(0.0355,0.0425,-0.026));
#2376=CARTESIAN_POINT('',(0.0355,0.0425,-0.026));
#2377=CARTESIAN_POINT('',(0.0355,0.02,-0.026));
#2378=CARTESIAN_POINT('',(0.0355,-0.0105,-0.026));
#2379=CARTESIAN_POINT('',(0.0355,-0.0105,-0.026));
#2380=CARTESIAN_POINT('',(0.0105,-0.0105,-0.026));
#2381=CARTESIAN_POINT('',(0.0105,-0.0105,-0.026));
#2382=CARTESIAN_POINT('',(0.0105,-0.0355,-0.026));
#2383=CARTESIAN_POINT('',(0.0105,-0.0355,-0.026));
#2384=CARTESIAN_POINT('',(6.93889390390723E-18,-0.0355,-0.026));
#2385=CARTESIAN_POINT('',(6.93889390390723E-18,-0.0355,-0.026));
#2386=CARTESIAN_POINT('',(-0.0105,-0.0355,-0.026));
#2387=CARTESIAN_POINT('',(-0.0105,-0.0355,-0.026));
#2388=CARTESIAN_POINT('',(-0.0105,-0.0105,-0.026));
#2389=CARTESIAN_POINT('',(-0.0105,-0.0105,-0.026));
#2390=CARTESIAN_POINT('',(-0.0355,-0.0105,-0.026));
#2391=CARTESIAN_POINT('',(-0.0355,-0.0105,-0.026));
#2392=CARTESIAN_POINT('',(-0.0355,0.02,-0.026));
#2393=CARTESIAN_POINT('',(-0.0355,0.02,-0.026));
#2394=CARTESIAN_POINT('',(-0.0355,0.0425,-0.026));
#2395=CARTESIAN_POINT('',(-0.0355,0.0425,-0.026));
#2396=CARTESIAN_POINT('',(0.0425,-0.0355,-0.026));
#2397=CARTESIAN_POINT('',(0.0425,-0.0355,-0.022));
#2398=CARTESIAN_POINT('',(0.0445,-0.0355,-0.022));
#2399=CARTESIAN_POINT('',(0.,-0.0555,-0.026));
#2400=CARTESIAN_POINT('',(0.,-0.0555,-0.022));
#2401=CARTESIAN_POINT('',(0.002,-0.0555,-0.022));
#2402=CARTESIAN_POINT('',(0.,-0.0555,-0.009));
#2403=CARTESIAN_POINT('',(0.002,-0.0555,-0.009));
#2404=CARTESIAN_POINT('',(-0.0355,-0.0555,-0.026));
#2405=CARTESIAN_POINT('',(-0.0355,-0.0555,-0.022));
#2406=CARTESIAN_POINT('',(-0.0335,-0.0555,-0.022));
#2407=CARTESIAN_POINT('',(-0.0355,-0.0555,-0.009));
#2408=CARTESIAN_POINT('',(-0.0335,-0.0555,-0.009));
#2409=CARTESIAN_POINT('',(0.0355,-0.0555,-0.026));
#2410=CARTESIAN_POINT('',(0.0355,-0.0555,-0.022));
#2411=CARTESIAN_POINT('',(0.0375,-0.0555,-0.022));
#2412=CARTESIAN_POINT('',(0.0355,-0.0555,-0.009));
#2413=CARTESIAN_POINT('',(0.0375,-0.0555,-0.009));
#2414=CARTESIAN_POINT('',(0.0495,0.0425,-0.026));
#2415=CARTESIAN_POINT('',(0.0495,0.0425,-0.022));
#2416=CARTESIAN_POINT('',(0.0515,0.0425,-0.022));
#2417=CARTESIAN_POINT('',(-0.0495,0.0425,-0.026));
#2418=CARTESIAN_POINT('',(-0.0495,0.0425,-0.022));
#2419=CARTESIAN_POINT('',(-0.0475,0.0425,-0.022));
#2420=CARTESIAN_POINT('',(-0.0455,0.0505,-0.026));
#2421=CARTESIAN_POINT('',(-0.0455,0.0505,-0.026));
#2422=CARTESIAN_POINT('',(-0.0475,0.0505,-0.026));
#2423=CARTESIAN_POINT('',(-0.0435,0.0505,-0.026));
#2424=CARTESIAN_POINT('',(-0.0475,0.0505,-0.026));
#2425=CARTESIAN_POINT('',(-0.0435,0.0505,-0.026));
#2426=CARTESIAN_POINT('',(-0.0425,-0.0355,-0.026));
#2427=CARTESIAN_POINT('',(-0.0425,-0.0355,-0.022));
#2428=CARTESIAN_POINT('',(-0.0405,-0.0355,-0.022));
#2429=CARTESIAN_POINT('',(6.93889390390723E-18,-0.03,-0.026));
#2430=CARTESIAN_POINT('',(0.0653574281633727,0.00773412874366473,-0.026));
#2431=CARTESIAN_POINT('',(0.0452853430349157,0.0425,-0.026));
#2432=CARTESIAN_POINT('',(0.0473926715174579,0.03885,-0.026));
#2433=CARTESIAN_POINT('',(6.93889390390723E-18,0.03885,-0.026));
#2434=CARTESIAN_POINT('',(0.0516073284825421,0.03885,-0.026));
#2435=CARTESIAN_POINT('',(0.00889257183662724,-0.0351341287436649,-0.026));
#2436=CARTESIAN_POINT('',(0.0537146569650843,0.0425,-0.026));
#2437=CARTESIAN_POINT('',(0.0716794136109991,0.0113841287436648,-0.026));
#2438=CARTESIAN_POINT('',(0.0516073284825422,0.04615,-0.026));
#2439=CARTESIAN_POINT('',(6.93889390390723E-18,0.04615,-0.026));
#2440=CARTESIAN_POINT('',(0.0473926715174579,0.04615,-0.026));
#2441=CARTESIAN_POINT('',(0.00257058638900082,-0.0314841287436649,-0.026));
#2442=CARTESIAN_POINT('',(-0.00889257183662729,-0.0351341287436649,-0.026));
#2443=CARTESIAN_POINT('',(-0.0537146569650843,0.0425,-0.026));
#2444=CARTESIAN_POINT('',(-0.0516073284825421,0.03885,-0.026));
#2445=CARTESIAN_POINT('',(6.93889390390723E-18,0.03885,-0.026));
#2446=CARTESIAN_POINT('',(-0.0473926715174579,0.03885,-0.026));
#2447=CARTESIAN_POINT('',(-0.0653574281633727,0.00773412874366494,-0.026));
#2448=CARTESIAN_POINT('',(-0.0452853430349157,0.0425,-0.026));
#2449=CARTESIAN_POINT('',(-0.00257058638900096,-0.0314841287436649,-0.026));
#2450=CARTESIAN_POINT('',(-0.0473926715174578,0.04615,-0.026));
#2451=CARTESIAN_POINT('',(6.93889390390723E-18,0.04615,-0.026));
#2452=CARTESIAN_POINT('',(-0.0516073284825421,0.04615,-0.026));
#2453=CARTESIAN_POINT('',(-0.0716794136109991,0.0113841287436649,-0.026));
#2454=CARTESIAN_POINT('',(0.0263324374157796,-0.0147969601695807,-0.026));
#2455=CARTESIAN_POINT('',(0.0382853430349158,-0.0355,-0.026));
#2456=CARTESIAN_POINT('',(0.0403926715174579,-0.03915,-0.026));
#2457=CARTESIAN_POINT('',(6.93889390390723E-18,-0.03915,-0.026));
#2458=CARTESIAN_POINT('',(0.0446073284825421,-0.03915,-0.026));
#2459=CARTESIAN_POINT('',(0.0374175625842204,-0.0516030398304193,-0.026));
#2460=CARTESIAN_POINT('',(0.0467146569650843,-0.0355,-0.026));
#2461=CARTESIAN_POINT('',(0.0326544228634061,-0.0111469601695807,-0.026));
#2462=CARTESIAN_POINT('',(0.0446073284825421,-0.03185,-0.026));
#2463=CARTESIAN_POINT('',(6.93889390390723E-18,-0.03185,-0.026));
#2464=CARTESIAN_POINT('',(0.0403926715174579,-0.03185,-0.026));
#2465=CARTESIAN_POINT('',(0.031095577136594,-0.0479530398304194,-0.026));
#2466=CARTESIAN_POINT('',(-0.0408278166220648,-0.0535719509171738,-0.026));
#2467=CARTESIAN_POINT('',(-0.0397146569650842,-0.0555,-0.026));
#2468=CARTESIAN_POINT('',(-0.0376073284825421,-0.05915,-0.026));
#2469=CARTESIAN_POINT('',(6.93889390390723E-18,-0.05915,-0.026));
#2470=CARTESIAN_POINT('',(-0.0333926715174578,-0.05915,-0.026));
#2471=CARTESIAN_POINT('',(-0.0124221833779352,-0.0228280490828262,-0.026));
#2472=CARTESIAN_POINT('',(-0.0312853430349157,-0.0555,-0.026));
#2473=CARTESIAN_POINT('',(-0.0345058311744384,-0.0499219509171738,-0.026));
#2474=CARTESIAN_POINT('',(-0.0333926715174578,-0.05185,-0.026));
#2475=CARTESIAN_POINT('',(6.93889390390723E-18,-0.05185,-0.026));
#2476=CARTESIAN_POINT('',(-0.0376073284825421,-0.05185,-0.026));
#2477=CARTESIAN_POINT('',(-0.0187441688255616,-0.0191780490828262,-0.026));
#2478=CARTESIAN_POINT('',(0.0124221833779353,-0.0228280490828262,-0.026));
#2479=CARTESIAN_POINT('',(0.0312853430349158,-0.0555,-0.026));
#2480=CARTESIAN_POINT('',(0.0333926715174578,-0.05915,-0.026));
#2481=CARTESIAN_POINT('',(6.93889390390723E-18,-0.05915,-0.026));
#2482=CARTESIAN_POINT('',(0.0376073284825421,-0.05915,-0.026));
#2483=CARTESIAN_POINT('',(0.0408278166220647,-0.0535719509171739,-0.026));
#2484=CARTESIAN_POINT('',(0.0397146569650843,-0.0555,-0.026));
#2485=CARTESIAN_POINT('',(0.0187441688255617,-0.0191780490828262,-0.026));
#2486=CARTESIAN_POINT('',(0.0376073284825421,-0.05185,-0.026));
#2487=CARTESIAN_POINT('',(-6.50075696191761E-17,-0.05185,-0.026));
#2488=CARTESIAN_POINT('',(0.0333926715174579,-0.05185,-0.026));
#2489=CARTESIAN_POINT('',(0.0345058311744384,-0.0499219509171738,-0.026));
#2490=CARTESIAN_POINT('',(6.93889390390723E-18,-0.05915,-0.026));
#2491=CARTESIAN_POINT('',(-0.00210732848254213,-0.05915,-0.026));
#2492=CARTESIAN_POINT('',(0.00210732848254213,-0.05915,-0.026));
#2493=CARTESIAN_POINT('',(0.0142028166220648,-0.0382,-0.026));
#2494=CARTESIAN_POINT('',(0.00421465696508426,-0.0555,-0.026));
#2495=CARTESIAN_POINT('',(-0.00788083117443839,-0.03455,-0.026));
#2496=CARTESIAN_POINT('',(0.00210732848254214,-0.05185,-0.026));
#2497=CARTESIAN_POINT('',(6.93889390390723E-18,-0.05185,-0.026));
#2498=CARTESIAN_POINT('',(-0.00210732848254213,-0.05185,-0.026));
#2499=CARTESIAN_POINT('',(0.0078808311744384,-0.03455,-0.026));
#2500=CARTESIAN_POINT('',(-0.00421465696508426,-0.0555,-0.026));
#2501=CARTESIAN_POINT('',(-0.0142028166220648,-0.0382,-0.026));
#2502=CARTESIAN_POINT('',(-0.0374175625842205,-0.0516030398304193,-0.026));
#2503=CARTESIAN_POINT('',(-0.0467146569650843,-0.0355,-0.026));
#2504=CARTESIAN_POINT('',(-0.0446073284825421,-0.03915,-0.026));
#2505=CARTESIAN_POINT('',(6.93889390390723E-18,-0.03915,-0.026));
#2506=CARTESIAN_POINT('',(-0.0403926715174578,-0.03915,-0.026));
#2507=CARTESIAN_POINT('',(-0.0263324374157795,-0.0147969601695807,-0.026));
#2508=CARTESIAN_POINT('',(-0.0382853430349157,-0.0355,-0.026));
#2509=CARTESIAN_POINT('',(-0.031095577136594,-0.0479530398304193,-0.026));
#2510=CARTESIAN_POINT('',(-0.0403926715174578,-0.03185,-0.026));
#2511=CARTESIAN_POINT('',(6.93889390390723E-18,-0.03185,-0.026));
#2512=CARTESIAN_POINT('',(-0.0446073284825421,-0.03185,-0.026));
#2513=CARTESIAN_POINT('',(-0.0326544228634059,-0.0111469601695807,-0.026));
#2514=CARTESIAN_POINT('',(0.0475,-0.0575,-0.026));
#2515=CARTESIAN_POINT('',(-0.0475,-0.0575,-0.026));
#2516=CARTESIAN_POINT('',(-0.0475,0.0425,-0.026));
#2517=CARTESIAN_POINT('',(-0.0435,0.0425,-0.026));
#2518=CARTESIAN_POINT('',(0.0435,0.0425,-0.026));
#2519=CARTESIAN_POINT('',(0.0475,0.0425,-0.026));
#2520=CARTESIAN_POINT('',(0.,-0.0455,-0.016));
#2521=CARTESIAN_POINT('',(0.,-0.0455,-0.009));
#2522=CARTESIAN_POINT('',(6.93889390390723E-18,-0.03,-0.009));
#2523=CARTESIAN_POINT('',(0.0475,-0.0575,-0.009));
#2524=CARTESIAN_POINT('',(-0.0475,-0.0575,-0.009));
#2525=CARTESIAN_POINT('',(-0.0425,-0.03915,-0.028));
#2526=CARTESIAN_POINT('',(-0.0446073284825421,-0.03915,-0.028));
#2527=CARTESIAN_POINT('',(-0.0446073284825421,-0.03915,-0.022));
#2528=CARTESIAN_POINT('',(-0.0425,-0.03915,-0.022));
#2529=CARTESIAN_POINT('',(-0.0403926715174578,-0.03915,-0.022));
#2530=CARTESIAN_POINT('',(-0.0403926715174578,-0.03915,-0.028));
#2531=CARTESIAN_POINT('',(-0.0393390072761868,-0.037325,-0.028));
#2532=CARTESIAN_POINT('',(-0.0393390072761868,-0.037325,-0.022));
#2533=CARTESIAN_POINT('',(-0.0382853430349157,-0.0355,-0.022));
#2534=CARTESIAN_POINT('',(-0.0382853430349157,-0.0355,-0.028));
#2535=CARTESIAN_POINT('',(-0.0393390072761868,-0.033675,-0.028));
#2536=CARTESIAN_POINT('',(-0.0393390072761868,-0.033675,-0.022));
#2537=CARTESIAN_POINT('',(-0.0403926715174578,-0.03185,-0.022));
#2538=CARTESIAN_POINT('',(-0.0403926715174578,-0.03185,-0.028));
#2539=CARTESIAN_POINT('',(-0.0425,-0.03185,-0.028));
#2540=CARTESIAN_POINT('',(-0.0425,-0.03185,-0.022));
#2541=CARTESIAN_POINT('',(-0.0446073284825421,-0.03185,-0.022));
#2542=CARTESIAN_POINT('',(-0.0446073284825421,-0.03185,-0.028));
#2543=CARTESIAN_POINT('',(-0.0456609927238132,-0.033675,-0.028));
#2544=CARTESIAN_POINT('',(-0.0456609927238132,-0.033675,-0.022));
#2545=CARTESIAN_POINT('',(-0.0467146569650843,-0.0355,-0.022));
#2546=CARTESIAN_POINT('',(-0.0467146569650843,-0.0355,-0.028));
#2547=CARTESIAN_POINT('',(-0.0456609927238132,-0.037325,-0.028));
#2548=CARTESIAN_POINT('',(-0.0456609927238132,-0.037325,-0.022));
#2549=CARTESIAN_POINT('',(6.93889390390723E-18,-0.03,-0.022));
#2550=CARTESIAN_POINT('',(0.0031609927238132,-0.057325,-0.028));
#2551=CARTESIAN_POINT('',(0.00210732848254213,-0.05915,-0.028));
#2552=CARTESIAN_POINT('',(0.00210732848254213,-0.05915,-0.022));
#2553=CARTESIAN_POINT('',(0.0031609927238132,-0.057325,-0.022));
#2554=CARTESIAN_POINT('',(0.00421465696508426,-0.0555,-0.022));
#2555=CARTESIAN_POINT('',(0.00421465696508426,-0.0555,-0.028));
#2556=CARTESIAN_POINT('',(0.0031609927238132,-0.053675,-0.028));
#2557=CARTESIAN_POINT('',(0.0031609927238132,-0.053675,-0.022));
#2558=CARTESIAN_POINT('',(0.00210732848254214,-0.05185,-0.022));
#2559=CARTESIAN_POINT('',(0.00210732848254214,-0.05185,-0.028));
#2560=CARTESIAN_POINT('',(1.0842021724855E-18,-0.05185,-0.028));
#2561=CARTESIAN_POINT('',(1.0842021724855E-18,-0.05185,-0.022));
#2562=CARTESIAN_POINT('',(-0.00210732848254213,-0.05185,-0.022));
#2563=CARTESIAN_POINT('',(-0.00210732848254213,-0.05185,-0.028));
#2564=CARTESIAN_POINT('',(-0.0031609927238132,-0.053675,-0.028));
#2565=CARTESIAN_POINT('',(-0.0031609927238132,-0.053675,-0.022));
#2566=CARTESIAN_POINT('',(-0.00421465696508426,-0.0555,-0.022));
#2567=CARTESIAN_POINT('',(-0.00421465696508426,-0.0555,-0.028));
#2568=CARTESIAN_POINT('',(-0.0031609927238132,-0.057325,-0.028));
#2569=CARTESIAN_POINT('',(-0.0031609927238132,-0.057325,-0.022));
#2570=CARTESIAN_POINT('',(-0.00210732848254213,-0.05915,-0.022));
#2571=CARTESIAN_POINT('',(-0.00210732848254213,-0.05915,-0.028));
#2572=CARTESIAN_POINT('',(0.,-0.05915,-0.028));
#2573=CARTESIAN_POINT('',(0.,-0.05915,-0.022));
#2574=CARTESIAN_POINT('',(6.93889390390723E-18,-0.03,-0.022));
#2575=CARTESIAN_POINT('',(0.0355,-0.05915,-0.028));
#2576=CARTESIAN_POINT('',(0.0333926715174579,-0.05915,-0.028));
#2577=CARTESIAN_POINT('',(0.0333926715174579,-0.05915,-0.022));
#2578=CARTESIAN_POINT('',(0.0355,-0.05915,-0.022));
#2579=CARTESIAN_POINT('',(0.0376073284825421,-0.05915,-0.022));
#2580=CARTESIAN_POINT('',(0.0376073284825421,-0.05915,-0.028));
#2581=CARTESIAN_POINT('',(0.0386609927238132,-0.057325,-0.028));
#2582=CARTESIAN_POINT('',(0.0386609927238132,-0.057325,-0.022));
#2583=CARTESIAN_POINT('',(0.0397146569650843,-0.0555,-0.022));
#2584=CARTESIAN_POINT('',(0.0397146569650843,-0.0555,-0.028));
#2585=CARTESIAN_POINT('',(0.0386609927238133,-0.053675,-0.028));
#2586=CARTESIAN_POINT('',(0.0386609927238133,-0.053675,-0.022));
#2587=CARTESIAN_POINT('',(0.0376073284825421,-0.05185,-0.022));
#2588=CARTESIAN_POINT('',(0.0376073284825421,-0.05185,-0.028));
#2589=CARTESIAN_POINT('',(0.0355,-0.05185,-0.028));
#2590=CARTESIAN_POINT('',(0.0355,-0.05185,-0.022));
#2591=CARTESIAN_POINT('',(0.0333926715174579,-0.05185,-0.022));
#2592=CARTESIAN_POINT('',(0.0333926715174579,-0.05185,-0.028));
#2593=CARTESIAN_POINT('',(0.0323390072761868,-0.053675,-0.028));
#2594=CARTESIAN_POINT('',(0.0323390072761868,-0.053675,-0.022));
#2595=CARTESIAN_POINT('',(0.0312853430349158,-0.0555,-0.022));
#2596=CARTESIAN_POINT('',(0.0312853430349158,-0.0555,-0.028));
#2597=CARTESIAN_POINT('',(0.0323390072761868,-0.057325,-0.028));
#2598=CARTESIAN_POINT('',(0.0323390072761868,-0.057325,-0.022));
#2599=CARTESIAN_POINT('',(6.93889390390723E-18,-0.03,-0.022));
#2600=CARTESIAN_POINT('',(-0.0355,-0.05915,-0.028));
#2601=CARTESIAN_POINT('',(-0.0376073284825421,-0.05915,-0.028));
#2602=CARTESIAN_POINT('',(-0.0376073284825421,-0.05915,-0.022));
#2603=CARTESIAN_POINT('',(-0.0355,-0.05915,-0.022));
#2604=CARTESIAN_POINT('',(-0.0333926715174578,-0.05915,-0.022));
#2605=CARTESIAN_POINT('',(-0.0333926715174578,-0.05915,-0.028));
#2606=CARTESIAN_POINT('',(-0.0323390072761868,-0.057325,-0.028));
#2607=CARTESIAN_POINT('',(-0.0323390072761868,-0.057325,-0.022));
#2608=CARTESIAN_POINT('',(-0.0312853430349157,-0.0555,-0.022));
#2609=CARTESIAN_POINT('',(-0.0312853430349157,-0.0555,-0.028));
#2610=CARTESIAN_POINT('',(-0.0323390072761868,-0.053675,-0.028));
#2611=CARTESIAN_POINT('',(-0.0323390072761868,-0.053675,-0.022));
#2612=CARTESIAN_POINT('',(-0.0333926715174578,-0.05185,-0.022));
#2613=CARTESIAN_POINT('',(-0.0333926715174578,-0.05185,-0.028));
#2614=CARTESIAN_POINT('',(-0.0355,-0.05185,-0.028));
#2615=CARTESIAN_POINT('',(-0.0355,-0.05185,-0.022));
#2616=CARTESIAN_POINT('',(-0.0376073284825421,-0.05185,-0.022));
#2617=CARTESIAN_POINT('',(-0.0376073284825421,-0.05185,-0.028));
#2618=CARTESIAN_POINT('',(-0.0386609927238132,-0.053675,-0.028));
#2619=CARTESIAN_POINT('',(-0.0386609927238132,-0.053675,-0.022));
#2620=CARTESIAN_POINT('',(-0.0397146569650842,-0.0555,-0.022));
#2621=CARTESIAN_POINT('',(-0.0397146569650842,-0.0555,-0.028));
#2622=CARTESIAN_POINT('',(-0.0386609927238132,-0.057325,-0.028));
#2623=CARTESIAN_POINT('',(-0.0386609927238132,-0.057325,-0.022));
#2624=CARTESIAN_POINT('',(6.93889390390723E-18,-0.03,-0.022));
#2625=CARTESIAN_POINT('',(0.0425,-0.03915,-0.028));
#2626=CARTESIAN_POINT('',(0.0403926715174579,-0.03915,-0.028));
#2627=CARTESIAN_POINT('',(0.0403926715174579,-0.03915,-0.022));
#2628=CARTESIAN_POINT('',(0.0425,-0.03915,-0.022));
#2629=CARTESIAN_POINT('',(0.0446073284825421,-0.03915,-0.022));
#2630=CARTESIAN_POINT('',(0.0446073284825421,-0.03915,-0.028));
#2631=CARTESIAN_POINT('',(0.0456609927238132,-0.037325,-0.028));
#2632=CARTESIAN_POINT('',(0.0456609927238132,-0.037325,-0.022));
#2633=CARTESIAN_POINT('',(0.0467146569650843,-0.0355,-0.022));
#2634=CARTESIAN_POINT('',(0.0467146569650843,-0.0355,-0.028));
#2635=CARTESIAN_POINT('',(0.0456609927238132,-0.033675,-0.028));
#2636=CARTESIAN_POINT('',(0.0456609927238132,-0.033675,-0.022));
#2637=CARTESIAN_POINT('',(0.0446073284825421,-0.03185,-0.022));
#2638=CARTESIAN_POINT('',(0.0446073284825421,-0.03185,-0.028));
#2639=CARTESIAN_POINT('',(0.0425,-0.03185,-0.028));
#2640=CARTESIAN_POINT('',(0.0425,-0.03185,-0.022));
#2641=CARTESIAN_POINT('',(0.0403926715174579,-0.03185,-0.022));
#2642=CARTESIAN_POINT('',(0.0403926715174579,-0.03185,-0.028));
#2643=CARTESIAN_POINT('',(0.0393390072761868,-0.033675,-0.028));
#2644=CARTESIAN_POINT('',(0.0393390072761868,-0.033675,-0.022));
#2645=CARTESIAN_POINT('',(0.0382853430349158,-0.0355,-0.022));
#2646=CARTESIAN_POINT('',(0.0382853430349158,-0.0355,-0.028));
#2647=CARTESIAN_POINT('',(0.0393390072761868,-0.037325,-0.028));
#2648=CARTESIAN_POINT('',(0.0393390072761868,-0.037325,-0.022));
#2649=CARTESIAN_POINT('',(6.93889390390723E-18,-0.03,-0.022));
#2650=CARTESIAN_POINT('',(-0.0495,0.03885,-0.028));
#2651=CARTESIAN_POINT('',(-0.0516073284825422,0.03885,-0.028));
#2652=CARTESIAN_POINT('',(-0.0516073284825422,0.03885,-0.022));
#2653=CARTESIAN_POINT('',(-0.0495,0.03885,-0.022));
#2654=CARTESIAN_POINT('',(-0.0473926715174579,0.03885,-0.022));
#2655=CARTESIAN_POINT('',(-0.0473926715174579,0.03885,-0.028));
#2656=CARTESIAN_POINT('',(-0.0463390072761868,0.040675,-0.028));
#2657=CARTESIAN_POINT('',(-0.0463390072761868,0.040675,-0.022));
#2658=CARTESIAN_POINT('',(-0.0452853430349157,0.0425,-0.022));
#2659=CARTESIAN_POINT('',(-0.0452853430349157,0.0425,-0.028));
#2660=CARTESIAN_POINT('',(-0.0463390072761868,0.044325,-0.028));
#2661=CARTESIAN_POINT('',(-0.0463390072761868,0.044325,-0.022));
#2662=CARTESIAN_POINT('',(-0.0473926715174578,0.04615,-0.022));
#2663=CARTESIAN_POINT('',(-0.0473926715174578,0.04615,-0.028));
#2664=CARTESIAN_POINT('',(-0.0495,0.04615,-0.028));
#2665=CARTESIAN_POINT('',(-0.0495,0.04615,-0.022));
#2666=CARTESIAN_POINT('',(-0.0516073284825421,0.04615,-0.022));
#2667=CARTESIAN_POINT('',(-0.0516073284825421,0.04615,-0.028));
#2668=CARTESIAN_POINT('',(-0.0526609927238132,0.044325,-0.028));
#2669=CARTESIAN_POINT('',(-0.0526609927238132,0.044325,-0.022));
#2670=CARTESIAN_POINT('',(-0.0537146569650843,0.0425,-0.022));
#2671=CARTESIAN_POINT('',(-0.0537146569650843,0.0425,-0.028));
#2672=CARTESIAN_POINT('',(-0.0526609927238132,0.040675,-0.028));
#2673=CARTESIAN_POINT('',(-0.0526609927238132,0.040675,-0.022));
#2674=CARTESIAN_POINT('',(6.93889390390723E-18,-0.03,-0.022));
#2675=CARTESIAN_POINT('',(0.0495,0.03885,-0.028));
#2676=CARTESIAN_POINT('',(0.0473926715174579,0.03885,-0.028));
#2677=CARTESIAN_POINT('',(0.0473926715174579,0.03885,-0.022));
#2678=CARTESIAN_POINT('',(0.0495,0.03885,-0.022));
#2679=CARTESIAN_POINT('',(0.0516073284825421,0.03885,-0.022));
#2680=CARTESIAN_POINT('',(0.0516073284825421,0.03885,-0.028));
#2681=CARTESIAN_POINT('',(0.0526609927238132,0.040675,-0.028));
#2682=CARTESIAN_POINT('',(0.0526609927238132,0.040675,-0.022));
#2683=CARTESIAN_POINT('',(0.0537146569650843,0.0425,-0.022));
#2684=CARTESIAN_POINT('',(0.0537146569650843,0.0425,-0.028));
#2685=CARTESIAN_POINT('',(0.0526609927238132,0.044325,-0.028));
#2686=CARTESIAN_POINT('',(0.0526609927238132,0.044325,-0.022));
#2687=CARTESIAN_POINT('',(0.0516073284825422,0.04615,-0.022));
#2688=CARTESIAN_POINT('',(0.0516073284825422,0.04615,-0.028));
#2689=CARTESIAN_POINT('',(0.0495,0.04615,-0.028));
#2690=CARTESIAN_POINT('',(0.0495,0.04615,-0.022));
#2691=CARTESIAN_POINT('',(0.0473926715174579,0.04615,-0.022));
#2692=CARTESIAN_POINT('',(0.0473926715174579,0.04615,-0.028));
#2693=CARTESIAN_POINT('',(0.0463390072761868,0.044325,-0.028));
#2694=CARTESIAN_POINT('',(0.0463390072761868,0.044325,-0.022));
#2695=CARTESIAN_POINT('',(0.0452853430349157,0.0425,-0.022));
#2696=CARTESIAN_POINT('',(0.0452853430349157,0.0425,-0.028));
#2697=CARTESIAN_POINT('',(0.0463390072761868,0.040675,-0.028));
#2698=CARTESIAN_POINT('',(0.0463390072761868,0.040675,-0.022));
#2699=CARTESIAN_POINT('',(6.93889390390723E-18,-0.03,-0.022));
#2700=CARTESIAN_POINT('',(0.0545207106781186,0.0326,-0.021));
#2701=CARTESIAN_POINT('',(0.0535414213562373,0.0326,-0.021));
#2702=CARTESIAN_POINT('',(0.0535414213562373,0.0326,-0.021));
#2703=CARTESIAN_POINT('',(0.0545207106781186,0.0326,-0.021));
#2704=CARTESIAN_POINT('',(0.0509707106781186,0.0351707106781187,-0.021));
#2705=CARTESIAN_POINT('',(0.0484,0.0377414213562373,-0.021));
#2706=CARTESIAN_POINT('',(0.0484,0.0377414213562373,-0.021));
#2707=CARTESIAN_POINT('',(0.0509707106781186,0.0351707106781187,-0.021));
#2708=CARTESIAN_POINT('',(0.0484,0.0285,-0.021));
#2709=CARTESIAN_POINT('',(0.0484,0.0192585786437627,-0.021));
#2710=CARTESIAN_POINT('',(0.0484,0.0192585786437627,-0.021));
#2711=CARTESIAN_POINT('',(0.0484,0.0285,-0.021));
#2712=CARTESIAN_POINT('',(0.0509707106781187,0.0218292893218813,-0.021));
#2713=CARTESIAN_POINT('',(0.0535414213562373,0.0244,-0.021));
#2714=CARTESIAN_POINT('',(0.0535414213562373,0.0244,-0.021));
#2715=CARTESIAN_POINT('',(0.0509707106781187,0.0218292893218813,-0.021));
#2716=CARTESIAN_POINT('',(0.0545207106781187,0.0244,-0.021));
#2717=CARTESIAN_POINT('',(0.0545207106781187,0.0244,-0.021));
#2718=CARTESIAN_POINT('',(0.,0.0025,-0.021));
#2719=CARTESIAN_POINT('',(-0.0545207106781186,0.0326,-0.021));
#2720=CARTESIAN_POINT('',(-0.0545207106781186,0.0326,-0.021));
#2721=CARTESIAN_POINT('',(-0.0535414213562373,0.0326,-0.021));
#2722=CARTESIAN_POINT('',(-0.0535414213562373,0.0326,-0.021));
#2723=CARTESIAN_POINT('',(-0.0545207106781187,0.0244,-0.021));
#2724=CARTESIAN_POINT('',(-0.0535414213562373,0.0244,-0.021));
#2725=CARTESIAN_POINT('',(-0.0535414213562373,0.0244,-0.021));
#2726=CARTESIAN_POINT('',(-0.0545207106781187,0.0244,-0.021));
#2727=CARTESIAN_POINT('',(-0.0509707106781187,0.0218292893218813,-0.021));
#2728=CARTESIAN_POINT('',(-0.0484,0.0192585786437627,-0.021));
#2729=CARTESIAN_POINT('',(-0.0484,0.0192585786437627,-0.021));
#2730=CARTESIAN_POINT('',(-0.0509707106781187,0.0218292893218813,-0.021));
#2731=CARTESIAN_POINT('',(-0.0484,0.0285,-0.021));
#2732=CARTESIAN_POINT('',(-0.0484,0.0377414213562373,-0.021));
#2733=CARTESIAN_POINT('',(-0.0484,0.0377414213562373,-0.021));
#2734=CARTESIAN_POINT('',(-0.0484,0.0285,-0.021));
#2735=CARTESIAN_POINT('',(-0.0509707106781187,0.0351707106781187,-0.021));
#2736=CARTESIAN_POINT('',(-0.0509707106781187,0.0351707106781187,-0.021));
#2737=CARTESIAN_POINT('',(0.,0.0025,-0.021));
#2738=CARTESIAN_POINT('',(0.0475,-0.0575,-0.026));
#2739=CARTESIAN_POINT('',(-0.0475,-0.0575,-0.026));
#2740=CARTESIAN_POINT('',(0.0475,0.0425,-0.026));
#2741=CARTESIAN_POINT('',(-0.0475,0.0425,-0.026));
#2742=CARTESIAN_POINT('',(-0.0435,0.0425,-0.026));
#2743=CARTESIAN_POINT('',(0.0435,0.0425,-0.026));
#2744=MECHANICAL_DESIGN_GEOMETRIC_PRESENTATION_REPRESENTATION('',(#1699),
#2745);
#2745=(
GEOMETRIC_REPRESENTATION_CONTEXT(3)
GLOBAL_UNCERTAINTY_ASSIGNED_CONTEXT((#2746))
GLOBAL_UNIT_ASSIGNED_CONTEXT((#2749,#2748,#2747))
REPRESENTATION_CONTEXT('lower_part','TOP_LEVEL_ASSEMBLY_PART')
);
#2746=UNCERTAINTY_MEASURE_WITH_UNIT(LENGTH_MEASURE(1.E-8),#2749,
'DISTANCE_ACCURACY_VALUE','Maximum Tolerance applied to model');
#2747=(
NAMED_UNIT(*)
SI_UNIT($,.STERADIAN.)
SOLID_ANGLE_UNIT()
);
#2748=(
NAMED_UNIT(*)
PLANE_ANGLE_UNIT()
SI_UNIT($,.RADIAN.)
);
#2749=(
LENGTH_UNIT()
NAMED_UNIT(*)
SI_UNIT($,.METRE.)
);
#2750=PRODUCT_DEFINITION_SHAPE('','',#2751);
#2751=PRODUCT_DEFINITION('','',#2753,#2752);
#2752=PRODUCT_DEFINITION_CONTEXT('',#2759,'design');
#2753=PRODUCT_DEFINITION_FORMATION_WITH_SPECIFIED_SOURCE('','',#2755,
 .NOT_KNOWN.);
#2754=PRODUCT_RELATED_PRODUCT_CATEGORY('','',(#2755));
#2755=PRODUCT('lower_part','lower_part','lower_part',(#2757));
#2756=PRODUCT_CATEGORY('','');
#2757=PRODUCT_CONTEXT('',#2759,'mechanical');
#2758=APPLICATION_PROTOCOL_DEFINITION('international standard',
'ap242_managed_model_based_3d_engineering',2020,#2759);
#2759=APPLICATION_CONTEXT('managed model based 3d engineering');
ENDSEC;
END-ISO-10303-21;
